"Model","Scenario","Category","total_cdr","total_re","Ambition","cdr_thresh","re_thresh","high_cdr","high_re","Pathway_overlap","high_cdr_only","high_re_only","Pathway_excl","threshold_label"
"AIM/CGE 2.0","SSP1-19","C1",0,NA,"1.5C (High-Ambition)",511882.90914693,2771556.31926819,FALSE,NA,"Low (both)",FALSE,NA,NA,"top_33pct"
"AIM/CGE 2.0","SSP1-26","C3",0,NA,"2C (Medium-Ambition)",466027.253460691,1932960.06221475,FALSE,NA,"Low (both)",FALSE,NA,NA,"top_33pct"
"AIM/CGE 2.0","SSP1-34","C3",0,NA,"2C (Medium-Ambition)",466027.253460691,1932960.06221475,FALSE,NA,"Low (both)",FALSE,NA,NA,"top_33pct"
"AIM/CGE 2.0","SSP1-45","C4",0,NA,"2C (Medium-Ambition)",466027.253460691,1932960.06221475,FALSE,NA,"Low (both)",FALSE,NA,NA,"top_33pct"
"AIM/CGE 2.0","SSP1-Baseline","C4",0,NA,"2C (Medium-Ambition)",466027.253460691,1932960.06221475,FALSE,NA,"Low (both)",FALSE,NA,NA,"top_33pct"
"AIM/CGE 2.0","SSP2-19","C1",0,NA,"1.5C (High-Ambition)",511882.90914693,2771556.31926819,FALSE,NA,"Low (both)",FALSE,NA,NA,"top_33pct"
"AIM/CGE 2.0","SSP2-26","C3",0,NA,"2C (Medium-Ambition)",466027.253460691,1932960.06221475,FALSE,NA,"Low (both)",FALSE,NA,NA,"top_33pct"
"AIM/CGE 2.0","SSP2-34","C3",0,NA,"2C (Medium-Ambition)",466027.253460691,1932960.06221475,FALSE,NA,"Low (both)",FALSE,NA,NA,"top_33pct"
"AIM/CGE 2.0","SSP2-45","C4",0,NA,"2C (Medium-Ambition)",466027.253460691,1932960.06221475,FALSE,NA,"Low (both)",FALSE,NA,NA,"top_33pct"
"AIM/CGE 2.0","SSP2-60","C4",0,NA,"2C (Medium-Ambition)",466027.253460691,1932960.06221475,FALSE,NA,"Low (both)",FALSE,NA,NA,"top_33pct"
"AIM/CGE 2.0","SSP2-Baseline","C4",0,NA,"2C (Medium-Ambition)",466027.253460691,1932960.06221475,FALSE,NA,"Low (both)",FALSE,NA,NA,"top_33pct"
"AIM/CGE 2.0","SSP3-34","C3",0,NA,"2C (Medium-Ambition)",466027.253460691,1932960.06221475,FALSE,NA,"Low (both)",FALSE,NA,NA,"top_33pct"
"AIM/CGE 2.0","SSP3-45","C3",0,NA,"2C (Medium-Ambition)",466027.253460691,1932960.06221475,FALSE,NA,"Low (both)",FALSE,NA,NA,"top_33pct"
"AIM/CGE 2.0","SSP3-60","C4",0,NA,"2C (Medium-Ambition)",466027.253460691,1932960.06221475,FALSE,NA,"Low (both)",FALSE,NA,NA,"top_33pct"
"AIM/CGE 2.0","SSP3-Baseline","C4",0,NA,"2C (Medium-Ambition)",466027.253460691,1932960.06221475,FALSE,NA,"Low (both)",FALSE,NA,NA,"top_33pct"
"AIM/CGE 2.0","SSP4-26","C3",0,NA,"2C (Medium-Ambition)",466027.253460691,1932960.06221475,FALSE,NA,"Low (both)",FALSE,NA,NA,"top_33pct"
"AIM/CGE 2.0","SSP4-34","C3",0,NA,"2C (Medium-Ambition)",466027.253460691,1932960.06221475,FALSE,NA,"Low (both)",FALSE,NA,NA,"top_33pct"
"AIM/CGE 2.0","SSP4-45","C4",0,NA,"2C (Medium-Ambition)",466027.253460691,1932960.06221475,FALSE,NA,"Low (both)",FALSE,NA,NA,"top_33pct"
"AIM/CGE 2.0","SSP4-Baseline","C4",0,NA,"2C (Medium-Ambition)",466027.253460691,1932960.06221475,FALSE,NA,"Low (both)",FALSE,NA,NA,"top_33pct"
"AIM/CGE 2.0","SSP5-26","C3",0,NA,"2C (Medium-Ambition)",466027.253460691,1932960.06221475,FALSE,NA,"Low (both)",FALSE,NA,NA,"top_33pct"
"AIM/CGE 2.0","SSP5-34","C3",0,NA,"2C (Medium-Ambition)",466027.253460691,1932960.06221475,FALSE,NA,"Low (both)",FALSE,NA,NA,"top_33pct"
"AIM/CGE 2.0","SSP5-45","C4",0,NA,"2C (Medium-Ambition)",466027.253460691,1932960.06221475,FALSE,NA,"Low (both)",FALSE,NA,NA,"top_33pct"
"AIM/CGE 2.0","SSP5-60","C4",0,NA,"2C (Medium-Ambition)",466027.253460691,1932960.06221475,FALSE,NA,"Low (both)",FALSE,NA,NA,"top_33pct"
"AIM/CGE 2.0","SSP5-Baseline","C4",0,NA,"2C (Medium-Ambition)",466027.253460691,1932960.06221475,FALSE,NA,"Low (both)",FALSE,NA,NA,"top_33pct"
"AIM/CGE 2.1","CD-LINKS-INDC2030i_1600","C3",0,NA,"2C (Medium-Ambition)",466027.253460691,1932960.06221475,FALSE,NA,"Low (both)",FALSE,NA,NA,"top_33pct"
"AIM/CGE 2.1","CD-LINKS-INDCi","C4",0,NA,"2C (Medium-Ambition)",466027.253460691,1932960.06221475,FALSE,NA,"Low (both)",FALSE,NA,NA,"top_33pct"
"AIM/CGE 2.1","CD-LINKS-NDC2030i_1000","C4",0,NA,"2C (Medium-Ambition)",466027.253460691,1932960.06221475,FALSE,NA,"Low (both)",FALSE,NA,NA,"top_33pct"
"AIM/CGE 2.1","CD-LINKS-NPi2020_1000","C3",0,NA,"2C (Medium-Ambition)",466027.253460691,1932960.06221475,FALSE,NA,"Low (both)",FALSE,NA,NA,"top_33pct"
"AIM/CGE 2.1","CD-LINKS-NPi2020_1600","C3",0,NA,"2C (Medium-Ambition)",466027.253460691,1932960.06221475,FALSE,NA,"Low (both)",FALSE,NA,NA,"top_33pct"
"AIM/CGE 2.1","CD-LINKS-NPi2020_400","C1",0,NA,"1.5C (High-Ambition)",511882.90914693,2771556.31926819,FALSE,NA,"Low (both)",FALSE,NA,NA,"top_33pct"
"AIM/CGE 2.1","COMMIT-Bridge","C3",0,NA,"2C (Medium-Ambition)",466027.253460691,1932960.06221475,FALSE,NA,"Low (both)",FALSE,NA,NA,"top_33pct"
"AIM/CGE V2.2","ENGAGE-Feasibility-1000/Cost-Effective","C3",305655.2259,2804338.6856,"2C (Medium-Ambition)",466027.253460691,1932960.06221475,FALSE,TRUE,"High-RE only",FALSE,TRUE,"High-RE","top_33pct"
"AIM/CGE V2.2","ENGAGE-Feasibility-1000/Enablers & Institutional","C3",202574.5237,2391191.705,"2C (Medium-Ambition)",466027.253460691,1932960.06221475,FALSE,TRUE,"High-RE only",FALSE,TRUE,"High-RE","top_33pct"
"AIM/CGE V2.2","ENGAGE-Feasibility-1000/Institutional","C3",257345.3409,2915637.2769,"2C (Medium-Ambition)",466027.253460691,1932960.06221475,FALSE,TRUE,"High-RE only",FALSE,TRUE,"High-RE","top_33pct"
"AIM/CGE V2.2","ENGAGE-Feasibility-1000/Technology","C3",193217.4237,3389935.366,"2C (Medium-Ambition)",466027.253460691,1932960.06221475,FALSE,TRUE,"High-RE only",FALSE,TRUE,"High-RE","top_33pct"
"AIM/CGE V2.2","ENGAGE-Feasibility-1000/Technology & Enablers & Institutional","C2",104419.9692,2876115.9333,"1.5C (High-Ambition)",511882.90914693,2771556.31926819,FALSE,TRUE,"High-RE only",FALSE,TRUE,"High-RE","top_33pct"
"AIM/CGE V2.2","ENGAGE-Feasibility-1000/Technology & Institutional","C3",125594.5322,3824299.616,"2C (Medium-Ambition)",466027.253460691,1932960.06221475,FALSE,TRUE,"High-RE only",FALSE,TRUE,"High-RE","top_33pct"
"AIM/CGE V2.2","ENGAGE-Feasibility-Maximum-Effort/Cost-Effective","C1",339720.1469,2958169.4917,"1.5C (High-Ambition)",511882.90914693,2771556.31926819,FALSE,TRUE,"High-RE only",FALSE,TRUE,"High-RE","top_33pct"
"AIM/CGE V2.2","ENGAGE-Feasibility-Maximum-Effort/Enablers & Institutional","C3",200139.0403,2408540.9477,"2C (Medium-Ambition)",466027.253460691,1932960.06221475,FALSE,TRUE,"High-RE only",FALSE,TRUE,"High-RE","top_33pct"
"AIM/CGE V2.2","ENGAGE-Feasibility-Maximum-Effort/Institutional","C2",153405.0805,3260817.7052,"1.5C (High-Ambition)",511882.90914693,2771556.31926819,FALSE,TRUE,"High-RE only",FALSE,TRUE,"High-RE","top_33pct"
"AIM/CGE V2.2","ENGAGE-Feasibility-Maximum-Effort/Technology","C3",227800.6283,3273241.3328,"2C (Medium-Ambition)",466027.253460691,1932960.06221475,FALSE,TRUE,"High-RE only",FALSE,TRUE,"High-RE","top_33pct"
"AIM/CGE V2.2","ENGAGE-INDCi2030-1000f","C3",475713.9547,1887149.9563,"2C (Medium-Ambition)",466027.253460691,1932960.06221475,TRUE,FALSE,"High-CMT only",TRUE,FALSE,"High-CMT","top_33pct"
"AIM/CGE V2.2","ENGAGE-INDCi2030-1200","C4",506735.7401,1817130.6943,"2C (Medium-Ambition)",466027.253460691,1932960.06221475,TRUE,FALSE,"High-CMT only",TRUE,FALSE,"High-CMT","top_33pct"
"AIM/CGE V2.2","ENGAGE-INDCi2030-1200f","C4",592587.4066,1735293.2243,"2C (Medium-Ambition)",466027.253460691,1932960.06221475,TRUE,FALSE,"High-CMT only",TRUE,FALSE,"High-CMT","top_33pct"
"AIM/CGE V2.2","ENGAGE-INDCi2030-1400","C4",652574.9155,1628170.807,"2C (Medium-Ambition)",466027.253460691,1932960.06221475,TRUE,FALSE,"High-CMT only",TRUE,FALSE,"High-CMT","top_33pct"
"AIM/CGE V2.2","ENGAGE-INDCi2030-1400f","C4",658044.7038,1596562.8623,"2C (Medium-Ambition)",466027.253460691,1932960.06221475,TRUE,FALSE,"High-CMT only",TRUE,FALSE,"High-CMT","top_33pct"
"AIM/CGE V2.2","ENGAGE-INDCi2030-1600","C3",645334.7052,1556058.7791,"2C (Medium-Ambition)",466027.253460691,1932960.06221475,TRUE,FALSE,"High-CMT only",TRUE,FALSE,"High-CMT","top_33pct"
"AIM/CGE V2.2","ENGAGE-INDCi2030-1600f","C3",636360.7656,1540557.388,"2C (Medium-Ambition)",466027.253460691,1932960.06221475,TRUE,FALSE,"High-CMT only",TRUE,FALSE,"High-CMT","top_33pct"
"AIM/CGE V2.2","ENGAGE-INDCi2030-1800","C3",618567.0054,1486736.4456,"2C (Medium-Ambition)",466027.253460691,1932960.06221475,TRUE,FALSE,"High-CMT only",TRUE,FALSE,"High-CMT","top_33pct"
"AIM/CGE V2.2","ENGAGE-INDCi2030-1800f","C3",618567.0054,1486736.4456,"2C (Medium-Ambition)",466027.253460691,1932960.06221475,TRUE,FALSE,"High-CMT only",TRUE,FALSE,"High-CMT","top_33pct"
"AIM/CGE V2.2","ENGAGE-INDCi2030-800f","C3",458822.7462,1950620.2386,"2C (Medium-Ambition)",466027.253460691,1932960.06221475,FALSE,TRUE,"High-RE only",FALSE,TRUE,"High-RE","top_33pct"
"AIM/CGE V2.2","ENGAGE-INDCi2030-900f","C3",455822.4862,1928637.1643,"2C (Medium-Ambition)",466027.253460691,1932960.06221475,FALSE,FALSE,"Low (both)",FALSE,FALSE,NA,"top_33pct"
"AIM/CGE V2.2","ENGAGE-INDCi2100","C4",422604.0961,1293248.647,"2C (Medium-Ambition)",466027.253460691,1932960.06221475,FALSE,FALSE,"Low (both)",FALSE,FALSE,NA,"top_33pct"
"AIM/CGE V2.2","ENGAGE-NPi2020-1000","C3",650563.8775,1824135.2392,"2C (Medium-Ambition)",466027.253460691,1932960.06221475,TRUE,FALSE,"High-CMT only",TRUE,FALSE,"High-CMT","top_33pct"
"AIM/CGE V2.2","ENGAGE-NPi2020-1000f","C3",709840.3755,1755606.9144,"2C (Medium-Ambition)",466027.253460691,1932960.06221475,TRUE,FALSE,"High-CMT only",TRUE,FALSE,"High-CMT","top_33pct"
"AIM/CGE V2.2","ENGAGE-NPi2020-1200","C3",711376.8371,1705643.62,"2C (Medium-Ambition)",466027.253460691,1932960.06221475,TRUE,FALSE,"High-CMT only",TRUE,FALSE,"High-CMT","top_33pct"
"AIM/CGE V2.2","ENGAGE-NPi2020-1200f","C4",708024.0359,1665230.0656,"2C (Medium-Ambition)",466027.253460691,1932960.06221475,TRUE,FALSE,"High-CMT only",TRUE,FALSE,"High-CMT","top_33pct"
"AIM/CGE V2.2","ENGAGE-NPi2020-1400","C4",696488.9916,1622322.9743,"2C (Medium-Ambition)",466027.253460691,1932960.06221475,TRUE,FALSE,"High-CMT only",TRUE,FALSE,"High-CMT","top_33pct"
"AIM/CGE V2.2","ENGAGE-NPi2020-1400f","C4",685647.3573,1611005.7705,"2C (Medium-Ambition)",466027.253460691,1932960.06221475,TRUE,FALSE,"High-CMT only",TRUE,FALSE,"High-CMT","top_33pct"
"AIM/CGE V2.2","ENGAGE-NPi2020-1600","C3",670823.5008,1540805.1032,"2C (Medium-Ambition)",466027.253460691,1932960.06221475,TRUE,FALSE,"High-CMT only",TRUE,FALSE,"High-CMT","top_33pct"
"AIM/CGE V2.2","ENGAGE-NPi2020-1600f","C3",671274.7675,1541651.689,"2C (Medium-Ambition)",466027.253460691,1932960.06221475,TRUE,FALSE,"High-CMT only",TRUE,FALSE,"High-CMT","top_33pct"
"AIM/CGE V2.2","ENGAGE-NPi2020-1800","C3",637394.8699,1497546.3932,"2C (Medium-Ambition)",466027.253460691,1932960.06221475,TRUE,FALSE,"High-CMT only",TRUE,FALSE,"High-CMT","top_33pct"
"AIM/CGE V2.2","ENGAGE-NPi2020-1800f","C3",637394.8699,1497546.3932,"2C (Medium-Ambition)",466027.253460691,1932960.06221475,TRUE,FALSE,"High-CMT only",TRUE,FALSE,"High-CMT","top_33pct"
"AIM/CGE V2.2","ENGAGE-NPi2020-300f","C1",486762.6304,2183379.2478,"1.5C (High-Ambition)",511882.90914693,2771556.31926819,FALSE,FALSE,"Low (both)",FALSE,FALSE,NA,"top_33pct"
"AIM/CGE V2.2","ENGAGE-NPi2020-400f","C2",483558.0288,2149040.9647,"1.5C (High-Ambition)",511882.90914693,2771556.31926819,FALSE,FALSE,"Low (both)",FALSE,FALSE,NA,"top_33pct"
"AIM/CGE V2.2","ENGAGE-NPi2020-500f","C2",528827.4196,2081672.1921,"1.5C (High-Ambition)",511882.90914693,2771556.31926819,TRUE,FALSE,"High-CMT only",TRUE,FALSE,"High-CMT","top_33pct"
"AIM/CGE V2.2","ENGAGE-NPi2020-600","C1",492906.5518,2069205.6401,"1.5C (High-Ambition)",511882.90914693,2771556.31926819,FALSE,FALSE,"Low (both)",FALSE,FALSE,NA,"top_33pct"
"AIM/CGE V2.2","ENGAGE-NPi2020-600f","C2",582604.2678,2009006.2654,"1.5C (High-Ambition)",511882.90914693,2771556.31926819,TRUE,FALSE,"High-CMT only",TRUE,FALSE,"High-CMT","top_33pct"
"AIM/CGE V2.2","ENGAGE-NPi2020-700","C3",488068.7663,2048387.646,"2C (Medium-Ambition)",466027.253460691,1932960.06221475,TRUE,TRUE,"Both High",FALSE,FALSE,NA,"top_33pct"
"AIM/CGE V2.2","ENGAGE-NPi2020-700f","C3",637253.4841,1931847.5093,"2C (Medium-Ambition)",466027.253460691,1932960.06221475,TRUE,FALSE,"High-CMT only",TRUE,FALSE,"High-CMT","top_33pct"
"AIM/CGE V2.2","ENGAGE-NPi2020-800","C3",507823.3504,2005620.4287,"2C (Medium-Ambition)",466027.253460691,1932960.06221475,TRUE,TRUE,"Both High",FALSE,FALSE,NA,"top_33pct"
"AIM/CGE V2.2","ENGAGE-NPi2020-800f","C3",705989.5249,1842360.7828,"2C (Medium-Ambition)",466027.253460691,1932960.06221475,TRUE,FALSE,"High-CMT only",TRUE,FALSE,"High-CMT","top_33pct"
"AIM/CGE V2.2","ENGAGE-NPi2020-900","C3",585453.6601,1913290.9329,"2C (Medium-Ambition)",466027.253460691,1932960.06221475,TRUE,FALSE,"High-CMT only",TRUE,FALSE,"High-CMT","top_33pct"
"AIM/CGE V2.2","ENGAGE-NPi2020-900f","C3",711060.1855,1799634.1672,"2C (Medium-Ambition)",466027.253460691,1932960.06221475,TRUE,FALSE,"High-CMT only",TRUE,FALSE,"High-CMT","top_33pct"
"AIM/Hub-Global 2.0","SDI-1.5°C","C1",0,NA,"1.5C (High-Ambition)",511882.90914693,2771556.31926819,FALSE,NA,"Low (both)",FALSE,NA,NA,"top_33pct"
"AIM/Hub-Global 2.0","SDI-2.5°C","C4",0,NA,"2C (Medium-Ambition)",466027.253460691,1932960.06221475,FALSE,NA,"Low (both)",FALSE,NA,NA,"top_33pct"
"AIM/Hub-Global 2.0","SDI-2°C","C3",0,NA,"2C (Medium-Ambition)",466027.253460691,1932960.06221475,FALSE,NA,"Low (both)",FALSE,NA,NA,"top_33pct"
"AIM/Hub-Global 2.0","SDI-well-below-2°C","C3",0,NA,"2C (Medium-Ambition)",466027.253460691,1932960.06221475,FALSE,NA,"Low (both)",FALSE,NA,NA,"top_33pct"
"C-ROADS-5.005","Ratchet-1.5°C-allCDR","C2",0,NA,"1.5C (High-Ambition)",511882.90914693,2771556.31926819,FALSE,NA,"Low (both)",FALSE,NA,NA,"top_33pct"
"C-ROADS-5.005","Ratchet-1.5°C-limCDR","C2",0,NA,"1.5C (High-Ambition)",511882.90914693,2771556.31926819,FALSE,NA,"Low (both)",FALSE,NA,NA,"top_33pct"
"C-ROADS-5.005","Ratchet-1.5°C-limCDR-noOvershoot","C1",0,NA,"1.5C (High-Ambition)",511882.90914693,2771556.31926819,FALSE,NA,"Low (both)",FALSE,NA,NA,"top_33pct"
"C-ROADS-5.005","Ratchet-1.5°C-noCDR","C1",0,NA,"1.5C (High-Ambition)",511882.90914693,2771556.31926819,FALSE,NA,"Low (both)",FALSE,NA,NA,"top_33pct"
"C-ROADS-5.005","Ratchet-1.5°C-noCDR-noOvershoot","C1",0,NA,"1.5C (High-Ambition)",511882.90914693,2771556.31926819,FALSE,NA,"Low (both)",FALSE,NA,NA,"top_33pct"
"CGEM-ESM 1.0","China-2060-SSP2-2°C","C3",219206.401045251,NA,"2C (Medium-Ambition)",466027.253460691,1932960.06221475,FALSE,NA,"Low (both)",FALSE,NA,NA,"top_33pct"
"COFFEE 1.1","COMMIT-2°C-2020","C4",487261.749689,1800608.63188949,"2C (Medium-Ambition)",466027.253460691,1932960.06221475,TRUE,FALSE,"High-CMT only",TRUE,FALSE,"High-CMT","top_33pct"
"COFFEE 1.1","COMMIT-2°C-2030","C4",477451.5573045,1777772.45173701,"2C (Medium-Ambition)",466027.253460691,1932960.06221475,TRUE,FALSE,"High-CMT only",TRUE,FALSE,"High-CMT","top_33pct"
"COFFEE 1.1","COMMIT-Baseline","C4",1327.0163475,1208863.18586111,"2C (Medium-Ambition)",466027.253460691,1932960.06221475,FALSE,FALSE,"Low (both)",FALSE,FALSE,NA,"top_33pct"
"COFFEE 1.1","COMMIT-Bridge","C3",481733.5516775,1748085.10314151,"2C (Medium-Ambition)",466027.253460691,1932960.06221475,TRUE,FALSE,"High-CMT only",TRUE,FALSE,"High-CMT","top_33pct"
"COFFEE 1.1","COMMIT-Current-Policies","C4",1112.340015,692217.262327375,"2C (Medium-Ambition)",466027.253460691,1932960.06221475,FALSE,FALSE,"Low (both)",FALSE,FALSE,NA,"top_33pct"
"COFFEE 1.1","COMMIT-GPP","C3",150035.736049,1180724.7187111,"2C (Medium-Ambition)",466027.253460691,1932960.06221475,FALSE,FALSE,"Low (both)",FALSE,FALSE,NA,"top_33pct"
"COFFEE 1.1","COMMIT-NDCplus","C4",1215.1490325,803312.04720296,"2C (Medium-Ambition)",466027.253460691,1932960.06221475,FALSE,FALSE,"Low (both)",FALSE,FALSE,NA,"top_33pct"
"COFFEE 1.1","ENGAGE-INDCi2030-1000","C4",216224.401972417,1584284.63343031,"2C (Medium-Ambition)",466027.253460691,1932960.06221475,FALSE,FALSE,"Low (both)",FALSE,FALSE,NA,"top_33pct"
"COFFEE 1.1","ENGAGE-INDCi2030-1000-COV-NDCp","C4",330741.989459,1484115.27726395,"2C (Medium-Ambition)",466027.253460691,1932960.06221475,FALSE,FALSE,"Low (both)",FALSE,FALSE,NA,"top_33pct"
"COFFEE 1.1","ENGAGE-INDCi2030-1000-NDCp","C4",355786.079614,1672230.32563561,"2C (Medium-Ambition)",466027.253460691,1932960.06221475,FALSE,FALSE,"Low (both)",FALSE,FALSE,NA,"top_33pct"
"COFFEE 1.1","ENGAGE-INDCi2030-1000f","C3",297504.948015242,1525754.39945961,"2C (Medium-Ambition)",466027.253460691,1932960.06221475,FALSE,FALSE,"Low (both)",FALSE,FALSE,NA,"top_33pct"
"COFFEE 1.1","ENGAGE-INDCi2030-1000f-COV-NDCp","C4",387372.5552285,1437620.41514013,"2C (Medium-Ambition)",466027.253460691,1932960.06221475,FALSE,FALSE,"Low (both)",FALSE,FALSE,NA,"top_33pct"
"COFFEE 1.1","ENGAGE-INDCi2030-1000f-NDCp","C4",425000.3404735,1578102.68653606,"2C (Medium-Ambition)",466027.253460691,1932960.06221475,FALSE,FALSE,"Low (both)",FALSE,FALSE,NA,"top_33pct"
"COFFEE 1.1","ENGAGE-INDCi2030-1200","C4",326495.97232863,1436260.93044105,"2C (Medium-Ambition)",466027.253460691,1932960.06221475,FALSE,FALSE,"Low (both)",FALSE,FALSE,NA,"top_33pct"
"COFFEE 1.1","ENGAGE-INDCi2030-1200f","C3",254424.610220584,1415919.73866737,"2C (Medium-Ambition)",466027.253460691,1932960.06221475,FALSE,FALSE,"Low (both)",FALSE,FALSE,NA,"top_33pct"
"COFFEE 1.1","ENGAGE-INDCi2030-1400","C3",183243.985435471,1292644.37657292,"2C (Medium-Ambition)",466027.253460691,1932960.06221475,FALSE,FALSE,"Low (both)",FALSE,FALSE,NA,"top_33pct"
"COFFEE 1.1","ENGAGE-INDCi2030-1400f","C3",211497.918807712,1344709.69575156,"2C (Medium-Ambition)",466027.253460691,1932960.06221475,FALSE,FALSE,"Low (both)",FALSE,FALSE,NA,"top_33pct"
"COFFEE 1.1","ENGAGE-INDCi2030-1600","C3",152737.545831367,1206789.08324233,"2C (Medium-Ambition)",466027.253460691,1932960.06221475,FALSE,FALSE,"Low (both)",FALSE,FALSE,NA,"top_33pct"
"COFFEE 1.1","ENGAGE-INDCi2030-1600f","C3",173736.097228695,1247018.57912879,"2C (Medium-Ambition)",466027.253460691,1932960.06221475,FALSE,FALSE,"Low (both)",FALSE,FALSE,NA,"top_33pct"
"COFFEE 1.1","ENGAGE-INDCi2030-1800","C3",129674.061040199,1100261.27319852,"2C (Medium-Ambition)",466027.253460691,1932960.06221475,FALSE,FALSE,"Low (both)",FALSE,FALSE,NA,"top_33pct"
"COFFEE 1.1","ENGAGE-INDCi2030-1800f","C3",147879.426853883,1169665.77614028,"2C (Medium-Ambition)",466027.253460691,1932960.06221475,FALSE,FALSE,"Low (both)",FALSE,FALSE,NA,"top_33pct"
"COFFEE 1.1","ENGAGE-INDCi2030-2000","C3",111886.319920252,1045263.48363866,"2C (Medium-Ambition)",466027.253460691,1932960.06221475,FALSE,FALSE,"Low (both)",FALSE,FALSE,NA,"top_33pct"
"COFFEE 1.1","ENGAGE-INDCi2030-2000f","C3",119656.784575222,1076971.06454071,"2C (Medium-Ambition)",466027.253460691,1932960.06221475,FALSE,FALSE,"Low (both)",FALSE,FALSE,NA,"top_33pct"
"COFFEE 1.1","ENGAGE-INDCi2030-2500","C4",51659.5079449858,899635.909959535,"2C (Medium-Ambition)",466027.253460691,1932960.06221475,FALSE,FALSE,"Low (both)",FALSE,FALSE,NA,"top_33pct"
"COFFEE 1.1","ENGAGE-INDCi2030-2500f","C4",51659.5079449858,899635.909959535,"2C (Medium-Ambition)",466027.253460691,1932960.06221475,FALSE,FALSE,"Low (both)",FALSE,FALSE,NA,"top_33pct"
"COFFEE 1.1","ENGAGE-INDCi2030-400f","C2",367099.657287327,1905176.26229361,"1.5C (High-Ambition)",511882.90914693,2771556.31926819,FALSE,FALSE,"Low (both)",FALSE,FALSE,NA,"top_33pct"
"COFFEE 1.1","ENGAGE-INDCi2030-500","C3",255159.469535452,2194875.07329353,"2C (Medium-Ambition)",466027.253460691,1932960.06221475,FALSE,TRUE,"High-RE only",FALSE,TRUE,"High-RE","top_33pct"
"COFFEE 1.1","ENGAGE-INDCi2030-500f","C2",363902.770520244,1863242.51448063,"1.5C (High-Ambition)",511882.90914693,2771556.31926819,FALSE,FALSE,"Low (both)",FALSE,FALSE,NA,"top_33pct"
"COFFEE 1.1","ENGAGE-INDCi2030-600","C3",249174.699627625,2064936.37129687,"2C (Medium-Ambition)",466027.253460691,1932960.06221475,FALSE,TRUE,"High-RE only",FALSE,TRUE,"High-RE","top_33pct"
"COFFEE 1.1","ENGAGE-INDCi2030-600-COV-NDCp","C3",367854.281956,1878395.44623946,"2C (Medium-Ambition)",466027.253460691,1932960.06221475,FALSE,FALSE,"Low (both)",FALSE,FALSE,NA,"top_33pct"
"COFFEE 1.1","ENGAGE-INDCi2030-600-NDCp","C3",385207.027421,2088063.74304085,"2C (Medium-Ambition)",466027.253460691,1932960.06221475,FALSE,TRUE,"High-RE only",FALSE,TRUE,"High-RE","top_33pct"
"COFFEE 1.1","ENGAGE-INDCi2030-600f","C4",351506.690817607,1789482.95017703,"2C (Medium-Ambition)",466027.253460691,1932960.06221475,FALSE,FALSE,"Low (both)",FALSE,FALSE,NA,"top_33pct"
"COFFEE 1.1","ENGAGE-INDCi2030-600f-COV-NDCp","C4",459852.225863,1697601.51688194,"2C (Medium-Ambition)",466027.253460691,1932960.06221475,FALSE,FALSE,"Low (both)",FALSE,FALSE,NA,"top_33pct"
"COFFEE 1.1","ENGAGE-INDCi2030-600f-NDCp","C4",489544.1715545,1861956.89308923,"2C (Medium-Ambition)",466027.253460691,1932960.06221475,TRUE,FALSE,"High-CMT only",TRUE,FALSE,"High-CMT","top_33pct"
"COFFEE 1.1","ENGAGE-INDCi2030-700","C3",259605.049097918,1933307.67627399,"2C (Medium-Ambition)",466027.253460691,1932960.06221475,FALSE,TRUE,"High-RE only",FALSE,TRUE,"High-RE","top_33pct"
"COFFEE 1.1","ENGAGE-INDCi2030-700f","C4",337654.419169346,1720655.75969548,"2C (Medium-Ambition)",466027.253460691,1932960.06221475,FALSE,FALSE,"Low (both)",FALSE,FALSE,NA,"top_33pct"
"COFFEE 1.1","ENGAGE-INDCi2030-800","C3",216224.401972417,1799492.90861296,"2C (Medium-Ambition)",466027.253460691,1932960.06221475,FALSE,FALSE,"Low (both)",FALSE,FALSE,NA,"top_33pct"
"COFFEE 1.1","ENGAGE-INDCi2030-800f","C4",326332.902976968,1656449.05917737,"2C (Medium-Ambition)",466027.253460691,1932960.06221475,FALSE,FALSE,"Low (both)",FALSE,FALSE,NA,"top_33pct"
"COFFEE 1.1","ENGAGE-INDCi2030-900","C3",373482.58403418,1658585.07973137,"2C (Medium-Ambition)",466027.253460691,1932960.06221475,FALSE,FALSE,"Low (both)",FALSE,FALSE,NA,"top_33pct"
"COFFEE 1.1","ENGAGE-INDCi2030-900f","C4",314653.64156337,1596477.82441686,"2C (Medium-Ambition)",466027.253460691,1932960.06221475,FALSE,FALSE,"Low (both)",FALSE,FALSE,NA,"top_33pct"
"COFFEE 1.1","ENGAGE-INDCi2100","C4",1188.8100725,767492.088694195,"2C (Medium-Ambition)",466027.253460691,1932960.06221475,FALSE,FALSE,"Low (both)",FALSE,FALSE,NA,"top_33pct"
"COFFEE 1.1","ENGAGE-INDCi2100-COV-NDCp","C4",1186.7738325,785238.061809548,"2C (Medium-Ambition)",466027.253460691,1932960.06221475,FALSE,FALSE,"Low (both)",FALSE,FALSE,NA,"top_33pct"
"COFFEE 1.1","ENGAGE-INDCi2100-NDCp","C4",1551.2548575,837712.6219247,"2C (Medium-Ambition)",466027.253460691,1932960.06221475,FALSE,FALSE,"Low (both)",FALSE,FALSE,NA,"top_33pct"
"COFFEE 1.1","ENGAGE-NPi2020-1000","C4",220890.937354494,1608351.95824495,"2C (Medium-Ambition)",466027.253460691,1932960.06221475,FALSE,FALSE,"Low (both)",FALSE,FALSE,NA,"top_33pct"
"COFFEE 1.1","ENGAGE-NPi2020-1000-COV","C4",325850.0761505,1422048.07161225,"2C (Medium-Ambition)",466027.253460691,1932960.06221475,FALSE,FALSE,"Low (both)",FALSE,FALSE,NA,"top_33pct"
"COFFEE 1.1","ENGAGE-NPi2020-1000f","C3",319287.352614719,1553072.82208257,"2C (Medium-Ambition)",466027.253460691,1932960.06221475,FALSE,FALSE,"Low (both)",FALSE,FALSE,NA,"top_33pct"
"COFFEE 1.1","ENGAGE-NPi2020-1000f-COV","C3",404626.5353425,1406886.51898745,"2C (Medium-Ambition)",466027.253460691,1932960.06221475,FALSE,FALSE,"Low (both)",FALSE,FALSE,NA,"top_33pct"
"COFFEE 1.1","ENGAGE-NPi2020-1200","C4",202287.364207881,1488431.88170741,"2C (Medium-Ambition)",466027.253460691,1932960.06221475,FALSE,FALSE,"Low (both)",FALSE,FALSE,NA,"top_33pct"
"COFFEE 1.1","ENGAGE-NPi2020-1200f","C3",274576.049742368,1454546.83843041,"2C (Medium-Ambition)",466027.253460691,1932960.06221475,FALSE,FALSE,"Low (both)",FALSE,FALSE,NA,"top_33pct"
"COFFEE 1.1","ENGAGE-NPi2020-1400","C3",204319.352541648,1353849.88855989,"2C (Medium-Ambition)",466027.253460691,1932960.06221475,FALSE,FALSE,"Low (both)",FALSE,FALSE,NA,"top_33pct"
"COFFEE 1.1","ENGAGE-NPi2020-1400f","C3",236361.225804196,1371093.70789084,"2C (Medium-Ambition)",466027.253460691,1932960.06221475,FALSE,FALSE,"Low (both)",FALSE,FALSE,NA,"top_33pct"
"COFFEE 1.1","ENGAGE-NPi2020-1600","C3",173291.0360893,1253831.59967544,"2C (Medium-Ambition)",466027.253460691,1932960.06221475,FALSE,FALSE,"Low (both)",FALSE,FALSE,NA,"top_33pct"
"COFFEE 1.1","ENGAGE-NPi2020-1600f","C3",183782.093106061,1277127.04392095,"2C (Medium-Ambition)",466027.253460691,1932960.06221475,FALSE,FALSE,"Low (both)",FALSE,FALSE,NA,"top_33pct"
"COFFEE 1.1","ENGAGE-NPi2020-1800","C3",137426.876729243,1143644.59708873,"2C (Medium-Ambition)",466027.253460691,1932960.06221475,FALSE,FALSE,"Low (both)",FALSE,FALSE,NA,"top_33pct"
"COFFEE 1.1","ENGAGE-NPi2020-1800f","C3",148497.870042758,1202021.31500084,"2C (Medium-Ambition)",466027.253460691,1932960.06221475,FALSE,FALSE,"Low (both)",FALSE,FALSE,NA,"top_33pct"
"COFFEE 1.1","ENGAGE-NPi2020-2000","C3",113050.058433303,1077285.15470914,"2C (Medium-Ambition)",466027.253460691,1932960.06221475,FALSE,FALSE,"Low (both)",FALSE,FALSE,NA,"top_33pct"
"COFFEE 1.1","ENGAGE-NPi2020-2000f","C3",117169.232327549,1100424.1924417,"2C (Medium-Ambition)",466027.253460691,1932960.06221475,FALSE,FALSE,"Low (both)",FALSE,FALSE,NA,"top_33pct"
"COFFEE 1.1","ENGAGE-NPi2020-2500","C4",113050.058433303,903032.076671925,"2C (Medium-Ambition)",466027.253460691,1932960.06221475,FALSE,FALSE,"Low (both)",FALSE,FALSE,NA,"top_33pct"
"COFFEE 1.1","ENGAGE-NPi2020-2500f","C4",46283.6288543366,903032.076752225,"2C (Medium-Ambition)",466027.253460691,1932960.06221475,FALSE,FALSE,"Low (both)",FALSE,FALSE,NA,"top_33pct"
"COFFEE 1.1","ENGAGE-NPi2020-400","C1",274254.014896449,2183541.71990434,"1.5C (High-Ambition)",511882.90914693,2771556.31926819,FALSE,FALSE,"Low (both)",FALSE,FALSE,NA,"top_33pct"
"COFFEE 1.1","ENGAGE-NPi2020-400-lowBECCS","C3",269395.049863,2367725.21856777,"2C (Medium-Ambition)",466027.253460691,1932960.06221475,FALSE,TRUE,"High-RE only",FALSE,TRUE,"High-RE","top_33pct"
"COFFEE 1.1","ENGAGE-NPi2020-400f","C2",374560.968854716,1940874.3686385,"1.5C (High-Ambition)",511882.90914693,2771556.31926819,FALSE,FALSE,"Low (both)",FALSE,FALSE,NA,"top_33pct"
"COFFEE 1.1","ENGAGE-NPi2020-400f-lowBECCS","C3",254899.2620965,2176311.90964825,"2C (Medium-Ambition)",466027.253460691,1932960.06221475,FALSE,TRUE,"High-RE only",FALSE,TRUE,"High-RE","top_33pct"
"COFFEE 1.1","ENGAGE-NPi2020-500","C3",274322.735454574,2039609.78561823,"2C (Medium-Ambition)",466027.253460691,1932960.06221475,FALSE,TRUE,"High-RE only",FALSE,TRUE,"High-RE","top_33pct"
"COFFEE 1.1","ENGAGE-NPi2020-500f","C2",373580.952243163,1882143.55495299,"1.5C (High-Ambition)",511882.90914693,2771556.31926819,FALSE,FALSE,"Low (both)",FALSE,FALSE,NA,"top_33pct"
"COFFEE 1.1","ENGAGE-NPi2020-600","C3",277183.634562598,1938461.29330763,"2C (Medium-Ambition)",466027.253460691,1932960.06221475,FALSE,TRUE,"High-RE only",FALSE,TRUE,"High-RE","top_33pct"
"COFFEE 1.1","ENGAGE-NPi2020-600-COV","C3",370504.2482835,1751767.50689664,"2C (Medium-Ambition)",466027.253460691,1932960.06221475,FALSE,FALSE,"Low (both)",FALSE,FALSE,NA,"top_33pct"
"COFFEE 1.1","ENGAGE-NPi2020-600f","C4",361037.722652609,1800608.63188949,"2C (Medium-Ambition)",466027.253460691,1932960.06221475,FALSE,FALSE,"Low (both)",FALSE,FALSE,NA,"top_33pct"
"COFFEE 1.1","ENGAGE-NPi2020-600f-COV","C4",458231.0723835,1645137.44134647,"2C (Medium-Ambition)",466027.253460691,1932960.06221475,FALSE,FALSE,"Low (both)",FALSE,FALSE,NA,"top_33pct"
"COFFEE 1.1","ENGAGE-NPi2020-700","C3",259123.118975325,1857723.61009789,"2C (Medium-Ambition)",466027.253460691,1932960.06221475,FALSE,FALSE,"Low (both)",FALSE,FALSE,NA,"top_33pct"
"COFFEE 1.1","ENGAGE-NPi2020-700f","C4",351537.652078417,1733242.11831706,"2C (Medium-Ambition)",466027.253460691,1932960.06221475,FALSE,FALSE,"Low (both)",FALSE,FALSE,NA,"top_33pct"
"COFFEE 1.1","ENGAGE-NPi2020-800","C3",250478.773287041,1770301.24290814,"2C (Medium-Ambition)",466027.253460691,1932960.06221475,FALSE,FALSE,"Low (both)",FALSE,FALSE,NA,"top_33pct"
"COFFEE 1.1","ENGAGE-NPi2020-800f","C4",337249.496180705,1679538.27233238,"2C (Medium-Ambition)",466027.253460691,1932960.06221475,FALSE,FALSE,"Low (both)",FALSE,FALSE,NA,"top_33pct"
"COFFEE 1.1","ENGAGE-NPi2020-900","C3",241433.078720013,1681771.2453216,"2C (Medium-Ambition)",466027.253460691,1932960.06221475,FALSE,FALSE,"Low (both)",FALSE,FALSE,NA,"top_33pct"
"COFFEE 1.1","ENGAGE-NPi2020-900f","C4",325717.930852669,1618786.0687926,"2C (Medium-Ambition)",466027.253460691,1932960.06221475,FALSE,FALSE,"Low (both)",FALSE,FALSE,NA,"top_33pct"
"COFFEE 1.1","ENGAGE-NPi2100","C4",1112.340015,692217.262327375,"2C (Medium-Ambition)",466027.253460691,1932960.06221475,FALSE,FALSE,"Low (both)",FALSE,FALSE,NA,"top_33pct"
"COFFEE 1.1","ENGAGE-NPi2100-COV","C4",1083.2995805,652326.357861175,"2C (Medium-Ambition)",466027.253460691,1932960.06221475,FALSE,FALSE,"Low (both)",FALSE,FALSE,NA,"top_33pct"
"COFFEE 1.5","ENGAGE-Feasibility-1000/Cost-Effective","C4",183398.420038514,1190151.54349743,"2C (Medium-Ambition)",466027.253460691,1932960.06221475,FALSE,FALSE,"Low (both)",FALSE,FALSE,NA,"top_33pct"
"COFFEE 1.5","ENGAGE-Feasibility-1000/Technology","C3",197208.596077195,1482733.42430711,"2C (Medium-Ambition)",466027.253460691,1932960.06221475,FALSE,FALSE,"Low (both)",FALSE,FALSE,NA,"top_33pct"
"COFFEE 1.5","NAVIGATE Demand-1.5°C-act_u","C3",362972.5104065,1325097.00706417,"2C (Medium-Ambition)",466027.253460691,1932960.06221475,FALSE,FALSE,"Low (both)",FALSE,FALSE,NA,"top_33pct"
"COFFEE 1.5","NAVIGATE Demand-1.5°C-all_u","C3",360775.96467,1276468.33632907,"2C (Medium-Ambition)",466027.253460691,1932960.06221475,FALSE,FALSE,"Low (both)",FALSE,FALSE,NA,"top_33pct"
"COFFEE 1.5","NAVIGATE Demand-1.5°C-ele_u","C3",370523.000944,1505798.39937963,"2C (Medium-Ambition)",466027.253460691,1932960.06221475,FALSE,FALSE,"Low (both)",FALSE,FALSE,NA,"top_33pct"
"COFFEE 1.5","NAVIGATE Demand-1.5°C-ref","C3",367606.261072,1479858.72843019,"2C (Medium-Ambition)",466027.253460691,1932960.06221475,FALSE,FALSE,"Low (both)",FALSE,FALSE,NA,"top_33pct"
"COFFEE 1.5","NAVIGATE Demand-1.5°C-tec_u","C3",360299.6277385,1341928.24017756,"2C (Medium-Ambition)",466027.253460691,1932960.06221475,FALSE,FALSE,"Low (both)",FALSE,FALSE,NA,"top_33pct"
"COFFEE 1.5","NAVIGATE Demand-2.0°C-act_u","C4",396516.531666,998330.9730953,"2C (Medium-Ambition)",466027.253460691,1932960.06221475,FALSE,FALSE,"Low (both)",FALSE,FALSE,NA,"top_33pct"
"COFFEE 1.5","NAVIGATE Demand-2.0°C-all_u","C4",332692.65796,1013047.58375328,"2C (Medium-Ambition)",466027.253460691,1932960.06221475,FALSE,FALSE,"Low (both)",FALSE,FALSE,NA,"top_33pct"
"COFFEE 1.5","NAVIGATE Demand-2.0°C-ele_u","C4",365946.712839,1212347.23664841,"2C (Medium-Ambition)",466027.253460691,1932960.06221475,FALSE,FALSE,"Low (both)",FALSE,FALSE,NA,"top_33pct"
"COFFEE 1.5","NAVIGATE Demand-2.0°C-ref","C4",413122.8818445,1132011.45159557,"2C (Medium-Ambition)",466027.253460691,1932960.06221475,FALSE,FALSE,"Low (both)",FALSE,FALSE,NA,"top_33pct"
"COFFEE 1.5","NAVIGATE Demand-2.0°C-tec_u","C4",379885.4652535,1002010.31910522,"2C (Medium-Ambition)",466027.253460691,1932960.06221475,FALSE,FALSE,"Low (both)",FALSE,FALSE,NA,"top_33pct"
"COFFEE 1.5","NAVIGATE Demand-NPi-act","C3",118.292,738821.016220815,"2C (Medium-Ambition)",466027.253460691,1932960.06221475,FALSE,FALSE,"Low (both)",FALSE,FALSE,NA,"top_33pct"
"COFFEE 1.5","NAVIGATE Demand-NPi-all","C3",61.68515,898393.542496162,"2C (Medium-Ambition)",466027.253460691,1932960.06221475,FALSE,FALSE,"Low (both)",FALSE,FALSE,NA,"top_33pct"
"COFFEE 1.5","NAVIGATE Demand-NPi-ele","C3",531.9012,1001812.53220902,"2C (Medium-Ambition)",466027.253460691,1932960.06221475,FALSE,FALSE,"Low (both)",FALSE,FALSE,NA,"top_33pct"
"COFFEE 1.5","NAVIGATE Demand-NPi-ref","C4",521.6362,769104.12484959,"2C (Medium-Ambition)",466027.253460691,1932960.06221475,FALSE,FALSE,"Low (both)",FALSE,FALSE,NA,"top_33pct"
"COFFEE 1.5","NAVIGATE Demand-NPi-tec","C3",466.737225,793224.553579307,"2C (Medium-Ambition)",466027.253460691,1932960.06221475,FALSE,FALSE,"Low (both)",FALSE,FALSE,NA,"top_33pct"
"GCAM 4.2","SSP1-19","C1",0,NA,"1.5C (High-Ambition)",511882.90914693,2771556.31926819,FALSE,NA,"Low (both)",FALSE,NA,NA,"top_33pct"
"GCAM 4.2","SSP1-26","C3",0,NA,"2C (Medium-Ambition)",466027.253460691,1932960.06221475,FALSE,NA,"Low (both)",FALSE,NA,NA,"top_33pct"
"GCAM 4.2","SSP1-34","C3",0,NA,"2C (Medium-Ambition)",466027.253460691,1932960.06221475,FALSE,NA,"Low (both)",FALSE,NA,NA,"top_33pct"
"GCAM 4.2","SSP1-45","C3",0,NA,"2C (Medium-Ambition)",466027.253460691,1932960.06221475,FALSE,NA,"Low (both)",FALSE,NA,NA,"top_33pct"
"GCAM 4.2","SSP2-19","C2",0,NA,"1.5C (High-Ambition)",511882.90914693,2771556.31926819,FALSE,NA,"Low (both)",FALSE,NA,NA,"top_33pct"
"GCAM 4.2","SSP2-26","C4",0,NA,"2C (Medium-Ambition)",466027.253460691,1932960.06221475,FALSE,NA,"Low (both)",FALSE,NA,NA,"top_33pct"
"GCAM 4.2","SSP2-34","C3",0,NA,"2C (Medium-Ambition)",466027.253460691,1932960.06221475,FALSE,NA,"Low (both)",FALSE,NA,NA,"top_33pct"
"GCAM 4.2","SSP2-45","C4",0,NA,"2C (Medium-Ambition)",466027.253460691,1932960.06221475,FALSE,NA,"Low (both)",FALSE,NA,NA,"top_33pct"
"GCAM 4.2","SSP2-60","C4",0,NA,"2C (Medium-Ambition)",466027.253460691,1932960.06221475,FALSE,NA,"Low (both)",FALSE,NA,NA,"top_33pct"
"GCAM 4.2","SSP4-26","C3",0,NA,"2C (Medium-Ambition)",466027.253460691,1932960.06221475,FALSE,NA,"Low (both)",FALSE,NA,NA,"top_33pct"
"GCAM 4.2","SSP4-34","C3",0,NA,"2C (Medium-Ambition)",466027.253460691,1932960.06221475,FALSE,NA,"Low (both)",FALSE,NA,NA,"top_33pct"
"GCAM 4.2","SSP4-45","C3",0,NA,"2C (Medium-Ambition)",466027.253460691,1932960.06221475,FALSE,NA,"Low (both)",FALSE,NA,NA,"top_33pct"
"GCAM 4.2","SSP5-19","C2",0,NA,"1.5C (High-Ambition)",511882.90914693,2771556.31926819,FALSE,NA,"Low (both)",FALSE,NA,NA,"top_33pct"
"GCAM 4.2","SSP5-26","C4",0,NA,"2C (Medium-Ambition)",466027.253460691,1932960.06221475,FALSE,NA,"Low (both)",FALSE,NA,NA,"top_33pct"
"GCAM 4.2","SSP5-34","C3",0,NA,"2C (Medium-Ambition)",466027.253460691,1932960.06221475,FALSE,NA,"Low (both)",FALSE,NA,NA,"top_33pct"
"GCAM 4.2","SSP5-45","C3",0,NA,"2C (Medium-Ambition)",466027.253460691,1932960.06221475,FALSE,NA,"Low (both)",FALSE,NA,NA,"top_33pct"
"GCAM 4.2","SSP5-60","C4",0,NA,"2C (Medium-Ambition)",466027.253460691,1932960.06221475,FALSE,NA,"Low (both)",FALSE,NA,NA,"top_33pct"
"GCAM 5.2","NGFS Phase 1-Immediate 2C°C with CDR","C4",371321.392665554,1445618.95529138,"2C (Medium-Ambition)",466027.253460691,1932960.06221475,FALSE,FALSE,"Low (both)",FALSE,FALSE,NA,"top_33pct"
"GCAM 5.3","Deep-Mitigation-MAC_30_n0","C1",932776.389727712,NA,"1.5C (High-Ambition)",511882.90914693,2771556.31926819,TRUE,NA,"Low (both)",NA,FALSE,NA,"top_33pct"
"GCAM 5.3","Deep-Mitigation-MAC_35_n0","C3",927453.664617321,NA,"2C (Medium-Ambition)",466027.253460691,1932960.06221475,TRUE,NA,"Low (both)",NA,FALSE,NA,"top_33pct"
"GCAM 5.3","Deep-Mitigation-MAC_35_n8","C1",707549.994266031,NA,"1.5C (High-Ambition)",511882.90914693,2771556.31926819,TRUE,NA,"Low (both)",NA,FALSE,NA,"top_33pct"
"GCAM 5.3","Deep-Mitigation-MAC_40_n0","C3",920519.464495924,NA,"2C (Medium-Ambition)",466027.253460691,1932960.06221475,TRUE,NA,"Low (both)",NA,FALSE,NA,"top_33pct"
"GCAM 5.3","Deep-Mitigation-MAC_40_n8","C1",707063.050879531,NA,"1.5C (High-Ambition)",511882.90914693,2771556.31926819,TRUE,NA,"Low (both)",NA,FALSE,NA,"top_33pct"
"GCAM 5.3","Deep-Mitigation-MAC_45_n0","C3",908517.946261568,NA,"2C (Medium-Ambition)",466027.253460691,1932960.06221475,TRUE,NA,"Low (both)",NA,FALSE,NA,"top_33pct"
"GCAM 5.3","Deep-Mitigation-MAC_45_n8","C1",703293.99796486,NA,"1.5C (High-Ambition)",511882.90914693,2771556.31926819,TRUE,NA,"Low (both)",NA,FALSE,NA,"top_33pct"
"GCAM 5.3","Deep-Mitigation-MAC_50_n0","C3",896762.335194902,NA,"2C (Medium-Ambition)",466027.253460691,1932960.06221475,TRUE,NA,"Low (both)",NA,FALSE,NA,"top_33pct"
"GCAM 5.3","Deep-Mitigation-MAC_50_n8","C1",704041.331809964,NA,"1.5C (High-Ambition)",511882.90914693,2771556.31926819,TRUE,NA,"Low (both)",NA,FALSE,NA,"top_33pct"
"GCAM 5.3","Deep-Mitigation-MAC_55_n0","C3",879940.551248589,NA,"2C (Medium-Ambition)",466027.253460691,1932960.06221475,TRUE,NA,"Low (both)",NA,FALSE,NA,"top_33pct"
"GCAM 5.3","Deep-Mitigation-MAC_55_n8","C2",703322.856839915,NA,"1.5C (High-Ambition)",511882.90914693,2771556.31926819,TRUE,NA,"Low (both)",NA,FALSE,NA,"top_33pct"
"GCAM 5.3","Deep-Mitigation-MAC_60_n0","C3",863107.215749683,NA,"2C (Medium-Ambition)",466027.253460691,1932960.06221475,TRUE,NA,"Low (both)",NA,FALSE,NA,"top_33pct"
"GCAM 5.3","Deep-Mitigation-MAC_60_n8","C2",704954.433188767,NA,"1.5C (High-Ambition)",511882.90914693,2771556.31926819,TRUE,NA,"Low (both)",NA,FALSE,NA,"top_33pct"
"GCAM 5.3","Deep-Mitigation-MAC_65_n0","C3",847574.934957646,NA,"2C (Medium-Ambition)",466027.253460691,1932960.06221475,TRUE,NA,"Low (both)",NA,FALSE,NA,"top_33pct"
"GCAM 5.3","Deep-Mitigation-MAC_65_n8","C3",716761.336386075,NA,"2C (Medium-Ambition)",466027.253460691,1932960.06221475,TRUE,NA,"Low (both)",NA,FALSE,NA,"top_33pct"
"GCAM 5.3","Deep-Mitigation-MAC_70_n0","C4",835062.994918016,NA,"2C (Medium-Ambition)",466027.253460691,1932960.06221475,TRUE,NA,"Low (both)",NA,FALSE,NA,"top_33pct"
"GCAM 5.3","Deep-Mitigation-MAC_70_n8","C3",726758.482269325,NA,"2C (Medium-Ambition)",466027.253460691,1932960.06221475,TRUE,NA,"Low (both)",NA,FALSE,NA,"top_33pct"
"GCAM 5.3","Deep-Mitigation-MAC_75_n0","C4",825039.605696702,NA,"2C (Medium-Ambition)",466027.253460691,1932960.06221475,TRUE,NA,"Low (both)",NA,FALSE,NA,"top_33pct"
"GCAM 5.3","Deep-Mitigation-MAC_75_n8","C3",734649.440255538,NA,"2C (Medium-Ambition)",466027.253460691,1932960.06221475,TRUE,NA,"Low (both)",NA,FALSE,NA,"top_33pct"
"GCAM 5.3","Deep-Mitigation-MAC_80_n0","C4",815494.16015476,NA,"2C (Medium-Ambition)",466027.253460691,1932960.06221475,TRUE,NA,"Low (both)",NA,FALSE,NA,"top_33pct"
"GCAM 5.3","Deep-Mitigation-MAC_80_n8","C4",743113.18155469,NA,"2C (Medium-Ambition)",466027.253460691,1932960.06221475,TRUE,NA,"Low (both)",NA,FALSE,NA,"top_33pct"
"GCAM 5.3","Deep-Mitigation-MAC_85_n0","C3",806962.653981784,NA,"2C (Medium-Ambition)",466027.253460691,1932960.06221475,TRUE,NA,"Low (both)",NA,FALSE,NA,"top_33pct"
"GCAM 5.3","Deep-Mitigation-MAC_85_n8","C4",751703.513753668,NA,"2C (Medium-Ambition)",466027.253460691,1932960.06221475,TRUE,NA,"Low (both)",NA,FALSE,NA,"top_33pct"
"GCAM 5.3","Deep-Mitigation-MAC_90_n0","C3",799304.539726954,NA,"2C (Medium-Ambition)",466027.253460691,1932960.06221475,TRUE,NA,"Low (both)",NA,FALSE,NA,"top_33pct"
"GCAM 5.3","Deep-Mitigation-MAC_90_n8","C4",759989.021690069,NA,"2C (Medium-Ambition)",466027.253460691,1932960.06221475,TRUE,NA,"Low (both)",NA,FALSE,NA,"top_33pct"
"GCAM 5.3","Deep-Mitigation-MAC_95_n0","C3",792111.793252244,NA,"2C (Medium-Ambition)",466027.253460691,1932960.06221475,TRUE,NA,"Low (both)",NA,FALSE,NA,"top_33pct"
"GCAM 5.3","Deep-Mitigation-MAC_95_n8","C4",769246.92878026,NA,"2C (Medium-Ambition)",466027.253460691,1932960.06221475,TRUE,NA,"Low (both)",NA,FALSE,NA,"top_33pct"
"GCAM 5.3","Deep-Mitigation-MAC_99_n0","C3",784856.419374459,NA,"2C (Medium-Ambition)",466027.253460691,1932960.06221475,TRUE,NA,"Low (both)",NA,FALSE,NA,"top_33pct"
"GCAM 5.3","Deep-Mitigation-MAC_99_n8","C3",780710.887600835,NA,"2C (Medium-Ambition)",466027.253460691,1932960.06221475,TRUE,NA,"Low (both)",NA,FALSE,NA,"top_33pct"
"GCAM 5.3","Deep-Mitigation-SSP2","C3",456217.383641516,NA,"2C (Medium-Ambition)",466027.253460691,1932960.06221475,FALSE,NA,"Low (both)",FALSE,NA,NA,"top_33pct"
"GCAM 5.3","Deep-Mitigation-SSP3","C2",473162.743219088,NA,"1.5C (High-Ambition)",511882.90914693,2771556.31926819,FALSE,NA,"Low (both)",FALSE,NA,NA,"top_33pct"
"GCAM 5.3","Deep-Mitigation-SSP4","C2",533063.931015377,NA,"1.5C (High-Ambition)",511882.90914693,2771556.31926819,TRUE,NA,"Low (both)",NA,FALSE,NA,"top_33pct"
"GCAM 5.3","Deep-Mitigation-SSP5","C3",992704.717286492,NA,"2C (Medium-Ambition)",466027.253460691,1932960.06221475,TRUE,NA,"Low (both)",NA,FALSE,NA,"top_33pct"
"GCAM 5.3","NGFS Phase 2-Below 2°C","C3",377729.131036242,1622560.92572438,"2C (Medium-Ambition)",466027.253460691,1932960.06221475,FALSE,FALSE,"Low (both)",FALSE,FALSE,NA,"top_33pct"
"GCAM 5.3","NGFS Phase 2-Current Policies","C4",0.041437020269,718223.047366125,"2C (Medium-Ambition)",466027.253460691,1932960.06221475,FALSE,FALSE,"Low (both)",FALSE,FALSE,NA,"top_33pct"
"GCAM 5.3","NGFS Phase 2-Delayed Transition","C4",227937.419779798,1853062.89833771,"2C (Medium-Ambition)",466027.253460691,1932960.06221475,FALSE,FALSE,"Low (both)",FALSE,FALSE,NA,"top_33pct"
"GCAM 5.3","NGFS Phase 2-Divergent Net Zero Policies","C2",354902.094630091,1891879.2335584,"1.5C (High-Ambition)",511882.90914693,2771556.31926819,FALSE,FALSE,"Low (both)",FALSE,FALSE,NA,"top_33pct"
"GCAM 5.3","NGFS Phase 2-Nationally Determined Contributions (NDCs)","C3",344077.760593715,1134962.42340978,"2C (Medium-Ambition)",466027.253460691,1932960.06221475,FALSE,FALSE,"Low (both)",FALSE,FALSE,NA,"top_33pct"
"GCAM 5.3","NGFS Phase 2-Net-Zero 2050","C2",319080.910542721,1778694.35706317,"1.5C (High-Ambition)",511882.90914693,2771556.31926819,FALSE,FALSE,"Low (both)",FALSE,FALSE,NA,"top_33pct"
"GCAM 6.0 NGFS","NGFS Phase 5-Below 2°C","C3",184448.637380725,3090792.87190375,"2C (Medium-Ambition)",466027.253460691,1932960.06221475,FALSE,TRUE,"High-RE only",FALSE,TRUE,"High-RE","top_33pct"
"GCAM 6.0 NGFS","NGFS Phase 5-Current Policies","C4",73674.8075277468,1554128.97052156,"2C (Medium-Ambition)",466027.253460691,1932960.06221475,FALSE,FALSE,"Low (both)",FALSE,FALSE,NA,"top_33pct"
"GCAM 6.0 NGFS","NGFS Phase 5-Delayed Transition","C3",175585.401894375,3089545.37987872,"2C (Medium-Ambition)",466027.253460691,1932960.06221475,FALSE,TRUE,"High-RE only",FALSE,TRUE,"High-RE","top_33pct"
"GCAM 6.0 NGFS","NGFS Phase 5-Fragmented World","C3",181546.49492857,2085327.9398637,"2C (Medium-Ambition)",466027.253460691,1932960.06221475,FALSE,TRUE,"High-RE only",FALSE,TRUE,"High-RE","top_33pct"
"GCAM 6.0 NGFS","NGFS Phase 5-Low Demand","C2",145178.566646399,2660797.50445951,"1.5C (High-Ambition)",511882.90914693,2771556.31926819,FALSE,FALSE,"Low (both)",FALSE,FALSE,NA,"top_33pct"
"GCAM 6.0 NGFS","NGFS Phase 5-Nationally Determined Contributions (NDCs)","C4",156137.55556443,1953398.97266,"2C (Medium-Ambition)",466027.253460691,1932960.06221475,FALSE,TRUE,"High-RE only",FALSE,TRUE,"High-RE","top_33pct"
"GCAM 6.0 NGFS","NGFS Phase 5-Net-Zero 2050","C2",155012.807836231,3336739.4542124,"1.5C (High-Ambition)",511882.90914693,2771556.31926819,FALSE,TRUE,"High-RE only",FALSE,TRUE,"High-RE","top_33pct"
"GCAM 7.0","IAM-COMPACT-Current-Policies-Emissions-Intensity","C3",1081018.60918283,865559.754031804,"2C (Medium-Ambition)",466027.253460691,1932960.06221475,TRUE,FALSE,"High-CMT only",TRUE,FALSE,"High-CMT","top_33pct"
"GCAM 7.0","IAM-COMPACT-NDC-Emissions-Intensity","C3",1769242.57884163,932976.126900861,"2C (Medium-Ambition)",466027.253460691,1932960.06221475,TRUE,FALSE,"High-CMT only",TRUE,FALSE,"High-CMT","top_33pct"
"GCAM 7.0","IAM-COMPACT-NDC-Long-Term-Pledges","C4",2563198.88942046,1021133.79171744,"2C (Medium-Ambition)",466027.253460691,1932960.06221475,TRUE,FALSE,"High-CMT only",TRUE,FALSE,"High-CMT","top_33pct"
"GCAM-PR 5.3","ParisReinforce-Current-Policies-PriceOnly","C4",168670.595084098,1109315.89695481,"2C (Medium-Ambition)",466027.253460691,1932960.06221475,FALSE,FALSE,"Low (both)",FALSE,FALSE,NA,"top_33pct"
"GCAM-PR 5.3","ParisReinforce-NDC-PriceOnly","C4",298545.459449045,1204284.09530473,"2C (Medium-Ambition)",466027.253460691,1932960.06221475,FALSE,FALSE,"Low (both)",FALSE,FALSE,NA,"top_33pct"
"GEM-E3 V2021","ENGAGE-INDCi2030-1000","C3",432247.301751826,1412422.01908843,"2C (Medium-Ambition)",466027.253460691,1932960.06221475,FALSE,FALSE,"Low (both)",FALSE,FALSE,NA,"top_33pct"
"GEM-E3 V2021","ENGAGE-INDCi2030-1000-COV","C3",403632.719205013,1321418.9397039,"2C (Medium-Ambition)",466027.253460691,1932960.06221475,FALSE,FALSE,"Low (both)",FALSE,FALSE,NA,"top_33pct"
"GEM-E3 V2021","ENGAGE-INDCi2030-1000-COV-NDCp","C3",402079.800079551,1330941.94836733,"2C (Medium-Ambition)",466027.253460691,1932960.06221475,FALSE,FALSE,"Low (both)",FALSE,FALSE,NA,"top_33pct"
"GEM-E3 V2021","ENGAGE-INDCi2030-1000-NDCp","C3",435500.020325052,1427433.80268693,"2C (Medium-Ambition)",466027.253460691,1932960.06221475,FALSE,FALSE,"Low (both)",FALSE,FALSE,NA,"top_33pct"
"GEM-E3 V2021","ENGAGE-INDCi2030-1000f","C4",409062.620376391,1397916.88948974,"2C (Medium-Ambition)",466027.253460691,1932960.06221475,FALSE,FALSE,"Low (both)",FALSE,FALSE,NA,"top_33pct"
"GEM-E3 V2021","ENGAGE-INDCi2030-1000f-COV","C3",382840.645018149,1308381.79913279,"2C (Medium-Ambition)",466027.253460691,1932960.06221475,FALSE,FALSE,"Low (both)",FALSE,FALSE,NA,"top_33pct"
"GEM-E3 V2021","ENGAGE-INDCi2030-1000f-COV-NDCp","C3",384494.488715219,1319305.40906843,"2C (Medium-Ambition)",466027.253460691,1932960.06221475,FALSE,FALSE,"Low (both)",FALSE,FALSE,NA,"top_33pct"
"GEM-E3 V2021","ENGAGE-INDCi2030-1000f-NDCp","C4",410859.950453784,1410059.43812634,"2C (Medium-Ambition)",466027.253460691,1932960.06221475,FALSE,FALSE,"Low (both)",FALSE,FALSE,NA,"top_33pct"
"GEM-E3 V2021","ENGAGE-INDCi2030-1400","C4",394082.181393114,1285768.93508782,"2C (Medium-Ambition)",466027.253460691,1932960.06221475,FALSE,FALSE,"Low (both)",FALSE,FALSE,NA,"top_33pct"
"GEM-E3 V2021","ENGAGE-INDCi2030-1400f","C4",394124.96305354,1285478.34234705,"2C (Medium-Ambition)",466027.253460691,1932960.06221475,FALSE,FALSE,"Low (both)",FALSE,FALSE,NA,"top_33pct"
"GEM-E3 V2021","ENGAGE-INDCi2030-1800","C3",357812.533097327,1174012.38301449,"2C (Medium-Ambition)",466027.253460691,1932960.06221475,FALSE,FALSE,"Low (both)",FALSE,FALSE,NA,"top_33pct"
"GEM-E3 V2021","ENGAGE-INDCi2030-1800f","C3",357812.533097327,1174012.38301449,"2C (Medium-Ambition)",466027.253460691,1932960.06221475,FALSE,FALSE,"Low (both)",FALSE,FALSE,NA,"top_33pct"
"GEM-E3 V2021","ENGAGE-INDCi2030-600f","C2",394972.146137195,1535490.37016116,"1.5C (High-Ambition)",511882.90914693,2771556.31926819,FALSE,FALSE,"Low (both)",FALSE,FALSE,NA,"top_33pct"
"GEM-E3 V2021","ENGAGE-INDCi2030-600f-COV","C2",364819.273379465,1440564.9709185,"1.5C (High-Ambition)",511882.90914693,2771556.31926819,FALSE,FALSE,"Low (both)",FALSE,FALSE,NA,"top_33pct"
"GEM-E3 V2021","ENGAGE-INDCi2030-600f-COV-NDCp","C2",365230.73138373,1449466.54905337,"1.5C (High-Ambition)",511882.90914693,2771556.31926819,FALSE,FALSE,"Low (both)",FALSE,FALSE,NA,"top_33pct"
"GEM-E3 V2021","ENGAGE-INDCi2030-600f-NDCp","C2",395245.26464619,1543463.30022535,"1.5C (High-Ambition)",511882.90914693,2771556.31926819,FALSE,FALSE,"Low (both)",FALSE,FALSE,NA,"top_33pct"
"GEM-E3 V2021","ENGAGE-INDCi2030-800","C3",424643.204059843,1504786.97756537,"2C (Medium-Ambition)",466027.253460691,1932960.06221475,FALSE,FALSE,"Low (both)",FALSE,FALSE,NA,"top_33pct"
"GEM-E3 V2021","ENGAGE-INDCi2030-800f","C2",399829.864916601,1480967.71738395,"1.5C (High-Ambition)",511882.90914693,2771556.31926819,FALSE,FALSE,"Low (both)",FALSE,FALSE,NA,"top_33pct"
"GEM-E3 V2021","ENGAGE-INDCi2100","C4",159264.622615488,973448.277127402,"2C (Medium-Ambition)",466027.253460691,1932960.06221475,FALSE,FALSE,"Low (both)",FALSE,FALSE,NA,"top_33pct"
"GEM-E3 V2021","ENGAGE-INDCi2100-COV","C4",121948.310515163,909070.754463548,"2C (Medium-Ambition)",466027.253460691,1932960.06221475,FALSE,FALSE,"Low (both)",FALSE,FALSE,NA,"top_33pct"
"GEM-E3 V2021","ENGAGE-INDCi2100-COV-NDCp","C4",130286.242838234,972704.488709599,"2C (Medium-Ambition)",466027.253460691,1932960.06221475,FALSE,FALSE,"Low (both)",FALSE,FALSE,NA,"top_33pct"
"GEM-E3 V2021","ENGAGE-INDCi2100-NDCp","C4",170642.97530002,1030310.80126607,"2C (Medium-Ambition)",466027.253460691,1932960.06221475,FALSE,FALSE,"Low (both)",FALSE,FALSE,NA,"top_33pct"
"GEM-E3 V2021","ENGAGE-NPi2020-1000","C3",434998.609629707,1392824.45273089,"2C (Medium-Ambition)",466027.253460691,1932960.06221475,FALSE,FALSE,"Low (both)",FALSE,FALSE,NA,"top_33pct"
"GEM-E3 V2021","ENGAGE-NPi2020-1000-COV","C3",392819.403659865,1294103.11260037,"2C (Medium-Ambition)",466027.253460691,1932960.06221475,FALSE,FALSE,"Low (both)",FALSE,FALSE,NA,"top_33pct"
"GEM-E3 V2021","ENGAGE-NPi2020-1000f","C4",406177.635548249,1373786.78979453,"2C (Medium-Ambition)",466027.253460691,1932960.06221475,FALSE,FALSE,"Low (both)",FALSE,FALSE,NA,"top_33pct"
"GEM-E3 V2021","ENGAGE-NPi2020-1000f-COV","C3",380325.151151716,1282738.27517117,"2C (Medium-Ambition)",466027.253460691,1932960.06221475,FALSE,FALSE,"Low (both)",FALSE,FALSE,NA,"top_33pct"
"GEM-E3 V2021","ENGAGE-NPi2020-1400","C3",385953.802348838,1266859.83450525,"2C (Medium-Ambition)",466027.253460691,1932960.06221475,FALSE,FALSE,"Low (both)",FALSE,FALSE,NA,"top_33pct"
"GEM-E3 V2021","ENGAGE-NPi2020-1400f","C4",386697.056116819,1268232.96959627,"2C (Medium-Ambition)",466027.253460691,1932960.06221475,FALSE,FALSE,"Low (both)",FALSE,FALSE,NA,"top_33pct"
"GEM-E3 V2021","ENGAGE-NPi2020-1800","C3",357121.404239609,1152994.11708378,"2C (Medium-Ambition)",466027.253460691,1932960.06221475,FALSE,FALSE,"Low (both)",FALSE,FALSE,NA,"top_33pct"
"GEM-E3 V2021","ENGAGE-NPi2020-1800f","C3",357121.404239609,1152994.11708378,"2C (Medium-Ambition)",466027.253460691,1932960.06221475,FALSE,FALSE,"Low (both)",FALSE,FALSE,NA,"top_33pct"
"GEM-E3 V2021","ENGAGE-NPi2020-400f","C2",400612.509721493,1545758.30679398,"1.5C (High-Ambition)",511882.90914693,2771556.31926819,FALSE,FALSE,"Low (both)",FALSE,FALSE,NA,"top_33pct"
"GEM-E3 V2021","ENGAGE-NPi2020-500","C1",395683.042949647,1561521.367688,"1.5C (High-Ambition)",511882.90914693,2771556.31926819,FALSE,FALSE,"Low (both)",FALSE,FALSE,NA,"top_33pct"
"GEM-E3 V2021","ENGAGE-NPi2020-500f","C2",403654.981573094,1513906.82985649,"1.5C (High-Ambition)",511882.90914693,2771556.31926819,FALSE,FALSE,"Low (both)",FALSE,FALSE,NA,"top_33pct"
"GEM-E3 V2021","ENGAGE-NPi2020-600","C2",435233.774949773,1524765.8285232,"1.5C (High-Ambition)",511882.90914693,2771556.31926819,FALSE,FALSE,"Low (both)",FALSE,FALSE,NA,"top_33pct"
"GEM-E3 V2021","ENGAGE-NPi2020-600-COV","C1",383908.46607817,1445972.3387159,"1.5C (High-Ambition)",511882.90914693,2771556.31926819,FALSE,FALSE,"Low (both)",FALSE,FALSE,NA,"top_33pct"
"GEM-E3 V2021","ENGAGE-NPi2020-600f","C2",406070.213257694,1479490.42172831,"1.5C (High-Ambition)",511882.90914693,2771556.31926819,FALSE,FALSE,"Low (both)",FALSE,FALSE,NA,"top_33pct"
"GEM-E3 V2021","ENGAGE-NPi2020-600f-COV","C2",362613.932189569,1411550.0814039,"1.5C (High-Ambition)",511882.90914693,2771556.31926819,FALSE,FALSE,"Low (both)",FALSE,FALSE,NA,"top_33pct"
"GEM-E3 V2021","ENGAGE-NPi2020-800","C3",434446.273204154,1451339.71558518,"2C (Medium-Ambition)",466027.253460691,1932960.06221475,FALSE,FALSE,"Low (both)",FALSE,FALSE,NA,"top_33pct"
"GEM-E3 V2021","ENGAGE-NPi2020-800f","C3",405554.200016927,1432026.64188411,"2C (Medium-Ambition)",466027.253460691,1932960.06221475,FALSE,FALSE,"Low (both)",FALSE,FALSE,NA,"top_33pct"
"GEM-E3 V2021","ENGAGE-NPi2100","C4",32549.9797972113,845410.919749515,"2C (Medium-Ambition)",466027.253460691,1932960.06221475,FALSE,FALSE,"Low (both)",FALSE,FALSE,NA,"top_33pct"
"GEM-E3 V2021","ENGAGE-NPi2100-COV","C4",30081.6669182033,794078.099527156,"2C (Medium-Ambition)",466027.253460691,1932960.06221475,FALSE,FALSE,"Low (both)",FALSE,FALSE,NA,"top_33pct"
"IMAGE 3.0","COMMIT-2°C-2020","C3",592651.503414055,283543.509470597,"2C (Medium-Ambition)",466027.253460691,1932960.06221475,TRUE,FALSE,"High-CMT only",TRUE,FALSE,"High-CMT","top_33pct"
"IMAGE 3.0","COMMIT-2°C-2030","C3",586133.718372497,321624.853070124,"2C (Medium-Ambition)",466027.253460691,1932960.06221475,TRUE,FALSE,"High-CMT only",TRUE,FALSE,"High-CMT","top_33pct"
"IMAGE 3.0","COMMIT-Baseline","C4",105250.466973737,206705.874523067,"2C (Medium-Ambition)",466027.253460691,1932960.06221475,FALSE,FALSE,"Low (both)",FALSE,FALSE,NA,"top_33pct"
"IMAGE 3.0","COMMIT-Bridge","C3",610619.690131509,313890.183132927,"2C (Medium-Ambition)",466027.253460691,1932960.06221475,TRUE,FALSE,"High-CMT only",TRUE,FALSE,"High-CMT","top_33pct"
"IMAGE 3.0","COMMIT-Current-Policies","C4",100029.702797417,191230.707288643,"2C (Medium-Ambition)",466027.253460691,1932960.06221475,FALSE,FALSE,"Low (both)",FALSE,FALSE,NA,"top_33pct"
"IMAGE 3.0","COMMIT-GPP","C3",437686.531438619,242073.934705711,"2C (Medium-Ambition)",466027.253460691,1932960.06221475,FALSE,FALSE,"Low (both)",FALSE,FALSE,NA,"top_33pct"
"IMAGE 3.0","COMMIT-NDCplus","C4",212200.70989267,227605.191678729,"2C (Medium-Ambition)",466027.253460691,1932960.06221475,FALSE,FALSE,"Low (both)",FALSE,FALSE,NA,"top_33pct"
"IMAGE 3.0","ENGAGE-INDCi2030-1000","C4",876081.959184768,702090.022829114,"2C (Medium-Ambition)",466027.253460691,1932960.06221475,TRUE,FALSE,"High-CMT only",TRUE,FALSE,"High-CMT","top_33pct"
"IMAGE 3.0","ENGAGE-INDCi2030-1000f","C4",848507.505758893,811580.511947732,"2C (Medium-Ambition)",466027.253460691,1932960.06221475,TRUE,FALSE,"High-CMT only",TRUE,FALSE,"High-CMT","top_33pct"
"IMAGE 3.0","ENGAGE-INDCi2030-1200","C4",818814.213220905,671987.570312427,"2C (Medium-Ambition)",466027.253460691,1932960.06221475,TRUE,FALSE,"High-CMT only",TRUE,FALSE,"High-CMT","top_33pct"
"IMAGE 3.0","ENGAGE-INDCi2030-1200f","C4",836264.934158684,682096.886468043,"2C (Medium-Ambition)",466027.253460691,1932960.06221475,TRUE,FALSE,"High-CMT only",TRUE,FALSE,"High-CMT","top_33pct"
"IMAGE 3.0","ENGAGE-INDCi2030-1400","C3",803294.660026376,658867.523716752,"2C (Medium-Ambition)",466027.253460691,1932960.06221475,TRUE,FALSE,"High-CMT only",TRUE,FALSE,"High-CMT","top_33pct"
"IMAGE 3.0","ENGAGE-INDCi2030-1400f","C4",809700.300279276,682950.450778101,"2C (Medium-Ambition)",466027.253460691,1932960.06221475,TRUE,FALSE,"High-CMT only",TRUE,FALSE,"High-CMT","top_33pct"
"IMAGE 3.0","ENGAGE-INDCi2030-3000","C4",653692.409422285,633771.820827194,"2C (Medium-Ambition)",466027.253460691,1932960.06221475,TRUE,FALSE,"High-CMT only",TRUE,FALSE,"High-CMT","top_33pct"
"IMAGE 3.0","ENGAGE-INDCi2030-3000f","C4",653692.409422285,633771.820827194,"2C (Medium-Ambition)",466027.253460691,1932960.06221475,TRUE,FALSE,"High-CMT only",TRUE,FALSE,"High-CMT","top_33pct"
"IMAGE 3.0","ENGAGE-INDCi2030-800f","C3",887538.712028109,812767.785044349,"2C (Medium-Ambition)",466027.253460691,1932960.06221475,TRUE,FALSE,"High-CMT only",TRUE,FALSE,"High-CMT","top_33pct"
"IMAGE 3.0","ENGAGE-INDCi2100","C4",472863.587221862,565048.573428677,"2C (Medium-Ambition)",466027.253460691,1932960.06221475,TRUE,FALSE,"High-CMT only",TRUE,FALSE,"High-CMT","top_33pct"
"IMAGE 3.0","ENGAGE-NPi2020-1000","C3",842848.044547377,683474.301139702,"2C (Medium-Ambition)",466027.253460691,1932960.06221475,TRUE,FALSE,"High-CMT only",TRUE,FALSE,"High-CMT","top_33pct"
"IMAGE 3.0","ENGAGE-NPi2020-1000f","C3",871721.225592955,686997.2425343,"2C (Medium-Ambition)",466027.253460691,1932960.06221475,TRUE,FALSE,"High-CMT only",TRUE,FALSE,"High-CMT","top_33pct"
"IMAGE 3.0","ENGAGE-NPi2020-1200","C4",810140.605251675,669224.327706253,"2C (Medium-Ambition)",466027.253460691,1932960.06221475,TRUE,FALSE,"High-CMT only",TRUE,FALSE,"High-CMT","top_33pct"
"IMAGE 3.0","ENGAGE-NPi2020-1200f","C4",870751.869707136,683140.702252543,"2C (Medium-Ambition)",466027.253460691,1932960.06221475,TRUE,FALSE,"High-CMT only",TRUE,FALSE,"High-CMT","top_33pct"
"IMAGE 3.0","ENGAGE-NPi2020-1400","C4",798889.138114873,652779.438378513,"2C (Medium-Ambition)",466027.253460691,1932960.06221475,TRUE,FALSE,"High-CMT only",TRUE,FALSE,"High-CMT","top_33pct"
"IMAGE 3.0","ENGAGE-NPi2020-1400f","C4",827021.237222786,667645.946700914,"2C (Medium-Ambition)",466027.253460691,1932960.06221475,TRUE,FALSE,"High-CMT only",TRUE,FALSE,"High-CMT","top_33pct"
"IMAGE 3.0","ENGAGE-NPi2020-3000","C4",643076.280085541,634028.200372592,"2C (Medium-Ambition)",466027.253460691,1932960.06221475,TRUE,FALSE,"High-CMT only",TRUE,FALSE,"High-CMT","top_33pct"
"IMAGE 3.0","ENGAGE-NPi2020-3000f","C4",643076.280085541,634028.200372592,"2C (Medium-Ambition)",466027.253460691,1932960.06221475,TRUE,FALSE,"High-CMT only",TRUE,FALSE,"High-CMT","top_33pct"
"IMAGE 3.0","ENGAGE-NPi2020-600f","C3",879923.837918119,850814.23794064,"2C (Medium-Ambition)",466027.253460691,1932960.06221475,TRUE,FALSE,"High-CMT only",TRUE,FALSE,"High-CMT","top_33pct"
"IMAGE 3.0","ENGAGE-NPi2020-800","C3",866895.105016495,763802.108236737,"2C (Medium-Ambition)",466027.253460691,1932960.06221475,TRUE,FALSE,"High-CMT only",TRUE,FALSE,"High-CMT","top_33pct"
"IMAGE 3.0","ENGAGE-NPi2020-800f","C3",884745.11942352,711339.640855507,"2C (Medium-Ambition)",466027.253460691,1932960.06221475,TRUE,FALSE,"High-CMT only",TRUE,FALSE,"High-CMT","top_33pct"
"IMAGE 3.0","ENGAGE-NPi2100","C4",284378.327722237,536517.112002437,"2C (Medium-Ambition)",466027.253460691,1932960.06221475,FALSE,FALSE,"Low (both)",FALSE,FALSE,NA,"top_33pct"
"IMAGE 3.0","ENGAGE-NoPolicy","C4",185932.113938549,535125.948661702,"2C (Medium-Ambition)",466027.253460691,1932960.06221475,FALSE,FALSE,"Low (both)",FALSE,FALSE,NA,"top_33pct"
"IMAGE 3.0.1","ADVANCE-2020-1.5°C-2100","C2",0,NA,"1.5C (High-Ambition)",511882.90914693,2771556.31926819,FALSE,NA,"Low (both)",FALSE,NA,NA,"top_33pct"
"IMAGE 3.0.1","ADVANCE-2020-medium-2°C","C4",0,NA,"2C (Medium-Ambition)",466027.253460691,1932960.06221475,FALSE,NA,"Low (both)",FALSE,NA,NA,"top_33pct"
"IMAGE 3.0.1","ADVANCE-2020-well-below-2°C","C3",0,NA,"2C (Medium-Ambition)",466027.253460691,1932960.06221475,FALSE,NA,"Low (both)",FALSE,NA,NA,"top_33pct"
"IMAGE 3.0.1","ADVANCE-2030-medium-2°C","C4",0,NA,"2C (Medium-Ambition)",466027.253460691,1932960.06221475,FALSE,NA,"Low (both)",FALSE,NA,NA,"top_33pct"
"IMAGE 3.0.1","ADVANCE-2030-well-below-2°C","C3",0,NA,"2C (Medium-Ambition)",466027.253460691,1932960.06221475,FALSE,NA,"Low (both)",FALSE,NA,NA,"top_33pct"
"IMAGE 3.0.1","ADVANCE-INDC","C4",0,NA,"2C (Medium-Ambition)",466027.253460691,1932960.06221475,FALSE,NA,"Low (both)",FALSE,NA,NA,"top_33pct"
"IMAGE 3.0.1","ADVANCE-NoPolicy","C4",0,NA,"2C (Medium-Ambition)",466027.253460691,1932960.06221475,FALSE,NA,"Low (both)",FALSE,NA,NA,"top_33pct"
"IMAGE 3.0.1","ADVANCE-Reference","C4",0,NA,"2C (Medium-Ambition)",466027.253460691,1932960.06221475,FALSE,NA,"Low (both)",FALSE,NA,NA,"top_33pct"
"IMAGE 3.0.1","CD-LINKS-INDC2030i_1600","C4",0,NA,"2C (Medium-Ambition)",466027.253460691,1932960.06221475,FALSE,NA,"Low (both)",FALSE,NA,NA,"top_33pct"
"IMAGE 3.0.1","CD-LINKS-INDCi","C4",0,NA,"2C (Medium-Ambition)",466027.253460691,1932960.06221475,FALSE,NA,"Low (both)",FALSE,NA,NA,"top_33pct"
"IMAGE 3.0.1","CD-LINKS-NDC2030i_1000","C3",0,NA,"2C (Medium-Ambition)",466027.253460691,1932960.06221475,FALSE,NA,"Low (both)",FALSE,NA,NA,"top_33pct"
"IMAGE 3.0.1","CD-LINKS-NPi","C4",0,NA,"2C (Medium-Ambition)",466027.253460691,1932960.06221475,FALSE,NA,"Low (both)",FALSE,NA,NA,"top_33pct"
"IMAGE 3.0.1","CD-LINKS-NPi2020_1000","C3",0,NA,"2C (Medium-Ambition)",466027.253460691,1932960.06221475,FALSE,NA,"Low (both)",FALSE,NA,NA,"top_33pct"
"IMAGE 3.0.1","CD-LINKS-NPi2020_1600","C4",0,NA,"2C (Medium-Ambition)",466027.253460691,1932960.06221475,FALSE,NA,"Low (both)",FALSE,NA,NA,"top_33pct"
"IMAGE 3.0.1","CD-LINKS-NPi2020_400","C2",0,NA,"1.5C (High-Ambition)",511882.90914693,2771556.31926819,FALSE,NA,"Low (both)",FALSE,NA,NA,"top_33pct"
"IMAGE 3.0.1","CD-LINKS-No-Policy","C4",0,NA,"2C (Medium-Ambition)",466027.253460691,1932960.06221475,FALSE,NA,"Low (both)",FALSE,NA,NA,"top_33pct"
"IMAGE 3.0.1","SSP1-19","C1",0,NA,"1.5C (High-Ambition)",511882.90914693,2771556.31926819,FALSE,NA,"Low (both)",FALSE,NA,NA,"top_33pct"
"IMAGE 3.0.1","SSP1-26","C3",0,NA,"2C (Medium-Ambition)",466027.253460691,1932960.06221475,FALSE,NA,"Low (both)",FALSE,NA,NA,"top_33pct"
"IMAGE 3.0.1","SSP1-34","C3",0,NA,"2C (Medium-Ambition)",466027.253460691,1932960.06221475,FALSE,NA,"Low (both)",FALSE,NA,NA,"top_33pct"
"IMAGE 3.0.1","SSP1-45","C4",0,NA,"2C (Medium-Ambition)",466027.253460691,1932960.06221475,FALSE,NA,"Low (both)",FALSE,NA,NA,"top_33pct"
"IMAGE 3.0.1","SSP1-Baseline","C4",0,NA,"2C (Medium-Ambition)",466027.253460691,1932960.06221475,FALSE,NA,"Low (both)",FALSE,NA,NA,"top_33pct"
"IMAGE 3.0.1","SSP2-26","C3",0,NA,"2C (Medium-Ambition)",466027.253460691,1932960.06221475,FALSE,NA,"Low (both)",FALSE,NA,NA,"top_33pct"
"IMAGE 3.0.1","SSP2-34","C3",0,NA,"2C (Medium-Ambition)",466027.253460691,1932960.06221475,FALSE,NA,"Low (both)",FALSE,NA,NA,"top_33pct"
"IMAGE 3.0.1","SSP2-45","C4",0,NA,"2C (Medium-Ambition)",466027.253460691,1932960.06221475,FALSE,NA,"Low (both)",FALSE,NA,NA,"top_33pct"
"IMAGE 3.0.1","SSP2-60","C4",0,NA,"2C (Medium-Ambition)",466027.253460691,1932960.06221475,FALSE,NA,"Low (both)",FALSE,NA,NA,"top_33pct"
"IMAGE 3.0.1","SSP2-Baseline","C4",0,NA,"2C (Medium-Ambition)",466027.253460691,1932960.06221475,FALSE,NA,"Low (both)",FALSE,NA,NA,"top_33pct"
"IMAGE 3.0.1","SSP3-34","C3",0,NA,"2C (Medium-Ambition)",466027.253460691,1932960.06221475,FALSE,NA,"Low (both)",FALSE,NA,NA,"top_33pct"
"IMAGE 3.0.1","SSP3-45","C4",0,NA,"2C (Medium-Ambition)",466027.253460691,1932960.06221475,FALSE,NA,"Low (both)",FALSE,NA,NA,"top_33pct"
"IMAGE 3.0.1","SSP3-60","C4",0,NA,"2C (Medium-Ambition)",466027.253460691,1932960.06221475,FALSE,NA,"Low (both)",FALSE,NA,NA,"top_33pct"
"IMAGE 3.0.1","SSP3-Baseline","C4",0,NA,"2C (Medium-Ambition)",466027.253460691,1932960.06221475,FALSE,NA,"Low (both)",FALSE,NA,NA,"top_33pct"
"IMAGE 3.0.1","SSP4-26","C3",0,NA,"2C (Medium-Ambition)",466027.253460691,1932960.06221475,FALSE,NA,"Low (both)",FALSE,NA,NA,"top_33pct"
"IMAGE 3.0.1","SSP4-34","C3",0,NA,"2C (Medium-Ambition)",466027.253460691,1932960.06221475,FALSE,NA,"Low (both)",FALSE,NA,NA,"top_33pct"
"IMAGE 3.0.1","SSP4-45","C4",0,NA,"2C (Medium-Ambition)",466027.253460691,1932960.06221475,FALSE,NA,"Low (both)",FALSE,NA,NA,"top_33pct"
"IMAGE 3.0.1","SSP4-60","C4",0,NA,"2C (Medium-Ambition)",466027.253460691,1932960.06221475,FALSE,NA,"Low (both)",FALSE,NA,NA,"top_33pct"
"IMAGE 3.0.1","SSP4-Baseline","C4",0,NA,"2C (Medium-Ambition)",466027.253460691,1932960.06221475,FALSE,NA,"Low (both)",FALSE,NA,NA,"top_33pct"
"IMAGE 3.0.1","SSP5-34","C3",0,NA,"2C (Medium-Ambition)",466027.253460691,1932960.06221475,FALSE,NA,"Low (both)",FALSE,NA,NA,"top_33pct"
"IMAGE 3.0.1","SSP5-45","C4",0,NA,"2C (Medium-Ambition)",466027.253460691,1932960.06221475,FALSE,NA,"Low (both)",FALSE,NA,NA,"top_33pct"
"IMAGE 3.0.1","SSP5-60","C4",0,NA,"2C (Medium-Ambition)",466027.253460691,1932960.06221475,FALSE,NA,"Low (both)",FALSE,NA,NA,"top_33pct"
"IMAGE 3.0.1","SSP5-Baseline","C4",0,NA,"2C (Medium-Ambition)",466027.253460691,1932960.06221475,FALSE,NA,"Low (both)",FALSE,NA,NA,"top_33pct"
"IMAGE 3.0.2","EMF33-medium-2°C-cost100","C3",0,NA,"2C (Medium-Ambition)",466027.253460691,1932960.06221475,FALSE,NA,"Low (both)",FALSE,NA,NA,"top_33pct"
"IMAGE 3.0.2","EMF33-medium-2°C-full","C3",0,NA,"2C (Medium-Ambition)",466027.253460691,1932960.06221475,FALSE,NA,"Low (both)",FALSE,NA,NA,"top_33pct"
"IMAGE 3.0.2","EMF33-medium-2°C-limbio","C3",0,NA,"2C (Medium-Ambition)",466027.253460691,1932960.06221475,FALSE,NA,"Low (both)",FALSE,NA,NA,"top_33pct"
"IMAGE 3.0.2","EMF33-medium-2°C-nobeccs","C4",0,NA,"2C (Medium-Ambition)",466027.253460691,1932960.06221475,FALSE,NA,"Low (both)",FALSE,NA,NA,"top_33pct"
"IMAGE 3.0.2","EMF33-medium-2°C-nofuel","C4",0,NA,"2C (Medium-Ambition)",466027.253460691,1932960.06221475,FALSE,NA,"Low (both)",FALSE,NA,NA,"top_33pct"
"IMAGE 3.0.2","EMF33-medium-2°C-none","C4",0,NA,"2C (Medium-Ambition)",466027.253460691,1932960.06221475,FALSE,NA,"Low (both)",FALSE,NA,NA,"top_33pct"
"IMAGE 3.0.2","EMF33-tax-hi-full","C4",0,NA,"2C (Medium-Ambition)",466027.253460691,1932960.06221475,FALSE,NA,"Low (both)",FALSE,NA,NA,"top_33pct"
"IMAGE 3.0.2","EMF33-tax-hi-none","C3",0,NA,"2C (Medium-Ambition)",466027.253460691,1932960.06221475,FALSE,NA,"Low (both)",FALSE,NA,NA,"top_33pct"
"IMAGE 3.0.2","EMF33-tax-lo-full","C3",0,NA,"2C (Medium-Ambition)",466027.253460691,1932960.06221475,FALSE,NA,"Low (both)",FALSE,NA,NA,"top_33pct"
"IMAGE 3.0.2","EMF33-tax-lo-none","C3",0,NA,"2C (Medium-Ambition)",466027.253460691,1932960.06221475,FALSE,NA,"Low (both)",FALSE,NA,NA,"top_33pct"
"IMAGE 3.0.2","EMF33-well-below-2°C-cost100","C3",0,NA,"2C (Medium-Ambition)",466027.253460691,1932960.06221475,FALSE,NA,"Low (both)",FALSE,NA,NA,"top_33pct"
"IMAGE 3.0.2","EMF33-well-below-2°C-full","C3",0,NA,"2C (Medium-Ambition)",466027.253460691,1932960.06221475,FALSE,NA,"Low (both)",FALSE,NA,NA,"top_33pct"
"IMAGE 3.0.2","EMF33-well-below-2°C-limbio","C3",0,NA,"2C (Medium-Ambition)",466027.253460691,1932960.06221475,FALSE,NA,"Low (both)",FALSE,NA,NA,"top_33pct"
"IMAGE 3.0.2","EMF33-well-below-2°C-nobeccs","C3",0,NA,"2C (Medium-Ambition)",466027.253460691,1932960.06221475,FALSE,NA,"Low (both)",FALSE,NA,NA,"top_33pct"
"IMAGE 3.0.2","EMF33-well-below-2°C-nofuel","C3",0,NA,"2C (Medium-Ambition)",466027.253460691,1932960.06221475,FALSE,NA,"Low (both)",FALSE,NA,NA,"top_33pct"
"IMAGE 3.2","ENGAGE-Feasibility-1000/Cost-Effective","C3",800277.047928581,1043205.48355344,"2C (Medium-Ambition)",466027.253460691,1932960.06221475,TRUE,FALSE,"High-CMT only",TRUE,FALSE,"High-CMT","top_33pct"
"IMAGE 3.2","ENGAGE-Feasibility-1000/Enablers & Institutional","C3",519180.532413809,1266109.78465141,"2C (Medium-Ambition)",466027.253460691,1932960.06221475,TRUE,FALSE,"High-CMT only",TRUE,FALSE,"High-CMT","top_33pct"
"IMAGE 3.2","ENGAGE-Feasibility-1000/Institutional","C4",761155.713390767,990309.613056863,"2C (Medium-Ambition)",466027.253460691,1932960.06221475,TRUE,FALSE,"High-CMT only",TRUE,FALSE,"High-CMT","top_33pct"
"IMAGE 3.2","ENGAGE-Feasibility-1000/Technology","C3",671795.47308341,1502260.51647668,"2C (Medium-Ambition)",466027.253460691,1932960.06221475,TRUE,FALSE,"High-CMT only",TRUE,FALSE,"High-CMT","top_33pct"
"IMAGE 3.2","ENGAGE-Feasibility-1000/Technology & Enablers & Institutional","C3",506338.917165436,1325937.00382229,"2C (Medium-Ambition)",466027.253460691,1932960.06221475,TRUE,FALSE,"High-CMT only",TRUE,FALSE,"High-CMT","top_33pct"
"IMAGE 3.2","ENGAGE-Feasibility-1000/Technology & Institutional","C3",683454.598923968,1482832.03136974,"2C (Medium-Ambition)",466027.253460691,1932960.06221475,TRUE,FALSE,"High-CMT only",TRUE,FALSE,"High-CMT","top_33pct"
"IMAGE 3.2","ENGAGE-Feasibility-Maximum-Effort/Cost-Effective","C3",857519.877975693,1188149.14119435,"2C (Medium-Ambition)",466027.253460691,1932960.06221475,TRUE,FALSE,"High-CMT only",TRUE,FALSE,"High-CMT","top_33pct"
"IMAGE 3.2","ENGAGE-Feasibility-Maximum-Effort/Enablers & Institutional","C3",585633.353948538,1320287.53232026,"2C (Medium-Ambition)",466027.253460691,1932960.06221475,TRUE,FALSE,"High-CMT only",TRUE,FALSE,"High-CMT","top_33pct"
"IMAGE 3.2","ENGAGE-Feasibility-Maximum-Effort/Institutional","C3",868596.70633812,1045394.941033,"2C (Medium-Ambition)",466027.253460691,1932960.06221475,TRUE,FALSE,"High-CMT only",TRUE,FALSE,"High-CMT","top_33pct"
"IMAGE 3.2","ENGAGE-Feasibility-Maximum-Effort/Technology","C3",653335.999371375,1755985.63788611,"2C (Medium-Ambition)",466027.253460691,1932960.06221475,TRUE,FALSE,"High-CMT only",TRUE,FALSE,"High-CMT","top_33pct"
"IMAGE 3.2","ENGAGE-Feasibility-Maximum-Effort/Technology & Enablers & Institutional","C3",541842.041130442,1443523.08908912,"2C (Medium-Ambition)",466027.253460691,1932960.06221475,TRUE,FALSE,"High-CMT only",TRUE,FALSE,"High-CMT","top_33pct"
"IMAGE 3.2","ENGAGE-Feasibility-Maximum-Effort/Technology & Institutional","C3",692111.864970431,1659859.6734203,"2C (Medium-Ambition)",466027.253460691,1932960.06221475,TRUE,FALSE,"High-CMT only",TRUE,FALSE,"High-CMT","top_33pct"
"IMAGE 3.2","SSP2021-SSP1-SPA1-19-Default","C2",945220.52226963,1588856.51319239,"1.5C (High-Ambition)",511882.90914693,2771556.31926819,TRUE,FALSE,"High-CMT only",TRUE,FALSE,"High-CMT","top_33pct"
"IMAGE 3.2","SSP2021-SSP1-SPA1-19-Default-LowBiomass","C1",1146296.93466715,2051418.10832005,"1.5C (High-Ambition)",511882.90914693,2771556.31926819,TRUE,FALSE,"High-CMT only",TRUE,FALSE,"High-CMT","top_33pct"
"IMAGE 3.2","SSP2021-SSP1-SPA1-19-Lifestyle","C2",957721.025438778,1514239.10725892,"1.5C (High-Ambition)",511882.90914693,2771556.31926819,TRUE,FALSE,"High-CMT only",TRUE,FALSE,"High-CMT","top_33pct"
"IMAGE 3.2","SSP2021-SSP1-SPA1-19-Lifestyle-Renewables","C2",1406398.2288187,2093442.17829837,"1.5C (High-Ambition)",511882.90914693,2771556.31926819,TRUE,FALSE,"High-CMT only",TRUE,FALSE,"High-CMT","top_33pct"
"IMAGE 3.2","SSP2021-SSP1-SPA1-19-Lifestyle-Renewables-LowBiomass","C1",1426426.10110244,2594281.92493291,"1.5C (High-Ambition)",511882.90914693,2771556.31926819,TRUE,FALSE,"High-CMT only",TRUE,FALSE,"High-CMT","top_33pct"
"IMAGE 3.2","SSP2021-SSP1-SPA1-19-Renewables","C2",1049871.70154164,2635442.63858426,"1.5C (High-Ambition)",511882.90914693,2771556.31926819,TRUE,FALSE,"High-CMT only",TRUE,FALSE,"High-CMT","top_33pct"
"IMAGE 3.2","SSP2021-SSP1-SPA1-19-Renewables-LowBiomass","C1",1252757.28115821,3142295.30906495,"1.5C (High-Ambition)",511882.90914693,2771556.31926819,TRUE,TRUE,"Both High",FALSE,FALSE,NA,"top_33pct"
"IMAGE 3.2","SSP2021-SSP1-SPA1-26-Default","C3",700267.711472806,1482153.59831313,"2C (Medium-Ambition)",466027.253460691,1932960.06221475,TRUE,FALSE,"High-CMT only",TRUE,FALSE,"High-CMT","top_33pct"
"IMAGE 3.2","SSP2021-SSP1-SPA1-26-Lifestyle","C3",682403.118995186,1358639.41885895,"2C (Medium-Ambition)",466027.253460691,1932960.06221475,TRUE,FALSE,"High-CMT only",TRUE,FALSE,"High-CMT","top_33pct"
"IMAGE 3.2","SSP2021-SSP1-SPA1-26-Lifestyle-Renewables","C3",1018159.79604593,1792900.45793675,"2C (Medium-Ambition)",466027.253460691,1932960.06221475,TRUE,FALSE,"High-CMT only",TRUE,FALSE,"High-CMT","top_33pct"
"IMAGE 3.2","SSP2021-SSP1-SPA1-26-Renewables","C3",728478.48626138,2600647.9559622,"2C (Medium-Ambition)",466027.253460691,1932960.06221475,TRUE,TRUE,"Both High",FALSE,FALSE,NA,"top_33pct"
"IMAGE 3.2","SSP2021-SSP1-SPA1-34-Default","C3",344342.431489462,1524714.83168443,"2C (Medium-Ambition)",466027.253460691,1932960.06221475,FALSE,FALSE,"Low (both)",FALSE,FALSE,NA,"top_33pct"
"IMAGE 3.2","SSP2021-SSP1-SPA1-34-Lifestyle","C3",486865.631230238,1317649.97868909,"2C (Medium-Ambition)",466027.253460691,1932960.06221475,TRUE,FALSE,"High-CMT only",TRUE,FALSE,"High-CMT","top_33pct"
"IMAGE 3.2","SSP2021-SSP1-SPA1-34-Lifestyle-Renewables","C3",483321.219050652,2350496.07332979,"2C (Medium-Ambition)",466027.253460691,1932960.06221475,TRUE,TRUE,"Both High",FALSE,FALSE,NA,"top_33pct"
"IMAGE 3.2","SSP2021-SSP1-SPA1-34-Renewables","C3",302546.924158593,2539069.7579947,"2C (Medium-Ambition)",466027.253460691,1932960.06221475,FALSE,TRUE,"High-RE only",FALSE,TRUE,"High-RE","top_33pct"
"IMAGE 3.2","SSP2021-SSP2-SPA0-26-Default","C3",966850.008481895,862844.258967459,"2C (Medium-Ambition)",466027.253460691,1932960.06221475,TRUE,FALSE,"High-CMT only",TRUE,FALSE,"High-CMT","top_33pct"
"IMAGE 3.2","SSP2021-SSP2-SPA1-19-Default-LowBiomass","C1",1677755.82455086,1153913.8510039,"1.5C (High-Ambition)",511882.90914693,2771556.31926819,TRUE,FALSE,"High-CMT only",TRUE,FALSE,"High-CMT","top_33pct"
"IMAGE 3.2","SSP2021-SSP2-SPA1-19-Lifestyle-Renewables-LowBiomass","C1",1315759.59969637,2560873.988359,"1.5C (High-Ambition)",511882.90914693,2771556.31926819,TRUE,FALSE,"High-CMT only",TRUE,FALSE,"High-CMT","top_33pct"
"IMAGE 3.2","SSP2021-SSP2-SPA1-19-Renewables-LowBiomass","C1",1520102.37198774,2794770.90541558,"1.5C (High-Ambition)",511882.90914693,2771556.31926819,TRUE,TRUE,"Both High",FALSE,FALSE,NA,"top_33pct"
"IMAGE 3.2","SSP2021-SSP2-SPA2-19-Default","C2",1417157.08030829,1099454.02529209,"1.5C (High-Ambition)",511882.90914693,2771556.31926819,TRUE,FALSE,"High-CMT only",TRUE,FALSE,"High-CMT","top_33pct"
"IMAGE 3.2","SSP2021-SSP2-SPA2-19-Lifestyle","C1",1224476.98780122,1008660.30526297,"1.5C (High-Ambition)",511882.90914693,2771556.31926819,TRUE,FALSE,"High-CMT only",TRUE,FALSE,"High-CMT","top_33pct"
"IMAGE 3.2","SSP2021-SSP2-SPA2-19-Lifestyle-Renewables","C2",1282064.51223395,2551674.87706988,"1.5C (High-Ambition)",511882.90914693,2771556.31926819,TRUE,FALSE,"High-CMT only",TRUE,FALSE,"High-CMT","top_33pct"
"IMAGE 3.2","SSP2021-SSP2-SPA2-19-Renewables","C2",1334168.49513672,2645840.87325305,"1.5C (High-Ambition)",511882.90914693,2771556.31926819,TRUE,FALSE,"High-CMT only",TRUE,FALSE,"High-CMT","top_33pct"
"IMAGE 3.2","SSP2021-SSP2-SPA2-26-Default","C3",1118489.20518413,933531.783439759,"2C (Medium-Ambition)",466027.253460691,1932960.06221475,TRUE,FALSE,"High-CMT only",TRUE,FALSE,"High-CMT","top_33pct"
"IMAGE 3.2","SSP2021-SSP2-SPA2-26-Lifestyle","C3",941965.447547248,797330.837959991,"2C (Medium-Ambition)",466027.253460691,1932960.06221475,TRUE,FALSE,"High-CMT only",TRUE,FALSE,"High-CMT","top_33pct"
"IMAGE 3.2","SSP2021-SSP2-SPA2-26-Lifestyle-Renewables","C3",976121.540940465,1777164.95425487,"2C (Medium-Ambition)",466027.253460691,1932960.06221475,TRUE,FALSE,"High-CMT only",TRUE,FALSE,"High-CMT","top_33pct"
"IMAGE 3.2","SSP2021-SSP2-SPA2-26-Renewables","C3",1174576.12734791,2074357.60617239,"2C (Medium-Ambition)",466027.253460691,1932960.06221475,TRUE,TRUE,"Both High",FALSE,FALSE,NA,"top_33pct"
"IMAGE 3.2","SSP2021-SSP2-SPA2-34-Default","C3",672687.619525106,876946.126232003,"2C (Medium-Ambition)",466027.253460691,1932960.06221475,TRUE,FALSE,"High-CMT only",TRUE,FALSE,"High-CMT","top_33pct"
"IMAGE 3.2","SSP2021-SSP2-SPA2-34-Lifestyle","C3",549981.026565024,767654.52946589,"2C (Medium-Ambition)",466027.253460691,1932960.06221475,TRUE,FALSE,"High-CMT only",TRUE,FALSE,"High-CMT","top_33pct"
"IMAGE 3.2","SSP2021-SSP2-SPA2-34-Lifestyle-Renewables","C3",642254.014341902,1973323.81353873,"2C (Medium-Ambition)",466027.253460691,1932960.06221475,TRUE,TRUE,"Both High",FALSE,FALSE,NA,"top_33pct"
"IMAGE 3.2","SSP2021-SSP2-SPA2-34-Renewables","C3",705641.955317788,1974767.80185279,"2C (Medium-Ambition)",466027.253460691,1932960.06221475,TRUE,TRUE,"Both High",FALSE,FALSE,NA,"top_33pct"
"IMAGE 3.2","SSP2021-SSP2-SPA2-45-Default","C4",139515.606362025,821962.912696191,"2C (Medium-Ambition)",466027.253460691,1932960.06221475,FALSE,FALSE,"Low (both)",FALSE,FALSE,NA,"top_33pct"
"IMAGE 3.2","SSP2021-SSP2-SPA2-45-Lifestyle","C4",333222.49472766,681934.114876183,"2C (Medium-Ambition)",466027.253460691,1932960.06221475,FALSE,FALSE,"Low (both)",FALSE,FALSE,NA,"top_33pct"
"IMAGE 3.2","SSP2021-SSP2-SPA2-45-Lifestyle-Renewables","C4",324905.306402484,1467597.3805989,"2C (Medium-Ambition)",466027.253460691,1932960.06221475,FALSE,FALSE,"Low (both)",FALSE,FALSE,NA,"top_33pct"
"IMAGE 3.2","SSP2021-SSP2-SPA2-45-Renewables","C4",209220.70532009,1778551.44589272,"2C (Medium-Ambition)",466027.253460691,1932960.06221475,FALSE,FALSE,"Low (both)",FALSE,FALSE,NA,"top_33pct"
"IMAGE 3.3","GEO7-Behavioural Focused Pathway","C2",630533.357357845,NA,"1.5C (High-Ambition)",511882.90914693,2771556.31926819,TRUE,NA,"Low (both)",NA,FALSE,NA,"top_33pct"
"IMAGE 3.3","GEO7-Technology Focused Pathway","C2",1011047.56923105,NA,"1.5C (High-Ambition)",511882.90914693,2771556.31926819,TRUE,NA,"Low (both)",NA,FALSE,NA,"top_33pct"
"IMAGE 3.3","NAVIGATE Demand-1.5°C-act_u","C3",762036.383499808,1507949.42224563,"2C (Medium-Ambition)",466027.253460691,1932960.06221475,TRUE,FALSE,"High-CMT only",TRUE,FALSE,"High-CMT","top_33pct"
"IMAGE 3.3","NAVIGATE Demand-1.5°C-all_u","C3",744256.579861408,1562038.79344799,"2C (Medium-Ambition)",466027.253460691,1932960.06221475,TRUE,FALSE,"High-CMT only",TRUE,FALSE,"High-CMT","top_33pct"
"IMAGE 3.3","NAVIGATE Demand-1.5°C-ele_u","C3",772225.502630608,1958671.84924445,"2C (Medium-Ambition)",466027.253460691,1932960.06221475,TRUE,TRUE,"Both High",FALSE,FALSE,NA,"top_33pct"
"IMAGE 3.3","NAVIGATE Demand-1.5°C-ref","C3",778724.006949016,1697100.32213757,"2C (Medium-Ambition)",466027.253460691,1932960.06221475,TRUE,FALSE,"High-CMT only",TRUE,FALSE,"High-CMT","top_33pct"
"IMAGE 3.3","NAVIGATE Demand-1.5°C-tec_u","C3",759175.790569589,1664038.1407893,"2C (Medium-Ambition)",466027.253460691,1932960.06221475,TRUE,FALSE,"High-CMT only",TRUE,FALSE,"High-CMT","top_33pct"
"IMAGE 3.3","NAVIGATE Demand-2.0°C-act_u","C3",556270.660680073,966172.232563842,"2C (Medium-Ambition)",466027.253460691,1932960.06221475,TRUE,FALSE,"High-CMT only",TRUE,FALSE,"High-CMT","top_33pct"
"IMAGE 3.3","NAVIGATE Demand-2.0°C-all_u","C3",541607.353075173,1219491.73531989,"2C (Medium-Ambition)",466027.253460691,1932960.06221475,TRUE,FALSE,"High-CMT only",TRUE,FALSE,"High-CMT","top_33pct"
"IMAGE 3.3","NAVIGATE Demand-2.0°C-ele_u","C3",584591.804761934,1554284.52330658,"2C (Medium-Ambition)",466027.253460691,1932960.06221475,TRUE,FALSE,"High-CMT only",TRUE,FALSE,"High-CMT","top_33pct"
"IMAGE 3.3","NAVIGATE Demand-2.0°C-ref","C3",572177.94958529,1342490.21109318,"2C (Medium-Ambition)",466027.253460691,1932960.06221475,TRUE,FALSE,"High-CMT only",TRUE,FALSE,"High-CMT","top_33pct"
"IMAGE 3.3","NAVIGATE Demand-2.0°C-tec_u","C3",563838.663853716,1359121.25656336,"2C (Medium-Ambition)",466027.253460691,1932960.06221475,TRUE,FALSE,"High-CMT only",TRUE,FALSE,"High-CMT","top_33pct"
"IMAGE 3.3","NAVIGATE Demand-NPi-act","C4",36864.8174374457,776413.870335863,"2C (Medium-Ambition)",466027.253460691,1932960.06221475,FALSE,FALSE,"Low (both)",FALSE,FALSE,NA,"top_33pct"
"IMAGE 3.3","NAVIGATE Demand-NPi-all","C4",39357.6720367445,1034269.67913706,"2C (Medium-Ambition)",466027.253460691,1932960.06221475,FALSE,FALSE,"Low (both)",FALSE,FALSE,NA,"top_33pct"
"IMAGE 3.3","NAVIGATE Demand-NPi-ele","C4",58338.0105108168,1138476.52189317,"2C (Medium-Ambition)",466027.253460691,1932960.06221475,FALSE,FALSE,"Low (both)",FALSE,FALSE,NA,"top_33pct"
"IMAGE 3.3","NAVIGATE Demand-NPi-ref","C4",45412.052542657,930675.367491381,"2C (Medium-Ambition)",466027.253460691,1932960.06221475,FALSE,FALSE,"Low (both)",FALSE,FALSE,NA,"top_33pct"
"IMAGE 3.3","NAVIGATE Demand-NPi-tec","C4",33666.6130403252,1097496.00931934,"2C (Medium-Ambition)",466027.253460691,1932960.06221475,FALSE,FALSE,"Low (both)",FALSE,FALSE,NA,"top_33pct"
"IMAGE 3.3","SHAPE-SDP-EI-1.5°C","C2",1499150.22624076,2031118.63940702,"1.5C (High-Ambition)",511882.90914693,2771556.31926819,TRUE,FALSE,"High-CMT only",TRUE,FALSE,"High-CMT","top_33pct"
"IMAGE 3.3","SHAPE-SDP-EI-1.5°C [with Climate Change Impacts]","C2",1585481.19568532,1992621.0966507,"1.5C (High-Ambition)",511882.90914693,2771556.31926819,TRUE,FALSE,"High-CMT only",TRUE,FALSE,"High-CMT","top_33pct"
"IMAGE 3.3","SHAPE-SDP-MC-1.5°C","C2",853206.346064899,2345292.54469992,"1.5C (High-Ambition)",511882.90914693,2771556.31926819,TRUE,FALSE,"High-CMT only",TRUE,FALSE,"High-CMT","top_33pct"
"IMAGE 3.3","SHAPE-SDP-MC-1.5°C [with Climate Change Impacts]","C2",973009.201229846,2320205.09874191,"1.5C (High-Ambition)",511882.90914693,2771556.31926819,TRUE,FALSE,"High-CMT only",TRUE,FALSE,"High-CMT","top_33pct"
"IMAGE 3.3","SHAPE-SDP-RC-1.5°C","C1",912815.509342187,1525312.4688221,"1.5C (High-Ambition)",511882.90914693,2771556.31926819,TRUE,FALSE,"High-CMT only",TRUE,FALSE,"High-CMT","top_33pct"
"IMAGE 3.3","SHAPE-SDP-RC-1.5°C [with Climate Change Impacts]","C1",1132834.40677823,1432193.75580331,"1.5C (High-Ambition)",511882.90914693,2771556.31926819,TRUE,FALSE,"High-CMT only",TRUE,FALSE,"High-CMT","top_33pct"
"IMAGE 3.3","SHAPE-SSP1-1.5°C","C1",1597158.41737734,1467015.97921265,"1.5C (High-Ambition)",511882.90914693,2771556.31926819,TRUE,FALSE,"High-CMT only",TRUE,FALSE,"High-CMT","top_33pct"
"IMAGE 3.3","SHAPE-SSP1-NPi","C4",40096.0999621073,1401850.82501457,"2C (Medium-Ambition)",466027.253460691,1932960.06221475,FALSE,FALSE,"Low (both)",FALSE,FALSE,NA,"top_33pct"
"IMAGE 3.3","SHAPE-SSP2-1.5°C","C1",2279153.28023599,1035800.98418197,"1.5C (High-Ambition)",511882.90914693,2771556.31926819,TRUE,FALSE,"High-CMT only",TRUE,FALSE,"High-CMT","top_33pct"
"IMAGE 3.3","SHAPE-SSP2-1.5°C [with Climate Change Impacts]","C1",2343107.87451799,1097836.0809015,"1.5C (High-Ambition)",511882.90914693,2771556.31926819,TRUE,FALSE,"High-CMT only",TRUE,FALSE,"High-CMT","top_33pct"
"IMAGE 3.3","SHAPE-SSP2-NPi","C4",39337.8931323794,877666.441167651,"2C (Medium-Ambition)",466027.253460691,1932960.06221475,FALSE,FALSE,"Low (both)",FALSE,FALSE,NA,"top_33pct"
"IMAGE 3.3","SHAPE-SSP2-NPi [with Climate Change Impacts]","C4",46156.5588334397,879502.004890074,"2C (Medium-Ambition)",466027.253460691,1932960.06221475,FALSE,FALSE,"Low (both)",FALSE,FALSE,NA,"top_33pct"
"MERGE-ETL 6.0","DAC-2°C-66%","C4",0,NA,"2C (Medium-Ambition)",466027.253460691,1932960.06221475,FALSE,NA,"Low (both)",FALSE,NA,NA,"top_33pct"
"MESSAGE-GLOBIOM 1.0","ADVANCE-2020-1.5°C-2100","C1",0,NA,"1.5C (High-Ambition)",511882.90914693,2771556.31926819,FALSE,NA,"Low (both)",FALSE,NA,NA,"top_33pct"
"MESSAGE-GLOBIOM 1.0","ADVANCE-2020-medium-2°C","C4",0,NA,"2C (Medium-Ambition)",466027.253460691,1932960.06221475,FALSE,NA,"Low (both)",FALSE,NA,NA,"top_33pct"
"MESSAGE-GLOBIOM 1.0","ADVANCE-2020-well-below-2°C","C3",0,NA,"2C (Medium-Ambition)",466027.253460691,1932960.06221475,FALSE,NA,"Low (both)",FALSE,NA,NA,"top_33pct"
"MESSAGE-GLOBIOM 1.0","ADVANCE-2030-Price 1.5°C","C2",0,NA,"1.5C (High-Ambition)",511882.90914693,2771556.31926819,FALSE,NA,"Low (both)",FALSE,NA,NA,"top_33pct"
"MESSAGE-GLOBIOM 1.0","ADVANCE-2030-medium-2°C","C4",0,NA,"2C (Medium-Ambition)",466027.253460691,1932960.06221475,FALSE,NA,"Low (both)",FALSE,NA,NA,"top_33pct"
"MESSAGE-GLOBIOM 1.0","ADVANCE-2030-well-below-2°C","C3",0,NA,"2C (Medium-Ambition)",466027.253460691,1932960.06221475,FALSE,NA,"Low (both)",FALSE,NA,NA,"top_33pct"
"MESSAGE-GLOBIOM 1.0","ADVANCE-INDC","C3",0,NA,"2C (Medium-Ambition)",466027.253460691,1932960.06221475,FALSE,NA,"Low (both)",FALSE,NA,NA,"top_33pct"
"MESSAGE-GLOBIOM 1.0","ADVANCE-Reference","C4",0,NA,"2C (Medium-Ambition)",466027.253460691,1932960.06221475,FALSE,NA,"Low (both)",FALSE,NA,NA,"top_33pct"
"MESSAGE-GLOBIOM 1.0","EMF33-1.5°C-cost100","C1",0,NA,"1.5C (High-Ambition)",511882.90914693,2771556.31926819,FALSE,NA,"Low (both)",FALSE,NA,NA,"top_33pct"
"MESSAGE-GLOBIOM 1.0","EMF33-1.5°C-full","C1",0,NA,"1.5C (High-Ambition)",511882.90914693,2771556.31926819,FALSE,NA,"Low (both)",FALSE,NA,NA,"top_33pct"
"MESSAGE-GLOBIOM 1.0","EMF33-medium-2°C-cost100","C4",0,NA,"2C (Medium-Ambition)",466027.253460691,1932960.06221475,FALSE,NA,"Low (both)",FALSE,NA,NA,"top_33pct"
"MESSAGE-GLOBIOM 1.0","EMF33-medium-2°C-full","C4",0,NA,"2C (Medium-Ambition)",466027.253460691,1932960.06221475,FALSE,NA,"Low (both)",FALSE,NA,NA,"top_33pct"
"MESSAGE-GLOBIOM 1.0","EMF33-medium-2°C-limbio","C4",0,NA,"2C (Medium-Ambition)",466027.253460691,1932960.06221475,FALSE,NA,"Low (both)",FALSE,NA,NA,"top_33pct"
"MESSAGE-GLOBIOM 1.0","EMF33-medium-2°C-nobeccs","C3",0,NA,"2C (Medium-Ambition)",466027.253460691,1932960.06221475,FALSE,NA,"Low (both)",FALSE,NA,NA,"top_33pct"
"MESSAGE-GLOBIOM 1.0","EMF33-medium-2°C-nofuel","C4",0,NA,"2C (Medium-Ambition)",466027.253460691,1932960.06221475,FALSE,NA,"Low (both)",FALSE,NA,NA,"top_33pct"
"MESSAGE-GLOBIOM 1.0","EMF33-medium-2°C-none","C3",0,NA,"2C (Medium-Ambition)",466027.253460691,1932960.06221475,FALSE,NA,"Low (both)",FALSE,NA,NA,"top_33pct"
"MESSAGE-GLOBIOM 1.0","EMF33-tax-hi-full","C3",0,NA,"2C (Medium-Ambition)",466027.253460691,1932960.06221475,FALSE,NA,"Low (both)",FALSE,NA,NA,"top_33pct"
"MESSAGE-GLOBIOM 1.0","EMF33-tax-hi-none","C4",0,NA,"2C (Medium-Ambition)",466027.253460691,1932960.06221475,FALSE,NA,"Low (both)",FALSE,NA,NA,"top_33pct"
"MESSAGE-GLOBIOM 1.0","EMF33-tax-lo-full","C3",0,NA,"2C (Medium-Ambition)",466027.253460691,1932960.06221475,FALSE,NA,"Low (both)",FALSE,NA,NA,"top_33pct"
"MESSAGE-GLOBIOM 1.0","EMF33-tax-lo-none","C3",0,NA,"2C (Medium-Ambition)",466027.253460691,1932960.06221475,FALSE,NA,"Low (both)",FALSE,NA,NA,"top_33pct"
"MESSAGE-GLOBIOM 1.0","EMF33-well-below-2°C-cost100","C2",0,NA,"1.5C (High-Ambition)",511882.90914693,2771556.31926819,FALSE,NA,"Low (both)",FALSE,NA,NA,"top_33pct"
"MESSAGE-GLOBIOM 1.0","EMF33-well-below-2°C-full","C2",0,NA,"1.5C (High-Ambition)",511882.90914693,2771556.31926819,FALSE,NA,"Low (both)",FALSE,NA,NA,"top_33pct"
"MESSAGE-GLOBIOM 1.0","EMF33-well-below-2°C-limbio","C2",0,NA,"1.5C (High-Ambition)",511882.90914693,2771556.31926819,FALSE,NA,"Low (both)",FALSE,NA,NA,"top_33pct"
"MESSAGE-GLOBIOM 1.0","EMF33-well-below-2°C-nofuel","C2",0,NA,"1.5C (High-Ambition)",511882.90914693,2771556.31926819,FALSE,NA,"Low (both)",FALSE,NA,NA,"top_33pct"
"MESSAGE-GLOBIOM 1.0","SSP1-19","C2",0,NA,"1.5C (High-Ambition)",511882.90914693,2771556.31926819,FALSE,NA,"Low (both)",FALSE,NA,NA,"top_33pct"
"MESSAGE-GLOBIOM 1.0","SSP1-26","C4",0,NA,"2C (Medium-Ambition)",466027.253460691,1932960.06221475,FALSE,NA,"Low (both)",FALSE,NA,NA,"top_33pct"
"MESSAGE-GLOBIOM 1.0","SSP1-34","C3",0,NA,"2C (Medium-Ambition)",466027.253460691,1932960.06221475,FALSE,NA,"Low (both)",FALSE,NA,NA,"top_33pct"
"MESSAGE-GLOBIOM 1.0","SSP1-45","C4",0,NA,"2C (Medium-Ambition)",466027.253460691,1932960.06221475,FALSE,NA,"Low (both)",FALSE,NA,NA,"top_33pct"
"MESSAGE-GLOBIOM 1.0","SSP1-Baseline","C4",0,NA,"2C (Medium-Ambition)",466027.253460691,1932960.06221475,FALSE,NA,"Low (both)",FALSE,NA,NA,"top_33pct"
"MESSAGE-GLOBIOM 1.0","SSP2-19","C1",0,NA,"1.5C (High-Ambition)",511882.90914693,2771556.31926819,FALSE,NA,"Low (both)",FALSE,NA,NA,"top_33pct"
"MESSAGE-GLOBIOM 1.0","SSP2-26","C3",0,NA,"2C (Medium-Ambition)",466027.253460691,1932960.06221475,FALSE,NA,"Low (both)",FALSE,NA,NA,"top_33pct"
"MESSAGE-GLOBIOM 1.0","SSP2-34","C3",0,NA,"2C (Medium-Ambition)",466027.253460691,1932960.06221475,FALSE,NA,"Low (both)",FALSE,NA,NA,"top_33pct"
"MESSAGE-GLOBIOM 1.0","SSP2-45","C4",0,NA,"2C (Medium-Ambition)",466027.253460691,1932960.06221475,FALSE,NA,"Low (both)",FALSE,NA,NA,"top_33pct"
"MESSAGE-GLOBIOM 1.0","SSP2-60","C4",0,NA,"2C (Medium-Ambition)",466027.253460691,1932960.06221475,FALSE,NA,"Low (both)",FALSE,NA,NA,"top_33pct"
"MESSAGE-GLOBIOM 1.0","SSP2-Baseline","C4",0,NA,"2C (Medium-Ambition)",466027.253460691,1932960.06221475,FALSE,NA,"Low (both)",FALSE,NA,NA,"top_33pct"
"MESSAGE-GLOBIOM 1.0","SSP3-34","C4",0,NA,"2C (Medium-Ambition)",466027.253460691,1932960.06221475,FALSE,NA,"Low (both)",FALSE,NA,NA,"top_33pct"
"MESSAGE-GLOBIOM 1.0","SSP3-45","C3",0,NA,"2C (Medium-Ambition)",466027.253460691,1932960.06221475,FALSE,NA,"Low (both)",FALSE,NA,NA,"top_33pct"
"MESSAGE-GLOBIOM 1.0","SSP3-60","C4",0,NA,"2C (Medium-Ambition)",466027.253460691,1932960.06221475,FALSE,NA,"Low (both)",FALSE,NA,NA,"top_33pct"
"MESSAGE-GLOBIOM 1.0","SSP3-Baseline","C4",0,NA,"2C (Medium-Ambition)",466027.253460691,1932960.06221475,FALSE,NA,"Low (both)",FALSE,NA,NA,"top_33pct"
"MESSAGEix-GLOBIOM 1.0","CD-LINKS-INDC2030i_1600","C4",0,NA,"2C (Medium-Ambition)",466027.253460691,1932960.06221475,FALSE,NA,"Low (both)",FALSE,NA,NA,"top_33pct"
"MESSAGEix-GLOBIOM 1.0","CD-LINKS-INDCi","C4",0,NA,"2C (Medium-Ambition)",466027.253460691,1932960.06221475,FALSE,NA,"Low (both)",FALSE,NA,NA,"top_33pct"
"MESSAGEix-GLOBIOM 1.0","CD-LINKS-NDC2030i_1000","C2",0,NA,"1.5C (High-Ambition)",511882.90914693,2771556.31926819,FALSE,NA,"Low (both)",FALSE,NA,NA,"top_33pct"
"MESSAGEix-GLOBIOM 1.0","CD-LINKS-NPi","C4",0,NA,"2C (Medium-Ambition)",466027.253460691,1932960.06221475,FALSE,NA,"Low (both)",FALSE,NA,NA,"top_33pct"
"MESSAGEix-GLOBIOM 1.0","CD-LINKS-NPi2020_1000","C2",0,NA,"1.5C (High-Ambition)",511882.90914693,2771556.31926819,FALSE,NA,"Low (both)",FALSE,NA,NA,"top_33pct"
"MESSAGEix-GLOBIOM 1.0","CD-LINKS-NPi2020_1600","C4",0,NA,"2C (Medium-Ambition)",466027.253460691,1932960.06221475,FALSE,NA,"Low (both)",FALSE,NA,NA,"top_33pct"
"MESSAGEix-GLOBIOM 1.0","CD-LINKS-NPi2020_400","C1",0,NA,"1.5C (High-Ambition)",511882.90914693,2771556.31926819,FALSE,NA,"Low (both)",FALSE,NA,NA,"top_33pct"
"MESSAGEix-GLOBIOM 1.0","CD-LINKS-No-Policy","C4",0,NA,"2C (Medium-Ambition)",466027.253460691,1932960.06221475,FALSE,NA,"Low (both)",FALSE,NA,NA,"top_33pct"
"MESSAGEix-GLOBIOM 1.0","LowEnergyDemand (1.3/IPCC-AR6)","C1",0,NA,"1.5C (High-Ambition)",511882.90914693,2771556.31926819,FALSE,NA,"Low (both)",FALSE,NA,NA,"top_33pct"
"MESSAGEix-GLOBIOM 1.1","ECEMF-DIAG-C400-lin","C1",0,NA,"1.5C (High-Ambition)",511882.90914693,2771556.31926819,FALSE,NA,"Low (both)",FALSE,NA,NA,"top_33pct"
"MESSAGEix-GLOBIOM 1.1","ECEMF-DIAG-NPi","C4",0,NA,"2C (Medium-Ambition)",466027.253460691,1932960.06221475,FALSE,NA,"Low (both)",FALSE,NA,NA,"top_33pct"
"MESSAGEix-GLOBIOM 1.1","ENGAGE-Feasibility-1000/Cost-Effective","C3",668410.008188641,1875163.87684052,"2C (Medium-Ambition)",466027.253460691,1932960.06221475,TRUE,FALSE,"High-CMT only",TRUE,FALSE,"High-CMT","top_33pct"
"MESSAGEix-GLOBIOM 1.1","ENGAGE-Feasibility-1000/Enablers & Institutional","C2",515490.135001898,798276.804790482,"1.5C (High-Ambition)",511882.90914693,2771556.31926819,TRUE,FALSE,"High-CMT only",TRUE,FALSE,"High-CMT","top_33pct"
"MESSAGEix-GLOBIOM 1.1","ENGAGE-Feasibility-1000/Institutional","C3",537711.445769061,1937215.58634187,"2C (Medium-Ambition)",466027.253460691,1932960.06221475,TRUE,TRUE,"Both High",FALSE,FALSE,NA,"top_33pct"
"MESSAGEix-GLOBIOM 1.1","ENGAGE-Feasibility-1000/Technology","C3",568531.04894597,2045170.28943639,"2C (Medium-Ambition)",466027.253460691,1932960.06221475,TRUE,TRUE,"Both High",FALSE,FALSE,NA,"top_33pct"
"MESSAGEix-GLOBIOM 1.1","ENGAGE-Feasibility-1000/Technology & Enablers & Institutional","C2",515272.300545096,798776.329345567,"1.5C (High-Ambition)",511882.90914693,2771556.31926819,TRUE,FALSE,"High-CMT only",TRUE,FALSE,"High-CMT","top_33pct"
"MESSAGEix-GLOBIOM 1.1","ENGAGE-Feasibility-1000/Technology & Institutional","C3",496862.911868205,2152716.72337748,"2C (Medium-Ambition)",466027.253460691,1932960.06221475,TRUE,TRUE,"Both High",FALSE,FALSE,NA,"top_33pct"
"MESSAGEix-GLOBIOM 1.1","ENGAGE-Feasibility-Maximum-Effort/Cost-Effective","C1",654721.294044248,2093145.62516949,"1.5C (High-Ambition)",511882.90914693,2771556.31926819,TRUE,FALSE,"High-CMT only",TRUE,FALSE,"High-CMT","top_33pct"
"MESSAGEix-GLOBIOM 1.1","ENGAGE-Feasibility-Maximum-Effort/Enablers & Institutional","C2",496158.802140218,887282.813085455,"1.5C (High-Ambition)",511882.90914693,2771556.31926819,FALSE,FALSE,"Low (both)",FALSE,FALSE,NA,"top_33pct"
"MESSAGEix-GLOBIOM 1.1","ENGAGE-Feasibility-Maximum-Effort/Enablers & Institutional [Optimistic]","C1",570433.311333783,918248.733640359,"1.5C (High-Ambition)",511882.90914693,2771556.31926819,TRUE,FALSE,"High-CMT only",TRUE,FALSE,"High-CMT","top_33pct"
"MESSAGEix-GLOBIOM 1.1","ENGAGE-Feasibility-Maximum-Effort/Enablers & Institutional [Pessimistic]","C2",456557.264710106,811794.475420179,"1.5C (High-Ambition)",511882.90914693,2771556.31926819,FALSE,FALSE,"Low (both)",FALSE,FALSE,NA,"top_33pct"
"MESSAGEix-GLOBIOM 1.1","ENGAGE-Feasibility-Maximum-Effort/Institutional","C2",530235.569176241,1904345.63297191,"1.5C (High-Ambition)",511882.90914693,2771556.31926819,TRUE,FALSE,"High-CMT only",TRUE,FALSE,"High-CMT","top_33pct"
"MESSAGEix-GLOBIOM 1.1","ENGAGE-Feasibility-Maximum-Effort/Institutional [Optimistic]","C2",542704.07504714,1926363.78724943,"1.5C (High-Ambition)",511882.90914693,2771556.31926819,TRUE,FALSE,"High-CMT only",TRUE,FALSE,"High-CMT","top_33pct"
"MESSAGEix-GLOBIOM 1.1","ENGAGE-Feasibility-Maximum-Effort/Institutional [Pessimistic]","C4",571242.453538393,1660816.10367029,"2C (Medium-Ambition)",466027.253460691,1932960.06221475,TRUE,FALSE,"High-CMT only",TRUE,FALSE,"High-CMT","top_33pct"
"MESSAGEix-GLOBIOM 1.1","ENGAGE-Feasibility-Maximum-Effort/Technology","C1",558618.730515152,2249836.28112596,"1.5C (High-Ambition)",511882.90914693,2771556.31926819,TRUE,FALSE,"High-CMT only",TRUE,FALSE,"High-CMT","top_33pct"
"MESSAGEix-GLOBIOM 1.1","ENGAGE-Feasibility-Maximum-Effort/Technology & Enablers & Institutional","C2",492747.605389043,897129.35599005,"1.5C (High-Ambition)",511882.90914693,2771556.31926819,FALSE,FALSE,"Low (both)",FALSE,FALSE,NA,"top_33pct"
"MESSAGEix-GLOBIOM 1.1","ENGAGE-Feasibility-Maximum-Effort/Technology & Enablers & Institutional [Optimistic]","C2",540555.253880629,951257.636669221,"1.5C (High-Ambition)",511882.90914693,2771556.31926819,TRUE,FALSE,"High-CMT only",TRUE,FALSE,"High-CMT","top_33pct"
"MESSAGEix-GLOBIOM 1.1","ENGAGE-Feasibility-Maximum-Effort/Technology & Enablers & Institutional [Pessimistic]","C2",457477.253307836,815289.161704255,"1.5C (High-Ambition)",511882.90914693,2771556.31926819,FALSE,FALSE,"Low (both)",FALSE,FALSE,NA,"top_33pct"
"MESSAGEix-GLOBIOM 1.1","ENGAGE-Feasibility-Maximum-Effort/Technology & Institutional","C2",509987.991179072,2025670.12747657,"1.5C (High-Ambition)",511882.90914693,2771556.31926819,FALSE,FALSE,"Low (both)",FALSE,FALSE,NA,"top_33pct"
"MESSAGEix-GLOBIOM 1.1","ENGAGE-Feasibility-Maximum-Effort/Technology & Institutional [Optimistic]","C3",542947.340953806,2113112.14385235,"2C (Medium-Ambition)",466027.253460691,1932960.06221475,TRUE,TRUE,"Both High",FALSE,FALSE,NA,"top_33pct"
"MESSAGEix-GLOBIOM 1.1","ENGAGE-Feasibility-Maximum-Effort/Technology & Institutional [Pessimistic]","C4",511087.291885275,1769433.8710807,"2C (Medium-Ambition)",466027.253460691,1932960.06221475,TRUE,FALSE,"High-CMT only",TRUE,FALSE,"High-CMT","top_33pct"
"MESSAGEix-GLOBIOM 1.1","ENGAGE-INDCi2030-1000","C3",658624.114304728,2055652.78801601,"2C (Medium-Ambition)",466027.253460691,1932960.06221475,TRUE,TRUE,"Both High",FALSE,FALSE,NA,"top_33pct"
"MESSAGEix-GLOBIOM 1.1","ENGAGE-INDCi2030-1000-COV","C3",648853.955393997,1974893.13686308,"2C (Medium-Ambition)",466027.253460691,1932960.06221475,TRUE,TRUE,"Both High",FALSE,FALSE,NA,"top_33pct"
"MESSAGEix-GLOBIOM 1.1","ENGAGE-INDCi2030-1000-COV-NDCp","C3",652572.577273615,1986149.59563165,"2C (Medium-Ambition)",466027.253460691,1932960.06221475,TRUE,TRUE,"Both High",FALSE,FALSE,NA,"top_33pct"
"MESSAGEix-GLOBIOM 1.1","ENGAGE-INDCi2030-1000-NDCp","C3",652071.844509115,2077603.34498018,"2C (Medium-Ambition)",466027.253460691,1932960.06221475,TRUE,TRUE,"Both High",FALSE,FALSE,NA,"top_33pct"
"MESSAGEix-GLOBIOM 1.1","ENGAGE-INDCi2030-1000f","C4",506961.74857471,2096577.14159238,"2C (Medium-Ambition)",466027.253460691,1932960.06221475,TRUE,TRUE,"Both High",FALSE,FALSE,NA,"top_33pct"
"MESSAGEix-GLOBIOM 1.1","ENGAGE-INDCi2030-1000f-COV","C3",509644.416290112,1975915.51973703,"2C (Medium-Ambition)",466027.253460691,1932960.06221475,TRUE,TRUE,"Both High",FALSE,FALSE,NA,"top_33pct"
"MESSAGEix-GLOBIOM 1.1","ENGAGE-INDCi2030-1000f-COV-NDCp","C3",509001.859569598,1981690.56048193,"2C (Medium-Ambition)",466027.253460691,1932960.06221475,TRUE,TRUE,"Both High",FALSE,FALSE,NA,"top_33pct"
"MESSAGEix-GLOBIOM 1.1","ENGAGE-INDCi2030-1000f-NDCp","C4",505737.077945851,2103657.15774842,"2C (Medium-Ambition)",466027.253460691,1932960.06221475,TRUE,TRUE,"Both High",FALSE,FALSE,NA,"top_33pct"
"MESSAGEix-GLOBIOM 1.1","ENGAGE-INDCi2030-1200","C4",673374.239025994,1965181.29700764,"2C (Medium-Ambition)",466027.253460691,1932960.06221475,TRUE,TRUE,"Both High",FALSE,FALSE,NA,"top_33pct"
"MESSAGEix-GLOBIOM 1.1","ENGAGE-INDCi2030-1200-COV","C3",669391.541808838,1830739.47515089,"2C (Medium-Ambition)",466027.253460691,1932960.06221475,TRUE,FALSE,"High-CMT only",TRUE,FALSE,"High-CMT","top_33pct"
"MESSAGEix-GLOBIOM 1.1","ENGAGE-INDCi2030-1200-COV-NDCp","C3",656336.394890449,1841609.75519413,"2C (Medium-Ambition)",466027.253460691,1932960.06221475,TRUE,FALSE,"High-CMT only",TRUE,FALSE,"High-CMT","top_33pct"
"MESSAGEix-GLOBIOM 1.1","ENGAGE-INDCi2030-1200-NDCp","C4",674243.291923499,1968924.83880789,"2C (Medium-Ambition)",466027.253460691,1932960.06221475,TRUE,TRUE,"Both High",FALSE,FALSE,NA,"top_33pct"
"MESSAGEix-GLOBIOM 1.1","ENGAGE-INDCi2030-1200f","C4",530977.841662751,1981393.99350342,"2C (Medium-Ambition)",466027.253460691,1932960.06221475,TRUE,TRUE,"Both High",FALSE,FALSE,NA,"top_33pct"
"MESSAGEix-GLOBIOM 1.1","ENGAGE-INDCi2030-1200f-COV","C4",546219.383701603,1839056.95100875,"2C (Medium-Ambition)",466027.253460691,1932960.06221475,TRUE,FALSE,"High-CMT only",TRUE,FALSE,"High-CMT","top_33pct"
"MESSAGEix-GLOBIOM 1.1","ENGAGE-INDCi2030-1200f-COV-NDCp","C4",544198.648877632,1838731.09728065,"2C (Medium-Ambition)",466027.253460691,1932960.06221475,TRUE,FALSE,"High-CMT only",TRUE,FALSE,"High-CMT","top_33pct"
"MESSAGEix-GLOBIOM 1.1","ENGAGE-INDCi2030-1200f-NDCp","C4",532056.723187348,1974230.61462306,"2C (Medium-Ambition)",466027.253460691,1932960.06221475,TRUE,TRUE,"Both High",FALSE,FALSE,NA,"top_33pct"
"MESSAGEix-GLOBIOM 1.1","ENGAGE-INDCi2030-1400","C4",642275.07467209,1832485.42606596,"2C (Medium-Ambition)",466027.253460691,1932960.06221475,TRUE,FALSE,"High-CMT only",TRUE,FALSE,"High-CMT","top_33pct"
"MESSAGEix-GLOBIOM 1.1","ENGAGE-INDCi2030-1400-COV","C4",659314.450825817,1707962.39453288,"2C (Medium-Ambition)",466027.253460691,1932960.06221475,TRUE,FALSE,"High-CMT only",TRUE,FALSE,"High-CMT","top_33pct"
"MESSAGEix-GLOBIOM 1.1","ENGAGE-INDCi2030-1400-COV-NDCp","C4",657239.211204838,1714252.70124025,"2C (Medium-Ambition)",466027.253460691,1932960.06221475,TRUE,FALSE,"High-CMT only",TRUE,FALSE,"High-CMT","top_33pct"
"MESSAGEix-GLOBIOM 1.1","ENGAGE-INDCi2030-1400-NDCp","C4",641580.579565309,1835383.19076464,"2C (Medium-Ambition)",466027.253460691,1932960.06221475,TRUE,FALSE,"High-CMT only",TRUE,FALSE,"High-CMT","top_33pct"
"MESSAGEix-GLOBIOM 1.1","ENGAGE-INDCi2030-1400f","C4",550991.840044919,1846318.47098509,"2C (Medium-Ambition)",466027.253460691,1932960.06221475,TRUE,FALSE,"High-CMT only",TRUE,FALSE,"High-CMT","top_33pct"
"MESSAGEix-GLOBIOM 1.1","ENGAGE-INDCi2030-1400f-COV","C4",566632.499822652,1727232.23319546,"2C (Medium-Ambition)",466027.253460691,1932960.06221475,TRUE,FALSE,"High-CMT only",TRUE,FALSE,"High-CMT","top_33pct"
"MESSAGEix-GLOBIOM 1.1","ENGAGE-INDCi2030-1400f-COV-NDCp","C4",567861.950816219,1724889.87945022,"2C (Medium-Ambition)",466027.253460691,1932960.06221475,TRUE,FALSE,"High-CMT only",TRUE,FALSE,"High-CMT","top_33pct"
"MESSAGEix-GLOBIOM 1.1","ENGAGE-INDCi2030-1400f-NDCp","C4",552255.921881416,1850912.53517554,"2C (Medium-Ambition)",466027.253460691,1932960.06221475,TRUE,FALSE,"High-CMT only",TRUE,FALSE,"High-CMT","top_33pct"
"MESSAGEix-GLOBIOM 1.1","ENGAGE-INDCi2030-1600","C3",649894.378392789,1717907.19331962,"2C (Medium-Ambition)",466027.253460691,1932960.06221475,TRUE,FALSE,"High-CMT only",TRUE,FALSE,"High-CMT","top_33pct"
"MESSAGEix-GLOBIOM 1.1","ENGAGE-INDCi2030-1600-COV","C4",629422.715851836,1633634.50707239,"2C (Medium-Ambition)",466027.253460691,1932960.06221475,TRUE,FALSE,"High-CMT only",TRUE,FALSE,"High-CMT","top_33pct"
"MESSAGEix-GLOBIOM 1.1","ENGAGE-INDCi2030-1600-COV-NDCp","C4",625248.64623145,1640746.37588051,"2C (Medium-Ambition)",466027.253460691,1932960.06221475,TRUE,FALSE,"High-CMT only",TRUE,FALSE,"High-CMT","top_33pct"
"MESSAGEix-GLOBIOM 1.1","ENGAGE-INDCi2030-1600-NDCp","C3",646138.29851376,1725130.78845652,"2C (Medium-Ambition)",466027.253460691,1932960.06221475,TRUE,FALSE,"High-CMT only",TRUE,FALSE,"High-CMT","top_33pct"
"MESSAGEix-GLOBIOM 1.1","ENGAGE-INDCi2030-1600f","C3",575677.453496711,1751404.13603263,"2C (Medium-Ambition)",466027.253460691,1932960.06221475,TRUE,FALSE,"High-CMT only",TRUE,FALSE,"High-CMT","top_33pct"
"MESSAGEix-GLOBIOM 1.1","ENGAGE-INDCi2030-1600f-COV","C3",569099.584263713,1647180.22238462,"2C (Medium-Ambition)",466027.253460691,1932960.06221475,TRUE,FALSE,"High-CMT only",TRUE,FALSE,"High-CMT","top_33pct"
"MESSAGEix-GLOBIOM 1.1","ENGAGE-INDCi2030-1600f-COV-NDCp","C3",564055.747154552,1657014.16187204,"2C (Medium-Ambition)",466027.253460691,1932960.06221475,TRUE,FALSE,"High-CMT only",TRUE,FALSE,"High-CMT","top_33pct"
"MESSAGEix-GLOBIOM 1.1","ENGAGE-INDCi2030-1600f-NDCp","C3",572454.525338976,1757721.34891664,"2C (Medium-Ambition)",466027.253460691,1932960.06221475,TRUE,FALSE,"High-CMT only",TRUE,FALSE,"High-CMT","top_33pct"
"MESSAGEix-GLOBIOM 1.1","ENGAGE-INDCi2030-1800","C3",610633.971659584,1655264.95046771,"2C (Medium-Ambition)",466027.253460691,1932960.06221475,TRUE,FALSE,"High-CMT only",TRUE,FALSE,"High-CMT","top_33pct"
"MESSAGEix-GLOBIOM 1.1","ENGAGE-INDCi2030-1800-COV","C3",619459.827054856,1575412.42387402,"2C (Medium-Ambition)",466027.253460691,1932960.06221475,TRUE,FALSE,"High-CMT only",TRUE,FALSE,"High-CMT","top_33pct"
"MESSAGEix-GLOBIOM 1.1","ENGAGE-INDCi2030-1800-COV-NDCp","C3",621964.48137915,1579033.77587439,"2C (Medium-Ambition)",466027.253460691,1932960.06221475,TRUE,FALSE,"High-CMT only",TRUE,FALSE,"High-CMT","top_33pct"
"MESSAGEix-GLOBIOM 1.1","ENGAGE-INDCi2030-1800-NDCp","C3",605010.448879346,1660170.81771664,"2C (Medium-Ambition)",466027.253460691,1932960.06221475,TRUE,FALSE,"High-CMT only",TRUE,FALSE,"High-CMT","top_33pct"
"MESSAGEix-GLOBIOM 1.1","ENGAGE-INDCi2030-1800f","C3",571815.300371712,1673045.74463225,"2C (Medium-Ambition)",466027.253460691,1932960.06221475,TRUE,FALSE,"High-CMT only",TRUE,FALSE,"High-CMT","top_33pct"
"MESSAGEix-GLOBIOM 1.1","ENGAGE-INDCi2030-1800f-COV","C3",566436.498910623,1587307.66182677,"2C (Medium-Ambition)",466027.253460691,1932960.06221475,TRUE,FALSE,"High-CMT only",TRUE,FALSE,"High-CMT","top_33pct"
"MESSAGEix-GLOBIOM 1.1","ENGAGE-INDCi2030-1800f-COV-NDCp","C3",564304.597264308,1589739.55948165,"2C (Medium-Ambition)",466027.253460691,1932960.06221475,TRUE,FALSE,"High-CMT only",TRUE,FALSE,"High-CMT","top_33pct"
"MESSAGEix-GLOBIOM 1.1","ENGAGE-INDCi2030-1800f-NDCp","C3",568385.460070782,1678521.99576313,"2C (Medium-Ambition)",466027.253460691,1932960.06221475,TRUE,FALSE,"High-CMT only",TRUE,FALSE,"High-CMT","top_33pct"
"MESSAGEix-GLOBIOM 1.1","ENGAGE-INDCi2030-2000","C3",606625.47160425,1600020.93680798,"2C (Medium-Ambition)",466027.253460691,1932960.06221475,TRUE,FALSE,"High-CMT only",TRUE,FALSE,"High-CMT","top_33pct"
"MESSAGEix-GLOBIOM 1.1","ENGAGE-INDCi2030-2000-COV","C3",564893.156951032,1527065.44400596,"2C (Medium-Ambition)",466027.253460691,1932960.06221475,TRUE,FALSE,"High-CMT only",TRUE,FALSE,"High-CMT","top_33pct"
"MESSAGEix-GLOBIOM 1.1","ENGAGE-INDCi2030-2000-COV-NDCp","C3",561839.366662236,1533302.79146237,"2C (Medium-Ambition)",466027.253460691,1932960.06221475,TRUE,FALSE,"High-CMT only",TRUE,FALSE,"High-CMT","top_33pct"
"MESSAGEix-GLOBIOM 1.1","ENGAGE-INDCi2030-2000-NDCp","C3",603021.050469886,1604321.4470646,"2C (Medium-Ambition)",466027.253460691,1932960.06221475,TRUE,FALSE,"High-CMT only",TRUE,FALSE,"High-CMT","top_33pct"
"MESSAGEix-GLOBIOM 1.1","ENGAGE-INDCi2030-2000f","C3",556868.625098797,1614551.31116403,"2C (Medium-Ambition)",466027.253460691,1932960.06221475,TRUE,FALSE,"High-CMT only",TRUE,FALSE,"High-CMT","top_33pct"
"MESSAGEix-GLOBIOM 1.1","ENGAGE-INDCi2030-2000f-COV","C3",545037.71977174,1530008.0022461,"2C (Medium-Ambition)",466027.253460691,1932960.06221475,TRUE,FALSE,"High-CMT only",TRUE,FALSE,"High-CMT","top_33pct"
"MESSAGEix-GLOBIOM 1.1","ENGAGE-INDCi2030-2000f-COV-NDCp","C3",537488.432960584,1539982.21404742,"2C (Medium-Ambition)",466027.253460691,1932960.06221475,TRUE,FALSE,"High-CMT only",TRUE,FALSE,"High-CMT","top_33pct"
"MESSAGEix-GLOBIOM 1.1","ENGAGE-INDCi2030-2000f-NDCp","C3",550696.684859125,1616629.21459219,"2C (Medium-Ambition)",466027.253460691,1932960.06221475,TRUE,FALSE,"High-CMT only",TRUE,FALSE,"High-CMT","top_33pct"
"MESSAGEix-GLOBIOM 1.1","ENGAGE-INDCi2030-2500","C3",460416.657479908,1486302.04915445,"2C (Medium-Ambition)",466027.253460691,1932960.06221475,FALSE,FALSE,"Low (both)",FALSE,FALSE,NA,"top_33pct"
"MESSAGEix-GLOBIOM 1.1","ENGAGE-INDCi2030-2500-COV","C3",431227.804648546,1411879.57237169,"2C (Medium-Ambition)",466027.253460691,1932960.06221475,FALSE,FALSE,"Low (both)",FALSE,FALSE,NA,"top_33pct"
"MESSAGEix-GLOBIOM 1.1","ENGAGE-INDCi2030-2500-COV-NDCp","C3",430100.129140472,1416704.67546719,"2C (Medium-Ambition)",466027.253460691,1932960.06221475,FALSE,FALSE,"Low (both)",FALSE,FALSE,NA,"top_33pct"
"MESSAGEix-GLOBIOM 1.1","ENGAGE-INDCi2030-2500-NDCp","C3",461697.755284918,1489695.15927783,"2C (Medium-Ambition)",466027.253460691,1932960.06221475,FALSE,FALSE,"Low (both)",FALSE,FALSE,NA,"top_33pct"
"MESSAGEix-GLOBIOM 1.1","ENGAGE-INDCi2030-2500f","C3",451059.139111374,1489785.77841677,"2C (Medium-Ambition)",466027.253460691,1932960.06221475,FALSE,FALSE,"Low (both)",FALSE,FALSE,NA,"top_33pct"
"MESSAGEix-GLOBIOM 1.1","ENGAGE-INDCi2030-2500f-COV","C3",427569.646841848,1411332.38504008,"2C (Medium-Ambition)",466027.253460691,1932960.06221475,FALSE,FALSE,"Low (both)",FALSE,FALSE,NA,"top_33pct"
"MESSAGEix-GLOBIOM 1.1","ENGAGE-INDCi2030-2500f-COV-NDCp","C3",422444.169020825,1416804.52645897,"2C (Medium-Ambition)",466027.253460691,1932960.06221475,FALSE,FALSE,"Low (both)",FALSE,FALSE,NA,"top_33pct"
"MESSAGEix-GLOBIOM 1.1","ENGAGE-INDCi2030-2500f-NDCp","C3",449071.164652955,1492549.21672797,"2C (Medium-Ambition)",466027.253460691,1932960.06221475,FALSE,FALSE,"Low (both)",FALSE,FALSE,NA,"top_33pct"
"MESSAGEix-GLOBIOM 1.1","ENGAGE-INDCi2030-3000","C4",368794.551525424,1379862.25376856,"2C (Medium-Ambition)",466027.253460691,1932960.06221475,FALSE,FALSE,"Low (both)",FALSE,FALSE,NA,"top_33pct"
"MESSAGEix-GLOBIOM 1.1","ENGAGE-INDCi2030-3000-COV","C4",340761.815050257,1289454.83964106,"2C (Medium-Ambition)",466027.253460691,1932960.06221475,FALSE,FALSE,"Low (both)",FALSE,FALSE,NA,"top_33pct"
"MESSAGEix-GLOBIOM 1.1","ENGAGE-INDCi2030-3000-COV-NDCp","C4",339695.981460259,1293878.23779466,"2C (Medium-Ambition)",466027.253460691,1932960.06221475,FALSE,FALSE,"Low (both)",FALSE,FALSE,NA,"top_33pct"
"MESSAGEix-GLOBIOM 1.1","ENGAGE-INDCi2030-3000-NDCp","C4",369780.038728044,1386741.98159119,"2C (Medium-Ambition)",466027.253460691,1932960.06221475,FALSE,FALSE,"Low (both)",FALSE,FALSE,NA,"top_33pct"
"MESSAGEix-GLOBIOM 1.1","ENGAGE-INDCi2030-3000f","C4",366406.42229906,1372659.3909302,"2C (Medium-Ambition)",466027.253460691,1932960.06221475,FALSE,FALSE,"Low (both)",FALSE,FALSE,NA,"top_33pct"
"MESSAGEix-GLOBIOM 1.1","ENGAGE-INDCi2030-3000f-COV","C4",341224.015238944,1284743.34258845,"2C (Medium-Ambition)",466027.253460691,1932960.06221475,FALSE,FALSE,"Low (both)",FALSE,FALSE,NA,"top_33pct"
"MESSAGEix-GLOBIOM 1.1","ENGAGE-INDCi2030-3000f-COV-NDCp","C4",338544.467422631,1290777.26140361,"2C (Medium-Ambition)",466027.253460691,1932960.06221475,FALSE,FALSE,"Low (both)",FALSE,FALSE,NA,"top_33pct"
"MESSAGEix-GLOBIOM 1.1","ENGAGE-INDCi2030-3000f-NDCp","C4",363885.821702702,1377818.17045002,"2C (Medium-Ambition)",466027.253460691,1932960.06221475,FALSE,FALSE,"Low (both)",FALSE,FALSE,NA,"top_33pct"
"MESSAGEix-GLOBIOM 1.1","ENGAGE-INDCi2030-600f-COV","C2",425550.750492487,2027797.08607816,"1.5C (High-Ambition)",511882.90914693,2771556.31926819,FALSE,FALSE,"Low (both)",FALSE,FALSE,NA,"top_33pct"
"MESSAGEix-GLOBIOM 1.1","ENGAGE-INDCi2030-600f-COV-NDCp","C2",429244.667644121,2052720.09600149,"1.5C (High-Ambition)",511882.90914693,2771556.31926819,FALSE,FALSE,"Low (both)",FALSE,FALSE,NA,"top_33pct"
"MESSAGEix-GLOBIOM 1.1","ENGAGE-INDCi2030-700f","C2",447812.560767021,2158179.97287902,"1.5C (High-Ambition)",511882.90914693,2771556.31926819,FALSE,FALSE,"Low (both)",FALSE,FALSE,NA,"top_33pct"
"MESSAGEix-GLOBIOM 1.1","ENGAGE-INDCi2030-700f-COV","C2",445103.406782726,2080440.36949656,"1.5C (High-Ambition)",511882.90914693,2771556.31926819,FALSE,FALSE,"Low (both)",FALSE,FALSE,NA,"top_33pct"
"MESSAGEix-GLOBIOM 1.1","ENGAGE-INDCi2030-700f-COV-NDCp","C2",448449.887178662,2098913.10507316,"1.5C (High-Ambition)",511882.90914693,2771556.31926819,FALSE,FALSE,"Low (both)",FALSE,FALSE,NA,"top_33pct"
"MESSAGEix-GLOBIOM 1.1","ENGAGE-INDCi2030-700f-NDCp","C2",448015.921744022,2176960.72123965,"1.5C (High-Ambition)",511882.90914693,2771556.31926819,FALSE,FALSE,"Low (both)",FALSE,FALSE,NA,"top_33pct"
"MESSAGEix-GLOBIOM 1.1","ENGAGE-INDCi2030-800f","C3",465506.976925742,2185687.88329644,"2C (Medium-Ambition)",466027.253460691,1932960.06221475,FALSE,TRUE,"High-RE only",FALSE,TRUE,"High-RE","top_33pct"
"MESSAGEix-GLOBIOM 1.1","ENGAGE-INDCi2030-800f-COV","C3",467569.482799808,2068547.43624701,"2C (Medium-Ambition)",466027.253460691,1932960.06221475,TRUE,TRUE,"Both High",FALSE,FALSE,NA,"top_33pct"
"MESSAGEix-GLOBIOM 1.1","ENGAGE-INDCi2030-800f-COV-NDCp","C3",468187.94215663,2077773.48788731,"2C (Medium-Ambition)",466027.253460691,1932960.06221475,TRUE,TRUE,"Both High",FALSE,FALSE,NA,"top_33pct"
"MESSAGEix-GLOBIOM 1.1","ENGAGE-INDCi2030-800f-NDCp","C3",466394.483389901,2197773.35366893,"2C (Medium-Ambition)",466027.253460691,1932960.06221475,TRUE,TRUE,"Both High",FALSE,FALSE,NA,"top_33pct"
"MESSAGEix-GLOBIOM 1.1","ENGAGE-INDCi2030-900f","C3",491069.055282684,2135540.86880969,"2C (Medium-Ambition)",466027.253460691,1932960.06221475,TRUE,TRUE,"Both High",FALSE,FALSE,NA,"top_33pct"
"MESSAGEix-GLOBIOM 1.1","ENGAGE-INDCi2030-900f-COV","C3",490915.000787964,2031341.39296379,"2C (Medium-Ambition)",466027.253460691,1932960.06221475,TRUE,TRUE,"Both High",FALSE,FALSE,NA,"top_33pct"
"MESSAGEix-GLOBIOM 1.1","ENGAGE-INDCi2030-900f-COV-NDCp","C3",494478.996578732,2033714.04710445,"2C (Medium-Ambition)",466027.253460691,1932960.06221475,TRUE,TRUE,"Both High",FALSE,FALSE,NA,"top_33pct"
"MESSAGEix-GLOBIOM 1.1","ENGAGE-INDCi2030-900f-NDCp","C3",488819.472822064,2149491.58208803,"2C (Medium-Ambition)",466027.253460691,1932960.06221475,TRUE,TRUE,"Both High",FALSE,FALSE,NA,"top_33pct"
"MESSAGEix-GLOBIOM 1.1","ENGAGE-INDCi2030-950-COV","C3",638005.735580949,1984539.37313885,"2C (Medium-Ambition)",466027.253460691,1932960.06221475,TRUE,TRUE,"Both High",FALSE,FALSE,NA,"top_33pct"
"MESSAGEix-GLOBIOM 1.1","ENGAGE-INDCi2030-950-COV-NDCp","C3",640914.295170516,2018759.63931305,"2C (Medium-Ambition)",466027.253460691,1932960.06221475,TRUE,TRUE,"Both High",FALSE,FALSE,NA,"top_33pct"
"MESSAGEix-GLOBIOM 1.1","ENGAGE-INDCi2030-950f-COV","C3",502885.782345167,2004647.73228074,"2C (Medium-Ambition)",466027.253460691,1932960.06221475,TRUE,TRUE,"Both High",FALSE,FALSE,NA,"top_33pct"
"MESSAGEix-GLOBIOM 1.1","ENGAGE-INDCi2030-950f-COV-NDCp","C3",503647.575168336,2001831.57242286,"2C (Medium-Ambition)",466027.253460691,1932960.06221475,TRUE,TRUE,"Both High",FALSE,FALSE,NA,"top_33pct"
"MESSAGEix-GLOBIOM 1.1","ENGAGE-INDCi2100","C4",301202.720705908,1121810.17946842,"2C (Medium-Ambition)",466027.253460691,1932960.06221475,FALSE,FALSE,"Low (both)",FALSE,FALSE,NA,"top_33pct"
"MESSAGEix-GLOBIOM 1.1","ENGAGE-INDCi2100-COV","C4",302865.856429583,1073599.83236822,"2C (Medium-Ambition)",466027.253460691,1932960.06221475,FALSE,FALSE,"Low (both)",FALSE,FALSE,NA,"top_33pct"
"MESSAGEix-GLOBIOM 1.1","ENGAGE-INDCi2100-COV-NDCp","C4",308668.664596631,1113907.06434369,"2C (Medium-Ambition)",466027.253460691,1932960.06221475,FALSE,FALSE,"Low (both)",FALSE,FALSE,NA,"top_33pct"
"MESSAGEix-GLOBIOM 1.1","ENGAGE-INDCi2100-NDCp","C4",314784.34212663,1161730.59808618,"2C (Medium-Ambition)",466027.253460691,1932960.06221475,FALSE,FALSE,"Low (both)",FALSE,FALSE,NA,"top_33pct"
"MESSAGEix-GLOBIOM 1.1","ENGAGE-NPi2020-1000","C3",717431.803317826,1881474.42031587,"2C (Medium-Ambition)",466027.253460691,1932960.06221475,TRUE,FALSE,"High-CMT only",TRUE,FALSE,"High-CMT","top_33pct"
"MESSAGEix-GLOBIOM 1.1","ENGAGE-NPi2020-1000-COV","C3",709078.685704669,1772394.25565393,"2C (Medium-Ambition)",466027.253460691,1932960.06221475,TRUE,FALSE,"High-CMT only",TRUE,FALSE,"High-CMT","top_33pct"
"MESSAGEix-GLOBIOM 1.1","ENGAGE-NPi2020-1000-DR10p","C3",940007.138236967,2119812.48129374,"2C (Medium-Ambition)",466027.253460691,1932960.06221475,TRUE,TRUE,"Both High",FALSE,FALSE,NA,"top_33pct"
"MESSAGEix-GLOBIOM 1.1","ENGAGE-NPi2020-1000-DR1p","C3",562133.549747875,1915421.91290163,"2C (Medium-Ambition)",466027.253460691,1932960.06221475,TRUE,FALSE,"High-CMT only",TRUE,FALSE,"High-CMT","top_33pct"
"MESSAGEix-GLOBIOM 1.1","ENGAGE-NPi2020-1000-DR2p","C3",594904.917083486,1886484.44926345,"2C (Medium-Ambition)",466027.253460691,1932960.06221475,TRUE,FALSE,"High-CMT only",TRUE,FALSE,"High-CMT","top_33pct"
"MESSAGEix-GLOBIOM 1.1","ENGAGE-NPi2020-1000-DR3p","C3",609793.443915226,1880001.19613441,"2C (Medium-Ambition)",466027.253460691,1932960.06221475,TRUE,FALSE,"High-CMT only",TRUE,FALSE,"High-CMT","top_33pct"
"MESSAGEix-GLOBIOM 1.1","ENGAGE-NPi2020-1000-DR4p","C3",647134.174379386,1861261.02341179,"2C (Medium-Ambition)",466027.253460691,1932960.06221475,TRUE,FALSE,"High-CMT only",TRUE,FALSE,"High-CMT","top_33pct"
"MESSAGEix-GLOBIOM 1.1","ENGAGE-NPi2020-1000f","C3",576831.772631801,1958876.35680284,"2C (Medium-Ambition)",466027.253460691,1932960.06221475,TRUE,TRUE,"Both High",FALSE,FALSE,NA,"top_33pct"
"MESSAGEix-GLOBIOM 1.1","ENGAGE-NPi2020-1000f-COV","C3",578145.69284569,1816602.48185165,"2C (Medium-Ambition)",466027.253460691,1932960.06221475,TRUE,FALSE,"High-CMT only",TRUE,FALSE,"High-CMT","top_33pct"
"MESSAGEix-GLOBIOM 1.1","ENGAGE-NPi2020-1000f-DR10p","C4",550404.219305265,2302768.44000017,"2C (Medium-Ambition)",466027.253460691,1932960.06221475,TRUE,TRUE,"Both High",FALSE,FALSE,NA,"top_33pct"
"MESSAGEix-GLOBIOM 1.1","ENGAGE-NPi2020-1000f-DR1p","C3",565316.472997745,1903307.62843504,"2C (Medium-Ambition)",466027.253460691,1932960.06221475,TRUE,FALSE,"High-CMT only",TRUE,FALSE,"High-CMT","top_33pct"
"MESSAGEix-GLOBIOM 1.1","ENGAGE-NPi2020-1000f-DR2p","C3",575452.021631427,1894077.95912989,"2C (Medium-Ambition)",466027.253460691,1932960.06221475,TRUE,FALSE,"High-CMT only",TRUE,FALSE,"High-CMT","top_33pct"
"MESSAGEix-GLOBIOM 1.1","ENGAGE-NPi2020-1000f-DR3p","C3",556559.235958352,1926134.18247879,"2C (Medium-Ambition)",466027.253460691,1932960.06221475,TRUE,FALSE,"High-CMT only",TRUE,FALSE,"High-CMT","top_33pct"
"MESSAGEix-GLOBIOM 1.1","ENGAGE-NPi2020-1000f-DR4p","C3",561015.20306809,1950429.97619472,"2C (Medium-Ambition)",466027.253460691,1932960.06221475,TRUE,TRUE,"Both High",FALSE,FALSE,NA,"top_33pct"
"MESSAGEix-GLOBIOM 1.1","ENGAGE-NPi2020-1200","C3",710171.116480847,1809655.69073444,"2C (Medium-Ambition)",466027.253460691,1932960.06221475,TRUE,FALSE,"High-CMT only",TRUE,FALSE,"High-CMT","top_33pct"
"MESSAGEix-GLOBIOM 1.1","ENGAGE-NPi2020-1200-COV","C3",691916.873011151,1710092.9421644,"2C (Medium-Ambition)",466027.253460691,1932960.06221475,TRUE,FALSE,"High-CMT only",TRUE,FALSE,"High-CMT","top_33pct"
"MESSAGEix-GLOBIOM 1.1","ENGAGE-NPi2020-1200f","C4",579280.648544475,1862700.98196003,"2C (Medium-Ambition)",466027.253460691,1932960.06221475,TRUE,FALSE,"High-CMT only",TRUE,FALSE,"High-CMT","top_33pct"
"MESSAGEix-GLOBIOM 1.1","ENGAGE-NPi2020-1200f-COV","C4",592392.757646027,1746067.32719376,"2C (Medium-Ambition)",466027.253460691,1932960.06221475,TRUE,FALSE,"High-CMT only",TRUE,FALSE,"High-CMT","top_33pct"
"MESSAGEix-GLOBIOM 1.1","ENGAGE-NPi2020-1400","C4",684774.075914413,1749526.41500075,"2C (Medium-Ambition)",466027.253460691,1932960.06221475,TRUE,FALSE,"High-CMT only",TRUE,FALSE,"High-CMT","top_33pct"
"MESSAGEix-GLOBIOM 1.1","ENGAGE-NPi2020-1400-COV","C4",662654.643622031,1666434.96528,"2C (Medium-Ambition)",466027.253460691,1932960.06221475,TRUE,FALSE,"High-CMT only",TRUE,FALSE,"High-CMT","top_33pct"
"MESSAGEix-GLOBIOM 1.1","ENGAGE-NPi2020-1400f","C4",593006.443836526,1802095.42796123,"2C (Medium-Ambition)",466027.253460691,1932960.06221475,TRUE,FALSE,"High-CMT only",TRUE,FALSE,"High-CMT","top_33pct"
"MESSAGEix-GLOBIOM 1.1","ENGAGE-NPi2020-1400f-COV","C4",576925.925295334,1707874.18099205,"2C (Medium-Ambition)",466027.253460691,1932960.06221475,TRUE,FALSE,"High-CMT only",TRUE,FALSE,"High-CMT","top_33pct"
"MESSAGEix-GLOBIOM 1.1","ENGAGE-NPi2020-1600","C4",645005.24930539,1694083.02386238,"2C (Medium-Ambition)",466027.253460691,1932960.06221475,TRUE,FALSE,"High-CMT only",TRUE,FALSE,"High-CMT","top_33pct"
"MESSAGEix-GLOBIOM 1.1","ENGAGE-NPi2020-1600-COV","C4",644194.139983714,1604783.6436272,"2C (Medium-Ambition)",466027.253460691,1932960.06221475,TRUE,FALSE,"High-CMT only",TRUE,FALSE,"High-CMT","top_33pct"
"MESSAGEix-GLOBIOM 1.1","ENGAGE-NPi2020-1600f","C3",574791.690838066,1741094.74869176,"2C (Medium-Ambition)",466027.253460691,1932960.06221475,TRUE,FALSE,"High-CMT only",TRUE,FALSE,"High-CMT","top_33pct"
"MESSAGEix-GLOBIOM 1.1","ENGAGE-NPi2020-1600f-COV","C4",591717.141965738,1639183.19604194,"2C (Medium-Ambition)",466027.253460691,1932960.06221475,TRUE,FALSE,"High-CMT only",TRUE,FALSE,"High-CMT","top_33pct"
"MESSAGEix-GLOBIOM 1.1","ENGAGE-NPi2020-1800","C3",639749.127207278,1647156.05980253,"2C (Medium-Ambition)",466027.253460691,1932960.06221475,TRUE,FALSE,"High-CMT only",TRUE,FALSE,"High-CMT","top_33pct"
"MESSAGEix-GLOBIOM 1.1","ENGAGE-NPi2020-1800-COV","C3",620956.497955221,1556422.37767338,"2C (Medium-Ambition)",466027.253460691,1932960.06221475,TRUE,FALSE,"High-CMT only",TRUE,FALSE,"High-CMT","top_33pct"
"MESSAGEix-GLOBIOM 1.1","ENGAGE-NPi2020-1800f","C3",582211.927882145,1665736.3884271,"2C (Medium-Ambition)",466027.253460691,1932960.06221475,TRUE,FALSE,"High-CMT only",TRUE,FALSE,"High-CMT","top_33pct"
"MESSAGEix-GLOBIOM 1.1","ENGAGE-NPi2020-1800f-COV","C3",564274.610592078,1579400.49915645,"2C (Medium-Ambition)",466027.253460691,1932960.06221475,TRUE,FALSE,"High-CMT only",TRUE,FALSE,"High-CMT","top_33pct"
"MESSAGEix-GLOBIOM 1.1","ENGAGE-NPi2020-2000","C3",573323.164084874,1603351.03084703,"2C (Medium-Ambition)",466027.253460691,1932960.06221475,TRUE,FALSE,"High-CMT only",TRUE,FALSE,"High-CMT","top_33pct"
"MESSAGEix-GLOBIOM 1.1","ENGAGE-NPi2020-2000-COV","C3",556435.404970064,1519130.41521406,"2C (Medium-Ambition)",466027.253460691,1932960.06221475,TRUE,FALSE,"High-CMT only",TRUE,FALSE,"High-CMT","top_33pct"
"MESSAGEix-GLOBIOM 1.1","ENGAGE-NPi2020-2000f","C3",544077.387398208,1612052.10308503,"2C (Medium-Ambition)",466027.253460691,1932960.06221475,TRUE,FALSE,"High-CMT only",TRUE,FALSE,"High-CMT","top_33pct"
"MESSAGEix-GLOBIOM 1.1","ENGAGE-NPi2020-2000f-COV","C3",539776.559149023,1522837.7997701,"2C (Medium-Ambition)",466027.253460691,1932960.06221475,TRUE,FALSE,"High-CMT only",TRUE,FALSE,"High-CMT","top_33pct"
"MESSAGEix-GLOBIOM 1.1","ENGAGE-NPi2020-200f","C2",470802.738169501,2308791.03214025,"1.5C (High-Ambition)",511882.90914693,2771556.31926819,FALSE,FALSE,"Low (both)",FALSE,FALSE,NA,"top_33pct"
"MESSAGEix-GLOBIOM 1.1","ENGAGE-NPi2020-2500","C3",443528.816865198,1481280.536609,"2C (Medium-Ambition)",466027.253460691,1932960.06221475,FALSE,FALSE,"Low (both)",FALSE,FALSE,NA,"top_33pct"
"MESSAGEix-GLOBIOM 1.1","ENGAGE-NPi2020-2500-COV","C3",422121.687500715,1409303.61979654,"2C (Medium-Ambition)",466027.253460691,1932960.06221475,FALSE,FALSE,"Low (both)",FALSE,FALSE,NA,"top_33pct"
"MESSAGEix-GLOBIOM 1.1","ENGAGE-NPi2020-2500f","C3",439337.936874901,1481737.74096662,"2C (Medium-Ambition)",466027.253460691,1932960.06221475,FALSE,FALSE,"Low (both)",FALSE,FALSE,NA,"top_33pct"
"MESSAGEix-GLOBIOM 1.1","ENGAGE-NPi2020-2500f-COV","C3",421803.533325293,1402412.85590807,"2C (Medium-Ambition)",466027.253460691,1932960.06221475,FALSE,FALSE,"Low (both)",FALSE,FALSE,NA,"top_33pct"
"MESSAGEix-GLOBIOM 1.1","ENGAGE-NPi2020-3000","C4",362134.217898596,1382948.39965644,"2C (Medium-Ambition)",466027.253460691,1932960.06221475,FALSE,FALSE,"Low (both)",FALSE,FALSE,NA,"top_33pct"
"MESSAGEix-GLOBIOM 1.1","ENGAGE-NPi2020-3000-COV","C4",336413.971599543,1290432.1754898,"2C (Medium-Ambition)",466027.253460691,1932960.06221475,FALSE,FALSE,"Low (both)",FALSE,FALSE,NA,"top_33pct"
"MESSAGEix-GLOBIOM 1.1","ENGAGE-NPi2020-3000f","C4",360706.521391797,1377663.36525261,"2C (Medium-Ambition)",466027.253460691,1932960.06221475,FALSE,FALSE,"Low (both)",FALSE,FALSE,NA,"top_33pct"
"MESSAGEix-GLOBIOM 1.1","ENGAGE-NPi2020-3000f-COV","C4",336848.766753766,1289083.98321659,"2C (Medium-Ambition)",466027.253460691,1932960.06221475,FALSE,FALSE,"Low (both)",FALSE,FALSE,NA,"top_33pct"
"MESSAGEix-GLOBIOM 1.1","ENGAGE-NPi2020-300f","C2",488995.038160597,2286504.44338494,"1.5C (High-Ambition)",511882.90914693,2771556.31926819,FALSE,FALSE,"Low (both)",FALSE,FALSE,NA,"top_33pct"
"MESSAGEix-GLOBIOM 1.1","ENGAGE-NPi2020-400f","C2",508824.88866123,2223715.53438335,"1.5C (High-Ambition)",511882.90914693,2771556.31926819,FALSE,FALSE,"Low (both)",FALSE,FALSE,NA,"top_33pct"
"MESSAGEix-GLOBIOM 1.1","ENGAGE-NPi2020-450","C1",683890.992287183,2126926.35933254,"1.5C (High-Ambition)",511882.90914693,2771556.31926819,TRUE,FALSE,"High-CMT only",TRUE,FALSE,"High-CMT","top_33pct"
"MESSAGEix-GLOBIOM 1.1","ENGAGE-NPi2020-450f","C2",518215.293639489,2200947.74215703,"1.5C (High-Ambition)",511882.90914693,2771556.31926819,TRUE,FALSE,"High-CMT only",TRUE,FALSE,"High-CMT","top_33pct"
"MESSAGEix-GLOBIOM 1.1","ENGAGE-NPi2020-500","C1",704753.204165856,2149179.0485941,"1.5C (High-Ambition)",511882.90914693,2771556.31926819,TRUE,FALSE,"High-CMT only",TRUE,FALSE,"High-CMT","top_33pct"
"MESSAGEix-GLOBIOM 1.1","ENGAGE-NPi2020-500f","C2",527938.885612526,2180920.89762642,"1.5C (High-Ambition)",511882.90914693,2771556.31926819,TRUE,FALSE,"High-CMT only",TRUE,FALSE,"High-CMT","top_33pct"
"MESSAGEix-GLOBIOM 1.1","ENGAGE-NPi2020-600","C2",719696.509804007,2134340.80954595,"1.5C (High-Ambition)",511882.90914693,2771556.31926819,TRUE,FALSE,"High-CMT only",TRUE,FALSE,"High-CMT","top_33pct"
"MESSAGEix-GLOBIOM 1.1","ENGAGE-NPi2020-600-COV","C1",711818.725819736,2005681.64659212,"1.5C (High-Ambition)",511882.90914693,2771556.31926819,TRUE,FALSE,"High-CMT only",TRUE,FALSE,"High-CMT","top_33pct"
"MESSAGEix-GLOBIOM 1.1","ENGAGE-NPi2020-600-DR10p","C2",963235.26714533,2309977.39996936,"1.5C (High-Ambition)",511882.90914693,2771556.31926819,TRUE,FALSE,"High-CMT only",TRUE,FALSE,"High-CMT","top_33pct"
"MESSAGEix-GLOBIOM 1.1","ENGAGE-NPi2020-600-DR1p","C1",565430.037732421,2224889.16050012,"1.5C (High-Ambition)",511882.90914693,2771556.31926819,TRUE,FALSE,"High-CMT only",TRUE,FALSE,"High-CMT","top_33pct"
"MESSAGEix-GLOBIOM 1.1","ENGAGE-NPi2020-600-DR2p","C1",584410.358494249,2169029.60919909,"1.5C (High-Ambition)",511882.90914693,2771556.31926819,TRUE,FALSE,"High-CMT only",TRUE,FALSE,"High-CMT","top_33pct"
"MESSAGEix-GLOBIOM 1.1","ENGAGE-NPi2020-600-DR3p","C1",601413.726905301,2161765.61038078,"1.5C (High-Ambition)",511882.90914693,2771556.31926819,TRUE,FALSE,"High-CMT only",TRUE,FALSE,"High-CMT","top_33pct"
"MESSAGEix-GLOBIOM 1.1","ENGAGE-NPi2020-600-DR4p","C1",629792.68405623,2139328.89210272,"1.5C (High-Ambition)",511882.90914693,2771556.31926819,TRUE,FALSE,"High-CMT only",TRUE,FALSE,"High-CMT","top_33pct"
"MESSAGEix-GLOBIOM 1.1","ENGAGE-NPi2020-600f","C2",545749.586122924,2152212.99201787,"1.5C (High-Ambition)",511882.90914693,2771556.31926819,TRUE,FALSE,"High-CMT only",TRUE,FALSE,"High-CMT","top_33pct"
"MESSAGEix-GLOBIOM 1.1","ENGAGE-NPi2020-600f-COV","C2",544526.852989465,2009434.993287,"1.5C (High-Ambition)",511882.90914693,2771556.31926819,TRUE,FALSE,"High-CMT only",TRUE,FALSE,"High-CMT","top_33pct"
"MESSAGEix-GLOBIOM 1.1","ENGAGE-NPi2020-600f-DR10p","C2",512840.66878692,2408767.16797419,"1.5C (High-Ambition)",511882.90914693,2771556.31926819,TRUE,FALSE,"High-CMT only",TRUE,FALSE,"High-CMT","top_33pct"
"MESSAGEix-GLOBIOM 1.1","ENGAGE-NPi2020-600f-DR1p","C2",550866.962494908,2216854.83468065,"1.5C (High-Ambition)",511882.90914693,2771556.31926819,TRUE,FALSE,"High-CMT only",TRUE,FALSE,"High-CMT","top_33pct"
"MESSAGEix-GLOBIOM 1.1","ENGAGE-NPi2020-600f-DR2p","C2",548998.608743814,2193657.9420103,"1.5C (High-Ambition)",511882.90914693,2771556.31926819,TRUE,FALSE,"High-CMT only",TRUE,FALSE,"High-CMT","top_33pct"
"MESSAGEix-GLOBIOM 1.1","ENGAGE-NPi2020-600f-DR3p","C2",547156.313447389,2175872.21953567,"1.5C (High-Ambition)",511882.90914693,2771556.31926819,TRUE,FALSE,"High-CMT only",TRUE,FALSE,"High-CMT","top_33pct"
"MESSAGEix-GLOBIOM 1.1","ENGAGE-NPi2020-600f-DR4p","C2",546467.099296966,2168034.19796616,"1.5C (High-Ambition)",511882.90914693,2771556.31926819,TRUE,FALSE,"High-CMT only",TRUE,FALSE,"High-CMT","top_33pct"
"MESSAGEix-GLOBIOM 1.1","ENGAGE-NPi2020-700","C2",733703.848741856,2039287.86705762,"1.5C (High-Ambition)",511882.90914693,2771556.31926819,TRUE,FALSE,"High-CMT only",TRUE,FALSE,"High-CMT","top_33pct"
"MESSAGEix-GLOBIOM 1.1","ENGAGE-NPi2020-700-COV","C2",738842.61312203,1904242.6768427,"1.5C (High-Ambition)",511882.90914693,2771556.31926819,TRUE,FALSE,"High-CMT only",TRUE,FALSE,"High-CMT","top_33pct"
"MESSAGEix-GLOBIOM 1.1","ENGAGE-NPi2020-700f","C2",550517.766367561,2091344.95317145,"1.5C (High-Ambition)",511882.90914693,2771556.31926819,TRUE,FALSE,"High-CMT only",TRUE,FALSE,"High-CMT","top_33pct"
"MESSAGEix-GLOBIOM 1.1","ENGAGE-NPi2020-700f-COV","C2",548611.605123488,1979990.91699978,"1.5C (High-Ambition)",511882.90914693,2771556.31926819,TRUE,FALSE,"High-CMT only",TRUE,FALSE,"High-CMT","top_33pct"
"MESSAGEix-GLOBIOM 1.1","ENGAGE-NPi2020-800","C3",722773.105155569,1978273.19463342,"2C (Medium-Ambition)",466027.253460691,1932960.06221475,TRUE,TRUE,"Both High",FALSE,FALSE,NA,"top_33pct"
"MESSAGEix-GLOBIOM 1.1","ENGAGE-NPi2020-800-COV","C3",731278.709015228,1856465.48881298,"2C (Medium-Ambition)",466027.253460691,1932960.06221475,TRUE,FALSE,"High-CMT only",TRUE,FALSE,"High-CMT","top_33pct"
"MESSAGEix-GLOBIOM 1.1","ENGAGE-NPi2020-800f","C3",552586.62762649,2050144.5317991,"2C (Medium-Ambition)",466027.253460691,1932960.06221475,TRUE,TRUE,"Both High",FALSE,FALSE,NA,"top_33pct"
"MESSAGEix-GLOBIOM 1.1","ENGAGE-NPi2020-800f-COV","C3",557469.623647995,1926496.34612346,"2C (Medium-Ambition)",466027.253460691,1932960.06221475,TRUE,FALSE,"High-CMT only",TRUE,FALSE,"High-CMT","top_33pct"
"MESSAGEix-GLOBIOM 1.1","ENGAGE-NPi2020-900","C3",720455.332344059,1935636.76791317,"2C (Medium-Ambition)",466027.253460691,1932960.06221475,TRUE,TRUE,"Both High",FALSE,FALSE,NA,"top_33pct"
"MESSAGEix-GLOBIOM 1.1","ENGAGE-NPi2020-900-COV","C3",723421.530405898,1811945.20773828,"2C (Medium-Ambition)",466027.253460691,1932960.06221475,TRUE,FALSE,"High-CMT only",TRUE,FALSE,"High-CMT","top_33pct"
"MESSAGEix-GLOBIOM 1.1","ENGAGE-NPi2020-900f","C3",564934.937412281,2004476.88452609,"2C (Medium-Ambition)",466027.253460691,1932960.06221475,TRUE,TRUE,"Both High",FALSE,FALSE,NA,"top_33pct"
"MESSAGEix-GLOBIOM 1.1","ENGAGE-NPi2020-900f-COV","C3",574634.028615386,1864333.59832574,"2C (Medium-Ambition)",466027.253460691,1932960.06221475,TRUE,FALSE,"High-CMT only",TRUE,FALSE,"High-CMT","top_33pct"
"MESSAGEix-GLOBIOM 1.1","ENGAGE-NPi2100","C4",214103.934742035,987353.207088478,"2C (Medium-Ambition)",466027.253460691,1932960.06221475,FALSE,FALSE,"Low (both)",FALSE,FALSE,NA,"top_33pct"
"MESSAGEix-GLOBIOM 1.1","ENGAGE-NPi2100-COV","C4",213714.064933517,954361.074051932,"2C (Medium-Ambition)",466027.253460691,1932960.06221475,FALSE,FALSE,"Low (both)",FALSE,FALSE,NA,"top_33pct"
"MESSAGEix-GLOBIOM 1.1","ENGAGE-NoPolicy","C4",202606.002528601,864355.101415217,"2C (Medium-Ambition)",466027.253460691,1932960.06221475,FALSE,FALSE,"Low (both)",FALSE,FALSE,NA,"top_33pct"
"MESSAGEix-GLOBIOM 1.1","GENIE DACCS DACl-MP-median-stor3-final_1000","C4",0,NA,"2C (Medium-Ambition)",466027.253460691,1932960.06221475,FALSE,NA,"Low (both)",FALSE,NA,NA,"top_33pct"
"MESSAGEix-GLOBIOM 1.1","GENIE DACCS DACl-MP-median-stor3-final_500","C3",0,NA,"2C (Medium-Ambition)",466027.253460691,1932960.06221475,FALSE,NA,"Low (both)",FALSE,NA,NA,"top_33pct"
"MESSAGEix-GLOBIOM 1.1","GENIE DACCS DACl-MP-median-stor3-final_700","C3",0,NA,"2C (Medium-Ambition)",466027.253460691,1932960.06221475,FALSE,NA,"Low (both)",FALSE,NA,NA,"top_33pct"
"MESSAGEix-GLOBIOM 1.1","GENIE DACCS DACm-HP-median-stor3-final_1000","C3",0,NA,"2C (Medium-Ambition)",466027.253460691,1932960.06221475,FALSE,NA,"Low (both)",FALSE,NA,NA,"top_33pct"
"MESSAGEix-GLOBIOM 1.1","GENIE DACCS DACm-HP-median-stor3-final_500","C1",0,NA,"1.5C (High-Ambition)",511882.90914693,2771556.31926819,FALSE,NA,"Low (both)",FALSE,NA,NA,"top_33pct"
"MESSAGEix-GLOBIOM 1.1","GENIE DACCS DACm-HP-median-stor3-final_700","C3",0,NA,"2C (Medium-Ambition)",466027.253460691,1932960.06221475,FALSE,NA,"Low (both)",FALSE,NA,NA,"top_33pct"
"MESSAGEix-GLOBIOM 1.1","GENIE DACCS DACm-HP-median-stor3-phs-govmSSP1-CO2total_1000","C3",0,NA,"2C (Medium-Ambition)",466027.253460691,1932960.06221475,FALSE,NA,"Low (both)",FALSE,NA,NA,"top_33pct"
"MESSAGEix-GLOBIOM 1.1","GENIE DACCS DACm-HP-median-stor3-phs-govmSSP1-CO2total_700","C3",0,NA,"2C (Medium-Ambition)",466027.253460691,1932960.06221475,FALSE,NA,"Low (both)",FALSE,NA,NA,"top_33pct"
"MESSAGEix-GLOBIOM 1.1","GENIE DACCS DACm-HP-median-stor3-phs-govmSSP2-CO2total_1000","C3",0,NA,"2C (Medium-Ambition)",466027.253460691,1932960.06221475,FALSE,NA,"Low (both)",FALSE,NA,NA,"top_33pct"
"MESSAGEix-GLOBIOM 1.1","GENIE DACCS DACm-LP-median-stor3-final_1000","C3",0,NA,"2C (Medium-Ambition)",466027.253460691,1932960.06221475,FALSE,NA,"Low (both)",FALSE,NA,NA,"top_33pct"
"MESSAGEix-GLOBIOM 1.1","GENIE DACCS DACm-LP-median-stor3-final_500","C3",0,NA,"2C (Medium-Ambition)",466027.253460691,1932960.06221475,FALSE,NA,"Low (both)",FALSE,NA,NA,"top_33pct"
"MESSAGEix-GLOBIOM 1.1","GENIE DACCS DACm-LP-median-stor3-final_700","C4",0,NA,"2C (Medium-Ambition)",466027.253460691,1932960.06221475,FALSE,NA,"Low (both)",FALSE,NA,NA,"top_33pct"
"MESSAGEix-GLOBIOM 1.1","GENIE DACCS DACm-LP-median-stor3-phs-govmSSP1-CO2total_1000","C4",0,NA,"2C (Medium-Ambition)",466027.253460691,1932960.06221475,FALSE,NA,"Low (both)",FALSE,NA,NA,"top_33pct"
"MESSAGEix-GLOBIOM 1.1","GENIE DACCS DACm-LP-median-stor3-phs-govmSSP1-CO2total_700","C3",0,NA,"2C (Medium-Ambition)",466027.253460691,1932960.06221475,FALSE,NA,"Low (both)",FALSE,NA,NA,"top_33pct"
"MESSAGEix-GLOBIOM 1.1","GENIE DACCS DACm-LP-median-stor3-phs-govmSSP2-CO2total_1000","C4",0,NA,"2C (Medium-Ambition)",466027.253460691,1932960.06221475,FALSE,NA,"Low (both)",FALSE,NA,NA,"top_33pct"
"MESSAGEix-GLOBIOM 1.1","GENIE DACCS DACm-MP-median-stor3-final_1000","C4",0,NA,"2C (Medium-Ambition)",466027.253460691,1932960.06221475,FALSE,NA,"Low (both)",FALSE,NA,NA,"top_33pct"
"MESSAGEix-GLOBIOM 1.1","GENIE DACCS DACm-MP-median-stor3-final_500","C3",0,NA,"2C (Medium-Ambition)",466027.253460691,1932960.06221475,FALSE,NA,"Low (both)",FALSE,NA,NA,"top_33pct"
"MESSAGEix-GLOBIOM 1.1","GENIE DACCS DACm-MP-median-stor3-final_700","C3",0,NA,"2C (Medium-Ambition)",466027.253460691,1932960.06221475,FALSE,NA,"Low (both)",FALSE,NA,NA,"top_33pct"
"MESSAGEix-GLOBIOM 1.1","GENIE DACCS DACm-MP-median-stor3-phs-govmSSP1-CO2total_1000","C4",0,NA,"2C (Medium-Ambition)",466027.253460691,1932960.06221475,FALSE,NA,"Low (both)",FALSE,NA,NA,"top_33pct"
"MESSAGEix-GLOBIOM 1.1","GENIE DACCS DACm-MP-median-stor3-phs-govmSSP1-CO2total_700","C3",0,NA,"2C (Medium-Ambition)",466027.253460691,1932960.06221475,FALSE,NA,"Low (both)",FALSE,NA,NA,"top_33pct"
"MESSAGEix-GLOBIOM 1.1","GENIE DACCS DACm-MP-median-stor3-phs-govmSSP2-CO2total_1000","C4",0,NA,"2C (Medium-Ambition)",466027.253460691,1932960.06221475,FALSE,NA,"Low (both)",FALSE,NA,NA,"top_33pct"
"MESSAGEix-GLOBIOM 1.1","NGFS Phase 2-Below 2°C","C3",715215.974747509,1776617.25863326,"2C (Medium-Ambition)",466027.253460691,1932960.06221475,TRUE,FALSE,"High-CMT only",TRUE,FALSE,"High-CMT","top_33pct"
"MESSAGEix-GLOBIOM 1.1","NGFS Phase 2-Current Policies","C4",225343.753114421,936666.812240637,"2C (Medium-Ambition)",466027.253460691,1932960.06221475,FALSE,FALSE,"Low (both)",FALSE,FALSE,NA,"top_33pct"
"MESSAGEix-GLOBIOM 1.1","NGFS Phase 2-Delayed Transition","C3",536996.074687417,2290616.55873624,"2C (Medium-Ambition)",466027.253460691,1932960.06221475,TRUE,TRUE,"Both High",FALSE,FALSE,NA,"top_33pct"
"MESSAGEix-GLOBIOM 1.1","NGFS Phase 2-Divergent Net Zero Policies","C1",505198.745712988,1984426.28855401,"1.5C (High-Ambition)",511882.90914693,2771556.31926819,FALSE,FALSE,"Low (both)",FALSE,FALSE,NA,"top_33pct"
"MESSAGEix-GLOBIOM 1.1","NGFS Phase 2-Nationally Determined Contributions (NDCs)","C3",485568.58030431,1376349.5941037,"2C (Medium-Ambition)",466027.253460691,1932960.06221475,TRUE,FALSE,"High-CMT only",TRUE,FALSE,"High-CMT","top_33pct"
"MESSAGEix-GLOBIOM 1.1","NGFS Phase 2-Net-Zero 2050","C1",674680.934811216,2003506.4406905,"1.5C (High-Ambition)",511882.90914693,2771556.31926819,TRUE,FALSE,"High-CMT only",TRUE,FALSE,"High-CMT","top_33pct"
"MESSAGEix-GLOBIOM 1.1-BMT-R12","NAVIGATE Demand-1.5°C-all_u","C1",0,NA,"1.5C (High-Ambition)",511882.90914693,2771556.31926819,FALSE,NA,"Low (both)",FALSE,NA,NA,"top_33pct"
"MESSAGEix-GLOBIOM 1.1-BMT-R12","NAVIGATE Demand-1.5°C-ref","C1",0,NA,"1.5C (High-Ambition)",511882.90914693,2771556.31926819,FALSE,NA,"Low (both)",FALSE,NA,NA,"top_33pct"
"MESSAGEix-GLOBIOM 1.1-BMT-R12","NAVIGATE Demand-2.0°C-act_u","C3",0,NA,"2C (Medium-Ambition)",466027.253460691,1932960.06221475,FALSE,NA,"Low (both)",FALSE,NA,NA,"top_33pct"
"MESSAGEix-GLOBIOM 1.1-BMT-R12","NAVIGATE Demand-2.0°C-all_u","C3",0,NA,"2C (Medium-Ambition)",466027.253460691,1932960.06221475,FALSE,NA,"Low (both)",FALSE,NA,NA,"top_33pct"
"MESSAGEix-GLOBIOM 1.1-BMT-R12","NAVIGATE Demand-2.0°C-ele_u","C3",0,NA,"2C (Medium-Ambition)",466027.253460691,1932960.06221475,FALSE,NA,"Low (both)",FALSE,NA,NA,"top_33pct"
"MESSAGEix-GLOBIOM 1.1-BMT-R12","NAVIGATE Demand-2.0°C-ref","C3",0,NA,"2C (Medium-Ambition)",466027.253460691,1932960.06221475,FALSE,NA,"Low (both)",FALSE,NA,NA,"top_33pct"
"MESSAGEix-GLOBIOM 1.1-BMT-R12","NAVIGATE Demand-2.0°C-tec_u","C3",0,NA,"2C (Medium-Ambition)",466027.253460691,1932960.06221475,FALSE,NA,"Low (both)",FALSE,NA,NA,"top_33pct"
"MESSAGEix-GLOBIOM 1.1-BMT-R12","NAVIGATE Demand-NPi-act","C4",0,NA,"2C (Medium-Ambition)",466027.253460691,1932960.06221475,FALSE,NA,"Low (both)",FALSE,NA,NA,"top_33pct"
"MESSAGEix-GLOBIOM 1.1-BMT-R12","NAVIGATE Demand-NPi-all","C4",0,NA,"2C (Medium-Ambition)",466027.253460691,1932960.06221475,FALSE,NA,"Low (both)",FALSE,NA,NA,"top_33pct"
"MESSAGEix-GLOBIOM 1.1-BMT-R12","NAVIGATE Demand-NPi-ele","C4",0,NA,"2C (Medium-Ambition)",466027.253460691,1932960.06221475,FALSE,NA,"Low (both)",FALSE,NA,NA,"top_33pct"
"MESSAGEix-GLOBIOM 1.1-BMT-R12","NAVIGATE Demand-NPi-ref","C4",0,NA,"2C (Medium-Ambition)",466027.253460691,1932960.06221475,FALSE,NA,"Low (both)",FALSE,NA,NA,"top_33pct"
"MESSAGEix-GLOBIOM 1.1-BMT-R12","NAVIGATE Demand-NPi-tec","C4",0,NA,"2C (Medium-Ambition)",466027.253460691,1932960.06221475,FALSE,NA,"Low (both)",FALSE,NA,NA,"top_33pct"
"MESSAGEix-GLOBIOM 1.2","COVID-Shift-GreenPush","C4",202852.07563508,NA,"2C (Medium-Ambition)",466027.253460691,1932960.06221475,FALSE,NA,"Low (both)",FALSE,NA,NA,"top_33pct"
"MESSAGEix-GLOBIOM 1.2","COVID-Shift-GreenPush_1000","C3",721682.289330935,NA,"2C (Medium-Ambition)",466027.253460691,1932960.06221475,TRUE,NA,"Low (both)",NA,FALSE,NA,"top_33pct"
"MESSAGEix-GLOBIOM 1.2","COVID-Shift-GreenPush_550","C1",749229.002283695,NA,"1.5C (High-Ambition)",511882.90914693,2771556.31926819,TRUE,NA,"Low (both)",NA,FALSE,NA,"top_33pct"
"MESSAGEix-GLOBIOM 1.2","COVID-Shift-GreenPush_max_GDP","C4",202908.431453328,NA,"2C (Medium-Ambition)",466027.253460691,1932960.06221475,FALSE,NA,"Low (both)",FALSE,NA,NA,"top_33pct"
"MESSAGEix-GLOBIOM 1.2","COVID-Shift-GreenPush_min_GDP","C4",202820.623083869,NA,"2C (Medium-Ambition)",466027.253460691,1932960.06221475,FALSE,NA,"Low (both)",FALSE,NA,NA,"top_33pct"
"MESSAGEix-GLOBIOM 1.2","COVID-Shift-NoPolicyNoCOVID","C4",202959.844401904,NA,"2C (Medium-Ambition)",466027.253460691,1932960.06221475,FALSE,NA,"Low (both)",FALSE,NA,NA,"top_33pct"
"MESSAGEix-GLOBIOM 1.2","COVID-Shift-NoPolicyNoCOVID_1000","C3",765132.179929687,NA,"2C (Medium-Ambition)",466027.253460691,1932960.06221475,TRUE,NA,"Low (both)",NA,FALSE,NA,"top_33pct"
"MESSAGEix-GLOBIOM 1.2","COVID-Shift-NoPolicyNoCOVID_550","C1",752655.058974227,NA,"1.5C (High-Ambition)",511882.90914693,2771556.31926819,TRUE,NA,"Low (both)",NA,FALSE,NA,"top_33pct"
"MESSAGEix-GLOBIOM 1.2","COVID-Shift-Restore","C4",202894.293784657,NA,"2C (Medium-Ambition)",466027.253460691,1932960.06221475,FALSE,NA,"Low (both)",FALSE,NA,NA,"top_33pct"
"MESSAGEix-GLOBIOM 1.2","COVID-Shift-Restore_1000","C3",727318.720585758,NA,"2C (Medium-Ambition)",466027.253460691,1932960.06221475,TRUE,NA,"Low (both)",NA,FALSE,NA,"top_33pct"
"MESSAGEix-GLOBIOM 1.2","COVID-Shift-Restore_550","C1",747018.4758507,NA,"1.5C (High-Ambition)",511882.90914693,2771556.31926819,TRUE,NA,"Low (both)",NA,FALSE,NA,"top_33pct"
"MESSAGEix-GLOBIOM 1.2","COVID-Shift-SelfReliance","C4",202887.267513555,NA,"2C (Medium-Ambition)",466027.253460691,1932960.06221475,FALSE,NA,"Low (both)",FALSE,NA,NA,"top_33pct"
"MESSAGEix-GLOBIOM 1.2","COVID-Shift-SelfReliance_1000","C3",744678.682120309,NA,"2C (Medium-Ambition)",466027.253460691,1932960.06221475,TRUE,NA,"Low (both)",NA,FALSE,NA,"top_33pct"
"MESSAGEix-GLOBIOM 1.2","COVID-Shift-SelfReliance_550","C1",760491.884115105,NA,"1.5C (High-Ambition)",511882.90914693,2771556.31926819,TRUE,NA,"Low (both)",NA,FALSE,NA,"top_33pct"
"MESSAGEix-GLOBIOM 1.2","COVID-Shift-SelfReliance_max_GDP","C4",203365.456613794,NA,"2C (Medium-Ambition)",466027.253460691,1932960.06221475,FALSE,NA,"Low (both)",FALSE,NA,NA,"top_33pct"
"MESSAGEix-GLOBIOM 1.2","COVID-Shift-SelfReliance_min_GDP","C4",202876.120394863,NA,"2C (Medium-Ambition)",466027.253460691,1932960.06221475,FALSE,NA,"Low (both)",FALSE,NA,NA,"top_33pct"
"MESSAGEix-GLOBIOM 1.2","COVID-Shift-SmartUse","C4",202897.199399005,NA,"2C (Medium-Ambition)",466027.253460691,1932960.06221475,FALSE,NA,"Low (both)",FALSE,NA,NA,"top_33pct"
"MESSAGEix-GLOBIOM 1.2","COVID-Shift-SmartUse_1000","C3",735783.583073867,NA,"2C (Medium-Ambition)",466027.253460691,1932960.06221475,TRUE,NA,"Low (both)",NA,FALSE,NA,"top_33pct"
"MESSAGEix-GLOBIOM 1.2","COVID-Shift-SmartUse_550","C1",754087.378021061,NA,"1.5C (High-Ambition)",511882.90914693,2771556.31926819,TRUE,NA,"Low (both)",NA,FALSE,NA,"top_33pct"
"MESSAGEix-GLOBIOM 2.0-M-R12-NGFS","NGFS Phase 5-Below 2°C","C3",423488.201463648,2334785.6207637,"2C (Medium-Ambition)",466027.253460691,1932960.06221475,FALSE,TRUE,"High-RE only",FALSE,TRUE,"High-RE","top_33pct"
"MESSAGEix-GLOBIOM 2.0-M-R12-NGFS","NGFS Phase 5-Current Policies","C4",252415.876831531,951108.066945368,"2C (Medium-Ambition)",466027.253460691,1932960.06221475,FALSE,FALSE,"Low (both)",FALSE,FALSE,NA,"top_33pct"
"MESSAGEix-GLOBIOM 2.0-M-R12-NGFS","NGFS Phase 5-Delayed Transition","C3",414399.908830517,2295918.9718558,"2C (Medium-Ambition)",466027.253460691,1932960.06221475,FALSE,TRUE,"High-RE only",FALSE,TRUE,"High-RE","top_33pct"
"MESSAGEix-GLOBIOM 2.0-M-R12-NGFS","NGFS Phase 5-Fragmented World","C3",368070.473685989,1692207.08869248,"2C (Medium-Ambition)",466027.253460691,1932960.06221475,FALSE,FALSE,"Low (both)",FALSE,FALSE,NA,"top_33pct"
"MESSAGEix-GLOBIOM 2.0-M-R12-NGFS","NGFS Phase 5-Low Demand","C2",418980.134731315,1140434.79808875,"1.5C (High-Ambition)",511882.90914693,2771556.31926819,FALSE,FALSE,"Low (both)",FALSE,FALSE,NA,"top_33pct"
"MESSAGEix-GLOBIOM 2.0-M-R12-NGFS","NGFS Phase 5-Nationally Determined Contributions (NDCs)","C4",420369.60136471,1826000.22981704,"2C (Medium-Ambition)",466027.253460691,1932960.06221475,FALSE,FALSE,"Low (both)",FALSE,FALSE,NA,"top_33pct"
"MESSAGEix-GLOBIOM 2.0-M-R12-NGFS","NGFS Phase 5-Net-Zero 2050","C2",462202.175309756,2587162.14489646,"1.5C (High-Ambition)",511882.90914693,2771556.31926819,FALSE,FALSE,"Low (both)",FALSE,FALSE,NA,"top_33pct"
"MESSAGEix-GLOBIOM GEI 1.0","GEI-SSP2-int-lc-15","C3",866917.292028165,1894414.59322248,"2C (Medium-Ambition)",466027.253460691,1932960.06221475,TRUE,FALSE,"High-CMT only",TRUE,FALSE,"High-CMT","top_33pct"
"MESSAGEix-GLOBIOM GEI 1.0","GEI-SSP2-int-lc-50","C3",882571.854796712,2442782.64800399,"2C (Medium-Ambition)",466027.253460691,1932960.06221475,TRUE,TRUE,"Both High",FALSE,FALSE,NA,"top_33pct"
"MESSAGEix-GLOBIOM GEI 1.0","GEI-SSP2-int-mc-15","C3",858129.095136135,1214126.00077036,"2C (Medium-Ambition)",466027.253460691,1932960.06221475,TRUE,FALSE,"High-CMT only",TRUE,FALSE,"High-CMT","top_33pct"
"MESSAGEix-GLOBIOM GEI 1.0","GEI-SSP2-int-mc-50","C2",813417.947927111,1786794.83148421,"1.5C (High-Ambition)",511882.90914693,2771556.31926819,TRUE,FALSE,"High-CMT only",TRUE,FALSE,"High-CMT","top_33pct"
"MESSAGEix-GLOBIOM GEI 1.0","GEI-SSP2-noint-lc-15","C3",869507.149205303,1901882.10326615,"2C (Medium-Ambition)",466027.253460691,1932960.06221475,TRUE,FALSE,"High-CMT only",TRUE,FALSE,"High-CMT","top_33pct"
"MESSAGEix-GLOBIOM GEI 1.0","GEI-SSP2-noint-lc-50","C3",884115.662728503,2454885.56320004,"2C (Medium-Ambition)",466027.253460691,1932960.06221475,TRUE,TRUE,"Both High",FALSE,FALSE,NA,"top_33pct"
"MESSAGEix-GLOBIOM GEI 1.0","GEI-SSP2-noint-mc-15","C3",861432.951011564,1244974.59173113,"2C (Medium-Ambition)",466027.253460691,1932960.06221475,TRUE,FALSE,"High-CMT only",TRUE,FALSE,"High-CMT","top_33pct"
"MESSAGEix-GLOBIOM GEI 1.0","GEI-SSP2-noint-mc-50","C2",823558.749583854,1813919.44993557,"1.5C (High-Ambition)",511882.90914693,2771556.31926819,TRUE,FALSE,"High-CMT only",TRUE,FALSE,"High-CMT","top_33pct"
"MESSAGEix-GLOBIOM GEI 1.0","GEI-SSP2-openres-lc-100","C2",640954.607624247,2613312.22946317,"1.5C (High-Ambition)",511882.90914693,2771556.31926819,TRUE,FALSE,"High-CMT only",TRUE,FALSE,"High-CMT","top_33pct"
"MESSAGEix-GLOBIOM GEI 1.0","GEI-SSP2-openres-lc-120","C2",566196.344818669,2639556.48414742,"1.5C (High-Ambition)",511882.90914693,2771556.31926819,TRUE,FALSE,"High-CMT only",TRUE,FALSE,"High-CMT","top_33pct"
"MESSAGEix-GLOBIOM GEI 1.0","GEI-SSP2-openres-lc-15","C3",852785.471171079,1865893.54341852,"2C (Medium-Ambition)",466027.253460691,1932960.06221475,TRUE,FALSE,"High-CMT only",TRUE,FALSE,"High-CMT","top_33pct"
"MESSAGEix-GLOBIOM GEI 1.0","GEI-SSP2-openres-lc-50","C3",400290.468368699,2418629.24480999,"2C (Medium-Ambition)",466027.253460691,1932960.06221475,FALSE,TRUE,"High-RE only",FALSE,TRUE,"High-RE","top_33pct"
"MESSAGEix-GLOBIOM GEI 1.0","GEI-SSP2-openres-lc-80","C2",706392.579328743,2568771.92442486,"1.5C (High-Ambition)",511882.90914693,2771556.31926819,TRUE,FALSE,"High-CMT only",TRUE,FALSE,"High-CMT","top_33pct"
"MESSAGEix-GLOBIOM GEI 1.0","GEI-SSP2-openres-lc-CB400","C2",373581.793082609,2704533.97885197,"1.5C (High-Ambition)",511882.90914693,2771556.31926819,FALSE,FALSE,"Low (both)",FALSE,FALSE,NA,"top_33pct"
"MESSAGEix-GLOBIOM GEI 1.0","GEI-SSP2-openres-lc-CB450","C2",395372.305843086,2703965.0837043,"1.5C (High-Ambition)",511882.90914693,2771556.31926819,FALSE,FALSE,"Low (both)",FALSE,FALSE,NA,"top_33pct"
"MESSAGEix-GLOBIOM GEI 1.0","GEI-SSP2-openres-lc-CB500","C2",412214.029065035,2711784.63701408,"1.5C (High-Ambition)",511882.90914693,2771556.31926819,FALSE,FALSE,"Low (both)",FALSE,FALSE,NA,"top_33pct"
"MESSAGEix-GLOBIOM GEI 1.0","GEI-SSP2-openres-lc-CB550","C2",434482.030051446,2707195.64193821,"1.5C (High-Ambition)",511882.90914693,2771556.31926819,FALSE,FALSE,"Low (both)",FALSE,FALSE,NA,"top_33pct"
"MESSAGEix-GLOBIOM GEI 1.0","GEI-SSP2-openres-lc-CB600","C2",457146.466177778,2690629.98069839,"1.5C (High-Ambition)",511882.90914693,2771556.31926819,FALSE,FALSE,"Low (both)",FALSE,FALSE,NA,"top_33pct"
"MESSAGEix-GLOBIOM GEI 1.0","GEI-SSP2-openres-mc-15","C3",845228.41673943,1248957.35175818,"2C (Medium-Ambition)",466027.253460691,1932960.06221475,TRUE,FALSE,"High-CMT only",TRUE,FALSE,"High-CMT","top_33pct"
"MESSAGEix-GLOBIOM GEI 1.0","GEI-SSP2-openres-mc-50","C2",758795.702644592,1807009.42454793,"1.5C (High-Ambition)",511882.90914693,2771556.31926819,TRUE,FALSE,"High-CMT only",TRUE,FALSE,"High-CMT","top_33pct"
"POLES ADVANCE","ADVANCE-2020-1.5°C-2100","C1",0,NA,"1.5C (High-Ambition)",511882.90914693,2771556.31926819,FALSE,NA,"Low (both)",FALSE,NA,NA,"top_33pct"
"POLES ADVANCE","ADVANCE-2020-medium-2°C","C3",0,NA,"2C (Medium-Ambition)",466027.253460691,1932960.06221475,FALSE,NA,"Low (both)",FALSE,NA,NA,"top_33pct"
"POLES ADVANCE","ADVANCE-2020-well-below-2°C","C2",0,NA,"1.5C (High-Ambition)",511882.90914693,2771556.31926819,FALSE,NA,"Low (both)",FALSE,NA,NA,"top_33pct"
"POLES ADVANCE","ADVANCE-2030-1.5°C-2100","C2",0,NA,"1.5C (High-Ambition)",511882.90914693,2771556.31926819,FALSE,NA,"Low (both)",FALSE,NA,NA,"top_33pct"
"POLES ADVANCE","ADVANCE-2030-Price 1.5°C","C2",0,NA,"1.5C (High-Ambition)",511882.90914693,2771556.31926819,FALSE,NA,"Low (both)",FALSE,NA,NA,"top_33pct"
"POLES ADVANCE","ADVANCE-2030-medium-2°C","C3",0,NA,"2C (Medium-Ambition)",466027.253460691,1932960.06221475,FALSE,NA,"Low (both)",FALSE,NA,NA,"top_33pct"
"POLES ADVANCE","ADVANCE-2030-well-below-2°C","C2",0,NA,"1.5C (High-Ambition)",511882.90914693,2771556.31926819,FALSE,NA,"Low (both)",FALSE,NA,NA,"top_33pct"
"POLES ADVANCE","ADVANCE-INDC","C3",0,NA,"2C (Medium-Ambition)",466027.253460691,1932960.06221475,FALSE,NA,"Low (both)",FALSE,NA,NA,"top_33pct"
"POLES ADVANCE","ADVANCE-NoPolicy","C4",0,NA,"2C (Medium-Ambition)",466027.253460691,1932960.06221475,FALSE,NA,"Low (both)",FALSE,NA,NA,"top_33pct"
"POLES ADVANCE","ADVANCE-Reference","C4",0,NA,"2C (Medium-Ambition)",466027.253460691,1932960.06221475,FALSE,NA,"Low (both)",FALSE,NA,NA,"top_33pct"
"POLES EMF33","EMF33-Baseline","C4",0,NA,"2C (Medium-Ambition)",466027.253460691,1932960.06221475,FALSE,NA,"Low (both)",FALSE,NA,NA,"top_33pct"
"POLES EMF33","EMF33-medium-2°C-cost100","C3",0,NA,"2C (Medium-Ambition)",466027.253460691,1932960.06221475,FALSE,NA,"Low (both)",FALSE,NA,NA,"top_33pct"
"POLES EMF33","EMF33-medium-2°C-full","C3",0,NA,"2C (Medium-Ambition)",466027.253460691,1932960.06221475,FALSE,NA,"Low (both)",FALSE,NA,NA,"top_33pct"
"POLES EMF33","EMF33-medium-2°C-limbio","C3",0,NA,"2C (Medium-Ambition)",466027.253460691,1932960.06221475,FALSE,NA,"Low (both)",FALSE,NA,NA,"top_33pct"
"POLES EMF33","EMF33-medium-2°C-nobeccs","C3",0,NA,"2C (Medium-Ambition)",466027.253460691,1932960.06221475,FALSE,NA,"Low (both)",FALSE,NA,NA,"top_33pct"
"POLES EMF33","EMF33-medium-2°C-nofuel","C3",0,NA,"2C (Medium-Ambition)",466027.253460691,1932960.06221475,FALSE,NA,"Low (both)",FALSE,NA,NA,"top_33pct"
"POLES EMF33","EMF33-medium-2°C-none","C3",0,NA,"2C (Medium-Ambition)",466027.253460691,1932960.06221475,FALSE,NA,"Low (both)",FALSE,NA,NA,"top_33pct"
"POLES EMF33","EMF33-tax-hi-full","C4",0,NA,"2C (Medium-Ambition)",466027.253460691,1932960.06221475,FALSE,NA,"Low (both)",FALSE,NA,NA,"top_33pct"
"POLES EMF33","EMF33-tax-hi-none","C4",0,NA,"2C (Medium-Ambition)",466027.253460691,1932960.06221475,FALSE,NA,"Low (both)",FALSE,NA,NA,"top_33pct"
"POLES EMF33","EMF33-tax-lo-full","C3",0,NA,"2C (Medium-Ambition)",466027.253460691,1932960.06221475,FALSE,NA,"Low (both)",FALSE,NA,NA,"top_33pct"
"POLES EMF33","EMF33-tax-lo-none","C3",0,NA,"2C (Medium-Ambition)",466027.253460691,1932960.06221475,FALSE,NA,"Low (both)",FALSE,NA,NA,"top_33pct"
"POLES EMF33","EMF33-well-below-2°C-cost100","C1",0,NA,"1.5C (High-Ambition)",511882.90914693,2771556.31926819,FALSE,NA,"Low (both)",FALSE,NA,NA,"top_33pct"
"POLES EMF33","EMF33-well-below-2°C-full","C1",0,NA,"1.5C (High-Ambition)",511882.90914693,2771556.31926819,FALSE,NA,"Low (both)",FALSE,NA,NA,"top_33pct"
"POLES EMF33","EMF33-well-below-2°C-nofuel","C1",0,NA,"1.5C (High-Ambition)",511882.90914693,2771556.31926819,FALSE,NA,"Low (both)",FALSE,NA,NA,"top_33pct"
"POLES GECO2019","COMMIT-2°C-2020","C3",0,NA,"2C (Medium-Ambition)",466027.253460691,1932960.06221475,FALSE,NA,"Low (both)",FALSE,NA,NA,"top_33pct"
"POLES GECO2019","COMMIT-2°C-2030","C3",0,NA,"2C (Medium-Ambition)",466027.253460691,1932960.06221475,FALSE,NA,"Low (both)",FALSE,NA,NA,"top_33pct"
"POLES GECO2019","COMMIT-Baseline","C4",0,NA,"2C (Medium-Ambition)",466027.253460691,1932960.06221475,FALSE,NA,"Low (both)",FALSE,NA,NA,"top_33pct"
"POLES GECO2019","COMMIT-Bridge","C2",0,NA,"1.5C (High-Ambition)",511882.90914693,2771556.31926819,FALSE,NA,"Low (both)",FALSE,NA,NA,"top_33pct"
"POLES GECO2019","COMMIT-Bridge-No-Tax","C4",0,NA,"2C (Medium-Ambition)",466027.253460691,1932960.06221475,FALSE,NA,"Low (both)",FALSE,NA,NA,"top_33pct"
"POLES GECO2019","COMMIT-Current-Policies","C4",0,NA,"2C (Medium-Ambition)",466027.253460691,1932960.06221475,FALSE,NA,"Low (both)",FALSE,NA,NA,"top_33pct"
"POLES GECO2019","COMMIT-GPP","C3",0,NA,"2C (Medium-Ambition)",466027.253460691,1932960.06221475,FALSE,NA,"Low (both)",FALSE,NA,NA,"top_33pct"
"POLES GECO2019","COMMIT-GPP-No-Tax","C4",0,NA,"2C (Medium-Ambition)",466027.253460691,1932960.06221475,FALSE,NA,"Low (both)",FALSE,NA,NA,"top_33pct"
"POLES GECO2019","COMMIT-NDC-2050-Convergence","C4",0,NA,"2C (Medium-Ambition)",466027.253460691,1932960.06221475,FALSE,NA,"Low (both)",FALSE,NA,NA,"top_33pct"
"POLES GECO2019","COMMIT-NDCplus","C4",0,NA,"2C (Medium-Ambition)",466027.253460691,1932960.06221475,FALSE,NA,"Low (both)",FALSE,NA,NA,"top_33pct"
"POLES-JRC ENGAGE","ENGAGE-INDCi2030-1000","C4",844234.403049385,1688023.07071173,"2C (Medium-Ambition)",466027.253460691,1932960.06221475,TRUE,FALSE,"High-CMT only",TRUE,FALSE,"High-CMT","top_33pct"
"POLES-JRC ENGAGE","ENGAGE-INDCi2030-1000-COV","C4",764763.917642214,1505380.23867675,"2C (Medium-Ambition)",466027.253460691,1932960.06221475,TRUE,FALSE,"High-CMT only",TRUE,FALSE,"High-CMT","top_33pct"
"POLES-JRC ENGAGE","ENGAGE-INDCi2030-1000-COV-NDCp","C4",758112.106817152,1507576.59573003,"2C (Medium-Ambition)",466027.253460691,1932960.06221475,TRUE,FALSE,"High-CMT only",TRUE,FALSE,"High-CMT","top_33pct"
"POLES-JRC ENGAGE","ENGAGE-INDCi2030-1000-NDCp","C4",875433.611296745,1711798.66091112,"2C (Medium-Ambition)",466027.253460691,1932960.06221475,TRUE,FALSE,"High-CMT only",TRUE,FALSE,"High-CMT","top_33pct"
"POLES-JRC ENGAGE","ENGAGE-INDCi2030-1000f","C4",767326.426864152,1645804.43388468,"2C (Medium-Ambition)",466027.253460691,1932960.06221475,TRUE,FALSE,"High-CMT only",TRUE,FALSE,"High-CMT","top_33pct"
"POLES-JRC ENGAGE","ENGAGE-INDCi2030-1000f-COV","C4",741140.5754442,1507963.03845808,"2C (Medium-Ambition)",466027.253460691,1932960.06221475,TRUE,FALSE,"High-CMT only",TRUE,FALSE,"High-CMT","top_33pct"
"POLES-JRC ENGAGE","ENGAGE-INDCi2030-1000f-COV-NDCp","C4",748918.174330138,1503516.81086292,"2C (Medium-Ambition)",466027.253460691,1932960.06221475,TRUE,FALSE,"High-CMT only",TRUE,FALSE,"High-CMT","top_33pct"
"POLES-JRC ENGAGE","ENGAGE-INDCi2030-1000f-NDCp","C4",868492.742474645,1687684.97955225,"2C (Medium-Ambition)",466027.253460691,1932960.06221475,TRUE,FALSE,"High-CMT only",TRUE,FALSE,"High-CMT","top_33pct"
"POLES-JRC ENGAGE","ENGAGE-INDCi2030-1200","C4",784400.670328846,1628716.9704315,"2C (Medium-Ambition)",466027.253460691,1932960.06221475,TRUE,FALSE,"High-CMT only",TRUE,FALSE,"High-CMT","top_33pct"
"POLES-JRC ENGAGE","ENGAGE-INDCi2030-1200f","C4",801003.461921161,1626578.32257241,"2C (Medium-Ambition)",466027.253460691,1932960.06221475,TRUE,FALSE,"High-CMT only",TRUE,FALSE,"High-CMT","top_33pct"
"POLES-JRC ENGAGE","ENGAGE-INDCi2030-1400","C3",882887.997459238,1641524.6503275,"2C (Medium-Ambition)",466027.253460691,1932960.06221475,TRUE,FALSE,"High-CMT only",TRUE,FALSE,"High-CMT","top_33pct"
"POLES-JRC ENGAGE","ENGAGE-INDCi2030-1400f","C3",875167.414740389,1639097.78211194,"2C (Medium-Ambition)",466027.253460691,1932960.06221475,TRUE,FALSE,"High-CMT only",TRUE,FALSE,"High-CMT","top_33pct"
"POLES-JRC ENGAGE","ENGAGE-INDCi2030-1600","C3",863895.702504461,1610708.43307298,"2C (Medium-Ambition)",466027.253460691,1932960.06221475,TRUE,FALSE,"High-CMT only",TRUE,FALSE,"High-CMT","top_33pct"
"POLES-JRC ENGAGE","ENGAGE-INDCi2030-1600f","C3",863895.702504461,1610708.43307298,"2C (Medium-Ambition)",466027.253460691,1932960.06221475,TRUE,FALSE,"High-CMT only",TRUE,FALSE,"High-CMT","top_33pct"
"POLES-JRC ENGAGE","ENGAGE-INDCi2030-1800","C3",922137.754920458,1582234.70761698,"2C (Medium-Ambition)",466027.253460691,1932960.06221475,TRUE,FALSE,"High-CMT only",TRUE,FALSE,"High-CMT","top_33pct"
"POLES-JRC ENGAGE","ENGAGE-INDCi2030-1800f","C3",922137.754920458,1582234.70761698,"2C (Medium-Ambition)",466027.253460691,1932960.06221475,TRUE,FALSE,"High-CMT only",TRUE,FALSE,"High-CMT","top_33pct"
"POLES-JRC ENGAGE","ENGAGE-INDCi2030-2000","C3",932832.589064991,1556251.08778393,"2C (Medium-Ambition)",466027.253460691,1932960.06221475,TRUE,FALSE,"High-CMT only",TRUE,FALSE,"High-CMT","top_33pct"
"POLES-JRC ENGAGE","ENGAGE-INDCi2030-2000f","C3",932832.589064991,1556251.08778393,"2C (Medium-Ambition)",466027.253460691,1932960.06221475,TRUE,FALSE,"High-CMT only",TRUE,FALSE,"High-CMT","top_33pct"
"POLES-JRC ENGAGE","ENGAGE-INDCi2030-2500","C4",779760.659486955,1422854.92722278,"2C (Medium-Ambition)",466027.253460691,1932960.06221475,TRUE,FALSE,"High-CMT only",TRUE,FALSE,"High-CMT","top_33pct"
"POLES-JRC ENGAGE","ENGAGE-INDCi2030-2500f","C4",779760.659486955,1422854.92722278,"2C (Medium-Ambition)",466027.253460691,1932960.06221475,TRUE,FALSE,"High-CMT only",TRUE,FALSE,"High-CMT","top_33pct"
"POLES-JRC ENGAGE","ENGAGE-INDCi2030-3000","C4",472826.223228202,1287193.58371991,"2C (Medium-Ambition)",466027.253460691,1932960.06221475,TRUE,FALSE,"High-CMT only",TRUE,FALSE,"High-CMT","top_33pct"
"POLES-JRC ENGAGE","ENGAGE-INDCi2030-3000f","C4",472826.223228202,1287193.58371991,"2C (Medium-Ambition)",466027.253460691,1932960.06221475,TRUE,FALSE,"High-CMT only",TRUE,FALSE,"High-CMT","top_33pct"
"POLES-JRC ENGAGE","ENGAGE-INDCi2030-300f","C2",1560853.36464833,1909799.1487838,"1.5C (High-Ambition)",511882.90914693,2771556.31926819,TRUE,FALSE,"High-CMT only",TRUE,FALSE,"High-CMT","top_33pct"
"POLES-JRC ENGAGE","ENGAGE-INDCi2030-400f","C2",1401627.45364121,1853898.79823786,"1.5C (High-Ambition)",511882.90914693,2771556.31926819,TRUE,FALSE,"High-CMT only",TRUE,FALSE,"High-CMT","top_33pct"
"POLES-JRC ENGAGE","ENGAGE-INDCi2030-500f","C3",1226105.38006958,1785874.26344072,"2C (Medium-Ambition)",466027.253460691,1932960.06221475,TRUE,FALSE,"High-CMT only",TRUE,FALSE,"High-CMT","top_33pct"
"POLES-JRC ENGAGE","ENGAGE-INDCi2030-600f","C3",1078418.14568481,1732832.34359252,"2C (Medium-Ambition)",466027.253460691,1932960.06221475,TRUE,FALSE,"High-CMT only",TRUE,FALSE,"High-CMT","top_33pct"
"POLES-JRC ENGAGE","ENGAGE-INDCi2030-600f-COV","C3",876790.289300927,1575517.31320896,"2C (Medium-Ambition)",466027.253460691,1932960.06221475,TRUE,FALSE,"High-CMT only",TRUE,FALSE,"High-CMT","top_33pct"
"POLES-JRC ENGAGE","ENGAGE-INDCi2030-600f-COV-NDCp","C3",849984.209916411,1578836.43946912,"2C (Medium-Ambition)",466027.253460691,1932960.06221475,TRUE,FALSE,"High-CMT only",TRUE,FALSE,"High-CMT","top_33pct"
"POLES-JRC ENGAGE","ENGAGE-INDCi2030-600f-NDCp","C3",1103166.25871548,1779232.30113087,"2C (Medium-Ambition)",466027.253460691,1932960.06221475,TRUE,FALSE,"High-CMT only",TRUE,FALSE,"High-CMT","top_33pct"
"POLES-JRC ENGAGE","ENGAGE-INDCi2030-700f","C3",903774.134490473,1679942.61636102,"2C (Medium-Ambition)",466027.253460691,1932960.06221475,TRUE,FALSE,"High-CMT only",TRUE,FALSE,"High-CMT","top_33pct"
"POLES-JRC ENGAGE","ENGAGE-INDCi2030-800f","C4",779776.025204753,1656702.75883412,"2C (Medium-Ambition)",466027.253460691,1932960.06221475,TRUE,FALSE,"High-CMT only",TRUE,FALSE,"High-CMT","top_33pct"
"POLES-JRC ENGAGE","ENGAGE-INDCi2030-900","C3",1297869.67988539,1976495.03107655,"2C (Medium-Ambition)",466027.253460691,1932960.06221475,TRUE,TRUE,"Both High",FALSE,FALSE,NA,"top_33pct"
"POLES-JRC ENGAGE","ENGAGE-INDCi2030-900f","C4",736226.273590272,1625939.68605929,"2C (Medium-Ambition)",466027.253460691,1932960.06221475,TRUE,FALSE,"High-CMT only",TRUE,FALSE,"High-CMT","top_33pct"
"POLES-JRC ENGAGE","ENGAGE-INDCi2100","C4",512594.424462455,1313036.37287302,"2C (Medium-Ambition)",466027.253460691,1932960.06221475,TRUE,FALSE,"High-CMT only",TRUE,FALSE,"High-CMT","top_33pct"
"POLES-JRC ENGAGE","ENGAGE-INDCi2100-COV","C4",506747.250256102,1209022.9944362,"2C (Medium-Ambition)",466027.253460691,1932960.06221475,TRUE,FALSE,"High-CMT only",TRUE,FALSE,"High-CMT","top_33pct"
"POLES-JRC ENGAGE","ENGAGE-INDCi2100-COV-NDCp","C4",600404.352383313,1259654.96383082,"2C (Medium-Ambition)",466027.253460691,1932960.06221475,TRUE,FALSE,"High-CMT only",TRUE,FALSE,"High-CMT","top_33pct"
"POLES-JRC ENGAGE","ENGAGE-INDCi2100-NDCp","C4",590205.451950537,1370859.96461485,"2C (Medium-Ambition)",466027.253460691,1932960.06221475,TRUE,FALSE,"High-CMT only",TRUE,FALSE,"High-CMT","top_33pct"
"POLES-JRC ENGAGE","ENGAGE-NPi2020-1000","C4",876019.926688372,1690192.23894068,"2C (Medium-Ambition)",466027.253460691,1932960.06221475,TRUE,FALSE,"High-CMT only",TRUE,FALSE,"High-CMT","top_33pct"
"POLES-JRC ENGAGE","ENGAGE-NPi2020-1000-COV","C4",863151.32479776,1544280.24282574,"2C (Medium-Ambition)",466027.253460691,1932960.06221475,TRUE,FALSE,"High-CMT only",TRUE,FALSE,"High-CMT","top_33pct"
"POLES-JRC ENGAGE","ENGAGE-NPi2020-1000f","C4",860051.697422481,1656006.4899939,"2C (Medium-Ambition)",466027.253460691,1932960.06221475,TRUE,FALSE,"High-CMT only",TRUE,FALSE,"High-CMT","top_33pct"
"POLES-JRC ENGAGE","ENGAGE-NPi2020-1000f-COV","C4",817345.436816958,1495435.99523031,"2C (Medium-Ambition)",466027.253460691,1932960.06221475,TRUE,FALSE,"High-CMT only",TRUE,FALSE,"High-CMT","top_33pct"
"POLES-JRC ENGAGE","ENGAGE-NPi2020-1200","C4",929660.185974185,1675845.87197628,"2C (Medium-Ambition)",466027.253460691,1932960.06221475,TRUE,FALSE,"High-CMT only",TRUE,FALSE,"High-CMT","top_33pct"
"POLES-JRC ENGAGE","ENGAGE-NPi2020-1200f","C4",876677.628022661,1622616.78378066,"2C (Medium-Ambition)",466027.253460691,1932960.06221475,TRUE,FALSE,"High-CMT only",TRUE,FALSE,"High-CMT","top_33pct"
"POLES-JRC ENGAGE","ENGAGE-NPi2020-1400","C3",947385.233691637,1634729.54681125,"2C (Medium-Ambition)",466027.253460691,1932960.06221475,TRUE,FALSE,"High-CMT only",TRUE,FALSE,"High-CMT","top_33pct"
"POLES-JRC ENGAGE","ENGAGE-NPi2020-1400f","C3",948357.713603659,1630185.44754353,"2C (Medium-Ambition)",466027.253460691,1932960.06221475,TRUE,FALSE,"High-CMT only",TRUE,FALSE,"High-CMT","top_33pct"
"POLES-JRC ENGAGE","ENGAGE-NPi2020-1600","C3",941534.358090782,1594541.51734605,"2C (Medium-Ambition)",466027.253460691,1932960.06221475,TRUE,FALSE,"High-CMT only",TRUE,FALSE,"High-CMT","top_33pct"
"POLES-JRC ENGAGE","ENGAGE-NPi2020-1600f","C3",943685.777991617,1595940.80834922,"2C (Medium-Ambition)",466027.253460691,1932960.06221475,TRUE,FALSE,"High-CMT only",TRUE,FALSE,"High-CMT","top_33pct"
"POLES-JRC ENGAGE","ENGAGE-NPi2020-1800","C3",973395.498099727,1566497.71804055,"2C (Medium-Ambition)",466027.253460691,1932960.06221475,TRUE,FALSE,"High-CMT only",TRUE,FALSE,"High-CMT","top_33pct"
"POLES-JRC ENGAGE","ENGAGE-NPi2020-1800f","C3",973395.498099727,1566497.71804055,"2C (Medium-Ambition)",466027.253460691,1932960.06221475,TRUE,FALSE,"High-CMT only",TRUE,FALSE,"High-CMT","top_33pct"
"POLES-JRC ENGAGE","ENGAGE-NPi2020-2000","C3",982076.722726187,1524402.67749902,"2C (Medium-Ambition)",466027.253460691,1932960.06221475,TRUE,FALSE,"High-CMT only",TRUE,FALSE,"High-CMT","top_33pct"
"POLES-JRC ENGAGE","ENGAGE-NPi2020-2000f","C3",982076.722726187,1524402.67749902,"2C (Medium-Ambition)",466027.253460691,1932960.06221475,TRUE,FALSE,"High-CMT only",TRUE,FALSE,"High-CMT","top_33pct"
"POLES-JRC ENGAGE","ENGAGE-NPi2020-2500","C4",813547.679643137,1398887.74451714,"2C (Medium-Ambition)",466027.253460691,1932960.06221475,TRUE,FALSE,"High-CMT only",TRUE,FALSE,"High-CMT","top_33pct"
"POLES-JRC ENGAGE","ENGAGE-NPi2020-2500f","C4",813547.679643137,1398887.74451714,"2C (Medium-Ambition)",466027.253460691,1932960.06221475,TRUE,FALSE,"High-CMT only",TRUE,FALSE,"High-CMT","top_33pct"
"POLES-JRC ENGAGE","ENGAGE-NPi2020-3000","C4",439455.212269675,1275331.66313931,"2C (Medium-Ambition)",466027.253460691,1932960.06221475,FALSE,FALSE,"Low (both)",FALSE,FALSE,NA,"top_33pct"
"POLES-JRC ENGAGE","ENGAGE-NPi2020-3000f","C4",439455.212269675,1275331.66313931,"2C (Medium-Ambition)",466027.253460691,1932960.06221475,FALSE,FALSE,"Low (both)",FALSE,FALSE,NA,"top_33pct"
"POLES-JRC ENGAGE","ENGAGE-NPi2020-300f","C2",1110919.96512085,1826799.37723657,"1.5C (High-Ambition)",511882.90914693,2771556.31926819,TRUE,FALSE,"High-CMT only",TRUE,FALSE,"High-CMT","top_33pct"
"POLES-JRC ENGAGE","ENGAGE-NPi2020-400f","C2",988104.516151281,1775133.26332381,"1.5C (High-Ambition)",511882.90914693,2771556.31926819,TRUE,FALSE,"High-CMT only",TRUE,FALSE,"High-CMT","top_33pct"
"POLES-JRC ENGAGE","ENGAGE-NPi2020-500","C3",1137948.71653068,1924796.74191936,"2C (Medium-Ambition)",466027.253460691,1932960.06221475,TRUE,FALSE,"High-CMT only",TRUE,FALSE,"High-CMT","top_33pct"
"POLES-JRC ENGAGE","ENGAGE-NPi2020-500f","C3",863487.512525064,1728814.05226591,"2C (Medium-Ambition)",466027.253460691,1932960.06221475,TRUE,FALSE,"High-CMT only",TRUE,FALSE,"High-CMT","top_33pct"
"POLES-JRC ENGAGE","ENGAGE-NPi2020-600","C3",963729.073614746,1773039.96345403,"2C (Medium-Ambition)",466027.253460691,1932960.06221475,TRUE,FALSE,"High-CMT only",TRUE,FALSE,"High-CMT","top_33pct"
"POLES-JRC ENGAGE","ENGAGE-NPi2020-600f","C3",830397.442401743,1723108.22391399,"2C (Medium-Ambition)",466027.253460691,1932960.06221475,TRUE,FALSE,"High-CMT only",TRUE,FALSE,"High-CMT","top_33pct"
"POLES-JRC ENGAGE","ENGAGE-NPi2020-600f-COV","C3",712264.712699459,1553601.92227643,"2C (Medium-Ambition)",466027.253460691,1932960.06221475,TRUE,FALSE,"High-CMT only",TRUE,FALSE,"High-CMT","top_33pct"
"POLES-JRC ENGAGE","ENGAGE-NPi2020-700","C3",898238.817946812,1758766.17652884,"2C (Medium-Ambition)",466027.253460691,1932960.06221475,TRUE,FALSE,"High-CMT only",TRUE,FALSE,"High-CMT","top_33pct"
"POLES-JRC ENGAGE","ENGAGE-NPi2020-700f","C3",801739.419567446,1701158.1901758,"2C (Medium-Ambition)",466027.253460691,1932960.06221475,TRUE,FALSE,"High-CMT only",TRUE,FALSE,"High-CMT","top_33pct"
"POLES-JRC ENGAGE","ENGAGE-NPi2020-800","C3",883486.371467945,1734808.74447789,"2C (Medium-Ambition)",466027.253460691,1932960.06221475,TRUE,FALSE,"High-CMT only",TRUE,FALSE,"High-CMT","top_33pct"
"POLES-JRC ENGAGE","ENGAGE-NPi2020-800f","C4",794094.128883325,1692275.10979464,"2C (Medium-Ambition)",466027.253460691,1932960.06221475,TRUE,FALSE,"High-CMT only",TRUE,FALSE,"High-CMT","top_33pct"
"POLES-JRC ENGAGE","ENGAGE-NPi2020-900","C3",869617.690750986,1693498.58504864,"2C (Medium-Ambition)",466027.253460691,1932960.06221475,TRUE,FALSE,"High-CMT only",TRUE,FALSE,"High-CMT","top_33pct"
"POLES-JRC ENGAGE","ENGAGE-NPi2020-900f","C4",829027.381193568,1678849.2088392,"2C (Medium-Ambition)",466027.253460691,1932960.06221475,TRUE,FALSE,"High-CMT only",TRUE,FALSE,"High-CMT","top_33pct"
"POLES-JRC ENGAGE","ENGAGE-NPi2100","C4",341824.195539118,1214793.68324136,"2C (Medium-Ambition)",466027.253460691,1932960.06221475,FALSE,FALSE,"Low (both)",FALSE,FALSE,NA,"top_33pct"
"POLES-JRC ENGAGE","ENGAGE-NPi2100-COV","C4",341406.18650294,1109686.97949646,"2C (Medium-Ambition)",466027.253460691,1932960.06221475,FALSE,FALSE,"Low (both)",FALSE,FALSE,NA,"top_33pct"
"REMIND 1.7","CEMICS-1.5°C-CDR12","C1",0,NA,"1.5C (High-Ambition)",511882.90914693,2771556.31926819,FALSE,NA,"Low (both)",FALSE,NA,NA,"top_33pct"
"REMIND 1.7","CEMICS-1.5°C-CDR20","C1",0,NA,"1.5C (High-Ambition)",511882.90914693,2771556.31926819,FALSE,NA,"Low (both)",FALSE,NA,NA,"top_33pct"
"REMIND 1.7","CEMICS-1.5°C-CDR8","C1",0,NA,"1.5C (High-Ambition)",511882.90914693,2771556.31926819,FALSE,NA,"Low (both)",FALSE,NA,NA,"top_33pct"
"REMIND 1.7","CEMICS-2.0°C-CDR12","C2",0,NA,"1.5C (High-Ambition)",511882.90914693,2771556.31926819,FALSE,NA,"Low (both)",FALSE,NA,NA,"top_33pct"
"REMIND 1.7","CEMICS-2.0°C-CDR20","C2",0,NA,"1.5C (High-Ambition)",511882.90914693,2771556.31926819,FALSE,NA,"Low (both)",FALSE,NA,NA,"top_33pct"
"REMIND 1.7","CEMICS-2.0°C-CDR8","C1",0,NA,"1.5C (High-Ambition)",511882.90914693,2771556.31926819,FALSE,NA,"Low (both)",FALSE,NA,NA,"top_33pct"
"REMIND 2.1","CEMICS-GDPgrowth-1.5°C","C1",332610.83935,4506587.78335,"1.5C (High-Ambition)",511882.90914693,2771556.31926819,FALSE,TRUE,"High-RE only",FALSE,TRUE,"High-RE","top_33pct"
"REMIND 2.1","CEMICS-GDPgrowth-2.0°C","C3",198514.9873,3715806.74155,"2C (Medium-Ambition)",466027.253460691,1932960.06221475,FALSE,TRUE,"High-RE only",FALSE,TRUE,"High-RE","top_33pct"
"REMIND 2.1","CEMICS-HotellingConst-1.5°C","C1",409071.60935,4910841.23325,"1.5C (High-Ambition)",511882.90914693,2771556.31926819,FALSE,TRUE,"High-RE only",FALSE,TRUE,"High-RE","top_33pct"
"REMIND 2.1","CEMICS-HotellingConst-2.0°C","C3",235317.7104,3589722.9156,"2C (Medium-Ambition)",466027.253460691,1932960.06221475,FALSE,TRUE,"High-RE only",FALSE,TRUE,"High-RE","top_33pct"
"REMIND 2.1","CEMICS-Linear-1.5°C","C1",397164.81035,4617534.95665,"1.5C (High-Ambition)",511882.90914693,2771556.31926819,FALSE,TRUE,"High-RE only",FALSE,TRUE,"High-RE","top_33pct"
"REMIND 2.1","CEMICS-Linear-2.0°C","C3",224236.50375,3536554.2009,"2C (Medium-Ambition)",466027.253460691,1932960.06221475,FALSE,TRUE,"High-RE only",FALSE,TRUE,"High-RE","top_33pct"
"REMIND 2.1","CEMICS-NPI","C4",30913.2201,2245884.7572,"2C (Medium-Ambition)",466027.253460691,1932960.06221475,FALSE,TRUE,"High-RE only",FALSE,TRUE,"High-RE","top_33pct"
"REMIND 2.1","CEMICS-Optimal-1.5°C","C1",232684.78715,3501735.6327,"1.5C (High-Ambition)",511882.90914693,2771556.31926819,FALSE,TRUE,"High-RE only",FALSE,TRUE,"High-RE","top_33pct"
"REMIND 2.1","CEMICS-Optimal-2.0°C","C3",189620.646,3715496.2665,"2C (Medium-Ambition)",466027.253460691,1932960.06221475,FALSE,TRUE,"High-RE only",FALSE,TRUE,"High-RE","top_33pct"
"REMIND 2.1","ECEMF-DIAG-C400-lin","C1",0,NA,"1.5C (High-Ambition)",511882.90914693,2771556.31926819,FALSE,NA,"Low (both)",FALSE,NA,NA,"top_33pct"
"REMIND 2.1","ECEMF-DIAG-NPi","C4",0,NA,"2C (Medium-Ambition)",466027.253460691,1932960.06221475,FALSE,NA,"Low (both)",FALSE,NA,NA,"top_33pct"
"REMIND 2.1","LeastTotalCost-CBA-brkLR15-SSP2-P50","C3",178480.64795,3215693.6299,"2C (Medium-Ambition)",466027.253460691,1932960.06221475,FALSE,TRUE,"High-RE only",FALSE,TRUE,"High-RE","top_33pct"
"REMIND 2.1","LeastTotalCost-CBA-brkSR15-SSP2-P50","C3",190269.19495,3035846.34885,"2C (Medium-Ambition)",466027.253460691,1932960.06221475,FALSE,TRUE,"High-RE only",FALSE,TRUE,"High-RE","top_33pct"
"REMIND 2.1","LeastTotalCost-CEA-brkLR15-SSP2-P50","C3",149318.2529,3154694.5508,"2C (Medium-Ambition)",466027.253460691,1932960.06221475,FALSE,TRUE,"High-RE only",FALSE,TRUE,"High-RE","top_33pct"
"REMIND 2.1","LeastTotalCost-CEA-brkSR15-SSP2-P50","C3",155055.97955,3208315.9321,"2C (Medium-Ambition)",466027.253460691,1932960.06221475,FALSE,TRUE,"High-RE only",FALSE,TRUE,"High-RE","top_33pct"
"REMIND 2.1","LeastTotalCost-LTC-brkLR15-SSP1-P50","C1",112073.9589,2191335.24255,"1.5C (High-Ambition)",511882.90914693,2771556.31926819,FALSE,FALSE,"Low (both)",FALSE,FALSE,NA,"top_33pct"
"REMIND 2.1","LeastTotalCost-LTC-brkLR15-SSP2-P50","C3",181515.2028,3222197.2279,"2C (Medium-Ambition)",466027.253460691,1932960.06221475,FALSE,TRUE,"High-RE only",FALSE,TRUE,"High-RE","top_33pct"
"REMIND 2.1","LeastTotalCost-LTC-brkLR15-SSP5-P50","C3",543775.9697,3441933.48435,"2C (Medium-Ambition)",466027.253460691,1932960.06221475,TRUE,TRUE,"Both High",FALSE,FALSE,NA,"top_33pct"
"REMIND 2.1","LeastTotalCost-LTC-brkSR15-SSP1-P50","C2",118625.43625,2018151.9341,"1.5C (High-Ambition)",511882.90914693,2771556.31926819,FALSE,FALSE,"Low (both)",FALSE,FALSE,NA,"top_33pct"
"REMIND 2.1","LeastTotalCost-LTC-brkSR15-SSP2-P50","C3",168805.45185,3169170.3704,"2C (Medium-Ambition)",466027.253460691,1932960.06221475,FALSE,TRUE,"High-RE only",FALSE,TRUE,"High-RE","top_33pct"
"REMIND 2.1","LeastTotalCost-LTC-brkSR15-SSP5-P50","C3",425845.21435,3358700.33545,"2C (Medium-Ambition)",466027.253460691,1932960.06221475,FALSE,TRUE,"High-RE only",FALSE,TRUE,"High-RE","top_33pct"
"REMIND 2.1","LeastTotalCost-NDC-brkLR15-SSP2-P50","C3",173690.89265,2632248.2634,"2C (Medium-Ambition)",466027.253460691,1932960.06221475,FALSE,TRUE,"High-RE only",FALSE,TRUE,"High-RE","top_33pct"
"REMIND 2.1","LeastTotalCost-NDC-brkSR15-SSP2-P50","C3",175745.03045,2640730.1625,"2C (Medium-Ambition)",466027.253460691,1932960.06221475,FALSE,TRUE,"High-RE only",FALSE,TRUE,"High-RE","top_33pct"
"REMIND 2.1","LeastTotalCost-NPi-brkLR15-SSP1-P50","C3",765.68085,1273297.84355,"2C (Medium-Ambition)",466027.253460691,1932960.06221475,FALSE,FALSE,"Low (both)",FALSE,FALSE,NA,"top_33pct"
"REMIND 2.1","LeastTotalCost-NPi-brkLR15-SSP2-P50","C4",8907.7722,1944990.2075,"2C (Medium-Ambition)",466027.253460691,1932960.06221475,FALSE,TRUE,"High-RE only",FALSE,TRUE,"High-RE","top_33pct"
"REMIND 2.1","LeastTotalCost-NPi-brkLR15-SSP5-P50","C4",36252.99975,1313526.56945,"2C (Medium-Ambition)",466027.253460691,1932960.06221475,FALSE,FALSE,"Low (both)",FALSE,FALSE,NA,"top_33pct"
"REMIND 2.1","LeastTotalCost-NPi-brkSR15-SSP1-P50","C3",827.6466,1291119.8785,"2C (Medium-Ambition)",466027.253460691,1932960.06221475,FALSE,FALSE,"Low (both)",FALSE,FALSE,NA,"top_33pct"
"REMIND 2.1","LeastTotalCost-NPi-brkSR15-SSP2-P50","C4",9019.3711,1896612.94505,"2C (Medium-Ambition)",466027.253460691,1932960.06221475,FALSE,FALSE,"Low (both)",FALSE,FALSE,NA,"top_33pct"
"REMIND 2.1","LeastTotalCost-NPi-brkSR15-SSP5-P50","C4",35899.50105,1279618.2037,"2C (Medium-Ambition)",466027.253460691,1932960.06221475,FALSE,FALSE,"Low (both)",FALSE,FALSE,NA,"top_33pct"
"REMIND 2.1","R2p1-SSP1-1100","C2",94649.87015,2478423.16905,"1.5C (High-Ambition)",511882.90914693,2771556.31926819,FALSE,FALSE,"Low (both)",FALSE,FALSE,NA,"top_33pct"
"REMIND 2.1","R2p1-SSP1-1300","C2",99110.1373,2290405.51545,"1.5C (High-Ambition)",511882.90914693,2771556.31926819,FALSE,FALSE,"Low (both)",FALSE,FALSE,NA,"top_33pct"
"REMIND 2.1","R2p1-SSP1-900","C1",92155.3838,2695519.49935,"1.5C (High-Ambition)",511882.90914693,2771556.31926819,FALSE,FALSE,"Low (both)",FALSE,FALSE,NA,"top_33pct"
"REMIND 2.1","R2p1-SSP1-NDC","C3",66631.3635,2016613.81545,"2C (Medium-Ambition)",466027.253460691,1932960.06221475,FALSE,TRUE,"High-RE only",FALSE,TRUE,"High-RE","top_33pct"
"REMIND 2.1","R2p1-SSP1-NPi","C3",94.8535,1521475.75295,"2C (Medium-Ambition)",466027.253460691,1932960.06221475,FALSE,FALSE,"Low (both)",FALSE,FALSE,NA,"top_33pct"
"REMIND 2.1","R2p1-SSP2-1100","C3",137726.98505,3759205.5424,"2C (Medium-Ambition)",466027.253460691,1932960.06221475,FALSE,TRUE,"High-RE only",FALSE,TRUE,"High-RE","top_33pct"
"REMIND 2.1","R2p1-SSP2-1300","C3",139288.0834,3544145.93785,"2C (Medium-Ambition)",466027.253460691,1932960.06221475,FALSE,TRUE,"High-RE only",FALSE,TRUE,"High-RE","top_33pct"
"REMIND 2.1","R2p1-SSP2-900","C1",183518.10515,3956658.91655,"1.5C (High-Ambition)",511882.90914693,2771556.31926819,FALSE,TRUE,"High-RE only",FALSE,TRUE,"High-RE","top_33pct"
"REMIND 2.1","R2p1-SSP2-NDC","C3",171055.5994,3080034.2624,"2C (Medium-Ambition)",466027.253460691,1932960.06221475,FALSE,TRUE,"High-RE only",FALSE,TRUE,"High-RE","top_33pct"
"REMIND 2.1","R2p1-SSP2-NPi","C4",1336.1571,2292005.33505,"2C (Medium-Ambition)",466027.253460691,1932960.06221475,FALSE,TRUE,"High-RE only",FALSE,TRUE,"High-RE","top_33pct"
"REMIND 2.1","R2p1-SSP5-1100","C2",362498.7528,4113868.6484,"1.5C (High-Ambition)",511882.90914693,2771556.31926819,FALSE,TRUE,"High-RE only",FALSE,TRUE,"High-RE","top_33pct"
"REMIND 2.1","R2p1-SSP5-1300","C3",344013.34755,4004876.7384,"2C (Medium-Ambition)",466027.253460691,1932960.06221475,FALSE,TRUE,"High-RE only",FALSE,TRUE,"High-RE","top_33pct"
"REMIND 2.1","R2p1-SSP5-900","C1",722832.69175,4310529.6125,"1.5C (High-Ambition)",511882.90914693,2771556.31926819,TRUE,TRUE,"Both High",FALSE,FALSE,NA,"top_33pct"
"REMIND 2.1","R2p1-SSP5-NDC","C4",481871.716,2764356.51225,"2C (Medium-Ambition)",466027.253460691,1932960.06221475,TRUE,TRUE,"Both High",FALSE,FALSE,NA,"top_33pct"
"REMIND 2.1","R2p1-SSP5-NPi","C4",4366.94345,1632528.34015,"2C (Medium-Ambition)",466027.253460691,1932960.06221475,FALSE,FALSE,"Low (both)",FALSE,FALSE,NA,"top_33pct"
"REMIND 2.1","TechCost-SSP2-1100-bioH","C3",149160.0046,3957348.46335,"2C (Medium-Ambition)",466027.253460691,1932960.06221475,FALSE,TRUE,"High-RE only",FALSE,TRUE,"High-RE","top_33pct"
"REMIND 2.1","TechCost-SSP2-1100-ccsH","C3",259032.45475,3748868.4753,"2C (Medium-Ambition)",466027.253460691,1932960.06221475,FALSE,TRUE,"High-RE only",FALSE,TRUE,"High-RE","top_33pct"
"REMIND 2.1","TechCost-SSP2-1100-coalH","C3",157208.36375,4046472.09445,"2C (Medium-Ambition)",466027.253460691,1932960.06221475,FALSE,TRUE,"High-RE only",FALSE,TRUE,"High-RE","top_33pct"
"REMIND 2.1","TechCost-SSP2-1100-elh2H","C3",164056.07145,4183573.3316,"2C (Medium-Ambition)",466027.253460691,1932960.06221475,FALSE,TRUE,"High-RE only",FALSE,TRUE,"High-RE","top_33pct"
"REMIND 2.1","TechCost-SSP2-1100-gasH","C3",161076.62025,4014388.80325,"2C (Medium-Ambition)",466027.253460691,1932960.06221475,FALSE,TRUE,"High-RE only",FALSE,TRUE,"High-RE","top_33pct"
"REMIND 2.1","TechCost-SSP2-1100-nucH","C3",155216.30605,3698983.33165,"2C (Medium-Ambition)",466027.253460691,1932960.06221475,FALSE,TRUE,"High-RE only",FALSE,TRUE,"High-RE","top_33pct"
"REMIND 2.1","TechCost-SSP2-1100-oilH","C3",155564.5842,3998088.9313,"2C (Medium-Ambition)",466027.253460691,1932960.06221475,FALSE,TRUE,"High-RE only",FALSE,TRUE,"High-RE","top_33pct"
"REMIND 2.1","TechCost-SSP2-1100-spvH","C3",147672.2928,4349950.5743,"2C (Medium-Ambition)",466027.253460691,1932960.06221475,FALSE,TRUE,"High-RE only",FALSE,TRUE,"High-RE","top_33pct"
"REMIND 2.1","TechCost-SSP2-1100-windH","C3",139922.5894,4611507.60265,"2C (Medium-Ambition)",466027.253460691,1932960.06221475,FALSE,TRUE,"High-RE only",FALSE,TRUE,"High-RE","top_33pct"
"REMIND 3.0","ENGAGE-Feasibility-1000/Cost-Effective","C3",51588.2398742,3992170.56945975,"2C (Medium-Ambition)",466027.253460691,1932960.06221475,FALSE,TRUE,"High-RE only",FALSE,TRUE,"High-RE","top_33pct"
"REMIND 3.0","ENGAGE-Feasibility-1000/Enablers & Institutional","C3",21227.29445185,2054324.9083624,"2C (Medium-Ambition)",466027.253460691,1932960.06221475,FALSE,TRUE,"High-RE only",FALSE,TRUE,"High-RE","top_33pct"
"REMIND 3.0","ENGAGE-Feasibility-1000/Institutional","C3",34321.63098885,3980198.649973,"2C (Medium-Ambition)",466027.253460691,1932960.06221475,FALSE,TRUE,"High-RE only",FALSE,TRUE,"High-RE","top_33pct"
"REMIND 3.0","ENGAGE-Feasibility-1000/Technology","C3",32972.674677,4156929.69768705,"2C (Medium-Ambition)",466027.253460691,1932960.06221475,FALSE,TRUE,"High-RE only",FALSE,TRUE,"High-RE","top_33pct"
"REMIND 3.0","ENGAGE-Feasibility-1000/Technology & Enablers & Institutional","C3",19803.94944745,2165859.7216132,"2C (Medium-Ambition)",466027.253460691,1932960.06221475,FALSE,TRUE,"High-RE only",FALSE,TRUE,"High-RE","top_33pct"
"REMIND 3.0","ENGAGE-Feasibility-1000/Technology & Institutional","C3",23061.03983755,4077126.83484895,"2C (Medium-Ambition)",466027.253460691,1932960.06221475,FALSE,TRUE,"High-RE only",FALSE,TRUE,"High-RE","top_33pct"
"REMIND 3.0","ENGAGE-Feasibility-Maximum-Effort/Cost-Effective","C1",28205.7485686,4261815.9403137,"1.5C (High-Ambition)",511882.90914693,2771556.31926819,FALSE,TRUE,"High-RE only",FALSE,TRUE,"High-RE","top_33pct"
"REMIND 3.0","ENGAGE-Feasibility-Maximum-Effort/Enablers & Institutional","C1",17581.7757044,2012518.37459095,"1.5C (High-Ambition)",511882.90914693,2771556.31926819,FALSE,FALSE,"Low (both)",FALSE,FALSE,NA,"top_33pct"
"REMIND 3.0","ENGAGE-Feasibility-Maximum-Effort/Enablers & Institutional [Optimistic]","C1",19192.8403177,2073441.3192293,"1.5C (High-Ambition)",511882.90914693,2771556.31926819,FALSE,FALSE,"Low (both)",FALSE,FALSE,NA,"top_33pct"
"REMIND 3.0","ENGAGE-Feasibility-Maximum-Effort/Enablers & Institutional [Pessimistic]","C3",21610.82170745,1969648.70213995,"2C (Medium-Ambition)",466027.253460691,1932960.06221475,FALSE,TRUE,"High-RE only",FALSE,TRUE,"High-RE","top_33pct"
"REMIND 3.0","ENGAGE-Feasibility-Maximum-Effort/Institutional","C3",24547.6684274,3966883.91027095,"2C (Medium-Ambition)",466027.253460691,1932960.06221475,FALSE,TRUE,"High-RE only",FALSE,TRUE,"High-RE","top_33pct"
"REMIND 3.0","ENGAGE-Feasibility-Maximum-Effort/Institutional [Optimistic]","C3",23462.58666565,3993678.98605625,"2C (Medium-Ambition)",466027.253460691,1932960.06221475,FALSE,TRUE,"High-RE only",FALSE,TRUE,"High-RE","top_33pct"
"REMIND 3.0","ENGAGE-Feasibility-Maximum-Effort/Institutional [Pessimistic]","C3",22603.64075995,3983835.80467205,"2C (Medium-Ambition)",466027.253460691,1932960.06221475,FALSE,TRUE,"High-RE only",FALSE,TRUE,"High-RE","top_33pct"
"REMIND 3.0","ENGAGE-Feasibility-Maximum-Effort/Technology","C1",22085.1166922,4406256.35506935,"1.5C (High-Ambition)",511882.90914693,2771556.31926819,FALSE,TRUE,"High-RE only",FALSE,TRUE,"High-RE","top_33pct"
"REMIND 3.0","ENGAGE-Feasibility-Maximum-Effort/Technology & Enablers & Institutional","C2",15048.4875457,2204390.5884111,"1.5C (High-Ambition)",511882.90914693,2771556.31926819,FALSE,FALSE,"Low (both)",FALSE,FALSE,NA,"top_33pct"
"REMIND 3.0","ENGAGE-Feasibility-Maximum-Effort/Technology & Enablers & Institutional [Optimistic]","C1",16234.55965775,2197017.47767935,"1.5C (High-Ambition)",511882.90914693,2771556.31926819,FALSE,FALSE,"Low (both)",FALSE,FALSE,NA,"top_33pct"
"REMIND 3.0","ENGAGE-Feasibility-Maximum-Effort/Technology & Enablers & Institutional [Pessimistic]","C3",12993.77017115,2057754.55293045,"2C (Medium-Ambition)",466027.253460691,1932960.06221475,FALSE,TRUE,"High-RE only",FALSE,TRUE,"High-RE","top_33pct"
"REMIND 3.0","ENGAGE-Feasibility-Maximum-Effort/Technology & Institutional","C3",18039.13965925,4170242.35033025,"2C (Medium-Ambition)",466027.253460691,1932960.06221475,FALSE,TRUE,"High-RE only",FALSE,TRUE,"High-RE","top_33pct"
"REMIND 3.0","ENGAGE-Feasibility-Maximum-Effort/Technology & Institutional [Optimistic]","C3",16967.31375425,4152446.4340806,"2C (Medium-Ambition)",466027.253460691,1932960.06221475,FALSE,TRUE,"High-RE only",FALSE,TRUE,"High-RE","top_33pct"
"REMIND 3.0","ENGAGE-Feasibility-Maximum-Effort/Technology & Institutional [Pessimistic]","C3",7533.56272135,4058484.5269602,"2C (Medium-Ambition)",466027.253460691,1932960.06221475,FALSE,TRUE,"High-RE only",FALSE,TRUE,"High-RE","top_33pct"
"REMIND 3.0","NAVIGATE Demand-1.5°C-act_u","C1",923519.12622745,2759949.0261945,"1.5C (High-Ambition)",511882.90914693,2771556.31926819,TRUE,FALSE,"High-CMT only",TRUE,FALSE,"High-CMT","top_33pct"
"REMIND 3.0","NAVIGATE Demand-1.5°C-all_u","C1",670689.67714215,2201562.27508765,"1.5C (High-Ambition)",511882.90914693,2771556.31926819,TRUE,FALSE,"High-CMT only",TRUE,FALSE,"High-CMT","top_33pct"
"REMIND 3.0","NAVIGATE Demand-1.5°C-ele_u","C1",711417.4430887,2933947.4904765,"1.5C (High-Ambition)",511882.90914693,2771556.31926819,TRUE,TRUE,"Both High",FALSE,FALSE,NA,"top_33pct"
"REMIND 3.0","NAVIGATE Demand-1.5°C-ref","C1",982770.8143446,3229958.74489325,"1.5C (High-Ambition)",511882.90914693,2771556.31926819,TRUE,TRUE,"Both High",FALSE,FALSE,NA,"top_33pct"
"REMIND 3.0","NAVIGATE Demand-1.5°C-tec_u","C1",908532.6880438,2713943.07644685,"1.5C (High-Ambition)",511882.90914693,2771556.31926819,TRUE,FALSE,"High-CMT only",TRUE,FALSE,"High-CMT","top_33pct"
"REMIND 3.0","NAVIGATE Demand-2.0°C-act_u","C3",537471.2100091,2568833.99309515,"2C (Medium-Ambition)",466027.253460691,1932960.06221475,TRUE,TRUE,"Both High",FALSE,FALSE,NA,"top_33pct"
"REMIND 3.0","NAVIGATE Demand-2.0°C-all_u","C3",357998.9179504,2120410.0378795,"2C (Medium-Ambition)",466027.253460691,1932960.06221475,FALSE,TRUE,"High-RE only",FALSE,TRUE,"High-RE","top_33pct"
"REMIND 3.0","NAVIGATE Demand-2.0°C-ele_u","C3",389535.9559031,2831991.32469335,"2C (Medium-Ambition)",466027.253460691,1932960.06221475,FALSE,TRUE,"High-RE only",FALSE,TRUE,"High-RE","top_33pct"
"REMIND 3.0","NAVIGATE Demand-2.0°C-ref","C3",579167.61483675,3042790.46845805,"2C (Medium-Ambition)",466027.253460691,1932960.06221475,TRUE,TRUE,"Both High",FALSE,FALSE,NA,"top_33pct"
"REMIND 3.0","NAVIGATE Demand-2.0°C-tec_u","C3",541595.00657905,2519463.2892285,"2C (Medium-Ambition)",466027.253460691,1932960.06221475,TRUE,TRUE,"Both High",FALSE,FALSE,NA,"top_33pct"
"REMIND 3.0","NAVIGATE Demand-NPi-act","C4",85325.1173523,1956865.89781265,"2C (Medium-Ambition)",466027.253460691,1932960.06221475,FALSE,TRUE,"High-RE only",FALSE,TRUE,"High-RE","top_33pct"
"REMIND 3.0","NAVIGATE Demand-NPi-all","C3",82117.28715205,1852638.58116535,"2C (Medium-Ambition)",466027.253460691,1932960.06221475,FALSE,FALSE,"Low (both)",FALSE,FALSE,NA,"top_33pct"
"REMIND 3.0","NAVIGATE Demand-NPi-ele","C3",73755.3308959,2467886.45486775,"2C (Medium-Ambition)",466027.253460691,1932960.06221475,FALSE,TRUE,"High-RE only",FALSE,TRUE,"High-RE","top_33pct"
"REMIND 3.0","NAVIGATE Demand-NPi-ref","C4",126033.04503015,2296423.90940395,"2C (Medium-Ambition)",466027.253460691,1932960.06221475,FALSE,TRUE,"High-RE only",FALSE,TRUE,"High-RE","top_33pct"
"REMIND 3.0","NAVIGATE Demand-NPi-tec","C4",84054.7513064,1888488.5930791,"2C (Medium-Ambition)",466027.253460691,1932960.06221475,FALSE,FALSE,"Low (both)",FALSE,FALSE,NA,"top_33pct"
"REMIND 3.5","Rescuing-1.5°C-Highest-Possible-Ambition","C4",920235.1889679,6241631.4926337,"2C (Medium-Ambition)",466027.253460691,1932960.06221475,TRUE,TRUE,"Both High",FALSE,FALSE,NA,"top_33pct"
"REMIND-Buildings 2.0","BEG-600","C2",148287.5192,4154625.69655,"1.5C (High-Ambition)",511882.90914693,2771556.31926819,FALSE,TRUE,"High-RE only",FALSE,TRUE,"High-RE","top_33pct"
"REMIND-Buildings 2.0","BEG-600-Efficiency","C2",140415.7673,3713858.9228,"1.5C (High-Ambition)",511882.90914693,2771556.31926819,FALSE,TRUE,"High-RE only",FALSE,TRUE,"High-RE","top_33pct"
"REMIND-MAgPIE 1.5","SSP1-19","C2",0,NA,"1.5C (High-Ambition)",511882.90914693,2771556.31926819,FALSE,NA,"Low (both)",FALSE,NA,NA,"top_33pct"
"REMIND-MAgPIE 1.5","SSP1-26","C4",0,NA,"2C (Medium-Ambition)",466027.253460691,1932960.06221475,FALSE,NA,"Low (both)",FALSE,NA,NA,"top_33pct"
"REMIND-MAgPIE 1.5","SSP1-34","C3",0,NA,"2C (Medium-Ambition)",466027.253460691,1932960.06221475,FALSE,NA,"Low (both)",FALSE,NA,NA,"top_33pct"
"REMIND-MAgPIE 1.5","SSP1-45","C4",0,NA,"2C (Medium-Ambition)",466027.253460691,1932960.06221475,FALSE,NA,"Low (both)",FALSE,NA,NA,"top_33pct"
"REMIND-MAgPIE 1.5","SSP2-19","C1",0,NA,"1.5C (High-Ambition)",511882.90914693,2771556.31926819,FALSE,NA,"Low (both)",FALSE,NA,NA,"top_33pct"
"REMIND-MAgPIE 1.5","SSP2-26","C3",0,NA,"2C (Medium-Ambition)",466027.253460691,1932960.06221475,FALSE,NA,"Low (both)",FALSE,NA,NA,"top_33pct"
"REMIND-MAgPIE 1.5","SSP2-34","C3",0,NA,"2C (Medium-Ambition)",466027.253460691,1932960.06221475,FALSE,NA,"Low (both)",FALSE,NA,NA,"top_33pct"
"REMIND-MAgPIE 1.5","SSP2-45","C4",0,NA,"2C (Medium-Ambition)",466027.253460691,1932960.06221475,FALSE,NA,"Low (both)",FALSE,NA,NA,"top_33pct"
"REMIND-MAgPIE 1.5","SSP2-60","C4",0,NA,"2C (Medium-Ambition)",466027.253460691,1932960.06221475,FALSE,NA,"Low (both)",FALSE,NA,NA,"top_33pct"
"REMIND-MAgPIE 1.5","SSP5-19","C2",0,NA,"1.5C (High-Ambition)",511882.90914693,2771556.31926819,FALSE,NA,"Low (both)",FALSE,NA,NA,"top_33pct"
"REMIND-MAgPIE 1.5","SSP5-26","C4",0,NA,"2C (Medium-Ambition)",466027.253460691,1932960.06221475,FALSE,NA,"Low (both)",FALSE,NA,NA,"top_33pct"
"REMIND-MAgPIE 1.5","SSP5-34","C3",0,NA,"2C (Medium-Ambition)",466027.253460691,1932960.06221475,FALSE,NA,"Low (both)",FALSE,NA,NA,"top_33pct"
"REMIND-MAgPIE 1.5","SSP5-45","C4",0,NA,"2C (Medium-Ambition)",466027.253460691,1932960.06221475,FALSE,NA,"Low (both)",FALSE,NA,NA,"top_33pct"
"REMIND-MAgPIE 1.5","SSP5-60","C4",0,NA,"2C (Medium-Ambition)",466027.253460691,1932960.06221475,FALSE,NA,"Low (both)",FALSE,NA,NA,"top_33pct"
"REMIND-MAgPIE 1.7-3.0","CD-LINKS-INDC2030i_1000","C2",347923.49935,4117866.7538,"1.5C (High-Ambition)",511882.90914693,2771556.31926819,FALSE,TRUE,"High-RE only",FALSE,TRUE,"High-RE","top_33pct"
"REMIND-MAgPIE 1.7-3.0","CD-LINKS-INDC2030i_1600","C4",411190.7973,4021641.0231,"2C (Medium-Ambition)",466027.253460691,1932960.06221475,FALSE,TRUE,"High-RE only",FALSE,TRUE,"High-RE","top_33pct"
"REMIND-MAgPIE 1.7-3.0","CD-LINKS-INDC2030i_400","C2",414258.0881,4473398.0807,"1.5C (High-Ambition)",511882.90914693,2771556.31926819,FALSE,TRUE,"High-RE only",FALSE,TRUE,"High-RE","top_33pct"
"REMIND-MAgPIE 1.7-3.0","CD-LINKS-INDCi","C4",178813.41885,3053412.4813,"2C (Medium-Ambition)",466027.253460691,1932960.06221475,FALSE,TRUE,"High-RE only",FALSE,TRUE,"High-RE","top_33pct"
"REMIND-MAgPIE 1.7-3.0","CD-LINKS-NDC2030i_1000","C3",0,NA,"2C (Medium-Ambition)",466027.253460691,1932960.06221475,FALSE,NA,"Low (both)",FALSE,NA,NA,"top_33pct"
"REMIND-MAgPIE 1.7-3.0","CD-LINKS-NPi","C4",17091.31915,2799267.7638,"2C (Medium-Ambition)",466027.253460691,1932960.06221475,FALSE,TRUE,"High-RE only",FALSE,TRUE,"High-RE","top_33pct"
"REMIND-MAgPIE 1.7-3.0","CD-LINKS-NPi2020_1000","C2",349442.97525,4357545.6745,"1.5C (High-Ambition)",511882.90914693,2771556.31926819,FALSE,TRUE,"High-RE only",FALSE,TRUE,"High-RE","top_33pct"
"REMIND-MAgPIE 1.7-3.0","CD-LINKS-NPi2020_1600","C4",423204.3037,3898987.9889,"2C (Medium-Ambition)",466027.253460691,1932960.06221475,FALSE,TRUE,"High-RE only",FALSE,TRUE,"High-RE","top_33pct"
"REMIND-MAgPIE 1.7-3.0","CD-LINKS-NPi2020_400","C1",389362.29465,4020658.8722,"1.5C (High-Ambition)",511882.90914693,2771556.31926819,FALSE,TRUE,"High-RE only",FALSE,TRUE,"High-RE","top_33pct"
"REMIND-MAgPIE 1.7-3.0","CD-LINKS-No-Policy","C4",1783.4374,2773994.73045,"2C (Medium-Ambition)",466027.253460691,1932960.06221475,FALSE,TRUE,"High-RE only",FALSE,TRUE,"High-RE","top_33pct"
"REMIND-MAgPIE 1.7-3.0","COMMIT-2°C-2020","C2",374744.20175,4046357.45175,"1.5C (High-Ambition)",511882.90914693,2771556.31926819,FALSE,TRUE,"High-RE only",FALSE,TRUE,"High-RE","top_33pct"
"REMIND-MAgPIE 1.7-3.0","COMMIT-2°C-2030","C2",372201.62075,3998001.56015,"1.5C (High-Ambition)",511882.90914693,2771556.31926819,FALSE,TRUE,"High-RE only",FALSE,TRUE,"High-RE","top_33pct"
"REMIND-MAgPIE 1.7-3.0","COMMIT-Baseline","C4",1812.72515,2668248.0555,"2C (Medium-Ambition)",466027.253460691,1932960.06221475,FALSE,TRUE,"High-RE only",FALSE,TRUE,"High-RE","top_33pct"
"REMIND-MAgPIE 1.7-3.0","COMMIT-Bridge","C2",458071.03995,3912653.6779,"1.5C (High-Ambition)",511882.90914693,2771556.31926819,FALSE,TRUE,"High-RE only",FALSE,TRUE,"High-RE","top_33pct"
"REMIND-MAgPIE 1.7-3.0","COMMIT-Current-Policies","C4",33726.54985,2713307.73595,"2C (Medium-Ambition)",466027.253460691,1932960.06221475,FALSE,TRUE,"High-RE only",FALSE,TRUE,"High-RE","top_33pct"
"REMIND-MAgPIE 1.7-3.0","COMMIT-GPP","C3",298394.55735,3196029.4457,"2C (Medium-Ambition)",466027.253460691,1932960.06221475,FALSE,TRUE,"High-RE only",FALSE,TRUE,"High-RE","top_33pct"
"REMIND-MAgPIE 1.7-3.0","COMMIT-NDCplus","C4",173482.4962,2939314.8779,"2C (Medium-Ambition)",466027.253460691,1932960.06221475,FALSE,TRUE,"High-RE only",FALSE,TRUE,"High-RE","top_33pct"
"REMIND-MAgPIE 1.7-3.0","EMF33-1.5°C-cost100","C2",0,NA,"1.5C (High-Ambition)",511882.90914693,2771556.31926819,FALSE,NA,"Low (both)",FALSE,NA,NA,"top_33pct"
"REMIND-MAgPIE 1.7-3.0","EMF33-1.5°C-full","C2",0,NA,"1.5C (High-Ambition)",511882.90914693,2771556.31926819,FALSE,NA,"Low (both)",FALSE,NA,NA,"top_33pct"
"REMIND-MAgPIE 1.7-3.0","EMF33-1.5°C-nofuel","C1",0,NA,"1.5C (High-Ambition)",511882.90914693,2771556.31926819,FALSE,NA,"Low (both)",FALSE,NA,NA,"top_33pct"
"REMIND-MAgPIE 1.7-3.0","EMF33-medium-2°C-cost100","C4",0,NA,"2C (Medium-Ambition)",466027.253460691,1932960.06221475,FALSE,NA,"Low (both)",FALSE,NA,NA,"top_33pct"
"REMIND-MAgPIE 1.7-3.0","EMF33-medium-2°C-full","C3",0,NA,"2C (Medium-Ambition)",466027.253460691,1932960.06221475,FALSE,NA,"Low (both)",FALSE,NA,NA,"top_33pct"
"REMIND-MAgPIE 1.7-3.0","EMF33-medium-2°C-limbio","C3",0,NA,"2C (Medium-Ambition)",466027.253460691,1932960.06221475,FALSE,NA,"Low (both)",FALSE,NA,NA,"top_33pct"
"REMIND-MAgPIE 1.7-3.0","EMF33-medium-2°C-nobeccs","C4",0,NA,"2C (Medium-Ambition)",466027.253460691,1932960.06221475,FALSE,NA,"Low (both)",FALSE,NA,NA,"top_33pct"
"REMIND-MAgPIE 1.7-3.0","EMF33-medium-2°C-nofuel","C4",0,NA,"2C (Medium-Ambition)",466027.253460691,1932960.06221475,FALSE,NA,"Low (both)",FALSE,NA,NA,"top_33pct"
"REMIND-MAgPIE 1.7-3.0","EMF33-medium-2°C-none","C4",0,NA,"2C (Medium-Ambition)",466027.253460691,1932960.06221475,FALSE,NA,"Low (both)",FALSE,NA,NA,"top_33pct"
"REMIND-MAgPIE 1.7-3.0","EMF33-tax-hi-full","C3",0,NA,"2C (Medium-Ambition)",466027.253460691,1932960.06221475,FALSE,NA,"Low (both)",FALSE,NA,NA,"top_33pct"
"REMIND-MAgPIE 1.7-3.0","EMF33-tax-hi-none","C4",0,NA,"2C (Medium-Ambition)",466027.253460691,1932960.06221475,FALSE,NA,"Low (both)",FALSE,NA,NA,"top_33pct"
"REMIND-MAgPIE 1.7-3.0","EMF33-tax-lo-full","C3",0,NA,"2C (Medium-Ambition)",466027.253460691,1932960.06221475,FALSE,NA,"Low (both)",FALSE,NA,NA,"top_33pct"
"REMIND-MAgPIE 1.7-3.0","EMF33-tax-lo-none","C3",0,NA,"2C (Medium-Ambition)",466027.253460691,1932960.06221475,FALSE,NA,"Low (both)",FALSE,NA,NA,"top_33pct"
"REMIND-MAgPIE 1.7-3.0","EMF33-well-below-2°C-cost100","C3",0,NA,"2C (Medium-Ambition)",466027.253460691,1932960.06221475,FALSE,NA,"Low (both)",FALSE,NA,NA,"top_33pct"
"REMIND-MAgPIE 1.7-3.0","EMF33-well-below-2°C-full","C3",0,NA,"2C (Medium-Ambition)",466027.253460691,1932960.06221475,FALSE,NA,"Low (both)",FALSE,NA,NA,"top_33pct"
"REMIND-MAgPIE 1.7-3.0","EMF33-well-below-2°C-limbio","C3",0,NA,"2C (Medium-Ambition)",466027.253460691,1932960.06221475,FALSE,NA,"Low (both)",FALSE,NA,NA,"top_33pct"
"REMIND-MAgPIE 1.7-3.0","EMF33-well-below-2°C-nobeccs","C3",0,NA,"2C (Medium-Ambition)",466027.253460691,1932960.06221475,FALSE,NA,"Low (both)",FALSE,NA,NA,"top_33pct"
"REMIND-MAgPIE 1.7-3.0","EMF33-well-below-2°C-nofuel","C3",0,NA,"2C (Medium-Ambition)",466027.253460691,1932960.06221475,FALSE,NA,"Low (both)",FALSE,NA,NA,"top_33pct"
"REMIND-MAgPIE 1.7-3.0","EMF33-well-below-2°C-none","C3",0,NA,"2C (Medium-Ambition)",466027.253460691,1932960.06221475,FALSE,NA,"Low (both)",FALSE,NA,NA,"top_33pct"
"REMIND-MAgPIE 1.7-3.0","PEP-1.5°C-Full-CDR-Cost-Effective","C1",428976.51385,4164148.851,"1.5C (High-Ambition)",511882.90914693,2771556.31926819,FALSE,TRUE,"High-RE only",FALSE,TRUE,"High-RE","top_33pct"
"REMIND-MAgPIE 1.7-3.0","PEP-1.5°C-Full-CDR-Good-Practice","C2",438670.57055,4319151.67935,"1.5C (High-Ambition)",511882.90914693,2771556.31926819,FALSE,TRUE,"High-RE only",FALSE,TRUE,"High-RE","top_33pct"
"REMIND-MAgPIE 1.7-3.0","PEP-1.5°C-Full-CDR-NDC","C2",474436.051,4405532.8742,"1.5C (High-Ambition)",511882.90914693,2771556.31926819,FALSE,TRUE,"High-RE only",FALSE,TRUE,"High-RE","top_33pct"
"REMIND-MAgPIE 1.7-3.0","PEP-1.5°C-Full-CDR-NetZero","C2",457963.3029,4206918.0055,"1.5C (High-Ambition)",511882.90914693,2771556.31926819,FALSE,TRUE,"High-RE only",FALSE,TRUE,"High-RE","top_33pct"
"REMIND-MAgPIE 1.7-3.0","PEP-1.5°C-Reduced-CDR-Cost-Effective","C1",261094.3737,5041833.87775,"1.5C (High-Ambition)",511882.90914693,2771556.31926819,FALSE,TRUE,"High-RE only",FALSE,TRUE,"High-RE","top_33pct"
"REMIND-MAgPIE 1.7-3.0","PEP-2°C-Full-CDR-Cost-Effective","C2",374744.20175,4046357.45175,"1.5C (High-Ambition)",511882.90914693,2771556.31926819,FALSE,TRUE,"High-RE only",FALSE,TRUE,"High-RE","top_33pct"
"REMIND-MAgPIE 1.7-3.0","PEP-2°C-Full-CDR-Good-Practice","C2",378934.99725,3890105.2622,"1.5C (High-Ambition)",511882.90914693,2771556.31926819,FALSE,TRUE,"High-RE only",FALSE,TRUE,"High-RE","top_33pct"
"REMIND-MAgPIE 1.7-3.0","PEP-2°C-Full-CDR-NDC","C2",372201.62075,3998001.56015,"1.5C (High-Ambition)",511882.90914693,2771556.31926819,FALSE,TRUE,"High-RE only",FALSE,TRUE,"High-RE","top_33pct"
"REMIND-MAgPIE 1.7-3.0","PEP-2°C-Full-CDR-NetZero","C2",407013.7187,3862874.5537,"1.5C (High-Ambition)",511882.90914693,2771556.31926819,FALSE,TRUE,"High-RE only",FALSE,TRUE,"High-RE","top_33pct"
"REMIND-MAgPIE 1.7-3.0","PEP-2°C-Reduced-CDR-Cost-Effective","C1",259219.615,4557615.72095,"1.5C (High-Ambition)",511882.90914693,2771556.31926819,FALSE,TRUE,"High-RE only",FALSE,TRUE,"High-RE","top_33pct"
"REMIND-MAgPIE 1.7-3.0","PEP-2°C-Reduced-CDR-Good-Practice","C2",229449.3781,4575827.82655,"1.5C (High-Ambition)",511882.90914693,2771556.31926819,FALSE,TRUE,"High-RE only",FALSE,TRUE,"High-RE","top_33pct"
"REMIND-MAgPIE 1.7-3.0","PEP-2°C-Reduced-CDR-NDC","C2",240876.7101,4706719.80375,"1.5C (High-Ambition)",511882.90914693,2771556.31926819,FALSE,TRUE,"High-RE only",FALSE,TRUE,"High-RE","top_33pct"
"REMIND-MAgPIE 1.7-3.0","PEP-2°C-Reduced-CDR-NetZero","C2",246226.14605,4492568.42415,"1.5C (High-Ambition)",511882.90914693,2771556.31926819,FALSE,TRUE,"High-RE only",FALSE,TRUE,"High-RE","top_33pct"
"REMIND-MAgPIE 1.7-3.0","PEP-Good-Practice","C4",295743.71065,2991434.80855,"2C (Medium-Ambition)",466027.253460691,1932960.06221475,FALSE,TRUE,"High-RE only",FALSE,TRUE,"High-RE","top_33pct"
"REMIND-MAgPIE 1.7-3.0","PEP-NDC","C4",173482.4962,2939314.8779,"2C (Medium-Ambition)",466027.253460691,1932960.06221475,FALSE,TRUE,"High-RE only",FALSE,TRUE,"High-RE","top_33pct"
"REMIND-MAgPIE 1.7-3.0","PEP-NPi","C4",33726.54985,2713307.73595,"2C (Medium-Ambition)",466027.253460691,1932960.06221475,FALSE,TRUE,"High-RE only",FALSE,TRUE,"High-RE","top_33pct"
"REMIND-MAgPIE 1.7-3.0","PEP-NetZero","C3",349582.3202,3134777.8313,"2C (Medium-Ambition)",466027.253460691,1932960.06221475,FALSE,TRUE,"High-RE only",FALSE,TRUE,"High-RE","top_33pct"
"REMIND-MAgPIE 1.7-3.0","PEP-NoPolicy","C4",1812.72515,2668248.0555,"2C (Medium-Ambition)",466027.253460691,1932960.06221475,FALSE,TRUE,"High-RE only",FALSE,TRUE,"High-RE","top_33pct"
"REMIND-MAgPIE 1.7-3.0","SMP-2°C-Lifestyle","C1",0,NA,"1.5C (High-Ambition)",511882.90914693,2771556.31926819,FALSE,NA,"Low (both)",FALSE,NA,NA,"top_33pct"
"REMIND-MAgPIE 1.7-3.0","SMP-Reference-Default","C4",0,NA,"2C (Medium-Ambition)",466027.253460691,1932960.06221475,FALSE,NA,"Low (both)",FALSE,NA,NA,"top_33pct"
"REMIND-MAgPIE 1.7-3.0","SMP-Reference-Sustainable","C4",0,NA,"2C (Medium-Ambition)",466027.253460691,1932960.06221475,FALSE,NA,"Low (both)",FALSE,NA,NA,"top_33pct"
"REMIND-MAgPIE 2.0-4.1","Diff-1300Gt-hybrid-def","C3",153553.90975,3498942.58575,"2C (Medium-Ambition)",466027.253460691,1932960.06221475,FALSE,TRUE,"High-RE only",FALSE,TRUE,"High-RE","top_33pct"
"REMIND-MAgPIE 2.0-4.1","Diff-1300Gt-no-transfer-def","C3",154734.2441,3420091.6899,"2C (Medium-Ambition)",466027.253460691,1932960.06221475,FALSE,TRUE,"High-RE only",FALSE,TRUE,"High-RE","top_33pct"
"REMIND-MAgPIE 2.0-4.1","Diff-1300Gt-uniform-pricing-def","C3",151135.54015,3510492.4621,"2C (Medium-Ambition)",466027.253460691,1932960.06221475,FALSE,TRUE,"High-RE only",FALSE,TRUE,"High-RE","top_33pct"
"REMIND-MAgPIE 2.1-4.2","CEMICS-SSP1-1.5°C-fullCDR","C1",227649.0804,2676698.1991,"1.5C (High-Ambition)",511882.90914693,2771556.31926819,FALSE,FALSE,"Low (both)",FALSE,FALSE,NA,"top_33pct"
"REMIND-MAgPIE 2.1-4.2","CEMICS-SSP1-1.5°C-minCDR","C1",105598.8573,3223243.08855,"1.5C (High-Ambition)",511882.90914693,2771556.31926819,FALSE,TRUE,"High-RE only",FALSE,TRUE,"High-RE","top_33pct"
"REMIND-MAgPIE 2.1-4.2","CEMICS-SSP1-Npi","C4",6596.69175,1416082.1746,"2C (Medium-Ambition)",466027.253460691,1932960.06221475,FALSE,FALSE,"Low (both)",FALSE,FALSE,NA,"top_33pct"
"REMIND-MAgPIE 2.1-4.2","CEMICS-SSP2-1.5°C-fullCDR","C1",363328.8587,3887437.54335,"1.5C (High-Ambition)",511882.90914693,2771556.31926819,FALSE,TRUE,"High-RE only",FALSE,TRUE,"High-RE","top_33pct"
"REMIND-MAgPIE 2.1-4.2","CEMICS-SSP2-1.5°C-minCDR","C1",115381.2259,4861012.2273,"1.5C (High-Ambition)",511882.90914693,2771556.31926819,FALSE,TRUE,"High-RE only",FALSE,TRUE,"High-RE","top_33pct"
"REMIND-MAgPIE 2.1-4.2","CEMICS-SSP2-2.0°C-fullCDR","C3",220167.2727,3654625.2525,"2C (Medium-Ambition)",466027.253460691,1932960.06221475,FALSE,TRUE,"High-RE only",FALSE,TRUE,"High-RE","top_33pct"
"REMIND-MAgPIE 2.1-4.2","CEMICS-SSP2-2.0°C-minCDR","C3",128786.37425,4329730.7657,"2C (Medium-Ambition)",466027.253460691,1932960.06221475,FALSE,TRUE,"High-RE only",FALSE,TRUE,"High-RE","top_33pct"
"REMIND-MAgPIE 2.1-4.2","CEMICS-SSP2-Npi","C4",13946.09355,2245729.3091,"2C (Medium-Ambition)",466027.253460691,1932960.06221475,FALSE,TRUE,"High-RE only",FALSE,TRUE,"High-RE","top_33pct"
"REMIND-MAgPIE 2.1-4.2","ENGAGE-INDCi2030-1000","C3",80746.568,3891109.4969,"2C (Medium-Ambition)",466027.253460691,1932960.06221475,FALSE,TRUE,"High-RE only",FALSE,TRUE,"High-RE","top_33pct"
"REMIND-MAgPIE 2.1-4.2","ENGAGE-INDCi2030-1000-COV","C3",68896.999,3210185.22455,"2C (Medium-Ambition)",466027.253460691,1932960.06221475,FALSE,TRUE,"High-RE only",FALSE,TRUE,"High-RE","top_33pct"
"REMIND-MAgPIE 2.1-4.2","ENGAGE-INDCi2030-1000-COV-NDCp","C3",69748.7675,3212686.48955,"2C (Medium-Ambition)",466027.253460691,1932960.06221475,FALSE,TRUE,"High-RE only",FALSE,TRUE,"High-RE","top_33pct"
"REMIND-MAgPIE 2.1-4.2","ENGAGE-INDCi2030-1000-NDCp","C3",98967.3961,3882676.5376,"2C (Medium-Ambition)",466027.253460691,1932960.06221475,FALSE,TRUE,"High-RE only",FALSE,TRUE,"High-RE","top_33pct"
"REMIND-MAgPIE 2.1-4.2","ENGAGE-INDCi2030-1000f","C3",76796.72565,3911661.24045,"2C (Medium-Ambition)",466027.253460691,1932960.06221475,FALSE,TRUE,"High-RE only",FALSE,TRUE,"High-RE","top_33pct"
"REMIND-MAgPIE 2.1-4.2","ENGAGE-INDCi2030-1000f-COV","C3",68719.91925,3225743.59885,"2C (Medium-Ambition)",466027.253460691,1932960.06221475,FALSE,TRUE,"High-RE only",FALSE,TRUE,"High-RE","top_33pct"
"REMIND-MAgPIE 2.1-4.2","ENGAGE-INDCi2030-1000f-COV-NDCp","C3",69458.0232,3229648.85945,"2C (Medium-Ambition)",466027.253460691,1932960.06221475,FALSE,TRUE,"High-RE only",FALSE,TRUE,"High-RE","top_33pct"
"REMIND-MAgPIE 2.1-4.2","ENGAGE-INDCi2030-1000f-NDCp","C3",78506.17235,3910301.23525,"2C (Medium-Ambition)",466027.253460691,1932960.06221475,FALSE,TRUE,"High-RE only",FALSE,TRUE,"High-RE","top_33pct"
"REMIND-MAgPIE 2.1-4.2","ENGAGE-INDCi2030-1200","C3",69347.5861,3643706.815,"2C (Medium-Ambition)",466027.253460691,1932960.06221475,FALSE,TRUE,"High-RE only",FALSE,TRUE,"High-RE","top_33pct"
"REMIND-MAgPIE 2.1-4.2","ENGAGE-INDCi2030-1200f","C3",69365.55545,3635069.8848,"2C (Medium-Ambition)",466027.253460691,1932960.06221475,FALSE,TRUE,"High-RE only",FALSE,TRUE,"High-RE","top_33pct"
"REMIND-MAgPIE 2.1-4.2","ENGAGE-INDCi2030-1400","C4",67230.71685,3443101.6212,"2C (Medium-Ambition)",466027.253460691,1932960.06221475,FALSE,TRUE,"High-RE only",FALSE,TRUE,"High-RE","top_33pct"
"REMIND-MAgPIE 2.1-4.2","ENGAGE-INDCi2030-1400f","C4",67230.71685,3443101.6212,"2C (Medium-Ambition)",466027.253460691,1932960.06221475,FALSE,TRUE,"High-RE only",FALSE,TRUE,"High-RE","top_33pct"
"REMIND-MAgPIE 2.1-4.2","ENGAGE-INDCi2030-1600","C3",58776.51655,3308108.14965,"2C (Medium-Ambition)",466027.253460691,1932960.06221475,FALSE,TRUE,"High-RE only",FALSE,TRUE,"High-RE","top_33pct"
"REMIND-MAgPIE 2.1-4.2","ENGAGE-INDCi2030-1600f","C3",58776.51655,3308108.14965,"2C (Medium-Ambition)",466027.253460691,1932960.06221475,FALSE,TRUE,"High-RE only",FALSE,TRUE,"High-RE","top_33pct"
"REMIND-MAgPIE 2.1-4.2","ENGAGE-INDCi2030-1800","C3",60442.4934,3196045.52085,"2C (Medium-Ambition)",466027.253460691,1932960.06221475,FALSE,TRUE,"High-RE only",FALSE,TRUE,"High-RE","top_33pct"
"REMIND-MAgPIE 2.1-4.2","ENGAGE-INDCi2030-1800f","C3",60442.4934,3196045.52085,"2C (Medium-Ambition)",466027.253460691,1932960.06221475,FALSE,TRUE,"High-RE only",FALSE,TRUE,"High-RE","top_33pct"
"REMIND-MAgPIE 2.1-4.2","ENGAGE-INDCi2030-2000","C3",41314.69205,3128220.9079,"2C (Medium-Ambition)",466027.253460691,1932960.06221475,FALSE,TRUE,"High-RE only",FALSE,TRUE,"High-RE","top_33pct"
"REMIND-MAgPIE 2.1-4.2","ENGAGE-INDCi2030-2000f","C3",40948.7361,3101944.93625,"2C (Medium-Ambition)",466027.253460691,1932960.06221475,FALSE,TRUE,"High-RE only",FALSE,TRUE,"High-RE","top_33pct"
"REMIND-MAgPIE 2.1-4.2","ENGAGE-INDCi2030-2500","C4",21959.95505,2943615.04855,"2C (Medium-Ambition)",466027.253460691,1932960.06221475,FALSE,TRUE,"High-RE only",FALSE,TRUE,"High-RE","top_33pct"
"REMIND-MAgPIE 2.1-4.2","ENGAGE-INDCi2030-2500f","C4",21876.61055,2943556.1241,"2C (Medium-Ambition)",466027.253460691,1932960.06221475,FALSE,TRUE,"High-RE only",FALSE,TRUE,"High-RE","top_33pct"
"REMIND-MAgPIE 2.1-4.2","ENGAGE-INDCi2030-3000","C4",19271.34015,2793419.53945,"2C (Medium-Ambition)",466027.253460691,1932960.06221475,FALSE,TRUE,"High-RE only",FALSE,TRUE,"High-RE","top_33pct"
"REMIND-MAgPIE 2.1-4.2","ENGAGE-INDCi2030-3000f","C4",19274.10915,2796155.00105,"2C (Medium-Ambition)",466027.253460691,1932960.06221475,FALSE,TRUE,"High-RE only",FALSE,TRUE,"High-RE","top_33pct"
"REMIND-MAgPIE 2.1-4.2","ENGAGE-INDCi2030-300f","C2",135930.2712,5182761.06875,"1.5C (High-Ambition)",511882.90914693,2771556.31926819,FALSE,TRUE,"High-RE only",FALSE,TRUE,"High-RE","top_33pct"
"REMIND-MAgPIE 2.1-4.2","ENGAGE-INDCi2030-400f","C2",142690.4613,4995201.4422,"1.5C (High-Ambition)",511882.90914693,2771556.31926819,FALSE,TRUE,"High-RE only",FALSE,TRUE,"High-RE","top_33pct"
"REMIND-MAgPIE 2.1-4.2","ENGAGE-INDCi2030-500f","C2",143014.2959,4759294.25585,"1.5C (High-Ambition)",511882.90914693,2771556.31926819,FALSE,TRUE,"High-RE only",FALSE,TRUE,"High-RE","top_33pct"
"REMIND-MAgPIE 2.1-4.2","ENGAGE-INDCi2030-600-COV","C2",49200.46605,3270959.9096,"1.5C (High-Ambition)",511882.90914693,2771556.31926819,FALSE,TRUE,"High-RE only",FALSE,TRUE,"High-RE","top_33pct"
"REMIND-MAgPIE 2.1-4.2","ENGAGE-INDCi2030-600-COV-NDCp","C2",48774.2442,3276397.3707,"1.5C (High-Ambition)",511882.90914693,2771556.31926819,FALSE,TRUE,"High-RE only",FALSE,TRUE,"High-RE","top_33pct"
"REMIND-MAgPIE 2.1-4.2","ENGAGE-INDCi2030-600f","C2",134157.30255,4546508.51535,"1.5C (High-Ambition)",511882.90914693,2771556.31926819,FALSE,TRUE,"High-RE only",FALSE,TRUE,"High-RE","top_33pct"
"REMIND-MAgPIE 2.1-4.2","ENGAGE-INDCi2030-600f-COV","C2",54297.32275,3591838.40465,"1.5C (High-Ambition)",511882.90914693,2771556.31926819,FALSE,TRUE,"High-RE only",FALSE,TRUE,"High-RE","top_33pct"
"REMIND-MAgPIE 2.1-4.2","ENGAGE-INDCi2030-600f-COV-NDCp","C2",55530.64445,3584711.99305,"1.5C (High-Ambition)",511882.90914693,2771556.31926819,FALSE,TRUE,"High-RE only",FALSE,TRUE,"High-RE","top_33pct"
"REMIND-MAgPIE 2.1-4.2","ENGAGE-INDCi2030-600f-NDCp","C2",123469.267,4554049.62585,"1.5C (High-Ambition)",511882.90914693,2771556.31926819,FALSE,TRUE,"High-RE only",FALSE,TRUE,"High-RE","top_33pct"
"REMIND-MAgPIE 2.1-4.2","ENGAGE-INDCi2030-700","C3",167250.51855,3892679.2101,"2C (Medium-Ambition)",466027.253460691,1932960.06221475,FALSE,TRUE,"High-RE only",FALSE,TRUE,"High-RE","top_33pct"
"REMIND-MAgPIE 2.1-4.2","ENGAGE-INDCi2030-700f","C3",100095.49105,4361635.22315,"2C (Medium-Ambition)",466027.253460691,1932960.06221475,FALSE,TRUE,"High-RE only",FALSE,TRUE,"High-RE","top_33pct"
"REMIND-MAgPIE 2.1-4.2","ENGAGE-INDCi2030-800","C3",160090.873,3878984.2462,"2C (Medium-Ambition)",466027.253460691,1932960.06221475,FALSE,TRUE,"High-RE only",FALSE,TRUE,"High-RE","top_33pct"
"REMIND-MAgPIE 2.1-4.2","ENGAGE-INDCi2030-800f","C3",103305.78885,4213785.10875,"2C (Medium-Ambition)",466027.253460691,1932960.06221475,FALSE,TRUE,"High-RE only",FALSE,TRUE,"High-RE","top_33pct"
"REMIND-MAgPIE 2.1-4.2","ENGAGE-INDCi2030-900","C3",108297.0018,3928474.4414,"2C (Medium-Ambition)",466027.253460691,1932960.06221475,FALSE,TRUE,"High-RE only",FALSE,TRUE,"High-RE","top_33pct"
"REMIND-MAgPIE 2.1-4.2","ENGAGE-INDCi2030-900f","C3",100417.6107,4037286.5794,"2C (Medium-Ambition)",466027.253460691,1932960.06221475,FALSE,TRUE,"High-RE only",FALSE,TRUE,"High-RE","top_33pct"
"REMIND-MAgPIE 2.1-4.2","ENGAGE-INDCi2100","C3",58946.3666,3122375.9405,"2C (Medium-Ambition)",466027.253460691,1932960.06221475,FALSE,TRUE,"High-RE only",FALSE,TRUE,"High-RE","top_33pct"
"REMIND-MAgPIE 2.1-4.2","ENGAGE-INDCi2100-COV","C3",55549.619,2792794.9575,"2C (Medium-Ambition)",466027.253460691,1932960.06221475,FALSE,TRUE,"High-RE only",FALSE,TRUE,"High-RE","top_33pct"
"REMIND-MAgPIE 2.1-4.2","ENGAGE-INDCi2100-COV-NDCp","C3",55434.21805,2791747.97885,"2C (Medium-Ambition)",466027.253460691,1932960.06221475,FALSE,TRUE,"High-RE only",FALSE,TRUE,"High-RE","top_33pct"
"REMIND-MAgPIE 2.1-4.2","ENGAGE-INDCi2100-NDCp","C3",58080.8749,3128803.5946,"2C (Medium-Ambition)",466027.253460691,1932960.06221475,FALSE,TRUE,"High-RE only",FALSE,TRUE,"High-RE","top_33pct"
"REMIND-MAgPIE 2.1-4.2","ENGAGE-NPi2020-1000","C3",67025.4068,3763467.70405,"2C (Medium-Ambition)",466027.253460691,1932960.06221475,FALSE,TRUE,"High-RE only",FALSE,TRUE,"High-RE","top_33pct"
"REMIND-MAgPIE 2.1-4.2","ENGAGE-NPi2020-1000-COV","C3",68793.3351,3185223.1745,"2C (Medium-Ambition)",466027.253460691,1932960.06221475,FALSE,TRUE,"High-RE only",FALSE,TRUE,"High-RE","top_33pct"
"REMIND-MAgPIE 2.1-4.2","ENGAGE-NPi2020-1000f","C3",65631.02855,3754210.00115,"2C (Medium-Ambition)",466027.253460691,1932960.06221475,FALSE,TRUE,"High-RE only",FALSE,TRUE,"High-RE","top_33pct"
"REMIND-MAgPIE 2.1-4.2","ENGAGE-NPi2020-1000f-COV","C3",69520.9947,3185796.18445,"2C (Medium-Ambition)",466027.253460691,1932960.06221475,FALSE,TRUE,"High-RE only",FALSE,TRUE,"High-RE","top_33pct"
"REMIND-MAgPIE 2.1-4.2","ENGAGE-NPi2020-1200","C3",69334.0041,3578929.91245,"2C (Medium-Ambition)",466027.253460691,1932960.06221475,FALSE,TRUE,"High-RE only",FALSE,TRUE,"High-RE","top_33pct"
"REMIND-MAgPIE 2.1-4.2","ENGAGE-NPi2020-1200f","C3",70415.2906,3556471.9426,"2C (Medium-Ambition)",466027.253460691,1932960.06221475,FALSE,TRUE,"High-RE only",FALSE,TRUE,"High-RE","top_33pct"
"REMIND-MAgPIE 2.1-4.2","ENGAGE-NPi2020-1400","C4",63091.9426,3406100.50545,"2C (Medium-Ambition)",466027.253460691,1932960.06221475,FALSE,TRUE,"High-RE only",FALSE,TRUE,"High-RE","top_33pct"
"REMIND-MAgPIE 2.1-4.2","ENGAGE-NPi2020-1400f","C4",63091.9426,3406100.50545,"2C (Medium-Ambition)",466027.253460691,1932960.06221475,FALSE,TRUE,"High-RE only",FALSE,TRUE,"High-RE","top_33pct"
"REMIND-MAgPIE 2.1-4.2","ENGAGE-NPi2020-1600","C4",61093.56595,3285562.0294,"2C (Medium-Ambition)",466027.253460691,1932960.06221475,FALSE,TRUE,"High-RE only",FALSE,TRUE,"High-RE","top_33pct"
"REMIND-MAgPIE 2.1-4.2","ENGAGE-NPi2020-1600f","C4",61093.56595,3285562.0294,"2C (Medium-Ambition)",466027.253460691,1932960.06221475,FALSE,TRUE,"High-RE only",FALSE,TRUE,"High-RE","top_33pct"
"REMIND-MAgPIE 2.1-4.2","ENGAGE-NPi2020-1800","C3",51773.53085,3211094.34275,"2C (Medium-Ambition)",466027.253460691,1932960.06221475,FALSE,TRUE,"High-RE only",FALSE,TRUE,"High-RE","top_33pct"
"REMIND-MAgPIE 2.1-4.2","ENGAGE-NPi2020-1800f","C3",51921.26865,3187313.99535,"2C (Medium-Ambition)",466027.253460691,1932960.06221475,FALSE,TRUE,"High-RE only",FALSE,TRUE,"High-RE","top_33pct"
"REMIND-MAgPIE 2.1-4.2","ENGAGE-NPi2020-2000","C3",41707.1543,3124358.03635,"2C (Medium-Ambition)",466027.253460691,1932960.06221475,FALSE,TRUE,"High-RE only",FALSE,TRUE,"High-RE","top_33pct"
"REMIND-MAgPIE 2.1-4.2","ENGAGE-NPi2020-2000f","C3",42344.55695,3096375.6104,"2C (Medium-Ambition)",466027.253460691,1932960.06221475,FALSE,TRUE,"High-RE only",FALSE,TRUE,"High-RE","top_33pct"
"REMIND-MAgPIE 2.1-4.2","ENGAGE-NPi2020-200f","C1",41749.71055,5149701.63425,"1.5C (High-Ambition)",511882.90914693,2771556.31926819,FALSE,TRUE,"High-RE only",FALSE,TRUE,"High-RE","top_33pct"
"REMIND-MAgPIE 2.1-4.2","ENGAGE-NPi2020-2500","C4",23711.40475,2942538.14195,"2C (Medium-Ambition)",466027.253460691,1932960.06221475,FALSE,TRUE,"High-RE only",FALSE,TRUE,"High-RE","top_33pct"
"REMIND-MAgPIE 2.1-4.2","ENGAGE-NPi2020-2500f","C4",23728.50865,2942429.72985,"2C (Medium-Ambition)",466027.253460691,1932960.06221475,FALSE,TRUE,"High-RE only",FALSE,TRUE,"High-RE","top_33pct"
"REMIND-MAgPIE 2.1-4.2","ENGAGE-NPi2020-3000","C4",20066.06745,2788592.49495,"2C (Medium-Ambition)",466027.253460691,1932960.06221475,FALSE,TRUE,"High-RE only",FALSE,TRUE,"High-RE","top_33pct"
"REMIND-MAgPIE 2.1-4.2","ENGAGE-NPi2020-3000f","C4",20066.06745,2792025.45235,"2C (Medium-Ambition)",466027.253460691,1932960.06221475,FALSE,TRUE,"High-RE only",FALSE,TRUE,"High-RE","top_33pct"
"REMIND-MAgPIE 2.1-4.2","ENGAGE-NPi2020-300f","C1",42829.8003,4912243.90675,"1.5C (High-Ambition)",511882.90914693,2771556.31926819,FALSE,TRUE,"High-RE only",FALSE,TRUE,"High-RE","top_33pct"
"REMIND-MAgPIE 2.1-4.2","ENGAGE-NPi2020-400","C1",38091.7369,4230309.2747,"1.5C (High-Ambition)",511882.90914693,2771556.31926819,FALSE,TRUE,"High-RE only",FALSE,TRUE,"High-RE","top_33pct"
"REMIND-MAgPIE 2.1-4.2","ENGAGE-NPi2020-400f","C1",46440.6219,4721463.99795,"1.5C (High-Ambition)",511882.90914693,2771556.31926819,FALSE,TRUE,"High-RE only",FALSE,TRUE,"High-RE","top_33pct"
"REMIND-MAgPIE 2.1-4.2","ENGAGE-NPi2020-500","C1",56760.8695,4144416.7934,"1.5C (High-Ambition)",511882.90914693,2771556.31926819,FALSE,TRUE,"High-RE only",FALSE,TRUE,"High-RE","top_33pct"
"REMIND-MAgPIE 2.1-4.2","ENGAGE-NPi2020-500f","C2",45374.8198,4502891.6732,"1.5C (High-Ambition)",511882.90914693,2771556.31926819,FALSE,TRUE,"High-RE only",FALSE,TRUE,"High-RE","top_33pct"
"REMIND-MAgPIE 2.1-4.2","ENGAGE-NPi2020-600","C1",65941.7051,4099810.5677,"1.5C (High-Ambition)",511882.90914693,2771556.31926819,FALSE,TRUE,"High-RE only",FALSE,TRUE,"High-RE","top_33pct"
"REMIND-MAgPIE 2.1-4.2","ENGAGE-NPi2020-600-COV","C1",74385.04445,3335635.3544,"1.5C (High-Ambition)",511882.90914693,2771556.31926819,FALSE,TRUE,"High-RE only",FALSE,TRUE,"High-RE","top_33pct"
"REMIND-MAgPIE 2.1-4.2","ENGAGE-NPi2020-600f","C2",47733.88965,4337471.0516,"1.5C (High-Ambition)",511882.90914693,2771556.31926819,FALSE,TRUE,"High-RE only",FALSE,TRUE,"High-RE","top_33pct"
"REMIND-MAgPIE 2.1-4.2","ENGAGE-NPi2020-600f-COV","C1",63814.30965,3462890.8636,"1.5C (High-Ambition)",511882.90914693,2771556.31926819,FALSE,TRUE,"High-RE only",FALSE,TRUE,"High-RE","top_33pct"
"REMIND-MAgPIE 2.1-4.2","ENGAGE-NPi2020-700","C3",65916.9245,4043209.69225,"2C (Medium-Ambition)",466027.253460691,1932960.06221475,FALSE,TRUE,"High-RE only",FALSE,TRUE,"High-RE","top_33pct"
"REMIND-MAgPIE 2.1-4.2","ENGAGE-NPi2020-700f","C3",57870.28495,4161810.83735,"2C (Medium-Ambition)",466027.253460691,1932960.06221475,FALSE,TRUE,"High-RE only",FALSE,TRUE,"High-RE","top_33pct"
"REMIND-MAgPIE 2.1-4.2","ENGAGE-NPi2020-800","C3",63047.8804,3985746.82425,"2C (Medium-Ambition)",466027.253460691,1932960.06221475,FALSE,TRUE,"High-RE only",FALSE,TRUE,"High-RE","top_33pct"
"REMIND-MAgPIE 2.1-4.2","ENGAGE-NPi2020-800f","C3",61104.7663,4025886.15845,"2C (Medium-Ambition)",466027.253460691,1932960.06221475,FALSE,TRUE,"High-RE only",FALSE,TRUE,"High-RE","top_33pct"
"REMIND-MAgPIE 2.1-4.2","ENGAGE-NPi2020-900","C3",63478.9237,3896829.923,"2C (Medium-Ambition)",466027.253460691,1932960.06221475,FALSE,TRUE,"High-RE only",FALSE,TRUE,"High-RE","top_33pct"
"REMIND-MAgPIE 2.1-4.2","ENGAGE-NPi2020-900f","C3",63489.38635,3897583.0498,"2C (Medium-Ambition)",466027.253460691,1932960.06221475,FALSE,TRUE,"High-RE only",FALSE,TRUE,"High-RE","top_33pct"
"REMIND-MAgPIE 2.1-4.2","ENGAGE-NPi2100","C4",5961.6242,2353505.9292,"2C (Medium-Ambition)",466027.253460691,1932960.06221475,FALSE,TRUE,"High-RE only",FALSE,TRUE,"High-RE","top_33pct"
"REMIND-MAgPIE 2.1-4.2","ENGAGE-NPi2100-COV","C4",5961.6242,2091151.54155,"2C (Medium-Ambition)",466027.253460691,1932960.06221475,FALSE,TRUE,"High-RE only",FALSE,TRUE,"High-RE","top_33pct"
"REMIND-MAgPIE 2.1-4.2","ENGAGE-NoPolicy","C4",5961.6242,2262176.39415,"2C (Medium-Ambition)",466027.253460691,1932960.06221475,FALSE,TRUE,"High-RE only",FALSE,TRUE,"High-RE","top_33pct"
"REMIND-MAgPIE 2.1-4.2","NGFS Phase 2-Below 2°C","C3",191363.56995,2201660.13765,"2C (Medium-Ambition)",466027.253460691,1932960.06221475,FALSE,TRUE,"High-RE only",FALSE,TRUE,"High-RE","top_33pct"
"REMIND-MAgPIE 2.1-4.2","NGFS Phase 2-Below 2°C [IPD 95th]","C3",55298.1721,2096024.13485,"2C (Medium-Ambition)",466027.253460691,1932960.06221475,FALSE,TRUE,"High-RE only",FALSE,TRUE,"High-RE","top_33pct"
"REMIND-MAgPIE 2.1-4.2","NGFS Phase 2-Below 2°C [IPD Median]","C3",54672.3098,2136687.1352,"2C (Medium-Ambition)",466027.253460691,1932960.06221475,FALSE,TRUE,"High-RE only",FALSE,TRUE,"High-RE","top_33pct"
"REMIND-MAgPIE 2.1-4.2","NGFS Phase 2-Current Policies","C4",6647.2754,1552100.76295,"2C (Medium-Ambition)",466027.253460691,1932960.06221475,FALSE,FALSE,"Low (both)",FALSE,FALSE,NA,"top_33pct"
"REMIND-MAgPIE 2.1-4.2","NGFS Phase 2-Delayed Transition","C3",182463.6916,2516049.7144,"2C (Medium-Ambition)",466027.253460691,1932960.06221475,FALSE,TRUE,"High-RE only",FALSE,TRUE,"High-RE","top_33pct"
"REMIND-MAgPIE 2.1-4.2","NGFS Phase 2-Divergent Net Zero Policies","C1",160888.7994,2407730.45715,"1.5C (High-Ambition)",511882.90914693,2771556.31926819,FALSE,FALSE,"Low (both)",FALSE,FALSE,NA,"top_33pct"
"REMIND-MAgPIE 2.1-4.2","NGFS Phase 2-Nationally Determined Contributions (NDCs)","C3",131680.45455,1997293.80445,"2C (Medium-Ambition)",466027.253460691,1932960.06221475,FALSE,TRUE,"High-RE only",FALSE,TRUE,"High-RE","top_33pct"
"REMIND-MAgPIE 2.1-4.2","NGFS Phase 2-Net-Zero 2050","C1",210928.98655,2329381.8709,"1.5C (High-Ambition)",511882.90914693,2771556.31926819,FALSE,FALSE,"Low (both)",FALSE,FALSE,NA,"top_33pct"
"REMIND-MAgPIE 2.1-4.2","NGFS Phase 2-Net-Zero 2050 [IPD 95th]","C1",57253.35325,2231404.241,"1.5C (High-Ambition)",511882.90914693,2771556.31926819,FALSE,FALSE,"Low (both)",FALSE,FALSE,NA,"top_33pct"
"REMIND-MAgPIE 2.1-4.2","NGFS Phase 2-Net-Zero 2050 [IPD Median]","C1",58127.37375,2279449.3256,"1.5C (High-Ambition)",511882.90914693,2771556.31926819,FALSE,FALSE,"Low (both)",FALSE,FALSE,NA,"top_33pct"
"REMIND-MAgPIE 2.1-4.2","SusDev-SDP-1000","C1",149816.87955,2257649.67165,"1.5C (High-Ambition)",511882.90914693,2771556.31926819,FALSE,FALSE,"Low (both)",FALSE,FALSE,NA,"top_33pct"
"REMIND-MAgPIE 2.1-4.2","SusDev-SDP-NPi","C3",5739.4198,1438777.87765,"2C (Medium-Ambition)",466027.253460691,1932960.06221475,FALSE,FALSE,"Low (both)",FALSE,FALSE,NA,"top_33pct"
"REMIND-MAgPIE 2.1-4.2","SusDev-SSP1-900","C1",144684.43205,2726898.189,"1.5C (High-Ambition)",511882.90914693,2771556.31926819,FALSE,FALSE,"Low (both)",FALSE,FALSE,NA,"top_33pct"
"REMIND-MAgPIE 2.1-4.2","SusDev-SSP1-NDC","C3",86212.6657,2030728.5437,"2C (Medium-Ambition)",466027.253460691,1932960.06221475,FALSE,TRUE,"High-RE only",FALSE,TRUE,"High-RE","top_33pct"
"REMIND-MAgPIE 2.1-4.2","SusDev-SSP1-NPi","C3",5737.8915,1566809.842,"2C (Medium-Ambition)",466027.253460691,1932960.06221475,FALSE,FALSE,"Low (both)",FALSE,FALSE,NA,"top_33pct"
"REMIND-MAgPIE 2.1-4.2","SusDev-SSP2-900","C1",193433.84625,3994265.7375,"1.5C (High-Ambition)",511882.90914693,2771556.31926819,FALSE,TRUE,"High-RE only",FALSE,TRUE,"High-RE","top_33pct"
"REMIND-MAgPIE 2.1-4.2","SusDev-SSP2-NDC","C3",186669.6934,3107649.44165,"2C (Medium-Ambition)",466027.253460691,1932960.06221475,FALSE,TRUE,"High-RE only",FALSE,TRUE,"High-RE","top_33pct"
"REMIND-MAgPIE 2.1-4.2","SusDev-SSP2-NPi","C4",9167.75685,2347706.9568,"2C (Medium-Ambition)",466027.253460691,1932960.06221475,FALSE,TRUE,"High-RE only",FALSE,TRUE,"High-RE","top_33pct"
"REMIND-MAgPIE 2.1-4.3","DeepElectrification-SSP2-Baseline","C4",34499.76215,1801779.85165,"2C (Medium-Ambition)",466027.253460691,1932960.06221475,FALSE,FALSE,"Low (both)",FALSE,FALSE,NA,"top_33pct"
"REMIND-MAgPIE 2.1-4.3","DeepElectrification-SSP2-Default-1100","C2",159731.6193,2527521.07935,"1.5C (High-Ambition)",511882.90914693,2771556.31926819,FALSE,FALSE,"Low (both)",FALSE,FALSE,NA,"top_33pct"
"REMIND-MAgPIE 2.1-4.3","DeepElectrification-SSP2-Default-1300","C3",172998.1851,2476820.4596,"2C (Medium-Ambition)",466027.253460691,1932960.06221475,FALSE,TRUE,"High-RE only",FALSE,TRUE,"High-RE","top_33pct"
"REMIND-MAgPIE 2.1-4.3","DeepElectrification-SSP2-Default-900","C1",164640.7454,2627437.18625,"1.5C (High-Ambition)",511882.90914693,2771556.31926819,FALSE,FALSE,"Low (both)",FALSE,FALSE,NA,"top_33pct"
"REMIND-MAgPIE 2.1-4.3","DeepElectrification-SSP2-HighRenewables-1100","C3",104148.63475,4112955.8236,"2C (Medium-Ambition)",466027.253460691,1932960.06221475,FALSE,TRUE,"High-RE only",FALSE,TRUE,"High-RE","top_33pct"
"REMIND-MAgPIE 2.1-4.3","DeepElectrification-SSP2-HighRenewables-1300","C3",133646.25975,3923671.97765,"2C (Medium-Ambition)",466027.253460691,1932960.06221475,FALSE,TRUE,"High-RE only",FALSE,TRUE,"High-RE","top_33pct"
"REMIND-MAgPIE 2.1-4.3","DeepElectrification-SSP2-HighRenewables-900","C1",374306.80675,4335725.46135,"1.5C (High-Ambition)",511882.90914693,2771556.31926819,FALSE,TRUE,"High-RE only",FALSE,TRUE,"High-RE","top_33pct"
"REMIND-MAgPIE 2.1-4.3","DeepElectrification-SSP2-NPi","C4",359253.23625,1846751.32765,"2C (Medium-Ambition)",466027.253460691,1932960.06221475,FALSE,FALSE,"Low (both)",FALSE,FALSE,NA,"top_33pct"
"REMIND-MAgPIE 3.2-4.6","SHAPE-SDP-EI-1.5°C","C1",678090.68835,3189040.5392,"1.5C (High-Ambition)",511882.90914693,2771556.31926819,TRUE,TRUE,"Both High",FALSE,FALSE,NA,"top_33pct"
"REMIND-MAgPIE 3.2-4.6","SHAPE-SDP-EI-1.5°C [with Climate Change Impacts]","C1",680931.3118,3189093.79755,"1.5C (High-Ambition)",511882.90914693,2771556.31926819,TRUE,TRUE,"Both High",FALSE,FALSE,NA,"top_33pct"
"REMIND-MAgPIE 3.2-4.6","SHAPE-SDP-MC-1.5°C","C1",378448.6425,2011626.8194,"1.5C (High-Ambition)",511882.90914693,2771556.31926819,FALSE,FALSE,"Low (both)",FALSE,FALSE,NA,"top_33pct"
"REMIND-MAgPIE 3.2-4.6","SHAPE-SDP-MC-1.5°C [with Climate Change Impacts]","C1",387840.1042,2004473.9234,"1.5C (High-Ambition)",511882.90914693,2771556.31926819,FALSE,FALSE,"Low (both)",FALSE,FALSE,NA,"top_33pct"
"REMIND-MAgPIE 3.2-4.6","SHAPE-SDP-RC-1.5°C","C1",264402.4053,1954705.02735,"1.5C (High-Ambition)",511882.90914693,2771556.31926819,FALSE,FALSE,"Low (both)",FALSE,FALSE,NA,"top_33pct"
"REMIND-MAgPIE 3.2-4.6","SHAPE-SDP-RC-1.5°C [with Climate Change Impacts]","C1",265412.04235,1954887.3165,"1.5C (High-Ambition)",511882.90914693,2771556.31926819,FALSE,FALSE,"Low (both)",FALSE,FALSE,NA,"top_33pct"
"REMIND-MAgPIE 3.2-4.6","SHAPE-SSP1-1.5°C","C1",505239.7506,2385061.44525,"1.5C (High-Ambition)",511882.90914693,2771556.31926819,FALSE,FALSE,"Low (both)",FALSE,FALSE,NA,"top_33pct"
"REMIND-MAgPIE 3.2-4.6","SHAPE-SSP1-NPi","C3",235347.6927,1864682.121,"2C (Medium-Ambition)",466027.253460691,1932960.06221475,FALSE,FALSE,"Low (both)",FALSE,FALSE,NA,"top_33pct"
"REMIND-MAgPIE 3.2-4.6","SHAPE-SSP2-1.5°C","C2",730235.15895,3685143.7056,"1.5C (High-Ambition)",511882.90914693,2771556.31926819,TRUE,TRUE,"Both High",FALSE,FALSE,NA,"top_33pct"
"REMIND-MAgPIE 3.2-4.6","SHAPE-SSP2-1.5°C [with Climate Change Impacts]","C2",730738.32575,3727990.7922,"1.5C (High-Ambition)",511882.90914693,2771556.31926819,TRUE,TRUE,"Both High",FALSE,FALSE,NA,"top_33pct"
"REMIND-MAgPIE 3.2-4.6","SHAPE-SSP2-NPi","C4",303333.6215,3124627.49885,"2C (Medium-Ambition)",466027.253460691,1932960.06221475,FALSE,TRUE,"High-RE only",FALSE,TRUE,"High-RE","top_33pct"
"REMIND-MAgPIE 3.2-4.6","SHAPE-SSP2-NPi [with Climate Change Impacts]","C4",301668.876,3111006.47945,"2C (Medium-Ambition)",466027.253460691,1932960.06221475,FALSE,TRUE,"High-RE only",FALSE,TRUE,"High-RE","top_33pct"
"REMIND-MAgPIE 3.2.0-4.8.0","RESCUE-End-of-Century-Budget-1150","C4",144025.28798535,3984178.71776075,"2C (Medium-Ambition)",466027.253460691,1932960.06221475,FALSE,TRUE,"High-RE only",FALSE,TRUE,"High-RE","top_33pct"
"REMIND-MAgPIE 3.2.0-4.8.0","RESCUE-End-of-Century-Budget-1150-with-OAE","C4",119695.68348485,4156912.1036843,"2C (Medium-Ambition)",466027.253460691,1932960.06221475,FALSE,TRUE,"High-RE only",FALSE,TRUE,"High-RE","top_33pct"
"REMIND-MAgPIE 3.2.0-4.8.0","RESCUE-End-of-Century-Budget-500","C2",337407.7551985,3939775.9237146,"1.5C (High-Ambition)",511882.90914693,2771556.31926819,FALSE,TRUE,"High-RE only",FALSE,TRUE,"High-RE","top_33pct"
"REMIND-MAgPIE 3.2.0-4.8.0","RESCUE-End-of-Century-Budget-500-with-OAE","C2",285000.6597766,4250458.8591347,"1.5C (High-Ambition)",511882.90914693,2771556.31926819,FALSE,TRUE,"High-RE only",FALSE,TRUE,"High-RE","top_33pct"
"REMIND-MAgPIE 3.2.0-4.8.0","RESCUE-Peak-Budget-1150","C3",88711.5289226,4241488.12267855,"2C (Medium-Ambition)",466027.253460691,1932960.06221475,FALSE,TRUE,"High-RE only",FALSE,TRUE,"High-RE","top_33pct"
"REMIND-MAgPIE 3.2.0-4.8.0","RESCUE-Peak-Budget-1150-with-OAE","C3",90018.74695205,4239161.18393145,"2C (Medium-Ambition)",466027.253460691,1932960.06221475,FALSE,TRUE,"High-RE only",FALSE,TRUE,"High-RE","top_33pct"
"REMIND-MAgPIE 3.2.0-4.8.0","RESCUE-Peak-Budget-500","C2",137281.7983757,3914336.7216216,"1.5C (High-Ambition)",511882.90914693,2771556.31926819,FALSE,TRUE,"High-RE only",FALSE,TRUE,"High-RE","top_33pct"
"REMIND-MAgPIE 3.2.0-4.8.0","RESCUE-Peak-Budget-500-with-OAE","C3",130560.8475318,3924521.43202415,"2C (Medium-Ambition)",466027.253460691,1932960.06221475,FALSE,TRUE,"High-RE only",FALSE,TRUE,"High-RE","top_33pct"
"REMIND-MAgPIE 3.3-4.8","NGFS Phase 5-Below 2°C","C3",142386.8486208,3099997.84496065,"2C (Medium-Ambition)",466027.253460691,1932960.06221475,FALSE,TRUE,"High-RE only",FALSE,TRUE,"High-RE","top_33pct"
"REMIND-MAgPIE 3.3-4.8","NGFS Phase 5-Current Policies","C4",25518.9924592,2402907.75715255,"2C (Medium-Ambition)",466027.253460691,1932960.06221475,FALSE,TRUE,"High-RE only",FALSE,TRUE,"High-RE","top_33pct"
"REMIND-MAgPIE 3.3-4.8","NGFS Phase 5-Delayed Transition","C3",116874.69426265,3217436.56533475,"2C (Medium-Ambition)",466027.253460691,1932960.06221475,FALSE,TRUE,"High-RE only",FALSE,TRUE,"High-RE","top_33pct"
"REMIND-MAgPIE 3.3-4.8","NGFS Phase 5-Fragmented World","C3",66029.20389785,2626709.22237665,"2C (Medium-Ambition)",466027.253460691,1932960.06221475,FALSE,TRUE,"High-RE only",FALSE,TRUE,"High-RE","top_33pct"
"REMIND-MAgPIE 3.3-4.8","NGFS Phase 5-Low Demand","C2",96891.12694455,2075888.37284735,"1.5C (High-Ambition)",511882.90914693,2771556.31926819,FALSE,FALSE,"Low (both)",FALSE,FALSE,NA,"top_33pct"
"REMIND-MAgPIE 3.3-4.8","NGFS Phase 5-Nationally Determined Contributions (NDCs)","C3",115525.37677825,2848022.9568161,"2C (Medium-Ambition)",466027.253460691,1932960.06221475,FALSE,TRUE,"High-RE only",FALSE,TRUE,"High-RE","top_33pct"
"REMIND-MAgPIE 3.3-4.8","NGFS Phase 5-Net-Zero 2050","C2",143765.55833355,3378286.77547635,"1.5C (High-Ambition)",511882.90914693,2771556.31926819,FALSE,TRUE,"High-RE only",FALSE,TRUE,"High-RE","top_33pct"
"REMIND-Transport 2.1","Transport-1100-Conventional","C3",66401.60655,4170174.6901,"2C (Medium-Ambition)",466027.253460691,1932960.06221475,FALSE,TRUE,"High-RE only",FALSE,TRUE,"High-RE","top_33pct"
"REMIND-Transport 2.1","Transport-1100-Conventional-LowDemand","C3",67735.6703,4107316.50075,"2C (Medium-Ambition)",466027.253460691,1932960.06221475,FALSE,TRUE,"High-RE only",FALSE,TRUE,"High-RE","top_33pct"
"REMIND-Transport 2.1","Transport-1100-Conventional-SynFuel","C3",86464.95895,5115154.40645,"2C (Medium-Ambition)",466027.253460691,1932960.06221475,FALSE,TRUE,"High-RE only",FALSE,TRUE,"High-RE","top_33pct"
"REMIND-Transport 2.1","Transport-1100-Electrification","C3",70068.83915,4128002.6893,"2C (Medium-Ambition)",466027.253460691,1932960.06221475,FALSE,TRUE,"High-RE only",FALSE,TRUE,"High-RE","top_33pct"
"REMIND-Transport 2.1","Transport-1100-Electrification-LowDemand","C3",71458.15785,4042990.2901,"2C (Medium-Ambition)",466027.253460691,1932960.06221475,FALSE,TRUE,"High-RE only",FALSE,TRUE,"High-RE","top_33pct"
"REMIND-Transport 2.1","Transport-1100-H2","C3",66413.69885,4305152.4833,"2C (Medium-Ambition)",466027.253460691,1932960.06221475,FALSE,TRUE,"High-RE only",FALSE,TRUE,"High-RE","top_33pct"
"REMIND-Transport 2.1","Transport-NDC-Conventional","C4",90406.81235,3028446.9885,"2C (Medium-Ambition)",466027.253460691,1932960.06221475,FALSE,TRUE,"High-RE only",FALSE,TRUE,"High-RE","top_33pct"
"REMIND-Transport 2.1","Transport-NPi-Conventional","C4",428.2745,2038017.56665,"2C (Medium-Ambition)",466027.253460691,1932960.06221475,FALSE,TRUE,"High-RE only",FALSE,TRUE,"High-RE","top_33pct"
"TIAM-ECN 1.1","ENGAGE-INDCi2030-1000","C3",556416.895530341,690923.935989028,"2C (Medium-Ambition)",466027.253460691,1932960.06221475,TRUE,FALSE,"High-CMT only",TRUE,FALSE,"High-CMT","top_33pct"
"TIAM-ECN 1.1","ENGAGE-INDCi2030-1000-COV","C3",581387.992322646,709203.891892007,"2C (Medium-Ambition)",466027.253460691,1932960.06221475,TRUE,FALSE,"High-CMT only",TRUE,FALSE,"High-CMT","top_33pct"
"TIAM-ECN 1.1","ENGAGE-INDCi2030-1000-NDCp","C3",556807.769559643,693575.358128332,"2C (Medium-Ambition)",466027.253460691,1932960.06221475,TRUE,FALSE,"High-CMT only",TRUE,FALSE,"High-CMT","top_33pct"
"TIAM-ECN 1.1","ENGAGE-INDCi2030-1000f","C3",557097.031004365,691609.277594632,"2C (Medium-Ambition)",466027.253460691,1932960.06221475,TRUE,FALSE,"High-CMT only",TRUE,FALSE,"High-CMT","top_33pct"
"TIAM-ECN 1.1","ENGAGE-INDCi2030-1000f-COV","C3",552047.376414727,685263.487098521,"2C (Medium-Ambition)",466027.253460691,1932960.06221475,TRUE,FALSE,"High-CMT only",TRUE,FALSE,"High-CMT","top_33pct"
"TIAM-ECN 1.1","ENGAGE-INDCi2030-1000f-NDCp","C3",556379.739566192,705941.26827766,"2C (Medium-Ambition)",466027.253460691,1932960.06221475,TRUE,FALSE,"High-CMT only",TRUE,FALSE,"High-CMT","top_33pct"
"TIAM-ECN 1.1","ENGAGE-INDCi2030-1200","C3",522676.052688374,672007.439980189,"2C (Medium-Ambition)",466027.253460691,1932960.06221475,TRUE,FALSE,"High-CMT only",TRUE,FALSE,"High-CMT","top_33pct"
"TIAM-ECN 1.1","ENGAGE-INDCi2030-1200f","C3",537206.882520424,682626.911987166,"2C (Medium-Ambition)",466027.253460691,1932960.06221475,TRUE,FALSE,"High-CMT only",TRUE,FALSE,"High-CMT","top_33pct"
"TIAM-ECN 1.1","ENGAGE-INDCi2030-1400","C4",473222.736226781,647878.474377193,"2C (Medium-Ambition)",466027.253460691,1932960.06221475,TRUE,FALSE,"High-CMT only",TRUE,FALSE,"High-CMT","top_33pct"
"TIAM-ECN 1.1","ENGAGE-INDCi2030-1400f","C4",481616.468136574,655266.675511948,"2C (Medium-Ambition)",466027.253460691,1932960.06221475,TRUE,FALSE,"High-CMT only",TRUE,FALSE,"High-CMT","top_33pct"
"TIAM-ECN 1.1","ENGAGE-INDCi2030-1600","C4",447807.127877589,640939.919523664,"2C (Medium-Ambition)",466027.253460691,1932960.06221475,FALSE,FALSE,"Low (both)",FALSE,FALSE,NA,"top_33pct"
"TIAM-ECN 1.1","ENGAGE-INDCi2030-1600f","C3",450073.574466195,644875.997478831,"2C (Medium-Ambition)",466027.253460691,1932960.06221475,FALSE,FALSE,"Low (both)",FALSE,FALSE,NA,"top_33pct"
"TIAM-ECN 1.1","ENGAGE-INDCi2030-2000","C3",369543.887195233,604080.419454955,"2C (Medium-Ambition)",466027.253460691,1932960.06221475,FALSE,FALSE,"Low (both)",FALSE,FALSE,NA,"top_33pct"
"TIAM-ECN 1.1","ENGAGE-INDCi2030-2000f","C3",369543.866662719,606133.147127771,"2C (Medium-Ambition)",466027.253460691,1932960.06221475,FALSE,FALSE,"Low (both)",FALSE,FALSE,NA,"top_33pct"
"TIAM-ECN 1.1","ENGAGE-INDCi2030-2500","C3",207063.068663247,564175.723200626,"2C (Medium-Ambition)",466027.253460691,1932960.06221475,FALSE,FALSE,"Low (both)",FALSE,FALSE,NA,"top_33pct"
"TIAM-ECN 1.1","ENGAGE-INDCi2030-2500f","C3",207009.750105672,563098.180483293,"2C (Medium-Ambition)",466027.253460691,1932960.06221475,FALSE,FALSE,"Low (both)",FALSE,FALSE,NA,"top_33pct"
"TIAM-ECN 1.1","ENGAGE-INDCi2030-3000","C4",58399.9079295208,489057.258589408,"2C (Medium-Ambition)",466027.253460691,1932960.06221475,FALSE,FALSE,"Low (both)",FALSE,FALSE,NA,"top_33pct"
"TIAM-ECN 1.1","ENGAGE-INDCi2030-3000f","C4",58440.3891219339,489483.385,"2C (Medium-Ambition)",466027.253460691,1932960.06221475,FALSE,FALSE,"Low (both)",FALSE,FALSE,NA,"top_33pct"
"TIAM-ECN 1.1","ENGAGE-INDCi2030-900","C3",576708.142904848,701897.086874387,"2C (Medium-Ambition)",466027.253460691,1932960.06221475,TRUE,FALSE,"High-CMT only",TRUE,FALSE,"High-CMT","top_33pct"
"TIAM-ECN 1.1","ENGAGE-INDCi2030-900f","C3",578639.448241704,701114.48292391,"2C (Medium-Ambition)",466027.253460691,1932960.06221475,TRUE,FALSE,"High-CMT only",TRUE,FALSE,"High-CMT","top_33pct"
"TIAM-ECN 1.1","ENGAGE-INDCi2100","C4",15020.6086176742,329059.890662639,"2C (Medium-Ambition)",466027.253460691,1932960.06221475,FALSE,FALSE,"Low (both)",FALSE,FALSE,NA,"top_33pct"
"TIAM-ECN 1.1","ENGAGE-INDCi2100-COV","C4",14662.6780259437,326270.305,"2C (Medium-Ambition)",466027.253460691,1932960.06221475,FALSE,FALSE,"Low (both)",FALSE,FALSE,NA,"top_33pct"
"TIAM-ECN 1.1","ENGAGE-INDCi2100-NDCp","C4",17701.3693693994,334146.447839702,"2C (Medium-Ambition)",466027.253460691,1932960.06221475,FALSE,FALSE,"Low (both)",FALSE,FALSE,NA,"top_33pct"
"TIAM-ECN 1.1","ENGAGE-NPi2020-1000","C3",540002.915823995,691112.592569936,"2C (Medium-Ambition)",466027.253460691,1932960.06221475,TRUE,FALSE,"High-CMT only",TRUE,FALSE,"High-CMT","top_33pct"
"TIAM-ECN 1.1","ENGAGE-NPi2020-1000-COV","C3",530058.15055634,680169.45956664,"2C (Medium-Ambition)",466027.253460691,1932960.06221475,TRUE,FALSE,"High-CMT only",TRUE,FALSE,"High-CMT","top_33pct"
"TIAM-ECN 1.1","ENGAGE-NPi2020-1000f","C3",547716.548595891,687261.909700951,"2C (Medium-Ambition)",466027.253460691,1932960.06221475,TRUE,FALSE,"High-CMT only",TRUE,FALSE,"High-CMT","top_33pct"
"TIAM-ECN 1.1","ENGAGE-NPi2020-1000f-COV","C3",543547.022634253,675367.726076554,"2C (Medium-Ambition)",466027.253460691,1932960.06221475,TRUE,FALSE,"High-CMT only",TRUE,FALSE,"High-CMT","top_33pct"
"TIAM-ECN 1.1","ENGAGE-NPi2020-1200","C3",515348.628013483,664153.527146803,"2C (Medium-Ambition)",466027.253460691,1932960.06221475,TRUE,FALSE,"High-CMT only",TRUE,FALSE,"High-CMT","top_33pct"
"TIAM-ECN 1.1","ENGAGE-NPi2020-1200f","C3",525085.448336667,671168.708015093,"2C (Medium-Ambition)",466027.253460691,1932960.06221475,TRUE,FALSE,"High-CMT only",TRUE,FALSE,"High-CMT","top_33pct"
"TIAM-ECN 1.1","ENGAGE-NPi2020-1400","C4",461136.11058913,646703.763247482,"2C (Medium-Ambition)",466027.253460691,1932960.06221475,FALSE,FALSE,"Low (both)",FALSE,FALSE,NA,"top_33pct"
"TIAM-ECN 1.1","ENGAGE-NPi2020-1400f","C4",472385.636870008,647691.435948122,"2C (Medium-Ambition)",466027.253460691,1932960.06221475,TRUE,FALSE,"High-CMT only",TRUE,FALSE,"High-CMT","top_33pct"
"TIAM-ECN 1.1","ENGAGE-NPi2020-1600","C4",452172.258843537,620749.757194719,"2C (Medium-Ambition)",466027.253460691,1932960.06221475,FALSE,FALSE,"Low (both)",FALSE,FALSE,NA,"top_33pct"
"TIAM-ECN 1.1","ENGAGE-NPi2020-1600f","C3",456970.395902741,621701.728163752,"2C (Medium-Ambition)",466027.253460691,1932960.06221475,FALSE,FALSE,"Low (both)",FALSE,FALSE,NA,"top_33pct"
"TIAM-ECN 1.1","ENGAGE-NPi2020-2000","C3",365631.763604967,600642.93903774,"2C (Medium-Ambition)",466027.253460691,1932960.06221475,FALSE,FALSE,"Low (both)",FALSE,FALSE,NA,"top_33pct"
"TIAM-ECN 1.1","ENGAGE-NPi2020-2000f","C3",367647.358648225,604934.943689303,"2C (Medium-Ambition)",466027.253460691,1932960.06221475,FALSE,FALSE,"Low (both)",FALSE,FALSE,NA,"top_33pct"
"TIAM-ECN 1.1","ENGAGE-NPi2020-2500","C3",214006.497796581,547041.580276953,"2C (Medium-Ambition)",466027.253460691,1932960.06221475,FALSE,FALSE,"Low (both)",FALSE,FALSE,NA,"top_33pct"
"TIAM-ECN 1.1","ENGAGE-NPi2020-2500f","C3",214008.218369216,545996.172754981,"2C (Medium-Ambition)",466027.253460691,1932960.06221475,FALSE,FALSE,"Low (both)",FALSE,FALSE,NA,"top_33pct"
"TIAM-ECN 1.1","ENGAGE-NPi2020-3000","C4",45035.2280709856,473591.259166842,"2C (Medium-Ambition)",466027.253460691,1932960.06221475,FALSE,FALSE,"Low (both)",FALSE,FALSE,NA,"top_33pct"
"TIAM-ECN 1.1","ENGAGE-NPi2020-3000f","C4",45037.7869570158,474317.474511004,"2C (Medium-Ambition)",466027.253460691,1932960.06221475,FALSE,FALSE,"Low (both)",FALSE,FALSE,NA,"top_33pct"
"TIAM-ECN 1.1","ENGAGE-NPi2020-800","C3",575248.455684609,717322.94,"2C (Medium-Ambition)",466027.253460691,1932960.06221475,TRUE,FALSE,"High-CMT only",TRUE,FALSE,"High-CMT","top_33pct"
"TIAM-ECN 1.1","ENGAGE-NPi2020-800f","C3",580457.503094233,709301.9,"2C (Medium-Ambition)",466027.253460691,1932960.06221475,TRUE,FALSE,"High-CMT only",TRUE,FALSE,"High-CMT","top_33pct"
"TIAM-ECN 1.1","ENGAGE-NPi2020-900","C3",556648.956451054,698422.511455936,"2C (Medium-Ambition)",466027.253460691,1932960.06221475,TRUE,FALSE,"High-CMT only",TRUE,FALSE,"High-CMT","top_33pct"
"TIAM-ECN 1.1","ENGAGE-NPi2020-900f","C3",552920.126190524,702002.814493307,"2C (Medium-Ambition)",466027.253460691,1932960.06221475,TRUE,FALSE,"High-CMT only",TRUE,FALSE,"High-CMT","top_33pct"
"TIAM-ECN 1.1","ENGAGE-NPi2100","C4",205.52538175354,312427.097163971,"2C (Medium-Ambition)",466027.253460691,1932960.06221475,FALSE,FALSE,"Low (both)",FALSE,FALSE,NA,"top_33pct"
"TIAM-ECN 1.1","ENGAGE-NPi2100-COV","C4",264.568835708227,311473.198271103,"2C (Medium-Ambition)",466027.253460691,1932960.06221475,FALSE,FALSE,"Low (both)",FALSE,FALSE,NA,"top_33pct"
"WITCH 4.6","DISCRATE-Reference-dr2p","C4",143022.338860626,NA,"2C (Medium-Ambition)",466027.253460691,1932960.06221475,FALSE,NA,"Low (both)",FALSE,NA,NA,"top_33pct"
"WITCH 4.6","DISCRATE-Reference-dr3p","C4",142943.101587376,NA,"2C (Medium-Ambition)",466027.253460691,1932960.06221475,FALSE,NA,"Low (both)",FALSE,NA,NA,"top_33pct"
"WITCH 4.6","DISCRATE-Reference-dr4p","C4",142949.822723836,NA,"2C (Medium-Ambition)",466027.253460691,1932960.06221475,FALSE,NA,"Low (both)",FALSE,NA,NA,"top_33pct"
"WITCH 4.6","DISCRATE-Reference-dr5p","C4",143150.923362753,NA,"2C (Medium-Ambition)",466027.253460691,1932960.06221475,FALSE,NA,"Low (both)",FALSE,NA,NA,"top_33pct"
"WITCH 5.0","COMMIT-2°C-2020","C3",737077.099090358,1583039.91378799,"2C (Medium-Ambition)",466027.253460691,1932960.06221475,TRUE,FALSE,"High-CMT only",TRUE,FALSE,"High-CMT","top_33pct"
"WITCH 5.0","COMMIT-2°C-2030","C3",595273.460678176,1653849.24287679,"2C (Medium-Ambition)",466027.253460691,1932960.06221475,TRUE,FALSE,"High-CMT only",TRUE,FALSE,"High-CMT","top_33pct"
"WITCH 5.0","COMMIT-Baseline","C4",140805.039876654,1241626.08280612,"2C (Medium-Ambition)",466027.253460691,1932960.06221475,FALSE,FALSE,"Low (both)",FALSE,FALSE,NA,"top_33pct"
"WITCH 5.0","COMMIT-Bridge","C3",509653.283838919,3496156.34665479,"2C (Medium-Ambition)",466027.253460691,1932960.06221475,TRUE,TRUE,"Both High",FALSE,FALSE,NA,"top_33pct"
"WITCH 5.0","COMMIT-Current-Policies","C4",140533.68862788,1225081.28589893,"2C (Medium-Ambition)",466027.253460691,1932960.06221475,FALSE,FALSE,"Low (both)",FALSE,FALSE,NA,"top_33pct"
"WITCH 5.0","COMMIT-GPP","C3",325062.292550324,1436175.37959737,"2C (Medium-Ambition)",466027.253460691,1932960.06221475,FALSE,FALSE,"Low (both)",FALSE,FALSE,NA,"top_33pct"
"WITCH 5.0","COMMIT-NDC-2050-Convergence","C3",258015.820546097,1386344.36195064,"2C (Medium-Ambition)",466027.253460691,1932960.06221475,FALSE,FALSE,"Low (both)",FALSE,FALSE,NA,"top_33pct"
"WITCH 5.0","COMMIT-NDCplus","C4",171756.759013664,1324896.47278266,"2C (Medium-Ambition)",466027.253460691,1932960.06221475,FALSE,FALSE,"Low (both)",FALSE,FALSE,NA,"top_33pct"
"WITCH 5.0","ECEMF-DIAG-C400-lin","C1",0,NA,"1.5C (High-Ambition)",511882.90914693,2771556.31926819,FALSE,NA,"Low (both)",FALSE,NA,NA,"top_33pct"
"WITCH 5.0","ECEMF-DIAG-NPi","C4",0,NA,"2C (Medium-Ambition)",466027.253460691,1932960.06221475,FALSE,NA,"Low (both)",FALSE,NA,NA,"top_33pct"
"WITCH 5.0","ENGAGE-Feasibility-1000/Cost-Effective","C3",512482.507491909,2015035.12954548,"2C (Medium-Ambition)",466027.253460691,1932960.06221475,TRUE,TRUE,"Both High",FALSE,FALSE,NA,"top_33pct"
"WITCH 5.0","ENGAGE-Feasibility-1000/Enablers & Institutional","C3",421444.858060751,1112840.23568719,"2C (Medium-Ambition)",466027.253460691,1932960.06221475,FALSE,FALSE,"Low (both)",FALSE,FALSE,NA,"top_33pct"
"WITCH 5.0","ENGAGE-Feasibility-1000/Institutional","C3",478668.597007458,1939102.82793871,"2C (Medium-Ambition)",466027.253460691,1932960.06221475,TRUE,TRUE,"Both High",FALSE,FALSE,NA,"top_33pct"
"WITCH 5.0","ENGAGE-Feasibility-1000/Technology","C3",276800.774893071,2099682.91341504,"2C (Medium-Ambition)",466027.253460691,1932960.06221475,FALSE,TRUE,"High-RE only",FALSE,TRUE,"High-RE","top_33pct"
"WITCH 5.0","ENGAGE-Feasibility-1000/Technology & Enablers & Institutional","C3",269171.093805521,1470978.77871123,"2C (Medium-Ambition)",466027.253460691,1932960.06221475,FALSE,FALSE,"Low (both)",FALSE,FALSE,NA,"top_33pct"
"WITCH 5.0","ENGAGE-Feasibility-1000/Technology & Institutional","C3",272512.989443723,2113825.04668446,"2C (Medium-Ambition)",466027.253460691,1932960.06221475,FALSE,TRUE,"High-RE only",FALSE,TRUE,"High-RE","top_33pct"
"WITCH 5.0","ENGAGE-Feasibility-Maximum-Effort/Cost-Effective","C1",512830.368130859,2051640.23840977,"1.5C (High-Ambition)",511882.90914693,2771556.31926819,TRUE,FALSE,"High-CMT only",TRUE,FALSE,"High-CMT","top_33pct"
"WITCH 5.0","ENGAGE-Feasibility-Maximum-Effort/Enablers & Institutional","C3",421640.683685827,1160546.29885062,"2C (Medium-Ambition)",466027.253460691,1932960.06221475,FALSE,FALSE,"Low (both)",FALSE,FALSE,NA,"top_33pct"
"WITCH 5.0","ENGAGE-Feasibility-Maximum-Effort/Enablers & Institutional [Optimistic]","C3",465843.638496086,1175995.87339739,"2C (Medium-Ambition)",466027.253460691,1932960.06221475,FALSE,FALSE,"Low (both)",FALSE,FALSE,NA,"top_33pct"
"WITCH 5.0","ENGAGE-Feasibility-Maximum-Effort/Enablers & Institutional [Pessimistic]","C3",398210.913948264,1151633.4465033,"2C (Medium-Ambition)",466027.253460691,1932960.06221475,FALSE,FALSE,"Low (both)",FALSE,FALSE,NA,"top_33pct"
"WITCH 5.0","ENGAGE-Feasibility-Maximum-Effort/Institutional","C3",477440.05133528,1948495.63450204,"2C (Medium-Ambition)",466027.253460691,1932960.06221475,TRUE,TRUE,"Both High",FALSE,FALSE,NA,"top_33pct"
"WITCH 5.0","ENGAGE-Feasibility-Maximum-Effort/Institutional [Optimistic]","C3",495863.885142487,2005636.99750148,"2C (Medium-Ambition)",466027.253460691,1932960.06221475,TRUE,TRUE,"Both High",FALSE,FALSE,NA,"top_33pct"
"WITCH 5.0","ENGAGE-Feasibility-Maximum-Effort/Institutional [Pessimistic]","C3",452509.267699922,1897519.9225449,"2C (Medium-Ambition)",466027.253460691,1932960.06221475,FALSE,FALSE,"Low (both)",FALSE,FALSE,NA,"top_33pct"
"WITCH 5.0","ENGAGE-Feasibility-Maximum-Effort/Technology","C1",280114.813393306,2193904.38771096,"1.5C (High-Ambition)",511882.90914693,2771556.31926819,FALSE,FALSE,"Low (both)",FALSE,FALSE,NA,"top_33pct"
"WITCH 5.0","ENGAGE-Feasibility-Maximum-Effort/Technology & Enablers & Institutional","C3",269372.609253818,1399363.88498248,"2C (Medium-Ambition)",466027.253460691,1932960.06221475,FALSE,FALSE,"Low (both)",FALSE,FALSE,NA,"top_33pct"
"WITCH 5.0","ENGAGE-Feasibility-Maximum-Effort/Technology & Enablers & Institutional [Optimistic]","C3",273367.003273628,1431067.79805519,"2C (Medium-Ambition)",466027.253460691,1932960.06221475,FALSE,FALSE,"Low (both)",FALSE,FALSE,NA,"top_33pct"
"WITCH 5.0","ENGAGE-Feasibility-Maximum-Effort/Technology & Enablers & Institutional [Pessimistic]","C3",256151.78774289,1244642.3960388,"2C (Medium-Ambition)",466027.253460691,1932960.06221475,FALSE,FALSE,"Low (both)",FALSE,FALSE,NA,"top_33pct"
"WITCH 5.0","ENGAGE-Feasibility-Maximum-Effort/Technology & Institutional","C3",272512.989443723,2113825.04668446,"2C (Medium-Ambition)",466027.253460691,1932960.06221475,FALSE,TRUE,"High-RE only",FALSE,TRUE,"High-RE","top_33pct"
"WITCH 5.0","ENGAGE-Feasibility-Maximum-Effort/Technology & Institutional [Optimistic]","C3",275861.775843149,2089034.07574143,"2C (Medium-Ambition)",466027.253460691,1932960.06221475,FALSE,TRUE,"High-RE only",FALSE,TRUE,"High-RE","top_33pct"
"WITCH 5.0","ENGAGE-Feasibility-Maximum-Effort/Technology & Institutional [Pessimistic]","C4",264778.685657144,1918387.48164432,"2C (Medium-Ambition)",466027.253460691,1932960.06221475,FALSE,FALSE,"Low (both)",FALSE,FALSE,NA,"top_33pct"
"WITCH 5.0","ENGAGE-INDCi2030-1000","C3",592144.710582481,1931299.68908206,"2C (Medium-Ambition)",466027.253460691,1932960.06221475,TRUE,FALSE,"High-CMT only",TRUE,FALSE,"High-CMT","top_33pct"
"WITCH 5.0","ENGAGE-INDCi2030-1000-NDCp","C3",579066.574757262,1938834.94732775,"2C (Medium-Ambition)",466027.253460691,1932960.06221475,TRUE,TRUE,"Both High",FALSE,FALSE,NA,"top_33pct"
"WITCH 5.0","ENGAGE-INDCi2030-1000f","C3",600972.863886615,1946406.25275075,"2C (Medium-Ambition)",466027.253460691,1932960.06221475,TRUE,TRUE,"Both High",FALSE,FALSE,NA,"top_33pct"
"WITCH 5.0","ENGAGE-INDCi2030-1000f-NDCp","C3",591972.744481883,1944223.91161705,"2C (Medium-Ambition)",466027.253460691,1932960.06221475,TRUE,TRUE,"Both High",FALSE,FALSE,NA,"top_33pct"
"WITCH 5.0","ENGAGE-INDCi2030-1200","C4",489859.063078767,1913084.15498313,"2C (Medium-Ambition)",466027.253460691,1932960.06221475,TRUE,FALSE,"High-CMT only",TRUE,FALSE,"High-CMT","top_33pct"
"WITCH 5.0","ENGAGE-INDCi2030-1200-NDCp","C4",449832.105867806,1908715.67350258,"2C (Medium-Ambition)",466027.253460691,1932960.06221475,FALSE,FALSE,"Low (both)",FALSE,FALSE,NA,"top_33pct"
"WITCH 5.0","ENGAGE-INDCi2030-1200f","C4",509975.217118785,1904548.82493364,"2C (Medium-Ambition)",466027.253460691,1932960.06221475,TRUE,FALSE,"High-CMT only",TRUE,FALSE,"High-CMT","top_33pct"
"WITCH 5.0","ENGAGE-INDCi2030-1200f-NDCp","C4",482689.141994471,1900051.85990459,"2C (Medium-Ambition)",466027.253460691,1932960.06221475,TRUE,FALSE,"High-CMT only",TRUE,FALSE,"High-CMT","top_33pct"
"WITCH 5.0","ENGAGE-INDCi2030-1400","C4",394614.198337317,1879620.76953311,"2C (Medium-Ambition)",466027.253460691,1932960.06221475,FALSE,FALSE,"Low (both)",FALSE,FALSE,NA,"top_33pct"
"WITCH 5.0","ENGAGE-INDCi2030-1400-NDCp","C4",378170.160238464,1874024.59052403,"2C (Medium-Ambition)",466027.253460691,1932960.06221475,FALSE,FALSE,"Low (both)",FALSE,FALSE,NA,"top_33pct"
"WITCH 5.0","ENGAGE-INDCi2030-1400f","C4",414442.438279049,1864785.85753015,"2C (Medium-Ambition)",466027.253460691,1932960.06221475,FALSE,FALSE,"Low (both)",FALSE,FALSE,NA,"top_33pct"
"WITCH 5.0","ENGAGE-INDCi2030-1400f-NDCp","C4",403867.109855301,1861467.23334104,"2C (Medium-Ambition)",466027.253460691,1932960.06221475,FALSE,FALSE,"Low (both)",FALSE,FALSE,NA,"top_33pct"
"WITCH 5.0","ENGAGE-INDCi2030-1600","C3",346746.94337777,1842673.39608753,"2C (Medium-Ambition)",466027.253460691,1932960.06221475,FALSE,FALSE,"Low (both)",FALSE,FALSE,NA,"top_33pct"
"WITCH 5.0","ENGAGE-INDCi2030-1600-NDCp","C3",343562.858760098,1843434.63696904,"2C (Medium-Ambition)",466027.253460691,1932960.06221475,FALSE,FALSE,"Low (both)",FALSE,FALSE,NA,"top_33pct"
"WITCH 5.0","ENGAGE-INDCi2030-1600f","C3",349514.889964837,1837781.64548892,"2C (Medium-Ambition)",466027.253460691,1932960.06221475,FALSE,FALSE,"Low (both)",FALSE,FALSE,NA,"top_33pct"
"WITCH 5.0","ENGAGE-INDCi2030-1600f-NDCp","C3",345794.910906942,1835053.86386429,"2C (Medium-Ambition)",466027.253460691,1932960.06221475,FALSE,FALSE,"Low (both)",FALSE,FALSE,NA,"top_33pct"
"WITCH 5.0","ENGAGE-INDCi2030-1800","C3",333840.471727011,1810005.03641182,"2C (Medium-Ambition)",466027.253460691,1932960.06221475,FALSE,FALSE,"Low (both)",FALSE,FALSE,NA,"top_33pct"
"WITCH 5.0","ENGAGE-INDCi2030-1800-NDCp","C3",332058.820130693,1808435.86766463,"2C (Medium-Ambition)",466027.253460691,1932960.06221475,FALSE,FALSE,"Low (both)",FALSE,FALSE,NA,"top_33pct"
"WITCH 5.0","ENGAGE-INDCi2030-1800f","C3",333840.471727011,1810005.03641182,"2C (Medium-Ambition)",466027.253460691,1932960.06221475,FALSE,FALSE,"Low (both)",FALSE,FALSE,NA,"top_33pct"
"WITCH 5.0","ENGAGE-INDCi2030-1800f-NDCp","C3",332058.820130693,1808435.86766463,"2C (Medium-Ambition)",466027.253460691,1932960.06221475,FALSE,FALSE,"Low (both)",FALSE,FALSE,NA,"top_33pct"
"WITCH 5.0","ENGAGE-INDCi2030-2000","C3",318423.228909691,1784238.46250091,"2C (Medium-Ambition)",466027.253460691,1932960.06221475,FALSE,FALSE,"Low (both)",FALSE,FALSE,NA,"top_33pct"
"WITCH 5.0","ENGAGE-INDCi2030-2000-NDCp","C3",316914.396371746,1783431.11985598,"2C (Medium-Ambition)",466027.253460691,1932960.06221475,FALSE,FALSE,"Low (both)",FALSE,FALSE,NA,"top_33pct"
"WITCH 5.0","ENGAGE-INDCi2030-2000f","C3",318423.228909691,1784238.46250091,"2C (Medium-Ambition)",466027.253460691,1932960.06221475,FALSE,FALSE,"Low (both)",FALSE,FALSE,NA,"top_33pct"
"WITCH 5.0","ENGAGE-INDCi2030-2000f-NDCp","C3",316914.396371746,1783431.11985598,"2C (Medium-Ambition)",466027.253460691,1932960.06221475,FALSE,FALSE,"Low (both)",FALSE,FALSE,NA,"top_33pct"
"WITCH 5.0","ENGAGE-INDCi2030-2500","C3",229976.37482885,1741819.54160173,"2C (Medium-Ambition)",466027.253460691,1932960.06221475,FALSE,FALSE,"Low (both)",FALSE,FALSE,NA,"top_33pct"
"WITCH 5.0","ENGAGE-INDCi2030-2500-NDCp","C3",228748.898370392,1742417.43999279,"2C (Medium-Ambition)",466027.253460691,1932960.06221475,FALSE,FALSE,"Low (both)",FALSE,FALSE,NA,"top_33pct"
"WITCH 5.0","ENGAGE-INDCi2030-2500f","C3",229976.37482885,1741819.54160173,"2C (Medium-Ambition)",466027.253460691,1932960.06221475,FALSE,FALSE,"Low (both)",FALSE,FALSE,NA,"top_33pct"
"WITCH 5.0","ENGAGE-INDCi2030-2500f-NDCp","C3",228748.898370392,1742417.43999279,"2C (Medium-Ambition)",466027.253460691,1932960.06221475,FALSE,FALSE,"Low (both)",FALSE,FALSE,NA,"top_33pct"
"WITCH 5.0","ENGAGE-INDCi2030-3000","C4",175139.377763301,1689452.84771022,"2C (Medium-Ambition)",466027.253460691,1932960.06221475,FALSE,FALSE,"Low (both)",FALSE,FALSE,NA,"top_33pct"
"WITCH 5.0","ENGAGE-INDCi2030-3000-NDCp","C4",174556.16833736,1689248.41383923,"2C (Medium-Ambition)",466027.253460691,1932960.06221475,FALSE,FALSE,"Low (both)",FALSE,FALSE,NA,"top_33pct"
"WITCH 5.0","ENGAGE-INDCi2030-3000f","C4",175139.377763301,1689452.84771022,"2C (Medium-Ambition)",466027.253460691,1932960.06221475,FALSE,FALSE,"Low (both)",FALSE,FALSE,NA,"top_33pct"
"WITCH 5.0","ENGAGE-INDCi2030-3000f-NDCp","C4",174556.16833736,1689248.41383923,"2C (Medium-Ambition)",466027.253460691,1932960.06221475,FALSE,FALSE,"Low (both)",FALSE,FALSE,NA,"top_33pct"
"WITCH 5.0","ENGAGE-INDCi2030-500f","C2",707606.063622978,2076305.10182192,"1.5C (High-Ambition)",511882.90914693,2771556.31926819,TRUE,FALSE,"High-CMT only",TRUE,FALSE,"High-CMT","top_33pct"
"WITCH 5.0","ENGAGE-INDCi2030-600f","C3",707773.361040912,2048330.90813123,"2C (Medium-Ambition)",466027.253460691,1932960.06221475,TRUE,TRUE,"Both High",FALSE,FALSE,NA,"top_33pct"
"WITCH 5.0","ENGAGE-INDCi2030-600f-NDCp","C3",706077.835426384,2045542.04288765,"2C (Medium-Ambition)",466027.253460691,1932960.06221475,TRUE,TRUE,"Both High",FALSE,FALSE,NA,"top_33pct"
"WITCH 5.0","ENGAGE-INDCi2030-700f","C3",705458.514559409,2021548.84902833,"2C (Medium-Ambition)",466027.253460691,1932960.06221475,TRUE,TRUE,"Both High",FALSE,FALSE,NA,"top_33pct"
"WITCH 5.0","ENGAGE-INDCi2030-700f-NDCp","C3",701656.156925429,2017415.95625836,"2C (Medium-Ambition)",466027.253460691,1932960.06221475,TRUE,TRUE,"Both High",FALSE,FALSE,NA,"top_33pct"
"WITCH 5.0","ENGAGE-INDCi2030-800","C3",691525.258137947,1958886.87004841,"2C (Medium-Ambition)",466027.253460691,1932960.06221475,TRUE,TRUE,"Both High",FALSE,FALSE,NA,"top_33pct"
"WITCH 5.0","ENGAGE-INDCi2030-800-NDCp","C3",683636.291322109,1966667.62220997,"2C (Medium-Ambition)",466027.253460691,1932960.06221475,TRUE,TRUE,"Both High",FALSE,FALSE,NA,"top_33pct"
"WITCH 5.0","ENGAGE-INDCi2030-800f","C3",695659.666834993,1995146.34189213,"2C (Medium-Ambition)",466027.253460691,1932960.06221475,TRUE,TRUE,"Both High",FALSE,FALSE,NA,"top_33pct"
"WITCH 5.0","ENGAGE-INDCi2030-800f-NDCp","C3",674625.29790305,1989945.99206379,"2C (Medium-Ambition)",466027.253460691,1932960.06221475,TRUE,TRUE,"Both High",FALSE,FALSE,NA,"top_33pct"
"WITCH 5.0","ENGAGE-INDCi2030-900","C3",682573.068600634,1955183.29518593,"2C (Medium-Ambition)",466027.253460691,1932960.06221475,TRUE,TRUE,"Both High",FALSE,FALSE,NA,"top_33pct"
"WITCH 5.0","ENGAGE-INDCi2030-900-NDCp","C3",632249.446490112,1938629.33978451,"2C (Medium-Ambition)",466027.253460691,1932960.06221475,TRUE,TRUE,"Both High",FALSE,FALSE,NA,"top_33pct"
"WITCH 5.0","ENGAGE-INDCi2030-900f","C3",653776.994659416,1969054.58998868,"2C (Medium-Ambition)",466027.253460691,1932960.06221475,TRUE,TRUE,"Both High",FALSE,FALSE,NA,"top_33pct"
"WITCH 5.0","ENGAGE-INDCi2030-900f-NDCp","C3",640385.886849264,1967034.73924381,"2C (Medium-Ambition)",466027.253460691,1932960.06221475,TRUE,TRUE,"Both High",FALSE,FALSE,NA,"top_33pct"
"WITCH 5.0","ENGAGE-INDCi2100","C4",156632.928592149,1972281.20006105,"2C (Medium-Ambition)",466027.253460691,1932960.06221475,FALSE,TRUE,"High-RE only",FALSE,TRUE,"High-RE","top_33pct"
"WITCH 5.0","ENGAGE-INDCi2100-NDCp","C4",173149.524058615,1730238.4840513,"2C (Medium-Ambition)",466027.253460691,1932960.06221475,FALSE,FALSE,"Low (both)",FALSE,FALSE,NA,"top_33pct"
"WITCH 5.0","ENGAGE-NPi2020-1000","C3",492448.172834595,1906558.31720824,"2C (Medium-Ambition)",466027.253460691,1932960.06221475,TRUE,FALSE,"High-CMT only",TRUE,FALSE,"High-CMT","top_33pct"
"WITCH 5.0","ENGAGE-NPi2020-1000f","C3",529252.186721429,1901043.86356955,"2C (Medium-Ambition)",466027.253460691,1932960.06221475,TRUE,FALSE,"High-CMT only",TRUE,FALSE,"High-CMT","top_33pct"
"WITCH 5.0","ENGAGE-NPi2020-1200","C4",411410.430186018,1872954.35400542,"2C (Medium-Ambition)",466027.253460691,1932960.06221475,FALSE,FALSE,"Low (both)",FALSE,FALSE,NA,"top_33pct"
"WITCH 5.0","ENGAGE-NPi2020-1200f","C4",450021.90527517,1864170.37507473,"2C (Medium-Ambition)",466027.253460691,1932960.06221475,FALSE,FALSE,"Low (both)",FALSE,FALSE,NA,"top_33pct"
"WITCH 5.0","ENGAGE-NPi2020-1400","C4",375877.556144478,1844570.49677559,"2C (Medium-Ambition)",466027.253460691,1932960.06221475,FALSE,FALSE,"Low (both)",FALSE,FALSE,NA,"top_33pct"
"WITCH 5.0","ENGAGE-NPi2020-1400f","C4",376586.70892626,1833142.24889882,"2C (Medium-Ambition)",466027.253460691,1932960.06221475,FALSE,FALSE,"Low (both)",FALSE,FALSE,NA,"top_33pct"
"WITCH 5.0","ENGAGE-NPi2020-1600","C4",355628.757928791,1815533.03523178,"2C (Medium-Ambition)",466027.253460691,1932960.06221475,FALSE,FALSE,"Low (both)",FALSE,FALSE,NA,"top_33pct"
"WITCH 5.0","ENGAGE-NPi2020-1600f","C4",356722.525329859,1810922.34125713,"2C (Medium-Ambition)",466027.253460691,1932960.06221475,FALSE,FALSE,"Low (both)",FALSE,FALSE,NA,"top_33pct"
"WITCH 5.0","ENGAGE-NPi2020-1800","C3",340800.48912434,1787232.14450681,"2C (Medium-Ambition)",466027.253460691,1932960.06221475,FALSE,FALSE,"Low (both)",FALSE,FALSE,NA,"top_33pct"
"WITCH 5.0","ENGAGE-NPi2020-1800f","C3",340800.48912434,1787232.14450681,"2C (Medium-Ambition)",466027.253460691,1932960.06221475,FALSE,FALSE,"Low (both)",FALSE,FALSE,NA,"top_33pct"
"WITCH 5.0","ENGAGE-NPi2020-2000","C3",318197.186686483,1767086.45081889,"2C (Medium-Ambition)",466027.253460691,1932960.06221475,FALSE,FALSE,"Low (both)",FALSE,FALSE,NA,"top_33pct"
"WITCH 5.0","ENGAGE-NPi2020-2000f","C3",318197.186686483,1767086.45081889,"2C (Medium-Ambition)",466027.253460691,1932960.06221475,FALSE,FALSE,"Low (both)",FALSE,FALSE,NA,"top_33pct"
"WITCH 5.0","ENGAGE-NPi2020-2500","C3",235819.757416544,1726900.05953364,"2C (Medium-Ambition)",466027.253460691,1932960.06221475,FALSE,FALSE,"Low (both)",FALSE,FALSE,NA,"top_33pct"
"WITCH 5.0","ENGAGE-NPi2020-2500f","C3",235819.757416544,1726900.05953364,"2C (Medium-Ambition)",466027.253460691,1932960.06221475,FALSE,FALSE,"Low (both)",FALSE,FALSE,NA,"top_33pct"
"WITCH 5.0","ENGAGE-NPi2020-3000","C4",177029.470418248,1674029.83177153,"2C (Medium-Ambition)",466027.253460691,1932960.06221475,FALSE,FALSE,"Low (both)",FALSE,FALSE,NA,"top_33pct"
"WITCH 5.0","ENGAGE-NPi2020-3000f","C4",177029.470418248,1674029.83177153,"2C (Medium-Ambition)",466027.253460691,1932960.06221475,FALSE,FALSE,"Low (both)",FALSE,FALSE,NA,"top_33pct"
"WITCH 5.0","ENGAGE-NPi2020-400f","C1",717862.40877399,2031406.82033139,"1.5C (High-Ambition)",511882.90914693,2771556.31926819,TRUE,FALSE,"High-CMT only",TRUE,FALSE,"High-CMT","top_33pct"
"WITCH 5.0","ENGAGE-NPi2020-450","C1",681009.722417185,1956414.96578647,"1.5C (High-Ambition)",511882.90914693,2771556.31926819,TRUE,FALSE,"High-CMT only",TRUE,FALSE,"High-CMT","top_33pct"
"WITCH 5.0","ENGAGE-NPi2020-450f","C1",716159.14606136,2018026.15607597,"1.5C (High-Ambition)",511882.90914693,2771556.31926819,TRUE,FALSE,"High-CMT only",TRUE,FALSE,"High-CMT","top_33pct"
"WITCH 5.0","ENGAGE-NPi2020-500","C1",707033.714067189,1978333.39835872,"1.5C (High-Ambition)",511882.90914693,2771556.31926819,TRUE,FALSE,"High-CMT only",TRUE,FALSE,"High-CMT","top_33pct"
"WITCH 5.0","ENGAGE-NPi2020-500f","C1",714279.20504947,2004682.77817375,"1.5C (High-Ambition)",511882.90914693,2771556.31926819,TRUE,FALSE,"High-CMT only",TRUE,FALSE,"High-CMT","top_33pct"
"WITCH 5.0","ENGAGE-NPi2020-600","C3",694830.491166151,1971912.17345727,"2C (Medium-Ambition)",466027.253460691,1932960.06221475,TRUE,TRUE,"Both High",FALSE,FALSE,NA,"top_33pct"
"WITCH 5.0","ENGAGE-NPi2020-600f","C3",688228.505787906,1981062.76031422,"2C (Medium-Ambition)",466027.253460691,1932960.06221475,TRUE,TRUE,"Both High",FALSE,FALSE,NA,"top_33pct"
"WITCH 5.0","ENGAGE-NPi2020-700","C3",647916.967816068,1940738.16820625,"2C (Medium-Ambition)",466027.253460691,1932960.06221475,TRUE,TRUE,"Both High",FALSE,FALSE,NA,"top_33pct"
"WITCH 5.0","ENGAGE-NPi2020-700f","C3",655418.722978796,1962167.78868463,"2C (Medium-Ambition)",466027.253460691,1932960.06221475,TRUE,TRUE,"Both High",FALSE,FALSE,NA,"top_33pct"
"WITCH 5.0","ENGAGE-NPi2020-800","C3",584140.398707835,1932264.83409627,"2C (Medium-Ambition)",466027.253460691,1932960.06221475,TRUE,FALSE,"High-CMT only",TRUE,FALSE,"High-CMT","top_33pct"
"WITCH 5.0","ENGAGE-NPi2020-800f","C3",613078.726040061,1939982.21003165,"2C (Medium-Ambition)",466027.253460691,1932960.06221475,TRUE,TRUE,"Both High",FALSE,FALSE,NA,"top_33pct"
"WITCH 5.0","ENGAGE-NPi2020-900","C3",534285.598231889,1924244.04351939,"2C (Medium-Ambition)",466027.253460691,1932960.06221475,TRUE,FALSE,"High-CMT only",TRUE,FALSE,"High-CMT","top_33pct"
"WITCH 5.0","ENGAGE-NPi2020-900f","C3",571882.808505072,1920382.40806719,"2C (Medium-Ambition)",466027.253460691,1932960.06221475,TRUE,FALSE,"High-CMT only",TRUE,FALSE,"High-CMT","top_33pct"
"WITCH 5.0","ENGAGE-NPi2100","C4",140678.387068068,1618135.9868192,"2C (Medium-Ambition)",466027.253460691,1932960.06221475,FALSE,FALSE,"Low (both)",FALSE,FALSE,NA,"top_33pct"
"WITCH 5.0","ENGAGE-NoPolicy","C4",140839.211374606,1647963.86379762,"2C (Medium-Ambition)",466027.253460691,1932960.06221475,FALSE,FALSE,"Low (both)",FALSE,FALSE,NA,"top_33pct"
"WITCH 5.0","NAVIGATE Demand-1.5°C-act_u","C3",427954.987479175,1877821.4315589,"2C (Medium-Ambition)",466027.253460691,1932960.06221475,FALSE,FALSE,"Low (both)",FALSE,FALSE,NA,"top_33pct"
"WITCH 5.0","NAVIGATE Demand-1.5°C-all_u","C3",415575.087561585,1742860.45203564,"2C (Medium-Ambition)",466027.253460691,1932960.06221475,FALSE,FALSE,"Low (both)",FALSE,FALSE,NA,"top_33pct"
"WITCH 5.0","NAVIGATE Demand-1.5°C-ele_u","C3",418646.671190666,2409610.69122907,"2C (Medium-Ambition)",466027.253460691,1932960.06221475,FALSE,TRUE,"High-RE only",FALSE,TRUE,"High-RE","top_33pct"
"WITCH 5.0","NAVIGATE Demand-1.5°C-ref","C3",430854.737880986,2243960.15547288,"2C (Medium-Ambition)",466027.253460691,1932960.06221475,FALSE,TRUE,"High-RE only",FALSE,TRUE,"High-RE","top_33pct"
"WITCH 5.0","NAVIGATE Demand-1.5°C-tec_u","C3",426989.857218337,1653225.77286921,"2C (Medium-Ambition)",466027.253460691,1932960.06221475,FALSE,FALSE,"Low (both)",FALSE,FALSE,NA,"top_33pct"
"WITCH 5.0","NAVIGATE Demand-2.0°C-act_u","C3",448386.012993415,1722211.19617129,"2C (Medium-Ambition)",466027.253460691,1932960.06221475,FALSE,FALSE,"Low (both)",FALSE,FALSE,NA,"top_33pct"
"WITCH 5.0","NAVIGATE Demand-2.0°C-all_u","C4",421384.970839564,1599259.52832877,"2C (Medium-Ambition)",466027.253460691,1932960.06221475,FALSE,FALSE,"Low (both)",FALSE,FALSE,NA,"top_33pct"
"WITCH 5.0","NAVIGATE Demand-2.0°C-ele_u","C4",420169.893334382,2213041.67523847,"2C (Medium-Ambition)",466027.253460691,1932960.06221475,FALSE,TRUE,"High-RE only",FALSE,TRUE,"High-RE","top_33pct"
"WITCH 5.0","NAVIGATE Demand-2.0°C-ref","C3",453239.660280604,2057839.08577372,"2C (Medium-Ambition)",466027.253460691,1932960.06221475,FALSE,TRUE,"High-RE only",FALSE,TRUE,"High-RE","top_33pct"
"WITCH 5.0","NAVIGATE Demand-2.0°C-tec_u","C3",446230.352061111,1560316.20914795,"2C (Medium-Ambition)",466027.253460691,1932960.06221475,FALSE,FALSE,"Low (both)",FALSE,FALSE,NA,"top_33pct"
"WITCH 5.0","NAVIGATE Demand-NPi-act","C4",187989.61093882,1488276.67023959,"2C (Medium-Ambition)",466027.253460691,1932960.06221475,FALSE,FALSE,"Low (both)",FALSE,FALSE,NA,"top_33pct"
"WITCH 5.0","NAVIGATE Demand-NPi-all","C4",180554.187206786,1387269.68492106,"2C (Medium-Ambition)",466027.253460691,1932960.06221475,FALSE,FALSE,"Low (both)",FALSE,FALSE,NA,"top_33pct"
"WITCH 5.0","NAVIGATE Demand-NPi-ele","C4",176899.78559622,1875026.96206966,"2C (Medium-Ambition)",466027.253460691,1932960.06221475,FALSE,FALSE,"Low (both)",FALSE,FALSE,NA,"top_33pct"
"WITCH 5.0","NAVIGATE Demand-NPi-ref","C4",184004.870071283,1768141.8610775,"2C (Medium-Ambition)",466027.253460691,1932960.06221475,FALSE,FALSE,"Low (both)",FALSE,FALSE,NA,"top_33pct"
"WITCH 5.0","NAVIGATE Demand-NPi-tec","C4",188199.08537318,1414972.46381649,"2C (Medium-Ambition)",466027.253460691,1932960.06221475,FALSE,FALSE,"Low (both)",FALSE,FALSE,NA,"top_33pct"
"WITCH-GLOBIOM 3.1","SSP1-19","C1",0,NA,"1.5C (High-Ambition)",511882.90914693,2771556.31926819,FALSE,NA,"Low (both)",FALSE,NA,NA,"top_33pct"
"WITCH-GLOBIOM 3.1","SSP1-26","C3",0,NA,"2C (Medium-Ambition)",466027.253460691,1932960.06221475,FALSE,NA,"Low (both)",FALSE,NA,NA,"top_33pct"
"WITCH-GLOBIOM 3.1","SSP1-34","C3",0,NA,"2C (Medium-Ambition)",466027.253460691,1932960.06221475,FALSE,NA,"Low (both)",FALSE,NA,NA,"top_33pct"
"WITCH-GLOBIOM 3.1","SSP1-45","C4",0,NA,"2C (Medium-Ambition)",466027.253460691,1932960.06221475,FALSE,NA,"Low (both)",FALSE,NA,NA,"top_33pct"
"WITCH-GLOBIOM 3.1","SSP1-Baseline","C4",0,NA,"2C (Medium-Ambition)",466027.253460691,1932960.06221475,FALSE,NA,"Low (both)",FALSE,NA,NA,"top_33pct"
"WITCH-GLOBIOM 3.1","SSP2-26","C3",0,NA,"2C (Medium-Ambition)",466027.253460691,1932960.06221475,FALSE,NA,"Low (both)",FALSE,NA,NA,"top_33pct"
"WITCH-GLOBIOM 3.1","SSP2-34","C3",0,NA,"2C (Medium-Ambition)",466027.253460691,1932960.06221475,FALSE,NA,"Low (both)",FALSE,NA,NA,"top_33pct"
"WITCH-GLOBIOM 3.1","SSP2-45","C4",0,NA,"2C (Medium-Ambition)",466027.253460691,1932960.06221475,FALSE,NA,"Low (both)",FALSE,NA,NA,"top_33pct"
"WITCH-GLOBIOM 3.1","SSP2-60","C4",0,NA,"2C (Medium-Ambition)",466027.253460691,1932960.06221475,FALSE,NA,"Low (both)",FALSE,NA,NA,"top_33pct"
"WITCH-GLOBIOM 3.1","SSP2-Baseline","C4",0,NA,"2C (Medium-Ambition)",466027.253460691,1932960.06221475,FALSE,NA,"Low (both)",FALSE,NA,NA,"top_33pct"
"WITCH-GLOBIOM 3.1","SSP3-34","C3",0,NA,"2C (Medium-Ambition)",466027.253460691,1932960.06221475,FALSE,NA,"Low (both)",FALSE,NA,NA,"top_33pct"
"WITCH-GLOBIOM 3.1","SSP3-45","C4",0,NA,"2C (Medium-Ambition)",466027.253460691,1932960.06221475,FALSE,NA,"Low (both)",FALSE,NA,NA,"top_33pct"
"WITCH-GLOBIOM 3.1","SSP3-60","C4",0,NA,"2C (Medium-Ambition)",466027.253460691,1932960.06221475,FALSE,NA,"Low (both)",FALSE,NA,NA,"top_33pct"
"WITCH-GLOBIOM 3.1","SSP3-Baseline","C4",0,NA,"2C (Medium-Ambition)",466027.253460691,1932960.06221475,FALSE,NA,"Low (both)",FALSE,NA,NA,"top_33pct"
"WITCH-GLOBIOM 3.1","SSP4-19","C1",0,NA,"1.5C (High-Ambition)",511882.90914693,2771556.31926819,FALSE,NA,"Low (both)",FALSE,NA,NA,"top_33pct"
"WITCH-GLOBIOM 3.1","SSP4-26","C3",0,NA,"2C (Medium-Ambition)",466027.253460691,1932960.06221475,FALSE,NA,"Low (both)",FALSE,NA,NA,"top_33pct"
"WITCH-GLOBIOM 3.1","SSP4-34","C3",0,NA,"2C (Medium-Ambition)",466027.253460691,1932960.06221475,FALSE,NA,"Low (both)",FALSE,NA,NA,"top_33pct"
"WITCH-GLOBIOM 3.1","SSP4-45","C4",0,NA,"2C (Medium-Ambition)",466027.253460691,1932960.06221475,FALSE,NA,"Low (both)",FALSE,NA,NA,"top_33pct"
"WITCH-GLOBIOM 3.1","SSP4-Baseline","C4",0,NA,"2C (Medium-Ambition)",466027.253460691,1932960.06221475,FALSE,NA,"Low (both)",FALSE,NA,NA,"top_33pct"
"WITCH-GLOBIOM 3.1","SSP5-34","C3",0,NA,"2C (Medium-Ambition)",466027.253460691,1932960.06221475,FALSE,NA,"Low (both)",FALSE,NA,NA,"top_33pct"
"WITCH-GLOBIOM 3.1","SSP5-45","C4",0,NA,"2C (Medium-Ambition)",466027.253460691,1932960.06221475,FALSE,NA,"Low (both)",FALSE,NA,NA,"top_33pct"
"WITCH-GLOBIOM 3.1","SSP5-60","C4",0,NA,"2C (Medium-Ambition)",466027.253460691,1932960.06221475,FALSE,NA,"Low (both)",FALSE,NA,NA,"top_33pct"
"WITCH-GLOBIOM 3.1","SSP5-Baseline","C4",0,NA,"2C (Medium-Ambition)",466027.253460691,1932960.06221475,FALSE,NA,"Low (both)",FALSE,NA,NA,"top_33pct"
"WITCH-GLOBIOM 4.2","ADVANCE-NoPolicy","C4",0,NA,"2C (Medium-Ambition)",466027.253460691,1932960.06221475,FALSE,NA,"Low (both)",FALSE,NA,NA,"top_33pct"
"WITCH-GLOBIOM 4.4","CD-LINKS-INDC2030i_1600","C3",0,NA,"2C (Medium-Ambition)",466027.253460691,1932960.06221475,FALSE,NA,"Low (both)",FALSE,NA,NA,"top_33pct"
"WITCH-GLOBIOM 4.4","CD-LINKS-INDCi","C4",0,NA,"2C (Medium-Ambition)",466027.253460691,1932960.06221475,FALSE,NA,"Low (both)",FALSE,NA,NA,"top_33pct"
"WITCH-GLOBIOM 4.4","CD-LINKS-NDC2030i_1000","C2",0,NA,"1.5C (High-Ambition)",511882.90914693,2771556.31926819,FALSE,NA,"Low (both)",FALSE,NA,NA,"top_33pct"
"WITCH-GLOBIOM 4.4","CD-LINKS-NPi","C4",0,NA,"2C (Medium-Ambition)",466027.253460691,1932960.06221475,FALSE,NA,"Low (both)",FALSE,NA,NA,"top_33pct"
"WITCH-GLOBIOM 4.4","CD-LINKS-NPi2020_1000","C1",0,NA,"1.5C (High-Ambition)",511882.90914693,2771556.31926819,FALSE,NA,"Low (both)",FALSE,NA,NA,"top_33pct"
"WITCH-GLOBIOM 4.4","CD-LINKS-NPi2020_1600","C3",0,NA,"2C (Medium-Ambition)",466027.253460691,1932960.06221475,FALSE,NA,"Low (both)",FALSE,NA,NA,"top_33pct"
"WITCH-GLOBIOM 4.4","CD-LINKS-NPi2020_400","C1",0,NA,"1.5C (High-Ambition)",511882.90914693,2771556.31926819,FALSE,NA,"Low (both)",FALSE,NA,NA,"top_33pct"
"WITCH-GLOBIOM 4.4","CD-LINKS-No-Policy","C4",0,NA,"2C (Medium-Ambition)",466027.253460691,1932960.06221475,FALSE,NA,"Low (both)",FALSE,NA,NA,"top_33pct"
"AIM/CGE V2.2","ENGAGE-NPi2100","C4",NA,474214.8058,"2C (Medium-Ambition)",466027.253460691,1932960.06221475,NA,FALSE,"Low (both)",NA,FALSE,NA,"top_33pct"
"GCAM 5.2","NGFS Phase 1-Current Policies","C4",NA,780632.99083895,"2C (Medium-Ambition)",466027.253460691,1932960.06221475,NA,FALSE,"Low (both)",NA,FALSE,NA,"top_33pct"
"GCAM-PR 5.3","ParisReinforce-Baseline","C4",NA,1025430.19690842,"2C (Medium-Ambition)",466027.253460691,1932960.06221475,NA,FALSE,"Low (both)",NA,FALSE,NA,"top_33pct"
"IMAGE 3.2","SSP2021-SSP1-Baseline","C4",NA,1295685.59227033,"2C (Medium-Ambition)",466027.253460691,1932960.06221475,NA,FALSE,"Low (both)",NA,FALSE,NA,"top_33pct"
"IMAGE 3.2","SSP2021-SSP2-Baseline","C4",NA,778303.448932345,"2C (Medium-Ambition)",466027.253460691,1932960.06221475,NA,FALSE,"Low (both)",NA,FALSE,NA,"top_33pct"
"IMAGE 3.2","SSP2021-SSP3-Baseline","C4",NA,413122.27693896,"2C (Medium-Ambition)",466027.253460691,1932960.06221475,NA,FALSE,"Low (both)",NA,FALSE,NA,"top_33pct"
"IMAGE 3.2","SSP2021-SSP4-Baseline","C4",NA,953985.897897261,"2C (Medium-Ambition)",466027.253460691,1932960.06221475,NA,FALSE,"Low (both)",NA,FALSE,NA,"top_33pct"
"IMAGE 3.2","SSP2021-SSP5-Baseline","C4",NA,840529.566883043,"2C (Medium-Ambition)",466027.253460691,1932960.06221475,NA,FALSE,"Low (both)",NA,FALSE,NA,"top_33pct"
"POLES-JRC ENGAGE","ENGAGE-Feasibility-1000/Cost-Effective","C3",NA,2650812.15555147,"2C (Medium-Ambition)",466027.253460691,1932960.06221475,NA,TRUE,"Low (both)",FALSE,NA,NA,"top_33pct"
"POLES-JRC ENGAGE","ENGAGE-Feasibility-1000/Institutional","C3",NA,2481422.49376109,"2C (Medium-Ambition)",466027.253460691,1932960.06221475,NA,TRUE,"Low (both)",FALSE,NA,NA,"top_33pct"
"POLES-JRC ENGAGE","ENGAGE-Feasibility-1000/Technology","C3",NA,2678294.41913699,"2C (Medium-Ambition)",466027.253460691,1932960.06221475,NA,TRUE,"Low (both)",FALSE,NA,NA,"top_33pct"
"POLES-JRC ENGAGE","ENGAGE-Feasibility-1000/Technology & Enablers & Institutional","C4",NA,2205102.52568636,"2C (Medium-Ambition)",466027.253460691,1932960.06221475,NA,TRUE,"Low (both)",FALSE,NA,NA,"top_33pct"
"POLES-JRC ENGAGE","ENGAGE-Feasibility-1000/Technology & Institutional","C3",NA,2571619.72492503,"2C (Medium-Ambition)",466027.253460691,1932960.06221475,NA,TRUE,"Low (both)",FALSE,NA,NA,"top_33pct"
"POLES-JRC ENGAGE","ENGAGE-Feasibility-Maximum-Effort/Cost-Effective","C3",NA,3135608.36390373,"2C (Medium-Ambition)",466027.253460691,1932960.06221475,NA,TRUE,"Low (both)",FALSE,NA,NA,"top_33pct"
"POLES-JRC ENGAGE","ENGAGE-Feasibility-Maximum-Effort/Institutional","C4",NA,2493981.91322819,"2C (Medium-Ambition)",466027.253460691,1932960.06221475,NA,TRUE,"Low (both)",FALSE,NA,NA,"top_33pct"
"POLES-JRC ENGAGE","ENGAGE-Feasibility-Maximum-Effort/Institutional [Optimistic]","C3",NA,2559139.04920018,"2C (Medium-Ambition)",466027.253460691,1932960.06221475,NA,TRUE,"Low (both)",FALSE,NA,NA,"top_33pct"
"POLES-JRC ENGAGE","ENGAGE-Feasibility-Maximum-Effort/Technology","C1",NA,2896258.89051102,"1.5C (High-Ambition)",511882.90914693,2771556.31926819,NA,TRUE,"Low (both)",FALSE,NA,NA,"top_33pct"
"REMIND 2.1","LeastTotalCost-Base-brkLR15-SSP1-P50","C4",NA,1127405.0023,"2C (Medium-Ambition)",466027.253460691,1932960.06221475,NA,FALSE,"Low (both)",NA,FALSE,NA,"top_33pct"
"REMIND 2.1","LeastTotalCost-Base-brkLR15-SSP2-P50","C4",NA,1804066.36125,"2C (Medium-Ambition)",466027.253460691,1932960.06221475,NA,FALSE,"Low (both)",NA,FALSE,NA,"top_33pct"
"REMIND 2.1","LeastTotalCost-Base-brkLR15-SSP5-P50","C4",NA,1104218.9035,"2C (Medium-Ambition)",466027.253460691,1932960.06221475,NA,FALSE,"Low (both)",NA,FALSE,NA,"top_33pct"
"REMIND 2.1","LeastTotalCost-Base-brkSR15-SSP1-P50","C4",NA,1137348.33575,"2C (Medium-Ambition)",466027.253460691,1932960.06221475,NA,FALSE,"Low (both)",NA,FALSE,NA,"top_33pct"
"REMIND 2.1","LeastTotalCost-Base-brkSR15-SSP2-P50","C4",NA,1730195.7391,"2C (Medium-Ambition)",466027.253460691,1932960.06221475,NA,FALSE,"Low (both)",NA,FALSE,NA,"top_33pct"
"REMIND 2.1","LeastTotalCost-Base-brkSR15-SSP5-P50","C4",NA,1026725.41515,"2C (Medium-Ambition)",466027.253460691,1932960.06221475,NA,FALSE,"Low (both)",NA,FALSE,NA,"top_33pct"
"REMIND 2.1","R2p1-SSP1-Baseline","C4",NA,1401060.5588,"2C (Medium-Ambition)",466027.253460691,1932960.06221475,NA,FALSE,"Low (both)",NA,FALSE,NA,"top_33pct"
"REMIND 2.1","R2p1-SSP2-Baseline","C4",NA,2179235.47675,"2C (Medium-Ambition)",466027.253460691,1932960.06221475,NA,TRUE,"Low (both)",FALSE,NA,NA,"top_33pct"
"REMIND 2.1","R2p1-SSP5-Baseline","C4",NA,1405322.30975,"2C (Medium-Ambition)",466027.253460691,1932960.06221475,NA,FALSE,"Low (both)",NA,FALSE,NA,"top_33pct"
"REMIND-Buildings 2.0","BEG-Baseline","C4",NA,1890047.7282,"2C (Medium-Ambition)",466027.253460691,1932960.06221475,NA,FALSE,"Low (both)",NA,FALSE,NA,"top_33pct"
"REMIND-Buildings 2.0","BEG-Efficiency","C4",NA,1554698.9767,"2C (Medium-Ambition)",466027.253460691,1932960.06221475,NA,FALSE,"Low (both)",NA,FALSE,NA,"top_33pct"
"REMIND-MAgPIE 2.0-4.1","Diff-NoPolicy-Baseline","C4",NA,2161290.48285,"2C (Medium-Ambition)",466027.253460691,1932960.06221475,NA,TRUE,"Low (both)",FALSE,NA,NA,"top_33pct"
"REMIND-MAgPIE 2.1-4.2","NGFS Phase 2-Current Policies [IPD 95th]","C4",NA,1455137.1037,"2C (Medium-Ambition)",466027.253460691,1932960.06221475,NA,FALSE,"Low (both)",NA,FALSE,NA,"top_33pct"
"REMIND-MAgPIE 2.1-4.2","NGFS Phase 2-Current Policies [IPD Median]","C4",NA,1485446.57135,"2C (Medium-Ambition)",466027.253460691,1932960.06221475,NA,FALSE,"Low (both)",NA,FALSE,NA,"top_33pct"
