database,ambition_view,Region,outcome,outcome_label,excluded_family,n_cdr,n_re,median_cdr,median_re,direction_coded_difference,loo_effect_pct,favours,pooled_effect_pct,pooled_favours,direction_flip,influence_shift_pct_points
Full,All ambitions,Aggregated R10 regions,gap_GJ_pc,DLE gap,AIM,269,279,21.956125888821525,16.81992495575297,5.1362009330685545,23.39302005771217,High-RE,26.786231152001978,High-RE,FALSE,3.393211094289807
Full,All ambitions,Aggregated R10 regions,gap_GJ_pc,DLE gap,GCAM,257,288,24.6366973741141,16.962606916002184,7.674090458111916,31.14902270210585,High-RE,26.786231152001978,High-RE,FALSE,4.362791550103871
Full,All ambitions,Aggregated R10 regions,gap_GJ_pc,DLE gap,IMAGE,222,291,19.37603399881632,17.12947440768383,2.246559591132492,11.594527503769521,High-RE,26.786231152001978,High-RE,FALSE,15.191703648232457
Full,All ambitions,Aggregated R10 regions,gap_GJ_pc,DLE gap,MESSAGEix,191,266,27.008878145505065,17.375981009242793,9.632897136262272,35.66566920835037,High-RE,26.786231152001978,High-RE,FALSE,8.879438056348395
Full,All ambitions,Aggregated R10 regions,gap_GJ_pc,DLE gap,POLES,230,284,19.37603399881632,16.874963323635896,2.5010706751804257,12.908062998512573,High-RE,26.786231152001978,High-RE,FALSE,13.878168153489405
Full,All ambitions,Aggregated R10 regions,gap_GJ_pc,DLE gap,REMIND,289,73,23.255687651242333,25.51733302962139,-2.2616453783790575,-9.72512794416655,High-CDR,26.786231152001978,High-RE,TRUE,36.511359096168526
Full,All ambitions,Aggregated R10 regions,gap_GJ_pc,DLE gap,WITCH,282,277,22.21732923860728,16.73556411940675,5.4817651192005314,24.673375725444135,High-RE,26.786231152001978,High-RE,FALSE,2.112855426557843
Full,All ambitions,Aggregated R10 regions,headcount_pct,Deprived share,AIM,269,279,5.709272799587488,4.374151118725021,1.3351216808624669,23.385144268442264,High-RE,26.237919252282992,High-RE,FALSE,2.852774983840728
Full,All ambitions,Aggregated R10 regions,headcount_pct,Deprived share,GCAM,257,288,6.457360971758429,4.430086108667053,2.0272748630913755,31.394789170959427,High-RE,26.237919252282992,High-RE,FALSE,5.156869918676435
Full,All ambitions,Aggregated R10 regions,headcount_pct,Deprived share,IMAGE,222,291,4.958611175604611,4.444908451916647,0.5137027236879641,10.359810549681333,High-RE,26.237919252282992,High-RE,FALSE,15.87810870260166
Full,All ambitions,Aggregated R10 regions,headcount_pct,Deprived share,MESSAGEix,191,266,7.180648647810233,4.487141982645287,2.6935066651649455,37.51063166119875,High-RE,26.237919252282992,High-RE,FALSE,11.272712408915758
Full,All ambitions,Aggregated R10 regions,headcount_pct,Deprived share,POLES,230,284,4.958611175604611,4.394386598071197,0.5642245775334143,11.37868160160022,High-RE,26.237919252282992,High-RE,FALSE,14.859237650682772
Full,All ambitions,Aggregated R10 regions,headcount_pct,Deprived share,REMIND,289,73,6.047829436065142,7.179367660873524,-1.1315382248083816,-18.70982369411176,High-CDR,26.237919252282992,High-RE,TRUE,44.947742946394754
Full,All ambitions,Aggregated R10 regions,headcount_pct,Deprived share,WITCH,282,277,5.930098789273373,4.370407163223159,1.5596916260502143,26.30127560221179,High-RE,26.237919252282992,High-RE,FALSE,0.06335634992879591
Full,All ambitions,Aggregated R10 regions,mortality_million_deaths,PM2.5 mortality,AIM,225,222,446.6981,428.36181750000003,18.33628249999998,4.104849002044106,High-RE,2.399466499825661,High-RE,FALSE,1.7053825022184448
Full,All ambitions,Aggregated R10 regions,mortality_million_deaths,PM2.5 mortality,GCAM,243,221,437.579795,427.54933,10.030464999999992,2.2922596323260294,High-RE,2.399466499825661,High-RE,FALSE,0.10720686749963182
Full,All ambitions,Aggregated R10 regions,mortality_million_deaths,PM2.5 mortality,IMAGE,187,224,430.64255000000003,427.60837,3.034180000000049,0.7045704146048849,High-RE,2.399466499825661,High-RE,FALSE,1.6948960852207762
Full,All ambitions,Aggregated R10 regions,mortality_million_deaths,PM2.5 mortality,MESSAGEix,151,202,431.31202,426.6242925,4.687727499999994,1.086852970153717,High-RE,2.399466499825661,High-RE,FALSE,1.3126135296719441
Full,All ambitions,Aggregated R10 regions,mortality_million_deaths,PM2.5 mortality,POLES,186,226,460.0918725,427.66765250000003,32.42421999999999,7.047335964405672,High-RE,2.399466499825661,High-RE,FALSE,4.647869464580011
Full,All ambitions,Aggregated R10 regions,mortality_million_deaths,PM2.5 mortality,REMIND,246,42,438.181675,440.109915,-1.9282400000000166,-0.4400549155781142,High-CDR,2.399466499825661,High-RE,TRUE,2.8395214154037753
Full,All ambitions,Aggregated R10 regions,mortality_million_deaths,PM2.5 mortality,WITCH,238,219,439.52067,428.290165,11.230504999999994,2.555171068518801,High-RE,2.399466499825661,High-RE,FALSE,0.15570456869313976
Full,All ambitions,Aggregated R10 regions,total_energy_jobyears_per_1k,Employment,AIM,249,287,295.9793452228964,599.7756299584491,303.7962847355527,102.641042234474,High-RE,91.73158400409754,High-RE,FALSE,10.909458230376458
Full,All ambitions,Aggregated R10 regions,total_energy_jobyears_per_1k,Employment,COFFEE,270,293,303.5695088216967,596.8501395656695,293.2806307439728,96.61070108204869,High-RE,91.73158400409754,High-RE,FALSE,4.87911707795115
Full,All ambitions,Aggregated R10 regions,total_energy_jobyears_per_1k,Employment,GCAM,267,296,302.7579094096578,580.0291114524703,277.27120204281243,91.58181947532222,High-RE,91.73158400409754,High-RE,FALSE,0.14976452877532154
Full,All ambitions,Aggregated R10 regions,total_energy_jobyears_per_1k,Employment,IMAGE,204,299,312.7732575160311,588.1474721186423,275.37421460261123,88.04276196423123,High-RE,91.73158400409754,High-RE,FALSE,3.6888220398663094
Full,All ambitions,Aggregated R10 regions,total_energy_jobyears_per_1k,Employment,MESSAGEix,171,274,360.54047826791157,605.8333728948242,245.29289462691258,68.03477262950751,High-RE,91.73158400409754,High-RE,FALSE,23.696811374590027
Full,All ambitions,Aggregated R10 regions,total_energy_jobyears_per_1k,Employment,POLES,210,292,285.34485021770786,596.9112417795626,311.56639156185474,109.18942161533344,High-RE,91.73158400409754,High-RE,FALSE,17.457837611235902
Full,All ambitions,Aggregated R10 regions,total_energy_jobyears_per_1k,Employment,REMIND,269,81,302.7696057718814,349.05093197769565,46.28132620581425,15.285988198129914,High-RE,91.73158400409754,High-RE,FALSE,76.44559580596763
Full,All ambitions,Aggregated R10 regions,total_energy_jobyears_per_1k,Employment,TIAM,258,301,308.8510681238731,582.0386278172977,273.18755969342453,88.45284601180502,High-RE,91.73158400409754,High-RE,FALSE,3.2787379922925197
Full,All ambitions,Aggregated R10 regions,total_energy_jobyears_per_1k,Employment,WITCH,262,285,299.4008609065131,599.7756299584491,300.374769051936,100.3252856863785,High-RE,91.73158400409754,High-RE,FALSE,8.593701682280965
Full,All ambitions,R10AFRICA,gap_GJ_pc,DLE gap,AIM,269,283,59.60316137670646,40.34958539588684,19.25357598081962,32.30294423333075,High-RE,39.52228567460866,High-RE,FALSE,7.219341441277912
Full,All ambitions,R10AFRICA,gap_GJ_pc,DLE gap,GCAM,257,292,73.55259481275502,40.72675823615023,32.825836576604786,44.62906667014328,High-RE,39.52228567460866,High-RE,FALSE,5.106780995534621
Full,All ambitions,R10AFRICA,gap_GJ_pc,DLE gap,IMAGE,222,295,46.09755936742492,40.967587106790894,5.129972260634027,11.128511641462623,High-RE,39.52228567460866,High-RE,FALSE,28.393774033146038
Full,All ambitions,R10AFRICA,gap_GJ_pc,DLE gap,MESSAGEix,191,270,92.05774002423396,41.20960964282773,50.848130381406236,55.23504092976929,High-RE,39.52228567460866,High-RE,FALSE,15.71275525516063
Full,All ambitions,R10AFRICA,gap_GJ_pc,DLE gap,POLES,230,288,47.46866643161705,40.66212809426495,6.806538337352102,14.33901318284882,High-RE,39.52228567460866,High-RE,FALSE,25.18327249175984
Full,All ambitions,R10AFRICA,gap_GJ_pc,DLE gap,REMIND,289,73,67.84299243586268,78.22857824079787,-10.38558580493519,-15.308266089166837,High-CDR,39.52228567460866,High-RE,TRUE,54.830551763775496
Full,All ambitions,R10AFRICA,gap_GJ_pc,DLE gap,WITCH,282,281,63.67265221024661,40.19031371943313,23.482338490813483,36.87978696611377,High-RE,39.52228567460866,High-RE,FALSE,2.642498708494891
Full,All ambitions,R10AFRICA,headcount_pct,Deprived share,AIM,269,283,10.940654622267065,8.190767110142064,2.7498875121250013,25.134579301390872,High-RE,29.207900153507147,High-RE,FALSE,4.073320852116275
Full,All ambitions,R10AFRICA,headcount_pct,Deprived share,GCAM,257,292,12.757389834769416,8.320746539254717,4.436643295514699,34.777045719986724,High-RE,29.207900153507147,High-RE,FALSE,5.569145566479577
Full,All ambitions,R10AFRICA,headcount_pct,Deprived share,IMAGE,222,295,9.913557663948156,8.264401139801986,1.6491565241461696,16.635365224570446,High-RE,29.207900153507147,High-RE,FALSE,12.572534928936701
Full,All ambitions,R10AFRICA,headcount_pct,Deprived share,MESSAGEix,191,270,15.33103560702161,8.412399318394662,6.9186362886269475,45.12830356651324,High-RE,29.207900153507147,High-RE,FALSE,15.920403413006092
Full,All ambitions,R10AFRICA,headcount_pct,Deprived share,POLES,230,288,9.803172638077477,8.244922996666721,1.5582496414107556,15.895360603547909,High-RE,29.207900153507147,High-RE,FALSE,13.312539549959238
Full,All ambitions,R10AFRICA,headcount_pct,Deprived share,REMIND,289,73,11.793272056015878,14.22097966649315,-2.427707610477272,-20.585530452838757,High-CDR,29.207900153507147,High-RE,TRUE,49.79343060634591
Full,All ambitions,R10AFRICA,headcount_pct,Deprived share,WITCH,282,281,11.434450413807042,8.183600854930779,3.250849558876263,28.43030877068546,High-RE,29.207900153507147,High-RE,FALSE,0.7775913828216865
Full,All ambitions,R10AFRICA,mortality_million_deaths,PM2.5 mortality,AIM,225,222,76.20122,78.61378,-2.412559999999999,-3.166038548989109,High-CDR,-2.9552076524496242,High-CDR,FALSE,0.21083089653948495
Full,All ambitions,R10AFRICA,mortality_million_deaths,PM2.5 mortality,GCAM,243,221,76.345135,78.61378,-2.2686450000000065,-2.9715645928191843,High-CDR,-2.9552076524496242,High-CDR,FALSE,0.016356940369560036
Full,All ambitions,R10AFRICA,mortality_million_deaths,PM2.5 mortality,IMAGE,187,224,75.98299,78.61738,-2.6343899999999962,-3.467078618517113,High-CDR,-2.9552076524496242,High-CDR,FALSE,0.5118709660674887
Full,All ambitions,R10AFRICA,mortality_million_deaths,PM2.5 mortality,MESSAGEix,151,202,75.358225,78.63811,-3.279884999999993,-4.35239152726858,High-CDR,-2.9552076524496242,High-CDR,FALSE,1.3971838748189556
Full,All ambitions,R10AFRICA,mortality_million_deaths,PM2.5 mortality,POLES,186,226,77.14168,78.616455,-1.4747750000000082,-1.9117745426337724,High-CDR,-2.9552076524496242,High-CDR,FALSE,1.0434331098158518
Full,All ambitions,R10AFRICA,mortality_million_deaths,PM2.5 mortality,REMIND,246,42,76.35986249999999,75.72533,0.6345324999999917,0.8309764832276797,High-RE,-2.9552076524496242,High-CDR,TRUE,3.786184135677304
Full,All ambitions,R10AFRICA,mortality_million_deaths,PM2.5 mortality,WITCH,238,219,76.43108000000001,78.62826,-2.197179999999989,-2.874720597955686,High-CDR,-2.9552076524496242,High-CDR,FALSE,0.08048705449393845
Full,All ambitions,R10AFRICA,total_energy_jobyears_per_1k,Employment,AIM,249,291,308.2399708728867,826.4777471938536,518.2377763209669,168.12802533474152,High-RE,165.17961596465645,High-RE,FALSE,2.9484093700850735
Full,All ambitions,R10AFRICA,total_energy_jobyears_per_1k,Employment,COFFEE,270,297,302.2937558072924,821.5543439497568,519.2605881424644,171.7735077774762,High-RE,165.17961596465645,High-RE,FALSE,6.593891812819749
Full,All ambitions,R10AFRICA,total_energy_jobyears_per_1k,Employment,GCAM,267,300,302.1325793302295,801.5629159797461,499.4303366495166,165.3017154775757,High-RE,165.17961596465645,High-RE,FALSE,0.12209951291924881
Full,All ambitions,R10AFRICA,total_energy_jobyears_per_1k,Employment,IMAGE,204,303,306.7097865305045,801.6214207349144,494.9116342044099,161.36153978092491,High-RE,165.17961596465645,High-RE,FALSE,3.8180761837315345
Full,All ambitions,R10AFRICA,total_energy_jobyears_per_1k,Employment,MESSAGEix,171,278,330.3302237116432,841.0440346424414,510.71381093079816,154.60704902879795,High-RE,165.17961596465645,High-RE,FALSE,10.572566935858504
Full,All ambitions,R10AFRICA,total_energy_jobyears_per_1k,Employment,POLES,210,296,251.60662946161247,822.2279626092503,570.6213331476379,226.79105648712542,High-RE,165.17961596465645,High-RE,FALSE,61.61144052246897
Full,All ambitions,R10AFRICA,total_energy_jobyears_per_1k,Employment,REMIND,269,81,302.1325793302295,302.6153718099253,0.4827924796958314,0.15979490883309921,High-RE,165.17961596465645,High-RE,FALSE,165.01982105582334
Full,All ambitions,R10AFRICA,total_energy_jobyears_per_1k,Employment,TIAM,258,305,305.78078270579067,801.6214207349144,495.84063802912374,162.15559187256073,High-RE,165.17961596465645,High-RE,FALSE,3.024024092095715
Full,All ambitions,R10AFRICA,total_energy_jobyears_per_1k,Employment,WITCH,262,289,303.78367254651414,827.4252820277403,523.6416094812262,172.37319079452774,High-RE,165.17961596465645,High-RE,FALSE,7.193574829871295
Full,All ambitions,R10CHINA+,gap_GJ_pc,DLE gap,AIM,272,283,17.248120095564197,14.311856841728648,2.9362632538355484,17.023671203395,High-RE,15.978700422628284,High-RE,FALSE,1.0449707807667163
Full,All ambitions,R10CHINA+,gap_GJ_pc,DLE gap,GCAM,260,292,17.218952347782064,14.373311410243826,2.8456409375382385,16.526214139298546,High-RE,15.978700422628284,High-RE,FALSE,0.5475137166702613
Full,All ambitions,R10CHINA+,gap_GJ_pc,DLE gap,IMAGE,222,295,16.405653358585653,14.367302706846878,2.0383506517387744,12.42468438888497,High-RE,15.978700422628284,High-RE,FALSE,3.5540160337433147
Full,All ambitions,R10CHINA+,gap_GJ_pc,DLE gap,MESSAGEix,194,270,16.661972529540847,14.10369609377996,2.558276435760888,15.353983036673426,High-RE,15.978700422628284,High-RE,FALSE,0.6247173859548578
Full,All ambitions,R10CHINA+,gap_GJ_pc,DLE gap,POLES,233,288,18.076468217270698,14.346096983212455,3.730371234058243,20.636615456188256,High-RE,15.978700422628284,High-RE,FALSE,4.657915033559972
Full,All ambitions,R10CHINA+,gap_GJ_pc,DLE gap,REMIND,292,73,17.085617701401734,16.117583512326668,0.9680341890750661,5.665783971015849,High-RE,15.978700422628284,High-RE,FALSE,10.312916451612434
Full,All ambitions,R10CHINA+,gap_GJ_pc,DLE gap,WITCH,285,281,17.039235776837486,14.4213710442068,2.617864732630686,15.363744987843384,High-RE,15.978700422628284,High-RE,FALSE,0.6149554347848998
Full,All ambitions,R10CHINA+,headcount_pct,Deprived share,AIM,272,283,5.272698663335036,4.574402900776028,0.6982957625590078,13.243612183164826,High-RE,11.64628004830229,High-RE,FALSE,1.597332134862537
Full,All ambitions,R10CHINA+,headcount_pct,Deprived share,GCAM,260,292,5.243408547026263,4.578526672605058,0.664881874421205,12.68033700708454,High-RE,11.64628004830229,High-RE,FALSE,1.0340569587822515
Full,All ambitions,R10CHINA+,headcount_pct,Deprived share,IMAGE,222,295,4.889880462897645,4.576869820815427,0.31301064208221874,6.401192103921798,High-RE,11.64628004830229,High-RE,FALSE,5.245087944380491
Full,All ambitions,R10CHINA+,headcount_pct,Deprived share,MESSAGEix,194,270,5.234162088174134,4.510246642172499,0.7239154460016355,13.830588999855818,High-RE,11.64628004830229,High-RE,FALSE,2.184308951553529
Full,All ambitions,R10CHINA+,headcount_pct,Deprived share,POLES,233,288,5.400440036769536,4.577858886259597,0.8225811505099392,15.231743059996925,High-RE,11.64628004830229,High-RE,FALSE,3.5854630116946353
Full,All ambitions,R10CHINA+,headcount_pct,Deprived share,REMIND,292,73,5.1720733009461295,4.938407413046049,0.2336658879000808,4.517837901820459,High-RE,11.64628004830229,High-RE,FALSE,7.12844214648183
Full,All ambitions,R10CHINA+,headcount_pct,Deprived share,WITCH,285,281,5.16035771501022,4.580213678153264,0.5801440368569564,11.242322119830163,High-RE,11.64628004830229,High-RE,FALSE,0.40395792847212597
Full,All ambitions,R10CHINA+,mortality_million_deaths,PM2.5 mortality,AIM,225,222,79.344325,78.81377,0.5305549999999926,0.6686741616366294,High-RE,0.9621268311501312,High-RE,FALSE,0.2934526695135018
Full,All ambitions,R10CHINA+,mortality_million_deaths,PM2.5 mortality,GCAM,243,221,79.535885,78.72665,0.8092349999999868,1.017446401709099,High-RE,0.9621268311501312,High-RE,FALSE,0.055319570558967746
Full,All ambitions,R10CHINA+,mortality_million_deaths,PM2.5 mortality,IMAGE,187,224,77.91825,78.778035,-0.8597850000000022,-1.1034449567335025,High-CDR,0.9621268311501312,High-RE,TRUE,2.0655717878836337
Full,All ambitions,R10CHINA+,mortality_million_deaths,PM2.5 mortality,MESSAGEix,151,202,83.739655,79.34456,4.395094999999998,5.248522936952628,High-RE,0.9621268311501312,High-RE,FALSE,4.286396105802496
Full,All ambitions,R10CHINA+,mortality_million_deaths,PM2.5 mortality,POLES,186,226,81.28158250000001,78.81377,2.467812500000008,3.036127526183447,High-RE,0.9621268311501312,High-RE,FALSE,2.074000695033316
Full,All ambitions,R10CHINA+,mortality_million_deaths,PM2.5 mortality,REMIND,246,42,79.579425,77.2574075,2.322017500000001,2.917861620638753,High-RE,0.9621268311501312,High-RE,FALSE,1.955734789488622
Full,All ambitions,R10CHINA+,mortality_million_deaths,PM2.5 mortality,WITCH,238,219,79.39526000000001,78.71372,0.6815400000000125,0.8584139657707682,High-RE,0.9621268311501312,High-RE,FALSE,0.10371286537936297
Full,All ambitions,R10CHINA+,total_energy_jobyears_per_1k,Employment,AIM,252,291,251.09872785215683,391.9288919905088,140.830164138352,56.08557452400583,High-RE,39.95689961878924,High-RE,FALSE,16.12867490521659
Full,All ambitions,R10CHINA+,total_energy_jobyears_per_1k,Employment,COFFEE,273,297,283.0225907235266,399.5398821283324,116.5172914048058,41.16890143183901,High-RE,39.95689961878924,High-RE,FALSE,1.212001813049774
Full,All ambitions,R10CHINA+,total_energy_jobyears_per_1k,Employment,GCAM,270,300,280.1511161559959,398.78512565488336,118.63400949888745,42.34643471233887,High-RE,39.95689961878924,High-RE,FALSE,2.3895350935496324
Full,All ambitions,R10CHINA+,total_energy_jobyears_per_1k,Employment,IMAGE,204,303,254.16900931307651,396.0602262836254,141.8912169705489,55.82553803629626,High-RE,39.95689961878924,High-RE,FALSE,15.868638417507022
Full,All ambitions,R10CHINA+,total_energy_jobyears_per_1k,Employment,MESSAGEix,174,278,393.7953954646616,402.21257377989815,8.417178315236526,2.1374496533420912,High-RE,39.95689961878924,High-RE,FALSE,37.81944996544715
Full,All ambitions,R10CHINA+,total_energy_jobyears_per_1k,Employment,POLES,213,296,230.39247336313892,395.4746222404299,165.08214887729096,71.65257895256525,High-RE,39.95689961878924,High-RE,FALSE,31.695679333776013
Full,All ambitions,R10CHINA+,total_energy_jobyears_per_1k,Employment,REMIND,272,81,283.64952045095197,355.893546437213,72.24402598626102,25.469468755457775,High-RE,39.95689961878924,High-RE,FALSE,14.487430863331461
Full,All ambitions,R10CHINA+,total_energy_jobyears_per_1k,Employment,TIAM,261,305,290.5931862670737,396.1096431974228,105.51645693034914,36.31071267905531,High-RE,39.95689961878924,High-RE,FALSE,3.64618693973393
Full,All ambitions,R10CHINA+,total_energy_jobyears_per_1k,Employment,WITCH,265,289,274.2915650360962,397.6109696024644,123.31940456636823,44.95924056218778,High-RE,39.95689961878924,High-RE,FALSE,5.0023409433985435
Full,All ambitions,R10EUROPE,gap_GJ_pc,DLE gap,AIM,272,283,0.42046685943423906,0.1994220996129187,0.22104475982132035,52.571268070627035,High-RE,48.91476564588643,High-RE,FALSE,3.6565024247406015
Full,All ambitions,R10EUROPE,gap_GJ_pc,DLE gap,GCAM,260,292,0.43317203120061337,0.2000952498475328,0.23307678135308058,53.80697842080589,High-RE,48.91476564588643,High-RE,FALSE,4.892212774919457
Full,All ambitions,R10EUROPE,gap_GJ_pc,DLE gap,IMAGE,222,295,0.3581122880223121,0.2003604948034039,0.1577517932189082,44.0509299722995,High-RE,48.91476564588643,High-RE,FALSE,4.863835673586934
Full,All ambitions,R10EUROPE,gap_GJ_pc,DLE gap,MESSAGEix,194,270,0.5024249069538611,0.19709600079536968,0.3053289061584914,60.77105293399208,High-RE,48.91476564588643,High-RE,FALSE,11.856287288105648
Full,All ambitions,R10EUROPE,gap_GJ_pc,DLE gap,POLES,233,288,0.35445764458067636,0.19953020439887856,0.1549274401817978,43.7083083269588,High-RE,48.91476564588643,High-RE,FALSE,5.206457318927633
Full,All ambitions,R10EUROPE,gap_GJ_pc,DLE gap,REMIND,292,73,0.39347516304078267,0.41514003080339057,-0.021664867762607898,-5.506031840785435,High-CDR,48.91476564588643,High-RE,TRUE,54.420797486671866
Full,All ambitions,R10EUROPE,gap_GJ_pc,DLE gap,WITCH,285,281,0.386583269127663,0.19884548481039704,0.18773778431726595,48.56334955749689,High-RE,48.91476564588643,High-RE,FALSE,0.3514160883895414
Full,All ambitions,R10EUROPE,headcount_pct,Deprived share,AIM,272,283,0.17236969469337987,0.1044874893701785,0.06788220532320137,39.38175178876644,High-RE,33.31240170038043,High-RE,FALSE,6.06935008838601
Full,All ambitions,R10EUROPE,headcount_pct,Deprived share,GCAM,260,292,0.17668883006891534,0.10336961696432093,0.07331921310459441,41.496235543580845,High-RE,33.31240170038043,High-RE,FALSE,8.183833843200418
Full,All ambitions,R10EUROPE,headcount_pct,Deprived share,IMAGE,222,295,0.13030689653112537,0.10420827343143464,0.02609862309969073,20.02858159810195,High-RE,33.31240170038043,High-RE,FALSE,13.283820102278476
Full,All ambitions,R10EUROPE,headcount_pct,Deprived share,MESSAGEix,194,270,0.2273041427821584,0.10233363233611742,0.12497051044604099,54.97942488703738,High-RE,33.31240170038043,High-RE,FALSE,21.667023186656955
Full,All ambitions,R10EUROPE,headcount_pct,Deprived share,POLES,233,288,0.13006493158844634,0.10251810782062817,0.027546823767818168,21.179285939258627,High-RE,33.31240170038043,High-RE,FALSE,12.1331157611218
Full,All ambitions,R10EUROPE,headcount_pct,Deprived share,REMIND,292,73,0.15616824976740956,0.1625038296732736,-0.0063355799058640305,-4.056893712582409,High-CDR,33.31240170038043,High-RE,TRUE,37.369295412962835
Full,All ambitions,R10EUROPE,headcount_pct,Deprived share,WITCH,285,281,0.15303578312999958,0.1020960797439084,0.050939703386091176,33.28613893053975,High-RE,33.31240170038043,High-RE,FALSE,0.026262769840677436
Full,All ambitions,R10EUROPE,mortality_million_deaths,PM2.5 mortality,AIM,225,222,15.07653,11.2326625,3.8438675,25.495704250248565,High-RE,26.38861724213735,High-RE,FALSE,0.8929129918887853
Full,All ambitions,R10EUROPE,mortality_million_deaths,PM2.5 mortality,GCAM,243,221,15.250595,11.23241,4.018185000000001,26.347726105112624,High-RE,26.38861724213735,High-RE,FALSE,0.04089113702472602
Full,All ambitions,R10EUROPE,mortality_million_deaths,PM2.5 mortality,IMAGE,187,224,14.390285,11.23325,3.1570350000000005,21.938655141298458,High-RE,26.38861724213735,High-RE,FALSE,4.449962100838892
Full,All ambitions,R10EUROPE,mortality_million_deaths,PM2.5 mortality,MESSAGEix,151,202,16.44384,11.204427500000001,5.2394125,31.86246339054625,High-RE,26.38861724213735,High-RE,FALSE,5.473846148408899
Full,All ambitions,R10EUROPE,mortality_million_deaths,PM2.5 mortality,POLES,186,226,15.8831775,11.2344625,4.648715000000001,29.268167531339373,High-RE,26.38861724213735,High-RE,FALSE,2.8795502892020224
Full,All ambitions,R10EUROPE,mortality_million_deaths,PM2.5 mortality,REMIND,246,42,15.261855,15.07612,0.1857350000000011,1.2169883674035764,High-RE,26.38861724213735,High-RE,FALSE,25.171628874733774
Full,All ambitions,R10EUROPE,mortality_million_deaths,PM2.5 mortality,WITCH,238,219,15.1544925,11.23068,3.9238125000000004,25.892074577885076,High-RE,26.38861724213735,High-RE,FALSE,0.49654266425227434
Full,All ambitions,R10EUROPE,total_energy_jobyears_per_1k,Employment,AIM,252,291,152.40297467371403,162.68514760667793,10.282172932963903,6.746700945291549,High-RE,5.647144154777592,High-RE,FALSE,1.0995567905139572
Full,All ambitions,R10EUROPE,total_energy_jobyears_per_1k,Employment,COFFEE,273,297,155.73225937097607,163.59225564916298,7.859996278186912,5.0471214570022385,High-RE,5.647144154777592,High-RE,FALSE,0.6000226977753531
Full,All ambitions,R10EUROPE,total_energy_jobyears_per_1k,Employment,GCAM,270,300,154.2472349067889,164.2051337315841,9.957898824795222,6.455803782033921,High-RE,5.647144154777592,High-RE,FALSE,0.8086596272563291
Full,All ambitions,R10EUROPE,total_energy_jobyears_per_1k,Employment,IMAGE,204,303,167.44714337506042,164.52668455314722,-2.9204588219132006,-1.7441078796857956,High-CDR,5.647144154777592,High-RE,TRUE,7.391252034463387
Full,All ambitions,R10EUROPE,total_energy_jobyears_per_1k,Employment,MESSAGEix,174,278,189.62148210752719,168.44774880241243,-21.17373330511475,-11.166315688381724,High-CDR,5.647144154777592,High-RE,TRUE,16.813459843159315
Full,All ambitions,R10EUROPE,total_energy_jobyears_per_1k,Employment,POLES,213,296,148.26748593143114,163.44218418062522,15.17469824919408,10.234676978479207,High-RE,5.647144154777592,High-RE,FALSE,4.587532823701616
Full,All ambitions,R10EUROPE,total_energy_jobyears_per_1k,Employment,REMIND,272,81,155.8049814805426,181.72129397200587,25.91631249146326,16.63381507137483,High-RE,5.647144154777592,High-RE,FALSE,10.986670916597237
Full,All ambitions,R10EUROPE,total_energy_jobyears_per_1k,Employment,TIAM,261,305,157.2591325104475,164.52668455314722,7.2675520426997196,4.621386323758908,High-RE,5.647144154777592,High-RE,FALSE,1.0257578310186837
Full,All ambitions,R10EUROPE,total_energy_jobyears_per_1k,Employment,WITCH,265,289,153.9661421551375,167.6456873171145,13.67954516197699,8.884774906026658,High-RE,5.647144154777592,High-RE,FALSE,3.2376307512490667
Full,All ambitions,R10INDIA+,gap_GJ_pc,DLE gap,AIM,269,283,5.821209803713821,2.319510778507196,3.5016990252066256,60.154145672135165,High-RE,60.08695957782523,High-RE,FALSE,0.06718609430993183
Full,All ambitions,R10INDIA+,gap_GJ_pc,DLE gap,GCAM,257,292,6.4604995064871344,2.360891914713119,4.099607591774015,63.45651118241718,High-RE,60.08695957782523,High-RE,FALSE,3.3695516045919476
Full,All ambitions,R10INDIA+,gap_GJ_pc,DLE gap,IMAGE,222,295,5.8291214621316865,2.370576818006148,3.4585446441255385,59.332176668364745,High-RE,60.08695957782523,High-RE,FALSE,0.7547829094604879
Full,All ambitions,R10INDIA+,gap_GJ_pc,DLE gap,MESSAGEix,191,270,7.271348953819063,2.313559869542519,4.957789084276545,68.18252178191243,High-RE,60.08695957782523,High-RE,FALSE,8.095562204087194
Full,All ambitions,R10INDIA+,gap_GJ_pc,DLE gap,POLES,230,288,5.317769318099069,2.3344880028547514,2.9832813152443176,56.10023934454427,High-RE,60.08695957782523,High-RE,FALSE,3.9867202332809626
Full,All ambitions,R10INDIA+,gap_GJ_pc,DLE gap,REMIND,289,73,5.961041786615143,8.433171413836243,-2.4721296272211006,-41.4714359622842,High-CDR,60.08695957782523,High-RE,TRUE,101.55839554010943
Full,All ambitions,R10INDIA+,gap_GJ_pc,DLE gap,WITCH,282,281,5.88602044098412,2.31769712002617,3.56832332095795,60.62369909747272,High-RE,60.08695957782523,High-RE,FALSE,0.5367395196474902
Full,All ambitions,R10INDIA+,headcount_pct,Deprived share,AIM,269,283,2.198675831105483,1.1502667354066611,1.0484090956988217,47.68365944931896,High-RE,49.696698934320864,High-RE,FALSE,2.0130394850019044
Full,All ambitions,R10INDIA+,headcount_pct,Deprived share,GCAM,257,292,2.504060814889127,1.165610839686289,1.3384499752028378,53.451176874156744,High-RE,49.696698934320864,High-RE,FALSE,3.75447793983588
Full,All ambitions,R10INDIA+,headcount_pct,Deprived share,IMAGE,222,295,2.012763421084119,1.1749640672490962,0.837799353835023,41.62433324547232,High-RE,49.696698934320864,High-RE,FALSE,8.072365688848542
Full,All ambitions,R10INDIA+,headcount_pct,Deprived share,MESSAGEix,191,270,2.895441890060279,1.1277337742506863,1.7677081158095929,61.0514105594014,High-RE,49.696698934320864,High-RE,FALSE,11.354711625080533
Full,All ambitions,R10INDIA+,headcount_pct,Deprived share,POLES,230,288,1.9786585258336948,1.1581228617967307,0.8205356640369641,41.46929110424634,High-RE,49.696698934320864,High-RE,FALSE,8.227407830074526
Full,All ambitions,R10INDIA+,headcount_pct,Deprived share,REMIND,289,73,2.338574388803964,3.0391385394266037,-0.7005641506226397,-29.95688971779661,High-CDR,49.696698934320864,High-RE,TRUE,79.65358865211748
Full,All ambitions,R10INDIA+,headcount_pct,Deprived share,WITCH,282,281,2.3169943071425334,1.148455687023078,1.1685386201194554,50.433383306865885,High-RE,49.696698934320864,High-RE,FALSE,0.736684372545021
Full,All ambitions,R10INDIA+,mortality_million_deaths,PM2.5 mortality,AIM,225,222,121.542345,111.4889025,10.053442500000003,8.27155548134274,High-RE,5.901494121366096,High-RE,FALSE,2.370061359976643
Full,All ambitions,R10INDIA+,mortality_million_deaths,PM2.5 mortality,GCAM,243,221,116.79586,110.53281,6.263050000000007,5.362390413495827,High-RE,5.901494121366096,High-RE,FALSE,0.539103707870269
Full,All ambitions,R10INDIA+,mortality_million_deaths,PM2.5 mortality,IMAGE,187,224,112.97992,110.24144,2.73848000000001,2.4238643468680183,High-RE,5.901494121366096,High-RE,FALSE,3.477629774498078
Full,All ambitions,R10INDIA+,mortality_million_deaths,PM2.5 mortality,MESSAGEix,151,202,114.01742,109.47709499999999,4.54032500000001,3.9821327302442118,High-RE,5.901494121366096,High-RE,FALSE,1.9193613911218845
Full,All ambitions,R10INDIA+,mortality_million_deaths,PM2.5 mortality,POLES,186,226,127.3358975,110.747905,16.5879925,13.026956911345442,High-RE,5.901494121366096,High-RE,FALSE,7.125462789979346
Full,All ambitions,R10INDIA+,mortality_million_deaths,PM2.5 mortality,REMIND,246,42,117.69358500000001,115.945585,1.7480000000000189,1.4852126392445422,High-RE,5.901494121366096,High-RE,FALSE,4.416281482121554
Full,All ambitions,R10INDIA+,mortality_million_deaths,PM2.5 mortality,WITCH,238,219,120.2974775,111.833015,8.464462499999996,7.036275968463259,High-RE,5.901494121366096,High-RE,FALSE,1.1347818470971625
Full,All ambitions,R10INDIA+,total_energy_jobyears_per_1k,Employment,AIM,249,291,346.3757598814155,887.8899348729974,541.514174991582,156.33720303550504,High-RE,144.47036694164885,High-RE,FALSE,11.866836093856193
Full,All ambitions,R10INDIA+,total_energy_jobyears_per_1k,Employment,COFFEE,270,297,351.57105435232415,879.4442027391675,527.8731483868434,150.14693099786294,High-RE,144.47036694164885,High-RE,FALSE,5.67656405621409
Full,All ambitions,R10INDIA+,total_energy_jobyears_per_1k,Employment,GCAM,267,300,351.69568511920517,865.7873017596937,514.0916166404886,146.17512764372992,High-RE,144.47036694164885,High-RE,FALSE,1.7047607020810744
Full,All ambitions,R10INDIA+,total_energy_jobyears_per_1k,Employment,IMAGE,204,303,365.23672445845244,864.3459138946889,499.1091894362365,136.6536155903492,High-RE,144.47036694164885,High-RE,FALSE,7.816751351299644
Full,All ambitions,R10INDIA+,total_energy_jobyears_per_1k,Employment,MESSAGEix,171,278,388.1195251852032,903.8956536700884,515.7761284848852,132.89105417687162,High-RE,144.47036694164885,High-RE,FALSE,11.579312764777228
Full,All ambitions,R10INDIA+,total_energy_jobyears_per_1k,Employment,POLES,210,296,334.4749211786919,881.5379873806257,547.0630662019339,163.5587697499352,High-RE,144.47036694164885,High-RE,FALSE,19.08840280828636
Full,All ambitions,R10INDIA+,total_energy_jobyears_per_1k,Employment,REMIND,269,81,351.53149324817497,387.78285168928477,36.2513584411098,10.312407035325563,High-RE,144.47036694164885,High-RE,FALSE,134.1579599063233
Full,All ambitions,R10INDIA+,total_energy_jobyears_per_1k,Employment,TIAM,258,305,354.2234031533767,859.4870466357505,505.2636434823738,142.6398253148727,High-RE,144.47036694164885,High-RE,FALSE,1.830541626776153
Full,All ambitions,R10INDIA+,total_energy_jobyears_per_1k,Employment,WITCH,262,289,352.8682684244002,888.1844297956618,535.3161613712616,151.7042503599186,High-RE,144.47036694164885,High-RE,FALSE,7.233883418269755
Full,All ambitions,R10LATIN_AM,gap_GJ_pc,DLE gap,AIM,272,283,69.55977994508164,49.646778600106465,19.91300134497518,28.627177027726013,High-RE,30.216667399936142,High-RE,FALSE,1.589490372210129
Full,All ambitions,R10LATIN_AM,gap_GJ_pc,DLE gap,GCAM,260,292,78.61198520998587,50.53905990516924,28.072925304816636,35.71074465277669,High-RE,30.216667399936142,High-RE,FALSE,5.4940772528405475
Full,All ambitions,R10LATIN_AM,gap_GJ_pc,DLE gap,IMAGE,222,295,67.63465908250447,50.85832468426807,16.7763343982364,24.804345325037723,High-RE,30.216667399936142,High-RE,FALSE,5.4123220748984195
Full,All ambitions,R10LATIN_AM,gap_GJ_pc,DLE gap,MESSAGEix,194,270,82.79920474774435,49.469464724121735,33.32974002362262,40.253695823727824,High-RE,30.216667399936142,High-RE,FALSE,10.037028423791682
Full,All ambitions,R10LATIN_AM,gap_GJ_pc,DLE gap,POLES,233,288,65.58984194652784,49.978025545133605,15.611816401394236,23.80218634178411,High-RE,30.216667399936142,High-RE,FALSE,6.414481058152031
Full,All ambitions,R10LATIN_AM,gap_GJ_pc,DLE gap,REMIND,292,73,72.81942693501705,72.55843060481888,0.2609963301981679,0.35841579806866247,High-RE,30.216667399936142,High-RE,FALSE,29.85825160186748
Full,All ambitions,R10LATIN_AM,gap_GJ_pc,DLE gap,WITCH,285,281,70.63278230250985,49.5851907269412,21.047591575568653,29.798616010091326,High-RE,30.216667399936142,High-RE,FALSE,0.41805138984481616
Full,All ambitions,R10LATIN_AM,headcount_pct,Deprived share,AIM,272,283,14.089753037250007,9.984924156863812,4.104828880386195,29.133433847520173,High-RE,32.13914208234029,High-RE,FALSE,3.005708234820119
Full,All ambitions,R10LATIN_AM,headcount_pct,Deprived share,GCAM,260,292,16.234549111558962,10.038817991027813,6.19573112053115,38.16386323978535,High-RE,32.13914208234029,High-RE,FALSE,6.024721157445057
Full,All ambitions,R10LATIN_AM,headcount_pct,Deprived share,IMAGE,222,295,13.520659890166113,10.055477640325456,3.465182249840657,25.62879532500454,High-RE,32.13914208234029,High-RE,FALSE,6.510346757335753
Full,All ambitions,R10LATIN_AM,headcount_pct,Deprived share,MESSAGEix,194,270,17.295018578288882,9.920255242593903,7.374763335694979,42.64096798920361,High-RE,32.13914208234029,High-RE,FALSE,10.501825906863317
Full,All ambitions,R10LATIN_AM,headcount_pct,Deprived share,POLES,233,288,13.2733265213607,10.015848103864986,3.2574784174957134,24.54153758858768,High-RE,32.13914208234029,High-RE,FALSE,7.597604493752613
Full,All ambitions,R10LATIN_AM,headcount_pct,Deprived share,REMIND,292,73,14.777719842007054,14.963936949910902,-0.1862171079038486,-1.2601207080304027,High-CDR,32.13914208234029,High-RE,TRUE,33.39926279037069
Full,All ambitions,R10LATIN_AM,headcount_pct,Deprived share,WITCH,285,281,14.519397436664844,9.96851357010236,4.550883866562485,31.34347610783384,High-RE,32.13914208234029,High-RE,FALSE,0.795665974506452
Full,All ambitions,R10LATIN_AM,mortality_million_deaths,PM2.5 mortality,AIM,225,222,14.03416,15.6040875,-1.5699275000000004,-11.18647286335627,High-CDR,-10.07293941141795,High-CDR,FALSE,1.11353345193832
Full,All ambitions,R10LATIN_AM,mortality_million_deaths,PM2.5 mortality,GCAM,243,221,14.171915,15.615305,-1.443389999999999,-10.18486210226352,High-CDR,-10.07293941141795,High-CDR,FALSE,0.11192269084556905
Full,All ambitions,R10LATIN_AM,mortality_million_deaths,PM2.5 mortality,IMAGE,187,224,13.54379,15.6105975,-2.0668075000000012,-15.26018566442629,High-CDR,-10.07293941141795,High-CDR,FALSE,5.18724625300834
Full,All ambitions,R10LATIN_AM,mortality_million_deaths,PM2.5 mortality,MESSAGEix,151,202,19.467215,15.663725,3.80349,19.537925686853512,High-RE,-10.07293941141795,High-CDR,TRUE,29.61086509827146
Full,All ambitions,R10LATIN_AM,mortality_million_deaths,PM2.5 mortality,POLES,186,226,14.919055,15.61995,-0.7008949999999992,-4.6979852276166225,High-CDR,-10.07293941141795,High-CDR,FALSE,5.374954183801328
Full,All ambitions,R10LATIN_AM,mortality_million_deaths,PM2.5 mortality,REMIND,246,42,14.190545,14.1794525,0.011092500000000172,0.07816824512377905,High-RE,-10.07293941141795,High-CDR,TRUE,10.151107656541729
Full,All ambitions,R10LATIN_AM,mortality_million_deaths,PM2.5 mortality,WITCH,238,219,14.114482500000001,15.633545,-1.5190624999999986,-10.762438509523806,High-CDR,-10.07293941141795,High-CDR,FALSE,0.6894990981058555
Full,All ambitions,R10LATIN_AM,total_energy_jobyears_per_1k,Employment,AIM,252,291,281.57565256380764,458.8798019156654,177.30414935185775,62.968565548002765,High-RE,55.86328971111314,High-RE,FALSE,7.105275836889625
Full,All ambitions,R10LATIN_AM,total_energy_jobyears_per_1k,Employment,COFFEE,273,297,294.171260552668,459.8836251316754,165.71236457900739,56.33193544049095,High-RE,55.86328971111314,High-RE,FALSE,0.4686457293778119
Full,All ambitions,R10LATIN_AM,total_energy_jobyears_per_1k,Employment,GCAM,270,300,293.8201540895619,455.7354420465259,161.915287956964,55.10693725509692,High-RE,55.86328971111314,High-RE,FALSE,0.7563524560162165
Full,All ambitions,R10LATIN_AM,total_energy_jobyears_per_1k,Employment,IMAGE,204,303,309.3397002797832,458.8579617717639,149.5182614919807,48.334650016389254,High-RE,55.86328971111314,High-RE,FALSE,7.528639694723886
Full,All ambitions,R10LATIN_AM,total_energy_jobyears_per_1k,Employment,MESSAGEix,174,278,341.5230267842285,470.86426547219526,129.34123868796678,37.87189399960535,High-RE,55.86328971111314,High-RE,FALSE,17.991395711507792
Full,All ambitions,R10LATIN_AM,total_energy_jobyears_per_1k,Employment,POLES,213,296,267.76295345155404,460.827205456682,193.06425200512797,72.1026749654742,High-RE,55.86328971111314,High-RE,FALSE,16.239385254361054
Full,All ambitions,R10LATIN_AM,total_energy_jobyears_per_1k,Employment,REMIND,272,81,294.10270358443574,300.10208197354416,5.999378389108415,2.0398922947629474,High-RE,55.86328971111314,High-RE,FALSE,53.82339741635019
Full,All ambitions,R10LATIN_AM,total_energy_jobyears_per_1k,Employment,TIAM,261,305,304.1281882816191,458.5050040820384,154.3768158004193,50.760443046294746,High-RE,55.86328971111314,High-RE,FALSE,5.102846664818394
Full,All ambitions,R10LATIN_AM,total_energy_jobyears_per_1k,Employment,WITCH,265,289,290.8307304259706,458.8798019156654,168.04907148969477,57.782432841109525,High-RE,55.86328971111314,High-RE,FALSE,1.9191431299963853
Full,All ambitions,R10MIDDLE_EAST,gap_GJ_pc,DLE gap,AIM,269,283,2.9914065383312067,5.227289297821343,-2.2358827594901367,-74.74352719498472,High-CDR,-88.93413724361255,High-CDR,FALSE,14.190610048627832
Full,All ambitions,R10MIDDLE_EAST,gap_GJ_pc,DLE gap,GCAM,257,292,3.349850428981683,5.140738101033942,-1.7908876720522588,-53.46172045647628,High-CDR,-88.93413724361255,High-CDR,FALSE,35.472416787136275
Full,All ambitions,R10MIDDLE_EAST,gap_GJ_pc,DLE gap,IMAGE,222,295,3.8033844274030564,5.133608067760635,-1.3302236403575787,-34.974735416526194,High-CDR,-88.93413724361255,High-CDR,FALSE,53.95940182708636
Full,All ambitions,R10MIDDLE_EAST,gap_GJ_pc,DLE gap,MESSAGEix,191,270,1.6644779481630536,5.165909419324025,-3.5014314711609718,-210.3621423777474,High-CDR,-88.93413724361255,High-CDR,FALSE,121.42800513413485
Full,All ambitions,R10MIDDLE_EAST,gap_GJ_pc,DLE gap,POLES,230,288,2.8337947228152887,5.201928052523819,-2.36813332970853,-83.56756792022895,High-CDR,-88.93413724361255,High-CDR,FALSE,5.366569323383601
Full,All ambitions,R10MIDDLE_EAST,gap_GJ_pc,DLE gap,REMIND,289,73,2.685245856841548,4.245364630959832,-1.5601187741182843,-58.099662276486455,High-CDR,-88.93413724361255,High-CDR,FALSE,30.8344749671261
Full,All ambitions,R10MIDDLE_EAST,gap_GJ_pc,DLE gap,WITCH,282,281,2.5644854959060197,5.000121436815919,-2.435635940909899,-94.97561771350168,High-CDR,-88.93413724361255,High-CDR,FALSE,6.041480469889123
Full,All ambitions,R10MIDDLE_EAST,headcount_pct,Deprived share,AIM,269,283,1.1797474234065353,1.3425152156019304,-0.16276779219539517,-13.796833878678976,High-CDR,-24.073466750557742,High-CDR,FALSE,10.276632871878766
Full,All ambitions,R10MIDDLE_EAST,headcount_pct,Deprived share,GCAM,257,292,1.208732968452031,1.3270664917651454,-0.11833352331311442,-9.789881338692926,High-CDR,-24.073466750557742,High-CDR,FALSE,14.283585411864816
Full,All ambitions,R10MIDDLE_EAST,headcount_pct,Deprived share,IMAGE,222,295,1.1778187994004918,1.3221818762435782,-0.14436307684308636,-12.256815472513003,High-CDR,-24.073466750557742,High-CDR,FALSE,11.81665127804474
Full,All ambitions,R10MIDDLE_EAST,headcount_pct,Deprived share,MESSAGEix,191,270,0.973040091573162,1.330415140854372,-0.3573750492812101,-36.72767981259891,High-CDR,-24.073466750557742,High-CDR,FALSE,12.654213062041165
Full,All ambitions,R10MIDDLE_EAST,headcount_pct,Deprived share,POLES,230,288,0.95486896032395,1.3270664917651454,-0.3721975314411954,-38.978911966614056,High-CDR,-24.073466750557742,High-CDR,FALSE,14.905445216056314
Full,All ambitions,R10MIDDLE_EAST,headcount_pct,Deprived share,REMIND,289,73,1.0548383831454171,1.0172484533811923,0.037589929764224816,3.563572426340384,High-RE,-24.073466750557742,High-CDR,TRUE,27.637039176898128
Full,All ambitions,R10MIDDLE_EAST,headcount_pct,Deprived share,WITCH,282,281,1.035951452589992,1.276529667483814,-0.24057821489382203,-23.222923650751216,High-CDR,-24.073466750557742,High-CDR,FALSE,0.8505430998065258
Full,All ambitions,R10MIDDLE_EAST,mortality_million_deaths,PM2.5 mortality,AIM,225,222,47.35514,46.5524425,0.8026975000000007,1.695058867949711,High-RE,0.8616459232106964,High-RE,FALSE,0.8334129447390145
Full,All ambitions,R10MIDDLE_EAST,mortality_million_deaths,PM2.5 mortality,GCAM,243,221,46.892815,46.550585,0.3422300000000007,0.7298132986897902,High-RE,0.8616459232106964,High-RE,FALSE,0.13183262452090627
Full,All ambitions,R10MIDDLE_EAST,mortality_million_deaths,PM2.5 mortality,IMAGE,187,224,58.01452,46.549009999999996,11.465510000000002,19.76317308149753,High-RE,0.8616459232106964,High-RE,FALSE,18.901527158286836
Full,All ambitions,R10MIDDLE_EAST,mortality_million_deaths,PM2.5 mortality,MESSAGEix,151,202,43.62415,46.4801425,-2.8559924999999993,-6.546815238806944,High-CDR,0.8616459232106964,High-RE,TRUE,7.40846116201764
Full,All ambitions,R10MIDDLE_EAST,mortality_million_deaths,PM2.5 mortality,POLES,186,226,58.4437425,46.5460025,11.897739999999999,20.357594313882277,High-RE,0.8616459232106964,High-RE,FALSE,19.495948390671582
Full,All ambitions,R10MIDDLE_EAST,mortality_million_deaths,PM2.5 mortality,REMIND,246,42,46.95055,57.225494999999995,-10.274944999999995,-21.884610510419996,High-CDR,0.8616459232106964,High-RE,TRUE,22.74625643363069
Full,All ambitions,R10MIDDLE_EAST,mortality_million_deaths,PM2.5 mortality,WITCH,238,219,46.3099175,46.537025,-0.22710750000000246,-0.49040791316460985,High-CDR,0.8616459232106964,High-RE,TRUE,1.3520538363753063
Full,All ambitions,R10MIDDLE_EAST,total_energy_jobyears_per_1k,Employment,AIM,249,291,333.49744951221663,725.5132262188213,392.01577670660464,117.54685898797088,High-RE,74.37754574797422,High-RE,FALSE,43.169313239996654
Full,All ambitions,R10MIDDLE_EAST,total_energy_jobyears_per_1k,Employment,COFFEE,270,297,402.7951258275623,719.8389007511767,317.04377492361436,78.71092637286323,High-RE,74.37754574797422,High-RE,FALSE,4.333380624889003
Full,All ambitions,R10MIDDLE_EAST,total_energy_jobyears_per_1k,Employment,GCAM,267,300,412.09030655310966,704.2291590754147,292.13885252230506,70.89194962285642,High-RE,74.37754574797422,High-RE,FALSE,3.4855961251178087
Full,All ambitions,R10MIDDLE_EAST,total_energy_jobyears_per_1k,Employment,IMAGE,204,303,425.7432110490722,702.3036398450937,276.5604287960215,64.95944541653407,High-RE,74.37754574797422,High-RE,FALSE,9.418100331440158
Full,All ambitions,R10MIDDLE_EAST,total_energy_jobyears_per_1k,Employment,MESSAGEix,171,278,258.7285414868128,734.6953841665879,475.96684267977514,183.96379461832,High-RE,74.37754574797422,High-RE,FALSE,109.58624887034578
Full,All ambitions,R10MIDDLE_EAST,total_energy_jobyears_per_1k,Employment,POLES,210,296,438.59983016269496,721.8234017464426,283.2235715837477,64.57448273034859,High-RE,74.37754574797422,High-RE,FALSE,9.803063017625632
Full,All ambitions,R10MIDDLE_EAST,total_energy_jobyears_per_1k,Employment,REMIND,269,81,402.7951258275623,477.5141375550311,74.7190117274688,18.5501280766382,High-RE,74.37754574797422,High-RE,FALSE,55.82741767133602
Full,All ambitions,R10MIDDLE_EAST,total_energy_jobyears_per_1k,Employment,TIAM,258,305,419.5596360709625,702.3842548105678,282.8246187396053,67.40987321568025,High-RE,74.37754574797422,High-RE,FALSE,6.9676725322939745
Full,All ambitions,R10MIDDLE_EAST,total_energy_jobyears_per_1k,Employment,WITCH,262,289,385.3627168248171,725.5132262188213,340.1505093940042,88.26762282471503,High-RE,74.37754574797422,High-RE,FALSE,13.890077076740809
Full,All ambitions,R10NORTH_AM,gap_GJ_pc,DLE gap,AIM,272,283,0.23099864640952483,0.13761484448030795,0.09338380192921689,40.42612516597256,High-RE,25.17275711192352,High-RE,FALSE,15.253368054049037
Full,All ambitions,R10NORTH_AM,gap_GJ_pc,DLE gap,GCAM,260,292,0.25504825428643974,0.13718051355918665,0.11786774072725309,46.21389825114354,High-RE,25.17275711192352,High-RE,FALSE,21.04114113922002
Full,All ambitions,R10NORTH_AM,gap_GJ_pc,DLE gap,IMAGE,222,295,0.097546400699859,0.1357672243105844,-0.038220823610725416,-39.18219774026031,High-CDR,25.17275711192352,High-RE,TRUE,64.35495485218382
Full,All ambitions,R10NORTH_AM,gap_GJ_pc,DLE gap,MESSAGEix,194,270,0.5072467182361259,0.13747823602730114,0.36976848220882474,72.8971659973748,High-RE,25.17275711192352,High-RE,FALSE,47.72440888545128
Full,All ambitions,R10NORTH_AM,gap_GJ_pc,DLE gap,POLES,233,288,0.09954036970066649,0.13473599534210118,-0.03519562564143469,-35.35814237708124,High-CDR,25.17275711192352,High-RE,TRUE,60.53089948900477
Full,All ambitions,R10NORTH_AM,gap_GJ_pc,DLE gap,REMIND,292,73,0.17650287578866045,0.14580577822621996,0.03069709756244049,17.39183989228387,High-RE,25.17275711192352,High-RE,FALSE,7.780917219639651
Full,All ambitions,R10NORTH_AM,gap_GJ_pc,DLE gap,WITCH,285,281,0.16626381854769043,0.1340534336650483,0.032210384882642135,19.37305732780523,High-RE,25.17275711192352,High-RE,FALSE,5.799699784118289
Full,All ambitions,R10NORTH_AM,headcount_pct,Deprived share,AIM,272,283,0.06451319629265553,0.04764692354452858,0.01686627274812695,26.14391119549456,High-RE,8.60637108609298,High-RE,FALSE,17.537540109401583
Full,All ambitions,R10NORTH_AM,headcount_pct,Deprived share,GCAM,260,292,0.07699253550348426,0.04756564999462776,0.0294268855088565,38.22043957433354,High-RE,8.60637108609298,High-RE,FALSE,29.614068488240562
Full,All ambitions,R10NORTH_AM,headcount_pct,Deprived share,IMAGE,222,295,0.028144031471767424,0.04713588611950106,-0.018991854647733633,-67.48093167386214,High-CDR,8.60637108609298,High-RE,TRUE,76.08730275995512
Full,All ambitions,R10NORTH_AM,headcount_pct,Deprived share,MESSAGEix,194,270,0.17074306639860765,0.04775416124379786,0.12298890515480979,72.03156634641108,High-RE,8.60637108609298,High-RE,FALSE,63.425195260318105
Full,All ambitions,R10NORTH_AM,headcount_pct,Deprived share,POLES,233,288,0.02942689670896765,0.046943736275632364,-0.017516839566664714,-59.52662878422574,High-CDR,8.60637108609298,High-RE,TRUE,68.13299987031873
Full,All ambitions,R10NORTH_AM,headcount_pct,Deprived share,REMIND,292,73,0.051432772254610626,0.04567425333575634,0.0057585189188542885,11.196205583373105,High-RE,8.60637108609298,High-RE,FALSE,2.589834497280126
Full,All ambitions,R10NORTH_AM,headcount_pct,Deprived share,WITCH,285,281,0.0502752089941553,0.04668024703229937,0.003594961961855929,7.150565922607817,High-RE,8.60637108609298,High-RE,FALSE,1.455805163485162
Full,All ambitions,R10NORTH_AM,mortality_million_deaths,PM2.5 mortality,AIM,225,222,6.81797,8.92639,-2.1084199999999997,-30.924454053039245,High-CDR,-29.232370671932635,High-CDR,FALSE,1.6920833811066096
Full,All ambitions,R10NORTH_AM,mortality_million_deaths,PM2.5 mortality,GCAM,243,221,6.897325,8.92639,-2.0290649999999992,-29.418143990605042,High-CDR,-29.232370671932635,High-CDR,FALSE,0.18577331867240687
Full,All ambitions,R10NORTH_AM,mortality_million_deaths,PM2.5 mortality,IMAGE,187,224,6.75097,8.92639,-2.17542,-32.22381376305923,High-CDR,-29.232370671932635,High-CDR,FALSE,2.991443091126598
Full,All ambitions,R10NORTH_AM,mortality_million_deaths,PM2.5 mortality,MESSAGEix,151,202,9.38093,8.93799,0.4429400000000001,4.721706696457602,High-RE,-29.232370671932635,High-CDR,TRUE,33.95407736839024
Full,All ambitions,R10NORTH_AM,mortality_million_deaths,PM2.5 mortality,POLES,186,226,7.46692,8.92639,-1.4594699999999996,-19.5458100528732,High-CDR,-29.232370671932635,High-CDR,FALSE,9.686560619059435
Full,All ambitions,R10NORTH_AM,mortality_million_deaths,PM2.5 mortality,REMIND,246,42,6.90724,7.447155,-0.5399150000000006,-7.816653250791932,High-CDR,-29.232370671932635,High-CDR,FALSE,21.415717421140705
Full,All ambitions,R10NORTH_AM,mortality_million_deaths,PM2.5 mortality,WITCH,238,219,6.860545,8.92639,-2.0658449999999995,-30.111966323375174,High-CDR,-29.232370671932635,High-CDR,FALSE,0.8795956514425392
Full,All ambitions,R10NORTH_AM,total_energy_jobyears_per_1k,Employment,AIM,252,291,229.76021708027864,300.33426098851,70.57404390823135,30.716389810674944,High-RE,29.628997683744352,High-RE,FALSE,1.0873921269305917
Full,All ambitions,R10NORTH_AM,total_energy_jobyears_per_1k,Employment,COFFEE,273,297,232.63881449596047,304.6181265159749,71.97931202001442,30.940370881774875,High-RE,29.628997683744352,High-RE,FALSE,1.3113731980305232
Full,All ambitions,R10NORTH_AM,total_energy_jobyears_per_1k,Employment,GCAM,270,300,232.47317837644573,300.6664741723208,68.19329579587509,29.33383380918427,High-RE,29.628997683744352,High-RE,FALSE,0.29516387456008175
Full,All ambitions,R10NORTH_AM,total_energy_jobyears_per_1k,Employment,IMAGE,204,303,226.35167885665754,301.2139888142646,74.86230995760707,33.073450276909746,High-RE,29.628997683744352,High-RE,FALSE,3.444452593165394
Full,All ambitions,R10NORTH_AM,total_energy_jobyears_per_1k,Employment,MESSAGEix,174,278,248.71764122360975,308.86290539703964,60.145264173429894,24.18214642014728,High-RE,29.628997683744352,High-RE,FALSE,5.446851263597072
Full,All ambitions,R10NORTH_AM,total_energy_jobyears_per_1k,Employment,POLES,213,296,236.8343978767705,300.6603835642122,63.825985687441715,26.949626515254597,High-RE,29.628997683744352,High-RE,FALSE,2.679371168489755
Full,All ambitions,R10NORTH_AM,total_energy_jobyears_per_1k,Employment,REMIND,272,81,232.89484546228584,300.6584467262997,67.76360126401386,29.096222000751517,High-RE,29.628997683744352,High-RE,FALSE,0.5327756829928347
Full,All ambitions,R10NORTH_AM,total_energy_jobyears_per_1k,Employment,TIAM,261,305,234.68703176512926,301.5673634544589,66.88033168932967,28.497668229176956,High-RE,29.628997683744352,High-RE,FALSE,1.1313294545673962
Full,All ambitions,R10NORTH_AM,total_energy_jobyears_per_1k,Employment,WITCH,265,289,231.69164618509186,304.6181265159749,72.92648033088304,31.475662386473854,High-RE,29.628997683744352,High-RE,FALSE,1.8466647027295018
Full,All ambitions,R10PAC_OECD,gap_GJ_pc,DLE gap,AIM,269,279,0.2732793923698798,0.5500406915228598,-0.27676129915298003,-101.27411977643287,High-CDR,-95.48350550459305,High-CDR,FALSE,5.790614271839814
Full,All ambitions,R10PAC_OECD,gap_GJ_pc,DLE gap,GCAM,257,288,0.2736546832590877,0.5514780565842097,-0.27782337332512197,-101.52333956663459,High-CDR,-95.48350550459305,High-CDR,FALSE,6.039834062041535
Full,All ambitions,R10PAC_OECD,gap_GJ_pc,DLE gap,IMAGE,222,291,0.2399727145095948,0.5422171255938061,-0.3022444110842113,-125.94949042514027,High-CDR,-95.48350550459305,High-CDR,FALSE,30.465984920547214
Full,All ambitions,R10PAC_OECD,gap_GJ_pc,DLE gap,MESSAGEix,191,266,0.29867461652014277,0.5698941693804362,-0.2712195528602935,-90.80770104278423,High-CDR,-95.48350550459305,High-CDR,FALSE,4.6758044618088235
Full,All ambitions,R10PAC_OECD,gap_GJ_pc,DLE gap,POLES,230,284,0.30288354895768166,0.5493245332952725,-0.24644098433759087,-81.36492892587678,High-CDR,-95.48350550459305,High-CDR,FALSE,14.118576578716272
Full,All ambitions,R10PAC_OECD,gap_GJ_pc,DLE gap,REMIND,289,73,0.27842595364681894,0.3951154167355548,-0.11668946308873585,-41.91041156915834,High-CDR,-95.48350550459305,High-CDR,FALSE,53.57309393543471
Full,All ambitions,R10PAC_OECD,gap_GJ_pc,DLE gap,WITCH,282,277,0.27391614533227215,0.5298488523672296,-0.2559327070349574,-93.43469211152191,High-CDR,-95.48350550459305,High-CDR,FALSE,2.0488133930711427
Full,All ambitions,R10PAC_OECD,headcount_pct,Deprived share,AIM,269,279,0.08849615381830198,0.3071586451334597,-0.21866249131515772,-247.0869996950488,High-CDR,-215.94676901167696,High-CDR,FALSE,31.14023068337184
Full,All ambitions,R10PAC_OECD,headcount_pct,Deprived share,GCAM,257,288,0.1040572974884123,0.3028047259864028,-0.19874742849799049,-190.9980686555143,High-CDR,-215.94676901167696,High-CDR,FALSE,24.948700356162675
Full,All ambitions,R10PAC_OECD,headcount_pct,Deprived share,IMAGE,222,291,0.07927990414548478,0.2987253506664694,-0.2194454465209846,-276.7983247284018,High-CDR,-215.94676901167696,High-CDR,FALSE,60.85155571672482
Full,All ambitions,R10PAC_OECD,headcount_pct,Deprived share,MESSAGEix,191,266,0.10443947588232425,0.31729285017654196,-0.21285337429421772,-203.80547919835155,High-CDR,-215.94676901167696,High-CDR,FALSE,12.141289813325415
Full,All ambitions,R10PAC_OECD,headcount_pct,Deprived share,POLES,230,284,0.10695481253118025,0.30426662038264396,-0.1973118078514637,-184.48146762348065,High-CDR,-215.94676901167696,High-CDR,FALSE,31.46530138819631
Full,All ambitions,R10PAC_OECD,headcount_pct,Deprived share,REMIND,289,73,0.0941632714567162,0.14471719166432886,-0.050553920207612665,-53.68751470242903,High-CDR,-215.94676901167696,High-CDR,FALSE,162.25925430924792
Full,All ambitions,R10PAC_OECD,headcount_pct,Deprived share,WITCH,282,277,0.09183545022770942,0.2803016991707742,-0.18846624894306477,-205.22167471902807,High-CDR,-215.94676901167696,High-CDR,FALSE,10.72509429264889
Full,All ambitions,R10PAC_OECD,mortality_million_deaths,PM2.5 mortality,AIM,225,222,5.371315,3.63313,1.738185,32.360511345918084,High-RE,33.79008683934925,High-RE,FALSE,1.429575493431166
Full,All ambitions,R10PAC_OECD,mortality_million_deaths,PM2.5 mortality,GCAM,243,221,5.46295,3.63313,1.8298200000000002,33.495089649365276,High-RE,33.79008683934925,High-RE,FALSE,0.29499718998397384
Full,All ambitions,R10PAC_OECD,mortality_million_deaths,PM2.5 mortality,IMAGE,187,224,5.286555,3.6333675000000003,1.6531874999999996,31.271546404038162,High-RE,33.79008683934925,High-RE,FALSE,2.5185404353110883
Full,All ambitions,R10PAC_OECD,mortality_million_deaths,PM2.5 mortality,MESSAGEix,151,202,5.38262,3.62846,1.7541600000000002,32.58933381884659,High-RE,33.79008683934925,High-RE,FALSE,1.2007530205026598
Full,All ambitions,R10PAC_OECD,mortality_million_deaths,PM2.5 mortality,POLES,186,226,5.714449999999999,3.633605,2.080844999999999,36.413740604957596,High-RE,33.79008683934925,High-RE,FALSE,2.6236537656083456
Full,All ambitions,R10PAC_OECD,mortality_million_deaths,PM2.5 mortality,REMIND,246,42,5.4880075,5.4494050000000005,0.03860249999999965,0.7033973623396041,High-RE,33.79008683934925,High-RE,FALSE,33.08668947700965
Full,All ambitions,R10PAC_OECD,mortality_million_deaths,PM2.5 mortality,WITCH,238,219,5.507820000000001,3.63313,1.8746900000000006,34.0368784746052,High-RE,33.79008683934925,High-RE,FALSE,0.2467916352559527
Full,All ambitions,R10PAC_OECD,total_energy_jobyears_per_1k,Employment,AIM,249,287,160.59326358608223,153.04469287245473,-7.548570713627498,-4.700427991228452,High-CDR,-5.214631339271976,High-CDR,FALSE,0.514203348043524
Full,All ambitions,R10PAC_OECD,total_energy_jobyears_per_1k,Employment,COFFEE,270,293,162.62999611608052,153.8258630080247,-8.804133108055822,-5.413597318032087,High-CDR,-5.214631339271976,High-CDR,FALSE,0.19896597876011146
Full,All ambitions,R10PAC_OECD,total_energy_jobyears_per_1k,Employment,GCAM,267,296,162.31119452706994,153.97628271425748,-8.334911812812464,-5.135142919191803,High-CDR,-5.214631339271976,High-CDR,FALSE,0.07948842008017287
Full,All ambitions,R10PAC_OECD,total_energy_jobyears_per_1k,Employment,IMAGE,204,299,181.97404629920155,154.01151380561294,-27.96253249358861,-15.366220107900794,High-CDR,-5.214631339271976,High-CDR,FALSE,10.15158876862882
Full,All ambitions,R10PAC_OECD,total_energy_jobyears_per_1k,Employment,MESSAGEix,171,274,251.78653266734494,155.85837437816338,-95.92815828918157,-38.09900286284169,High-CDR,-5.214631339271976,High-CDR,FALSE,32.88437152356971
Full,All ambitions,R10PAC_OECD,total_energy_jobyears_per_1k,Employment,POLES,210,292,152.2638000544945,153.54173974500844,1.2779396905139322,0.8392931806880976,High-RE,-5.214631339271976,High-CDR,TRUE,6.0539245199600735
Full,All ambitions,R10PAC_OECD,total_energy_jobyears_per_1k,Employment,REMIND,269,81,162.75545133624436,198.60646418224258,35.85101284599821,22.027534286352026,High-RE,-5.214631339271976,High-CDR,TRUE,27.242165625624
Full,All ambitions,R10PAC_OECD,total_energy_jobyears_per_1k,Employment,TIAM,258,301,167.3667900557237,154.1494413715546,-13.21734868416911,-7.897234977003788,High-CDR,-5.214631339271976,High-CDR,FALSE,2.6826036377318125
Full,All ambitions,R10PAC_OECD,total_energy_jobyears_per_1k,Employment,WITCH,262,285,162.1485379131439,153.95215339432622,-8.196384518817695,-5.05486181022992,High-CDR,-5.214631339271976,High-CDR,FALSE,0.15976952904205532
Full,All ambitions,R10REF_ECON,gap_GJ_pc,DLE gap,AIM,272,283,9.32540609203362,9.29965907774091,0.02574701429271009,0.27609536827253983,High-RE,0.9345538942170918,High-RE,FALSE,0.6584585259445519
Full,All ambitions,R10REF_ECON,gap_GJ_pc,DLE gap,GCAM,260,292,9.694117936431013,9.337331062954057,0.35678687347695615,3.680447007314941,High-RE,0.9345538942170918,High-RE,FALSE,2.7458931130978494
Full,All ambitions,R10REF_ECON,gap_GJ_pc,DLE gap,IMAGE,222,295,9.261628473433207,9.304668859171752,-0.04304038573854463,-0.46471725638752515,High-CDR,0.9345538942170918,High-RE,TRUE,1.399271150604617
Full,All ambitions,R10REF_ECON,gap_GJ_pc,DLE gap,MESSAGEix,194,270,9.833360563002188,9.337331062954057,0.49602950004813096,5.04435382868428,High-RE,0.9345538942170918,High-RE,FALSE,4.109799934467189
Full,All ambitions,R10REF_ECON,gap_GJ_pc,DLE gap,POLES,233,288,8.664338684968246,9.145248372900324,-0.480909687932078,-5.550448861912656,High-CDR,0.9345538942170918,High-RE,TRUE,6.485002756129748
Full,All ambitions,R10REF_ECON,gap_GJ_pc,DLE gap,REMIND,292,73,9.379061908683928,10.5682385190251,-1.1891766103411712,-12.679057051965197,High-CDR,0.9345538942170918,High-RE,TRUE,13.61361094618229
Full,All ambitions,R10REF_ECON,gap_GJ_pc,DLE gap,WITCH,285,281,9.32540609203362,8.871716628947608,0.4536894630860129,4.86509068461463,High-RE,0.9345538942170918,High-RE,FALSE,3.9305367903975386
Full,All ambitions,R10REF_ECON,headcount_pct,Deprived share,AIM,272,283,2.5234162851608426,2.3840172537120776,0.13939903144876498,5.524218586862282,High-RE,4.871257392192976,High-RE,FALSE,0.6529611946693059
Full,All ambitions,R10REF_ECON,headcount_pct,Deprived share,GCAM,260,292,2.5702805750149182,2.3592399610952626,0.21104061391965567,8.210800640643317,High-RE,4.871257392192976,High-RE,FALSE,3.339543248450341
Full,All ambitions,R10REF_ECON,headcount_pct,Deprived share,IMAGE,222,295,2.241850111823218,2.3191718077340173,-0.07732169591079918,-3.4490127374267745,High-CDR,4.871257392192976,High-RE,TRUE,8.32027012961975
Full,All ambitions,R10REF_ECON,headcount_pct,Deprived share,MESSAGEix,194,270,2.597801286107165,2.3592399610952626,0.23856132501190253,9.183201436064781,High-RE,4.871257392192976,High-RE,FALSE,4.311944043871805
Full,All ambitions,R10REF_ECON,headcount_pct,Deprived share,POLES,233,288,2.193469672168384,2.2439984140118514,-0.05052874184346745,-2.3035988363366147,High-CDR,4.871257392192976,High-RE,TRUE,7.17485622852959
Full,All ambitions,R10REF_ECON,headcount_pct,Deprived share,REMIND,292,73,2.426157309381689,2.5081054272365937,-0.08194811785490463,-3.3776918560894664,High-CDR,4.871257392192976,High-RE,TRUE,8.248949248282443
Full,All ambitions,R10REF_ECON,headcount_pct,Deprived share,WITCH,285,281,2.374933361670674,2.207534176965743,0.16739918470493098,7.048584495321255,High-RE,4.871257392192976,High-RE,FALSE,2.1773271031282793
Full,All ambitions,R10REF_ECON,mortality_million_deaths,PM2.5 mortality,AIM,225,222,14.052095,13.21019,0.8419049999999988,5.991313039087757,High-RE,6.738086132221376,High-RE,FALSE,0.7467730931336192
Full,All ambitions,R10REF_ECON,mortality_million_deaths,PM2.5 mortality,GCAM,243,221,14.1545,13.210125,0.9443750000000009,6.671906460842847,High-RE,6.738086132221376,High-RE,FALSE,0.06617967137852876
Full,All ambitions,R10REF_ECON,mortality_million_deaths,PM2.5 mortality,IMAGE,187,224,14.08622,13.210255,0.8759650000000008,6.218595194452456,High-RE,6.738086132221376,High-RE,FALSE,0.5194909377689205
Full,All ambitions,R10REF_ECON,mortality_million_deaths,PM2.5 mortality,MESSAGEix,151,202,13.8715,13.1937025,0.6777974999999987,4.886259597015454,High-RE,6.738086132221376,High-RE,FALSE,1.8518265352059222
Full,All ambitions,R10REF_ECON,mortality_million_deaths,PM2.5 mortality,POLES,186,226,14.584445,13.2108975,1.3735475000000008,9.417893516002842,High-RE,6.738086132221376,High-RE,FALSE,2.6798073837814655
Full,All ambitions,R10REF_ECON,mortality_million_deaths,PM2.5 mortality,REMIND,246,42,14.1653725,14.691725,-0.5263524999999998,-3.715768858178631,High-CDR,6.738086132221376,High-RE,TRUE,10.453854990400007
Full,All ambitions,R10REF_ECON,mortality_million_deaths,PM2.5 mortality,WITCH,238,219,14.142277499999999,13.20568,0.9365974999999995,6.622677995110756,High-RE,6.738086132221376,High-RE,FALSE,0.11540813711062015
Full,All ambitions,R10REF_ECON,total_energy_jobyears_per_1k,Employment,AIM,252,291,773.2558146669842,889.9718670267285,116.71605235974437,15.094106005528085,High-RE,14.9659110287462,High-RE,FALSE,0.1281949767818844
Full,All ambitions,R10REF_ECON,total_energy_jobyears_per_1k,Employment,COFFEE,273,297,784.8466479759098,893.3535278838829,108.50687990797303,13.825233271723619,High-RE,14.9659110287462,High-RE,FALSE,1.1406777570225817
Full,All ambitions,R10REF_ECON,total_energy_jobyears_per_1k,Employment,GCAM,270,300,782.5408706154776,901.9993573124846,119.45848669700695,15.265462953142812,High-RE,14.9659110287462,High-RE,FALSE,0.2995519243966118
Full,All ambitions,R10REF_ECON,total_energy_jobyears_per_1k,Employment,IMAGE,204,303,785.4427736386247,901.6926156008876,116.24984196226296,14.800548921435299,High-RE,14.9659110287462,High-RE,FALSE,0.1653621073109015
Full,All ambitions,R10REF_ECON,total_energy_jobyears_per_1k,Employment,MESSAGEix,174,278,828.8372166104436,892.2291332509549,63.391916640511226,7.648295150132676,High-RE,14.9659110287462,High-RE,FALSE,7.317615878613524
Full,All ambitions,R10REF_ECON,total_energy_jobyears_per_1k,Employment,POLES,213,296,777.786877200187,902.4101001008953,124.62322290070836,16.02279834667779,High-RE,14.9659110287462,High-RE,FALSE,1.0568873179315883
Full,All ambitions,R10REF_ECON,total_energy_jobyears_per_1k,Employment,REMIND,272,81,785.4427736386247,953.4862031711314,168.0434295325067,21.394738760410572,High-RE,14.9659110287462,High-RE,FALSE,6.428827731664372
Full,All ambitions,R10REF_ECON,total_energy_jobyears_per_1k,Employment,TIAM,261,305,789.6499994805729,902.3060990240814,112.6560995435085,14.26658641393187,High-RE,14.9659110287462,High-RE,FALSE,0.69932461481433
Full,All ambitions,R10REF_ECON,total_energy_jobyears_per_1k,Employment,WITCH,265,289,782.0822135139889,900.140476568681,118.05826305469213,15.095377572166262,High-RE,14.9659110287462,High-RE,FALSE,0.1294665434200617
Full,All ambitions,R10REST_ASIA,gap_GJ_pc,DLE gap,AIM,269,283,8.668909987742083,18.429975770290486,-9.761065782548403,-112.59853656746509,High-CDR,-99.56791500504313,High-CDR,FALSE,13.030621562421956
Full,All ambitions,R10REST_ASIA,gap_GJ_pc,DLE gap,GCAM,257,292,8.497403743881357,18.584565070512966,-10.087161326631609,-118.70874481979244,High-CDR,-99.56791500504313,High-CDR,FALSE,19.14082981474931
Full,All ambitions,R10REST_ASIA,gap_GJ_pc,DLE gap,IMAGE,222,295,9.359297905886857,18.65819576734797,-9.298897861461112,-99.3546519724759,High-CDR,-99.56791500504313,High-CDR,FALSE,0.21326303256722667
Full,All ambitions,R10REST_ASIA,gap_GJ_pc,DLE gap,MESSAGEix,191,270,14.504348106312982,19.130051440613627,-4.6257033343006455,-31.891838918891636,High-CDR,-99.56791500504313,High-CDR,FALSE,67.6760760861515
Full,All ambitions,R10REST_ASIA,gap_GJ_pc,DLE gap,POLES,230,288,4.5625927489620395,18.87909955145753,-14.31650680249549,-313.7800717750319,High-CDR,-99.56791500504313,High-CDR,FALSE,214.21215676998878
Full,All ambitions,R10REST_ASIA,gap_GJ_pc,DLE gap,REMIND,289,73,9.359297905886857,14.467897130978033,-5.108599225091176,-54.58314583488089,High-CDR,-99.56791500504313,High-CDR,FALSE,44.984769170162245
Full,All ambitions,R10REST_ASIA,gap_GJ_pc,DLE gap,WITCH,282,281,9.254495018079366,18.6277938192438,-9.373298801164433,-101.28374139110751,High-CDR,-99.56791500504313,High-CDR,FALSE,1.7158263860643785
Full,All ambitions,R10REST_ASIA,headcount_pct,Deprived share,AIM,269,283,4.403457109245656,4.6123013918190425,-0.20884428257338694,-4.742734569501995,High-CDR,3.8816379383897446,High-RE,TRUE,8.62437250789174
Full,All ambitions,R10REST_ASIA,headcount_pct,Deprived share,GCAM,257,292,4.1525312354938375,4.692490605216668,-0.5399593697228307,-13.00313806450191,High-CDR,3.8816379383897446,High-RE,TRUE,16.884776002891655
Full,All ambitions,R10REST_ASIA,headcount_pct,Deprived share,IMAGE,222,295,4.913786664913912,4.702120862582506,0.21166580233140664,4.307590393428587,High-RE,3.8816379383897446,High-RE,FALSE,0.42595245503884227
Full,All ambitions,R10REST_ASIA,headcount_pct,Deprived share,MESSAGEix,191,270,6.243889062729896,4.824945966680437,1.4189430960494596,22.725309207032616,High-RE,3.8816379383897446,High-RE,FALSE,18.843671268642872
Full,All ambitions,R10REST_ASIA,headcount_pct,Deprived share,POLES,230,288,2.585856376990036,4.732217517484449,-2.1463611404944136,-83.0038806328757,High-CDR,3.8816379383897446,High-RE,TRUE,86.88551857126545
Full,All ambitions,R10REST_ASIA,headcount_pct,Deprived share,REMIND,289,73,4.899189340900887,6.058925380050488,-1.1597360391496014,-23.671998742068283,High-CDR,3.8816379383897446,High-RE,TRUE,27.553636680458027
Full,All ambitions,R10REST_ASIA,headcount_pct,Deprived share,WITCH,282,281,4.7554675998135725,4.604114886892742,0.15135271292083008,3.182709370720211,High-RE,3.8816379383897446,High-RE,FALSE,0.6989285676695336
Full,All ambitions,R10REST_ASIA,mortality_million_deaths,PM2.5 mortality,AIM,225,222,58.02932,57.3656125,0.663707500000001,1.1437450929978175,High-RE,2.6753564149260862,High-RE,FALSE,1.5316113219282688
Full,All ambitions,R10REST_ASIA,mortality_million_deaths,PM2.5 mortality,GCAM,243,221,58.75029,57.35854,1.3917500000000018,2.3689244767983304,High-RE,2.6753564149260862,High-RE,FALSE,0.3064319381277558
Full,All ambitions,R10REST_ASIA,mortality_million_deaths,PM2.5 mortality,IMAGE,187,224,57.05164,57.3853775,-0.333737499999998,-0.5849744196661095,High-CDR,2.6753564149260862,High-RE,TRUE,3.260330834592196
Full,All ambitions,R10REST_ASIA,mortality_million_deaths,PM2.5 mortality,MESSAGEix,151,202,60.341105,57.318712500000004,3.022392499999995,5.008845131357796,High-RE,2.6753564149260862,High-RE,FALSE,2.3334887164317095
Full,All ambitions,R10REST_ASIA,mortality_million_deaths,PM2.5 mortality,POLES,186,226,60.356475,57.40043,2.956045000000003,4.897643541972925,High-RE,2.6753564149260862,High-RE,FALSE,2.2222871270468385
Full,All ambitions,R10REST_ASIA,mortality_million_deaths,PM2.5 mortality,REMIND,246,42,58.97830999999999,57.8220375,1.156272499999993,1.9605046329743816,High-RE,2.6753564149260862,High-RE,FALSE,0.7148517819517046
Full,All ambitions,R10REST_ASIA,mortality_million_deaths,PM2.5 mortality,WITCH,238,219,59.267534999999995,57.431415,1.836119999999994,3.0980198518463675,High-RE,2.6753564149260862,High-RE,FALSE,0.4226634369202813
Full,All ambitions,R10REST_ASIA,total_energy_jobyears_per_1k,Employment,AIM,249,291,183.59358229080004,670.1772957231378,486.5837134323378,265.033073248509,High-RE,252.98342611616405,High-RE,FALSE,12.049647132344973
Full,All ambitions,R10REST_ASIA,total_energy_jobyears_per_1k,Employment,COFFEE,270,297,188.7577226535162,668.0615542349528,479.3038315814366,253.9254155239238,High-RE,252.98342611616405,High-RE,FALSE,0.9419894077597348
Full,All ambitions,R10REST_ASIA,total_energy_jobyears_per_1k,Employment,GCAM,267,300,187.0687067608798,667.7016608667143,480.63295410583453,256.9285704851761,High-RE,252.98342611616405,High-RE,FALSE,3.9451443690120698
Full,All ambitions,R10REST_ASIA,total_energy_jobyears_per_1k,Employment,IMAGE,204,303,187.00720658427798,666.55943264621,479.552226061932,256.43515820649066,High-RE,252.98342611616405,High-RE,FALSE,3.451732090326601
Full,All ambitions,R10REST_ASIA,total_energy_jobyears_per_1k,Employment,MESSAGEix,171,278,186.48212324780548,688.2017535382179,501.7196302904124,269.04435747104066,High-RE,252.98342611616405,High-RE,FALSE,16.0609313548766
Full,All ambitions,R10REST_ASIA,total_energy_jobyears_per_1k,Employment,POLES,210,296,197.45281954136732,668.3222138170682,470.8693942757009,238.4718513361373,High-RE,252.98342611616405,High-RE,FALSE,14.511574780026763
Full,All ambitions,R10REST_ASIA,total_energy_jobyears_per_1k,Employment,REMIND,269,81,188.72421316664028,228.0861756771756,39.36196251053531,20.85686931744119,High-RE,252.98342611616405,High-RE,FALSE,232.12655679872287
Full,All ambitions,R10REST_ASIA,total_energy_jobyears_per_1k,Employment,TIAM,258,305,190.44326223401637,666.2834764812283,475.84021424721186,249.8593064754899,High-RE,252.98342611616405,High-RE,FALSE,3.1241196406741665
Full,All ambitions,R10REST_ASIA,total_energy_jobyears_per_1k,Employment,WITCH,262,289,186.63325926388944,670.8082803029279,484.1750210390384,259.42590455136445,High-RE,252.98342611616405,High-RE,FALSE,6.4424784352004
Full,1.5C,Aggregated R10 regions,gap_GJ_pc,DLE gap,AIM,66,64,26.071676826050847,17.696811297795083,8.374865528255764,32.12246601602391,High-RE,31.488111825741125,High-RE,FALSE,0.6343541902827816
Full,1.5C,Aggregated R10 regions,gap_GJ_pc,DLE gap,GCAM,60,66,27.05002678947377,17.83765365994382,9.21237312952995,34.05679854304192,High-RE,31.488111825741125,High-RE,FALSE,2.568686717300796
Full,1.5C,Aggregated R10 regions,gap_GJ_pc,DLE gap,IMAGE,44,67,21.183433203973635,17.949805609800375,3.23362759417326,15.26488913783196,High-RE,31.488111825741125,High-RE,FALSE,16.223222687909164
Full,1.5C,Aggregated R10 regions,gap_GJ_pc,DLE gap,MESSAGEix,42,64,29.8727376948245,18.045884184201107,11.826853510623394,39.59079221812474,High-RE,31.488111825741125,High-RE,FALSE,8.102680392383615
Full,1.5C,Aggregated R10 regions,gap_GJ_pc,DLE gap,POLES,63,66,25.927517880009574,17.83765365994382,8.089864220065756,31.201846075297233,High-RE,31.488111825741125,High-RE,FALSE,0.28626575044389213
Full,1.5C,Aggregated R10 regions,gap_GJ_pc,DLE gap,REMIND,66,8,26.071676826050847,30.11953568591526,-4.047858859864412,-15.525886144077191,High-CDR,31.488111825741125,High-RE,TRUE,47.01399796981832
Full,1.5C,Aggregated R10 regions,gap_GJ_pc,DLE gap,WITCH,61,67,24.908236658981966,17.949805609800375,6.958431049181591,27.936265197931487,High-RE,31.488111825741125,High-RE,FALSE,3.5518466278096383
Full,1.5C,Aggregated R10 regions,headcount_pct,Deprived share,AIM,66,64,6.921241488853802,4.554183920647661,2.3670575682061408,34.1998985589237,High-RE,34.27538240978155,High-RE,FALSE,0.07548385085785014
Full,1.5C,Aggregated R10 regions,headcount_pct,Deprived share,GCAM,60,66,7.158452850779851,4.575118372963254,2.5833344778165968,36.08788842599089,High-RE,34.27538240978155,High-RE,FALSE,1.8125060162093405
Full,1.5C,Aggregated R10 regions,headcount_pct,Deprived share,IMAGE,44,67,5.462270343157743,4.5835605549488765,0.8787097882088668,16.086896711539982,High-RE,34.27538240978155,High-RE,FALSE,18.188485698241568
Full,1.5C,Aggregated R10 regions,headcount_pct,Deprived share,MESSAGEix,42,64,8.09233204267797,4.632934313614237,3.459397729063733,42.749082845578904,High-RE,34.27538240978155,High-RE,FALSE,8.473700435797355
Full,1.5C,Aggregated R10 regions,headcount_pct,Deprived share,POLES,63,66,6.6980224311965415,4.575118372963254,2.1229040582332876,31.69449012809666,High-RE,34.27538240978155,High-RE,FALSE,2.580892281684889
Full,1.5C,Aggregated R10 regions,headcount_pct,Deprived share,REMIND,66,8,6.921241488853802,7.499107768369352,-0.5778662795155496,-8.34917088857779,High-CDR,34.27538240978155,High-RE,TRUE,42.62455329835934
Full,1.5C,Aggregated R10 regions,headcount_pct,Deprived share,WITCH,61,67,6.446096463306801,4.5835605549488765,1.8625359083579243,28.89401235243782,High-RE,34.27538240978155,High-RE,FALSE,5.38137005734373
Full,1.5C,Aggregated R10 regions,mortality_million_deaths,PM2.5 mortality,AIM,56,54,426.0176125,417.9452725,8.072339999999997,1.894837153006203,High-RE,1.8464564837231334,High-RE,FALSE,0.0483806692830695
Full,1.5C,Aggregated R10 regions,mortality_million_deaths,PM2.5 mortality,GCAM,57,53,425.807625,417.735205,8.072419999999966,1.8957903818655117,High-RE,1.8464564837231334,High-RE,FALSE,0.04933389814237832
Full,1.5C,Aggregated R10 regions,mortality_million_deaths,PM2.5 mortality,IMAGE,34,54,420.4895475,417.9452725,2.5442750000000274,0.6050744935580181,High-RE,1.8464564837231334,High-RE,FALSE,1.2413819901651153
Full,1.5C,Aggregated R10 regions,mortality_million_deaths,PM2.5 mortality,MESSAGEix,34,51,464.4933325,418.778005,45.7153275,9.84197711815379,High-RE,1.8464564837231334,High-RE,FALSE,7.995520634430657
Full,1.5C,Aggregated R10 regions,mortality_million_deaths,PM2.5 mortality,POLES,53,54,430.48855,417.9452725,12.543277499999988,2.9137308065452587,High-RE,1.8464564837231334,High-RE,FALSE,1.0672743228221253
Full,1.5C,Aggregated R10 regions,mortality_million_deaths,PM2.5 mortality,REMIND,57,4,425.807625,415.27516,10.532464999999945,2.473526630717321,High-RE,1.8464564837231334,High-RE,FALSE,0.6270701469941877
Full,1.5C,Aggregated R10 regions,mortality_million_deaths,PM2.5 mortality,WITCH,51,54,436.99725,417.9452725,19.05197750000002,4.359747687199409,High-RE,1.8464564837231334,High-RE,FALSE,2.5132912034762755
Full,1.5C,Aggregated R10 regions,total_energy_jobyears_per_1k,Employment,AIM,57,64,356.24156625736566,755.3620407259264,399.1204744685607,112.03646970837123,High-RE,109.08645254710342,High-RE,FALSE,2.9500171612678088
Full,1.5C,Aggregated R10 regions,total_energy_jobyears_per_1k,Employment,GCAM,58,66,358.0599002019925,751.6697106206666,393.6098104186741,109.92848129506454,High-RE,109.08645254710342,High-RE,FALSE,0.8420287479611233
Full,1.5C,Aggregated R10 regions,total_energy_jobyears_per_1k,Employment,IMAGE,37,67,314.97795053101333,748.6547433260449,433.6767927950316,137.6848100204814,High-RE,109.08645254710342,High-RE,FALSE,28.598357473377973
Full,1.5C,Aggregated R10 regions,total_energy_jobyears_per_1k,Employment,MESSAGEix,33,64,442.46488683415726,755.3620407259264,312.8971538917691,70.71683272554188,High-RE,109.08645254710342,High-RE,FALSE,38.36961982156154
Full,1.5C,Aggregated R10 regions,total_energy_jobyears_per_1k,Employment,POLES,54,66,342.19558773504366,751.6697106206666,409.47412288562293,119.66084238428928,High-RE,109.08645254710342,High-RE,FALSE,10.574389837185862
Full,1.5C,Aggregated R10 regions,total_energy_jobyears_per_1k,Employment,REMIND,57,8,356.24156625736566,442.0226387342624,85.78107247689672,24.07946758658827,High-RE,109.08645254710342,High-RE,FALSE,85.00698496051515
Full,1.5C,Aggregated R10 regions,total_energy_jobyears_per_1k,Employment,WITCH,52,67,341.5557660741536,748.6547433260449,407.0989772518913,119.18960758036447,High-RE,109.08645254710342,High-RE,FALSE,10.103155033261046
Full,1.5C,R10AFRICA,gap_GJ_pc,DLE gap,AIM,66,64,68.407576657347,42.36824942927076,26.039327228076232,38.06497540251574,High-RE,37.84078638586801,High-RE,FALSE,0.22418901664773472
Full,1.5C,R10AFRICA,gap_GJ_pc,DLE gap,GCAM,60,66,72.96159375442036,42.552619265888495,30.408974488531868,41.67805680189044,High-RE,37.84078638586801,High-RE,FALSE,3.8372704160224345
Full,1.5C,R10AFRICA,gap_GJ_pc,DLE gap,IMAGE,44,67,48.43144056088076,42.635911921181574,5.795528639699185,11.966459334229205,High-RE,37.84078638586801,High-RE,FALSE,25.8743270516388
Full,1.5C,R10AFRICA,gap_GJ_pc,DLE gap,MESSAGEix,42,64,88.30373829471162,43.40140999005189,44.90232830465973,50.84986114041886,High-RE,37.84078638586801,High-RE,FALSE,13.009074754550852
Full,1.5C,R10AFRICA,gap_GJ_pc,DLE gap,POLES,63,66,68.18860015822868,42.552619265888495,25.635980892340186,37.59569903598696,High-RE,37.84078638586801,High-RE,FALSE,0.24508734988104663
Full,1.5C,R10AFRICA,gap_GJ_pc,DLE gap,REMIND,66,8,68.407576657347,95.2963721733691,-26.8887955160221,-39.30675055295097,High-CDR,37.84078638586801,High-RE,TRUE,77.14753693881897
Full,1.5C,R10AFRICA,gap_GJ_pc,DLE gap,WITCH,61,67,60.14398200275548,42.635911921181574,17.508070081573905,29.110260908184927,High-RE,37.84078638586801,High-RE,FALSE,8.73052547768308
Full,1.5C,R10AFRICA,headcount_pct,Deprived share,AIM,66,64,12.597605668849365,8.649030129660982,3.9485755391883828,31.34385726132223,High-RE,30.247607850590228,High-RE,FALSE,1.0962494107320033
Full,1.5C,R10AFRICA,headcount_pct,Deprived share,GCAM,60,66,12.841856208050318,8.748155730115325,4.093700477934993,31.877794079089043,High-RE,30.247607850590228,High-RE,FALSE,1.6301862284988147
Full,1.5C,R10AFRICA,headcount_pct,Deprived share,IMAGE,44,67,10.278484986627404,8.794304385154463,1.484180601472941,14.439682534964067,High-RE,30.247607850590228,High-RE,FALSE,15.80792531562616
Full,1.5C,R10AFRICA,headcount_pct,Deprived share,MESSAGEix,42,64,15.247552191959656,8.824756099956488,6.422796092003168,42.123457005709014,High-RE,30.247607850590228,High-RE,FALSE,11.875849155118786
Full,1.5C,R10AFRICA,headcount_pct,Deprived share,POLES,63,66,12.584829685943468,8.748155730115325,3.836673955828143,30.48649883687729,High-RE,30.247607850590228,High-RE,FALSE,0.23889098628706051
Full,1.5C,R10AFRICA,headcount_pct,Deprived share,REMIND,66,8,12.597605668849365,14.37759292473525,-1.7799872558858851,-14.129567972486512,High-CDR,30.247607850590228,High-RE,TRUE,44.37717582307674
Full,1.5C,R10AFRICA,headcount_pct,Deprived share,WITCH,61,67,12.048663712206272,8.794304385154463,3.2543593270518087,27.010126639644522,High-RE,30.247607850590228,High-RE,FALSE,3.237481210945706
Full,1.5C,R10AFRICA,mortality_million_deaths,PM2.5 mortality,AIM,56,54,75.39723000000001,78.456135,-3.0589049999999958,-4.057052228576561,High-CDR,-4.00324857145907,High-CDR,FALSE,0.053803657117490467
Full,1.5C,R10AFRICA,mortality_million_deaths,PM2.5 mortality,GCAM,57,53,75.436235,78.456135,-3.019900000000007,-4.00324857145907,High-CDR,-4.00324857145907,High-CDR,FALSE,0
Full,1.5C,R10AFRICA,mortality_million_deaths,PM2.5 mortality,IMAGE,34,54,75.159445,78.456135,-3.296689999999998,-4.38626176656839,High-CDR,-4.00324857145907,High-CDR,FALSE,0.38301319510931986
Full,1.5C,R10AFRICA,mortality_million_deaths,PM2.5 mortality,MESSAGEix,34,51,75.32255,78.47372,-3.1511699999999934,-4.183567869117539,High-CDR,-4.00324857145907,High-CDR,FALSE,0.18031929765846844
Full,1.5C,R10AFRICA,mortality_million_deaths,PM2.5 mortality,POLES,53,54,75.46476,78.456135,-2.991375000000005,-3.963936279662196,High-CDR,-4.00324857145907,High-CDR,FALSE,0.039312291796874455
Full,1.5C,R10AFRICA,mortality_million_deaths,PM2.5 mortality,REMIND,57,4,75.436235,73.51536,1.9208749999999952,2.546355872612141,High-RE,-4.00324857145907,High-CDR,TRUE,6.549604444071211
Full,1.5C,R10AFRICA,mortality_million_deaths,PM2.5 mortality,WITCH,51,54,75.54374,78.456135,-2.9123950000000036,-3.855243333200082,High-CDR,-4.00324857145907,High-CDR,FALSE,0.14800523825898848
Full,1.5C,R10AFRICA,total_energy_jobyears_per_1k,Employment,AIM,57,64,330.3302237116432,1055.07127468025,724.7410509686069,219.398952607273,High-RE,219.50031415188516,High-RE,FALSE,0.10136154461216051
Full,1.5C,R10AFRICA,total_energy_jobyears_per_1k,Employment,GCAM,58,66,329.39653459184615,1046.2003671113098,716.8038325194636,217.61122454055328,High-RE,219.50031415188516,High-RE,FALSE,1.8890896113318831
Full,1.5C,R10AFRICA,total_energy_jobyears_per_1k,Employment,IMAGE,37,67,322.0450306460736,1052.4229628263715,730.3779321802979,226.79372841588133,High-RE,219.50031415188516,High-RE,FALSE,7.293414263996169
Full,1.5C,R10AFRICA,total_energy_jobyears_per_1k,Employment,MESSAGEix,33,64,446.86652035272255,1055.07127468025,608.2047543275276,136.10434584525527,High-RE,219.50031415188516,High-RE,FALSE,83.3959683066299
Full,1.5C,R10AFRICA,total_energy_jobyears_per_1k,Employment,POLES,54,66,326.43437471056967,1052.4622681398541,726.0278934292844,222.41159316417307,High-RE,219.50031415188516,High-RE,FALSE,2.911279012287906
Full,1.5C,R10AFRICA,total_energy_jobyears_per_1k,Employment,REMIND,57,8,328.4628454720491,361.77775725722586,33.314911785176776,10.14267283025524,High-RE,219.50031415188516,High-RE,FALSE,209.35764132162993
Full,1.5C,R10AFRICA,total_energy_jobyears_per_1k,Employment,WITCH,52,67,342.5432860912106,1052.4229628263715,709.879676735161,207.23794789139086,High-RE,219.50031415188516,High-RE,FALSE,12.262366260494304
Full,1.5C,R10CHINA+,gap_GJ_pc,DLE gap,AIM,66,64,22.577063581111464,15.68318875412035,6.893874826991114,30.534860311766593,High-RE,30.30934332018844,High-RE,FALSE,0.22551699157815364
Full,1.5C,R10CHINA+,gap_GJ_pc,DLE gap,GCAM,60,66,22.669737135914396,15.68318875412035,6.986548381794046,30.81883278975321,High-RE,30.30934332018844,High-RE,FALSE,0.5094894695647696
Full,1.5C,R10CHINA+,gap_GJ_pc,DLE gap,IMAGE,44,67,22.417230163007197,15.72640394203071,6.690826220976486,29.846801644645886,High-RE,30.30934332018844,High-RE,FALSE,0.4625416755425533
Full,1.5C,R10CHINA+,gap_GJ_pc,DLE gap,MESSAGEix,42,64,21.140509149683275,15.5148811506398,5.625627999043475,26.610655208026333,High-RE,30.30934332018844,High-RE,FALSE,3.698688112162106
Full,1.5C,R10CHINA+,gap_GJ_pc,DLE gap,POLES,63,66,22.604724350249477,15.68318875412035,6.921535596129127,30.61986286089234,High-RE,30.30934332018844,High-RE,FALSE,0.31051954070390053
Full,1.5C,R10CHINA+,gap_GJ_pc,DLE gap,REMIND,66,8,22.406181441368908,17.55303351006756,4.853147931301347,21.659861784127568,High-RE,30.30934332018844,High-RE,FALSE,8.649481536060872
Full,1.5C,R10CHINA+,gap_GJ_pc,DLE gap,WITCH,61,67,22.566014859473174,15.72640394203071,6.839610917442464,30.30934332018844,High-RE,30.30934332018844,High-RE,FALSE,0
Full,1.5C,R10CHINA+,headcount_pct,Deprived share,AIM,66,64,7.127334548418591,5.064985683000873,2.062348865417718,28.935766258864767,High-RE,29.081904691721558,High-RE,FALSE,0.14613843285679096
Full,1.5C,R10CHINA+,headcount_pct,Deprived share,GCAM,60,66,7.159683487022768,5.024416621488424,2.1352668655343443,29.823481295012645,High-RE,29.081904691721558,High-RE,FALSE,0.7415766032910867
Full,1.5C,R10CHINA+,headcount_pct,Deprived share,IMAGE,44,67,6.518526547043567,5.052711342918753,1.465815204124814,22.486910094576885,High-RE,29.081904691721558,High-RE,FALSE,6.594994597144673
Full,1.5C,R10CHINA+,headcount_pct,Deprived share,MESSAGEix,42,64,6.480147281584332,4.9483709254642765,1.531776356120056,23.637986754917577,High-RE,29.081904691721558,High-RE,FALSE,5.443917936803981
Full,1.5C,R10CHINA+,headcount_pct,Deprived share,POLES,63,66,7.131547256637946,5.012142281406305,2.1194049752316406,29.718725810292117,High-RE,29.081904691721558,High-RE,FALSE,0.636821118570559
Full,1.5C,R10CHINA+,headcount_pct,Deprived share,REMIND,66,8,7.103881822100318,5.413007186824134,1.6908746352761836,23.802122242741127,High-RE,29.081904691721558,High-RE,FALSE,5.279782448980431
Full,1.5C,R10CHINA+,headcount_pct,Deprived share,WITCH,61,67,7.129955268927962,5.052711342918753,2.077243926009209,29.134038681304897,High-RE,29.081904691721558,High-RE,FALSE,0.05213398958333926
Full,1.5C,R10CHINA+,mortality_million_deaths,PM2.5 mortality,AIM,56,54,79.0020675,78.52739,0.47467749999999853,0.6008418703725679,High-RE,0.5170422643697031,High-RE,FALSE,0.08379960600286473
Full,1.5C,R10CHINA+,mortality_million_deaths,PM2.5 mortality,GCAM,57,53,78.93552,78.51148,0.42403999999999087,0.5371979560025587,High-RE,0.5170422643697031,High-RE,FALSE,0.020155691632855577
Full,1.5C,R10CHINA+,mortality_million_deaths,PM2.5 mortality,IMAGE,34,54,72.245755,78.52739,-6.281634999999994,-8.694815356279403,High-CDR,0.5170422643697031,High-RE,TRUE,9.211857620649106
Full,1.5C,R10CHINA+,mortality_million_deaths,PM2.5 mortality,MESSAGEix,34,51,87.99989,78.54578,9.45411,10.743320247332129,High-RE,0.5170422643697031,High-RE,FALSE,10.226277982962426
Full,1.5C,R10CHINA+,mortality_million_deaths,PM2.5 mortality,POLES,53,54,84.027205,78.52739,5.499814999999998,6.545278996248892,High-RE,0.5170422643697031,High-RE,FALSE,6.028236731879189
Full,1.5C,R10CHINA+,mortality_million_deaths,PM2.5 mortality,REMIND,57,4,78.93552,73.914345,5.0211749999999995,6.361109675340074,High-RE,0.5170422643697031,High-RE,FALSE,5.844067410970371
Full,1.5C,R10CHINA+,mortality_million_deaths,PM2.5 mortality,WITCH,51,54,78.52936,78.52739,0.0019700000000000273,0.002508615885829233,High-RE,0.5170422643697031,High-RE,FALSE,0.514533648483874
Full,1.5C,R10CHINA+,total_energy_jobyears_per_1k,Employment,AIM,57,64,312.1247799236333,449.2877053158325,137.1629253921992,43.9449009545985,High-RE,44.33444117283033,High-RE,FALSE,0.38954021823182927
Full,1.5C,R10CHINA+,total_energy_jobyears_per_1k,Employment,GCAM,58,66,312.21882513870634,450.780020545282,138.56119540657568,44.37951342140195,High-RE,44.33444117283033,High-RE,FALSE,0.04507224857162129
Full,1.5C,R10CHINA+,total_energy_jobyears_per_1k,Employment,IMAGE,37,67,247.58110705639126,450.6392965003281,203.05818944393684,82.01683555671576,High-RE,44.33444117283033,High-RE,FALSE,37.68239438388543
Full,1.5C,R10CHINA+,total_energy_jobyears_per_1k,Employment,MESSAGEix,33,64,384.7383338411303,455.02594929144374,70.28761545031341,18.26894002180121,High-RE,44.33444117283033,High-RE,FALSE,26.06550115102912
Full,1.5C,R10CHINA+,total_energy_jobyears_per_1k,Employment,POLES,54,66,310.02381904840456,450.17513463961325,140.1513155912087,45.20662832339557,High-RE,44.33444117283033,High-RE,FALSE,0.8721871505652388
Full,1.5C,R10CHINA+,total_energy_jobyears_per_1k,Employment,REMIND,57,8,312.3128703537794,460.81181286349647,148.4989425097171,47.54813413276936,High-RE,44.33444117283033,High-RE,FALSE,3.2136929599390314
Full,1.5C,R10CHINA+,total_energy_jobyears_per_1k,Employment,WITCH,52,67,306.3856166557598,450.6392965003281,144.2536798445683,47.08239290705504,High-RE,44.33444117283033,High-RE,FALSE,2.7479517342247064
Full,1.5C,R10EUROPE,gap_GJ_pc,DLE gap,AIM,66,64,0.9189449816532936,0.20220384245604633,0.7167411391972474,77.9960882867811,High-RE,77.54068391466261,High-RE,FALSE,0.45540437211849394
Full,1.5C,R10EUROPE,gap_GJ_pc,DLE gap,GCAM,60,66,0.9752126461485694,0.20385193740777935,0.7713607087407901,79.09666797155917,High-RE,77.54068391466261,High-RE,FALSE,1.5559840568965626
Full,1.5C,R10EUROPE,gap_GJ_pc,DLE gap,IMAGE,44,67,0.7056938918632714,0.2048659642012658,0.5008279276620056,70.96957100473831,High-RE,77.54068391466261,High-RE,FALSE,6.571112909924295
Full,1.5C,R10EUROPE,gap_GJ_pc,DLE gap,MESSAGEix,42,64,1.0500758878425367,0.20882961772077963,0.8412462701217571,80.11290230177207,High-RE,77.54068391466261,High-RE,FALSE,2.5722183871094586
Full,1.5C,R10EUROPE,gap_GJ_pc,DLE gap,POLES,63,66,0.788888627219139,0.20385193740777935,0.5850366898113597,74.15960499692272,High-RE,77.54068391466261,High-RE,FALSE,3.3810789177398846
Full,1.5C,R10EUROPE,gap_GJ_pc,DLE gap,REMIND,66,8,0.9189449816532936,0.24456427523297605,0.6743807064203176,73.38640722614588,High-RE,77.54068391466261,High-RE,FALSE,4.154276688516731
Full,1.5C,R10EUROPE,gap_GJ_pc,DLE gap,WITCH,61,67,0.788888627219139,0.2048659642012658,0.5840226630178732,74.03106634666217,High-RE,77.54068391466261,High-RE,FALSE,3.5096175680004364
Full,1.5C,R10EUROPE,headcount_pct,Deprived share,AIM,66,64,0.3575896315618107,0.10659891529625423,0.25099071626555647,70.18959559015397,High-RE,69.35374196477649,High-RE,FALSE,0.8358536253774815
Full,1.5C,R10EUROPE,headcount_pct,Deprived share,GCAM,60,66,0.39993259893724314,0.10659891529625423,0.2933336836409889,73.34577986902698,High-RE,69.35374196477649,High-RE,FALSE,3.9920379042504948
Full,1.5C,R10EUROPE,headcount_pct,Deprived share,IMAGE,44,67,0.2672807145507747,0.10730156173707828,0.1599791528136964,59.85435690060068,High-RE,69.35374196477649,High-RE,FALSE,9.499385064175812
Full,1.5C,R10EUROPE,headcount_pct,Deprived share,MESSAGEix,42,64,0.4756571371967063,0.10950002071894471,0.3661571164777616,76.97921209291948,High-RE,69.35374196477649,High-RE,FALSE,7.625470128142993
Full,1.5C,R10EUROPE,headcount_pct,Deprived share,POLES,63,66,0.33933602030122667,0.10659891529625423,0.23273710500497244,68.58603009440996,High-RE,69.35374196477649,High-RE,FALSE,0.7677118703665258
Full,1.5C,R10EUROPE,headcount_pct,Deprived share,REMIND,66,8,0.3455364786867941,0.10229607998694679,0.24324039869984732,70.39499841645622,High-RE,69.35374196477649,High-RE,FALSE,1.041256451679729
Full,1.5C,R10EUROPE,headcount_pct,Deprived share,WITCH,61,67,0.33933602030122667,0.10730156173707828,0.2320344585641484,68.37896500294094,High-RE,69.35374196477649,High-RE,FALSE,0.9747769618355449
Full,1.5C,R10EUROPE,mortality_million_deaths,PM2.5 mortality,AIM,56,54,15.6753,11.26678,4.408519999999999,28.12399124737644,High-RE,28.140059143538043,High-RE,FALSE,0.016067896161601425
Full,1.5C,R10EUROPE,mortality_million_deaths,PM2.5 mortality,GCAM,57,53,15.678805,11.2657,4.413105,28.146947423607855,High-RE,28.140059143538043,High-RE,FALSE,0.00688828006981268
Full,1.5C,R10EUROPE,mortality_million_deaths,PM2.5 mortality,IMAGE,34,54,13.47288,11.26678,2.2060999999999993,16.374375783054546,High-RE,28.140059143538043,High-RE,FALSE,11.765683360483497
Full,1.5C,R10EUROPE,mortality_million_deaths,PM2.5 mortality,MESSAGEix,34,51,17.4540625,11.23068,6.2233825,35.65578214240954,High-RE,28.140059143538043,High-RE,FALSE,7.5157229988714995
Full,1.5C,R10EUROPE,mortality_million_deaths,PM2.5 mortality,POLES,53,54,15.759125,11.26678,4.4923449999999985,28.50630983636464,High-RE,28.140059143538043,High-RE,FALSE,0.36625069282659695
Full,1.5C,R10EUROPE,mortality_million_deaths,PM2.5 mortality,REMIND,57,4,15.678805,14.445219999999999,1.2335850000000015,7.867850898075468,High-RE,28.140059143538043,High-RE,FALSE,20.272208245462576
Full,1.5C,R10EUROPE,mortality_million_deaths,PM2.5 mortality,WITCH,51,54,15.391385,11.26678,4.124604999999999,26.798140648161286,High-RE,28.140059143538043,High-RE,FALSE,1.3419184953767562
Full,1.5C,R10EUROPE,total_energy_jobyears_per_1k,Employment,AIM,57,64,160.1876342150474,194.1960252904642,34.008391075416796,21.23034729994294,High-RE,23.207401110395107,High-RE,FALSE,1.9770538104521655
Full,1.5C,R10EUROPE,total_energy_jobyears_per_1k,Employment,GCAM,58,66,160.28467718425668,195.905701038984,35.621023854727326,22.223598961851394,High-RE,23.207401110395107,High-RE,FALSE,0.9838021485437132
Full,1.5C,R10EUROPE,total_energy_jobyears_per_1k,Employment,IMAGE,37,67,159.06669504420006,197.48258513690908,38.41589009270902,24.15080673049399,High-RE,23.207401110395107,High-RE,FALSE,0.9434056200988827
Full,1.5C,R10EUROPE,total_energy_jobyears_per_1k,Employment,MESSAGEix,33,64,179.86870055752877,194.1960252904642,14.327324732935438,7.965435169390697,High-RE,23.207401110395107,High-RE,FALSE,15.241965941004409
Full,1.5C,R10EUROPE,total_energy_jobyears_per_1k,Employment,POLES,54,66,158.8593719946944,195.905701038984,37.04632904428959,23.32020363616121,High-RE,23.207401110395107,High-RE,FALSE,0.11280252576610295
Full,1.5C,R10EUROPE,total_energy_jobyears_per_1k,Employment,REMIND,57,8,160.38172015346598,257.41957004033645,97.03784988687048,60.504307968524685,High-RE,23.207401110395107,High-RE,FALSE,37.296906858129574
Full,1.5C,R10EUROPE,total_energy_jobyears_per_1k,Employment,WITCH,52,67,158.57221891440344,197.48258513690908,38.910366222505644,24.53794648828701,High-RE,23.207401110395107,High-RE,FALSE,1.3305453778919016
Full,1.5C,R10INDIA+,gap_GJ_pc,DLE gap,AIM,66,64,7.200701831468287,2.5012762943461446,4.699425537122142,65.26343746917635,High-RE,65.47049033496621,High-RE,FALSE,0.20705286578986204
Full,1.5C,R10INDIA+,gap_GJ_pc,DLE gap,GCAM,60,66,7.491591841604927,2.517757792687589,4.973834048917338,66.39221882450808,High-RE,65.47049033496621,High-RE,FALSE,0.9217284895418629
Full,1.5C,R10INDIA+,gap_GJ_pc,DLE gap,IMAGE,44,67,7.371451256297936,2.5225446767624304,4.848906579535505,65.77953798979206,High-RE,65.47049033496621,High-RE,FALSE,0.3090476548258465
Full,1.5C,R10INDIA+,gap_GJ_pc,DLE gap,MESSAGEix,42,64,8.02190033278244,2.5012762943461446,5.520624038436296,68.81940449790451,High-RE,65.47049033496621,High-RE,FALSE,3.3489141629383
Full,1.5C,R10INDIA+,gap_GJ_pc,DLE gap,POLES,63,66,6.611818787199422,2.517757792687589,4.094060994511833,61.9203448593902,High-RE,65.47049033496621,High-RE,FALSE,3.5501454755760165
Full,1.5C,R10INDIA+,gap_GJ_pc,DLE gap,REMIND,66,8,7.371451256297936,6.848944834222525,0.522506422075411,7.088243602357106,High-RE,65.47049033496621,High-RE,FALSE,58.38224673260911
Full,1.5C,R10INDIA+,gap_GJ_pc,DLE gap,WITCH,61,67,6.294879919647872,2.5225446767624304,3.772335242885442,59.92704056372947,High-RE,65.47049033496621,High-RE,FALSE,5.5434497712367445
Full,1.5C,R10INDIA+,headcount_pct,Deprived share,AIM,66,64,2.6628136614058917,1.2413132883753204,1.4215003730305713,53.38339642887586,High-RE,52.715442847397526,High-RE,FALSE,0.6679535814783364
Full,1.5C,R10INDIA+,headcount_pct,Deprived share,GCAM,60,66,2.7131078748081707,1.2551929392272307,1.45791493558094,53.73597375607564,High-RE,52.715442847397526,High-RE,FALSE,1.0205309086781114
Full,1.5C,R10INDIA+,headcount_pct,Deprived share,IMAGE,44,67,2.6391333185384807,1.2618658490204266,1.377267469518054,52.18635450674268,High-RE,52.715442847397526,High-RE,FALSE,0.5290883406548446
Full,1.5C,R10INDIA+,headcount_pct,Deprived share,MESSAGEix,42,64,3.1671239267396496,1.2413132883753204,1.9258106383643292,60.806292488429,High-RE,52.715442847397526,High-RE,FALSE,8.090849641031475
Full,1.5C,R10INDIA+,headcount_pct,Deprived share,POLES,63,66,2.654713685605591,1.2551929392272307,1.3995207463783603,52.718330943440435,High-RE,52.715442847397526,High-RE,FALSE,0.002888096042909183
Full,1.5C,R10INDIA+,headcount_pct,Deprived share,REMIND,66,8,2.6769651454347367,2.951545399699449,-0.2745802542647122,-10.257147155351575,High-CDR,52.715442847397526,High-RE,TRUE,62.9725900027491
Full,1.5C,R10INDIA+,headcount_pct,Deprived share,WITCH,61,67,2.6235529514713702,1.2618658490204266,1.3616871024509436,51.90240592198709,High-RE,52.715442847397526,High-RE,FALSE,0.8130369254104366
Full,1.5C,R10INDIA+,mortality_million_deaths,PM2.5 mortality,AIM,56,54,112.94267,106.278505,6.664165000000011,5.9004847326524255,High-RE,5.869439217355562,High-RE,FALSE,0.031045515296863613
Full,1.5C,R10INDIA+,mortality_million_deaths,PM2.5 mortality,GCAM,57,53,112.90542,106.439895,6.4655249999999995,5.726496566772436,High-RE,5.869439217355562,High-RE,FALSE,0.14294265058312572
Full,1.5C,R10INDIA+,mortality_million_deaths,PM2.5 mortality,IMAGE,34,54,108.42993999999999,106.278505,2.151434999999992,1.9841706082286796,High-RE,5.869439217355562,High-RE,FALSE,3.885268609126882
Full,1.5C,R10INDIA+,mortality_million_deaths,PM2.5 mortality,MESSAGEix,34,51,126.319635,106.061985,20.257649999999998,16.036818029121125,High-RE,5.869439217355562,High-RE,FALSE,10.167378811765563
Full,1.5C,R10INDIA+,mortality_million_deaths,PM2.5 mortality,POLES,53,54,113.22259,106.278505,6.944085000000001,6.1331267903339795,High-RE,5.869439217355562,High-RE,FALSE,0.2636875729784176
Full,1.5C,R10INDIA+,mortality_million_deaths,PM2.5 mortality,REMIND,57,4,112.90542,106.45048,6.454940000000008,5.717121463256598,High-RE,5.869439217355562,High-RE,FALSE,0.15231775409896375
Full,1.5C,R10INDIA+,mortality_million_deaths,PM2.5 mortality,WITCH,51,54,114.074675,106.278505,7.796170000000004,6.8342688681778005,High-RE,5.869439217355562,High-RE,FALSE,0.9648296508222387
Full,1.5C,R10INDIA+,total_energy_jobyears_per_1k,Employment,AIM,57,64,362.3961228135768,1071.549291883975,709.1531690703982,195.68453535447995,High-RE,194.5219959482682,High-RE,FALSE,1.1625394062117493
Full,1.5C,R10INDIA+,total_energy_jobyears_per_1k,Employment,GCAM,58,66,363.0686451252857,1069.431267687972,706.3626225626863,194.55346311134596,High-RE,194.5219959482682,High-RE,FALSE,0.03146716307776387
Full,1.5C,R10INDIA+,total_energy_jobyears_per_1k,Employment,IMAGE,37,67,339.0312339618879,1069.3170202853262,730.2857863234383,215.4036894445935,High-RE,194.5219959482682,High-RE,FALSE,20.881693496325312
Full,1.5C,R10INDIA+,total_energy_jobyears_per_1k,Employment,MESSAGEix,33,64,388.1195251852032,1071.549291883975,683.4297666987718,176.08744789962634,High-RE,194.5219959482682,High-RE,FALSE,18.434548048641858
Full,1.5C,R10INDIA+,total_energy_jobyears_per_1k,Employment,POLES,54,66,357.66548213047435,1069.431267687972,711.7657855574976,199.00320861766846,High-RE,194.5219959482682,High-RE,FALSE,4.481212669400264
Full,1.5C,R10INDIA+,total_energy_jobyears_per_1k,Employment,REMIND,57,8,362.3961228135768,659.630806726442,297.23468391286514,82.0192781327763,High-RE,194.5219959482682,High-RE,FALSE,112.5027178154919
Full,1.5C,R10INDIA+,total_energy_jobyears_per_1k,Employment,WITCH,52,67,377.66719689619026,1069.3170202853262,691.6498233891359,183.13738367360781,High-RE,194.5219959482682,High-RE,FALSE,11.384612274660384
Full,1.5C,R10LATIN_AM,gap_GJ_pc,DLE gap,AIM,66,64,82.61688492012505,49.191590148060804,33.42529477206424,40.458188183178535,High-RE,40.379584970001915,High-RE,FALSE,0.07860321317662056
Full,1.5C,R10LATIN_AM,gap_GJ_pc,DLE gap,GCAM,60,66,84.22425615270626,49.299245393826546,34.925010758879715,41.46668947192301,High-RE,40.379584970001915,High-RE,FALSE,1.0871045019210968
Full,1.5C,R10LATIN_AM,gap_GJ_pc,DLE gap,IMAGE,44,67,69.6880904906354,49.3317176622267,20.356372828408702,29.210691073741167,High-RE,40.379584970001915,High-RE,FALSE,11.168893896260748
Full,1.5C,R10LATIN_AM,gap_GJ_pc,DLE gap,MESSAGEix,42,64,95.16666115316085,50.10401446373201,45.06264668942884,47.35129523657996,High-RE,40.379584970001915,High-RE,FALSE,6.971710266578043
Full,1.5C,R10LATIN_AM,gap_GJ_pc,DLE gap,POLES,63,66,81.92487483017756,49.299245393826546,32.62562943635101,39.823838002780995,High-RE,40.379584970001915,High-RE,FALSE,0.5557469672209194
Full,1.5C,R10LATIN_AM,gap_GJ_pc,DLE gap,REMIND,66,8,83.10166367100405,76.888074222625,6.213589448379054,7.477093927960805,High-RE,40.379584970001915,High-RE,FALSE,32.902491042041106
Full,1.5C,R10LATIN_AM,gap_GJ_pc,DLE gap,WITCH,61,67,81.88322451706632,49.3317176622267,32.55150685483962,39.753572293742714,High-RE,40.379584970001915,High-RE,FALSE,0.6260126762592009
Full,1.5C,R10LATIN_AM,headcount_pct,Deprived share,AIM,66,64,17.31747944651594,9.65394712666652,7.66353231984942,44.25316249698929,High-RE,44.22056752973469,High-RE,FALSE,0.03259496725460309
Full,1.5C,R10LATIN_AM,headcount_pct,Deprived share,GCAM,60,66,17.89719546191917,9.667530704631357,8.229664757287814,45.98298529397255,High-RE,44.22056752973469,High-RE,FALSE,1.7624177642378598
Full,1.5C,R10LATIN_AM,headcount_pct,Deprived share,IMAGE,44,67,13.816795276082171,9.67781756542745,4.138977710654721,29.956134023492254,High-RE,44.22056752973469,High-RE,FALSE,14.264433506242433
Full,1.5C,R10LATIN_AM,headcount_pct,Deprived share,MESSAGEix,42,64,19.70618212768304,9.76484750500626,9.941334622676779,50.4477963223089,High-RE,44.22056752973469,High-RE,FALSE,6.227228792574216
Full,1.5C,R10LATIN_AM,headcount_pct,Deprived share,POLES,63,66,17.038672120533775,9.667530704631357,7.371141415902418,43.2612433865621,High-RE,44.22056752973469,High-RE,FALSE,0.9593241431725872
Full,1.5C,R10LATIN_AM,headcount_pct,Deprived share,REMIND,66,8,17.470942736922286,15.718990183978804,1.7519525529434823,10.027807768157732,High-RE,44.22056752973469,High-RE,FALSE,34.19275976157695
Full,1.5C,R10LATIN_AM,headcount_pct,Deprived share,WITCH,61,67,15.925770011042731,9.67781756542745,6.247952445615281,39.23171338831986,High-RE,44.22056752973469,High-RE,FALSE,4.988854141414826
Full,1.5C,R10LATIN_AM,mortality_million_deaths,PM2.5 mortality,AIM,56,54,15.182385,15.61344,-0.43105500000000063,-2.8391784294760054,High-CDR,-2.816424218897393,High-CDR,FALSE,0.022754210578612266
Full,1.5C,R10LATIN_AM,mortality_million_deaths,PM2.5 mortality,GCAM,57,53,15.185745,15.624595,-0.43884999999999863,-2.889881266938162,High-CDR,-2.816424218897393,High-CDR,FALSE,0.07345704804076902
Full,1.5C,R10LATIN_AM,mortality_million_deaths,PM2.5 mortality,IMAGE,34,54,13.32988,15.61344,-2.2835600000000014,-17.13113696447381,High-CDR,-2.816424218897393,High-CDR,FALSE,14.314712745576418
Full,1.5C,R10LATIN_AM,mortality_million_deaths,PM2.5 mortality,MESSAGEix,34,51,21.7040525,15.626225,6.0778275,28.003192030612716,High-RE,-2.816424218897393,High-CDR,TRUE,30.81961624951011
Full,1.5C,R10LATIN_AM,mortality_million_deaths,PM2.5 mortality,POLES,53,54,15.238635,15.61344,-0.3748050000000003,-2.4595706898944707,High-CDR,-2.816424218897393,High-CDR,FALSE,0.35685352900292244
Full,1.5C,R10LATIN_AM,mortality_million_deaths,PM2.5 mortality,REMIND,57,4,15.185745,13.95475,1.230995,8.106253595065636,High-RE,-2.816424218897393,High-CDR,TRUE,10.92267781396303
Full,1.5C,R10LATIN_AM,mortality_million_deaths,PM2.5 mortality,WITCH,51,54,14.22286,15.61344,-1.39058,-9.77707718419502,High-CDR,-2.816424218897393,High-CDR,FALSE,6.960652965297627
Full,1.5C,R10LATIN_AM,total_energy_jobyears_per_1k,Employment,AIM,57,64,357.57425293832296,582.887190278084,225.312937339761,63.011510333386504,High-RE,59.02493683083227,High-RE,FALSE,3.9865735025542364
Full,1.5C,R10LATIN_AM,total_energy_jobyears_per_1k,Employment,GCAM,58,66,361.21577085369995,574.0154756664953,212.7997048127953,58.912074716412015,High-RE,59.02493683083227,High-RE,FALSE,0.11286211442025262
Full,1.5C,R10LATIN_AM,total_energy_jobyears_per_1k,Employment,IMAGE,37,67,281.75112181030306,574.4231514231002,292.67202961279713,103.87608316599601,High-RE,59.02493683083227,High-RE,FALSE,44.85114633516374
Full,1.5C,R10LATIN_AM,total_energy_jobyears_per_1k,Employment,MESSAGEix,33,64,464.31531650450285,582.887190278084,118.5718737735811,25.536929228659467,High-RE,59.02493683083227,High-RE,FALSE,33.4880076021728
Full,1.5C,R10LATIN_AM,total_energy_jobyears_per_1k,Employment,POLES,54,66,346.16974724003353,574.9379329692437,228.76818572921013,66.08555125141616,High-RE,59.02493683083227,High-RE,FALSE,7.060614420583896
Full,1.5C,R10LATIN_AM,total_energy_jobyears_per_1k,Employment,REMIND,57,8,364.85728876907694,390.8992466677919,26.04195789871494,7.137573703563106,High-RE,59.02493683083227,High-RE,FALSE,51.88736312726916
Full,1.5C,R10LATIN_AM,total_energy_jobyears_per_1k,Employment,WITCH,52,67,328.24438962731733,574.4231514231002,246.17876179578286,74.99861980132843,High-RE,59.02493683083227,High-RE,FALSE,15.973682970496164
Full,1.5C,R10MIDDLE_EAST,gap_GJ_pc,DLE gap,AIM,66,64,4.285109440203724,5.653532286142692,-1.3684228459389676,-31.934373323121225,High-CDR,-27.368887631128167,High-CDR,FALSE,4.565485691993057
Full,1.5C,R10MIDDLE_EAST,gap_GJ_pc,DLE gap,GCAM,60,66,4.343988043289315,5.4388162362900765,-1.0948281930007617,-25.203296650230786,High-CDR,-27.368887631128167,High-CDR,FALSE,2.165590980897381
Full,1.5C,R10MIDDLE_EAST,gap_GJ_pc,DLE gap,IMAGE,44,67,7.522381168870615,5.431616240042704,2.0907649288279107,27.793924315880034,High-RE,-27.368887631128167,High-CDR,TRUE,55.1628119470082
Full,1.5C,R10MIDDLE_EAST,gap_GJ_pc,DLE gap,MESSAGEix,42,64,2.247893972921622,5.653532286142692,-3.40563831322107,-151.5035119203025,High-CDR,-27.368887631128167,High-CDR,FALSE,124.13462428917433
Full,1.5C,R10MIDDLE_EAST,gap_GJ_pc,DLE gap,POLES,63,66,4.309635148514076,5.4388162362900765,-1.1291810877760007,-26.201315166211515,High-CDR,-27.368887631128167,High-CDR,FALSE,1.1675724649166526
Full,1.5C,R10MIDDLE_EAST,gap_GJ_pc,DLE gap,REMIND,66,8,4.126844581095113,2.163962695672424,1.9628818854226888,47.5637462679007,High-RE,-27.368887631128167,High-CDR,TRUE,74.93263389902887
Full,1.5C,R10MIDDLE_EAST,gap_GJ_pc,DLE gap,WITCH,61,67,3.609323512483817,5.431616240042704,-1.822292727558887,-50.4884840955929,High-CDR,-27.368887631128167,High-CDR,FALSE,23.119596464464735
Full,1.5C,R10MIDDLE_EAST,headcount_pct,Deprived share,AIM,66,64,1.7224781170370496,1.4810117144429307,0.2414664025941189,14.018546895067757,High-RE,18.76372548915291,High-RE,FALSE,4.745178594085154
Full,1.5C,R10MIDDLE_EAST,headcount_pct,Deprived share,GCAM,60,66,1.760107292920994,1.4341334832093793,0.3259738097116147,18.520110167298007,High-RE,18.76372548915291,High-RE,FALSE,0.24361532185490375
Full,1.5C,R10MIDDLE_EAST,headcount_pct,Deprived share,IMAGE,44,67,1.9367362097950176,1.3919062838264715,0.5448299259685461,28.131344021610996,High-RE,18.76372548915291,High-RE,FALSE,9.367618532458085
Full,1.5C,R10MIDDLE_EAST,headcount_pct,Deprived share,MESSAGEix,42,64,1.3656680464849278,1.4810117144429307,-0.11534366795800288,-8.445952019957133,High-CDR,18.76372548915291,High-RE,TRUE,27.209677509110044
Full,1.5C,R10MIDDLE_EAST,headcount_pct,Deprived share,POLES,63,66,1.631513671443657,1.3853111769081625,0.2462024945354946,15.090434045682281,High-RE,18.76372548915291,High-RE,FALSE,3.67329144347063
Full,1.5C,R10MIDDLE_EAST,headcount_pct,Deprived share,REMIND,66,8,1.6924012035128695,0.8507456118701391,0.8416555916427304,49.73144605993718,High-RE,18.76372548915291,High-RE,FALSE,30.967720570784266
Full,1.5C,R10MIDDLE_EAST,headcount_pct,Deprived share,WITCH,61,67,1.5789751131041443,1.3919062838264715,0.18706882927767277,11.847484341276902,High-RE,18.76372548915291,High-RE,FALSE,6.9162411478760095
Full,1.5C,R10MIDDLE_EAST,mortality_million_deaths,PM2.5 mortality,AIM,56,54,55.710612499999996,46.253277499999996,9.457335,16.975823053462214,High-RE,16.34217568544139,High-RE,FALSE,0.6336473680208243
Full,1.5C,R10MIDDLE_EAST,mortality_million_deaths,PM2.5 mortality,GCAM,57,53,55.288645,46.265675,9.02297,16.31975245549968,High-RE,16.34217568544139,High-RE,FALSE,0.022423229941711753
Full,1.5C,R10MIDDLE_EAST,mortality_million_deaths,PM2.5 mortality,IMAGE,34,54,58.8892975,46.253277499999996,12.636020000000002,21.45724356789959,High-RE,16.34217568544139,High-RE,FALSE,5.115067882458199
Full,1.5C,R10MIDDLE_EAST,mortality_million_deaths,PM2.5 mortality,MESSAGEix,34,51,43.555922499999994,46.23511,-2.6791875000000047,-6.1511439689975695,High-CDR,16.34217568544139,High-RE,TRUE,22.49331965443896
Full,1.5C,R10MIDDLE_EAST,mortality_million_deaths,PM2.5 mortality,POLES,53,54,56.383085,46.253277499999996,10.129807500000005,17.96603981495515,High-RE,16.34217568544139,High-RE,FALSE,1.623864129513759
Full,1.5C,R10MIDDLE_EAST,mortality_million_deaths,PM2.5 mortality,REMIND,57,4,55.288645,53.24797,2.0406750000000002,3.6909477524725016,High-RE,16.34217568544139,High-RE,FALSE,12.651227932968888
Full,1.5C,R10MIDDLE_EAST,mortality_million_deaths,PM2.5 mortality,WITCH,51,54,45.76191,46.253277499999996,-0.4913674999999955,-1.0737477959289625,High-CDR,16.34217568544139,High-RE,TRUE,17.415923481370353
Full,1.5C,R10MIDDLE_EAST,total_energy_jobyears_per_1k,Employment,AIM,57,64,477.3819908736882,912.1231909346247,434.74120006093654,91.06778394913643,High-RE,84.60675075516038,High-RE,FALSE,6.46103319397605
Full,1.5C,R10MIDDLE_EAST,total_energy_jobyears_per_1k,Employment,GCAM,58,66,478.724761056395,890.623955324879,411.89919426848405,86.04092116721769,High-RE,84.60675075516038,High-RE,FALSE,1.4341704120573127
Full,1.5C,R10MIDDLE_EAST,total_energy_jobyears_per_1k,Employment,IMAGE,37,67,483.2682478629573,883.7582264466162,400.48997858365885,82.87115496510496,High-RE,84.60675075516038,High-RE,FALSE,1.735595790055413
Full,1.5C,R10MIDDLE_EAST,total_energy_jobyears_per_1k,Employment,MESSAGEix,33,64,549.1167228798562,912.1231909346247,363.00646805476856,66.10734165060066,High-RE,84.60675075516038,High-RE,FALSE,18.499409104559717
Full,1.5C,R10MIDDLE_EAST,total_energy_jobyears_per_1k,Employment,POLES,54,66,483.7859723632241,890.623955324879,406.8379829616549,84.09462163078241,High-RE,84.60675075516038,High-RE,FALSE,0.5121291243779638
Full,1.5C,R10MIDDLE_EAST,total_energy_jobyears_per_1k,Employment,REMIND,57,8,477.3819908736882,480.26825675424254,2.8862658805543333,0.6046030088550236,High-RE,84.60675075516038,High-RE,FALSE,84.00214774630535
Full,1.5C,R10MIDDLE_EAST,total_energy_jobyears_per_1k,Employment,WITCH,52,67,473.8248261143766,883.7582264466162,409.93340033223956,86.51581296276056,High-RE,84.60675075516038,High-RE,FALSE,1.9090622076001864
Full,1.5C,R10NORTH_AM,gap_GJ_pc,DLE gap,AIM,66,64,0.2756497525669244,0.15650250743783506,0.11914724512908936,43.22414368943134,High-RE,43.35941401035797,High-RE,FALSE,0.1352703209266366
Full,1.5C,R10NORTH_AM,gap_GJ_pc,DLE gap,GCAM,60,66,0.3276202026442838,0.15650250743783506,0.17111769520644876,52.2305077114677,High-RE,43.35941401035797,High-RE,FALSE,8.871093701109729
Full,1.5C,R10NORTH_AM,gap_GJ_pc,DLE gap,IMAGE,44,67,0.1698709730292565,0.15538057145278245,0.014490401576474049,8.530239933327751,High-RE,43.35941401035797,High-RE,FALSE,34.829174077030224
Full,1.5C,R10NORTH_AM,gap_GJ_pc,DLE gap,MESSAGEix,42,64,0.8894142900349649,0.15771874231903293,0.7316955477159319,82.2671229722616,High-RE,43.35941401035797,High-RE,FALSE,38.90770896190363
Full,1.5C,R10NORTH_AM,gap_GJ_pc,DLE gap,POLES,63,66,0.2491575975092667,0.1531907899217364,0.09596680758753029,38.51650864628404,High-RE,43.35941401035797,High-RE,FALSE,4.8429053640739355
Full,1.5C,R10NORTH_AM,gap_GJ_pc,DLE gap,REMIND,66,8,0.2689105354359189,0.0880230915640572,0.18088744387186173,67.26677464630873,High-RE,43.35941401035797,High-RE,FALSE,23.90736063595076
Full,1.5C,R10NORTH_AM,gap_GJ_pc,DLE gap,WITCH,61,67,0.27432726681393654,0.15538057145278245,0.1189466953611541,43.35941401035797,High-RE,43.35941401035797,High-RE,FALSE,0
Full,1.5C,R10NORTH_AM,headcount_pct,Deprived share,AIM,66,64,0.07355701044971312,0.046908066575900215,0.026648943873812905,36.22896541184381,High-RE,35.69046658247008,High-RE,FALSE,0.5384988293737294
Full,1.5C,R10NORTH_AM,headcount_pct,Deprived share,GCAM,60,66,0.08552659510305664,0.046908066575900215,0.03861852852715643,45.15382435208886,High-RE,35.69046658247008,High-RE,FALSE,9.463357769618781
Full,1.5C,R10NORTH_AM,headcount_pct,Deprived share,IMAGE,44,67,0.051432772254610626,0.04668024703229937,0.004752525222311253,9.240266495425432,High-RE,35.69046658247008,High-RE,FALSE,26.45020008704465
Full,1.5C,R10NORTH_AM,headcount_pct,Deprived share,MESSAGEix,42,64,0.3006815369349025,0.04896542756192181,0.2517161093729807,83.71518648565284,High-RE,35.69046658247008,High-RE,FALSE,48.024719903182756
Full,1.5C,R10NORTH_AM,headcount_pct,Deprived share,POLES,63,66,0.06440758392765483,0.04659137192281006,0.017816212004844775,27.661667956457823,High-RE,35.69046658247008,High-RE,FALSE,8.028798626012257
Full,1.5C,R10NORTH_AM,headcount_pct,Deprived share,REMIND,66,8,0.0720362754269004,0.02444409772702404,0.047592177699876365,66.06696059427871,High-RE,35.69046658247008,High-RE,FALSE,30.37649401180863
Full,1.5C,R10NORTH_AM,headcount_pct,Deprived share,WITCH,61,67,0.08066574513794277,0.04668024703229937,0.03398549810564339,42.1312640793516,High-RE,35.69046658247008,High-RE,FALSE,6.4407974968815225
Full,1.5C,R10NORTH_AM,mortality_million_deaths,PM2.5 mortality,AIM,56,54,7.42729,8.92639,-1.4990999999999994,-20.183673991455827,High-CDR,-20.183673991455827,High-CDR,FALSE,0
Full,1.5C,R10NORTH_AM,mortality_million_deaths,PM2.5 mortality,GCAM,57,53,7.42729,8.92639,-1.4990999999999994,-20.183673991455827,High-CDR,-20.183673991455827,High-CDR,FALSE,0
Full,1.5C,R10NORTH_AM,mortality_million_deaths,PM2.5 mortality,IMAGE,34,54,6.4660125,8.92639,-2.4603775,-38.05092396589088,High-CDR,-20.183673991455827,High-CDR,FALSE,17.867249974435055
Full,1.5C,R10NORTH_AM,mortality_million_deaths,PM2.5 mortality,MESSAGEix,34,51,9.6739525,8.92639,0.7475625000000008,7.727580841439947,High-RE,-20.183673991455827,High-CDR,TRUE,27.91125483289577
Full,1.5C,R10NORTH_AM,mortality_million_deaths,PM2.5 mortality,POLES,53,54,7.473765,8.92639,-1.4526249999999994,-19.436321586242,High-CDR,-20.183673991455827,High-CDR,FALSE,0.7473524052138281
Full,1.5C,R10NORTH_AM,mortality_million_deaths,PM2.5 mortality,REMIND,57,4,7.42729,7.1389949999999995,0.28829500000000063,3.88156380052483,High-RE,-20.183673991455827,High-CDR,TRUE,24.065237791980657
Full,1.5C,R10NORTH_AM,mortality_million_deaths,PM2.5 mortality,WITCH,51,54,7.38507,8.92639,-1.5413199999999998,-20.870756810700506,High-CDR,-20.183673991455827,High-CDR,FALSE,0.6870828192446794
Full,1.5C,R10NORTH_AM,total_energy_jobyears_per_1k,Employment,AIM,57,64,329.35015831471793,373.1676998634027,43.817541548684744,13.304241835771007,High-RE,13.43874302221498,High-RE,FALSE,0.13450118644397335
Full,1.5C,R10NORTH_AM,total_energy_jobyears_per_1k,Employment,GCAM,58,66,331.59468276228347,374.7557321363224,43.16104937403895,13.01620671794084,High-RE,13.43874302221498,High-RE,FALSE,0.422536304274141
Full,1.5C,R10NORTH_AM,total_energy_jobyears_per_1k,Employment,IMAGE,37,67,252.75746059056107,376.15684005403574,123.39937946347467,48.821260972932436,High-RE,13.43874302221498,High-RE,FALSE,35.38251795071746
Full,1.5C,R10NORTH_AM,total_energy_jobyears_per_1k,Employment,MESSAGEix,33,64,379.0116805397928,381.2498669558199,2.2381864160271334,0.5905323057166688,High-RE,13.43874302221498,High-RE,FALSE,12.848210716498311
Full,1.5C,R10NORTH_AM,total_energy_jobyears_per_1k,Employment,POLES,54,66,331.98578162357074,378.1540049392816,46.16822331571086,13.906686933978303,High-RE,13.43874302221498,High-RE,FALSE,0.4679439117633226
Full,1.5C,R10NORTH_AM,total_energy_jobyears_per_1k,Employment,REMIND,57,8,333.839207209849,377.6646697976543,43.825462587805305,13.127715870789533,High-RE,13.43874302221498,High-RE,FALSE,0.31102715142544746
Full,1.5C,R10NORTH_AM,total_energy_jobyears_per_1k,Employment,WITCH,52,67,307.31511507918145,376.15684005403574,68.84172497485429,22.401021491284876,High-RE,13.43874302221498,High-RE,FALSE,8.962278469069895
Full,1.5C,R10PAC_OECD,gap_GJ_pc,DLE gap,AIM,66,64,0.5024188308527116,0.6504129817887623,-0.14799415093605073,-29.45633042552828,High-CDR,-32.98459271067001,High-CDR,FALSE,3.5282622851417287
Full,1.5C,R10PAC_OECD,gap_GJ_pc,DLE gap,GCAM,60,66,0.5532602520300076,0.6720201083797865,-0.11875985634977893,-21.465459684484554,High-CDR,-32.98459271067001,High-CDR,FALSE,11.519133026185454
Full,1.5C,R10PAC_OECD,gap_GJ_pc,DLE gap,IMAGE,44,67,0.4262380535886015,0.6678363207321173,-0.2415982671435158,-56.68153397131987,High-CDR,-32.98459271067001,High-CDR,FALSE,23.696941260649865
Full,1.5C,R10PAC_OECD,gap_GJ_pc,DLE gap,MESSAGEix,42,64,0.7714472346322525,0.6770755013307477,0.09437173330150483,12.233076880039846,High-RE,-32.98459271067001,High-CDR,TRUE,45.21766959070985
Full,1.5C,R10PAC_OECD,gap_GJ_pc,DLE gap,POLES,63,66,0.5174287500557383,0.6504129817887623,-0.13298423173302398,-25.700974620891994,High-CDR,-32.98459271067001,High-CDR,FALSE,7.283618089778013
Full,1.5C,R10PAC_OECD,gap_GJ_pc,DLE gap,REMIND,66,8,0.5001458141926268,0.473844695953344,0.026301118239282828,5.258690064564488,High-RE,-32.98459271067001,High-CDR,TRUE,38.2432827752345
Full,1.5C,R10PAC_OECD,gap_GJ_pc,DLE gap,WITCH,61,67,0.4933058795815045,0.6678363207321173,-0.17453044115061278,-35.379760991025584,High-CDR,-32.98459271067001,High-CDR,FALSE,2.395168280355577
Full,1.5C,R10PAC_OECD,headcount_pct,Deprived share,AIM,66,64,0.21577261204526993,0.3485050625421262,-0.13273245049685628,-61.51496672293539,High-CDR,-61.351032131661654,High-CDR,FALSE,0.16393459127373688
Full,1.5C,R10PAC_OECD,headcount_pct,Deprived share,GCAM,60,66,0.2530152453760013,0.3485050625421262,-0.09548981716612492,-37.740736541080466,High-CDR,-61.351032131661654,High-CDR,FALSE,23.610295590581188
Full,1.5C,R10PAC_OECD,headcount_pct,Deprived share,IMAGE,44,67,0.16759549552332204,0.34360414756283825,-0.1760086520395162,-105.01991804130763,High-CDR,-61.351032131661654,High-CDR,FALSE,43.66888590964598
Full,1.5C,R10PAC_OECD,headcount_pct,Deprived share,MESSAGEix,42,64,0.31589896509978466,0.3543920816427848,-0.03849311654300014,-12.18526199693029,High-CDR,-61.351032131661654,High-CDR,FALSE,49.16577013473136
Full,1.5C,R10PAC_OECD,headcount_pct,Deprived share,POLES,63,66,0.24623737760527953,0.3485050625421262,-0.10226768493684668,-41.53215321387259,High-CDR,-61.351032131661654,High-CDR,FALSE,19.818878917789064
Full,1.5C,R10PAC_OECD,headcount_pct,Deprived share,REMIND,66,8,0.212651282426296,0.17395891895696936,0.03869236346932664,18.195217554230947,High-RE,-61.351032131661654,High-CDR,TRUE,79.5462496858926
Full,1.5C,R10PAC_OECD,headcount_pct,Deprived share,WITCH,61,67,0.20109234803144296,0.34360414756283825,-0.14251179953139528,-70.86883261670008,High-CDR,-61.351032131661654,High-CDR,FALSE,9.517800485038421
Full,1.5C,R10PAC_OECD,mortality_million_deaths,PM2.5 mortality,AIM,56,54,5.247882499999999,3.6120900000000002,1.635792499999999,31.170524492497677,High-RE,31.188455493641946,High-RE,FALSE,0.017931001144269487
Full,1.5C,R10PAC_OECD,mortality_million_deaths,PM2.5 mortality,GCAM,57,53,5.24925,3.597845,1.651405,31.45982759441825,High-RE,31.188455493641946,High-RE,FALSE,0.27137210077630414
Full,1.5C,R10PAC_OECD,mortality_million_deaths,PM2.5 mortality,IMAGE,34,54,5.08594,3.6120900000000002,1.4738499999999997,28.97891048655705,High-RE,31.188455493641946,High-RE,FALSE,2.2095450070848948
Full,1.5C,R10PAC_OECD,mortality_million_deaths,PM2.5 mortality,MESSAGEix,34,51,5.3745975,3.597845,1.7767525000000002,33.05833599632344,High-RE,31.188455493641946,High-RE,FALSE,1.8698805026814966
Full,1.5C,R10PAC_OECD,mortality_million_deaths,PM2.5 mortality,POLES,53,54,5.270475,3.6120900000000002,1.658385,31.46556999131957,High-RE,31.188455493641946,High-RE,FALSE,0.27711449767762275
Full,1.5C,R10PAC_OECD,mortality_million_deaths,PM2.5 mortality,REMIND,57,4,5.24925,4.9537700000000005,0.2954799999999995,5.628994618278792,High-RE,31.188455493641946,High-RE,FALSE,25.559460875363154
Full,1.5C,R10PAC_OECD,mortality_million_deaths,PM2.5 mortality,WITCH,51,54,5.2465,3.6120900000000002,1.63441,31.15238730582293,High-RE,31.188455493641946,High-RE,FALSE,0.03606818781901566
Full,1.5C,R10PAC_OECD,total_energy_jobyears_per_1k,Employment,AIM,57,64,175.52253882893393,169.97321164928513,-5.549327179648799,-3.161603755661961,High-CDR,-3.8893530782831505,High-CDR,FALSE,0.7277493226211895
Full,1.5C,R10PAC_OECD,total_energy_jobyears_per_1k,Employment,GCAM,58,66,177.96008241876066,170.8845752442959,-7.075507174464775,-3.975895649348649,High-CDR,-3.8893530782831505,High-CDR,FALSE,0.08654257106549856
Full,1.5C,R10PAC_OECD,total_energy_jobyears_per_1k,Employment,IMAGE,37,67,167.7019576878357,171.03858647509136,3.336628787255677,1.9896182687780872,High-RE,-3.8893530782831505,High-CDR,TRUE,5.8789713470612375
Full,1.5C,R10PAC_OECD,total_energy_jobyears_per_1k,Employment,MESSAGEix,33,64,236.9359751558644,169.97321164928513,-66.96276350657928,-28.261965479294112,High-CDR,-3.8893530782831505,High-CDR,FALSE,24.37261240101096
Full,1.5C,R10PAC_OECD,total_energy_jobyears_per_1k,Employment,POLES,54,66,165.10324929187618,170.8845752442959,5.7813259524197065,3.501642746109282,High-RE,-3.8893530782831505,High-CDR,TRUE,7.390995824392432
Full,1.5C,R10PAC_OECD,total_energy_jobyears_per_1k,Employment,REMIND,57,8,180.3976260085874,255.0749388978375,74.67731288925012,41.39595101195804,High-RE,-3.8893530782831505,High-CDR,TRUE,45.28530409024119
Full,1.5C,R10PAC_OECD,total_energy_jobyears_per_1k,Employment,WITCH,52,67,162.40786771149328,171.03858647509136,8.630718763598082,5.314224541713692,High-RE,-3.8893530782831505,High-CDR,TRUE,9.203577619996842
Full,1.5C,R10REF_ECON,gap_GJ_pc,DLE gap,AIM,66,64,12.0629700701157,9.713165055043977,2.3498050150717233,19.479489722792504,High-RE,17.71737104112168,High-RE,FALSE,1.7621186816708239
Full,1.5C,R10REF_ECON,gap_GJ_pc,DLE gap,GCAM,60,66,12.97113445503323,10.039713771821333,2.931420683211897,22.599570557025633,High-RE,17.71737104112168,High-RE,FALSE,4.882199515903952
Full,1.5C,R10REF_ECON,gap_GJ_pc,DLE gap,IMAGE,44,67,12.70509867668696,9.988113001498569,2.7169856751883916,21.385002543694416,High-RE,17.71737104112168,High-RE,FALSE,3.6676315025727355
Full,1.5C,R10REF_ECON,gap_GJ_pc,DLE gap,MESSAGEix,42,64,12.329386466146453,10.278191261243222,2.0511952049032303,16.6366364663426,High-RE,17.71737104112168,High-RE,FALSE,1.080734574779079
Full,1.5C,R10REF_ECON,gap_GJ_pc,DLE gap,POLES,63,66,11.930961573444009,9.713165055043977,2.217796518400032,18.588581521680652,High-RE,17.71737104112168,High-RE,FALSE,0.8712104805589718
Full,1.5C,R10REF_ECON,gap_GJ_pc,DLE gap,REMIND,66,8,12.253389466901554,6.724172407870256,5.529217059031298,45.1239803808296,High-RE,17.71737104112168,High-RE,FALSE,27.40660933970792
Full,1.5C,R10REF_ECON,gap_GJ_pc,DLE gap,WITCH,61,67,11.53930866825855,9.988113001498569,1.5511956667599822,13.44270884292135,High-RE,17.71737104112168,High-RE,FALSE,4.27466219820033
Full,1.5C,R10REF_ECON,headcount_pct,Deprived share,AIM,66,64,3.298609269599898,2.3833573870181413,0.9152518825817566,27.74659887779832,High-RE,27.923118058108543,High-RE,FALSE,0.17651918031022262
Full,1.5C,R10REF_ECON,headcount_pct,Deprived share,GCAM,60,66,3.458456837047051,2.3770376569565412,1.08141918009051,31.268835525322405,High-RE,27.923118058108543,High-RE,FALSE,3.3457174672138628
Full,1.5C,R10REF_ECON,headcount_pct,Deprived share,IMAGE,44,67,3.183733020239717,2.371377793588878,0.8123552266508391,25.51580869019204,High-RE,27.923118058108543,High-RE,FALSE,2.407309367916504
Full,1.5C,R10REF_ECON,headcount_pct,Deprived share,MESSAGEix,42,64,3.4101175918584556,2.3833573870181413,1.0267602048403144,30.10923163739781,High-RE,27.923118058108543,High-RE,FALSE,2.186113579289266
Full,1.5C,R10REF_ECON,headcount_pct,Deprived share,POLES,63,66,3.264002207118246,2.333001789847848,0.9310004172703983,28.52327781029195,High-RE,27.923118058108543,High-RE,FALSE,0.6001597521834086
Full,1.5C,R10REF_ECON,headcount_pct,Deprived share,REMIND,66,8,3.298609269599898,1.77993519147495,1.518674078124948,46.039829334171316,High-RE,27.923118058108543,High-RE,FALSE,18.116711276062773
Full,1.5C,R10REF_ECON,headcount_pct,Deprived share,WITCH,61,67,3.1654974717276465,2.371377793588878,0.7941196781387685,25.08672602746887,High-RE,27.923118058108543,High-RE,FALSE,2.836392030639672
Full,1.5C,R10REF_ECON,mortality_million_deaths,PM2.5 mortality,AIM,56,54,13.84942,13.053595000000001,0.7958249999999989,5.746269518867931,High-RE,5.769811042902265,High-RE,FALSE,0.02354152403433396
Full,1.5C,R10REF_ECON,mortality_million_deaths,PM2.5 mortality,GCAM,57,53,13.85288,13.052295,0.8005849999999999,5.779195373092092,High-RE,5.769811042902265,High-RE,FALSE,0.009384330189827317
Full,1.5C,R10REF_ECON,mortality_million_deaths,PM2.5 mortality,IMAGE,34,54,13.867065,13.053595000000001,0.8134699999999988,5.866201680023846,High-RE,5.769811042902265,High-RE,FALSE,0.09639063712158169
Full,1.5C,R10REF_ECON,mortality_million_deaths,PM2.5 mortality,MESSAGEix,34,51,13.9291475,13.048575,0.8805724999999995,6.321797511297799,High-RE,5.769811042902265,High-RE,FALSE,0.5519864683955342
Full,1.5C,R10REF_ECON,mortality_million_deaths,PM2.5 mortality,POLES,53,54,13.917475,13.053595000000001,0.8638799999999982,6.207160422418565,High-RE,5.769811042902265,High-RE,FALSE,0.4373493795163004
Full,1.5C,R10REF_ECON,mortality_million_deaths,PM2.5 mortality,REMIND,57,4,13.85288,13.995145,-0.14226500000000009,-1.026970564965553,High-CDR,5.769811042902265,High-RE,TRUE,6.796781607867818
Full,1.5C,R10REF_ECON,mortality_million_deaths,PM2.5 mortality,WITCH,51,54,13.75431,13.053595000000001,0.7007149999999989,5.094512192905343,High-RE,5.769811042902265,High-RE,FALSE,0.6752988499969215
Full,1.5C,R10REF_ECON,total_energy_jobyears_per_1k,Employment,AIM,57,64,836.7418375121796,983.9097922086899,147.16795469651026,17.588215157744887,High-RE,18.867212057436088,High-RE,FALSE,1.278996899691201
Full,1.5C,R10REF_ECON,total_energy_jobyears_per_1k,Employment,GCAM,58,66,848.9438914216829,996.6487529344306,147.7048615127477,17.398660029862977,High-RE,18.867212057436088,High-RE,FALSE,1.4685520275731108
Full,1.5C,R10REF_ECON,total_energy_jobyears_per_1k,Employment,IMAGE,37,67,861.1459453311862,1009.1159356648618,147.96999033367558,17.182916686296203,High-RE,18.867212057436088,High-RE,FALSE,1.6842953711398856
Full,1.5C,R10REF_ECON,total_energy_jobyears_per_1k,Employment,MESSAGEix,33,64,1106.442985545048,1026.1550471639673,-80.28793838108072,-7.256400865655979,High-CDR,18.867212057436088,High-RE,TRUE,26.123612923092068
Full,1.5C,R10REF_ECON,total_energy_jobyears_per_1k,Employment,POLES,54,66,831.8290504599868,996.6487529344306,164.81970247444383,19.81413156745385,High-RE,18.867212057436088,High-RE,FALSE,0.9469195100177608
Full,1.5C,R10REF_ECON,total_energy_jobyears_per_1k,Employment,REMIND,57,8,861.1459453311862,1166.8061761976078,305.66023086642156,35.49459096028936,High-RE,18.867212057436088,High-RE,FALSE,16.62737890285327
Full,1.5C,R10REF_ECON,total_energy_jobyears_per_1k,Employment,WITCH,52,67,822.2277233044265,1009.1159356648618,186.88821236043532,22.729495377430943,High-RE,18.867212057436088,High-RE,FALSE,3.862283319994855
Full,1.5C,R10REST_ASIA,gap_GJ_pc,DLE gap,AIM,66,64,10.979469300916392,20.40590956662739,-9.426440265710998,-85.85515390005442,High-CDR,-90.19500225176797,High-CDR,FALSE,4.339848351713556
Full,1.5C,R10REST_ASIA,gap_GJ_pc,DLE gap,GCAM,60,66,8.33059408160334,20.91507248480736,-12.58447840320402,-151.06339691901013,High-CDR,-90.19500225176797,High-CDR,FALSE,60.86839466724216
Full,1.5C,R10REST_ASIA,gap_GJ_pc,DLE gap,IMAGE,44,67,4.057814759718152,21.14595159932129,-17.088136839603138,-421.11673034552337,High-CDR,-90.19500225176797,High-CDR,FALSE,330.9217280937554
Full,1.5C,R10REST_ASIA,gap_GJ_pc,DLE gap,MESSAGEix,42,64,28.06040162445048,21.42284102282148,6.637560601629001,23.654545970024003,High-RE,-90.19500225176797,High-CDR,TRUE,113.84954822179198
Full,1.5C,R10REST_ASIA,gap_GJ_pc,DLE gap,POLES,63,66,8.785672443872404,21.204233324594625,-12.418560880722222,-141.35014661721866,High-CDR,-90.19500225176797,High-CDR,FALSE,51.15514436545068
Full,1.5C,R10REST_ASIA,gap_GJ_pc,DLE gap,REMIND,66,8,10.979469300916392,18.355267961250362,-7.37579866033397,-67.17809812281506,High-CDR,-90.19500225176797,High-CDR,FALSE,23.016904128952916
Full,1.5C,R10REST_ASIA,gap_GJ_pc,DLE gap,WITCH,61,67,8.569527341936084,21.14595159932129,-12.576424257385206,-146.75750196677544,High-CDR,-90.19500225176797,High-CDR,FALSE,56.56249971500746
Full,1.5C,R10REST_ASIA,headcount_pct,Deprived share,AIM,66,64,6.002564854775933,5.15171540394221,0.8508494508337234,14.174764811691226,High-RE,13.064956289572299,High-RE,FALSE,1.1098085221189269
Full,1.5C,R10REST_ASIA,headcount_pct,Deprived share,GCAM,60,66,4.265244034301184,5.2271583886414295,-0.9619143543402453,-22.55238731018693,High-CDR,13.064956289572299,High-RE,TRUE,35.61734359975923
Full,1.5C,R10REST_ASIA,headcount_pct,Deprived share,IMAGE,44,67,2.477261232598382,5.27830631645765,-2.801045083859268,-113.07023445893398,High-CDR,13.064956289572299,High-RE,TRUE,126.13519074850628
Full,1.5C,R10REST_ASIA,headcount_pct,Deprived share,MESSAGEix,42,64,7.614378622282789,5.3248967696307385,2.2894818526520506,30.06787508506721,High-RE,13.064956289572299,High-RE,FALSE,17.002918795494914
Full,1.5C,R10REST_ASIA,headcount_pct,Deprived share,POLES,63,66,4.561565891762041,5.2271583886414295,-0.6655924968793885,-14.591316067173667,High-CDR,13.064956289572299,High-RE,TRUE,27.656272356745966
Full,1.5C,R10REST_ASIA,headcount_pct,Deprived share,REMIND,66,8,6.002564854775933,6.481046869330588,-0.4784820145546549,-7.971292707882219,High-CDR,13.064956289572299,High-RE,TRUE,21.036248997454518
Full,1.5C,R10REST_ASIA,headcount_pct,Deprived share,WITCH,61,67,4.3448815155017755,5.27830631645765,-0.9334248009558745,-21.483320031296103,High-CDR,13.064956289572299,High-RE,TRUE,34.5482763208684
Full,1.5C,R10REST_ASIA,mortality_million_deaths,PM2.5 mortality,AIM,56,54,55.77363,55.9140625,-0.14043250000000285,-0.2517901380993184,High-CDR,-0.09667461868104482,High-CDR,FALSE,0.15511551941827356
Full,1.5C,R10REST_ASIA,mortality_million_deaths,PM2.5 mortality,GCAM,57,53,55.86006,55.88557,-0.02551000000000414,-0.04566769172822969,High-CDR,-0.09667461868104482,High-CDR,FALSE,0.05100692695281513
Full,1.5C,R10REST_ASIA,mortality_million_deaths,PM2.5 mortality,IMAGE,34,54,55.2910125,55.9140625,-0.6230499999999992,-1.1268558339386519,High-CDR,-0.09667461868104482,High-CDR,FALSE,1.030181215257607
Full,1.5C,R10REST_ASIA,mortality_million_deaths,PM2.5 mortality,MESSAGEix,34,51,61.082634999999996,55.95437,5.128264999999999,8.395618492882633,High-RE,-0.09667461868104482,High-CDR,TRUE,8.4922931115636775
Full,1.5C,R10REST_ASIA,mortality_million_deaths,PM2.5 mortality,POLES,53,54,56.056065,55.9140625,0.1420024999999967,0.2533222765458059,High-RE,-0.09667461868104482,High-CDR,TRUE,0.34999689522685073
Full,1.5C,R10REST_ASIA,mortality_million_deaths,PM2.5 mortality,REMIND,57,4,55.86006,52.749120000000005,3.1109399999999923,5.569166950411426,High-RE,-0.09667461868104482,High-CDR,TRUE,5.665841569092471
Full,1.5C,R10REST_ASIA,mortality_million_deaths,PM2.5 mortality,WITCH,51,54,56.27123,55.9140625,0.35716750000000275,0.6347248851677896,High-RE,-0.09667461868104482,High-CDR,TRUE,0.7313995038488343
Full,1.5C,R10REST_ASIA,total_energy_jobyears_per_1k,Employment,AIM,57,64,221.99073285942248,921.2525174625628,699.2617846031403,314.9959350086716,High-RE,311.8759996359546,High-RE,FALSE,3.119935372717009
Full,1.5C,R10REST_ASIA,total_energy_jobyears_per_1k,Employment,GCAM,58,66,222.68744914584744,919.1732213104733,696.4857721646258,312.7638198004001,High-RE,311.8759996359546,High-RE,FALSE,0.8878201644454862
Full,1.5C,R10REST_ASIA,total_energy_jobyears_per_1k,Employment,IMAGE,37,67,215.19161545710799,917.1961572332673,702.0045417761593,326.2229991094067,High-RE,311.8759996359546,High-RE,FALSE,14.346999473452115
Full,1.5C,R10REST_ASIA,total_energy_jobyears_per_1k,Employment,MESSAGEix,33,64,259.38111112269786,921.2525174625628,661.871406339865,255.1733252568159,High-RE,311.8759996359546,High-RE,FALSE,56.7026743791387
Full,1.5C,R10REST_ASIA,total_energy_jobyears_per_1k,Employment,POLES,54,66,222.68744914584744,919.1732213104733,696.4857721646258,312.7638198004001,High-RE,311.8759996359546,High-RE,FALSE,0.8878201644454862
Full,1.5C,R10REST_ASIA,total_energy_jobyears_per_1k,Employment,REMIND,57,8,221.99073285942248,276.4777898097889,54.487056950366394,24.54474393977103,High-RE,311.8759996359546,High-RE,FALSE,287.3312556961836
Full,1.5C,R10REST_ASIA,total_energy_jobyears_per_1k,Employment,WITCH,52,67,218.44929133241482,917.1961572332673,698.7468659008525,319.8668494820465,High-RE,311.8759996359546,High-RE,FALSE,7.990849846091919
Full,2C,Aggregated R10 regions,gap_GJ_pc,DLE gap,AIM,203,215,19.514362184594667,16.4462522669851,3.0681099176095685,15.722317176380196,High-RE,23.622471794454814,High-RE,FALSE,7.900154618074618
Full,2C,Aggregated R10 regions,gap_GJ_pc,DLE gap,GCAM,197,222,23.85507054668312,16.77774453757986,7.07732600910326,29.668015423611116,High-RE,23.622471794454814,High-RE,FALSE,6.0455436291563025
Full,2C,Aggregated R10 regions,gap_GJ_pc,DLE gap,IMAGE,178,224,18.075103041288802,16.821258675575876,1.2538443657129257,6.93685874348146,High-RE,23.622471794454814,High-RE,FALSE,16.685613050973352
Full,2C,Aggregated R10 regions,gap_GJ_pc,DLE gap,MESSAGEix,149,202,26.271127347171863,16.874963323635896,9.396164023535967,35.76612415358522,High-RE,23.622471794454814,High-RE,FALSE,12.143652359130403
Full,2C,Aggregated R10 regions,gap_GJ_pc,DLE gap,POLES,167,218,17.44979142947257,16.46823371649345,0.981557712979118,5.6250398003111615,High-RE,23.622471794454814,High-RE,FALSE,17.997431994143653
Full,2C,Aggregated R10 regions,gap_GJ_pc,DLE gap,REMIND,223,65,22.04288845564124,25.51733302962139,-3.4744445739801506,-15.762201859216717,High-CDR,23.622471794454814,High-RE,TRUE,39.38467365367153
Full,2C,Aggregated R10 regions,gap_GJ_pc,DLE gap,WITCH,221,210,21.808522240462896,16.314609465506265,5.49391277495663,25.1915866392973,High-RE,23.622471794454814,High-RE,FALSE,1.5691148448424848
Full,2C,Aggregated R10 regions,headcount_pct,Deprived share,AIM,203,215,4.928240169164036,4.296383646452842,0.6318565227111943,12.821139007484174,High-RE,24.139301946886143,High-RE,FALSE,11.318162939401969
Full,2C,Aggregated R10 regions,headcount_pct,Deprived share,GCAM,197,222,6.331881927232971,4.37227914097409,1.9596027862588814,30.94818900255815,High-RE,24.139301946886143,High-RE,FALSE,6.808887055672006
Full,2C,Aggregated R10 regions,headcount_pct,Deprived share,IMAGE,178,224,4.520687002279921,4.375856912175896,0.14483009010402448,3.2037185947839837,High-RE,24.139301946886143,High-RE,FALSE,20.93558335210216
Full,2C,Aggregated R10 regions,headcount_pct,Deprived share,MESSAGEix,149,202,6.870428776750079,4.394386598071197,2.476042178678882,36.039121561931466,High-RE,24.139301946886143,High-RE,FALSE,11.899819615045324
Full,2C,Aggregated R10 regions,headcount_pct,Deprived share,POLES,167,218,4.318684470480143,4.344027080268715,-0.025342609788571835,-0.586813182620732,High-CDR,24.139301946886143,High-RE,TRUE,24.726115129506873
Full,2C,Aggregated R10 regions,headcount_pct,Deprived share,REMIND,223,65,5.774099363425409,7.179367660873524,-1.4052682974481145,-24.337445703644033,High-CDR,24.139301946886143,High-RE,TRUE,48.47674765053017
Full,2C,Aggregated R10 regions,headcount_pct,Deprived share,WITCH,221,210,5.746061260918379,4.228298027323243,1.5177632335951365,26.41397584669252,High-RE,24.139301946886143,High-RE,FALSE,2.274673899806377
Full,2C,Aggregated R10 regions,mortality_million_deaths,PM2.5 mortality,AIM,169,168,455.163095,435.3695825,19.79351250000002,4.348663746563201,High-RE,1.333415619537075,High-RE,FALSE,3.0152481270261258
Full,2C,Aggregated R10 regions,mortality_million_deaths,PM2.5 mortality,GCAM,186,168,440.06449,433.692365,6.372124999999983,1.4479979968390504,High-RE,1.333415619537075,High-RE,FALSE,0.1145823773019754
Full,2C,Aggregated R10 regions,mortality_million_deaths,PM2.5 mortality,IMAGE,153,170,433.918965,434.137855,-0.2188899999999876,-0.050444902771186226,High-CDR,1.333415619537075,High-RE,TRUE,1.3838605223082612
Full,2C,Aggregated R10 regions,mortality_million_deaths,PM2.5 mortality,MESSAGEix,117,151,427.06152,427.702645,-0.641125000000045,-0.15012474081018704,High-CDR,1.333415619537075,High-RE,TRUE,1.483540360347262
Full,2C,Aggregated R10 regions,mortality_million_deaths,PM2.5 mortality,POLES,133,172,463.11339,434.621435,28.49195499999996,6.15226327185227,High-RE,1.333415619537075,High-RE,FALSE,4.8188476523151955
Full,2C,Aggregated R10 regions,mortality_million_deaths,PM2.5 mortality,REMIND,189,38,440.495065,441.60157749999996,-1.1065124999999512,-0.25119747936335024,High-CDR,1.333415619537075,High-RE,TRUE,1.5846130989004252
Full,2C,Aggregated R10 regions,mortality_million_deaths,PM2.5 mortality,WITCH,187,165,442.411195,435.543815,6.867380000000026,1.5522618047674008,High-RE,1.333415619537075,High-RE,FALSE,0.21884618523032584
Full,2C,Aggregated R10 regions,total_energy_jobyears_per_1k,Employment,AIM,192,223,285.9992573916282,550.5614710124586,264.5622136208304,92.50451068778709,High-RE,84.27166836101688,High-RE,FALSE,8.23284232677021
Full,2C,Aggregated R10 regions,total_energy_jobyears_per_1k,Employment,COFFEE,212,226,294.40860114420377,549.8092822995812,255.40068115537747,86.7504142755259,High-RE,84.27166836101688,High-RE,FALSE,2.4787459145090196
Full,2C,Aggregated R10 regions,total_energy_jobyears_per_1k,Employment,GCAM,209,230,293.60291643625965,542.5116411267561,248.90872469049646,84.7773338602152,High-RE,84.27166836101688,High-RE,FALSE,0.5056654991983152
Full,2C,Aggregated R10 regions,total_energy_jobyears_per_1k,Employment,IMAGE,167,232,308.4445802459562,548.4163730786662,239.97179283270998,77.80061904195384,High-RE,84.27166836101688,High-RE,FALSE,6.471049319063042
Full,2C,Aggregated R10 regions,total_energy_jobyears_per_1k,Employment,MESSAGEix,138,210,348.10315121201927,569.1635679790782,221.06041676705888,63.50428486423485,High-RE,84.27166836101688,High-RE,FALSE,20.76738349678203
Full,2C,Aggregated R10 regions,total_energy_jobyears_per_1k,Employment,POLES,156,226,274.4702093486674,549.8092822995812,275.3390729509138,100.31656025778108,High-RE,84.27166836101688,High-RE,FALSE,16.0448918967642
Full,2C,Aggregated R10 regions,total_energy_jobyears_per_1k,Employment,REMIND,212,73,294.40860114420377,320.8048964605808,26.396295316377007,8.965870974485519,High-RE,84.27166836101688,High-RE,FALSE,75.30579738653137
Full,2C,Aggregated R10 regions,total_energy_jobyears_per_1k,Employment,TIAM,200,234,297.1260667571902,542.5116411267561,245.38557436956592,82.5863503150983,High-RE,84.27166836101688,High-RE,FALSE,1.685318045918578
Full,2C,Aggregated R10 regions,total_energy_jobyears_per_1k,Employment,WITCH,210,218,293.701228420669,552.5859571691744,258.88472874850544,88.14560638394886,High-RE,84.27166836101688,High-RE,FALSE,3.8739380229319806
Full,2C,R10AFRICA,gap_GJ_pc,DLE gap,AIM,203,219,54.18999096548264,39.0860998842436,15.103891081239041,27.872104815185807,High-RE,40.071003646127174,High-RE,FALSE,12.198898830941367
Full,2C,R10AFRICA,gap_GJ_pc,DLE gap,GCAM,197,226,73.7595416134043,39.46807712906975,34.29146448433455,46.49088610673086,High-RE,40.071003646127174,High-RE,FALSE,6.419882460603688
Full,2C,R10AFRICA,gap_GJ_pc,DLE gap,IMAGE,178,228,45.345398610528605,39.68053129439804,5.664867316130568,12.492705962927097,High-RE,40.071003646127174,High-RE,FALSE,27.578297683200077
Full,2C,R10AFRICA,gap_GJ_pc,DLE gap,MESSAGEix,149,206,92.7433458111326,40.08636992503487,52.656975886097726,56.777093197965,High-RE,40.071003646127174,High-RE,FALSE,16.706089551837827
Full,2C,R10AFRICA,gap_GJ_pc,DLE gap,POLES,167,222,43.35734192838912,39.35449068357018,4.002851244818942,9.232233958046196,High-RE,40.071003646127174,High-RE,FALSE,30.83876968808098
Full,2C,R10AFRICA,gap_GJ_pc,DLE gap,REMIND,223,65,66.59168801652324,78.22857824079787,-11.636890224274637,-17.47498910282497,High-CDR,40.071003646127174,High-RE,TRUE,57.545992748952145
Full,2C,R10AFRICA,gap_GJ_pc,DLE gap,WITCH,221,214,64.2410557134663,39.00401759386203,25.237038119604264,39.28490564066811,High-RE,40.071003646127174,High-RE,FALSE,0.7860980054590669
Full,2C,R10AFRICA,headcount_pct,Deprived share,AIM,203,219,10.283376404590747,7.880172988279795,2.4032034163109524,23.369789471462937,High-RE,28.630174345381544,High-RE,FALSE,5.260384873918607
Full,2C,R10AFRICA,headcount_pct,Deprived share,GCAM,197,226,12.521569579919028,8.041494718608334,4.480074861310694,35.778860091912414,High-RE,28.630174345381544,High-RE,FALSE,7.1486857465308695
Full,2C,R10AFRICA,headcount_pct,Deprived share,IMAGE,178,228,9.71328355711912,8.015977767800488,1.6973057893186319,17.474068159727842,High-RE,28.630174345381544,High-RE,FALSE,11.156106185653702
Full,2C,R10AFRICA,headcount_pct,Deprived share,MESSAGEix,149,206,15.33103560702161,8.073823574790863,7.257212032230747,47.33673717975677,High-RE,28.630174345381544,High-RE,FALSE,18.706562834375223
Full,2C,R10AFRICA,headcount_pct,Deprived share,POLES,167,222,8.946891043408302,7.903412681503512,1.04347836190479,11.663027490131128,High-RE,28.630174345381544,High-RE,FALSE,16.967146855250416
Full,2C,R10AFRICA,headcount_pct,Deprived share,REMIND,223,65,11.267359342481392,14.22097966649315,-2.9536203240117587,-26.2139533694972,High-CDR,28.630174345381544,High-RE,TRUE,54.844127714878745
Full,2C,R10AFRICA,headcount_pct,Deprived share,WITCH,221,214,11.097143236467996,7.817036203941354,3.280107032526642,29.558121064414014,High-RE,28.630174345381544,High-RE,FALSE,0.9279467190324695
Full,2C,R10AFRICA,mortality_million_deaths,PM2.5 mortality,AIM,169,168,76.411605,78.6748725,-2.263267500000012,-2.9619421029044113,High-CDR,-2.6230602214922194,High-CDR,FALSE,0.3388818814121919
Full,2C,R10AFRICA,mortality_million_deaths,PM2.5 mortality,GCAM,186,168,76.6407025,78.6748725,-2.034170000000003,-2.6541640846781163,High-CDR,-2.6230602214922194,High-CDR,FALSE,0.031103863185896863
Full,2C,R10AFRICA,mortality_million_deaths,PM2.5 mortality,IMAGE,153,170,76.66056,78.69303,-2.0324699999999893,-2.6512590046302678,High-CDR,-2.6230602214922194,High-CDR,FALSE,0.028198783138048356
Full,2C,R10AFRICA,mortality_million_deaths,PM2.5 mortality,MESSAGEix,117,151,75.668685,78.71795,-3.0492650000000054,-4.0297581489621574,High-CDR,-2.6230602214922194,High-CDR,FALSE,1.406697927469938
Full,2C,R10AFRICA,mortality_million_deaths,PM2.5 mortality,POLES,133,172,77.283615,78.687545,-1.4039300000000026,-1.8165946300519231,High-CDR,-2.6230602214922194,High-CDR,FALSE,0.8064655914402963
Full,2C,R10AFRICA,mortality_million_deaths,PM2.5 mortality,REMIND,189,38,76.67628,75.7838375,0.8924425000000014,1.1639094906534346,High-RE,-2.6230602214922194,High-CDR,TRUE,3.786969712145654
Full,2C,R10AFRICA,mortality_million_deaths,PM2.5 mortality,WITCH,187,165,76.69613,78.70081,-2.0046800000000076,-2.613795507022333,High-CDR,-2.6230602214922194,High-CDR,FALSE,0.009264714469886304
Full,2C,R10AFRICA,total_energy_jobyears_per_1k,Employment,AIM,192,227,302.48072802394995,765.5223093278786,463.04158130392864,153.08134978677575,High-RE,171.2257186427931,High-RE,FALSE,18.144368856017365
Full,2C,R10AFRICA,total_energy_jobyears_per_1k,Employment,COFFEE,212,230,278.3390997443338,765.0941213867407,486.75502164240686,174.87842063494202,High-RE,171.2257186427931,High-RE,FALSE,3.6527019921489057
Full,2C,R10AFRICA,total_energy_jobyears_per_1k,Employment,GCAM,209,234,278.0033497007432,751.7082796351481,473.7049299344049,170.39540366845392,High-RE,171.2257186427931,High-RE,FALSE,0.8303149743391884
Full,2C,R10AFRICA,total_energy_jobyears_per_1k,Employment,IMAGE,167,236,304.4299528211148,754.1511295612536,449.7211767401388,147.72566647027605,High-RE,171.2257186427931,High-RE,FALSE,23.50005217251706
Full,2C,R10AFRICA,total_energy_jobyears_per_1k,Employment,MESSAGEix,138,214,278.3390997443338,781.0611085115854,502.7220087672516,180.61494386847662,High-RE,171.2257186427931,High-RE,FALSE,9.389225225683504
Full,2C,R10AFRICA,total_energy_jobyears_per_1k,Employment,POLES,156,230,238.32009897109765,765.0941213867407,526.774022415643,221.03633923025842,High-RE,171.2257186427931,High-RE,FALSE,49.81062058746531
Full,2C,R10AFRICA,total_energy_jobyears_per_1k,Employment,REMIND,212,73,278.3390997443338,302.4604551973105,24.12135545297673,8.66617570982058,High-RE,171.2257186427931,High-RE,FALSE,162.55954293297253
Full,2C,R10AFRICA,total_energy_jobyears_per_1k,Employment,TIAM,200,238,293.35322163253943,754.92722354545,461.5740019129106,157.34410528856853,High-RE,171.2257186427931,High-RE,FALSE,13.881613354224584
Full,2C,R10AFRICA,total_energy_jobyears_per_1k,Employment,WITCH,210,222,279.1857736188419,774.0547683315981,494.8689947127562,177.2543737806553,High-RE,171.2257186427931,High-RE,FALSE,6.028655137862188
Full,2C,R10CHINA+,gap_GJ_pc,DLE gap,AIM,206,219,16.566858492774962,14.090281746924102,2.47657674585086,14.948982312675211,High-RE,13.341278240236557,High-RE,FALSE,1.6077040724386542
Full,2C,R10CHINA+,gap_GJ_pc,DLE gap,GCAM,200,226,16.566858492774962,14.223178378640872,2.3436801141340897,14.146798653203932,High-RE,13.341278240236557,High-RE,FALSE,0.8055204129673754
Full,2C,R10CHINA+,gap_GJ_pc,DLE gap,IMAGE,178,228,15.755594787633235,14.136624958299235,1.6189698293340005,10.27552340077158,High-RE,13.341278240236557,High-RE,FALSE,3.0657548394649776
Full,2C,R10CHINA+,gap_GJ_pc,DLE gap,MESSAGEix,152,206,15.883506632081712,13.894380056566801,1.989126575514911,12.523220606067223,High-RE,13.341278240236557,High-RE,FALSE,0.8180576341693335
Full,2C,R10CHINA+,gap_GJ_pc,DLE gap,POLES,170,222,17.04727058243902,14.10369609377996,2.94357448865906,17.267130678921337,High-RE,13.341278240236557,High-RE,FALSE,3.92585243868478
Full,2C,R10CHINA+,gap_GJ_pc,DLE gap,REMIND,226,65,16.36164109411005,15.703564973721251,0.658076120388797,4.022066714479484,High-RE,13.341278240236557,High-RE,FALSE,9.319211525757073
Full,2C,R10CHINA+,gap_GJ_pc,DLE gap,WITCH,224,214,16.279404574597827,14.311602433247922,1.967802141349905,12.087678835750776,High-RE,13.341278240236557,High-RE,FALSE,1.2535994044857812
Full,2C,R10CHINA+,headcount_pct,Deprived share,AIM,206,219,4.92663836277273,4.510159907403446,0.4164784553692833,8.453603140760828,High-RE,7.525634291080619,High-RE,FALSE,0.9279688496802088
Full,2C,R10CHINA+,headcount_pct,Deprived share,GCAM,200,226,4.873958973691561,4.523057429631951,0.35090154405961016,7.199517803774937,High-RE,7.525634291080619,High-RE,FALSE,0.3261164873056819
Full,2C,R10CHINA+,headcount_pct,Deprived share,IMAGE,178,228,4.7411642082214085,4.510246642172499,0.23091756604890978,4.870482352171805,High-RE,7.525634291080619,High-RE,FALSE,2.6551519389088147
Full,2C,R10CHINA+,headcount_pct,Deprived share,MESSAGEix,152,206,4.905997327509077,4.4379387075064445,0.46805862000263243,9.54053964477555,High-RE,7.525634291080619,High-RE,FALSE,2.01490535369493
Full,2C,R10CHINA+,headcount_pct,Deprived share,POLES,170,222,5.077109154501459,4.493480747040948,0.5836284074605107,11.49528973477072,High-RE,7.525634291080619,High-RE,FALSE,3.969655443690101
Full,2C,R10CHINA+,headcount_pct,Deprived share,REMIND,226,65,4.882251291993676,4.911298474263325,-0.02904718226964942,-0.5949546742357039,High-CDR,7.525634291080619,High-RE,TRUE,8.120588965316323
Full,2C,R10CHINA+,headcount_pct,Deprived share,WITCH,224,214,4.880223074909981,4.523057429631951,0.3571656452780303,7.3186335910396565,High-RE,7.525634291080619,High-RE,FALSE,0.20700070004096283
Full,2C,R10CHINA+,mortality_million_deaths,PM2.5 mortality,AIM,169,168,79.446195,78.890895,0.5553000000000026,0.6989636193401113,High-RE,0.9444697657424228,High-RE,FALSE,0.2455061464023115
Full,2C,R10CHINA+,mortality_million_deaths,PM2.5 mortality,GCAM,186,168,79.579425,78.84241,0.7370149999999995,0.9261376291673376,High-RE,0.9444697657424228,High-RE,FALSE,0.018332136575085256
Full,2C,R10CHINA+,mortality_million_deaths,PM2.5 mortality,IMAGE,153,170,78.44602,78.866265,-0.4202449999999942,-0.5357123280441687,High-CDR,0.9444697657424228,High-RE,TRUE,1.4801820937865915
Full,2C,R10CHINA+,mortality_million_deaths,PM2.5 mortality,MESSAGEix,117,151,82.533755,79.403455,3.1303000000000054,3.79275122039462,High-RE,0.9444697657424228,High-RE,FALSE,2.848281454652197
Full,2C,R10CHINA+,mortality_million_deaths,PM2.5 mortality,POLES,133,172,81.252035,78.890895,2.361140000000006,2.9059456787759297,High-RE,0.9444697657424228,High-RE,FALSE,1.9614759130335069
Full,2C,R10CHINA+,mortality_million_deaths,PM2.5 mortality,REMIND,189,38,79.6431,77.641955,2.001145000000008,2.5126407686290566,High-RE,0.9444697657424228,High-RE,FALSE,1.5681710028866338
Full,2C,R10CHINA+,mortality_million_deaths,PM2.5 mortality,WITCH,187,165,79.579425,78.78534,0.7940849999999955,0.997852145827889,High-RE,0.9444697657424228,High-RE,FALSE,0.05338238008546614
Full,2C,R10CHINA+,total_energy_jobyears_per_1k,Employment,AIM,195,227,230.39247336313892,378.6672642975063,148.27479093436736,64.3574804202307,High-RE,52.13318599081495,High-RE,FALSE,12.22429442941575
Full,2C,R10CHINA+,total_energy_jobyears_per_1k,Employment,COFFEE,215,230,251.65311943858796,384.66692886341275,133.01380942482479,52.856014549537406,High-RE,52.13318599081495,High-RE,FALSE,0.7228285587224548
Full,2C,R10CHINA+,total_energy_jobyears_per_1k,Employment,GCAM,212,234,248.0992059950185,382.8479082471947,134.7487022521762,54.312427849882674,High-RE,52.13318599081495,High-RE,FALSE,2.179241859067723
Full,2C,R10CHINA+,total_energy_jobyears_per_1k,Employment,IMAGE,167,236,297.9464119914026,381.78484990845425,83.83843791705164,28.138764067234625,High-RE,52.13318599081495,High-RE,FALSE,23.994421923580326
Full,2C,R10CHINA+,total_energy_jobyears_per_1k,Employment,MESSAGEix,141,214,417.440824030747,391.65649726479774,-25.784326765949288,-6.176762137679692,High-CDR,52.13318599081495,High-RE,TRUE,58.30994812849464
Full,2C,R10CHINA+,total_energy_jobyears_per_1k,Employment,POLES,159,230,222.0017704363592,379.6838825393176,157.6821121029584,71.02741198550973,High-RE,52.13318599081495,High-RE,FALSE,18.89422599469478
Full,2C,R10CHINA+,total_energy_jobyears_per_1k,Employment,REMIND,215,73,251.65311943858796,333.39285840587405,81.73973896728609,32.481114936957255,High-RE,52.13318599081495,High-RE,FALSE,19.652071053857696
Full,2C,R10CHINA+,total_energy_jobyears_per_1k,Employment,TIAM,203,238,276.2156455743824,382.8479082471947,106.63226267281232,38.60471496865199,High-RE,52.13318599081495,High-RE,FALSE,13.528471022162961
Full,2C,R10CHINA+,total_energy_jobyears_per_1k,Employment,WITCH,213,222,250.5443362657257,383.78288498923536,133.23854872350967,53.179629086565235,High-RE,52.13318599081495,High-RE,FALSE,1.0464430957502842
Full,2C,R10EUROPE,gap_GJ_pc,DLE gap,AIM,206,219,0.37456811729629014,0.1990085485101983,0.17555956878609183,46.86986443302142,High-RE,44.554776443126876,High-RE,FALSE,2.3150879898945433
Full,2C,R10EUROPE,gap_GJ_pc,DLE gap,GCAM,200,226,0.376512512858131,0.19923074548535727,0.1772817673727737,47.08522594030575,High-RE,44.554776443126876,High-RE,FALSE,2.5304494971788714
Full,2C,R10EUROPE,gap_GJ_pc,DLE gap,IMAGE,178,228,0.3312820497729164,0.19953020439887856,0.13175184537403786,39.77029406342712,High-RE,44.554776443126876,High-RE,FALSE,4.784482379699753
Full,2C,R10EUROPE,gap_GJ_pc,DLE gap,MESSAGEix,152,206,0.39989806075315226,0.19419980954932628,0.20569825120382598,51.43767159471142,High-RE,44.554776443126876,High-RE,FALSE,6.882895151584542
Full,2C,R10EUROPE,gap_GJ_pc,DLE gap,POLES,170,222,0.3102767641208498,0.19892701666029766,0.11134974746055215,35.887233701194106,High-RE,44.554776443126876,High-RE,FALSE,8.66754274193277
Full,2C,R10EUROPE,gap_GJ_pc,DLE gap,REMIND,226,65,0.3607053082243253,0.42485143636199846,-0.06414612813767318,-17.78352762631933,High-CDR,44.554776443126876,High-RE,TRUE,62.33830406944621
Full,2C,R10EUROPE,gap_GJ_pc,DLE gap,WITCH,224,214,0.35935073970728826,0.1963841011857532,0.16296663852153506,45.35030000335625,High-RE,44.554776443126876,High-RE,FALSE,0.7955235602293769
Full,2C,R10EUROPE,headcount_pct,Deprived share,AIM,206,219,0.1455707490141671,0.1030917276395742,0.04247902137459292,29.18101449794616,High-RE,22.58209828115187,High-RE,FALSE,6.59891621679429
Full,2C,R10EUROPE,headcount_pct,Deprived share,GCAM,200,226,0.14989014882426305,0.10233363233611742,0.04755651648814563,31.72757973834739,High-RE,22.58209828115187,High-RE,FALSE,9.145481457195523
Full,2C,R10EUROPE,headcount_pct,Deprived share,IMAGE,178,228,0.11885898977423898,0.10251810782062817,0.016340881953610803,13.748124550485167,High-RE,22.58209828115187,High-RE,FALSE,8.8339737306667
Full,2C,R10EUROPE,headcount_pct,Deprived share,MESSAGEix,152,206,0.17501798540963504,0.10059410802177841,0.07442387738785662,42.52355962940907,High-RE,22.58209828115187,High-RE,FALSE,19.941461348257203
Full,2C,R10EUROPE,headcount_pct,Deprived share,POLES,170,222,0.11193530824976193,0.10214486801301452,0.00979044023674741,8.746516528012718,High-RE,22.58209828115187,High-RE,FALSE,13.83558175313915
Full,2C,R10EUROPE,headcount_pct,Deprived share,REMIND,226,65,0.13286065394626256,0.1756844887420734,-0.04282383479581084,-32.23214211570234,High-CDR,22.58209828115187,High-RE,TRUE,54.8142403968542
Full,2C,R10EUROPE,headcount_pct,Deprived share,WITCH,224,214,0.13269126991674468,0.10059410802177841,0.03209716189496627,24.189354669003613,High-RE,22.58209828115187,High-RE,FALSE,1.607256387851745
Full,2C,R10EUROPE,mortality_million_deaths,PM2.5 mortality,AIM,169,168,15.030455,11.23153,3.7989250000000006,25.27485029561647,High-RE,25.560068003701705,High-RE,FALSE,0.2852177080852343
Full,2C,R10EUROPE,mortality_million_deaths,PM2.5 mortality,GCAM,186,168,15.08559,11.23153,3.8540600000000005,25.54795669244624,High-RE,25.560068003701705,High-RE,FALSE,0.012111311255466717
Full,2C,R10EUROPE,mortality_million_deaths,PM2.5 mortality,IMAGE,153,170,14.81512,11.2326625,3.5824575000000003,24.181089994546113,High-RE,25.560068003701705,High-RE,FALSE,1.3789780091555919
Full,2C,R10EUROPE,mortality_million_deaths,PM2.5 mortality,MESSAGEix,117,151,16.24215,11.19978,5.042369999999998,31.04496633758461,High-RE,25.560068003701705,High-RE,FALSE,5.4848983338829065
Full,2C,R10EUROPE,mortality_million_deaths,PM2.5 mortality,POLES,133,172,16.04942,11.23325,4.816170000000001,30.0083741343924,High-RE,25.560068003701705,High-RE,FALSE,4.448306130690696
Full,2C,R10EUROPE,mortality_million_deaths,PM2.5 mortality,REMIND,189,38,15.090355,15.32817,-0.23781499999999944,-1.5759403937150547,High-CDR,25.560068003701705,High-RE,TRUE,27.13600839741676
Full,2C,R10EUROPE,mortality_million_deaths,PM2.5 mortality,WITCH,187,165,15.08619,11.23065,3.8555399999999995,25.5567509092753,High-RE,25.560068003701705,High-RE,FALSE,0.0033170944264035995
Full,2C,R10EUROPE,total_energy_jobyears_per_1k,Employment,AIM,195,227,149.72330413297186,154.8062681751463,5.082964042174439,3.3949050694607767,High-RE,2.455692306481702,High-RE,FALSE,0.939212762979075
Full,2C,R10EUROPE,total_energy_jobyears_per_1k,Employment,COFFEE,215,230,153.56532766569075,155.78138465165125,2.216056985960506,1.4430711799637654,High-RE,2.455692306481702,High-RE,FALSE,1.0126211265179363
Full,2C,R10EUROPE,total_energy_jobyears_per_1k,Employment,GCAM,212,234,153.07700355284194,156.10948948464596,3.0324859318040183,1.9810199190090685,High-RE,2.455692306481702,High-RE,FALSE,0.4746723874726333
Full,2C,R10EUROPE,total_energy_jobyears_per_1k,Employment,IMAGE,167,236,173.9976765190914,156.64869002877447,-17.348986490316946,-9.97081503465558,High-CDR,2.455692306481702,High-RE,TRUE,12.426507341137281
Full,2C,R10EUROPE,total_energy_jobyears_per_1k,Employment,MESSAGEix,141,214,190.44915823536894,161.07056853395312,-29.37858970141582,-15.425948832552953,High-CDR,2.455692306481702,High-RE,TRUE,17.881641139034656
Full,2C,R10EUROPE,total_energy_jobyears_per_1k,Employment,POLES,159,230,143.91637577480833,155.78138465165125,11.865008876842921,8.244377203750998,High-RE,2.455692306481702,High-RE,FALSE,5.788684897269297
Full,2C,R10EUROPE,total_energy_jobyears_per_1k,Employment,REMIND,215,73,153.56532766569075,163.93726226848455,10.3719346027938,6.754086199310129,High-RE,2.455692306481702,High-RE,FALSE,4.298393892828427
Full,2C,R10EUROPE,total_energy_jobyears_per_1k,Employment,TIAM,203,238,155.95491445929582,157.33641960260053,1.3815051433047074,0.8858362354879684,High-RE,2.455692306481702,High-RE,FALSE,1.5698560709937333
Full,2C,R10EUROPE,total_energy_jobyears_per_1k,Employment,WITCH,213,222,153.53234636698357,159.1806354555803,5.6482890885967265,3.6788919222896506,High-RE,2.455692306481702,High-RE,FALSE,1.2231996158079488
Full,2C,R10INDIA+,gap_GJ_pc,DLE gap,AIM,203,219,5.322549900920854,2.3161598494487863,3.0063900514720676,56.48401813859805,High-RE,59.44327735435829,High-RE,FALSE,2.959259215760234
Full,2C,R10INDIA+,gap_GJ_pc,DLE gap,GCAM,197,226,6.1050149842629775,2.3344880028547514,3.770526981408226,61.761142128685854,High-RE,59.44327735435829,High-RE,FALSE,2.3178647743275675
Full,2C,R10INDIA+,gap_GJ_pc,DLE gap,IMAGE,178,228,5.317769318099069,2.348536911893291,2.969232406205778,55.836051332651316,High-RE,59.44327735435829,High-RE,FALSE,3.607226021706971
Full,2C,R10INDIA+,gap_GJ_pc,DLE gap,MESSAGEix,149,206,7.235318140764217,2.307091389507931,4.928226751256286,68.1134769111307,High-RE,59.44327735435829,High-RE,FALSE,8.670199556772417
Full,2C,R10INDIA+,gap_GJ_pc,DLE gap,POLES,167,222,4.566529749225295,2.3205656409908175,2.2459641082344777,49.183170406707674,High-RE,59.44327735435829,High-RE,FALSE,10.260106947650613
Full,2C,R10INDIA+,gap_GJ_pc,DLE gap,REMIND,223,65,5.821209803713821,8.546732982498366,-2.7255231787845444,-46.82056257525218,High-CDR,59.44327735435829,High-RE,TRUE,106.26383992961047
Full,2C,R10INDIA+,gap_GJ_pc,DLE gap,WITCH,221,214,5.770175166579163,2.3142405597324034,3.4559346068467596,59.89306229147986,High-RE,59.44327735435829,High-RE,FALSE,0.44978493712157075
Full,2C,R10INDIA+,headcount_pct,Deprived share,AIM,203,219,2.044143074542806,1.1436338684967309,0.9005092060460753,44.053139785603484,High-RE,47.2997991747383,High-RE,FALSE,3.2466593891348126
Full,2C,R10INDIA+,headcount_pct,Deprived share,GCAM,197,226,2.3719879428183304,1.1523906234690706,1.2195973193492597,51.416674483605,High-RE,47.2997991747383,High-RE,FALSE,4.116875308866703
Full,2C,R10INDIA+,headcount_pct,Deprived share,IMAGE,178,228,1.8584401847365974,1.1545784865199504,0.703861698216647,37.87378813681903,High-RE,47.2997991747383,High-RE,FALSE,9.426011037919267
Full,2C,R10INDIA+,headcount_pct,Deprived share,MESSAGEix,149,206,2.890566183974391,1.1216729395103915,1.7688932444639995,61.1953898260809,High-RE,47.2997991747383,High-RE,FALSE,13.895590651342602
Full,2C,R10INDIA+,headcount_pct,Deprived share,POLES,167,222,1.7621788313187308,1.1481537202281733,0.6140251110905575,34.84465368540662,High-RE,47.2997991747383,High-RE,FALSE,12.455145489331677
Full,2C,R10INDIA+,headcount_pct,Deprived share,REMIND,223,65,2.1975682135191934,3.0391385394266037,-0.8415703259074103,-38.295526879673815,High-CDR,47.2997991747383,High-RE,TRUE,85.59532605441211
Full,2C,R10INDIA+,headcount_pct,Deprived share,WITCH,221,214,2.191061681327365,1.1332096861595478,1.0578519951678174,48.28033843971754,High-RE,47.2997991747383,High-RE,FALSE,0.9805392649792424
Full,2C,R10INDIA+,mortality_million_deaths,PM2.5 mortality,AIM,169,168,125.29499,113.2836525,12.011337499999996,9.586446752579649,High-RE,6.3712505992554584,High-RE,FALSE,3.2151961533241904
Full,2C,R10INDIA+,mortality_million_deaths,PM2.5 mortality,GCAM,186,168,120.52015499999999,113.02140750000001,7.498747499999979,6.221986272752454,High-RE,6.3712505992554584,High-RE,FALSE,0.1492643265030047
Full,2C,R10INDIA+,mortality_million_deaths,PM2.5 mortality,IMAGE,153,170,115.212715,112.83585,2.3768650000000093,2.0630231654553137,High-RE,6.3712505992554584,High-RE,FALSE,4.308227433800145
Full,2C,R10INDIA+,mortality_million_deaths,PM2.5 mortality,MESSAGEix,117,151,110.657605,111.833015,-1.1754099999999994,-1.0622044458670503,High-CDR,6.3712505992554584,High-RE,TRUE,7.433455045122509
Full,2C,R10INDIA+,mortality_million_deaths,PM2.5 mortality,POLES,133,172,129.52422,113.02140750000001,16.502812500000005,12.741101625626468,High-RE,6.3712505992554584,High-RE,FALSE,6.36985102637101
Full,2C,R10INDIA+,mortality_million_deaths,PM2.5 mortality,REMIND,189,38,120.71229,117.41707500000001,3.2952149999999847,2.7298090360144647,High-RE,6.3712505992554584,High-RE,FALSE,3.6414415632409938
Full,2C,R10INDIA+,mortality_million_deaths,PM2.5 mortality,WITCH,187,165,121.008695,113.429315,7.5793800000000005,6.263500321195928,High-RE,6.3712505992554584,High-RE,FALSE,0.1077502780595303
Full,2C,R10INDIA+,total_energy_jobyears_per_1k,Employment,AIM,192,227,342.73980736045814,799.0202155903617,456.2804082299035,133.1273457098128,High-RE,123.32496145312456,High-RE,FALSE,9.802384256688242
Full,2C,R10INDIA+,total_energy_jobyears_per_1k,Employment,COFFEE,212,230,347.1923421875433,786.7925676813805,439.60022549383723,126.61576079819693,High-RE,123.32496145312456,High-RE,FALSE,3.2907993450723723
Full,2C,R10INDIA+,total_energy_jobyears_per_1k,Employment,GCAM,209,234,347.7443335460884,785.9866346748602,438.24230112877177,126.02428245482517,High-RE,123.32496145312456,High-RE,FALSE,2.6993210017006106
Full,2C,R10INDIA+,total_energy_jobyears_per_1k,Employment,IMAGE,167,236,373.8147294302924,782.3327244255408,408.51799499524844,109.2835468569805,High-RE,123.32496145312456,High-RE,FALSE,14.041414596144065
Full,2C,R10INDIA+,total_energy_jobyears_per_1k,Employment,MESSAGEix,138,214,388.04988950833024,837.0112801212351,448.9613906129049,115.69682217452791,High-RE,123.32496145312456,High-RE,FALSE,7.628139278596649
Full,2C,R10INDIA+,total_energy_jobyears_per_1k,Employment,POLES,156,230,328.4027043746553,786.7925676813805,458.38986330672526,139.58163474310956,High-RE,123.32496145312456,High-RE,FALSE,16.256673289985002
Full,2C,R10INDIA+,total_energy_jobyears_per_1k,Employment,REMIND,212,73,347.1923421875433,380.87336760070895,33.68102541316563,9.700970131124638,High-RE,123.32496145312456,High-RE,FALSE,113.62399132199992
Full,2C,R10INDIA+,total_energy_jobyears_per_1k,Employment,TIAM,200,238,351.65315028783925,775.3671643585315,423.7140140706922,120.49202850134255,High-RE,123.32496145312456,High-RE,FALSE,2.8329329517820128
Full,2C,R10INDIA+,total_energy_jobyears_per_1k,Employment,WITCH,210,222,347.5731472307673,807.0167269432409,459.4435797124736,132.18615516561502,High-RE,123.32496145312456,High-RE,FALSE,8.861193712490461
Full,2C,R10LATIN_AM,gap_GJ_pc,DLE gap,AIM,206,219,65.82569758806727,49.982921695363075,15.842775892704196,24.067767563736595,High-RE,24.67171739805094,High-RE,FALSE,0.6039498343143457
Full,2C,R10LATIN_AM,gap_GJ_pc,DLE gap,GCAM,200,226,75.73923340113322,51.21160085575977,24.52763254537345,32.38431582145702,High-RE,24.67171739805094,High-RE,FALSE,7.712598423406082
Full,2C,R10LATIN_AM,gap_GJ_pc,DLE gap,IMAGE,178,228,67.12389698106146,51.3385164603063,15.785380520755162,23.516781996743866,High-RE,24.67171739805094,High-RE,FALSE,1.1549354013070747
Full,2C,R10LATIN_AM,gap_GJ_pc,DLE gap,MESSAGEix,152,206,80.78074635746711,49.3565394197189,31.42420693774821,38.900614756258015,High-RE,24.67171739805094,High-RE,FALSE,14.228897358207075
Full,2C,R10LATIN_AM,gap_GJ_pc,DLE gap,POLES,170,222,63.06528035558277,50.74159606539517,12.3236842901876,19.54115516604797,High-RE,24.67171739805094,High-RE,FALSE,5.130562232002969
Full,2C,R10LATIN_AM,gap_GJ_pc,DLE gap,REMIND,226,65,68.25040184824147,72.55843060481888,-4.308028756577414,-6.312092881381935,High-CDR,24.67171739805094,High-RE,TRUE,30.983810279432877
Full,2C,R10LATIN_AM,gap_GJ_pc,DLE gap,WITCH,224,214,67.6178320087304,49.727344861923996,17.890487146806407,26.458238330528694,High-RE,24.67171739805094,High-RE,FALSE,1.7865209324777531
Full,2C,R10LATIN_AM,headcount_pct,Deprived share,AIM,206,219,13.465526062911367,10.127792459941553,3.3377336029698146,24.787249955002256,High-RE,26.606120654058973,High-RE,FALSE,1.818870699056717
Full,2C,R10LATIN_AM,headcount_pct,Deprived share,GCAM,200,226,15.633898485964798,10.209566258837931,5.424332227126866,34.695966792905274,High-RE,26.606120654058973,High-RE,FALSE,8.089846138846301
Full,2C,R10LATIN_AM,headcount_pct,Deprived share,IMAGE,178,228,13.354032117592684,10.27880851090669,3.075223606685995,23.028427516170765,High-RE,26.606120654058973,High-RE,FALSE,3.5776931378882075
Full,2C,R10LATIN_AM,headcount_pct,Deprived share,MESSAGEix,152,206,16.737580650964198,9.976718863483086,6.760861787481112,40.39330371854931,High-RE,26.606120654058973,High-RE,FALSE,13.787183064490339
Full,2C,R10LATIN_AM,headcount_pct,Deprived share,POLES,170,222,12.740101762766411,10.141546929504802,2.598554833261609,20.396656805803673,High-RE,26.606120654058973,High-RE,FALSE,6.2094638482553
Full,2C,R10LATIN_AM,headcount_pct,Deprived share,REMIND,226,65,14.089753037250007,14.963936949910902,-0.8741839126608948,-6.2043948559620405,High-CDR,26.606120654058973,High-RE,TRUE,32.81051551002101
Full,2C,R10LATIN_AM,headcount_pct,Deprived share,WITCH,224,214,14.038710077491707,10.038817991027813,3.9998920864638947,28.491877561293396,High-RE,26.606120654058973,High-RE,FALSE,1.8857569072344234
Full,2C,R10LATIN_AM,mortality_million_deaths,PM2.5 mortality,AIM,169,168,13.800635,15.5997925,-1.7991574999999997,-13.036773307894888,High-CDR,-10.771766335094135,High-CDR,FALSE,2.2650069728007534
Full,2C,R10LATIN_AM,mortality_million_deaths,PM2.5 mortality,GCAM,186,168,14.100435000000001,15.6105975,-1.5101624999999999,-10.710041924238507,High-CDR,-10.771766335094135,High-CDR,FALSE,0.06172441085562852
Full,2C,R10LATIN_AM,mortality_million_deaths,PM2.5 mortality,IMAGE,153,170,13.704915,15.6105975,-1.905682500000001,-13.905102658425834,High-CDR,-10.771766335094135,High-CDR,FALSE,3.133336323331699
Full,2C,R10LATIN_AM,mortality_million_deaths,PM2.5 mortality,MESSAGEix,117,151,17.04013,15.693215,1.346915000000001,7.904370447878044,High-RE,-10.771766335094135,High-CDR,TRUE,18.67613678297218
Full,2C,R10LATIN_AM,mortality_million_deaths,PM2.5 mortality,POLES,133,172,14.91302,15.629935,-0.7169150000000002,-4.807309317629831,High-CDR,-10.771766335094135,High-CDR,FALSE,5.964457017464304
Full,2C,R10LATIN_AM,mortality_million_deaths,PM2.5 mortality,REMIND,189,38,14.110035,14.27785,-0.16781500000000094,-1.1893308556640783,High-CDR,-10.771766335094135,High-CDR,FALSE,9.582435479430057
Full,2C,R10LATIN_AM,mortality_million_deaths,PM2.5 mortality,WITCH,187,165,14.106475,15.663805,-1.5573300000000003,-11.039823910650963,High-CDR,-10.771766335094135,High-CDR,FALSE,0.26805757555682774
Full,2C,R10LATIN_AM,total_energy_jobyears_per_1k,Employment,AIM,195,227,274.80029152077714,443.0501231358529,168.24983161507578,61.2262202066677,High-RE,55.95937789640406,High-RE,FALSE,5.266842310263641
Full,2C,R10LATIN_AM,total_energy_jobyears_per_1k,Employment,COFFEE,215,230,283.6772886539848,446.9295481191257,163.25225946514087,57.54858284205744,High-RE,55.95937789640406,High-RE,FALSE,1.5892049456533854
Full,2C,R10LATIN_AM,total_energy_jobyears_per_1k,Employment,GCAM,212,234,282.5318275239049,441.57909656554517,159.04726904164028,56.29357599656038,High-RE,55.95937789640406,High-RE,FALSE,0.33419810015632123
Full,2C,R10LATIN_AM,total_energy_jobyears_per_1k,Employment,IMAGE,167,236,311.1191889933407,442.9164976380513,131.7973086447106,42.36232071417865,High-RE,55.95937789640406,High-RE,FALSE,13.597057182225406
Full,2C,R10LATIN_AM,total_energy_jobyears_per_1k,Employment,MESSAGEix,141,214,329.22279296266703,455.7354420465259,126.51264908385889,38.42767019420951,High-RE,55.95937789640406,High-RE,FALSE,17.531707702194545
Full,2C,R10LATIN_AM,total_energy_jobyears_per_1k,Employment,POLES,159,230,260.2407591251045,446.9295481191257,186.6887889940212,71.73695220596673,High-RE,55.95937789640406,High-RE,FALSE,15.777574309562674
Full,2C,R10LATIN_AM,total_energy_jobyears_per_1k,Employment,REMIND,215,73,283.6772886539848,293.91225044720113,10.234961793216314,3.607959538029991,High-RE,55.95937789640406,High-RE,FALSE,52.35141835837407
Full,2C,R10LATIN_AM,total_energy_jobyears_per_1k,Employment,TIAM,203,238,294.03414661620354,442.42133461814115,148.3871880019376,50.465971285853485,High-RE,55.95937789640406,High-RE,FALSE,5.493406610550572
Full,2C,R10LATIN_AM,total_energy_jobyears_per_1k,Employment,WITCH,213,222,283.6634717304975,443.1795063465079,159.51603461601036,56.23425308971861,High-RE,55.95937789640406,High-RE,FALSE,0.2748751933145499
Full,2C,R10MIDDLE_EAST,gap_GJ_pc,DLE gap,AIM,203,219,2.7048352428335605,5.134251481881421,-2.4294162390478604,-89.8175312335411,High-CDR,-116.87246981239399,High-CDR,FALSE,27.054938578852884
Full,2C,R10MIDDLE_EAST,gap_GJ_pc,DLE gap,GCAM,197,226,2.8757015902306304,5.060026300075217,-2.1843247098445864,-75.95797551683393,High-CDR,-116.87246981239399,High-CDR,FALSE,40.91449429556006
Full,2C,R10MIDDLE_EAST,gap_GJ_pc,DLE gap,IMAGE,178,228,3.3295346421574683,5.054307819856784,-1.7247731776993156,-51.80222953264421,High-CDR,-116.87246981239399,High-CDR,FALSE,65.07024027974978
Full,2C,R10MIDDLE_EAST,gap_GJ_pc,DLE gap,MESSAGEix,149,206,1.5529131516751664,5.060026300075217,-3.5071131484000504,-225.84090711169776,High-CDR,-116.87246981239399,High-CDR,FALSE,108.96843729930377
Full,2C,R10MIDDLE_EAST,gap_GJ_pc,DLE gap,POLES,167,222,2.1815666560939464,5.107744162042078,-2.9261775059481314,-134.13193210366518,High-CDR,-116.87246981239399,High-CDR,FALSE,17.25946229127119
Full,2C,R10MIDDLE_EAST,gap_GJ_pc,DLE gap,REMIND,223,65,2.322060574309007,4.2788298505115225,-1.9567692762025155,-84.26865766776157,High-CDR,-116.87246981239399,High-CDR,FALSE,32.603812144632414
Full,2C,R10MIDDLE_EAST,gap_GJ_pc,DLE gap,WITCH,221,214,2.292658406470146,4.906774231363471,-2.614115824893325,-114.02116501594786,High-CDR,-116.87246981239399,High-CDR,FALSE,2.8513047964461293
Full,2C,R10MIDDLE_EAST,headcount_pct,Deprived share,AIM,203,219,1.0364148856023354,1.3221818762435782,-0.2857669906412428,-27.572644373509068,High-CDR,-29.79264938870344,High-CDR,FALSE,2.2200050151943707
Full,2C,R10MIDDLE_EAST,headcount_pct,Deprived share,GCAM,197,226,1.0860974386133946,1.3044159249701959,-0.2183184863568013,-20.101187848810824,High-CDR,-29.79264938870344,High-CDR,FALSE,9.691461539892614
Full,2C,R10MIDDLE_EAST,headcount_pct,Deprived share,IMAGE,178,228,1.0456266343738763,1.300188653455859,-0.25456201908198284,-24.3454031021709,High-CDR,-29.79264938870344,High-CDR,FALSE,5.44724628653254
Full,2C,R10MIDDLE_EAST,headcount_pct,Deprived share,MESSAGEix,149,206,0.8970029254860399,1.3044159249701959,-0.407412999484156,-45.41936128730013,High-CDR,-29.79264938870344,High-CDR,FALSE,15.626711898596689
Full,2C,R10MIDDLE_EAST,headcount_pct,Deprived share,POLES,167,222,0.9003231424349492,1.3112642712894615,-0.4109411288545124,-45.64373717453387,High-CDR,-29.79264938870344,High-CDR,FALSE,15.85108778583043
Full,2C,R10MIDDLE_EAST,headcount_pct,Deprived share,REMIND,223,65,0.9966891007633326,1.0380888100993142,-0.04139970933598158,-4.153723493542255,High-CDR,-29.79264938870344,High-CDR,FALSE,25.638925895161183
Full,2C,R10MIDDLE_EAST,headcount_pct,Deprived share,WITCH,221,214,0.990363613236379,1.2317030827887696,-0.2413394695523906,-24.368773885353555,High-CDR,-29.79264938870344,High-CDR,FALSE,5.423875503349883
Full,2C,R10MIDDLE_EAST,mortality_million_deaths,PM2.5 mortality,AIM,169,168,47.27277,46.625855,0.6469149999999999,1.36847280157266,High-RE,0.6106147815050333,High-RE,FALSE,0.7578580200676266
Full,2C,R10MIDDLE_EAST,mortality_million_deaths,PM2.5 mortality,GCAM,186,168,46.8117325,46.61803999999999,0.19369250000000449,0.4137691336247905,High-RE,0.6106147815050333,High-RE,FALSE,0.19684564788024284
Full,2C,R10MIDDLE_EAST,mortality_million_deaths,PM2.5 mortality,IMAGE,153,170,47.02647,46.61803999999999,0.40843000000000984,0.8685108620740826,High-RE,0.6106147815050333,High-RE,FALSE,0.2578960805690492
Full,2C,R10MIDDLE_EAST,mortality_million_deaths,PM2.5 mortality,MESSAGEix,117,151,43.62415,46.547435,-2.923285,-6.701070393348638,High-CDR,0.6106147815050333,High-RE,TRUE,7.311685174853671
Full,2C,R10MIDDLE_EAST,mortality_million_deaths,PM2.5 mortality,POLES,133,172,59.43065,46.60901,12.821640000000002,21.574120424393815,High-RE,0.6106147815050333,High-RE,FALSE,20.96350564288878
Full,2C,R10MIDDLE_EAST,mortality_million_deaths,PM2.5 mortality,REMIND,189,38,46.89536,57.826575000000005,-10.931215000000009,-23.30980079905562,High-CDR,0.6106147815050333,High-RE,TRUE,23.920415580560654
Full,2C,R10MIDDLE_EAST,mortality_million_deaths,PM2.5 mortality,WITCH,187,165,46.892815,46.591875,0.3009399999999971,0.6417614297627411,High-RE,0.6106147815050333,High-RE,FALSE,0.031146648257707743
Full,2C,R10MIDDLE_EAST,total_energy_jobyears_per_1k,Employment,AIM,192,227,261.5404275631034,670.3821707242665,408.84174316116315,156.32066788700175,High-RE,127.11980334549202,High-RE,FALSE,29.20086454150973
Full,2C,R10MIDDLE_EAST,total_energy_jobyears_per_1k,Employment,COFFEE,212,230,287.66312017713074,661.6599553869504,373.99683520981966,130.0120901767068,High-RE,127.11980334549202,High-RE,FALSE,2.89228683121479
Full,2C,R10MIDDLE_EAST,total_energy_jobyears_per_1k,Employment,GCAM,209,234,289.9640963786531,659.6867848459121,369.72268846725905,127.50636823134553,High-RE,127.11980334549202,High-RE,FALSE,0.38656488585351667
Full,2C,R10MIDDLE_EAST,total_energy_jobyears_per_1k,Employment,IMAGE,167,236,419.9993580846362,648.441295883784,228.44193779914787,54.3910207008253,High-RE,127.11980334549202,High-RE,FALSE,72.72878264466672
Full,2C,R10MIDDLE_EAST,total_energy_jobyears_per_1k,Employment,MESSAGEix,138,214,251.82521163183475,682.0404866748657,430.215275043031,170.83884185194302,High-RE,127.11980334549202,High-RE,FALSE,43.719038506451
Full,2C,R10MIDDLE_EAST,total_energy_jobyears_per_1k,Employment,POLES,156,230,429.1692175458028,661.6599553869504,232.49073784114762,54.17227711965042,High-RE,127.11980334549202,High-RE,FALSE,72.9475262258416
Full,2C,R10MIDDLE_EAST,total_energy_jobyears_per_1k,Employment,REMIND,212,73,287.66312017713074,474.05985881399346,186.39673863686272,64.79688411989953,High-RE,127.11980334549202,High-RE,FALSE,62.322919225592486
Full,2C,R10MIDDLE_EAST,total_energy_jobyears_per_1k,Employment,TIAM,200,238,335.62620888542443,653.3399128438057,317.71370395838125,94.66296002730878,High-RE,127.11980334549202,High-RE,FALSE,32.45684331818323
Full,2C,R10MIDDLE_EAST,total_energy_jobyears_per_1k,Employment,WITCH,210,222,286.3304481232651,671.4249905921276,385.0945424688625,134.49304640597617,High-RE,127.11980334549202,High-RE,FALSE,7.373243060484157
Full,2C,R10NORTH_AM,gap_GJ_pc,DLE gap,AIM,206,219,0.1593956774273937,0.13487854798511217,0.024517129442281516,15.381301323838791,High-RE,-30.35835437292361,High-CDR,TRUE,45.7396556967624
Full,2C,R10NORTH_AM,gap_GJ_pc,DLE gap,GCAM,200,226,0.19865186761206982,0.13456608474654852,0.0640857828655213,32.26034752951275,High-RE,-30.35835437292361,High-CDR,TRUE,62.61870190243636
Full,2C,R10NORTH_AM,gap_GJ_pc,DLE gap,IMAGE,178,228,0.09330387189171868,0.1330064534592912,-0.03970258156757253,-42.55191211533891,High-CDR,-30.35835437292361,High-CDR,FALSE,12.193557742415297
Full,2C,R10NORTH_AM,gap_GJ_pc,DLE gap,MESSAGEix,152,206,0.45479432714416723,0.13456608474654852,0.3202282423976187,70.4116615544565,High-RE,-30.35835437292361,High-CDR,TRUE,100.77001592738011
Full,2C,R10NORTH_AM,gap_GJ_pc,DLE gap,POLES,170,222,0.09106520820536049,0.1310669691977525,-0.040001760992392,-43.92650253671448,High-CDR,-30.35835437292361,High-CDR,FALSE,13.56814816379087
Full,2C,R10NORTH_AM,gap_GJ_pc,DLE gap,REMIND,226,65,0.10295275418710906,0.1637665236875848,-0.060813769500475734,-59.06958971680464,High-CDR,-30.35835437292361,High-CDR,FALSE,28.711235343881032
Full,2C,R10NORTH_AM,gap_GJ_pc,DLE gap,WITCH,224,214,0.10256206930783028,0.1300667578977248,-0.027504688589894508,-26.81760301397762,High-CDR,-30.35835437292361,High-CDR,FALSE,3.5407513589459896
Full,2C,R10NORTH_AM,headcount_pct,Deprived share,AIM,206,219,0.04442140182891323,0.04768820544077536,-0.003266803611862129,-7.354120935768883,High-CDR,-53.60277852561022,High-CDR,FALSE,46.248657589841336
Full,2C,R10NORTH_AM,headcount_pct,Deprived share,GCAM,200,226,0.06619112630288164,0.047619338644108444,0.018571787658773195,28.05782088340846,High-RE,-53.60277852561022,High-CDR,TRUE,81.66059940901869
Full,2C,R10NORTH_AM,headcount_pct,Deprived share,IMAGE,178,228,0.027750573893732956,0.04736419091355708,-0.01961361701982412,-70.67823928590377,High-CDR,-53.60277852561022,High-CDR,FALSE,17.075460760293552
Full,2C,R10NORTH_AM,headcount_pct,Deprived share,MESSAGEix,152,206,0.15648803625366547,0.04775416124379786,0.10873387500986761,69.48382612049085,High-RE,-53.60277852561022,High-CDR,TRUE,123.08660464610107
Full,2C,R10NORTH_AM,headcount_pct,Deprived share,POLES,170,222,0.026531031368045882,0.04701921874814034,-0.02048818738009446,-77.22348632390728,High-CDR,-53.60277852561022,High-CDR,FALSE,23.62070779829706
Full,2C,R10NORTH_AM,headcount_pct,Deprived share,REMIND,226,65,0.030930127242833068,0.05025897107824013,-0.01932884383540706,-62.49196352687433,High-CDR,-53.60277852561022,High-CDR,FALSE,8.88918500126411
Full,2C,R10NORTH_AM,headcount_pct,Deprived share,WITCH,224,214,0.030821628992536994,0.04673573605424714,-0.015914107061710148,-51.632920069096656,High-CDR,-53.60277852561022,High-CDR,FALSE,1.9698584565135633
Full,2C,R10NORTH_AM,mortality_million_deaths,PM2.5 mortality,AIM,169,168,6.794725,8.92639,-2.131665,-31.372351346080965,High-CDR,-30.663623934726665,High-CDR,FALSE,0.7087274113542996
Full,2C,R10NORTH_AM,mortality_million_deaths,PM2.5 mortality,GCAM,186,168,6.820365000000001,8.92639,-2.106024999999999,-30.878479377569953,High-CDR,-30.663623934726665,High-CDR,FALSE,0.2148554428432874
Full,2C,R10NORTH_AM,mortality_million_deaths,PM2.5 mortality,IMAGE,153,170,6.76038,8.92639,-2.16601,-32.03976699534642,High-CDR,-30.663623934726665,High-CDR,FALSE,1.3761430606197536
Full,2C,R10NORTH_AM,mortality_million_deaths,PM2.5 mortality,MESSAGEix,117,151,7.85526,8.94027,-1.0850099999999996,-13.812528165840464,High-CDR,-30.663623934726665,High-CDR,FALSE,16.851095768886204
Full,2C,R10NORTH_AM,mortality_million_deaths,PM2.5 mortality,POLES,133,172,7.352245,8.92639,-1.5741449999999997,-21.41039913659025,High-CDR,-30.663623934726665,High-CDR,FALSE,9.253224798136415
Full,2C,R10NORTH_AM,mortality_million_deaths,PM2.5 mortality,REMIND,189,38,6.83158,7.5226325,-0.6910525000000005,-10.115558919020206,High-CDR,-30.663623934726665,High-CDR,FALSE,20.54806501570646
Full,2C,R10NORTH_AM,mortality_million_deaths,PM2.5 mortality,WITCH,187,165,6.82216,8.92639,-2.1042299999999994,-30.844043528735757,High-CDR,-30.663623934726665,High-CDR,FALSE,0.18041959400909136
Full,2C,R10NORTH_AM,total_energy_jobyears_per_1k,Employment,AIM,195,227,223.61397735054294,294.15346636844316,70.53948901790022,31.545205650235687,High-RE,30.331223561437994,High-RE,FALSE,1.2139820887976924
Full,2C,R10NORTH_AM,total_energy_jobyears_per_1k,Employment,COFFEE,215,230,226.98813779445564,296.0438878938785,69.05575009942285,30.42262506332152,High-RE,30.331223561437994,High-RE,FALSE,0.09140150188352436
Full,2C,R10NORTH_AM,total_energy_jobyears_per_1k,Employment,GCAM,212,234,225.31714714640748,295.2403086222028,69.92316147579533,31.033218004646745,High-RE,30.331223561437994,High-RE,FALSE,0.7019944432087506
Full,2C,R10NORTH_AM,total_energy_jobyears_per_1k,Employment,IMAGE,167,236,223.57842376941133,295.5311464166497,71.95272264723835,32.1823194895797,High-RE,30.331223561437994,High-RE,FALSE,1.851095928141703
Full,2C,R10NORTH_AM,total_energy_jobyears_per_1k,Employment,MESSAGEix,141,214,235.12004380266237,297.86897279834307,62.7489289956807,26.68803900374663,High-RE,30.331223561437994,High-RE,FALSE,3.643184557691363
Full,2C,R10NORTH_AM,total_energy_jobyears_per_1k,Employment,POLES,159,230,230.12295106380384,295.0962172916184,64.97326622781458,28.234153059248793,High-RE,30.331223561437994,High-RE,FALSE,2.097070502189201
Full,2C,R10NORTH_AM,total_energy_jobyears_per_1k,Employment,REMIND,215,73,226.98813779445564,295.3843999527872,68.39626215833155,30.13208655875505,High-RE,30.331223561437994,High-RE,FALSE,0.19913700268294576
Full,2C,R10NORTH_AM,total_energy_jobyears_per_1k,Employment,TIAM,203,238,229.22444642685878,295.8364173268369,66.61197089997813,29.059715025305017,High-RE,30.331223561437994,High-RE,FALSE,1.271508536132977
Full,2C,R10NORTH_AM,total_energy_jobyears_per_1k,Employment,WITCH,213,222,225.71521991885942,295.3870550860653,69.67183516720587,30.86714098954056,High-RE,30.331223561437994,High-RE,FALSE,0.5359174281025645
Full,2C,R10PAC_OECD,gap_GJ_pc,DLE gap,AIM,203,215,0.2293164246349279,0.5314074320916715,-0.3020910074567436,-131.73544282214976,High-CDR,-104.65656476934242,High-CDR,FALSE,27.07887805280734
Full,2C,R10PAC_OECD,gap_GJ_pc,DLE gap,GCAM,197,222,0.2293164246349279,0.5306281422294505,-0.30131171759452263,-131.39561114046293,High-CDR,-104.65656476934242,High-CDR,FALSE,26.73904637112051
Full,2C,R10PAC_OECD,gap_GJ_pc,DLE gap,IMAGE,178,224,0.21546407673662524,0.5279453991762687,-0.31248132243964344,-145.02710947106428,High-CDR,-104.65656476934242,High-CDR,FALSE,40.370544701721855
Full,2C,R10PAC_OECD,gap_GJ_pc,DLE gap,MESSAGEix,149,202,0.2804898843518158,0.5514780565842097,-0.27098817223239385,-96.61245818494329,High-CDR,-104.65656476934242,High-CDR,FALSE,8.044106584399131
Full,2C,R10PAC_OECD,gap_GJ_pc,DLE gap,POLES,167,218,0.28315237035245666,0.5306281422294505,-0.24747577187699388,-87.40021196677465,High-CDR,-104.65656476934242,High-CDR,FALSE,17.256352802567775
Full,2C,R10PAC_OECD,gap_GJ_pc,DLE gap,REMIND,223,65,0.25848948374644165,0.39095955972398017,-0.13247007597753852,-51.247762213599955,High-CDR,-104.65656476934242,High-CDR,FALSE,53.40880255574247
Full,2C,R10PAC_OECD,gap_GJ_pc,DLE gap,WITCH,221,210,0.25396342100341995,0.5066182316455421,-0.25265481064212214,-99.48472486465671,High-CDR,-104.65656476934242,High-CDR,FALSE,5.1718399046857115
Full,2C,R10PAC_OECD,headcount_pct,Deprived share,AIM,203,215,0.07862799477396953,0.2987253506664694,-0.22009735589249985,-279.9223820030127,High-CDR,-244.29309512898317,High-CDR,FALSE,35.6292868740295
Full,2C,R10PAC_OECD,headcount_pct,Deprived share,GCAM,197,222,0.08591994291218412,0.28218386524757433,-0.1962639223353902,-228.4265045846049,High-CDR,-244.29309512898317,High-CDR,FALSE,15.866590544378255
Full,2C,R10PAC_OECD,headcount_pct,Deprived share,IMAGE,178,224,0.07651686263120416,0.27789706984766316,-0.201380207216459,-263.18408817553194,High-CDR,-244.29309512898317,High-CDR,FALSE,18.890993046548772
Full,2C,R10PAC_OECD,headcount_pct,Deprived share,MESSAGEix,149,202,0.09148372658326372,0.3033602206311635,-0.21187649404789982,-231.60020034280183,High-CDR,-244.29309512898317,High-CDR,FALSE,12.692894786181341
Full,2C,R10PAC_OECD,headcount_pct,Deprived share,POLES,167,218,0.09217408406482856,0.29050830131053007,-0.1983342172457015,-215.1735156990631,High-CDR,-244.29309512898317,High-CDR,FALSE,29.119579429920066
Full,2C,R10PAC_OECD,headcount_pct,Deprived share,REMIND,223,65,0.08092049215605235,0.1440391228675932,-0.06311863071154086,-78.00079933994813,High-CDR,-244.29309512898317,High-CDR,FALSE,166.29229578903505
Full,2C,R10PAC_OECD,headcount_pct,Deprived share,WITCH,221,210,0.08090612742654353,0.2668587986679269,-0.18595267124138337,-229.83756256312472,High-CDR,-244.29309512898317,High-CDR,FALSE,14.455532565858448
Full,2C,R10PAC_OECD,mortality_million_deaths,PM2.5 mortality,AIM,169,168,5.517585,3.633605,1.8839800000000002,34.14501090603951,High-RE,35.08272224573131,High-RE,FALSE,0.937711339691802
Full,2C,R10PAC_OECD,mortality_million_deaths,PM2.5 mortality,GCAM,186,168,5.5963725,3.633605,1.9627675,35.07213824669462,High-RE,35.08272224573131,High-RE,FALSE,0.010583999036690273
Full,2C,R10PAC_OECD,mortality_million_deaths,PM2.5 mortality,IMAGE,153,170,5.38731,3.6344875,1.7528225000000002,32.53613584516206,High-RE,35.08272224573131,High-RE,FALSE,2.546586400569254
Full,2C,R10PAC_OECD,mortality_million_deaths,PM2.5 mortality,MESSAGEix,117,151,5.73446,3.63127,2.10319,36.67633918450909,High-RE,35.08272224573131,High-RE,FALSE,1.593616938777778
Full,2C,R10PAC_OECD,mortality_million_deaths,PM2.5 mortality,POLES,133,172,5.809085,3.6358025,2.1732824999999996,37.41178688209933,High-RE,35.08272224573131,High-RE,FALSE,2.3290646363680167
Full,2C,R10PAC_OECD,mortality_million_deaths,PM2.5 mortality,REMIND,189,38,5.60067,5.45151,0.14916000000000018,2.6632527893984146,High-RE,35.08272224573131,High-RE,FALSE,32.4194694563329
Full,2C,R10PAC_OECD,mortality_million_deaths,PM2.5 mortality,WITCH,187,165,5.620965,3.63313,1.987835,35.364657136274644,High-RE,35.08272224573131,High-RE,FALSE,0.281934890543333
Full,2C,R10PAC_OECD,total_energy_jobyears_per_1k,Employment,AIM,192,223,158.09557909794836,149.3319968724645,-8.763582225483873,-5.543217764523562,High-CDR,-7.230538793186705,High-CDR,FALSE,1.6873210286631428
Full,2C,R10PAC_OECD,total_energy_jobyears_per_1k,Employment,COFFEE,212,226,161.52666424334083,149.55077208546112,-11.975892157879713,-7.414188991012631,High-CDR,-7.230538793186705,High-CDR,FALSE,0.1836501978259264
Full,2C,R10PAC_OECD,total_energy_jobyears_per_1k,Employment,GCAM,209,230,160.87667098846936,149.6749090082147,-11.201761980254645,-6.962949886660397,High-CDR,-7.230538793186705,High-CDR,FALSE,0.2675889065263082
Full,2C,R10PAC_OECD,total_energy_jobyears_per_1k,Employment,IMAGE,167,232,186.320869544816,149.7062778945101,-36.6145916503059,-19.651363660847956,High-CDR,-7.230538793186705,High-CDR,FALSE,12.420824867661251
Full,2C,R10PAC_OECD,total_energy_jobyears_per_1k,Employment,MESSAGEix,138,210,251.84057822221817,150.47655043296683,-101.36402778925134,-40.249283298504075,High-CDR,-7.230538793186705,High-CDR,FALSE,33.01874450531737
Full,2C,R10PAC_OECD,total_energy_jobyears_per_1k,Employment,POLES,156,226,150.10970876390178,149.55077208546112,-0.5589366784406593,-0.37235211702380694,High-CDR,-7.230538793186705,High-CDR,FALSE,6.858186676162898
Full,2C,R10PAC_OECD,total_energy_jobyears_per_1k,Employment,REMIND,212,73,161.52666424334083,171.0753475820576,9.548683338716756,5.911521409450771,High-RE,-7.230538793186705,High-CDR,TRUE,13.142060202637476
Full,2C,R10PAC_OECD,total_energy_jobyears_per_1k,Employment,TIAM,200,234,164.85486664088535,149.84741612388564,-15.007450516999711,-9.103431899096718,High-CDR,-7.230538793186705,High-CDR,FALSE,1.8728931059100127
Full,2C,R10PAC_OECD,total_energy_jobyears_per_1k,Employment,WITCH,210,218,160.94612430132173,149.64342006489164,-11.302704236430088,-7.022663195833954,High-CDR,-7.230538793186705,High-CDR,FALSE,0.20787559735275085
Full,2C,R10REF_ECON,gap_GJ_pc,DLE gap,AIM,206,219,8.68291778353991,9.04750660019295,-0.36458881665303977,-4.198920521212188,High-CDR,-2.795084480500282,High-CDR,FALSE,1.4038360407119064
Full,2C,R10REF_ECON,gap_GJ_pc,DLE gap,GCAM,200,226,9.116739142261345,9.22012497791497,-0.10338583565362569,-1.1340220888231045,High-CDR,-2.795084480500282,High-CDR,FALSE,1.6610623916771774
Full,2C,R10REF_ECON,gap_GJ_pc,DLE gap,IMAGE,178,228,8.950575169239634,9.145248372900324,-0.19467320366068996,-2.1749798195061443,High-CDR,-2.795084480500282,High-CDR,FALSE,0.6201046609941376
Full,2C,R10REF_ECON,gap_GJ_pc,DLE gap,MESSAGEix,152,206,9.38738928991513,9.145248372900324,0.24214091701480633,2.579427671918733,High-RE,-2.795084480500282,High-CDR,TRUE,5.374512152419015
Full,2C,R10REF_ECON,gap_GJ_pc,DLE gap,POLES,170,222,7.791256015573627,8.804892145691738,-1.0136361301181118,-13.009919428805773,High-CDR,-2.795084480500282,High-CDR,FALSE,10.21483494830549
Full,2C,R10REF_ECON,gap_GJ_pc,DLE gap,REMIND,226,65,8.840982457594318,10.769117103233336,-1.9281346456390178,-21.809054082929084,High-CDR,-2.795084480500282,High-CDR,FALSE,19.0139696024288
Full,2C,R10REF_ECON,gap_GJ_pc,DLE gap,WITCH,224,214,8.728548803003672,8.71342413044449,0.015124672559181818,0.17327820351966305,High-RE,-2.795084480500282,High-CDR,TRUE,2.968362684019945
Full,2C,R10REF_ECON,headcount_pct,Deprived share,AIM,206,219,2.307967007407526,2.393292637243807,-0.085325629836281,-3.697003881009758,High-CDR,-3.7213321115956757,High-CDR,FALSE,0.0243282305859176
Full,2C,R10REF_ECON,headcount_pct,Deprived share,GCAM,200,226,2.339975973938688,2.3331369681678327,0.006839005770855167,0.2922682047603948,High-RE,-3.7213321115956757,High-CDR,TRUE,4.0136003163560705
Full,2C,R10REF_ECON,headcount_pct,Deprived share,IMAGE,178,228,2.1292510875943047,2.3191718077340173,-0.18992072013971262,-8.919601884730797,High-CDR,-3.7213321115956757,High-CDR,FALSE,5.198269773135122
Full,2C,R10REF_ECON,headcount_pct,Deprived share,MESSAGEix,152,206,2.4382080380033617,2.3191718077340173,0.1190362302693444,4.882119508014692,High-RE,-3.7213321115956757,High-CDR,TRUE,8.603451619610368
Full,2C,R10REF_ECON,headcount_pct,Deprived share,POLES,170,222,1.9999494947292855,2.221867914040507,-0.22191841931122136,-11.096201173883161,High-CDR,-3.7213321115956757,High-CDR,FALSE,7.374869062287486
Full,2C,R10REF_ECON,headcount_pct,Deprived share,REMIND,226,65,2.227611144530427,2.820724933294361,-0.593113788763934,-26.625553127629026,High-CDR,-3.7213321115956757,High-CDR,FALSE,22.90422101603335
Full,2C,R10REF_ECON,headcount_pct,Deprived share,WITCH,224,214,2.2070476271497173,2.1802583664921156,0.026789260657601677,1.2138052812298645,High-RE,-3.7213321115956757,High-CDR,TRUE,4.93513739282554
Full,2C,R10REF_ECON,mortality_million_deaths,PM2.5 mortality,AIM,169,168,14.17889,13.260415,0.9184750000000008,6.477763774174147,High-RE,7.792189744149191,High-RE,FALSE,1.3144259699750434
Full,2C,R10REF_ECON,mortality_million_deaths,PM2.5 mortality,GCAM,186,168,14.3560675,13.260415,1.0956525,7.631982087016517,High-RE,7.792189744149191,High-RE,FALSE,0.16020765713267338
Full,2C,R10REF_ECON,mortality_million_deaths,PM2.5 mortality,IMAGE,153,170,14.1545,13.262005,0.8924950000000003,6.305379914514821,High-RE,7.792189744149191,High-RE,FALSE,1.4868098296343701
Full,2C,R10REF_ECON,mortality_million_deaths,PM2.5 mortality,MESSAGEix,117,151,13.798935,13.224615,0.5743200000000002,4.162060332916998,High-RE,7.792189744149191,High-RE,FALSE,3.6301294112321925
Full,2C,R10REF_ECON,mortality_million_deaths,PM2.5 mortality,POLES,133,172,14.657325,13.27017,1.387155,9.46390286085626,High-RE,7.792189744149191,High-RE,FALSE,1.6717131167070693
Full,2C,R10REF_ECON,mortality_million_deaths,PM2.5 mortality,REMIND,189,38,14.39159,14.77489,-0.3832999999999984,-2.6633610323807058,High-CDR,7.792189744149191,High-RE,TRUE,10.455550776529897
Full,2C,R10REF_ECON,mortality_million_deaths,PM2.5 mortality,WITCH,187,165,14.367605,13.258825,1.1087799999999994,7.717222181428286,High-RE,7.792189744149191,High-RE,FALSE,0.07496756272090455
Full,2C,R10REF_ECON,total_energy_jobyears_per_1k,Employment,AIM,195,227,756.0220085255203,887.8329721317688,131.8109636062485,17.434805087661555,High-RE,17.322667415052912,High-RE,FALSE,0.11213767260864316
Full,2C,R10REF_ECON,total_energy_jobyears_per_1k,Employment,COFFEE,215,230,761.7164595646412,888.9024195792487,127.18596001460742,16.69728393256731,High-RE,17.322667415052912,High-RE,FALSE,0.6253834824856028
Full,2C,R10REF_ECON,total_energy_jobyears_per_1k,Employment,GCAM,212,234,760.96126850237,893.66606850074,132.70479999837005,17.43910044982227,High-RE,17.322667415052912,High-RE,FALSE,0.11643303476935785
Full,2C,R10REF_ECON,total_energy_jobyears_per_1k,Employment,IMAGE,167,236,773.8223118614989,892.2291332509549,118.40682138945601,15.301551735387134,High-RE,17.322667415052912,High-RE,FALSE,2.021115679665778
Full,2C,R10REF_ECON,total_energy_jobyears_per_1k,Employment,MESSAGEix,141,214,796.7014688660098,887.2278633192344,90.52639445322461,11.36264937255305,High-RE,17.322667415052912,High-RE,FALSE,5.960018042499861
Full,2C,R10REF_ECON,total_energy_jobyears_per_1k,Employment,POLES,159,230,753.2682454659928,897.0595428431392,143.7912973771464,19.08898964514203,High-RE,17.322667415052912,High-RE,FALSE,1.7663222300891164
Full,2C,R10REF_ECON,total_energy_jobyears_per_1k,Employment,REMIND,215,73,761.7164595646412,952.857428679331,191.1409691146897,25.093453963688308,High-RE,17.322667415052912,High-RE,FALSE,7.770786548635396
Full,2C,R10REF_ECON,total_energy_jobyears_per_1k,Employment,TIAM,203,238,773.8223118614989,893.66606850074,119.84375663924118,15.487244914268018,High-RE,17.322667415052912,High-RE,FALSE,1.8354225007848939
Full,2C,R10REF_ECON,total_energy_jobyears_per_1k,Employment,WITCH,213,222,760.9670994693419,891.1047386180269,130.13763914868503,17.101611783142285,High-RE,17.322667415052912,High-RE,FALSE,0.22105563191062672
Full,2C,R10REST_ASIA,gap_GJ_pc,DLE gap,AIM,203,219,8.621878930422698,18.190512262088685,-9.568633331665987,-110.98083618296498,High-CDR,-97.34853371798084,High-CDR,FALSE,13.632302464984136
Full,2C,R10REST_ASIA,gap_GJ_pc,DLE gap,GCAM,197,226,8.497403743881357,18.38651239907464,-9.889108655193283,-116.3780014844421,High-CDR,-97.34853371798084,High-CDR,FALSE,19.029467766461252
Full,2C,R10REST_ASIA,gap_GJ_pc,DLE gap,IMAGE,178,228,9.561927891927638,18.420746853286204,-8.858818961358566,-92.64678693966464,High-CDR,-97.34853371798084,High-CDR,FALSE,4.701746778316206
Full,2C,R10REST_ASIA,gap_GJ_pc,DLE gap,MESSAGEix,149,206,13.043025380198603,18.944961189135558,-5.901935808936955,-45.249745644879575,High-CDR,-97.34853371798084,High-CDR,FALSE,52.09878807310127
Full,2C,R10REST_ASIA,gap_GJ_pc,DLE gap,POLES,167,222,3.966214203214444,18.584565070512966,-14.618350867298522,-368.5718954727908,High-CDR,-97.34853371798084,High-CDR,FALSE,271.22336175480996
Full,2C,R10REST_ASIA,gap_GJ_pc,DLE gap,REMIND,223,65,9.348947029506268,14.115315365781976,-4.766368336275708,-50.98294301200492,High-CDR,-97.34853371798084,High-CDR,FALSE,46.365590705975926
Full,2C,R10REST_ASIA,gap_GJ_pc,DLE gap,WITCH,221,214,9.295099940734309,18.38651239907464,-9.091412458340331,-97.8086574249584,High-CDR,-97.34853371798084,High-CDR,FALSE,0.460123706977555
Full,2C,R10REST_ASIA,headcount_pct,Deprived share,AIM,203,219,4.3486750879218246,4.551942066449001,-0.2032669785271768,-4.6742277686309155,High-CDR,4.15921487401227,High-RE,TRUE,8.833442642643185
Full,2C,R10REST_ASIA,headcount_pct,Deprived share,GCAM,197,226,4.067547272424017,4.58707959778183,-0.5195323253578135,-12.772619236166936,High-CDR,4.15921487401227,High-RE,TRUE,16.931834110179206
Full,2C,R10REST_ASIA,headcount_pct,Deprived share,IMAGE,178,228,4.995213402199549,4.590600240773629,0.4046131614259201,8.100017533740525,High-RE,4.15921487401227,High-RE,FALSE,3.940802659728255
Full,2C,R10REST_ASIA,headcount_pct,Deprived share,MESSAGEix,149,206,5.822481291419264,4.751525916928356,1.0709553744909073,18.393453252811668,High-RE,4.15921487401227,High-RE,FALSE,14.234238378799397
Full,2C,R10REST_ASIA,headcount_pct,Deprived share,POLES,167,222,2.1423191109011785,4.613995806014582,-2.4716766951134037,-115.37388069481763,High-CDR,4.15921487401227,High-RE,TRUE,119.53309556882989
Full,2C,R10REST_ASIA,headcount_pct,Deprived share,REMIND,223,65,4.797048081722843,5.749280129472989,-0.9522320477501465,-19.85037530430914,High-CDR,4.15921487401227,High-RE,TRUE,24.00959017832141
Full,2C,R10REST_ASIA,headcount_pct,Deprived share,WITCH,221,214,4.797048081722843,4.519331114340684,0.2777169673821591,5.7893304934816925,High-RE,4.15921487401227,High-RE,FALSE,1.6301156194694224
Full,2C,R10REST_ASIA,mortality_million_deaths,PM2.5 mortality,AIM,169,168,58.47739,57.8320375,0.6453525000000013,1.103593200722538,High-RE,2.6786965981939184,High-RE,FALSE,1.5751033974713804
Full,2C,R10REST_ASIA,mortality_million_deaths,PM2.5 mortality,GCAM,186,168,59.40902,57.8320375,1.5769824999999997,2.6544496105136894,High-RE,2.6786965981939184,High-RE,FALSE,0.024246987680228926
Full,2C,R10REST_ASIA,mortality_million_deaths,PM2.5 mortality,IMAGE,153,170,57.834015,57.83849,-0.004474999999999341,-0.007737660959557002,High-CDR,2.6786965981939184,High-RE,TRUE,2.6864342591534753
Full,2C,R10REST_ASIA,mortality_million_deaths,PM2.5 mortality,MESSAGEix,117,151,60.267065,57.893695,2.3733700000000013,3.938087909208788,High-RE,2.6786965981939184,High-RE,FALSE,1.2593913110148698
Full,2C,R10REST_ASIA,mortality_million_deaths,PM2.5 mortality,POLES,133,172,60.882065,57.862415,3.0196499999999986,4.95983505158703,High-RE,2.6786965981939184,High-RE,FALSE,2.2811384533931114
Full,2C,R10REST_ASIA,mortality_million_deaths,PM2.5 mortality,REMIND,189,38,59.455035,57.9220775,1.532957500000002,2.578347653819398,High-RE,2.6786965981939184,High-RE,FALSE,0.10034894437452024
Full,2C,R10REST_ASIA,mortality_million_deaths,PM2.5 mortality,WITCH,187,165,59.52099,57.966665,1.5543249999999986,2.6113896963071324,High-RE,2.6786965981939184,High-RE,FALSE,0.06730690188678601
Full,2C,R10REST_ASIA,total_energy_jobyears_per_1k,Employment,AIM,192,227,179.26768432733792,630.1774852763053,450.9098009489674,251.52876975061403,High-RE,233.16694405825297,High-RE,FALSE,18.361825692361066
Full,2C,R10REST_ASIA,total_energy_jobyears_per_1k,Employment,COFFEE,212,230,181.8242865036259,629.0757433836595,447.25145688003363,245.98004231470733,High-RE,233.16694405825297,High-RE,FALSE,12.813098256454367
Full,2C,R10REST_ASIA,total_energy_jobyears_per_1k,Employment,GCAM,209,234,181.21805770727786,626.6378202434851,445.4197625362072,245.79215127429256,High-RE,233.16694405825297,High-RE,FALSE,12.625207216039598
Full,2C,R10REST_ASIA,total_energy_jobyears_per_1k,Employment,IMAGE,167,236,183.40930461222788,616.3479684502977,432.93866383806983,236.05054539267135,High-RE,233.16694405825297,High-RE,FALSE,2.883601334418387
Full,2C,R10REST_ASIA,total_energy_jobyears_per_1k,Employment,MESSAGEix,138,214,178.21527981053075,640.2288017355361,462.0135219250053,259.24461831566526,High-RE,233.16694405825297,High-RE,FALSE,26.077674257412298
Full,2C,R10REST_ASIA,total_energy_jobyears_per_1k,Employment,POLES,156,230,186.20363917784812,629.0757433836595,442.8721042058114,237.84288328694387,High-RE,233.16694405825297,High-RE,FALSE,4.675939228690908
Full,2C,R10REST_ASIA,total_energy_jobyears_per_1k,Employment,REMIND,212,73,181.8242865036259,223.71174739473577,41.88746089110987,23.03732999401846,High-RE,233.16694405825297,High-RE,FALSE,210.12961406423452
Full,2C,R10REST_ASIA,total_energy_jobyears_per_1k,Employment,TIAM,200,238,183.41069837940063,605.7784188998529,422.3677205204523,230.285214686195,High-RE,233.16694405825297,High-RE,FALSE,2.8817293720579755
Full,2C,R10REST_ASIA,total_energy_jobyears_per_1k,Employment,WITCH,210,222,181.4117153080299,630.8306720249053,449.4189567168754,247.7342524179212,High-RE,233.16694405825297,High-RE,FALSE,14.567308359668232
SCI-vetted,All ambitions,Aggregated R10 regions,gap_GJ_pc,DLE gap,GCAM,69,62,25.30717213826523,30.716448388066347,-5.409276249801117,-21.374479219754953,High-CDR,-4.433978244191794,High-CDR,FALSE,16.94050097556316
SCI-vetted,All ambitions,Aggregated R10 regions,gap_GJ_pc,DLE gap,IMAGE,43,65,26.842148021595055,28.148905035785212,-1.3067570141901577,-4.868302690003963,High-CDR,-4.433978244191794,High-CDR,FALSE,0.43432444581216956
SCI-vetted,All ambitions,Aggregated R10 regions,gap_GJ_pc,DLE gap,MESSAGEix,69,66,25.30717213826523,24.094526779199327,1.2126453590659025,4.791706289587153,High-RE,-4.433978244191794,High-CDR,TRUE,9.225684533778946
SCI-vetted,All ambitions,Aggregated R10 regions,gap_GJ_pc,DLE gap,POLES,26,69,22.880989514590354,26.429286645096077,-3.5482971305057234,-15.507620980478604,High-CDR,-4.433978244191794,High-CDR,FALSE,11.07364273628681
SCI-vetted,All ambitions,Aggregated R10 regions,gap_GJ_pc,DLE gap,REMIND,69,42,25.30717213826523,46.60593759324357,-21.298765454978337,-84.16098542584275,High-CDR,-4.433978244191794,High-CDR,FALSE,79.72700718165096
SCI-vetted,All ambitions,Aggregated R10 regions,gap_GJ_pc,DLE gap,WITCH,69,41,25.30717213826523,19.41182776918485,5.89534436908038,23.295152602871962,High-RE,-4.433978244191794,High-CDR,TRUE,27.729130847063757
SCI-vetted,All ambitions,Aggregated R10 regions,headcount_pct,Deprived share,GCAM,69,62,6.6980224311965415,8.149021426059118,-1.4509989948625766,-21.66309548478727,High-CDR,-7.022050768595509,High-CDR,FALSE,14.641044716191761
SCI-vetted,All ambitions,Aggregated R10 regions,headcount_pct,Deprived share,IMAGE,43,65,7.206301812692853,7.917407131083632,-0.7111053183907785,-9.867825923392077,High-CDR,-7.022050768595509,High-CDR,FALSE,2.845775154796568
SCI-vetted,All ambitions,Aggregated R10 regions,headcount_pct,Deprived share,MESSAGEix,69,66,6.6980224311965415,6.216812634138319,0.48120979705822275,7.184356308168693,High-RE,-7.022050768595509,High-CDR,TRUE,14.206407076764203
SCI-vetted,All ambitions,Aggregated R10 regions,headcount_pct,Deprived share,POLES,26,69,6.21615452329738,7.168360966807078,-0.9522064435096977,-15.318255682688477,High-CDR,-7.022050768595509,High-CDR,FALSE,8.296204914092968
SCI-vetted,All ambitions,Aggregated R10 regions,headcount_pct,Deprived share,REMIND,69,42,6.6980224311965415,13.27916233212742,-6.581139900930879,-98.25496956054859,High-CDR,-7.022050768595509,High-CDR,FALSE,91.23291879195308
SCI-vetted,All ambitions,Aggregated R10 regions,headcount_pct,Deprived share,WITCH,69,41,6.6980224311965415,4.89004047479526,1.8079819564012816,26.992772493273087,High-RE,-7.022050768595509,High-CDR,TRUE,34.0148232618686
SCI-vetted,All ambitions,Aggregated R10 regions,mortality_million_deaths,PM2.5 mortality,GCAM,69,62,420.124325,440.76525000000004,-20.64092500000004,-4.9130516306095915,High-CDR,-5.247704950195391,High-CDR,FALSE,0.3346533195857999
SCI-vetted,All ambitions,Aggregated R10 regions,mortality_million_deaths,PM2.5 mortality,IMAGE,43,65,407.65341,442.093405,-34.43999500000001,-8.448351995878069,High-CDR,-5.247704950195391,High-CDR,FALSE,3.200647045682677
SCI-vetted,All ambitions,Aggregated R10 regions,mortality_million_deaths,PM2.5 mortality,MESSAGEix,69,66,420.124325,442.1323075,-22.007982500000026,-5.2384451911943035,High-CDR,-5.247704950195391,High-CDR,FALSE,0.009259759001087886
SCI-vetted,All ambitions,Aggregated R10 regions,mortality_million_deaths,PM2.5 mortality,POLES,26,69,520.9916250000001,442.17121,78.82041500000014,15.128921698117532,High-RE,-5.247704950195391,High-CDR,TRUE,20.37662664831292
SCI-vetted,All ambitions,Aggregated R10 regions,mortality_million_deaths,PM2.5 mortality,REMIND,69,42,420.124325,442.928635,-22.804309999999987,-5.427990869131414,High-CDR,-5.247704950195391,High-CDR,FALSE,0.18028591893602286
SCI-vetted,All ambitions,Aggregated R10 regions,mortality_million_deaths,PM2.5 mortality,WITCH,69,41,420.124325,451.85919,-31.734865000000013,-7.55368425763017,High-CDR,-5.247704950195391,High-CDR,FALSE,2.3059793074347787
SCI-vetted,All ambitions,Aggregated R10 regions,total_energy_jobyears_per_1k,Employment,GCAM,69,62,350.7392575320401,418.82789639744465,68.08863886540456,19.41289359637327,High-RE,20.68018072759774,High-RE,FALSE,1.267287131224471
SCI-vetted,All ambitions,Aggregated R10 regions,total_energy_jobyears_per_1k,Employment,IMAGE,43,65,366.3670355375131,419.87033973374935,53.50330419623623,14.603744061672796,High-RE,20.68018072759774,High-RE,FALSE,6.076436665924945
SCI-vetted,All ambitions,Aggregated R10 regions,total_energy_jobyears_per_1k,Employment,MESSAGEix,69,66,350.7392575320401,427.6398007445649,76.90054321252484,21.92527399231891,High-RE,20.68018072759774,High-RE,FALSE,1.24509326472117
SCI-vetted,All ambitions,Aggregated R10 regions,total_energy_jobyears_per_1k,Employment,POLES,26,69,257.507829760795,423.27276987230044,165.76494011150544,64.37277665129186,High-RE,20.68018072759774,High-RE,FALSE,43.692595923694114
SCI-vetted,All ambitions,Aggregated R10 regions,total_energy_jobyears_per_1k,Employment,REMIND,69,42,350.7392575320401,411.40217172223254,60.66291419019245,17.29572977289287,High-RE,20.68018072759774,High-RE,FALSE,3.384450954704871
SCI-vetted,All ambitions,Aggregated R10 regions,total_energy_jobyears_per_1k,Employment,WITCH,69,41,350.7392575320401,527.1238490953752,176.38459156333516,50.2893781564279,High-RE,20.68018072759774,High-RE,FALSE,29.60919742883016
SCI-vetted,All ambitions,R10AFRICA,gap_GJ_pc,DLE gap,GCAM,69,63,92.07662991749366,100.89824821933742,-8.821618301843756,-9.580735426294892,High-CDR,15.815988033630664,High-RE,TRUE,25.396723459925553
SCI-vetted,All ambitions,R10AFRICA,gap_GJ_pc,DLE gap,IMAGE,43,66,98.38440553121636,86.10669544811108,12.277710083105276,12.479325373582386,High-RE,15.815988033630664,High-RE,FALSE,3.336662660048278
SCI-vetted,All ambitions,R10AFRICA,gap_GJ_pc,DLE gap,MESSAGEix,69,67,92.07662991749366,75.85493921371922,16.221690703774442,17.617598209567486,High-RE,15.815988033630664,High-RE,FALSE,1.8016101759368226
SCI-vetted,All ambitions,R10AFRICA,gap_GJ_pc,DLE gap,POLES,26,70,68.01579629704568,77.51380114797247,-9.49800485092679,-13.964410281173675,High-CDR,15.815988033630664,High-RE,TRUE,29.780398314804337
SCI-vetted,All ambitions,R10AFRICA,gap_GJ_pc,DLE gap,REMIND,69,42,92.07662991749366,196.9114911868724,-104.83486126937875,-113.85610155727598,High-CDR,15.815988033630664,High-RE,TRUE,129.67208959090664
SCI-vetted,All ambitions,R10AFRICA,gap_GJ_pc,DLE gap,WITCH,69,42,92.07662991749366,54.07272418691168,38.003905730581984,41.274214493553714,High-RE,15.815988033630664,High-RE,FALSE,25.45822645992305
SCI-vetted,All ambitions,R10AFRICA,headcount_pct,Deprived share,GCAM,69,63,15.126162689600797,17.38117649767739,-2.255013808076594,-14.908036191009046,High-CDR,15.524251031794053,High-RE,TRUE,30.432287222803097
SCI-vetted,All ambitions,R10AFRICA,headcount_pct,Deprived share,IMAGE,43,66,16.869722181370243,14.976622027089832,1.8931001542804111,11.221881035901234,High-RE,15.524251031794053,High-RE,FALSE,4.302369995892819
SCI-vetted,All ambitions,R10AFRICA,headcount_pct,Deprived share,MESSAGEix,69,67,15.126162689600797,11.865811233281075,3.2603514563197216,21.5543857568133,High-RE,15.524251031794053,High-RE,FALSE,6.030134725019247
SCI-vetted,All ambitions,R10AFRICA,headcount_pct,Deprived share,POLES,26,70,11.65126860676804,12.777939222189598,-1.126670615421558,-9.669939415585121,High-CDR,15.524251031794053,High-RE,TRUE,25.194190447379174
SCI-vetted,All ambitions,R10AFRICA,headcount_pct,Deprived share,REMIND,69,42,15.126162689600797,41.16435777803074,-26.038195088429944,-172.14012319417367,High-CDR,15.524251031794053,High-RE,TRUE,187.66437422596772
SCI-vetted,All ambitions,R10AFRICA,headcount_pct,Deprived share,WITCH,69,42,15.126162689600797,8.944782123508608,6.181380566092189,40.86549042832836,High-RE,15.524251031794053,High-RE,FALSE,25.341239396534306
SCI-vetted,All ambitions,R10AFRICA,mortality_million_deaths,PM2.5 mortality,GCAM,69,62,73.7414,76.1605325,-2.4191325000000035,-3.2805622079320482,High-CDR,-6.483108538758428,High-CDR,FALSE,3.2025463308263795
SCI-vetted,All ambitions,R10AFRICA,mortality_million_deaths,PM2.5 mortality,IMAGE,43,65,72.75155,78.63205,-5.880500000000012,-8.082989297135267,High-CDR,-6.483108538758428,High-CDR,FALSE,1.5998807583768393
SCI-vetted,All ambitions,R10AFRICA,mortality_million_deaths,PM2.5 mortality,MESSAGEix,69,66,73.7414,78.64586249999999,-4.904462499999994,-6.650894205968417,High-CDR,-6.483108538758428,High-CDR,FALSE,0.1677856672099889
SCI-vetted,All ambitions,R10AFRICA,mortality_million_deaths,PM2.5 mortality,POLES,26,69,77.36427,78.522135,-1.157865000000001,-1.4966405034261954,High-CDR,-6.483108538758428,High-CDR,FALSE,4.986468035332233
SCI-vetted,All ambitions,R10AFRICA,mortality_million_deaths,PM2.5 mortality,REMIND,69,42,73.7414,67.42376999999999,6.317630000000008,8.567276997724491,High-RE,-6.483108538758428,High-CDR,TRUE,15.050385536482919
SCI-vetted,All ambitions,R10AFRICA,mortality_million_deaths,PM2.5 mortality,WITCH,69,41,73.7414,78.904725,-5.163325,-7.001935140911347,High-CDR,-6.483108538758428,High-CDR,FALSE,0.5188266021529193
SCI-vetted,All ambitions,R10AFRICA,total_energy_jobyears_per_1k,Employment,GCAM,69,63,396.4754880085231,393.88399383862924,-2.591494169893849,-0.6536328848249351,High-CDR,36.08494602179897,High-RE,TRUE,36.73857890662391
SCI-vetted,All ambitions,R10AFRICA,total_energy_jobyears_per_1k,Employment,IMAGE,43,66,404.3831181162064,461.62838752576636,57.24526940955997,14.15619664743511,High-RE,36.08494602179897,High-RE,FALSE,21.92874937436386
SCI-vetted,All ambitions,R10AFRICA,total_energy_jobyears_per_1k,Employment,MESSAGEix,69,67,396.4754880085231,561.6178474775356,165.14235946901255,41.6526026106972,High-RE,36.08494602179897,High-RE,FALSE,5.567656588898231
SCI-vetted,All ambitions,R10AFRICA,total_energy_jobyears_per_1k,Employment,POLES,26,70,220.433291822335,539.5434538460627,319.11016202372764,144.76495786349926,High-RE,36.08494602179897,High-RE,FALSE,108.68001184170029
SCI-vetted,All ambitions,R10AFRICA,total_energy_jobyears_per_1k,Employment,REMIND,69,42,396.4754880085231,187.31795652431012,-209.15753148421297,-52.754215029736386,High-CDR,36.08494602179897,High-RE,TRUE,88.83916105153536
SCI-vetted,All ambitions,R10AFRICA,total_energy_jobyears_per_1k,Employment,WITCH,69,42,396.4754880085231,730.6569232728424,334.1814352643193,84.28804437391483,High-RE,36.08494602179897,High-RE,FALSE,48.20309835211586
SCI-vetted,All ambitions,R10CHINA+,gap_GJ_pc,DLE gap,GCAM,69,63,13.573024488748906,13.954881293010391,-0.38185680426148494,-2.8133508826865943,High-CDR,-2.8321174508955895,High-CDR,FALSE,0.01876656820899525
SCI-vetted,All ambitions,R10CHINA+,gap_GJ_pc,DLE gap,IMAGE,43,66,11.17359568709654,13.861312268111217,-2.6877165810146764,-24.054177869694154,High-CDR,-2.8321174508955895,High-CDR,FALSE,21.222060418798563
SCI-vetted,All ambitions,R10CHINA+,gap_GJ_pc,DLE gap,MESSAGEix,69,67,13.573024488748906,13.912245058284332,-0.339220569535426,-2.4992260922878042,High-CDR,-2.8321174508955895,High-CDR,FALSE,0.3328913586077853
SCI-vetted,All ambitions,R10CHINA+,gap_GJ_pc,DLE gap,POLES,26,70,18.98181937281162,13.957428483909096,5.024390888902525,26.46949057000906,High-RE,-2.8321174508955895,High-CDR,TRUE,29.301608020904652
SCI-vetted,All ambitions,R10CHINA+,gap_GJ_pc,DLE gap,REMIND,69,42,13.573024488748906,14.171134401753497,-0.5981099130045902,-4.40660748457635,High-CDR,-2.8321174508955895,High-CDR,FALSE,1.5744900336807603
SCI-vetted,All ambitions,R10CHINA+,gap_GJ_pc,DLE gap,WITCH,69,42,13.573024488748906,13.933563175647361,-0.3605386868984546,-2.656288487487193,High-CDR,-2.8321174508955895,High-CDR,FALSE,0.1758289634083967
SCI-vetted,All ambitions,R10CHINA+,headcount_pct,Deprived share,GCAM,69,63,4.556934056929092,4.149252441199764,0.40768161572932726,8.946401475997286,High-RE,7.715265900874555,High-RE,FALSE,1.2311355751227309
SCI-vetted,All ambitions,R10CHINA+,headcount_pct,Deprived share,IMAGE,43,66,3.680622779990226,4.143381616614578,-0.462758836624352,-12.572840638278638,High-CDR,7.715265900874555,High-RE,TRUE,20.288106539153194
SCI-vetted,All ambitions,R10CHINA+,headcount_pct,Deprived share,MESSAGEix,69,67,4.556934056929092,4.1978769771171605,0.35905707981193125,7.879356499924843,High-RE,7.715265900874555,High-RE,FALSE,0.16409059905028833
SCI-vetted,All ambitions,R10CHINA+,headcount_pct,Deprived share,POLES,26,70,6.547494245038478,4.205354477509502,2.342139767528976,35.771543736808766,High-RE,7.715265900874555,High-RE,FALSE,28.05627783593421
SCI-vetted,All ambitions,R10CHINA+,headcount_pct,Deprived share,REMIND,69,42,4.556934056929092,4.225420913135167,0.3315131437939245,7.2749164164409805,High-RE,7.715265900874555,High-RE,FALSE,0.44034948443357447
SCI-vetted,All ambitions,R10CHINA+,headcount_pct,Deprived share,WITCH,69,42,4.556934056929092,4.4381601705836315,0.11877388634546016,2.6064429474211357,High-RE,7.715265900874555,High-RE,FALSE,5.108822953453419
SCI-vetted,All ambitions,R10CHINA+,mortality_million_deaths,PM2.5 mortality,GCAM,69,62,81.837665,92.16260750000001,-10.324942500000006,-12.616369858548635,High-CDR,-12.867406468647408,High-CDR,FALSE,0.25103661009877243
SCI-vetted,All ambitions,R10CHINA+,mortality_million_deaths,PM2.5 mortality,IMAGE,43,65,78.61779,92.555285,-13.937494999999998,-17.728169413055237,High-CDR,-12.867406468647408,High-CDR,FALSE,4.8607629444078295
SCI-vetted,All ambitions,R10CHINA+,mortality_million_deaths,PM2.5 mortality,MESSAGEix,69,66,81.837665,92.16260750000001,-10.324942500000006,-12.616369858548635,High-CDR,-12.867406468647408,High-CDR,FALSE,0.25103661009877243
SCI-vetted,All ambitions,R10CHINA+,mortality_million_deaths,PM2.5 mortality,POLES,26,69,99.310075,92.36805,6.942025000000001,6.990252499557574,High-RE,-12.867406468647408,High-CDR,TRUE,19.85765896820498
SCI-vetted,All ambitions,R10CHINA+,mortality_million_deaths,PM2.5 mortality,REMIND,69,42,81.837665,94.40337,-12.565704999999994,-15.354427573171831,High-CDR,-12.867406468647408,High-CDR,FALSE,2.4870211045244233
SCI-vetted,All ambitions,R10CHINA+,mortality_million_deaths,PM2.5 mortality,WITCH,69,41,81.837665,88.20026,-6.362594999999999,-7.77465363900595,High-CDR,-12.867406468647408,High-CDR,FALSE,5.092752829641458
SCI-vetted,All ambitions,R10CHINA+,total_energy_jobyears_per_1k,Employment,GCAM,69,63,428.0851608492609,415.6239719339535,-12.461188915307389,-2.910913541265046,High-CDR,-5.7244756184354815,High-CDR,FALSE,2.8135620771704355
SCI-vetted,All ambitions,R10CHINA+,total_energy_jobyears_per_1k,Employment,IMAGE,43,66,436.1519425786547,414.0828178386933,-22.06912473996141,-5.059962500564011,High-CDR,-5.7244756184354815,High-CDR,FALSE,0.6645131178714703
SCI-vetted,All ambitions,R10CHINA+,total_energy_jobyears_per_1k,Employment,MESSAGEix,69,67,428.0851608492609,412.5416637434331,-15.543497105827782,-3.6309357406810516,High-CDR,-5.7244756184354815,High-CDR,FALSE,2.09353987775443
SCI-vetted,All ambitions,R10CHINA+,total_energy_jobyears_per_1k,Employment,POLES,26,70,213.76411632548187,403.57953019030464,189.81541386482277,88.79666855582333,High-RE,-5.7244756184354815,High-CDR,TRUE,94.52114417425881
SCI-vetted,All ambitions,R10CHINA+,total_energy_jobyears_per_1k,Employment,REMIND,69,42,428.0851608492609,417.0128139282149,-11.072346921046005,-2.5864823015775698,High-CDR,-5.7244756184354815,High-CDR,FALSE,3.1379933168579117
SCI-vetted,All ambitions,R10CHINA+,total_energy_jobyears_per_1k,Employment,WITCH,69,42,428.0851608492609,338.1165236195145,-89.96863722974638,-21.01652789161419,High-CDR,-5.7244756184354815,High-CDR,FALSE,15.292052273178708
SCI-vetted,All ambitions,R10EUROPE,gap_GJ_pc,DLE gap,GCAM,69,63,0.4351549337453296,0.4915258596228969,-0.05637092587756731,-12.954219636759968,High-CDR,-7.270189407891994,High-CDR,FALSE,5.684030228867973
SCI-vetted,All ambitions,R10EUROPE,gap_GJ_pc,DLE gap,IMAGE,43,66,0.4684784774016505,0.4589079278561654,0.009570549545485085,2.042900582875607,High-RE,-7.270189407891994,High-CDR,TRUE,9.313089990767601
SCI-vetted,All ambitions,R10EUROPE,gap_GJ_pc,DLE gap,MESSAGEix,69,67,0.4351549337453296,0.4706075766348361,-0.0354526428895065,-8.14713108831597,High-CDR,-7.270189407891994,High-CDR,FALSE,0.8769416804239754
SCI-vetted,All ambitions,R10EUROPE,gap_GJ_pc,DLE gap,POLES,26,70,0.4092203502712971,0.466791521646402,-0.05757117137510487,-14.068501563262293,High-CDR,-7.270189407891994,High-CDR,FALSE,6.798312155370299
SCI-vetted,All ambitions,R10EUROPE,gap_GJ_pc,DLE gap,REMIND,69,42,0.4351549337453296,0.6132858337105518,-0.1781308999652222,-40.93505235757517,High-CDR,-7.270189407891994,High-CDR,FALSE,33.66486294968317
SCI-vetted,All ambitions,R10EUROPE,gap_GJ_pc,DLE gap,WITCH,69,42,0.4351549337453296,0.2785439583171926,0.156610975428137,35.98970465075598,High-RE,-7.270189407891994,High-CDR,TRUE,43.25989405864797
SCI-vetted,All ambitions,R10EUROPE,headcount_pct,Deprived share,GCAM,69,63,0.1953639028931268,0.2209847122795312,-0.025620809386404403,-13.114402920390154,High-CDR,-6.458266405304926,High-CDR,FALSE,6.656136515085228
SCI-vetted,All ambitions,R10EUROPE,headcount_pct,Deprived share,IMAGE,43,66,0.22293489114459125,0.1980420169164696,0.024892874228121642,11.165983978692955,High-RE,-6.458266405304926,High-CDR,TRUE,17.624250383997882
SCI-vetted,All ambitions,R10EUROPE,headcount_pct,Deprived share,MESSAGEix,69,67,0.1953639028931268,0.2120447673446547,-0.016680864451527888,-8.538355450777978,High-CDR,-6.458266405304926,High-CDR,FALSE,2.080089045473052
SCI-vetted,All ambitions,R10EUROPE,headcount_pct,Deprived share,POLES,26,70,0.17607518160535915,0.20798102420176615,-0.031905842596407,-18.12057912166077,High-CDR,-6.458266405304926,High-CDR,FALSE,11.662312716355846
SCI-vetted,All ambitions,R10EUROPE,headcount_pct,Deprived share,REMIND,69,42,0.1953639028931268,0.22874699772099583,-0.033383094827869025,-17.087647376768032,High-CDR,-6.458266405304926,High-CDR,FALSE,10.629380971463107
SCI-vetted,All ambitions,R10EUROPE,headcount_pct,Deprived share,WITCH,69,42,0.1953639028931268,0.1321243646315065,0.06323953826162029,32.37012432957754,High-RE,-6.458266405304926,High-CDR,TRUE,38.82839073488247
SCI-vetted,All ambitions,R10EUROPE,mortality_million_deaths,PM2.5 mortality,GCAM,69,62,12.232365,17.778885000000002,-5.546520000000003,-45.342989683515846,High-CDR,-45.70800495243561,High-CDR,FALSE,0.36501526891976255
SCI-vetted,All ambitions,R10EUROPE,mortality_million_deaths,PM2.5 mortality,IMAGE,43,65,12.036045,17.818885,-5.782840000000002,-48.04601511543038,High-CDR,-45.70800495243561,High-CDR,FALSE,2.3380101629947703
SCI-vetted,All ambitions,R10EUROPE,mortality_million_deaths,PM2.5 mortality,MESSAGEix,69,66,12.232365,17.8272925,-5.594927499999999,-45.73872264275959,High-CDR,-45.70800495243561,High-CDR,FALSE,0.030717690323982083
SCI-vetted,All ambitions,R10EUROPE,mortality_million_deaths,PM2.5 mortality,POLES,26,69,21.986829999999998,17.823535,4.163294999999998,18.935403602975047,High-RE,-45.70800495243561,High-CDR,TRUE,64.64340855541066
SCI-vetted,All ambitions,R10EUROPE,mortality_million_deaths,PM2.5 mortality,REMIND,69,42,12.232365,18.00085,-5.768485,-47.15756110940117,High-CDR,-45.70800495243561,High-CDR,FALSE,1.4495561569655635
SCI-vetted,All ambitions,R10EUROPE,mortality_million_deaths,PM2.5 mortality,WITCH,69,41,12.232365,12.651685,-0.4193200000000008,-3.4279552645788516,High-CDR,-45.70800495243561,High-CDR,FALSE,42.28004968785676
SCI-vetted,All ambitions,R10EUROPE,total_energy_jobyears_per_1k,Employment,GCAM,69,63,189.79244409759318,168.10468205918409,-21.68776203840909,-11.427094551381101,High-CDR,-9.693964994282506,High-CDR,FALSE,1.7331295570985947
SCI-vetted,All ambitions,R10EUROPE,total_energy_jobyears_per_1k,Employment,IMAGE,43,66,202.2462474328646,170.50012409586526,-31.746123336999347,-15.696767549438677,High-CDR,-9.693964994282506,High-CDR,FALSE,6.002802555156171
SCI-vetted,All ambitions,R10EUROPE,total_energy_jobyears_per_1k,Employment,MESSAGEix,69,67,189.79244409759318,172.788453635381,-17.003990462212187,-8.959255750702365,High-CDR,-9.693964994282506,High-CDR,FALSE,0.7347092435801414
SCI-vetted,All ambitions,R10EUROPE,total_energy_jobyears_per_1k,Employment,POLES,26,70,153.36247460958012,171.3940310049793,18.03155639539918,11.757476163124457,High-RE,-9.693964994282506,High-CDR,TRUE,21.45144115740696
SCI-vetted,All ambitions,R10EUROPE,total_energy_jobyears_per_1k,Employment,REMIND,69,42,189.79244409759318,180.18150039672253,-9.61094370087065,-5.063923248666636,High-CDR,-9.693964994282506,High-CDR,FALSE,4.630041745615871
SCI-vetted,All ambitions,R10EUROPE,total_energy_jobyears_per_1k,Employment,WITCH,69,42,189.79244409759318,150.57376691283338,-39.2186771847598,-20.66398236833557,High-CDR,-9.693964994282506,High-CDR,FALSE,10.970017374053064
SCI-vetted,All ambitions,R10INDIA+,gap_GJ_pc,DLE gap,GCAM,69,63,6.543487662559797,4.968334431301656,1.5751532312581409,24.072074595185295,High-RE,41.65709127564135,High-RE,FALSE,17.585016680456054
SCI-vetted,All ambitions,R10INDIA+,gap_GJ_pc,DLE gap,IMAGE,43,66,6.503012986585345,3.5990821153255537,2.9039308712597913,44.65516026571264,High-RE,41.65709127564135,High-RE,FALSE,2.998068990071289
SCI-vetted,All ambitions,R10INDIA+,gap_GJ_pc,DLE gap,MESSAGEix,69,67,6.543487662559797,3.611041390038524,2.932446272521273,44.81472914360332,High-RE,41.65709127564135,High-RE,FALSE,3.1576378679619737
SCI-vetted,All ambitions,R10INDIA+,gap_GJ_pc,DLE gap,POLES,26,70,9.654611812857716,3.8176610343569317,5.836950778500785,60.45764336922704,High-RE,41.65709127564135,High-RE,FALSE,18.800552093585694
SCI-vetted,All ambitions,R10INDIA+,gap_GJ_pc,DLE gap,REMIND,69,42,6.543487662559797,6.191101656712979,0.35238600584681823,5.385293348424617,High-RE,41.65709127564135,High-RE,FALSE,36.27179792721673
SCI-vetted,All ambitions,R10INDIA+,gap_GJ_pc,DLE gap,WITCH,69,42,6.543487662559797,1.865102534177952,4.678385128381845,71.49681285639763,High-RE,41.65709127564135,High-RE,FALSE,29.839721580756276
SCI-vetted,All ambitions,R10INDIA+,headcount_pct,Deprived share,GCAM,69,63,2.504060814889127,2.21977990532334,0.284280909565787,11.35279574183881,High-RE,22.108952174125342,High-RE,FALSE,10.756156432286533
SCI-vetted,All ambitions,R10INDIA+,headcount_pct,Deprived share,IMAGE,43,66,2.400344297140056,1.8362990819895475,0.5640452151505086,23.49851293510489,High-RE,22.108952174125342,High-RE,FALSE,1.389560760979549
SCI-vetted,All ambitions,R10INDIA+,headcount_pct,Deprived share,MESSAGEix,69,67,2.504060814889127,1.8597662511316104,0.6442945637575164,25.72998866187857,High-RE,22.108952174125342,High-RE,FALSE,3.6210364877532264
SCI-vetted,All ambitions,R10INDIA+,headcount_pct,Deprived share,POLES,26,70,2.983437256517735,1.9504392069142764,1.0329980496034585,34.6244268199953,High-RE,22.108952174125342,High-RE,FALSE,12.515474645869958
SCI-vetted,All ambitions,R10INDIA+,headcount_pct,Deprived share,REMIND,69,42,2.504060814889127,2.9347834003372815,-0.43072258544815467,-17.200963446537777,High-CDR,22.108952174125342,High-RE,TRUE,39.30991562066312
SCI-vetted,All ambitions,R10INDIA+,headcount_pct,Deprived share,WITCH,69,42,2.504060814889127,0.9580022305977819,1.546058584291345,61.74205415054189,High-RE,22.108952174125342,High-RE,FALSE,39.63310197641655
SCI-vetted,All ambitions,R10INDIA+,mortality_million_deaths,PM2.5 mortality,GCAM,69,62,115.212715,95.9684125,19.244302500000003,16.70328010237412,High-RE,16.599005587187147,High-RE,FALSE,0.1042745151869724
SCI-vetted,All ambitions,R10INDIA+,mortality_million_deaths,PM2.5 mortality,IMAGE,43,65,109.769475,96.073765,13.695710000000005,12.476792842454612,High-RE,16.599005587187147,High-RE,FALSE,4.1222127447325345
SCI-vetted,All ambitions,R10INDIA+,mortality_million_deaths,PM2.5 mortality,MESSAGEix,69,66,115.212715,96.073765,19.13895000000001,16.611838372179676,High-RE,16.599005587187147,High-RE,FALSE,0.012832784992529156
SCI-vetted,All ambitions,R10INDIA+,mortality_million_deaths,PM2.5 mortality,POLES,26,69,155.23187000000001,96.08855,59.14332000000002,38.09998552487966,High-RE,16.599005587187147,High-RE,FALSE,21.500979937692517
SCI-vetted,All ambitions,R10INDIA+,mortality_million_deaths,PM2.5 mortality,REMIND,69,42,115.212715,93.22845000000001,21.984264999999994,19.081457285335212,High-RE,16.599005587187147,High-RE,FALSE,2.482451698148065
SCI-vetted,All ambitions,R10INDIA+,mortality_million_deaths,PM2.5 mortality,WITCH,69,41,115.212715,108.78237,6.430345000000003,5.581280677223865,High-RE,16.599005587187147,High-RE,FALSE,11.017724909963281
SCI-vetted,All ambitions,R10INDIA+,total_energy_jobyears_per_1k,Employment,GCAM,69,63,444.4447839936732,475.8397305949567,31.394946601283493,7.063857588602144,High-RE,20.77016064531152,High-RE,FALSE,13.706303056709377
SCI-vetted,All ambitions,R10INDIA+,total_energy_jobyears_per_1k,Employment,IMAGE,43,66,509.92457991070074,576.9860948273523,67.06151491665156,13.151261492120176,High-RE,20.77016064531152,High-RE,FALSE,7.618899153191345
SCI-vetted,All ambitions,R10INDIA+,total_energy_jobyears_per_1k,Employment,MESSAGEix,69,67,444.4447839936732,497.9660948322046,53.521310838531406,12.042285738534689,High-RE,20.77016064531152,High-RE,FALSE,8.727874906776831
SCI-vetted,All ambitions,R10INDIA+,total_energy_jobyears_per_1k,Employment,POLES,26,70,312.7181452947842,536.7566796088669,224.03853431408265,71.64231998846513,High-RE,20.77016064531152,High-RE,FALSE,50.87215934315361
SCI-vetted,All ambitions,R10INDIA+,total_energy_jobyears_per_1k,Employment,REMIND,69,42,444.4447839936732,266.69179897652657,-177.7529850171466,-39.99439107371254,High-CDR,20.77016064531152,High-RE,TRUE,60.76455171902406
SCI-vetted,All ambitions,R10INDIA+,total_energy_jobyears_per_1k,Employment,WITCH,69,42,444.4447839936732,686.4513149128,242.00653091912676,54.45142785668777,High-RE,20.77016064531152,High-RE,FALSE,33.68126721137625
SCI-vetted,All ambitions,R10LATIN_AM,gap_GJ_pc,DLE gap,GCAM,69,63,82.05793222866434,70.97524546072171,11.082686767942633,13.50592985582355,High-RE,13.908358111220133,High-RE,FALSE,0.40242825539658256
SCI-vetted,All ambitions,R10LATIN_AM,gap_GJ_pc,DLE gap,IMAGE,43,66,85.22291561997689,70.50742302856543,14.715492591411461,17.267060724641578,High-RE,13.908358111220133,High-RE,FALSE,3.3587026134214444
SCI-vetted,All ambitions,R10LATIN_AM,gap_GJ_pc,DLE gap,MESSAGEix,69,67,82.05793222866434,70.64502115563938,11.412911073024958,13.908358111220133,High-RE,13.908358111220133,High-RE,FALSE,0
SCI-vetted,All ambitions,R10LATIN_AM,gap_GJ_pc,DLE gap,POLES,26,70,64.21926392101012,70.64502115563938,-6.425757234629259,-10.005965254495845,High-CDR,13.908358111220133,High-RE,TRUE,23.91432336571598
SCI-vetted,All ambitions,R10LATIN_AM,gap_GJ_pc,DLE gap,REMIND,69,42,82.05793222866434,76.874628612382,5.183303616282345,6.3166393248107235,High-RE,13.908358111220133,High-RE,FALSE,7.59171878640941
SCI-vetted,All ambitions,R10LATIN_AM,gap_GJ_pc,DLE gap,WITCH,69,42,82.05793222866434,54.340861103243356,27.717071125420986,33.777442804900346,High-RE,13.908358111220133,High-RE,FALSE,19.869084693680215
SCI-vetted,All ambitions,R10LATIN_AM,headcount_pct,Deprived share,GCAM,69,63,17.038672120533775,14.272739998099732,2.7659321224340427,16.233261036232637,High-RE,17.259078060623796,High-RE,FALSE,1.0258170243911593
SCI-vetted,All ambitions,R10LATIN_AM,headcount_pct,Deprived share,IMAGE,43,66,17.70326207965091,13.98116696063568,3.722095119015229,21.024911128066094,High-RE,17.259078060623796,High-RE,FALSE,3.7658330674422977
SCI-vetted,All ambitions,R10LATIN_AM,headcount_pct,Deprived share,MESSAGEix,69,67,17.038672120533775,13.746483160791906,3.2921889597418694,19.321863443656277,High-RE,17.259078060623796,High-RE,FALSE,2.0627853830324803
SCI-vetted,All ambitions,R10LATIN_AM,headcount_pct,Deprived share,POLES,26,70,13.808747634002813,14.097954398757107,-0.28920676475429374,-2.0943735986755803,High-CDR,17.259078060623796,High-RE,TRUE,19.353451659299377
SCI-vetted,All ambitions,R10LATIN_AM,headcount_pct,Deprived share,REMIND,69,42,17.038672120533775,15.185433376706683,1.8532387438270916,10.876661812123858,High-RE,17.259078060623796,High-RE,FALSE,6.382416248499938
SCI-vetted,All ambitions,R10LATIN_AM,headcount_pct,Deprived share,WITCH,69,42,17.038672120533775,11.004020033666645,6.03465208686713,35.41738490052053,High-RE,17.259078060623796,High-RE,FALSE,18.158306839896735
SCI-vetted,All ambitions,R10LATIN_AM,mortality_million_deaths,PM2.5 mortality,GCAM,69,62,13.423695,15.402305,-1.9786099999999998,-14.739682330386676,High-CDR,-14.802369988293083,High-CDR,FALSE,0.06268765790640707
SCI-vetted,All ambitions,R10LATIN_AM,mortality_million_deaths,PM2.5 mortality,IMAGE,43,65,13.310275,15.402855,-2.09258,-15.721538435531945,High-CDR,-14.802369988293083,High-CDR,FALSE,0.9191684472388619
SCI-vetted,All ambitions,R10LATIN_AM,mortality_million_deaths,PM2.5 mortality,MESSAGEix,69,66,13.423695,15.4124325,-1.9887374999999992,-14.81512728052894,High-CDR,-14.802369988293083,High-CDR,FALSE,0.012757292235855644
SCI-vetted,All ambitions,R10LATIN_AM,mortality_million_deaths,PM2.5 mortality,POLES,26,69,22.382847499999997,15.41072,6.972127499999997,31.14942144872317,High-RE,-14.802369988293083,High-CDR,TRUE,45.951791437016254
SCI-vetted,All ambitions,R10LATIN_AM,mortality_million_deaths,PM2.5 mortality,REMIND,69,42,13.423695,15.402305,-1.9786099999999998,-14.739682330386676,High-CDR,-14.802369988293083,High-CDR,FALSE,0.06268765790640707
SCI-vetted,All ambitions,R10LATIN_AM,mortality_million_deaths,PM2.5 mortality,WITCH,69,41,13.423695,15.644565,-2.2208699999999997,-16.54440152282959,High-CDR,-14.802369988293083,High-CDR,FALSE,1.7420315345365083
SCI-vetted,All ambitions,R10LATIN_AM,total_energy_jobyears_per_1k,Employment,GCAM,69,63,329.76200935266274,438.6234109033115,108.86140155064874,33.012111299402996,High-RE,33.832487892395726,High-RE,FALSE,0.82037659299273
SCI-vetted,All ambitions,R10LATIN_AM,total_energy_jobyears_per_1k,Employment,IMAGE,43,66,341.8114537909102,441.3287012406232,99.51724744971301,29.114661415234142,High-RE,33.832487892395726,High-RE,FALSE,4.717826477161584
SCI-vetted,All ambitions,R10LATIN_AM,total_energy_jobyears_per_1k,Employment,MESSAGEix,69,67,329.76200935266274,442.7828721402497,113.02086278758696,34.27346376541429,High-RE,33.832487892395726,High-RE,FALSE,0.4409758730185658
SCI-vetted,All ambitions,R10LATIN_AM,total_energy_jobyears_per_1k,Employment,POLES,26,70,294.32387386484936,441.3287012406232,147.00482737577386,49.9466201791286,High-RE,33.832487892395726,High-RE,FALSE,16.114132286732875
SCI-vetted,All ambitions,R10LATIN_AM,total_energy_jobyears_per_1k,Employment,REMIND,69,42,329.76200935266274,549.3595069177558,219.59749756509302,66.59272182267829,High-RE,33.832487892395726,High-RE,FALSE,32.76023393028256
SCI-vetted,All ambitions,R10LATIN_AM,total_energy_jobyears_per_1k,Employment,WITCH,69,42,329.76200935266274,409.8027188882992,80.04070953563644,24.272265229327008,High-RE,33.832487892395726,High-RE,FALSE,9.560222663068718
SCI-vetted,All ambitions,R10MIDDLE_EAST,gap_GJ_pc,DLE gap,GCAM,69,63,1.91804870931437,5.87884103945932,-3.9607923301449497,-206.50113372568015,High-CDR,-160.62234374058198,High-CDR,FALSE,45.878789985098166
SCI-vetted,All ambitions,R10MIDDLE_EAST,gap_GJ_pc,DLE gap,IMAGE,43,66,2.0389800956231574,5.466687809604265,-3.4277077139811074,-168.10893452755968,High-CDR,-160.62234374058198,High-CDR,FALSE,7.4865907869777
SCI-vetted,All ambitions,R10MIDDLE_EAST,gap_GJ_pc,DLE gap,MESSAGEix,69,67,1.91804870931437,5.000121436815919,-3.0820727275015485,-160.68792792041623,High-CDR,-160.62234374058198,High-CDR,FALSE,0.06558417983424647
SCI-vetted,All ambitions,R10MIDDLE_EAST,gap_GJ_pc,DLE gap,POLES,26,70,1.5091070784049008,4.998863500301094,-3.4897564218961934,-231.24644180880813,High-CDR,-160.62234374058198,High-CDR,FALSE,70.62409806822615
SCI-vetted,All ambitions,R10MIDDLE_EAST,gap_GJ_pc,DLE gap,REMIND,69,42,1.91804870931437,6.399944725543461,-4.481896016229092,-233.66956190759097,High-CDR,-160.62234374058198,High-CDR,FALSE,73.04721816700899
SCI-vetted,All ambitions,R10MIDDLE_EAST,gap_GJ_pc,DLE gap,WITCH,69,42,1.91804870931437,3.8282215279044856,-1.9101728185901155,-99.58938004618923,High-CDR,-160.62234374058198,High-CDR,FALSE,61.03296369439275
SCI-vetted,All ambitions,R10MIDDLE_EAST,headcount_pct,Deprived share,GCAM,69,63,1.1144062054218462,1.436236507891166,-0.3218303024693199,-28.879083847841148,High-CDR,-9.9767321061754,High-CDR,FALSE,18.902351741665747
SCI-vetted,All ambitions,R10MIDDLE_EAST,headcount_pct,Deprived share,IMAGE,43,66,1.2246515679973575,1.3095845712049154,-0.08493300320755792,-6.935279015438389,High-CDR,-9.9767321061754,High-CDR,FALSE,3.0414530907370105
SCI-vetted,All ambitions,R10MIDDLE_EAST,headcount_pct,Deprived share,MESSAGEix,69,67,1.1144062054218462,1.2425661421471177,-0.12815993672527148,-11.500289221447574,High-CDR,-9.9767321061754,High-CDR,FALSE,1.5235571152721743
SCI-vetted,All ambitions,R10MIDDLE_EAST,headcount_pct,Deprived share,POLES,26,70,0.8970264900982282,1.2255875271113785,-0.3285610370131503,-36.627796463086774,High-CDR,-9.9767321061754,High-CDR,FALSE,26.651064356911377
SCI-vetted,All ambitions,R10MIDDLE_EAST,headcount_pct,Deprived share,REMIND,69,42,1.1144062054218462,1.6078884775904885,-0.49348227216864227,-44.282082221701195,High-CDR,-9.9767321061754,High-CDR,FALSE,34.3053501155258
SCI-vetted,All ambitions,R10MIDDLE_EAST,headcount_pct,Deprived share,WITCH,69,42,1.1144062054218462,0.9286074215320128,0.1857987838898334,16.672446993374493,High-RE,-9.9767321061754,High-CDR,TRUE,26.64917909954989
SCI-vetted,All ambitions,R10MIDDLE_EAST,mortality_million_deaths,PM2.5 mortality,GCAM,69,62,43.605375,55.152155,-11.546779999999998,-26.480175895746793,High-CDR,-14.828710910065547,High-CDR,FALSE,11.651464985681246
SCI-vetted,All ambitions,R10MIDDLE_EAST,mortality_million_deaths,PM2.5 mortality,IMAGE,43,65,43.3293,51.59405,-8.26475,-19.07427537486181,High-CDR,-14.828710910065547,High-CDR,FALSE,4.245564464796262
SCI-vetted,All ambitions,R10MIDDLE_EAST,mortality_million_deaths,PM2.5 mortality,MESSAGEix,69,66,43.605375,49.24402,-5.638644999999997,-12.93107787744056,High-CDR,-14.828710910065547,High-CDR,FALSE,1.897633032624988
SCI-vetted,All ambitions,R10MIDDLE_EAST,mortality_million_deaths,PM2.5 mortality,POLES,26,69,47.0313575,50.07149,-3.0401324999999986,-6.464054328008709,High-CDR,-14.828710910065547,High-CDR,FALSE,8.364656582056838
SCI-vetted,All ambitions,R10MIDDLE_EAST,mortality_million_deaths,PM2.5 mortality,REMIND,69,42,43.605375,68.02341,-24.418034999999996,-55.99776403711697,High-CDR,-14.828710910065547,High-CDR,FALSE,41.16905312705143
SCI-vetted,All ambitions,R10MIDDLE_EAST,mortality_million_deaths,PM2.5 mortality,WITCH,69,41,43.605375,46.817945,-3.2125699999999995,-7.367371568298632,High-CDR,-14.828710910065547,High-CDR,FALSE,7.461339341766916
SCI-vetted,All ambitions,R10MIDDLE_EAST,total_energy_jobyears_per_1k,Employment,GCAM,69,63,244.41630035043428,564.3457116113055,319.92941126087123,130.89528431703175,High-RE,129.72641605513562,High-RE,FALSE,1.1688682618961366
SCI-vetted,All ambitions,R10MIDDLE_EAST,total_energy_jobyears_per_1k,Employment,IMAGE,43,66,251.71318853464086,558.9676853663143,307.25449683167346,122.06531513917436,High-RE,129.72641605513562,High-RE,FALSE,7.661100915961256
SCI-vetted,All ambitions,R10MIDDLE_EAST,total_energy_jobyears_per_1k,Employment,MESSAGEix,69,67,244.41630035043428,561.121798451123,316.7054981006887,129.57625888560176,High-RE,129.72641605513562,High-RE,FALSE,0.1501571695338555
SCI-vetted,All ambitions,R10MIDDLE_EAST,total_energy_jobyears_per_1k,Employment,POLES,26,70,181.17135991454853,561.4888070496086,380.31744713506004,209.92139558616825,High-RE,129.72641605513562,High-RE,FALSE,80.19497953103263
SCI-vetted,All ambitions,R10MIDDLE_EAST,total_energy_jobyears_per_1k,Employment,REMIND,69,42,244.41630035043428,549.9613490271946,305.5450486767603,125.01009475991661,High-RE,129.72641605513562,High-RE,FALSE,4.716321295219004
SCI-vetted,All ambitions,R10MIDDLE_EAST,total_energy_jobyears_per_1k,Employment,WITCH,69,42,244.41630035043428,665.7577558950276,421.34145554459326,172.3868068293689,High-RE,129.72641605513562,High-RE,FALSE,42.66039077423329
SCI-vetted,All ambitions,R10NORTH_AM,gap_GJ_pc,DLE gap,GCAM,69,63,0.716594184992252,0.17390235551997202,0.54269182947228,75.73210065584718,High-RE,76.1284434300265,High-RE,FALSE,0.39634277417931685
SCI-vetted,All ambitions,R10NORTH_AM,gap_GJ_pc,DLE gap,IMAGE,43,66,0.9585896877327708,0.16405079997044517,0.7945388877623256,82.88623359192884,High-RE,76.1284434300265,High-RE,FALSE,6.757790161902349
SCI-vetted,All ambitions,R10NORTH_AM,gap_GJ_pc,DLE gap,MESSAGEix,69,67,0.716594184992252,0.17390235551997202,0.54269182947228,75.73210065584718,High-RE,76.1284434300265,High-RE,FALSE,0.39634277417931685
SCI-vetted,All ambitions,R10NORTH_AM,gap_GJ_pc,DLE gap,POLES,26,70,0.34653417615393267,0.17106218624756608,0.1754719899063666,50.636272547161646,High-RE,76.1284434300265,High-RE,FALSE,25.492170882864848
SCI-vetted,All ambitions,R10NORTH_AM,gap_GJ_pc,DLE gap,REMIND,69,42,0.716594184992252,0.16769863125043583,0.5488955537418162,76.59782415730194,High-RE,76.1284434300265,High-RE,FALSE,0.46938072727544977
SCI-vetted,All ambitions,R10NORTH_AM,gap_GJ_pc,DLE gap,WITCH,69,42,0.716594184992252,0.17147811661448015,0.5451160683777718,76.07040076436927,High-RE,76.1284434300265,High-RE,FALSE,0.05804266565722571
SCI-vetted,All ambitions,R10NORTH_AM,headcount_pct,Deprived share,GCAM,69,63,0.25683953402165477,0.04163606863278336,0.21520346538887142,83.789073286018,High-RE,84.09757782635096,High-RE,FALSE,0.3085045403329616
SCI-vetted,All ambitions,R10NORTH_AM,headcount_pct,Deprived share,IMAGE,43,66,0.3416897182965082,0.04041929948139524,0.30127041881511296,88.17075922480039,High-RE,84.09757782635096,High-RE,FALSE,4.073181398449435
SCI-vetted,All ambitions,R10NORTH_AM,headcount_pct,Deprived share,MESSAGEix,69,67,0.25683953402165477,0.04080394987151641,0.21603558415013835,84.1130571946622,High-RE,84.09757782635096,High-RE,FALSE,0.015479368311247299
SCI-vetted,All ambitions,R10NORTH_AM,headcount_pct,Deprived share,POLES,26,70,0.117341836864688,0.04084370700895648,0.07649812985573153,65.19254504592838,High-RE,84.09757782635096,High-RE,FALSE,18.905032780422573
SCI-vetted,All ambitions,R10NORTH_AM,headcount_pct,Deprived share,REMIND,69,42,0.25683953402165477,0.039509102798792495,0.21733043122286227,84.61720351997626,High-RE,84.09757782635096,High-RE,FALSE,0.5196256936253008
SCI-vetted,All ambitions,R10NORTH_AM,headcount_pct,Deprived share,WITCH,69,42,0.25683953402165477,0.060945668592661775,0.195893865428993,76.27091607029497,High-RE,84.09757782635096,High-RE,FALSE,7.826661756055984
SCI-vetted,All ambitions,R10NORTH_AM,mortality_million_deaths,PM2.5 mortality,GCAM,69,62,6.70137,10.546947500000002,-3.845577500000002,-57.38494516792838,High-CDR,-57.572183001386286,High-CDR,FALSE,0.1872378334579068
SCI-vetted,All ambitions,R10NORTH_AM,mortality_million_deaths,PM2.5 mortality,IMAGE,43,65,6.54919,10.559875,-4.010685,-61.239405178350296,High-CDR,-57.572183001386286,High-CDR,FALSE,3.6672221769640103
SCI-vetted,All ambitions,R10NORTH_AM,mortality_million_deaths,PM2.5 mortality,MESSAGEix,69,66,6.70137,10.560212499999999,-3.858842499999999,-57.582889767316225,High-CDR,-57.572183001386286,High-CDR,FALSE,0.01070676592993891
SCI-vetted,All ambitions,R10NORTH_AM,mortality_million_deaths,PM2.5 mortality,POLES,26,69,10.69381,10.559495,0.13431499999999907,1.2560069797387374,High-RE,-57.572183001386286,High-CDR,TRUE,58.82818998112502
SCI-vetted,All ambitions,R10NORTH_AM,mortality_million_deaths,PM2.5 mortality,REMIND,69,42,6.70137,10.604115,-3.9027450000000004,-58.23801700249353,High-CDR,-57.572183001386286,High-CDR,FALSE,0.6658340011072426
SCI-vetted,All ambitions,R10NORTH_AM,mortality_million_deaths,PM2.5 mortality,WITCH,69,41,6.70137,9.817225,-3.1158550000000007,-46.49579115912121,High-CDR,-57.572183001386286,High-CDR,FALSE,11.076391842265075
SCI-vetted,All ambitions,R10NORTH_AM,total_energy_jobyears_per_1k,Employment,GCAM,69,63,227.5289546752696,300.3641288707991,72.8351741955295,32.01138699005593,High-RE,62.02592370129165,High-RE,FALSE,30.01453671123572
SCI-vetted,All ambitions,R10NORTH_AM,total_energy_jobyears_per_1k,Employment,IMAGE,43,66,220.83543466817187,319.2746685726353,98.4392339044634,44.57583270202019,High-RE,62.02592370129165,High-RE,FALSE,17.45009099927146
SCI-vetted,All ambitions,R10NORTH_AM,total_energy_jobyears_per_1k,Employment,MESSAGEix,69,67,227.5289546752696,374.96306941131434,147.43411473604473,64.79795722986704,High-RE,62.02592370129165,High-RE,FALSE,2.7720335285753848
SCI-vetted,All ambitions,R10NORTH_AM,total_energy_jobyears_per_1k,Employment,POLES,26,70,287.7320084875572,368.6558905004988,80.92388201294159,28.12474094846528,High-RE,62.02592370129165,High-RE,FALSE,33.90118275282637
SCI-vetted,All ambitions,R10NORTH_AM,total_energy_jobyears_per_1k,Employment,REMIND,69,42,227.5289546752696,432.9557924299051,205.4268377546355,90.28602010140716,High-RE,62.02592370129165,High-RE,FALSE,28.260096400115508
SCI-vetted,All ambitions,R10NORTH_AM,total_energy_jobyears_per_1k,Employment,WITCH,69,42,227.5289546752696,255.30404646464467,27.775091789375068,12.207277895253293,High-RE,62.02592370129165,High-RE,FALSE,49.81864580603836
SCI-vetted,All ambitions,R10PAC_OECD,gap_GJ_pc,DLE gap,GCAM,69,62,0.2201315751103612,0.35990192550165273,-0.13977035039129154,-63.494003675401316,High-CDR,-73.28746881861456,High-CDR,FALSE,9.79346514321324
SCI-vetted,All ambitions,R10PAC_OECD,gap_GJ_pc,DLE gap,IMAGE,43,65,0.15283253976788466,0.35996297121350623,-0.20713043144562157,-135.52770356378437,High-CDR,-73.28746881861456,High-CDR,FALSE,62.240234745169815
SCI-vetted,All ambitions,R10PAC_OECD,gap_GJ_pc,DLE gap,MESSAGEix,69,66,0.2201315751103612,0.3663923497532692,-0.146260774642908,-66.44243315370879,High-CDR,-73.28746881861456,High-CDR,FALSE,6.845035664905765
SCI-vetted,All ambitions,R10PAC_OECD,gap_GJ_pc,DLE gap,POLES,26,69,0.5086164743283348,0.38146043457929224,0.12715603974904255,25.000377724091887,High-RE,-73.28746881861456,High-CDR,TRUE,98.28784654270645
SCI-vetted,All ambitions,R10PAC_OECD,gap_GJ_pc,DLE gap,REMIND,69,42,0.2201315751103612,0.3577341170969941,-0.1376025419866329,-62.509225183914204,High-CDR,-73.28746881861456,High-CDR,FALSE,10.778243634700353
SCI-vetted,All ambitions,R10PAC_OECD,gap_GJ_pc,DLE gap,WITCH,69,41,0.2201315751103612,0.4546041765713273,-0.2344726014609661,-106.51475207198929,High-CDR,-73.28746881861456,High-CDR,FALSE,33.227283253374736
SCI-vetted,All ambitions,R10PAC_OECD,headcount_pct,Deprived share,GCAM,69,62,0.08249299131408822,0.12319562009137726,-0.04070262877728904,-49.34071140942833,High-CDR,-74.60770978612108,High-CDR,FALSE,25.266998376692747
SCI-vetted,All ambitions,R10PAC_OECD,headcount_pct,Deprived share,IMAGE,43,65,0.05427278490419846,0.13831129577856863,-0.08403851087437017,-154.8446629792699,High-CDR,-74.60770978612108,High-CDR,FALSE,80.23695319314884
SCI-vetted,All ambitions,R10PAC_OECD,headcount_pct,Deprived share,MESSAGEix,69,66,0.08249299131408822,0.13897946305864253,-0.05648647174455432,-68.47426774655887,High-CDR,-74.60770978612108,High-CDR,FALSE,6.133442039562212
SCI-vetted,All ambitions,R10PAC_OECD,headcount_pct,Deprived share,POLES,26,69,0.1901188364863357,0.1440391228675932,0.046079713618742496,24.23732149341991,High-RE,-74.60770978612108,High-CDR,TRUE,98.84503127954099
SCI-vetted,All ambitions,R10PAC_OECD,headcount_pct,Deprived share,REMIND,69,42,0.08249299131408822,0.0903348044391276,-0.007841813125039385,-9.506035603900031,High-CDR,-74.60770978612108,High-CDR,FALSE,65.10167418222105
SCI-vetted,All ambitions,R10PAC_OECD,headcount_pct,Deprived share,WITCH,69,41,0.08249299131408822,0.2634034596099125,-0.1809104682958243,-219.30404682140346,High-CDR,-74.60770978612108,High-CDR,FALSE,144.6963370352824
SCI-vetted,All ambitions,R10PAC_OECD,mortality_million_deaths,PM2.5 mortality,GCAM,69,62,4.495145,5.27101,-0.7758650000000005,-17.260066138022253,High-CDR,-17.287762686186994,High-CDR,FALSE,0.027696548164740875
SCI-vetted,All ambitions,R10PAC_OECD,mortality_million_deaths,PM2.5 mortality,IMAGE,43,65,4.42293,5.27192,-0.8489899999999997,-19.195194136013903,High-CDR,-17.287762686186994,High-CDR,FALSE,1.907431449826909
SCI-vetted,All ambitions,R10PAC_OECD,mortality_million_deaths,PM2.5 mortality,MESSAGEix,69,66,4.495145,5.271965,-0.7768199999999998,-17.28131128139359,High-CDR,-17.287762686186994,High-CDR,FALSE,0.00645140479340256
SCI-vetted,All ambitions,R10PAC_OECD,mortality_million_deaths,PM2.5 mortality,POLES,26,69,6.165635,5.272255,0.8933799999999996,14.489667325425518,High-RE,-17.287762686186994,High-CDR,TRUE,31.777430011612513
SCI-vetted,All ambitions,R10PAC_OECD,mortality_million_deaths,PM2.5 mortality,REMIND,69,42,4.495145,5.3285800000000005,-0.8334350000000006,-18.54078122062805,High-CDR,-17.287762686186994,High-CDR,FALSE,1.253018534441054
SCI-vetted,All ambitions,R10PAC_OECD,mortality_million_deaths,PM2.5 mortality,WITCH,69,41,4.495145,3.74459,0.7505549999999999,16.69701422312294,High-RE,-17.287762686186994,High-CDR,TRUE,33.984776909309936
SCI-vetted,All ambitions,R10PAC_OECD,total_energy_jobyears_per_1k,Employment,GCAM,69,62,288.075135654661,170.4005021149298,-117.67463353973119,-40.848590862349646,High-CDR,-17.302957417866065,High-CDR,FALSE,23.54563344448358
SCI-vetted,All ambitions,R10PAC_OECD,total_energy_jobyears_per_1k,Employment,IMAGE,43,65,305.6231657832601,245.83495397938472,-59.788211803875384,-19.562722495413063,High-CDR,-17.302957417866065,High-CDR,FALSE,2.259765077546998
SCI-vetted,All ambitions,R10PAC_OECD,total_energy_jobyears_per_1k,Employment,MESSAGEix,69,66,288.075135654661,250.46125751397548,-37.6138781406855,-13.05696795219991,High-CDR,-17.302957417866065,High-CDR,FALSE,4.245989465666154
SCI-vetted,All ambitions,R10PAC_OECD,total_energy_jobyears_per_1k,Employment,POLES,26,69,127.35336889329031,238.2296176008751,110.87624870758478,87.06188903450858,High-RE,-17.302957417866065,High-CDR,TRUE,104.36484645237465
SCI-vetted,All ambitions,R10PAC_OECD,total_energy_jobyears_per_1k,Employment,REMIND,69,42,288.075135654661,372.5625886241394,84.4874529694784,29.328269785407777,High-RE,-17.302957417866065,High-CDR,TRUE,46.63122720327384
SCI-vetted,All ambitions,R10PAC_OECD,total_energy_jobyears_per_1k,Employment,WITCH,69,41,288.075135654661,142.48815592965718,-145.5869797250038,-50.53784992382359,High-CDR,-17.302957417866065,High-CDR,FALSE,33.23489250595753
SCI-vetted,All ambitions,R10REF_ECON,gap_GJ_pc,DLE gap,GCAM,69,63,9.667210284453413,13.68771642696741,-4.020506142513998,-41.58910403531497,High-CDR,7.726818654866518,High-RE,TRUE,49.31592269018149
SCI-vetted,All ambitions,R10REF_ECON,gap_GJ_pc,DLE gap,IMAGE,43,66,10.35004160968988,10.398926510959003,-0.048884901269122594,-0.4723159878251672,High-CDR,7.726818654866518,High-RE,TRUE,8.199134642691686
SCI-vetted,All ambitions,R10REF_ECON,gap_GJ_pc,DLE gap,MESSAGEix,69,67,9.667210284453413,8.570836878953218,1.096373405500195,11.341156065088992,High-RE,7.726818654866518,High-RE,FALSE,3.6143374102224737
SCI-vetted,All ambitions,R10REF_ECON,gap_GJ_pc,DLE gap,POLES,26,70,7.989127812878127,8.920242476789092,-0.9311146639109644,-11.65477240719629,High-CDR,7.726818654866518,High-RE,TRUE,19.38159106206281
SCI-vetted,All ambitions,R10REF_ECON,gap_GJ_pc,DLE gap,REMIND,69,42,9.667210284453413,16.974444209843163,-7.307233925389751,-75.58782430895371,High-CDR,7.726818654866518,High-RE,TRUE,83.31464296382023
SCI-vetted,All ambitions,R10REF_ECON,gap_GJ_pc,DLE gap,WITCH,69,42,9.667210284453413,5.624865701724062,4.042344582729351,41.81500623018574,High-RE,7.726818654866518,High-RE,FALSE,34.08818757531922
SCI-vetted,All ambitions,R10REF_ECON,headcount_pct,Deprived share,GCAM,69,63,2.671612586919311,2.393292637243807,0.2783199496755042,10.417676239369737,High-RE,14.951999603886934,High-RE,FALSE,4.534323364517197
SCI-vetted,All ambitions,R10REF_ECON,headcount_pct,Deprived share,IMAGE,43,66,2.9632122895763437,2.2942227253459846,0.6689895642303592,22.576498031668393,High-RE,14.951999603886934,High-RE,FALSE,7.624498427781459
SCI-vetted,All ambitions,R10REF_ECON,headcount_pct,Deprived share,MESSAGEix,69,67,2.671612586919311,2.1620956587226847,0.5095169281966263,19.071512489921314,High-RE,14.951999603886934,High-RE,FALSE,4.11951288603438
SCI-vetted,All ambitions,R10REF_ECON,headcount_pct,Deprived share,POLES,26,70,2.314382224838145,2.272153083505742,0.042229141332402964,1.824639892200876,High-RE,14.951999603886934,High-RE,FALSE,13.127359711686058
SCI-vetted,All ambitions,R10REF_ECON,headcount_pct,Deprived share,REMIND,69,42,2.671612586919311,2.624992530404204,0.046620056515107144,1.745015603810493,High-RE,14.951999603886934,High-RE,FALSE,13.20698400007644
SCI-vetted,All ambitions,R10REF_ECON,headcount_pct,Deprived share,WITCH,69,42,2.671612586919311,1.5291914906033965,1.1424210963159145,42.761480534618336,High-RE,14.951999603886934,High-RE,FALSE,27.809480930731404
SCI-vetted,All ambitions,R10REF_ECON,mortality_million_deaths,PM2.5 mortality,GCAM,69,62,13.31229,14.922957499999999,-1.6106674999999981,-12.099101657190445,High-CDR,-14.276394219176403,High-CDR,FALSE,2.1772925619859578
SCI-vetted,All ambitions,R10REF_ECON,mortality_million_deaths,PM2.5 mortality,IMAGE,43,65,13.156545,15.32062,-2.1640750000000004,-16.44865730326617,High-CDR,-14.276394219176403,High-CDR,FALSE,2.172263084089767
SCI-vetted,All ambitions,R10REF_ECON,mortality_million_deaths,PM2.5 mortality,MESSAGEix,69,66,13.31229,15.2667125,-1.9544224999999997,-14.681339574182951,High-CDR,-14.276394219176403,High-CDR,FALSE,0.40494535500654827
SCI-vetted,All ambitions,R10REF_ECON,mortality_million_deaths,PM2.5 mortality,POLES,26,69,14.691894999999999,15.212805,-0.5209100000000007,-3.545560324246809,High-CDR,-14.276394219176403,High-CDR,FALSE,10.730833894929594
SCI-vetted,All ambitions,R10REF_ECON,mortality_million_deaths,PM2.5 mortality,REMIND,69,42,13.31229,16.5954025,-3.283112499999998,-24.662266972849885,High-CDR,-14.276394219176403,High-CDR,FALSE,10.385872753673482
SCI-vetted,All ambitions,R10REF_ECON,mortality_million_deaths,PM2.5 mortality,WITCH,69,41,13.31229,13.554465,-0.24217499999999959,-1.819183626558613,High-CDR,-14.276394219176403,High-CDR,FALSE,12.45721059261779
SCI-vetted,All ambitions,R10REF_ECON,total_energy_jobyears_per_1k,Employment,GCAM,69,63,782.545503381416,1412.0466343349808,629.5011309535648,80.44275102642094,High-RE,53.13627147750664,High-RE,FALSE,27.306479548914297
SCI-vetted,All ambitions,R10REF_ECON,total_energy_jobyears_per_1k,Employment,IMAGE,43,66,773.8223118614989,1268.492273529136,494.66996166763704,63.92552322220642,High-RE,53.13627147750664,High-RE,FALSE,10.789251744699783
SCI-vetted,All ambitions,R10REF_ECON,total_energy_jobyears_per_1k,Employment,MESSAGEix,69,67,782.545503381416,1301.5606248530723,519.0151214716564,66.32395422744973,High-RE,53.13627147750664,High-RE,FALSE,13.187682749943093
SCI-vetted,All ambitions,R10REF_ECON,total_energy_jobyears_per_1k,Employment,POLES,26,70,856.3263804513192,1198.361006493186,342.0346260418669,39.94208678490094,High-RE,53.13627147750664,High-RE,FALSE,13.194184692605702
SCI-vetted,All ambitions,R10REF_ECON,total_energy_jobyears_per_1k,Employment,REMIND,69,42,782.545503381416,2385.0370798068207,1602.4915764254047,204.77934759077434,High-RE,53.13627147750664,High-RE,FALSE,151.64307611326768
SCI-vetted,All ambitions,R10REF_ECON,total_energy_jobyears_per_1k,Employment,WITCH,69,42,782.545503381416,756.2470162825481,-26.298487098867895,-3.3606335970535763,High-CDR,53.13627147750664,High-RE,TRUE,56.49690507456022
SCI-vetted,All ambitions,R10REST_ASIA,gap_GJ_pc,DLE gap,GCAM,69,63,9.955813841766394,24.09609658159583,-14.140282739829436,-142.03040519408324,High-CDR,-176.92294742229848,High-CDR,FALSE,34.892542228215234
SCI-vetted,All ambitions,R10REST_ASIA,gap_GJ_pc,DLE gap,IMAGE,43,66,10.266657991260567,29.500154911502698,-19.233496920242132,-187.33941401977677,High-CDR,-176.92294742229848,High-CDR,FALSE,10.41646659747829
SCI-vetted,All ambitions,R10REST_ASIA,gap_GJ_pc,DLE gap,MESSAGEix,69,67,9.955813841766394,28.068667738531246,-18.112853896764854,-181.93242847489012,High-CDR,-176.92294742229848,High-CDR,FALSE,5.009481052591639
SCI-vetted,All ambitions,R10REST_ASIA,gap_GJ_pc,DLE gap,POLES,26,70,4.391144374563661,27.569933130496665,-23.178788755933006,-527.85303280392,High-CDR,-176.92294742229848,High-CDR,FALSE,350.9300853816215
SCI-vetted,All ambitions,R10REST_ASIA,gap_GJ_pc,DLE gap,REMIND,69,42,9.955813841766394,52.3845213574528,-42.428707515686405,-426.1701573576084,High-CDR,-176.92294742229848,High-CDR,FALSE,249.2472099353099
SCI-vetted,All ambitions,R10REST_ASIA,gap_GJ_pc,DLE gap,WITCH,69,42,9.955813841766394,16.547835501836513,-6.5920216600701185,-66.21278546225348,High-CDR,-176.92294742229848,High-CDR,FALSE,110.710161960045
SCI-vetted,All ambitions,R10REST_ASIA,headcount_pct,Deprived share,GCAM,69,63,5.455496444308771,5.744429162802224,-0.28893271849345314,-5.2961764606202,High-CDR,-22.159630826201518,High-CDR,FALSE,16.86345436558132
SCI-vetted,All ambitions,R10REST_ASIA,headcount_pct,Deprived share,IMAGE,43,66,5.706622669363693,7.255840222808558,-1.5492175534448656,-27.14771316074431,High-CDR,-22.159630826201518,High-CDR,FALSE,4.988082334542792
SCI-vetted,All ambitions,R10REST_ASIA,headcount_pct,Deprived share,MESSAGEix,69,67,5.455496444308771,7.295429648443434,-1.8399332041346623,-33.72622863780067,High-CDR,-22.159630826201518,High-CDR,FALSE,11.566597811599156
SCI-vetted,All ambitions,R10REST_ASIA,headcount_pct,Deprived share,POLES,26,70,2.4188617662493206,6.664414316104145,-4.245552549854825,-175.5186099963854,High-CDR,-22.159630826201518,High-CDR,FALSE,153.3589791701839
SCI-vetted,All ambitions,R10REST_ASIA,headcount_pct,Deprived share,REMIND,69,42,5.455496444308771,13.30075202470978,-7.845255580401009,-143.80461357618992,High-CDR,-22.159630826201518,High-CDR,FALSE,121.6449827499884
SCI-vetted,All ambitions,R10REST_ASIA,headcount_pct,Deprived share,WITCH,69,42,5.455496444308771,3.972021607295743,1.4834748370130284,27.192297752491516,High-RE,-22.159630826201518,High-CDR,TRUE,49.351928578693034
SCI-vetted,All ambitions,R10REST_ASIA,mortality_million_deaths,PM2.5 mortality,GCAM,69,62,56.248365,55.008390000000006,1.239974999999994,2.2044640764224774,High-RE,1.9740840467096288,High-RE,FALSE,0.23038002971284866
SCI-vetted,All ambitions,R10REST_ASIA,mortality_million_deaths,PM2.5 mortality,IMAGE,43,65,54.41549,55.056995,-0.6415050000000022,-1.1789014488337828,High-CDR,1.9740840467096288,High-RE,TRUE,3.152985495543412
SCI-vetted,All ambitions,R10REST_ASIA,mortality_million_deaths,PM2.5 mortality,MESSAGEix,69,66,56.248365,55.0730025,1.1753624999999985,2.0895940708676575,High-RE,1.9740840467096288,High-RE,FALSE,0.11551002415802869
SCI-vetted,All ambitions,R10REST_ASIA,mortality_million_deaths,PM2.5 mortality,POLES,26,69,67.33524249999999,55.137975,12.197267499999995,18.114240102424816,High-RE,1.9740840467096288,High-RE,FALSE,16.140156055715188
SCI-vetted,All ambitions,R10REST_ASIA,mortality_million_deaths,PM2.5 mortality,REMIND,69,42,56.248365,52.35789,3.890475000000002,6.916601042536974,High-RE,1.9740840467096288,High-RE,FALSE,4.942516995827345
SCI-vetted,All ambitions,R10REST_ASIA,mortality_million_deaths,PM2.5 mortality,WITCH,69,41,56.248365,59.82404,-3.575674999999997,-6.35694033062116,High-CDR,1.9740840467096288,High-RE,TRUE,8.331024377330788
SCI-vetted,All ambitions,R10REST_ASIA,total_energy_jobyears_per_1k,Employment,GCAM,69,63,173.3293076660468,419.60116406968064,246.27185640363385,142.08321703916647,High-RE,143.7465372745155,High-RE,FALSE,1.6633202353490333
SCI-vetted,All ambitions,R10REST_ASIA,total_energy_jobyears_per_1k,Employment,IMAGE,43,66,173.3293076660468,386.0373882078693,212.7080805418225,122.71905046297579,High-RE,143.7465372745155,High-RE,FALSE,21.027486811539717
SCI-vetted,All ambitions,R10REST_ASIA,total_energy_jobyears_per_1k,Employment,MESSAGEix,69,67,173.3293076660468,425.71338783506883,252.38408016902204,145.60958188057262,High-RE,143.7465372745155,High-RE,FALSE,1.863044606057116
SCI-vetted,All ambitions,R10REST_ASIA,total_energy_jobyears_per_1k,Employment,POLES,26,70,169.9380362931715,422.4841855178804,252.5461492247089,148.6107258465813,High-RE,143.7465372745155,High-RE,FALSE,4.864188572065785
SCI-vetted,All ambitions,R10REST_ASIA,total_energy_jobyears_per_1k,Employment,REMIND,69,42,173.3293076660468,203.13461485151214,29.805307185465352,17.19576890187041,High-RE,143.7465372745155,High-RE,FALSE,126.5507683726451
SCI-vetted,All ambitions,R10REST_ASIA,total_energy_jobyears_per_1k,Employment,WITCH,69,42,173.3293076660468,549.1716723046957,375.84236463864886,216.8371694894112,High-RE,143.7465372745155,High-RE,FALSE,73.09063221489569
SCI-vetted,1.5C,Aggregated R10 regions,gap_GJ_pc,DLE gap,GCAM,6,4,29.8727376948245,22.92055720714046,6.952180487684039,23.272659368239008,High-RE,13.452301927965886,High-RE,FALSE,9.820357440273122
SCI-vetted,1.5C,Aggregated R10 regions,gap_GJ_pc,DLE gap,IMAGE,2,5,34.98435914869721,25.279047006838784,9.705312141858425,27.74186058577507,High-RE,13.452301927965886,High-RE,FALSE,14.289558657809183
SCI-vetted,1.5C,Aggregated R10 regions,gap_GJ_pc,DLE gap,POLES,4,6,28.042849380258914,25.854166825967432,2.188682554291482,7.8047794809047835,High-RE,13.452301927965886,High-RE,FALSE,5.647522447061102
SCI-vetted,1.5C,Aggregated R10 regions,gap_GJ_pc,DLE gap,REMIND,6,3,29.8727376948245,26.429286645096077,3.4434510497284236,11.52706887767105,High-RE,13.452301927965886,High-RE,FALSE,1.9252330502948354
SCI-vetted,1.5C,Aggregated R10 regions,headcount_pct,Deprived share,GCAM,6,4,7.731131402659751,6.097245118450834,1.6338862842089172,21.133857376254262,High-RE,11.779119310459983,High-RE,FALSE,9.35473806579428
SCI-vetted,1.5C,Aggregated R10 regions,headcount_pct,Deprived share,IMAGE,2,5,9.952002584137439,6.472583454576963,3.479419129560476,34.9619998602728,High-RE,11.779119310459983,High-RE,FALSE,23.182880549812815
SCI-vetted,1.5C,Aggregated R10 regions,headcount_pct,Deprived share,POLES,4,6,7.2270208924923,6.820472210692021,0.40654868180027925,5.6253979038944975,High-RE,11.779119310459983,High-RE,FALSE,6.153721406565485
SCI-vetted,1.5C,Aggregated R10 regions,headcount_pct,Deprived share,REMIND,6,3,7.731131402659751,7.168360966807078,0.5627704358526735,7.2792765578795215,High-RE,11.779119310459983,High-RE,FALSE,4.499842752580461
SCI-vetted,1.5C,Aggregated R10 regions,mortality_million_deaths,PM2.5 mortality,GCAM,6,4,481.9203375,411.99061,69.92972750000001,14.510640464514534,High-RE,11.118371820114362,High-RE,FALSE,3.392268644400172
SCI-vetted,1.5C,Aggregated R10 regions,mortality_million_deaths,PM2.5 mortality,IMAGE,2,5,393.3719225,412.991225,-19.619302500000003,-4.9874689518543365,High-CDR,11.118371820114362,High-RE,TRUE,16.105840771968698
SCI-vetted,1.5C,Aggregated R10 regions,mortality_million_deaths,PM2.5 mortality,POLES,4,6,520.4065949999999,428.3386425,92.06795249999993,17.691542225747533,High-RE,11.118371820114362,High-RE,FALSE,6.573170405633171
SCI-vetted,1.5C,Aggregated R10 regions,mortality_million_deaths,PM2.5 mortality,REMIND,6,3,481.9203375,451.85919,30.061147500000004,6.237783542388892,High-RE,11.118371820114362,High-RE,FALSE,4.88058827772547
SCI-vetted,1.5C,Aggregated R10 regions,total_energy_jobyears_per_1k,Employment,GCAM,6,4,458.3544650528828,637.8123107752526,179.45784572236983,39.15263391219824,High-RE,31.129661247539463,High-RE,FALSE,8.022972664658777
SCI-vetted,1.5C,Aggregated R10 regions,total_energy_jobyears_per_1k,Employment,IMAGE,2,5,458.3544650528828,638.7279222248432,180.37345717196035,39.352394472943494,High-RE,31.129661247539463,High-RE,FALSE,8.222733225404031
SCI-vetted,1.5C,Aggregated R10 regions,total_energy_jobyears_per_1k,Employment,POLES,4,6,427.07518233351084,601.0386573368169,173.96347500330603,40.73368863364548,High-RE,31.129661247539463,High-RE,FALSE,9.604027386106015
SCI-vetted,1.5C,Aggregated R10 regions,total_energy_jobyears_per_1k,Employment,REMIND,6,3,458.3544650528828,563.3493924487905,104.99492739590767,22.90692802213541,High-RE,31.129661247539463,High-RE,FALSE,8.222733225404053
SCI-vetted,1.5C,R10AFRICA,gap_GJ_pc,DLE gap,GCAM,6,4,76.67943153541975,64.49840433249582,12.181027202923929,15.885651417873737,High-RE,9.376538777581,High-RE,FALSE,6.509112640292736
SCI-vetted,1.5C,R10AFRICA,gap_GJ_pc,DLE gap,IMAGE,2,5,128.4746073319752,70.38765016211838,58.08695716985682,45.21279214324552,High-RE,9.376538777581,High-RE,FALSE,35.83625336566452
SCI-vetted,1.5C,R10AFRICA,gap_GJ_pc,DLE gap,POLES,4,6,72.47904746695816,69.48955490307245,2.989492563885719,4.124630039113818,High-RE,9.376538777581,High-RE,FALSE,5.251908738467183
SCI-vetted,1.5C,R10AFRICA,gap_GJ_pc,DLE gap,REMIND,6,3,76.67943153541975,70.38765016211838,6.291781373301376,8.20530518721318,High-RE,9.376538777581,High-RE,FALSE,1.1712335903678213
SCI-vetted,1.5C,R10AFRICA,headcount_pct,Deprived share,GCAM,6,4,13.279113673528581,11.706744262136663,1.572369411391918,11.840921390155563,High-RE,11.077728298262826,High-RE,FALSE,0.7631930918927363
SCI-vetted,1.5C,R10AFRICA,headcount_pct,Deprived share,IMAGE,2,5,23.078476052826744,10.858789245945816,12.219686806880928,52.94841296674011,High-RE,11.077728298262826,High-RE,FALSE,41.87068466847728
SCI-vetted,1.5C,R10AFRICA,headcount_pct,Deprived share,POLES,4,6,12.352977576550515,11.808089540357617,0.5448880361928978,4.410985390496063,High-RE,11.077728298262826,High-RE,FALSE,6.666742907766763
SCI-vetted,1.5C,R10AFRICA,headcount_pct,Deprived share,REMIND,6,3,13.279113673528581,12.757389834769416,0.521723838759165,3.9289055850105568,High-RE,11.077728298262826,High-RE,FALSE,7.14882271325227
SCI-vetted,1.5C,R10AFRICA,mortality_million_deaths,PM2.5 mortality,GCAM,6,4,78.6303025,78.59090499999999,0.03939750000000686,0.05010472902607345,High-RE,-0.037355191403459,High-CDR,TRUE,0.08745992042953245
SCI-vetted,1.5C,R10AFRICA,mortality_million_deaths,PM2.5 mortality,IMAGE,2,5,70.95993999999999,78.659675,-7.699735000000004,-10.850819490546364,High-CDR,-0.037355191403459,High-CDR,FALSE,10.813464299142906
SCI-vetted,1.5C,R10AFRICA,mortality_million_deaths,PM2.5 mortality,POLES,4,6,84.3068025,78.659675,5.6471275000000105,6.698305869209084,High-RE,-0.037355191403459,High-CDR,TRUE,6.735661060612543
SCI-vetted,1.5C,R10AFRICA,mortality_million_deaths,PM2.5 mortality,REMIND,6,3,78.6303025,81.344555,-2.7142525000000006,-3.4519166449855647,High-CDR,-0.037355191403459,High-CDR,FALSE,3.4145614535821056
SCI-vetted,1.5C,R10AFRICA,total_energy_jobyears_per_1k,Employment,GCAM,6,4,457.9495260103603,953.6577945808792,495.70826857051895,108.24517559590278,High-RE,116.12098575189984,High-RE,FALSE,7.875810155997058
SCI-vetted,1.5C,R10AFRICA,total_energy_jobyears_per_1k,Employment,IMAGE,2,5,457.9495260103603,1080.837841967905,622.8883159575447,136.01680547289243,High-RE,116.12098575189984,High-RE,FALSE,19.89581972099259
SCI-vetted,1.5C,R10AFRICA,total_energy_jobyears_per_1k,Employment,POLES,4,6,505.09426176183536,989.7250298597436,484.63076809790823,95.94857926270083,High-RE,116.12098575189984,High-RE,FALSE,20.172406489199005
SCI-vetted,1.5C,R10AFRICA,total_energy_jobyears_per_1k,Employment,REMIND,6,3,457.9495260103603,898.6122177515822,440.6626917412219,96.22516603090725,High-RE,116.12098575189984,High-RE,FALSE,19.89581972099259
SCI-vetted,1.5C,R10CHINA+,gap_GJ_pc,DLE gap,GCAM,6,4,19.055754152041246,16.47316548580642,2.5825886662348267,13.552802191028377,High-RE,11.512986157676893,High-RE,FALSE,2.0398160333514834
SCI-vetted,1.5C,R10CHINA+,gap_GJ_pc,DLE gap,IMAGE,2,5,17.67204181209314,16.08960898754322,1.5824328245499224,8.954442510808509,High-RE,11.512986157676893,High-RE,FALSE,2.558543646868385
SCI-vetted,1.5C,R10CHINA+,gap_GJ_pc,DLE gap,POLES,4,6,20.546178123539597,16.861867814275797,3.6843103092638003,17.931852274962583,High-RE,11.512986157676893,High-RE,FALSE,6.41886611728569
SCI-vetted,1.5C,R10CHINA+,gap_GJ_pc,DLE gap,REMIND,6,3,19.055754152041246,19.890471269448177,-0.8347171174069317,-4.380394030836702,High-CDR,11.512986157676893,High-RE,TRUE,15.893380188513596
SCI-vetted,1.5C,R10CHINA+,headcount_pct,Deprived share,GCAM,6,4,6.413342538436189,6.025930232734219,0.38741230570196983,6.040723747096711,High-RE,6.040723747096711,High-RE,FALSE,0
SCI-vetted,1.5C,R10CHINA+,headcount_pct,Deprived share,IMAGE,2,5,6.294588832039954,5.698411968306836,0.5961768637331186,9.47125983350225,High-RE,6.040723747096711,High-RE,FALSE,3.4305360864055396
SCI-vetted,1.5C,R10CHINA+,headcount_pct,Deprived share,POLES,4,6,6.828774536560163,6.025930232734219,0.8028443038259434,11.756784464440052,High-RE,6.040723747096711,High-RE,FALSE,5.716060717343342
SCI-vetted,1.5C,R10CHINA+,headcount_pct,Deprived share,REMIND,6,3,6.413342538436189,6.497858102761558,-0.08451556432536922,-1.3178083630938766,High-CDR,6.040723747096711,High-RE,TRUE,7.358532110190588
SCI-vetted,1.5C,R10CHINA+,mortality_million_deaths,PM2.5 mortality,GCAM,6,4,89.5881775,82.41145,7.176727499999998,8.010797518456046,High-RE,3.48703376625783,High-RE,FALSE,4.523763752198216
SCI-vetted,1.5C,R10CHINA+,mortality_million_deaths,PM2.5 mortality,IMAGE,2,5,74.97582,83.97431,-8.998490000000004,-12.001856065062048,High-CDR,3.48703376625783,High-RE,TRUE,15.488889831319877
SCI-vetted,1.5C,R10CHINA+,mortality_million_deaths,PM2.5 mortality,POLES,4,6,94.0979925,86.4642075,7.633785000000003,8.112590712283264,High-RE,3.48703376625783,High-RE,FALSE,4.625556946025434
SCI-vetted,1.5C,R10CHINA+,mortality_million_deaths,PM2.5 mortality,REMIND,6,3,89.5881775,89.119805,0.46837250000000097,0.5228061481661472,High-RE,3.48703376625783,High-RE,FALSE,2.964227618091683
SCI-vetted,1.5C,R10CHINA+,total_energy_jobyears_per_1k,Employment,GCAM,6,4,367.99828334439655,328.6786583788152,-39.31962496558134,-10.684730539567083,High-CDR,-10.494233907437513,High-CDR,FALSE,0.19049663212956958
SCI-vetted,1.5C,R10CHINA+,total_energy_jobyears_per_1k,Employment,IMAGE,2,5,388.7960111691533,323.54051702106455,-65.25549414808876,-16.783992704003868,High-CDR,-10.494233907437513,High-CDR,FALSE,6.289758796566355
SCI-vetted,1.5C,R10CHINA+,total_energy_jobyears_per_1k,Employment,POLES,4,6,326.3329849280882,329.3796827148809,3.04669778679272,0.9336162531851018,High-RE,-10.494233907437513,High-CDR,TRUE,11.427850160622615
SCI-vetted,1.5C,R10CHINA+,total_energy_jobyears_per_1k,Employment,REMIND,6,3,367.99828334439655,384.7383338411303,16.740050496733772,4.548947985463115,High-RE,-10.494233907437513,High-CDR,TRUE,15.043181892900627
SCI-vetted,1.5C,R10EUROPE,gap_GJ_pc,DLE gap,GCAM,6,4,1.0469695041345508,0.3772580728018655,0.6697114313326853,63.96666079460301,High-RE,53.7169729089293,High-RE,FALSE,10.249687885673708
SCI-vetted,1.5C,R10EUROPE,gap_GJ_pc,DLE gap,IMAGE,2,5,1.0469695041345508,0.4626455083595422,0.5843239957750086,55.81098527392393,High-RE,53.7169729089293,High-RE,FALSE,2.094012364994633
SCI-vetted,1.5C,R10EUROPE,gap_GJ_pc,DLE gap,POLES,4,6,1.0293149640282975,0.4845691792338427,0.5447457847944548,52.92313857583041,High-RE,53.7169729089293,High-RE,FALSE,0.7938343330988928
SCI-vetted,1.5C,R10EUROPE,gap_GJ_pc,DLE gap,REMIND,6,3,1.0469695041345508,0.6247984906425009,0.4221710134920499,40.323143303111415,High-RE,53.7169729089293,High-RE,FALSE,13.393829605817885
SCI-vetted,1.5C,R10EUROPE,headcount_pct,Deprived share,GCAM,6,4,0.5301291846303764,0.19489584747863808,0.3352333371517383,63.236159575986015,High-RE,59.36006052932773,High-RE,FALSE,3.8760990466582825
SCI-vetted,1.5C,R10EUROPE,headcount_pct,Deprived share,IMAGE,2,5,0.5428335254121988,0.18574722127443513,0.35708630413776365,65.78191792163378,High-RE,59.36006052932773,High-RE,FALSE,6.421857392306045
SCI-vetted,1.5C,R10EUROPE,headcount_pct,Deprived share,POLES,4,6,0.4437851732034238,0.2154441797501534,0.2283409934532704,51.45304693372499,High-RE,59.36006052932773,High-RE,FALSE,7.907013595602741
SCI-vetted,1.5C,R10EUROPE,headcount_pct,Deprived share,REMIND,6,3,0.5301291846303764,0.25996925647585867,0.2701599281545177,50.961149845557394,High-RE,59.36006052932773,High-RE,FALSE,8.398910683770339
SCI-vetted,1.5C,R10EUROPE,mortality_million_deaths,PM2.5 mortality,GCAM,6,4,16.675512500000004,13.814824999999999,2.8606875000000045,17.155019973149276,High-RE,-2.2838428504071246,High-CDR,TRUE,19.438862823556402
SCI-vetted,1.5C,R10EUROPE,mortality_million_deaths,PM2.5 mortality,IMAGE,2,5,11.84294,15.693855,-3.8509149999999988,-32.516545722599275,High-CDR,-2.2838428504071246,High-CDR,FALSE,30.23270287219215
SCI-vetted,1.5C,R10EUROPE,mortality_million_deaths,PM2.5 mortality,POLES,4,6,20.630945,17.056355,3.5745900000000006,17.326351265053543,High-RE,-2.2838428504071246,High-CDR,TRUE,19.61019411546067
SCI-vetted,1.5C,R10EUROPE,mortality_million_deaths,PM2.5 mortality,REMIND,6,3,16.675512500000004,18.6016,-1.9260874999999977,-11.550394628051144,High-CDR,-2.2838428504071246,High-CDR,FALSE,9.26655177764402
SCI-vetted,1.5C,R10EUROPE,total_energy_jobyears_per_1k,Employment,GCAM,6,4,193.61116390626546,158.18931228446843,-35.42185162179703,-18.295355963536327,High-CDR,-7.252241331892081,High-CDR,FALSE,11.043114631644247
SCI-vetted,1.5C,R10EUROPE,total_energy_jobyears_per_1k,Employment,IMAGE,2,5,279.46471941624816,176.66018028830138,-102.80453912794678,-36.786231672708844,High-CDR,-7.252241331892081,High-CDR,FALSE,29.533990340816764
SCI-vetted,1.5C,R10EUROPE,total_energy_jobyears_per_1k,Employment,POLES,4,6,174.2285297194981,179.57001505429795,5.341485334799842,3.0657925790910636,High-RE,-7.252241331892081,High-CDR,TRUE,10.318033910983145
SCI-vetted,1.5C,R10EUROPE,total_energy_jobyears_per_1k,Employment,REMIND,6,3,193.61116390626546,185.29957529888821,-8.311588607377246,-4.292928382684173,High-CDR,-7.252241331892081,High-CDR,FALSE,2.9593129492079076
SCI-vetted,1.5C,R10INDIA+,gap_GJ_pc,DLE gap,GCAM,6,4,5.1942257563163405,1.8158109380843466,3.378414818231994,65.04174013083156,High-RE,48.361597848341965,High-RE,FALSE,16.68014228248959
SCI-vetted,1.5C,R10INDIA+,gap_GJ_pc,DLE gap,IMAGE,2,5,8.23466435228141,1.8159668199578929,6.418697532323517,77.94728792491972,High-RE,48.361597848341965,High-RE,FALSE,29.585690076577755
SCI-vetted,1.5C,R10INDIA+,gap_GJ_pc,DLE gap,POLES,4,6,4.629309233644548,2.682215184711633,1.9470940489329154,42.06014225150419,High-RE,48.361597848341965,High-RE,FALSE,6.301455596837776
SCI-vetted,1.5C,R10INDIA+,gap_GJ_pc,DLE gap,REMIND,6,3,5.1942257563163405,3.611041390038524,1.5831843662778167,30.479698814642685,High-RE,48.361597848341965,High-RE,FALSE,17.88189903369928
SCI-vetted,1.5C,R10INDIA+,headcount_pct,Deprived share,GCAM,6,4,2.407281626692397,0.9558954083722317,1.4513862183201651,60.291500679725985,High-RE,41.96696386938626,High-RE,FALSE,18.324536810339723
SCI-vetted,1.5C,R10INDIA+,headcount_pct,Deprived share,IMAGE,2,5,3.488101482451369,0.981205319520565,2.506896162930804,71.86993198285639,High-RE,41.96696386938626,High-RE,FALSE,29.902968113470124
SCI-vetted,1.5C,R10INDIA+,headcount_pct,Deprived share,POLES,4,6,2.1514667207083464,1.3970186161840248,0.75444810452432165,35.066687170319234,High-RE,41.96696386938626,High-RE,FALSE,6.900276699067028
SCI-vetted,1.5C,R10INDIA+,headcount_pct,Deprived share,REMIND,6,3,2.407281626692397,1.8597662511316104,0.5475153755607864,22.744134690757896,High-RE,41.96696386938626,High-RE,FALSE,19.222829178628366
SCI-vetted,1.5C,R10INDIA+,mortality_million_deaths,PM2.5 mortality,GCAM,6,4,136.3275325,95.86377999999999,40.4637525,29.68127696435788,High-RE,26.554828533994034,High-RE,FALSE,3.1264484303638476
SCI-vetted,1.5C,R10INDIA+,mortality_million_deaths,PM2.5 mortality,IMAGE,2,5,103.17561,95.959835,7.215775000000008,6.993682906260508,High-RE,26.554828533994034,High-RE,FALSE,19.561145627733524
SCI-vetted,1.5C,R10INDIA+,mortality_million_deaths,PM2.5 mortality,POLES,4,6,149.97499499999998,100.12599,49.84900499999998,33.23821080974197,High-RE,26.554828533994034,High-RE,FALSE,6.683382275747938
SCI-vetted,1.5C,R10INDIA+,mortality_million_deaths,PM2.5 mortality,REMIND,6,3,136.3275325,108.78237,27.54516249999999,20.205135378651402,High-RE,26.554828533994034,High-RE,FALSE,6.3496931553426315
SCI-vetted,1.5C,R10INDIA+,total_energy_jobyears_per_1k,Employment,GCAM,6,4,381.5530821979669,749.5111975095053,367.95811531153845,96.43693957126133,High-RE,87.55385047552058,High-RE,FALSE,8.883089095740758
SCI-vetted,1.5C,R10INDIA+,total_energy_jobyears_per_1k,Employment,IMAGE,2,5,647.8619287696599,740.5290526949734,92.66712392531349,14.303529781614975,High-RE,87.55385047552058,High-RE,FALSE,73.250320693905607
SCI-vetted,1.5C,R10INDIA+,total_energy_jobyears_per_1k,Employment,POLES,4,6,340.93409794640934,715.617497270315,374.68339932390563,109.89906893466586,High-RE,87.55385047552058,High-RE,FALSE,22.345218459145286
SCI-vetted,1.5C,R10INDIA+,total_energy_jobyears_per_1k,Employment,REMIND,6,3,381.5530821979669,612.6786861074346,231.1256039094677,60.57495396919618,High-RE,87.55385047552058,High-RE,FALSE,26.978896506324396
SCI-vetted,1.5C,R10LATIN_AM,gap_GJ_pc,DLE gap,GCAM,6,4,99.1322195278718,59.58148670411458,39.550732823757215,39.89695077152713,High-RE,32.92028153936263,High-RE,FALSE,6.976669232164504
SCI-vetted,1.5C,R10LATIN_AM,gap_GJ_pc,DLE gap,IMAGE,2,5,102.84500124856929,64.75571583033445,38.08928541823484,37.03562152347653,High-RE,32.92028153936263,High-RE,FALSE,4.115339984113902
SCI-vetted,1.5C,R10LATIN_AM,gap_GJ_pc,DLE gap,POLES,4,6,92.53813508926346,66.49761376307738,26.04052132618608,28.14031350541813,High-RE,32.92028153936263,High-RE,FALSE,4.779968033944495
SCI-vetted,1.5C,R10LATIN_AM,gap_GJ_pc,DLE gap,REMIND,6,3,99.1322195278718,78.52876283890002,20.603456688971775,20.78381457320135,High-RE,32.92028153936263,High-RE,FALSE,12.136466966161276
SCI-vetted,1.5C,R10LATIN_AM,headcount_pct,Deprived share,GCAM,6,4,20.147560705663395,11.98610769357456,8.161453012088835,40.508392709767016,High-RE,34.09574561377512,High-RE,FALSE,6.412647095991893
SCI-vetted,1.5C,R10LATIN_AM,headcount_pct,Deprived share,IMAGE,2,5,21.297282965932794,12.809716159367069,8.487566806565725,39.852815122673,High-RE,34.09574561377512,High-RE,FALSE,5.757069508897878
SCI-vetted,1.5C,R10LATIN_AM,headcount_pct,Deprived share,POLES,4,6,18.769932922510044,13.278099660079487,5.491833262430557,29.258672820532123,High-RE,34.09574561377512,High-RE,FALSE,4.837072793242999
SCI-vetted,1.5C,R10LATIN_AM,headcount_pct,Deprived share,REMIND,6,3,20.147560705663395,16.60270353199229,3.5448571736711045,17.594473224119184,High-RE,34.09574561377512,High-RE,FALSE,16.501272389655938
SCI-vetted,1.5C,R10LATIN_AM,mortality_million_deaths,PM2.5 mortality,GCAM,6,4,22.340055,16.07341,6.2666450000000005,28.05116191522358,High-RE,28.949413956232423,High-RE,FALSE,0.8982520410088419
SCI-vetted,1.5C,R10LATIN_AM,mortality_million_deaths,PM2.5 mortality,IMAGE,2,5,13.18129,15.869445,-2.688155,-20.393717155149456,High-CDR,28.949413956232423,High-RE,TRUE,49.34313111138188
SCI-vetted,1.5C,R10LATIN_AM,mortality_million_deaths,PM2.5 mortality,POLES,4,6,23.1917275,15.87274,7.318987499999999,31.558612871766446,High-RE,28.949413956232423,High-RE,FALSE,2.609198915534023
SCI-vetted,1.5C,R10LATIN_AM,mortality_million_deaths,PM2.5 mortality,REMIND,6,3,22.340055,15.4533,6.886754999999999,30.826938429650237,High-RE,28.949413956232423,High-RE,FALSE,1.8775244734178145
SCI-vetted,1.5C,R10LATIN_AM,total_energy_jobyears_per_1k,Employment,GCAM,6,4,560.1325989318832,398.5473245062977,-161.5852744255855,-28.847682626169668,High-CDR,-20.572291886741052,High-CDR,FALSE,8.275390739428616
SCI-vetted,1.5C,R10LATIN_AM,total_energy_jobyears_per_1k,Employment,IMAGE,2,5,612.1616998055838,422.7855602315458,-189.376139574038,-30.93563998436719,High-CDR,-20.572291886741052,High-CDR,FALSE,10.363348097626137
SCI-vetted,1.5C,R10LATIN_AM,total_energy_jobyears_per_1k,Employment,POLES,4,6,457.2202094224145,444.9004857268276,-12.319723695586902,-2.6944836299230626,High-CDR,-20.572291886741052,High-CDR,FALSE,17.87780825681799
SCI-vetted,1.5C,R10LATIN_AM,total_energy_jobyears_per_1k,Employment,REMIND,6,3,560.1325989318832,539.4800399374988,-20.652558994384435,-3.6870839215155122,High-CDR,-20.572291886741052,High-CDR,FALSE,16.88520796522554
SCI-vetted,1.5C,R10MIDDLE_EAST,gap_GJ_pc,DLE gap,GCAM,6,4,2.7298402386081015,4.838260191159284,-2.1084199525511824,-77.23601999603571,High-CDR,-20.639786934637254,High-CDR,FALSE,56.59623306139845
SCI-vetted,1.5C,R10MIDDLE_EAST,gap_GJ_pc,DLE gap,IMAGE,2,5,4.126844581095113,4.766589561470969,-0.6397449803758564,-15.502037157069083,High-CDR,-20.639786934637254,High-CDR,FALSE,5.137749777568171
SCI-vetted,1.5C,R10MIDDLE_EAST,gap_GJ_pc,DLE gap,POLES,4,6,2.3117384301594908,3.293273447512807,-0.9815350173533162,-42.458740337919565,High-CDR,-20.639786934637254,High-CDR,FALSE,21.81895340328231
SCI-vetted,1.5C,R10MIDDLE_EAST,gap_GJ_pc,DLE gap,REMIND,6,3,2.7298402386081015,1.790527465255832,0.9393127733522695,34.40907493660541,High-RE,-20.639786934637254,High-CDR,TRUE,55.048861871242664
SCI-vetted,1.5C,R10MIDDLE_EAST,headcount_pct,Deprived share,GCAM,6,4,1.592448696586224,1.2176537488645125,0.3747949477217114,23.535762786278113,High-RE,25.23246743620355,High-RE,FALSE,1.6967046499254366
SCI-vetted,1.5C,R10MIDDLE_EAST,headcount_pct,Deprived share,IMAGE,2,5,2.5298961782344653,1.188527839981807,1.3413683382526582,53.0206871646708,High-RE,25.23246743620355,High-RE,FALSE,27.788219728467247
SCI-vetted,1.5C,R10MIDDLE_EAST,headcount_pct,Deprived share,POLES,4,6,1.392066361707459,1.190634597781857,0.2014317639256018,14.46998285904508,High-RE,25.23246743620355,High-RE,FALSE,10.76248457715847
SCI-vetted,1.5C,R10MIDDLE_EAST,headcount_pct,Deprived share,REMIND,6,3,1.592448696586224,1.037061490606016,0.5553872059802079,34.87630133208101,High-RE,25.23246743620355,High-RE,FALSE,9.643833895877464
SCI-vetted,1.5C,R10MIDDLE_EAST,mortality_million_deaths,PM2.5 mortality,GCAM,6,4,43.195584999999994,46.572779999999995,-3.3771950000000004,-7.8183800497203615,High-CDR,-5.922480272000024,High-CDR,FALSE,1.895899777720338
SCI-vetted,1.5C,R10MIDDLE_EAST,mortality_million_deaths,PM2.5 mortality,IMAGE,2,5,42.87555,46.55683,-3.681280000000001,-8.585965661081902,High-CDR,-5.922480272000024,High-CDR,FALSE,2.6634853890818784
SCI-vetted,1.5C,R10MIDDLE_EAST,mortality_million_deaths,PM2.5 mortality,POLES,4,6,44.66684,45.753834999999995,-1.0869949999999946,-2.4335614518510704,High-CDR,-5.922480272000024,High-CDR,FALSE,3.488918820148953
SCI-vetted,1.5C,R10MIDDLE_EAST,mortality_million_deaths,PM2.5 mortality,REMIND,6,3,43.195584999999994,44.78591,-1.590325000000007,-3.6816841350800256,High-CDR,-5.922480272000024,High-CDR,FALSE,2.240796136919998
SCI-vetted,1.5C,R10MIDDLE_EAST,total_energy_jobyears_per_1k,Employment,GCAM,6,4,341.86295023918854,1371.8146129944078,1029.9516627552193,301.27618744137123,High-RE,222.03773960871888,High-RE,FALSE,79.23844783265235
SCI-vetted,1.5C,R10MIDDLE_EAST,total_energy_jobyears_per_1k,Employment,IMAGE,2,5,336.5837894196643,926.7566976661075,590.1729082464432,175.3420475965333,High-RE,222.03773960871888,High-RE,FALSE,46.69569201218559
SCI-vetted,1.5C,R10MIDDLE_EAST,total_energy_jobyears_per_1k,Employment,POLES,4,6,867.9176510286824,1100.9277175099621,233.01006648127975,26.847024738477106,High-RE,222.03773960871888,High-RE,FALSE,195.19071487024178
SCI-vetted,1.5C,R10MIDDLE_EAST,total_energy_jobyears_per_1k,Employment,REMIND,6,3,341.86295023918854,589.3857539577606,247.52280371857205,72.40410332426772,High-RE,222.03773960871888,High-RE,FALSE,149.63363628445114
SCI-vetted,1.5C,R10NORTH_AM,gap_GJ_pc,DLE gap,GCAM,6,4,1.052913777444266,0.46750035163287873,0.5854134258113873,55.59936989639924,High-RE,66.51981132260505,High-RE,FALSE,10.920441426205812
SCI-vetted,1.5C,R10NORTH_AM,gap_GJ_pc,DLE gap,IMAGE,2,5,6.127742832148394,0.3218663425756697,5.805876489572724,94.74739147199455,High-RE,66.51981132260505,High-RE,FALSE,28.227580149389496
SCI-vetted,1.5C,R10NORTH_AM,gap_GJ_pc,DLE gap,POLES,4,6,0.7073671778505634,0.3525175192986265,0.35484965855193684,50.16484644229585,High-RE,66.51981132260505,High-RE,FALSE,16.354964880309204
SCI-vetted,1.5C,R10NORTH_AM,gap_GJ_pc,DLE gap,REMIND,6,3,1.052913777444266,0.19964108926660687,0.8532726881776592,81.03917969891182,High-RE,66.51981132260505,High-RE,FALSE,14.519368376306772
SCI-vetted,1.5C,R10NORTH_AM,headcount_pct,Deprived share,GCAM,6,4,0.3601184872732335,0.19798093392353922,0.16213755334969426,45.023390656052406,High-RE,59.05842049250421,High-RE,FALSE,14.035029836451805
SCI-vetted,1.5C,R10NORTH_AM,headcount_pct,Deprived share,IMAGE,2,5,1.8901901347014878,0.13460741347363792,1.7555827212278499,92.87863104338463,High-RE,59.05842049250421,High-RE,FALSE,33.82021055088042
SCI-vetted,1.5C,R10NORTH_AM,headcount_pct,Deprived share,POLES,4,6,0.24165988040053707,0.147438196788162,0.09422168361237507,38.989377738749255,High-RE,59.05842049250421,High-RE,FALSE,20.069042753754957
SCI-vetted,1.5C,R10NORTH_AM,headcount_pct,Deprived share,REMIND,6,3,0.3601184872732335,0.07121723139845694,0.28890125587477655,80.22394464174728,High-RE,59.05842049250421,High-RE,FALSE,21.16552414924307
SCI-vetted,1.5C,R10NORTH_AM,mortality_million_deaths,PM2.5 mortality,GCAM,6,4,7.81337,9.43355,-1.6201800000000004,-20.735994839614666,High-CDR,-27.115284441924548,High-CDR,FALSE,6.379289602309882
SCI-vetted,1.5C,R10NORTH_AM,mortality_million_deaths,PM2.5 mortality,IMAGE,2,5,6.46388,9.93086,-3.4669799999999995,-53.63620611768783,High-CDR,-27.115284441924548,High-CDR,FALSE,26.52092167576328
SCI-vetted,1.5C,R10NORTH_AM,mortality_million_deaths,PM2.5 mortality,POLES,4,6,10.097985,9.9319875,0.16599749999999958,1.6438675636773037,High-RE,-27.115284441924548,High-CDR,TRUE,28.75915200560185
SCI-vetted,1.5C,R10NORTH_AM,mortality_million_deaths,PM2.5 mortality,REMIND,6,3,7.81337,11.61245,-3.799080000000001,-48.62280936394924,High-CDR,-27.115284441924548,High-CDR,FALSE,21.50752492202469
SCI-vetted,1.5C,R10NORTH_AM,total_energy_jobyears_per_1k,Employment,GCAM,6,4,360.7411616891902,240.05824720596848,-120.68291448322174,-33.454156968979476,High-CDR,-10.234506059559775,High-CDR,FALSE,23.2196509094197
SCI-vetted,1.5C,R10NORTH_AM,total_energy_jobyears_per_1k,Employment,IMAGE,2,5,345.5152929515423,245.02850769983215,-100.48678525171013,-29.08316572424572,High-CDR,-10.234506059559775,High-CDR,FALSE,18.848659664685947
SCI-vetted,1.5C,R10NORTH_AM,total_energy_jobyears_per_1k,Employment,POLES,4,6,431.9507564940815,323.8210856367837,-108.12967085729775,-25.032869888903488,High-CDR,-10.234506059559775,High-CDR,FALSE,14.798363829343712
SCI-vetted,1.5C,R10NORTH_AM,total_energy_jobyears_per_1k,Employment,REMIND,6,3,360.7411616891902,470.1068437661372,109.365682076947,30.316940147566253,High-RE,-10.234506059559775,High-CDR,TRUE,40.55144620712603
SCI-vetted,1.5C,R10PAC_OECD,gap_GJ_pc,DLE gap,GCAM,6,4,0.8902172214225279,0.6934938282634823,0.19672339315904563,22.098358515766556,High-RE,41.58830740548852,High-RE,FALSE,19.489948889721965
SCI-vetted,1.5C,R10PAC_OECD,gap_GJ_pc,DLE gap,IMAGE,2,5,0.33203686605514626,0.5074389593367523,-0.17540209328160605,-52.82608987535573,High-CDR,41.58830740548852,High-RE,TRUE,94.41439728084424
SCI-vetted,1.5C,R10PAC_OECD,gap_GJ_pc,DLE gap,POLES,4,6,1.0052796325863835,0.5199909468007285,0.485288685785655,48.27399959721697,High-RE,41.58830740548852,High-RE,FALSE,6.6856921917284495
SCI-vetted,1.5C,R10PAC_OECD,gap_GJ_pc,DLE gap,REMIND,6,3,0.8902172214225279,0.5325429342647048,0.3576742871578231,40.17831587062261,High-RE,41.58830740548852,High-RE,FALSE,1.4099915348659096
SCI-vetted,1.5C,R10PAC_OECD,headcount_pct,Deprived share,GCAM,6,4,0.3404594370104793,0.4049697821252818,-0.06451034511480247,-18.94802672566742,High-CDR,2.2561716619347805,High-RE,TRUE,21.2041983876022
SCI-vetted,1.5C,R10PAC_OECD,headcount_pct,Deprived share,IMAGE,2,5,0.13571509907756293,0.31215019782311826,-0.17643509874555532,-130.00403046143037,High-CDR,2.2561716619347805,High-RE,TRUE,132.26020212336516
SCI-vetted,1.5C,R10PAC_OECD,headcount_pct,Deprived share,POLES,4,6,0.3891665892200662,0.3327780876722662,0.05638850154780001,14.489553602432556,High-RE,2.2561716619347805,High-RE,FALSE,12.233381940497775
SCI-vetted,1.5C,R10PAC_OECD,headcount_pct,Deprived share,REMIND,6,3,0.3404594370104793,0.22442424607157485,0.11603519093890446,34.08194290567804,High-RE,2.2561716619347805,High-RE,FALSE,31.82577124374326
SCI-vetted,1.5C,R10PAC_OECD,mortality_million_deaths,PM2.5 mortality,GCAM,6,4,5.8691075,3.6866075,2.1825,37.186233170886716,High-RE,18.460089545131016,High-RE,FALSE,18.7261436257557
SCI-vetted,1.5C,R10PAC_OECD,mortality_million_deaths,PM2.5 mortality,IMAGE,2,5,4.32122,3.74688,0.5743400000000003,13.291153887096705,High-RE,18.460089545131016,High-RE,FALSE,5.168935658034311
SCI-vetted,1.5C,R10PAC_OECD,mortality_million_deaths,PM2.5 mortality,POLES,4,6,6.0128725,4.785665,1.2272075000000005,20.409671084826766,High-RE,18.460089545131016,High-RE,FALSE,1.9495815396957497
SCI-vetted,1.5C,R10PAC_OECD,mortality_million_deaths,PM2.5 mortality,REMIND,6,3,5.8691075,5.88055,-0.011442500000000244,-0.19496149968287757,High-CDR,18.460089545131016,High-RE,TRUE,18.655051044813895
SCI-vetted,1.5C,R10PAC_OECD,total_energy_jobyears_per_1k,Employment,GCAM,6,4,260.94567541074974,151.2306834112656,-109.71499199948414,-42.04514668686645,High-CDR,-21.62725943107207,High-CDR,FALSE,20.417887255794383
SCI-vetted,1.5C,R10PAC_OECD,total_energy_jobyears_per_1k,Employment,IMAGE,2,5,392.3925847685074,151.66668207771122,-240.72590269079618,-61.3482293078532,High-CDR,-21.62725943107207,High-CDR,FALSE,39.72096987678113
SCI-vetted,1.5C,R10PAC_OECD,total_energy_jobyears_per_1k,Employment,POLES,4,6,213.2112274339659,204.51027721550366,-8.700950218462225,-4.08090620891764,High-CDR,-21.62725943107207,High-CDR,FALSE,17.54635322215443
SCI-vetted,1.5C,R10PAC_OECD,total_energy_jobyears_per_1k,Employment,REMIND,6,3,260.94567541074974,278.85870129747207,17.913025886722323,6.864657120117343,High-RE,-21.62725943107207,High-CDR,TRUE,28.491916551189412
SCI-vetted,1.5C,R10REF_ECON,gap_GJ_pc,DLE gap,GCAM,6,4,11.626984854012262,7.02502214762507,4.601962706387192,39.58001807148771,High-RE,32.29499187582217,High-RE,FALSE,7.285026195665537
SCI-vetted,1.5C,R10REF_ECON,gap_GJ_pc,DLE gap,IMAGE,2,5,15.307516078461383,6.77533375538128,8.532182323080104,55.73851615994975,High-RE,32.29499187582217,High-RE,FALSE,23.443524284127577
SCI-vetted,1.5C,R10REF_ECON,gap_GJ_pc,DLE gap,POLES,4,6,10.585569449310388,7.872051040005928,2.7135184093044593,25.634127878507616,High-RE,32.29499187582217,High-RE,FALSE,6.660863997314554
SCI-vetted,1.5C,R10REF_ECON,gap_GJ_pc,DLE gap,REMIND,6,3,11.626984854012262,8.968768324630577,2.6582165293816846,22.862475205378654,High-RE,32.29499187582217,High-RE,FALSE,9.432516670443515
SCI-vetted,1.5C,R10REF_ECON,headcount_pct,Deprived share,GCAM,6,4,3.2363244456735734,2.004383844694548,1.2319406009790255,38.06604132740538,High-RE,28.006399246599376,High-RE,FALSE,10.059642080806004
SCI-vetted,1.5C,R10REF_ECON,headcount_pct,Deprived share,IMAGE,2,5,4.487560303186979,1.9834482420476856,2.5041120611392933,55.80119022269007,High-RE,28.006399246599376,High-RE,FALSE,27.79479097609069
SCI-vetted,1.5C,R10REF_ECON,headcount_pct,Deprived share,POLES,4,6,2.9587613556737207,2.3299465005029383,0.6288148551707824,21.252638505804704,High-RE,28.006399246599376,High-RE,FALSE,6.753760740794672
SCI-vetted,1.5C,R10REF_ECON,headcount_pct,Deprived share,REMIND,6,3,3.2363244456735734,2.6764447589581906,0.5598796867153828,17.29986273359733,High-RE,28.006399246599376,High-RE,FALSE,10.706536513002046
SCI-vetted,1.5C,R10REF_ECON,mortality_million_deaths,PM2.5 mortality,GCAM,6,4,13.541284999999998,13.587115,-0.04583000000000226,-0.33844646206030127,High-CDR,-2.1440173513813634,High-CDR,FALSE,1.805570889321062
SCI-vetted,1.5C,R10REF_ECON,mortality_million_deaths,PM2.5 mortality,IMAGE,2,5,13.00148,13.722405,-0.7209249999999994,-5.544945652341114,High-CDR,-2.1440173513813634,High-CDR,FALSE,3.4009283009597504
SCI-vetted,1.5C,R10REF_ECON,mortality_million_deaths,PM2.5 mortality,POLES,4,6,14.10518,13.8316125,0.2735675000000004,1.9394825163521514,High-RE,-2.1440173513813634,High-CDR,TRUE,4.083499867733515
SCI-vetted,1.5C,R10REF_ECON,mortality_million_deaths,PM2.5 mortality,REMIND,6,3,13.541284999999998,15.03955,-1.4982650000000017,-11.064422615726661,High-CDR,-2.1440173513813634,High-CDR,FALSE,8.920405264345298
SCI-vetted,1.5C,R10REF_ECON,total_energy_jobyears_per_1k,Employment,GCAM,6,4,1208.6450623537462,1711.7864783207715,503.1414159670253,41.62855015410354,High-RE,8.36287559107302,High-RE,FALSE,33.26567456303052
SCI-vetted,1.5C,R10REF_ECON,total_energy_jobyears_per_1k,Employment,IMAGE,2,5,1208.6450623537462,1317.8844656590018,109.23940330525556,9.038170651400335,High-RE,8.36287559107302,High-RE,FALSE,0.6752950603273149
SCI-vetted,1.5C,R10REF_ECON,total_energy_jobyears_per_1k,Employment,POLES,4,6,1081.3661641902936,1309.722545256037,228.35638106574334,21.117396551493936,High-RE,8.36287559107302,High-RE,FALSE,12.754520960420916
SCI-vetted,1.5C,R10REF_ECON,total_energy_jobyears_per_1k,Employment,REMIND,6,3,1208.6450623537462,1301.5606248530723,92.91556249932614,7.687580530745728,High-RE,8.36287559107302,High-RE,FALSE,0.6752950603272927
SCI-vetted,1.5C,R10REST_ASIA,gap_GJ_pc,DLE gap,GCAM,6,4,28.873978015587785,19.40093091391973,9.473047101668055,32.80825072511303,High-RE,14.025762985087608,High-RE,FALSE,18.782487740025417
SCI-vetted,1.5C,R10REST_ASIA,gap_GJ_pc,DLE gap,IMAGE,2,5,14.196286709616349,21.661306200118588,-7.46501949050224,-52.58431055386863,High-CDR,14.025762985087608,High-RE,TRUE,66.61007353895624
SCI-vetted,1.5C,R10REST_ASIA,gap_GJ_pc,DLE gap,POLES,4,6,30.876261219251695,24.82418229475514,6.052078924496556,19.601074370762923,High-RE,14.025762985087608,High-RE,FALSE,5.575311385675315
SCI-vetted,1.5C,R10REST_ASIA,gap_GJ_pc,DLE gap,REMIND,6,3,28.873978015587785,37.00339941401515,-8.129421398427365,-28.154836836263602,High-CDR,14.025762985087608,High-RE,TRUE,42.18059982135121
SCI-vetted,1.5C,R10REST_ASIA,headcount_pct,Deprived share,GCAM,6,4,8.231596827513366,4.970516543564258,3.2610802839491075,39.61661816391739,High-RE,20.380694686743983,High-RE,FALSE,19.235923477173404
SCI-vetted,1.5C,R10REST_ASIA,headcount_pct,Deprived share,IMAGE,2,5,8.345118993513633,5.561323633980708,2.7837953595329257,33.35836627011157,High-RE,20.380694686743983,High-RE,FALSE,12.977671583367584
SCI-vetted,1.5C,R10REST_ASIA,headcount_pct,Deprived share,POLES,4,6,7.894444658323497,6.553940210254163,1.3405044480693338,16.980351450763223,High-RE,20.380694686743983,High-RE,FALSE,3.4003432359807597
SCI-vetted,1.5C,R10REST_ASIA,headcount_pct,Deprived share,REMIND,6,3,8.231596827513366,8.706664991627758,-0.4750681641143917,-5.771275902708444,High-CDR,20.380694686743983,High-RE,TRUE,26.151970589452425
SCI-vetted,1.5C,R10REST_ASIA,mortality_million_deaths,PM2.5 mortality,GCAM,6,4,68.082905,55.097485,12.985419999999998,19.072952307190768,High-RE,17.141920574628823,High-RE,FALSE,1.9310317325619444
SCI-vetted,1.5C,R10REST_ASIA,mortality_million_deaths,PM2.5 mortality,IMAGE,2,5,52.574192499999995,55.137975,-2.563782500000002,-4.876503809354756,High-CDR,17.141920574628823,High-RE,TRUE,22.01842438398358
SCI-vetted,1.5C,R10REST_ASIA,mortality_million_deaths,PM2.5 mortality,POLES,4,6,73.32125500000001,56.4121875,16.909067500000006,23.061617671437844,High-RE,17.141920574628823,High-RE,FALSE,5.919697096809021
SCI-vetted,1.5C,R10REST_ASIA,mortality_million_deaths,PM2.5 mortality,REMIND,6,3,68.082905,59.82404,8.258865,12.130600185171302,High-RE,17.141920574628823,High-RE,FALSE,5.011320389457522
SCI-vetted,1.5C,R10REST_ASIA,total_energy_jobyears_per_1k,Employment,GCAM,6,4,311.13555995693287,718.0385501300898,406.9029901731569,130.77996942216444,High-RE,100.7421535160685,High-RE,FALSE,30.037815906095943
SCI-vetted,1.5C,R10REST_ASIA,total_energy_jobyears_per_1k,Employment,IMAGE,2,5,235.73852010755604,643.9002257031352,408.1617055955792,173.14171031927867,High-RE,100.7421535160685,High-RE,FALSE,72.39955680321017
SCI-vetted,1.5C,R10REST_ASIA,total_energy_jobyears_per_1k,Employment,POLES,4,6,382.8695924705927,624.5802234118255,241.7106309412328,63.13132087129589,High-RE,100.7421535160685,High-RE,FALSE,37.61083264477261
SCI-vetted,1.5C,R10REST_ASIA,total_energy_jobyears_per_1k,Employment,REMIND,6,3,311.13555995693287,471.29515154489195,160.15959158795908,51.475823467471294,High-RE,100.7421535160685,High-RE,FALSE,49.266330048597204
SCI-vetted,2C,Aggregated R10 regions,gap_GJ_pc,DLE gap,GCAM,63,58,25.031319329494767,33.51980650615123,-8.48848717665646,-33.91146533237004,High-CDR,-12.454739861102519,High-CDR,FALSE,21.456725471267525
SCI-vetted,2C,Aggregated R10 regions,gap_GJ_pc,DLE gap,IMAGE,41,60,26.297977668248095,33.32900717708985,-7.031029508841755,-26.73600836360488,High-CDR,-12.454739861102519,High-CDR,FALSE,14.281268502502362
SCI-vetted,2C,Aggregated R10 regions,gap_GJ_pc,DLE gap,MESSAGEix,63,60,25.031319329494767,22.779582722767834,2.251736606726933,8.995676884173177,High-RE,-12.454739861102519,High-CDR,TRUE,21.450416745275696
SCI-vetted,2C,Aggregated R10 regions,gap_GJ_pc,DLE gap,POLES,22,63,22.064975028213567,28.148905035785212,-6.083930007571645,-27.572793532702285,High-CDR,-12.454739861102519,High-CDR,FALSE,15.118053671599766
SCI-vetted,2C,Aggregated R10 regions,gap_GJ_pc,DLE gap,REMIND,63,39,25.031319329494767,48.205795108911744,-23.174475779416976,-92.58191897264541,High-CDR,-12.454739861102519,High-CDR,FALSE,80.12717911154289
SCI-vetted,2C,Aggregated R10 regions,gap_GJ_pc,DLE gap,WITCH,63,35,25.031319329494767,18.969164284010507,6.0621550454842605,24.218280170079307,High-RE,-12.454739861102519,High-CDR,TRUE,36.67302003118183
SCI-vetted,2C,Aggregated R10 regions,headcount_pct,Deprived share,GCAM,63,58,6.661610269550088,8.335233611321353,-1.6736233417712656,-25.123405213621105,High-CDR,-21.693855385034002,High-CDR,FALSE,3.4295498285871027
SCI-vetted,2C,Aggregated R10 regions,headcount_pct,Deprived share,IMAGE,41,60,7.040684443488211,8.223137430054102,-1.1824529865658908,-16.79457439197574,High-CDR,-21.693855385034002,High-CDR,FALSE,4.899280993058262
SCI-vetted,2C,Aggregated R10 regions,headcount_pct,Deprived share,MESSAGEix,63,60,6.661610269550088,5.8700547084903505,0.7915555610597371,11.882345694672368,High-RE,-21.693855385034002,High-CDR,TRUE,33.57620107970637
SCI-vetted,2C,Aggregated R10 regions,headcount_pct,Deprived share,POLES,22,63,6.016961391412709,8.106770367740857,-2.0898089763281487,-34.73196586088593,High-CDR,-21.693855385034002,High-CDR,FALSE,13.038110475851926
SCI-vetted,2C,Aggregated R10 regions,headcount_pct,Deprived share,REMIND,63,39,6.661610269550088,13.459483171977531,-6.797872902427444,-102.04549091531527,High-CDR,-21.693855385034002,High-CDR,FALSE,80.35163553028127
SCI-vetted,2C,Aggregated R10 regions,headcount_pct,Deprived share,WITCH,63,35,6.661610269550088,4.487183601527617,2.1744266680224706,32.641157018171334,High-RE,-21.693855385034002,High-CDR,TRUE,54.33501240320534
SCI-vetted,2C,Aggregated R10 regions,mortality_million_deaths,PM2.5 mortality,GCAM,63,58,419.717675,441.4710625,-21.75338750000003,-5.182861908305394,High-CDR,-5.349675826732812,High-CDR,FALSE,0.166813918427418
SCI-vetted,2C,Aggregated R10 regions,mortality_million_deaths,PM2.5 mortality,IMAGE,41,60,410.06586,442.093405,-32.02754500000003,-7.810341733886364,High-CDR,-5.349675826732812,High-CDR,FALSE,2.460665907153552
SCI-vetted,2C,Aggregated R10 regions,mortality_million_deaths,PM2.5 mortality,MESSAGEix,63,60,419.717675,442.1323075,-22.41463250000004,-5.340407096270139,High-CDR,-5.349675826732812,High-CDR,FALSE,0.00926873046267307
SCI-vetted,2C,Aggregated R10 regions,mortality_million_deaths,PM2.5 mortality,POLES,22,63,520.9916250000001,442.17121,78.82041500000014,15.128921698117532,High-RE,-5.349675826732812,High-CDR,TRUE,20.478597524850343
SCI-vetted,2C,Aggregated R10 regions,mortality_million_deaths,PM2.5 mortality,REMIND,63,39,419.717675,442.17121,-22.453534999999988,-5.349675826732812,High-CDR,-5.349675826732812,High-CDR,FALSE,0
SCI-vetted,2C,Aggregated R10 regions,mortality_million_deaths,PM2.5 mortality,WITCH,63,35,419.717675,456.750175,-37.03250000000003,-8.823192876020775,High-CDR,-5.349675826732812,High-CDR,FALSE,3.4735170492879623
SCI-vetted,2C,Aggregated R10 regions,total_energy_jobyears_per_1k,Employment,GCAM,63,58,345.4670448919984,416.73489013632957,71.26784524433117,20.62941930296456,High-RE,20.933518620205913,High-RE,FALSE,0.3040993172413522
SCI-vetted,2C,Aggregated R10 regions,total_energy_jobyears_per_1k,Employment,IMAGE,41,60,366.3670355375131,416.73489013632957,50.36785459881645,13.747922087182205,High-RE,20.933518620205913,High-RE,FALSE,7.185596533023707
SCI-vetted,2C,Aggregated R10 regions,total_energy_jobyears_per_1k,Employment,MESSAGEix,63,60,345.4670448919984,421.0727048103777,75.60565991837927,21.885057065867308,High-RE,20.933518620205913,High-RE,FALSE,0.9515384456613951
SCI-vetted,2C,Aggregated R10 regions,total_energy_jobyears_per_1k,Employment,POLES,22,63,254.10843832204267,417.78545306114,163.67701473909733,64.4122705329692,High-RE,20.933518620205913,High-RE,FALSE,43.478751912763286
SCI-vetted,2C,Aggregated R10 regions,total_energy_jobyears_per_1k,Employment,REMIND,63,39,345.4670448919984,405.6675658266887,60.2005209346903,17.425836074613276,High-RE,20.933518620205913,High-RE,FALSE,3.507682545592637
SCI-vetted,2C,Aggregated R10 regions,total_energy_jobyears_per_1k,Employment,WITCH,63,35,345.4670448919984,501.27592780820913,155.80888291621073,45.10093950203571,High-RE,20.933518620205913,High-RE,FALSE,24.167420881829795
SCI-vetted,2C,R10AFRICA,gap_GJ_pc,DLE gap,GCAM,63,59,92.7357611853382,115.09159199272187,-22.35583080738367,-24.107022492330813,High-CDR,10.93107350365128,High-RE,TRUE,35.03809599598209
SCI-vetted,2C,R10AFRICA,gap_GJ_pc,DLE gap,IMAGE,41,61,96.44776426593492,112.733886733952,-16.286122468017084,-16.885951262811485,High-CDR,10.93107350365128,High-RE,TRUE,27.817024766462765
SCI-vetted,2C,R10AFRICA,gap_GJ_pc,DLE gap,MESSAGEix,63,61,92.7357611853382,76.26469367552768,16.471067509810524,17.761290034479867,High-RE,10.93107350365128,High-RE,FALSE,6.8302165308285865
SCI-vetted,2C,R10AFRICA,gap_GJ_pc,DLE gap,POLES,22,64,66.8332763895591,82.59874696599837,-15.76547057643927,-23.58925288137183,High-CDR,10.93107350365128,High-RE,TRUE,34.52032638502311
SCI-vetted,2C,R10AFRICA,gap_GJ_pc,DLE gap,REMIND,63,39,92.7357611853382,205.3227461067711,-112.58698492143289,-121.40622288786822,High-CDR,10.93107350365128,High-RE,TRUE,132.33729639151952
SCI-vetted,2C,R10AFRICA,gap_GJ_pc,DLE gap,WITCH,63,36,92.7357611853382,50.68937005989706,42.04639112544115,45.33999676932485,High-RE,10.93107350365128,High-RE,FALSE,34.408923265673565
SCI-vetted,2C,R10AFRICA,headcount_pct,Deprived share,GCAM,63,59,15.307045250465546,19.419643126823,-4.112597876357455,-26.867352967630218,High-CDR,1.419037399235191,High-RE,TRUE,28.286390366865408
SCI-vetted,2C,R10AFRICA,headcount_pct,Deprived share,IMAGE,41,61,16.3024476641885,18.451214460713455,-2.1487667965249564,-13.180639133380817,High-CDR,1.419037399235191,High-RE,TRUE,14.599676532616009
SCI-vetted,2C,R10AFRICA,headcount_pct,Deprived share,MESSAGEix,63,61,15.307045250465546,11.865811233281075,3.4412340171844704,22.481373517072534,High-RE,1.419037399235191,High-RE,FALSE,21.062336117837344
SCI-vetted,2C,R10AFRICA,headcount_pct,Deprived share,POLES,22,64,11.472165414315132,15.089832553643586,-3.6176671393284536,-31.53430070677221,High-CDR,1.419037399235191,High-RE,TRUE,32.9533381060074
SCI-vetted,2C,R10AFRICA,headcount_pct,Deprived share,REMIND,63,39,15.307045250465546,41.86607879458168,-26.559033544116136,-173.5085583764664,High-CDR,1.419037399235191,High-RE,TRUE,174.92759577570158
SCI-vetted,2C,R10AFRICA,headcount_pct,Deprived share,WITCH,63,36,15.307045250465546,8.720080228782225,6.586965021683321,43.03224374072447,High-RE,1.419037399235191,High-RE,FALSE,41.613206341489274
SCI-vetted,2C,R10AFRICA,mortality_million_deaths,PM2.5 mortality,GCAM,63,58,73.7414,74.74360999999999,-1.002209999999991,-1.359087296959362,High-CDR,-6.046542376466948,High-CDR,FALSE,4.687455079507586
SCI-vetted,2C,R10AFRICA,mortality_million_deaths,PM2.5 mortality,IMAGE,41,60,72.94773,75.12715750000001,-2.1794275000000027,-2.9876563671001173,High-CDR,-6.046542376466948,High-CDR,FALSE,3.0588860093668306
SCI-vetted,2C,R10AFRICA,mortality_million_deaths,PM2.5 mortality,MESSAGEix,63,60,73.7414,78.4568075,-4.715407499999998,-6.39451854724754,High-CDR,-6.046542376466948,High-CDR,FALSE,0.3479761707805924
SCI-vetted,2C,R10AFRICA,mortality_million_deaths,PM2.5 mortality,POLES,22,63,76.885445,78.200205,-1.3147599999999926,-1.7100245696698413,High-CDR,-6.046542376466948,High-CDR,FALSE,4.336517806797106
SCI-vetted,2C,R10AFRICA,mortality_million_deaths,PM2.5 mortality,REMIND,63,39,73.7414,67.4155,6.325900000000004,8.578491864814072,High-RE,-6.046542376466948,High-CDR,TRUE,14.625034241281021
SCI-vetted,2C,R10AFRICA,mortality_million_deaths,PM2.5 mortality,WITCH,63,35,73.7414,78.917735,-5.176334999999995,-7.019577876199794,High-CDR,-6.046542376466948,High-CDR,FALSE,0.9730354997328456
SCI-vetted,2C,R10AFRICA,total_energy_jobyears_per_1k,Employment,GCAM,63,59,396.4754880085231,384.3659615478263,-12.10952646069677,-3.054293853454176,High-CDR,4.943313570074573,High-RE,TRUE,7.997607423528749
SCI-vetted,2C,R10AFRICA,total_energy_jobyears_per_1k,Employment,IMAGE,41,61,404.3831181162064,388.3353629546081,-16.047755161598275,-3.9684532916101305,High-CDR,4.943313570074573,High-RE,TRUE,8.911766861684704
SCI-vetted,2C,R10AFRICA,total_energy_jobyears_per_1k,Employment,MESSAGEix,63,61,396.4754880085231,484.99173967162636,88.51625166310328,22.325781628447213,High-RE,4.943313570074573,High-RE,FALSE,17.38246805837264
SCI-vetted,2C,R10AFRICA,total_energy_jobyears_per_1k,Employment,POLES,22,64,218.74250683633858,416.0745146092678,197.33200777292922,90.21200800289422,High-RE,4.943313570074573,High-RE,FALSE,85.26869443281964
SCI-vetted,2C,R10AFRICA,total_energy_jobyears_per_1k,Employment,REMIND,63,39,396.4754880085231,180.50327813885593,-215.97220986966715,-54.473029582354506,High-CDR,4.943313570074573,High-RE,TRUE,59.41634315242908
SCI-vetted,2C,R10AFRICA,total_energy_jobyears_per_1k,Employment,WITCH,63,36,396.4754880085231,704.2717725368723,307.7962845283492,77.63311827280795,High-RE,4.943313570074573,High-RE,FALSE,72.68980470273337
SCI-vetted,2C,R10CHINA+,gap_GJ_pc,DLE gap,GCAM,63,59,13.240592336708664,13.782988783822772,-0.5423964471141076,-4.096466633221155,High-CDR,-4.199901182895305,High-CDR,FALSE,0.10343454967414978
SCI-vetted,2C,R10CHINA+,gap_GJ_pc,DLE gap,IMAGE,41,61,11.138309164543584,13.782988783822772,-2.644679619279188,-23.743995432430246,High-CDR,-4.199901182895305,High-CDR,FALSE,19.544094249534943
SCI-vetted,2C,R10CHINA+,gap_GJ_pc,DLE gap,MESSAGEix,63,61,13.240592336708664,13.782988783822772,-0.5423964471141076,-4.096466633221155,High-CDR,-4.199901182895305,High-CDR,FALSE,0.10343454967414978
SCI-vetted,2C,R10CHINA+,gap_GJ_pc,DLE gap,POLES,22,64,18.473407854763234,13.796684130880436,4.676723723882798,25.315977217906436,High-RE,-4.199901182895305,High-CDR,TRUE,29.51587840080174
SCI-vetted,2C,R10CHINA+,gap_GJ_pc,DLE gap,REMIND,63,39,13.240592336708664,14.00955029169428,-0.7689579549856163,-5.807579717213492,High-CDR,-4.199901182895305,High-CDR,FALSE,1.607678534318187
SCI-vetted,2C,R10CHINA+,gap_GJ_pc,DLE gap,WITCH,63,36,13.240592336708664,12.564514702185301,0.676077634523363,5.106098105966019,High-RE,-4.199901182895305,High-CDR,TRUE,9.305999288861324
SCI-vetted,2C,R10CHINA+,headcount_pct,Deprived share,GCAM,63,59,4.358927856013694,4.1305931862057514,0.2283346698079427,5.238321838543991,High-RE,5.158971984036809,High-RE,FALSE,0.07934985450718202
SCI-vetted,2C,R10CHINA+,headcount_pct,Deprived share,IMAGE,41,61,3.665946347256676,4.1305931862057514,-0.46464683894907566,-12.67467646646774,High-CDR,5.158971984036809,High-RE,TRUE,17.833648450504548
SCI-vetted,2C,R10CHINA+,headcount_pct,Deprived share,MESSAGEix,63,61,4.358927856013694,4.1305931862057514,0.2283346698079427,5.238321838543991,High-RE,5.158971984036809,High-RE,FALSE,0.07934985450718202
SCI-vetted,2C,R10CHINA+,headcount_pct,Deprived share,POLES,22,64,6.547494245038478,4.134051989117571,2.4134422559209066,36.86054795313109,High-RE,5.158971984036809,High-RE,FALSE,31.70157596909428
SCI-vetted,2C,R10CHINA+,headcount_pct,Deprived share,REMIND,63,39,4.358927856013694,4.212831977901843,0.14609587811185154,3.3516470778541043,High-RE,5.158971984036809,High-RE,FALSE,1.8073249061827044
SCI-vetted,2C,R10CHINA+,headcount_pct,Deprived share,WITCH,63,36,4.358927856013694,4.119089511028831,0.23983834498486356,5.502232496323061,High-RE,5.158971984036809,High-RE,FALSE,0.34326051228625243
SCI-vetted,2C,R10CHINA+,mortality_million_deaths,PM2.5 mortality,GCAM,63,58,81.144235,92.4616675,-11.31743250000001,-13.947303218768418,High-CDR,-14.414739383518747,High-CDR,FALSE,0.46743616475032823
SCI-vetted,2C,R10CHINA+,mortality_million_deaths,PM2.5 mortality,IMAGE,41,60,78.76173,92.91892,-14.15719,-17.974706751616555,High-CDR,-14.414739383518747,High-CDR,FALSE,3.5599673680978086
SCI-vetted,2C,R10CHINA+,mortality_million_deaths,PM2.5 mortality,MESSAGEix,63,60,81.144235,92.56620749999999,-11.421972499999995,-14.076135538156217,High-CDR,-14.414739383518747,High-CDR,FALSE,0.3386038453625293
SCI-vetted,2C,R10CHINA+,mortality_million_deaths,PM2.5 mortality,POLES,22,63,99.84684250000001,92.840965,7.005877500000011,7.016623985881186,High-RE,-14.414739383518747,High-CDR,TRUE,21.431363369399932
SCI-vetted,2C,R10CHINA+,mortality_million_deaths,PM2.5 mortality,REMIND,63,39,81.144235,94.543625,-13.399390000000011,-16.51305234438406,High-CDR,-14.414739383518747,High-CDR,FALSE,2.0983129608653144
SCI-vetted,2C,R10CHINA+,mortality_million_deaths,PM2.5 mortality,WITCH,63,35,81.144235,88.20026,-7.056025000000005,-8.69565779996571,High-CDR,-14.414739383518747,High-CDR,FALSE,5.719081583553036
SCI-vetted,2C,R10CHINA+,total_energy_jobyears_per_1k,Employment,GCAM,63,59,430.319692954712,416.0495523482307,-14.270140606481334,-3.3161718694531515,High-CDR,-3.4150705304358784,High-CDR,FALSE,0.09889866098272693
SCI-vetted,2C,R10CHINA+,total_energy_jobyears_per_1k,Employment,IMAGE,41,61,439.2377089306109,416.0495523482307,-23.188156582380202,-5.279181661983256,High-CDR,-3.4150705304358784,High-CDR,FALSE,1.8641111315473777
SCI-vetted,2C,R10CHINA+,total_energy_jobyears_per_1k,Employment,MESSAGEix,63,61,430.319692954712,416.0495523482307,-14.270140606481334,-3.3161718694531515,High-CDR,-3.4150705304358784,High-CDR,FALSE,0.09889866098272693
SCI-vetted,2C,R10CHINA+,total_energy_jobyears_per_1k,Employment,POLES,22,64,211.41937343188536,415.6239719339535,204.20459850206814,96.58745799275502,High-RE,-3.4150705304358784,High-CDR,TRUE,100.0025285231909
SCI-vetted,2C,R10CHINA+,total_energy_jobyears_per_1k,Employment,REMIND,63,39,430.319692954712,417.02546003546695,-13.294232919245076,-3.0893852028854734,High-CDR,-3.4150705304358784,High-CDR,FALSE,0.325685327550405
SCI-vetted,2C,R10CHINA+,total_energy_jobyears_per_1k,Employment,WITCH,63,36,430.319692954712,338.9747193324934,-91.34497362221862,-21.22723526664907,High-CDR,-3.4150705304358784,High-CDR,FALSE,17.81216473621319
SCI-vetted,2C,R10EUROPE,gap_GJ_pc,DLE gap,GCAM,63,59,0.4203248516579156,0.5836317534719775,-0.16330690181406188,-38.85254492327053,High-CDR,-11.05494233928942,High-CDR,FALSE,27.79760258398111
SCI-vetted,2C,R10EUROPE,gap_GJ_pc,DLE gap,IMAGE,41,61,0.4479813141006225,0.45517034735278855,-0.007189033252166077,-1.6047618563285266,High-CDR,-11.05494233928942,High-CDR,FALSE,9.450180482960894
SCI-vetted,2C,R10EUROPE,gap_GJ_pc,DLE gap,MESSAGEix,63,61,0.4203248516579156,0.4706075766348361,-0.05028272497692049,-11.96282465302419,High-CDR,-11.05494233928942,High-CDR,FALSE,0.9078823137347705
SCI-vetted,2C,R10EUROPE,gap_GJ_pc,DLE gap,POLES,22,64,0.35935073970728826,0.466791521646402,-0.10744078193911372,-29.898583769892998,High-CDR,-11.05494233928942,High-CDR,FALSE,18.843641430603576
SCI-vetted,2C,R10EUROPE,gap_GJ_pc,DLE gap,REMIND,63,39,0.4203248516579156,0.6126605284246668,-0.19233567676675117,-45.75881630793626,High-CDR,-11.05494233928942,High-CDR,FALSE,34.70387396864684
SCI-vetted,2C,R10EUROPE,gap_GJ_pc,DLE gap,WITCH,63,36,0.4203248516579156,0.26294361061704297,0.15738124104087264,37.44276371480373,High-RE,-11.05494233928942,High-CDR,TRUE,48.49770605409315
SCI-vetted,2C,R10EUROPE,headcount_pct,Deprived share,GCAM,63,59,0.1827251951789327,0.2209847122795312,-0.038259517100598495,-20.93828224571497,High-CDR,-13.821755121455361,High-CDR,FALSE,7.116527124259608
SCI-vetted,2C,R10EUROPE,headcount_pct,Deprived share,IMAGE,41,61,0.2049975835478939,0.1999076352185375,0.005089948329356414,2.4829308918010935,High-RE,-13.821755121455361,High-CDR,TRUE,16.304686013256454
SCI-vetted,2C,R10EUROPE,headcount_pct,Deprived share,MESSAGEix,63,61,0.1827251951789327,0.2120447673446547,-0.02931957216572198,-16.045719440611865,High-CDR,-13.821755121455361,High-CDR,FALSE,2.2239643191565044
SCI-vetted,2C,R10EUROPE,headcount_pct,Deprived share,POLES,22,64,0.15353501459415622,0.20798102420176615,-0.054446009607609924,-35.46162401555679,High-CDR,-13.821755121455361,High-CDR,FALSE,21.639868894101426
SCI-vetted,2C,R10EUROPE,headcount_pct,Deprived share,REMIND,63,39,0.1827251951789327,0.2287270321353115,-0.0460018369563788,-25.175420888910114,High-CDR,-13.821755121455361,High-CDR,FALSE,11.353665767454753
SCI-vetted,2C,R10EUROPE,headcount_pct,Deprived share,WITCH,63,36,0.1827251951789327,0.12751588397440883,0.05520931120452388,30.214394435567822,High-RE,-13.821755121455361,High-CDR,TRUE,44.03614955702318
SCI-vetted,2C,R10EUROPE,mortality_million_deaths,PM2.5 mortality,GCAM,63,58,12.21634,17.804145,-5.587804999999998,-45.74041816124958,High-CDR,-45.89914000428933,High-CDR,FALSE,0.1587218430397499
SCI-vetted,2C,R10EUROPE,mortality_million_deaths,PM2.5 mortality,IMAGE,41,60,12.066905,17.82121,-5.7543050000000004,-47.68666861966677,High-CDR,-45.89914000428933,High-CDR,FALSE,1.7875286153774397
SCI-vetted,2C,R10EUROPE,mortality_million_deaths,PM2.5 mortality,MESSAGEix,63,60,12.21634,17.8272925,-5.610952499999998,-45.92989798908673,High-CDR,-45.89914000428933,High-CDR,FALSE,0.030757984797403992
SCI-vetted,2C,R10EUROPE,mortality_million_deaths,PM2.5 mortality,POLES,22,63,21.986829999999998,17.823535,4.163294999999998,18.935403602975047,High-RE,-45.89914000428933,High-CDR,TRUE,64.83454360726438
SCI-vetted,2C,R10EUROPE,mortality_million_deaths,PM2.5 mortality,REMIND,63,39,12.21634,17.971865,-5.7555250000000004,-47.113333453391114,High-CDR,-45.89914000428933,High-CDR,FALSE,1.214193449101785
SCI-vetted,2C,R10EUROPE,mortality_million_deaths,PM2.5 mortality,WITCH,63,35,12.21634,12.651685,-0.43534499999999987,-3.563628713673652,High-CDR,-45.89914000428933,High-CDR,FALSE,42.33551129061568
SCI-vetted,2C,R10EUROPE,total_energy_jobyears_per_1k,Employment,GCAM,63,59,189.79244409759318,168.10468205918409,-21.68776203840909,-11.427094551381101,High-CDR,-10.164956826104001,High-CDR,FALSE,1.2621377252770998
SCI-vetted,2C,R10EUROPE,total_energy_jobyears_per_1k,Employment,IMAGE,41,61,199.23544616884715,169.78550812996568,-29.44993803888147,-14.781475186861764,High-CDR,-10.164956826104001,High-CDR,FALSE,4.6165183607577625
SCI-vetted,2C,R10EUROPE,total_energy_jobyears_per_1k,Employment,MESSAGEix,63,61,189.79244409759318,171.5733219481938,-18.219122149399368,-9.599498144420814,High-CDR,-10.164956826104001,High-CDR,FALSE,0.5654586816831877
SCI-vetted,2C,R10EUROPE,total_energy_jobyears_per_1k,Employment,POLES,22,64,151.1694068842117,170.50012409586526,19.330717211653564,12.78745323546843,High-RE,-10.164956826104001,High-CDR,TRUE,22.95241006157243
SCI-vetted,2C,R10EUROPE,total_energy_jobyears_per_1k,Employment,REMIND,63,39,189.79244409759318,179.0744027977442,-10.718041299848977,-5.647243414146484,High-CDR,-10.164956826104001,High-CDR,FALSE,4.5177134119575175
SCI-vetted,2C,R10EUROPE,total_energy_jobyears_per_1k,Employment,WITCH,63,36,189.79244409759318,148.6770022070412,-41.11544189055198,-21.66337131388118,High-CDR,-10.164956826104001,High-CDR,FALSE,11.498414487777177
SCI-vetted,2C,R10INDIA+,gap_GJ_pc,DLE gap,GCAM,63,59,6.569443285738416,5.907912333388886,0.6615309523495299,10.069817541246538,High-RE,29.032946820804188,High-RE,FALSE,18.96312927955765
SCI-vetted,2C,R10INDIA+,gap_GJ_pc,DLE gap,IMAGE,41,61,6.472497437589054,5.813057447600602,0.659439989988452,10.188339143384619,High-RE,29.032946820804188,High-RE,FALSE,18.844607677419567
SCI-vetted,2C,R10INDIA+,gap_GJ_pc,DLE gap,MESSAGEix,63,61,6.569443285738416,3.919236775612697,2.650206510125719,40.34141699463399,High-RE,29.032946820804188,High-RE,FALSE,11.3084701738298
SCI-vetted,2C,R10INDIA+,gap_GJ_pc,DLE gap,POLES,22,64,9.966130661973448,4.66214031016709,5.303990351806358,53.2201566656571,High-RE,29.032946820804188,High-RE,FALSE,24.187209844852912
SCI-vetted,2C,R10INDIA+,gap_GJ_pc,DLE gap,REMIND,63,39,6.569443285738416,6.294387718483466,0.27505556725494973,4.186893094154066,High-RE,29.032946820804188,High-RE,FALSE,24.846053726650123
SCI-vetted,2C,R10INDIA+,gap_GJ_pc,DLE gap,WITCH,63,36,6.569443285738416,1.865102534177952,4.704340751560464,71.6094278760744,High-RE,29.032946820804188,High-RE,FALSE,42.57648105527022
SCI-vetted,2C,R10INDIA+,headcount_pct,Deprived share,GCAM,63,59,2.5131008291997445,2.6955565873167284,-0.1824557581169839,-7.2601845495822745,High-CDR,15.428109684355844,High-RE,TRUE,22.68829423393812
SCI-vetted,2C,R10INDIA+,headcount_pct,Deprived share,IMAGE,41,61,2.3866138581226974,2.6121233029837025,-0.2255094448610051,-9.448928828327096,High-CDR,15.428109684355844,High-RE,TRUE,24.87703851268294
SCI-vetted,2C,R10INDIA+,headcount_pct,Deprived share,MESSAGEix,63,61,2.5131008291997445,2.013111304521045,0.4999895246786994,19.895322896292736,High-RE,15.428109684355844,High-RE,FALSE,4.467213211936892
SCI-vetted,2C,R10INDIA+,headcount_pct,Deprived share,POLES,22,64,3.075809205357367,2.1253768767923518,0.9504323285650154,30.90023681929218,High-RE,15.428109684355844,High-RE,FALSE,15.472127134936335
SCI-vetted,2C,R10INDIA+,headcount_pct,Deprived share,REMIND,63,39,2.5131008291997445,3.0101709967199297,-0.4970701675201852,-19.77915735591353,High-CDR,15.428109684355844,High-RE,TRUE,35.20726704026937
SCI-vetted,2C,R10INDIA+,headcount_pct,Deprived share,WITCH,63,36,2.5131008291997445,0.9427701292210813,1.5703306999786633,62.48578177735548,High-RE,15.428109684355844,High-RE,FALSE,47.05767209299963
SCI-vetted,2C,R10INDIA+,mortality_million_deaths,PM2.5 mortality,GCAM,63,58,114.354115,96.02537749999999,18.328737500000003,16.02805242294954,High-RE,15.972809548655066,High-RE,FALSE,0.055242874294473054
SCI-vetted,2C,R10INDIA+,mortality_million_deaths,PM2.5 mortality,IMAGE,41,60,110.227135,96.073765,14.15337000000001,12.840186765264296,High-RE,15.972809548655066,High-RE,FALSE,3.1326227833907705
SCI-vetted,2C,R10INDIA+,mortality_million_deaths,PM2.5 mortality,MESSAGEix,63,60,114.354115,96.073765,18.28035,15.98573868548587,High-RE,15.972809548655066,High-RE,FALSE,0.012929136830804211
SCI-vetted,2C,R10INDIA+,mortality_million_deaths,PM2.5 mortality,POLES,22,63,155.23187000000001,96.08855,59.14332000000002,38.09998552487966,High-RE,15.972809548655066,High-RE,FALSE,22.1271759762246
SCI-vetted,2C,R10INDIA+,mortality_million_deaths,PM2.5 mortality,REMIND,63,39,114.354115,93.17033,21.183784999999986,18.524724711480637,High-RE,15.972809548655066,High-RE,FALSE,2.551915162825571
SCI-vetted,2C,R10INDIA+,mortality_million_deaths,PM2.5 mortality,WITCH,63,35,114.354115,111.833015,2.52109999999999,2.204643007381055,High-RE,15.972809548655066,High-RE,FALSE,13.768166541274011
SCI-vetted,2C,R10INDIA+,total_energy_jobyears_per_1k,Employment,GCAM,63,59,444.4447839936732,444.89607480947046,0.4512908157972788,0.10154035597900123,High-RE,8.826775397150499,High-RE,FALSE,8.725235041171498
SCI-vetted,2C,R10INDIA+,total_energy_jobyears_per_1k,Employment,IMAGE,41,61,508.68594512725474,497.9660948322046,-10.71985029505015,-2.1073612113203626,High-CDR,8.826775397150499,High-RE,TRUE,10.934136608470862
SCI-vetted,2C,R10INDIA+,total_energy_jobyears_per_1k,Employment,MESSAGEix,63,61,444.4447839936732,475.8397305949567,31.394946601283493,7.063857588602144,High-RE,8.826775397150499,High-RE,FALSE,1.7629178085483543
SCI-vetted,2C,R10INDIA+,total_energy_jobyears_per_1k,Employment,POLES,22,64,307.1689131092386,483.6749268411454,176.50601373190682,57.46219952574951,High-RE,8.826775397150499,High-RE,FALSE,48.63542412859901
SCI-vetted,2C,R10INDIA+,total_energy_jobyears_per_1k,Employment,REMIND,63,39,444.4447839936732,265.874292050657,-178.57049194301618,-40.17832999150647,High-CDR,8.826775397150499,High-RE,TRUE,49.00510538865697
SCI-vetted,2C,R10INDIA+,total_energy_jobyears_per_1k,Employment,WITCH,63,36,444.4447839936732,659.0261845688196,214.58140057514646,48.28077824358067,High-RE,8.826775397150499,High-RE,FALSE,39.45400284643017
SCI-vetted,2C,R10LATIN_AM,gap_GJ_pc,DLE gap,GCAM,63,59,81.10097920217399,71.27854114395716,9.822438058216832,12.111368019035623,High-RE,12.6889292770926,High-RE,FALSE,0.577561258056976
SCI-vetted,2C,R10LATIN_AM,gap_GJ_pc,DLE gap,IMAGE,41,61,83.88451066615713,70.64502115563938,13.239489510517743,15.782996652633704,High-RE,12.6889292770926,High-RE,FALSE,3.094067375541105
SCI-vetted,2C,R10LATIN_AM,gap_GJ_pc,DLE gap,MESSAGEix,63,61,81.10097920217399,70.64502115563938,10.455958046534604,12.8925176359083,High-RE,12.6889292770926,High-RE,FALSE,0.2035883588157006
SCI-vetted,2C,R10LATIN_AM,gap_GJ_pc,DLE gap,POLES,22,64,61.02406477728073,70.81013330818055,-9.786068530899826,-16.036408860366805,High-CDR,12.6889292770926,High-RE,TRUE,28.725338137459403
SCI-vetted,2C,R10LATIN_AM,gap_GJ_pc,DLE gap,REMIND,63,39,81.10097920217399,76.10330800637568,4.997671195798304,6.162282188159248,High-RE,12.6889292770926,High-RE,FALSE,6.526647088933351
SCI-vetted,2C,R10LATIN_AM,gap_GJ_pc,DLE gap,WITCH,63,36,81.10097920217399,53.703405218217995,27.397573983955994,33.78205078838503,High-RE,12.6889292770926,High-RE,FALSE,21.09312151129243
SCI-vetted,2C,R10LATIN_AM,headcount_pct,Deprived share,GCAM,63,59,16.710594013768265,14.272739998099732,2.437854015668533,14.58867359029802,High-RE,14.75889266681142,High-RE,FALSE,0.17021907651339951
SCI-vetted,2C,R10LATIN_AM,headcount_pct,Deprived share,IMAGE,41,61,17.372165171743855,14.272739998099732,3.099425173644123,17.841329178042784,High-RE,14.75889266681142,High-RE,FALSE,3.0824365112313643
SCI-vetted,2C,R10LATIN_AM,headcount_pct,Deprived share,MESSAGEix,63,61,16.710594013768265,13.980058037034762,2.7305359767335027,16.340149096338212,High-RE,14.75889266681142,High-RE,FALSE,1.5812564295267926
SCI-vetted,2C,R10LATIN_AM,headcount_pct,Deprived share,POLES,22,64,13.257909586243805,14.244295379289593,-0.9863857930457876,-7.439979784363937,High-CDR,14.75889266681142,High-RE,TRUE,22.198872451175355
SCI-vetted,2C,R10LATIN_AM,headcount_pct,Deprived share,REMIND,63,39,16.710594013768265,15.04215741245211,1.6684366013161558,9.984304567159555,High-RE,14.75889266681142,High-RE,FALSE,4.774588099651865
SCI-vetted,2C,R10LATIN_AM,headcount_pct,Deprived share,WITCH,63,36,16.710594013768265,10.701853996015071,6.008740017753194,35.95766860712699,High-RE,14.75889266681142,High-RE,FALSE,21.19877594031557
SCI-vetted,2C,R10LATIN_AM,mortality_million_deaths,PM2.5 mortality,GCAM,63,58,13.419615,15.39014,-1.9705250000000003,-14.683916043791125,High-CDR,-14.77866540880644,High-CDR,FALSE,0.09474936501531417
SCI-vetted,2C,R10LATIN_AM,mortality_million_deaths,PM2.5 mortality,IMAGE,41,60,13.312265,15.3959475,-2.0836825,-15.652351421790359,High-CDR,-14.77866540880644,High-CDR,FALSE,0.873686012983919
SCI-vetted,2C,R10LATIN_AM,mortality_million_deaths,PM2.5 mortality,MESSAGEix,63,60,13.419615,15.4067875,-1.9871724999999998,-14.80796952818691,High-CDR,-14.77866540880644,High-CDR,FALSE,0.02930411938046973
SCI-vetted,2C,R10LATIN_AM,mortality_million_deaths,PM2.5 mortality,POLES,22,63,22.2724275,15.402855,6.8695724999999985,30.843393698329464,High-RE,-14.77866540880644,High-CDR,TRUE,45.622059107135904
SCI-vetted,2C,R10LATIN_AM,mortality_million_deaths,PM2.5 mortality,REMIND,63,39,13.419615,15.401755,-1.9821399999999993,-14.77046845233637,High-CDR,-14.77866540880644,High-CDR,FALSE,0.008196956470069239
SCI-vetted,2C,R10LATIN_AM,mortality_million_deaths,PM2.5 mortality,WITCH,63,35,13.419615,15.593695,-2.17408,-16.20076283857622,High-CDR,-14.77866540880644,High-CDR,FALSE,1.4220974297697815
SCI-vetted,2C,R10LATIN_AM,total_energy_jobyears_per_1k,Employment,GCAM,63,59,329.22279296266703,440.31537359725826,111.09258063459123,33.74389106989589,High-RE,34.05168496054545,High-RE,FALSE,0.3077938906495632
SCI-vetted,2C,R10LATIN_AM,total_energy_jobyears_per_1k,Employment,IMAGE,41,61,341.8114537909102,441.9455935702264,100.13413977931617,29.29513878741153,High-RE,34.05168496054545,High-RE,FALSE,4.75654617313392
SCI-vetted,2C,R10LATIN_AM,total_energy_jobyears_per_1k,Employment,MESSAGEix,63,61,329.22279296266703,442.7828721402497,113.56007917758268,34.49338308434194,High-RE,34.05168496054545,High-RE,FALSE,0.44169812379649187
SCI-vetted,2C,R10LATIN_AM,total_energy_jobyears_per_1k,Employment,POLES,22,64,293.6112793994587,441.3287012406232,147.71742184116454,50.31054057027377,High-RE,34.05168496054545,High-RE,FALSE,16.25885560972832
SCI-vetted,2C,R10LATIN_AM,total_energy_jobyears_per_1k,Employment,REMIND,63,39,329.22279296266703,549.7934683477274,220.57067538506038,66.99738903256085,High-RE,34.05168496054545,High-RE,FALSE,32.945704072015396
SCI-vetted,2C,R10LATIN_AM,total_energy_jobyears_per_1k,Employment,WITCH,63,36,329.22279296266703,407.2406744383562,78.0178814756892,23.69759419559271,High-RE,34.05168496054545,High-RE,FALSE,10.35409076495274
SCI-vetted,2C,R10MIDDLE_EAST,gap_GJ_pc,DLE gap,GCAM,63,59,1.8958039032135283,5.927615062397052,-4.031811159183524,-212.67026364643016,High-CDR,-188.35723992011108,High-CDR,FALSE,24.313023726319074
SCI-vetted,2C,R10MIDDLE_EAST,gap_GJ_pc,DLE gap,IMAGE,41,61,2.0321718047609174,5.87884103945932,-3.8466692346984024,-189.2885840501541,High-CDR,-188.35723992011108,High-CDR,FALSE,0.9313441300430156
SCI-vetted,2C,R10MIDDLE_EAST,gap_GJ_pc,DLE gap,MESSAGEix,63,61,1.8958039032135283,5.4994867106897285,-3.6036828074762,-190.08731870251404,High-CDR,-188.35723992011108,High-CDR,FALSE,1.7300787824029555
SCI-vetted,2C,R10MIDDLE_EAST,gap_GJ_pc,DLE gap,POLES,22,64,1.4459276644031767,5.466687809604265,-4.020760145201088,-278.0747781640033,High-CDR,-188.35723992011108,High-CDR,FALSE,89.71753824389222
SCI-vetted,2C,R10MIDDLE_EAST,gap_GJ_pc,DLE gap,REMIND,63,39,1.8958039032135283,6.413415969461842,-4.517612066248313,-238.29532466889776,High-CDR,-188.35723992011108,High-CDR,FALSE,49.93808474878668
SCI-vetted,2C,R10MIDDLE_EAST,gap_GJ_pc,DLE gap,WITCH,63,36,1.8958039032135283,3.8282215279044856,-1.9324176246909572,-101.93130320152659,High-CDR,-188.35723992011108,High-CDR,FALSE,86.4259367185845
SCI-vetted,2C,R10MIDDLE_EAST,headcount_pct,Deprived share,GCAM,63,59,1.0872136583730632,1.484776582651159,-0.3975629242780958,-36.56713850275024,High-CDR,-20.453285434678435,High-CDR,FALSE,16.113853068071805
SCI-vetted,2C,R10MIDDLE_EAST,headcount_pct,Deprived share,IMAGE,41,61,1.2113772662731976,1.436236507891166,-0.22485924161796844,-18.562280131750196,High-CDR,-20.453285434678435,High-CDR,FALSE,1.8910053029282388
SCI-vetted,2C,R10MIDDLE_EAST,headcount_pct,Deprived share,MESSAGEix,63,61,1.0872136583730632,1.3164329175241811,-0.22921925915111796,-21.08318428358673,High-CDR,-20.453285434678435,High-CDR,FALSE,0.6298988489082937
SCI-vetted,2C,R10MIDDLE_EAST,headcount_pct,Deprived share,POLES,22,64,0.8751729664669121,1.3095845712049154,-0.43441160473800333,-49.63722845459112,High-CDR,-20.453285434678435,High-CDR,FALSE,29.183943019912682
SCI-vetted,2C,R10MIDDLE_EAST,headcount_pct,Deprived share,REMIND,63,39,1.0872136583730632,1.6257019278019678,-0.5384882694289046,-49.529203876514345,High-CDR,-20.453285434678435,High-CDR,FALSE,29.07591844183591
SCI-vetted,2C,R10MIDDLE_EAST,headcount_pct,Deprived share,WITCH,63,36,1.0872136583730632,0.8984006140468535,0.1888130443262097,17.36669171437331,High-RE,-20.453285434678435,High-CDR,TRUE,37.819977149051745
SCI-vetted,2C,R10MIDDLE_EAST,mortality_million_deaths,PM2.5 mortality,GCAM,63,58,43.636585,58.39774,-14.761155000000002,-33.82747527103692,High-CDR,-19.29181671755479,High-CDR,FALSE,14.535658553482126
SCI-vetted,2C,R10MIDDLE_EAST,mortality_million_deaths,PM2.5 mortality,IMAGE,41,60,43.35673,58.284255,-14.927525000000003,-34.42954530934414,High-CDR,-19.29181671755479,High-CDR,FALSE,15.137728591789351
SCI-vetted,2C,R10MIDDLE_EAST,mortality_million_deaths,PM2.5 mortality,MESSAGEix,63,60,43.636585,51.452345,-7.8157600000000045,-17.91102580552535,High-CDR,-19.29181671755479,High-CDR,FALSE,1.3807909120294397
SCI-vetted,2C,R10MIDDLE_EAST,mortality_million_deaths,PM2.5 mortality,POLES,22,63,47.21089,52.054875,-4.8439850000000035,-10.26031282189343,High-CDR,-19.29181671755479,High-CDR,FALSE,9.031503895661361
SCI-vetted,2C,R10MIDDLE_EAST,mortality_million_deaths,PM2.5 mortality,REMIND,63,39,43.636585,68.07422,-24.437635,-56.00262944499438,High-CDR,-19.29181671755479,High-CDR,FALSE,36.71081272743959
SCI-vetted,2C,R10MIDDLE_EAST,mortality_million_deaths,PM2.5 mortality,WITCH,63,35,43.636585,46.83738,-3.2007950000000065,-7.335117997891005,High-CDR,-19.29181671755479,High-CDR,FALSE,11.956698719663788
SCI-vetted,2C,R10MIDDLE_EAST,total_energy_jobyears_per_1k,Employment,GCAM,63,59,243.48353812511286,561.8558156480941,318.3722775229812,130.7572084644947,High-RE,129.5710378083513,High-RE,FALSE,1.1861706561434175
SCI-vetted,2C,R10MIDDLE_EAST,total_energy_jobyears_per_1k,Employment,IMAGE,41,61,251.59928338878166,555.9684148826091,304.3691314938274,120.97376725175468,High-RE,129.5710378083513,High-RE,FALSE,8.597270556596612
SCI-vetted,2C,R10MIDDLE_EAST,total_energy_jobyears_per_1k,Employment,MESSAGEix,63,61,243.48353812511286,558.4438237347694,314.96028560965647,129.355885015855,High-RE,129.5710378083513,High-RE,FALSE,0.2151527924962977
SCI-vetted,2C,R10MIDDLE_EAST,total_energy_jobyears_per_1k,Employment,POLES,22,64,167.25214513223477,558.9676853663143,391.7155402340795,234.20658666253695,High-RE,129.5710378083513,High-RE,FALSE,104.63554885418566
SCI-vetted,2C,R10MIDDLE_EAST,total_energy_jobyears_per_1k,Employment,REMIND,63,39,243.48353812511286,548.8419683532045,305.3584302280916,125.41235131517787,High-RE,129.5710378083513,High-RE,FALSE,4.15868649317342
SCI-vetted,2C,R10MIDDLE_EAST,total_energy_jobyears_per_1k,Employment,WITCH,63,36,243.48353812511286,661.1333410657886,417.6498029406757,171.5310226542167,High-RE,129.5710378083513,High-RE,FALSE,41.95998484586542
SCI-vetted,2C,R10NORTH_AM,gap_GJ_pc,DLE gap,GCAM,63,59,0.7157720500520267,0.17106218624756608,0.5447098638044606,76.10102458804695,High-RE,77.08058033859788,High-RE,FALSE,0.9795557505509294
SCI-vetted,2C,R10NORTH_AM,gap_GJ_pc,DLE gap,IMAGE,41,61,0.9304839816792558,0.15591898262394988,0.774564999055306,83.24323839056734,High-RE,77.08058033859788,High-RE,FALSE,6.1626580519694585
SCI-vetted,2C,R10NORTH_AM,gap_GJ_pc,DLE gap,MESSAGEix,63,61,0.7157720500520267,0.17106218624756608,0.5447098638044606,76.10102458804695,High-RE,77.08058033859788,High-RE,FALSE,0.9795557505509294
SCI-vetted,2C,R10NORTH_AM,gap_GJ_pc,DLE gap,POLES,22,64,0.30346327841123816,0.16405079997044517,0.139412478440793,45.940477269829074,High-RE,77.08058033859788,High-RE,FALSE,31.14010306876881
SCI-vetted,2C,R10NORTH_AM,gap_GJ_pc,DLE gap,REMIND,63,39,0.7157720500520267,0.16433507625330554,0.5514369737987211,77.04086430290751,High-RE,77.08058033859788,High-RE,FALSE,0.039716035690375406
SCI-vetted,2C,R10NORTH_AM,gap_GJ_pc,DLE gap,WITCH,63,36,0.7157720500520267,0.14937897488647622,0.5663930751655505,79.13037050334412,High-RE,77.08058033859788,High-RE,FALSE,2.0497901647462413
SCI-vetted,2C,R10NORTH_AM,headcount_pct,Deprived share,GCAM,63,59,0.25671870868543584,0.04080394987151641,0.21591475881391942,84.10557996319834,High-RE,84.2554133711688,High-RE,FALSE,0.14983340797046196
SCI-vetted,2C,R10NORTH_AM,headcount_pct,Deprived share,IMAGE,41,61,0.3312523295592981,0.04011292080102655,0.2911394087582716,87.89052416494906,High-RE,84.2554133711688,High-RE,FALSE,3.6351107937802567
SCI-vetted,2C,R10NORTH_AM,headcount_pct,Deprived share,MESSAGEix,63,61,0.25671870868543584,0.04011292080102655,0.2166057878844093,84.37475748984934,High-RE,84.2554133711688,High-RE,FALSE,0.1193441186805444
SCI-vetted,2C,R10NORTH_AM,headcount_pct,Deprived share,POLES,22,64,0.1004927826438666,0.04041929948139524,0.06007348316247136,59.77890310328454,High-RE,84.2554133711688,High-RE,FALSE,24.476510267884258
SCI-vetted,2C,R10NORTH_AM,headcount_pct,Deprived share,REMIND,63,39,0.25671870868543584,0.03945400491181312,0.21726470377362272,84.63142592378917,High-RE,84.2554133711688,High-RE,FALSE,0.3760125526203666
SCI-vetted,2C,R10NORTH_AM,headcount_pct,Deprived share,WITCH,63,36,0.25671870868543584,0.05558067019303929,0.20113803849239653,78.34958329385188,High-RE,84.2554133711688,High-RE,FALSE,5.905830077316921
SCI-vetted,2C,R10NORTH_AM,mortality_million_deaths,PM2.5 mortality,GCAM,63,58,6.70137,10.5506025,-3.8492325000000003,-57.43948625430323,High-CDR,-57.57785348369065,High-CDR,FALSE,0.13836722938741985
SCI-vetted,2C,R10NORTH_AM,mortality_million_deaths,PM2.5 mortality,IMAGE,41,60,6.56489,10.560212499999999,-3.9953224999999986,-60.858940515377995,High-CDR,-57.57785348369065,High-CDR,FALSE,3.281087031687342
SCI-vetted,2C,R10NORTH_AM,mortality_million_deaths,PM2.5 mortality,MESSAGEix,63,60,6.70137,10.57101,-3.8696399999999995,-57.74401353753038,High-CDR,-57.57785348369065,High-CDR,FALSE,0.1661600538397252
SCI-vetted,2C,R10NORTH_AM,mortality_million_deaths,PM2.5 mortality,POLES,22,63,10.69381,10.559875,0.13393499999999925,1.2524535221777764,High-RE,-57.57785348369065,High-CDR,TRUE,58.83030700586843
SCI-vetted,2C,R10NORTH_AM,mortality_million_deaths,PM2.5 mortality,REMIND,63,39,6.70137,10.604115,-3.9027450000000004,-58.23801700249353,High-CDR,-57.57785348369065,High-CDR,FALSE,0.6601635188028752
SCI-vetted,2C,R10NORTH_AM,mortality_million_deaths,PM2.5 mortality,WITCH,63,35,6.70137,9.470455,-2.7690849999999996,-41.32117760995139,High-CDR,-57.57785348369065,High-CDR,FALSE,16.256675873739262
SCI-vetted,2C,R10NORTH_AM,total_energy_jobyears_per_1k,Employment,GCAM,63,59,224.75366845426706,301.5673634544589,76.81369500019187,34.17683703606464,High-RE,64.02663993691965,High-RE,FALSE,29.84980290085501
SCI-vetted,2C,R10NORTH_AM,total_energy_jobyears_per_1k,Employment,IMAGE,41,61,218.84750191534593,336.98197369081163,118.1344717754657,53.98026970450053,High-RE,64.02663993691965,High-RE,FALSE,10.046370232419122
SCI-vetted,2C,R10NORTH_AM,total_energy_jobyears_per_1k,Employment,MESSAGEix,63,61,224.75366845426706,374.96306941131434,150.20940095704728,66.83290287989756,High-RE,64.02663993691965,High-RE,FALSE,2.8062629429779093
SCI-vetted,2C,R10NORTH_AM,total_energy_jobyears_per_1k,Employment,POLES,22,64,281.42859877323576,368.6558905004988,87.22729172726304,30.99446613012752,High-RE,64.02663993691965,High-RE,FALSE,33.03217380679213
SCI-vetted,2C,R10NORTH_AM,total_energy_jobyears_per_1k,Employment,REMIND,63,39,224.75366845426706,432.9557924299051,208.20212397563805,92.63569551835951,High-RE,64.02663993691965,High-RE,FALSE,28.60905558143986
SCI-vetted,2C,R10NORTH_AM,total_energy_jobyears_per_1k,Employment,WITCH,63,36,224.75366845426706,255.30404646464467,30.550378010377614,13.59282730310318,High-RE,64.02663993691965,High-RE,FALSE,50.43381263381647
SCI-vetted,2C,R10PAC_OECD,gap_GJ_pc,DLE gap,GCAM,63,58,0.2002823947601143,0.3577341170969941,-0.1574517223368798,-78.61485904712973,High-CDR,-79.66675514380286,High-CDR,FALSE,1.0518960966731328
SCI-vetted,2C,R10PAC_OECD,gap_GJ_pc,DLE gap,IMAGE,41,60,0.14935837002307742,0.35928186710548493,-0.2099234970824075,-140.550206225451,High-CDR,-79.66675514380286,High-CDR,FALSE,60.88345108164815
SCI-vetted,2C,R10PAC_OECD,gap_GJ_pc,DLE gap,MESSAGEix,63,60,0.2002823947601143,0.35928186710548493,-0.15899947234537062,-79.38764290082023,High-CDR,-79.66675514380286,High-CDR,FALSE,0.2791122429826345
SCI-vetted,2C,R10PAC_OECD,gap_GJ_pc,DLE gap,POLES,22,63,0.4769958827505396,0.35984087978979923,0.11715500296074038,24.56100926598781,High-RE,-79.66675514380286,High-CDR,TRUE,104.22776440979067
SCI-vetted,2C,R10PAC_OECD,gap_GJ_pc,DLE gap,REMIND,63,39,0.2002823947601143,0.35540769552974777,-0.15512530076963346,-77.45328837086895,High-CDR,-79.66675514380286,High-CDR,FALSE,2.213466772933913
SCI-vetted,2C,R10PAC_OECD,gap_GJ_pc,DLE gap,WITCH,63,35,0.2002823947601143,0.4408006807647837,-0.24051828600466937,-120.0895796621301,High-CDR,-79.66675514380286,High-CDR,FALSE,40.422824518327246
SCI-vetted,2C,R10PAC_OECD,headcount_pct,Deprived share,GCAM,63,58,0.07422488740120188,0.10420833168265309,-0.029983444281451208,-40.395405545560585,High-CDR,-54.231274523724856,High-CDR,FALSE,13.835868978164271
SCI-vetted,2C,R10PAC_OECD,headcount_pct,Deprived share,IMAGE,41,60,0.05286584562522054,0.10674360984403808,-0.05387776421881754,-101.91412542754117,High-CDR,-54.231274523724856,High-CDR,FALSE,47.68285090381631
SCI-vetted,2C,R10PAC_OECD,headcount_pct,Deprived share,MESSAGEix,63,60,0.07422488740120188,0.10674360984403808,-0.0325187224428362,-43.81107682530434,High-CDR,-54.231274523724856,High-CDR,FALSE,10.420197698420516
SCI-vetted,2C,R10PAC_OECD,headcount_pct,Deprived share,POLES,22,63,0.172764721713637,0.11447798985267334,0.058286731860963656,33.73763537070708,High-RE,-54.231274523724856,High-CDR,TRUE,87.96890989443193
SCI-vetted,2C,R10PAC_OECD,headcount_pct,Deprived share,REMIND,63,39,0.07422488740120188,0.08948280402410784,-0.01525791662290596,-20.556335155395463,High-CDR,-54.231274523724856,High-CDR,FALSE,33.67493936832939
SCI-vetted,2C,R10PAC_OECD,headcount_pct,Deprived share,WITCH,63,35,0.07422488740120188,0.24112787969873217,-0.1669029922975303,-224.86122666024784,High-CDR,-54.231274523724856,High-CDR,FALSE,170.62995213652297
SCI-vetted,2C,R10PAC_OECD,mortality_million_deaths,PM2.5 mortality,GCAM,63,58,4.47825,5.271465,-0.793215,-17.712610952939205,High-CDR,-17.730251772455762,High-CDR,FALSE,0.017640819516557826
SCI-vetted,2C,R10PAC_OECD,mortality_million_deaths,PM2.5 mortality,IMAGE,41,60,4.42293,5.271965,-0.8490349999999998,-19.19621156111446,High-CDR,-17.730251772455762,High-CDR,FALSE,1.4659597886586972
SCI-vetted,2C,R10PAC_OECD,mortality_million_deaths,PM2.5 mortality,MESSAGEix,63,60,4.47825,5.271965,-0.7937149999999997,-17.723776028582588,High-CDR,-17.730251772455762,High-CDR,FALSE,0.006475743873174622
SCI-vetted,2C,R10PAC_OECD,mortality_million_deaths,PM2.5 mortality,POLES,22,63,6.1757775,5.272255,0.9035224999999993,14.630101230168986,High-RE,-17.730251772455762,High-CDR,TRUE,32.36035300262475
SCI-vetted,2C,R10PAC_OECD,mortality_million_deaths,PM2.5 mortality,REMIND,63,39,4.47825,5.311775,-0.8335249999999998,-18.612739351309102,High-CDR,-17.730251772455762,High-CDR,FALSE,0.8824875788533397
SCI-vetted,2C,R10PAC_OECD,mortality_million_deaths,PM2.5 mortality,WITCH,63,35,4.47825,3.74459,0.73366,16.382738793055324,High-RE,-17.730251772455762,High-CDR,TRUE,34.11299056551108
SCI-vetted,2C,R10PAC_OECD,total_energy_jobyears_per_1k,Employment,GCAM,63,58,291.2435433002147,205.66140620969398,-85.58213709052072,-29.385076187698488,High-CDR,-18.202609781015024,High-CDR,FALSE,11.182466406683464
SCI-vetted,2C,R10PAC_OECD,total_energy_jobyears_per_1k,Employment,IMAGE,41,60,303.97310930949976,250.46125751397548,-53.51185179552428,-17.604140023135898,High-CDR,-18.202609781015024,High-CDR,FALSE,0.5984697578791263
SCI-vetted,2C,R10PAC_OECD,total_energy_jobyears_per_1k,Employment,MESSAGEix,63,60,291.2435433002147,250.46125751397548,-40.782285786239214,-14.002811984813931,High-CDR,-18.202609781015024,High-CDR,FALSE,4.199797796201093
SCI-vetted,2C,R10PAC_OECD,total_energy_jobyears_per_1k,Employment,POLES,22,63,118.37786425577556,238.2296176008751,119.85175334509952,101.2450715330861,High-RE,-18.202609781015024,High-CDR,TRUE,119.44768131410113
SCI-vetted,2C,R10PAC_OECD,total_energy_jobyears_per_1k,Employment,REMIND,63,39,291.2435433002147,373.2123321392518,81.96878883903713,28.14441409076783,High-RE,-18.202609781015024,High-CDR,TRUE,46.34702387178285
SCI-vetted,2C,R10PAC_OECD,total_energy_jobyears_per_1k,Employment,WITCH,63,35,291.2435433002147,129.67744681059642,-161.56609648961827,-55.474567662114815,High-CDR,-18.202609781015024,High-CDR,FALSE,37.271957881099794
SCI-vetted,2C,R10REF_ECON,gap_GJ_pc,DLE gap,GCAM,63,59,9.38738928991513,14.728535403236844,-5.341146113321713,-56.897034397622186,High-CDR,-10.258564372492263,High-CDR,FALSE,46.63847002512992
SCI-vetted,2C,R10REF_ECON,gap_GJ_pc,DLE gap,IMAGE,41,61,10.29397167981925,13.68771642696741,-3.39374474714816,-32.96827359454859,High-CDR,-10.258564372492263,High-CDR,FALSE,22.70970922205633
SCI-vetted,2C,R10REF_ECON,gap_GJ_pc,DLE gap,MESSAGEix,63,61,9.38738928991513,8.570836878953218,0.8165524109619131,8.698397240637874,High-RE,-10.258564372492263,High-CDR,TRUE,18.956961613130137
SCI-vetted,2C,R10REF_ECON,gap_GJ_pc,DLE gap,POLES,22,64,7.7880288607021635,10.350400663117519,-2.5623718024153552,-32.90141636922919,High-CDR,-10.258564372492263,High-CDR,FALSE,22.642851996736926
SCI-vetted,2C,R10REF_ECON,gap_GJ_pc,DLE gap,REMIND,63,39,9.38738928991513,16.99143633666379,-7.604047046748658,-81.00278801602148,High-CDR,-10.258564372492263,High-CDR,FALSE,70.74422364352922
SCI-vetted,2C,R10REF_ECON,gap_GJ_pc,DLE gap,WITCH,63,36,9.38738928991513,5.32064193359122,4.066747356323911,43.3213882020725,High-RE,-10.258564372492263,High-CDR,TRUE,53.57995257456476
SCI-vetted,2C,R10REF_ECON,headcount_pct,Deprived share,GCAM,63,59,2.6426653442060744,2.393292637243807,0.24937270696226754,9.43640887065046,High-RE,14.020400332288148,High-RE,FALSE,4.583991461637687
SCI-vetted,2C,R10REF_ECON,headcount_pct,Deprived share,IMAGE,41,61,2.9537209180522557,2.316292367186227,0.6374285508660287,21.580527360261314,High-RE,14.020400332288148,High-RE,FALSE,7.5601270279731665
SCI-vetted,2C,R10REF_ECON,headcount_pct,Deprived share,MESSAGEix,63,61,2.6426653442060744,2.1620956587226847,0.48056968548338963,18.185037562058973,High-RE,14.020400332288148,High-RE,FALSE,4.164637229770825
SCI-vetted,2C,R10REF_ECON,headcount_pct,Deprived share,POLES,22,64,2.213067977164755,2.272153083505742,-0.05908510634098718,-2.6698279018380333,High-CDR,14.020400332288148,High-RE,TRUE,16.69022823412618
SCI-vetted,2C,R10REF_ECON,headcount_pct,Deprived share,REMIND,63,39,2.6426653442060744,2.573540301850217,0.06912504235585715,2.6157319733053113,High-RE,14.020400332288148,High-RE,FALSE,11.404668358982835
SCI-vetted,2C,R10REF_ECON,headcount_pct,Deprived share,WITCH,63,36,2.6426653442060744,1.4398156378839428,1.2028497063221315,45.51653537816756,High-RE,14.020400332288148,High-RE,FALSE,31.496135045879413
SCI-vetted,2C,R10REF_ECON,mortality_million_deaths,PM2.5 mortality,GCAM,63,58,13.29234,15.167132500000001,-1.8747925000000016,-14.104307443234235,High-CDR,-17.591936408487904,High-CDR,FALSE,3.487628965253668
SCI-vetted,2C,R10REF_ECON,mortality_million_deaths,PM2.5 mortality,IMAGE,41,60,13.188415000000001,15.954252499999999,-2.765837499999998,-20.97172025599739,High-CDR,-17.591936408487904,High-CDR,FALSE,3.3797838475094863
SCI-vetted,2C,R10REF_ECON,mortality_million_deaths,PM2.5 mortality,MESSAGEix,63,60,13.29234,15.954252499999999,-2.6619124999999997,-20.025913420812287,High-CDR,-17.591936408487904,High-CDR,FALSE,2.433977012324384
SCI-vetted,2C,R10REF_ECON,mortality_million_deaths,PM2.5 mortality,POLES,22,63,14.7101,15.63072,-0.9206199999999995,-6.258421084832866,High-CDR,-17.591936408487904,High-CDR,FALSE,11.333515323655037
SCI-vetted,2C,R10REF_ECON,mortality_million_deaths,PM2.5 mortality,REMIND,63,39,13.29234,16.61686,-3.3245199999999997,-25.010795691353067,High-CDR,-17.591936408487904,High-CDR,FALSE,7.418859282865164
SCI-vetted,2C,R10REF_ECON,mortality_million_deaths,PM2.5 mortality,WITCH,63,35,13.29234,13.554465,-0.26212500000000105,-1.9720004152767765,High-CDR,-17.591936408487904,High-CDR,FALSE,15.619935993211127
SCI-vetted,2C,R10REF_ECON,total_energy_jobyears_per_1k,Employment,GCAM,63,59,761.7164595646412,1412.0466343349808,650.3301747703396,85.37693607698009,High-RE,53.755736404510785,High-RE,FALSE,31.621199672469302
SCI-vetted,2C,R10REF_ECON,total_energy_jobyears_per_1k,Employment,IMAGE,41,61,761.7164595646412,1219.10008139927,457.3836218346288,60.04644065273924,High-RE,53.755736404510785,High-RE,FALSE,6.290704248228458
SCI-vetted,2C,R10REF_ECON,total_energy_jobyears_per_1k,Employment,MESSAGEix,63,61,761.7164595646412,1219.10008139927,457.3836218346288,60.04644065273924,High-RE,53.755736404510785,High-RE,FALSE,6.290704248228458
SCI-vetted,2C,R10REF_ECON,total_energy_jobyears_per_1k,Employment,POLES,22,64,819.3782398491801,1171.1827517179818,351.8045118688017,42.93554487528947,High-RE,53.755736404510785,High-RE,FALSE,10.820191529221312
SCI-vetted,2C,R10REF_ECON,total_energy_jobyears_per_1k,Employment,REMIND,63,39,761.7164595646412,2392.142138568762,1630.4256790041209,214.0462712248584,High-RE,53.755736404510785,High-RE,FALSE,160.2905348203476
SCI-vetted,2C,R10REF_ECON,total_energy_jobyears_per_1k,Employment,WITCH,63,36,761.7164595646412,668.0914364876699,-93.62502307697139,-12.291322040025594,High-CDR,53.755736404510785,High-RE,TRUE,66.04705844453638
SCI-vetted,2C,R10REST_ASIA,gap_GJ_pc,DLE gap,GCAM,63,59,9.590667882104082,24.15663180349611,-14.56596392139203,-151.87642925860993,High-CDR,-187.89171040514609,High-CDR,FALSE,36.015281146536154
SCI-vetted,2C,R10REST_ASIA,gap_GJ_pc,DLE gap,IMAGE,41,61,9.97151093502452,30.931642084474152,-20.96013114944963,-210.20015207352412,High-CDR,-187.89171040514609,High-CDR,FALSE,22.308441668378038
SCI-vetted,2C,R10REST_ASIA,gap_GJ_pc,DLE gap,MESSAGEix,63,61,9.590667882104082,30.931642084474152,-21.34097420237007,-222.51812349994657,High-CDR,-187.89171040514609,High-CDR,FALSE,34.62641309480048
SCI-vetted,2C,R10REST_ASIA,gap_GJ_pc,DLE gap,POLES,22,64,4.016758468978241,27.610737805066442,-23.5939793360882,-587.3885502030172,High-CDR,-187.89171040514609,High-CDR,FALSE,399.4968397978711
SCI-vetted,2C,R10REST_ASIA,gap_GJ_pc,DLE gap,REMIND,63,39,9.590667882104082,52.513763117198586,-42.92309523509451,-447.5506373772759,High-CDR,-187.89171040514609,High-CDR,FALSE,259.65892697212985
SCI-vetted,2C,R10REST_ASIA,gap_GJ_pc,DLE gap,WITCH,63,36,9.590667882104082,15.93538077933982,-6.344712897235738,-66.15506839804968,High-CDR,-187.89171040514609,High-CDR,FALSE,121.7366420070964
SCI-vetted,2C,R10REST_ASIA,headcount_pct,Deprived share,GCAM,63,59,5.16475888754058,6.112577835034607,-0.9478189474940271,-18.351659160324743,High-CDR,-29.03631052712493,High-CDR,FALSE,10.684651366800185
SCI-vetted,2C,R10REST_ASIA,headcount_pct,Deprived share,IMAGE,41,61,5.465206219835632,7.295429648443434,-1.8302234286078018,-33.48864352025945,High-CDR,-29.03631052712493,High-CDR,FALSE,4.452332993134522
SCI-vetted,2C,R10REST_ASIA,headcount_pct,Deprived share,MESSAGEix,63,61,5.16475888754058,7.295429648443434,-2.130670760902854,-41.25402186814308,High-CDR,-29.03631052712493,High-CDR,FALSE,12.217711341018148
SCI-vetted,2C,R10REST_ASIA,headcount_pct,Deprived share,POLES,22,64,2.1757284003870687,6.664414316104145,-4.488685915717077,-206.30727231020774,High-CDR,-29.03631052712493,High-CDR,FALSE,177.2709617830828
SCI-vetted,2C,R10REST_ASIA,headcount_pct,Deprived share,REMIND,63,39,5.16475888754058,13.346190223023994,-8.181431335483413,-158.4087759686174,High-CDR,-29.03631052712493,High-CDR,FALSE,129.37246544149247
SCI-vetted,2C,R10REST_ASIA,headcount_pct,Deprived share,WITCH,63,36,5.16475888754058,3.8053375588656544,1.3594213286749253,26.321099557123212,High-RE,-29.03631052712493,High-CDR,TRUE,55.357410084248144
SCI-vetted,2C,R10REST_ASIA,mortality_million_deaths,PM2.5 mortality,GCAM,63,58,55.98183,54.945657499999996,1.0361725000000064,1.8509085894476947,High-RE,1.59483889683492,High-RE,FALSE,0.25606969261277457
SCI-vetted,2C,R10REST_ASIA,mortality_million_deaths,PM2.5 mortality,IMAGE,41,60,54.92546,55.008390000000006,-0.08293000000000461,-0.15098644599427044,High-CDR,1.59483889683492,High-RE,TRUE,1.7458253428291906
SCI-vetted,2C,R10REST_ASIA,mortality_million_deaths,PM2.5 mortality,MESSAGEix,63,60,55.98183,55.008390000000006,0.9734399999999965,1.7388499089793894,High-RE,1.59483889683492,High-RE,FALSE,0.14401101214446932
SCI-vetted,2C,R10REST_ASIA,mortality_million_deaths,PM2.5 mortality,POLES,22,63,66.707795,55.08901,11.618785000000003,17.417432250608798,High-RE,1.59483889683492,High-RE,FALSE,15.822593353773877
SCI-vetted,2C,R10REST_ASIA,mortality_million_deaths,PM2.5 mortality,REMIND,63,39,55.98183,52.33421,3.6476200000000034,6.51572126170224,High-RE,1.59483889683492,High-RE,FALSE,4.92088236486732
SCI-vetted,2C,R10REST_ASIA,mortality_million_deaths,PM2.5 mortality,WITCH,63,35,55.98183,60.70741,-4.725580000000001,-8.441274606421407,High-CDR,1.59483889683492,High-RE,TRUE,10.036113503256328
SCI-vetted,2C,R10REST_ASIA,total_energy_jobyears_per_1k,Employment,GCAM,63,59,170.39731810769538,272.0593399161634,101.66202180846804,59.6617499250869,High-RE,98.68552135725429,High-RE,FALSE,39.023771432167386
SCI-vetted,2C,R10REST_ASIA,total_energy_jobyears_per_1k,Employment,IMAGE,41,61,173.3293076660468,310.24207510368404,136.91276743763726,78.98996960250184,High-RE,98.68552135725429,High-RE,FALSE,19.695551754752444
SCI-vetted,2C,R10REST_ASIA,total_energy_jobyears_per_1k,Employment,MESSAGEix,63,61,170.39731810769538,419.60116406968064,249.20384596198525,146.24869025490304,High-RE,98.68552135725429,High-RE,FALSE,47.56316889764875
SCI-vetted,2C,R10REST_ASIA,total_energy_jobyears_per_1k,Employment,POLES,22,64,159.89862750688533,338.55479986105365,178.65617235416832,111.73089796938704,High-RE,98.68552135725429,High-RE,FALSE,13.045376612132756
SCI-vetted,2C,R10REST_ASIA,total_energy_jobyears_per_1k,Employment,REMIND,63,39,170.39731810769538,199.72929859727063,29.331980489575244,17.213874499501628,High-RE,98.68552135725429,High-RE,FALSE,81.47164685775266
SCI-vetted,2C,R10REST_ASIA,total_energy_jobyears_per_1k,Employment,WITCH,63,36,170.39731810769538,521.0496567624165,350.6523386547211,205.78512769379387,High-RE,98.68552135725429,High-RE,FALSE,107.09960633653958
