database,Region,amb,outcome,outcome_label,outcome_unit,lower_is_better,family,Model,project,n_cdr,n_re,median_cdr,median_re,comparable,robust,direction_coded_difference,relative_effect_pct,favours,matched_unit
Full,Aggregated R10 regions,1.5C,gap_GJ_pc,DLE gap,GJ per capita of cumulative DLE gap,TRUE,AIM,AIM/CGE V2.2,ENGAGE,1,3,44.604272313741184,41.89502176548781,TRUE,FALSE,2.7092505482533724,6.073970962236138,High-RE,AIM/CGE V2.2 | ENGAGE | 1.5C
Full,Aggregated R10 regions,1.5C,gap_GJ_pc,DLE gap,GJ per capita of cumulative DLE gap,TRUE,GCAM,GCAM 5.3,Deep,7,0,19.46006019882995,NA,FALSE,FALSE,NA,NA,NA,GCAM 5.3 | Deep | 1.5C
Full,Aggregated R10 regions,1.5C,gap_GJ_pc,DLE gap,GJ per capita of cumulative DLE gap,TRUE,GCAM,GCAM 6.0 NGFS,NGFS Phase 5,0,1,NA,25.279047006838784,FALSE,FALSE,NA,NA,NA,GCAM 6.0 NGFS | NGFS Phase 5 | 1.5C
Full,Aggregated R10 regions,1.5C,gap_GJ_pc,DLE gap,GJ per capita of cumulative DLE gap,TRUE,IMAGE,IMAGE 3.2,SSP2021,12,0,29.12306056640354,NA,FALSE,FALSE,NA,NA,NA,IMAGE 3.2 | SSP2021 | 1.5C
Full,Aggregated R10 regions,1.5C,gap_GJ_pc,DLE gap,GJ per capita of cumulative DLE gap,TRUE,IMAGE,IMAGE 3.3,GEO7,2,0,48.77730139424761,NA,FALSE,FALSE,NA,NA,NA,IMAGE 3.3 | GEO7 | 1.5C
Full,Aggregated R10 regions,1.5C,gap_GJ_pc,DLE gap,GJ per capita of cumulative DLE gap,TRUE,IMAGE,IMAGE 3.3,SHAPE,9,0,27.321843458653355,NA,FALSE,FALSE,NA,NA,NA,IMAGE 3.3 | SHAPE | 1.5C
Full,Aggregated R10 regions,1.5C,gap_GJ_pc,DLE gap,GJ per capita of cumulative DLE gap,TRUE,MESSAGEix,MESSAGEix-GLOBIOM 1.1,ENGAGE,13,0,19.357507377490258,NA,FALSE,FALSE,NA,NA,NA,MESSAGEix-GLOBIOM 1.1 | ENGAGE | 1.5C
Full,Aggregated R10 regions,1.5C,gap_GJ_pc,DLE gap,GJ per capita of cumulative DLE gap,TRUE,MESSAGEix,MESSAGEix-GLOBIOM 1.1,NGFS Phase 2,1,0,23.569095455548588,NA,FALSE,FALSE,NA,NA,NA,MESSAGEix-GLOBIOM 1.1 | NGFS Phase 2 | 1.5C
Full,Aggregated R10 regions,1.5C,gap_GJ_pc,DLE gap,GJ per capita of cumulative DLE gap,TRUE,MESSAGEix,MESSAGEix-GLOBIOM 1.2,COVID,5,0,21.956125888821525,NA,FALSE,FALSE,NA,NA,NA,MESSAGEix-GLOBIOM 1.2 | COVID | 1.5C
Full,Aggregated R10 regions,1.5C,gap_GJ_pc,DLE gap,GJ per capita of cumulative DLE gap,TRUE,MESSAGEix,MESSAGEix-GLOBIOM GEI 1.0,GEI,6,3,14.257108326003895,15.117720693280775,TRUE,TRUE,-0.8606123672768806,-6.036373909758322,High-CDR,MESSAGEix-GLOBIOM GEI 1.0 | GEI | 1.5C
Full,Aggregated R10 regions,1.5C,gap_GJ_pc,DLE gap,GJ per capita of cumulative DLE gap,TRUE,POLES,POLES-JRC ENGAGE,ENGAGE,4,1,34.28009617350072,34.96002436499173,TRUE,FALSE,-0.6799281914910082,-1.983448902971888,High-CDR,POLES-JRC ENGAGE | ENGAGE | 1.5C
Full,Aggregated R10 regions,1.5C,gap_GJ_pc,DLE gap,GJ per capita of cumulative DLE gap,TRUE,REMIND,REMIND 2.1,CEMICS,0,4,NA,18.780757206287433,FALSE,FALSE,NA,NA,NA,REMIND 2.1 | CEMICS | 1.5C
Full,Aggregated R10 regions,1.5C,gap_GJ_pc,DLE gap,GJ per capita of cumulative DLE gap,TRUE,REMIND,REMIND 2.1,R2p1,0,2,NA,14.873947814821392,FALSE,FALSE,NA,NA,NA,REMIND 2.1 | R2p1 | 1.5C
Full,Aggregated R10 regions,1.5C,gap_GJ_pc,DLE gap,GJ per capita of cumulative DLE gap,TRUE,REMIND,REMIND 3.0,ENGAGE,0,2,NA,30.379059260965736,FALSE,FALSE,NA,NA,NA,REMIND 3.0 | ENGAGE | 1.5C
Full,Aggregated R10 regions,1.5C,gap_GJ_pc,DLE gap,GJ per capita of cumulative DLE gap,TRUE,REMIND,REMIND 3.0,NAVIGATE,1,0,35.31549832227375,NA,FALSE,FALSE,NA,NA,NA,REMIND 3.0 | NAVIGATE | 1.5C
Full,Aggregated R10 regions,1.5C,gap_GJ_pc,DLE gap,GJ per capita of cumulative DLE gap,TRUE,REMIND,REMIND-Buildings 2.0,BEG,0,2,NA,27.625752339737687,FALSE,FALSE,NA,NA,NA,REMIND-Buildings 2.0 | BEG | 1.5C
Full,Aggregated R10 regions,1.5C,gap_GJ_pc,DLE gap,GJ per capita of cumulative DLE gap,TRUE,REMIND,REMIND-MAgPIE 1.7-3.0,CD,0,4,NA,13.481856685200082,FALSE,FALSE,NA,NA,NA,REMIND-MAgPIE 1.7-3.0 | CD | 1.5C
Full,Aggregated R10 regions,1.5C,gap_GJ_pc,DLE gap,GJ per capita of cumulative DLE gap,TRUE,REMIND,REMIND-MAgPIE 1.7-3.0,COMMIT,0,3,NA,12.719105028595338,FALSE,FALSE,NA,NA,NA,REMIND-MAgPIE 1.7-3.0 | COMMIT | 1.5C
Full,Aggregated R10 regions,1.5C,gap_GJ_pc,DLE gap,GJ per capita of cumulative DLE gap,TRUE,REMIND,REMIND-MAgPIE 1.7-3.0,PEP,0,13,NA,13.6950749435597,FALSE,FALSE,NA,NA,NA,REMIND-MAgPIE 1.7-3.0 | PEP | 1.5C
Full,Aggregated R10 regions,1.5C,gap_GJ_pc,DLE gap,GJ per capita of cumulative DLE gap,TRUE,REMIND,REMIND-MAgPIE 2.1-4.2,CEMICS,0,3,NA,20.837595007738063,FALSE,FALSE,NA,NA,NA,REMIND-MAgPIE 2.1-4.2 | CEMICS | 1.5C
Full,Aggregated R10 regions,1.5C,gap_GJ_pc,DLE gap,GJ per capita of cumulative DLE gap,TRUE,REMIND,REMIND-MAgPIE 2.1-4.2,ENGAGE,0,19,NA,18.10847593275085,FALSE,FALSE,NA,NA,NA,REMIND-MAgPIE 2.1-4.2 | ENGAGE | 1.5C
Full,Aggregated R10 regions,1.5C,gap_GJ_pc,DLE gap,GJ per capita of cumulative DLE gap,TRUE,REMIND,REMIND-MAgPIE 2.1-4.2,SusDev,0,2,NA,18.184442234500562,FALSE,FALSE,NA,NA,NA,REMIND-MAgPIE 2.1-4.2 | SusDev | 1.5C
Full,Aggregated R10 regions,1.5C,gap_GJ_pc,DLE gap,GJ per capita of cumulative DLE gap,TRUE,REMIND,REMIND-MAgPIE 2.1-4.3,DeepElectrification,0,1,NA,22.583906728298658,FALSE,FALSE,NA,NA,NA,REMIND-MAgPIE 2.1-4.3 | DeepElectrification | 1.5C
Full,Aggregated R10 regions,1.5C,gap_GJ_pc,DLE gap,GJ per capita of cumulative DLE gap,TRUE,REMIND,REMIND-MAgPIE 3.2.0-4.8.0,RESCUE,0,3,NA,19.41182776918485,FALSE,FALSE,NA,NA,NA,REMIND-MAgPIE 3.2.0-4.8.0 | RESCUE | 1.5C
Full,Aggregated R10 regions,1.5C,gap_GJ_pc,DLE gap,GJ per capita of cumulative DLE gap,TRUE,REMIND,REMIND-MAgPIE 3.3-4.8,NGFS Phase 5,0,1,NA,27.74007785374581,FALSE,FALSE,NA,NA,NA,REMIND-MAgPIE 3.3-4.8 | NGFS Phase 5 | 1.5C
Full,Aggregated R10 regions,1.5C,gap_GJ_pc,DLE gap,GJ per capita of cumulative DLE gap,TRUE,WITCH,WITCH 5.0,ENGAGE,6,0,74.10233263800546,NA,FALSE,FALSE,NA,NA,NA,WITCH 5.0 | ENGAGE | 1.5C
Full,Aggregated R10 regions,1.5C,headcount_pct,Deprived share,population-year-weighted mean % below the DLE threshold,TRUE,AIM,AIM/CGE V2.2,ENGAGE,1,3,13.242193834081949,12.438604453756437,TRUE,FALSE,0.8035893803255121,6.068400677365731,High-RE,AIM/CGE V2.2 | ENGAGE | 1.5C
Full,Aggregated R10 regions,1.5C,headcount_pct,Deprived share,population-year-weighted mean % below the DLE threshold,TRUE,GCAM,GCAM 5.3,Deep,7,0,4.769505163657984,NA,FALSE,FALSE,NA,NA,NA,GCAM 5.3 | Deep | 1.5C
Full,Aggregated R10 regions,1.5C,headcount_pct,Deprived share,population-year-weighted mean % below the DLE threshold,TRUE,GCAM,GCAM 6.0 NGFS,NGFS Phase 5,0,1,NA,6.472583454576963,FALSE,FALSE,NA,NA,NA,GCAM 6.0 NGFS | NGFS Phase 5 | 1.5C
Full,Aggregated R10 regions,1.5C,headcount_pct,Deprived share,population-year-weighted mean % below the DLE threshold,TRUE,IMAGE,IMAGE 3.2,SSP2021,12,0,7.62785270204385,NA,FALSE,FALSE,NA,NA,NA,IMAGE 3.2 | SSP2021 | 1.5C
Full,Aggregated R10 regions,1.5C,headcount_pct,Deprived share,population-year-weighted mean % below the DLE threshold,TRUE,IMAGE,IMAGE 3.3,GEO7,2,0,14.084017724057407,NA,FALSE,FALSE,NA,NA,NA,IMAGE 3.3 | GEO7 | 1.5C
Full,Aggregated R10 regions,1.5C,headcount_pct,Deprived share,population-year-weighted mean % below the DLE threshold,TRUE,IMAGE,IMAGE 3.3,SHAPE,9,0,7.356316901233129,NA,FALSE,FALSE,NA,NA,NA,IMAGE 3.3 | SHAPE | 1.5C
Full,Aggregated R10 regions,1.5C,headcount_pct,Deprived share,population-year-weighted mean % below the DLE threshold,TRUE,MESSAGEix,MESSAGEix-GLOBIOM 1.1,ENGAGE,13,0,5.137773740643114,NA,FALSE,FALSE,NA,NA,NA,MESSAGEix-GLOBIOM 1.1 | ENGAGE | 1.5C
Full,Aggregated R10 regions,1.5C,headcount_pct,Deprived share,population-year-weighted mean % below the DLE threshold,TRUE,MESSAGEix,MESSAGEix-GLOBIOM 1.1,NGFS Phase 2,1,0,5.940368406445992,NA,FALSE,FALSE,NA,NA,NA,MESSAGEix-GLOBIOM 1.1 | NGFS Phase 2 | 1.5C
Full,Aggregated R10 regions,1.5C,headcount_pct,Deprived share,population-year-weighted mean % below the DLE threshold,TRUE,MESSAGEix,MESSAGEix-GLOBIOM 1.2,COVID,5,0,5.709272799587488,NA,FALSE,FALSE,NA,NA,NA,MESSAGEix-GLOBIOM 1.2 | COVID | 1.5C
Full,Aggregated R10 regions,1.5C,headcount_pct,Deprived share,population-year-weighted mean % below the DLE threshold,TRUE,MESSAGEix,MESSAGEix-GLOBIOM GEI 1.0,GEI,6,3,3.62163332639071,3.825128283544173,TRUE,TRUE,-0.20349495715346277,-5.618872448257046,High-CDR,MESSAGEix-GLOBIOM GEI 1.0 | GEI | 1.5C
Full,Aggregated R10 regions,1.5C,headcount_pct,Deprived share,population-year-weighted mean % below the DLE threshold,TRUE,POLES,POLES-JRC ENGAGE,ENGAGE,4,1,9.637512368937042,8.52563208216174,TRUE,FALSE,1.1118802867753015,11.537005030043195,High-RE,POLES-JRC ENGAGE | ENGAGE | 1.5C
Full,Aggregated R10 regions,1.5C,headcount_pct,Deprived share,population-year-weighted mean % below the DLE threshold,TRUE,REMIND,REMIND 2.1,CEMICS,0,4,NA,4.872380461097679,FALSE,FALSE,NA,NA,NA,REMIND 2.1 | CEMICS | 1.5C
Full,Aggregated R10 regions,1.5C,headcount_pct,Deprived share,population-year-weighted mean % below the DLE threshold,TRUE,REMIND,REMIND 2.1,R2p1,0,2,NA,3.8069123778982075,FALSE,FALSE,NA,NA,NA,REMIND 2.1 | R2p1 | 1.5C
Full,Aggregated R10 regions,1.5C,headcount_pct,Deprived share,population-year-weighted mean % below the DLE threshold,TRUE,REMIND,REMIND 3.0,ENGAGE,0,2,NA,7.564119489996754,FALSE,FALSE,NA,NA,NA,REMIND 3.0 | ENGAGE | 1.5C
Full,Aggregated R10 regions,1.5C,headcount_pct,Deprived share,population-year-weighted mean % below the DLE threshold,TRUE,REMIND,REMIND 3.0,NAVIGATE,1,0,9.779781873561776,NA,FALSE,FALSE,NA,NA,NA,REMIND 3.0 | NAVIGATE | 1.5C
Full,Aggregated R10 regions,1.5C,headcount_pct,Deprived share,population-year-weighted mean % below the DLE threshold,TRUE,REMIND,REMIND-Buildings 2.0,BEG,0,2,NA,6.149378913384817,FALSE,FALSE,NA,NA,NA,REMIND-Buildings 2.0 | BEG | 1.5C
Full,Aggregated R10 regions,1.5C,headcount_pct,Deprived share,population-year-weighted mean % below the DLE threshold,TRUE,REMIND,REMIND-MAgPIE 1.7-3.0,CD,0,4,NA,3.553287359949456,FALSE,FALSE,NA,NA,NA,REMIND-MAgPIE 1.7-3.0 | CD | 1.5C
Full,Aggregated R10 regions,1.5C,headcount_pct,Deprived share,population-year-weighted mean % below the DLE threshold,TRUE,REMIND,REMIND-MAgPIE 1.7-3.0,COMMIT,0,3,NA,3.38653972816759,FALSE,FALSE,NA,NA,NA,REMIND-MAgPIE 1.7-3.0 | COMMIT | 1.5C
Full,Aggregated R10 regions,1.5C,headcount_pct,Deprived share,population-year-weighted mean % below the DLE threshold,TRUE,REMIND,REMIND-MAgPIE 1.7-3.0,PEP,0,13,NA,3.723072466426664,FALSE,FALSE,NA,NA,NA,REMIND-MAgPIE 1.7-3.0 | PEP | 1.5C
Full,Aggregated R10 regions,1.5C,headcount_pct,Deprived share,population-year-weighted mean % below the DLE threshold,TRUE,REMIND,REMIND-MAgPIE 2.1-4.2,CEMICS,0,3,NA,5.558393240252902,FALSE,FALSE,NA,NA,NA,REMIND-MAgPIE 2.1-4.2 | CEMICS | 1.5C
Full,Aggregated R10 regions,1.5C,headcount_pct,Deprived share,population-year-weighted mean % below the DLE threshold,TRUE,REMIND,REMIND-MAgPIE 2.1-4.2,ENGAGE,0,19,NA,4.6127644092113185,FALSE,FALSE,NA,NA,NA,REMIND-MAgPIE 2.1-4.2 | ENGAGE | 1.5C
Full,Aggregated R10 regions,1.5C,headcount_pct,Deprived share,population-year-weighted mean % below the DLE threshold,TRUE,REMIND,REMIND-MAgPIE 2.1-4.2,SusDev,0,2,NA,5.005568744312942,FALSE,FALSE,NA,NA,NA,REMIND-MAgPIE 2.1-4.2 | SusDev | 1.5C
Full,Aggregated R10 regions,1.5C,headcount_pct,Deprived share,population-year-weighted mean % below the DLE threshold,TRUE,REMIND,REMIND-MAgPIE 2.1-4.3,DeepElectrification,0,1,NA,6.456037677173781,FALSE,FALSE,NA,NA,NA,REMIND-MAgPIE 2.1-4.3 | DeepElectrification | 1.5C
Full,Aggregated R10 regions,1.5C,headcount_pct,Deprived share,population-year-weighted mean % below the DLE threshold,TRUE,REMIND,REMIND-MAgPIE 3.2.0-4.8.0,RESCUE,0,3,NA,5.02612927009459,FALSE,FALSE,NA,NA,NA,REMIND-MAgPIE 3.2.0-4.8.0 | RESCUE | 1.5C
Full,Aggregated R10 regions,1.5C,headcount_pct,Deprived share,population-year-weighted mean % below the DLE threshold,TRUE,REMIND,REMIND-MAgPIE 3.3-4.8,NGFS Phase 5,0,1,NA,7.238107545580679,FALSE,FALSE,NA,NA,NA,REMIND-MAgPIE 3.3-4.8 | NGFS Phase 5 | 1.5C
Full,Aggregated R10 regions,1.5C,headcount_pct,Deprived share,population-year-weighted mean % below the DLE threshold,TRUE,WITCH,WITCH 5.0,ENGAGE,6,0,19.244593001732436,NA,FALSE,FALSE,NA,NA,NA,WITCH 5.0 | ENGAGE | 1.5C
Full,Aggregated R10 regions,1.5C,mortality_million_deaths,PM2.5 mortality,million cumulative PM2.5-attributable deaths,TRUE,AIM,AIM/CGE V2.2,ENGAGE,1,0,414.809565,NA,FALSE,FALSE,NA,NA,NA,AIM/CGE V2.2 | ENGAGE | 1.5C
Full,Aggregated R10 regions,1.5C,mortality_million_deaths,PM2.5 mortality,million cumulative PM2.5-attributable deaths,TRUE,GCAM,GCAM 6.0 NGFS,NGFS Phase 5,0,1,NA,443.68606,FALSE,FALSE,NA,NA,NA,GCAM 6.0 NGFS | NGFS Phase 5 | 1.5C
Full,Aggregated R10 regions,1.5C,mortality_million_deaths,PM2.5 mortality,million cumulative PM2.5-attributable deaths,TRUE,IMAGE,IMAGE 3.2,SSP2021,12,0,485.09257,NA,FALSE,FALSE,NA,NA,NA,IMAGE 3.2 | SSP2021 | 1.5C
Full,Aggregated R10 regions,1.5C,mortality_million_deaths,PM2.5 mortality,million cumulative PM2.5-attributable deaths,TRUE,IMAGE,IMAGE 3.3,GEO7,2,0,452.1357575,NA,FALSE,FALSE,NA,NA,NA,IMAGE 3.3 | GEO7 | 1.5C
Full,Aggregated R10 regions,1.5C,mortality_million_deaths,PM2.5 mortality,million cumulative PM2.5-attributable deaths,TRUE,IMAGE,IMAGE 3.3,SHAPE,9,0,471.418065,NA,FALSE,FALSE,NA,NA,NA,IMAGE 3.3 | SHAPE | 1.5C
Full,Aggregated R10 regions,1.5C,mortality_million_deaths,PM2.5 mortality,million cumulative PM2.5-attributable deaths,TRUE,MESSAGEix,MESSAGEix-GLOBIOM 1.1,ENGAGE,11,0,420.491735,NA,FALSE,FALSE,NA,NA,NA,MESSAGEix-GLOBIOM 1.1 | ENGAGE | 1.5C
Full,Aggregated R10 regions,1.5C,mortality_million_deaths,PM2.5 mortality,million cumulative PM2.5-attributable deaths,TRUE,MESSAGEix,MESSAGEix-GLOBIOM 1.1,NGFS Phase 2,1,0,423.65872,NA,FALSE,FALSE,NA,NA,NA,MESSAGEix-GLOBIOM 1.1 | NGFS Phase 2 | 1.5C
Full,Aggregated R10 regions,1.5C,mortality_million_deaths,PM2.5 mortality,million cumulative PM2.5-attributable deaths,TRUE,MESSAGEix,MESSAGEix-GLOBIOM 1.2,COVID,5,0,418.628815,NA,FALSE,FALSE,NA,NA,NA,MESSAGEix-GLOBIOM 1.2 | COVID | 1.5C
Full,Aggregated R10 regions,1.5C,mortality_million_deaths,PM2.5 mortality,million cumulative PM2.5-attributable deaths,TRUE,MESSAGEix,MESSAGEix-GLOBIOM GEI 1.0,GEI,6,3,433.74289999999996,414.700365,TRUE,TRUE,19.042534999999987,4.3902816622473795,High-RE,MESSAGEix-GLOBIOM GEI 1.0 | GEI | 1.5C
Full,Aggregated R10 regions,1.5C,mortality_million_deaths,PM2.5 mortality,million cumulative PM2.5-attributable deaths,TRUE,POLES,POLES-JRC ENGAGE,ENGAGE,4,0,390.3081075,NA,FALSE,FALSE,NA,NA,NA,POLES-JRC ENGAGE | ENGAGE | 1.5C
Full,Aggregated R10 regions,1.5C,mortality_million_deaths,PM2.5 mortality,million cumulative PM2.5-attributable deaths,TRUE,REMIND,REMIND 2.1,R2p1,0,2,NA,410.176655,FALSE,FALSE,NA,NA,NA,REMIND 2.1 | R2p1 | 1.5C
Full,Aggregated R10 regions,1.5C,mortality_million_deaths,PM2.5 mortality,million cumulative PM2.5-attributable deaths,TRUE,REMIND,REMIND-Buildings 2.0,BEG,0,2,NA,417.03394000000003,FALSE,FALSE,NA,NA,NA,REMIND-Buildings 2.0 | BEG | 1.5C
Full,Aggregated R10 regions,1.5C,mortality_million_deaths,PM2.5 mortality,million cumulative PM2.5-attributable deaths,TRUE,REMIND,REMIND-MAgPIE 1.7-3.0,CD,0,4,NA,441.78067,FALSE,FALSE,NA,NA,NA,REMIND-MAgPIE 1.7-3.0 | CD | 1.5C
Full,Aggregated R10 regions,1.5C,mortality_million_deaths,PM2.5 mortality,million cumulative PM2.5-attributable deaths,TRUE,REMIND,REMIND-MAgPIE 1.7-3.0,COMMIT,0,3,NA,440.058145,FALSE,FALSE,NA,NA,NA,REMIND-MAgPIE 1.7-3.0 | COMMIT | 1.5C
Full,Aggregated R10 regions,1.5C,mortality_million_deaths,PM2.5 mortality,million cumulative PM2.5-attributable deaths,TRUE,REMIND,REMIND-MAgPIE 1.7-3.0,PEP,0,13,NA,430.661875,FALSE,FALSE,NA,NA,NA,REMIND-MAgPIE 1.7-3.0 | PEP | 1.5C
Full,Aggregated R10 regions,1.5C,mortality_million_deaths,PM2.5 mortality,million cumulative PM2.5-attributable deaths,TRUE,REMIND,REMIND-MAgPIE 2.1-4.2,ENGAGE,0,19,NA,416.117865,FALSE,FALSE,NA,NA,NA,REMIND-MAgPIE 2.1-4.2 | ENGAGE | 1.5C
Full,Aggregated R10 regions,1.5C,mortality_million_deaths,PM2.5 mortality,million cumulative PM2.5-attributable deaths,TRUE,REMIND,REMIND-MAgPIE 2.1-4.2,SusDev,0,2,NA,405.18654749999996,FALSE,FALSE,NA,NA,NA,REMIND-MAgPIE 2.1-4.2 | SusDev | 1.5C
Full,Aggregated R10 regions,1.5C,mortality_million_deaths,PM2.5 mortality,million cumulative PM2.5-attributable deaths,TRUE,REMIND,REMIND-MAgPIE 2.1-4.3,DeepElectrification,0,1,NA,400.847605,FALSE,FALSE,NA,NA,NA,REMIND-MAgPIE 2.1-4.3 | DeepElectrification | 1.5C
Full,Aggregated R10 regions,1.5C,mortality_million_deaths,PM2.5 mortality,million cumulative PM2.5-attributable deaths,TRUE,REMIND,REMIND-MAgPIE 3.2.0-4.8.0,RESCUE,0,3,NA,410.709315,FALSE,FALSE,NA,NA,NA,REMIND-MAgPIE 3.2.0-4.8.0 | RESCUE | 1.5C
Full,Aggregated R10 regions,1.5C,mortality_million_deaths,PM2.5 mortality,million cumulative PM2.5-attributable deaths,TRUE,REMIND,REMIND-MAgPIE 3.3-4.8,NGFS Phase 5,0,1,NA,412.991225,FALSE,FALSE,NA,NA,NA,REMIND-MAgPIE 3.3-4.8 | NGFS Phase 5 | 1.5C
Full,Aggregated R10 regions,1.5C,mortality_million_deaths,PM2.5 mortality,million cumulative PM2.5-attributable deaths,TRUE,WITCH,WITCH 5.0,ENGAGE,6,0,421.55897000000004,NA,FALSE,FALSE,NA,NA,NA,WITCH 5.0 | ENGAGE | 1.5C
Full,Aggregated R10 regions,1.5C,total_energy_jobyears_per_1k,Employment,"total energy-sector job-years per 1,000 people",FALSE,AIM,AIM/CGE V2.2,ENGAGE,1,3,547.3960570107322,427.7854205293323,TRUE,FALSE,-119.61063648139987,-21.850839981307136,High-CDR,AIM/CGE V2.2 | ENGAGE | 1.5C
Full,Aggregated R10 regions,1.5C,total_energy_jobyears_per_1k,Employment,"total energy-sector job-years per 1,000 people",FALSE,GCAM,GCAM 6.0 NGFS,NGFS Phase 5,0,1,NA,638.7279222248432,FALSE,FALSE,NA,NA,NA,GCAM 6.0 NGFS | NGFS Phase 5 | 1.5C
Full,Aggregated R10 regions,1.5C,total_energy_jobyears_per_1k,Employment,"total energy-sector job-years per 1,000 people",FALSE,IMAGE,IMAGE 3.2,SSP2021,12,0,459.3214241153022,NA,FALSE,FALSE,NA,NA,NA,IMAGE 3.2 | SSP2021 | 1.5C
Full,Aggregated R10 regions,1.5C,total_energy_jobyears_per_1k,Employment,"total energy-sector job-years per 1,000 people",FALSE,IMAGE,IMAGE 3.3,SHAPE,9,0,342.4417888475211,NA,FALSE,FALSE,NA,NA,NA,IMAGE 3.3 | SHAPE | 1.5C
Full,Aggregated R10 regions,1.5C,total_energy_jobyears_per_1k,Employment,"total energy-sector job-years per 1,000 people",FALSE,MESSAGEix,MESSAGEix-GLOBIOM 1.1,ENGAGE,13,0,295.36125574465535,NA,FALSE,FALSE,NA,NA,NA,MESSAGEix-GLOBIOM 1.1 | ENGAGE | 1.5C
Full,Aggregated R10 regions,1.5C,total_energy_jobyears_per_1k,Employment,"total energy-sector job-years per 1,000 people",FALSE,MESSAGEix,MESSAGEix-GLOBIOM 1.1,NGFS Phase 2,1,0,280.35332609246854,NA,FALSE,FALSE,NA,NA,NA,MESSAGEix-GLOBIOM 1.1 | NGFS Phase 2 | 1.5C
Full,Aggregated R10 regions,1.5C,total_energy_jobyears_per_1k,Employment,"total energy-sector job-years per 1,000 people",FALSE,MESSAGEix,MESSAGEix-GLOBIOM 1.2,COVID,5,0,2.913626479053122,NA,FALSE,FALSE,NA,NA,NA,MESSAGEix-GLOBIOM 1.2 | COVID | 1.5C
Full,Aggregated R10 regions,1.5C,total_energy_jobyears_per_1k,Employment,"total energy-sector job-years per 1,000 people",FALSE,MESSAGEix,MESSAGEix-GLOBIOM GEI 1.0,GEI,6,3,389.9821332528713,440.3862565281169,TRUE,TRUE,50.40412327524564,12.924726282925048,High-RE,MESSAGEix-GLOBIOM GEI 1.0 | GEI | 1.5C
Full,Aggregated R10 regions,1.5C,total_energy_jobyears_per_1k,Employment,"total energy-sector job-years per 1,000 people",FALSE,POLES,POLES-JRC ENGAGE,ENGAGE,4,1,446.30488831787466,456.12463062796354,TRUE,FALSE,9.819742310088884,2.200231852064077,High-RE,POLES-JRC ENGAGE | ENGAGE | 1.5C
Full,Aggregated R10 regions,1.5C,total_energy_jobyears_per_1k,Employment,"total energy-sector job-years per 1,000 people",FALSE,REMIND,REMIND 2.1,CEMICS,0,4,NA,923.1428348003412,FALSE,FALSE,NA,NA,NA,REMIND 2.1 | CEMICS | 1.5C
Full,Aggregated R10 regions,1.5C,total_energy_jobyears_per_1k,Employment,"total energy-sector job-years per 1,000 people",FALSE,REMIND,REMIND 2.1,R2p1,0,2,NA,757.322860540341,FALSE,FALSE,NA,NA,NA,REMIND 2.1 | R2p1 | 1.5C
Full,Aggregated R10 regions,1.5C,total_energy_jobyears_per_1k,Employment,"total energy-sector job-years per 1,000 people",FALSE,REMIND,REMIND 3.0,ENGAGE,0,2,NA,523.1021012943252,FALSE,FALSE,NA,NA,NA,REMIND 3.0 | ENGAGE | 1.5C
Full,Aggregated R10 regions,1.5C,total_energy_jobyears_per_1k,Employment,"total energy-sector job-years per 1,000 people",FALSE,REMIND,REMIND 3.0,NAVIGATE,1,0,369.0978178339944,NA,FALSE,FALSE,NA,NA,NA,REMIND 3.0 | NAVIGATE | 1.5C
Full,Aggregated R10 regions,1.5C,total_energy_jobyears_per_1k,Employment,"total energy-sector job-years per 1,000 people",FALSE,REMIND,REMIND-Buildings 2.0,BEG,0,2,NA,795.1956797199126,FALSE,FALSE,NA,NA,NA,REMIND-Buildings 2.0 | BEG | 1.5C
Full,Aggregated R10 regions,1.5C,total_energy_jobyears_per_1k,Employment,"total energy-sector job-years per 1,000 people",FALSE,REMIND,REMIND-MAgPIE 1.7-3.0,CD,0,4,NA,772.3389589594475,FALSE,FALSE,NA,NA,NA,REMIND-MAgPIE 1.7-3.0 | CD | 1.5C
Full,Aggregated R10 regions,1.5C,total_energy_jobyears_per_1k,Employment,"total energy-sector job-years per 1,000 people",FALSE,REMIND,REMIND-MAgPIE 1.7-3.0,COMMIT,0,3,NA,726.6588313199819,FALSE,FALSE,NA,NA,NA,REMIND-MAgPIE 1.7-3.0 | COMMIT | 1.5C
Full,Aggregated R10 regions,1.5C,total_energy_jobyears_per_1k,Employment,"total energy-sector job-years per 1,000 people",FALSE,REMIND,REMIND-MAgPIE 1.7-3.0,PEP,0,13,NA,803.5691107558773,FALSE,FALSE,NA,NA,NA,REMIND-MAgPIE 1.7-3.0 | PEP | 1.5C
Full,Aggregated R10 regions,1.5C,total_energy_jobyears_per_1k,Employment,"total energy-sector job-years per 1,000 people",FALSE,REMIND,REMIND-MAgPIE 2.1-4.2,CEMICS,0,3,NA,740.0776022524219,FALSE,FALSE,NA,NA,NA,REMIND-MAgPIE 2.1-4.2 | CEMICS | 1.5C
Full,Aggregated R10 regions,1.5C,total_energy_jobyears_per_1k,Employment,"total energy-sector job-years per 1,000 people",FALSE,REMIND,REMIND-MAgPIE 2.1-4.2,ENGAGE,0,19,NA,826.1326524680669,FALSE,FALSE,NA,NA,NA,REMIND-MAgPIE 2.1-4.2 | ENGAGE | 1.5C
Full,Aggregated R10 regions,1.5C,total_energy_jobyears_per_1k,Employment,"total energy-sector job-years per 1,000 people",FALSE,REMIND,REMIND-MAgPIE 2.1-4.2,SusDev,0,2,NA,610.6272212421248,FALSE,FALSE,NA,NA,NA,REMIND-MAgPIE 2.1-4.2 | SusDev | 1.5C
Full,Aggregated R10 regions,1.5C,total_energy_jobyears_per_1k,Employment,"total energy-sector job-years per 1,000 people",FALSE,REMIND,REMIND-MAgPIE 2.1-4.3,DeepElectrification,0,1,NA,794.9548484829987,FALSE,FALSE,NA,NA,NA,REMIND-MAgPIE 2.1-4.3 | DeepElectrification | 1.5C
Full,Aggregated R10 regions,1.5C,total_energy_jobyears_per_1k,Employment,"total energy-sector job-years per 1,000 people",FALSE,REMIND,REMIND-MAgPIE 3.2.0-4.8.0,RESCUE,0,3,NA,712.2752291017148,FALSE,FALSE,NA,NA,NA,REMIND-MAgPIE 3.2.0-4.8.0 | RESCUE | 1.5C
Full,Aggregated R10 regions,1.5C,total_energy_jobyears_per_1k,Employment,"total energy-sector job-years per 1,000 people",FALSE,REMIND,REMIND-MAgPIE 3.3-4.8,NGFS Phase 5,0,1,NA,557.7723386894081,FALSE,FALSE,NA,NA,NA,REMIND-MAgPIE 3.3-4.8 | NGFS Phase 5 | 1.5C
Full,Aggregated R10 regions,1.5C,total_energy_jobyears_per_1k,Employment,"total energy-sector job-years per 1,000 people",FALSE,WITCH,WITCH 5.0,ENGAGE,6,0,443.8990093973391,NA,FALSE,FALSE,NA,NA,NA,WITCH 5.0 | ENGAGE | 1.5C
Full,Aggregated R10 regions,2C,gap_GJ_pc,DLE gap,GJ per capita of cumulative DLE gap,TRUE,AIM,AIM/CGE V2.2,ENGAGE,20,11,38.65480930411022,40.97084835565156,TRUE,TRUE,-2.3160390515413383,-5.991593525453172,High-CDR,AIM/CGE V2.2 | ENGAGE | 2C
Full,Aggregated R10 regions,2C,gap_GJ_pc,DLE gap,GJ per capita of cumulative DLE gap,TRUE,GCAM,GCAM 5.3,Deep,23,0,17.22493804296657,NA,FALSE,FALSE,NA,NA,NA,GCAM 5.3 | Deep | 2C
Full,Aggregated R10 regions,2C,gap_GJ_pc,DLE gap,GJ per capita of cumulative DLE gap,TRUE,GCAM,GCAM 6.0 NGFS,NGFS Phase 5,0,4,NA,20.2522837602978,FALSE,FALSE,NA,NA,NA,GCAM 6.0 NGFS | NGFS Phase 5 | 2C
Full,Aggregated R10 regions,2C,gap_GJ_pc,DLE gap,GJ per capita of cumulative DLE gap,TRUE,GCAM,GCAM 7.0,IAM,3,0,16.504504633250672,NA,FALSE,FALSE,NA,NA,NA,GCAM 7.0 | IAM | 2C
Full,Aggregated R10 regions,2C,gap_GJ_pc,DLE gap,GJ per capita of cumulative DLE gap,TRUE,IMAGE,IMAGE 3.0,COMMIT,0,0,NA,NA,FALSE,FALSE,NA,NA,NA,IMAGE 3.0 | COMMIT | 2C
Full,Aggregated R10 regions,2C,gap_GJ_pc,DLE gap,GJ per capita of cumulative DLE gap,TRUE,IMAGE,IMAGE 3.0,ENGAGE,20,0,21.92570534805207,NA,FALSE,FALSE,NA,NA,NA,IMAGE 3.0 | ENGAGE | 2C
Full,Aggregated R10 regions,2C,gap_GJ_pc,DLE gap,GJ per capita of cumulative DLE gap,TRUE,IMAGE,IMAGE 3.2,ENGAGE,9,0,26.336725292883568,NA,FALSE,FALSE,NA,NA,NA,IMAGE 3.2 | ENGAGE | 2C
Full,Aggregated R10 regions,2C,gap_GJ_pc,DLE gap,GJ per capita of cumulative DLE gap,TRUE,IMAGE,IMAGE 3.2,SSP2021,8,2,25.547956359873908,21.257673794123516,TRUE,FALSE,4.290282565750392,16.793055794039123,High-RE,IMAGE 3.2 | SSP2021 | 2C
Full,Aggregated R10 regions,2C,gap_GJ_pc,DLE gap,GJ per capita of cumulative DLE gap,TRUE,IMAGE,IMAGE 3.3,NAVIGATE,8,0,34.94578675806156,NA,FALSE,FALSE,NA,NA,NA,IMAGE 3.3 | NAVIGATE | 2C
Full,Aggregated R10 regions,2C,gap_GJ_pc,DLE gap,GJ per capita of cumulative DLE gap,TRUE,MESSAGEix,MESSAGEix-GLOBIOM 1.1,ENGAGE,62,20,15.731606503059979,14.664349674737856,TRUE,TRUE,1.0672568283221224,6.7841566474125115,High-RE,MESSAGEix-GLOBIOM 1.1 | ENGAGE | 2C
Full,Aggregated R10 regions,2C,gap_GJ_pc,DLE gap,GJ per capita of cumulative DLE gap,TRUE,MESSAGEix,MESSAGEix-GLOBIOM 1.1,NGFS Phase 2,1,1,19.43811989015236,20.062186547614676,TRUE,FALSE,-0.6240666574623148,-3.210529932879343,High-CDR,MESSAGEix-GLOBIOM 1.1 | NGFS Phase 2 | 2C
Full,Aggregated R10 regions,2C,gap_GJ_pc,DLE gap,GJ per capita of cumulative DLE gap,TRUE,MESSAGEix,MESSAGEix-GLOBIOM 1.2,COVID,5,0,16.49569630082048,NA,FALSE,FALSE,NA,NA,NA,MESSAGEix-GLOBIOM 1.2 | COVID | 2C
Full,Aggregated R10 regions,2C,gap_GJ_pc,DLE gap,GJ per capita of cumulative DLE gap,TRUE,MESSAGEix,MESSAGEix-GLOBIOM 2.0-M-R12-NGFS,NGFS Phase 5,0,2,NA,33.68405694164043,FALSE,FALSE,NA,NA,NA,MESSAGEix-GLOBIOM 2.0-M-R12-NGFS | NGFS Phase 5 | 2C
Full,Aggregated R10 regions,2C,gap_GJ_pc,DLE gap,GJ per capita of cumulative DLE gap,TRUE,MESSAGEix,MESSAGEix-GLOBIOM GEI 1.0,GEI,6,1,13.258071658158634,14.282361036305808,TRUE,FALSE,-1.0242893781471736,-7.725779468968668,High-CDR,MESSAGEix-GLOBIOM GEI 1.0 | GEI | 2C
Full,Aggregated R10 regions,2C,gap_GJ_pc,DLE gap,GJ per capita of cumulative DLE gap,TRUE,POLES,POLES-JRC ENGAGE,ENGAGE,56,8,27.896491010426224,30.532512808929326,TRUE,TRUE,-2.6360217985031014,-9.449295244759982,High-CDR,POLES-JRC ENGAGE | ENGAGE | 2C
Full,Aggregated R10 regions,2C,gap_GJ_pc,DLE gap,GJ per capita of cumulative DLE gap,TRUE,REMIND,REMIND 2.1,CEMICS,0,5,NA,15.781682886898004,FALSE,FALSE,NA,NA,NA,REMIND 2.1 | CEMICS | 2C
Full,Aggregated R10 regions,2C,gap_GJ_pc,DLE gap,GJ per capita of cumulative DLE gap,TRUE,REMIND,REMIND 2.1,LeastTotalCost,0,11,NA,16.73556411940675,FALSE,FALSE,NA,NA,NA,REMIND 2.1 | LeastTotalCost | 2C
Full,Aggregated R10 regions,2C,gap_GJ_pc,DLE gap,GJ per capita of cumulative DLE gap,TRUE,REMIND,REMIND 2.1,R2p1,0,8,NA,14.087747542590055,FALSE,FALSE,NA,NA,NA,REMIND 2.1 | R2p1 | 2C
Full,Aggregated R10 regions,2C,gap_GJ_pc,DLE gap,GJ per capita of cumulative DLE gap,TRUE,REMIND,REMIND 2.1,TechCost,0,9,NA,16.18665800089918,FALSE,FALSE,NA,NA,NA,REMIND 2.1 | TechCost | 2C
Full,Aggregated R10 regions,2C,gap_GJ_pc,DLE gap,GJ per capita of cumulative DLE gap,TRUE,REMIND,REMIND 3.0,ENGAGE,0,14,NA,22.21998078397992,FALSE,FALSE,NA,NA,NA,REMIND 3.0 | ENGAGE | 2C
Full,Aggregated R10 regions,2C,gap_GJ_pc,DLE gap,GJ per capita of cumulative DLE gap,TRUE,REMIND,REMIND 3.0,NAVIGATE,0,7,NA,22.159360193686226,FALSE,FALSE,NA,NA,NA,REMIND 3.0 | NAVIGATE | 2C
Full,Aggregated R10 regions,2C,gap_GJ_pc,DLE gap,GJ per capita of cumulative DLE gap,TRUE,REMIND,REMIND-MAgPIE 1.7-3.0,CD,0,5,NA,10.475629484989309,FALSE,FALSE,NA,NA,NA,REMIND-MAgPIE 1.7-3.0 | CD | 2C
Full,Aggregated R10 regions,2C,gap_GJ_pc,DLE gap,GJ per capita of cumulative DLE gap,TRUE,REMIND,REMIND-MAgPIE 1.7-3.0,COMMIT,0,4,NA,10.107228702520862,FALSE,FALSE,NA,NA,NA,REMIND-MAgPIE 1.7-3.0 | COMMIT | 2C
Full,Aggregated R10 regions,2C,gap_GJ_pc,DLE gap,GJ per capita of cumulative DLE gap,TRUE,REMIND,REMIND-MAgPIE 1.7-3.0,PEP,0,5,NA,10.250371884198955,FALSE,FALSE,NA,NA,NA,REMIND-MAgPIE 1.7-3.0 | PEP | 2C
Full,Aggregated R10 regions,2C,gap_GJ_pc,DLE gap,GJ per capita of cumulative DLE gap,TRUE,REMIND,REMIND-MAgPIE 2.0-4.1,Diff,0,0,NA,NA,FALSE,FALSE,NA,NA,NA,REMIND-MAgPIE 2.0-4.1 | Diff | 2C
Full,Aggregated R10 regions,2C,gap_GJ_pc,DLE gap,GJ per capita of cumulative DLE gap,TRUE,REMIND,REMIND-MAgPIE 2.1-4.2,CEMICS,0,3,NA,15.569233690543465,FALSE,FALSE,NA,NA,NA,REMIND-MAgPIE 2.1-4.2 | CEMICS | 2C
Full,Aggregated R10 regions,2C,gap_GJ_pc,DLE gap,GJ per capita of cumulative DLE gap,TRUE,REMIND,REMIND-MAgPIE 2.1-4.2,ENGAGE,0,59,NA,15.484797590008526,FALSE,FALSE,NA,NA,NA,REMIND-MAgPIE 2.1-4.2 | ENGAGE | 2C
Full,Aggregated R10 regions,2C,gap_GJ_pc,DLE gap,GJ per capita of cumulative DLE gap,TRUE,REMIND,REMIND-MAgPIE 2.1-4.2,NGFS Phase 2,0,5,NA,26.716599521506385,FALSE,FALSE,NA,NA,NA,REMIND-MAgPIE 2.1-4.2 | NGFS Phase 2 | 2C
Full,Aggregated R10 regions,2C,gap_GJ_pc,DLE gap,GJ per capita of cumulative DLE gap,TRUE,REMIND,REMIND-MAgPIE 2.1-4.2,SusDev,0,3,NA,14.843851809675758,FALSE,FALSE,NA,NA,NA,REMIND-MAgPIE 2.1-4.2 | SusDev | 2C
Full,Aggregated R10 regions,2C,gap_GJ_pc,DLE gap,GJ per capita of cumulative DLE gap,TRUE,REMIND,REMIND-MAgPIE 2.1-4.3,DeepElectrification,0,3,NA,17.64885758308446,FALSE,FALSE,NA,NA,NA,REMIND-MAgPIE 2.1-4.3 | DeepElectrification | 2C
Full,Aggregated R10 regions,2C,gap_GJ_pc,DLE gap,GJ per capita of cumulative DLE gap,TRUE,REMIND,REMIND-MAgPIE 3.2-4.6,SHAPE,0,2,NA,15.769376371233015,FALSE,FALSE,NA,NA,NA,REMIND-MAgPIE 3.2-4.6 | SHAPE | 2C
Full,Aggregated R10 regions,2C,gap_GJ_pc,DLE gap,GJ per capita of cumulative DLE gap,TRUE,REMIND,REMIND-MAgPIE 3.2.0-4.8.0,RESCUE,0,5,NA,19.847850732960097,FALSE,FALSE,NA,NA,NA,REMIND-MAgPIE 3.2.0-4.8.0 | RESCUE | 2C
Full,Aggregated R10 regions,2C,gap_GJ_pc,DLE gap,GJ per capita of cumulative DLE gap,TRUE,REMIND,REMIND-MAgPIE 3.3-4.8,NGFS Phase 5,0,5,NA,19.82641649542415,FALSE,FALSE,NA,NA,NA,REMIND-MAgPIE 3.3-4.8 | NGFS Phase 5 | 2C
Full,Aggregated R10 regions,2C,gap_GJ_pc,DLE gap,GJ per capita of cumulative DLE gap,TRUE,REMIND,REMIND-Transport 2.1,Transport,0,8,NA,18.06405100632284,FALSE,FALSE,NA,NA,NA,REMIND-Transport 2.1 | Transport | 2C
Full,Aggregated R10 regions,2C,gap_GJ_pc,DLE gap,GJ per capita of cumulative DLE gap,TRUE,WITCH,WITCH 5.0,COMMIT,2,1,67.54352214390177,49.31986305845781,TRUE,FALSE,18.223659085443956,26.98061709991725,High-RE,WITCH 5.0 | COMMIT | 2C
Full,Aggregated R10 regions,2C,gap_GJ_pc,DLE gap,GJ per capita of cumulative DLE gap,TRUE,WITCH,WITCH 5.0,ENGAGE,0,11,NA,29.50544920168917,FALSE,FALSE,NA,NA,NA,WITCH 5.0 | ENGAGE | 2C
Full,Aggregated R10 regions,2C,gap_GJ_pc,DLE gap,GJ per capita of cumulative DLE gap,TRUE,WITCH,WITCH 5.0,NAVIGATE,0,4,NA,40.64443605636585,FALSE,FALSE,NA,NA,NA,WITCH 5.0 | NAVIGATE | 2C
Full,Aggregated R10 regions,2C,headcount_pct,Deprived share,population-year-weighted mean % below the DLE threshold,TRUE,AIM,AIM/CGE V2.2,ENGAGE,20,11,11.798872553445864,12.29928455074346,TRUE,TRUE,-0.5004119972975953,-4.241184867713906,High-CDR,AIM/CGE V2.2 | ENGAGE | 2C
Full,Aggregated R10 regions,2C,headcount_pct,Deprived share,population-year-weighted mean % below the DLE threshold,TRUE,GCAM,GCAM 5.3,Deep,23,0,4.112237396846432,NA,FALSE,FALSE,NA,NA,NA,GCAM 5.3 | Deep | 2C
Full,Aggregated R10 regions,2C,headcount_pct,Deprived share,population-year-weighted mean % below the DLE threshold,TRUE,GCAM,GCAM 6.0 NGFS,NGFS Phase 5,0,4,NA,4.972567756010526,FALSE,FALSE,NA,NA,NA,GCAM 6.0 NGFS | NGFS Phase 5 | 2C
Full,Aggregated R10 regions,2C,headcount_pct,Deprived share,population-year-weighted mean % below the DLE threshold,TRUE,GCAM,GCAM 7.0,IAM,3,0,4.185280560414822,NA,FALSE,FALSE,NA,NA,NA,GCAM 7.0 | IAM | 2C
Full,Aggregated R10 regions,2C,headcount_pct,Deprived share,population-year-weighted mean % below the DLE threshold,TRUE,IMAGE,IMAGE 3.0,COMMIT,0,0,NA,NA,FALSE,FALSE,NA,NA,NA,IMAGE 3.0 | COMMIT | 2C
Full,Aggregated R10 regions,2C,headcount_pct,Deprived share,population-year-weighted mean % below the DLE threshold,TRUE,IMAGE,IMAGE 3.0,ENGAGE,20,0,6.080961523394903,NA,FALSE,FALSE,NA,NA,NA,IMAGE 3.0 | ENGAGE | 2C
Full,Aggregated R10 regions,2C,headcount_pct,Deprived share,population-year-weighted mean % below the DLE threshold,TRUE,IMAGE,IMAGE 3.2,ENGAGE,9,0,6.624948504788401,NA,FALSE,FALSE,NA,NA,NA,IMAGE 3.2 | ENGAGE | 2C
Full,Aggregated R10 regions,2C,headcount_pct,Deprived share,population-year-weighted mean % below the DLE threshold,TRUE,IMAGE,IMAGE 3.2,SSP2021,8,2,6.742069746501002,5.468907358768796,TRUE,FALSE,1.2731623877322065,18.883850740241186,High-RE,IMAGE 3.2 | SSP2021 | 2C
Full,Aggregated R10 regions,2C,headcount_pct,Deprived share,population-year-weighted mean % below the DLE threshold,TRUE,IMAGE,IMAGE 3.3,NAVIGATE,8,0,9.271844996311685,NA,FALSE,FALSE,NA,NA,NA,IMAGE 3.3 | NAVIGATE | 2C
Full,Aggregated R10 regions,2C,headcount_pct,Deprived share,population-year-weighted mean % below the DLE threshold,TRUE,MESSAGEix,MESSAGEix-GLOBIOM 1.1,ENGAGE,62,20,4.010086083654023,3.8760200805012404,TRUE,TRUE,0.13406600315278228,3.3432200794707194,High-RE,MESSAGEix-GLOBIOM 1.1 | ENGAGE | 2C
Full,Aggregated R10 regions,2C,headcount_pct,Deprived share,population-year-weighted mean % below the DLE threshold,TRUE,MESSAGEix,MESSAGEix-GLOBIOM 1.1,NGFS Phase 2,1,1,4.928240169164036,5.4070464594540155,TRUE,FALSE,-0.47880629028997923,-9.715563240725702,High-CDR,MESSAGEix-GLOBIOM 1.1 | NGFS Phase 2 | 2C
Full,Aggregated R10 regions,2C,headcount_pct,Deprived share,population-year-weighted mean % below the DLE threshold,TRUE,MESSAGEix,MESSAGEix-GLOBIOM 1.2,COVID,5,0,4.340197069046669,NA,FALSE,FALSE,NA,NA,NA,MESSAGEix-GLOBIOM 1.2 | COVID | 2C
Full,Aggregated R10 regions,2C,headcount_pct,Deprived share,population-year-weighted mean % below the DLE threshold,TRUE,MESSAGEix,MESSAGEix-GLOBIOM 2.0-M-R12-NGFS,NGFS Phase 5,0,2,NA,8.335233611321353,FALSE,FALSE,NA,NA,NA,MESSAGEix-GLOBIOM 2.0-M-R12-NGFS | NGFS Phase 5 | 2C
Full,Aggregated R10 regions,2C,headcount_pct,Deprived share,population-year-weighted mean % below the DLE threshold,TRUE,MESSAGEix,MESSAGEix-GLOBIOM GEI 1.0,GEI,6,1,3.332527815255034,3.6104044130018416,TRUE,FALSE,-0.2778765977468076,-8.338312930946747,High-CDR,MESSAGEix-GLOBIOM GEI 1.0 | GEI | 2C
Full,Aggregated R10 regions,2C,headcount_pct,Deprived share,population-year-weighted mean % below the DLE threshold,TRUE,POLES,POLES-JRC ENGAGE,ENGAGE,56,8,7.555330670875446,7.56709713844244,TRUE,TRUE,-0.011766467566993732,-0.15573729436292608,High-CDR,POLES-JRC ENGAGE | ENGAGE | 2C
Full,Aggregated R10 regions,2C,headcount_pct,Deprived share,population-year-weighted mean % below the DLE threshold,TRUE,REMIND,REMIND 2.1,CEMICS,0,5,NA,4.046646654917228,FALSE,FALSE,NA,NA,NA,REMIND 2.1 | CEMICS | 2C
Full,Aggregated R10 regions,2C,headcount_pct,Deprived share,population-year-weighted mean % below the DLE threshold,TRUE,REMIND,REMIND 2.1,LeastTotalCost,0,11,NA,4.374151118725021,FALSE,FALSE,NA,NA,NA,REMIND 2.1 | LeastTotalCost | 2C
Full,Aggregated R10 regions,2C,headcount_pct,Deprived share,population-year-weighted mean % below the DLE threshold,TRUE,REMIND,REMIND 2.1,R2p1,0,8,NA,3.4375474231308747,FALSE,FALSE,NA,NA,NA,REMIND 2.1 | R2p1 | 2C
Full,Aggregated R10 regions,2C,headcount_pct,Deprived share,population-year-weighted mean % below the DLE threshold,TRUE,REMIND,REMIND 2.1,TechCost,0,9,NA,4.173713829878857,FALSE,FALSE,NA,NA,NA,REMIND 2.1 | TechCost | 2C
Full,Aggregated R10 regions,2C,headcount_pct,Deprived share,population-year-weighted mean % below the DLE threshold,TRUE,REMIND,REMIND 3.0,ENGAGE,0,14,NA,5.584341407524386,FALSE,FALSE,NA,NA,NA,REMIND 3.0 | ENGAGE | 2C
Full,Aggregated R10 regions,2C,headcount_pct,Deprived share,population-year-weighted mean % below the DLE threshold,TRUE,REMIND,REMIND 3.0,NAVIGATE,0,7,NA,5.581602489154912,FALSE,FALSE,NA,NA,NA,REMIND 3.0 | NAVIGATE | 2C
Full,Aggregated R10 regions,2C,headcount_pct,Deprived share,population-year-weighted mean % below the DLE threshold,TRUE,REMIND,REMIND-MAgPIE 1.7-3.0,CD,0,5,NA,2.5429944477289976,FALSE,FALSE,NA,NA,NA,REMIND-MAgPIE 1.7-3.0 | CD | 2C
Full,Aggregated R10 regions,2C,headcount_pct,Deprived share,population-year-weighted mean % below the DLE threshold,TRUE,REMIND,REMIND-MAgPIE 1.7-3.0,COMMIT,0,4,NA,2.488724863512383,FALSE,FALSE,NA,NA,NA,REMIND-MAgPIE 1.7-3.0 | COMMIT | 2C
Full,Aggregated R10 regions,2C,headcount_pct,Deprived share,population-year-weighted mean % below the DLE threshold,TRUE,REMIND,REMIND-MAgPIE 1.7-3.0,PEP,0,5,NA,2.541416772116991,FALSE,FALSE,NA,NA,NA,REMIND-MAgPIE 1.7-3.0 | PEP | 2C
Full,Aggregated R10 regions,2C,headcount_pct,Deprived share,population-year-weighted mean % below the DLE threshold,TRUE,REMIND,REMIND-MAgPIE 2.0-4.1,Diff,0,0,NA,NA,FALSE,FALSE,NA,NA,NA,REMIND-MAgPIE 2.0-4.1 | Diff | 2C
Full,Aggregated R10 regions,2C,headcount_pct,Deprived share,population-year-weighted mean % below the DLE threshold,TRUE,REMIND,REMIND-MAgPIE 2.1-4.2,CEMICS,0,3,NA,4.007055267221463,FALSE,FALSE,NA,NA,NA,REMIND-MAgPIE 2.1-4.2 | CEMICS | 2C
Full,Aggregated R10 regions,2C,headcount_pct,Deprived share,population-year-weighted mean % below the DLE threshold,TRUE,REMIND,REMIND-MAgPIE 2.1-4.2,ENGAGE,0,59,NA,3.956098522780365,FALSE,FALSE,NA,NA,NA,REMIND-MAgPIE 2.1-4.2 | ENGAGE | 2C
Full,Aggregated R10 regions,2C,headcount_pct,Deprived share,population-year-weighted mean % below the DLE threshold,TRUE,REMIND,REMIND-MAgPIE 2.1-4.2,NGFS Phase 2,0,5,NA,7.290737305865011,FALSE,FALSE,NA,NA,NA,REMIND-MAgPIE 2.1-4.2 | NGFS Phase 2 | 2C
Full,Aggregated R10 regions,2C,headcount_pct,Deprived share,population-year-weighted mean % below the DLE threshold,TRUE,REMIND,REMIND-MAgPIE 2.1-4.2,SusDev,0,3,NA,3.6876849237479385,FALSE,FALSE,NA,NA,NA,REMIND-MAgPIE 2.1-4.2 | SusDev | 2C
Full,Aggregated R10 regions,2C,headcount_pct,Deprived share,population-year-weighted mean % below the DLE threshold,TRUE,REMIND,REMIND-MAgPIE 2.1-4.3,DeepElectrification,0,3,NA,4.998299565597186,FALSE,FALSE,NA,NA,NA,REMIND-MAgPIE 2.1-4.3 | DeepElectrification | 2C
Full,Aggregated R10 regions,2C,headcount_pct,Deprived share,population-year-weighted mean % below the DLE threshold,TRUE,REMIND,REMIND-MAgPIE 3.2-4.6,SHAPE,0,2,NA,3.6051645275248436,FALSE,FALSE,NA,NA,NA,REMIND-MAgPIE 3.2-4.6 | SHAPE | 2C
Full,Aggregated R10 regions,2C,headcount_pct,Deprived share,population-year-weighted mean % below the DLE threshold,TRUE,REMIND,REMIND-MAgPIE 3.2.0-4.8.0,RESCUE,0,5,NA,4.89004047479526,FALSE,FALSE,NA,NA,NA,REMIND-MAgPIE 3.2.0-4.8.0 | RESCUE | 2C
Full,Aggregated R10 regions,2C,headcount_pct,Deprived share,population-year-weighted mean % below the DLE threshold,TRUE,REMIND,REMIND-MAgPIE 3.3-4.8,NGFS Phase 5,0,5,NA,5.148481640713336,FALSE,FALSE,NA,NA,NA,REMIND-MAgPIE 3.3-4.8 | NGFS Phase 5 | 2C
Full,Aggregated R10 regions,2C,headcount_pct,Deprived share,population-year-weighted mean % below the DLE threshold,TRUE,REMIND,REMIND-Transport 2.1,Transport,0,8,NA,4.831089457807806,FALSE,FALSE,NA,NA,NA,REMIND-Transport 2.1 | Transport | 2C
Full,Aggregated R10 regions,2C,headcount_pct,Deprived share,population-year-weighted mean % below the DLE threshold,TRUE,WITCH,WITCH 5.0,COMMIT,2,1,18.764932698558006,13.80894781515659,TRUE,FALSE,4.955984883401417,26.410885469268216,High-RE,WITCH 5.0 | COMMIT | 2C
Full,Aggregated R10 regions,2C,headcount_pct,Deprived share,population-year-weighted mean % below the DLE threshold,TRUE,WITCH,WITCH 5.0,ENGAGE,0,11,NA,7.493923007680088,FALSE,FALSE,NA,NA,NA,WITCH 5.0 | ENGAGE | 2C
Full,Aggregated R10 regions,2C,headcount_pct,Deprived share,population-year-weighted mean % below the DLE threshold,TRUE,WITCH,WITCH 5.0,NAVIGATE,0,4,NA,9.602682900447707,FALSE,FALSE,NA,NA,NA,WITCH 5.0 | NAVIGATE | 2C
Full,Aggregated R10 regions,2C,mortality_million_deaths,PM2.5 mortality,million cumulative PM2.5-attributable deaths,TRUE,AIM,AIM/CGE V2.2,ENGAGE,20,4,430.9599075,420.8447675,TRUE,TRUE,10.115139999999997,2.34711856577981,High-RE,AIM/CGE V2.2 | ENGAGE | 2C
Full,Aggregated R10 regions,2C,mortality_million_deaths,PM2.5 mortality,million cumulative PM2.5-attributable deaths,TRUE,GCAM,GCAM 6.0 NGFS,NGFS Phase 5,0,4,NA,483.73089000000004,FALSE,FALSE,NA,NA,NA,GCAM 6.0 NGFS | NGFS Phase 5 | 2C
Full,Aggregated R10 regions,2C,mortality_million_deaths,PM2.5 mortality,million cumulative PM2.5-attributable deaths,TRUE,GCAM,GCAM 7.0,IAM,3,0,543.8502,NA,FALSE,FALSE,NA,NA,NA,GCAM 7.0 | IAM | 2C
Full,Aggregated R10 regions,2C,mortality_million_deaths,PM2.5 mortality,million cumulative PM2.5-attributable deaths,TRUE,IMAGE,IMAGE 3.0,ENGAGE,20,0,518.17866,NA,FALSE,FALSE,NA,NA,NA,IMAGE 3.0 | ENGAGE | 2C
Full,Aggregated R10 regions,2C,mortality_million_deaths,PM2.5 mortality,million cumulative PM2.5-attributable deaths,TRUE,IMAGE,IMAGE 3.2,SSP2021,8,2,512.43273,495.8393575,TRUE,FALSE,16.593372499999987,3.23815625516348,High-RE,IMAGE 3.2 | SSP2021 | 2C
Full,Aggregated R10 regions,2C,mortality_million_deaths,PM2.5 mortality,million cumulative PM2.5-attributable deaths,TRUE,IMAGE,IMAGE 3.3,NAVIGATE,8,0,504.2917175,NA,FALSE,FALSE,NA,NA,NA,IMAGE 3.3 | NAVIGATE | 2C
Full,Aggregated R10 regions,2C,mortality_million_deaths,PM2.5 mortality,million cumulative PM2.5-attributable deaths,TRUE,MESSAGEix,MESSAGEix-GLOBIOM 1.1,ENGAGE,60,17,460.0918725,442.89133,TRUE,TRUE,17.20054250000004,3.7385017054392846,High-RE,MESSAGEix-GLOBIOM 1.1 | ENGAGE | 2C
Full,Aggregated R10 regions,2C,mortality_million_deaths,PM2.5 mortality,million cumulative PM2.5-attributable deaths,TRUE,MESSAGEix,MESSAGEix-GLOBIOM 1.1,NGFS Phase 2,1,1,438.69743,443.28804,TRUE,FALSE,-4.5906100000000265,-1.0464182568837994,High-CDR,MESSAGEix-GLOBIOM 1.1 | NGFS Phase 2 | 2C
Full,Aggregated R10 regions,2C,mortality_million_deaths,PM2.5 mortality,million cumulative PM2.5-attributable deaths,TRUE,MESSAGEix,MESSAGEix-GLOBIOM 1.2,COVID,5,0,433.856535,NA,FALSE,FALSE,NA,NA,NA,MESSAGEix-GLOBIOM 1.2 | COVID | 2C
Full,Aggregated R10 regions,2C,mortality_million_deaths,PM2.5 mortality,million cumulative PM2.5-attributable deaths,TRUE,MESSAGEix,MESSAGEix-GLOBIOM 2.0-M-R12-NGFS,NGFS Phase 5,0,2,NA,444.47783000000004,FALSE,FALSE,NA,NA,NA,MESSAGEix-GLOBIOM 2.0-M-R12-NGFS | NGFS Phase 5 | 2C
Full,Aggregated R10 regions,2C,mortality_million_deaths,PM2.5 mortality,million cumulative PM2.5-attributable deaths,TRUE,MESSAGEix,MESSAGEix-GLOBIOM GEI 1.0,GEI,6,1,473.08487,435.19535,TRUE,FALSE,37.889520000000005,8.009032290548628,High-RE,MESSAGEix-GLOBIOM GEI 1.0 | GEI | 2C
Full,Aggregated R10 regions,2C,mortality_million_deaths,PM2.5 mortality,million cumulative PM2.5-attributable deaths,TRUE,POLES,POLES-JRC ENGAGE,ENGAGE,56,0,403.6226525,NA,FALSE,FALSE,NA,NA,NA,POLES-JRC ENGAGE | ENGAGE | 2C
Full,Aggregated R10 regions,2C,mortality_million_deaths,PM2.5 mortality,million cumulative PM2.5-attributable deaths,TRUE,REMIND,REMIND 2.1,CEMICS,0,1,NA,512.947945,FALSE,FALSE,NA,NA,NA,REMIND 2.1 | CEMICS | 2C
Full,Aggregated R10 regions,2C,mortality_million_deaths,PM2.5 mortality,million cumulative PM2.5-attributable deaths,TRUE,REMIND,REMIND 2.1,LeastTotalCost,0,11,NA,425.981875,FALSE,FALSE,NA,NA,NA,REMIND 2.1 | LeastTotalCost | 2C
Full,Aggregated R10 regions,2C,mortality_million_deaths,PM2.5 mortality,million cumulative PM2.5-attributable deaths,TRUE,REMIND,REMIND 2.1,R2p1,0,8,NA,435.9601475,FALSE,FALSE,NA,NA,NA,REMIND 2.1 | R2p1 | 2C
Full,Aggregated R10 regions,2C,mortality_million_deaths,PM2.5 mortality,million cumulative PM2.5-attributable deaths,TRUE,REMIND,REMIND 2.1,TechCost,0,9,NA,422.765695,FALSE,FALSE,NA,NA,NA,REMIND 2.1 | TechCost | 2C
Full,Aggregated R10 regions,2C,mortality_million_deaths,PM2.5 mortality,million cumulative PM2.5-attributable deaths,TRUE,REMIND,REMIND 3.0,NAVIGATE,0,3,NA,410.09969,FALSE,FALSE,NA,NA,NA,REMIND 3.0 | NAVIGATE | 2C
Full,Aggregated R10 regions,2C,mortality_million_deaths,PM2.5 mortality,million cumulative PM2.5-attributable deaths,TRUE,REMIND,REMIND-MAgPIE 1.7-3.0,CD,0,5,NA,478.85721,FALSE,FALSE,NA,NA,NA,REMIND-MAgPIE 1.7-3.0 | CD | 2C
Full,Aggregated R10 regions,2C,mortality_million_deaths,PM2.5 mortality,million cumulative PM2.5-attributable deaths,TRUE,REMIND,REMIND-MAgPIE 1.7-3.0,COMMIT,0,4,NA,477.70552,FALSE,FALSE,NA,NA,NA,REMIND-MAgPIE 1.7-3.0 | COMMIT | 2C
Full,Aggregated R10 regions,2C,mortality_million_deaths,PM2.5 mortality,million cumulative PM2.5-attributable deaths,TRUE,REMIND,REMIND-MAgPIE 1.7-3.0,PEP,0,5,NA,474.68875,FALSE,FALSE,NA,NA,NA,REMIND-MAgPIE 1.7-3.0 | PEP | 2C
Full,Aggregated R10 regions,2C,mortality_million_deaths,PM2.5 mortality,million cumulative PM2.5-attributable deaths,TRUE,REMIND,REMIND-MAgPIE 2.1-4.2,CEMICS,0,1,NA,512.93604,FALSE,FALSE,NA,NA,NA,REMIND-MAgPIE 2.1-4.2 | CEMICS | 2C
Full,Aggregated R10 regions,2C,mortality_million_deaths,PM2.5 mortality,million cumulative PM2.5-attributable deaths,TRUE,REMIND,REMIND-MAgPIE 2.1-4.2,ENGAGE,0,59,NA,433.246875,FALSE,FALSE,NA,NA,NA,REMIND-MAgPIE 2.1-4.2 | ENGAGE | 2C
Full,Aggregated R10 regions,2C,mortality_million_deaths,PM2.5 mortality,million cumulative PM2.5-attributable deaths,TRUE,REMIND,REMIND-MAgPIE 2.1-4.2,NGFS Phase 2,0,2,NA,428.7699675,FALSE,FALSE,NA,NA,NA,REMIND-MAgPIE 2.1-4.2 | NGFS Phase 2 | 2C
Full,Aggregated R10 regions,2C,mortality_million_deaths,PM2.5 mortality,million cumulative PM2.5-attributable deaths,TRUE,REMIND,REMIND-MAgPIE 2.1-4.2,SusDev,0,3,NA,444.001515,FALSE,FALSE,NA,NA,NA,REMIND-MAgPIE 2.1-4.2 | SusDev | 2C
Full,Aggregated R10 regions,2C,mortality_million_deaths,PM2.5 mortality,million cumulative PM2.5-attributable deaths,TRUE,REMIND,REMIND-MAgPIE 2.1-4.3,DeepElectrification,0,3,NA,410.815545,FALSE,FALSE,NA,NA,NA,REMIND-MAgPIE 2.1-4.3 | DeepElectrification | 2C
Full,Aggregated R10 regions,2C,mortality_million_deaths,PM2.5 mortality,million cumulative PM2.5-attributable deaths,TRUE,REMIND,REMIND-MAgPIE 3.2-4.6,SHAPE,0,2,NA,417.9216925,FALSE,FALSE,NA,NA,NA,REMIND-MAgPIE 3.2-4.6 | SHAPE | 2C
Full,Aggregated R10 regions,2C,mortality_million_deaths,PM2.5 mortality,million cumulative PM2.5-attributable deaths,TRUE,REMIND,REMIND-MAgPIE 3.2.0-4.8.0,RESCUE,0,5,NA,409.293365,FALSE,FALSE,NA,NA,NA,REMIND-MAgPIE 3.2.0-4.8.0 | RESCUE | 2C
Full,Aggregated R10 regions,2C,mortality_million_deaths,PM2.5 mortality,million cumulative PM2.5-attributable deaths,TRUE,REMIND,REMIND-MAgPIE 3.3-4.8,NGFS Phase 5,0,5,NA,439.21914,FALSE,FALSE,NA,NA,NA,REMIND-MAgPIE 3.3-4.8 | NGFS Phase 5 | 2C
Full,Aggregated R10 regions,2C,mortality_million_deaths,PM2.5 mortality,million cumulative PM2.5-attributable deaths,TRUE,REMIND,REMIND-Transport 2.1,Transport,0,8,NA,412.7112475,FALSE,FALSE,NA,NA,NA,REMIND-Transport 2.1 | Transport | 2C
Full,Aggregated R10 regions,2C,mortality_million_deaths,PM2.5 mortality,million cumulative PM2.5-attributable deaths,TRUE,WITCH,WITCH 5.0,COMMIT,2,1,426.51840749999997,427.702645,TRUE,FALSE,-1.1842375000000516,-0.27765214330170535,High-CDR,WITCH 5.0 | COMMIT | 2C
Full,Aggregated R10 regions,2C,mortality_million_deaths,PM2.5 mortality,million cumulative PM2.5-attributable deaths,TRUE,WITCH,WITCH 5.0,ENGAGE,0,2,NA,443.1141275,FALSE,FALSE,NA,NA,NA,WITCH 5.0 | ENGAGE | 2C
Full,Aggregated R10 regions,2C,mortality_million_deaths,PM2.5 mortality,million cumulative PM2.5-attributable deaths,TRUE,WITCH,WITCH 5.0,NAVIGATE,0,4,NA,423.2416425,FALSE,FALSE,NA,NA,NA,WITCH 5.0 | NAVIGATE | 2C
Full,Aggregated R10 regions,2C,total_energy_jobyears_per_1k,Employment,"total energy-sector job-years per 1,000 people",FALSE,AIM,AIM/CGE V2.2,ENGAGE,20,11,462.0937709466265,437.088864357465,TRUE,TRUE,-25.004906589161465,-5.411219142369617,High-CDR,AIM/CGE V2.2 | ENGAGE | 2C
Full,Aggregated R10 regions,2C,total_energy_jobyears_per_1k,Employment,"total energy-sector job-years per 1,000 people",FALSE,COFFEE,COFFEE 1.1,ENGAGE,0,8,NA,209.7117364026971,FALSE,FALSE,NA,NA,NA,COFFEE 1.1 | ENGAGE | 2C
Full,Aggregated R10 regions,2C,total_energy_jobyears_per_1k,Employment,"total energy-sector job-years per 1,000 people",FALSE,GCAM,GCAM 6.0 NGFS,NGFS Phase 5,0,4,NA,554.6597400979427,FALSE,FALSE,NA,NA,NA,GCAM 6.0 NGFS | NGFS Phase 5 | 2C
Full,Aggregated R10 regions,2C,total_energy_jobyears_per_1k,Employment,"total energy-sector job-years per 1,000 people",FALSE,GCAM,GCAM 7.0,IAM,3,0,339.3833470088495,NA,FALSE,FALSE,NA,NA,NA,GCAM 7.0 | IAM | 2C
Full,Aggregated R10 regions,2C,total_energy_jobyears_per_1k,Employment,"total energy-sector job-years per 1,000 people",FALSE,IMAGE,IMAGE 3.0,COMMIT,0,0,NA,NA,FALSE,FALSE,NA,NA,NA,IMAGE 3.0 | COMMIT | 2C
Full,Aggregated R10 regions,2C,total_energy_jobyears_per_1k,Employment,"total energy-sector job-years per 1,000 people",FALSE,IMAGE,IMAGE 3.0,ENGAGE,20,0,250.80980455762273,NA,FALSE,FALSE,NA,NA,NA,IMAGE 3.0 | ENGAGE | 2C
Full,Aggregated R10 regions,2C,total_energy_jobyears_per_1k,Employment,"total energy-sector job-years per 1,000 people",FALSE,IMAGE,IMAGE 3.2,ENGAGE,9,0,227.48523793525587,NA,FALSE,FALSE,NA,NA,NA,IMAGE 3.2 | ENGAGE | 2C
Full,Aggregated R10 regions,2C,total_energy_jobyears_per_1k,Employment,"total energy-sector job-years per 1,000 people",FALSE,IMAGE,IMAGE 3.2,SSP2021,8,2,302.0186750995276,530.7782904129981,TRUE,FALSE,228.75961531347048,75.74353315671117,High-RE,IMAGE 3.2 | SSP2021 | 2C
Full,Aggregated R10 regions,2C,total_energy_jobyears_per_1k,Employment,"total energy-sector job-years per 1,000 people",FALSE,IMAGE,IMAGE 3.3,NAVIGATE,8,0,313.5018176276719,NA,FALSE,FALSE,NA,NA,NA,IMAGE 3.3 | NAVIGATE | 2C
Full,Aggregated R10 regions,2C,total_energy_jobyears_per_1k,Employment,"total energy-sector job-years per 1,000 people",FALSE,MESSAGEix,MESSAGEix-GLOBIOM 1.1,ENGAGE,62,20,275.6231653103852,297.48478690153274,TRUE,TRUE,21.861621591147525,7.931706889197313,High-RE,MESSAGEix-GLOBIOM 1.1 | ENGAGE | 2C
Full,Aggregated R10 regions,2C,total_energy_jobyears_per_1k,Employment,"total energy-sector job-years per 1,000 people",FALSE,MESSAGEix,MESSAGEix-GLOBIOM 1.1,NGFS Phase 2,1,1,267.03188492640766,289.58744420335063,TRUE,FALSE,22.555559276942972,8.446766304016146,High-RE,MESSAGEix-GLOBIOM 1.1 | NGFS Phase 2 | 2C
Full,Aggregated R10 regions,2C,total_energy_jobyears_per_1k,Employment,"total energy-sector job-years per 1,000 people",FALSE,MESSAGEix,MESSAGEix-GLOBIOM 1.2,COVID,5,0,5.132992081870203,NA,FALSE,FALSE,NA,NA,NA,MESSAGEix-GLOBIOM 1.2 | COVID | 2C
Full,Aggregated R10 regions,2C,total_energy_jobyears_per_1k,Employment,"total energy-sector job-years per 1,000 people",FALSE,MESSAGEix,MESSAGEix-GLOBIOM 2.0-M-R12-NGFS,NGFS Phase 5,0,2,NA,375.889254410553,FALSE,FALSE,NA,NA,NA,MESSAGEix-GLOBIOM 2.0-M-R12-NGFS | NGFS Phase 5 | 2C
Full,Aggregated R10 regions,2C,total_energy_jobyears_per_1k,Employment,"total energy-sector job-years per 1,000 people",FALSE,MESSAGEix,MESSAGEix-GLOBIOM GEI 1.0,GEI,6,1,318.07293110918397,397.73833616983933,TRUE,FALSE,79.66540506065536,25.046269980550104,High-RE,MESSAGEix-GLOBIOM GEI 1.0 | GEI | 2C
Full,Aggregated R10 regions,2C,total_energy_jobyears_per_1k,Employment,"total energy-sector job-years per 1,000 people",FALSE,POLES,POLES-JRC ENGAGE,ENGAGE,56,8,372.85672065391867,422.930662292531,TRUE,TRUE,50.073941638612325,13.429807983826146,High-RE,POLES-JRC ENGAGE | ENGAGE | 2C
Full,Aggregated R10 regions,2C,total_energy_jobyears_per_1k,Employment,"total energy-sector job-years per 1,000 people",FALSE,REMIND,REMIND 2.1,CEMICS,0,5,NA,698.5234579523178,FALSE,FALSE,NA,NA,NA,REMIND 2.1 | CEMICS | 2C
Full,Aggregated R10 regions,2C,total_energy_jobyears_per_1k,Employment,"total energy-sector job-years per 1,000 people",FALSE,REMIND,REMIND 2.1,LeastTotalCost,0,11,NA,609.8076946591709,FALSE,FALSE,NA,NA,NA,REMIND 2.1 | LeastTotalCost | 2C
Full,Aggregated R10 regions,2C,total_energy_jobyears_per_1k,Employment,"total energy-sector job-years per 1,000 people",FALSE,REMIND,REMIND 2.1,R2p1,0,8,NA,576.2169820002222,FALSE,FALSE,NA,NA,NA,REMIND 2.1 | R2p1 | 2C
Full,Aggregated R10 regions,2C,total_energy_jobyears_per_1k,Employment,"total energy-sector job-years per 1,000 people",FALSE,REMIND,REMIND 2.1,TechCost,0,9,NA,772.9290415025217,FALSE,FALSE,NA,NA,NA,REMIND 2.1 | TechCost | 2C
Full,Aggregated R10 regions,2C,total_energy_jobyears_per_1k,Employment,"total energy-sector job-years per 1,000 people",FALSE,REMIND,REMIND 3.0,ENGAGE,0,14,NA,516.6478032035893,FALSE,FALSE,NA,NA,NA,REMIND 3.0 | ENGAGE | 2C
Full,Aggregated R10 regions,2C,total_energy_jobyears_per_1k,Employment,"total energy-sector job-years per 1,000 people",FALSE,REMIND,REMIND 3.0,NAVIGATE,0,7,NA,433.0884448586681,FALSE,FALSE,NA,NA,NA,REMIND 3.0 | NAVIGATE | 2C
Full,Aggregated R10 regions,2C,total_energy_jobyears_per_1k,Employment,"total energy-sector job-years per 1,000 people",FALSE,REMIND,REMIND-MAgPIE 1.7-3.0,CD,0,5,NA,593.4638051107371,FALSE,FALSE,NA,NA,NA,REMIND-MAgPIE 1.7-3.0 | CD | 2C
Full,Aggregated R10 regions,2C,total_energy_jobyears_per_1k,Employment,"total energy-sector job-years per 1,000 people",FALSE,REMIND,REMIND-MAgPIE 1.7-3.0,COMMIT,0,4,NA,559.4191898893598,FALSE,FALSE,NA,NA,NA,REMIND-MAgPIE 1.7-3.0 | COMMIT | 2C
Full,Aggregated R10 regions,2C,total_energy_jobyears_per_1k,Employment,"total energy-sector job-years per 1,000 people",FALSE,REMIND,REMIND-MAgPIE 1.7-3.0,PEP,0,5,NA,569.182941876135,FALSE,FALSE,NA,NA,NA,REMIND-MAgPIE 1.7-3.0 | PEP | 2C
Full,Aggregated R10 regions,2C,total_energy_jobyears_per_1k,Employment,"total energy-sector job-years per 1,000 people",FALSE,REMIND,REMIND-MAgPIE 2.0-4.1,Diff,0,0,NA,NA,FALSE,FALSE,NA,NA,NA,REMIND-MAgPIE 2.0-4.1 | Diff | 2C
Full,Aggregated R10 regions,2C,total_energy_jobyears_per_1k,Employment,"total energy-sector job-years per 1,000 people",FALSE,REMIND,REMIND-MAgPIE 2.1-4.2,CEMICS,0,3,NA,702.703571388735,FALSE,FALSE,NA,NA,NA,REMIND-MAgPIE 2.1-4.2 | CEMICS | 2C
Full,Aggregated R10 regions,2C,total_energy_jobyears_per_1k,Employment,"total energy-sector job-years per 1,000 people",FALSE,REMIND,REMIND-MAgPIE 2.1-4.2,ENGAGE,0,59,NA,631.0178753212716,FALSE,FALSE,NA,NA,NA,REMIND-MAgPIE 2.1-4.2 | ENGAGE | 2C
Full,Aggregated R10 regions,2C,total_energy_jobyears_per_1k,Employment,"total energy-sector job-years per 1,000 people",FALSE,REMIND,REMIND-MAgPIE 2.1-4.2,NGFS Phase 2,0,5,NA,373.79811327541336,FALSE,FALSE,NA,NA,NA,REMIND-MAgPIE 2.1-4.2 | NGFS Phase 2 | 2C
Full,Aggregated R10 regions,2C,total_energy_jobyears_per_1k,Employment,"total energy-sector job-years per 1,000 people",FALSE,REMIND,REMIND-MAgPIE 2.1-4.2,SusDev,0,3,NA,488.57114901925263,FALSE,FALSE,NA,NA,NA,REMIND-MAgPIE 2.1-4.2 | SusDev | 2C
Full,Aggregated R10 regions,2C,total_energy_jobyears_per_1k,Employment,"total energy-sector job-years per 1,000 people",FALSE,REMIND,REMIND-MAgPIE 2.1-4.3,DeepElectrification,0,3,NA,724.9705318583683,FALSE,FALSE,NA,NA,NA,REMIND-MAgPIE 2.1-4.3 | DeepElectrification | 2C
Full,Aggregated R10 regions,2C,total_energy_jobyears_per_1k,Employment,"total energy-sector job-years per 1,000 people",FALSE,REMIND,REMIND-MAgPIE 3.2-4.6,SHAPE,0,2,NA,580.0291114524703,FALSE,FALSE,NA,NA,NA,REMIND-MAgPIE 3.2-4.6 | SHAPE | 2C
Full,Aggregated R10 regions,2C,total_energy_jobyears_per_1k,Employment,"total energy-sector job-years per 1,000 people",FALSE,REMIND,REMIND-MAgPIE 3.2.0-4.8.0,RESCUE,0,5,NA,719.5545572799476,FALSE,FALSE,NA,NA,NA,REMIND-MAgPIE 3.2.0-4.8.0 | RESCUE | 2C
Full,Aggregated R10 regions,2C,total_energy_jobyears_per_1k,Employment,"total energy-sector job-years per 1,000 people",FALSE,REMIND,REMIND-MAgPIE 3.3-4.8,NGFS Phase 5,0,5,NA,485.136064910009,FALSE,FALSE,NA,NA,NA,REMIND-MAgPIE 3.3-4.8 | NGFS Phase 5 | 2C
Full,Aggregated R10 regions,2C,total_energy_jobyears_per_1k,Employment,"total energy-sector job-years per 1,000 people",FALSE,REMIND,REMIND-Transport 2.1,Transport,0,8,NA,763.1248427537498,FALSE,FALSE,NA,NA,NA,REMIND-Transport 2.1 | Transport | 2C
Full,Aggregated R10 regions,2C,total_energy_jobyears_per_1k,Employment,"total energy-sector job-years per 1,000 people",FALSE,TIAM,TIAM-ECN 1.1,ENGAGE,12,0,104.45879686184061,NA,FALSE,FALSE,NA,NA,NA,TIAM-ECN 1.1 | ENGAGE | 2C
Full,Aggregated R10 regions,2C,total_energy_jobyears_per_1k,Employment,"total energy-sector job-years per 1,000 people",FALSE,WITCH,WITCH 5.0,COMMIT,2,1,383.2268810053613,728.1154780174771,TRUE,FALSE,344.88859701211584,89.99593037610818,High-RE,WITCH 5.0 | COMMIT | 2C
Full,Aggregated R10 regions,2C,total_energy_jobyears_per_1k,Employment,"total energy-sector job-years per 1,000 people",FALSE,WITCH,WITCH 5.0,ENGAGE,0,11,NA,315.6949242584331,FALSE,FALSE,NA,NA,NA,WITCH 5.0 | ENGAGE | 2C
Full,Aggregated R10 regions,2C,total_energy_jobyears_per_1k,Employment,"total energy-sector job-years per 1,000 people",FALSE,WITCH,WITCH 5.0,NAVIGATE,0,4,NA,504.36908522847,FALSE,FALSE,NA,NA,NA,WITCH 5.0 | NAVIGATE | 2C
Full,R10AFRICA,1.5C,gap_GJ_pc,DLE gap,GJ per capita of cumulative DLE gap,TRUE,AIM,AIM/CGE V2.2,ENGAGE,1,3,173.4025898583393,167.97912688862337,TRUE,FALSE,5.423462969715928,3.1276712615114968,High-RE,AIM/CGE V2.2 | ENGAGE | 1.5C
Full,R10AFRICA,1.5C,gap_GJ_pc,DLE gap,GJ per capita of cumulative DLE gap,TRUE,GCAM,GCAM 5.3,Deep,7,0,39.013749679746006,NA,FALSE,FALSE,NA,NA,NA,GCAM 5.3 | Deep | 1.5C
Full,R10AFRICA,1.5C,gap_GJ_pc,DLE gap,GJ per capita of cumulative DLE gap,TRUE,GCAM,GCAM 6.0 NGFS,NGFS Phase 5,0,1,NA,70.38765016211838,FALSE,FALSE,NA,NA,NA,GCAM 6.0 NGFS | NGFS Phase 5 | 1.5C
Full,R10AFRICA,1.5C,gap_GJ_pc,DLE gap,GJ per capita of cumulative DLE gap,TRUE,IMAGE,IMAGE 3.2,SSP2021,12,0,72.96159375442036,NA,FALSE,FALSE,NA,NA,NA,IMAGE 3.2 | SSP2021 | 1.5C
Full,R10AFRICA,1.5C,gap_GJ_pc,DLE gap,GJ per capita of cumulative DLE gap,TRUE,IMAGE,IMAGE 3.3,GEO7,2,0,172.6151903091708,NA,FALSE,FALSE,NA,NA,NA,IMAGE 3.3 | GEO7 | 1.5C
Full,R10AFRICA,1.5C,gap_GJ_pc,DLE gap,GJ per capita of cumulative DLE gap,TRUE,IMAGE,IMAGE 3.3,SHAPE,9,0,89.0364780603553,NA,FALSE,FALSE,NA,NA,NA,IMAGE 3.3 | SHAPE | 1.5C
Full,R10AFRICA,1.5C,gap_GJ_pc,DLE gap,GJ per capita of cumulative DLE gap,TRUE,MESSAGEix,MESSAGEix-GLOBIOM 1.1,ENGAGE,13,0,45.47530826337927,NA,FALSE,FALSE,NA,NA,NA,MESSAGEix-GLOBIOM 1.1 | ENGAGE | 1.5C
Full,R10AFRICA,1.5C,gap_GJ_pc,DLE gap,GJ per capita of cumulative DLE gap,TRUE,MESSAGEix,MESSAGEix-GLOBIOM 1.1,NGFS Phase 2,1,0,59.60316137670646,NA,FALSE,FALSE,NA,NA,NA,MESSAGEix-GLOBIOM 1.1 | NGFS Phase 2 | 1.5C
Full,R10AFRICA,1.5C,gap_GJ_pc,DLE gap,GJ per capita of cumulative DLE gap,TRUE,MESSAGEix,MESSAGEix-GLOBIOM 1.2,COVID,5,0,49.86383452302416,NA,FALSE,FALSE,NA,NA,NA,MESSAGEix-GLOBIOM 1.2 | COVID | 1.5C
Full,R10AFRICA,1.5C,gap_GJ_pc,DLE gap,GJ per capita of cumulative DLE gap,TRUE,MESSAGEix,MESSAGEix-GLOBIOM GEI 1.0,GEI,6,3,36.17256247588968,38.49274693180624,TRUE,TRUE,-2.3201844559165608,-6.414210929798097,High-CDR,MESSAGEix-GLOBIOM GEI 1.0 | GEI | 1.5C
Full,R10AFRICA,1.5C,gap_GJ_pc,DLE gap,GJ per capita of cumulative DLE gap,TRUE,POLES,POLES-JRC ENGAGE,ENGAGE,4,1,124.31100556282374,120.2050941846198,TRUE,FALSE,4.105911378203942,3.302934731815772,High-RE,POLES-JRC ENGAGE | ENGAGE | 1.5C
Full,R10AFRICA,1.5C,gap_GJ_pc,DLE gap,GJ per capita of cumulative DLE gap,TRUE,REMIND,REMIND 2.1,CEMICS,0,4,NA,44.26845240274538,FALSE,FALSE,NA,NA,NA,REMIND 2.1 | CEMICS | 1.5C
Full,R10AFRICA,1.5C,gap_GJ_pc,DLE gap,GJ per capita of cumulative DLE gap,TRUE,REMIND,REMIND 2.1,R2p1,0,2,NA,32.80797778357605,FALSE,FALSE,NA,NA,NA,REMIND 2.1 | R2p1 | 1.5C
Full,R10AFRICA,1.5C,gap_GJ_pc,DLE gap,GJ per capita of cumulative DLE gap,TRUE,REMIND,REMIND 3.0,ENGAGE,0,2,NA,96.55151624418649,FALSE,FALSE,NA,NA,NA,REMIND 3.0 | ENGAGE | 1.5C
Full,R10AFRICA,1.5C,gap_GJ_pc,DLE gap,GJ per capita of cumulative DLE gap,TRUE,REMIND,REMIND 3.0,NAVIGATE,1,0,118.0586558236168,NA,FALSE,FALSE,NA,NA,NA,REMIND 3.0 | NAVIGATE | 1.5C
Full,R10AFRICA,1.5C,gap_GJ_pc,DLE gap,GJ per capita of cumulative DLE gap,TRUE,REMIND,REMIND-Buildings 2.0,BEG,0,2,NA,101.20361955032726,FALSE,FALSE,NA,NA,NA,REMIND-Buildings 2.0 | BEG | 1.5C
Full,R10AFRICA,1.5C,gap_GJ_pc,DLE gap,GJ per capita of cumulative DLE gap,TRUE,REMIND,REMIND-MAgPIE 1.7-3.0,CD,0,4,NA,35.65742151955236,FALSE,FALSE,NA,NA,NA,REMIND-MAgPIE 1.7-3.0 | CD | 1.5C
Full,R10AFRICA,1.5C,gap_GJ_pc,DLE gap,GJ per capita of cumulative DLE gap,TRUE,REMIND,REMIND-MAgPIE 1.7-3.0,COMMIT,0,3,NA,35.54289496687062,FALSE,FALSE,NA,NA,NA,REMIND-MAgPIE 1.7-3.0 | COMMIT | 1.5C
Full,R10AFRICA,1.5C,gap_GJ_pc,DLE gap,GJ per capita of cumulative DLE gap,TRUE,REMIND,REMIND-MAgPIE 1.7-3.0,PEP,0,13,NA,40.34958539588684,FALSE,FALSE,NA,NA,NA,REMIND-MAgPIE 1.7-3.0 | PEP | 1.5C
Full,R10AFRICA,1.5C,gap_GJ_pc,DLE gap,GJ per capita of cumulative DLE gap,TRUE,REMIND,REMIND-MAgPIE 2.1-4.2,CEMICS,0,3,NA,40.967587106790894,FALSE,FALSE,NA,NA,NA,REMIND-MAgPIE 2.1-4.2 | CEMICS | 1.5C
Full,R10AFRICA,1.5C,gap_GJ_pc,DLE gap,GJ per capita of cumulative DLE gap,TRUE,REMIND,REMIND-MAgPIE 2.1-4.2,ENGAGE,0,19,NA,42.635911921181574,FALSE,FALSE,NA,NA,NA,REMIND-MAgPIE 2.1-4.2 | ENGAGE | 1.5C
Full,R10AFRICA,1.5C,gap_GJ_pc,DLE gap,GJ per capita of cumulative DLE gap,TRUE,REMIND,REMIND-MAgPIE 2.1-4.2,SusDev,0,2,NA,37.797402527805886,FALSE,FALSE,NA,NA,NA,REMIND-MAgPIE 2.1-4.2 | SusDev | 1.5C
Full,R10AFRICA,1.5C,gap_GJ_pc,DLE gap,GJ per capita of cumulative DLE gap,TRUE,REMIND,REMIND-MAgPIE 2.1-4.3,DeepElectrification,0,1,NA,56.6153196778298,FALSE,FALSE,NA,NA,NA,REMIND-MAgPIE 2.1-4.3 | DeepElectrification | 1.5C
Full,R10AFRICA,1.5C,gap_GJ_pc,DLE gap,GJ per capita of cumulative DLE gap,TRUE,REMIND,REMIND-MAgPIE 3.2.0-4.8.0,RESCUE,0,3,NA,60.405349020965154,FALSE,FALSE,NA,NA,NA,REMIND-MAgPIE 3.2.0-4.8.0 | RESCUE | 1.5C
Full,R10AFRICA,1.5C,gap_GJ_pc,DLE gap,GJ per capita of cumulative DLE gap,TRUE,REMIND,REMIND-MAgPIE 3.3-4.8,NGFS Phase 5,0,1,NA,100.89824821933742,FALSE,FALSE,NA,NA,NA,REMIND-MAgPIE 3.3-4.8 | NGFS Phase 5 | 1.5C
Full,R10AFRICA,1.5C,gap_GJ_pc,DLE gap,GJ per capita of cumulative DLE gap,TRUE,WITCH,WITCH 5.0,ENGAGE,6,0,266.92650307302284,NA,FALSE,FALSE,NA,NA,NA,WITCH 5.0 | ENGAGE | 1.5C
Full,R10AFRICA,1.5C,headcount_pct,Deprived share,population-year-weighted mean % below the DLE threshold,TRUE,AIM,AIM/CGE V2.2,ENGAGE,1,3,33.95318754476416,33.08245449457282,TRUE,FALSE,0.8707330501913404,2.564510472082654,High-RE,AIM/CGE V2.2 | ENGAGE | 1.5C
Full,R10AFRICA,1.5C,headcount_pct,Deprived share,population-year-weighted mean % below the DLE threshold,TRUE,GCAM,GCAM 5.3,Deep,7,0,6.714598466498094,NA,FALSE,FALSE,NA,NA,NA,GCAM 5.3 | Deep | 1.5C
Full,R10AFRICA,1.5C,headcount_pct,Deprived share,population-year-weighted mean % below the DLE threshold,TRUE,GCAM,GCAM 6.0 NGFS,NGFS Phase 5,0,1,NA,10.858789245945816,FALSE,FALSE,NA,NA,NA,GCAM 6.0 NGFS | NGFS Phase 5 | 1.5C
Full,R10AFRICA,1.5C,headcount_pct,Deprived share,population-year-weighted mean % below the DLE threshold,TRUE,IMAGE,IMAGE 3.2,SSP2021,12,0,12.841856208050318,NA,FALSE,FALSE,NA,NA,NA,IMAGE 3.2 | SSP2021 | 1.5C
Full,R10AFRICA,1.5C,headcount_pct,Deprived share,population-year-weighted mean % below the DLE threshold,TRUE,IMAGE,IMAGE 3.3,GEO7,2,0,31.072366893002684,NA,FALSE,FALSE,NA,NA,NA,IMAGE 3.3 | GEO7 | 1.5C
Full,R10AFRICA,1.5C,headcount_pct,Deprived share,population-year-weighted mean % below the DLE threshold,TRUE,IMAGE,IMAGE 3.3,SHAPE,9,0,14.8481210537801,NA,FALSE,FALSE,NA,NA,NA,IMAGE 3.3 | SHAPE | 1.5C
Full,R10AFRICA,1.5C,headcount_pct,Deprived share,population-year-weighted mean % below the DLE threshold,TRUE,MESSAGEix,MESSAGEix-GLOBIOM 1.1,ENGAGE,13,0,10.07178483295966,NA,FALSE,FALSE,NA,NA,NA,MESSAGEix-GLOBIOM 1.1 | ENGAGE | 1.5C
Full,R10AFRICA,1.5C,headcount_pct,Deprived share,population-year-weighted mean % below the DLE threshold,TRUE,MESSAGEix,MESSAGEix-GLOBIOM 1.1,NGFS Phase 2,1,0,12.607889298358463,NA,FALSE,FALSE,NA,NA,NA,MESSAGEix-GLOBIOM 1.1 | NGFS Phase 2 | 1.5C
Full,R10AFRICA,1.5C,headcount_pct,Deprived share,population-year-weighted mean % below the DLE threshold,TRUE,MESSAGEix,MESSAGEix-GLOBIOM 1.2,COVID,5,0,10.480654169836406,NA,FALSE,FALSE,NA,NA,NA,MESSAGEix-GLOBIOM 1.2 | COVID | 1.5C
Full,R10AFRICA,1.5C,headcount_pct,Deprived share,population-year-weighted mean % below the DLE threshold,TRUE,MESSAGEix,MESSAGEix-GLOBIOM GEI 1.0,GEI,6,3,7.223531425438634,7.6015445330291325,TRUE,TRUE,-0.37801310759049844,-5.233079020868859,High-CDR,MESSAGEix-GLOBIOM GEI 1.0 | GEI | 1.5C
Full,R10AFRICA,1.5C,headcount_pct,Deprived share,population-year-weighted mean % below the DLE threshold,TRUE,POLES,POLES-JRC ENGAGE,ENGAGE,4,1,22.0552019972996,17.896396603524682,TRUE,FALSE,4.158805393774919,18.85634688036009,High-RE,POLES-JRC ENGAGE | ENGAGE | 1.5C
Full,R10AFRICA,1.5C,headcount_pct,Deprived share,population-year-weighted mean % below the DLE threshold,TRUE,REMIND,REMIND 2.1,CEMICS,0,4,NA,9.015086563239175,FALSE,FALSE,NA,NA,NA,REMIND 2.1 | CEMICS | 1.5C
Full,R10AFRICA,1.5C,headcount_pct,Deprived share,population-year-weighted mean % below the DLE threshold,TRUE,REMIND,REMIND 2.1,R2p1,0,2,NA,6.970692652131456,FALSE,FALSE,NA,NA,NA,REMIND 2.1 | R2p1 | 1.5C
Full,R10AFRICA,1.5C,headcount_pct,Deprived share,population-year-weighted mean % below the DLE threshold,TRUE,REMIND,REMIND 3.0,ENGAGE,0,2,NA,15.8175620243203,FALSE,FALSE,NA,NA,NA,REMIND 3.0 | ENGAGE | 1.5C
Full,R10AFRICA,1.5C,headcount_pct,Deprived share,population-year-weighted mean % below the DLE threshold,TRUE,REMIND,REMIND 3.0,NAVIGATE,1,0,21.261895809935258,NA,FALSE,FALSE,NA,NA,NA,REMIND 3.0 | NAVIGATE | 1.5C
Full,R10AFRICA,1.5C,headcount_pct,Deprived share,population-year-weighted mean % below the DLE threshold,TRUE,REMIND,REMIND-Buildings 2.0,BEG,0,2,NA,14.74072820043012,FALSE,FALSE,NA,NA,NA,REMIND-Buildings 2.0 | BEG | 1.5C
Full,R10AFRICA,1.5C,headcount_pct,Deprived share,population-year-weighted mean % below the DLE threshold,TRUE,REMIND,REMIND-MAgPIE 1.7-3.0,CD,0,4,NA,7.553430471504244,FALSE,FALSE,NA,NA,NA,REMIND-MAgPIE 1.7-3.0 | CD | 1.5C
Full,R10AFRICA,1.5C,headcount_pct,Deprived share,population-year-weighted mean % below the DLE threshold,TRUE,REMIND,REMIND-MAgPIE 1.7-3.0,COMMIT,0,3,NA,7.359957828392381,FALSE,FALSE,NA,NA,NA,REMIND-MAgPIE 1.7-3.0 | COMMIT | 1.5C
Full,R10AFRICA,1.5C,headcount_pct,Deprived share,population-year-weighted mean % below the DLE threshold,TRUE,REMIND,REMIND-MAgPIE 1.7-3.0,PEP,0,13,NA,8.19862194777709,FALSE,FALSE,NA,NA,NA,REMIND-MAgPIE 1.7-3.0 | PEP | 1.5C
Full,R10AFRICA,1.5C,headcount_pct,Deprived share,population-year-weighted mean % below the DLE threshold,TRUE,REMIND,REMIND-MAgPIE 2.1-4.2,CEMICS,0,3,NA,9.581616014578636,FALSE,FALSE,NA,NA,NA,REMIND-MAgPIE 2.1-4.2 | CEMICS | 1.5C
Full,R10AFRICA,1.5C,headcount_pct,Deprived share,population-year-weighted mean % below the DLE threshold,TRUE,REMIND,REMIND-MAgPIE 2.1-4.2,ENGAGE,0,19,NA,8.437160225441556,FALSE,FALSE,NA,NA,NA,REMIND-MAgPIE 2.1-4.2 | ENGAGE | 1.5C
Full,R10AFRICA,1.5C,headcount_pct,Deprived share,population-year-weighted mean % below the DLE threshold,TRUE,REMIND,REMIND-MAgPIE 2.1-4.2,SusDev,0,2,NA,8.422177619736544,FALSE,FALSE,NA,NA,NA,REMIND-MAgPIE 2.1-4.2 | SusDev | 1.5C
Full,R10AFRICA,1.5C,headcount_pct,Deprived share,population-year-weighted mean % below the DLE threshold,TRUE,REMIND,REMIND-MAgPIE 2.1-4.3,DeepElectrification,0,1,NA,13.93799939658049,FALSE,FALSE,NA,NA,NA,REMIND-MAgPIE 2.1-4.3 | DeepElectrification | 1.5C
Full,R10AFRICA,1.5C,headcount_pct,Deprived share,population-year-weighted mean % below the DLE threshold,TRUE,REMIND,REMIND-MAgPIE 3.2.0-4.8.0,RESCUE,0,3,NA,10.656098689503908,FALSE,FALSE,NA,NA,NA,REMIND-MAgPIE 3.2.0-4.8.0 | RESCUE | 1.5C
Full,R10AFRICA,1.5C,headcount_pct,Deprived share,population-year-weighted mean % below the DLE threshold,TRUE,REMIND,REMIND-MAgPIE 3.3-4.8,NGFS Phase 5,0,1,NA,16.82182220823383,FALSE,FALSE,NA,NA,NA,REMIND-MAgPIE 3.3-4.8 | NGFS Phase 5 | 1.5C
Full,R10AFRICA,1.5C,headcount_pct,Deprived share,population-year-weighted mean % below the DLE threshold,TRUE,WITCH,WITCH 5.0,ENGAGE,6,0,48.94924358030994,NA,FALSE,FALSE,NA,NA,NA,WITCH 5.0 | ENGAGE | 1.5C
Full,R10AFRICA,1.5C,mortality_million_deaths,PM2.5 mortality,million cumulative PM2.5-attributable deaths,TRUE,AIM,AIM/CGE V2.2,ENGAGE,1,0,80.6444,NA,FALSE,FALSE,NA,NA,NA,AIM/CGE V2.2 | ENGAGE | 1.5C
Full,R10AFRICA,1.5C,mortality_million_deaths,PM2.5 mortality,million cumulative PM2.5-attributable deaths,TRUE,GCAM,GCAM 6.0 NGFS,NGFS Phase 5,0,1,NA,81.344555,FALSE,FALSE,NA,NA,NA,GCAM 6.0 NGFS | NGFS Phase 5 | 1.5C
Full,R10AFRICA,1.5C,mortality_million_deaths,PM2.5 mortality,million cumulative PM2.5-attributable deaths,TRUE,IMAGE,IMAGE 3.2,SSP2021,12,0,79.99031249999999,NA,FALSE,FALSE,NA,NA,NA,IMAGE 3.2 | SSP2021 | 1.5C
Full,R10AFRICA,1.5C,mortality_million_deaths,PM2.5 mortality,million cumulative PM2.5-attributable deaths,TRUE,IMAGE,IMAGE 3.3,GEO7,2,0,74.8091625,NA,FALSE,FALSE,NA,NA,NA,IMAGE 3.3 | GEO7 | 1.5C
Full,R10AFRICA,1.5C,mortality_million_deaths,PM2.5 mortality,million cumulative PM2.5-attributable deaths,TRUE,IMAGE,IMAGE 3.3,SHAPE,9,0,75.249735,NA,FALSE,FALSE,NA,NA,NA,IMAGE 3.3 | SHAPE | 1.5C
Full,R10AFRICA,1.5C,mortality_million_deaths,PM2.5 mortality,million cumulative PM2.5-attributable deaths,TRUE,MESSAGEix,MESSAGEix-GLOBIOM 1.1,ENGAGE,11,0,75.66909,NA,FALSE,FALSE,NA,NA,NA,MESSAGEix-GLOBIOM 1.1 | ENGAGE | 1.5C
Full,R10AFRICA,1.5C,mortality_million_deaths,PM2.5 mortality,million cumulative PM2.5-attributable deaths,TRUE,MESSAGEix,MESSAGEix-GLOBIOM 1.1,NGFS Phase 2,1,0,75.6144,NA,FALSE,FALSE,NA,NA,NA,MESSAGEix-GLOBIOM 1.1 | NGFS Phase 2 | 1.5C
Full,R10AFRICA,1.5C,mortality_million_deaths,PM2.5 mortality,million cumulative PM2.5-attributable deaths,TRUE,MESSAGEix,MESSAGEix-GLOBIOM 1.2,COVID,5,0,75.463835,NA,FALSE,FALSE,NA,NA,NA,MESSAGEix-GLOBIOM 1.2 | COVID | 1.5C
Full,R10AFRICA,1.5C,mortality_million_deaths,PM2.5 mortality,million cumulative PM2.5-attributable deaths,TRUE,MESSAGEix,MESSAGEix-GLOBIOM GEI 1.0,GEI,6,3,74.8559475,73.48171,TRUE,TRUE,1.3742374999999925,1.835842769874755,High-RE,MESSAGEix-GLOBIOM GEI 1.0 | GEI | 1.5C
Full,R10AFRICA,1.5C,mortality_million_deaths,PM2.5 mortality,million cumulative PM2.5-attributable deaths,TRUE,POLES,POLES-JRC ENGAGE,ENGAGE,4,0,71.09128999999999,NA,FALSE,FALSE,NA,NA,NA,POLES-JRC ENGAGE | ENGAGE | 1.5C
Full,R10AFRICA,1.5C,mortality_million_deaths,PM2.5 mortality,million cumulative PM2.5-attributable deaths,TRUE,REMIND,REMIND 2.1,R2p1,0,2,NA,78.41705250000001,FALSE,FALSE,NA,NA,NA,REMIND 2.1 | R2p1 | 1.5C
Full,R10AFRICA,1.5C,mortality_million_deaths,PM2.5 mortality,million cumulative PM2.5-attributable deaths,TRUE,REMIND,REMIND-Buildings 2.0,BEG,0,2,NA,78.567975,FALSE,FALSE,NA,NA,NA,REMIND-Buildings 2.0 | BEG | 1.5C
Full,R10AFRICA,1.5C,mortality_million_deaths,PM2.5 mortality,million cumulative PM2.5-attributable deaths,TRUE,REMIND,REMIND-MAgPIE 1.7-3.0,CD,0,4,NA,78.30795,FALSE,FALSE,NA,NA,NA,REMIND-MAgPIE 1.7-3.0 | CD | 1.5C
Full,R10AFRICA,1.5C,mortality_million_deaths,PM2.5 mortality,million cumulative PM2.5-attributable deaths,TRUE,REMIND,REMIND-MAgPIE 1.7-3.0,COMMIT,0,3,NA,78.455095,FALSE,FALSE,NA,NA,NA,REMIND-MAgPIE 1.7-3.0 | COMMIT | 1.5C
Full,R10AFRICA,1.5C,mortality_million_deaths,PM2.5 mortality,million cumulative PM2.5-attributable deaths,TRUE,REMIND,REMIND-MAgPIE 1.7-3.0,PEP,0,13,NA,78.1802,FALSE,FALSE,NA,NA,NA,REMIND-MAgPIE 1.7-3.0 | PEP | 1.5C
Full,R10AFRICA,1.5C,mortality_million_deaths,PM2.5 mortality,million cumulative PM2.5-attributable deaths,TRUE,REMIND,REMIND-MAgPIE 2.1-4.2,ENGAGE,0,19,NA,78.5115,FALSE,FALSE,NA,NA,NA,REMIND-MAgPIE 2.1-4.2 | ENGAGE | 1.5C
Full,R10AFRICA,1.5C,mortality_million_deaths,PM2.5 mortality,million cumulative PM2.5-attributable deaths,TRUE,REMIND,REMIND-MAgPIE 2.1-4.2,SusDev,0,2,NA,78.33516,FALSE,FALSE,NA,NA,NA,REMIND-MAgPIE 2.1-4.2 | SusDev | 1.5C
Full,R10AFRICA,1.5C,mortality_million_deaths,PM2.5 mortality,million cumulative PM2.5-attributable deaths,TRUE,REMIND,REMIND-MAgPIE 2.1-4.3,DeepElectrification,0,1,NA,78.10776,FALSE,FALSE,NA,NA,NA,REMIND-MAgPIE 2.1-4.3 | DeepElectrification | 1.5C
Full,R10AFRICA,1.5C,mortality_million_deaths,PM2.5 mortality,million cumulative PM2.5-attributable deaths,TRUE,REMIND,REMIND-MAgPIE 3.2.0-4.8.0,RESCUE,0,3,NA,78.659675,FALSE,FALSE,NA,NA,NA,REMIND-MAgPIE 3.2.0-4.8.0 | RESCUE | 1.5C
Full,R10AFRICA,1.5C,mortality_million_deaths,PM2.5 mortality,million cumulative PM2.5-attributable deaths,TRUE,REMIND,REMIND-MAgPIE 3.3-4.8,NGFS Phase 5,0,1,NA,78.522135,FALSE,FALSE,NA,NA,NA,REMIND-MAgPIE 3.3-4.8 | NGFS Phase 5 | 1.5C
Full,R10AFRICA,1.5C,mortality_million_deaths,PM2.5 mortality,million cumulative PM2.5-attributable deaths,TRUE,WITCH,WITCH 5.0,ENGAGE,6,0,66.83738500000001,NA,FALSE,FALSE,NA,NA,NA,WITCH 5.0 | ENGAGE | 1.5C
Full,R10AFRICA,1.5C,total_energy_jobyears_per_1k,Employment,"total energy-sector job-years per 1,000 people",FALSE,AIM,AIM/CGE V2.2,ENGAGE,1,3,249.53101613542853,193.77241735653254,TRUE,FALSE,-55.75859877889599,-22.34535796088531,High-CDR,AIM/CGE V2.2 | ENGAGE | 1.5C
Full,R10AFRICA,1.5C,total_energy_jobyears_per_1k,Employment,"total energy-sector job-years per 1,000 people",FALSE,GCAM,GCAM 6.0 NGFS,NGFS Phase 5,0,1,NA,1082.3722281011703,FALSE,FALSE,NA,NA,NA,GCAM 6.0 NGFS | NGFS Phase 5 | 1.5C
Full,R10AFRICA,1.5C,total_energy_jobyears_per_1k,Employment,"total energy-sector job-years per 1,000 people",FALSE,IMAGE,IMAGE 3.2,SSP2021,12,0,612.0137514551132,NA,FALSE,FALSE,NA,NA,NA,IMAGE 3.2 | SSP2021 | 1.5C
Full,R10AFRICA,1.5C,total_energy_jobyears_per_1k,Employment,"total energy-sector job-years per 1,000 people",FALSE,IMAGE,IMAGE 3.3,SHAPE,9,0,437.90676753230895,NA,FALSE,FALSE,NA,NA,NA,IMAGE 3.3 | SHAPE | 1.5C
Full,R10AFRICA,1.5C,total_energy_jobyears_per_1k,Employment,"total energy-sector job-years per 1,000 people",FALSE,MESSAGEix,MESSAGEix-GLOBIOM 1.1,ENGAGE,13,0,323.6905538450293,NA,FALSE,FALSE,NA,NA,NA,MESSAGEix-GLOBIOM 1.1 | ENGAGE | 1.5C
Full,R10AFRICA,1.5C,total_energy_jobyears_per_1k,Employment,"total energy-sector job-years per 1,000 people",FALSE,MESSAGEix,MESSAGEix-GLOBIOM 1.1,NGFS Phase 2,1,0,253.3998988417371,NA,FALSE,FALSE,NA,NA,NA,MESSAGEix-GLOBIOM 1.1 | NGFS Phase 2 | 1.5C
Full,R10AFRICA,1.5C,total_energy_jobyears_per_1k,Employment,"total energy-sector job-years per 1,000 people",FALSE,MESSAGEix,MESSAGEix-GLOBIOM 1.2,COVID,5,0,0.11186799990269176,NA,FALSE,FALSE,NA,NA,NA,MESSAGEix-GLOBIOM 1.2 | COVID | 1.5C
Full,R10AFRICA,1.5C,total_energy_jobyears_per_1k,Employment,"total energy-sector job-years per 1,000 people",FALSE,MESSAGEix,MESSAGEix-GLOBIOM GEI 1.0,GEI,6,3,331.57765053546444,362.3262943742936,TRUE,TRUE,30.74864383882914,9.273436792007297,High-RE,MESSAGEix-GLOBIOM GEI 1.0 | GEI | 1.5C
Full,R10AFRICA,1.5C,total_energy_jobyears_per_1k,Employment,"total energy-sector job-years per 1,000 people",FALSE,POLES,POLES-JRC ENGAGE,ENGAGE,4,1,454.15652326007887,398.3545630650825,TRUE,FALSE,-55.801960194996354,-12.286944552603202,High-CDR,POLES-JRC ENGAGE | ENGAGE | 1.5C
Full,R10AFRICA,1.5C,total_energy_jobyears_per_1k,Employment,"total energy-sector job-years per 1,000 people",FALSE,REMIND,REMIND 2.1,CEMICS,0,4,NA,1332.4116909162212,FALSE,FALSE,NA,NA,NA,REMIND 2.1 | CEMICS | 1.5C
Full,R10AFRICA,1.5C,total_energy_jobyears_per_1k,Employment,"total energy-sector job-years per 1,000 people",FALSE,REMIND,REMIND 2.1,R2p1,0,2,NA,1193.756457132561,FALSE,FALSE,NA,NA,NA,REMIND 2.1 | R2p1 | 1.5C
Full,R10AFRICA,1.5C,total_energy_jobyears_per_1k,Employment,"total energy-sector job-years per 1,000 people",FALSE,REMIND,REMIND 3.0,ENGAGE,0,2,NA,949.3116057249654,FALSE,FALSE,NA,NA,NA,REMIND 3.0 | ENGAGE | 1.5C
Full,R10AFRICA,1.5C,total_energy_jobyears_per_1k,Employment,"total energy-sector job-years per 1,000 people",FALSE,REMIND,REMIND 3.0,NAVIGATE,1,0,496.87016506176064,NA,FALSE,FALSE,NA,NA,NA,REMIND 3.0 | NAVIGATE | 1.5C
Full,R10AFRICA,1.5C,total_energy_jobyears_per_1k,Employment,"total energy-sector job-years per 1,000 people",FALSE,REMIND,REMIND-Buildings 2.0,BEG,0,2,NA,1151.2214371240507,FALSE,FALSE,NA,NA,NA,REMIND-Buildings 2.0 | BEG | 1.5C
Full,R10AFRICA,1.5C,total_energy_jobyears_per_1k,Employment,"total energy-sector job-years per 1,000 people",FALSE,REMIND,REMIND-MAgPIE 1.7-3.0,CD,0,4,NA,1005.0100094350469,FALSE,FALSE,NA,NA,NA,REMIND-MAgPIE 1.7-3.0 | CD | 1.5C
Full,R10AFRICA,1.5C,total_energy_jobyears_per_1k,Employment,"total energy-sector job-years per 1,000 people",FALSE,REMIND,REMIND-MAgPIE 1.7-3.0,COMMIT,0,3,NA,918.5304473826876,FALSE,FALSE,NA,NA,NA,REMIND-MAgPIE 1.7-3.0 | COMMIT | 1.5C
Full,R10AFRICA,1.5C,total_energy_jobyears_per_1k,Employment,"total energy-sector job-years per 1,000 people",FALSE,REMIND,REMIND-MAgPIE 1.7-3.0,PEP,0,13,NA,1030.5524755873935,FALSE,FALSE,NA,NA,NA,REMIND-MAgPIE 1.7-3.0 | PEP | 1.5C
Full,R10AFRICA,1.5C,total_energy_jobyears_per_1k,Employment,"total energy-sector job-years per 1,000 people",FALSE,REMIND,REMIND-MAgPIE 2.1-4.2,CEMICS,0,3,NA,1196.3220215704407,FALSE,FALSE,NA,NA,NA,REMIND-MAgPIE 2.1-4.2 | CEMICS | 1.5C
Full,R10AFRICA,1.5C,total_energy_jobyears_per_1k,Employment,"total energy-sector job-years per 1,000 people",FALSE,REMIND,REMIND-MAgPIE 2.1-4.2,ENGAGE,0,19,NA,1176.3799064480438,FALSE,FALSE,NA,NA,NA,REMIND-MAgPIE 2.1-4.2 | ENGAGE | 1.5C
Full,R10AFRICA,1.5C,total_energy_jobyears_per_1k,Employment,"total energy-sector job-years per 1,000 people",FALSE,REMIND,REMIND-MAgPIE 2.1-4.2,SusDev,0,2,NA,848.6018732196799,FALSE,FALSE,NA,NA,NA,REMIND-MAgPIE 2.1-4.2 | SusDev | 1.5C
Full,R10AFRICA,1.5C,total_energy_jobyears_per_1k,Employment,"total energy-sector job-years per 1,000 people",FALSE,REMIND,REMIND-MAgPIE 2.1-4.3,DeepElectrification,0,1,NA,994.597262512249,FALSE,FALSE,NA,NA,NA,REMIND-MAgPIE 2.1-4.3 | DeepElectrification | 1.5C
Full,R10AFRICA,1.5C,total_energy_jobyears_per_1k,Employment,"total energy-sector job-years per 1,000 people",FALSE,REMIND,REMIND-MAgPIE 3.2.0-4.8.0,RESCUE,0,3,NA,1080.837841967905,FALSE,FALSE,NA,NA,NA,REMIND-MAgPIE 3.2.0-4.8.0 | RESCUE | 1.5C
Full,R10AFRICA,1.5C,total_energy_jobyears_per_1k,Employment,"total energy-sector job-years per 1,000 people",FALSE,REMIND,REMIND-MAgPIE 3.3-4.8,NGFS Phase 5,0,1,NA,826.4777471938536,FALSE,FALSE,NA,NA,NA,REMIND-MAgPIE 3.3-4.8 | NGFS Phase 5 | 1.5C
Full,R10AFRICA,1.5C,total_energy_jobyears_per_1k,Employment,"total energy-sector job-years per 1,000 people",FALSE,WITCH,WITCH 5.0,ENGAGE,6,0,227.03992374668402,NA,FALSE,FALSE,NA,NA,NA,WITCH 5.0 | ENGAGE | 1.5C
Full,R10AFRICA,2C,gap_GJ_pc,DLE gap,GJ per capita of cumulative DLE gap,TRUE,AIM,AIM/CGE V2.2,ENGAGE,20,11,156.4570088340038,167.48738956083375,TRUE,TRUE,-11.030380726829947,-7.050103289736831,High-CDR,AIM/CGE V2.2 | ENGAGE | 2C
Full,R10AFRICA,2C,gap_GJ_pc,DLE gap,GJ per capita of cumulative DLE gap,TRUE,GCAM,GCAM 5.3,Deep,23,0,34.592289966540456,NA,FALSE,FALSE,NA,NA,NA,GCAM 5.3 | Deep | 2C
Full,R10AFRICA,2C,gap_GJ_pc,DLE gap,GJ per capita of cumulative DLE gap,TRUE,GCAM,GCAM 6.0 NGFS,NGFS Phase 5,0,4,NA,53.672156658458775,FALSE,FALSE,NA,NA,NA,GCAM 6.0 NGFS | NGFS Phase 5 | 2C
Full,R10AFRICA,2C,gap_GJ_pc,DLE gap,GJ per capita of cumulative DLE gap,TRUE,GCAM,GCAM 7.0,IAM,3,0,45.67433689770297,NA,FALSE,FALSE,NA,NA,NA,GCAM 7.0 | IAM | 2C
Full,R10AFRICA,2C,gap_GJ_pc,DLE gap,GJ per capita of cumulative DLE gap,TRUE,IMAGE,IMAGE 3.0,ENGAGE,20,0,72.43053869634792,NA,FALSE,FALSE,NA,NA,NA,IMAGE 3.0 | ENGAGE | 2C
Full,R10AFRICA,2C,gap_GJ_pc,DLE gap,GJ per capita of cumulative DLE gap,TRUE,IMAGE,IMAGE 3.2,ENGAGE,9,0,73.7595416134043,NA,FALSE,FALSE,NA,NA,NA,IMAGE 3.2 | ENGAGE | 2C
Full,R10AFRICA,2C,gap_GJ_pc,DLE gap,GJ per capita of cumulative DLE gap,TRUE,IMAGE,IMAGE 3.2,SSP2021,8,2,62.84443002622361,55.600597029178275,TRUE,FALSE,7.243832997045338,11.526611020296698,High-RE,IMAGE 3.2 | SSP2021 | 2C
Full,R10AFRICA,2C,gap_GJ_pc,DLE gap,GJ per capita of cumulative DLE gap,TRUE,IMAGE,IMAGE 3.3,NAVIGATE,8,0,125.12099564526832,NA,FALSE,FALSE,NA,NA,NA,IMAGE 3.3 | NAVIGATE | 2C
Full,R10AFRICA,2C,gap_GJ_pc,DLE gap,GJ per capita of cumulative DLE gap,TRUE,MESSAGEix,MESSAGEix-GLOBIOM 1.1,ENGAGE,62,20,37.65021156202573,32.82850067709349,TRUE,TRUE,4.821710884932244,12.806597054544724,High-RE,MESSAGEix-GLOBIOM 1.1 | ENGAGE | 2C
Full,R10AFRICA,2C,gap_GJ_pc,DLE gap,GJ per capita of cumulative DLE gap,TRUE,MESSAGEix,MESSAGEix-GLOBIOM 1.1,NGFS Phase 2,1,1,49.3711006213869,53.0525398049671,TRUE,FALSE,-3.6814391835801956,-7.456668247710575,High-CDR,MESSAGEix-GLOBIOM 1.1 | NGFS Phase 2 | 2C
Full,R10AFRICA,2C,gap_GJ_pc,DLE gap,GJ per capita of cumulative DLE gap,TRUE,MESSAGEix,MESSAGEix-GLOBIOM 1.2,COVID,5,0,38.60803950556044,NA,FALSE,FALSE,NA,NA,NA,MESSAGEix-GLOBIOM 1.2 | COVID | 2C
Full,R10AFRICA,2C,gap_GJ_pc,DLE gap,GJ per capita of cumulative DLE gap,TRUE,MESSAGEix,MESSAGEix-GLOBIOM 2.0-M-R12-NGFS,NGFS Phase 5,0,2,NA,147.404484644625,FALSE,FALSE,NA,NA,NA,MESSAGEix-GLOBIOM 2.0-M-R12-NGFS | NGFS Phase 5 | 2C
Full,R10AFRICA,2C,gap_GJ_pc,DLE gap,GJ per capita of cumulative DLE gap,TRUE,MESSAGEix,MESSAGEix-GLOBIOM GEI 1.0,GEI,6,1,33.64410408215295,36.11067488454552,TRUE,FALSE,-2.4665708023925674,-7.3313612286112235,High-CDR,MESSAGEix-GLOBIOM GEI 1.0 | GEI | 2C
Full,R10AFRICA,2C,gap_GJ_pc,DLE gap,GJ per capita of cumulative DLE gap,TRUE,POLES,POLES-JRC ENGAGE,ENGAGE,56,8,102.51219698166761,112.70886744994402,TRUE,TRUE,-10.196670468276409,-9.946787571141307,High-CDR,POLES-JRC ENGAGE | ENGAGE | 2C
Full,R10AFRICA,2C,gap_GJ_pc,DLE gap,GJ per capita of cumulative DLE gap,TRUE,REMIND,REMIND 2.1,CEMICS,0,5,NA,37.856850901450095,FALSE,FALSE,NA,NA,NA,REMIND 2.1 | CEMICS | 2C
Full,R10AFRICA,2C,gap_GJ_pc,DLE gap,GJ per capita of cumulative DLE gap,TRUE,REMIND,REMIND 2.1,LeastTotalCost,0,11,NA,40.18070014621035,FALSE,FALSE,NA,NA,NA,REMIND 2.1 | LeastTotalCost | 2C
Full,R10AFRICA,2C,gap_GJ_pc,DLE gap,GJ per capita of cumulative DLE gap,TRUE,REMIND,REMIND 2.1,R2p1,0,8,NA,30.7969400406046,FALSE,FALSE,NA,NA,NA,REMIND 2.1 | R2p1 | 2C
Full,R10AFRICA,2C,gap_GJ_pc,DLE gap,GJ per capita of cumulative DLE gap,TRUE,REMIND,REMIND 2.1,TechCost,0,9,NA,37.09751680943198,FALSE,FALSE,NA,NA,NA,REMIND 2.1 | TechCost | 2C
Full,R10AFRICA,2C,gap_GJ_pc,DLE gap,GJ per capita of cumulative DLE gap,TRUE,REMIND,REMIND 3.0,ENGAGE,0,14,NA,67.55450110558905,FALSE,FALSE,NA,NA,NA,REMIND 3.0 | ENGAGE | 2C
Full,R10AFRICA,2C,gap_GJ_pc,DLE gap,GJ per capita of cumulative DLE gap,TRUE,REMIND,REMIND 3.0,NAVIGATE,0,7,NA,67.86259373592263,FALSE,FALSE,NA,NA,NA,REMIND 3.0 | NAVIGATE | 2C
Full,R10AFRICA,2C,gap_GJ_pc,DLE gap,GJ per capita of cumulative DLE gap,TRUE,REMIND,REMIND-MAgPIE 1.7-3.0,CD,0,5,NA,25.92058724997604,FALSE,FALSE,NA,NA,NA,REMIND-MAgPIE 1.7-3.0 | CD | 2C
Full,R10AFRICA,2C,gap_GJ_pc,DLE gap,GJ per capita of cumulative DLE gap,TRUE,REMIND,REMIND-MAgPIE 1.7-3.0,COMMIT,0,4,NA,26.783971809772126,FALSE,FALSE,NA,NA,NA,REMIND-MAgPIE 1.7-3.0 | COMMIT | 2C
Full,R10AFRICA,2C,gap_GJ_pc,DLE gap,GJ per capita of cumulative DLE gap,TRUE,REMIND,REMIND-MAgPIE 1.7-3.0,PEP,0,5,NA,28.47578528367952,FALSE,FALSE,NA,NA,NA,REMIND-MAgPIE 1.7-3.0 | PEP | 2C
Full,R10AFRICA,2C,gap_GJ_pc,DLE gap,GJ per capita of cumulative DLE gap,TRUE,REMIND,REMIND-MAgPIE 2.0-4.1,Diff,0,4,NA,37.71079897036218,FALSE,FALSE,NA,NA,NA,REMIND-MAgPIE 2.0-4.1 | Diff | 2C
Full,R10AFRICA,2C,gap_GJ_pc,DLE gap,GJ per capita of cumulative DLE gap,TRUE,REMIND,REMIND-MAgPIE 2.1-4.2,CEMICS,0,3,NA,35.987755043610946,FALSE,FALSE,NA,NA,NA,REMIND-MAgPIE 2.1-4.2 | CEMICS | 2C
Full,R10AFRICA,2C,gap_GJ_pc,DLE gap,GJ per capita of cumulative DLE gap,TRUE,REMIND,REMIND-MAgPIE 2.1-4.2,ENGAGE,0,59,NA,36.72231074651147,FALSE,FALSE,NA,NA,NA,REMIND-MAgPIE 2.1-4.2 | ENGAGE | 2C
Full,R10AFRICA,2C,gap_GJ_pc,DLE gap,GJ per capita of cumulative DLE gap,TRUE,REMIND,REMIND-MAgPIE 2.1-4.2,NGFS Phase 2,0,5,NA,69.8121454119387,FALSE,FALSE,NA,NA,NA,REMIND-MAgPIE 2.1-4.2 | NGFS Phase 2 | 2C
Full,R10AFRICA,2C,gap_GJ_pc,DLE gap,GJ per capita of cumulative DLE gap,TRUE,REMIND,REMIND-MAgPIE 2.1-4.2,SusDev,0,3,NA,33.03686533065826,FALSE,FALSE,NA,NA,NA,REMIND-MAgPIE 2.1-4.2 | SusDev | 2C
Full,R10AFRICA,2C,gap_GJ_pc,DLE gap,GJ per capita of cumulative DLE gap,TRUE,REMIND,REMIND-MAgPIE 2.1-4.3,DeepElectrification,0,3,NA,41.10128341995788,FALSE,FALSE,NA,NA,NA,REMIND-MAgPIE 2.1-4.3 | DeepElectrification | 2C
Full,R10AFRICA,2C,gap_GJ_pc,DLE gap,GJ per capita of cumulative DLE gap,TRUE,REMIND,REMIND-MAgPIE 3.2-4.6,SHAPE,0,2,NA,48.207975612456494,FALSE,FALSE,NA,NA,NA,REMIND-MAgPIE 3.2-4.6 | SHAPE | 2C
Full,R10AFRICA,2C,gap_GJ_pc,DLE gap,GJ per capita of cumulative DLE gap,TRUE,REMIND,REMIND-MAgPIE 3.2.0-4.8.0,RESCUE,0,5,NA,60.36252345208421,FALSE,FALSE,NA,NA,NA,REMIND-MAgPIE 3.2.0-4.8.0 | RESCUE | 2C
Full,R10AFRICA,2C,gap_GJ_pc,DLE gap,GJ per capita of cumulative DLE gap,TRUE,REMIND,REMIND-MAgPIE 3.3-4.8,NGFS Phase 5,0,5,NA,67.71455778370141,FALSE,FALSE,NA,NA,NA,REMIND-MAgPIE 3.3-4.8 | NGFS Phase 5 | 2C
Full,R10AFRICA,2C,gap_GJ_pc,DLE gap,GJ per capita of cumulative DLE gap,TRUE,REMIND,REMIND-Transport 2.1,Transport,0,8,NA,38.76078787325674,FALSE,FALSE,NA,NA,NA,REMIND-Transport 2.1 | Transport | 2C
Full,R10AFRICA,2C,gap_GJ_pc,DLE gap,GJ per capita of cumulative DLE gap,TRUE,WITCH,WITCH 5.0,COMMIT,2,1,247.16869530616384,189.03886924257148,TRUE,FALSE,58.12982606359236,23.518280092706682,High-RE,WITCH 5.0 | COMMIT | 2C
Full,R10AFRICA,2C,gap_GJ_pc,DLE gap,GJ per capita of cumulative DLE gap,TRUE,WITCH,WITCH 5.0,ENGAGE,0,11,NA,99.10784625555344,FALSE,FALSE,NA,NA,NA,WITCH 5.0 | ENGAGE | 2C
Full,R10AFRICA,2C,gap_GJ_pc,DLE gap,GJ per capita of cumulative DLE gap,TRUE,WITCH,WITCH 5.0,NAVIGATE,0,4,NA,113.83994755475393,FALSE,FALSE,NA,NA,NA,WITCH 5.0 | NAVIGATE | 2C
Full,R10AFRICA,2C,headcount_pct,Deprived share,population-year-weighted mean % below the DLE threshold,TRUE,AIM,AIM/CGE V2.2,ENGAGE,20,11,31.689875295779913,33.326374812461054,TRUE,TRUE,-1.6364995166811411,-5.164108414459652,High-CDR,AIM/CGE V2.2 | ENGAGE | 2C
Full,R10AFRICA,2C,headcount_pct,Deprived share,population-year-weighted mean % below the DLE threshold,TRUE,GCAM,GCAM 5.3,Deep,23,0,5.708826130386437,NA,FALSE,FALSE,NA,NA,NA,GCAM 5.3 | Deep | 2C
Full,R10AFRICA,2C,headcount_pct,Deprived share,population-year-weighted mean % below the DLE threshold,TRUE,GCAM,GCAM 6.0 NGFS,NGFS Phase 5,0,4,NA,7.9568851058533365,FALSE,FALSE,NA,NA,NA,GCAM 6.0 NGFS | NGFS Phase 5 | 2C
Full,R10AFRICA,2C,headcount_pct,Deprived share,population-year-weighted mean % below the DLE threshold,TRUE,GCAM,GCAM 7.0,IAM,3,0,6.88336462858682,NA,FALSE,FALSE,NA,NA,NA,GCAM 7.0 | IAM | 2C
Full,R10AFRICA,2C,headcount_pct,Deprived share,population-year-weighted mean % below the DLE threshold,TRUE,IMAGE,IMAGE 3.0,ENGAGE,20,0,12.340747433586948,NA,FALSE,FALSE,NA,NA,NA,IMAGE 3.0 | ENGAGE | 2C
Full,R10AFRICA,2C,headcount_pct,Deprived share,population-year-weighted mean % below the DLE threshold,TRUE,IMAGE,IMAGE 3.2,ENGAGE,9,0,11.976925680480896,NA,FALSE,FALSE,NA,NA,NA,IMAGE 3.2 | ENGAGE | 2C
Full,R10AFRICA,2C,headcount_pct,Deprived share,population-year-weighted mean % below the DLE threshold,TRUE,IMAGE,IMAGE 3.2,SSP2021,8,2,11.540388220412488,9.611481064456967,TRUE,FALSE,1.928907155955521,16.714404395371165,High-RE,IMAGE 3.2 | SSP2021 | 2C
Full,R10AFRICA,2C,headcount_pct,Deprived share,population-year-weighted mean % below the DLE threshold,TRUE,IMAGE,IMAGE 3.3,NAVIGATE,8,0,21.446591981544376,NA,FALSE,FALSE,NA,NA,NA,IMAGE 3.3 | NAVIGATE | 2C
Full,R10AFRICA,2C,headcount_pct,Deprived share,population-year-weighted mean % below the DLE threshold,TRUE,MESSAGEix,MESSAGEix-GLOBIOM 1.1,ENGAGE,62,20,8.134575359853013,7.66078141145748,TRUE,TRUE,0.47379394839553335,5.824445990553765,High-RE,MESSAGEix-GLOBIOM 1.1 | ENGAGE | 2C
Full,R10AFRICA,2C,headcount_pct,Deprived share,population-year-weighted mean % below the DLE threshold,TRUE,MESSAGEix,MESSAGEix-GLOBIOM 1.1,NGFS Phase 2,1,1,10.675014678570282,12.332483749901163,TRUE,FALSE,-1.6574690713308815,-15.52662100463611,High-CDR,MESSAGEix-GLOBIOM 1.1 | NGFS Phase 2 | 2C
Full,R10AFRICA,2C,headcount_pct,Deprived share,population-year-weighted mean % below the DLE threshold,TRUE,MESSAGEix,MESSAGEix-GLOBIOM 1.2,COVID,5,0,8.33393540348529,NA,FALSE,FALSE,NA,NA,NA,MESSAGEix-GLOBIOM 1.2 | COVID | 2C
Full,R10AFRICA,2C,headcount_pct,Deprived share,population-year-weighted mean % below the DLE threshold,TRUE,MESSAGEix,MESSAGEix-GLOBIOM 2.0-M-R12-NGFS,NGFS Phase 5,0,2,NA,22.23640537823362,FALSE,FALSE,NA,NA,NA,MESSAGEix-GLOBIOM 2.0-M-R12-NGFS | NGFS Phase 5 | 2C
Full,R10AFRICA,2C,headcount_pct,Deprived share,population-year-weighted mean % below the DLE threshold,TRUE,MESSAGEix,MESSAGEix-GLOBIOM GEI 1.0,GEI,6,1,6.6855416118192394,7.122483306957333,TRUE,FALSE,-0.4369416951380938,-6.535621502461865,High-CDR,MESSAGEix-GLOBIOM GEI 1.0 | GEI | 2C
Full,R10AFRICA,2C,headcount_pct,Deprived share,population-year-weighted mean % below the DLE threshold,TRUE,POLES,POLES-JRC ENGAGE,ENGAGE,56,8,17.511478896668205,17.69180663883772,TRUE,TRUE,-0.18032774216951353,-1.0297687775749387,High-CDR,POLES-JRC ENGAGE | ENGAGE | 2C
Full,R10AFRICA,2C,headcount_pct,Deprived share,population-year-weighted mean % below the DLE threshold,TRUE,REMIND,REMIND 2.1,CEMICS,0,5,NA,7.569939358257118,FALSE,FALSE,NA,NA,NA,REMIND 2.1 | CEMICS | 2C
Full,R10AFRICA,2C,headcount_pct,Deprived share,population-year-weighted mean % below the DLE threshold,TRUE,REMIND,REMIND 2.1,LeastTotalCost,0,11,NA,8.253939283124998,FALSE,FALSE,NA,NA,NA,REMIND 2.1 | LeastTotalCost | 2C
Full,R10AFRICA,2C,headcount_pct,Deprived share,population-year-weighted mean % below the DLE threshold,TRUE,REMIND,REMIND 2.1,R2p1,0,8,NA,6.156669656494351,FALSE,FALSE,NA,NA,NA,REMIND 2.1 | R2p1 | 2C
Full,R10AFRICA,2C,headcount_pct,Deprived share,population-year-weighted mean % below the DLE threshold,TRUE,REMIND,REMIND 2.1,TechCost,0,9,NA,7.639950543319183,FALSE,FALSE,NA,NA,NA,REMIND 2.1 | TechCost | 2C
Full,R10AFRICA,2C,headcount_pct,Deprived share,population-year-weighted mean % below the DLE threshold,TRUE,REMIND,REMIND 3.0,ENGAGE,0,14,NA,11.185518185515587,FALSE,FALSE,NA,NA,NA,REMIND 3.0 | ENGAGE | 2C
Full,R10AFRICA,2C,headcount_pct,Deprived share,population-year-weighted mean % below the DLE threshold,TRUE,REMIND,REMIND 3.0,NAVIGATE,0,7,NA,11.148236018577183,FALSE,FALSE,NA,NA,NA,REMIND 3.0 | NAVIGATE | 2C
Full,R10AFRICA,2C,headcount_pct,Deprived share,population-year-weighted mean % below the DLE threshold,TRUE,REMIND,REMIND-MAgPIE 1.7-3.0,CD,0,5,NA,4.8434766810032075,FALSE,FALSE,NA,NA,NA,REMIND-MAgPIE 1.7-3.0 | CD | 2C
Full,R10AFRICA,2C,headcount_pct,Deprived share,population-year-weighted mean % below the DLE threshold,TRUE,REMIND,REMIND-MAgPIE 1.7-3.0,COMMIT,0,4,NA,4.992268932210644,FALSE,FALSE,NA,NA,NA,REMIND-MAgPIE 1.7-3.0 | COMMIT | 2C
Full,R10AFRICA,2C,headcount_pct,Deprived share,population-year-weighted mean % below the DLE threshold,TRUE,REMIND,REMIND-MAgPIE 1.7-3.0,PEP,0,5,NA,5.216446062427832,FALSE,FALSE,NA,NA,NA,REMIND-MAgPIE 1.7-3.0 | PEP | 2C
Full,R10AFRICA,2C,headcount_pct,Deprived share,population-year-weighted mean % below the DLE threshold,TRUE,REMIND,REMIND-MAgPIE 2.0-4.1,Diff,0,4,NA,7.337870911328959,FALSE,FALSE,NA,NA,NA,REMIND-MAgPIE 2.0-4.1 | Diff | 2C
Full,R10AFRICA,2C,headcount_pct,Deprived share,population-year-weighted mean % below the DLE threshold,TRUE,REMIND,REMIND-MAgPIE 2.1-4.2,CEMICS,0,3,NA,7.344631058223426,FALSE,FALSE,NA,NA,NA,REMIND-MAgPIE 2.1-4.2 | CEMICS | 2C
Full,R10AFRICA,2C,headcount_pct,Deprived share,population-year-weighted mean % below the DLE threshold,TRUE,REMIND,REMIND-MAgPIE 2.1-4.2,ENGAGE,0,59,NA,7.29922208516062,FALSE,FALSE,NA,NA,NA,REMIND-MAgPIE 2.1-4.2 | ENGAGE | 2C
Full,R10AFRICA,2C,headcount_pct,Deprived share,population-year-weighted mean % below the DLE threshold,TRUE,REMIND,REMIND-MAgPIE 2.1-4.2,NGFS Phase 2,0,5,NA,15.33402305170174,FALSE,FALSE,NA,NA,NA,REMIND-MAgPIE 2.1-4.2 | NGFS Phase 2 | 2C
Full,R10AFRICA,2C,headcount_pct,Deprived share,population-year-weighted mean % below the DLE threshold,TRUE,REMIND,REMIND-MAgPIE 2.1-4.2,SusDev,0,3,NA,6.8476631983274086,FALSE,FALSE,NA,NA,NA,REMIND-MAgPIE 2.1-4.2 | SusDev | 2C
Full,R10AFRICA,2C,headcount_pct,Deprived share,population-year-weighted mean % below the DLE threshold,TRUE,REMIND,REMIND-MAgPIE 2.1-4.3,DeepElectrification,0,3,NA,10.223197188757274,FALSE,FALSE,NA,NA,NA,REMIND-MAgPIE 2.1-4.3 | DeepElectrification | 2C
Full,R10AFRICA,2C,headcount_pct,Deprived share,population-year-weighted mean % below the DLE threshold,TRUE,REMIND,REMIND-MAgPIE 3.2-4.6,SHAPE,0,2,NA,7.060014754576703,FALSE,FALSE,NA,NA,NA,REMIND-MAgPIE 3.2-4.6 | SHAPE | 2C
Full,R10AFRICA,2C,headcount_pct,Deprived share,population-year-weighted mean % below the DLE threshold,TRUE,REMIND,REMIND-MAgPIE 3.2.0-4.8.0,RESCUE,0,5,NA,9.925792395427516,FALSE,FALSE,NA,NA,NA,REMIND-MAgPIE 3.2.0-4.8.0 | RESCUE | 2C
Full,R10AFRICA,2C,headcount_pct,Deprived share,population-year-weighted mean % below the DLE threshold,TRUE,REMIND,REMIND-MAgPIE 3.3-4.8,NGFS Phase 5,0,5,NA,11.80246371161894,FALSE,FALSE,NA,NA,NA,REMIND-MAgPIE 3.3-4.8 | NGFS Phase 5 | 2C
Full,R10AFRICA,2C,headcount_pct,Deprived share,population-year-weighted mean % below the DLE threshold,TRUE,REMIND,REMIND-Transport 2.1,Transport,0,8,NA,8.163589813607185,FALSE,FALSE,NA,NA,NA,REMIND-Transport 2.1 | Transport | 2C
Full,R10AFRICA,2C,headcount_pct,Deprived share,population-year-weighted mean % below the DLE threshold,TRUE,WITCH,WITCH 5.0,COMMIT,2,1,48.71675950794188,37.987501939713134,TRUE,FALSE,10.729257568228746,22.02375050516167,High-RE,WITCH 5.0 | COMMIT | 2C
Full,R10AFRICA,2C,headcount_pct,Deprived share,population-year-weighted mean % below the DLE threshold,TRUE,WITCH,WITCH 5.0,ENGAGE,0,11,NA,16.051007462298163,FALSE,FALSE,NA,NA,NA,WITCH 5.0 | ENGAGE | 2C
Full,R10AFRICA,2C,headcount_pct,Deprived share,population-year-weighted mean % below the DLE threshold,TRUE,WITCH,WITCH 5.0,NAVIGATE,0,4,NA,18.21378068212029,FALSE,FALSE,NA,NA,NA,WITCH 5.0 | NAVIGATE | 2C
Full,R10AFRICA,2C,mortality_million_deaths,PM2.5 mortality,million cumulative PM2.5-attributable deaths,TRUE,AIM,AIM/CGE V2.2,ENGAGE,20,4,79.62859499999999,80.680865,TRUE,TRUE,-1.0522700000000071,-1.3214725187603866,High-CDR,AIM/CGE V2.2 | ENGAGE | 2C
Full,R10AFRICA,2C,mortality_million_deaths,PM2.5 mortality,million cumulative PM2.5-attributable deaths,TRUE,GCAM,GCAM 6.0 NGFS,NGFS Phase 5,0,4,NA,84.17089,FALSE,FALSE,NA,NA,NA,GCAM 6.0 NGFS | NGFS Phase 5 | 2C
Full,R10AFRICA,2C,mortality_million_deaths,PM2.5 mortality,million cumulative PM2.5-attributable deaths,TRUE,GCAM,GCAM 7.0,IAM,3,0,86.122715,NA,FALSE,FALSE,NA,NA,NA,GCAM 7.0 | IAM | 2C
Full,R10AFRICA,2C,mortality_million_deaths,PM2.5 mortality,million cumulative PM2.5-attributable deaths,TRUE,IMAGE,IMAGE 3.0,ENGAGE,20,0,76.25685250000001,NA,FALSE,FALSE,NA,NA,NA,IMAGE 3.0 | ENGAGE | 2C
Full,R10AFRICA,2C,mortality_million_deaths,PM2.5 mortality,million cumulative PM2.5-attributable deaths,TRUE,IMAGE,IMAGE 3.2,SSP2021,8,2,82.2130975,78.24088499999999,TRUE,FALSE,3.972212500000012,4.8316054507008594,High-RE,IMAGE 3.2 | SSP2021 | 2C
Full,R10AFRICA,2C,mortality_million_deaths,PM2.5 mortality,million cumulative PM2.5-attributable deaths,TRUE,IMAGE,IMAGE 3.3,NAVIGATE,8,0,78.7380425,NA,FALSE,FALSE,NA,NA,NA,IMAGE 3.3 | NAVIGATE | 2C
Full,R10AFRICA,2C,mortality_million_deaths,PM2.5 mortality,million cumulative PM2.5-attributable deaths,TRUE,MESSAGEix,MESSAGEix-GLOBIOM 1.1,ENGAGE,60,17,77.2165725,75.729155,TRUE,TRUE,1.4874174999999923,1.9262930894789358,High-RE,MESSAGEix-GLOBIOM 1.1 | ENGAGE | 2C
Full,R10AFRICA,2C,mortality_million_deaths,PM2.5 mortality,million cumulative PM2.5-attributable deaths,TRUE,MESSAGEix,MESSAGEix-GLOBIOM 1.1,NGFS Phase 2,1,1,76.374835,76.511755,TRUE,FALSE,-0.13691999999998927,-0.17927370972387602,High-CDR,MESSAGEix-GLOBIOM 1.1 | NGFS Phase 2 | 2C
Full,R10AFRICA,2C,mortality_million_deaths,PM2.5 mortality,million cumulative PM2.5-attributable deaths,TRUE,MESSAGEix,MESSAGEix-GLOBIOM 1.2,COVID,5,0,76.432035,NA,FALSE,FALSE,NA,NA,NA,MESSAGEix-GLOBIOM 1.2 | COVID | 2C
Full,R10AFRICA,2C,mortality_million_deaths,PM2.5 mortality,million cumulative PM2.5-attributable deaths,TRUE,MESSAGEix,MESSAGEix-GLOBIOM 2.0-M-R12-NGFS,NGFS Phase 5,0,2,NA,74.74360999999999,FALSE,FALSE,NA,NA,NA,MESSAGEix-GLOBIOM 2.0-M-R12-NGFS | NGFS Phase 5 | 2C
Full,R10AFRICA,2C,mortality_million_deaths,PM2.5 mortality,million cumulative PM2.5-attributable deaths,TRUE,MESSAGEix,MESSAGEix-GLOBIOM GEI 1.0,GEI,6,1,77.136615,75.049185,TRUE,FALSE,2.087430000000012,2.706146750152326,High-RE,MESSAGEix-GLOBIOM GEI 1.0 | GEI | 2C
Full,R10AFRICA,2C,mortality_million_deaths,PM2.5 mortality,million cumulative PM2.5-attributable deaths,TRUE,POLES,POLES-JRC ENGAGE,ENGAGE,56,0,72.3631675,NA,FALSE,FALSE,NA,NA,NA,POLES-JRC ENGAGE | ENGAGE | 2C
Full,R10AFRICA,2C,mortality_million_deaths,PM2.5 mortality,million cumulative PM2.5-attributable deaths,TRUE,REMIND,REMIND 2.1,CEMICS,0,1,NA,79.55564,FALSE,FALSE,NA,NA,NA,REMIND 2.1 | CEMICS | 2C
Full,R10AFRICA,2C,mortality_million_deaths,PM2.5 mortality,million cumulative PM2.5-attributable deaths,TRUE,REMIND,REMIND 2.1,LeastTotalCost,0,11,NA,78.616455,FALSE,FALSE,NA,NA,NA,REMIND 2.1 | LeastTotalCost | 2C
Full,R10AFRICA,2C,mortality_million_deaths,PM2.5 mortality,million cumulative PM2.5-attributable deaths,TRUE,REMIND,REMIND 2.1,R2p1,0,8,NA,78.71120250000001,FALSE,FALSE,NA,NA,NA,REMIND 2.1 | R2p1 | 2C
Full,R10AFRICA,2C,mortality_million_deaths,PM2.5 mortality,million cumulative PM2.5-attributable deaths,TRUE,REMIND,REMIND 2.1,TechCost,0,9,NA,78.710175,FALSE,FALSE,NA,NA,NA,REMIND 2.1 | TechCost | 2C
Full,R10AFRICA,2C,mortality_million_deaths,PM2.5 mortality,million cumulative PM2.5-attributable deaths,TRUE,REMIND,REMIND 3.0,NAVIGATE,0,3,NA,78.63461,FALSE,FALSE,NA,NA,NA,REMIND 3.0 | NAVIGATE | 2C
Full,R10AFRICA,2C,mortality_million_deaths,PM2.5 mortality,million cumulative PM2.5-attributable deaths,TRUE,REMIND,REMIND-MAgPIE 1.7-3.0,CD,0,5,NA,79.40675,FALSE,FALSE,NA,NA,NA,REMIND-MAgPIE 1.7-3.0 | CD | 2C
Full,R10AFRICA,2C,mortality_million_deaths,PM2.5 mortality,million cumulative PM2.5-attributable deaths,TRUE,REMIND,REMIND-MAgPIE 1.7-3.0,COMMIT,0,4,NA,79.350075,FALSE,FALSE,NA,NA,NA,REMIND-MAgPIE 1.7-3.0 | COMMIT | 2C
Full,R10AFRICA,2C,mortality_million_deaths,PM2.5 mortality,million cumulative PM2.5-attributable deaths,TRUE,REMIND,REMIND-MAgPIE 1.7-3.0,PEP,0,5,NA,79.27333,FALSE,FALSE,NA,NA,NA,REMIND-MAgPIE 1.7-3.0 | PEP | 2C
Full,R10AFRICA,2C,mortality_million_deaths,PM2.5 mortality,million cumulative PM2.5-attributable deaths,TRUE,REMIND,REMIND-MAgPIE 2.1-4.2,CEMICS,0,1,NA,79.569655,FALSE,FALSE,NA,NA,NA,REMIND-MAgPIE 2.1-4.2 | CEMICS | 2C
Full,R10AFRICA,2C,mortality_million_deaths,PM2.5 mortality,million cumulative PM2.5-attributable deaths,TRUE,REMIND,REMIND-MAgPIE 2.1-4.2,ENGAGE,0,59,NA,78.751225,FALSE,FALSE,NA,NA,NA,REMIND-MAgPIE 2.1-4.2 | ENGAGE | 2C
Full,R10AFRICA,2C,mortality_million_deaths,PM2.5 mortality,million cumulative PM2.5-attributable deaths,TRUE,REMIND,REMIND-MAgPIE 2.1-4.2,NGFS Phase 2,0,2,NA,78.7457775,FALSE,FALSE,NA,NA,NA,REMIND-MAgPIE 2.1-4.2 | NGFS Phase 2 | 2C
Full,R10AFRICA,2C,mortality_million_deaths,PM2.5 mortality,million cumulative PM2.5-attributable deaths,TRUE,REMIND,REMIND-MAgPIE 2.1-4.2,SusDev,0,3,NA,78.68237,FALSE,FALSE,NA,NA,NA,REMIND-MAgPIE 2.1-4.2 | SusDev | 2C
Full,R10AFRICA,2C,mortality_million_deaths,PM2.5 mortality,million cumulative PM2.5-attributable deaths,TRUE,REMIND,REMIND-MAgPIE 2.1-4.3,DeepElectrification,0,3,NA,78.349245,FALSE,FALSE,NA,NA,NA,REMIND-MAgPIE 2.1-4.3 | DeepElectrification | 2C
Full,R10AFRICA,2C,mortality_million_deaths,PM2.5 mortality,million cumulative PM2.5-attributable deaths,TRUE,REMIND,REMIND-MAgPIE 3.2-4.6,SHAPE,0,2,NA,78.7214,FALSE,FALSE,NA,NA,NA,REMIND-MAgPIE 3.2-4.6 | SHAPE | 2C
Full,R10AFRICA,2C,mortality_million_deaths,PM2.5 mortality,million cumulative PM2.5-attributable deaths,TRUE,REMIND,REMIND-MAgPIE 3.2.0-4.8.0,RESCUE,0,5,NA,78.82282,FALSE,FALSE,NA,NA,NA,REMIND-MAgPIE 3.2.0-4.8.0 | RESCUE | 2C
Full,R10AFRICA,2C,mortality_million_deaths,PM2.5 mortality,million cumulative PM2.5-attributable deaths,TRUE,REMIND,REMIND-MAgPIE 3.3-4.8,NGFS Phase 5,0,5,NA,78.917735,FALSE,FALSE,NA,NA,NA,REMIND-MAgPIE 3.3-4.8 | NGFS Phase 5 | 2C
Full,R10AFRICA,2C,mortality_million_deaths,PM2.5 mortality,million cumulative PM2.5-attributable deaths,TRUE,REMIND,REMIND-Transport 2.1,Transport,0,8,NA,78.55644000000001,FALSE,FALSE,NA,NA,NA,REMIND-Transport 2.1 | Transport | 2C
Full,R10AFRICA,2C,mortality_million_deaths,PM2.5 mortality,million cumulative PM2.5-attributable deaths,TRUE,WITCH,WITCH 5.0,COMMIT,2,1,66.924015,67.031375,TRUE,FALSE,-0.1073599999999999,-0.16042073984951427,High-CDR,WITCH 5.0 | COMMIT | 2C
Full,R10AFRICA,2C,mortality_million_deaths,PM2.5 mortality,million cumulative PM2.5-attributable deaths,TRUE,WITCH,WITCH 5.0,ENGAGE,0,2,NA,67.45863750000001,FALSE,FALSE,NA,NA,NA,WITCH 5.0 | ENGAGE | 2C
Full,R10AFRICA,2C,mortality_million_deaths,PM2.5 mortality,million cumulative PM2.5-attributable deaths,TRUE,WITCH,WITCH 5.0,NAVIGATE,0,4,NA,66.874685,FALSE,FALSE,NA,NA,NA,WITCH 5.0 | NAVIGATE | 2C
Full,R10AFRICA,2C,total_energy_jobyears_per_1k,Employment,"total energy-sector job-years per 1,000 people",FALSE,AIM,AIM/CGE V2.2,ENGAGE,20,11,208.28747040626146,216.12382736592258,TRUE,TRUE,7.836356959661117,3.7622795765757897,High-RE,AIM/CGE V2.2 | ENGAGE | 2C
Full,R10AFRICA,2C,total_energy_jobyears_per_1k,Employment,"total energy-sector job-years per 1,000 people",FALSE,COFFEE,COFFEE 1.1,ENGAGE,0,8,NA,112.83411823428038,FALSE,FALSE,NA,NA,NA,COFFEE 1.1 | ENGAGE | 2C
Full,R10AFRICA,2C,total_energy_jobyears_per_1k,Employment,"total energy-sector job-years per 1,000 people",FALSE,GCAM,GCAM 6.0 NGFS,NGFS Phase 5,0,4,NA,956.577640006888,FALSE,FALSE,NA,NA,NA,GCAM 6.0 NGFS | NGFS Phase 5 | 2C
Full,R10AFRICA,2C,total_energy_jobyears_per_1k,Employment,"total energy-sector job-years per 1,000 people",FALSE,GCAM,GCAM 7.0,IAM,3,0,322.59716900141126,NA,FALSE,FALSE,NA,NA,NA,GCAM 7.0 | IAM | 2C
Full,R10AFRICA,2C,total_energy_jobyears_per_1k,Employment,"total energy-sector job-years per 1,000 people",FALSE,IMAGE,IMAGE 3.0,ENGAGE,20,0,205.5032960612908,NA,FALSE,FALSE,NA,NA,NA,IMAGE 3.0 | ENGAGE | 2C
Full,R10AFRICA,2C,total_energy_jobyears_per_1k,Employment,"total energy-sector job-years per 1,000 people",FALSE,IMAGE,IMAGE 3.2,ENGAGE,9,0,220.87791353636007,NA,FALSE,FALSE,NA,NA,NA,IMAGE 3.2 | ENGAGE | 2C
Full,R10AFRICA,2C,total_energy_jobyears_per_1k,Employment,"total energy-sector job-years per 1,000 people",FALSE,IMAGE,IMAGE 3.2,SSP2021,8,2,318.5832364460872,787.1938619580692,TRUE,FALSE,468.610625511982,147.09205378773387,High-RE,IMAGE 3.2 | SSP2021 | 2C
Full,R10AFRICA,2C,total_energy_jobyears_per_1k,Employment,"total energy-sector job-years per 1,000 people",FALSE,IMAGE,IMAGE 3.3,NAVIGATE,8,0,282.48697801427045,NA,FALSE,FALSE,NA,NA,NA,IMAGE 3.3 | NAVIGATE | 2C
Full,R10AFRICA,2C,total_energy_jobyears_per_1k,Employment,"total energy-sector job-years per 1,000 people",FALSE,MESSAGEix,MESSAGEix-GLOBIOM 1.1,ENGAGE,62,20,302.05633913087627,280.54393499313994,TRUE,TRUE,-21.512404137736326,-7.121983997963817,High-CDR,MESSAGEix-GLOBIOM 1.1 | ENGAGE | 2C
Full,R10AFRICA,2C,total_energy_jobyears_per_1k,Employment,"total energy-sector job-years per 1,000 people",FALSE,MESSAGEix,MESSAGEix-GLOBIOM 1.1,NGFS Phase 2,1,1,252.8098964466622,237.41303827683814,TRUE,FALSE,-15.396858169824071,-6.090290920661209,High-CDR,MESSAGEix-GLOBIOM 1.1 | NGFS Phase 2 | 2C
Full,R10AFRICA,2C,total_energy_jobyears_per_1k,Employment,"total energy-sector job-years per 1,000 people",FALSE,MESSAGEix,MESSAGEix-GLOBIOM 1.2,COVID,5,0,0.34628333072298473,NA,FALSE,FALSE,NA,NA,NA,MESSAGEix-GLOBIOM 1.2 | COVID | 2C
Full,R10AFRICA,2C,total_energy_jobyears_per_1k,Employment,"total energy-sector job-years per 1,000 people",FALSE,MESSAGEix,MESSAGEix-GLOBIOM 2.0-M-R12-NGFS,NGFS Phase 5,0,2,NA,379.00684245097926,FALSE,FALSE,NA,NA,NA,MESSAGEix-GLOBIOM 2.0-M-R12-NGFS | NGFS Phase 5 | 2C
Full,R10AFRICA,2C,total_energy_jobyears_per_1k,Employment,"total energy-sector job-years per 1,000 people",FALSE,MESSAGEix,MESSAGEix-GLOBIOM GEI 1.0,GEI,6,1,275.4706241551709,331.0749454382319,TRUE,FALSE,55.60432128306098,20.185209023136856,High-RE,MESSAGEix-GLOBIOM GEI 1.0 | GEI | 2C
Full,R10AFRICA,2C,total_energy_jobyears_per_1k,Employment,"total energy-sector job-years per 1,000 people",FALSE,POLES,POLES-JRC ENGAGE,ENGAGE,56,8,410.7495488927673,388.2758719981857,TRUE,TRUE,-22.47367689458156,-5.471382002770907,High-CDR,POLES-JRC ENGAGE | ENGAGE | 2C
Full,R10AFRICA,2C,total_energy_jobyears_per_1k,Employment,"total energy-sector job-years per 1,000 people",FALSE,REMIND,REMIND 2.1,CEMICS,0,5,NA,1039.517801393582,FALSE,FALSE,NA,NA,NA,REMIND 2.1 | CEMICS | 2C
Full,R10AFRICA,2C,total_energy_jobyears_per_1k,Employment,"total energy-sector job-years per 1,000 people",FALSE,REMIND,REMIND 2.1,LeastTotalCost,0,11,NA,831.409376367786,FALSE,FALSE,NA,NA,NA,REMIND 2.1 | LeastTotalCost | 2C
Full,R10AFRICA,2C,total_energy_jobyears_per_1k,Employment,"total energy-sector job-years per 1,000 people",FALSE,REMIND,REMIND 2.1,R2p1,0,8,NA,797.4078196101719,FALSE,FALSE,NA,NA,NA,REMIND 2.1 | R2p1 | 2C
Full,R10AFRICA,2C,total_energy_jobyears_per_1k,Employment,"total energy-sector job-years per 1,000 people",FALSE,REMIND,REMIND 2.1,TechCost,0,9,NA,1274.0287554782458,FALSE,FALSE,NA,NA,NA,REMIND 2.1 | TechCost | 2C
Full,R10AFRICA,2C,total_energy_jobyears_per_1k,Employment,"total energy-sector job-years per 1,000 people",FALSE,REMIND,REMIND 3.0,ENGAGE,0,14,NA,909.0454113723004,FALSE,FALSE,NA,NA,NA,REMIND 3.0 | ENGAGE | 2C
Full,R10AFRICA,2C,total_energy_jobyears_per_1k,Employment,"total energy-sector job-years per 1,000 people",FALSE,REMIND,REMIND 3.0,NAVIGATE,0,7,NA,642.6293331781987,FALSE,FALSE,NA,NA,NA,REMIND 3.0 | NAVIGATE | 2C
Full,R10AFRICA,2C,total_energy_jobyears_per_1k,Employment,"total energy-sector job-years per 1,000 people",FALSE,REMIND,REMIND-MAgPIE 1.7-3.0,CD,0,5,NA,783.4455231966778,FALSE,FALSE,NA,NA,NA,REMIND-MAgPIE 1.7-3.0 | CD | 2C
Full,R10AFRICA,2C,total_energy_jobyears_per_1k,Employment,"total energy-sector job-years per 1,000 people",FALSE,REMIND,REMIND-MAgPIE 1.7-3.0,COMMIT,0,4,NA,710.1757001281649,FALSE,FALSE,NA,NA,NA,REMIND-MAgPIE 1.7-3.0 | COMMIT | 2C
Full,R10AFRICA,2C,total_energy_jobyears_per_1k,Employment,"total energy-sector job-years per 1,000 people",FALSE,REMIND,REMIND-MAgPIE 1.7-3.0,PEP,0,5,NA,710.5480451923547,FALSE,FALSE,NA,NA,NA,REMIND-MAgPIE 1.7-3.0 | PEP | 2C
Full,R10AFRICA,2C,total_energy_jobyears_per_1k,Employment,"total energy-sector job-years per 1,000 people",FALSE,REMIND,REMIND-MAgPIE 2.0-4.1,Diff,0,4,NA,794.3056246138685,FALSE,FALSE,NA,NA,NA,REMIND-MAgPIE 2.0-4.1 | Diff | 2C
Full,R10AFRICA,2C,total_energy_jobyears_per_1k,Employment,"total energy-sector job-years per 1,000 people",FALSE,REMIND,REMIND-MAgPIE 2.1-4.2,CEMICS,0,3,NA,1073.9151240857407,FALSE,FALSE,NA,NA,NA,REMIND-MAgPIE 2.1-4.2 | CEMICS | 2C
Full,R10AFRICA,2C,total_energy_jobyears_per_1k,Employment,"total energy-sector job-years per 1,000 people",FALSE,REMIND,REMIND-MAgPIE 2.1-4.2,ENGAGE,0,59,NA,869.220530253559,FALSE,FALSE,NA,NA,NA,REMIND-MAgPIE 2.1-4.2 | ENGAGE | 2C
Full,R10AFRICA,2C,total_energy_jobyears_per_1k,Employment,"total energy-sector job-years per 1,000 people",FALSE,REMIND,REMIND-MAgPIE 2.1-4.2,NGFS Phase 2,0,5,NA,384.3659615478263,FALSE,FALSE,NA,NA,NA,REMIND-MAgPIE 2.1-4.2 | NGFS Phase 2 | 2C
Full,R10AFRICA,2C,total_energy_jobyears_per_1k,Employment,"total energy-sector job-years per 1,000 people",FALSE,REMIND,REMIND-MAgPIE 2.1-4.2,SusDev,0,3,NA,638.8880822191262,FALSE,FALSE,NA,NA,NA,REMIND-MAgPIE 2.1-4.2 | SusDev | 2C
Full,R10AFRICA,2C,total_energy_jobyears_per_1k,Employment,"total energy-sector job-years per 1,000 people",FALSE,REMIND,REMIND-MAgPIE 2.1-4.3,DeepElectrification,0,3,NA,896.1368883726975,FALSE,FALSE,NA,NA,NA,REMIND-MAgPIE 2.1-4.3 | DeepElectrification | 2C
Full,R10AFRICA,2C,total_energy_jobyears_per_1k,Employment,"total energy-sector job-years per 1,000 people",FALSE,REMIND,REMIND-MAgPIE 3.2-4.6,SHAPE,0,2,NA,1058.274981469207,FALSE,FALSE,NA,NA,NA,REMIND-MAgPIE 3.2-4.6 | SHAPE | 2C
Full,R10AFRICA,2C,total_energy_jobyears_per_1k,Employment,"total energy-sector job-years per 1,000 people",FALSE,REMIND,REMIND-MAgPIE 3.2.0-4.8.0,RESCUE,0,5,NA,1248.2649361914953,FALSE,FALSE,NA,NA,NA,REMIND-MAgPIE 3.2.0-4.8.0 | RESCUE | 2C
Full,R10AFRICA,2C,total_energy_jobyears_per_1k,Employment,"total energy-sector job-years per 1,000 people",FALSE,REMIND,REMIND-MAgPIE 3.3-4.8,NGFS Phase 5,0,5,NA,699.9363082940171,FALSE,FALSE,NA,NA,NA,REMIND-MAgPIE 3.3-4.8 | NGFS Phase 5 | 2C
Full,R10AFRICA,2C,total_energy_jobyears_per_1k,Employment,"total energy-sector job-years per 1,000 people",FALSE,REMIND,REMIND-Transport 2.1,Transport,0,8,NA,1118.4671889317888,FALSE,FALSE,NA,NA,NA,REMIND-Transport 2.1 | Transport | 2C
Full,R10AFRICA,2C,total_energy_jobyears_per_1k,Employment,"total energy-sector job-years per 1,000 people",FALSE,TIAM,TIAM-ECN 1.1,ENGAGE,12,0,51.858259836517064,NA,FALSE,FALSE,NA,NA,NA,TIAM-ECN 1.1 | ENGAGE | 2C
Full,R10AFRICA,2C,total_energy_jobyears_per_1k,Employment,"total energy-sector job-years per 1,000 people",FALSE,WITCH,WITCH 5.0,COMMIT,2,1,189.58629072033398,426.965369798844,TRUE,FALSE,237.37907907851002,125.20898962503412,High-RE,WITCH 5.0 | COMMIT | 2C
Full,R10AFRICA,2C,total_energy_jobyears_per_1k,Employment,"total energy-sector job-years per 1,000 people",FALSE,WITCH,WITCH 5.0,ENGAGE,0,11,NA,485.367023054693,FALSE,FALSE,NA,NA,NA,WITCH 5.0 | ENGAGE | 2C
Full,R10AFRICA,2C,total_energy_jobyears_per_1k,Employment,"total energy-sector job-years per 1,000 people",FALSE,WITCH,WITCH 5.0,NAVIGATE,0,4,NA,712.5234736408757,FALSE,FALSE,NA,NA,NA,WITCH 5.0 | NAVIGATE | 2C
Full,R10CHINA+,1.5C,gap_GJ_pc,DLE gap,GJ per capita of cumulative DLE gap,TRUE,AIM,AIM/CGE V2.2,ENGAGE,1,3,18.608394956138767,16.96330640608199,TRUE,FALSE,1.6450885500567765,8.840571978047329,High-RE,AIM/CGE V2.2 | ENGAGE | 1.5C
Full,R10CHINA+,1.5C,gap_GJ_pc,DLE gap,GJ per capita of cumulative DLE gap,TRUE,GCAM,GCAM 5.3,Deep,7,0,18.445157916119825,NA,FALSE,FALSE,NA,NA,NA,GCAM 5.3 | Deep | 1.5C
Full,R10CHINA+,1.5C,gap_GJ_pc,DLE gap,GJ per capita of cumulative DLE gap,TRUE,GCAM,GCAM 6.0 NGFS,NGFS Phase 5,0,1,NA,16.08960898754322,FALSE,FALSE,NA,NA,NA,GCAM 6.0 NGFS | NGFS Phase 5 | 1.5C
Full,R10CHINA+,1.5C,gap_GJ_pc,DLE gap,GJ per capita of cumulative DLE gap,TRUE,IMAGE,IMAGE 3.2,SSP2021,12,0,22.04969032311797,NA,FALSE,FALSE,NA,NA,NA,IMAGE 3.2 | SSP2021 | 1.5C
Full,R10CHINA+,1.5C,gap_GJ_pc,DLE gap,GJ per capita of cumulative DLE gap,TRUE,IMAGE,IMAGE 3.3,GEO7,2,0,30.942494449186675,NA,FALSE,FALSE,NA,NA,NA,IMAGE 3.3 | GEO7 | 1.5C
Full,R10CHINA+,1.5C,gap_GJ_pc,DLE gap,GJ per capita of cumulative DLE gap,TRUE,IMAGE,IMAGE 3.3,SHAPE,9,0,22.604724350249477,NA,FALSE,FALSE,NA,NA,NA,IMAGE 3.3 | SHAPE | 1.5C
Full,R10CHINA+,1.5C,gap_GJ_pc,DLE gap,GJ per capita of cumulative DLE gap,TRUE,MESSAGEix,MESSAGEix-GLOBIOM 1.1,ENGAGE,13,0,25.126115574788862,NA,FALSE,FALSE,NA,NA,NA,MESSAGEix-GLOBIOM 1.1 | ENGAGE | 1.5C
Full,R10CHINA+,1.5C,gap_GJ_pc,DLE gap,GJ per capita of cumulative DLE gap,TRUE,MESSAGEix,MESSAGEix-GLOBIOM 1.1,NGFS Phase 2,1,0,26.786060648048693,NA,FALSE,FALSE,NA,NA,NA,MESSAGEix-GLOBIOM 1.1 | NGFS Phase 2 | 1.5C
Full,R10CHINA+,1.5C,gap_GJ_pc,DLE gap,GJ per capita of cumulative DLE gap,TRUE,MESSAGEix,MESSAGEix-GLOBIOM 1.2,COVID,5,0,26.81320767417651,NA,FALSE,FALSE,NA,NA,NA,MESSAGEix-GLOBIOM 1.2 | COVID | 1.5C
Full,R10CHINA+,1.5C,gap_GJ_pc,DLE gap,GJ per capita of cumulative DLE gap,TRUE,MESSAGEix,MESSAGEix-GLOBIOM GEI 1.0,GEI,6,3,19.310402851612082,20.80204923787343,TRUE,TRUE,-1.4916463862613476,-7.724574146503739,High-CDR,MESSAGEix-GLOBIOM GEI 1.0 | GEI | 1.5C
Full,R10CHINA+,1.5C,gap_GJ_pc,DLE gap,GJ per capita of cumulative DLE gap,TRUE,POLES,POLES-JRC ENGAGE,ENGAGE,4,1,16.845677616402185,16.87634302541143,TRUE,FALSE,-0.03066540900924508,-0.18203725434818363,High-CDR,POLES-JRC ENGAGE | ENGAGE | 1.5C
Full,R10CHINA+,1.5C,gap_GJ_pc,DLE gap,GJ per capita of cumulative DLE gap,TRUE,REMIND,REMIND 2.1,CEMICS,0,4,NA,16.58833944466806,FALSE,FALSE,NA,NA,NA,REMIND 2.1 | CEMICS | 1.5C
Full,R10CHINA+,1.5C,gap_GJ_pc,DLE gap,GJ per capita of cumulative DLE gap,TRUE,REMIND,REMIND 2.1,R2p1,0,2,NA,13.259602096997934,FALSE,FALSE,NA,NA,NA,REMIND 2.1 | R2p1 | 1.5C
Full,R10CHINA+,1.5C,gap_GJ_pc,DLE gap,GJ per capita of cumulative DLE gap,TRUE,REMIND,REMIND 3.0,ENGAGE,0,2,NA,20.27989817666895,FALSE,FALSE,NA,NA,NA,REMIND 3.0 | ENGAGE | 1.5C
Full,R10CHINA+,1.5C,gap_GJ_pc,DLE gap,GJ per capita of cumulative DLE gap,TRUE,REMIND,REMIND 3.0,NAVIGATE,1,0,25.535838876808903,NA,FALSE,FALSE,NA,NA,NA,REMIND 3.0 | NAVIGATE | 1.5C
Full,R10CHINA+,1.5C,gap_GJ_pc,DLE gap,GJ per capita of cumulative DLE gap,TRUE,REMIND,REMIND-Buildings 2.0,BEG,0,2,NA,14.405720874253596,FALSE,FALSE,NA,NA,NA,REMIND-Buildings 2.0 | BEG | 1.5C
Full,R10CHINA+,1.5C,gap_GJ_pc,DLE gap,GJ per capita of cumulative DLE gap,TRUE,REMIND,REMIND-MAgPIE 1.7-3.0,CD,0,4,NA,13.399268855435231,FALSE,FALSE,NA,NA,NA,REMIND-MAgPIE 1.7-3.0 | CD | 1.5C
Full,R10CHINA+,1.5C,gap_GJ_pc,DLE gap,GJ per capita of cumulative DLE gap,TRUE,REMIND,REMIND-MAgPIE 1.7-3.0,COMMIT,0,3,NA,10.590853372454696,FALSE,FALSE,NA,NA,NA,REMIND-MAgPIE 1.7-3.0 | COMMIT | 1.5C
Full,R10CHINA+,1.5C,gap_GJ_pc,DLE gap,GJ per capita of cumulative DLE gap,TRUE,REMIND,REMIND-MAgPIE 1.7-3.0,PEP,0,13,NA,11.55683551234041,FALSE,FALSE,NA,NA,NA,REMIND-MAgPIE 1.7-3.0 | PEP | 1.5C
Full,R10CHINA+,1.5C,gap_GJ_pc,DLE gap,GJ per capita of cumulative DLE gap,TRUE,REMIND,REMIND-MAgPIE 2.1-4.2,CEMICS,0,3,NA,19.23772836945981,FALSE,FALSE,NA,NA,NA,REMIND-MAgPIE 2.1-4.2 | CEMICS | 1.5C
Full,R10CHINA+,1.5C,gap_GJ_pc,DLE gap,GJ per capita of cumulative DLE gap,TRUE,REMIND,REMIND-MAgPIE 2.1-4.2,ENGAGE,0,19,NA,15.996918758416948,FALSE,FALSE,NA,NA,NA,REMIND-MAgPIE 2.1-4.2 | ENGAGE | 1.5C
Full,R10CHINA+,1.5C,gap_GJ_pc,DLE gap,GJ per capita of cumulative DLE gap,TRUE,REMIND,REMIND-MAgPIE 2.1-4.2,SusDev,0,2,NA,17.444794699359953,FALSE,FALSE,NA,NA,NA,REMIND-MAgPIE 2.1-4.2 | SusDev | 1.5C
Full,R10CHINA+,1.5C,gap_GJ_pc,DLE gap,GJ per capita of cumulative DLE gap,TRUE,REMIND,REMIND-MAgPIE 2.1-4.3,DeepElectrification,0,1,NA,20.29390567946208,FALSE,FALSE,NA,NA,NA,REMIND-MAgPIE 2.1-4.3 | DeepElectrification | 1.5C
Full,R10CHINA+,1.5C,gap_GJ_pc,DLE gap,GJ per capita of cumulative DLE gap,TRUE,REMIND,REMIND-MAgPIE 3.2.0-4.8.0,RESCUE,0,3,NA,15.31220433060446,FALSE,FALSE,NA,NA,NA,REMIND-MAgPIE 3.2.0-4.8.0 | RESCUE | 1.5C
Full,R10CHINA+,1.5C,gap_GJ_pc,DLE gap,GJ per capita of cumulative DLE gap,TRUE,REMIND,REMIND-MAgPIE 3.3-4.8,NGFS Phase 5,0,1,NA,17.634126641008375,FALSE,FALSE,NA,NA,NA,REMIND-MAgPIE 3.3-4.8 | NGFS Phase 5 | 1.5C
Full,R10CHINA+,1.5C,gap_GJ_pc,DLE gap,GJ per capita of cumulative DLE gap,TRUE,WITCH,WITCH 5.0,ENGAGE,6,0,22.343479324738503,NA,FALSE,FALSE,NA,NA,NA,WITCH 5.0 | ENGAGE | 1.5C
Full,R10CHINA+,1.5C,headcount_pct,Deprived share,population-year-weighted mean % below the DLE threshold,TRUE,AIM,AIM/CGE V2.2,ENGAGE,1,3,5.325773742710884,4.925168631034696,TRUE,FALSE,0.40060511167618795,7.522007712484517,High-RE,AIM/CGE V2.2 | ENGAGE | 1.5C
Full,R10CHINA+,1.5C,headcount_pct,Deprived share,population-year-weighted mean % below the DLE threshold,TRUE,GCAM,GCAM 5.3,Deep,7,0,5.684648223650588,NA,FALSE,FALSE,NA,NA,NA,GCAM 5.3 | Deep | 1.5C
Full,R10CHINA+,1.5C,headcount_pct,Deprived share,population-year-weighted mean % below the DLE threshold,TRUE,GCAM,GCAM 6.0 NGFS,NGFS Phase 5,0,1,NA,5.052711342918753,FALSE,FALSE,NA,NA,NA,GCAM 6.0 NGFS | NGFS Phase 5 | 1.5C
Full,R10CHINA+,1.5C,headcount_pct,Deprived share,population-year-weighted mean % below the DLE threshold,TRUE,IMAGE,IMAGE 3.2,SSP2021,12,0,7.506058510718784,NA,FALSE,FALSE,NA,NA,NA,IMAGE 3.2 | SSP2021 | 1.5C
Full,R10CHINA+,1.5C,headcount_pct,Deprived share,population-year-weighted mean % below the DLE threshold,TRUE,IMAGE,IMAGE 3.3,GEO7,2,0,10.59074755681544,NA,FALSE,FALSE,NA,NA,NA,IMAGE 3.3 | GEO7 | 1.5C
Full,R10CHINA+,1.5C,headcount_pct,Deprived share,population-year-weighted mean % below the DLE threshold,TRUE,IMAGE,IMAGE 3.3,SHAPE,9,0,7.227696664436042,NA,FALSE,FALSE,NA,NA,NA,IMAGE 3.3 | SHAPE | 1.5C
Full,R10CHINA+,1.5C,headcount_pct,Deprived share,population-year-weighted mean % below the DLE threshold,TRUE,MESSAGEix,MESSAGEix-GLOBIOM 1.1,ENGAGE,13,0,7.1546809897929995,NA,FALSE,FALSE,NA,NA,NA,MESSAGEix-GLOBIOM 1.1 | ENGAGE | 1.5C
Full,R10CHINA+,1.5C,headcount_pct,Deprived share,population-year-weighted mean % below the DLE threshold,TRUE,MESSAGEix,MESSAGEix-GLOBIOM 1.1,NGFS Phase 2,1,0,7.569508730553672,NA,FALSE,FALSE,NA,NA,NA,MESSAGEix-GLOBIOM 1.1 | NGFS Phase 2 | 1.5C
Full,R10CHINA+,1.5C,headcount_pct,Deprived share,population-year-weighted mean % below the DLE threshold,TRUE,MESSAGEix,MESSAGEix-GLOBIOM 1.2,COVID,5,0,7.541893024664716,NA,FALSE,FALSE,NA,NA,NA,MESSAGEix-GLOBIOM 1.2 | COVID | 1.5C
Full,R10CHINA+,1.5C,headcount_pct,Deprived share,population-year-weighted mean % below the DLE threshold,TRUE,MESSAGEix,MESSAGEix-GLOBIOM GEI 1.0,GEI,6,3,5.3928945918727065,5.800595960328829,TRUE,TRUE,-0.4077013684561228,-7.559972877469996,High-CDR,MESSAGEix-GLOBIOM GEI 1.0 | GEI | 1.5C
Full,R10CHINA+,1.5C,headcount_pct,Deprived share,population-year-weighted mean % below the DLE threshold,TRUE,POLES,POLES-JRC ENGAGE,ENGAGE,4,1,5.766550136094089,5.0953113137757695,TRUE,FALSE,0.6712388223183199,11.640214798738857,High-RE,POLES-JRC ENGAGE | ENGAGE | 1.5C
Full,R10CHINA+,1.5C,headcount_pct,Deprived share,population-year-weighted mean % below the DLE threshold,TRUE,REMIND,REMIND 2.1,CEMICS,0,4,NA,5.203512614470027,FALSE,FALSE,NA,NA,NA,REMIND 2.1 | CEMICS | 1.5C
Full,R10CHINA+,1.5C,headcount_pct,Deprived share,population-year-weighted mean % below the DLE threshold,TRUE,REMIND,REMIND 2.1,R2p1,0,2,NA,4.124242113483488,FALSE,FALSE,NA,NA,NA,REMIND 2.1 | R2p1 | 1.5C
Full,R10CHINA+,1.5C,headcount_pct,Deprived share,population-year-weighted mean % below the DLE threshold,TRUE,REMIND,REMIND 3.0,ENGAGE,0,2,NA,7.017461506877028,FALSE,FALSE,NA,NA,NA,REMIND 3.0 | ENGAGE | 1.5C
Full,R10CHINA+,1.5C,headcount_pct,Deprived share,population-year-weighted mean % below the DLE threshold,TRUE,REMIND,REMIND 3.0,NAVIGATE,1,0,9.356979927574184,NA,FALSE,FALSE,NA,NA,NA,REMIND 3.0 | NAVIGATE | 1.5C
Full,R10CHINA+,1.5C,headcount_pct,Deprived share,population-year-weighted mean % below the DLE threshold,TRUE,REMIND,REMIND-Buildings 2.0,BEG,0,2,NA,4.391947015725674,FALSE,FALSE,NA,NA,NA,REMIND-Buildings 2.0 | BEG | 1.5C
Full,R10CHINA+,1.5C,headcount_pct,Deprived share,population-year-weighted mean % below the DLE threshold,TRUE,REMIND,REMIND-MAgPIE 1.7-3.0,CD,0,4,NA,3.9679986984424147,FALSE,FALSE,NA,NA,NA,REMIND-MAgPIE 1.7-3.0 | CD | 1.5C
Full,R10CHINA+,1.5C,headcount_pct,Deprived share,population-year-weighted mean % below the DLE threshold,TRUE,REMIND,REMIND-MAgPIE 1.7-3.0,COMMIT,0,3,NA,3.334307024436177,FALSE,FALSE,NA,NA,NA,REMIND-MAgPIE 1.7-3.0 | COMMIT | 1.5C
Full,R10CHINA+,1.5C,headcount_pct,Deprived share,population-year-weighted mean % below the DLE threshold,TRUE,REMIND,REMIND-MAgPIE 1.7-3.0,PEP,0,13,NA,3.67597032543979,FALSE,FALSE,NA,NA,NA,REMIND-MAgPIE 1.7-3.0 | PEP | 1.5C
Full,R10CHINA+,1.5C,headcount_pct,Deprived share,population-year-weighted mean % below the DLE threshold,TRUE,REMIND,REMIND-MAgPIE 2.1-4.2,CEMICS,0,3,NA,6.022152894688081,FALSE,FALSE,NA,NA,NA,REMIND-MAgPIE 2.1-4.2 | CEMICS | 1.5C
Full,R10CHINA+,1.5C,headcount_pct,Deprived share,population-year-weighted mean % below the DLE threshold,TRUE,REMIND,REMIND-MAgPIE 2.1-4.2,ENGAGE,0,19,NA,5.1580728972500784,FALSE,FALSE,NA,NA,NA,REMIND-MAgPIE 2.1-4.2 | ENGAGE | 1.5C
Full,R10CHINA+,1.5C,headcount_pct,Deprived share,population-year-weighted mean % below the DLE threshold,TRUE,REMIND,REMIND-MAgPIE 2.1-4.2,SusDev,0,2,NA,5.939137721272144,FALSE,FALSE,NA,NA,NA,REMIND-MAgPIE 2.1-4.2 | SusDev | 1.5C
Full,R10CHINA+,1.5C,headcount_pct,Deprived share,population-year-weighted mean % below the DLE threshold,TRUE,REMIND,REMIND-MAgPIE 2.1-4.3,DeepElectrification,0,1,NA,7.222662135323758,FALSE,FALSE,NA,NA,NA,REMIND-MAgPIE 2.1-4.3 | DeepElectrification | 1.5C
Full,R10CHINA+,1.5C,headcount_pct,Deprived share,population-year-weighted mean % below the DLE threshold,TRUE,REMIND,REMIND-MAgPIE 3.2.0-4.8.0,RESCUE,0,3,NA,5.698411968306836,FALSE,FALSE,NA,NA,NA,REMIND-MAgPIE 3.2.0-4.8.0 | RESCUE | 1.5C
Full,R10CHINA+,1.5C,headcount_pct,Deprived share,population-year-weighted mean % below the DLE threshold,TRUE,REMIND,REMIND-MAgPIE 3.3-4.8,NGFS Phase 5,0,1,NA,6.353448497161603,FALSE,FALSE,NA,NA,NA,REMIND-MAgPIE 3.3-4.8 | NGFS Phase 5 | 1.5C
Full,R10CHINA+,1.5C,headcount_pct,Deprived share,population-year-weighted mean % below the DLE threshold,TRUE,WITCH,WITCH 5.0,ENGAGE,6,0,6.260996809429303,NA,FALSE,FALSE,NA,NA,NA,WITCH 5.0 | ENGAGE | 1.5C
Full,R10CHINA+,1.5C,mortality_million_deaths,PM2.5 mortality,million cumulative PM2.5-attributable deaths,TRUE,AIM,AIM/CGE V2.2,ENGAGE,1,0,76.056,NA,FALSE,FALSE,NA,NA,NA,AIM/CGE V2.2 | ENGAGE | 1.5C
Full,R10CHINA+,1.5C,mortality_million_deaths,PM2.5 mortality,million cumulative PM2.5-attributable deaths,TRUE,GCAM,GCAM 6.0 NGFS,NGFS Phase 5,0,1,NA,89.119805,FALSE,FALSE,NA,NA,NA,GCAM 6.0 NGFS | NGFS Phase 5 | 1.5C
Full,R10CHINA+,1.5C,mortality_million_deaths,PM2.5 mortality,million cumulative PM2.5-attributable deaths,TRUE,IMAGE,IMAGE 3.2,SSP2021,12,0,90.0308475,NA,FALSE,FALSE,NA,NA,NA,IMAGE 3.2 | SSP2021 | 1.5C
Full,R10CHINA+,1.5C,mortality_million_deaths,PM2.5 mortality,million cumulative PM2.5-attributable deaths,TRUE,IMAGE,IMAGE 3.3,GEO7,2,0,79.0020675,NA,FALSE,FALSE,NA,NA,NA,IMAGE 3.3 | GEO7 | 1.5C
Full,R10CHINA+,1.5C,mortality_million_deaths,PM2.5 mortality,million cumulative PM2.5-attributable deaths,TRUE,IMAGE,IMAGE 3.3,SHAPE,9,0,88.04516,NA,FALSE,FALSE,NA,NA,NA,IMAGE 3.3 | SHAPE | 1.5C
Full,R10CHINA+,1.5C,mortality_million_deaths,PM2.5 mortality,million cumulative PM2.5-attributable deaths,TRUE,MESSAGEix,MESSAGEix-GLOBIOM 1.1,ENGAGE,11,0,68.847845,NA,FALSE,FALSE,NA,NA,NA,MESSAGEix-GLOBIOM 1.1 | ENGAGE | 1.5C
Full,R10CHINA+,1.5C,mortality_million_deaths,PM2.5 mortality,million cumulative PM2.5-attributable deaths,TRUE,MESSAGEix,MESSAGEix-GLOBIOM 1.1,NGFS Phase 2,1,0,68.6695,NA,FALSE,FALSE,NA,NA,NA,MESSAGEix-GLOBIOM 1.1 | NGFS Phase 2 | 1.5C
Full,R10CHINA+,1.5C,mortality_million_deaths,PM2.5 mortality,million cumulative PM2.5-attributable deaths,TRUE,MESSAGEix,MESSAGEix-GLOBIOM 1.2,COVID,5,0,69.293305,NA,FALSE,FALSE,NA,NA,NA,MESSAGEix-GLOBIOM 1.2 | COVID | 1.5C
Full,R10CHINA+,1.5C,mortality_million_deaths,PM2.5 mortality,million cumulative PM2.5-attributable deaths,TRUE,MESSAGEix,MESSAGEix-GLOBIOM GEI 1.0,GEI,6,3,77.32753,73.84503,TRUE,TRUE,3.4825000000000017,4.50357072054416,High-RE,MESSAGEix-GLOBIOM GEI 1.0 | GEI | 1.5C
Full,R10CHINA+,1.5C,mortality_million_deaths,PM2.5 mortality,million cumulative PM2.5-attributable deaths,TRUE,POLES,POLES-JRC ENGAGE,ENGAGE,4,0,74.667135,NA,FALSE,FALSE,NA,NA,NA,POLES-JRC ENGAGE | ENGAGE | 1.5C
Full,R10CHINA+,1.5C,mortality_million_deaths,PM2.5 mortality,million cumulative PM2.5-attributable deaths,TRUE,REMIND,REMIND 2.1,R2p1,0,2,NA,76.25741500000001,FALSE,FALSE,NA,NA,NA,REMIND 2.1 | R2p1 | 1.5C
Full,R10CHINA+,1.5C,mortality_million_deaths,PM2.5 mortality,million cumulative PM2.5-attributable deaths,TRUE,REMIND,REMIND-Buildings 2.0,BEG,0,2,NA,77.833575,FALSE,FALSE,NA,NA,NA,REMIND-Buildings 2.0 | BEG | 1.5C
Full,R10CHINA+,1.5C,mortality_million_deaths,PM2.5 mortality,million cumulative PM2.5-attributable deaths,TRUE,REMIND,REMIND-MAgPIE 1.7-3.0,CD,0,4,NA,83.819085,FALSE,FALSE,NA,NA,NA,REMIND-MAgPIE 1.7-3.0 | CD | 1.5C
Full,R10CHINA+,1.5C,mortality_million_deaths,PM2.5 mortality,million cumulative PM2.5-attributable deaths,TRUE,REMIND,REMIND-MAgPIE 1.7-3.0,COMMIT,0,3,NA,83.0879,FALSE,FALSE,NA,NA,NA,REMIND-MAgPIE 1.7-3.0 | COMMIT | 1.5C
Full,R10CHINA+,1.5C,mortality_million_deaths,PM2.5 mortality,million cumulative PM2.5-attributable deaths,TRUE,REMIND,REMIND-MAgPIE 1.7-3.0,PEP,0,13,NA,82.440605,FALSE,FALSE,NA,NA,NA,REMIND-MAgPIE 1.7-3.0 | PEP | 1.5C
Full,R10CHINA+,1.5C,mortality_million_deaths,PM2.5 mortality,million cumulative PM2.5-attributable deaths,TRUE,REMIND,REMIND-MAgPIE 2.1-4.2,ENGAGE,0,19,NA,77.22755,FALSE,FALSE,NA,NA,NA,REMIND-MAgPIE 2.1-4.2 | ENGAGE | 1.5C
Full,R10CHINA+,1.5C,mortality_million_deaths,PM2.5 mortality,million cumulative PM2.5-attributable deaths,TRUE,REMIND,REMIND-MAgPIE 2.1-4.2,SusDev,0,2,NA,75.5883425,FALSE,FALSE,NA,NA,NA,REMIND-MAgPIE 2.1-4.2 | SusDev | 1.5C
Full,R10CHINA+,1.5C,mortality_million_deaths,PM2.5 mortality,million cumulative PM2.5-attributable deaths,TRUE,REMIND,REMIND-MAgPIE 2.1-4.3,DeepElectrification,0,1,NA,75.5771,FALSE,FALSE,NA,NA,NA,REMIND-MAgPIE 2.1-4.3 | DeepElectrification | 1.5C
Full,R10CHINA+,1.5C,mortality_million_deaths,PM2.5 mortality,million cumulative PM2.5-attributable deaths,TRUE,REMIND,REMIND-MAgPIE 3.2.0-4.8.0,RESCUE,0,3,NA,80.84708,FALSE,FALSE,NA,NA,NA,REMIND-MAgPIE 3.2.0-4.8.0 | RESCUE | 1.5C
Full,R10CHINA+,1.5C,mortality_million_deaths,PM2.5 mortality,million cumulative PM2.5-attributable deaths,TRUE,REMIND,REMIND-MAgPIE 3.3-4.8,NGFS Phase 5,0,1,NA,83.97431,FALSE,FALSE,NA,NA,NA,REMIND-MAgPIE 3.3-4.8 | NGFS Phase 5 | 1.5C
Full,R10CHINA+,1.5C,mortality_million_deaths,PM2.5 mortality,million cumulative PM2.5-attributable deaths,TRUE,WITCH,WITCH 5.0,ENGAGE,6,0,88.52867,NA,FALSE,FALSE,NA,NA,NA,WITCH 5.0 | ENGAGE | 1.5C
Full,R10CHINA+,1.5C,total_energy_jobyears_per_1k,Employment,"total energy-sector job-years per 1,000 people",FALSE,AIM,AIM/CGE V2.2,ENGAGE,1,3,747.0586903943539,519.0304797794015,TRUE,FALSE,-228.0282106149524,-30.52346670307549,High-CDR,AIM/CGE V2.2 | ENGAGE | 1.5C
Full,R10CHINA+,1.5C,total_energy_jobyears_per_1k,Employment,"total energy-sector job-years per 1,000 people",FALSE,GCAM,GCAM 6.0 NGFS,NGFS Phase 5,0,1,NA,389.53194188281583,FALSE,FALSE,NA,NA,NA,GCAM 6.0 NGFS | NGFS Phase 5 | 1.5C
Full,R10CHINA+,1.5C,total_energy_jobyears_per_1k,Employment,"total energy-sector job-years per 1,000 people",FALSE,IMAGE,IMAGE 3.2,SSP2021,12,0,352.9891024132472,NA,FALSE,FALSE,NA,NA,NA,IMAGE 3.2 | SSP2021 | 1.5C
Full,R10CHINA+,1.5C,total_energy_jobyears_per_1k,Employment,"total energy-sector job-years per 1,000 people",FALSE,IMAGE,IMAGE 3.3,SHAPE,9,0,347.3139349784685,NA,FALSE,FALSE,NA,NA,NA,IMAGE 3.3 | SHAPE | 1.5C
Full,R10CHINA+,1.5C,total_energy_jobyears_per_1k,Employment,"total energy-sector job-years per 1,000 people",FALSE,MESSAGEix,MESSAGEix-GLOBIOM 1.1,ENGAGE,13,0,239.8147983014547,NA,FALSE,FALSE,NA,NA,NA,MESSAGEix-GLOBIOM 1.1 | ENGAGE | 1.5C
Full,R10CHINA+,1.5C,total_energy_jobyears_per_1k,Employment,"total energy-sector job-years per 1,000 people",FALSE,MESSAGEix,MESSAGEix-GLOBIOM 1.1,NGFS Phase 2,1,0,231.46407898702316,NA,FALSE,FALSE,NA,NA,NA,MESSAGEix-GLOBIOM 1.1 | NGFS Phase 2 | 1.5C
Full,R10CHINA+,1.5C,total_energy_jobyears_per_1k,Employment,"total energy-sector job-years per 1,000 people",FALSE,MESSAGEix,MESSAGEix-GLOBIOM 1.2,COVID,5,0,8.47910030701333,NA,FALSE,FALSE,NA,NA,NA,MESSAGEix-GLOBIOM 1.2 | COVID | 1.5C
Full,R10CHINA+,1.5C,total_energy_jobyears_per_1k,Employment,"total energy-sector job-years per 1,000 people",FALSE,MESSAGEix,MESSAGEix-GLOBIOM GEI 1.0,GEI,6,3,366.3543345830559,449.7109727788984,TRUE,TRUE,83.35663819584249,22.753009948881818,High-RE,MESSAGEix-GLOBIOM GEI 1.0 | GEI | 1.5C
Full,R10CHINA+,1.5C,total_energy_jobyears_per_1k,Employment,"total energy-sector job-years per 1,000 people",FALSE,POLES,POLES-JRC ENGAGE,ENGAGE,4,1,415.00971352641847,568.696146718654,TRUE,FALSE,153.68643319223548,37.03200869356331,High-RE,POLES-JRC ENGAGE | ENGAGE | 1.5C
Full,R10CHINA+,1.5C,total_energy_jobyears_per_1k,Employment,"total energy-sector job-years per 1,000 people",FALSE,REMIND,REMIND 2.1,CEMICS,0,4,NA,481.5607557467458,FALSE,FALSE,NA,NA,NA,REMIND 2.1 | CEMICS | 1.5C
Full,R10CHINA+,1.5C,total_energy_jobyears_per_1k,Employment,"total energy-sector job-years per 1,000 people",FALSE,REMIND,REMIND 2.1,R2p1,0,2,NA,430.9954811594779,FALSE,FALSE,NA,NA,NA,REMIND 2.1 | R2p1 | 1.5C
Full,R10CHINA+,1.5C,total_energy_jobyears_per_1k,Employment,"total energy-sector job-years per 1,000 people",FALSE,REMIND,REMIND 3.0,ENGAGE,0,2,NA,291.06786105440415,FALSE,FALSE,NA,NA,NA,REMIND 3.0 | ENGAGE | 1.5C
Full,R10CHINA+,1.5C,total_energy_jobyears_per_1k,Employment,"total energy-sector job-years per 1,000 people",FALSE,REMIND,REMIND 3.0,NAVIGATE,1,0,247.58110705639126,NA,FALSE,FALSE,NA,NA,NA,REMIND 3.0 | NAVIGATE | 1.5C
Full,R10CHINA+,1.5C,total_energy_jobyears_per_1k,Employment,"total energy-sector job-years per 1,000 people",FALSE,REMIND,REMIND-Buildings 2.0,BEG,0,2,NA,512.3827477293027,FALSE,FALSE,NA,NA,NA,REMIND-Buildings 2.0 | BEG | 1.5C
Full,R10CHINA+,1.5C,total_energy_jobyears_per_1k,Employment,"total energy-sector job-years per 1,000 people",FALSE,REMIND,REMIND-MAgPIE 1.7-3.0,CD,0,4,NA,549.4118705756717,FALSE,FALSE,NA,NA,NA,REMIND-MAgPIE 1.7-3.0 | CD | 1.5C
Full,R10CHINA+,1.5C,total_energy_jobyears_per_1k,Employment,"total energy-sector job-years per 1,000 people",FALSE,REMIND,REMIND-MAgPIE 1.7-3.0,COMMIT,0,3,NA,516.9145298013193,FALSE,FALSE,NA,NA,NA,REMIND-MAgPIE 1.7-3.0 | COMMIT | 1.5C
Full,R10CHINA+,1.5C,total_energy_jobyears_per_1k,Employment,"total energy-sector job-years per 1,000 people",FALSE,REMIND,REMIND-MAgPIE 1.7-3.0,PEP,0,13,NA,514.000787141783,FALSE,FALSE,NA,NA,NA,REMIND-MAgPIE 1.7-3.0 | PEP | 1.5C
Full,R10CHINA+,1.5C,total_energy_jobyears_per_1k,Employment,"total energy-sector job-years per 1,000 people",FALSE,REMIND,REMIND-MAgPIE 2.1-4.2,CEMICS,0,3,NA,459.4126020825594,FALSE,FALSE,NA,NA,NA,REMIND-MAgPIE 2.1-4.2 | CEMICS | 1.5C
Full,R10CHINA+,1.5C,total_energy_jobyears_per_1k,Employment,"total energy-sector job-years per 1,000 people",FALSE,REMIND,REMIND-MAgPIE 2.1-4.2,ENGAGE,0,19,NA,432.0131910042274,FALSE,FALSE,NA,NA,NA,REMIND-MAgPIE 2.1-4.2 | ENGAGE | 1.5C
Full,R10CHINA+,1.5C,total_energy_jobyears_per_1k,Employment,"total energy-sector job-years per 1,000 people",FALSE,REMIND,REMIND-MAgPIE 2.1-4.2,SusDev,0,2,NA,352.2813016886767,FALSE,FALSE,NA,NA,NA,REMIND-MAgPIE 2.1-4.2 | SusDev | 1.5C
Full,R10CHINA+,1.5C,total_energy_jobyears_per_1k,Employment,"total energy-sector job-years per 1,000 people",FALSE,REMIND,REMIND-MAgPIE 2.1-4.3,DeepElectrification,0,1,NA,384.12061375712057,FALSE,FALSE,NA,NA,NA,REMIND-MAgPIE 2.1-4.3 | DeepElectrification | 1.5C
Full,R10CHINA+,1.5C,total_energy_jobyears_per_1k,Employment,"total energy-sector job-years per 1,000 people",FALSE,REMIND,REMIND-MAgPIE 3.2.0-4.8.0,RESCUE,0,3,NA,335.2188484086973,FALSE,FALSE,NA,NA,NA,REMIND-MAgPIE 3.2.0-4.8.0 | RESCUE | 1.5C
Full,R10CHINA+,1.5C,total_energy_jobyears_per_1k,Employment,"total energy-sector job-years per 1,000 people",FALSE,REMIND,REMIND-MAgPIE 3.3-4.8,NGFS Phase 5,0,1,NA,322.13846834893315,FALSE,FALSE,NA,NA,NA,REMIND-MAgPIE 3.3-4.8 | NGFS Phase 5 | 1.5C
Full,R10CHINA+,1.5C,total_energy_jobyears_per_1k,Employment,"total energy-sector job-years per 1,000 people",FALSE,WITCH,WITCH 5.0,ENGAGE,6,0,429.00860647632646,NA,FALSE,FALSE,NA,NA,NA,WITCH 5.0 | ENGAGE | 1.5C
Full,R10CHINA+,2C,gap_GJ_pc,DLE gap,GJ per capita of cumulative DLE gap,TRUE,AIM,AIM/CGE V2.2,ENGAGE,20,11,15.252816707583484,15.973214036846892,TRUE,TRUE,-0.7203973292634078,-4.723044556781676,High-CDR,AIM/CGE V2.2 | ENGAGE | 2C
Full,R10CHINA+,2C,gap_GJ_pc,DLE gap,GJ per capita of cumulative DLE gap,TRUE,GCAM,GCAM 5.3,Deep,23,0,16.30655160032801,NA,FALSE,FALSE,NA,NA,NA,GCAM 5.3 | Deep | 2C
Full,R10CHINA+,2C,gap_GJ_pc,DLE gap,GJ per capita of cumulative DLE gap,TRUE,GCAM,GCAM 6.0 NGFS,NGFS Phase 5,0,4,NA,13.41296007738254,FALSE,FALSE,NA,NA,NA,GCAM 6.0 NGFS | NGFS Phase 5 | 2C
Full,R10CHINA+,2C,gap_GJ_pc,DLE gap,GJ per capita of cumulative DLE gap,TRUE,GCAM,GCAM 7.0,IAM,3,0,8.778706742122969,NA,FALSE,FALSE,NA,NA,NA,GCAM 7.0 | IAM | 2C
Full,R10CHINA+,2C,gap_GJ_pc,DLE gap,GJ per capita of cumulative DLE gap,TRUE,IMAGE,IMAGE 3.0,COMMIT,3,0,22.950498047929248,NA,FALSE,FALSE,NA,NA,NA,IMAGE 3.0 | COMMIT | 2C
Full,R10CHINA+,2C,gap_GJ_pc,DLE gap,GJ per capita of cumulative DLE gap,TRUE,IMAGE,IMAGE 3.0,ENGAGE,20,0,19.171459865685673,NA,FALSE,FALSE,NA,NA,NA,IMAGE 3.0 | ENGAGE | 2C
Full,R10CHINA+,2C,gap_GJ_pc,DLE gap,GJ per capita of cumulative DLE gap,TRUE,IMAGE,IMAGE 3.2,ENGAGE,9,0,19.424015632997495,NA,FALSE,FALSE,NA,NA,NA,IMAGE 3.2 | ENGAGE | 2C
Full,R10CHINA+,2C,gap_GJ_pc,DLE gap,GJ per capita of cumulative DLE gap,TRUE,IMAGE,IMAGE 3.2,SSP2021,8,2,19.73993881119046,16.540777331247646,TRUE,FALSE,3.1991614799428127,16.20654202904229,High-RE,IMAGE 3.2 | SSP2021 | 2C
Full,R10CHINA+,2C,gap_GJ_pc,DLE gap,GJ per capita of cumulative DLE gap,TRUE,IMAGE,IMAGE 3.3,NAVIGATE,8,0,19.73338437355185,NA,FALSE,FALSE,NA,NA,NA,IMAGE 3.3 | NAVIGATE | 2C
Full,R10CHINA+,2C,gap_GJ_pc,DLE gap,GJ per capita of cumulative DLE gap,TRUE,MESSAGEix,MESSAGEix-GLOBIOM 1.1,ENGAGE,62,20,16.728278748377235,18.06810244130767,TRUE,TRUE,-1.339823692930434,-8.009333853672224,High-CDR,MESSAGEix-GLOBIOM 1.1 | ENGAGE | 2C
Full,R10CHINA+,2C,gap_GJ_pc,DLE gap,GJ per capita of cumulative DLE gap,TRUE,MESSAGEix,MESSAGEix-GLOBIOM 1.1,NGFS Phase 2,1,1,21.347611012443473,21.142421603652796,TRUE,FALSE,0.2051894087906767,0.9611820670288225,High-RE,MESSAGEix-GLOBIOM 1.1 | NGFS Phase 2 | 2C
Full,R10CHINA+,2C,gap_GJ_pc,DLE gap,GJ per capita of cumulative DLE gap,TRUE,MESSAGEix,MESSAGEix-GLOBIOM 1.2,COVID,5,0,18.33753297224804,NA,FALSE,FALSE,NA,NA,NA,MESSAGEix-GLOBIOM 1.2 | COVID | 2C
Full,R10CHINA+,2C,gap_GJ_pc,DLE gap,GJ per capita of cumulative DLE gap,TRUE,MESSAGEix,MESSAGEix-GLOBIOM 2.0-M-R12-NGFS,NGFS Phase 5,0,2,NA,16.612315156442655,FALSE,FALSE,NA,NA,NA,MESSAGEix-GLOBIOM 2.0-M-R12-NGFS | NGFS Phase 5 | 2C
Full,R10CHINA+,2C,gap_GJ_pc,DLE gap,GJ per capita of cumulative DLE gap,TRUE,MESSAGEix,MESSAGEix-GLOBIOM GEI 1.0,GEI,6,1,17.395298111645907,18.938354934413248,TRUE,FALSE,-1.5430568227673405,-8.870539687585381,High-CDR,MESSAGEix-GLOBIOM GEI 1.0 | GEI | 2C
Full,R10CHINA+,2C,gap_GJ_pc,DLE gap,GJ per capita of cumulative DLE gap,TRUE,POLES,POLES-JRC ENGAGE,ENGAGE,56,8,12.339787050200696,14.693145336304182,TRUE,TRUE,-2.353358286103486,-19.071303876878577,High-CDR,POLES-JRC ENGAGE | ENGAGE | 2C
Full,R10CHINA+,2C,gap_GJ_pc,DLE gap,GJ per capita of cumulative DLE gap,TRUE,REMIND,REMIND 2.1,CEMICS,0,5,NA,13.885815459742894,FALSE,FALSE,NA,NA,NA,REMIND 2.1 | CEMICS | 2C
Full,R10CHINA+,2C,gap_GJ_pc,DLE gap,GJ per capita of cumulative DLE gap,TRUE,REMIND,REMIND 2.1,LeastTotalCost,0,11,NA,13.967525262396425,FALSE,FALSE,NA,NA,NA,REMIND 2.1 | LeastTotalCost | 2C
Full,R10CHINA+,2C,gap_GJ_pc,DLE gap,GJ per capita of cumulative DLE gap,TRUE,REMIND,REMIND 2.1,R2p1,0,8,NA,11.694536246404654,FALSE,FALSE,NA,NA,NA,REMIND 2.1 | R2p1 | 2C
Full,R10CHINA+,2C,gap_GJ_pc,DLE gap,GJ per capita of cumulative DLE gap,TRUE,REMIND,REMIND 2.1,TechCost,0,9,NA,14.4213710442068,FALSE,FALSE,NA,NA,NA,REMIND 2.1 | TechCost | 2C
Full,R10CHINA+,2C,gap_GJ_pc,DLE gap,GJ per capita of cumulative DLE gap,TRUE,REMIND,REMIND 3.0,ENGAGE,0,14,NA,18.12794029608257,FALSE,FALSE,NA,NA,NA,REMIND 3.0 | ENGAGE | 2C
Full,R10CHINA+,2C,gap_GJ_pc,DLE gap,GJ per capita of cumulative DLE gap,TRUE,REMIND,REMIND 3.0,NAVIGATE,0,7,NA,16.605873559918056,FALSE,FALSE,NA,NA,NA,REMIND 3.0 | NAVIGATE | 2C
Full,R10CHINA+,2C,gap_GJ_pc,DLE gap,GJ per capita of cumulative DLE gap,TRUE,REMIND,REMIND-MAgPIE 1.7-3.0,CD,0,5,NA,11.415598733991247,FALSE,FALSE,NA,NA,NA,REMIND-MAgPIE 1.7-3.0 | CD | 2C
Full,R10CHINA+,2C,gap_GJ_pc,DLE gap,GJ per capita of cumulative DLE gap,TRUE,REMIND,REMIND-MAgPIE 1.7-3.0,COMMIT,0,4,NA,9.0293362834948,FALSE,FALSE,NA,NA,NA,REMIND-MAgPIE 1.7-3.0 | COMMIT | 2C
Full,R10CHINA+,2C,gap_GJ_pc,DLE gap,GJ per capita of cumulative DLE gap,TRUE,REMIND,REMIND-MAgPIE 1.7-3.0,PEP,0,5,NA,9.162000914151935,FALSE,FALSE,NA,NA,NA,REMIND-MAgPIE 1.7-3.0 | PEP | 2C
Full,R10CHINA+,2C,gap_GJ_pc,DLE gap,GJ per capita of cumulative DLE gap,TRUE,REMIND,REMIND-MAgPIE 2.0-4.1,Diff,0,4,NA,11.658146491701253,FALSE,FALSE,NA,NA,NA,REMIND-MAgPIE 2.0-4.1 | Diff | 2C
Full,R10CHINA+,2C,gap_GJ_pc,DLE gap,GJ per capita of cumulative DLE gap,TRUE,REMIND,REMIND-MAgPIE 2.1-4.2,CEMICS,0,3,NA,13.88960485299053,FALSE,FALSE,NA,NA,NA,REMIND-MAgPIE 2.1-4.2 | CEMICS | 2C
Full,R10CHINA+,2C,gap_GJ_pc,DLE gap,GJ per capita of cumulative DLE gap,TRUE,REMIND,REMIND-MAgPIE 2.1-4.2,ENGAGE,0,59,NA,12.917021685868107,FALSE,FALSE,NA,NA,NA,REMIND-MAgPIE 2.1-4.2 | ENGAGE | 2C
Full,R10CHINA+,2C,gap_GJ_pc,DLE gap,GJ per capita of cumulative DLE gap,TRUE,REMIND,REMIND-MAgPIE 2.1-4.2,NGFS Phase 2,0,5,NA,20.50743377341661,FALSE,FALSE,NA,NA,NA,REMIND-MAgPIE 2.1-4.2 | NGFS Phase 2 | 2C
Full,R10CHINA+,2C,gap_GJ_pc,DLE gap,GJ per capita of cumulative DLE gap,TRUE,REMIND,REMIND-MAgPIE 2.1-4.2,SusDev,0,3,NA,12.026501657926833,FALSE,FALSE,NA,NA,NA,REMIND-MAgPIE 2.1-4.2 | SusDev | 2C
Full,R10CHINA+,2C,gap_GJ_pc,DLE gap,GJ per capita of cumulative DLE gap,TRUE,REMIND,REMIND-MAgPIE 2.1-4.3,DeepElectrification,0,3,NA,15.733283567074874,FALSE,FALSE,NA,NA,NA,REMIND-MAgPIE 2.1-4.3 | DeepElectrification | 2C
Full,R10CHINA+,2C,gap_GJ_pc,DLE gap,GJ per capita of cumulative DLE gap,TRUE,REMIND,REMIND-MAgPIE 3.2-4.6,SHAPE,0,2,NA,10.741805952652609,FALSE,FALSE,NA,NA,NA,REMIND-MAgPIE 3.2-4.6 | SHAPE | 2C
Full,R10CHINA+,2C,gap_GJ_pc,DLE gap,GJ per capita of cumulative DLE gap,TRUE,REMIND,REMIND-MAgPIE 3.2.0-4.8.0,RESCUE,0,5,NA,15.199225158860708,FALSE,FALSE,NA,NA,NA,REMIND-MAgPIE 3.2.0-4.8.0 | RESCUE | 2C
Full,R10CHINA+,2C,gap_GJ_pc,DLE gap,GJ per capita of cumulative DLE gap,TRUE,REMIND,REMIND-MAgPIE 3.3-4.8,NGFS Phase 5,0,5,NA,12.215354307889854,FALSE,FALSE,NA,NA,NA,REMIND-MAgPIE 3.3-4.8 | NGFS Phase 5 | 2C
Full,R10CHINA+,2C,gap_GJ_pc,DLE gap,GJ per capita of cumulative DLE gap,TRUE,REMIND,REMIND-Transport 2.1,Transport,0,8,NA,15.617343389090953,FALSE,FALSE,NA,NA,NA,REMIND-Transport 2.1 | Transport | 2C
Full,R10CHINA+,2C,gap_GJ_pc,DLE gap,GJ per capita of cumulative DLE gap,TRUE,WITCH,WITCH 5.0,COMMIT,2,1,18.937735962272633,15.41100502316657,TRUE,FALSE,3.526730939106063,18.6227696179308,High-RE,WITCH 5.0 | COMMIT | 2C
Full,R10CHINA+,2C,gap_GJ_pc,DLE gap,GJ per capita of cumulative DLE gap,TRUE,WITCH,WITCH 5.0,ENGAGE,0,11,NA,13.741443822322848,FALSE,FALSE,NA,NA,NA,WITCH 5.0 | ENGAGE | 2C
Full,R10CHINA+,2C,gap_GJ_pc,DLE gap,GJ per capita of cumulative DLE gap,TRUE,WITCH,WITCH 5.0,NAVIGATE,0,4,NA,11.840849298604969,FALSE,FALSE,NA,NA,NA,WITCH 5.0 | NAVIGATE | 2C
Full,R10CHINA+,2C,headcount_pct,Deprived share,population-year-weighted mean % below the DLE threshold,TRUE,AIM,AIM/CGE V2.2,ENGAGE,20,11,4.477635122224962,4.664486239496471,TRUE,TRUE,-0.18685111727150883,-4.172986680939323,High-CDR,AIM/CGE V2.2 | ENGAGE | 2C
Full,R10CHINA+,2C,headcount_pct,Deprived share,population-year-weighted mean % below the DLE threshold,TRUE,GCAM,GCAM 5.3,Deep,23,0,5.007850146846922,NA,FALSE,FALSE,NA,NA,NA,GCAM 5.3 | Deep | 2C
Full,R10CHINA+,2C,headcount_pct,Deprived share,population-year-weighted mean % below the DLE threshold,TRUE,GCAM,GCAM 6.0 NGFS,NGFS Phase 5,0,4,NA,4.1304957390896595,FALSE,FALSE,NA,NA,NA,GCAM 6.0 NGFS | NGFS Phase 5 | 2C
Full,R10CHINA+,2C,headcount_pct,Deprived share,population-year-weighted mean % below the DLE threshold,TRUE,GCAM,GCAM 7.0,IAM,3,0,2.598190143720492,NA,FALSE,FALSE,NA,NA,NA,GCAM 7.0 | IAM | 2C
Full,R10CHINA+,2C,headcount_pct,Deprived share,population-year-weighted mean % below the DLE threshold,TRUE,IMAGE,IMAGE 3.0,COMMIT,3,0,8.084226745542061,NA,FALSE,FALSE,NA,NA,NA,IMAGE 3.0 | COMMIT | 2C
Full,R10CHINA+,2C,headcount_pct,Deprived share,population-year-weighted mean % below the DLE threshold,TRUE,IMAGE,IMAGE 3.0,ENGAGE,20,0,6.8019323663992,NA,FALSE,FALSE,NA,NA,NA,IMAGE 3.0 | ENGAGE | 2C
Full,R10CHINA+,2C,headcount_pct,Deprived share,population-year-weighted mean % below the DLE threshold,TRUE,IMAGE,IMAGE 3.2,ENGAGE,9,0,5.995377553063175,NA,FALSE,FALSE,NA,NA,NA,IMAGE 3.2 | ENGAGE | 2C
Full,R10CHINA+,2C,headcount_pct,Deprived share,population-year-weighted mean % below the DLE threshold,TRUE,IMAGE,IMAGE 3.2,SSP2021,8,2,6.606223049442477,5.530160396352752,TRUE,FALSE,1.0760626530897248,16.2886212747621,High-RE,IMAGE 3.2 | SSP2021 | 2C
Full,R10CHINA+,2C,headcount_pct,Deprived share,population-year-weighted mean % below the DLE threshold,TRUE,IMAGE,IMAGE 3.3,NAVIGATE,8,0,6.619388855308294,NA,FALSE,FALSE,NA,NA,NA,IMAGE 3.3 | NAVIGATE | 2C
Full,R10CHINA+,2C,headcount_pct,Deprived share,population-year-weighted mean % below the DLE threshold,TRUE,MESSAGEix,MESSAGEix-GLOBIOM 1.1,ENGAGE,62,20,4.839223553410224,5.55600804353433,TRUE,TRUE,-0.7167844901241063,-14.811973082313687,High-CDR,MESSAGEix-GLOBIOM 1.1 | ENGAGE | 2C
Full,R10CHINA+,2C,headcount_pct,Deprived share,population-year-weighted mean % below the DLE threshold,TRUE,MESSAGEix,MESSAGEix-GLOBIOM 1.1,NGFS Phase 2,1,1,6.108909858768823,6.573661922692545,TRUE,FALSE,-0.46475206392372215,-7.607774131035996,High-CDR,MESSAGEix-GLOBIOM 1.1 | NGFS Phase 2 | 2C
Full,R10CHINA+,2C,headcount_pct,Deprived share,population-year-weighted mean % below the DLE threshold,TRUE,MESSAGEix,MESSAGEix-GLOBIOM 1.2,COVID,5,0,5.37074058878945,NA,FALSE,FALSE,NA,NA,NA,MESSAGEix-GLOBIOM 1.2 | COVID | 2C
Full,R10CHINA+,2C,headcount_pct,Deprived share,population-year-weighted mean % below the DLE threshold,TRUE,MESSAGEix,MESSAGEix-GLOBIOM 2.0-M-R12-NGFS,NGFS Phase 5,0,2,NA,4.8669781043083,FALSE,FALSE,NA,NA,NA,MESSAGEix-GLOBIOM 2.0-M-R12-NGFS | NGFS Phase 5 | 2C
Full,R10CHINA+,2C,headcount_pct,Deprived share,population-year-weighted mean % below the DLE threshold,TRUE,MESSAGEix,MESSAGEix-GLOBIOM GEI 1.0,GEI,6,1,4.786103003242829,5.279454332508506,TRUE,FALSE,-0.4933513292656775,-10.307996483389656,High-CDR,MESSAGEix-GLOBIOM GEI 1.0 | GEI | 2C
Full,R10CHINA+,2C,headcount_pct,Deprived share,population-year-weighted mean % below the DLE threshold,TRUE,POLES,POLES-JRC ENGAGE,ENGAGE,56,8,4.167186892929854,4.538208548442855,TRUE,TRUE,-0.37102165551300104,-8.90340810349747,High-CDR,POLES-JRC ENGAGE | ENGAGE | 2C
Full,R10CHINA+,2C,headcount_pct,Deprived share,population-year-weighted mean % below the DLE threshold,TRUE,REMIND,REMIND 2.1,CEMICS,0,5,NA,4.451717700649263,FALSE,FALSE,NA,NA,NA,REMIND 2.1 | CEMICS | 2C
Full,R10CHINA+,2C,headcount_pct,Deprived share,population-year-weighted mean % below the DLE threshold,TRUE,REMIND,REMIND 2.1,LeastTotalCost,0,11,NA,4.461274327306599,FALSE,FALSE,NA,NA,NA,REMIND 2.1 | LeastTotalCost | 2C
Full,R10CHINA+,2C,headcount_pct,Deprived share,population-year-weighted mean % below the DLE threshold,TRUE,REMIND,REMIND 2.1,R2p1,0,8,NA,3.5993483826616726,FALSE,FALSE,NA,NA,NA,REMIND 2.1 | R2p1 | 2C
Full,R10CHINA+,2C,headcount_pct,Deprived share,population-year-weighted mean % below the DLE threshold,TRUE,REMIND,REMIND 2.1,TechCost,0,9,NA,4.579020102289217,FALSE,FALSE,NA,NA,NA,REMIND 2.1 | TechCost | 2C
Full,R10CHINA+,2C,headcount_pct,Deprived share,population-year-weighted mean % below the DLE threshold,TRUE,REMIND,REMIND 3.0,ENGAGE,0,14,NA,6.5713174435902495,FALSE,FALSE,NA,NA,NA,REMIND 3.0 | ENGAGE | 2C
Full,R10CHINA+,2C,headcount_pct,Deprived share,population-year-weighted mean % below the DLE threshold,TRUE,REMIND,REMIND 3.0,NAVIGATE,0,7,NA,6.033513608239841,FALSE,FALSE,NA,NA,NA,REMIND 3.0 | NAVIGATE | 2C
Full,R10CHINA+,2C,headcount_pct,Deprived share,population-year-weighted mean % below the DLE threshold,TRUE,REMIND,REMIND-MAgPIE 1.7-3.0,CD,0,5,NA,3.2681070263379213,FALSE,FALSE,NA,NA,NA,REMIND-MAgPIE 1.7-3.0 | CD | 2C
Full,R10CHINA+,2C,headcount_pct,Deprived share,population-year-weighted mean % below the DLE threshold,TRUE,REMIND,REMIND-MAgPIE 1.7-3.0,COMMIT,0,4,NA,2.745899150613066,FALSE,FALSE,NA,NA,NA,REMIND-MAgPIE 1.7-3.0 | COMMIT | 2C
Full,R10CHINA+,2C,headcount_pct,Deprived share,population-year-weighted mean % below the DLE threshold,TRUE,REMIND,REMIND-MAgPIE 1.7-3.0,PEP,0,5,NA,2.7967731465009686,FALSE,FALSE,NA,NA,NA,REMIND-MAgPIE 1.7-3.0 | PEP | 2C
Full,R10CHINA+,2C,headcount_pct,Deprived share,population-year-weighted mean % below the DLE threshold,TRUE,REMIND,REMIND-MAgPIE 2.0-4.1,Diff,0,4,NA,3.6846309259512866,FALSE,FALSE,NA,NA,NA,REMIND-MAgPIE 2.0-4.1 | Diff | 2C
Full,R10CHINA+,2C,headcount_pct,Deprived share,population-year-weighted mean % below the DLE threshold,TRUE,REMIND,REMIND-MAgPIE 2.1-4.2,CEMICS,0,3,NA,4.429754801791476,FALSE,FALSE,NA,NA,NA,REMIND-MAgPIE 2.1-4.2 | CEMICS | 2C
Full,R10CHINA+,2C,headcount_pct,Deprived share,population-year-weighted mean % below the DLE threshold,TRUE,REMIND,REMIND-MAgPIE 2.1-4.2,ENGAGE,0,59,NA,4.169521933180004,FALSE,FALSE,NA,NA,NA,REMIND-MAgPIE 2.1-4.2 | ENGAGE | 2C
Full,R10CHINA+,2C,headcount_pct,Deprived share,population-year-weighted mean % below the DLE threshold,TRUE,REMIND,REMIND-MAgPIE 2.1-4.2,NGFS Phase 2,0,5,NA,7.010940407561862,FALSE,FALSE,NA,NA,NA,REMIND-MAgPIE 2.1-4.2 | NGFS Phase 2 | 2C
Full,R10CHINA+,2C,headcount_pct,Deprived share,population-year-weighted mean % below the DLE threshold,TRUE,REMIND,REMIND-MAgPIE 2.1-4.2,SusDev,0,3,NA,3.775096684138461,FALSE,FALSE,NA,NA,NA,REMIND-MAgPIE 2.1-4.2 | SusDev | 2C
Full,R10CHINA+,2C,headcount_pct,Deprived share,population-year-weighted mean % below the DLE threshold,TRUE,REMIND,REMIND-MAgPIE 2.1-4.3,DeepElectrification,0,3,NA,5.563967308254894,FALSE,FALSE,NA,NA,NA,REMIND-MAgPIE 2.1-4.3 | DeepElectrification | 2C
Full,R10CHINA+,2C,headcount_pct,Deprived share,population-year-weighted mean % below the DLE threshold,TRUE,REMIND,REMIND-MAgPIE 3.2-4.6,SHAPE,0,2,NA,3.589960917637381,FALSE,FALSE,NA,NA,NA,REMIND-MAgPIE 3.2-4.6 | SHAPE | 2C
Full,R10CHINA+,2C,headcount_pct,Deprived share,population-year-weighted mean % below the DLE threshold,TRUE,REMIND,REMIND-MAgPIE 3.2.0-4.8.0,RESCUE,0,5,NA,5.449276766264016,FALSE,FALSE,NA,NA,NA,REMIND-MAgPIE 3.2.0-4.8.0 | RESCUE | 2C
Full,R10CHINA+,2C,headcount_pct,Deprived share,population-year-weighted mean % below the DLE threshold,TRUE,REMIND,REMIND-MAgPIE 3.3-4.8,NGFS Phase 5,0,5,NA,4.261758323474536,FALSE,FALSE,NA,NA,NA,REMIND-MAgPIE 3.3-4.8 | NGFS Phase 5 | 2C
Full,R10CHINA+,2C,headcount_pct,Deprived share,population-year-weighted mean % below the DLE threshold,TRUE,REMIND,REMIND-Transport 2.1,Transport,0,8,NA,5.205555522831034,FALSE,FALSE,NA,NA,NA,REMIND-Transport 2.1 | Transport | 2C
Full,R10CHINA+,2C,headcount_pct,Deprived share,population-year-weighted mean % below the DLE threshold,TRUE,WITCH,WITCH 5.0,COMMIT,2,1,5.929601762911766,4.475091129064484,TRUE,FALSE,1.4545106338472813,24.529651265029226,High-RE,WITCH 5.0 | COMMIT | 2C
Full,R10CHINA+,2C,headcount_pct,Deprived share,population-year-weighted mean % below the DLE threshold,TRUE,WITCH,WITCH 5.0,ENGAGE,0,11,NA,4.5692691349243235,FALSE,FALSE,NA,NA,NA,WITCH 5.0 | ENGAGE | 2C
Full,R10CHINA+,2C,headcount_pct,Deprived share,population-year-weighted mean % below the DLE threshold,TRUE,WITCH,WITCH 5.0,NAVIGATE,0,4,NA,3.4345871900095135,FALSE,FALSE,NA,NA,NA,WITCH 5.0 | NAVIGATE | 2C
Full,R10CHINA+,2C,mortality_million_deaths,PM2.5 mortality,million cumulative PM2.5-attributable deaths,TRUE,AIM,AIM/CGE V2.2,ENGAGE,20,4,82.00072,77.63158999999999,TRUE,TRUE,4.369130000000013,5.328160533224602,High-RE,AIM/CGE V2.2 | ENGAGE | 2C
Full,R10CHINA+,2C,mortality_million_deaths,PM2.5 mortality,million cumulative PM2.5-attributable deaths,TRUE,GCAM,GCAM 6.0 NGFS,NGFS Phase 5,0,4,NA,96.2566475,FALSE,FALSE,NA,NA,NA,GCAM 6.0 NGFS | NGFS Phase 5 | 2C
Full,R10CHINA+,2C,mortality_million_deaths,PM2.5 mortality,million cumulative PM2.5-attributable deaths,TRUE,GCAM,GCAM 7.0,IAM,3,0,98.47866,NA,FALSE,FALSE,NA,NA,NA,GCAM 7.0 | IAM | 2C
Full,R10CHINA+,2C,mortality_million_deaths,PM2.5 mortality,million cumulative PM2.5-attributable deaths,TRUE,IMAGE,IMAGE 3.0,ENGAGE,20,0,98.9480125,NA,FALSE,FALSE,NA,NA,NA,IMAGE 3.0 | ENGAGE | 2C
Full,R10CHINA+,2C,mortality_million_deaths,PM2.5 mortality,million cumulative PM2.5-attributable deaths,TRUE,IMAGE,IMAGE 3.2,SSP2021,8,2,94.6047975,91.91886249999999,TRUE,FALSE,2.685935000000015,2.839110775539702,High-RE,IMAGE 3.2 | SSP2021 | 2C
Full,R10CHINA+,2C,mortality_million_deaths,PM2.5 mortality,million cumulative PM2.5-attributable deaths,TRUE,IMAGE,IMAGE 3.3,NAVIGATE,8,0,96.72176,NA,FALSE,FALSE,NA,NA,NA,IMAGE 3.3 | NAVIGATE | 2C
Full,R10CHINA+,2C,mortality_million_deaths,PM2.5 mortality,million cumulative PM2.5-attributable deaths,TRUE,MESSAGEix,MESSAGEix-GLOBIOM 1.1,ENGAGE,60,17,77.9084175,76.10997,TRUE,TRUE,1.7984474999999946,2.3084123098765224,High-RE,MESSAGEix-GLOBIOM 1.1 | ENGAGE | 2C
Full,R10CHINA+,2C,mortality_million_deaths,PM2.5 mortality,million cumulative PM2.5-attributable deaths,TRUE,MESSAGEix,MESSAGEix-GLOBIOM 1.1,NGFS Phase 2,1,1,71.91095,76.377025,TRUE,FALSE,-4.466075000000004,-6.210563203517689,High-CDR,MESSAGEix-GLOBIOM 1.1 | NGFS Phase 2 | 2C
Full,R10CHINA+,2C,mortality_million_deaths,PM2.5 mortality,million cumulative PM2.5-attributable deaths,TRUE,MESSAGEix,MESSAGEix-GLOBIOM 1.2,COVID,5,0,73.12171,NA,FALSE,FALSE,NA,NA,NA,MESSAGEix-GLOBIOM 1.2 | COVID | 2C
Full,R10CHINA+,2C,mortality_million_deaths,PM2.5 mortality,million cumulative PM2.5-attributable deaths,TRUE,MESSAGEix,MESSAGEix-GLOBIOM 2.0-M-R12-NGFS,NGFS Phase 5,0,2,NA,95.83932,FALSE,FALSE,NA,NA,NA,MESSAGEix-GLOBIOM 2.0-M-R12-NGFS | NGFS Phase 5 | 2C
Full,R10CHINA+,2C,mortality_million_deaths,PM2.5 mortality,million cumulative PM2.5-attributable deaths,TRUE,MESSAGEix,MESSAGEix-GLOBIOM GEI 1.0,GEI,6,1,85.57019,77.765125,TRUE,FALSE,7.805064999999999,9.121243040362538,High-RE,MESSAGEix-GLOBIOM GEI 1.0 | GEI | 2C
Full,R10CHINA+,2C,mortality_million_deaths,PM2.5 mortality,million cumulative PM2.5-attributable deaths,TRUE,POLES,POLES-JRC ENGAGE,ENGAGE,56,0,77.704065,NA,FALSE,FALSE,NA,NA,NA,POLES-JRC ENGAGE | ENGAGE | 2C
Full,R10CHINA+,2C,mortality_million_deaths,PM2.5 mortality,million cumulative PM2.5-attributable deaths,TRUE,REMIND,REMIND 2.1,CEMICS,0,1,NA,85.808845,FALSE,FALSE,NA,NA,NA,REMIND 2.1 | CEMICS | 2C
Full,R10CHINA+,2C,mortality_million_deaths,PM2.5 mortality,million cumulative PM2.5-attributable deaths,TRUE,REMIND,REMIND 2.1,LeastTotalCost,0,11,NA,79.4345,FALSE,FALSE,NA,NA,NA,REMIND 2.1 | LeastTotalCost | 2C
Full,R10CHINA+,2C,mortality_million_deaths,PM2.5 mortality,million cumulative PM2.5-attributable deaths,TRUE,REMIND,REMIND 2.1,R2p1,0,8,NA,78.456655,FALSE,FALSE,NA,NA,NA,REMIND 2.1 | R2p1 | 2C
Full,R10CHINA+,2C,mortality_million_deaths,PM2.5 mortality,million cumulative PM2.5-attributable deaths,TRUE,REMIND,REMIND 2.1,TechCost,0,9,NA,78.449905,FALSE,FALSE,NA,NA,NA,REMIND 2.1 | TechCost | 2C
Full,R10CHINA+,2C,mortality_million_deaths,PM2.5 mortality,million cumulative PM2.5-attributable deaths,TRUE,REMIND,REMIND 3.0,NAVIGATE,0,3,NA,79.90001,FALSE,FALSE,NA,NA,NA,REMIND 3.0 | NAVIGATE | 2C
Full,R10CHINA+,2C,mortality_million_deaths,PM2.5 mortality,million cumulative PM2.5-attributable deaths,TRUE,REMIND,REMIND-MAgPIE 1.7-3.0,CD,0,5,NA,88.95394,FALSE,FALSE,NA,NA,NA,REMIND-MAgPIE 1.7-3.0 | CD | 2C
Full,R10CHINA+,2C,mortality_million_deaths,PM2.5 mortality,million cumulative PM2.5-attributable deaths,TRUE,REMIND,REMIND-MAgPIE 1.7-3.0,COMMIT,0,4,NA,88.048145,FALSE,FALSE,NA,NA,NA,REMIND-MAgPIE 1.7-3.0 | COMMIT | 2C
Full,R10CHINA+,2C,mortality_million_deaths,PM2.5 mortality,million cumulative PM2.5-attributable deaths,TRUE,REMIND,REMIND-MAgPIE 1.7-3.0,PEP,0,5,NA,87.89603,FALSE,FALSE,NA,NA,NA,REMIND-MAgPIE 1.7-3.0 | PEP | 2C
Full,R10CHINA+,2C,mortality_million_deaths,PM2.5 mortality,million cumulative PM2.5-attributable deaths,TRUE,REMIND,REMIND-MAgPIE 2.1-4.2,CEMICS,0,1,NA,85.747435,FALSE,FALSE,NA,NA,NA,REMIND-MAgPIE 2.1-4.2 | CEMICS | 2C
Full,R10CHINA+,2C,mortality_million_deaths,PM2.5 mortality,million cumulative PM2.5-attributable deaths,TRUE,REMIND,REMIND-MAgPIE 2.1-4.2,ENGAGE,0,59,NA,78.78534,FALSE,FALSE,NA,NA,NA,REMIND-MAgPIE 2.1-4.2 | ENGAGE | 2C
Full,R10CHINA+,2C,mortality_million_deaths,PM2.5 mortality,million cumulative PM2.5-attributable deaths,TRUE,REMIND,REMIND-MAgPIE 2.1-4.2,NGFS Phase 2,0,2,NA,77.0413375,FALSE,FALSE,NA,NA,NA,REMIND-MAgPIE 2.1-4.2 | NGFS Phase 2 | 2C
Full,R10CHINA+,2C,mortality_million_deaths,PM2.5 mortality,million cumulative PM2.5-attributable deaths,TRUE,REMIND,REMIND-MAgPIE 2.1-4.2,SusDev,0,3,NA,78.44153,FALSE,FALSE,NA,NA,NA,REMIND-MAgPIE 2.1-4.2 | SusDev | 2C
Full,R10CHINA+,2C,mortality_million_deaths,PM2.5 mortality,million cumulative PM2.5-attributable deaths,TRUE,REMIND,REMIND-MAgPIE 2.1-4.3,DeepElectrification,0,3,NA,76.84807,FALSE,FALSE,NA,NA,NA,REMIND-MAgPIE 2.1-4.3 | DeepElectrification | 2C
Full,R10CHINA+,2C,mortality_million_deaths,PM2.5 mortality,million cumulative PM2.5-attributable deaths,TRUE,REMIND,REMIND-MAgPIE 3.2-4.6,SHAPE,0,2,NA,82.47591,FALSE,FALSE,NA,NA,NA,REMIND-MAgPIE 3.2-4.6 | SHAPE | 2C
Full,R10CHINA+,2C,mortality_million_deaths,PM2.5 mortality,million cumulative PM2.5-attributable deaths,TRUE,REMIND,REMIND-MAgPIE 3.2.0-4.8.0,RESCUE,0,5,NA,79.345555,FALSE,FALSE,NA,NA,NA,REMIND-MAgPIE 3.2.0-4.8.0 | RESCUE | 2C
Full,R10CHINA+,2C,mortality_million_deaths,PM2.5 mortality,million cumulative PM2.5-attributable deaths,TRUE,REMIND,REMIND-MAgPIE 3.3-4.8,NGFS Phase 5,0,5,NA,91.72005,FALSE,FALSE,NA,NA,NA,REMIND-MAgPIE 3.3-4.8 | NGFS Phase 5 | 2C
Full,R10CHINA+,2C,mortality_million_deaths,PM2.5 mortality,million cumulative PM2.5-attributable deaths,TRUE,REMIND,REMIND-Transport 2.1,Transport,0,8,NA,77.006815,FALSE,FALSE,NA,NA,NA,REMIND-Transport 2.1 | Transport | 2C
Full,R10CHINA+,2C,mortality_million_deaths,PM2.5 mortality,million cumulative PM2.5-attributable deaths,TRUE,WITCH,WITCH 5.0,COMMIT,2,1,89.73579749999999,91.26728,TRUE,FALSE,-1.5314825000000098,-1.7066572568210696,High-CDR,WITCH 5.0 | COMMIT | 2C
Full,R10CHINA+,2C,mortality_million_deaths,PM2.5 mortality,million cumulative PM2.5-attributable deaths,TRUE,WITCH,WITCH 5.0,ENGAGE,0,2,NA,96.17752,FALSE,FALSE,NA,NA,NA,WITCH 5.0 | ENGAGE | 2C
Full,R10CHINA+,2C,mortality_million_deaths,PM2.5 mortality,million cumulative PM2.5-attributable deaths,TRUE,WITCH,WITCH 5.0,NAVIGATE,0,4,NA,89.9321525,FALSE,FALSE,NA,NA,NA,WITCH 5.0 | NAVIGATE | 2C
Full,R10CHINA+,2C,total_energy_jobyears_per_1k,Employment,"total energy-sector job-years per 1,000 people",FALSE,AIM,AIM/CGE V2.2,ENGAGE,20,11,671.8126994261942,541.3213443662719,TRUE,TRUE,-130.49135505992228,-19.423770222173086,High-CDR,AIM/CGE V2.2 | ENGAGE | 2C
Full,R10CHINA+,2C,total_energy_jobyears_per_1k,Employment,"total energy-sector job-years per 1,000 people",FALSE,COFFEE,COFFEE 1.1,ENGAGE,0,8,NA,322.54766038757487,FALSE,FALSE,NA,NA,NA,COFFEE 1.1 | ENGAGE | 2C
Full,R10CHINA+,2C,total_energy_jobyears_per_1k,Employment,"total energy-sector job-years per 1,000 people",FALSE,GCAM,GCAM 6.0 NGFS,NGFS Phase 5,0,4,NA,376.61387244297237,FALSE,FALSE,NA,NA,NA,GCAM 6.0 NGFS | NGFS Phase 5 | 2C
Full,R10CHINA+,2C,total_energy_jobyears_per_1k,Employment,"total energy-sector job-years per 1,000 people",FALSE,GCAM,GCAM 7.0,IAM,3,0,303.6828763720639,NA,FALSE,FALSE,NA,NA,NA,GCAM 7.0 | IAM | 2C
Full,R10CHINA+,2C,total_energy_jobyears_per_1k,Employment,"total energy-sector job-years per 1,000 people",FALSE,IMAGE,IMAGE 3.0,COMMIT,3,0,194.05553811460103,NA,FALSE,FALSE,NA,NA,NA,IMAGE 3.0 | COMMIT | 2C
Full,R10CHINA+,2C,total_energy_jobyears_per_1k,Employment,"total energy-sector job-years per 1,000 people",FALSE,IMAGE,IMAGE 3.0,ENGAGE,20,0,201.0808266951799,NA,FALSE,FALSE,NA,NA,NA,IMAGE 3.0 | ENGAGE | 2C
Full,R10CHINA+,2C,total_energy_jobyears_per_1k,Employment,"total energy-sector job-years per 1,000 people",FALSE,IMAGE,IMAGE 3.2,ENGAGE,9,0,251.65311943858796,NA,FALSE,FALSE,NA,NA,NA,IMAGE 3.2 | ENGAGE | 2C
Full,R10CHINA+,2C,total_energy_jobyears_per_1k,Employment,"total energy-sector job-years per 1,000 people",FALSE,IMAGE,IMAGE 3.2,SSP2021,8,2,290.0770222909696,398.45852129333593,TRUE,FALSE,108.38149900236635,37.36300729592135,High-RE,IMAGE 3.2 | SSP2021 | 2C
Full,R10CHINA+,2C,total_energy_jobyears_per_1k,Employment,"total energy-sector job-years per 1,000 people",FALSE,IMAGE,IMAGE 3.3,NAVIGATE,8,0,340.45762405590875,NA,FALSE,FALSE,NA,NA,NA,IMAGE 3.3 | NAVIGATE | 2C
Full,R10CHINA+,2C,total_energy_jobyears_per_1k,Employment,"total energy-sector job-years per 1,000 people",FALSE,MESSAGEix,MESSAGEix-GLOBIOM 1.1,ENGAGE,62,20,220.35430213513936,238.97986812796654,TRUE,TRUE,18.625565992827177,8.452553824614892,High-RE,MESSAGEix-GLOBIOM 1.1 | ENGAGE | 2C
Full,R10CHINA+,2C,total_energy_jobyears_per_1k,Employment,"total energy-sector job-years per 1,000 people",FALSE,MESSAGEix,MESSAGEix-GLOBIOM 1.1,NGFS Phase 2,1,1,210.56627079216005,269.8087358235402,TRUE,FALSE,59.242465031380135,28.134831285422514,High-RE,MESSAGEix-GLOBIOM 1.1 | NGFS Phase 2 | 2C
Full,R10CHINA+,2C,total_energy_jobyears_per_1k,Employment,"total energy-sector job-years per 1,000 people",FALSE,MESSAGEix,MESSAGEix-GLOBIOM 1.2,COVID,5,0,14.902573361690736,NA,FALSE,FALSE,NA,NA,NA,MESSAGEix-GLOBIOM 1.2 | COVID | 2C
Full,R10CHINA+,2C,total_energy_jobyears_per_1k,Employment,"total energy-sector job-years per 1,000 people",FALSE,MESSAGEix,MESSAGEix-GLOBIOM 2.0-M-R12-NGFS,NGFS Phase 5,0,2,NA,354.41791493845284,FALSE,FALSE,NA,NA,NA,MESSAGEix-GLOBIOM 2.0-M-R12-NGFS | NGFS Phase 5 | 2C
Full,R10CHINA+,2C,total_energy_jobyears_per_1k,Employment,"total energy-sector job-years per 1,000 people",FALSE,MESSAGEix,MESSAGEix-GLOBIOM GEI 1.0,GEI,6,1,282.555408927704,410.50989819219865,TRUE,FALSE,127.95448926449467,45.2847424687714,High-RE,MESSAGEix-GLOBIOM GEI 1.0 | GEI | 2C
Full,R10CHINA+,2C,total_energy_jobyears_per_1k,Employment,"total energy-sector job-years per 1,000 people",FALSE,POLES,POLES-JRC ENGAGE,ENGAGE,56,8,440.3950623592636,522.2827028399838,TRUE,TRUE,81.88764048072022,18.594132287050545,High-RE,POLES-JRC ENGAGE | ENGAGE | 2C
Full,R10CHINA+,2C,total_energy_jobyears_per_1k,Employment,"total energy-sector job-years per 1,000 people",FALSE,REMIND,REMIND 2.1,CEMICS,0,5,NA,446.4222603214258,FALSE,FALSE,NA,NA,NA,REMIND 2.1 | CEMICS | 2C
Full,R10CHINA+,2C,total_energy_jobyears_per_1k,Employment,"total energy-sector job-years per 1,000 people",FALSE,REMIND,REMIND 2.1,LeastTotalCost,0,11,NA,383.82388233361416,FALSE,FALSE,NA,NA,NA,REMIND 2.1 | LeastTotalCost | 2C
Full,R10CHINA+,2C,total_energy_jobyears_per_1k,Employment,"total energy-sector job-years per 1,000 people",FALSE,REMIND,REMIND 2.1,R2p1,0,8,NA,384.67099618338875,FALSE,FALSE,NA,NA,NA,REMIND 2.1 | R2p1 | 2C
Full,R10CHINA+,2C,total_energy_jobyears_per_1k,Employment,"total energy-sector job-years per 1,000 people",FALSE,REMIND,REMIND 2.1,TechCost,0,9,NA,441.1137183661692,FALSE,FALSE,NA,NA,NA,REMIND 2.1 | TechCost | 2C
Full,R10CHINA+,2C,total_energy_jobyears_per_1k,Employment,"total energy-sector job-years per 1,000 people",FALSE,REMIND,REMIND 3.0,ENGAGE,0,14,NA,245.5706042046616,FALSE,FALSE,NA,NA,NA,REMIND 3.0 | ENGAGE | 2C
Full,R10CHINA+,2C,total_energy_jobyears_per_1k,Employment,"total energy-sector job-years per 1,000 people",FALSE,REMIND,REMIND 3.0,NAVIGATE,0,7,NA,252.66723600420883,FALSE,FALSE,NA,NA,NA,REMIND 3.0 | NAVIGATE | 2C
Full,R10CHINA+,2C,total_energy_jobyears_per_1k,Employment,"total energy-sector job-years per 1,000 people",FALSE,REMIND,REMIND-MAgPIE 1.7-3.0,CD,0,5,NA,441.9951448508296,FALSE,FALSE,NA,NA,NA,REMIND-MAgPIE 1.7-3.0 | CD | 2C
Full,R10CHINA+,2C,total_energy_jobyears_per_1k,Employment,"total energy-sector job-years per 1,000 people",FALSE,REMIND,REMIND-MAgPIE 1.7-3.0,COMMIT,0,4,NA,430.0115660965507,FALSE,FALSE,NA,NA,NA,REMIND-MAgPIE 1.7-3.0 | COMMIT | 2C
Full,R10CHINA+,2C,total_energy_jobyears_per_1k,Employment,"total energy-sector job-years per 1,000 people",FALSE,REMIND,REMIND-MAgPIE 1.7-3.0,PEP,0,5,NA,430.94327117980094,FALSE,FALSE,NA,NA,NA,REMIND-MAgPIE 1.7-3.0 | PEP | 2C
Full,R10CHINA+,2C,total_energy_jobyears_per_1k,Employment,"total energy-sector job-years per 1,000 people",FALSE,REMIND,REMIND-MAgPIE 2.0-4.1,Diff,0,4,NA,479.5315561034717,FALSE,FALSE,NA,NA,NA,REMIND-MAgPIE 2.0-4.1 | Diff | 2C
Full,R10CHINA+,2C,total_energy_jobyears_per_1k,Employment,"total energy-sector job-years per 1,000 people",FALSE,REMIND,REMIND-MAgPIE 2.1-4.2,CEMICS,0,3,NA,440.77822068026995,FALSE,FALSE,NA,NA,NA,REMIND-MAgPIE 2.1-4.2 | CEMICS | 2C
Full,R10CHINA+,2C,total_energy_jobyears_per_1k,Employment,"total energy-sector job-years per 1,000 people",FALSE,REMIND,REMIND-MAgPIE 2.1-4.2,ENGAGE,0,59,NA,395.863886065952,FALSE,FALSE,NA,NA,NA,REMIND-MAgPIE 2.1-4.2 | ENGAGE | 2C
Full,R10CHINA+,2C,total_energy_jobyears_per_1k,Employment,"total energy-sector job-years per 1,000 people",FALSE,REMIND,REMIND-MAgPIE 2.1-4.2,NGFS Phase 2,0,5,NA,286.62766738828816,FALSE,FALSE,NA,NA,NA,REMIND-MAgPIE 2.1-4.2 | NGFS Phase 2 | 2C
Full,R10CHINA+,2C,total_energy_jobyears_per_1k,Employment,"total energy-sector job-years per 1,000 people",FALSE,REMIND,REMIND-MAgPIE 2.1-4.2,SusDev,0,3,NA,332.90265373214663,FALSE,FALSE,NA,NA,NA,REMIND-MAgPIE 2.1-4.2 | SusDev | 2C
Full,R10CHINA+,2C,total_energy_jobyears_per_1k,Employment,"total energy-sector job-years per 1,000 people",FALSE,REMIND,REMIND-MAgPIE 2.1-4.3,DeepElectrification,0,3,NA,391.3841025390867,FALSE,FALSE,NA,NA,NA,REMIND-MAgPIE 2.1-4.3 | DeepElectrification | 2C
Full,R10CHINA+,2C,total_energy_jobyears_per_1k,Employment,"total energy-sector job-years per 1,000 people",FALSE,REMIND,REMIND-MAgPIE 3.2-4.6,SHAPE,0,2,NA,284.638387121724,FALSE,FALSE,NA,NA,NA,REMIND-MAgPIE 3.2-4.6 | SHAPE | 2C
Full,R10CHINA+,2C,total_energy_jobyears_per_1k,Employment,"total energy-sector job-years per 1,000 people",FALSE,REMIND,REMIND-MAgPIE 3.2.0-4.8.0,RESCUE,0,5,NA,346.99826380614144,FALSE,FALSE,NA,NA,NA,REMIND-MAgPIE 3.2.0-4.8.0 | RESCUE | 2C
Full,R10CHINA+,2C,total_energy_jobyears_per_1k,Employment,"total energy-sector job-years per 1,000 people",FALSE,REMIND,REMIND-MAgPIE 3.3-4.8,NGFS Phase 5,0,5,NA,288.8894214061357,FALSE,FALSE,NA,NA,NA,REMIND-MAgPIE 3.3-4.8 | NGFS Phase 5 | 2C
Full,R10CHINA+,2C,total_energy_jobyears_per_1k,Employment,"total energy-sector job-years per 1,000 people",FALSE,REMIND,REMIND-Transport 2.1,Transport,0,8,NA,452.3103253376075,FALSE,FALSE,NA,NA,NA,REMIND-Transport 2.1 | Transport | 2C
Full,R10CHINA+,2C,total_energy_jobyears_per_1k,Employment,"total energy-sector job-years per 1,000 people",FALSE,TIAM,TIAM-ECN 1.1,ENGAGE,12,0,178.23220766875704,NA,FALSE,FALSE,NA,NA,NA,TIAM-ECN 1.1 | ENGAGE | 2C
Full,R10CHINA+,2C,total_energy_jobyears_per_1k,Employment,"total energy-sector job-years per 1,000 people",FALSE,WITCH,WITCH 5.0,COMMIT,2,1,365.60120417034295,687.4141568440965,TRUE,FALSE,321.81295267375356,88.02294658849446,High-RE,WITCH 5.0 | COMMIT | 2C
Full,R10CHINA+,2C,total_energy_jobyears_per_1k,Employment,"total energy-sector job-years per 1,000 people",FALSE,WITCH,WITCH 5.0,ENGAGE,0,11,NA,268.5161051867598,FALSE,FALSE,NA,NA,NA,WITCH 5.0 | ENGAGE | 2C
Full,R10CHINA+,2C,total_energy_jobyears_per_1k,Employment,"total energy-sector job-years per 1,000 people",FALSE,WITCH,WITCH 5.0,NAVIGATE,0,4,NA,529.5350076327311,FALSE,FALSE,NA,NA,NA,WITCH 5.0 | NAVIGATE | 2C
Full,R10EUROPE,1.5C,gap_GJ_pc,DLE gap,GJ per capita of cumulative DLE gap,TRUE,AIM,AIM/CGE V2.2,ENGAGE,1,3,0.292243130997482,0.27101554403045264,TRUE,FALSE,0.021227586967029366,7.263673535995705,High-RE,AIM/CGE V2.2 | ENGAGE | 1.5C
Full,R10EUROPE,1.5C,gap_GJ_pc,DLE gap,GJ per capita of cumulative DLE gap,TRUE,GCAM,GCAM 5.3,Deep,7,0,0.35445764458067636,NA,FALSE,FALSE,NA,NA,NA,GCAM 5.3 | Deep | 1.5C
Full,R10EUROPE,1.5C,gap_GJ_pc,DLE gap,GJ per capita of cumulative DLE gap,TRUE,GCAM,GCAM 6.0 NGFS,NGFS Phase 5,0,1,NA,0.5064928501081432,FALSE,FALSE,NA,NA,NA,GCAM 6.0 NGFS | NGFS Phase 5 | 1.5C
Full,R10EUROPE,1.5C,gap_GJ_pc,DLE gap,GJ per capita of cumulative DLE gap,TRUE,IMAGE,IMAGE 3.2,SSP2021,12,0,1.229824505114599,NA,FALSE,FALSE,NA,NA,NA,IMAGE 3.2 | SSP2021 | 1.5C
Full,R10EUROPE,1.5C,gap_GJ_pc,DLE gap,GJ per capita of cumulative DLE gap,TRUE,IMAGE,IMAGE 3.3,GEO7,2,0,6.250816379677717,NA,FALSE,FALSE,NA,NA,NA,IMAGE 3.3 | GEO7 | 1.5C
Full,R10EUROPE,1.5C,gap_GJ_pc,DLE gap,GJ per capita of cumulative DLE gap,TRUE,IMAGE,IMAGE 3.3,SHAPE,9,0,1.218664036491929,NA,FALSE,FALSE,NA,NA,NA,IMAGE 3.3 | SHAPE | 1.5C
Full,R10EUROPE,1.5C,gap_GJ_pc,DLE gap,GJ per capita of cumulative DLE gap,TRUE,MESSAGEix,MESSAGEix-GLOBIOM 1.1,ENGAGE,13,0,0.699468659821145,NA,FALSE,FALSE,NA,NA,NA,MESSAGEix-GLOBIOM 1.1 | ENGAGE | 1.5C
Full,R10EUROPE,1.5C,gap_GJ_pc,DLE gap,GJ per capita of cumulative DLE gap,TRUE,MESSAGEix,MESSAGEix-GLOBIOM 1.1,NGFS Phase 2,1,0,0.7119191239053976,NA,FALSE,FALSE,NA,NA,NA,MESSAGEix-GLOBIOM 1.1 | NGFS Phase 2 | 1.5C
Full,R10EUROPE,1.5C,gap_GJ_pc,DLE gap,GJ per capita of cumulative DLE gap,TRUE,MESSAGEix,MESSAGEix-GLOBIOM 1.2,COVID,5,0,1.0147078248518555,NA,FALSE,FALSE,NA,NA,NA,MESSAGEix-GLOBIOM 1.2 | COVID | 1.5C
Full,R10EUROPE,1.5C,gap_GJ_pc,DLE gap,GJ per capita of cumulative DLE gap,TRUE,MESSAGEix,MESSAGEix-GLOBIOM GEI 1.0,GEI,6,3,0.15282473569454277,0.1911884180395383,TRUE,TRUE,-0.038363682344995514,-25.10305819973713,High-CDR,MESSAGEix-GLOBIOM GEI 1.0 | GEI | 1.5C
Full,R10EUROPE,1.5C,gap_GJ_pc,DLE gap,GJ per capita of cumulative DLE gap,TRUE,POLES,POLES-JRC ENGAGE,ENGAGE,4,1,1.0009934104064317,2.1835593101195374,TRUE,FALSE,-1.1825658997131057,-118.13922923158408,High-CDR,POLES-JRC ENGAGE | ENGAGE | 1.5C
Full,R10EUROPE,1.5C,gap_GJ_pc,DLE gap,GJ per capita of cumulative DLE gap,TRUE,REMIND,REMIND 2.1,CEMICS,0,4,NA,0.20321786924953278,FALSE,FALSE,NA,NA,NA,REMIND 2.1 | CEMICS | 1.5C
Full,R10EUROPE,1.5C,gap_GJ_pc,DLE gap,GJ per capita of cumulative DLE gap,TRUE,REMIND,REMIND 2.1,R2p1,0,2,NA,0.20998293336638318,FALSE,FALSE,NA,NA,NA,REMIND 2.1 | R2p1 | 1.5C
Full,R10EUROPE,1.5C,gap_GJ_pc,DLE gap,GJ per capita of cumulative DLE gap,TRUE,REMIND,REMIND 3.0,ENGAGE,0,2,NA,0.5199052100815316,FALSE,FALSE,NA,NA,NA,REMIND 3.0 | ENGAGE | 1.5C
Full,R10EUROPE,1.5C,gap_GJ_pc,DLE gap,GJ per capita of cumulative DLE gap,TRUE,REMIND,REMIND 3.0,NAVIGATE,1,0,0.7730479349213151,NA,FALSE,FALSE,NA,NA,NA,REMIND 3.0 | NAVIGATE | 1.5C
Full,R10EUROPE,1.5C,gap_GJ_pc,DLE gap,GJ per capita of cumulative DLE gap,TRUE,REMIND,REMIND-Buildings 2.0,BEG,0,2,NA,0.19232411028135618,FALSE,FALSE,NA,NA,NA,REMIND-Buildings 2.0 | BEG | 1.5C
Full,R10EUROPE,1.5C,gap_GJ_pc,DLE gap,GJ per capita of cumulative DLE gap,TRUE,REMIND,REMIND-MAgPIE 1.7-3.0,CD,0,4,NA,0.08007185995273133,FALSE,FALSE,NA,NA,NA,REMIND-MAgPIE 1.7-3.0 | CD | 1.5C
Full,R10EUROPE,1.5C,gap_GJ_pc,DLE gap,GJ per capita of cumulative DLE gap,TRUE,REMIND,REMIND-MAgPIE 1.7-3.0,COMMIT,0,3,NA,0.08333953033242336,FALSE,FALSE,NA,NA,NA,REMIND-MAgPIE 1.7-3.0 | COMMIT | 1.5C
Full,R10EUROPE,1.5C,gap_GJ_pc,DLE gap,GJ per capita of cumulative DLE gap,TRUE,REMIND,REMIND-MAgPIE 1.7-3.0,PEP,0,13,NA,0.09506314481766794,FALSE,FALSE,NA,NA,NA,REMIND-MAgPIE 1.7-3.0 | PEP | 1.5C
Full,R10EUROPE,1.5C,gap_GJ_pc,DLE gap,GJ per capita of cumulative DLE gap,TRUE,REMIND,REMIND-MAgPIE 2.1-4.2,CEMICS,0,3,NA,0.2811434120458239,FALSE,FALSE,NA,NA,NA,REMIND-MAgPIE 2.1-4.2 | CEMICS | 1.5C
Full,R10EUROPE,1.5C,gap_GJ_pc,DLE gap,GJ per capita of cumulative DLE gap,TRUE,REMIND,REMIND-MAgPIE 2.1-4.2,ENGAGE,0,19,NA,0.21312464731190875,FALSE,FALSE,NA,NA,NA,REMIND-MAgPIE 2.1-4.2 | ENGAGE | 1.5C
Full,R10EUROPE,1.5C,gap_GJ_pc,DLE gap,GJ per capita of cumulative DLE gap,TRUE,REMIND,REMIND-MAgPIE 2.1-4.2,SusDev,0,2,NA,0.6229553516207644,FALSE,FALSE,NA,NA,NA,REMIND-MAgPIE 2.1-4.2 | SusDev | 1.5C
Full,R10EUROPE,1.5C,gap_GJ_pc,DLE gap,GJ per capita of cumulative DLE gap,TRUE,REMIND,REMIND-MAgPIE 2.1-4.3,DeepElectrification,0,1,NA,0.5165269192518532,FALSE,FALSE,NA,NA,NA,REMIND-MAgPIE 2.1-4.3 | DeepElectrification | 1.5C
Full,R10EUROPE,1.5C,gap_GJ_pc,DLE gap,GJ per capita of cumulative DLE gap,TRUE,REMIND,REMIND-MAgPIE 3.2.0-4.8.0,RESCUE,0,3,NA,0.2918706372441888,FALSE,FALSE,NA,NA,NA,REMIND-MAgPIE 3.2.0-4.8.0 | RESCUE | 1.5C
Full,R10EUROPE,1.5C,gap_GJ_pc,DLE gap,GJ per capita of cumulative DLE gap,TRUE,REMIND,REMIND-MAgPIE 3.3-4.8,NGFS Phase 5,0,1,NA,0.4626455083595422,FALSE,FALSE,NA,NA,NA,REMIND-MAgPIE 3.3-4.8 | NGFS Phase 5 | 1.5C
Full,R10EUROPE,1.5C,gap_GJ_pc,DLE gap,GJ per capita of cumulative DLE gap,TRUE,WITCH,WITCH 5.0,ENGAGE,6,0,1.4546150596953662,NA,FALSE,FALSE,NA,NA,NA,WITCH 5.0 | ENGAGE | 1.5C
Full,R10EUROPE,1.5C,headcount_pct,Deprived share,population-year-weighted mean % below the DLE threshold,TRUE,AIM,AIM/CGE V2.2,ENGAGE,1,3,0.1145342195420112,0.11282164856664972,TRUE,FALSE,0.0017125709753614826,1.4952483041396294,High-RE,AIM/CGE V2.2 | ENGAGE | 1.5C
Full,R10EUROPE,1.5C,headcount_pct,Deprived share,population-year-weighted mean % below the DLE threshold,TRUE,GCAM,GCAM 5.3,Deep,7,0,0.13072626853638172,NA,FALSE,FALSE,NA,NA,NA,GCAM 5.3 | Deep | 1.5C
Full,R10EUROPE,1.5C,headcount_pct,Deprived share,population-year-weighted mean % below the DLE threshold,TRUE,GCAM,GCAM 6.0 NGFS,NGFS Phase 5,0,1,NA,0.18574722127443513,FALSE,FALSE,NA,NA,NA,GCAM 6.0 NGFS | NGFS Phase 5 | 1.5C
Full,R10EUROPE,1.5C,headcount_pct,Deprived share,population-year-weighted mean % below the DLE threshold,TRUE,IMAGE,IMAGE 3.2,SSP2021,12,0,0.5468709048374403,NA,FALSE,FALSE,NA,NA,NA,IMAGE 3.2 | SSP2021 | 1.5C
Full,R10EUROPE,1.5C,headcount_pct,Deprived share,population-year-weighted mean % below the DLE threshold,TRUE,IMAGE,IMAGE 3.3,GEO7,2,0,2.794167520633773,NA,FALSE,FALSE,NA,NA,NA,IMAGE 3.3 | GEO7 | 1.5C
Full,R10EUROPE,1.5C,headcount_pct,Deprived share,population-year-weighted mean % below the DLE threshold,TRUE,IMAGE,IMAGE 3.3,SHAPE,9,0,0.4763071970431425,NA,FALSE,FALSE,NA,NA,NA,IMAGE 3.3 | SHAPE | 1.5C
Full,R10EUROPE,1.5C,headcount_pct,Deprived share,population-year-weighted mean % below the DLE threshold,TRUE,MESSAGEix,MESSAGEix-GLOBIOM 1.1,ENGAGE,13,0,0.25609876387991043,NA,FALSE,FALSE,NA,NA,NA,MESSAGEix-GLOBIOM 1.1 | ENGAGE | 1.5C
Full,R10EUROPE,1.5C,headcount_pct,Deprived share,population-year-weighted mean % below the DLE threshold,TRUE,MESSAGEix,MESSAGEix-GLOBIOM 1.1,NGFS Phase 2,1,0,0.2691410436669099,NA,FALSE,FALSE,NA,NA,NA,MESSAGEix-GLOBIOM 1.1 | NGFS Phase 2 | 1.5C
Full,R10EUROPE,1.5C,headcount_pct,Deprived share,population-year-weighted mean % below the DLE threshold,TRUE,MESSAGEix,MESSAGEix-GLOBIOM 1.2,COVID,5,0,0.36504985543622787,NA,FALSE,FALSE,NA,NA,NA,MESSAGEix-GLOBIOM 1.2 | COVID | 1.5C
Full,R10EUROPE,1.5C,headcount_pct,Deprived share,population-year-weighted mean % below the DLE threshold,TRUE,MESSAGEix,MESSAGEix-GLOBIOM GEI 1.0,GEI,6,3,0.05808374095874162,0.07340728124637322,TRUE,TRUE,-0.015323540287631596,-26.381806740919636,High-CDR,MESSAGEix-GLOBIOM GEI 1.0 | GEI | 1.5C
Full,R10EUROPE,1.5C,headcount_pct,Deprived share,population-year-weighted mean % below the DLE threshold,TRUE,POLES,POLES-JRC ENGAGE,ENGAGE,4,1,0.4983844105045811,0.8500452962165932,TRUE,FALSE,-0.3516608857120121,-70.56016968026323,High-CDR,POLES-JRC ENGAGE | ENGAGE | 1.5C
Full,R10EUROPE,1.5C,headcount_pct,Deprived share,population-year-weighted mean % below the DLE threshold,TRUE,REMIND,REMIND 2.1,CEMICS,0,4,NA,0.1101499904638594,FALSE,FALSE,NA,NA,NA,REMIND 2.1 | CEMICS | 1.5C
Full,R10EUROPE,1.5C,headcount_pct,Deprived share,population-year-weighted mean % below the DLE threshold,TRUE,REMIND,REMIND 2.1,R2p1,0,2,NA,0.09842154636553832,FALSE,FALSE,NA,NA,NA,REMIND 2.1 | R2p1 | 1.5C
Full,R10EUROPE,1.5C,headcount_pct,Deprived share,population-year-weighted mean % below the DLE threshold,TRUE,REMIND,REMIND 3.0,ENGAGE,0,2,NA,0.2457094800204121,FALSE,FALSE,NA,NA,NA,REMIND 3.0 | ENGAGE | 1.5C
Full,R10EUROPE,1.5C,headcount_pct,Deprived share,population-year-weighted mean % below the DLE threshold,TRUE,REMIND,REMIND 3.0,NAVIGATE,1,0,0.5548236529677705,NA,FALSE,FALSE,NA,NA,NA,REMIND 3.0 | NAVIGATE | 1.5C
Full,R10EUROPE,1.5C,headcount_pct,Deprived share,population-year-weighted mean % below the DLE threshold,TRUE,REMIND,REMIND-Buildings 2.0,BEG,0,2,NA,0.10058057906566069,FALSE,FALSE,NA,NA,NA,REMIND-Buildings 2.0 | BEG | 1.5C
Full,R10EUROPE,1.5C,headcount_pct,Deprived share,population-year-weighted mean % below the DLE threshold,TRUE,REMIND,REMIND-MAgPIE 1.7-3.0,CD,0,4,NA,0.03805736062399001,FALSE,FALSE,NA,NA,NA,REMIND-MAgPIE 1.7-3.0 | CD | 1.5C
Full,R10EUROPE,1.5C,headcount_pct,Deprived share,population-year-weighted mean % below the DLE threshold,TRUE,REMIND,REMIND-MAgPIE 1.7-3.0,COMMIT,0,3,NA,0.03965653650764163,FALSE,FALSE,NA,NA,NA,REMIND-MAgPIE 1.7-3.0 | COMMIT | 1.5C
Full,R10EUROPE,1.5C,headcount_pct,Deprived share,population-year-weighted mean % below the DLE threshold,TRUE,REMIND,REMIND-MAgPIE 1.7-3.0,PEP,0,13,NA,0.04595227072561606,FALSE,FALSE,NA,NA,NA,REMIND-MAgPIE 1.7-3.0 | PEP | 1.5C
Full,R10EUROPE,1.5C,headcount_pct,Deprived share,population-year-weighted mean % below the DLE threshold,TRUE,REMIND,REMIND-MAgPIE 2.1-4.2,CEMICS,0,3,NA,0.15011362858021313,FALSE,FALSE,NA,NA,NA,REMIND-MAgPIE 2.1-4.2 | CEMICS | 1.5C
Full,R10EUROPE,1.5C,headcount_pct,Deprived share,population-year-weighted mean % below the DLE threshold,TRUE,REMIND,REMIND-MAgPIE 2.1-4.2,ENGAGE,0,19,NA,0.11274169402126503,FALSE,FALSE,NA,NA,NA,REMIND-MAgPIE 2.1-4.2 | ENGAGE | 1.5C
Full,R10EUROPE,1.5C,headcount_pct,Deprived share,population-year-weighted mean % below the DLE threshold,TRUE,REMIND,REMIND-MAgPIE 2.1-4.2,SusDev,0,2,NA,0.39201708945772307,FALSE,FALSE,NA,NA,NA,REMIND-MAgPIE 2.1-4.2 | SusDev | 1.5C
Full,R10EUROPE,1.5C,headcount_pct,Deprived share,population-year-weighted mean % below the DLE threshold,TRUE,REMIND,REMIND-MAgPIE 2.1-4.3,DeepElectrification,0,1,NA,0.28294805010791646,FALSE,FALSE,NA,NA,NA,REMIND-MAgPIE 2.1-4.3 | DeepElectrification | 1.5C
Full,R10EUROPE,1.5C,headcount_pct,Deprived share,population-year-weighted mean % below the DLE threshold,TRUE,REMIND,REMIND-MAgPIE 3.2.0-4.8.0,RESCUE,0,3,NA,0.1446505567314045,FALSE,FALSE,NA,NA,NA,REMIND-MAgPIE 3.2.0-4.8.0 | RESCUE | 1.5C
Full,R10EUROPE,1.5C,headcount_pct,Deprived share,population-year-weighted mean % below the DLE threshold,TRUE,REMIND,REMIND-MAgPIE 3.3-4.8,NGFS Phase 5,0,1,NA,0.2451411382258717,FALSE,FALSE,NA,NA,NA,REMIND-MAgPIE 3.3-4.8 | NGFS Phase 5 | 1.5C
Full,R10EUROPE,1.5C,headcount_pct,Deprived share,population-year-weighted mean % below the DLE threshold,TRUE,WITCH,WITCH 5.0,ENGAGE,6,0,0.531083185895988,NA,FALSE,FALSE,NA,NA,NA,WITCH 5.0 | ENGAGE | 1.5C
Full,R10EUROPE,1.5C,mortality_million_deaths,PM2.5 mortality,million cumulative PM2.5-attributable deaths,TRUE,AIM,AIM/CGE V2.2,ENGAGE,1,0,15.759125,NA,FALSE,FALSE,NA,NA,NA,AIM/CGE V2.2 | ENGAGE | 1.5C
Full,R10EUROPE,1.5C,mortality_million_deaths,PM2.5 mortality,million cumulative PM2.5-attributable deaths,TRUE,GCAM,GCAM 6.0 NGFS,NGFS Phase 5,0,1,NA,18.6016,FALSE,FALSE,NA,NA,NA,GCAM 6.0 NGFS | NGFS Phase 5 | 1.5C
Full,R10EUROPE,1.5C,mortality_million_deaths,PM2.5 mortality,million cumulative PM2.5-attributable deaths,TRUE,IMAGE,IMAGE 3.2,SSP2021,12,0,18.375825,NA,FALSE,FALSE,NA,NA,NA,IMAGE 3.2 | SSP2021 | 1.5C
Full,R10EUROPE,1.5C,mortality_million_deaths,PM2.5 mortality,million cumulative PM2.5-attributable deaths,TRUE,IMAGE,IMAGE 3.3,GEO7,2,0,18.749290000000002,NA,FALSE,FALSE,NA,NA,NA,IMAGE 3.3 | GEO7 | 1.5C
Full,R10EUROPE,1.5C,mortality_million_deaths,PM2.5 mortality,million cumulative PM2.5-attributable deaths,TRUE,IMAGE,IMAGE 3.3,SHAPE,9,0,19.203655,NA,FALSE,FALSE,NA,NA,NA,IMAGE 3.3 | SHAPE | 1.5C
Full,R10EUROPE,1.5C,mortality_million_deaths,PM2.5 mortality,million cumulative PM2.5-attributable deaths,TRUE,MESSAGEix,MESSAGEix-GLOBIOM 1.1,ENGAGE,11,0,13.39995,NA,FALSE,FALSE,NA,NA,NA,MESSAGEix-GLOBIOM 1.1 | ENGAGE | 1.5C
Full,R10EUROPE,1.5C,mortality_million_deaths,PM2.5 mortality,million cumulative PM2.5-attributable deaths,TRUE,MESSAGEix,MESSAGEix-GLOBIOM 1.1,NGFS Phase 2,1,0,13.426255,NA,FALSE,FALSE,NA,NA,NA,MESSAGEix-GLOBIOM 1.1 | NGFS Phase 2 | 1.5C
Full,R10EUROPE,1.5C,mortality_million_deaths,PM2.5 mortality,million cumulative PM2.5-attributable deaths,TRUE,MESSAGEix,MESSAGEix-GLOBIOM 1.2,COVID,5,0,13.32522,NA,FALSE,FALSE,NA,NA,NA,MESSAGEix-GLOBIOM 1.2 | COVID | 1.5C
Full,R10EUROPE,1.5C,mortality_million_deaths,PM2.5 mortality,million cumulative PM2.5-attributable deaths,TRUE,MESSAGEix,MESSAGEix-GLOBIOM GEI 1.0,GEI,6,3,15.4415225,14.420805,TRUE,TRUE,1.0207175,6.6102128206593616,High-RE,MESSAGEix-GLOBIOM GEI 1.0 | GEI | 1.5C
Full,R10EUROPE,1.5C,mortality_million_deaths,PM2.5 mortality,million cumulative PM2.5-attributable deaths,TRUE,POLES,POLES-JRC ENGAGE,ENGAGE,4,0,11.75161,NA,FALSE,FALSE,NA,NA,NA,POLES-JRC ENGAGE | ENGAGE | 1.5C
Full,R10EUROPE,1.5C,mortality_million_deaths,PM2.5 mortality,million cumulative PM2.5-attributable deaths,TRUE,REMIND,REMIND 2.1,R2p1,0,2,NA,11.113495,FALSE,FALSE,NA,NA,NA,REMIND 2.1 | R2p1 | 1.5C
Full,R10EUROPE,1.5C,mortality_million_deaths,PM2.5 mortality,million cumulative PM2.5-attributable deaths,TRUE,REMIND,REMIND-Buildings 2.0,BEG,0,2,NA,11.229755,FALSE,FALSE,NA,NA,NA,REMIND-Buildings 2.0 | BEG | 1.5C
Full,R10EUROPE,1.5C,mortality_million_deaths,PM2.5 mortality,million cumulative PM2.5-attributable deaths,TRUE,REMIND,REMIND-MAgPIE 1.7-3.0,CD,0,4,NA,12.0039675,FALSE,FALSE,NA,NA,NA,REMIND-MAgPIE 1.7-3.0 | CD | 1.5C
Full,R10EUROPE,1.5C,mortality_million_deaths,PM2.5 mortality,million cumulative PM2.5-attributable deaths,TRUE,REMIND,REMIND-MAgPIE 1.7-3.0,COMMIT,0,3,NA,11.899475,FALSE,FALSE,NA,NA,NA,REMIND-MAgPIE 1.7-3.0 | COMMIT | 1.5C
Full,R10EUROPE,1.5C,mortality_million_deaths,PM2.5 mortality,million cumulative PM2.5-attributable deaths,TRUE,REMIND,REMIND-MAgPIE 1.7-3.0,PEP,0,13,NA,11.50815,FALSE,FALSE,NA,NA,NA,REMIND-MAgPIE 1.7-3.0 | PEP | 1.5C
Full,R10EUROPE,1.5C,mortality_million_deaths,PM2.5 mortality,million cumulative PM2.5-attributable deaths,TRUE,REMIND,REMIND-MAgPIE 2.1-4.2,ENGAGE,0,19,NA,11.130185,FALSE,FALSE,NA,NA,NA,REMIND-MAgPIE 2.1-4.2 | ENGAGE | 1.5C
Full,R10EUROPE,1.5C,mortality_million_deaths,PM2.5 mortality,million cumulative PM2.5-attributable deaths,TRUE,REMIND,REMIND-MAgPIE 2.1-4.2,SusDev,0,2,NA,11.072524999999999,FALSE,FALSE,NA,NA,NA,REMIND-MAgPIE 2.1-4.2 | SusDev | 1.5C
Full,R10EUROPE,1.5C,mortality_million_deaths,PM2.5 mortality,million cumulative PM2.5-attributable deaths,TRUE,REMIND,REMIND-MAgPIE 2.1-4.3,DeepElectrification,0,1,NA,11.08917,FALSE,FALSE,NA,NA,NA,REMIND-MAgPIE 2.1-4.3 | DeepElectrification | 1.5C
Full,R10EUROPE,1.5C,mortality_million_deaths,PM2.5 mortality,million cumulative PM2.5-attributable deaths,TRUE,REMIND,REMIND-MAgPIE 3.2.0-4.8.0,RESCUE,0,3,NA,11.930575,FALSE,FALSE,NA,NA,NA,REMIND-MAgPIE 3.2.0-4.8.0 | RESCUE | 1.5C
Full,R10EUROPE,1.5C,mortality_million_deaths,PM2.5 mortality,million cumulative PM2.5-attributable deaths,TRUE,REMIND,REMIND-MAgPIE 3.3-4.8,NGFS Phase 5,0,1,NA,15.693855,FALSE,FALSE,NA,NA,NA,REMIND-MAgPIE 3.3-4.8 | NGFS Phase 5 | 1.5C
Full,R10EUROPE,1.5C,mortality_million_deaths,PM2.5 mortality,million cumulative PM2.5-attributable deaths,TRUE,WITCH,WITCH 5.0,ENGAGE,6,0,17.582012499999998,NA,FALSE,FALSE,NA,NA,NA,WITCH 5.0 | ENGAGE | 1.5C
Full,R10EUROPE,1.5C,total_energy_jobyears_per_1k,Employment,"total energy-sector job-years per 1,000 people",FALSE,AIM,AIM/CGE V2.2,ENGAGE,1,3,322.372579739052,238.64031852732353,TRUE,FALSE,-83.73226121172848,-25.973754120001917,High-CDR,AIM/CGE V2.2 | ENGAGE | 1.5C
Full,R10EUROPE,1.5C,total_energy_jobyears_per_1k,Employment,"total energy-sector job-years per 1,000 people",FALSE,GCAM,GCAM 6.0 NGFS,NGFS Phase 5,0,1,NA,231.27572823916267,FALSE,FALSE,NA,NA,NA,GCAM 6.0 NGFS | NGFS Phase 5 | 1.5C
Full,R10EUROPE,1.5C,total_energy_jobyears_per_1k,Employment,"total energy-sector job-years per 1,000 people",FALSE,IMAGE,IMAGE 3.2,SSP2021,12,0,174.2285297194981,NA,FALSE,FALSE,NA,NA,NA,IMAGE 3.2 | SSP2021 | 1.5C
Full,R10EUROPE,1.5C,total_energy_jobyears_per_1k,Employment,"total energy-sector job-years per 1,000 people",FALSE,IMAGE,IMAGE 3.3,SHAPE,9,0,155.87770359010915,NA,FALSE,FALSE,NA,NA,NA,IMAGE 3.3 | SHAPE | 1.5C
Full,R10EUROPE,1.5C,total_energy_jobyears_per_1k,Employment,"total energy-sector job-years per 1,000 people",FALSE,MESSAGEix,MESSAGEix-GLOBIOM 1.1,ENGAGE,13,0,148.4591194014748,NA,FALSE,FALSE,NA,NA,NA,MESSAGEix-GLOBIOM 1.1 | ENGAGE | 1.5C
Full,R10EUROPE,1.5C,total_energy_jobyears_per_1k,Employment,"total energy-sector job-years per 1,000 people",FALSE,MESSAGEix,MESSAGEix-GLOBIOM 1.1,NGFS Phase 2,1,0,150.7845068737266,NA,FALSE,FALSE,NA,NA,NA,MESSAGEix-GLOBIOM 1.1 | NGFS Phase 2 | 1.5C
Full,R10EUROPE,1.5C,total_energy_jobyears_per_1k,Employment,"total energy-sector job-years per 1,000 people",FALSE,MESSAGEix,MESSAGEix-GLOBIOM 1.2,COVID,5,0,3.0460068138432344,NA,FALSE,FALSE,NA,NA,NA,MESSAGEix-GLOBIOM 1.2 | COVID | 1.5C
Full,R10EUROPE,1.5C,total_energy_jobyears_per_1k,Employment,"total energy-sector job-years per 1,000 people",FALSE,MESSAGEix,MESSAGEix-GLOBIOM GEI 1.0,GEI,6,3,236.5994423281387,274.0937537405218,TRUE,TRUE,37.49431141238307,15.847168126618985,High-RE,MESSAGEix-GLOBIOM GEI 1.0 | GEI | 1.5C
Full,R10EUROPE,1.5C,total_energy_jobyears_per_1k,Employment,"total energy-sector job-years per 1,000 people",FALSE,POLES,POLES-JRC ENGAGE,ENGAGE,4,1,264.1899928878212,241.2186698684395,TRUE,FALSE,-22.971323019381686,-8.695001187700411,High-CDR,POLES-JRC ENGAGE | ENGAGE | 1.5C
Full,R10EUROPE,1.5C,total_energy_jobyears_per_1k,Employment,"total energy-sector job-years per 1,000 people",FALSE,REMIND,REMIND 2.1,CEMICS,0,4,NA,182.42868031972955,FALSE,FALSE,NA,NA,NA,REMIND 2.1 | CEMICS | 1.5C
Full,R10EUROPE,1.5C,total_energy_jobyears_per_1k,Employment,"total energy-sector job-years per 1,000 people",FALSE,REMIND,REMIND 2.1,R2p1,0,2,NA,224.0608380552547,FALSE,FALSE,NA,NA,NA,REMIND 2.1 | R2p1 | 1.5C
Full,R10EUROPE,1.5C,total_energy_jobyears_per_1k,Employment,"total energy-sector job-years per 1,000 people",FALSE,REMIND,REMIND 3.0,ENGAGE,0,2,NA,124.84258199876642,FALSE,FALSE,NA,NA,NA,REMIND 3.0 | ENGAGE | 1.5C
Full,R10EUROPE,1.5C,total_energy_jobyears_per_1k,Employment,"total energy-sector job-years per 1,000 people",FALSE,REMIND,REMIND 3.0,NAVIGATE,1,0,88.64995725227382,NA,FALSE,FALSE,NA,NA,NA,REMIND 3.0 | NAVIGATE | 1.5C
Full,R10EUROPE,1.5C,total_energy_jobyears_per_1k,Employment,"total energy-sector job-years per 1,000 people",FALSE,REMIND,REMIND-Buildings 2.0,BEG,0,2,NA,157.8211729322635,FALSE,FALSE,NA,NA,NA,REMIND-Buildings 2.0 | BEG | 1.5C
Full,R10EUROPE,1.5C,total_energy_jobyears_per_1k,Employment,"total energy-sector job-years per 1,000 people",FALSE,REMIND,REMIND-MAgPIE 1.7-3.0,CD,0,4,NA,223.28400331912565,FALSE,FALSE,NA,NA,NA,REMIND-MAgPIE 1.7-3.0 | CD | 1.5C
Full,R10EUROPE,1.5C,total_energy_jobyears_per_1k,Employment,"total energy-sector job-years per 1,000 people",FALSE,REMIND,REMIND-MAgPIE 1.7-3.0,COMMIT,0,3,NA,215.3856530006603,FALSE,FALSE,NA,NA,NA,REMIND-MAgPIE 1.7-3.0 | COMMIT | 1.5C
Full,R10EUROPE,1.5C,total_energy_jobyears_per_1k,Employment,"total energy-sector job-years per 1,000 people",FALSE,REMIND,REMIND-MAgPIE 1.7-3.0,PEP,0,13,NA,236.62578976364023,FALSE,FALSE,NA,NA,NA,REMIND-MAgPIE 1.7-3.0 | PEP | 1.5C
Full,R10EUROPE,1.5C,total_energy_jobyears_per_1k,Employment,"total energy-sector job-years per 1,000 people",FALSE,REMIND,REMIND-MAgPIE 2.1-4.2,CEMICS,0,3,NA,177.59589109136556,FALSE,FALSE,NA,NA,NA,REMIND-MAgPIE 2.1-4.2 | CEMICS | 1.5C
Full,R10EUROPE,1.5C,total_energy_jobyears_per_1k,Employment,"total energy-sector job-years per 1,000 people",FALSE,REMIND,REMIND-MAgPIE 2.1-4.2,ENGAGE,0,19,NA,185.44347438239922,FALSE,FALSE,NA,NA,NA,REMIND-MAgPIE 2.1-4.2 | ENGAGE | 1.5C
Full,R10EUROPE,1.5C,total_energy_jobyears_per_1k,Employment,"total energy-sector job-years per 1,000 people",FALSE,REMIND,REMIND-MAgPIE 2.1-4.2,SusDev,0,2,NA,144.03974319610137,FALSE,FALSE,NA,NA,NA,REMIND-MAgPIE 2.1-4.2 | SusDev | 1.5C
Full,R10EUROPE,1.5C,total_energy_jobyears_per_1k,Employment,"total energy-sector job-years per 1,000 people",FALSE,REMIND,REMIND-MAgPIE 2.1-4.3,DeepElectrification,0,1,NA,184.75247465969653,FALSE,FALSE,NA,NA,NA,REMIND-MAgPIE 2.1-4.3 | DeepElectrification | 1.5C
Full,R10EUROPE,1.5C,total_energy_jobyears_per_1k,Employment,"total energy-sector job-years per 1,000 people",FALSE,REMIND,REMIND-MAgPIE 3.2.0-4.8.0,RESCUE,0,3,NA,169.29107030886144,FALSE,FALSE,NA,NA,NA,REMIND-MAgPIE 3.2.0-4.8.0 | RESCUE | 1.5C
Full,R10EUROPE,1.5C,total_energy_jobyears_per_1k,Employment,"total energy-sector job-years per 1,000 people",FALSE,REMIND,REMIND-MAgPIE 3.3-4.8,NGFS Phase 5,0,1,NA,124.92865622273315,FALSE,FALSE,NA,NA,NA,REMIND-MAgPIE 3.3-4.8 | NGFS Phase 5 | 1.5C
Full,R10EUROPE,1.5C,total_energy_jobyears_per_1k,Employment,"total energy-sector job-years per 1,000 people",FALSE,WITCH,WITCH 5.0,ENGAGE,6,0,208.51241426991976,NA,FALSE,FALSE,NA,NA,NA,WITCH 5.0 | ENGAGE | 1.5C
Full,R10EUROPE,2C,gap_GJ_pc,DLE gap,GJ per capita of cumulative DLE gap,TRUE,AIM,AIM/CGE V2.2,ENGAGE,20,11,0.23616977446514054,0.24052625247051224,TRUE,TRUE,-0.0043564780053717,-1.844638254509038,High-CDR,AIM/CGE V2.2 | ENGAGE | 2C
Full,R10EUROPE,2C,gap_GJ_pc,DLE gap,GJ per capita of cumulative DLE gap,TRUE,GCAM,GCAM 5.3,Deep,23,0,0.27949822861211665,NA,FALSE,FALSE,NA,NA,NA,GCAM 5.3 | Deep | 2C
Full,R10EUROPE,2C,gap_GJ_pc,DLE gap,GJ per capita of cumulative DLE gap,TRUE,GCAM,GCAM 6.0 NGFS,NGFS Phase 5,0,4,NA,0.40131558692431696,FALSE,FALSE,NA,NA,NA,GCAM 6.0 NGFS | NGFS Phase 5 | 2C
Full,R10EUROPE,2C,gap_GJ_pc,DLE gap,GJ per capita of cumulative DLE gap,TRUE,GCAM,GCAM 7.0,IAM,3,0,0.3434587163750526,NA,FALSE,FALSE,NA,NA,NA,GCAM 7.0 | IAM | 2C
Full,R10EUROPE,2C,gap_GJ_pc,DLE gap,GJ per capita of cumulative DLE gap,TRUE,IMAGE,IMAGE 3.0,COMMIT,3,0,0.9068036808887372,NA,FALSE,FALSE,NA,NA,NA,IMAGE 3.0 | COMMIT | 2C
Full,R10EUROPE,2C,gap_GJ_pc,DLE gap,GJ per capita of cumulative DLE gap,TRUE,IMAGE,IMAGE 3.0,ENGAGE,20,0,0.34640233514435825,NA,FALSE,FALSE,NA,NA,NA,IMAGE 3.0 | ENGAGE | 2C
Full,R10EUROPE,2C,gap_GJ_pc,DLE gap,GJ per capita of cumulative DLE gap,TRUE,IMAGE,IMAGE 3.2,ENGAGE,9,0,1.027780685625329,NA,FALSE,FALSE,NA,NA,NA,IMAGE 3.2 | ENGAGE | 2C
Full,R10EUROPE,2C,gap_GJ_pc,DLE gap,GJ per capita of cumulative DLE gap,TRUE,IMAGE,IMAGE 3.2,SSP2021,8,2,0.9653356067249916,0.7216347546530835,TRUE,FALSE,0.24370085207190817,25.245194559712804,High-RE,IMAGE 3.2 | SSP2021 | 2C
Full,R10EUROPE,2C,gap_GJ_pc,DLE gap,GJ per capita of cumulative DLE gap,TRUE,IMAGE,IMAGE 3.3,NAVIGATE,8,0,1.0332156407415574,NA,FALSE,FALSE,NA,NA,NA,IMAGE 3.3 | NAVIGATE | 2C
Full,R10EUROPE,2C,gap_GJ_pc,DLE gap,GJ per capita of cumulative DLE gap,TRUE,MESSAGEix,MESSAGEix-GLOBIOM 1.1,ENGAGE,62,20,0.3051152223125545,0.33275766773373694,TRUE,TRUE,-0.027642445421182438,-9.059674313091472,High-CDR,MESSAGEix-GLOBIOM 1.1 | ENGAGE | 2C
Full,R10EUROPE,2C,gap_GJ_pc,DLE gap,GJ per capita of cumulative DLE gap,TRUE,MESSAGEix,MESSAGEix-GLOBIOM 1.1,NGFS Phase 2,1,1,0.35274665642500574,0.26832221053735833,TRUE,FALSE,0.08442444588764741,23.933450353085384,High-RE,MESSAGEix-GLOBIOM 1.1 | NGFS Phase 2 | 2C
Full,R10EUROPE,2C,gap_GJ_pc,DLE gap,GJ per capita of cumulative DLE gap,TRUE,MESSAGEix,MESSAGEix-GLOBIOM 1.2,COVID,5,0,0.5370583299854688,NA,FALSE,FALSE,NA,NA,NA,MESSAGEix-GLOBIOM 1.2 | COVID | 2C
Full,R10EUROPE,2C,gap_GJ_pc,DLE gap,GJ per capita of cumulative DLE gap,TRUE,MESSAGEix,MESSAGEix-GLOBIOM 2.0-M-R12-NGFS,NGFS Phase 5,0,2,NA,0.4708465267847604,FALSE,FALSE,NA,NA,NA,MESSAGEix-GLOBIOM 2.0-M-R12-NGFS | NGFS Phase 5 | 2C
Full,R10EUROPE,2C,gap_GJ_pc,DLE gap,GJ per capita of cumulative DLE gap,TRUE,MESSAGEix,MESSAGEix-GLOBIOM GEI 1.0,GEI,6,1,0.12674587315681718,0.30085767774188166,TRUE,FALSE,-0.17411180458506448,-137.37078789906118,High-CDR,MESSAGEix-GLOBIOM GEI 1.0 | GEI | 2C
Full,R10EUROPE,2C,gap_GJ_pc,DLE gap,GJ per capita of cumulative DLE gap,TRUE,POLES,POLES-JRC ENGAGE,ENGAGE,56,8,0.5715452138875741,1.2985810855576903,TRUE,TRUE,-0.7270358716701162,-127.20531184661935,High-CDR,POLES-JRC ENGAGE | ENGAGE | 2C
Full,R10EUROPE,2C,gap_GJ_pc,DLE gap,GJ per capita of cumulative DLE gap,TRUE,REMIND,REMIND 2.1,CEMICS,0,5,NA,0.1531804202236596,FALSE,FALSE,NA,NA,NA,REMIND 2.1 | CEMICS | 2C
Full,R10EUROPE,2C,gap_GJ_pc,DLE gap,GJ per capita of cumulative DLE gap,TRUE,REMIND,REMIND 2.1,LeastTotalCost,0,11,NA,0.15381440494431628,FALSE,FALSE,NA,NA,NA,REMIND 2.1 | LeastTotalCost | 2C
Full,R10EUROPE,2C,gap_GJ_pc,DLE gap,GJ per capita of cumulative DLE gap,TRUE,REMIND,REMIND 2.1,R2p1,0,8,NA,0.15685105999362514,FALSE,FALSE,NA,NA,NA,REMIND 2.1 | R2p1 | 2C
Full,R10EUROPE,2C,gap_GJ_pc,DLE gap,GJ per capita of cumulative DLE gap,TRUE,REMIND,REMIND 2.1,TechCost,0,9,NA,0.19533858406068225,FALSE,FALSE,NA,NA,NA,REMIND 2.1 | TechCost | 2C
Full,R10EUROPE,2C,gap_GJ_pc,DLE gap,GJ per capita of cumulative DLE gap,TRUE,REMIND,REMIND 3.0,ENGAGE,0,14,NA,0.4601607579033597,FALSE,FALSE,NA,NA,NA,REMIND 3.0 | ENGAGE | 2C
Full,R10EUROPE,2C,gap_GJ_pc,DLE gap,GJ per capita of cumulative DLE gap,TRUE,REMIND,REMIND 3.0,NAVIGATE,0,7,NA,0.19267699546106903,FALSE,FALSE,NA,NA,NA,REMIND 3.0 | NAVIGATE | 2C
Full,R10EUROPE,2C,gap_GJ_pc,DLE gap,GJ per capita of cumulative DLE gap,TRUE,REMIND,REMIND-MAgPIE 1.7-3.0,CD,0,5,NA,0.06561601922924142,FALSE,FALSE,NA,NA,NA,REMIND-MAgPIE 1.7-3.0 | CD | 2C
Full,R10EUROPE,2C,gap_GJ_pc,DLE gap,GJ per capita of cumulative DLE gap,TRUE,REMIND,REMIND-MAgPIE 1.7-3.0,COMMIT,0,4,NA,0.07493894995000301,FALSE,FALSE,NA,NA,NA,REMIND-MAgPIE 1.7-3.0 | COMMIT | 2C
Full,R10EUROPE,2C,gap_GJ_pc,DLE gap,GJ per capita of cumulative DLE gap,TRUE,REMIND,REMIND-MAgPIE 1.7-3.0,PEP,0,5,NA,0.08237795777265022,FALSE,FALSE,NA,NA,NA,REMIND-MAgPIE 1.7-3.0 | PEP | 2C
Full,R10EUROPE,2C,gap_GJ_pc,DLE gap,GJ per capita of cumulative DLE gap,TRUE,REMIND,REMIND-MAgPIE 2.0-4.1,Diff,0,4,NA,0.16338288824624753,FALSE,FALSE,NA,NA,NA,REMIND-MAgPIE 2.0-4.1 | Diff | 2C
Full,R10EUROPE,2C,gap_GJ_pc,DLE gap,GJ per capita of cumulative DLE gap,TRUE,REMIND,REMIND-MAgPIE 2.1-4.2,CEMICS,0,3,NA,0.17008052722684697,FALSE,FALSE,NA,NA,NA,REMIND-MAgPIE 2.1-4.2 | CEMICS | 2C
Full,R10EUROPE,2C,gap_GJ_pc,DLE gap,GJ per capita of cumulative DLE gap,TRUE,REMIND,REMIND-MAgPIE 2.1-4.2,ENGAGE,0,59,NA,0.16425576823126423,FALSE,FALSE,NA,NA,NA,REMIND-MAgPIE 2.1-4.2 | ENGAGE | 2C
Full,R10EUROPE,2C,gap_GJ_pc,DLE gap,GJ per capita of cumulative DLE gap,TRUE,REMIND,REMIND-MAgPIE 2.1-4.2,NGFS Phase 2,0,5,NA,0.36893600463798754,FALSE,FALSE,NA,NA,NA,REMIND-MAgPIE 2.1-4.2 | NGFS Phase 2 | 2C
Full,R10EUROPE,2C,gap_GJ_pc,DLE gap,GJ per capita of cumulative DLE gap,TRUE,REMIND,REMIND-MAgPIE 2.1-4.2,SusDev,0,3,NA,0.15945668967747534,FALSE,FALSE,NA,NA,NA,REMIND-MAgPIE 2.1-4.2 | SusDev | 2C
Full,R10EUROPE,2C,gap_GJ_pc,DLE gap,GJ per capita of cumulative DLE gap,TRUE,REMIND,REMIND-MAgPIE 2.1-4.3,DeepElectrification,0,3,NA,0.3604051611165048,FALSE,FALSE,NA,NA,NA,REMIND-MAgPIE 2.1-4.3 | DeepElectrification | 2C
Full,R10EUROPE,2C,gap_GJ_pc,DLE gap,GJ per capita of cumulative DLE gap,TRUE,REMIND,REMIND-MAgPIE 3.2-4.6,SHAPE,0,2,NA,0.12735452644869405,FALSE,FALSE,NA,NA,NA,REMIND-MAgPIE 3.2-4.6 | SHAPE | 2C
Full,R10EUROPE,2C,gap_GJ_pc,DLE gap,GJ per capita of cumulative DLE gap,TRUE,REMIND,REMIND-MAgPIE 3.2.0-4.8.0,RESCUE,0,5,NA,0.2776835897879217,FALSE,FALSE,NA,NA,NA,REMIND-MAgPIE 3.2.0-4.8.0 | RESCUE | 2C
Full,R10EUROPE,2C,gap_GJ_pc,DLE gap,GJ per capita of cumulative DLE gap,TRUE,REMIND,REMIND-MAgPIE 3.3-4.8,NGFS Phase 5,0,5,NA,0.262418706473914,FALSE,FALSE,NA,NA,NA,REMIND-MAgPIE 3.3-4.8 | NGFS Phase 5 | 2C
Full,R10EUROPE,2C,gap_GJ_pc,DLE gap,GJ per capita of cumulative DLE gap,TRUE,REMIND,REMIND-Transport 2.1,Transport,0,8,NA,0.19203781154922644,FALSE,FALSE,NA,NA,NA,REMIND-Transport 2.1 | Transport | 2C
Full,R10EUROPE,2C,gap_GJ_pc,DLE gap,GJ per capita of cumulative DLE gap,TRUE,WITCH,WITCH 5.0,COMMIT,2,1,0.6805409264691431,0.8306544502721921,TRUE,FALSE,-0.150113523803049,-22.05797152889605,High-CDR,WITCH 5.0 | COMMIT | 2C
Full,R10EUROPE,2C,gap_GJ_pc,DLE gap,GJ per capita of cumulative DLE gap,TRUE,WITCH,WITCH 5.0,ENGAGE,0,11,NA,2.2673918588963065,FALSE,FALSE,NA,NA,NA,WITCH 5.0 | ENGAGE | 2C
Full,R10EUROPE,2C,gap_GJ_pc,DLE gap,GJ per capita of cumulative DLE gap,TRUE,WITCH,WITCH 5.0,NAVIGATE,0,4,NA,0.777637991756231,FALSE,FALSE,NA,NA,NA,WITCH 5.0 | NAVIGATE | 2C
Full,R10EUROPE,2C,headcount_pct,Deprived share,population-year-weighted mean % below the DLE threshold,TRUE,AIM,AIM/CGE V2.2,ENGAGE,20,11,0.09236247178947052,0.09537221270105148,TRUE,TRUE,-0.0030097409115809604,-3.2586188451531632,High-CDR,AIM/CGE V2.2 | ENGAGE | 2C
Full,R10EUROPE,2C,headcount_pct,Deprived share,population-year-weighted mean % below the DLE threshold,TRUE,GCAM,GCAM 5.3,Deep,23,0,0.09988724442757987,NA,FALSE,FALSE,NA,NA,NA,GCAM 5.3 | Deep | 2C
Full,R10EUROPE,2C,headcount_pct,Deprived share,population-year-weighted mean % below the DLE threshold,TRUE,GCAM,GCAM 6.0 NGFS,NGFS Phase 5,0,4,NA,0.1403478930799829,FALSE,FALSE,NA,NA,NA,GCAM 6.0 NGFS | NGFS Phase 5 | 2C
Full,R10EUROPE,2C,headcount_pct,Deprived share,population-year-weighted mean % below the DLE threshold,TRUE,GCAM,GCAM 7.0,IAM,3,0,0.12049458313696934,NA,FALSE,FALSE,NA,NA,NA,GCAM 7.0 | IAM | 2C
Full,R10EUROPE,2C,headcount_pct,Deprived share,population-year-weighted mean % below the DLE threshold,TRUE,IMAGE,IMAGE 3.0,COMMIT,3,0,1.9779506584344508,NA,FALSE,FALSE,NA,NA,NA,IMAGE 3.0 | COMMIT | 2C
Full,R10EUROPE,2C,headcount_pct,Deprived share,population-year-weighted mean % below the DLE threshold,TRUE,IMAGE,IMAGE 3.0,ENGAGE,20,0,0.1414952307211787,NA,FALSE,FALSE,NA,NA,NA,IMAGE 3.0 | ENGAGE | 2C
Full,R10EUROPE,2C,headcount_pct,Deprived share,population-year-weighted mean % below the DLE threshold,TRUE,IMAGE,IMAGE 3.2,ENGAGE,9,0,0.3986782579290244,NA,FALSE,FALSE,NA,NA,NA,IMAGE 3.2 | ENGAGE | 2C
Full,R10EUROPE,2C,headcount_pct,Deprived share,population-year-weighted mean % below the DLE threshold,TRUE,IMAGE,IMAGE 3.2,SSP2021,8,2,0.41584870500879684,0.2824503228163967,TRUE,FALSE,0.13339838219240013,32.078585453230694,High-RE,IMAGE 3.2 | SSP2021 | 2C
Full,R10EUROPE,2C,headcount_pct,Deprived share,population-year-weighted mean % below the DLE threshold,TRUE,IMAGE,IMAGE 3.3,NAVIGATE,8,0,0.448165836726513,NA,FALSE,FALSE,NA,NA,NA,IMAGE 3.3 | NAVIGATE | 2C
Full,R10EUROPE,2C,headcount_pct,Deprived share,population-year-weighted mean % below the DLE threshold,TRUE,MESSAGEix,MESSAGEix-GLOBIOM 1.1,ENGAGE,62,20,0.10573403466677561,0.12046905500176969,TRUE,TRUE,-0.014735020334994076,-13.935929316829714,High-CDR,MESSAGEix-GLOBIOM 1.1 | ENGAGE | 2C
Full,R10EUROPE,2C,headcount_pct,Deprived share,population-year-weighted mean % below the DLE threshold,TRUE,MESSAGEix,MESSAGEix-GLOBIOM 1.1,NGFS Phase 2,1,1,0.1268654161285127,0.10714022051305484,TRUE,FALSE,0.019725195615457866,15.548126682118433,High-RE,MESSAGEix-GLOBIOM 1.1 | NGFS Phase 2 | 2C
Full,R10EUROPE,2C,headcount_pct,Deprived share,population-year-weighted mean % below the DLE threshold,TRUE,MESSAGEix,MESSAGEix-GLOBIOM 1.2,COVID,5,0,0.1905644117151881,NA,FALSE,FALSE,NA,NA,NA,MESSAGEix-GLOBIOM 1.2 | COVID | 2C
Full,R10EUROPE,2C,headcount_pct,Deprived share,population-year-weighted mean % below the DLE threshold,TRUE,MESSAGEix,MESSAGEix-GLOBIOM 2.0-M-R12-NGFS,NGFS Phase 5,0,2,NA,0.20569217565006223,FALSE,FALSE,NA,NA,NA,MESSAGEix-GLOBIOM 2.0-M-R12-NGFS | NGFS Phase 5 | 2C
Full,R10EUROPE,2C,headcount_pct,Deprived share,population-year-weighted mean % below the DLE threshold,TRUE,MESSAGEix,MESSAGEix-GLOBIOM GEI 1.0,GEI,6,1,0.047405468201920244,0.11786426776869798,TRUE,FALSE,-0.07045879956677772,-148.63011006802728,High-CDR,MESSAGEix-GLOBIOM GEI 1.0 | GEI | 2C
Full,R10EUROPE,2C,headcount_pct,Deprived share,population-year-weighted mean % below the DLE threshold,TRUE,POLES,POLES-JRC ENGAGE,ENGAGE,56,8,0.272290186171906,0.5149867183673433,TRUE,TRUE,-0.24269653219543735,-89.13157525340074,High-CDR,POLES-JRC ENGAGE | ENGAGE | 2C
Full,R10EUROPE,2C,headcount_pct,Deprived share,population-year-weighted mean % below the DLE threshold,TRUE,REMIND,REMIND 2.1,CEMICS,0,5,NA,0.0806234332381179,FALSE,FALSE,NA,NA,NA,REMIND 2.1 | CEMICS | 2C
Full,R10EUROPE,2C,headcount_pct,Deprived share,population-year-weighted mean % below the DLE threshold,TRUE,REMIND,REMIND 2.1,LeastTotalCost,0,11,NA,0.07966913606489524,FALSE,FALSE,NA,NA,NA,REMIND 2.1 | LeastTotalCost | 2C
Full,R10EUROPE,2C,headcount_pct,Deprived share,population-year-weighted mean % below the DLE threshold,TRUE,REMIND,REMIND 2.1,R2p1,0,8,NA,0.07308466157088112,FALSE,FALSE,NA,NA,NA,REMIND 2.1 | R2p1 | 2C
Full,R10EUROPE,2C,headcount_pct,Deprived share,population-year-weighted mean % below the DLE threshold,TRUE,REMIND,REMIND 2.1,TechCost,0,9,NA,0.10262413335069874,FALSE,FALSE,NA,NA,NA,REMIND 2.1 | TechCost | 2C
Full,R10EUROPE,2C,headcount_pct,Deprived share,population-year-weighted mean % below the DLE threshold,TRUE,REMIND,REMIND 3.0,ENGAGE,0,14,NA,0.22067456881635994,FALSE,FALSE,NA,NA,NA,REMIND 3.0 | ENGAGE | 2C
Full,R10EUROPE,2C,headcount_pct,Deprived share,population-year-weighted mean % below the DLE threshold,TRUE,REMIND,REMIND 3.0,NAVIGATE,0,7,NA,0.1283036792079726,FALSE,FALSE,NA,NA,NA,REMIND 3.0 | NAVIGATE | 2C
Full,R10EUROPE,2C,headcount_pct,Deprived share,population-year-weighted mean % below the DLE threshold,TRUE,REMIND,REMIND-MAgPIE 1.7-3.0,CD,0,5,NA,0.03074970056311387,FALSE,FALSE,NA,NA,NA,REMIND-MAgPIE 1.7-3.0 | CD | 2C
Full,R10EUROPE,2C,headcount_pct,Deprived share,population-year-weighted mean % below the DLE threshold,TRUE,REMIND,REMIND-MAgPIE 1.7-3.0,COMMIT,0,4,NA,0.03520955220034026,FALSE,FALSE,NA,NA,NA,REMIND-MAgPIE 1.7-3.0 | COMMIT | 2C
Full,R10EUROPE,2C,headcount_pct,Deprived share,population-year-weighted mean % below the DLE threshold,TRUE,REMIND,REMIND-MAgPIE 1.7-3.0,PEP,0,5,NA,0.0389019976701555,FALSE,FALSE,NA,NA,NA,REMIND-MAgPIE 1.7-3.0 | PEP | 2C
Full,R10EUROPE,2C,headcount_pct,Deprived share,population-year-weighted mean % below the DLE threshold,TRUE,REMIND,REMIND-MAgPIE 2.0-4.1,Diff,0,4,NA,0.0853520023110825,FALSE,FALSE,NA,NA,NA,REMIND-MAgPIE 2.0-4.1 | Diff | 2C
Full,R10EUROPE,2C,headcount_pct,Deprived share,population-year-weighted mean % below the DLE threshold,TRUE,REMIND,REMIND-MAgPIE 2.1-4.2,CEMICS,0,3,NA,0.08976251673515821,FALSE,FALSE,NA,NA,NA,REMIND-MAgPIE 2.1-4.2 | CEMICS | 2C
Full,R10EUROPE,2C,headcount_pct,Deprived share,population-year-weighted mean % below the DLE threshold,TRUE,REMIND,REMIND-MAgPIE 2.1-4.2,ENGAGE,0,59,NA,0.08562854991505425,FALSE,FALSE,NA,NA,NA,REMIND-MAgPIE 2.1-4.2 | ENGAGE | 2C
Full,R10EUROPE,2C,headcount_pct,Deprived share,population-year-weighted mean % below the DLE threshold,TRUE,REMIND,REMIND-MAgPIE 2.1-4.2,NGFS Phase 2,0,5,NA,0.20479393120151393,FALSE,FALSE,NA,NA,NA,REMIND-MAgPIE 2.1-4.2 | NGFS Phase 2 | 2C
Full,R10EUROPE,2C,headcount_pct,Deprived share,population-year-weighted mean % below the DLE threshold,TRUE,REMIND,REMIND-MAgPIE 2.1-4.2,SusDev,0,3,NA,0.0805576752518127,FALSE,FALSE,NA,NA,NA,REMIND-MAgPIE 2.1-4.2 | SusDev | 2C
Full,R10EUROPE,2C,headcount_pct,Deprived share,population-year-weighted mean % below the DLE threshold,TRUE,REMIND,REMIND-MAgPIE 2.1-4.3,DeepElectrification,0,3,NA,0.20094840084497465,FALSE,FALSE,NA,NA,NA,REMIND-MAgPIE 2.1-4.3 | DeepElectrification | 2C
Full,R10EUROPE,2C,headcount_pct,Deprived share,population-year-weighted mean % below the DLE threshold,TRUE,REMIND,REMIND-MAgPIE 3.2-4.6,SHAPE,0,2,NA,0.07303647966677726,FALSE,FALSE,NA,NA,NA,REMIND-MAgPIE 3.2-4.6 | SHAPE | 2C
Full,R10EUROPE,2C,headcount_pct,Deprived share,population-year-weighted mean % below the DLE threshold,TRUE,REMIND,REMIND-MAgPIE 3.2.0-4.8.0,RESCUE,0,5,NA,0.1316000999462335,FALSE,FALSE,NA,NA,NA,REMIND-MAgPIE 3.2.0-4.8.0 | RESCUE | 2C
Full,R10EUROPE,2C,headcount_pct,Deprived share,population-year-weighted mean % below the DLE threshold,TRUE,REMIND,REMIND-MAgPIE 3.3-4.8,NGFS Phase 5,0,5,NA,0.13591177311773306,FALSE,FALSE,NA,NA,NA,REMIND-MAgPIE 3.3-4.8 | NGFS Phase 5 | 2C
Full,R10EUROPE,2C,headcount_pct,Deprived share,population-year-weighted mean % below the DLE threshold,TRUE,REMIND,REMIND-Transport 2.1,Transport,0,8,NA,0.10088571456172589,FALSE,FALSE,NA,NA,NA,REMIND-Transport 2.1 | Transport | 2C
Full,R10EUROPE,2C,headcount_pct,Deprived share,population-year-weighted mean % below the DLE threshold,TRUE,WITCH,WITCH 5.0,COMMIT,2,1,0.26925594300399425,0.3149282480040197,TRUE,FALSE,-0.04567230500002545,-16.962412970527424,High-CDR,WITCH 5.0 | COMMIT | 2C
Full,R10EUROPE,2C,headcount_pct,Deprived share,population-year-weighted mean % below the DLE threshold,TRUE,WITCH,WITCH 5.0,ENGAGE,0,11,NA,0.9420795858260064,FALSE,FALSE,NA,NA,NA,WITCH 5.0 | ENGAGE | 2C
Full,R10EUROPE,2C,headcount_pct,Deprived share,population-year-weighted mean % below the DLE threshold,TRUE,WITCH,WITCH 5.0,NAVIGATE,0,4,NA,0.3497687519680343,FALSE,FALSE,NA,NA,NA,WITCH 5.0 | NAVIGATE | 2C
Full,R10EUROPE,2C,mortality_million_deaths,PM2.5 mortality,million cumulative PM2.5-attributable deaths,TRUE,AIM,AIM/CGE V2.2,ENGAGE,20,4,16.918257500000003,15.99233,TRUE,TRUE,0.925927500000002,5.472948381356661,High-RE,AIM/CGE V2.2 | ENGAGE | 2C
Full,R10EUROPE,2C,mortality_million_deaths,PM2.5 mortality,million cumulative PM2.5-attributable deaths,TRUE,GCAM,GCAM 6.0 NGFS,NGFS Phase 5,0,4,NA,20.59216,FALSE,FALSE,NA,NA,NA,GCAM 6.0 NGFS | NGFS Phase 5 | 2C
Full,R10EUROPE,2C,mortality_million_deaths,PM2.5 mortality,million cumulative PM2.5-attributable deaths,TRUE,GCAM,GCAM 7.0,IAM,3,0,23.90131,NA,FALSE,FALSE,NA,NA,NA,GCAM 7.0 | IAM | 2C
Full,R10EUROPE,2C,mortality_million_deaths,PM2.5 mortality,million cumulative PM2.5-attributable deaths,TRUE,IMAGE,IMAGE 3.0,ENGAGE,20,0,21.871835,NA,FALSE,FALSE,NA,NA,NA,IMAGE 3.0 | ENGAGE | 2C
Full,R10EUROPE,2C,mortality_million_deaths,PM2.5 mortality,million cumulative PM2.5-attributable deaths,TRUE,IMAGE,IMAGE 3.2,SSP2021,8,2,18.6894775,17.997867499999998,TRUE,FALSE,0.6916100000000007,3.7005314889086693,High-RE,IMAGE 3.2 | SSP2021 | 2C
Full,R10EUROPE,2C,mortality_million_deaths,PM2.5 mortality,million cumulative PM2.5-attributable deaths,TRUE,IMAGE,IMAGE 3.3,NAVIGATE,8,0,23.7233875,NA,FALSE,FALSE,NA,NA,NA,IMAGE 3.3 | NAVIGATE | 2C
Full,R10EUROPE,2C,mortality_million_deaths,PM2.5 mortality,million cumulative PM2.5-attributable deaths,TRUE,MESSAGEix,MESSAGEix-GLOBIOM 1.1,ENGAGE,60,17,15.08483,14.449995,TRUE,TRUE,0.6348350000000007,4.208433240546965,High-RE,MESSAGEix-GLOBIOM 1.1 | ENGAGE | 2C
Full,R10EUROPE,2C,mortality_million_deaths,PM2.5 mortality,million cumulative PM2.5-attributable deaths,TRUE,MESSAGEix,MESSAGEix-GLOBIOM 1.1,NGFS Phase 2,1,1,14.391015,14.40515,TRUE,FALSE,-0.014135000000001341,-0.09822100803870569,High-CDR,MESSAGEix-GLOBIOM 1.1 | NGFS Phase 2 | 2C
Full,R10EUROPE,2C,mortality_million_deaths,PM2.5 mortality,million cumulative PM2.5-attributable deaths,TRUE,MESSAGEix,MESSAGEix-GLOBIOM 1.2,COVID,5,0,14.19143,NA,FALSE,FALSE,NA,NA,NA,MESSAGEix-GLOBIOM 1.2 | COVID | 2C
Full,R10EUROPE,2C,mortality_million_deaths,PM2.5 mortality,million cumulative PM2.5-attributable deaths,TRUE,MESSAGEix,MESSAGEix-GLOBIOM 2.0-M-R12-NGFS,NGFS Phase 5,0,2,NA,15.5383625,FALSE,FALSE,NA,NA,NA,MESSAGEix-GLOBIOM 2.0-M-R12-NGFS | NGFS Phase 5 | 2C
Full,R10EUROPE,2C,mortality_million_deaths,PM2.5 mortality,million cumulative PM2.5-attributable deaths,TRUE,MESSAGEix,MESSAGEix-GLOBIOM GEI 1.0,GEI,6,1,17.407185,15.34788,TRUE,FALSE,2.0593049999999984,11.83020114969766,High-RE,MESSAGEix-GLOBIOM GEI 1.0 | GEI | 2C
Full,R10EUROPE,2C,mortality_million_deaths,PM2.5 mortality,million cumulative PM2.5-attributable deaths,TRUE,POLES,POLES-JRC ENGAGE,ENGAGE,56,0,11.9409375,NA,FALSE,FALSE,NA,NA,NA,POLES-JRC ENGAGE | ENGAGE | 2C
Full,R10EUROPE,2C,mortality_million_deaths,PM2.5 mortality,million cumulative PM2.5-attributable deaths,TRUE,REMIND,REMIND 2.1,CEMICS,0,1,NA,11.317645,FALSE,FALSE,NA,NA,NA,REMIND 2.1 | CEMICS | 2C
Full,R10EUROPE,2C,mortality_million_deaths,PM2.5 mortality,million cumulative PM2.5-attributable deaths,TRUE,REMIND,REMIND 2.1,LeastTotalCost,0,11,NA,11.23065,FALSE,FALSE,NA,NA,NA,REMIND 2.1 | LeastTotalCost | 2C
Full,R10EUROPE,2C,mortality_million_deaths,PM2.5 mortality,million cumulative PM2.5-attributable deaths,TRUE,REMIND,REMIND 2.1,R2p1,0,8,NA,11.131245,FALSE,FALSE,NA,NA,NA,REMIND 2.1 | R2p1 | 2C
Full,R10EUROPE,2C,mortality_million_deaths,PM2.5 mortality,million cumulative PM2.5-attributable deaths,TRUE,REMIND,REMIND 2.1,TechCost,0,9,NA,11.23845,FALSE,FALSE,NA,NA,NA,REMIND 2.1 | TechCost | 2C
Full,R10EUROPE,2C,mortality_million_deaths,PM2.5 mortality,million cumulative PM2.5-attributable deaths,TRUE,REMIND,REMIND 3.0,NAVIGATE,0,3,NA,10.88852,FALSE,FALSE,NA,NA,NA,REMIND 3.0 | NAVIGATE | 2C
Full,R10EUROPE,2C,mortality_million_deaths,PM2.5 mortality,million cumulative PM2.5-attributable deaths,TRUE,REMIND,REMIND-MAgPIE 1.7-3.0,CD,0,5,NA,12.55494,FALSE,FALSE,NA,NA,NA,REMIND-MAgPIE 1.7-3.0 | CD | 2C
Full,R10EUROPE,2C,mortality_million_deaths,PM2.5 mortality,million cumulative PM2.5-attributable deaths,TRUE,REMIND,REMIND-MAgPIE 1.7-3.0,COMMIT,0,4,NA,12.334612499999999,FALSE,FALSE,NA,NA,NA,REMIND-MAgPIE 1.7-3.0 | COMMIT | 2C
Full,R10EUROPE,2C,mortality_million_deaths,PM2.5 mortality,million cumulative PM2.5-attributable deaths,TRUE,REMIND,REMIND-MAgPIE 1.7-3.0,PEP,0,5,NA,12.09743,FALSE,FALSE,NA,NA,NA,REMIND-MAgPIE 1.7-3.0 | PEP | 2C
Full,R10EUROPE,2C,mortality_million_deaths,PM2.5 mortality,million cumulative PM2.5-attributable deaths,TRUE,REMIND,REMIND-MAgPIE 2.1-4.2,CEMICS,0,1,NA,11.255465,FALSE,FALSE,NA,NA,NA,REMIND-MAgPIE 2.1-4.2 | CEMICS | 2C
Full,R10EUROPE,2C,mortality_million_deaths,PM2.5 mortality,million cumulative PM2.5-attributable deaths,TRUE,REMIND,REMIND-MAgPIE 2.1-4.2,ENGAGE,0,59,NA,11.16538,FALSE,FALSE,NA,NA,NA,REMIND-MAgPIE 2.1-4.2 | ENGAGE | 2C
Full,R10EUROPE,2C,mortality_million_deaths,PM2.5 mortality,million cumulative PM2.5-attributable deaths,TRUE,REMIND,REMIND-MAgPIE 2.1-4.2,NGFS Phase 2,0,2,NA,10.931185,FALSE,FALSE,NA,NA,NA,REMIND-MAgPIE 2.1-4.2 | NGFS Phase 2 | 2C
Full,R10EUROPE,2C,mortality_million_deaths,PM2.5 mortality,million cumulative PM2.5-attributable deaths,TRUE,REMIND,REMIND-MAgPIE 2.1-4.2,SusDev,0,3,NA,10.821565,FALSE,FALSE,NA,NA,NA,REMIND-MAgPIE 2.1-4.2 | SusDev | 2C
Full,R10EUROPE,2C,mortality_million_deaths,PM2.5 mortality,million cumulative PM2.5-attributable deaths,TRUE,REMIND,REMIND-MAgPIE 2.1-4.3,DeepElectrification,0,3,NA,11.12681,FALSE,FALSE,NA,NA,NA,REMIND-MAgPIE 2.1-4.3 | DeepElectrification | 2C
Full,R10EUROPE,2C,mortality_million_deaths,PM2.5 mortality,million cumulative PM2.5-attributable deaths,TRUE,REMIND,REMIND-MAgPIE 3.2-4.6,SHAPE,0,2,NA,10.910045,FALSE,FALSE,NA,NA,NA,REMIND-MAgPIE 3.2-4.6 | SHAPE | 2C
Full,R10EUROPE,2C,mortality_million_deaths,PM2.5 mortality,million cumulative PM2.5-attributable deaths,TRUE,REMIND,REMIND-MAgPIE 3.2.0-4.8.0,RESCUE,0,5,NA,11.90242,FALSE,FALSE,NA,NA,NA,REMIND-MAgPIE 3.2.0-4.8.0 | RESCUE | 2C
Full,R10EUROPE,2C,mortality_million_deaths,PM2.5 mortality,million cumulative PM2.5-attributable deaths,TRUE,REMIND,REMIND-MAgPIE 3.3-4.8,NGFS Phase 5,0,5,NA,17.89474,FALSE,FALSE,NA,NA,NA,REMIND-MAgPIE 3.3-4.8 | NGFS Phase 5 | 2C
Full,R10EUROPE,2C,mortality_million_deaths,PM2.5 mortality,million cumulative PM2.5-attributable deaths,TRUE,REMIND,REMIND-Transport 2.1,Transport,0,8,NA,11.14465,FALSE,FALSE,NA,NA,NA,REMIND-Transport 2.1 | Transport | 2C
Full,R10EUROPE,2C,mortality_million_deaths,PM2.5 mortality,million cumulative PM2.5-attributable deaths,TRUE,WITCH,WITCH 5.0,COMMIT,2,1,17.7470925,17.34268,TRUE,FALSE,0.4044124999999994,2.278753547940314,High-RE,WITCH 5.0 | COMMIT | 2C
Full,R10EUROPE,2C,mortality_million_deaths,PM2.5 mortality,million cumulative PM2.5-attributable deaths,TRUE,WITCH,WITCH 5.0,ENGAGE,0,2,NA,17.940295,FALSE,FALSE,NA,NA,NA,WITCH 5.0 | ENGAGE | 2C
Full,R10EUROPE,2C,mortality_million_deaths,PM2.5 mortality,million cumulative PM2.5-attributable deaths,TRUE,WITCH,WITCH 5.0,NAVIGATE,0,4,NA,17.4338975,FALSE,FALSE,NA,NA,NA,WITCH 5.0 | NAVIGATE | 2C
Full,R10EUROPE,2C,total_energy_jobyears_per_1k,Employment,"total energy-sector job-years per 1,000 people",FALSE,AIM,AIM/CGE V2.2,ENGAGE,20,11,266.61969300080955,257.2476554703245,TRUE,TRUE,-9.372037530485045,-3.515133269040479,High-CDR,AIM/CGE V2.2 | ENGAGE | 2C
Full,R10EUROPE,2C,total_energy_jobyears_per_1k,Employment,"total energy-sector job-years per 1,000 people",FALSE,COFFEE,COFFEE 1.1,ENGAGE,0,8,NA,230.1498973397804,FALSE,FALSE,NA,NA,NA,COFFEE 1.1 | ENGAGE | 2C
Full,R10EUROPE,2C,total_energy_jobyears_per_1k,Employment,"total energy-sector job-years per 1,000 people",FALSE,GCAM,GCAM 6.0 NGFS,NGFS Phase 5,0,4,NA,203.2426676054042,FALSE,FALSE,NA,NA,NA,GCAM 6.0 NGFS | NGFS Phase 5 | 2C
Full,R10EUROPE,2C,total_energy_jobyears_per_1k,Employment,"total energy-sector job-years per 1,000 people",FALSE,GCAM,GCAM 7.0,IAM,3,0,245.99541141446437,NA,FALSE,FALSE,NA,NA,NA,GCAM 7.0 | IAM | 2C
Full,R10EUROPE,2C,total_energy_jobyears_per_1k,Employment,"total energy-sector job-years per 1,000 people",FALSE,IMAGE,IMAGE 3.0,COMMIT,3,0,9.438438639305613,NA,FALSE,FALSE,NA,NA,NA,IMAGE 3.0 | COMMIT | 2C
Full,R10EUROPE,2C,total_energy_jobyears_per_1k,Employment,"total energy-sector job-years per 1,000 people",FALSE,IMAGE,IMAGE 3.0,ENGAGE,20,0,153.36247460958012,NA,FALSE,FALSE,NA,NA,NA,IMAGE 3.0 | ENGAGE | 2C
Full,R10EUROPE,2C,total_energy_jobyears_per_1k,Employment,"total energy-sector job-years per 1,000 people",FALSE,IMAGE,IMAGE 3.2,ENGAGE,9,0,97.82833815320694,NA,FALSE,FALSE,NA,NA,NA,IMAGE 3.2 | ENGAGE | 2C
Full,R10EUROPE,2C,total_energy_jobyears_per_1k,Employment,"total energy-sector job-years per 1,000 people",FALSE,IMAGE,IMAGE 3.2,SSP2021,8,2,158.7157477606583,167.24176666772547,TRUE,FALSE,8.526018907067169,5.371879619610473,High-RE,IMAGE 3.2 | SSP2021 | 2C
Full,R10EUROPE,2C,total_energy_jobyears_per_1k,Employment,"total energy-sector job-years per 1,000 people",FALSE,IMAGE,IMAGE 3.3,NAVIGATE,8,0,121.1276235330106,NA,FALSE,FALSE,NA,NA,NA,IMAGE 3.3 | NAVIGATE | 2C
Full,R10EUROPE,2C,total_energy_jobyears_per_1k,Employment,"total energy-sector job-years per 1,000 people",FALSE,MESSAGEix,MESSAGEix-GLOBIOM 1.1,ENGAGE,62,20,140.4849664835217,150.9117431119652,TRUE,TRUE,10.426776628443491,7.421987483384215,High-RE,MESSAGEix-GLOBIOM 1.1 | ENGAGE | 2C
Full,R10EUROPE,2C,total_energy_jobyears_per_1k,Employment,"total energy-sector job-years per 1,000 people",FALSE,MESSAGEix,MESSAGEix-GLOBIOM 1.1,NGFS Phase 2,1,1,146.13180928938857,153.09799796730908,TRUE,FALSE,6.966188677920513,4.7670583918694875,High-RE,MESSAGEix-GLOBIOM 1.1 | NGFS Phase 2 | 2C
Full,R10EUROPE,2C,total_energy_jobyears_per_1k,Employment,"total energy-sector job-years per 1,000 people",FALSE,MESSAGEix,MESSAGEix-GLOBIOM 1.2,COVID,5,0,6.265885125178065,NA,FALSE,FALSE,NA,NA,NA,MESSAGEix-GLOBIOM 1.2 | COVID | 2C
Full,R10EUROPE,2C,total_energy_jobyears_per_1k,Employment,"total energy-sector job-years per 1,000 people",FALSE,MESSAGEix,MESSAGEix-GLOBIOM 2.0-M-R12-NGFS,NGFS Phase 5,0,2,NA,122.66920202615273,FALSE,FALSE,NA,NA,NA,MESSAGEix-GLOBIOM 2.0-M-R12-NGFS | NGFS Phase 5 | 2C
Full,R10EUROPE,2C,total_energy_jobyears_per_1k,Employment,"total energy-sector job-years per 1,000 people",FALSE,MESSAGEix,MESSAGEix-GLOBIOM GEI 1.0,GEI,6,1,173.8091801545964,210.19922812263533,TRUE,FALSE,36.39004796803894,20.93678132286881,High-RE,MESSAGEix-GLOBIOM GEI 1.0 | GEI | 2C
Full,R10EUROPE,2C,total_energy_jobyears_per_1k,Employment,"total energy-sector job-years per 1,000 people",FALSE,POLES,POLES-JRC ENGAGE,ENGAGE,56,8,208.40496637001422,256.14665525748535,TRUE,TRUE,47.74168888747113,22.90813396582295,High-RE,POLES-JRC ENGAGE | ENGAGE | 2C
Full,R10EUROPE,2C,total_energy_jobyears_per_1k,Employment,"total energy-sector job-years per 1,000 people",FALSE,REMIND,REMIND 2.1,CEMICS,0,5,NA,168.1363587553169,FALSE,FALSE,NA,NA,NA,REMIND 2.1 | CEMICS | 2C
Full,R10EUROPE,2C,total_energy_jobyears_per_1k,Employment,"total energy-sector job-years per 1,000 people",FALSE,REMIND,REMIND 2.1,LeastTotalCost,0,11,NA,161.41176047870312,FALSE,FALSE,NA,NA,NA,REMIND 2.1 | LeastTotalCost | 2C
Full,R10EUROPE,2C,total_energy_jobyears_per_1k,Employment,"total energy-sector job-years per 1,000 people",FALSE,REMIND,REMIND 2.1,R2p1,0,8,NA,153.03113833610658,FALSE,FALSE,NA,NA,NA,REMIND 2.1 | R2p1 | 2C
Full,R10EUROPE,2C,total_energy_jobyears_per_1k,Employment,"total energy-sector job-years per 1,000 people",FALSE,REMIND,REMIND 2.1,TechCost,0,9,NA,182.21511676171838,FALSE,FALSE,NA,NA,NA,REMIND 2.1 | TechCost | 2C
Full,R10EUROPE,2C,total_energy_jobyears_per_1k,Employment,"total energy-sector job-years per 1,000 people",FALSE,REMIND,REMIND 3.0,ENGAGE,0,14,NA,112.84511063877684,FALSE,FALSE,NA,NA,NA,REMIND 3.0 | ENGAGE | 2C
Full,R10EUROPE,2C,total_energy_jobyears_per_1k,Employment,"total energy-sector job-years per 1,000 people",FALSE,REMIND,REMIND 3.0,NAVIGATE,0,7,NA,97.29302051286304,FALSE,FALSE,NA,NA,NA,REMIND 3.0 | NAVIGATE | 2C
Full,R10EUROPE,2C,total_energy_jobyears_per_1k,Employment,"total energy-sector job-years per 1,000 people",FALSE,REMIND,REMIND-MAgPIE 1.7-3.0,CD,0,5,NA,182.48398405419206,FALSE,FALSE,NA,NA,NA,REMIND-MAgPIE 1.7-3.0 | CD | 2C
Full,R10EUROPE,2C,total_energy_jobyears_per_1k,Employment,"total energy-sector job-years per 1,000 people",FALSE,REMIND,REMIND-MAgPIE 1.7-3.0,COMMIT,0,4,NA,175.16679649443148,FALSE,FALSE,NA,NA,NA,REMIND-MAgPIE 1.7-3.0 | COMMIT | 2C
Full,R10EUROPE,2C,total_energy_jobyears_per_1k,Employment,"total energy-sector job-years per 1,000 people",FALSE,REMIND,REMIND-MAgPIE 1.7-3.0,PEP,0,5,NA,169.36171263295108,FALSE,FALSE,NA,NA,NA,REMIND-MAgPIE 1.7-3.0 | PEP | 2C
Full,R10EUROPE,2C,total_energy_jobyears_per_1k,Employment,"total energy-sector job-years per 1,000 people",FALSE,REMIND,REMIND-MAgPIE 2.0-4.1,Diff,0,4,NA,181.34004366344834,FALSE,FALSE,NA,NA,NA,REMIND-MAgPIE 2.0-4.1 | Diff | 2C
Full,R10EUROPE,2C,total_energy_jobyears_per_1k,Employment,"total energy-sector job-years per 1,000 people",FALSE,REMIND,REMIND-MAgPIE 2.1-4.2,CEMICS,0,3,NA,168.28066099045768,FALSE,FALSE,NA,NA,NA,REMIND-MAgPIE 2.1-4.2 | CEMICS | 2C
Full,R10EUROPE,2C,total_energy_jobyears_per_1k,Employment,"total energy-sector job-years per 1,000 people",FALSE,REMIND,REMIND-MAgPIE 2.1-4.2,ENGAGE,0,59,NA,152.79118398147455,FALSE,FALSE,NA,NA,NA,REMIND-MAgPIE 2.1-4.2 | ENGAGE | 2C
Full,R10EUROPE,2C,total_energy_jobyears_per_1k,Employment,"total energy-sector job-years per 1,000 people",FALSE,REMIND,REMIND-MAgPIE 2.1-4.2,NGFS Phase 2,0,5,NA,128.05524966335412,FALSE,FALSE,NA,NA,NA,REMIND-MAgPIE 2.1-4.2 | NGFS Phase 2 | 2C
Full,R10EUROPE,2C,total_energy_jobyears_per_1k,Employment,"total energy-sector job-years per 1,000 people",FALSE,REMIND,REMIND-MAgPIE 2.1-4.2,SusDev,0,3,NA,125.12702081742708,FALSE,FALSE,NA,NA,NA,REMIND-MAgPIE 2.1-4.2 | SusDev | 2C
Full,R10EUROPE,2C,total_energy_jobyears_per_1k,Employment,"total energy-sector job-years per 1,000 people",FALSE,REMIND,REMIND-MAgPIE 2.1-4.3,DeepElectrification,0,3,NA,170.45667573571285,FALSE,FALSE,NA,NA,NA,REMIND-MAgPIE 2.1-4.3 | DeepElectrification | 2C
Full,R10EUROPE,2C,total_energy_jobyears_per_1k,Employment,"total energy-sector job-years per 1,000 people",FALSE,REMIND,REMIND-MAgPIE 3.2-4.6,SHAPE,0,2,NA,118.8199656552186,FALSE,FALSE,NA,NA,NA,REMIND-MAgPIE 3.2-4.6 | SHAPE | 2C
Full,R10EUROPE,2C,total_energy_jobyears_per_1k,Employment,"total energy-sector job-years per 1,000 people",FALSE,REMIND,REMIND-MAgPIE 3.2.0-4.8.0,RESCUE,0,5,NA,168.10468205918409,FALSE,FALSE,NA,NA,NA,REMIND-MAgPIE 3.2.0-4.8.0 | RESCUE | 2C
Full,R10EUROPE,2C,total_energy_jobyears_per_1k,Employment,"total energy-sector job-years per 1,000 people",FALSE,REMIND,REMIND-MAgPIE 3.3-4.8,NGFS Phase 5,0,5,NA,118.69860491201999,FALSE,FALSE,NA,NA,NA,REMIND-MAgPIE 3.3-4.8 | NGFS Phase 5 | 2C
Full,R10EUROPE,2C,total_energy_jobyears_per_1k,Employment,"total energy-sector job-years per 1,000 people",FALSE,REMIND,REMIND-Transport 2.1,Transport,0,8,NA,180.07311399795623,FALSE,FALSE,NA,NA,NA,REMIND-Transport 2.1 | Transport | 2C
Full,R10EUROPE,2C,total_energy_jobyears_per_1k,Employment,"total energy-sector job-years per 1,000 people",FALSE,TIAM,TIAM-ECN 1.1,ENGAGE,12,0,61.710176400887306,NA,FALSE,FALSE,NA,NA,NA,TIAM-ECN 1.1 | ENGAGE | 2C
Full,R10EUROPE,2C,total_energy_jobyears_per_1k,Employment,"total energy-sector job-years per 1,000 people",FALSE,WITCH,WITCH 5.0,COMMIT,2,1,196.74712708760154,277.3261731333099,TRUE,FALSE,80.57904604570837,40.95564049066424,High-RE,WITCH 5.0 | COMMIT | 2C
Full,R10EUROPE,2C,total_energy_jobyears_per_1k,Employment,"total energy-sector job-years per 1,000 people",FALSE,WITCH,WITCH 5.0,ENGAGE,0,11,NA,109.9371601197526,FALSE,FALSE,NA,NA,NA,WITCH 5.0 | ENGAGE | 2C
Full,R10EUROPE,2C,total_energy_jobyears_per_1k,Employment,"total energy-sector job-years per 1,000 people",FALSE,WITCH,WITCH 5.0,NAVIGATE,0,4,NA,146.87822387571248,FALSE,FALSE,NA,NA,NA,WITCH 5.0 | NAVIGATE | 2C
Full,R10INDIA+,1.5C,gap_GJ_pc,DLE gap,GJ per capita of cumulative DLE gap,TRUE,AIM,AIM/CGE V2.2,ENGAGE,1,3,15.225720198941689,10.144069348023574,TRUE,FALSE,5.081650850918114,33.37543830124588,High-RE,AIM/CGE V2.2 | ENGAGE | 1.5C
Full,R10INDIA+,1.5C,gap_GJ_pc,DLE gap,GJ per capita of cumulative DLE gap,TRUE,GCAM,GCAM 5.3,Deep,7,0,2.7262626652156183,NA,FALSE,FALSE,NA,NA,NA,GCAM 5.3 | Deep | 1.5C
Full,R10INDIA+,1.5C,gap_GJ_pc,DLE gap,GJ per capita of cumulative DLE gap,TRUE,GCAM,GCAM 6.0 NGFS,NGFS Phase 5,0,1,NA,3.5484635494653727,FALSE,FALSE,NA,NA,NA,GCAM 6.0 NGFS | NGFS Phase 5 | 1.5C
Full,R10INDIA+,1.5C,gap_GJ_pc,DLE gap,GJ per capita of cumulative DLE gap,TRUE,IMAGE,IMAGE 3.2,SSP2021,12,0,5.075267550279412,NA,FALSE,FALSE,NA,NA,NA,IMAGE 3.2 | SSP2021 | 1.5C
Full,R10INDIA+,1.5C,gap_GJ_pc,DLE gap,GJ per capita of cumulative DLE gap,TRUE,IMAGE,IMAGE 3.3,GEO7,2,0,14.406123904267925,NA,FALSE,FALSE,NA,NA,NA,IMAGE 3.3 | GEO7 | 1.5C
Full,R10INDIA+,1.5C,gap_GJ_pc,DLE gap,GJ per capita of cumulative DLE gap,TRUE,IMAGE,IMAGE 3.3,SHAPE,9,0,12.434501778272036,NA,FALSE,FALSE,NA,NA,NA,IMAGE 3.3 | SHAPE | 1.5C
Full,R10INDIA+,1.5C,gap_GJ_pc,DLE gap,GJ per capita of cumulative DLE gap,TRUE,MESSAGEix,MESSAGEix-GLOBIOM 1.1,ENGAGE,13,0,7.305474943702659,NA,FALSE,FALSE,NA,NA,NA,MESSAGEix-GLOBIOM 1.1 | ENGAGE | 1.5C
Full,R10INDIA+,1.5C,gap_GJ_pc,DLE gap,GJ per capita of cumulative DLE gap,TRUE,MESSAGEix,MESSAGEix-GLOBIOM 1.1,NGFS Phase 2,1,0,5.965923920585127,NA,FALSE,FALSE,NA,NA,NA,MESSAGEix-GLOBIOM 1.1 | NGFS Phase 2 | 1.5C
Full,R10INDIA+,1.5C,gap_GJ_pc,DLE gap,GJ per capita of cumulative DLE gap,TRUE,MESSAGEix,MESSAGEix-GLOBIOM 1.2,COVID,5,0,11.160272095534298,NA,FALSE,FALSE,NA,NA,NA,MESSAGEix-GLOBIOM 1.2 | COVID | 1.5C
Full,R10INDIA+,1.5C,gap_GJ_pc,DLE gap,GJ per capita of cumulative DLE gap,TRUE,MESSAGEix,MESSAGEix-GLOBIOM GEI 1.0,GEI,6,3,5.868087285443128,6.126678555059377,TRUE,TRUE,-0.25859126961624934,-4.4067386362457945,High-CDR,MESSAGEix-GLOBIOM GEI 1.0 | GEI | 1.5C
Full,R10INDIA+,1.5C,gap_GJ_pc,DLE gap,GJ per capita of cumulative DLE gap,TRUE,POLES,POLES-JRC ENGAGE,ENGAGE,4,1,9.407465305835906,13.239316040970794,TRUE,FALSE,-3.8318507351348874,-40.73202090639447,High-CDR,POLES-JRC ENGAGE | ENGAGE | 1.5C
Full,R10INDIA+,1.5C,gap_GJ_pc,DLE gap,GJ per capita of cumulative DLE gap,TRUE,REMIND,REMIND 2.1,CEMICS,0,4,NA,3.3696559094602447,FALSE,FALSE,NA,NA,NA,REMIND 2.1 | CEMICS | 1.5C
Full,R10INDIA+,1.5C,gap_GJ_pc,DLE gap,GJ per capita of cumulative DLE gap,TRUE,REMIND,REMIND 2.1,R2p1,0,2,NA,2.068095073985826,FALSE,FALSE,NA,NA,NA,REMIND 2.1 | R2p1 | 1.5C
Full,R10INDIA+,1.5C,gap_GJ_pc,DLE gap,GJ per capita of cumulative DLE gap,TRUE,REMIND,REMIND 3.0,ENGAGE,0,2,NA,3.940888556531333,FALSE,FALSE,NA,NA,NA,REMIND 3.0 | ENGAGE | 1.5C
Full,R10INDIA+,1.5C,gap_GJ_pc,DLE gap,GJ per capita of cumulative DLE gap,TRUE,REMIND,REMIND 3.0,NAVIGATE,1,0,2.829496507074146,NA,FALSE,FALSE,NA,NA,NA,REMIND 3.0 | NAVIGATE | 1.5C
Full,R10INDIA+,1.5C,gap_GJ_pc,DLE gap,GJ per capita of cumulative DLE gap,TRUE,REMIND,REMIND-Buildings 2.0,BEG,0,2,NA,4.609747594015111,FALSE,FALSE,NA,NA,NA,REMIND-Buildings 2.0 | BEG | 1.5C
Full,R10INDIA+,1.5C,gap_GJ_pc,DLE gap,GJ per capita of cumulative DLE gap,TRUE,REMIND,REMIND-MAgPIE 1.7-3.0,CD,0,4,NA,0.8934327895216407,FALSE,FALSE,NA,NA,NA,REMIND-MAgPIE 1.7-3.0 | CD | 1.5C
Full,R10INDIA+,1.5C,gap_GJ_pc,DLE gap,GJ per capita of cumulative DLE gap,TRUE,REMIND,REMIND-MAgPIE 1.7-3.0,COMMIT,0,3,NA,1.0303207472779294,FALSE,FALSE,NA,NA,NA,REMIND-MAgPIE 1.7-3.0 | COMMIT | 1.5C
Full,R10INDIA+,1.5C,gap_GJ_pc,DLE gap,GJ per capita of cumulative DLE gap,TRUE,REMIND,REMIND-MAgPIE 1.7-3.0,PEP,0,13,NA,1.1236427130980955,FALSE,FALSE,NA,NA,NA,REMIND-MAgPIE 1.7-3.0 | PEP | 1.5C
Full,R10INDIA+,1.5C,gap_GJ_pc,DLE gap,GJ per capita of cumulative DLE gap,TRUE,REMIND,REMIND-MAgPIE 2.1-4.2,CEMICS,0,3,NA,2.5225446767624304,FALSE,FALSE,NA,NA,NA,REMIND-MAgPIE 2.1-4.2 | CEMICS | 1.5C
Full,R10INDIA+,1.5C,gap_GJ_pc,DLE gap,GJ per capita of cumulative DLE gap,TRUE,REMIND,REMIND-MAgPIE 2.1-4.2,ENGAGE,0,19,NA,2.931518000568809,FALSE,FALSE,NA,NA,NA,REMIND-MAgPIE 2.1-4.2 | ENGAGE | 1.5C
Full,R10INDIA+,1.5C,gap_GJ_pc,DLE gap,GJ per capita of cumulative DLE gap,TRUE,REMIND,REMIND-MAgPIE 2.1-4.2,SusDev,0,2,NA,2.4406588987995663,FALSE,FALSE,NA,NA,NA,REMIND-MAgPIE 2.1-4.2 | SusDev | 1.5C
Full,R10INDIA+,1.5C,gap_GJ_pc,DLE gap,GJ per capita of cumulative DLE gap,TRUE,REMIND,REMIND-MAgPIE 2.1-4.3,DeepElectrification,0,1,NA,1.1036805812302533,FALSE,FALSE,NA,NA,NA,REMIND-MAgPIE 2.1-4.3 | DeepElectrification | 1.5C
Full,R10INDIA+,1.5C,gap_GJ_pc,DLE gap,GJ per capita of cumulative DLE gap,TRUE,REMIND,REMIND-MAgPIE 3.2.0-4.8.0,RESCUE,0,3,NA,1.8159668199578929,FALSE,FALSE,NA,NA,NA,REMIND-MAgPIE 3.2.0-4.8.0 | RESCUE | 1.5C
Full,R10INDIA+,1.5C,gap_GJ_pc,DLE gap,GJ per capita of cumulative DLE gap,TRUE,REMIND,REMIND-MAgPIE 3.3-4.8,NGFS Phase 5,0,1,NA,1.7767692488261384,FALSE,FALSE,NA,NA,NA,REMIND-MAgPIE 3.3-4.8 | NGFS Phase 5 | 1.5C
Full,R10INDIA+,1.5C,gap_GJ_pc,DLE gap,GJ per capita of cumulative DLE gap,TRUE,WITCH,WITCH 5.0,ENGAGE,6,0,22.06234747168325,NA,FALSE,FALSE,NA,NA,NA,WITCH 5.0 | ENGAGE | 1.5C
Full,R10INDIA+,1.5C,headcount_pct,Deprived share,population-year-weighted mean % below the DLE threshold,TRUE,AIM,AIM/CGE V2.2,ENGAGE,1,3,6.983155082145672,5.1966879842121445,TRUE,FALSE,1.786467097933527,25.5825207505575,High-RE,AIM/CGE V2.2 | ENGAGE | 1.5C
Full,R10INDIA+,1.5C,headcount_pct,Deprived share,population-year-weighted mean % below the DLE threshold,TRUE,GCAM,GCAM 5.3,Deep,7,0,1.320580442329951,NA,FALSE,FALSE,NA,NA,NA,GCAM 5.3 | Deep | 1.5C
Full,R10INDIA+,1.5C,headcount_pct,Deprived share,population-year-weighted mean % below the DLE threshold,TRUE,GCAM,GCAM 6.0 NGFS,NGFS Phase 5,0,1,NA,1.8128319128474848,FALSE,FALSE,NA,NA,NA,GCAM 6.0 NGFS | NGFS Phase 5 | 1.5C
Full,R10INDIA+,1.5C,headcount_pct,Deprived share,population-year-weighted mean % below the DLE threshold,TRUE,IMAGE,IMAGE 3.2,SSP2021,12,0,2.3297941384249743,NA,FALSE,FALSE,NA,NA,NA,IMAGE 3.2 | SSP2021 | 1.5C
Full,R10INDIA+,1.5C,headcount_pct,Deprived share,population-year-weighted mean % below the DLE threshold,TRUE,IMAGE,IMAGE 3.3,GEO7,2,0,6.5796532854798055,NA,FALSE,FALSE,NA,NA,NA,IMAGE 3.3 | GEO7 | 1.5C
Full,R10INDIA+,1.5C,headcount_pct,Deprived share,population-year-weighted mean % below the DLE threshold,TRUE,IMAGE,IMAGE 3.3,SHAPE,9,0,3.925019615144714,NA,FALSE,FALSE,NA,NA,NA,IMAGE 3.3 | SHAPE | 1.5C
Full,R10INDIA+,1.5C,headcount_pct,Deprived share,population-year-weighted mean % below the DLE threshold,TRUE,MESSAGEix,MESSAGEix-GLOBIOM 1.1,ENGAGE,13,0,2.6235529514713702,NA,FALSE,FALSE,NA,NA,NA,MESSAGEix-GLOBIOM 1.1 | ENGAGE | 1.5C
Full,R10INDIA+,1.5C,headcount_pct,Deprived share,population-year-weighted mean % below the DLE threshold,TRUE,MESSAGEix,MESSAGEix-GLOBIOM 1.1,NGFS Phase 2,1,0,2.15652558180356,NA,FALSE,FALSE,NA,NA,NA,MESSAGEix-GLOBIOM 1.1 | NGFS Phase 2 | 1.5C
Full,R10INDIA+,1.5C,headcount_pct,Deprived share,population-year-weighted mean % below the DLE threshold,TRUE,MESSAGEix,MESSAGEix-GLOBIOM 1.2,COVID,5,0,3.8302226131134502,NA,FALSE,FALSE,NA,NA,NA,MESSAGEix-GLOBIOM 1.2 | COVID | 1.5C
Full,R10INDIA+,1.5C,headcount_pct,Deprived share,population-year-weighted mean % below the DLE threshold,TRUE,MESSAGEix,MESSAGEix-GLOBIOM GEI 1.0,GEI,6,3,1.9679999690612184,2.0588335456458844,TRUE,TRUE,-0.09083357658466595,-4.615527338041356,High-CDR,MESSAGEix-GLOBIOM GEI 1.0 | GEI | 1.5C
Full,R10INDIA+,1.5C,headcount_pct,Deprived share,population-year-weighted mean % below the DLE threshold,TRUE,POLES,POLES-JRC ENGAGE,ENGAGE,4,1,3.7692732032875935,4.650303222853998,TRUE,FALSE,-0.8810300195664049,-23.374002680356593,High-CDR,POLES-JRC ENGAGE | ENGAGE | 1.5C
Full,R10INDIA+,1.5C,headcount_pct,Deprived share,population-year-weighted mean % below the DLE threshold,TRUE,REMIND,REMIND 2.1,CEMICS,0,4,NA,1.6536560429147036,FALSE,FALSE,NA,NA,NA,REMIND 2.1 | CEMICS | 1.5C
Full,R10INDIA+,1.5C,headcount_pct,Deprived share,population-year-weighted mean % below the DLE threshold,TRUE,REMIND,REMIND 2.1,R2p1,0,2,NA,1.0683151037615075,FALSE,FALSE,NA,NA,NA,REMIND 2.1 | R2p1 | 1.5C
Full,R10INDIA+,1.5C,headcount_pct,Deprived share,population-year-weighted mean % below the DLE threshold,TRUE,REMIND,REMIND 3.0,ENGAGE,0,2,NA,2.2046604831745436,FALSE,FALSE,NA,NA,NA,REMIND 3.0 | ENGAGE | 1.5C
Full,R10INDIA+,1.5C,headcount_pct,Deprived share,population-year-weighted mean % below the DLE threshold,TRUE,REMIND,REMIND 3.0,NAVIGATE,1,0,1.5833073196249974,NA,FALSE,FALSE,NA,NA,NA,REMIND 3.0 | NAVIGATE | 1.5C
Full,R10INDIA+,1.5C,headcount_pct,Deprived share,population-year-weighted mean % below the DLE threshold,TRUE,REMIND,REMIND-Buildings 2.0,BEG,0,2,NA,1.9300377917289924,FALSE,FALSE,NA,NA,NA,REMIND-Buildings 2.0 | BEG | 1.5C
Full,R10INDIA+,1.5C,headcount_pct,Deprived share,population-year-weighted mean % below the DLE threshold,TRUE,REMIND,REMIND-MAgPIE 1.7-3.0,CD,0,4,NA,0.5011493681925046,FALSE,FALSE,NA,NA,NA,REMIND-MAgPIE 1.7-3.0 | CD | 1.5C
Full,R10INDIA+,1.5C,headcount_pct,Deprived share,population-year-weighted mean % below the DLE threshold,TRUE,REMIND,REMIND-MAgPIE 1.7-3.0,COMMIT,0,3,NA,0.5745435437770172,FALSE,FALSE,NA,NA,NA,REMIND-MAgPIE 1.7-3.0 | COMMIT | 1.5C
Full,R10INDIA+,1.5C,headcount_pct,Deprived share,population-year-weighted mean % below the DLE threshold,TRUE,REMIND,REMIND-MAgPIE 1.7-3.0,PEP,0,13,NA,0.641245851142805,FALSE,FALSE,NA,NA,NA,REMIND-MAgPIE 1.7-3.0 | PEP | 1.5C
Full,R10INDIA+,1.5C,headcount_pct,Deprived share,population-year-weighted mean % below the DLE threshold,TRUE,REMIND,REMIND-MAgPIE 2.1-4.2,CEMICS,0,3,NA,1.440846877458239,FALSE,FALSE,NA,NA,NA,REMIND-MAgPIE 2.1-4.2 | CEMICS | 1.5C
Full,R10INDIA+,1.5C,headcount_pct,Deprived share,population-year-weighted mean % below the DLE threshold,TRUE,REMIND,REMIND-MAgPIE 2.1-4.2,ENGAGE,0,19,NA,1.4663684142855076,FALSE,FALSE,NA,NA,NA,REMIND-MAgPIE 2.1-4.2 | ENGAGE | 1.5C
Full,R10INDIA+,1.5C,headcount_pct,Deprived share,population-year-weighted mean % below the DLE threshold,TRUE,REMIND,REMIND-MAgPIE 2.1-4.2,SusDev,0,2,NA,1.286501307778884,FALSE,FALSE,NA,NA,NA,REMIND-MAgPIE 2.1-4.2 | SusDev | 1.5C
Full,R10INDIA+,1.5C,headcount_pct,Deprived share,population-year-weighted mean % below the DLE threshold,TRUE,REMIND,REMIND-MAgPIE 2.1-4.3,DeepElectrification,0,1,NA,0.6663940433425477,FALSE,FALSE,NA,NA,NA,REMIND-MAgPIE 2.1-4.3 | DeepElectrification | 1.5C
Full,R10INDIA+,1.5C,headcount_pct,Deprived share,population-year-weighted mean % below the DLE threshold,TRUE,REMIND,REMIND-MAgPIE 3.2.0-4.8.0,RESCUE,0,3,NA,0.9305854972238984,FALSE,FALSE,NA,NA,NA,REMIND-MAgPIE 3.2.0-4.8.0 | RESCUE | 1.5C
Full,R10INDIA+,1.5C,headcount_pct,Deprived share,population-year-weighted mean % below the DLE threshold,TRUE,REMIND,REMIND-MAgPIE 3.3-4.8,NGFS Phase 5,0,1,NA,0.981205319520565,FALSE,FALSE,NA,NA,NA,REMIND-MAgPIE 3.3-4.8 | NGFS Phase 5 | 1.5C
Full,R10INDIA+,1.5C,headcount_pct,Deprived share,population-year-weighted mean % below the DLE threshold,TRUE,WITCH,WITCH 5.0,ENGAGE,6,0,9.691677334780058,NA,FALSE,FALSE,NA,NA,NA,WITCH 5.0 | ENGAGE | 1.5C
Full,R10INDIA+,1.5C,mortality_million_deaths,PM2.5 mortality,million cumulative PM2.5-attributable deaths,TRUE,AIM,AIM/CGE V2.2,ENGAGE,1,0,87.89164,NA,FALSE,FALSE,NA,NA,NA,AIM/CGE V2.2 | ENGAGE | 1.5C
Full,R10INDIA+,1.5C,mortality_million_deaths,PM2.5 mortality,million cumulative PM2.5-attributable deaths,TRUE,GCAM,GCAM 6.0 NGFS,NGFS Phase 5,0,1,NA,104.292145,FALSE,FALSE,NA,NA,NA,GCAM 6.0 NGFS | NGFS Phase 5 | 1.5C
Full,R10INDIA+,1.5C,mortality_million_deaths,PM2.5 mortality,million cumulative PM2.5-attributable deaths,TRUE,IMAGE,IMAGE 3.2,SSP2021,12,0,136.72428250000002,NA,FALSE,FALSE,NA,NA,NA,IMAGE 3.2 | SSP2021 | 1.5C
Full,R10INDIA+,1.5C,mortality_million_deaths,PM2.5 mortality,million cumulative PM2.5-attributable deaths,TRUE,IMAGE,IMAGE 3.3,GEO7,2,0,127.6848075,NA,FALSE,FALSE,NA,NA,NA,IMAGE 3.3 | GEO7 | 1.5C
Full,R10INDIA+,1.5C,mortality_million_deaths,PM2.5 mortality,million cumulative PM2.5-attributable deaths,TRUE,IMAGE,IMAGE 3.3,SHAPE,9,0,132.139115,NA,FALSE,FALSE,NA,NA,NA,IMAGE 3.3 | SHAPE | 1.5C
Full,R10INDIA+,1.5C,mortality_million_deaths,PM2.5 mortality,million cumulative PM2.5-attributable deaths,TRUE,MESSAGEix,MESSAGEix-GLOBIOM 1.1,ENGAGE,11,0,109.290595,NA,FALSE,FALSE,NA,NA,NA,MESSAGEix-GLOBIOM 1.1 | ENGAGE | 1.5C
Full,R10INDIA+,1.5C,mortality_million_deaths,PM2.5 mortality,million cumulative PM2.5-attributable deaths,TRUE,MESSAGEix,MESSAGEix-GLOBIOM 1.1,NGFS Phase 2,1,0,112.295925,NA,FALSE,FALSE,NA,NA,NA,MESSAGEix-GLOBIOM 1.1 | NGFS Phase 2 | 1.5C
Full,R10INDIA+,1.5C,mortality_million_deaths,PM2.5 mortality,million cumulative PM2.5-attributable deaths,TRUE,MESSAGEix,MESSAGEix-GLOBIOM 1.2,COVID,5,0,108.23107,NA,FALSE,FALSE,NA,NA,NA,MESSAGEix-GLOBIOM 1.2 | COVID | 1.5C
Full,R10INDIA+,1.5C,mortality_million_deaths,PM2.5 mortality,million cumulative PM2.5-attributable deaths,TRUE,MESSAGEix,MESSAGEix-GLOBIOM GEI 1.0,GEI,6,3,113.4900475,106.783845,TRUE,TRUE,6.706202500000003,5.909066607801009,High-RE,MESSAGEix-GLOBIOM GEI 1.0 | GEI | 1.5C
Full,R10INDIA+,1.5C,mortality_million_deaths,PM2.5 mortality,million cumulative PM2.5-attributable deaths,TRUE,POLES,POLES-JRC ENGAGE,ENGAGE,4,0,100.866825,NA,FALSE,FALSE,NA,NA,NA,POLES-JRC ENGAGE | ENGAGE | 1.5C
Full,R10INDIA+,1.5C,mortality_million_deaths,PM2.5 mortality,million cumulative PM2.5-attributable deaths,TRUE,REMIND,REMIND 2.1,R2p1,0,2,NA,101.16273000000001,FALSE,FALSE,NA,NA,NA,REMIND 2.1 | R2p1 | 1.5C
Full,R10INDIA+,1.5C,mortality_million_deaths,PM2.5 mortality,million cumulative PM2.5-attributable deaths,TRUE,REMIND,REMIND-Buildings 2.0,BEG,0,2,NA,104.7184275,FALSE,FALSE,NA,NA,NA,REMIND-Buildings 2.0 | BEG | 1.5C
Full,R10INDIA+,1.5C,mortality_million_deaths,PM2.5 mortality,million cumulative PM2.5-attributable deaths,TRUE,REMIND,REMIND-MAgPIE 1.7-3.0,CD,0,4,NA,119.5653025,FALSE,FALSE,NA,NA,NA,REMIND-MAgPIE 1.7-3.0 | CD | 1.5C
Full,R10INDIA+,1.5C,mortality_million_deaths,PM2.5 mortality,million cumulative PM2.5-attributable deaths,TRUE,REMIND,REMIND-MAgPIE 1.7-3.0,COMMIT,0,3,NA,120.194295,FALSE,FALSE,NA,NA,NA,REMIND-MAgPIE 1.7-3.0 | COMMIT | 1.5C
Full,R10INDIA+,1.5C,mortality_million_deaths,PM2.5 mortality,million cumulative PM2.5-attributable deaths,TRUE,REMIND,REMIND-MAgPIE 1.7-3.0,PEP,0,13,NA,113.47707,FALSE,FALSE,NA,NA,NA,REMIND-MAgPIE 1.7-3.0 | PEP | 1.5C
Full,R10INDIA+,1.5C,mortality_million_deaths,PM2.5 mortality,million cumulative PM2.5-attributable deaths,TRUE,REMIND,REMIND-MAgPIE 2.1-4.2,ENGAGE,0,19,NA,105.63749,FALSE,FALSE,NA,NA,NA,REMIND-MAgPIE 2.1-4.2 | ENGAGE | 1.5C
Full,R10INDIA+,1.5C,mortality_million_deaths,PM2.5 mortality,million cumulative PM2.5-attributable deaths,TRUE,REMIND,REMIND-MAgPIE 2.1-4.2,SusDev,0,2,NA,98.032635,FALSE,FALSE,NA,NA,NA,REMIND-MAgPIE 2.1-4.2 | SusDev | 1.5C
Full,R10INDIA+,1.5C,mortality_million_deaths,PM2.5 mortality,million cumulative PM2.5-attributable deaths,TRUE,REMIND,REMIND-MAgPIE 2.1-4.3,DeepElectrification,0,1,NA,94.57652,FALSE,FALSE,NA,NA,NA,REMIND-MAgPIE 2.1-4.3 | DeepElectrification | 1.5C
Full,R10INDIA+,1.5C,mortality_million_deaths,PM2.5 mortality,million cumulative PM2.5-attributable deaths,TRUE,REMIND,REMIND-MAgPIE 3.2.0-4.8.0,RESCUE,0,3,NA,95.767725,FALSE,FALSE,NA,NA,NA,REMIND-MAgPIE 3.2.0-4.8.0 | RESCUE | 1.5C
Full,R10INDIA+,1.5C,mortality_million_deaths,PM2.5 mortality,million cumulative PM2.5-attributable deaths,TRUE,REMIND,REMIND-MAgPIE 3.3-4.8,NGFS Phase 5,0,1,NA,88.522445,FALSE,FALSE,NA,NA,NA,REMIND-MAgPIE 3.3-4.8 | NGFS Phase 5 | 1.5C
Full,R10INDIA+,1.5C,mortality_million_deaths,PM2.5 mortality,million cumulative PM2.5-attributable deaths,TRUE,WITCH,WITCH 5.0,ENGAGE,6,0,83.907865,NA,FALSE,FALSE,NA,NA,NA,WITCH 5.0 | ENGAGE | 1.5C
Full,R10INDIA+,1.5C,total_energy_jobyears_per_1k,Employment,"total energy-sector job-years per 1,000 people",FALSE,AIM,AIM/CGE V2.2,ENGAGE,1,3,473.98803314140696,477.21848215916293,TRUE,FALSE,3.230449017755973,0.6815465353304012,High-RE,AIM/CGE V2.2 | ENGAGE | 1.5C
Full,R10INDIA+,1.5C,total_energy_jobyears_per_1k,Employment,"total energy-sector job-years per 1,000 people",FALSE,GCAM,GCAM 6.0 NGFS,NGFS Phase 5,0,1,NA,740.5290526949734,FALSE,FALSE,NA,NA,NA,GCAM 6.0 NGFS | NGFS Phase 5 | 1.5C
Full,R10INDIA+,1.5C,total_energy_jobyears_per_1k,Employment,"total energy-sector job-years per 1,000 people",FALSE,IMAGE,IMAGE 3.2,SSP2021,12,0,384.0486803513038,NA,FALSE,FALSE,NA,NA,NA,IMAGE 3.2 | SSP2021 | 1.5C
Full,R10INDIA+,1.5C,total_energy_jobyears_per_1k,Employment,"total energy-sector job-years per 1,000 people",FALSE,IMAGE,IMAGE 3.3,SHAPE,9,0,541.6644704102016,NA,FALSE,FALSE,NA,NA,NA,IMAGE 3.3 | SHAPE | 1.5C
Full,R10INDIA+,1.5C,total_energy_jobyears_per_1k,Employment,"total energy-sector job-years per 1,000 people",FALSE,MESSAGEix,MESSAGEix-GLOBIOM 1.1,ENGAGE,13,0,335.0412909666749,NA,FALSE,FALSE,NA,NA,NA,MESSAGEix-GLOBIOM 1.1 | ENGAGE | 1.5C
Full,R10INDIA+,1.5C,total_energy_jobyears_per_1k,Employment,"total energy-sector job-years per 1,000 people",FALSE,MESSAGEix,MESSAGEix-GLOBIOM 1.1,NGFS Phase 2,1,0,351.53149324817497,NA,FALSE,FALSE,NA,NA,NA,MESSAGEix-GLOBIOM 1.1 | NGFS Phase 2 | 1.5C
Full,R10INDIA+,1.5C,total_energy_jobyears_per_1k,Employment,"total energy-sector job-years per 1,000 people",FALSE,MESSAGEix,MESSAGEix-GLOBIOM 1.2,COVID,5,0,2.165685529932503,NA,FALSE,FALSE,NA,NA,NA,MESSAGEix-GLOBIOM 1.2 | COVID | 1.5C
Full,R10INDIA+,1.5C,total_energy_jobyears_per_1k,Employment,"total energy-sector job-years per 1,000 people",FALSE,MESSAGEix,MESSAGEix-GLOBIOM GEI 1.0,GEI,6,3,576.3332594569592,680.3840631841778,TRUE,TRUE,104.05080372721852,18.053930086432754,High-RE,MESSAGEix-GLOBIOM GEI 1.0 | GEI | 1.5C
Full,R10INDIA+,1.5C,total_energy_jobyears_per_1k,Employment,"total energy-sector job-years per 1,000 people",FALSE,POLES,POLES-JRC ENGAGE,ENGAGE,4,1,637.2770561048793,639.089827507719,TRUE,FALSE,1.812771402839644,0.28445577719674076,High-RE,POLES-JRC ENGAGE | ENGAGE | 1.5C
Full,R10INDIA+,1.5C,total_energy_jobyears_per_1k,Employment,"total energy-sector job-years per 1,000 people",FALSE,REMIND,REMIND 2.1,CEMICS,0,4,NA,1042.177260263074,FALSE,FALSE,NA,NA,NA,REMIND 2.1 | CEMICS | 1.5C
Full,R10INDIA+,1.5C,total_energy_jobyears_per_1k,Employment,"total energy-sector job-years per 1,000 people",FALSE,REMIND,REMIND 2.1,R2p1,0,2,NA,1048.834019803843,FALSE,FALSE,NA,NA,NA,REMIND 2.1 | R2p1 | 1.5C
Full,R10INDIA+,1.5C,total_energy_jobyears_per_1k,Employment,"total energy-sector job-years per 1,000 people",FALSE,REMIND,REMIND 3.0,ENGAGE,0,2,NA,572.9710853598888,FALSE,FALSE,NA,NA,NA,REMIND 3.0 | ENGAGE | 1.5C
Full,R10INDIA+,1.5C,total_energy_jobyears_per_1k,Employment,"total energy-sector job-years per 1,000 people",FALSE,REMIND,REMIND 3.0,NAVIGATE,1,0,435.5119185229572,NA,FALSE,FALSE,NA,NA,NA,REMIND 3.0 | NAVIGATE | 1.5C
Full,R10INDIA+,1.5C,total_energy_jobyears_per_1k,Employment,"total energy-sector job-years per 1,000 people",FALSE,REMIND,REMIND-Buildings 2.0,BEG,0,2,NA,1144.8011787231164,FALSE,FALSE,NA,NA,NA,REMIND-Buildings 2.0 | BEG | 1.5C
Full,R10INDIA+,1.5C,total_energy_jobyears_per_1k,Employment,"total energy-sector job-years per 1,000 people",FALSE,REMIND,REMIND-MAgPIE 1.7-3.0,CD,0,4,NA,1100.059515898899,FALSE,FALSE,NA,NA,NA,REMIND-MAgPIE 1.7-3.0 | CD | 1.5C
Full,R10INDIA+,1.5C,total_energy_jobyears_per_1k,Employment,"total energy-sector job-years per 1,000 people",FALSE,REMIND,REMIND-MAgPIE 1.7-3.0,COMMIT,0,3,NA,1077.691243649376,FALSE,FALSE,NA,NA,NA,REMIND-MAgPIE 1.7-3.0 | COMMIT | 1.5C
Full,R10INDIA+,1.5C,total_energy_jobyears_per_1k,Employment,"total energy-sector job-years per 1,000 people",FALSE,REMIND,REMIND-MAgPIE 1.7-3.0,PEP,0,13,NA,1131.0435605965945,FALSE,FALSE,NA,NA,NA,REMIND-MAgPIE 1.7-3.0 | PEP | 1.5C
Full,R10INDIA+,1.5C,total_energy_jobyears_per_1k,Employment,"total energy-sector job-years per 1,000 people",FALSE,REMIND,REMIND-MAgPIE 2.1-4.2,CEMICS,0,3,NA,1018.4488012869309,FALSE,FALSE,NA,NA,NA,REMIND-MAgPIE 2.1-4.2 | CEMICS | 1.5C
Full,R10INDIA+,1.5C,total_energy_jobyears_per_1k,Employment,"total energy-sector job-years per 1,000 people",FALSE,REMIND,REMIND-MAgPIE 2.1-4.2,ENGAGE,0,19,NA,1069.3170202853262,FALSE,FALSE,NA,NA,NA,REMIND-MAgPIE 2.1-4.2 | ENGAGE | 1.5C
Full,R10INDIA+,1.5C,total_energy_jobyears_per_1k,Employment,"total energy-sector job-years per 1,000 people",FALSE,REMIND,REMIND-MAgPIE 2.1-4.2,SusDev,0,2,NA,953.0382559835014,FALSE,FALSE,NA,NA,NA,REMIND-MAgPIE 2.1-4.2 | SusDev | 1.5C
Full,R10INDIA+,1.5C,total_energy_jobyears_per_1k,Employment,"total energy-sector job-years per 1,000 people",FALSE,REMIND,REMIND-MAgPIE 2.1-4.3,DeepElectrification,0,1,NA,1120.7458337713226,FALSE,FALSE,NA,NA,NA,REMIND-MAgPIE 2.1-4.3 | DeepElectrification | 1.5C
Full,R10INDIA+,1.5C,total_energy_jobyears_per_1k,Employment,"total energy-sector job-years per 1,000 people",FALSE,REMIND,REMIND-MAgPIE 3.2.0-4.8.0,RESCUE,0,3,NA,808.3164531733543,FALSE,FALSE,NA,NA,NA,REMIND-MAgPIE 3.2.0-4.8.0 | RESCUE | 1.5C
Full,R10INDIA+,1.5C,total_energy_jobyears_per_1k,Employment,"total energy-sector job-years per 1,000 people",FALSE,REMIND,REMIND-MAgPIE 3.3-4.8,NGFS Phase 5,0,1,NA,690.7059418456564,FALSE,FALSE,NA,NA,NA,REMIND-MAgPIE 3.3-4.8 | NGFS Phase 5 | 1.5C
Full,R10INDIA+,1.5C,total_energy_jobyears_per_1k,Employment,"total energy-sector job-years per 1,000 people",FALSE,WITCH,WITCH 5.0,ENGAGE,6,0,280.40266828151977,NA,FALSE,FALSE,NA,NA,NA,WITCH 5.0 | ENGAGE | 1.5C
Full,R10INDIA+,2C,gap_GJ_pc,DLE gap,GJ per capita of cumulative DLE gap,TRUE,AIM,AIM/CGE V2.2,ENGAGE,20,11,11.82459513487905,9.763958649574482,TRUE,TRUE,2.0606364853045687,17.42669801206387,High-RE,AIM/CGE V2.2 | ENGAGE | 2C
Full,R10INDIA+,2C,gap_GJ_pc,DLE gap,GJ per capita of cumulative DLE gap,TRUE,GCAM,GCAM 5.3,Deep,23,0,2.4320477415886095,NA,FALSE,FALSE,NA,NA,NA,GCAM 5.3 | Deep | 2C
Full,R10INDIA+,2C,gap_GJ_pc,DLE gap,GJ per capita of cumulative DLE gap,TRUE,GCAM,GCAM 6.0 NGFS,NGFS Phase 5,0,4,NA,3.1340158796163538,FALSE,FALSE,NA,NA,NA,GCAM 6.0 NGFS | NGFS Phase 5 | 2C
Full,R10INDIA+,2C,gap_GJ_pc,DLE gap,GJ per capita of cumulative DLE gap,TRUE,GCAM,GCAM 7.0,IAM,3,0,3.948133787949393,NA,FALSE,FALSE,NA,NA,NA,GCAM 7.0 | IAM | 2C
Full,R10INDIA+,2C,gap_GJ_pc,DLE gap,GJ per capita of cumulative DLE gap,TRUE,IMAGE,IMAGE 3.0,ENGAGE,20,0,10.84371004686388,NA,FALSE,FALSE,NA,NA,NA,IMAGE 3.0 | ENGAGE | 2C
Full,R10INDIA+,2C,gap_GJ_pc,DLE gap,GJ per capita of cumulative DLE gap,TRUE,IMAGE,IMAGE 3.2,ENGAGE,9,0,11.36719566973786,NA,FALSE,FALSE,NA,NA,NA,IMAGE 3.2 | ENGAGE | 2C
Full,R10INDIA+,2C,gap_GJ_pc,DLE gap,GJ per capita of cumulative DLE gap,TRUE,IMAGE,IMAGE 3.2,SSP2021,8,2,3.9958057125068267,3.8176610343569317,TRUE,FALSE,0.17814467814989499,4.458291793124579,High-RE,IMAGE 3.2 | SSP2021 | 2C
Full,R10INDIA+,2C,gap_GJ_pc,DLE gap,GJ per capita of cumulative DLE gap,TRUE,IMAGE,IMAGE 3.3,NAVIGATE,8,0,5.609642553459553,NA,FALSE,FALSE,NA,NA,NA,IMAGE 3.3 | NAVIGATE | 2C
Full,R10INDIA+,2C,gap_GJ_pc,DLE gap,GJ per capita of cumulative DLE gap,TRUE,MESSAGEix,MESSAGEix-GLOBIOM 1.1,ENGAGE,62,20,3.8967803283767637,3.9369581901265196,TRUE,TRUE,-0.040177861749755905,-1.0310527759847403,High-CDR,MESSAGEix-GLOBIOM 1.1 | ENGAGE | 2C
Full,R10INDIA+,2C,gap_GJ_pc,DLE gap,GJ per capita of cumulative DLE gap,TRUE,MESSAGEix,MESSAGEix-GLOBIOM 1.1,NGFS Phase 2,1,1,4.53628460341337,3.8377585173296618,TRUE,FALSE,0.6985260860837084,15.398638911634775,High-RE,MESSAGEix-GLOBIOM 1.1 | NGFS Phase 2 | 2C
Full,R10INDIA+,2C,gap_GJ_pc,DLE gap,GJ per capita of cumulative DLE gap,TRUE,MESSAGEix,MESSAGEix-GLOBIOM 1.2,COVID,5,0,7.182424479399064,NA,FALSE,FALSE,NA,NA,NA,MESSAGEix-GLOBIOM 1.2 | COVID | 2C
Full,R10INDIA+,2C,gap_GJ_pc,DLE gap,GJ per capita of cumulative DLE gap,TRUE,MESSAGEix,MESSAGEix-GLOBIOM 2.0-M-R12-NGFS,NGFS Phase 5,0,2,NA,11.797463467176216,FALSE,FALSE,NA,NA,NA,MESSAGEix-GLOBIOM 2.0-M-R12-NGFS | NGFS Phase 5 | 2C
Full,R10INDIA+,2C,gap_GJ_pc,DLE gap,GJ per capita of cumulative DLE gap,TRUE,MESSAGEix,MESSAGEix-GLOBIOM GEI 1.0,GEI,6,1,5.320467013212472,5.819672908320566,TRUE,FALSE,-0.4992058951080942,-9.382745797848226,High-CDR,MESSAGEix-GLOBIOM GEI 1.0 | GEI | 2C
Full,R10INDIA+,2C,gap_GJ_pc,DLE gap,GJ per capita of cumulative DLE gap,TRUE,POLES,POLES-JRC ENGAGE,ENGAGE,56,8,6.692634804654887,9.066551331073278,TRUE,TRUE,-2.373916526418391,-35.470582150504846,High-CDR,POLES-JRC ENGAGE | ENGAGE | 2C
Full,R10INDIA+,2C,gap_GJ_pc,DLE gap,GJ per capita of cumulative DLE gap,TRUE,REMIND,REMIND 2.1,CEMICS,0,5,NA,2.4030658291972187,FALSE,FALSE,NA,NA,NA,REMIND 2.1 | CEMICS | 2C
Full,R10INDIA+,2C,gap_GJ_pc,DLE gap,GJ per capita of cumulative DLE gap,TRUE,REMIND,REMIND 2.1,LeastTotalCost,0,11,NA,2.4482594711294294,FALSE,FALSE,NA,NA,NA,REMIND 2.1 | LeastTotalCost | 2C
Full,R10INDIA+,2C,gap_GJ_pc,DLE gap,GJ per capita of cumulative DLE gap,TRUE,REMIND,REMIND 2.1,R2p1,0,8,NA,2.077788252943016,FALSE,FALSE,NA,NA,NA,REMIND 2.1 | R2p1 | 2C
Full,R10INDIA+,2C,gap_GJ_pc,DLE gap,GJ per capita of cumulative DLE gap,TRUE,REMIND,REMIND 2.1,TechCost,0,9,NA,2.309969048617494,FALSE,FALSE,NA,NA,NA,REMIND 2.1 | TechCost | 2C
Full,R10INDIA+,2C,gap_GJ_pc,DLE gap,GJ per capita of cumulative DLE gap,TRUE,REMIND,REMIND 3.0,ENGAGE,0,14,NA,2.3922128634420234,FALSE,FALSE,NA,NA,NA,REMIND 3.0 | ENGAGE | 2C
Full,R10INDIA+,2C,gap_GJ_pc,DLE gap,GJ per capita of cumulative DLE gap,TRUE,REMIND,REMIND 3.0,NAVIGATE,0,7,NA,2.1040243552125544,FALSE,FALSE,NA,NA,NA,REMIND 3.0 | NAVIGATE | 2C
Full,R10INDIA+,2C,gap_GJ_pc,DLE gap,GJ per capita of cumulative DLE gap,TRUE,REMIND,REMIND-MAgPIE 1.7-3.0,CD,0,5,NA,0.8026687021589443,FALSE,FALSE,NA,NA,NA,REMIND-MAgPIE 1.7-3.0 | CD | 2C
Full,R10INDIA+,2C,gap_GJ_pc,DLE gap,GJ per capita of cumulative DLE gap,TRUE,REMIND,REMIND-MAgPIE 1.7-3.0,COMMIT,0,4,NA,0.8520250162173542,FALSE,FALSE,NA,NA,NA,REMIND-MAgPIE 1.7-3.0 | COMMIT | 2C
Full,R10INDIA+,2C,gap_GJ_pc,DLE gap,GJ per capita of cumulative DLE gap,TRUE,REMIND,REMIND-MAgPIE 1.7-3.0,PEP,0,5,NA,0.8635716508880947,FALSE,FALSE,NA,NA,NA,REMIND-MAgPIE 1.7-3.0 | PEP | 2C
Full,R10INDIA+,2C,gap_GJ_pc,DLE gap,GJ per capita of cumulative DLE gap,TRUE,REMIND,REMIND-MAgPIE 2.0-4.1,Diff,0,4,NA,1.470205043477369,FALSE,FALSE,NA,NA,NA,REMIND-MAgPIE 2.0-4.1 | Diff | 2C
Full,R10INDIA+,2C,gap_GJ_pc,DLE gap,GJ per capita of cumulative DLE gap,TRUE,REMIND,REMIND-MAgPIE 2.1-4.2,CEMICS,0,3,NA,2.21248805596171,FALSE,FALSE,NA,NA,NA,REMIND-MAgPIE 2.1-4.2 | CEMICS | 2C
Full,R10INDIA+,2C,gap_GJ_pc,DLE gap,GJ per capita of cumulative DLE gap,TRUE,REMIND,REMIND-MAgPIE 2.1-4.2,ENGAGE,0,59,NA,2.171337286865518,FALSE,FALSE,NA,NA,NA,REMIND-MAgPIE 2.1-4.2 | ENGAGE | 2C
Full,R10INDIA+,2C,gap_GJ_pc,DLE gap,GJ per capita of cumulative DLE gap,TRUE,REMIND,REMIND-MAgPIE 2.1-4.2,NGFS Phase 2,0,5,NA,2.120727084221064,FALSE,FALSE,NA,NA,NA,REMIND-MAgPIE 2.1-4.2 | NGFS Phase 2 | 2C
Full,R10INDIA+,2C,gap_GJ_pc,DLE gap,GJ per capita of cumulative DLE gap,TRUE,REMIND,REMIND-MAgPIE 2.1-4.2,SusDev,0,3,NA,2.093584178977571,FALSE,FALSE,NA,NA,NA,REMIND-MAgPIE 2.1-4.2 | SusDev | 2C
Full,R10INDIA+,2C,gap_GJ_pc,DLE gap,GJ per capita of cumulative DLE gap,TRUE,REMIND,REMIND-MAgPIE 2.1-4.3,DeepElectrification,0,3,NA,0.7336587929221066,FALSE,FALSE,NA,NA,NA,REMIND-MAgPIE 2.1-4.3 | DeepElectrification | 2C
Full,R10INDIA+,2C,gap_GJ_pc,DLE gap,GJ per capita of cumulative DLE gap,TRUE,REMIND,REMIND-MAgPIE 3.2-4.6,SHAPE,0,2,NA,1.865102534177952,FALSE,FALSE,NA,NA,NA,REMIND-MAgPIE 3.2-4.6 | SHAPE | 2C
Full,R10INDIA+,2C,gap_GJ_pc,DLE gap,GJ per capita of cumulative DLE gap,TRUE,REMIND,REMIND-MAgPIE 3.2.0-4.8.0,RESCUE,0,5,NA,1.83395517965364,FALSE,FALSE,NA,NA,NA,REMIND-MAgPIE 3.2.0-4.8.0 | RESCUE | 2C
Full,R10INDIA+,2C,gap_GJ_pc,DLE gap,GJ per capita of cumulative DLE gap,TRUE,REMIND,REMIND-MAgPIE 3.3-4.8,NGFS Phase 5,0,5,NA,1.5430908057229928,FALSE,FALSE,NA,NA,NA,REMIND-MAgPIE 3.3-4.8 | NGFS Phase 5 | 2C
Full,R10INDIA+,2C,gap_GJ_pc,DLE gap,GJ per capita of cumulative DLE gap,TRUE,REMIND,REMIND-Transport 2.1,Transport,0,8,NA,2.746495523546413,FALSE,FALSE,NA,NA,NA,REMIND-Transport 2.1 | Transport | 2C
Full,R10INDIA+,2C,gap_GJ_pc,DLE gap,GJ per capita of cumulative DLE gap,TRUE,WITCH,WITCH 5.0,COMMIT,2,1,14.54194557973954,8.433171413836243,TRUE,FALSE,6.108774165903297,42.00795644851196,High-RE,WITCH 5.0 | COMMIT | 2C
Full,R10INDIA+,2C,gap_GJ_pc,DLE gap,GJ per capita of cumulative DLE gap,TRUE,WITCH,WITCH 5.0,ENGAGE,0,11,NA,11.406167266735675,FALSE,FALSE,NA,NA,NA,WITCH 5.0 | ENGAGE | 2C
Full,R10INDIA+,2C,gap_GJ_pc,DLE gap,GJ per capita of cumulative DLE gap,TRUE,WITCH,WITCH 5.0,NAVIGATE,0,4,NA,8.89955213575246,FALSE,FALSE,NA,NA,NA,WITCH 5.0 | NAVIGATE | 2C
Full,R10INDIA+,2C,headcount_pct,Deprived share,population-year-weighted mean % below the DLE threshold,TRUE,AIM,AIM/CGE V2.2,ENGAGE,20,11,5.635136164881514,4.768602157825094,TRUE,TRUE,0.86653400705642,15.377339281643428,High-RE,AIM/CGE V2.2 | ENGAGE | 2C
Full,R10INDIA+,2C,headcount_pct,Deprived share,population-year-weighted mean % below the DLE threshold,TRUE,GCAM,GCAM 5.3,Deep,23,0,1.1590425174466914,NA,FALSE,FALSE,NA,NA,NA,GCAM 5.3 | Deep | 2C
Full,R10INDIA+,2C,headcount_pct,Deprived share,population-year-weighted mean % below the DLE threshold,TRUE,GCAM,GCAM 6.0 NGFS,NGFS Phase 5,0,4,NA,1.5592717947410732,FALSE,FALSE,NA,NA,NA,GCAM 6.0 NGFS | NGFS Phase 5 | 2C
Full,R10INDIA+,2C,headcount_pct,Deprived share,population-year-weighted mean % below the DLE threshold,TRUE,GCAM,GCAM 7.0,IAM,3,0,1.915952692850864,NA,FALSE,FALSE,NA,NA,NA,GCAM 7.0 | IAM | 2C
Full,R10INDIA+,2C,headcount_pct,Deprived share,population-year-weighted mean % below the DLE threshold,TRUE,IMAGE,IMAGE 3.0,ENGAGE,20,0,3.545869912900095,NA,FALSE,FALSE,NA,NA,NA,IMAGE 3.0 | ENGAGE | 2C
Full,R10INDIA+,2C,headcount_pct,Deprived share,population-year-weighted mean % below the DLE threshold,TRUE,IMAGE,IMAGE 3.2,ENGAGE,9,0,3.6056787331245745,NA,FALSE,FALSE,NA,NA,NA,IMAGE 3.2 | ENGAGE | 2C
Full,R10INDIA+,2C,headcount_pct,Deprived share,population-year-weighted mean % below the DLE threshold,TRUE,IMAGE,IMAGE 3.2,SSP2021,8,2,1.8616713487828833,1.9504392069142764,TRUE,FALSE,-0.0887678581313931,-4.7681809245991476,High-CDR,IMAGE 3.2 | SSP2021 | 2C
Full,R10INDIA+,2C,headcount_pct,Deprived share,population-year-weighted mean % below the DLE threshold,TRUE,IMAGE,IMAGE 3.3,NAVIGATE,8,0,2.784678182491025,NA,FALSE,FALSE,NA,NA,NA,IMAGE 3.3 | NAVIGATE | 2C
Full,R10INDIA+,2C,headcount_pct,Deprived share,population-year-weighted mean % below the DLE threshold,TRUE,MESSAGEix,MESSAGEix-GLOBIOM 1.1,ENGAGE,62,20,1.3556384307328353,1.3827624612708567,TRUE,TRUE,-0.02712403053802137,-2.0008307468355393,High-CDR,MESSAGEix-GLOBIOM 1.1 | ENGAGE | 2C
Full,R10INDIA+,2C,headcount_pct,Deprived share,population-year-weighted mean % below the DLE threshold,TRUE,MESSAGEix,MESSAGEix-GLOBIOM 1.1,NGFS Phase 2,1,1,1.6031720907479563,1.4026529368076155,TRUE,FALSE,0.2005191539403408,12.507649995752425,High-RE,MESSAGEix-GLOBIOM 1.1 | NGFS Phase 2 | 2C
Full,R10INDIA+,2C,headcount_pct,Deprived share,population-year-weighted mean % below the DLE threshold,TRUE,MESSAGEix,MESSAGEix-GLOBIOM 1.2,COVID,5,0,2.453389579185025,NA,FALSE,FALSE,NA,NA,NA,MESSAGEix-GLOBIOM 1.2 | COVID | 2C
Full,R10INDIA+,2C,headcount_pct,Deprived share,population-year-weighted mean % below the DLE threshold,TRUE,MESSAGEix,MESSAGEix-GLOBIOM 2.0-M-R12-NGFS,NGFS Phase 5,0,2,NA,3.569400326386225,FALSE,FALSE,NA,NA,NA,MESSAGEix-GLOBIOM 2.0-M-R12-NGFS | NGFS Phase 5 | 2C
Full,R10INDIA+,2C,headcount_pct,Deprived share,population-year-weighted mean % below the DLE threshold,TRUE,MESSAGEix,MESSAGEix-GLOBIOM GEI 1.0,GEI,6,1,1.7631934352878313,1.9461525052346456,TRUE,FALSE,-0.1829590699468142,-10.376573907612535,High-CDR,MESSAGEix-GLOBIOM GEI 1.0 | GEI | 2C
Full,R10INDIA+,2C,headcount_pct,Deprived share,population-year-weighted mean % below the DLE threshold,TRUE,POLES,POLES-JRC ENGAGE,ENGAGE,56,8,2.6106349313510018,3.0392722929383655,TRUE,TRUE,-0.42863736158736376,-16.418893214055945,High-CDR,POLES-JRC ENGAGE | ENGAGE | 2C
Full,R10INDIA+,2C,headcount_pct,Deprived share,population-year-weighted mean % below the DLE threshold,TRUE,REMIND,REMIND 2.1,CEMICS,0,5,NA,1.1616032620850412,FALSE,FALSE,NA,NA,NA,REMIND 2.1 | CEMICS | 2C
Full,R10INDIA+,2C,headcount_pct,Deprived share,population-year-weighted mean % below the DLE threshold,TRUE,REMIND,REMIND 2.1,LeastTotalCost,0,11,NA,1.189798945276756,FALSE,FALSE,NA,NA,NA,REMIND 2.1 | LeastTotalCost | 2C
Full,R10INDIA+,2C,headcount_pct,Deprived share,population-year-weighted mean % below the DLE threshold,TRUE,REMIND,REMIND 2.1,R2p1,0,8,NA,1.0092805170657395,FALSE,FALSE,NA,NA,NA,REMIND 2.1 | R2p1 | 2C
Full,R10INDIA+,2C,headcount_pct,Deprived share,population-year-weighted mean % below the DLE threshold,TRUE,REMIND,REMIND 2.1,TechCost,0,9,NA,1.1207396481025709,FALSE,FALSE,NA,NA,NA,REMIND 2.1 | TechCost | 2C
Full,R10INDIA+,2C,headcount_pct,Deprived share,population-year-weighted mean % below the DLE threshold,TRUE,REMIND,REMIND 3.0,ENGAGE,0,14,NA,1.2571394884231588,FALSE,FALSE,NA,NA,NA,REMIND 3.0 | ENGAGE | 2C
Full,R10INDIA+,2C,headcount_pct,Deprived share,population-year-weighted mean % below the DLE threshold,TRUE,REMIND,REMIND 3.0,NAVIGATE,0,7,NA,1.0882796828482733,FALSE,FALSE,NA,NA,NA,REMIND 3.0 | NAVIGATE | 2C
Full,R10INDIA+,2C,headcount_pct,Deprived share,population-year-weighted mean % below the DLE threshold,TRUE,REMIND,REMIND-MAgPIE 1.7-3.0,CD,0,5,NA,0.44446562457798294,FALSE,FALSE,NA,NA,NA,REMIND-MAgPIE 1.7-3.0 | CD | 2C
Full,R10INDIA+,2C,headcount_pct,Deprived share,population-year-weighted mean % below the DLE threshold,TRUE,REMIND,REMIND-MAgPIE 1.7-3.0,COMMIT,0,4,NA,0.4679292228458794,FALSE,FALSE,NA,NA,NA,REMIND-MAgPIE 1.7-3.0 | COMMIT | 2C
Full,R10INDIA+,2C,headcount_pct,Deprived share,population-year-weighted mean % below the DLE threshold,TRUE,REMIND,REMIND-MAgPIE 1.7-3.0,PEP,0,5,NA,0.47431615612418754,FALSE,FALSE,NA,NA,NA,REMIND-MAgPIE 1.7-3.0 | PEP | 2C
Full,R10INDIA+,2C,headcount_pct,Deprived share,population-year-weighted mean % below the DLE threshold,TRUE,REMIND,REMIND-MAgPIE 2.0-4.1,Diff,0,4,NA,0.710035543241292,FALSE,FALSE,NA,NA,NA,REMIND-MAgPIE 2.0-4.1 | Diff | 2C
Full,R10INDIA+,2C,headcount_pct,Deprived share,population-year-weighted mean % below the DLE threshold,TRUE,REMIND,REMIND-MAgPIE 2.1-4.2,CEMICS,0,3,NA,1.0684560507546093,FALSE,FALSE,NA,NA,NA,REMIND-MAgPIE 2.1-4.2 | CEMICS | 2C
Full,R10INDIA+,2C,headcount_pct,Deprived share,population-year-weighted mean % below the DLE threshold,TRUE,REMIND,REMIND-MAgPIE 2.1-4.2,ENGAGE,0,59,NA,1.0403844730378142,FALSE,FALSE,NA,NA,NA,REMIND-MAgPIE 2.1-4.2 | ENGAGE | 2C
Full,R10INDIA+,2C,headcount_pct,Deprived share,population-year-weighted mean % below the DLE threshold,TRUE,REMIND,REMIND-MAgPIE 2.1-4.2,NGFS Phase 2,0,5,NA,1.0715459880889873,FALSE,FALSE,NA,NA,NA,REMIND-MAgPIE 2.1-4.2 | NGFS Phase 2 | 2C
Full,R10INDIA+,2C,headcount_pct,Deprived share,population-year-weighted mean % below the DLE threshold,TRUE,REMIND,REMIND-MAgPIE 2.1-4.2,SusDev,0,3,NA,0.9943300604798198,FALSE,FALSE,NA,NA,NA,REMIND-MAgPIE 2.1-4.2 | SusDev | 2C
Full,R10INDIA+,2C,headcount_pct,Deprived share,population-year-weighted mean % below the DLE threshold,TRUE,REMIND,REMIND-MAgPIE 2.1-4.3,DeepElectrification,0,3,NA,0.4278885691989669,FALSE,FALSE,NA,NA,NA,REMIND-MAgPIE 2.1-4.3 | DeepElectrification | 2C
Full,R10INDIA+,2C,headcount_pct,Deprived share,population-year-weighted mean % below the DLE threshold,TRUE,REMIND,REMIND-MAgPIE 3.2-4.6,SHAPE,0,2,NA,0.9397923167902342,FALSE,FALSE,NA,NA,NA,REMIND-MAgPIE 3.2-4.6 | SHAPE | 2C
Full,R10INDIA+,2C,headcount_pct,Deprived share,population-year-weighted mean % below the DLE threshold,TRUE,REMIND,REMIND-MAgPIE 3.2.0-4.8.0,RESCUE,0,5,NA,0.9456911459046172,FALSE,FALSE,NA,NA,NA,REMIND-MAgPIE 3.2.0-4.8.0 | RESCUE | 2C
Full,R10INDIA+,2C,headcount_pct,Deprived share,population-year-weighted mean % below the DLE threshold,TRUE,REMIND,REMIND-MAgPIE 3.3-4.8,NGFS Phase 5,0,5,NA,0.800042497097626,FALSE,FALSE,NA,NA,NA,REMIND-MAgPIE 3.3-4.8 | NGFS Phase 5 | 2C
Full,R10INDIA+,2C,headcount_pct,Deprived share,population-year-weighted mean % below the DLE threshold,TRUE,REMIND,REMIND-Transport 2.1,Transport,0,8,NA,1.3825448208577498,FALSE,FALSE,NA,NA,NA,REMIND-Transport 2.1 | Transport | 2C
Full,R10INDIA+,2C,headcount_pct,Deprived share,population-year-weighted mean % below the DLE threshold,TRUE,WITCH,WITCH 5.0,COMMIT,2,1,7.820149333593322,4.4621107597551015,TRUE,FALSE,3.35803857383822,42.94084972793246,High-RE,WITCH 5.0 | COMMIT | 2C
Full,R10INDIA+,2C,headcount_pct,Deprived share,population-year-weighted mean % below the DLE threshold,TRUE,WITCH,WITCH 5.0,ENGAGE,0,11,NA,4.0743463859111575,FALSE,FALSE,NA,NA,NA,WITCH 5.0 | ENGAGE | 2C
Full,R10INDIA+,2C,headcount_pct,Deprived share,population-year-weighted mean % below the DLE threshold,TRUE,WITCH,WITCH 5.0,NAVIGATE,0,4,NA,4.039543566561228,FALSE,FALSE,NA,NA,NA,WITCH 5.0 | NAVIGATE | 2C
Full,R10INDIA+,2C,mortality_million_deaths,PM2.5 mortality,million cumulative PM2.5-attributable deaths,TRUE,AIM,AIM/CGE V2.2,ENGAGE,20,4,93.76981,90.6928675,TRUE,TRUE,3.0769425000000012,3.2813786228211415,High-RE,AIM/CGE V2.2 | ENGAGE | 2C
Full,R10INDIA+,2C,mortality_million_deaths,PM2.5 mortality,million cumulative PM2.5-attributable deaths,TRUE,GCAM,GCAM 6.0 NGFS,NGFS Phase 5,0,4,NA,120.0061325,FALSE,FALSE,NA,NA,NA,GCAM 6.0 NGFS | NGFS Phase 5 | 2C
Full,R10INDIA+,2C,mortality_million_deaths,PM2.5 mortality,million cumulative PM2.5-attributable deaths,TRUE,GCAM,GCAM 7.0,IAM,3,0,156.848675,NA,FALSE,FALSE,NA,NA,NA,GCAM 7.0 | IAM | 2C
Full,R10INDIA+,2C,mortality_million_deaths,PM2.5 mortality,million cumulative PM2.5-attributable deaths,TRUE,IMAGE,IMAGE 3.0,ENGAGE,20,0,153.7246075,NA,FALSE,FALSE,NA,NA,NA,IMAGE 3.0 | ENGAGE | 2C
Full,R10INDIA+,2C,mortality_million_deaths,PM2.5 mortality,million cumulative PM2.5-attributable deaths,TRUE,IMAGE,IMAGE 3.2,SSP2021,8,2,145.1396375,143.6417475,TRUE,FALSE,1.497889999999984,1.0320337199408975,High-RE,IMAGE 3.2 | SSP2021 | 2C
Full,R10INDIA+,2C,mortality_million_deaths,PM2.5 mortality,million cumulative PM2.5-attributable deaths,TRUE,IMAGE,IMAGE 3.3,NAVIGATE,8,0,130.4756875,NA,FALSE,FALSE,NA,NA,NA,IMAGE 3.3 | NAVIGATE | 2C
Full,R10INDIA+,2C,mortality_million_deaths,PM2.5 mortality,million cumulative PM2.5-attributable deaths,TRUE,MESSAGEix,MESSAGEix-GLOBIOM 1.1,ENGAGE,60,17,128.032925,118.78444,TRUE,TRUE,9.248485000000002,7.2235208248190865,High-RE,MESSAGEix-GLOBIOM 1.1 | ENGAGE | 2C
Full,R10INDIA+,2C,mortality_million_deaths,PM2.5 mortality,million cumulative PM2.5-attributable deaths,TRUE,MESSAGEix,MESSAGEix-GLOBIOM 1.1,NGFS Phase 2,1,1,119.426605,119.57725,TRUE,FALSE,-0.15064500000001146,-0.12614023483294318,High-CDR,MESSAGEix-GLOBIOM 1.1 | NGFS Phase 2 | 2C
Full,R10INDIA+,2C,mortality_million_deaths,PM2.5 mortality,million cumulative PM2.5-attributable deaths,TRUE,MESSAGEix,MESSAGEix-GLOBIOM 1.2,COVID,5,0,114.295735,NA,FALSE,FALSE,NA,NA,NA,MESSAGEix-GLOBIOM 1.2 | COVID | 2C
Full,R10INDIA+,2C,mortality_million_deaths,PM2.5 mortality,million cumulative PM2.5-attributable deaths,TRUE,MESSAGEix,MESSAGEix-GLOBIOM 2.0-M-R12-NGFS,NGFS Phase 5,0,2,NA,98.27547,FALSE,FALSE,NA,NA,NA,MESSAGEix-GLOBIOM 2.0-M-R12-NGFS | NGFS Phase 5 | 2C
Full,R10INDIA+,2C,mortality_million_deaths,PM2.5 mortality,million cumulative PM2.5-attributable deaths,TRUE,MESSAGEix,MESSAGEix-GLOBIOM GEI 1.0,GEI,6,1,129.94777,113.53113,TRUE,FALSE,16.416639999999987,12.63326027064565,High-RE,MESSAGEix-GLOBIOM GEI 1.0 | GEI | 2C
Full,R10INDIA+,2C,mortality_million_deaths,PM2.5 mortality,million cumulative PM2.5-attributable deaths,TRUE,POLES,POLES-JRC ENGAGE,ENGAGE,56,0,107.02250749999999,NA,FALSE,FALSE,NA,NA,NA,POLES-JRC ENGAGE | ENGAGE | 2C
Full,R10INDIA+,2C,mortality_million_deaths,PM2.5 mortality,million cumulative PM2.5-attributable deaths,TRUE,REMIND,REMIND 2.1,CEMICS,0,1,NA,175.997325,FALSE,FALSE,NA,NA,NA,REMIND 2.1 | CEMICS | 2C
Full,R10INDIA+,2C,mortality_million_deaths,PM2.5 mortality,million cumulative PM2.5-attributable deaths,TRUE,REMIND,REMIND 2.1,LeastTotalCost,0,11,NA,110.963,FALSE,FALSE,NA,NA,NA,REMIND 2.1 | LeastTotalCost | 2C
Full,R10INDIA+,2C,mortality_million_deaths,PM2.5 mortality,million cumulative PM2.5-attributable deaths,TRUE,REMIND,REMIND 2.1,R2p1,0,8,NA,121.1835625,FALSE,FALSE,NA,NA,NA,REMIND 2.1 | R2p1 | 2C
Full,R10INDIA+,2C,mortality_million_deaths,PM2.5 mortality,million cumulative PM2.5-attributable deaths,TRUE,REMIND,REMIND 2.1,TechCost,0,9,NA,108.96173,FALSE,FALSE,NA,NA,NA,REMIND 2.1 | TechCost | 2C
Full,R10INDIA+,2C,mortality_million_deaths,PM2.5 mortality,million cumulative PM2.5-attributable deaths,TRUE,REMIND,REMIND 3.0,NAVIGATE,0,3,NA,98.76642,FALSE,FALSE,NA,NA,NA,REMIND 3.0 | NAVIGATE | 2C
Full,R10INDIA+,2C,mortality_million_deaths,PM2.5 mortality,million cumulative PM2.5-attributable deaths,TRUE,REMIND,REMIND-MAgPIE 1.7-3.0,CD,0,5,NA,145.26296,FALSE,FALSE,NA,NA,NA,REMIND-MAgPIE 1.7-3.0 | CD | 2C
Full,R10INDIA+,2C,mortality_million_deaths,PM2.5 mortality,million cumulative PM2.5-attributable deaths,TRUE,REMIND,REMIND-MAgPIE 1.7-3.0,COMMIT,0,4,NA,144.9015025,FALSE,FALSE,NA,NA,NA,REMIND-MAgPIE 1.7-3.0 | COMMIT | 2C
Full,R10INDIA+,2C,mortality_million_deaths,PM2.5 mortality,million cumulative PM2.5-attributable deaths,TRUE,REMIND,REMIND-MAgPIE 1.7-3.0,PEP,0,5,NA,142.306485,FALSE,FALSE,NA,NA,NA,REMIND-MAgPIE 1.7-3.0 | PEP | 2C
Full,R10INDIA+,2C,mortality_million_deaths,PM2.5 mortality,million cumulative PM2.5-attributable deaths,TRUE,REMIND,REMIND-MAgPIE 2.1-4.2,CEMICS,0,1,NA,176.06329,FALSE,FALSE,NA,NA,NA,REMIND-MAgPIE 2.1-4.2 | CEMICS | 2C
Full,R10INDIA+,2C,mortality_million_deaths,PM2.5 mortality,million cumulative PM2.5-attributable deaths,TRUE,REMIND,REMIND-MAgPIE 2.1-4.2,ENGAGE,0,59,NA,116.64572,FALSE,FALSE,NA,NA,NA,REMIND-MAgPIE 2.1-4.2 | ENGAGE | 2C
Full,R10INDIA+,2C,mortality_million_deaths,PM2.5 mortality,million cumulative PM2.5-attributable deaths,TRUE,REMIND,REMIND-MAgPIE 2.1-4.2,NGFS Phase 2,0,2,NA,116.3473775,FALSE,FALSE,NA,NA,NA,REMIND-MAgPIE 2.1-4.2 | NGFS Phase 2 | 2C
Full,R10INDIA+,2C,mortality_million_deaths,PM2.5 mortality,million cumulative PM2.5-attributable deaths,TRUE,REMIND,REMIND-MAgPIE 2.1-4.2,SusDev,0,3,NA,129.041905,FALSE,FALSE,NA,NA,NA,REMIND-MAgPIE 2.1-4.2 | SusDev | 2C
Full,R10INDIA+,2C,mortality_million_deaths,PM2.5 mortality,million cumulative PM2.5-attributable deaths,TRUE,REMIND,REMIND-MAgPIE 2.1-4.3,DeepElectrification,0,3,NA,100.87819,FALSE,FALSE,NA,NA,NA,REMIND-MAgPIE 2.1-4.3 | DeepElectrification | 2C
Full,R10INDIA+,2C,mortality_million_deaths,PM2.5 mortality,million cumulative PM2.5-attributable deaths,TRUE,REMIND,REMIND-MAgPIE 3.2-4.6,SHAPE,0,2,NA,102.02655,FALSE,FALSE,NA,NA,NA,REMIND-MAgPIE 3.2-4.6 | SHAPE | 2C
Full,R10INDIA+,2C,mortality_million_deaths,PM2.5 mortality,million cumulative PM2.5-attributable deaths,TRUE,REMIND,REMIND-MAgPIE 3.2.0-4.8.0,RESCUE,0,5,NA,95.97699,FALSE,FALSE,NA,NA,NA,REMIND-MAgPIE 3.2.0-4.8.0 | RESCUE | 2C
Full,R10INDIA+,2C,mortality_million_deaths,PM2.5 mortality,million cumulative PM2.5-attributable deaths,TRUE,REMIND,REMIND-MAgPIE 3.3-4.8,NGFS Phase 5,0,5,NA,96.08855,FALSE,FALSE,NA,NA,NA,REMIND-MAgPIE 3.3-4.8 | NGFS Phase 5 | 2C
Full,R10INDIA+,2C,mortality_million_deaths,PM2.5 mortality,million cumulative PM2.5-attributable deaths,TRUE,REMIND,REMIND-Transport 2.1,Transport,0,8,NA,102.1675425,FALSE,FALSE,NA,NA,NA,REMIND-Transport 2.1 | Transport | 2C
Full,R10INDIA+,2C,mortality_million_deaths,PM2.5 mortality,million cumulative PM2.5-attributable deaths,TRUE,WITCH,WITCH 5.0,COMMIT,2,1,86.7580575,87.648465,TRUE,FALSE,-0.8904074999999949,-1.0263110143977057,High-CDR,WITCH 5.0 | COMMIT | 2C
Full,R10INDIA+,2C,mortality_million_deaths,PM2.5 mortality,million cumulative PM2.5-attributable deaths,TRUE,WITCH,WITCH 5.0,ENGAGE,0,2,NA,92.5104975,FALSE,FALSE,NA,NA,NA,WITCH 5.0 | ENGAGE | 2C
Full,R10INDIA+,2C,mortality_million_deaths,PM2.5 mortality,million cumulative PM2.5-attributable deaths,TRUE,WITCH,WITCH 5.0,NAVIGATE,0,4,NA,84.79965999999999,FALSE,FALSE,NA,NA,NA,WITCH 5.0 | NAVIGATE | 2C
Full,R10INDIA+,2C,total_energy_jobyears_per_1k,Employment,"total energy-sector job-years per 1,000 people",FALSE,AIM,AIM/CGE V2.2,ENGAGE,20,11,401.62500352197253,471.9265340815369,TRUE,TRUE,70.30153055956436,17.504271383272634,High-RE,AIM/CGE V2.2 | ENGAGE | 2C
Full,R10INDIA+,2C,total_energy_jobyears_per_1k,Employment,"total energy-sector job-years per 1,000 people",FALSE,COFFEE,COFFEE 1.1,ENGAGE,0,8,NA,118.03836934910692,FALSE,FALSE,NA,NA,NA,COFFEE 1.1 | ENGAGE | 2C
Full,R10INDIA+,2C,total_energy_jobyears_per_1k,Employment,"total energy-sector job-years per 1,000 people",FALSE,GCAM,GCAM 6.0 NGFS,NGFS Phase 5,0,4,NA,723.6407341104399,FALSE,FALSE,NA,NA,NA,GCAM 6.0 NGFS | NGFS Phase 5 | 2C
Full,R10INDIA+,2C,total_energy_jobyears_per_1k,Employment,"total energy-sector job-years per 1,000 people",FALSE,GCAM,GCAM 7.0,IAM,3,0,246.51482282389583,NA,FALSE,FALSE,NA,NA,NA,GCAM 7.0 | IAM | 2C
Full,R10INDIA+,2C,total_energy_jobyears_per_1k,Employment,"total energy-sector job-years per 1,000 people",FALSE,IMAGE,IMAGE 3.0,ENGAGE,20,0,307.1689131092386,NA,FALSE,FALSE,NA,NA,NA,IMAGE 3.0 | ENGAGE | 2C
Full,R10INDIA+,2C,total_energy_jobyears_per_1k,Employment,"total energy-sector job-years per 1,000 people",FALSE,IMAGE,IMAGE 3.2,ENGAGE,9,0,304.92397124327977,NA,FALSE,FALSE,NA,NA,NA,IMAGE 3.2 | ENGAGE | 2C
Full,R10INDIA+,2C,total_energy_jobyears_per_1k,Employment,"total energy-sector job-years per 1,000 people",FALSE,IMAGE,IMAGE 3.2,SSP2021,8,2,311.973646870111,420.04224727583147,TRUE,FALSE,108.06860040572047,34.64029782320505,High-RE,IMAGE 3.2 | SSP2021 | 2C
Full,R10INDIA+,2C,total_energy_jobyears_per_1k,Employment,"total energy-sector job-years per 1,000 people",FALSE,IMAGE,IMAGE 3.3,NAVIGATE,8,0,327.2487356899281,NA,FALSE,FALSE,NA,NA,NA,IMAGE 3.3 | NAVIGATE | 2C
Full,R10INDIA+,2C,total_energy_jobyears_per_1k,Employment,"total energy-sector job-years per 1,000 people",FALSE,MESSAGEix,MESSAGEix-GLOBIOM 1.1,ENGAGE,62,20,336.472529432191,370.56980215353076,TRUE,TRUE,34.09727272133978,10.133746365232284,High-RE,MESSAGEix-GLOBIOM 1.1 | ENGAGE | 2C
Full,R10INDIA+,2C,total_energy_jobyears_per_1k,Employment,"total energy-sector job-years per 1,000 people",FALSE,MESSAGEix,MESSAGEix-GLOBIOM 1.1,NGFS Phase 2,1,1,349.582090611036,308.50583395110635,TRUE,FALSE,-41.07625665992964,-11.750103269916453,High-CDR,MESSAGEix-GLOBIOM 1.1 | NGFS Phase 2 | 2C
Full,R10INDIA+,2C,total_energy_jobyears_per_1k,Employment,"total energy-sector job-years per 1,000 people",FALSE,MESSAGEix,MESSAGEix-GLOBIOM 1.2,COVID,5,0,4.9010322218522955,NA,FALSE,FALSE,NA,NA,NA,MESSAGEix-GLOBIOM 1.2 | COVID | 2C
Full,R10INDIA+,2C,total_energy_jobyears_per_1k,Employment,"total energy-sector job-years per 1,000 people",FALSE,MESSAGEix,MESSAGEix-GLOBIOM 2.0-M-R12-NGFS,NGFS Phase 5,0,2,NA,577.6783484641003,FALSE,FALSE,NA,NA,NA,MESSAGEix-GLOBIOM 2.0-M-R12-NGFS | NGFS Phase 5 | 2C
Full,R10INDIA+,2C,total_energy_jobyears_per_1k,Employment,"total energy-sector job-years per 1,000 people",FALSE,MESSAGEix,MESSAGEix-GLOBIOM GEI 1.0,GEI,6,1,453.61211866016106,663.983950872383,TRUE,FALSE,210.371832212222,46.37703085041015,High-RE,MESSAGEix-GLOBIOM GEI 1.0 | GEI | 2C
Full,R10INDIA+,2C,total_energy_jobyears_per_1k,Employment,"total energy-sector job-years per 1,000 people",FALSE,POLES,POLES-JRC ENGAGE,ENGAGE,56,8,514.2615458970422,622.5986228861473,TRUE,TRUE,108.33707698910507,21.06653275039832,High-RE,POLES-JRC ENGAGE | ENGAGE | 2C
Full,R10INDIA+,2C,total_energy_jobyears_per_1k,Employment,"total energy-sector job-years per 1,000 people",FALSE,REMIND,REMIND 2.1,CEMICS,0,5,NA,964.2134946934361,FALSE,FALSE,NA,NA,NA,REMIND 2.1 | CEMICS | 2C
Full,R10INDIA+,2C,total_energy_jobyears_per_1k,Employment,"total energy-sector job-years per 1,000 people",FALSE,REMIND,REMIND 2.1,LeastTotalCost,0,11,NA,842.5053172706251,FALSE,FALSE,NA,NA,NA,REMIND 2.1 | LeastTotalCost | 2C
Full,R10INDIA+,2C,total_energy_jobyears_per_1k,Employment,"total energy-sector job-years per 1,000 people",FALSE,REMIND,REMIND 2.1,R2p1,0,8,NA,848.7383961683815,FALSE,FALSE,NA,NA,NA,REMIND 2.1 | R2p1 | 2C
Full,R10INDIA+,2C,total_energy_jobyears_per_1k,Employment,"total energy-sector job-years per 1,000 people",FALSE,REMIND,REMIND 2.1,TechCost,0,9,NA,1044.0019364534494,FALSE,FALSE,NA,NA,NA,REMIND 2.1 | TechCost | 2C
Full,R10INDIA+,2C,total_energy_jobyears_per_1k,Employment,"total energy-sector job-years per 1,000 people",FALSE,REMIND,REMIND 3.0,ENGAGE,0,14,NA,568.0006304718158,FALSE,FALSE,NA,NA,NA,REMIND 3.0 | ENGAGE | 2C
Full,R10INDIA+,2C,total_energy_jobyears_per_1k,Employment,"total energy-sector job-years per 1,000 people",FALSE,REMIND,REMIND 3.0,NAVIGATE,0,7,NA,484.48080355316614,FALSE,FALSE,NA,NA,NA,REMIND 3.0 | NAVIGATE | 2C
Full,R10INDIA+,2C,total_energy_jobyears_per_1k,Employment,"total energy-sector job-years per 1,000 people",FALSE,REMIND,REMIND-MAgPIE 1.7-3.0,CD,0,5,NA,885.9853393583917,FALSE,FALSE,NA,NA,NA,REMIND-MAgPIE 1.7-3.0 | CD | 2C
Full,R10INDIA+,2C,total_energy_jobyears_per_1k,Employment,"total energy-sector job-years per 1,000 people",FALSE,REMIND,REMIND-MAgPIE 1.7-3.0,COMMIT,0,4,NA,855.913502533908,FALSE,FALSE,NA,NA,NA,REMIND-MAgPIE 1.7-3.0 | COMMIT | 2C
Full,R10INDIA+,2C,total_energy_jobyears_per_1k,Employment,"total energy-sector job-years per 1,000 people",FALSE,REMIND,REMIND-MAgPIE 1.7-3.0,PEP,0,5,NA,853.155532735157,FALSE,FALSE,NA,NA,NA,REMIND-MAgPIE 1.7-3.0 | PEP | 2C
Full,R10INDIA+,2C,total_energy_jobyears_per_1k,Employment,"total energy-sector job-years per 1,000 people",FALSE,REMIND,REMIND-MAgPIE 2.0-4.1,Diff,0,4,NA,970.5539344759022,FALSE,FALSE,NA,NA,NA,REMIND-MAgPIE 2.0-4.1 | Diff | 2C
Full,R10INDIA+,2C,total_energy_jobyears_per_1k,Employment,"total energy-sector job-years per 1,000 people",FALSE,REMIND,REMIND-MAgPIE 2.1-4.2,CEMICS,0,3,NA,997.2213917039287,FALSE,FALSE,NA,NA,NA,REMIND-MAgPIE 2.1-4.2 | CEMICS | 2C
Full,R10INDIA+,2C,total_energy_jobyears_per_1k,Employment,"total energy-sector job-years per 1,000 people",FALSE,REMIND,REMIND-MAgPIE 2.1-4.2,ENGAGE,0,59,NA,962.2492182970581,FALSE,FALSE,NA,NA,NA,REMIND-MAgPIE 2.1-4.2 | ENGAGE | 2C
Full,R10INDIA+,2C,total_energy_jobyears_per_1k,Employment,"total energy-sector job-years per 1,000 people",FALSE,REMIND,REMIND-MAgPIE 2.1-4.2,NGFS Phase 2,0,5,NA,575.5472643855292,FALSE,FALSE,NA,NA,NA,REMIND-MAgPIE 2.1-4.2 | NGFS Phase 2 | 2C
Full,R10INDIA+,2C,total_energy_jobyears_per_1k,Employment,"total energy-sector job-years per 1,000 people",FALSE,REMIND,REMIND-MAgPIE 2.1-4.2,SusDev,0,3,NA,785.7922433870672,FALSE,FALSE,NA,NA,NA,REMIND-MAgPIE 2.1-4.2 | SusDev | 2C
Full,R10INDIA+,2C,total_energy_jobyears_per_1k,Employment,"total energy-sector job-years per 1,000 people",FALSE,REMIND,REMIND-MAgPIE 2.1-4.3,DeepElectrification,0,3,NA,1073.559548692092,FALSE,FALSE,NA,NA,NA,REMIND-MAgPIE 2.1-4.3 | DeepElectrification | 2C
Full,R10INDIA+,2C,total_energy_jobyears_per_1k,Employment,"total energy-sector job-years per 1,000 people",FALSE,REMIND,REMIND-MAgPIE 3.2-4.6,SHAPE,0,2,NA,615.9761997128907,FALSE,FALSE,NA,NA,NA,REMIND-MAgPIE 3.2-4.6 | SHAPE | 2C
Full,R10INDIA+,2C,total_energy_jobyears_per_1k,Employment,"total energy-sector job-years per 1,000 people",FALSE,REMIND,REMIND-MAgPIE 3.2.0-4.8.0,RESCUE,0,5,NA,743.9064969135306,FALSE,FALSE,NA,NA,NA,REMIND-MAgPIE 3.2.0-4.8.0 | RESCUE | 2C
Full,R10INDIA+,2C,total_energy_jobyears_per_1k,Employment,"total energy-sector job-years per 1,000 people",FALSE,REMIND,REMIND-MAgPIE 3.3-4.8,NGFS Phase 5,0,5,NA,584.6666598239105,FALSE,FALSE,NA,NA,NA,REMIND-MAgPIE 3.3-4.8 | NGFS Phase 5 | 2C
Full,R10INDIA+,2C,total_energy_jobyears_per_1k,Employment,"total energy-sector job-years per 1,000 people",FALSE,REMIND,REMIND-Transport 2.1,Transport,0,8,NA,1088.6517762278668,FALSE,FALSE,NA,NA,NA,REMIND-Transport 2.1 | Transport | 2C
Full,R10INDIA+,2C,total_energy_jobyears_per_1k,Employment,"total energy-sector job-years per 1,000 people",FALSE,TIAM,TIAM-ECN 1.1,ENGAGE,12,0,95.93154987518511,NA,FALSE,FALSE,NA,NA,NA,TIAM-ECN 1.1 | ENGAGE | 2C
Full,R10INDIA+,2C,total_energy_jobyears_per_1k,Employment,"total energy-sector job-years per 1,000 people",FALSE,WITCH,WITCH 5.0,COMMIT,2,1,235.192320317359,498.8451527166174,TRUE,FALSE,263.6528323992584,112.10095297478078,High-RE,WITCH 5.0 | COMMIT | 2C
Full,R10INDIA+,2C,total_energy_jobyears_per_1k,Employment,"total energy-sector job-years per 1,000 people",FALSE,WITCH,WITCH 5.0,ENGAGE,0,11,NA,303.02961086641955,FALSE,FALSE,NA,NA,NA,WITCH 5.0 | ENGAGE | 2C
Full,R10INDIA+,2C,total_energy_jobyears_per_1k,Employment,"total energy-sector job-years per 1,000 people",FALSE,WITCH,WITCH 5.0,NAVIGATE,0,4,NA,583.8539156703363,FALSE,FALSE,NA,NA,NA,WITCH 5.0 | NAVIGATE | 2C
Full,R10LATIN_AM,1.5C,gap_GJ_pc,DLE gap,GJ per capita of cumulative DLE gap,TRUE,AIM,AIM/CGE V2.2,ENGAGE,1,3,89.71514220185881,96.50976756221628,TRUE,FALSE,-6.794625360357472,-7.573554690544418,High-CDR,AIM/CGE V2.2 | ENGAGE | 1.5C
Full,R10LATIN_AM,1.5C,gap_GJ_pc,DLE gap,GJ per capita of cumulative DLE gap,TRUE,GCAM,GCAM 5.3,Deep,7,0,65.5638161036745,NA,FALSE,FALSE,NA,NA,NA,GCAM 5.3 | Deep | 1.5C
Full,R10LATIN_AM,1.5C,gap_GJ_pc,DLE gap,GJ per capita of cumulative DLE gap,TRUE,GCAM,GCAM 6.0 NGFS,NGFS Phase 5,0,1,NA,68.23951169582031,FALSE,FALSE,NA,NA,NA,GCAM 6.0 NGFS | NGFS Phase 5 | 1.5C
Full,R10LATIN_AM,1.5C,gap_GJ_pc,DLE gap,GJ per capita of cumulative DLE gap,TRUE,IMAGE,IMAGE 3.2,SSP2021,12,0,95.78441801683445,NA,FALSE,FALSE,NA,NA,NA,IMAGE 3.2 | SSP2021 | 1.5C
Full,R10LATIN_AM,1.5C,gap_GJ_pc,DLE gap,GJ per capita of cumulative DLE gap,TRUE,IMAGE,IMAGE 3.3,GEO7,2,0,145.18092839965774,NA,FALSE,FALSE,NA,NA,NA,IMAGE 3.3 | GEO7 | 1.5C
Full,R10LATIN_AM,1.5C,gap_GJ_pc,DLE gap,GJ per capita of cumulative DLE gap,TRUE,IMAGE,IMAGE 3.3,SHAPE,9,0,89.31534436767431,NA,FALSE,FALSE,NA,NA,NA,IMAGE 3.3 | SHAPE | 1.5C
Full,R10LATIN_AM,1.5C,gap_GJ_pc,DLE gap,GJ per capita of cumulative DLE gap,TRUE,MESSAGEix,MESSAGEix-GLOBIOM 1.1,ENGAGE,13,0,66.51637883626718,NA,FALSE,FALSE,NA,NA,NA,MESSAGEix-GLOBIOM 1.1 | ENGAGE | 1.5C
Full,R10LATIN_AM,1.5C,gap_GJ_pc,DLE gap,GJ per capita of cumulative DLE gap,TRUE,MESSAGEix,MESSAGEix-GLOBIOM 1.1,NGFS Phase 2,1,0,81.92487483017756,NA,FALSE,FALSE,NA,NA,NA,MESSAGEix-GLOBIOM 1.1 | NGFS Phase 2 | 1.5C
Full,R10LATIN_AM,1.5C,gap_GJ_pc,DLE gap,GJ per capita of cumulative DLE gap,TRUE,MESSAGEix,MESSAGEix-GLOBIOM 1.2,COVID,5,0,70.12276928091306,NA,FALSE,FALSE,NA,NA,NA,MESSAGEix-GLOBIOM 1.2 | COVID | 1.5C
Full,R10LATIN_AM,1.5C,gap_GJ_pc,DLE gap,GJ per capita of cumulative DLE gap,TRUE,MESSAGEix,MESSAGEix-GLOBIOM GEI 1.0,GEI,6,3,43.926366162208325,45.8828864020218,TRUE,TRUE,-1.9565202398134787,-4.454090813222684,High-CDR,MESSAGEix-GLOBIOM GEI 1.0 | GEI | 1.5C
Full,R10LATIN_AM,1.5C,gap_GJ_pc,DLE gap,GJ per capita of cumulative DLE gap,TRUE,POLES,POLES-JRC ENGAGE,ENGAGE,4,1,101.47159198596921,108.51078009803156,TRUE,FALSE,-7.039188112062348,-6.937102270984058,High-CDR,POLES-JRC ENGAGE | ENGAGE | 1.5C
Full,R10LATIN_AM,1.5C,gap_GJ_pc,DLE gap,GJ per capita of cumulative DLE gap,TRUE,REMIND,REMIND 2.1,CEMICS,0,4,NA,51.05100923137711,FALSE,FALSE,NA,NA,NA,REMIND 2.1 | CEMICS | 1.5C
Full,R10LATIN_AM,1.5C,gap_GJ_pc,DLE gap,GJ per capita of cumulative DLE gap,TRUE,REMIND,REMIND 2.1,R2p1,0,2,NA,45.02061987264794,FALSE,FALSE,NA,NA,NA,REMIND 2.1 | R2p1 | 1.5C
Full,R10LATIN_AM,1.5C,gap_GJ_pc,DLE gap,GJ per capita of cumulative DLE gap,TRUE,REMIND,REMIND 3.0,ENGAGE,0,2,NA,74.88079836222926,FALSE,FALSE,NA,NA,NA,REMIND 3.0 | ENGAGE | 1.5C
Full,R10LATIN_AM,1.5C,gap_GJ_pc,DLE gap,GJ per capita of cumulative DLE gap,TRUE,REMIND,REMIND 3.0,NAVIGATE,1,0,81.86618632498973,NA,FALSE,FALSE,NA,NA,NA,REMIND 3.0 | NAVIGATE | 1.5C
Full,R10LATIN_AM,1.5C,gap_GJ_pc,DLE gap,GJ per capita of cumulative DLE gap,TRUE,REMIND,REMIND-Buildings 2.0,BEG,0,2,NA,51.62270188427288,FALSE,FALSE,NA,NA,NA,REMIND-Buildings 2.0 | BEG | 1.5C
Full,R10LATIN_AM,1.5C,gap_GJ_pc,DLE gap,GJ per capita of cumulative DLE gap,TRUE,REMIND,REMIND-MAgPIE 1.7-3.0,CD,0,4,NA,39.0235577849012,FALSE,FALSE,NA,NA,NA,REMIND-MAgPIE 1.7-3.0 | CD | 1.5C
Full,R10LATIN_AM,1.5C,gap_GJ_pc,DLE gap,GJ per capita of cumulative DLE gap,TRUE,REMIND,REMIND-MAgPIE 1.7-3.0,COMMIT,0,3,NA,38.39117368202128,FALSE,FALSE,NA,NA,NA,REMIND-MAgPIE 1.7-3.0 | COMMIT | 1.5C
Full,R10LATIN_AM,1.5C,gap_GJ_pc,DLE gap,GJ per capita of cumulative DLE gap,TRUE,REMIND,REMIND-MAgPIE 1.7-3.0,PEP,0,13,NA,41.69680531007722,FALSE,FALSE,NA,NA,NA,REMIND-MAgPIE 1.7-3.0 | PEP | 1.5C
Full,R10LATIN_AM,1.5C,gap_GJ_pc,DLE gap,GJ per capita of cumulative DLE gap,TRUE,REMIND,REMIND-MAgPIE 2.1-4.2,CEMICS,0,3,NA,57.3420061198117,FALSE,FALSE,NA,NA,NA,REMIND-MAgPIE 2.1-4.2 | CEMICS | 1.5C
Full,R10LATIN_AM,1.5C,gap_GJ_pc,DLE gap,GJ per capita of cumulative DLE gap,TRUE,REMIND,REMIND-MAgPIE 2.1-4.2,ENGAGE,0,19,NA,49.5851907269412,FALSE,FALSE,NA,NA,NA,REMIND-MAgPIE 2.1-4.2 | ENGAGE | 1.5C
Full,R10LATIN_AM,1.5C,gap_GJ_pc,DLE gap,GJ per capita of cumulative DLE gap,TRUE,REMIND,REMIND-MAgPIE 2.1-4.2,SusDev,0,2,NA,55.2735639701294,FALSE,FALSE,NA,NA,NA,REMIND-MAgPIE 2.1-4.2 | SusDev | 1.5C
Full,R10LATIN_AM,1.5C,gap_GJ_pc,DLE gap,GJ per capita of cumulative DLE gap,TRUE,REMIND,REMIND-MAgPIE 2.1-4.3,DeepElectrification,0,1,NA,82.92370552446022,FALSE,FALSE,NA,NA,NA,REMIND-MAgPIE 2.1-4.3 | DeepElectrification | 1.5C
Full,R10LATIN_AM,1.5C,gap_GJ_pc,DLE gap,GJ per capita of cumulative DLE gap,TRUE,REMIND,REMIND-MAgPIE 3.2.0-4.8.0,RESCUE,0,3,NA,54.407257577894704,FALSE,FALSE,NA,NA,NA,REMIND-MAgPIE 3.2.0-4.8.0 | RESCUE | 1.5C
Full,R10LATIN_AM,1.5C,gap_GJ_pc,DLE gap,GJ per capita of cumulative DLE gap,TRUE,REMIND,REMIND-MAgPIE 3.3-4.8,NGFS Phase 5,0,1,NA,64.75571583033445,FALSE,FALSE,NA,NA,NA,REMIND-MAgPIE 3.3-4.8 | NGFS Phase 5 | 1.5C
Full,R10LATIN_AM,1.5C,gap_GJ_pc,DLE gap,GJ per capita of cumulative DLE gap,TRUE,WITCH,WITCH 5.0,ENGAGE,6,0,104.27580392753762,NA,FALSE,FALSE,NA,NA,NA,WITCH 5.0 | ENGAGE | 1.5C
Full,R10LATIN_AM,1.5C,headcount_pct,Deprived share,population-year-weighted mean % below the DLE threshold,TRUE,AIM,AIM/CGE V2.2,ENGAGE,1,3,18.105221343634135,19.333669547663273,TRUE,FALSE,-1.2284482040291387,-6.785049355174361,High-CDR,AIM/CGE V2.2 | ENGAGE | 1.5C
Full,R10LATIN_AM,1.5C,headcount_pct,Deprived share,population-year-weighted mean % below the DLE threshold,TRUE,GCAM,GCAM 5.3,Deep,7,0,13.309604005810622,NA,FALSE,FALSE,NA,NA,NA,GCAM 5.3 | Deep | 1.5C
Full,R10LATIN_AM,1.5C,headcount_pct,Deprived share,population-year-weighted mean % below the DLE threshold,TRUE,GCAM,GCAM 6.0 NGFS,NGFS Phase 5,0,1,NA,13.746483160791906,FALSE,FALSE,NA,NA,NA,GCAM 6.0 NGFS | NGFS Phase 5 | 1.5C
Full,R10LATIN_AM,1.5C,headcount_pct,Deprived share,population-year-weighted mean % below the DLE threshold,TRUE,IMAGE,IMAGE 3.2,SSP2021,12,0,19.984132719493672,NA,FALSE,FALSE,NA,NA,NA,IMAGE 3.2 | SSP2021 | 1.5C
Full,R10LATIN_AM,1.5C,headcount_pct,Deprived share,population-year-weighted mean % below the DLE threshold,TRUE,IMAGE,IMAGE 3.3,GEO7,2,0,28.901501481550017,NA,FALSE,FALSE,NA,NA,NA,IMAGE 3.3 | GEO7 | 1.5C
Full,R10LATIN_AM,1.5C,headcount_pct,Deprived share,population-year-weighted mean % below the DLE threshold,TRUE,IMAGE,IMAGE 3.3,SHAPE,9,0,18.724099610804743,NA,FALSE,FALSE,NA,NA,NA,IMAGE 3.3 | SHAPE | 1.5C
Full,R10LATIN_AM,1.5C,headcount_pct,Deprived share,population-year-weighted mean % below the DLE threshold,TRUE,MESSAGEix,MESSAGEix-GLOBIOM 1.1,ENGAGE,13,0,13.349906330287135,NA,FALSE,FALSE,NA,NA,NA,MESSAGEix-GLOBIOM 1.1 | ENGAGE | 1.5C
Full,R10LATIN_AM,1.5C,headcount_pct,Deprived share,population-year-weighted mean % below the DLE threshold,TRUE,MESSAGEix,MESSAGEix-GLOBIOM 1.1,NGFS Phase 2,1,0,15.925770011042731,NA,FALSE,FALSE,NA,NA,NA,MESSAGEix-GLOBIOM 1.1 | NGFS Phase 2 | 1.5C
Full,R10LATIN_AM,1.5C,headcount_pct,Deprived share,population-year-weighted mean % below the DLE threshold,TRUE,MESSAGEix,MESSAGEix-GLOBIOM 1.2,COVID,5,0,13.809067551396934,NA,FALSE,FALSE,NA,NA,NA,MESSAGEix-GLOBIOM 1.2 | COVID | 1.5C
Full,R10LATIN_AM,1.5C,headcount_pct,Deprived share,population-year-weighted mean % below the DLE threshold,TRUE,MESSAGEix,MESSAGEix-GLOBIOM GEI 1.0,GEI,6,3,9.038554230452647,9.486938109648856,TRUE,TRUE,-0.4483838791962089,-4.960792044434678,High-CDR,MESSAGEix-GLOBIOM GEI 1.0 | GEI | 1.5C
Full,R10LATIN_AM,1.5C,headcount_pct,Deprived share,population-year-weighted mean % below the DLE threshold,TRUE,POLES,POLES-JRC ENGAGE,ENGAGE,4,1,20.902951828464438,20.152731412316275,TRUE,FALSE,0.7502204161481636,3.58906446469707,High-RE,POLES-JRC ENGAGE | ENGAGE | 1.5C
Full,R10LATIN_AM,1.5C,headcount_pct,Deprived share,population-year-weighted mean % below the DLE threshold,TRUE,REMIND,REMIND 2.1,CEMICS,0,4,NA,10.005625526094136,FALSE,FALSE,NA,NA,NA,REMIND 2.1 | CEMICS | 1.5C
Full,R10LATIN_AM,1.5C,headcount_pct,Deprived share,population-year-weighted mean % below the DLE threshold,TRUE,REMIND,REMIND 2.1,R2p1,0,2,NA,9.154821413410378,FALSE,FALSE,NA,NA,NA,REMIND 2.1 | R2p1 | 1.5C
Full,R10LATIN_AM,1.5C,headcount_pct,Deprived share,population-year-weighted mean % below the DLE threshold,TRUE,REMIND,REMIND 3.0,ENGAGE,0,2,NA,14.675928937105107,FALSE,FALSE,NA,NA,NA,REMIND 3.0 | ENGAGE | 1.5C
Full,R10LATIN_AM,1.5C,headcount_pct,Deprived share,population-year-weighted mean % below the DLE threshold,TRUE,REMIND,REMIND 3.0,NAVIGATE,1,0,17.284804657263226,NA,FALSE,FALSE,NA,NA,NA,REMIND 3.0 | NAVIGATE | 1.5C
Full,R10LATIN_AM,1.5C,headcount_pct,Deprived share,population-year-weighted mean % below the DLE threshold,TRUE,REMIND,REMIND-Buildings 2.0,BEG,0,2,NA,10.032406893055823,FALSE,FALSE,NA,NA,NA,REMIND-Buildings 2.0 | BEG | 1.5C
Full,R10LATIN_AM,1.5C,headcount_pct,Deprived share,population-year-weighted mean % below the DLE threshold,TRUE,REMIND,REMIND-MAgPIE 1.7-3.0,CD,0,4,NA,7.878958810292335,FALSE,FALSE,NA,NA,NA,REMIND-MAgPIE 1.7-3.0 | CD | 1.5C
Full,R10LATIN_AM,1.5C,headcount_pct,Deprived share,population-year-weighted mean % below the DLE threshold,TRUE,REMIND,REMIND-MAgPIE 1.7-3.0,COMMIT,0,3,NA,7.715906443319033,FALSE,FALSE,NA,NA,NA,REMIND-MAgPIE 1.7-3.0 | COMMIT | 1.5C
Full,R10LATIN_AM,1.5C,headcount_pct,Deprived share,population-year-weighted mean % below the DLE threshold,TRUE,REMIND,REMIND-MAgPIE 1.7-3.0,PEP,0,13,NA,8.447560780723558,FALSE,FALSE,NA,NA,NA,REMIND-MAgPIE 1.7-3.0 | PEP | 1.5C
Full,R10LATIN_AM,1.5C,headcount_pct,Deprived share,population-year-weighted mean % below the DLE threshold,TRUE,REMIND,REMIND-MAgPIE 2.1-4.2,CEMICS,0,3,NA,11.369943242053658,FALSE,FALSE,NA,NA,NA,REMIND-MAgPIE 2.1-4.2 | CEMICS | 1.5C
Full,R10LATIN_AM,1.5C,headcount_pct,Deprived share,population-year-weighted mean % below the DLE threshold,TRUE,REMIND,REMIND-MAgPIE 2.1-4.2,ENGAGE,0,19,NA,9.67781756542745,FALSE,FALSE,NA,NA,NA,REMIND-MAgPIE 2.1-4.2 | ENGAGE | 1.5C
Full,R10LATIN_AM,1.5C,headcount_pct,Deprived share,population-year-weighted mean % below the DLE threshold,TRUE,REMIND,REMIND-MAgPIE 2.1-4.2,SusDev,0,2,NA,12.058263527677909,FALSE,FALSE,NA,NA,NA,REMIND-MAgPIE 2.1-4.2 | SusDev | 1.5C
Full,R10LATIN_AM,1.5C,headcount_pct,Deprived share,population-year-weighted mean % below the DLE threshold,TRUE,REMIND,REMIND-MAgPIE 2.1-4.3,DeepElectrification,0,1,NA,17.586513695545193,FALSE,FALSE,NA,NA,NA,REMIND-MAgPIE 2.1-4.3 | DeepElectrification | 1.5C
Full,R10LATIN_AM,1.5C,headcount_pct,Deprived share,population-year-weighted mean % below the DLE threshold,TRUE,REMIND,REMIND-MAgPIE 3.2.0-4.8.0,RESCUE,0,3,NA,11.162499227782051,FALSE,FALSE,NA,NA,NA,REMIND-MAgPIE 3.2.0-4.8.0 | RESCUE | 1.5C
Full,R10LATIN_AM,1.5C,headcount_pct,Deprived share,population-year-weighted mean % below the DLE threshold,TRUE,REMIND,REMIND-MAgPIE 3.3-4.8,NGFS Phase 5,0,1,NA,12.809716159367069,FALSE,FALSE,NA,NA,NA,REMIND-MAgPIE 3.3-4.8 | NGFS Phase 5 | 1.5C
Full,R10LATIN_AM,1.5C,headcount_pct,Deprived share,population-year-weighted mean % below the DLE threshold,TRUE,WITCH,WITCH 5.0,ENGAGE,6,0,20.361085699387495,NA,FALSE,FALSE,NA,NA,NA,WITCH 5.0 | ENGAGE | 1.5C
Full,R10LATIN_AM,1.5C,mortality_million_deaths,PM2.5 mortality,million cumulative PM2.5-attributable deaths,TRUE,AIM,AIM/CGE V2.2,ENGAGE,1,0,19.329555,NA,FALSE,FALSE,NA,NA,NA,AIM/CGE V2.2 | ENGAGE | 1.5C
Full,R10LATIN_AM,1.5C,mortality_million_deaths,PM2.5 mortality,million cumulative PM2.5-attributable deaths,TRUE,GCAM,GCAM 6.0 NGFS,NGFS Phase 5,0,1,NA,15.379195,FALSE,FALSE,NA,NA,NA,GCAM 6.0 NGFS | NGFS Phase 5 | 1.5C
Full,R10LATIN_AM,1.5C,mortality_million_deaths,PM2.5 mortality,million cumulative PM2.5-attributable deaths,TRUE,IMAGE,IMAGE 3.2,SSP2021,12,0,22.99268,NA,FALSE,FALSE,NA,NA,NA,IMAGE 3.2 | SSP2021 | 1.5C
Full,R10LATIN_AM,1.5C,mortality_million_deaths,PM2.5 mortality,million cumulative PM2.5-attributable deaths,TRUE,IMAGE,IMAGE 3.3,GEO7,2,0,22.3162175,NA,FALSE,FALSE,NA,NA,NA,IMAGE 3.3 | GEO7 | 1.5C
Full,R10LATIN_AM,1.5C,mortality_million_deaths,PM2.5 mortality,million cumulative PM2.5-attributable deaths,TRUE,IMAGE,IMAGE 3.3,SHAPE,9,0,22.193345,NA,FALSE,FALSE,NA,NA,NA,IMAGE 3.3 | SHAPE | 1.5C
Full,R10LATIN_AM,1.5C,mortality_million_deaths,PM2.5 mortality,million cumulative PM2.5-attributable deaths,TRUE,MESSAGEix,MESSAGEix-GLOBIOM 1.1,ENGAGE,11,0,13.32975,NA,FALSE,FALSE,NA,NA,NA,MESSAGEix-GLOBIOM 1.1 | ENGAGE | 1.5C
Full,R10LATIN_AM,1.5C,mortality_million_deaths,PM2.5 mortality,million cumulative PM2.5-attributable deaths,TRUE,MESSAGEix,MESSAGEix-GLOBIOM 1.1,NGFS Phase 2,1,0,13.326655,NA,FALSE,FALSE,NA,NA,NA,MESSAGEix-GLOBIOM 1.1 | NGFS Phase 2 | 1.5C
Full,R10LATIN_AM,1.5C,mortality_million_deaths,PM2.5 mortality,million cumulative PM2.5-attributable deaths,TRUE,MESSAGEix,MESSAGEix-GLOBIOM 1.2,COVID,5,0,13.326355,NA,FALSE,FALSE,NA,NA,NA,MESSAGEix-GLOBIOM 1.2 | COVID | 1.5C
Full,R10LATIN_AM,1.5C,mortality_million_deaths,PM2.5 mortality,million cumulative PM2.5-attributable deaths,TRUE,MESSAGEix,MESSAGEix-GLOBIOM GEI 1.0,GEI,6,3,14.1536,13.94317,TRUE,TRUE,0.21043000000000056,1.4867595523400445,High-RE,MESSAGEix-GLOBIOM GEI 1.0 | GEI | 1.5C
Full,R10LATIN_AM,1.5C,mortality_million_deaths,PM2.5 mortality,million cumulative PM2.5-attributable deaths,TRUE,POLES,POLES-JRC ENGAGE,ENGAGE,4,0,13.167055000000001,NA,FALSE,FALSE,NA,NA,NA,POLES-JRC ENGAGE | ENGAGE | 1.5C
Full,R10LATIN_AM,1.5C,mortality_million_deaths,PM2.5 mortality,million cumulative PM2.5-attributable deaths,TRUE,REMIND,REMIND 2.1,R2p1,0,2,NA,15.649429999999999,FALSE,FALSE,NA,NA,NA,REMIND 2.1 | R2p1 | 1.5C
Full,R10LATIN_AM,1.5C,mortality_million_deaths,PM2.5 mortality,million cumulative PM2.5-attributable deaths,TRUE,REMIND,REMIND-Buildings 2.0,BEG,0,2,NA,15.998525,FALSE,FALSE,NA,NA,NA,REMIND-Buildings 2.0 | BEG | 1.5C
Full,R10LATIN_AM,1.5C,mortality_million_deaths,PM2.5 mortality,million cumulative PM2.5-attributable deaths,TRUE,REMIND,REMIND-MAgPIE 1.7-3.0,CD,0,4,NA,15.190375,FALSE,FALSE,NA,NA,NA,REMIND-MAgPIE 1.7-3.0 | CD | 1.5C
Full,R10LATIN_AM,1.5C,mortality_million_deaths,PM2.5 mortality,million cumulative PM2.5-attributable deaths,TRUE,REMIND,REMIND-MAgPIE 1.7-3.0,COMMIT,0,3,NA,15.037365,FALSE,FALSE,NA,NA,NA,REMIND-MAgPIE 1.7-3.0 | COMMIT | 1.5C
Full,R10LATIN_AM,1.5C,mortality_million_deaths,PM2.5 mortality,million cumulative PM2.5-attributable deaths,TRUE,REMIND,REMIND-MAgPIE 1.7-3.0,PEP,0,13,NA,15.037365,FALSE,FALSE,NA,NA,NA,REMIND-MAgPIE 1.7-3.0 | PEP | 1.5C
Full,R10LATIN_AM,1.5C,mortality_million_deaths,PM2.5 mortality,million cumulative PM2.5-attributable deaths,TRUE,REMIND,REMIND-MAgPIE 2.1-4.2,ENGAGE,0,19,NA,15.665835,FALSE,FALSE,NA,NA,NA,REMIND-MAgPIE 2.1-4.2 | ENGAGE | 1.5C
Full,R10LATIN_AM,1.5C,mortality_million_deaths,PM2.5 mortality,million cumulative PM2.5-attributable deaths,TRUE,REMIND,REMIND-MAgPIE 2.1-4.2,SusDev,0,2,NA,15.65085,FALSE,FALSE,NA,NA,NA,REMIND-MAgPIE 2.1-4.2 | SusDev | 1.5C
Full,R10LATIN_AM,1.5C,mortality_million_deaths,PM2.5 mortality,million cumulative PM2.5-attributable deaths,TRUE,REMIND,REMIND-MAgPIE 2.1-4.3,DeepElectrification,0,1,NA,15.54125,FALSE,FALSE,NA,NA,NA,REMIND-MAgPIE 2.1-4.3 | DeepElectrification | 1.5C
Full,R10LATIN_AM,1.5C,mortality_million_deaths,PM2.5 mortality,million cumulative PM2.5-attributable deaths,TRUE,REMIND,REMIND-MAgPIE 3.2.0-4.8.0,RESCUE,0,3,NA,15.869445,FALSE,FALSE,NA,NA,NA,REMIND-MAgPIE 3.2.0-4.8.0 | RESCUE | 1.5C
Full,R10LATIN_AM,1.5C,mortality_million_deaths,PM2.5 mortality,million cumulative PM2.5-attributable deaths,TRUE,REMIND,REMIND-MAgPIE 3.3-4.8,NGFS Phase 5,0,1,NA,16.270785,FALSE,FALSE,NA,NA,NA,REMIND-MAgPIE 3.3-4.8 | NGFS Phase 5 | 1.5C
Full,R10LATIN_AM,1.5C,mortality_million_deaths,PM2.5 mortality,million cumulative PM2.5-attributable deaths,TRUE,WITCH,WITCH 5.0,ENGAGE,6,0,15.2153325,NA,FALSE,FALSE,NA,NA,NA,WITCH 5.0 | ENGAGE | 1.5C
Full,R10LATIN_AM,1.5C,total_energy_jobyears_per_1k,Employment,"total energy-sector job-years per 1,000 people",FALSE,AIM,AIM/CGE V2.2,ENGAGE,1,3,492.6624209967473,235.77991491233195,TRUE,FALSE,-256.88250608441535,-52.14168873783685,High-CDR,AIM/CGE V2.2 | ENGAGE | 1.5C
Full,R10LATIN_AM,1.5C,total_energy_jobyears_per_1k,Employment,"total energy-sector job-years per 1,000 people",FALSE,GCAM,GCAM 6.0 NGFS,NGFS Phase 5,0,1,NA,602.1933668556466,FALSE,FALSE,NA,NA,NA,GCAM 6.0 NGFS | NGFS Phase 5 | 1.5C
Full,R10LATIN_AM,1.5C,total_energy_jobyears_per_1k,Employment,"total energy-sector job-years per 1,000 people",FALSE,IMAGE,IMAGE 3.2,SSP2021,12,0,434.44053837137244,NA,FALSE,FALSE,NA,NA,NA,IMAGE 3.2 | SSP2021 | 1.5C
Full,R10LATIN_AM,1.5C,total_energy_jobyears_per_1k,Employment,"total energy-sector job-years per 1,000 people",FALSE,IMAGE,IMAGE 3.3,SHAPE,9,0,364.85728876907694,NA,FALSE,FALSE,NA,NA,NA,IMAGE 3.3 | SHAPE | 1.5C
Full,R10LATIN_AM,1.5C,total_energy_jobyears_per_1k,Employment,"total energy-sector job-years per 1,000 people",FALSE,MESSAGEix,MESSAGEix-GLOBIOM 1.1,ENGAGE,13,0,264.39377898536395,NA,FALSE,FALSE,NA,NA,NA,MESSAGEix-GLOBIOM 1.1 | ENGAGE | 1.5C
Full,R10LATIN_AM,1.5C,total_energy_jobyears_per_1k,Employment,"total energy-sector job-years per 1,000 people",FALSE,MESSAGEix,MESSAGEix-GLOBIOM 1.1,NGFS Phase 2,1,0,235.35270979154737,NA,FALSE,FALSE,NA,NA,NA,MESSAGEix-GLOBIOM 1.1 | NGFS Phase 2 | 1.5C
Full,R10LATIN_AM,1.5C,total_energy_jobyears_per_1k,Employment,"total energy-sector job-years per 1,000 people",FALSE,MESSAGEix,MESSAGEix-GLOBIOM 1.2,COVID,5,0,0.24739840127129661,NA,FALSE,FALSE,NA,NA,NA,MESSAGEix-GLOBIOM 1.2 | COVID | 1.5C
Full,R10LATIN_AM,1.5C,total_energy_jobyears_per_1k,Employment,"total energy-sector job-years per 1,000 people",FALSE,MESSAGEix,MESSAGEix-GLOBIOM GEI 1.0,GEI,6,3,399.0503619180355,399.57154511644575,TRUE,TRUE,0.521183198410256,0.13060587037315013,High-RE,MESSAGEix-GLOBIOM GEI 1.0 | GEI | 1.5C
Full,R10LATIN_AM,1.5C,total_energy_jobyears_per_1k,Employment,"total energy-sector job-years per 1,000 people",FALSE,POLES,POLES-JRC ENGAGE,ENGAGE,4,1,531.3761035295423,386.34526149100765,TRUE,FALSE,-145.03084203853467,-27.293444525487878,High-CDR,POLES-JRC ENGAGE | ENGAGE | 1.5C
Full,R10LATIN_AM,1.5C,total_energy_jobyears_per_1k,Employment,"total energy-sector job-years per 1,000 people",FALSE,REMIND,REMIND 2.1,CEMICS,0,4,NA,726.7829480752895,FALSE,FALSE,NA,NA,NA,REMIND 2.1 | CEMICS | 1.5C
Full,R10LATIN_AM,1.5C,total_energy_jobyears_per_1k,Employment,"total energy-sector job-years per 1,000 people",FALSE,REMIND,REMIND 2.1,R2p1,0,2,NA,550.2703259983224,FALSE,FALSE,NA,NA,NA,REMIND 2.1 | R2p1 | 1.5C
Full,R10LATIN_AM,1.5C,total_energy_jobyears_per_1k,Employment,"total energy-sector job-years per 1,000 people",FALSE,REMIND,REMIND 3.0,ENGAGE,0,2,NA,242.97399407423285,FALSE,FALSE,NA,NA,NA,REMIND 3.0 | ENGAGE | 1.5C
Full,R10LATIN_AM,1.5C,total_energy_jobyears_per_1k,Employment,"total energy-sector job-years per 1,000 people",FALSE,REMIND,REMIND 3.0,NAVIGATE,1,0,304.1281882816191,NA,FALSE,FALSE,NA,NA,NA,REMIND 3.0 | NAVIGATE | 1.5C
Full,R10LATIN_AM,1.5C,total_energy_jobyears_per_1k,Employment,"total energy-sector job-years per 1,000 people",FALSE,REMIND,REMIND-Buildings 2.0,BEG,0,2,NA,560.610023401718,FALSE,FALSE,NA,NA,NA,REMIND-Buildings 2.0 | BEG | 1.5C
Full,R10LATIN_AM,1.5C,total_energy_jobyears_per_1k,Employment,"total energy-sector job-years per 1,000 people",FALSE,REMIND,REMIND-MAgPIE 1.7-3.0,CD,0,4,NA,613.8500316474593,FALSE,FALSE,NA,NA,NA,REMIND-MAgPIE 1.7-3.0 | CD | 1.5C
Full,R10LATIN_AM,1.5C,total_energy_jobyears_per_1k,Employment,"total energy-sector job-years per 1,000 people",FALSE,REMIND,REMIND-MAgPIE 1.7-3.0,COMMIT,0,3,NA,555.8131981886779,FALSE,FALSE,NA,NA,NA,REMIND-MAgPIE 1.7-3.0 | COMMIT | 1.5C
Full,R10LATIN_AM,1.5C,total_energy_jobyears_per_1k,Employment,"total energy-sector job-years per 1,000 people",FALSE,REMIND,REMIND-MAgPIE 1.7-3.0,PEP,0,13,NA,635.9097745426569,FALSE,FALSE,NA,NA,NA,REMIND-MAgPIE 1.7-3.0 | PEP | 1.5C
Full,R10LATIN_AM,1.5C,total_energy_jobyears_per_1k,Employment,"total energy-sector job-years per 1,000 people",FALSE,REMIND,REMIND-MAgPIE 2.1-4.2,CEMICS,0,3,NA,570.5324724995867,FALSE,FALSE,NA,NA,NA,REMIND-MAgPIE 2.1-4.2 | CEMICS | 1.5C
Full,R10LATIN_AM,1.5C,total_energy_jobyears_per_1k,Employment,"total energy-sector job-years per 1,000 people",FALSE,REMIND,REMIND-MAgPIE 2.1-4.2,ENGAGE,0,19,NA,707.701309532758,FALSE,FALSE,NA,NA,NA,REMIND-MAgPIE 2.1-4.2 | ENGAGE | 1.5C
Full,R10LATIN_AM,1.5C,total_energy_jobyears_per_1k,Employment,"total energy-sector job-years per 1,000 people",FALSE,REMIND,REMIND-MAgPIE 2.1-4.2,SusDev,0,2,NA,401.0731423516985,FALSE,FALSE,NA,NA,NA,REMIND-MAgPIE 2.1-4.2 | SusDev | 1.5C
Full,R10LATIN_AM,1.5C,total_energy_jobyears_per_1k,Employment,"total energy-sector job-years per 1,000 people",FALSE,REMIND,REMIND-MAgPIE 2.1-4.3,DeepElectrification,0,1,NA,461.77078578168863,FALSE,FALSE,NA,NA,NA,REMIND-MAgPIE 2.1-4.3 | DeepElectrification | 1.5C
Full,R10LATIN_AM,1.5C,total_energy_jobyears_per_1k,Employment,"total energy-sector job-years per 1,000 people",FALSE,REMIND,REMIND-MAgPIE 3.2.0-4.8.0,RESCUE,0,3,NA,374.3090887810496,FALSE,FALSE,NA,NA,NA,REMIND-MAgPIE 3.2.0-4.8.0 | RESCUE | 1.5C
Full,R10LATIN_AM,1.5C,total_energy_jobyears_per_1k,Employment,"total energy-sector job-years per 1,000 people",FALSE,REMIND,REMIND-MAgPIE 3.3-4.8,NGFS Phase 5,0,1,NA,422.7855602315458,FALSE,FALSE,NA,NA,NA,REMIND-MAgPIE 3.3-4.8 | NGFS Phase 5 | 1.5C
Full,R10LATIN_AM,1.5C,total_energy_jobyears_per_1k,Employment,"total energy-sector job-years per 1,000 people",FALSE,WITCH,WITCH 5.0,ENGAGE,6,0,590.829208052083,NA,FALSE,FALSE,NA,NA,NA,WITCH 5.0 | ENGAGE | 1.5C
Full,R10LATIN_AM,2C,gap_GJ_pc,DLE gap,GJ per capita of cumulative DLE gap,TRUE,AIM,AIM/CGE V2.2,ENGAGE,20,11,80.62213602993396,90.77742803799164,TRUE,TRUE,-10.155292008057685,-12.596158459864121,High-CDR,AIM/CGE V2.2 | ENGAGE | 2C
Full,R10LATIN_AM,2C,gap_GJ_pc,DLE gap,GJ per capita of cumulative DLE gap,TRUE,GCAM,GCAM 5.3,Deep,23,0,58.51117852440939,NA,FALSE,FALSE,NA,NA,NA,GCAM 5.3 | Deep | 2C
Full,R10LATIN_AM,2C,gap_GJ_pc,DLE gap,GJ per capita of cumulative DLE gap,TRUE,GCAM,GCAM 6.0 NGFS,NGFS Phase 5,0,4,NA,59.0649601501563,FALSE,FALSE,NA,NA,NA,GCAM 6.0 NGFS | NGFS Phase 5 | 2C
Full,R10LATIN_AM,2C,gap_GJ_pc,DLE gap,GJ per capita of cumulative DLE gap,TRUE,GCAM,GCAM 7.0,IAM,3,0,47.17103203729647,NA,FALSE,FALSE,NA,NA,NA,GCAM 7.0 | IAM | 2C
Full,R10LATIN_AM,2C,gap_GJ_pc,DLE gap,GJ per capita of cumulative DLE gap,TRUE,IMAGE,IMAGE 3.0,COMMIT,3,0,40.33133213931589,NA,FALSE,FALSE,NA,NA,NA,IMAGE 3.0 | COMMIT | 2C
Full,R10LATIN_AM,2C,gap_GJ_pc,DLE gap,GJ per capita of cumulative DLE gap,TRUE,IMAGE,IMAGE 3.0,ENGAGE,20,0,59.0383159101788,NA,FALSE,FALSE,NA,NA,NA,IMAGE 3.0 | ENGAGE | 2C
Full,R10LATIN_AM,2C,gap_GJ_pc,DLE gap,GJ per capita of cumulative DLE gap,TRUE,IMAGE,IMAGE 3.2,ENGAGE,9,0,92.30663173045234,NA,FALSE,FALSE,NA,NA,NA,IMAGE 3.2 | ENGAGE | 2C
Full,R10LATIN_AM,2C,gap_GJ_pc,DLE gap,GJ per capita of cumulative DLE gap,TRUE,IMAGE,IMAGE 3.2,SSP2021,8,2,85.7296148166626,67.11584334449496,TRUE,FALSE,18.61377147216764,21.712183720846284,High-RE,IMAGE 3.2 | SSP2021 | 2C
Full,R10LATIN_AM,2C,gap_GJ_pc,DLE gap,GJ per capita of cumulative DLE gap,TRUE,IMAGE,IMAGE 3.3,NAVIGATE,8,0,103.35978213751608,NA,FALSE,FALSE,NA,NA,NA,IMAGE 3.3 | NAVIGATE | 2C
Full,R10LATIN_AM,2C,gap_GJ_pc,DLE gap,GJ per capita of cumulative DLE gap,TRUE,MESSAGEix,MESSAGEix-GLOBIOM 1.1,ENGAGE,62,20,61.01326472782523,59.74301488988219,TRUE,TRUE,1.270249837943041,2.081924059644264,High-RE,MESSAGEix-GLOBIOM 1.1 | ENGAGE | 2C
Full,R10LATIN_AM,2C,gap_GJ_pc,DLE gap,GJ per capita of cumulative DLE gap,TRUE,MESSAGEix,MESSAGEix-GLOBIOM 1.1,NGFS Phase 2,1,1,71.94615378288168,76.0634586019517,TRUE,FALSE,-4.117304819070014,-5.722758761358073,High-CDR,MESSAGEix-GLOBIOM 1.1 | NGFS Phase 2 | 2C
Full,R10LATIN_AM,2C,gap_GJ_pc,DLE gap,GJ per capita of cumulative DLE gap,TRUE,MESSAGEix,MESSAGEix-GLOBIOM 1.2,COVID,5,0,57.907890462304294,NA,FALSE,FALSE,NA,NA,NA,MESSAGEix-GLOBIOM 1.2 | COVID | 2C
Full,R10LATIN_AM,2C,gap_GJ_pc,DLE gap,GJ per capita of cumulative DLE gap,TRUE,MESSAGEix,MESSAGEix-GLOBIOM 2.0-M-R12-NGFS,NGFS Phase 5,0,2,NA,72.74246998921714,FALSE,FALSE,NA,NA,NA,MESSAGEix-GLOBIOM 2.0-M-R12-NGFS | NGFS Phase 5 | 2C
Full,R10LATIN_AM,2C,gap_GJ_pc,DLE gap,GJ per capita of cumulative DLE gap,TRUE,MESSAGEix,MESSAGEix-GLOBIOM GEI 1.0,GEI,6,1,42.43785092213004,44.171753139209656,TRUE,FALSE,-1.733902217079617,-4.085744634574415,High-CDR,MESSAGEix-GLOBIOM GEI 1.0 | GEI | 2C
Full,R10LATIN_AM,2C,gap_GJ_pc,DLE gap,GJ per capita of cumulative DLE gap,TRUE,POLES,POLES-JRC ENGAGE,ENGAGE,56,8,88.99382112606779,92.98181830180438,TRUE,TRUE,-3.987997175736595,-4.481206813321609,High-CDR,POLES-JRC ENGAGE | ENGAGE | 2C
Full,R10LATIN_AM,2C,gap_GJ_pc,DLE gap,GJ per capita of cumulative DLE gap,TRUE,REMIND,REMIND 2.1,CEMICS,0,5,NA,45.91574707928988,FALSE,FALSE,NA,NA,NA,REMIND 2.1 | CEMICS | 2C
Full,R10LATIN_AM,2C,gap_GJ_pc,DLE gap,GJ per capita of cumulative DLE gap,TRUE,REMIND,REMIND 2.1,LeastTotalCost,0,11,NA,49.328293011397726,FALSE,FALSE,NA,NA,NA,REMIND 2.1 | LeastTotalCost | 2C
Full,R10LATIN_AM,2C,gap_GJ_pc,DLE gap,GJ per capita of cumulative DLE gap,TRUE,REMIND,REMIND 2.1,R2p1,0,8,NA,44.2970754710625,FALSE,FALSE,NA,NA,NA,REMIND 2.1 | R2p1 | 2C
Full,R10LATIN_AM,2C,gap_GJ_pc,DLE gap,GJ per capita of cumulative DLE gap,TRUE,REMIND,REMIND 2.1,TechCost,0,9,NA,48.19884318292986,FALSE,FALSE,NA,NA,NA,REMIND 2.1 | TechCost | 2C
Full,R10LATIN_AM,2C,gap_GJ_pc,DLE gap,GJ per capita of cumulative DLE gap,TRUE,REMIND,REMIND 3.0,ENGAGE,0,14,NA,61.054511945655165,FALSE,FALSE,NA,NA,NA,REMIND 3.0 | ENGAGE | 2C
Full,R10LATIN_AM,2C,gap_GJ_pc,DLE gap,GJ per capita of cumulative DLE gap,TRUE,REMIND,REMIND 3.0,NAVIGATE,0,7,NA,58.34312507758765,FALSE,FALSE,NA,NA,NA,REMIND 3.0 | NAVIGATE | 2C
Full,R10LATIN_AM,2C,gap_GJ_pc,DLE gap,GJ per capita of cumulative DLE gap,TRUE,REMIND,REMIND-MAgPIE 1.7-3.0,CD,0,5,NA,35.0938420022296,FALSE,FALSE,NA,NA,NA,REMIND-MAgPIE 1.7-3.0 | CD | 2C
Full,R10LATIN_AM,2C,gap_GJ_pc,DLE gap,GJ per capita of cumulative DLE gap,TRUE,REMIND,REMIND-MAgPIE 1.7-3.0,COMMIT,0,4,NA,33.2896144236949,FALSE,FALSE,NA,NA,NA,REMIND-MAgPIE 1.7-3.0 | COMMIT | 2C
Full,R10LATIN_AM,2C,gap_GJ_pc,DLE gap,GJ per capita of cumulative DLE gap,TRUE,REMIND,REMIND-MAgPIE 1.7-3.0,PEP,0,5,NA,34.78658961789615,FALSE,FALSE,NA,NA,NA,REMIND-MAgPIE 1.7-3.0 | PEP | 2C
Full,R10LATIN_AM,2C,gap_GJ_pc,DLE gap,GJ per capita of cumulative DLE gap,TRUE,REMIND,REMIND-MAgPIE 2.0-4.1,Diff,0,4,NA,44.88424364575462,FALSE,FALSE,NA,NA,NA,REMIND-MAgPIE 2.0-4.1 | Diff | 2C
Full,R10LATIN_AM,2C,gap_GJ_pc,DLE gap,GJ per capita of cumulative DLE gap,TRUE,REMIND,REMIND-MAgPIE 2.1-4.2,CEMICS,0,3,NA,46.54188180603553,FALSE,FALSE,NA,NA,NA,REMIND-MAgPIE 2.1-4.2 | CEMICS | 2C
Full,R10LATIN_AM,2C,gap_GJ_pc,DLE gap,GJ per capita of cumulative DLE gap,TRUE,REMIND,REMIND-MAgPIE 2.1-4.2,ENGAGE,0,59,NA,46.01386414747741,FALSE,FALSE,NA,NA,NA,REMIND-MAgPIE 2.1-4.2 | ENGAGE | 2C
Full,R10LATIN_AM,2C,gap_GJ_pc,DLE gap,GJ per capita of cumulative DLE gap,TRUE,REMIND,REMIND-MAgPIE 2.1-4.2,NGFS Phase 2,0,5,NA,90.5088273569685,FALSE,FALSE,NA,NA,NA,REMIND-MAgPIE 2.1-4.2 | NGFS Phase 2 | 2C
Full,R10LATIN_AM,2C,gap_GJ_pc,DLE gap,GJ per capita of cumulative DLE gap,TRUE,REMIND,REMIND-MAgPIE 2.1-4.2,SusDev,0,3,NA,45.815250591812166,FALSE,FALSE,NA,NA,NA,REMIND-MAgPIE 2.1-4.2 | SusDev | 2C
Full,R10LATIN_AM,2C,gap_GJ_pc,DLE gap,GJ per capita of cumulative DLE gap,TRUE,REMIND,REMIND-MAgPIE 2.1-4.3,DeepElectrification,0,3,NA,72.02742135342,FALSE,FALSE,NA,NA,NA,REMIND-MAgPIE 2.1-4.3 | DeepElectrification | 2C
Full,R10LATIN_AM,2C,gap_GJ_pc,DLE gap,GJ per capita of cumulative DLE gap,TRUE,REMIND,REMIND-MAgPIE 3.2-4.6,SHAPE,0,2,NA,46.5082203467275,FALSE,FALSE,NA,NA,NA,REMIND-MAgPIE 3.2-4.6 | SHAPE | 2C
Full,R10LATIN_AM,2C,gap_GJ_pc,DLE gap,GJ per capita of cumulative DLE gap,TRUE,REMIND,REMIND-MAgPIE 3.2.0-4.8.0,RESCUE,0,5,NA,57.45513653249458,FALSE,FALSE,NA,NA,NA,REMIND-MAgPIE 3.2.0-4.8.0 | RESCUE | 2C
Full,R10LATIN_AM,2C,gap_GJ_pc,DLE gap,GJ per capita of cumulative DLE gap,TRUE,REMIND,REMIND-MAgPIE 3.3-4.8,NGFS Phase 5,0,5,NA,49.982921695363075,FALSE,FALSE,NA,NA,NA,REMIND-MAgPIE 3.3-4.8 | NGFS Phase 5 | 2C
Full,R10LATIN_AM,2C,gap_GJ_pc,DLE gap,GJ per capita of cumulative DLE gap,TRUE,REMIND,REMIND-Transport 2.1,Transport,0,8,NA,52.784592191991976,FALSE,FALSE,NA,NA,NA,REMIND-Transport 2.1 | Transport | 2C
Full,R10LATIN_AM,2C,gap_GJ_pc,DLE gap,GJ per capita of cumulative DLE gap,TRUE,WITCH,WITCH 5.0,COMMIT,2,1,113.17063208519315,87.4617754205476,TRUE,FALSE,25.708856664645552,22.716897653529326,High-RE,WITCH 5.0 | COMMIT | 2C
Full,R10LATIN_AM,2C,gap_GJ_pc,DLE gap,GJ per capita of cumulative DLE gap,TRUE,WITCH,WITCH 5.0,ENGAGE,0,11,NA,74.29735571194347,FALSE,FALSE,NA,NA,NA,WITCH 5.0 | ENGAGE | 2C
Full,R10LATIN_AM,2C,gap_GJ_pc,DLE gap,GJ per capita of cumulative DLE gap,TRUE,WITCH,WITCH 5.0,NAVIGATE,0,4,NA,91.49422527985685,FALSE,FALSE,NA,NA,NA,WITCH 5.0 | NAVIGATE | 2C
Full,R10LATIN_AM,2C,headcount_pct,Deprived share,population-year-weighted mean % below the DLE threshold,TRUE,AIM,AIM/CGE V2.2,ENGAGE,20,11,16.73544021097264,18.434372817321105,TRUE,TRUE,-1.698932606348464,-10.151705511962296,High-CDR,AIM/CGE V2.2 | ENGAGE | 2C
Full,R10LATIN_AM,2C,headcount_pct,Deprived share,population-year-weighted mean % below the DLE threshold,TRUE,GCAM,GCAM 5.3,Deep,23,0,11.942494249094889,NA,FALSE,FALSE,NA,NA,NA,GCAM 5.3 | Deep | 2C
Full,R10LATIN_AM,2C,headcount_pct,Deprived share,population-year-weighted mean % below the DLE threshold,TRUE,GCAM,GCAM 6.0 NGFS,NGFS Phase 5,0,4,NA,11.78381420319409,FALSE,FALSE,NA,NA,NA,GCAM 6.0 NGFS | NGFS Phase 5 | 2C
Full,R10LATIN_AM,2C,headcount_pct,Deprived share,population-year-weighted mean % below the DLE threshold,TRUE,GCAM,GCAM 7.0,IAM,3,0,9.460026285136545,NA,FALSE,FALSE,NA,NA,NA,GCAM 7.0 | IAM | 2C
Full,R10LATIN_AM,2C,headcount_pct,Deprived share,population-year-weighted mean % below the DLE threshold,TRUE,IMAGE,IMAGE 3.0,COMMIT,3,0,17.549586717381985,NA,FALSE,FALSE,NA,NA,NA,IMAGE 3.0 | COMMIT | 2C
Full,R10LATIN_AM,2C,headcount_pct,Deprived share,population-year-weighted mean % below the DLE threshold,TRUE,IMAGE,IMAGE 3.0,ENGAGE,20,0,12.516110562224833,NA,FALSE,FALSE,NA,NA,NA,IMAGE 3.0 | ENGAGE | 2C
Full,R10LATIN_AM,2C,headcount_pct,Deprived share,population-year-weighted mean % below the DLE threshold,TRUE,IMAGE,IMAGE 3.2,ENGAGE,9,0,18.00852162257437,NA,FALSE,FALSE,NA,NA,NA,IMAGE 3.2 | ENGAGE | 2C
Full,R10LATIN_AM,2C,headcount_pct,Deprived share,population-year-weighted mean % below the DLE threshold,TRUE,IMAGE,IMAGE 3.2,SSP2021,8,2,18.444156761373314,14.571375962572272,TRUE,FALSE,3.872780798801042,20.99733183200663,High-RE,IMAGE 3.2 | SSP2021 | 2C
Full,R10LATIN_AM,2C,headcount_pct,Deprived share,population-year-weighted mean % below the DLE threshold,TRUE,IMAGE,IMAGE 3.3,NAVIGATE,8,0,20.799544776325376,NA,FALSE,FALSE,NA,NA,NA,IMAGE 3.3 | NAVIGATE | 2C
Full,R10LATIN_AM,2C,headcount_pct,Deprived share,population-year-weighted mean % below the DLE threshold,TRUE,MESSAGEix,MESSAGEix-GLOBIOM 1.1,ENGAGE,62,20,12.175269322612149,12.126814158341162,TRUE,TRUE,0.04845516427098673,0.3979802252176455,High-RE,MESSAGEix-GLOBIOM 1.1 | ENGAGE | 2C
Full,R10LATIN_AM,2C,headcount_pct,Deprived share,population-year-weighted mean % below the DLE threshold,TRUE,MESSAGEix,MESSAGEix-GLOBIOM 1.1,NGFS Phase 2,1,1,14.20501943310724,15.699476618111932,TRUE,FALSE,-1.4944571850046913,-10.520627529178888,High-CDR,MESSAGEix-GLOBIOM 1.1 | NGFS Phase 2 | 2C
Full,R10LATIN_AM,2C,headcount_pct,Deprived share,population-year-weighted mean % below the DLE threshold,TRUE,MESSAGEix,MESSAGEix-GLOBIOM 1.2,COVID,5,0,11.71357428717222,NA,FALSE,FALSE,NA,NA,NA,MESSAGEix-GLOBIOM 1.2 | COVID | 2C
Full,R10LATIN_AM,2C,headcount_pct,Deprived share,population-year-weighted mean % below the DLE threshold,TRUE,MESSAGEix,MESSAGEix-GLOBIOM 2.0-M-R12-NGFS,NGFS Phase 5,0,2,NA,15.003047181181506,FALSE,FALSE,NA,NA,NA,MESSAGEix-GLOBIOM 2.0-M-R12-NGFS | NGFS Phase 5 | 2C
Full,R10LATIN_AM,2C,headcount_pct,Deprived share,population-year-weighted mean % below the DLE threshold,TRUE,MESSAGEix,MESSAGEix-GLOBIOM GEI 1.0,GEI,6,1,8.725200868752262,9.157690621750293,TRUE,FALSE,-0.4324897529980305,-4.956788496949277,High-CDR,MESSAGEix-GLOBIOM GEI 1.0 | GEI | 2C
Full,R10LATIN_AM,2C,headcount_pct,Deprived share,population-year-weighted mean % below the DLE threshold,TRUE,POLES,POLES-JRC ENGAGE,ENGAGE,56,8,18.47755893079469,17.734510244230698,TRUE,TRUE,0.7430486865639914,4.021357417107878,High-RE,POLES-JRC ENGAGE | ENGAGE | 2C
Full,R10LATIN_AM,2C,headcount_pct,Deprived share,population-year-weighted mean % below the DLE threshold,TRUE,REMIND,REMIND 2.1,CEMICS,0,5,NA,9.135837520757892,FALSE,FALSE,NA,NA,NA,REMIND 2.1 | CEMICS | 2C
Full,R10LATIN_AM,2C,headcount_pct,Deprived share,population-year-weighted mean % below the DLE threshold,TRUE,REMIND,REMIND 2.1,LeastTotalCost,0,11,NA,10.027174423464546,FALSE,FALSE,NA,NA,NA,REMIND 2.1 | LeastTotalCost | 2C
Full,R10LATIN_AM,2C,headcount_pct,Deprived share,population-year-weighted mean % below the DLE threshold,TRUE,REMIND,REMIND 2.1,R2p1,0,8,NA,8.595936023672909,FALSE,FALSE,NA,NA,NA,REMIND 2.1 | R2p1 | 2C
Full,R10LATIN_AM,2C,headcount_pct,Deprived share,population-year-weighted mean % below the DLE threshold,TRUE,REMIND,REMIND 2.1,TechCost,0,9,NA,9.564530150992608,FALSE,FALSE,NA,NA,NA,REMIND 2.1 | TechCost | 2C
Full,R10LATIN_AM,2C,headcount_pct,Deprived share,population-year-weighted mean % below the DLE threshold,TRUE,REMIND,REMIND 3.0,ENGAGE,0,14,NA,12.457422041586998,FALSE,FALSE,NA,NA,NA,REMIND 3.0 | ENGAGE | 2C
Full,R10LATIN_AM,2C,headcount_pct,Deprived share,population-year-weighted mean % below the DLE threshold,TRUE,REMIND,REMIND 3.0,NAVIGATE,0,7,NA,11.796745068051646,FALSE,FALSE,NA,NA,NA,REMIND 3.0 | NAVIGATE | 2C
Full,R10LATIN_AM,2C,headcount_pct,Deprived share,population-year-weighted mean % below the DLE threshold,TRUE,REMIND,REMIND-MAgPIE 1.7-3.0,CD,0,5,NA,6.878259230714103,FALSE,FALSE,NA,NA,NA,REMIND-MAgPIE 1.7-3.0 | CD | 2C
Full,R10LATIN_AM,2C,headcount_pct,Deprived share,population-year-weighted mean % below the DLE threshold,TRUE,REMIND,REMIND-MAgPIE 1.7-3.0,COMMIT,0,4,NA,6.576150441936728,FALSE,FALSE,NA,NA,NA,REMIND-MAgPIE 1.7-3.0 | COMMIT | 2C
Full,R10LATIN_AM,2C,headcount_pct,Deprived share,population-year-weighted mean % below the DLE threshold,TRUE,REMIND,REMIND-MAgPIE 1.7-3.0,PEP,0,5,NA,6.8767683389304475,FALSE,FALSE,NA,NA,NA,REMIND-MAgPIE 1.7-3.0 | PEP | 2C
Full,R10LATIN_AM,2C,headcount_pct,Deprived share,population-year-weighted mean % below the DLE threshold,TRUE,REMIND,REMIND-MAgPIE 2.0-4.1,Diff,0,4,NA,8.89787335950085,FALSE,FALSE,NA,NA,NA,REMIND-MAgPIE 2.0-4.1 | Diff | 2C
Full,R10LATIN_AM,2C,headcount_pct,Deprived share,population-year-weighted mean % below the DLE threshold,TRUE,REMIND,REMIND-MAgPIE 2.1-4.2,CEMICS,0,3,NA,9.260190713621732,FALSE,FALSE,NA,NA,NA,REMIND-MAgPIE 2.1-4.2 | CEMICS | 2C
Full,R10LATIN_AM,2C,headcount_pct,Deprived share,population-year-weighted mean % below the DLE threshold,TRUE,REMIND,REMIND-MAgPIE 2.1-4.2,ENGAGE,0,59,NA,9.171899966698264,FALSE,FALSE,NA,NA,NA,REMIND-MAgPIE 2.1-4.2 | ENGAGE | 2C
Full,R10LATIN_AM,2C,headcount_pct,Deprived share,population-year-weighted mean % below the DLE threshold,TRUE,REMIND,REMIND-MAgPIE 2.1-4.2,NGFS Phase 2,0,5,NA,18.91436429987232,FALSE,FALSE,NA,NA,NA,REMIND-MAgPIE 2.1-4.2 | NGFS Phase 2 | 2C
Full,R10LATIN_AM,2C,headcount_pct,Deprived share,population-year-weighted mean % below the DLE threshold,TRUE,REMIND,REMIND-MAgPIE 2.1-4.2,SusDev,0,3,NA,8.979169105612545,FALSE,FALSE,NA,NA,NA,REMIND-MAgPIE 2.1-4.2 | SusDev | 2C
Full,R10LATIN_AM,2C,headcount_pct,Deprived share,population-year-weighted mean % below the DLE threshold,TRUE,REMIND,REMIND-MAgPIE 2.1-4.3,DeepElectrification,0,3,NA,15.586622218995949,FALSE,FALSE,NA,NA,NA,REMIND-MAgPIE 2.1-4.3 | DeepElectrification | 2C
Full,R10LATIN_AM,2C,headcount_pct,Deprived share,population-year-weighted mean % below the DLE threshold,TRUE,REMIND,REMIND-MAgPIE 3.2-4.6,SHAPE,0,2,NA,8.744255789477808,FALSE,FALSE,NA,NA,NA,REMIND-MAgPIE 3.2-4.6 | SHAPE | 2C
Full,R10LATIN_AM,2C,headcount_pct,Deprived share,population-year-weighted mean % below the DLE threshold,TRUE,REMIND,REMIND-MAgPIE 3.2.0-4.8.0,RESCUE,0,5,NA,11.587910744694751,FALSE,FALSE,NA,NA,NA,REMIND-MAgPIE 3.2.0-4.8.0 | RESCUE | 2C
Full,R10LATIN_AM,2C,headcount_pct,Deprived share,population-year-weighted mean % below the DLE threshold,TRUE,REMIND,REMIND-MAgPIE 3.3-4.8,NGFS Phase 5,0,5,NA,10.022874430918243,FALSE,FALSE,NA,NA,NA,REMIND-MAgPIE 3.3-4.8 | NGFS Phase 5 | 2C
Full,R10LATIN_AM,2C,headcount_pct,Deprived share,population-year-weighted mean % below the DLE threshold,TRUE,REMIND,REMIND-Transport 2.1,Transport,0,8,NA,10.651642706949414,FALSE,FALSE,NA,NA,NA,REMIND-Transport 2.1 | Transport | 2C
Full,R10LATIN_AM,2C,headcount_pct,Deprived share,population-year-weighted mean % below the DLE threshold,TRUE,WITCH,WITCH 5.0,COMMIT,2,1,22.241014466159463,17.047676316831076,TRUE,FALSE,5.193338149328387,23.350275488693402,High-RE,WITCH 5.0 | COMMIT | 2C
Full,R10LATIN_AM,2C,headcount_pct,Deprived share,population-year-weighted mean % below the DLE threshold,TRUE,WITCH,WITCH 5.0,ENGAGE,0,11,NA,13.576048993409334,FALSE,FALSE,NA,NA,NA,WITCH 5.0 | ENGAGE | 2C
Full,R10LATIN_AM,2C,headcount_pct,Deprived share,population-year-weighted mean % below the DLE threshold,TRUE,WITCH,WITCH 5.0,NAVIGATE,0,4,NA,17.320531531177817,FALSE,FALSE,NA,NA,NA,WITCH 5.0 | NAVIGATE | 2C
Full,R10LATIN_AM,2C,mortality_million_deaths,PM2.5 mortality,million cumulative PM2.5-attributable deaths,TRUE,AIM,AIM/CGE V2.2,ENGAGE,20,4,19.576475000000002,19.4412275,TRUE,TRUE,0.13524750000000196,0.6908674825268694,High-RE,AIM/CGE V2.2 | ENGAGE | 2C
Full,R10LATIN_AM,2C,mortality_million_deaths,PM2.5 mortality,million cumulative PM2.5-attributable deaths,TRUE,GCAM,GCAM 6.0 NGFS,NGFS Phase 5,0,4,NA,16.251995,FALSE,FALSE,NA,NA,NA,GCAM 6.0 NGFS | NGFS Phase 5 | 2C
Full,R10LATIN_AM,2C,mortality_million_deaths,PM2.5 mortality,million cumulative PM2.5-attributable deaths,TRUE,GCAM,GCAM 7.0,IAM,3,0,17.15655,NA,FALSE,FALSE,NA,NA,NA,GCAM 7.0 | IAM | 2C
Full,R10LATIN_AM,2C,mortality_million_deaths,PM2.5 mortality,million cumulative PM2.5-attributable deaths,TRUE,IMAGE,IMAGE 3.0,ENGAGE,20,0,21.794742499999998,NA,FALSE,FALSE,NA,NA,NA,IMAGE 3.0 | ENGAGE | 2C
Full,R10LATIN_AM,2C,mortality_million_deaths,PM2.5 mortality,million cumulative PM2.5-attributable deaths,TRUE,IMAGE,IMAGE 3.2,SSP2021,8,2,23.284955,22.094002500000002,TRUE,FALSE,1.190952499999998,5.114686715091346,High-RE,IMAGE 3.2 | SSP2021 | 2C
Full,R10LATIN_AM,2C,mortality_million_deaths,PM2.5 mortality,million cumulative PM2.5-attributable deaths,TRUE,IMAGE,IMAGE 3.3,NAVIGATE,8,0,23.477377500000003,NA,FALSE,FALSE,NA,NA,NA,IMAGE 3.3 | NAVIGATE | 2C
Full,R10LATIN_AM,2C,mortality_million_deaths,PM2.5 mortality,million cumulative PM2.5-attributable deaths,TRUE,MESSAGEix,MESSAGEix-GLOBIOM 1.1,ENGAGE,60,17,14.079775000000001,14.040775,TRUE,TRUE,0.03900000000000148,0.276993062744266,High-RE,MESSAGEix-GLOBIOM 1.1 | ENGAGE | 2C
Full,R10LATIN_AM,2C,mortality_million_deaths,PM2.5 mortality,million cumulative PM2.5-attributable deaths,TRUE,MESSAGEix,MESSAGEix-GLOBIOM 1.1,NGFS Phase 2,1,1,13.46261,14.104955,TRUE,FALSE,-0.6423450000000006,-4.771325916742746,High-CDR,MESSAGEix-GLOBIOM 1.1 | NGFS Phase 2 | 2C
Full,R10LATIN_AM,2C,mortality_million_deaths,PM2.5 mortality,million cumulative PM2.5-attributable deaths,TRUE,MESSAGEix,MESSAGEix-GLOBIOM 1.2,COVID,5,0,13.46161,NA,FALSE,FALSE,NA,NA,NA,MESSAGEix-GLOBIOM 1.2 | COVID | 2C
Full,R10LATIN_AM,2C,mortality_million_deaths,PM2.5 mortality,million cumulative PM2.5-attributable deaths,TRUE,MESSAGEix,MESSAGEix-GLOBIOM 2.0-M-R12-NGFS,NGFS Phase 5,0,2,NA,14.42872,FALSE,FALSE,NA,NA,NA,MESSAGEix-GLOBIOM 2.0-M-R12-NGFS | NGFS Phase 5 | 2C
Full,R10LATIN_AM,2C,mortality_million_deaths,PM2.5 mortality,million cumulative PM2.5-attributable deaths,TRUE,MESSAGEix,MESSAGEix-GLOBIOM GEI 1.0,GEI,6,1,14.916229999999999,14.1499,TRUE,FALSE,0.7663299999999982,5.13755821678801,High-RE,MESSAGEix-GLOBIOM GEI 1.0 | GEI | 2C
Full,R10LATIN_AM,2C,mortality_million_deaths,PM2.5 mortality,million cumulative PM2.5-attributable deaths,TRUE,POLES,POLES-JRC ENGAGE,ENGAGE,56,0,13.256752500000001,NA,FALSE,FALSE,NA,NA,NA,POLES-JRC ENGAGE | ENGAGE | 2C
Full,R10LATIN_AM,2C,mortality_million_deaths,PM2.5 mortality,million cumulative PM2.5-attributable deaths,TRUE,REMIND,REMIND 2.1,CEMICS,0,1,NA,15.075735,FALSE,FALSE,NA,NA,NA,REMIND 2.1 | CEMICS | 2C
Full,R10LATIN_AM,2C,mortality_million_deaths,PM2.5 mortality,million cumulative PM2.5-attributable deaths,TRUE,REMIND,REMIND 2.1,LeastTotalCost,0,11,NA,15.947655,FALSE,FALSE,NA,NA,NA,REMIND 2.1 | LeastTotalCost | 2C
Full,R10LATIN_AM,2C,mortality_million_deaths,PM2.5 mortality,million cumulative PM2.5-attributable deaths,TRUE,REMIND,REMIND 2.1,R2p1,0,8,NA,14.778524999999998,FALSE,FALSE,NA,NA,NA,REMIND 2.1 | R2p1 | 2C
Full,R10LATIN_AM,2C,mortality_million_deaths,PM2.5 mortality,million cumulative PM2.5-attributable deaths,TRUE,REMIND,REMIND 2.1,TechCost,0,9,NA,15.93246,FALSE,FALSE,NA,NA,NA,REMIND 2.1 | TechCost | 2C
Full,R10LATIN_AM,2C,mortality_million_deaths,PM2.5 mortality,million cumulative PM2.5-attributable deaths,TRUE,REMIND,REMIND 3.0,NAVIGATE,0,3,NA,14.810745,FALSE,FALSE,NA,NA,NA,REMIND 3.0 | NAVIGATE | 2C
Full,R10LATIN_AM,2C,mortality_million_deaths,PM2.5 mortality,million cumulative PM2.5-attributable deaths,TRUE,REMIND,REMIND-MAgPIE 1.7-3.0,CD,0,5,NA,15.277785,FALSE,FALSE,NA,NA,NA,REMIND-MAgPIE 1.7-3.0 | CD | 2C
Full,R10LATIN_AM,2C,mortality_million_deaths,PM2.5 mortality,million cumulative PM2.5-attributable deaths,TRUE,REMIND,REMIND-MAgPIE 1.7-3.0,COMMIT,0,4,NA,15.3002775,FALSE,FALSE,NA,NA,NA,REMIND-MAgPIE 1.7-3.0 | COMMIT | 2C
Full,R10LATIN_AM,2C,mortality_million_deaths,PM2.5 mortality,million cumulative PM2.5-attributable deaths,TRUE,REMIND,REMIND-MAgPIE 1.7-3.0,PEP,0,5,NA,15.277545,FALSE,FALSE,NA,NA,NA,REMIND-MAgPIE 1.7-3.0 | PEP | 2C
Full,R10LATIN_AM,2C,mortality_million_deaths,PM2.5 mortality,million cumulative PM2.5-attributable deaths,TRUE,REMIND,REMIND-MAgPIE 2.1-4.2,CEMICS,0,1,NA,15.08151,FALSE,FALSE,NA,NA,NA,REMIND-MAgPIE 2.1-4.2 | CEMICS | 2C
Full,R10LATIN_AM,2C,mortality_million_deaths,PM2.5 mortality,million cumulative PM2.5-attributable deaths,TRUE,REMIND,REMIND-MAgPIE 2.1-4.2,ENGAGE,0,59,NA,15.698695,FALSE,FALSE,NA,NA,NA,REMIND-MAgPIE 2.1-4.2 | ENGAGE | 2C
Full,R10LATIN_AM,2C,mortality_million_deaths,PM2.5 mortality,million cumulative PM2.5-attributable deaths,TRUE,REMIND,REMIND-MAgPIE 2.1-4.2,NGFS Phase 2,0,2,NA,15.118007500000001,FALSE,FALSE,NA,NA,NA,REMIND-MAgPIE 2.1-4.2 | NGFS Phase 2 | 2C
Full,R10LATIN_AM,2C,mortality_million_deaths,PM2.5 mortality,million cumulative PM2.5-attributable deaths,TRUE,REMIND,REMIND-MAgPIE 2.1-4.2,SusDev,0,3,NA,14.58609,FALSE,FALSE,NA,NA,NA,REMIND-MAgPIE 2.1-4.2 | SusDev | 2C
Full,R10LATIN_AM,2C,mortality_million_deaths,PM2.5 mortality,million cumulative PM2.5-attributable deaths,TRUE,REMIND,REMIND-MAgPIE 2.1-4.3,DeepElectrification,0,3,NA,15.60589,FALSE,FALSE,NA,NA,NA,REMIND-MAgPIE 2.1-4.3 | DeepElectrification | 2C
Full,R10LATIN_AM,2C,mortality_million_deaths,PM2.5 mortality,million cumulative PM2.5-attributable deaths,TRUE,REMIND,REMIND-MAgPIE 3.2-4.6,SHAPE,0,2,NA,14.892027500000001,FALSE,FALSE,NA,NA,NA,REMIND-MAgPIE 3.2-4.6 | SHAPE | 2C
Full,R10LATIN_AM,2C,mortality_million_deaths,PM2.5 mortality,million cumulative PM2.5-attributable deaths,TRUE,REMIND,REMIND-MAgPIE 3.2.0-4.8.0,RESCUE,0,5,NA,15.822505,FALSE,FALSE,NA,NA,NA,REMIND-MAgPIE 3.2.0-4.8.0 | RESCUE | 2C
Full,R10LATIN_AM,2C,mortality_million_deaths,PM2.5 mortality,million cumulative PM2.5-attributable deaths,TRUE,REMIND,REMIND-MAgPIE 3.3-4.8,NGFS Phase 5,0,5,NA,16.462585,FALSE,FALSE,NA,NA,NA,REMIND-MAgPIE 3.3-4.8 | NGFS Phase 5 | 2C
Full,R10LATIN_AM,2C,mortality_million_deaths,PM2.5 mortality,million cumulative PM2.5-attributable deaths,TRUE,REMIND,REMIND-Transport 2.1,Transport,0,8,NA,15.703135,FALSE,FALSE,NA,NA,NA,REMIND-Transport 2.1 | Transport | 2C
Full,R10LATIN_AM,2C,mortality_million_deaths,PM2.5 mortality,million cumulative PM2.5-attributable deaths,TRUE,WITCH,WITCH 5.0,COMMIT,2,1,15.211755,15.030135,TRUE,FALSE,0.18162000000000056,1.1939450773431504,High-RE,WITCH 5.0 | COMMIT | 2C
Full,R10LATIN_AM,2C,mortality_million_deaths,PM2.5 mortality,million cumulative PM2.5-attributable deaths,TRUE,WITCH,WITCH 5.0,ENGAGE,0,2,NA,15.36712,FALSE,FALSE,NA,NA,NA,WITCH 5.0 | ENGAGE | 2C
Full,R10LATIN_AM,2C,mortality_million_deaths,PM2.5 mortality,million cumulative PM2.5-attributable deaths,TRUE,WITCH,WITCH 5.0,NAVIGATE,0,4,NA,14.966864999999999,FALSE,FALSE,NA,NA,NA,WITCH 5.0 | NAVIGATE | 2C
Full,R10LATIN_AM,2C,total_energy_jobyears_per_1k,Employment,"total energy-sector job-years per 1,000 people",FALSE,AIM,AIM/CGE V2.2,ENGAGE,20,11,402.15634904717285,227.4744853602056,TRUE,TRUE,-174.68186368696726,-43.43630632733766,High-CDR,AIM/CGE V2.2 | ENGAGE | 2C
Full,R10LATIN_AM,2C,total_energy_jobyears_per_1k,Employment,"total energy-sector job-years per 1,000 people",FALSE,COFFEE,COFFEE 1.1,ENGAGE,0,8,NA,196.38274139369517,FALSE,FALSE,NA,NA,NA,COFFEE 1.1 | ENGAGE | 2C
Full,R10LATIN_AM,2C,total_energy_jobyears_per_1k,Employment,"total energy-sector job-years per 1,000 people",FALSE,GCAM,GCAM 6.0 NGFS,NGFS Phase 5,0,4,NA,532.4850980238502,FALSE,FALSE,NA,NA,NA,GCAM 6.0 NGFS | NGFS Phase 5 | 2C
Full,R10LATIN_AM,2C,total_energy_jobyears_per_1k,Employment,"total energy-sector job-years per 1,000 people",FALSE,GCAM,GCAM 7.0,IAM,3,0,681.3448725807531,NA,FALSE,FALSE,NA,NA,NA,GCAM 7.0 | IAM | 2C
Full,R10LATIN_AM,2C,total_energy_jobyears_per_1k,Employment,"total energy-sector job-years per 1,000 people",FALSE,IMAGE,IMAGE 3.0,COMMIT,3,0,112.36042707653768,NA,FALSE,FALSE,NA,NA,NA,IMAGE 3.0 | COMMIT | 2C
Full,R10LATIN_AM,2C,total_energy_jobyears_per_1k,Employment,"total energy-sector job-years per 1,000 people",FALSE,IMAGE,IMAGE 3.0,ENGAGE,20,0,284.57546967310253,NA,FALSE,FALSE,NA,NA,NA,IMAGE 3.0 | ENGAGE | 2C
Full,R10LATIN_AM,2C,total_energy_jobyears_per_1k,Employment,"total energy-sector job-years per 1,000 people",FALSE,IMAGE,IMAGE 3.2,ENGAGE,9,0,230.78769467466716,NA,FALSE,FALSE,NA,NA,NA,IMAGE 3.2 | ENGAGE | 2C
Full,R10LATIN_AM,2C,total_energy_jobyears_per_1k,Employment,"total energy-sector job-years per 1,000 people",FALSE,IMAGE,IMAGE 3.2,SSP2021,8,2,334.15776482007027,439.46939225028484,TRUE,FALSE,105.31162743021457,31.51554101605881,High-RE,IMAGE 3.2 | SSP2021 | 2C
Full,R10LATIN_AM,2C,total_energy_jobyears_per_1k,Employment,"total energy-sector job-years per 1,000 people",FALSE,IMAGE,IMAGE 3.3,NAVIGATE,8,0,258.8061445240097,NA,FALSE,FALSE,NA,NA,NA,IMAGE 3.3 | NAVIGATE | 2C
Full,R10LATIN_AM,2C,total_energy_jobyears_per_1k,Employment,"total energy-sector job-years per 1,000 people",FALSE,MESSAGEix,MESSAGEix-GLOBIOM 1.1,ENGAGE,62,20,249.28226193147893,280.60169632726047,TRUE,TRUE,31.319434395781542,12.563843954685561,High-RE,MESSAGEix-GLOBIOM 1.1 | ENGAGE | 2C
Full,R10LATIN_AM,2C,total_energy_jobyears_per_1k,Employment,"total energy-sector job-years per 1,000 people",FALSE,MESSAGEix,MESSAGEix-GLOBIOM 1.1,NGFS Phase 2,1,1,225.8230760742894,300.10208197354416,TRUE,FALSE,74.27900589925477,32.892566690048575,High-RE,MESSAGEix-GLOBIOM 1.1 | NGFS Phase 2 | 2C
Full,R10LATIN_AM,2C,total_energy_jobyears_per_1k,Employment,"total energy-sector job-years per 1,000 people",FALSE,MESSAGEix,MESSAGEix-GLOBIOM 1.2,COVID,5,0,0.24894943901831906,NA,FALSE,FALSE,NA,NA,NA,MESSAGEix-GLOBIOM 1.2 | COVID | 2C
Full,R10LATIN_AM,2C,total_energy_jobyears_per_1k,Employment,"total energy-sector job-years per 1,000 people",FALSE,MESSAGEix,MESSAGEix-GLOBIOM 2.0-M-R12-NGFS,NGFS Phase 5,0,2,NA,361.5140508473046,FALSE,FALSE,NA,NA,NA,MESSAGEix-GLOBIOM 2.0-M-R12-NGFS | NGFS Phase 5 | 2C
Full,R10LATIN_AM,2C,total_energy_jobyears_per_1k,Employment,"total energy-sector job-years per 1,000 people",FALSE,MESSAGEix,MESSAGEix-GLOBIOM GEI 1.0,GEI,6,1,337.0313641543155,386.29840058375663,TRUE,FALSE,49.267036429441134,14.617938171144033,High-RE,MESSAGEix-GLOBIOM GEI 1.0 | GEI | 2C
Full,R10LATIN_AM,2C,total_energy_jobyears_per_1k,Employment,"total energy-sector job-years per 1,000 people",FALSE,POLES,POLES-JRC ENGAGE,ENGAGE,56,8,351.40602462312984,312.4431845314248,TRUE,TRUE,-38.96284009170506,-11.087698377821294,High-CDR,POLES-JRC ENGAGE | ENGAGE | 2C
Full,R10LATIN_AM,2C,total_energy_jobyears_per_1k,Employment,"total energy-sector job-years per 1,000 people",FALSE,REMIND,REMIND 2.1,CEMICS,0,5,NA,511.97938938303713,FALSE,FALSE,NA,NA,NA,REMIND 2.1 | CEMICS | 2C
Full,R10LATIN_AM,2C,total_energy_jobyears_per_1k,Employment,"total energy-sector job-years per 1,000 people",FALSE,REMIND,REMIND 2.1,LeastTotalCost,0,11,NA,483.2699745862291,FALSE,FALSE,NA,NA,NA,REMIND 2.1 | LeastTotalCost | 2C
Full,R10LATIN_AM,2C,total_energy_jobyears_per_1k,Employment,"total energy-sector job-years per 1,000 people",FALSE,REMIND,REMIND 2.1,R2p1,0,8,NA,475.67421283686076,FALSE,FALSE,NA,NA,NA,REMIND 2.1 | R2p1 | 2C
Full,R10LATIN_AM,2C,total_energy_jobyears_per_1k,Employment,"total energy-sector job-years per 1,000 people",FALSE,REMIND,REMIND 2.1,TechCost,0,9,NA,581.0374458392012,FALSE,FALSE,NA,NA,NA,REMIND 2.1 | TechCost | 2C
Full,R10LATIN_AM,2C,total_energy_jobyears_per_1k,Employment,"total energy-sector job-years per 1,000 people",FALSE,REMIND,REMIND 3.0,ENGAGE,0,14,NA,293.1776000556349,FALSE,FALSE,NA,NA,NA,REMIND 3.0 | ENGAGE | 2C
Full,R10LATIN_AM,2C,total_energy_jobyears_per_1k,Employment,"total energy-sector job-years per 1,000 people",FALSE,REMIND,REMIND 3.0,NAVIGATE,0,7,NA,288.38442456183185,FALSE,FALSE,NA,NA,NA,REMIND 3.0 | NAVIGATE | 2C
Full,R10LATIN_AM,2C,total_energy_jobyears_per_1k,Employment,"total energy-sector job-years per 1,000 people",FALSE,REMIND,REMIND-MAgPIE 1.7-3.0,CD,0,5,NA,479.4798135968416,FALSE,FALSE,NA,NA,NA,REMIND-MAgPIE 1.7-3.0 | CD | 2C
Full,R10LATIN_AM,2C,total_energy_jobyears_per_1k,Employment,"total energy-sector job-years per 1,000 people",FALSE,REMIND,REMIND-MAgPIE 1.7-3.0,COMMIT,0,4,NA,448.07343532418884,FALSE,FALSE,NA,NA,NA,REMIND-MAgPIE 1.7-3.0 | COMMIT | 2C
Full,R10LATIN_AM,2C,total_energy_jobyears_per_1k,Employment,"total energy-sector job-years per 1,000 people",FALSE,REMIND,REMIND-MAgPIE 1.7-3.0,PEP,0,5,NA,458.8579617717639,FALSE,FALSE,NA,NA,NA,REMIND-MAgPIE 1.7-3.0 | PEP | 2C
Full,R10LATIN_AM,2C,total_energy_jobyears_per_1k,Employment,"total energy-sector job-years per 1,000 people",FALSE,REMIND,REMIND-MAgPIE 2.0-4.1,Diff,0,4,NA,476.29628284059027,FALSE,FALSE,NA,NA,NA,REMIND-MAgPIE 2.0-4.1 | Diff | 2C
Full,R10LATIN_AM,2C,total_energy_jobyears_per_1k,Employment,"total energy-sector job-years per 1,000 people",FALSE,REMIND,REMIND-MAgPIE 2.1-4.2,CEMICS,0,3,NA,554.964129420919,FALSE,FALSE,NA,NA,NA,REMIND-MAgPIE 2.1-4.2 | CEMICS | 2C
Full,R10LATIN_AM,2C,total_energy_jobyears_per_1k,Employment,"total energy-sector job-years per 1,000 people",FALSE,REMIND,REMIND-MAgPIE 2.1-4.2,ENGAGE,0,59,NA,518.7073185281997,FALSE,FALSE,NA,NA,NA,REMIND-MAgPIE 2.1-4.2 | ENGAGE | 2C
Full,R10LATIN_AM,2C,total_energy_jobyears_per_1k,Employment,"total energy-sector job-years per 1,000 people",FALSE,REMIND,REMIND-MAgPIE 2.1-4.2,NGFS Phase 2,0,5,NA,239.95205864189097,FALSE,FALSE,NA,NA,NA,REMIND-MAgPIE 2.1-4.2 | NGFS Phase 2 | 2C
Full,R10LATIN_AM,2C,total_energy_jobyears_per_1k,Employment,"total energy-sector job-years per 1,000 people",FALSE,REMIND,REMIND-MAgPIE 2.1-4.2,SusDev,0,3,NA,396.7836587257126,FALSE,FALSE,NA,NA,NA,REMIND-MAgPIE 2.1-4.2 | SusDev | 2C
Full,R10LATIN_AM,2C,total_energy_jobyears_per_1k,Employment,"total energy-sector job-years per 1,000 people",FALSE,REMIND,REMIND-MAgPIE 2.1-4.3,DeepElectrification,0,3,NA,435.2229031351548,FALSE,FALSE,NA,NA,NA,REMIND-MAgPIE 2.1-4.3 | DeepElectrification | 2C
Full,R10LATIN_AM,2C,total_energy_jobyears_per_1k,Employment,"total energy-sector job-years per 1,000 people",FALSE,REMIND,REMIND-MAgPIE 3.2-4.6,SHAPE,0,2,NA,402.9227393911866,FALSE,FALSE,NA,NA,NA,REMIND-MAgPIE 3.2-4.6 | SHAPE | 2C
Full,R10LATIN_AM,2C,total_energy_jobyears_per_1k,Employment,"total energy-sector job-years per 1,000 people",FALSE,REMIND,REMIND-MAgPIE 3.2.0-4.8.0,RESCUE,0,5,NA,441.9455935702264,FALSE,FALSE,NA,NA,NA,REMIND-MAgPIE 3.2.0-4.8.0 | RESCUE | 2C
Full,R10LATIN_AM,2C,total_energy_jobyears_per_1k,Employment,"total energy-sector job-years per 1,000 people",FALSE,REMIND,REMIND-MAgPIE 3.3-4.8,NGFS Phase 5,0,5,NA,389.77462440053824,FALSE,FALSE,NA,NA,NA,REMIND-MAgPIE 3.3-4.8 | NGFS Phase 5 | 2C
Full,R10LATIN_AM,2C,total_energy_jobyears_per_1k,Employment,"total energy-sector job-years per 1,000 people",FALSE,REMIND,REMIND-Transport 2.1,Transport,0,8,NA,601.2112362966166,FALSE,FALSE,NA,NA,NA,REMIND-Transport 2.1 | Transport | 2C
Full,R10LATIN_AM,2C,total_energy_jobyears_per_1k,Employment,"total energy-sector job-years per 1,000 people",FALSE,TIAM,TIAM-ECN 1.1,ENGAGE,12,0,138.35984908886985,NA,FALSE,FALSE,NA,NA,NA,TIAM-ECN 1.1 | ENGAGE | 2C
Full,R10LATIN_AM,2C,total_energy_jobyears_per_1k,Employment,"total energy-sector job-years per 1,000 people",FALSE,WITCH,WITCH 5.0,COMMIT,2,1,556.8208752615683,574.4809102969405,TRUE,FALSE,17.660035035372175,3.1715827872071642,High-RE,WITCH 5.0 | COMMIT | 2C
Full,R10LATIN_AM,2C,total_energy_jobyears_per_1k,Employment,"total energy-sector job-years per 1,000 people",FALSE,WITCH,WITCH 5.0,ENGAGE,0,11,NA,431.8209022857719,FALSE,FALSE,NA,NA,NA,WITCH 5.0 | ENGAGE | 2C
Full,R10LATIN_AM,2C,total_energy_jobyears_per_1k,Employment,"total energy-sector job-years per 1,000 people",FALSE,WITCH,WITCH 5.0,NAVIGATE,0,4,NA,443.12188800323304,FALSE,FALSE,NA,NA,NA,WITCH 5.0 | NAVIGATE | 2C
Full,R10MIDDLE_EAST,1.5C,gap_GJ_pc,DLE gap,GJ per capita of cumulative DLE gap,TRUE,AIM,AIM/CGE V2.2,ENGAGE,1,3,1.129244263241663,0.7956299769876193,TRUE,FALSE,0.33361428625404377,29.543146431079006,High-RE,AIM/CGE V2.2 | ENGAGE | 1.5C
Full,R10MIDDLE_EAST,1.5C,gap_GJ_pc,DLE gap,GJ per capita of cumulative DLE gap,TRUE,GCAM,GCAM 5.3,Deep,7,0,1.1816969800727015,NA,FALSE,FALSE,NA,NA,NA,GCAM 5.3 | Deep | 1.5C
Full,R10MIDDLE_EAST,1.5C,gap_GJ_pc,DLE gap,GJ per capita of cumulative DLE gap,TRUE,GCAM,GCAM 6.0 NGFS,NGFS Phase 5,0,1,NA,1.2634433848189055,FALSE,FALSE,NA,NA,NA,GCAM 6.0 NGFS | NGFS Phase 5 | 1.5C
Full,R10MIDDLE_EAST,1.5C,gap_GJ_pc,DLE gap,GJ per capita of cumulative DLE gap,TRUE,IMAGE,IMAGE 3.2,SSP2021,12,0,2.532050342969524,NA,FALSE,FALSE,NA,NA,NA,IMAGE 3.2 | SSP2021 | 1.5C
Full,R10MIDDLE_EAST,1.5C,gap_GJ_pc,DLE gap,GJ per capita of cumulative DLE gap,TRUE,IMAGE,IMAGE 3.3,GEO7,2,0,5.219831260525117,NA,FALSE,FALSE,NA,NA,NA,IMAGE 3.3 | GEO7 | 1.5C
Full,R10MIDDLE_EAST,1.5C,gap_GJ_pc,DLE gap,GJ per capita of cumulative DLE gap,TRUE,IMAGE,IMAGE 3.3,SHAPE,9,0,1.0297869015310188,NA,FALSE,FALSE,NA,NA,NA,IMAGE 3.3 | SHAPE | 1.5C
Full,R10MIDDLE_EAST,1.5C,gap_GJ_pc,DLE gap,GJ per capita of cumulative DLE gap,TRUE,MESSAGEix,MESSAGEix-GLOBIOM 1.1,ENGAGE,13,0,7.567177313937749,NA,FALSE,FALSE,NA,NA,NA,MESSAGEix-GLOBIOM 1.1 | ENGAGE | 1.5C
Full,R10MIDDLE_EAST,1.5C,gap_GJ_pc,DLE gap,GJ per capita of cumulative DLE gap,TRUE,MESSAGEix,MESSAGEix-GLOBIOM 1.1,NGFS Phase 2,1,0,12.040899819044418,NA,FALSE,FALSE,NA,NA,NA,MESSAGEix-GLOBIOM 1.1 | NGFS Phase 2 | 1.5C
Full,R10MIDDLE_EAST,1.5C,gap_GJ_pc,DLE gap,GJ per capita of cumulative DLE gap,TRUE,MESSAGEix,MESSAGEix-GLOBIOM 1.2,COVID,5,0,9.452519299244145,NA,FALSE,FALSE,NA,NA,NA,MESSAGEix-GLOBIOM 1.2 | COVID | 1.5C
Full,R10MIDDLE_EAST,1.5C,gap_GJ_pc,DLE gap,GJ per capita of cumulative DLE gap,TRUE,MESSAGEix,MESSAGEix-GLOBIOM GEI 1.0,GEI,6,3,4.343988043289315,4.54456728878026,TRUE,TRUE,-0.2005792454909452,-4.617398655155239,High-CDR,MESSAGEix-GLOBIOM GEI 1.0 | GEI | 1.5C
Full,R10MIDDLE_EAST,1.5C,gap_GJ_pc,DLE gap,GJ per capita of cumulative DLE gap,TRUE,POLES,POLES-JRC ENGAGE,ENGAGE,4,1,3.8838812680749877,3.0644820065259424,TRUE,FALSE,0.8193992615490453,21.097433340313554,High-RE,POLES-JRC ENGAGE | ENGAGE | 1.5C
Full,R10MIDDLE_EAST,1.5C,gap_GJ_pc,DLE gap,GJ per capita of cumulative DLE gap,TRUE,REMIND,REMIND 2.1,CEMICS,0,4,NA,6.673170372322293,FALSE,FALSE,NA,NA,NA,REMIND 2.1 | CEMICS | 1.5C
Full,R10MIDDLE_EAST,1.5C,gap_GJ_pc,DLE gap,GJ per capita of cumulative DLE gap,TRUE,REMIND,REMIND 2.1,R2p1,0,2,NA,5.654340976962412,FALSE,FALSE,NA,NA,NA,REMIND 2.1 | R2p1 | 1.5C
Full,R10MIDDLE_EAST,1.5C,gap_GJ_pc,DLE gap,GJ per capita of cumulative DLE gap,TRUE,REMIND,REMIND 3.0,ENGAGE,0,2,NA,12.838392012453648,FALSE,FALSE,NA,NA,NA,REMIND 3.0 | ENGAGE | 1.5C
Full,R10MIDDLE_EAST,1.5C,gap_GJ_pc,DLE gap,GJ per capita of cumulative DLE gap,TRUE,REMIND,REMIND 3.0,NAVIGATE,1,0,10.226214276240778,NA,FALSE,FALSE,NA,NA,NA,REMIND 3.0 | NAVIGATE | 1.5C
Full,R10MIDDLE_EAST,1.5C,gap_GJ_pc,DLE gap,GJ per capita of cumulative DLE gap,TRUE,REMIND,REMIND-Buildings 2.0,BEG,0,2,NA,7.46654779384191,FALSE,FALSE,NA,NA,NA,REMIND-Buildings 2.0 | BEG | 1.5C
Full,R10MIDDLE_EAST,1.5C,gap_GJ_pc,DLE gap,GJ per capita of cumulative DLE gap,TRUE,REMIND,REMIND-MAgPIE 1.7-3.0,CD,0,4,NA,3.4953407840242505,FALSE,FALSE,NA,NA,NA,REMIND-MAgPIE 1.7-3.0 | CD | 1.5C
Full,R10MIDDLE_EAST,1.5C,gap_GJ_pc,DLE gap,GJ per capita of cumulative DLE gap,TRUE,REMIND,REMIND-MAgPIE 1.7-3.0,COMMIT,0,3,NA,3.036706661006059,FALSE,FALSE,NA,NA,NA,REMIND-MAgPIE 1.7-3.0 | COMMIT | 1.5C
Full,R10MIDDLE_EAST,1.5C,gap_GJ_pc,DLE gap,GJ per capita of cumulative DLE gap,TRUE,REMIND,REMIND-MAgPIE 1.7-3.0,PEP,0,13,NA,3.6993653120378576,FALSE,FALSE,NA,NA,NA,REMIND-MAgPIE 1.7-3.0 | PEP | 1.5C
Full,R10MIDDLE_EAST,1.5C,gap_GJ_pc,DLE gap,GJ per capita of cumulative DLE gap,TRUE,REMIND,REMIND-MAgPIE 2.1-4.2,CEMICS,0,3,NA,9.780009828663289,FALSE,FALSE,NA,NA,NA,REMIND-MAgPIE 2.1-4.2 | CEMICS | 1.5C
Full,R10MIDDLE_EAST,1.5C,gap_GJ_pc,DLE gap,GJ per capita of cumulative DLE gap,TRUE,REMIND,REMIND-MAgPIE 2.1-4.2,ENGAGE,0,19,NA,6.194157605172957,FALSE,FALSE,NA,NA,NA,REMIND-MAgPIE 2.1-4.2 | ENGAGE | 1.5C
Full,R10MIDDLE_EAST,1.5C,gap_GJ_pc,DLE gap,GJ per capita of cumulative DLE gap,TRUE,REMIND,REMIND-MAgPIE 2.1-4.2,SusDev,0,2,NA,7.746506517391543,FALSE,FALSE,NA,NA,NA,REMIND-MAgPIE 2.1-4.2 | SusDev | 1.5C
Full,R10MIDDLE_EAST,1.5C,gap_GJ_pc,DLE gap,GJ per capita of cumulative DLE gap,TRUE,REMIND,REMIND-MAgPIE 2.1-4.3,DeepElectrification,0,1,NA,8.926404634648051,FALSE,FALSE,NA,NA,NA,REMIND-MAgPIE 2.1-4.3 | DeepElectrification | 1.5C
Full,R10MIDDLE_EAST,1.5C,gap_GJ_pc,DLE gap,GJ per capita of cumulative DLE gap,TRUE,REMIND,REMIND-MAgPIE 3.2.0-4.8.0,RESCUE,0,3,NA,4.909930820847598,FALSE,FALSE,NA,NA,NA,REMIND-MAgPIE 3.2.0-4.8.0 | RESCUE | 1.5C
Full,R10MIDDLE_EAST,1.5C,gap_GJ_pc,DLE gap,GJ per capita of cumulative DLE gap,TRUE,REMIND,REMIND-MAgPIE 3.3-4.8,NGFS Phase 5,0,1,NA,8.408818629741354,FALSE,FALSE,NA,NA,NA,REMIND-MAgPIE 3.3-4.8 | NGFS Phase 5 | 1.5C
Full,R10MIDDLE_EAST,1.5C,gap_GJ_pc,DLE gap,GJ per capita of cumulative DLE gap,TRUE,WITCH,WITCH 5.0,ENGAGE,6,0,14.674994881345093,NA,FALSE,FALSE,NA,NA,NA,WITCH 5.0 | ENGAGE | 1.5C
Full,R10MIDDLE_EAST,1.5C,headcount_pct,Deprived share,population-year-weighted mean % below the DLE threshold,TRUE,AIM,AIM/CGE V2.2,ENGAGE,1,3,0.6256190901661906,0.5577381876095127,TRUE,FALSE,0.06788090255667789,10.850196808835532,High-RE,AIM/CGE V2.2 | ENGAGE | 1.5C
Full,R10MIDDLE_EAST,1.5C,headcount_pct,Deprived share,population-year-weighted mean % below the DLE threshold,TRUE,GCAM,GCAM 5.3,Deep,7,0,0.6330202524649253,NA,FALSE,FALSE,NA,NA,NA,GCAM 5.3 | Deep | 1.5C
Full,R10MIDDLE_EAST,1.5C,headcount_pct,Deprived share,population-year-weighted mean % below the DLE threshold,TRUE,GCAM,GCAM 6.0 NGFS,NGFS Phase 5,0,1,NA,0.6962252832551211,FALSE,FALSE,NA,NA,NA,GCAM 6.0 NGFS | NGFS Phase 5 | 1.5C
Full,R10MIDDLE_EAST,1.5C,headcount_pct,Deprived share,population-year-weighted mean % below the DLE threshold,TRUE,IMAGE,IMAGE 3.2,SSP2021,12,0,1.6052443922739008,NA,FALSE,FALSE,NA,NA,NA,IMAGE 3.2 | SSP2021 | 1.5C
Full,R10MIDDLE_EAST,1.5C,headcount_pct,Deprived share,population-year-weighted mean % below the DLE threshold,TRUE,IMAGE,IMAGE 3.3,GEO7,2,0,3.2081649958283305,NA,FALSE,FALSE,NA,NA,NA,IMAGE 3.3 | GEO7 | 1.5C
Full,R10MIDDLE_EAST,1.5C,headcount_pct,Deprived share,population-year-weighted mean % below the DLE threshold,TRUE,IMAGE,IMAGE 3.3,SHAPE,9,0,0.6406053902196299,NA,FALSE,FALSE,NA,NA,NA,IMAGE 3.3 | SHAPE | 1.5C
Full,R10MIDDLE_EAST,1.5C,headcount_pct,Deprived share,population-year-weighted mean % below the DLE threshold,TRUE,MESSAGEix,MESSAGEix-GLOBIOM 1.1,ENGAGE,13,0,1.8223127114851263,NA,FALSE,FALSE,NA,NA,NA,MESSAGEix-GLOBIOM 1.1 | ENGAGE | 1.5C
Full,R10MIDDLE_EAST,1.5C,headcount_pct,Deprived share,population-year-weighted mean % below the DLE threshold,TRUE,MESSAGEix,MESSAGEix-GLOBIOM 1.1,NGFS Phase 2,1,0,2.706032440074994,NA,FALSE,FALSE,NA,NA,NA,MESSAGEix-GLOBIOM 1.1 | NGFS Phase 2 | 1.5C
Full,R10MIDDLE_EAST,1.5C,headcount_pct,Deprived share,population-year-weighted mean % below the DLE threshold,TRUE,MESSAGEix,MESSAGEix-GLOBIOM 1.2,COVID,5,0,2.157103445072775,NA,FALSE,FALSE,NA,NA,NA,MESSAGEix-GLOBIOM 1.2 | COVID | 1.5C
Full,R10MIDDLE_EAST,1.5C,headcount_pct,Deprived share,population-year-weighted mean % below the DLE threshold,TRUE,MESSAGEix,MESSAGEix-GLOBIOM GEI 1.0,GEI,6,3,0.9634075659207684,1.0084446003712413,TRUE,TRUE,-0.04503703445047291,-4.674764455210517,High-CDR,MESSAGEix-GLOBIOM GEI 1.0 | GEI | 1.5C
Full,R10MIDDLE_EAST,1.5C,headcount_pct,Deprived share,population-year-weighted mean % below the DLE threshold,TRUE,POLES,POLES-JRC ENGAGE,ENGAGE,4,1,2.307198471728321,1.5312089284621566,TRUE,FALSE,0.7759895432661643,33.6334109429637,High-RE,POLES-JRC ENGAGE | ENGAGE | 1.5C
Full,R10MIDDLE_EAST,1.5C,headcount_pct,Deprived share,population-year-weighted mean % below the DLE threshold,TRUE,REMIND,REMIND 2.1,CEMICS,0,4,NA,1.6670917662431806,FALSE,FALSE,NA,NA,NA,REMIND 2.1 | CEMICS | 1.5C
Full,R10MIDDLE_EAST,1.5C,headcount_pct,Deprived share,population-year-weighted mean % below the DLE threshold,TRUE,REMIND,REMIND 2.1,R2p1,0,2,NA,1.4726808884964229,FALSE,FALSE,NA,NA,NA,REMIND 2.1 | R2p1 | 1.5C
Full,R10MIDDLE_EAST,1.5C,headcount_pct,Deprived share,population-year-weighted mean % below the DLE threshold,TRUE,REMIND,REMIND 3.0,ENGAGE,0,2,NA,3.0512787776773753,FALSE,FALSE,NA,NA,NA,REMIND 3.0 | ENGAGE | 1.5C
Full,R10MIDDLE_EAST,1.5C,headcount_pct,Deprived share,population-year-weighted mean % below the DLE threshold,TRUE,REMIND,REMIND 3.0,NAVIGATE,1,0,2.880803311193094,NA,FALSE,FALSE,NA,NA,NA,REMIND 3.0 | NAVIGATE | 1.5C
Full,R10MIDDLE_EAST,1.5C,headcount_pct,Deprived share,population-year-weighted mean % below the DLE threshold,TRUE,REMIND,REMIND-Buildings 2.0,BEG,0,2,NA,1.8508533617139258,FALSE,FALSE,NA,NA,NA,REMIND-Buildings 2.0 | BEG | 1.5C
Full,R10MIDDLE_EAST,1.5C,headcount_pct,Deprived share,population-year-weighted mean % below the DLE threshold,TRUE,REMIND,REMIND-MAgPIE 1.7-3.0,CD,0,4,NA,0.9309344725735766,FALSE,FALSE,NA,NA,NA,REMIND-MAgPIE 1.7-3.0 | CD | 1.5C
Full,R10MIDDLE_EAST,1.5C,headcount_pct,Deprived share,population-year-weighted mean % below the DLE threshold,TRUE,REMIND,REMIND-MAgPIE 1.7-3.0,COMMIT,0,3,NA,0.8160372323810876,FALSE,FALSE,NA,NA,NA,REMIND-MAgPIE 1.7-3.0 | COMMIT | 1.5C
Full,R10MIDDLE_EAST,1.5C,headcount_pct,Deprived share,population-year-weighted mean % below the DLE threshold,TRUE,REMIND,REMIND-MAgPIE 1.7-3.0,PEP,0,13,NA,1.0243077804427918,FALSE,FALSE,NA,NA,NA,REMIND-MAgPIE 1.7-3.0 | PEP | 1.5C
Full,R10MIDDLE_EAST,1.5C,headcount_pct,Deprived share,population-year-weighted mean % below the DLE threshold,TRUE,REMIND,REMIND-MAgPIE 2.1-4.2,CEMICS,0,3,NA,2.5352787904592384,FALSE,FALSE,NA,NA,NA,REMIND-MAgPIE 2.1-4.2 | CEMICS | 1.5C
Full,R10MIDDLE_EAST,1.5C,headcount_pct,Deprived share,population-year-weighted mean % below the DLE threshold,TRUE,REMIND,REMIND-MAgPIE 2.1-4.2,ENGAGE,0,19,NA,1.5185658740754864,FALSE,FALSE,NA,NA,NA,REMIND-MAgPIE 2.1-4.2 | ENGAGE | 1.5C
Full,R10MIDDLE_EAST,1.5C,headcount_pct,Deprived share,population-year-weighted mean % below the DLE threshold,TRUE,REMIND,REMIND-MAgPIE 2.1-4.2,SusDev,0,2,NA,2.3291367991343224,FALSE,FALSE,NA,NA,NA,REMIND-MAgPIE 2.1-4.2 | SusDev | 1.5C
Full,R10MIDDLE_EAST,1.5C,headcount_pct,Deprived share,population-year-weighted mean % below the DLE threshold,TRUE,REMIND,REMIND-MAgPIE 2.1-4.3,DeepElectrification,0,1,NA,2.2507970926557643,FALSE,FALSE,NA,NA,NA,REMIND-MAgPIE 2.1-4.3 | DeepElectrification | 1.5C
Full,R10MIDDLE_EAST,1.5C,headcount_pct,Deprived share,population-year-weighted mean % below the DLE threshold,TRUE,REMIND,REMIND-MAgPIE 3.2.0-4.8.0,RESCUE,0,3,NA,1.2425661421471177,FALSE,FALSE,NA,NA,NA,REMIND-MAgPIE 3.2.0-4.8.0 | RESCUE | 1.5C
Full,R10MIDDLE_EAST,1.5C,headcount_pct,Deprived share,population-year-weighted mean % below the DLE threshold,TRUE,REMIND,REMIND-MAgPIE 3.3-4.8,NGFS Phase 5,0,1,NA,2.0282422602179397,FALSE,FALSE,NA,NA,NA,REMIND-MAgPIE 3.3-4.8 | NGFS Phase 5 | 1.5C
Full,R10MIDDLE_EAST,1.5C,headcount_pct,Deprived share,population-year-weighted mean % below the DLE threshold,TRUE,WITCH,WITCH 5.0,ENGAGE,6,0,3.643018742038701,NA,FALSE,FALSE,NA,NA,NA,WITCH 5.0 | ENGAGE | 1.5C
Full,R10MIDDLE_EAST,1.5C,mortality_million_deaths,PM2.5 mortality,million cumulative PM2.5-attributable deaths,TRUE,AIM,AIM/CGE V2.2,ENGAGE,1,0,42.889415,NA,FALSE,FALSE,NA,NA,NA,AIM/CGE V2.2 | ENGAGE | 1.5C
Full,R10MIDDLE_EAST,1.5C,mortality_million_deaths,PM2.5 mortality,million cumulative PM2.5-attributable deaths,TRUE,GCAM,GCAM 6.0 NGFS,NGFS Phase 5,0,1,NA,44.78591,FALSE,FALSE,NA,NA,NA,GCAM 6.0 NGFS | NGFS Phase 5 | 1.5C
Full,R10MIDDLE_EAST,1.5C,mortality_million_deaths,PM2.5 mortality,million cumulative PM2.5-attributable deaths,TRUE,IMAGE,IMAGE 3.2,SSP2021,12,0,43.777325,NA,FALSE,FALSE,NA,NA,NA,IMAGE 3.2 | SSP2021 | 1.5C
Full,R10MIDDLE_EAST,1.5C,mortality_million_deaths,PM2.5 mortality,million cumulative PM2.5-attributable deaths,TRUE,IMAGE,IMAGE 3.3,GEO7,2,0,42.308342499999995,NA,FALSE,FALSE,NA,NA,NA,IMAGE 3.3 | GEO7 | 1.5C
Full,R10MIDDLE_EAST,1.5C,mortality_million_deaths,PM2.5 mortality,million cumulative PM2.5-attributable deaths,TRUE,IMAGE,IMAGE 3.3,SHAPE,9,0,43.628795,NA,FALSE,FALSE,NA,NA,NA,IMAGE 3.3 | SHAPE | 1.5C
Full,R10MIDDLE_EAST,1.5C,mortality_million_deaths,PM2.5 mortality,million cumulative PM2.5-attributable deaths,TRUE,MESSAGEix,MESSAGEix-GLOBIOM 1.1,ENGAGE,11,0,58.94052,NA,FALSE,FALSE,NA,NA,NA,MESSAGEix-GLOBIOM 1.1 | ENGAGE | 1.5C
Full,R10MIDDLE_EAST,1.5C,mortality_million_deaths,PM2.5 mortality,million cumulative PM2.5-attributable deaths,TRUE,MESSAGEix,MESSAGEix-GLOBIOM 1.1,NGFS Phase 2,1,0,59.080045,NA,FALSE,FALSE,NA,NA,NA,MESSAGEix-GLOBIOM 1.1 | NGFS Phase 2 | 1.5C
Full,R10MIDDLE_EAST,1.5C,mortality_million_deaths,PM2.5 mortality,million cumulative PM2.5-attributable deaths,TRUE,MESSAGEix,MESSAGEix-GLOBIOM 1.2,COVID,5,0,58.889965,NA,FALSE,FALSE,NA,NA,NA,MESSAGEix-GLOBIOM 1.2 | COVID | 1.5C
Full,R10MIDDLE_EAST,1.5C,mortality_million_deaths,PM2.5 mortality,million cumulative PM2.5-attributable deaths,TRUE,MESSAGEix,MESSAGEix-GLOBIOM GEI 1.0,GEI,6,3,57.123275,53.47191,TRUE,TRUE,3.6513649999999984,6.392079235653065,High-RE,MESSAGEix-GLOBIOM GEI 1.0 | GEI | 1.5C
Full,R10MIDDLE_EAST,1.5C,mortality_million_deaths,PM2.5 mortality,million cumulative PM2.5-attributable deaths,TRUE,POLES,POLES-JRC ENGAGE,ENGAGE,4,0,42.866065000000006,NA,FALSE,FALSE,NA,NA,NA,POLES-JRC ENGAGE | ENGAGE | 1.5C
Full,R10MIDDLE_EAST,1.5C,mortality_million_deaths,PM2.5 mortality,million cumulative PM2.5-attributable deaths,TRUE,REMIND,REMIND 2.1,R2p1,0,2,NA,46.200395,FALSE,FALSE,NA,NA,NA,REMIND 2.1 | R2p1 | 1.5C
Full,R10MIDDLE_EAST,1.5C,mortality_million_deaths,PM2.5 mortality,million cumulative PM2.5-attributable deaths,TRUE,REMIND,REMIND-Buildings 2.0,BEG,0,2,NA,46.2951425,FALSE,FALSE,NA,NA,NA,REMIND-Buildings 2.0 | BEG | 1.5C
Full,R10MIDDLE_EAST,1.5C,mortality_million_deaths,PM2.5 mortality,million cumulative PM2.5-attributable deaths,TRUE,REMIND,REMIND-MAgPIE 1.7-3.0,CD,0,4,NA,46.8416675,FALSE,FALSE,NA,NA,NA,REMIND-MAgPIE 1.7-3.0 | CD | 1.5C
Full,R10MIDDLE_EAST,1.5C,mortality_million_deaths,PM2.5 mortality,million cumulative PM2.5-attributable deaths,TRUE,REMIND,REMIND-MAgPIE 1.7-3.0,COMMIT,0,3,NA,46.913505,FALSE,FALSE,NA,NA,NA,REMIND-MAgPIE 1.7-3.0 | COMMIT | 1.5C
Full,R10MIDDLE_EAST,1.5C,mortality_million_deaths,PM2.5 mortality,million cumulative PM2.5-attributable deaths,TRUE,REMIND,REMIND-MAgPIE 1.7-3.0,PEP,0,13,NA,46.14054,FALSE,FALSE,NA,NA,NA,REMIND-MAgPIE 1.7-3.0 | PEP | 1.5C
Full,R10MIDDLE_EAST,1.5C,mortality_million_deaths,PM2.5 mortality,million cumulative PM2.5-attributable deaths,TRUE,REMIND,REMIND-MAgPIE 2.1-4.2,ENGAGE,0,19,NA,46.20705,FALSE,FALSE,NA,NA,NA,REMIND-MAgPIE 2.1-4.2 | ENGAGE | 1.5C
Full,R10MIDDLE_EAST,1.5C,mortality_million_deaths,PM2.5 mortality,million cumulative PM2.5-attributable deaths,TRUE,REMIND,REMIND-MAgPIE 2.1-4.2,SusDev,0,2,NA,45.941919999999996,FALSE,FALSE,NA,NA,NA,REMIND-MAgPIE 2.1-4.2 | SusDev | 1.5C
Full,R10MIDDLE_EAST,1.5C,mortality_million_deaths,PM2.5 mortality,million cumulative PM2.5-attributable deaths,TRUE,REMIND,REMIND-MAgPIE 2.1-4.3,DeepElectrification,0,1,NA,45.8178,FALSE,FALSE,NA,NA,NA,REMIND-MAgPIE 2.1-4.3 | DeepElectrification | 1.5C
Full,R10MIDDLE_EAST,1.5C,mortality_million_deaths,PM2.5 mortality,million cumulative PM2.5-attributable deaths,TRUE,REMIND,REMIND-MAgPIE 3.2.0-4.8.0,RESCUE,0,3,NA,46.55683,FALSE,FALSE,NA,NA,NA,REMIND-MAgPIE 3.2.0-4.8.0 | RESCUE | 1.5C
Full,R10MIDDLE_EAST,1.5C,mortality_million_deaths,PM2.5 mortality,million cumulative PM2.5-attributable deaths,TRUE,REMIND,REMIND-MAgPIE 3.3-4.8,NGFS Phase 5,0,1,NA,48.691835,FALSE,FALSE,NA,NA,NA,REMIND-MAgPIE 3.3-4.8 | NGFS Phase 5 | 1.5C
Full,R10MIDDLE_EAST,1.5C,mortality_million_deaths,PM2.5 mortality,million cumulative PM2.5-attributable deaths,TRUE,WITCH,WITCH 5.0,ENGAGE,6,0,67.4981375,NA,FALSE,FALSE,NA,NA,NA,WITCH 5.0 | ENGAGE | 1.5C
Full,R10MIDDLE_EAST,1.5C,total_energy_jobyears_per_1k,Employment,"total energy-sector job-years per 1,000 people",FALSE,AIM,AIM/CGE V2.2,ENGAGE,1,3,567.0919872825815,496.7824351018834,TRUE,FALSE,-70.30955218069812,-12.398262320300239,High-CDR,AIM/CGE V2.2 | ENGAGE | 1.5C
Full,R10MIDDLE_EAST,1.5C,total_energy_jobyears_per_1k,Employment,"total energy-sector job-years per 1,000 people",FALSE,GCAM,GCAM 6.0 NGFS,NGFS Phase 5,0,1,NA,589.3857539577606,FALSE,FALSE,NA,NA,NA,GCAM 6.0 NGFS | NGFS Phase 5 | 1.5C
Full,R10MIDDLE_EAST,1.5C,total_energy_jobyears_per_1k,Employment,"total energy-sector job-years per 1,000 people",FALSE,IMAGE,IMAGE 3.2,SSP2021,12,0,912.1077301168366,NA,FALSE,FALSE,NA,NA,NA,IMAGE 3.2 | SSP2021 | 1.5C
Full,R10MIDDLE_EAST,1.5C,total_energy_jobyears_per_1k,Employment,"total energy-sector job-years per 1,000 people",FALSE,IMAGE,IMAGE 3.3,SHAPE,9,0,385.1845949521824,NA,FALSE,FALSE,NA,NA,NA,IMAGE 3.3 | SHAPE | 1.5C
Full,R10MIDDLE_EAST,1.5C,total_energy_jobyears_per_1k,Employment,"total energy-sector job-years per 1,000 people",FALSE,MESSAGEix,MESSAGEix-GLOBIOM 1.1,ENGAGE,13,0,484.45717185143275,NA,FALSE,FALSE,NA,NA,NA,MESSAGEix-GLOBIOM 1.1 | ENGAGE | 1.5C
Full,R10MIDDLE_EAST,1.5C,total_energy_jobyears_per_1k,Employment,"total energy-sector job-years per 1,000 people",FALSE,MESSAGEix,MESSAGEix-GLOBIOM 1.1,NGFS Phase 2,1,0,464.39372126360445,NA,FALSE,FALSE,NA,NA,NA,MESSAGEix-GLOBIOM 1.1 | NGFS Phase 2 | 1.5C
Full,R10MIDDLE_EAST,1.5C,total_energy_jobyears_per_1k,Employment,"total energy-sector job-years per 1,000 people",FALSE,MESSAGEix,MESSAGEix-GLOBIOM 1.2,COVID,5,0,0.020234767402360198,NA,FALSE,FALSE,NA,NA,NA,MESSAGEix-GLOBIOM 1.2 | COVID | 1.5C
Full,R10MIDDLE_EAST,1.5C,total_energy_jobyears_per_1k,Employment,"total energy-sector job-years per 1,000 people",FALSE,MESSAGEix,MESSAGEix-GLOBIOM GEI 1.0,GEI,6,3,476.8874360495333,477.87648992861716,TRUE,TRUE,0.9890538790838832,0.20739776398327095,High-RE,MESSAGEix-GLOBIOM GEI 1.0 | GEI | 1.5C
Full,R10MIDDLE_EAST,1.5C,total_energy_jobyears_per_1k,Employment,"total energy-sector job-years per 1,000 people",FALSE,POLES,POLES-JRC ENGAGE,ENGAGE,4,1,301.1037383963785,389.17173975604044,TRUE,FALSE,88.06800135966193,29.24839187606751,High-RE,POLES-JRC ENGAGE | ENGAGE | 1.5C
Full,R10MIDDLE_EAST,1.5C,total_energy_jobyears_per_1k,Employment,"total energy-sector job-years per 1,000 people",FALSE,REMIND,REMIND 2.1,CEMICS,0,4,NA,1136.692848427,FALSE,FALSE,NA,NA,NA,REMIND 2.1 | CEMICS | 1.5C
Full,R10MIDDLE_EAST,1.5C,total_energy_jobyears_per_1k,Employment,"total energy-sector job-years per 1,000 people",FALSE,REMIND,REMIND 2.1,R2p1,0,2,NA,829.027166422,FALSE,FALSE,NA,NA,NA,REMIND 2.1 | R2p1 | 1.5C
Full,R10MIDDLE_EAST,1.5C,total_energy_jobyears_per_1k,Employment,"total energy-sector job-years per 1,000 people",FALSE,REMIND,REMIND 3.0,ENGAGE,0,2,NA,880.8453528605257,FALSE,FALSE,NA,NA,NA,REMIND 3.0 | ENGAGE | 1.5C
Full,R10MIDDLE_EAST,1.5C,total_energy_jobyears_per_1k,Employment,"total energy-sector job-years per 1,000 people",FALSE,REMIND,REMIND 3.0,NAVIGATE,1,0,602.3224036439866,NA,FALSE,FALSE,NA,NA,NA,REMIND 3.0 | NAVIGATE | 1.5C
Full,R10MIDDLE_EAST,1.5C,total_energy_jobyears_per_1k,Employment,"total energy-sector job-years per 1,000 people",FALSE,REMIND,REMIND-Buildings 2.0,BEG,0,2,NA,844.1349668346868,FALSE,FALSE,NA,NA,NA,REMIND-Buildings 2.0 | BEG | 1.5C
Full,R10MIDDLE_EAST,1.5C,total_energy_jobyears_per_1k,Employment,"total energy-sector job-years per 1,000 people",FALSE,REMIND,REMIND-MAgPIE 1.7-3.0,CD,0,4,NA,921.9329020643909,FALSE,FALSE,NA,NA,NA,REMIND-MAgPIE 1.7-3.0 | CD | 1.5C
Full,R10MIDDLE_EAST,1.5C,total_energy_jobyears_per_1k,Employment,"total energy-sector job-years per 1,000 people",FALSE,REMIND,REMIND-MAgPIE 1.7-3.0,COMMIT,0,3,NA,855.9767911600121,FALSE,FALSE,NA,NA,NA,REMIND-MAgPIE 1.7-3.0 | COMMIT | 1.5C
Full,R10MIDDLE_EAST,1.5C,total_energy_jobyears_per_1k,Employment,"total energy-sector job-years per 1,000 people",FALSE,REMIND,REMIND-MAgPIE 1.7-3.0,PEP,0,13,NA,988.5215378328709,FALSE,FALSE,NA,NA,NA,REMIND-MAgPIE 1.7-3.0 | PEP | 1.5C
Full,R10MIDDLE_EAST,1.5C,total_energy_jobyears_per_1k,Employment,"total energy-sector job-years per 1,000 people",FALSE,REMIND,REMIND-MAgPIE 2.1-4.2,CEMICS,0,3,NA,824.2959766168512,FALSE,FALSE,NA,NA,NA,REMIND-MAgPIE 2.1-4.2 | CEMICS | 1.5C
Full,R10MIDDLE_EAST,1.5C,total_energy_jobyears_per_1k,Employment,"total energy-sector job-years per 1,000 people",FALSE,REMIND,REMIND-MAgPIE 2.1-4.2,ENGAGE,0,19,NA,1073.9341268629682,FALSE,FALSE,NA,NA,NA,REMIND-MAgPIE 2.1-4.2 | ENGAGE | 1.5C
Full,R10MIDDLE_EAST,1.5C,total_energy_jobyears_per_1k,Employment,"total energy-sector job-years per 1,000 people",FALSE,REMIND,REMIND-MAgPIE 2.1-4.2,SusDev,0,2,NA,686.0920433648479,FALSE,FALSE,NA,NA,NA,REMIND-MAgPIE 2.1-4.2 | SusDev | 1.5C
Full,R10MIDDLE_EAST,1.5C,total_energy_jobyears_per_1k,Employment,"total energy-sector job-years per 1,000 people",FALSE,REMIND,REMIND-MAgPIE 2.1-4.3,DeepElectrification,0,1,NA,1581.6436847336267,FALSE,FALSE,NA,NA,NA,REMIND-MAgPIE 2.1-4.3 | DeepElectrification | 1.5C
Full,R10MIDDLE_EAST,1.5C,total_energy_jobyears_per_1k,Employment,"total energy-sector job-years per 1,000 people",FALSE,REMIND,REMIND-MAgPIE 3.2.0-4.8.0,RESCUE,0,3,NA,1468.5304886349986,FALSE,FALSE,NA,NA,NA,REMIND-MAgPIE 3.2.0-4.8.0 | RESCUE | 1.5C
Full,R10MIDDLE_EAST,1.5C,total_energy_jobyears_per_1k,Employment,"total energy-sector job-years per 1,000 people",FALSE,REMIND,REMIND-MAgPIE 3.3-4.8,NGFS Phase 5,0,1,NA,926.7566976661075,FALSE,FALSE,NA,NA,NA,REMIND-MAgPIE 3.3-4.8 | NGFS Phase 5 | 1.5C
Full,R10MIDDLE_EAST,1.5C,total_energy_jobyears_per_1k,Employment,"total energy-sector job-years per 1,000 people",FALSE,WITCH,WITCH 5.0,ENGAGE,6,0,574.5300303799288,NA,FALSE,FALSE,NA,NA,NA,WITCH 5.0 | ENGAGE | 1.5C
Full,R10MIDDLE_EAST,2C,gap_GJ_pc,DLE gap,GJ per capita of cumulative DLE gap,TRUE,AIM,AIM/CGE V2.2,ENGAGE,20,11,0.6637367245236376,0.7564290142947909,TRUE,TRUE,-0.09269228977115329,-13.965219392926969,High-CDR,AIM/CGE V2.2 | ENGAGE | 2C
Full,R10MIDDLE_EAST,2C,gap_GJ_pc,DLE gap,GJ per capita of cumulative DLE gap,TRUE,GCAM,GCAM 5.3,Deep,23,0,0.9342711135109146,NA,FALSE,FALSE,NA,NA,NA,GCAM 5.3 | Deep | 2C
Full,R10MIDDLE_EAST,2C,gap_GJ_pc,DLE gap,GJ per capita of cumulative DLE gap,TRUE,GCAM,GCAM 6.0 NGFS,NGFS Phase 5,0,4,NA,0.9153025512005789,FALSE,FALSE,NA,NA,NA,GCAM 6.0 NGFS | NGFS Phase 5 | 2C
Full,R10MIDDLE_EAST,2C,gap_GJ_pc,DLE gap,GJ per capita of cumulative DLE gap,TRUE,GCAM,GCAM 7.0,IAM,3,0,0.38780753890244624,NA,FALSE,FALSE,NA,NA,NA,GCAM 7.0 | IAM | 2C
Full,R10MIDDLE_EAST,2C,gap_GJ_pc,DLE gap,GJ per capita of cumulative DLE gap,TRUE,IMAGE,IMAGE 3.0,ENGAGE,20,0,1.5548954357138678,NA,FALSE,FALSE,NA,NA,NA,IMAGE 3.0 | ENGAGE | 2C
Full,R10MIDDLE_EAST,2C,gap_GJ_pc,DLE gap,GJ per capita of cumulative DLE gap,TRUE,IMAGE,IMAGE 3.2,ENGAGE,9,0,1.3159550526012391,NA,FALSE,FALSE,NA,NA,NA,IMAGE 3.2 | ENGAGE | 2C
Full,R10MIDDLE_EAST,2C,gap_GJ_pc,DLE gap,GJ per capita of cumulative DLE gap,TRUE,IMAGE,IMAGE 3.2,SSP2021,8,2,1.6075665599409992,1.0895369604067486,TRUE,FALSE,0.5180295995342505,32.22445729110359,High-RE,IMAGE 3.2 | SSP2021 | 2C
Full,R10MIDDLE_EAST,2C,gap_GJ_pc,DLE gap,GJ per capita of cumulative DLE gap,TRUE,IMAGE,IMAGE 3.3,NAVIGATE,8,0,1.5909331573943344,NA,FALSE,FALSE,NA,NA,NA,IMAGE 3.3 | NAVIGATE | 2C
Full,R10MIDDLE_EAST,2C,gap_GJ_pc,DLE gap,GJ per capita of cumulative DLE gap,TRUE,MESSAGEix,MESSAGEix-GLOBIOM 1.1,ENGAGE,62,20,5.502630805269263,4.615838176600378,TRUE,TRUE,0.8867926286688848,16.115793700346046,High-RE,MESSAGEix-GLOBIOM 1.1 | ENGAGE | 2C
Full,R10MIDDLE_EAST,2C,gap_GJ_pc,DLE gap,GJ per capita of cumulative DLE gap,TRUE,MESSAGEix,MESSAGEix-GLOBIOM 1.1,NGFS Phase 2,1,1,9.09082353818462,8.888553239791449,TRUE,FALSE,0.2022702983931719,2.2249942212998226,High-RE,MESSAGEix-GLOBIOM 1.1 | NGFS Phase 2 | 2C
Full,R10MIDDLE_EAST,2C,gap_GJ_pc,DLE gap,GJ per capita of cumulative DLE gap,TRUE,MESSAGEix,MESSAGEix-GLOBIOM 1.2,COVID,5,0,6.120684395051382,NA,FALSE,FALSE,NA,NA,NA,MESSAGEix-GLOBIOM 1.2 | COVID | 2C
Full,R10MIDDLE_EAST,2C,gap_GJ_pc,DLE gap,GJ per capita of cumulative DLE gap,TRUE,MESSAGEix,MESSAGEix-GLOBIOM 2.0-M-R12-NGFS,NGFS Phase 5,0,2,NA,3.699487740373996,FALSE,FALSE,NA,NA,NA,MESSAGEix-GLOBIOM 2.0-M-R12-NGFS | NGFS Phase 5 | 2C
Full,R10MIDDLE_EAST,2C,gap_GJ_pc,DLE gap,GJ per capita of cumulative DLE gap,TRUE,MESSAGEix,MESSAGEix-GLOBIOM GEI 1.0,GEI,6,1,4.099712910454038,4.292364184235746,TRUE,FALSE,-0.1926512737817081,-4.699140598124766,High-CDR,MESSAGEix-GLOBIOM GEI 1.0 | GEI | 2C
Full,R10MIDDLE_EAST,2C,gap_GJ_pc,DLE gap,GJ per capita of cumulative DLE gap,TRUE,POLES,POLES-JRC ENGAGE,ENGAGE,56,8,2.3991186733491174,1.9273993341842077,TRUE,TRUE,0.4717193391649097,19.66219280459352,High-RE,POLES-JRC ENGAGE | ENGAGE | 2C
Full,R10MIDDLE_EAST,2C,gap_GJ_pc,DLE gap,GJ per capita of cumulative DLE gap,TRUE,REMIND,REMIND 2.1,CEMICS,0,5,NA,5.133608067760635,FALSE,FALSE,NA,NA,NA,REMIND 2.1 | CEMICS | 2C
Full,R10MIDDLE_EAST,2C,gap_GJ_pc,DLE gap,GJ per capita of cumulative DLE gap,TRUE,REMIND,REMIND 2.1,LeastTotalCost,0,11,NA,5.853835761572041,FALSE,FALSE,NA,NA,NA,REMIND 2.1 | LeastTotalCost | 2C
Full,R10MIDDLE_EAST,2C,gap_GJ_pc,DLE gap,GJ per capita of cumulative DLE gap,TRUE,REMIND,REMIND 2.1,R2p1,0,8,NA,4.398140593150513,FALSE,FALSE,NA,NA,NA,REMIND 2.1 | R2p1 | 2C
Full,R10MIDDLE_EAST,2C,gap_GJ_pc,DLE gap,GJ per capita of cumulative DLE gap,TRUE,REMIND,REMIND 2.1,TechCost,0,9,NA,5.732848364842163,FALSE,FALSE,NA,NA,NA,REMIND 2.1 | TechCost | 2C
Full,R10MIDDLE_EAST,2C,gap_GJ_pc,DLE gap,GJ per capita of cumulative DLE gap,TRUE,REMIND,REMIND 3.0,ENGAGE,0,14,NA,5.598886351035148,FALSE,FALSE,NA,NA,NA,REMIND 3.0 | ENGAGE | 2C
Full,R10MIDDLE_EAST,2C,gap_GJ_pc,DLE gap,GJ per capita of cumulative DLE gap,TRUE,REMIND,REMIND 3.0,NAVIGATE,0,7,NA,5.78307505446505,FALSE,FALSE,NA,NA,NA,REMIND 3.0 | NAVIGATE | 2C
Full,R10MIDDLE_EAST,2C,gap_GJ_pc,DLE gap,GJ per capita of cumulative DLE gap,TRUE,REMIND,REMIND-MAgPIE 1.7-3.0,CD,0,5,NA,2.481010189858886,FALSE,FALSE,NA,NA,NA,REMIND-MAgPIE 1.7-3.0 | CD | 2C
Full,R10MIDDLE_EAST,2C,gap_GJ_pc,DLE gap,GJ per capita of cumulative DLE gap,TRUE,REMIND,REMIND-MAgPIE 1.7-3.0,COMMIT,0,4,NA,2.0787009702428785,FALSE,FALSE,NA,NA,NA,REMIND-MAgPIE 1.7-3.0 | COMMIT | 2C
Full,R10MIDDLE_EAST,2C,gap_GJ_pc,DLE gap,GJ per capita of cumulative DLE gap,TRUE,REMIND,REMIND-MAgPIE 1.7-3.0,PEP,0,5,NA,2.1560714698263777,FALSE,FALSE,NA,NA,NA,REMIND-MAgPIE 1.7-3.0 | PEP | 2C
Full,R10MIDDLE_EAST,2C,gap_GJ_pc,DLE gap,GJ per capita of cumulative DLE gap,TRUE,REMIND,REMIND-MAgPIE 2.0-4.1,Diff,0,4,NA,4.764175864740429,FALSE,FALSE,NA,NA,NA,REMIND-MAgPIE 2.0-4.1 | Diff | 2C
Full,R10MIDDLE_EAST,2C,gap_GJ_pc,DLE gap,GJ per capita of cumulative DLE gap,TRUE,REMIND,REMIND-MAgPIE 2.1-4.2,CEMICS,0,3,NA,5.308821004687053,FALSE,FALSE,NA,NA,NA,REMIND-MAgPIE 2.1-4.2 | CEMICS | 2C
Full,R10MIDDLE_EAST,2C,gap_GJ_pc,DLE gap,GJ per capita of cumulative DLE gap,TRUE,REMIND,REMIND-MAgPIE 2.1-4.2,ENGAGE,0,59,NA,4.984714333111525,FALSE,FALSE,NA,NA,NA,REMIND-MAgPIE 2.1-4.2 | ENGAGE | 2C
Full,R10MIDDLE_EAST,2C,gap_GJ_pc,DLE gap,GJ per capita of cumulative DLE gap,TRUE,REMIND,REMIND-MAgPIE 2.1-4.2,NGFS Phase 2,0,5,NA,11.12321474868316,FALSE,FALSE,NA,NA,NA,REMIND-MAgPIE 2.1-4.2 | NGFS Phase 2 | 2C
Full,R10MIDDLE_EAST,2C,gap_GJ_pc,DLE gap,GJ per capita of cumulative DLE gap,TRUE,REMIND,REMIND-MAgPIE 2.1-4.2,SusDev,0,3,NA,4.5310743922055154,FALSE,FALSE,NA,NA,NA,REMIND-MAgPIE 2.1-4.2 | SusDev | 2C
Full,R10MIDDLE_EAST,2C,gap_GJ_pc,DLE gap,GJ per capita of cumulative DLE gap,TRUE,REMIND,REMIND-MAgPIE 2.1-4.3,DeepElectrification,0,3,NA,5.8948359970518744,FALSE,FALSE,NA,NA,NA,REMIND-MAgPIE 2.1-4.3 | DeepElectrification | 2C
Full,R10MIDDLE_EAST,2C,gap_GJ_pc,DLE gap,GJ per capita of cumulative DLE gap,TRUE,REMIND,REMIND-MAgPIE 3.2-4.6,SHAPE,0,2,NA,3.8134505041401,FALSE,FALSE,NA,NA,NA,REMIND-MAgPIE 3.2-4.6 | SHAPE | 2C
Full,R10MIDDLE_EAST,2C,gap_GJ_pc,DLE gap,GJ per capita of cumulative DLE gap,TRUE,REMIND,REMIND-MAgPIE 3.2.0-4.8.0,RESCUE,0,5,NA,5.433888908518802,FALSE,FALSE,NA,NA,NA,REMIND-MAgPIE 3.2.0-4.8.0 | RESCUE | 2C
Full,R10MIDDLE_EAST,2C,gap_GJ_pc,DLE gap,GJ per capita of cumulative DLE gap,TRUE,REMIND,REMIND-MAgPIE 3.3-4.8,NGFS Phase 5,0,5,NA,4.25077823254295,FALSE,FALSE,NA,NA,NA,REMIND-MAgPIE 3.3-4.8 | NGFS Phase 5 | 2C
Full,R10MIDDLE_EAST,2C,gap_GJ_pc,DLE gap,GJ per capita of cumulative DLE gap,TRUE,REMIND,REMIND-Transport 2.1,Transport,0,8,NA,8.393860616080731,FALSE,FALSE,NA,NA,NA,REMIND-Transport 2.1 | Transport | 2C
Full,R10MIDDLE_EAST,2C,gap_GJ_pc,DLE gap,GJ per capita of cumulative DLE gap,TRUE,WITCH,WITCH 5.0,COMMIT,2,1,12.968258686994426,5.9251506333478625,TRUE,FALSE,7.043108053646564,54.310360578401614,High-RE,WITCH 5.0 | COMMIT | 2C
Full,R10MIDDLE_EAST,2C,gap_GJ_pc,DLE gap,GJ per capita of cumulative DLE gap,TRUE,WITCH,WITCH 5.0,ENGAGE,0,11,NA,5.313039274981725,FALSE,FALSE,NA,NA,NA,WITCH 5.0 | ENGAGE | 2C
Full,R10MIDDLE_EAST,2C,gap_GJ_pc,DLE gap,GJ per capita of cumulative DLE gap,TRUE,WITCH,WITCH 5.0,NAVIGATE,0,4,NA,14.743790065983381,FALSE,FALSE,NA,NA,NA,WITCH 5.0 | NAVIGATE | 2C
Full,R10MIDDLE_EAST,2C,headcount_pct,Deprived share,population-year-weighted mean % below the DLE threshold,TRUE,AIM,AIM/CGE V2.2,ENGAGE,20,11,0.3758349465175359,0.46996503801351514,TRUE,TRUE,-0.09413009149597923,-25.045593116920873,High-CDR,AIM/CGE V2.2 | ENGAGE | 2C
Full,R10MIDDLE_EAST,2C,headcount_pct,Deprived share,population-year-weighted mean % below the DLE threshold,TRUE,GCAM,GCAM 5.3,Deep,23,0,0.4777492959266505,NA,FALSE,FALSE,NA,NA,NA,GCAM 5.3 | Deep | 2C
Full,R10MIDDLE_EAST,2C,headcount_pct,Deprived share,population-year-weighted mean % below the DLE threshold,TRUE,GCAM,GCAM 6.0 NGFS,NGFS Phase 5,0,4,NA,0.47542981541639207,FALSE,FALSE,NA,NA,NA,GCAM 6.0 NGFS | NGFS Phase 5 | 2C
Full,R10MIDDLE_EAST,2C,headcount_pct,Deprived share,population-year-weighted mean % below the DLE threshold,TRUE,GCAM,GCAM 7.0,IAM,3,0,0.20474051992321424,NA,FALSE,FALSE,NA,NA,NA,GCAM 7.0 | IAM | 2C
Full,R10MIDDLE_EAST,2C,headcount_pct,Deprived share,population-year-weighted mean % below the DLE threshold,TRUE,IMAGE,IMAGE 3.0,ENGAGE,20,0,0.8887201914712892,NA,FALSE,FALSE,NA,NA,NA,IMAGE 3.0 | ENGAGE | 2C
Full,R10MIDDLE_EAST,2C,headcount_pct,Deprived share,population-year-weighted mean % below the DLE threshold,TRUE,IMAGE,IMAGE 3.2,ENGAGE,9,0,0.7765950561010818,NA,FALSE,FALSE,NA,NA,NA,IMAGE 3.2 | ENGAGE | 2C
Full,R10MIDDLE_EAST,2C,headcount_pct,Deprived share,population-year-weighted mean % below the DLE threshold,TRUE,IMAGE,IMAGE 3.2,SSP2021,8,2,0.9581808922980911,0.6286438675531951,TRUE,FALSE,0.329537024744896,34.39194283602732,High-RE,IMAGE 3.2 | SSP2021 | 2C
Full,R10MIDDLE_EAST,2C,headcount_pct,Deprived share,population-year-weighted mean % below the DLE threshold,TRUE,IMAGE,IMAGE 3.3,NAVIGATE,8,0,0.9522846540596338,NA,FALSE,FALSE,NA,NA,NA,IMAGE 3.3 | NAVIGATE | 2C
Full,R10MIDDLE_EAST,2C,headcount_pct,Deprived share,population-year-weighted mean % below the DLE threshold,TRUE,MESSAGEix,MESSAGEix-GLOBIOM 1.1,ENGAGE,62,20,1.2528413887804928,1.1233123196780213,TRUE,TRUE,0.12952906910247153,10.338824232854746,High-RE,MESSAGEix-GLOBIOM 1.1 | ENGAGE | 2C
Full,R10MIDDLE_EAST,2C,headcount_pct,Deprived share,population-year-weighted mean % below the DLE threshold,TRUE,MESSAGEix,MESSAGEix-GLOBIOM 1.1,NGFS Phase 2,1,1,2.0278529218832753,2.197814659637028,TRUE,FALSE,-0.16996173775375256,-8.381364147253263,High-CDR,MESSAGEix-GLOBIOM 1.1 | NGFS Phase 2 | 2C
Full,R10MIDDLE_EAST,2C,headcount_pct,Deprived share,population-year-weighted mean % below the DLE threshold,TRUE,MESSAGEix,MESSAGEix-GLOBIOM 1.2,COVID,5,0,1.3964692461039645,NA,FALSE,FALSE,NA,NA,NA,MESSAGEix-GLOBIOM 1.2 | COVID | 2C
Full,R10MIDDLE_EAST,2C,headcount_pct,Deprived share,population-year-weighted mean % below the DLE threshold,TRUE,MESSAGEix,MESSAGEix-GLOBIOM 2.0-M-R12-NGFS,NGFS Phase 5,0,2,NA,0.9622744821895588,FALSE,FALSE,NA,NA,NA,MESSAGEix-GLOBIOM 2.0-M-R12-NGFS | NGFS Phase 5 | 2C
Full,R10MIDDLE_EAST,2C,headcount_pct,Deprived share,population-year-weighted mean % below the DLE threshold,TRUE,MESSAGEix,MESSAGEix-GLOBIOM GEI 1.0,GEI,6,1,0.9010846428287087,0.9497859626501692,TRUE,FALSE,-0.04870131982146053,-5.4047441834738255,High-CDR,MESSAGEix-GLOBIOM GEI 1.0 | GEI | 2C
Full,R10MIDDLE_EAST,2C,headcount_pct,Deprived share,population-year-weighted mean % below the DLE threshold,TRUE,POLES,POLES-JRC ENGAGE,ENGAGE,56,8,1.440608986710386,1.0138886736303492,TRUE,TRUE,0.4267203130800368,29.6208282064412,High-RE,POLES-JRC ENGAGE | ENGAGE | 2C
Full,R10MIDDLE_EAST,2C,headcount_pct,Deprived share,population-year-weighted mean % below the DLE threshold,TRUE,REMIND,REMIND 2.1,CEMICS,0,5,NA,1.3165262833293123,FALSE,FALSE,NA,NA,NA,REMIND 2.1 | CEMICS | 2C
Full,R10MIDDLE_EAST,2C,headcount_pct,Deprived share,population-year-weighted mean % below the DLE threshold,TRUE,REMIND,REMIND 2.1,LeastTotalCost,0,11,NA,1.552711617602647,FALSE,FALSE,NA,NA,NA,REMIND 2.1 | LeastTotalCost | 2C
Full,R10MIDDLE_EAST,2C,headcount_pct,Deprived share,population-year-weighted mean % below the DLE threshold,TRUE,REMIND,REMIND 2.1,R2p1,0,8,NA,1.1124987610850026,FALSE,FALSE,NA,NA,NA,REMIND 2.1 | R2p1 | 2C
Full,R10MIDDLE_EAST,2C,headcount_pct,Deprived share,population-year-weighted mean % below the DLE threshold,TRUE,REMIND,REMIND 2.1,TechCost,0,9,NA,1.508203687813971,FALSE,FALSE,NA,NA,NA,REMIND 2.1 | TechCost | 2C
Full,R10MIDDLE_EAST,2C,headcount_pct,Deprived share,population-year-weighted mean % below the DLE threshold,TRUE,REMIND,REMIND 3.0,ENGAGE,0,14,NA,1.3957378762775694,FALSE,FALSE,NA,NA,NA,REMIND 3.0 | ENGAGE | 2C
Full,R10MIDDLE_EAST,2C,headcount_pct,Deprived share,population-year-weighted mean % below the DLE threshold,TRUE,REMIND,REMIND 3.0,NAVIGATE,0,7,NA,1.4449623148724555,FALSE,FALSE,NA,NA,NA,REMIND 3.0 | NAVIGATE | 2C
Full,R10MIDDLE_EAST,2C,headcount_pct,Deprived share,population-year-weighted mean % below the DLE threshold,TRUE,REMIND,REMIND-MAgPIE 1.7-3.0,CD,0,5,NA,0.5840361769376929,FALSE,FALSE,NA,NA,NA,REMIND-MAgPIE 1.7-3.0 | CD | 2C
Full,R10MIDDLE_EAST,2C,headcount_pct,Deprived share,population-year-weighted mean % below the DLE threshold,TRUE,REMIND,REMIND-MAgPIE 1.7-3.0,COMMIT,0,4,NA,0.5058765936356598,FALSE,FALSE,NA,NA,NA,REMIND-MAgPIE 1.7-3.0 | COMMIT | 2C
Full,R10MIDDLE_EAST,2C,headcount_pct,Deprived share,population-year-weighted mean % below the DLE threshold,TRUE,REMIND,REMIND-MAgPIE 1.7-3.0,PEP,0,5,NA,0.5184897895049749,FALSE,FALSE,NA,NA,NA,REMIND-MAgPIE 1.7-3.0 | PEP | 2C
Full,R10MIDDLE_EAST,2C,headcount_pct,Deprived share,population-year-weighted mean % below the DLE threshold,TRUE,REMIND,REMIND-MAgPIE 2.0-4.1,Diff,0,4,NA,1.1916605899069665,FALSE,FALSE,NA,NA,NA,REMIND-MAgPIE 2.0-4.1 | Diff | 2C
Full,R10MIDDLE_EAST,2C,headcount_pct,Deprived share,population-year-weighted mean % below the DLE threshold,TRUE,REMIND,REMIND-MAgPIE 2.1-4.2,CEMICS,0,3,NA,1.3765421947968508,FALSE,FALSE,NA,NA,NA,REMIND-MAgPIE 2.1-4.2 | CEMICS | 2C
Full,R10MIDDLE_EAST,2C,headcount_pct,Deprived share,population-year-weighted mean % below the DLE threshold,TRUE,REMIND,REMIND-MAgPIE 2.1-4.2,ENGAGE,0,59,NA,1.2741022980311625,FALSE,FALSE,NA,NA,NA,REMIND-MAgPIE 2.1-4.2 | ENGAGE | 2C
Full,R10MIDDLE_EAST,2C,headcount_pct,Deprived share,population-year-weighted mean % below the DLE threshold,TRUE,REMIND,REMIND-MAgPIE 2.1-4.2,NGFS Phase 2,0,5,NA,3.0754645344653375,FALSE,FALSE,NA,NA,NA,REMIND-MAgPIE 2.1-4.2 | NGFS Phase 2 | 2C
Full,R10MIDDLE_EAST,2C,headcount_pct,Deprived share,population-year-weighted mean % below the DLE threshold,TRUE,REMIND,REMIND-MAgPIE 2.1-4.2,SusDev,0,3,NA,1.0880079520379642,FALSE,FALSE,NA,NA,NA,REMIND-MAgPIE 2.1-4.2 | SusDev | 2C
Full,R10MIDDLE_EAST,2C,headcount_pct,Deprived share,population-year-weighted mean % below the DLE threshold,TRUE,REMIND,REMIND-MAgPIE 2.1-4.3,DeepElectrification,0,3,NA,1.5694209245865791,FALSE,FALSE,NA,NA,NA,REMIND-MAgPIE 2.1-4.3 | DeepElectrification | 2C
Full,R10MIDDLE_EAST,2C,headcount_pct,Deprived share,population-year-weighted mean % below the DLE threshold,TRUE,REMIND,REMIND-MAgPIE 3.2-4.6,SHAPE,0,2,NA,0.8172224758506064,FALSE,FALSE,NA,NA,NA,REMIND-MAgPIE 3.2-4.6 | SHAPE | 2C
Full,R10MIDDLE_EAST,2C,headcount_pct,Deprived share,population-year-weighted mean % below the DLE threshold,TRUE,REMIND,REMIND-MAgPIE 3.2.0-4.8.0,RESCUE,0,5,NA,1.3027362248856498,FALSE,FALSE,NA,NA,NA,REMIND-MAgPIE 3.2.0-4.8.0 | RESCUE | 2C
Full,R10MIDDLE_EAST,2C,headcount_pct,Deprived share,population-year-weighted mean % below the DLE threshold,TRUE,REMIND,REMIND-MAgPIE 3.3-4.8,NGFS Phase 5,0,5,NA,0.9423956484808528,FALSE,FALSE,NA,NA,NA,REMIND-MAgPIE 3.3-4.8 | NGFS Phase 5 | 2C
Full,R10MIDDLE_EAST,2C,headcount_pct,Deprived share,population-year-weighted mean % below the DLE threshold,TRUE,REMIND,REMIND-Transport 2.1,Transport,0,8,NA,2.2021782796757132,FALSE,FALSE,NA,NA,NA,REMIND-Transport 2.1 | Transport | 2C
Full,R10MIDDLE_EAST,2C,headcount_pct,Deprived share,population-year-weighted mean % below the DLE threshold,TRUE,WITCH,WITCH 5.0,COMMIT,2,1,3.5792881790710096,1.4768755693269535,TRUE,FALSE,2.1024126097440563,58.73828830093612,High-RE,WITCH 5.0 | COMMIT | 2C
Full,R10MIDDLE_EAST,2C,headcount_pct,Deprived share,population-year-weighted mean % below the DLE threshold,TRUE,WITCH,WITCH 5.0,ENGAGE,0,11,NA,1.5721200367512578,FALSE,FALSE,NA,NA,NA,WITCH 5.0 | ENGAGE | 2C
Full,R10MIDDLE_EAST,2C,headcount_pct,Deprived share,population-year-weighted mean % below the DLE threshold,TRUE,WITCH,WITCH 5.0,NAVIGATE,0,4,NA,4.413101927090878,FALSE,FALSE,NA,NA,NA,WITCH 5.0 | NAVIGATE | 2C
Full,R10MIDDLE_EAST,2C,mortality_million_deaths,PM2.5 mortality,million cumulative PM2.5-attributable deaths,TRUE,AIM,AIM/CGE V2.2,ENGAGE,20,4,43.584554999999995,43.055895,TRUE,TRUE,0.528659999999995,1.2129526158979829,High-RE,AIM/CGE V2.2 | ENGAGE | 2C
Full,R10MIDDLE_EAST,2C,mortality_million_deaths,PM2.5 mortality,million cumulative PM2.5-attributable deaths,TRUE,GCAM,GCAM 6.0 NGFS,NGFS Phase 5,0,4,NA,45.843545000000006,FALSE,FALSE,NA,NA,NA,GCAM 6.0 NGFS | NGFS Phase 5 | 2C
Full,R10MIDDLE_EAST,2C,mortality_million_deaths,PM2.5 mortality,million cumulative PM2.5-attributable deaths,TRUE,GCAM,GCAM 7.0,IAM,3,0,47.493905,NA,FALSE,FALSE,NA,NA,NA,GCAM 7.0 | IAM | 2C
Full,R10MIDDLE_EAST,2C,mortality_million_deaths,PM2.5 mortality,million cumulative PM2.5-attributable deaths,TRUE,IMAGE,IMAGE 3.0,ENGAGE,20,0,47.264062499999994,NA,FALSE,FALSE,NA,NA,NA,IMAGE 3.0 | ENGAGE | 2C
Full,R10MIDDLE_EAST,2C,mortality_million_deaths,PM2.5 mortality,million cumulative PM2.5-attributable deaths,TRUE,IMAGE,IMAGE 3.2,SSP2021,8,2,44.0901225,43.534955,TRUE,FALSE,0.5551675000000031,1.2591652472727948,High-RE,IMAGE 3.2 | SSP2021 | 2C
Full,R10MIDDLE_EAST,2C,mortality_million_deaths,PM2.5 mortality,million cumulative PM2.5-attributable deaths,TRUE,IMAGE,IMAGE 3.3,NAVIGATE,8,0,45.521645,NA,FALSE,FALSE,NA,NA,NA,IMAGE 3.3 | NAVIGATE | 2C
Full,R10MIDDLE_EAST,2C,mortality_million_deaths,PM2.5 mortality,million cumulative PM2.5-attributable deaths,TRUE,MESSAGEix,MESSAGEix-GLOBIOM 1.1,ENGAGE,60,17,59.890515,58.011635,TRUE,TRUE,1.8788800000000023,3.137191256411808,High-RE,MESSAGEix-GLOBIOM 1.1 | ENGAGE | 2C
Full,R10MIDDLE_EAST,2C,mortality_million_deaths,PM2.5 mortality,million cumulative PM2.5-attributable deaths,TRUE,MESSAGEix,MESSAGEix-GLOBIOM 1.1,NGFS Phase 2,1,1,59.393025,56.707175,TRUE,FALSE,2.685850000000002,4.522164008315794,High-RE,MESSAGEix-GLOBIOM 1.1 | NGFS Phase 2 | 2C
Full,R10MIDDLE_EAST,2C,mortality_million_deaths,PM2.5 mortality,million cumulative PM2.5-attributable deaths,TRUE,MESSAGEix,MESSAGEix-GLOBIOM 1.2,COVID,5,0,59.48171,NA,FALSE,FALSE,NA,NA,NA,MESSAGEix-GLOBIOM 1.2 | COVID | 2C
Full,R10MIDDLE_EAST,2C,mortality_million_deaths,PM2.5 mortality,million cumulative PM2.5-attributable deaths,TRUE,MESSAGEix,MESSAGEix-GLOBIOM 2.0-M-R12-NGFS,NGFS Phase 5,0,2,NA,58.284255,FALSE,FALSE,NA,NA,NA,MESSAGEix-GLOBIOM 2.0-M-R12-NGFS | NGFS Phase 5 | 2C
Full,R10MIDDLE_EAST,2C,mortality_million_deaths,PM2.5 mortality,million cumulative PM2.5-attributable deaths,TRUE,MESSAGEix,MESSAGEix-GLOBIOM GEI 1.0,GEI,6,1,60.57112,57.649875,TRUE,FALSE,2.921244999999999,4.822834710667392,High-RE,MESSAGEix-GLOBIOM GEI 1.0 | GEI | 2C
Full,R10MIDDLE_EAST,2C,mortality_million_deaths,PM2.5 mortality,million cumulative PM2.5-attributable deaths,TRUE,POLES,POLES-JRC ENGAGE,ENGAGE,56,0,43.2240575,NA,FALSE,FALSE,NA,NA,NA,POLES-JRC ENGAGE | ENGAGE | 2C
Full,R10MIDDLE_EAST,2C,mortality_million_deaths,PM2.5 mortality,million cumulative PM2.5-attributable deaths,TRUE,REMIND,REMIND 2.1,CEMICS,0,1,NA,47.047915,FALSE,FALSE,NA,NA,NA,REMIND 2.1 | CEMICS | 2C
Full,R10MIDDLE_EAST,2C,mortality_million_deaths,PM2.5 mortality,million cumulative PM2.5-attributable deaths,TRUE,REMIND,REMIND 2.1,LeastTotalCost,0,11,NA,46.54457,FALSE,FALSE,NA,NA,NA,REMIND 2.1 | LeastTotalCost | 2C
Full,R10MIDDLE_EAST,2C,mortality_million_deaths,PM2.5 mortality,million cumulative PM2.5-attributable deaths,TRUE,REMIND,REMIND 2.1,R2p1,0,8,NA,46.561372500000004,FALSE,FALSE,NA,NA,NA,REMIND 2.1 | R2p1 | 2C
Full,R10MIDDLE_EAST,2C,mortality_million_deaths,PM2.5 mortality,million cumulative PM2.5-attributable deaths,TRUE,REMIND,REMIND 2.1,TechCost,0,9,NA,46.47228,FALSE,FALSE,NA,NA,NA,REMIND 2.1 | TechCost | 2C
Full,R10MIDDLE_EAST,2C,mortality_million_deaths,PM2.5 mortality,million cumulative PM2.5-attributable deaths,TRUE,REMIND,REMIND 3.0,NAVIGATE,0,3,NA,46.62598,FALSE,FALSE,NA,NA,NA,REMIND 3.0 | NAVIGATE | 2C
Full,R10MIDDLE_EAST,2C,mortality_million_deaths,PM2.5 mortality,million cumulative PM2.5-attributable deaths,TRUE,REMIND,REMIND-MAgPIE 1.7-3.0,CD,0,5,NA,46.99033,FALSE,FALSE,NA,NA,NA,REMIND-MAgPIE 1.7-3.0 | CD | 2C
Full,R10MIDDLE_EAST,2C,mortality_million_deaths,PM2.5 mortality,million cumulative PM2.5-attributable deaths,TRUE,REMIND,REMIND-MAgPIE 1.7-3.0,COMMIT,0,4,NA,46.7359725,FALSE,FALSE,NA,NA,NA,REMIND-MAgPIE 1.7-3.0 | COMMIT | 2C
Full,R10MIDDLE_EAST,2C,mortality_million_deaths,PM2.5 mortality,million cumulative PM2.5-attributable deaths,TRUE,REMIND,REMIND-MAgPIE 1.7-3.0,PEP,0,5,NA,46.654,FALSE,FALSE,NA,NA,NA,REMIND-MAgPIE 1.7-3.0 | PEP | 2C
Full,R10MIDDLE_EAST,2C,mortality_million_deaths,PM2.5 mortality,million cumulative PM2.5-attributable deaths,TRUE,REMIND,REMIND-MAgPIE 2.1-4.2,CEMICS,0,1,NA,47.043815,FALSE,FALSE,NA,NA,NA,REMIND-MAgPIE 2.1-4.2 | CEMICS | 2C
Full,R10MIDDLE_EAST,2C,mortality_million_deaths,PM2.5 mortality,million cumulative PM2.5-attributable deaths,TRUE,REMIND,REMIND-MAgPIE 2.1-4.2,ENGAGE,0,59,NA,46.550585,FALSE,FALSE,NA,NA,NA,REMIND-MAgPIE 2.1-4.2 | ENGAGE | 2C
Full,R10MIDDLE_EAST,2C,mortality_million_deaths,PM2.5 mortality,million cumulative PM2.5-attributable deaths,TRUE,REMIND,REMIND-MAgPIE 2.1-4.2,NGFS Phase 2,0,2,NA,46.2404825,FALSE,FALSE,NA,NA,NA,REMIND-MAgPIE 2.1-4.2 | NGFS Phase 2 | 2C
Full,R10MIDDLE_EAST,2C,mortality_million_deaths,PM2.5 mortality,million cumulative PM2.5-attributable deaths,TRUE,REMIND,REMIND-MAgPIE 2.1-4.2,SusDev,0,3,NA,46.591875,FALSE,FALSE,NA,NA,NA,REMIND-MAgPIE 2.1-4.2 | SusDev | 2C
Full,R10MIDDLE_EAST,2C,mortality_million_deaths,PM2.5 mortality,million cumulative PM2.5-attributable deaths,TRUE,REMIND,REMIND-MAgPIE 2.1-4.3,DeepElectrification,0,3,NA,46.14576,FALSE,FALSE,NA,NA,NA,REMIND-MAgPIE 2.1-4.3 | DeepElectrification | 2C
Full,R10MIDDLE_EAST,2C,mortality_million_deaths,PM2.5 mortality,million cumulative PM2.5-attributable deaths,TRUE,REMIND,REMIND-MAgPIE 3.2-4.6,SHAPE,0,2,NA,47.01195,FALSE,FALSE,NA,NA,NA,REMIND-MAgPIE 3.2-4.6 | SHAPE | 2C
Full,R10MIDDLE_EAST,2C,mortality_million_deaths,PM2.5 mortality,million cumulative PM2.5-attributable deaths,TRUE,REMIND,REMIND-MAgPIE 3.2.0-4.8.0,RESCUE,0,5,NA,46.51672,FALSE,FALSE,NA,NA,NA,REMIND-MAgPIE 3.2.0-4.8.0 | RESCUE | 2C
Full,R10MIDDLE_EAST,2C,mortality_million_deaths,PM2.5 mortality,million cumulative PM2.5-attributable deaths,TRUE,REMIND,REMIND-MAgPIE 3.3-4.8,NGFS Phase 5,0,5,NA,51.31064,FALSE,FALSE,NA,NA,NA,REMIND-MAgPIE 3.3-4.8 | NGFS Phase 5 | 2C
Full,R10MIDDLE_EAST,2C,mortality_million_deaths,PM2.5 mortality,million cumulative PM2.5-attributable deaths,TRUE,REMIND,REMIND-Transport 2.1,Transport,0,8,NA,46.15169,FALSE,FALSE,NA,NA,NA,REMIND-Transport 2.1 | Transport | 2C
Full,R10MIDDLE_EAST,2C,mortality_million_deaths,PM2.5 mortality,million cumulative PM2.5-attributable deaths,TRUE,WITCH,WITCH 5.0,COMMIT,2,1,67.54534749999999,66.764755,TRUE,FALSE,0.7805924999999974,1.1556569458762462,High-RE,WITCH 5.0 | COMMIT | 2C
Full,R10MIDDLE_EAST,2C,mortality_million_deaths,PM2.5 mortality,million cumulative PM2.5-attributable deaths,TRUE,WITCH,WITCH 5.0,ENGAGE,0,2,NA,68.78295,FALSE,FALSE,NA,NA,NA,WITCH 5.0 | ENGAGE | 2C
Full,R10MIDDLE_EAST,2C,mortality_million_deaths,PM2.5 mortality,million cumulative PM2.5-attributable deaths,TRUE,WITCH,WITCH 5.0,NAVIGATE,0,4,NA,67.1294675,FALSE,FALSE,NA,NA,NA,WITCH 5.0 | NAVIGATE | 2C
Full,R10MIDDLE_EAST,2C,total_energy_jobyears_per_1k,Employment,"total energy-sector job-years per 1,000 people",FALSE,AIM,AIM/CGE V2.2,ENGAGE,20,11,449.3836735923786,530.8933578727349,TRUE,TRUE,81.50968428035628,18.138105380813432,High-RE,AIM/CGE V2.2 | ENGAGE | 2C
Full,R10MIDDLE_EAST,2C,total_energy_jobyears_per_1k,Employment,"total energy-sector job-years per 1,000 people",FALSE,COFFEE,COFFEE 1.1,ENGAGE,0,8,NA,193.39236627079322,FALSE,FALSE,NA,NA,NA,COFFEE 1.1 | ENGAGE | 2C
Full,R10MIDDLE_EAST,2C,total_energy_jobyears_per_1k,Employment,"total energy-sector job-years per 1,000 people",FALSE,GCAM,GCAM 6.0 NGFS,NGFS Phase 5,0,4,NA,471.7038594299414,FALSE,FALSE,NA,NA,NA,GCAM 6.0 NGFS | NGFS Phase 5 | 2C
Full,R10MIDDLE_EAST,2C,total_energy_jobyears_per_1k,Employment,"total energy-sector job-years per 1,000 people",FALSE,GCAM,GCAM 7.0,IAM,3,0,251.22093094415382,NA,FALSE,FALSE,NA,NA,NA,GCAM 7.0 | IAM | 2C
Full,R10MIDDLE_EAST,2C,total_energy_jobyears_per_1k,Employment,"total energy-sector job-years per 1,000 people",FALSE,IMAGE,IMAGE 3.0,ENGAGE,20,0,165.02657295316388,NA,FALSE,FALSE,NA,NA,NA,IMAGE 3.0 | ENGAGE | 2C
Full,R10MIDDLE_EAST,2C,total_energy_jobyears_per_1k,Employment,"total energy-sector job-years per 1,000 people",FALSE,IMAGE,IMAGE 3.2,ENGAGE,9,0,207.6881204143562,NA,FALSE,FALSE,NA,NA,NA,IMAGE 3.2 | ENGAGE | 2C
Full,R10MIDDLE_EAST,2C,total_energy_jobyears_per_1k,Employment,"total energy-sector job-years per 1,000 people",FALSE,IMAGE,IMAGE 3.2,SSP2021,8,2,299.6630456819888,1331.8026032583848,TRUE,FALSE,1032.1395575763959,344.4333802412636,High-RE,IMAGE 3.2 | SSP2021 | 2C
Full,R10MIDDLE_EAST,2C,total_energy_jobyears_per_1k,Employment,"total energy-sector job-years per 1,000 people",FALSE,IMAGE,IMAGE 3.3,NAVIGATE,8,0,447.35823721122927,NA,FALSE,FALSE,NA,NA,NA,IMAGE 3.3 | NAVIGATE | 2C
Full,R10MIDDLE_EAST,2C,total_energy_jobyears_per_1k,Employment,"total energy-sector job-years per 1,000 people",FALSE,MESSAGEix,MESSAGEix-GLOBIOM 1.1,ENGAGE,62,20,459.3731303649124,503.06935384473826,TRUE,TRUE,43.696223479825846,9.512141784417139,High-RE,MESSAGEix-GLOBIOM 1.1 | ENGAGE | 2C
Full,R10MIDDLE_EAST,2C,total_energy_jobyears_per_1k,Employment,"total energy-sector job-years per 1,000 people",FALSE,MESSAGEix,MESSAGEix-GLOBIOM 1.1,NGFS Phase 2,1,1,420.48432625971697,452.8548625282825,TRUE,FALSE,32.37053626856556,7.6983930784072845,High-RE,MESSAGEix-GLOBIOM 1.1 | NGFS Phase 2 | 2C
Full,R10MIDDLE_EAST,2C,total_energy_jobyears_per_1k,Employment,"total energy-sector job-years per 1,000 people",FALSE,MESSAGEix,MESSAGEix-GLOBIOM 1.2,COVID,5,0,0.020234767402360198,NA,FALSE,FALSE,NA,NA,NA,MESSAGEix-GLOBIOM 1.2 | COVID | 2C
Full,R10MIDDLE_EAST,2C,total_energy_jobyears_per_1k,Employment,"total energy-sector job-years per 1,000 people",FALSE,MESSAGEix,MESSAGEix-GLOBIOM 2.0-M-R12-NGFS,NGFS Phase 5,0,2,NA,572.2781831041418,FALSE,FALSE,NA,NA,NA,MESSAGEix-GLOBIOM 2.0-M-R12-NGFS | NGFS Phase 5 | 2C
Full,R10MIDDLE_EAST,2C,total_energy_jobyears_per_1k,Employment,"total energy-sector job-years per 1,000 people",FALSE,MESSAGEix,MESSAGEix-GLOBIOM GEI 1.0,GEI,6,1,456.6309922492141,449.0907830709216,TRUE,FALSE,-7.540209178292514,-1.6512696917815244,High-CDR,MESSAGEix-GLOBIOM GEI 1.0 | GEI | 2C
Full,R10MIDDLE_EAST,2C,total_energy_jobyears_per_1k,Employment,"total energy-sector job-years per 1,000 people",FALSE,POLES,POLES-JRC ENGAGE,ENGAGE,56,8,252.46900194092888,354.694904752524,TRUE,TRUE,102.22590281159512,40.4904768608042,High-RE,POLES-JRC ENGAGE | ENGAGE | 2C
Full,R10MIDDLE_EAST,2C,total_energy_jobyears_per_1k,Employment,"total energy-sector job-years per 1,000 people",FALSE,REMIND,REMIND 2.1,CEMICS,0,5,NA,758.4379446325157,FALSE,FALSE,NA,NA,NA,REMIND 2.1 | CEMICS | 2C
Full,R10MIDDLE_EAST,2C,total_energy_jobyears_per_1k,Employment,"total energy-sector job-years per 1,000 people",FALSE,REMIND,REMIND 2.1,LeastTotalCost,0,11,NA,640.2777306422179,FALSE,FALSE,NA,NA,NA,REMIND 2.1 | LeastTotalCost | 2C
Full,R10MIDDLE_EAST,2C,total_energy_jobyears_per_1k,Employment,"total energy-sector job-years per 1,000 people",FALSE,REMIND,REMIND 2.1,R2p1,0,8,NA,625.6710539685081,FALSE,FALSE,NA,NA,NA,REMIND 2.1 | R2p1 | 2C
Full,R10MIDDLE_EAST,2C,total_energy_jobyears_per_1k,Employment,"total energy-sector job-years per 1,000 people",FALSE,REMIND,REMIND 2.1,TechCost,0,9,NA,827.7044240841736,FALSE,FALSE,NA,NA,NA,REMIND 2.1 | TechCost | 2C
Full,R10MIDDLE_EAST,2C,total_energy_jobyears_per_1k,Employment,"total energy-sector job-years per 1,000 people",FALSE,REMIND,REMIND 3.0,ENGAGE,0,14,NA,850.6329729517336,FALSE,FALSE,NA,NA,NA,REMIND 3.0 | ENGAGE | 2C
Full,R10MIDDLE_EAST,2C,total_energy_jobyears_per_1k,Employment,"total energy-sector job-years per 1,000 people",FALSE,REMIND,REMIND 3.0,NAVIGATE,0,7,NA,761.6892457858191,FALSE,FALSE,NA,NA,NA,REMIND 3.0 | NAVIGATE | 2C
Full,R10MIDDLE_EAST,2C,total_energy_jobyears_per_1k,Employment,"total energy-sector job-years per 1,000 people",FALSE,REMIND,REMIND-MAgPIE 1.7-3.0,CD,0,5,NA,744.1741016204558,FALSE,FALSE,NA,NA,NA,REMIND-MAgPIE 1.7-3.0 | CD | 2C
Full,R10MIDDLE_EAST,2C,total_energy_jobyears_per_1k,Employment,"total energy-sector job-years per 1,000 people",FALSE,REMIND,REMIND-MAgPIE 1.7-3.0,COMMIT,0,4,NA,687.3056648998406,FALSE,FALSE,NA,NA,NA,REMIND-MAgPIE 1.7-3.0 | COMMIT | 2C
Full,R10MIDDLE_EAST,2C,total_energy_jobyears_per_1k,Employment,"total energy-sector job-years per 1,000 people",FALSE,REMIND,REMIND-MAgPIE 1.7-3.0,PEP,0,5,NA,704.2291590754147,FALSE,FALSE,NA,NA,NA,REMIND-MAgPIE 1.7-3.0 | PEP | 2C
Full,R10MIDDLE_EAST,2C,total_energy_jobyears_per_1k,Employment,"total energy-sector job-years per 1,000 people",FALSE,REMIND,REMIND-MAgPIE 2.0-4.1,Diff,0,4,NA,706.6771092464292,FALSE,FALSE,NA,NA,NA,REMIND-MAgPIE 2.0-4.1 | Diff | 2C
Full,R10MIDDLE_EAST,2C,total_energy_jobyears_per_1k,Employment,"total energy-sector job-years per 1,000 people",FALSE,REMIND,REMIND-MAgPIE 2.1-4.2,CEMICS,0,3,NA,764.6658419693414,FALSE,FALSE,NA,NA,NA,REMIND-MAgPIE 2.1-4.2 | CEMICS | 2C
Full,R10MIDDLE_EAST,2C,total_energy_jobyears_per_1k,Employment,"total energy-sector job-years per 1,000 people",FALSE,REMIND,REMIND-MAgPIE 2.1-4.2,ENGAGE,0,59,NA,730.8692210067543,FALSE,FALSE,NA,NA,NA,REMIND-MAgPIE 2.1-4.2 | ENGAGE | 2C
Full,R10MIDDLE_EAST,2C,total_energy_jobyears_per_1k,Employment,"total energy-sector job-years per 1,000 people",FALSE,REMIND,REMIND-MAgPIE 2.1-4.2,NGFS Phase 2,0,5,NA,459.9165956343023,FALSE,FALSE,NA,NA,NA,REMIND-MAgPIE 2.1-4.2 | NGFS Phase 2 | 2C
Full,R10MIDDLE_EAST,2C,total_energy_jobyears_per_1k,Employment,"total energy-sector job-years per 1,000 people",FALSE,REMIND,REMIND-MAgPIE 2.1-4.2,SusDev,0,3,NA,524.7953030778791,FALSE,FALSE,NA,NA,NA,REMIND-MAgPIE 2.1-4.2 | SusDev | 2C
Full,R10MIDDLE_EAST,2C,total_energy_jobyears_per_1k,Employment,"total energy-sector job-years per 1,000 people",FALSE,REMIND,REMIND-MAgPIE 2.1-4.3,DeepElectrification,0,3,NA,1314.9082093219693,FALSE,FALSE,NA,NA,NA,REMIND-MAgPIE 2.1-4.3 | DeepElectrification | 2C
Full,R10MIDDLE_EAST,2C,total_energy_jobyears_per_1k,Employment,"total energy-sector job-years per 1,000 people",FALSE,REMIND,REMIND-MAgPIE 3.2-4.6,SHAPE,0,2,NA,1001.333947584059,FALSE,FALSE,NA,NA,NA,REMIND-MAgPIE 3.2-4.6 | SHAPE | 2C
Full,R10MIDDLE_EAST,2C,total_energy_jobyears_per_1k,Employment,"total energy-sector job-years per 1,000 people",FALSE,REMIND,REMIND-MAgPIE 3.2.0-4.8.0,RESCUE,0,5,NA,1300.549237863873,FALSE,FALSE,NA,NA,NA,REMIND-MAgPIE 3.2.0-4.8.0 | RESCUE | 2C
Full,R10MIDDLE_EAST,2C,total_energy_jobyears_per_1k,Employment,"total energy-sector job-years per 1,000 people",FALSE,REMIND,REMIND-MAgPIE 3.3-4.8,NGFS Phase 5,0,5,NA,827.3013341288872,FALSE,FALSE,NA,NA,NA,REMIND-MAgPIE 3.3-4.8 | NGFS Phase 5 | 2C
Full,R10MIDDLE_EAST,2C,total_energy_jobyears_per_1k,Employment,"total energy-sector job-years per 1,000 people",FALSE,REMIND,REMIND-Transport 2.1,Transport,0,8,NA,964.7672403397705,FALSE,FALSE,NA,NA,NA,REMIND-Transport 2.1 | Transport | 2C
Full,R10MIDDLE_EAST,2C,total_energy_jobyears_per_1k,Employment,"total energy-sector job-years per 1,000 people",FALSE,TIAM,TIAM-ECN 1.1,ENGAGE,12,0,34.891524178845884,NA,FALSE,FALSE,NA,NA,NA,TIAM-ECN 1.1 | ENGAGE | 2C
Full,R10MIDDLE_EAST,2C,total_energy_jobyears_per_1k,Employment,"total energy-sector job-years per 1,000 people",FALSE,WITCH,WITCH 5.0,COMMIT,2,1,514.4058649225051,1493.75764682269,TRUE,FALSE,979.351781900185,190.3850342079058,High-RE,WITCH 5.0 | COMMIT | 2C
Full,R10MIDDLE_EAST,2C,total_energy_jobyears_per_1k,Employment,"total energy-sector job-years per 1,000 people",FALSE,WITCH,WITCH 5.0,ENGAGE,0,11,NA,264.1802321701351,FALSE,FALSE,NA,NA,NA,WITCH 5.0 | ENGAGE | 2C
Full,R10MIDDLE_EAST,2C,total_energy_jobyears_per_1k,Employment,"total energy-sector job-years per 1,000 people",FALSE,WITCH,WITCH 5.0,NAVIGATE,0,4,NA,365.72235786683086,FALSE,FALSE,NA,NA,NA,WITCH 5.0 | NAVIGATE | 2C
Full,R10NORTH_AM,1.5C,gap_GJ_pc,DLE gap,GJ per capita of cumulative DLE gap,TRUE,AIM,AIM/CGE V2.2,ENGAGE,1,3,0.06874402296280238,0.10287408364037558,TRUE,FALSE,-0.034130060677573196,-49.64804095919886,High-CDR,AIM/CGE V2.2 | ENGAGE | 1.5C
Full,R10NORTH_AM,1.5C,gap_GJ_pc,DLE gap,GJ per capita of cumulative DLE gap,TRUE,GCAM,GCAM 5.3,Deep,7,0,0.08731760377984821,NA,FALSE,FALSE,NA,NA,NA,GCAM 5.3 | Deep | 1.5C
Full,R10NORTH_AM,1.5C,gap_GJ_pc,DLE gap,GJ per capita of cumulative DLE gap,TRUE,GCAM,GCAM 6.0 NGFS,NGFS Phase 5,0,1,NA,0.12566343778156508,FALSE,FALSE,NA,NA,NA,GCAM 6.0 NGFS | NGFS Phase 5 | 1.5C
Full,R10NORTH_AM,1.5C,gap_GJ_pc,DLE gap,GJ per capita of cumulative DLE gap,TRUE,IMAGE,IMAGE 3.2,SSP2021,12,0,1.122278492148495,NA,FALSE,FALSE,NA,NA,NA,IMAGE 3.2 | SSP2021 | 1.5C
Full,R10NORTH_AM,1.5C,gap_GJ_pc,DLE gap,GJ per capita of cumulative DLE gap,TRUE,IMAGE,IMAGE 3.3,GEO7,2,0,3.7749897982108473,NA,FALSE,FALSE,NA,NA,NA,IMAGE 3.3 | GEO7 | 1.5C
Full,R10NORTH_AM,1.5C,gap_GJ_pc,DLE gap,GJ per capita of cumulative DLE gap,TRUE,IMAGE,IMAGE 3.3,SHAPE,9,0,1.1088870976850271,NA,FALSE,FALSE,NA,NA,NA,IMAGE 3.3 | SHAPE | 1.5C
Full,R10NORTH_AM,1.5C,gap_GJ_pc,DLE gap,GJ per capita of cumulative DLE gap,TRUE,MESSAGEix,MESSAGEix-GLOBIOM 1.1,ENGAGE,13,0,0.16821868351822203,NA,FALSE,FALSE,NA,NA,NA,MESSAGEix-GLOBIOM 1.1 | ENGAGE | 1.5C
Full,R10NORTH_AM,1.5C,gap_GJ_pc,DLE gap,GJ per capita of cumulative DLE gap,TRUE,MESSAGEix,MESSAGEix-GLOBIOM 1.1,NGFS Phase 2,1,0,0.23663399578815575,NA,FALSE,FALSE,NA,NA,NA,MESSAGEix-GLOBIOM 1.1 | NGFS Phase 2 | 1.5C
Full,R10NORTH_AM,1.5C,gap_GJ_pc,DLE gap,GJ per capita of cumulative DLE gap,TRUE,MESSAGEix,MESSAGEix-GLOBIOM 1.2,COVID,5,0,0.2129669596010089,NA,FALSE,FALSE,NA,NA,NA,MESSAGEix-GLOBIOM 1.2 | COVID | 1.5C
Full,R10NORTH_AM,1.5C,gap_GJ_pc,DLE gap,GJ per capita of cumulative DLE gap,TRUE,MESSAGEix,MESSAGEix-GLOBIOM GEI 1.0,GEI,6,3,0.05450620078104672,0.05918540846881276,TRUE,TRUE,-0.004679207687766043,-8.584725445390298,High-CDR,MESSAGEix-GLOBIOM GEI 1.0 | GEI | 1.5C
Full,R10NORTH_AM,1.5C,gap_GJ_pc,DLE gap,GJ per capita of cumulative DLE gap,TRUE,POLES,POLES-JRC ENGAGE,ENGAGE,4,1,4.1416292380419275,1.2765835776571317,TRUE,FALSE,2.865045660384796,69.1767779227705,High-RE,POLES-JRC ENGAGE | ENGAGE | 1.5C
Full,R10NORTH_AM,1.5C,gap_GJ_pc,DLE gap,GJ per capita of cumulative DLE gap,TRUE,REMIND,REMIND 2.1,CEMICS,0,4,NA,0.11328537502293998,FALSE,FALSE,NA,NA,NA,REMIND 2.1 | CEMICS | 1.5C
Full,R10NORTH_AM,1.5C,gap_GJ_pc,DLE gap,GJ per capita of cumulative DLE gap,TRUE,REMIND,REMIND 2.1,R2p1,0,2,NA,0.1402615792528713,FALSE,FALSE,NA,NA,NA,REMIND 2.1 | R2p1 | 1.5C
Full,R10NORTH_AM,1.5C,gap_GJ_pc,DLE gap,GJ per capita of cumulative DLE gap,TRUE,REMIND,REMIND 3.0,ENGAGE,0,2,NA,0.7546283146943282,FALSE,FALSE,NA,NA,NA,REMIND 3.0 | ENGAGE | 1.5C
Full,R10NORTH_AM,1.5C,gap_GJ_pc,DLE gap,GJ per capita of cumulative DLE gap,TRUE,REMIND,REMIND 3.0,NAVIGATE,1,0,2.5178087910847564,NA,FALSE,FALSE,NA,NA,NA,REMIND 3.0 | NAVIGATE | 1.5C
Full,R10NORTH_AM,1.5C,gap_GJ_pc,DLE gap,GJ per capita of cumulative DLE gap,TRUE,REMIND,REMIND-Buildings 2.0,BEG,0,2,NA,0.20053442122803036,FALSE,FALSE,NA,NA,NA,REMIND-Buildings 2.0 | BEG | 1.5C
Full,R10NORTH_AM,1.5C,gap_GJ_pc,DLE gap,GJ per capita of cumulative DLE gap,TRUE,REMIND,REMIND-MAgPIE 1.7-3.0,CD,0,4,NA,0.10368386200629753,FALSE,FALSE,NA,NA,NA,REMIND-MAgPIE 1.7-3.0 | CD | 1.5C
Full,R10NORTH_AM,1.5C,gap_GJ_pc,DLE gap,GJ per capita of cumulative DLE gap,TRUE,REMIND,REMIND-MAgPIE 1.7-3.0,COMMIT,0,3,NA,0.13579834287106515,FALSE,FALSE,NA,NA,NA,REMIND-MAgPIE 1.7-3.0 | COMMIT | 1.5C
Full,R10NORTH_AM,1.5C,gap_GJ_pc,DLE gap,GJ per capita of cumulative DLE gap,TRUE,REMIND,REMIND-MAgPIE 1.7-3.0,PEP,0,13,NA,0.1640600252592481,FALSE,FALSE,NA,NA,NA,REMIND-MAgPIE 1.7-3.0 | PEP | 1.5C
Full,R10NORTH_AM,1.5C,gap_GJ_pc,DLE gap,GJ per capita of cumulative DLE gap,TRUE,REMIND,REMIND-MAgPIE 2.1-4.2,CEMICS,0,3,NA,0.22609419225176625,FALSE,FALSE,NA,NA,NA,REMIND-MAgPIE 2.1-4.2 | CEMICS | 1.5C
Full,R10NORTH_AM,1.5C,gap_GJ_pc,DLE gap,GJ per capita of cumulative DLE gap,TRUE,REMIND,REMIND-MAgPIE 2.1-4.2,ENGAGE,0,19,NA,0.1126885077121053,FALSE,FALSE,NA,NA,NA,REMIND-MAgPIE 2.1-4.2 | ENGAGE | 1.5C
Full,R10NORTH_AM,1.5C,gap_GJ_pc,DLE gap,GJ per capita of cumulative DLE gap,TRUE,REMIND,REMIND-MAgPIE 2.1-4.2,SusDev,0,2,NA,0.8918843516897917,FALSE,FALSE,NA,NA,NA,REMIND-MAgPIE 2.1-4.2 | SusDev | 1.5C
Full,R10NORTH_AM,1.5C,gap_GJ_pc,DLE gap,GJ per capita of cumulative DLE gap,TRUE,REMIND,REMIND-MAgPIE 2.1-4.3,DeepElectrification,0,1,NA,0.6260093452399499,FALSE,FALSE,NA,NA,NA,REMIND-MAgPIE 2.1-4.3 | DeepElectrification | 1.5C
Full,R10NORTH_AM,1.5C,gap_GJ_pc,DLE gap,GJ per capita of cumulative DLE gap,TRUE,REMIND,REMIND-MAgPIE 3.2.0-4.8.0,RESCUE,0,3,NA,0.3831686960215834,FALSE,FALSE,NA,NA,NA,REMIND-MAgPIE 3.2.0-4.8.0 | RESCUE | 1.5C
Full,R10NORTH_AM,1.5C,gap_GJ_pc,DLE gap,GJ per capita of cumulative DLE gap,TRUE,REMIND,REMIND-MAgPIE 3.3-4.8,NGFS Phase 5,0,1,NA,0.551832007244174,FALSE,FALSE,NA,NA,NA,REMIND-MAgPIE 3.3-4.8 | NGFS Phase 5 | 1.5C
Full,R10NORTH_AM,1.5C,gap_GJ_pc,DLE gap,GJ per capita of cumulative DLE gap,TRUE,WITCH,WITCH 5.0,ENGAGE,6,0,0.2702330211889068,NA,FALSE,FALSE,NA,NA,NA,WITCH 5.0 | ENGAGE | 1.5C
Full,R10NORTH_AM,1.5C,headcount_pct,Deprived share,population-year-weighted mean % below the DLE threshold,TRUE,AIM,AIM/CGE V2.2,ENGAGE,1,3,0.01836436361643357,0.02820260288461514,TRUE,FALSE,-0.00983823926818157,-53.57244864928346,High-CDR,AIM/CGE V2.2 | ENGAGE | 1.5C
Full,R10NORTH_AM,1.5C,headcount_pct,Deprived share,population-year-weighted mean % below the DLE threshold,TRUE,GCAM,GCAM 5.3,Deep,7,0,0.0247922275657767,NA,FALSE,FALSE,NA,NA,NA,GCAM 5.3 | Deep | 1.5C
Full,R10NORTH_AM,1.5C,headcount_pct,Deprived share,population-year-weighted mean % below the DLE threshold,TRUE,GCAM,GCAM 6.0 NGFS,NGFS Phase 5,0,1,NA,0.03956420068577187,FALSE,FALSE,NA,NA,NA,GCAM 6.0 NGFS | NGFS Phase 5 | 1.5C
Full,R10NORTH_AM,1.5C,headcount_pct,Deprived share,population-year-weighted mean % below the DLE threshold,TRUE,IMAGE,IMAGE 3.2,SSP2021,12,0,0.3833008131343296,NA,FALSE,FALSE,NA,NA,NA,IMAGE 3.2 | SSP2021 | 1.5C
Full,R10NORTH_AM,1.5C,headcount_pct,Deprived share,population-year-weighted mean % below the DLE threshold,TRUE,IMAGE,IMAGE 3.3,GEO7,2,0,1.1657858804208452,NA,FALSE,FALSE,NA,NA,NA,IMAGE 3.3 | GEO7 | 1.5C
Full,R10NORTH_AM,1.5C,headcount_pct,Deprived share,population-year-weighted mean % below the DLE threshold,TRUE,IMAGE,IMAGE 3.3,SHAPE,9,0,0.39032440675357455,NA,FALSE,FALSE,NA,NA,NA,IMAGE 3.3 | SHAPE | 1.5C
Full,R10NORTH_AM,1.5C,headcount_pct,Deprived share,population-year-weighted mean % below the DLE threshold,TRUE,MESSAGEix,MESSAGEix-GLOBIOM 1.1,ENGAGE,13,0,0.05169819706381641,NA,FALSE,FALSE,NA,NA,NA,MESSAGEix-GLOBIOM 1.1 | ENGAGE | 1.5C
Full,R10NORTH_AM,1.5C,headcount_pct,Deprived share,population-year-weighted mean % below the DLE threshold,TRUE,MESSAGEix,MESSAGEix-GLOBIOM 1.1,NGFS Phase 2,1,0,0.07148572810509934,NA,FALSE,FALSE,NA,NA,NA,MESSAGEix-GLOBIOM 1.1 | NGFS Phase 2 | 1.5C
Full,R10NORTH_AM,1.5C,headcount_pct,Deprived share,population-year-weighted mean % below the DLE threshold,TRUE,MESSAGEix,MESSAGEix-GLOBIOM 1.2,COVID,5,0,0.06395165777265477,NA,FALSE,FALSE,NA,NA,NA,MESSAGEix-GLOBIOM 1.2 | COVID | 1.5C
Full,R10NORTH_AM,1.5C,headcount_pct,Deprived share,population-year-weighted mean % below the DLE threshold,TRUE,MESSAGEix,MESSAGEix-GLOBIOM GEI 1.0,GEI,6,3,0.015139276325814539,0.01656673234712231,TRUE,TRUE,-0.001427456021307772,-9.428825992651737,High-CDR,MESSAGEix-GLOBIOM GEI 1.0 | GEI | 1.5C
Full,R10NORTH_AM,1.5C,headcount_pct,Deprived share,population-year-weighted mean % below the DLE threshold,TRUE,POLES,POLES-JRC ENGAGE,ENGAGE,4,1,1.3125415203103814,0.4005264699984302,TRUE,FALSE,0.9120150503119512,69.48466286203912,High-RE,POLES-JRC ENGAGE | ENGAGE | 1.5C
Full,R10NORTH_AM,1.5C,headcount_pct,Deprived share,population-year-weighted mean % below the DLE threshold,TRUE,REMIND,REMIND 2.1,CEMICS,0,4,NA,0.037618473691688636,FALSE,FALSE,NA,NA,NA,REMIND 2.1 | CEMICS | 1.5C
Full,R10NORTH_AM,1.5C,headcount_pct,Deprived share,population-year-weighted mean % below the DLE threshold,TRUE,REMIND,REMIND 2.1,R2p1,0,2,NA,0.04301365020800278,FALSE,FALSE,NA,NA,NA,REMIND 2.1 | R2p1 | 1.5C
Full,R10NORTH_AM,1.5C,headcount_pct,Deprived share,population-year-weighted mean % below the DLE threshold,TRUE,REMIND,REMIND 3.0,ENGAGE,0,2,NA,0.2948633468836618,FALSE,FALSE,NA,NA,NA,REMIND 3.0 | ENGAGE | 1.5C
Full,R10NORTH_AM,1.5C,headcount_pct,Deprived share,population-year-weighted mean % below the DLE threshold,TRUE,REMIND,REMIND 3.0,NAVIGATE,1,0,0.9382902351029642,NA,FALSE,FALSE,NA,NA,NA,REMIND 3.0 | NAVIGATE | 1.5C
Full,R10NORTH_AM,1.5C,headcount_pct,Deprived share,population-year-weighted mean % below the DLE threshold,TRUE,REMIND,REMIND-Buildings 2.0,BEG,0,2,NA,0.06900006666112796,FALSE,FALSE,NA,NA,NA,REMIND-Buildings 2.0 | BEG | 1.5C
Full,R10NORTH_AM,1.5C,headcount_pct,Deprived share,population-year-weighted mean % below the DLE threshold,TRUE,REMIND,REMIND-MAgPIE 1.7-3.0,CD,0,4,NA,0.029329772894067477,FALSE,FALSE,NA,NA,NA,REMIND-MAgPIE 1.7-3.0 | CD | 1.5C
Full,R10NORTH_AM,1.5C,headcount_pct,Deprived share,population-year-weighted mean % below the DLE threshold,TRUE,REMIND,REMIND-MAgPIE 1.7-3.0,COMMIT,0,3,NA,0.03853539279464081,FALSE,FALSE,NA,NA,NA,REMIND-MAgPIE 1.7-3.0 | COMMIT | 1.5C
Full,R10NORTH_AM,1.5C,headcount_pct,Deprived share,population-year-weighted mean % below the DLE threshold,TRUE,REMIND,REMIND-MAgPIE 1.7-3.0,PEP,0,13,NA,0.04668024703229937,FALSE,FALSE,NA,NA,NA,REMIND-MAgPIE 1.7-3.0 | PEP | 1.5C
Full,R10NORTH_AM,1.5C,headcount_pct,Deprived share,population-year-weighted mean % below the DLE threshold,TRUE,REMIND,REMIND-MAgPIE 2.1-4.2,CEMICS,0,3,NA,0.08192372750866381,FALSE,FALSE,NA,NA,NA,REMIND-MAgPIE 2.1-4.2 | CEMICS | 1.5C
Full,R10NORTH_AM,1.5C,headcount_pct,Deprived share,population-year-weighted mean % below the DLE threshold,TRUE,REMIND,REMIND-MAgPIE 2.1-4.2,ENGAGE,0,19,NA,0.03781811956228305,FALSE,FALSE,NA,NA,NA,REMIND-MAgPIE 2.1-4.2 | ENGAGE | 1.5C
Full,R10NORTH_AM,1.5C,headcount_pct,Deprived share,population-year-weighted mean % below the DLE threshold,TRUE,REMIND,REMIND-MAgPIE 2.1-4.2,SusDev,0,2,NA,0.3261249825411123,FALSE,FALSE,NA,NA,NA,REMIND-MAgPIE 2.1-4.2 | SusDev | 1.5C
Full,R10NORTH_AM,1.5C,headcount_pct,Deprived share,population-year-weighted mean % below the DLE threshold,TRUE,REMIND,REMIND-MAgPIE 2.1-4.3,DeepElectrification,0,1,NA,0.2319496017021546,FALSE,FALSE,NA,NA,NA,REMIND-MAgPIE 2.1-4.3 | DeepElectrification | 1.5C
Full,R10NORTH_AM,1.5C,headcount_pct,Deprived share,population-year-weighted mean % below the DLE threshold,TRUE,REMIND,REMIND-MAgPIE 3.2.0-4.8.0,RESCUE,0,3,NA,0.16026898010268611,FALSE,FALSE,NA,NA,NA,REMIND-MAgPIE 3.2.0-4.8.0 | RESCUE | 1.5C
Full,R10NORTH_AM,1.5C,headcount_pct,Deprived share,population-year-weighted mean % below the DLE threshold,TRUE,REMIND,REMIND-MAgPIE 3.3-4.8,NGFS Phase 5,0,1,NA,0.23569288774439232,FALSE,FALSE,NA,NA,NA,REMIND-MAgPIE 3.3-4.8 | NGFS Phase 5 | 1.5C
Full,R10NORTH_AM,1.5C,headcount_pct,Deprived share,population-year-weighted mean % below the DLE threshold,TRUE,WITCH,WITCH 5.0,ENGAGE,6,0,0.06277629409352176,NA,FALSE,FALSE,NA,NA,NA,WITCH 5.0 | ENGAGE | 1.5C
Full,R10NORTH_AM,1.5C,mortality_million_deaths,PM2.5 mortality,million cumulative PM2.5-attributable deaths,TRUE,AIM,AIM/CGE V2.2,ENGAGE,1,0,10.61145,NA,FALSE,FALSE,NA,NA,NA,AIM/CGE V2.2 | ENGAGE | 1.5C
Full,R10NORTH_AM,1.5C,mortality_million_deaths,PM2.5 mortality,million cumulative PM2.5-attributable deaths,TRUE,GCAM,GCAM 6.0 NGFS,NGFS Phase 5,0,1,NA,11.61245,FALSE,FALSE,NA,NA,NA,GCAM 6.0 NGFS | NGFS Phase 5 | 1.5C
Full,R10NORTH_AM,1.5C,mortality_million_deaths,PM2.5 mortality,million cumulative PM2.5-attributable deaths,TRUE,IMAGE,IMAGE 3.2,SSP2021,12,0,9.0956075,NA,FALSE,FALSE,NA,NA,NA,IMAGE 3.2 | SSP2021 | 1.5C
Full,R10NORTH_AM,1.5C,mortality_million_deaths,PM2.5 mortality,million cumulative PM2.5-attributable deaths,TRUE,IMAGE,IMAGE 3.3,GEO7,2,0,8.652605,NA,FALSE,FALSE,NA,NA,NA,IMAGE 3.3 | GEO7 | 1.5C
Full,R10NORTH_AM,1.5C,mortality_million_deaths,PM2.5 mortality,million cumulative PM2.5-attributable deaths,TRUE,IMAGE,IMAGE 3.3,SHAPE,9,0,9.38093,NA,FALSE,FALSE,NA,NA,NA,IMAGE 3.3 | SHAPE | 1.5C
Full,R10NORTH_AM,1.5C,mortality_million_deaths,PM2.5 mortality,million cumulative PM2.5-attributable deaths,TRUE,MESSAGEix,MESSAGEix-GLOBIOM 1.1,ENGAGE,11,0,6.399125,NA,FALSE,FALSE,NA,NA,NA,MESSAGEix-GLOBIOM 1.1 | ENGAGE | 1.5C
Full,R10NORTH_AM,1.5C,mortality_million_deaths,PM2.5 mortality,million cumulative PM2.5-attributable deaths,TRUE,MESSAGEix,MESSAGEix-GLOBIOM 1.1,NGFS Phase 2,1,0,6.395245,NA,FALSE,FALSE,NA,NA,NA,MESSAGEix-GLOBIOM 1.1 | NGFS Phase 2 | 1.5C
Full,R10NORTH_AM,1.5C,mortality_million_deaths,PM2.5 mortality,million cumulative PM2.5-attributable deaths,TRUE,MESSAGEix,MESSAGEix-GLOBIOM 1.2,COVID,5,0,6.37577,NA,FALSE,FALSE,NA,NA,NA,MESSAGEix-GLOBIOM 1.2 | COVID | 1.5C
Full,R10NORTH_AM,1.5C,mortality_million_deaths,PM2.5 mortality,million cumulative PM2.5-attributable deaths,TRUE,MESSAGEix,MESSAGEix-GLOBIOM GEI 1.0,GEI,6,3,7.36891,7.132085,TRUE,TRUE,0.23682499999999962,3.2138403101679844,High-RE,MESSAGEix-GLOBIOM GEI 1.0 | GEI | 1.5C
Full,R10NORTH_AM,1.5C,mortality_million_deaths,PM2.5 mortality,million cumulative PM2.5-attributable deaths,TRUE,POLES,POLES-JRC ENGAGE,ENGAGE,4,0,6.451639999999999,NA,FALSE,FALSE,NA,NA,NA,POLES-JRC ENGAGE | ENGAGE | 1.5C
Full,R10NORTH_AM,1.5C,mortality_million_deaths,PM2.5 mortality,million cumulative PM2.5-attributable deaths,TRUE,REMIND,REMIND 2.1,R2p1,0,2,NA,8.936185,FALSE,FALSE,NA,NA,NA,REMIND 2.1 | R2p1 | 1.5C
Full,R10NORTH_AM,1.5C,mortality_million_deaths,PM2.5 mortality,million cumulative PM2.5-attributable deaths,TRUE,REMIND,REMIND-Buildings 2.0,BEG,0,2,NA,8.91576,FALSE,FALSE,NA,NA,NA,REMIND-Buildings 2.0 | BEG | 1.5C
Full,R10NORTH_AM,1.5C,mortality_million_deaths,PM2.5 mortality,million cumulative PM2.5-attributable deaths,TRUE,REMIND,REMIND-MAgPIE 1.7-3.0,CD,0,4,NA,13.5393975,FALSE,FALSE,NA,NA,NA,REMIND-MAgPIE 1.7-3.0 | CD | 1.5C
Full,R10NORTH_AM,1.5C,mortality_million_deaths,PM2.5 mortality,million cumulative PM2.5-attributable deaths,TRUE,REMIND,REMIND-MAgPIE 1.7-3.0,COMMIT,0,3,NA,12.95861,FALSE,FALSE,NA,NA,NA,REMIND-MAgPIE 1.7-3.0 | COMMIT | 1.5C
Full,R10NORTH_AM,1.5C,mortality_million_deaths,PM2.5 mortality,million cumulative PM2.5-attributable deaths,TRUE,REMIND,REMIND-MAgPIE 1.7-3.0,PEP,0,13,NA,12.2634,FALSE,FALSE,NA,NA,NA,REMIND-MAgPIE 1.7-3.0 | PEP | 1.5C
Full,R10NORTH_AM,1.5C,mortality_million_deaths,PM2.5 mortality,million cumulative PM2.5-attributable deaths,TRUE,REMIND,REMIND-MAgPIE 2.1-4.2,ENGAGE,0,19,NA,8.92411,FALSE,FALSE,NA,NA,NA,REMIND-MAgPIE 2.1-4.2 | ENGAGE | 1.5C
Full,R10NORTH_AM,1.5C,mortality_million_deaths,PM2.5 mortality,million cumulative PM2.5-attributable deaths,TRUE,REMIND,REMIND-MAgPIE 2.1-4.2,SusDev,0,2,NA,8.901305,FALSE,FALSE,NA,NA,NA,REMIND-MAgPIE 2.1-4.2 | SusDev | 1.5C
Full,R10NORTH_AM,1.5C,mortality_million_deaths,PM2.5 mortality,million cumulative PM2.5-attributable deaths,TRUE,REMIND,REMIND-MAgPIE 2.1-4.3,DeepElectrification,0,1,NA,8.87797,FALSE,FALSE,NA,NA,NA,REMIND-MAgPIE 2.1-4.3 | DeepElectrification | 1.5C
Full,R10NORTH_AM,1.5C,mortality_million_deaths,PM2.5 mortality,million cumulative PM2.5-attributable deaths,TRUE,REMIND,REMIND-MAgPIE 3.2.0-4.8.0,RESCUE,0,3,NA,8.91179,FALSE,FALSE,NA,NA,NA,REMIND-MAgPIE 3.2.0-4.8.0 | RESCUE | 1.5C
Full,R10NORTH_AM,1.5C,mortality_million_deaths,PM2.5 mortality,million cumulative PM2.5-attributable deaths,TRUE,REMIND,REMIND-MAgPIE 3.3-4.8,NGFS Phase 5,0,1,NA,9.93086,FALSE,FALSE,NA,NA,NA,REMIND-MAgPIE 3.3-4.8 | NGFS Phase 5 | 1.5C
Full,R10NORTH_AM,1.5C,mortality_million_deaths,PM2.5 mortality,million cumulative PM2.5-attributable deaths,TRUE,WITCH,WITCH 5.0,ENGAGE,6,0,10.61156,NA,FALSE,FALSE,NA,NA,NA,WITCH 5.0 | ENGAGE | 1.5C
Full,R10NORTH_AM,1.5C,total_energy_jobyears_per_1k,Employment,"total energy-sector job-years per 1,000 people",FALSE,AIM,AIM/CGE V2.2,ENGAGE,1,3,579.918126314849,412.915037563369,TRUE,FALSE,-167.00308875148,-28.797701119073267,High-CDR,AIM/CGE V2.2 | ENGAGE | 1.5C
Full,R10NORTH_AM,1.5C,total_energy_jobyears_per_1k,Employment,"total energy-sector job-years per 1,000 people",FALSE,GCAM,GCAM 6.0 NGFS,NGFS Phase 5,0,1,NA,470.1068437661372,FALSE,FALSE,NA,NA,NA,GCAM 6.0 NGFS | NGFS Phase 5 | 1.5C
Full,R10NORTH_AM,1.5C,total_energy_jobyears_per_1k,Employment,"total energy-sector job-years per 1,000 people",FALSE,IMAGE,IMAGE 3.2,SSP2021,12,0,436.9707589280231,NA,FALSE,FALSE,NA,NA,NA,IMAGE 3.2 | SSP2021 | 1.5C
Full,R10NORTH_AM,1.5C,total_energy_jobyears_per_1k,Employment,"total energy-sector job-years per 1,000 people",FALSE,IMAGE,IMAGE 3.3,SHAPE,9,0,312.72604121745024,NA,FALSE,FALSE,NA,NA,NA,IMAGE 3.3 | SHAPE | 1.5C
Full,R10NORTH_AM,1.5C,total_energy_jobyears_per_1k,Employment,"total energy-sector job-years per 1,000 people",FALSE,MESSAGEix,MESSAGEix-GLOBIOM 1.1,ENGAGE,13,0,236.65744842866297,NA,FALSE,FALSE,NA,NA,NA,MESSAGEix-GLOBIOM 1.1 | ENGAGE | 1.5C
Full,R10NORTH_AM,1.5C,total_energy_jobyears_per_1k,Employment,"total energy-sector job-years per 1,000 people",FALSE,MESSAGEix,MESSAGEix-GLOBIOM 1.1,NGFS Phase 2,1,0,238.8245837616246,NA,FALSE,FALSE,NA,NA,NA,MESSAGEix-GLOBIOM 1.1 | NGFS Phase 2 | 1.5C
Full,R10NORTH_AM,1.5C,total_energy_jobyears_per_1k,Employment,"total energy-sector job-years per 1,000 people",FALSE,MESSAGEix,MESSAGEix-GLOBIOM 1.2,COVID,5,0,1.6311488559559169,NA,FALSE,FALSE,NA,NA,NA,MESSAGEix-GLOBIOM 1.2 | COVID | 1.5C
Full,R10NORTH_AM,1.5C,total_energy_jobyears_per_1k,Employment,"total energy-sector job-years per 1,000 people",FALSE,MESSAGEix,MESSAGEix-GLOBIOM GEI 1.0,GEI,6,3,336.13584632751827,365.63490246749353,TRUE,TRUE,29.499056139975266,8.77593284449421,High-RE,MESSAGEix-GLOBIOM GEI 1.0 | GEI | 1.5C
Full,R10NORTH_AM,1.5C,total_energy_jobyears_per_1k,Employment,"total energy-sector job-years per 1,000 people",FALSE,POLES,POLES-JRC ENGAGE,ENGAGE,4,1,319.7133338419069,354.69393883728657,TRUE,FALSE,34.98060499537968,10.94124057167945,High-RE,POLES-JRC ENGAGE | ENGAGE | 1.5C
Full,R10NORTH_AM,1.5C,total_energy_jobyears_per_1k,Employment,"total energy-sector job-years per 1,000 people",FALSE,REMIND,REMIND 2.1,CEMICS,0,4,NA,427.4627998024255,FALSE,FALSE,NA,NA,NA,REMIND 2.1 | CEMICS | 1.5C
Full,R10NORTH_AM,1.5C,total_energy_jobyears_per_1k,Employment,"total energy-sector job-years per 1,000 people",FALSE,REMIND,REMIND 2.1,R2p1,0,2,NA,414.8553393983635,FALSE,FALSE,NA,NA,NA,REMIND 2.1 | R2p1 | 1.5C
Full,R10NORTH_AM,1.5C,total_energy_jobyears_per_1k,Employment,"total energy-sector job-years per 1,000 people",FALSE,REMIND,REMIND 3.0,ENGAGE,0,2,NA,211.04912731944697,FALSE,FALSE,NA,NA,NA,REMIND 3.0 | ENGAGE | 1.5C
Full,R10NORTH_AM,1.5C,total_energy_jobyears_per_1k,Employment,"total energy-sector job-years per 1,000 people",FALSE,REMIND,REMIND 3.0,NAVIGATE,1,0,170.4416750451756,NA,FALSE,FALSE,NA,NA,NA,REMIND 3.0 | NAVIGATE | 1.5C
Full,R10NORTH_AM,1.5C,total_energy_jobyears_per_1k,Employment,"total energy-sector job-years per 1,000 people",FALSE,REMIND,REMIND-Buildings 2.0,BEG,0,2,NA,319.7014251602594,FALSE,FALSE,NA,NA,NA,REMIND-Buildings 2.0 | BEG | 1.5C
Full,R10NORTH_AM,1.5C,total_energy_jobyears_per_1k,Employment,"total energy-sector job-years per 1,000 people",FALSE,REMIND,REMIND-MAgPIE 1.7-3.0,CD,0,4,NA,374.33649028952334,FALSE,FALSE,NA,NA,NA,REMIND-MAgPIE 1.7-3.0 | CD | 1.5C
Full,R10NORTH_AM,1.5C,total_energy_jobyears_per_1k,Employment,"total energy-sector job-years per 1,000 people",FALSE,REMIND,REMIND-MAgPIE 1.7-3.0,COMMIT,0,3,NA,364.6652324978694,FALSE,FALSE,NA,NA,NA,REMIND-MAgPIE 1.7-3.0 | COMMIT | 1.5C
Full,R10NORTH_AM,1.5C,total_energy_jobyears_per_1k,Employment,"total energy-sector job-years per 1,000 people",FALSE,REMIND,REMIND-MAgPIE 1.7-3.0,PEP,0,13,NA,382.8151227484219,FALSE,FALSE,NA,NA,NA,REMIND-MAgPIE 1.7-3.0 | PEP | 1.5C
Full,R10NORTH_AM,1.5C,total_energy_jobyears_per_1k,Employment,"total energy-sector job-years per 1,000 people",FALSE,REMIND,REMIND-MAgPIE 2.1-4.2,CEMICS,0,3,NA,321.957237945057,FALSE,FALSE,NA,NA,NA,REMIND-MAgPIE 2.1-4.2 | CEMICS | 1.5C
Full,R10NORTH_AM,1.5C,total_energy_jobyears_per_1k,Employment,"total energy-sector job-years per 1,000 people",FALSE,REMIND,REMIND-MAgPIE 2.1-4.2,ENGAGE,0,19,NA,473.0208425237529,FALSE,FALSE,NA,NA,NA,REMIND-MAgPIE 2.1-4.2 | ENGAGE | 1.5C
Full,R10NORTH_AM,1.5C,total_energy_jobyears_per_1k,Employment,"total energy-sector job-years per 1,000 people",FALSE,REMIND,REMIND-MAgPIE 2.1-4.2,SusDev,0,2,NA,304.68016425286424,FALSE,FALSE,NA,NA,NA,REMIND-MAgPIE 2.1-4.2 | SusDev | 1.5C
Full,R10NORTH_AM,1.5C,total_energy_jobyears_per_1k,Employment,"total energy-sector job-years per 1,000 people",FALSE,REMIND,REMIND-MAgPIE 2.1-4.3,DeepElectrification,0,1,NA,395.55019300178157,FALSE,FALSE,NA,NA,NA,REMIND-MAgPIE 2.1-4.3 | DeepElectrification | 1.5C
Full,R10NORTH_AM,1.5C,total_energy_jobyears_per_1k,Employment,"total energy-sector job-years per 1,000 people",FALSE,REMIND,REMIND-MAgPIE 3.2.0-4.8.0,RESCUE,0,3,NA,245.02850769983215,FALSE,FALSE,NA,NA,NA,REMIND-MAgPIE 3.2.0-4.8.0 | RESCUE | 1.5C
Full,R10NORTH_AM,1.5C,total_energy_jobyears_per_1k,Employment,"total energy-sector job-years per 1,000 people",FALSE,REMIND,REMIND-MAgPIE 3.3-4.8,NGFS Phase 5,0,1,NA,234.85377747766017,FALSE,FALSE,NA,NA,NA,REMIND-MAgPIE 3.3-4.8 | NGFS Phase 5 | 1.5C
Full,R10NORTH_AM,1.5C,total_energy_jobyears_per_1k,Employment,"total energy-sector job-years per 1,000 people",FALSE,WITCH,WITCH 5.0,ENGAGE,6,0,637.4670708148092,NA,FALSE,FALSE,NA,NA,NA,WITCH 5.0 | ENGAGE | 1.5C
Full,R10NORTH_AM,2C,gap_GJ_pc,DLE gap,GJ per capita of cumulative DLE gap,TRUE,AIM,AIM/CGE V2.2,ENGAGE,20,11,0.05034006467126933,0.0751155556948231,TRUE,TRUE,-0.024775491023553774,-49.21624790381712,High-CDR,AIM/CGE V2.2 | ENGAGE | 2C
Full,R10NORTH_AM,2C,gap_GJ_pc,DLE gap,GJ per capita of cumulative DLE gap,TRUE,GCAM,GCAM 5.3,Deep,23,0,0.06886887679866675,NA,FALSE,FALSE,NA,NA,NA,GCAM 5.3 | Deep | 2C
Full,R10NORTH_AM,2C,gap_GJ_pc,DLE gap,GJ per capita of cumulative DLE gap,TRUE,GCAM,GCAM 6.0 NGFS,NGFS Phase 5,0,4,NA,0.0960649381507748,FALSE,FALSE,NA,NA,NA,GCAM 6.0 NGFS | NGFS Phase 5 | 2C
Full,R10NORTH_AM,2C,gap_GJ_pc,DLE gap,GJ per capita of cumulative DLE gap,TRUE,GCAM,GCAM 7.0,IAM,3,0,0.03351663156441791,NA,FALSE,FALSE,NA,NA,NA,GCAM 7.0 | IAM | 2C
Full,R10NORTH_AM,2C,gap_GJ_pc,DLE gap,GJ per capita of cumulative DLE gap,TRUE,IMAGE,IMAGE 3.0,COMMIT,3,0,0.4417014896256661,NA,FALSE,FALSE,NA,NA,NA,IMAGE 3.0 | COMMIT | 2C
Full,R10NORTH_AM,2C,gap_GJ_pc,DLE gap,GJ per capita of cumulative DLE gap,TRUE,IMAGE,IMAGE 3.0,ENGAGE,20,0,0.26808328857092223,NA,FALSE,FALSE,NA,NA,NA,IMAGE 3.0 | ENGAGE | 2C
Full,R10NORTH_AM,2C,gap_GJ_pc,DLE gap,GJ per capita of cumulative DLE gap,TRUE,IMAGE,IMAGE 3.2,ENGAGE,9,0,0.704610502853406,NA,FALSE,FALSE,NA,NA,NA,IMAGE 3.2 | ENGAGE | 2C
Full,R10NORTH_AM,2C,gap_GJ_pc,DLE gap,GJ per capita of cumulative DLE gap,TRUE,IMAGE,IMAGE 3.2,SSP2021,8,2,0.8869727490066908,0.5015833887600768,TRUE,FALSE,0.38538936024661397,43.44996626764537,High-RE,IMAGE 3.2 | SSP2021 | 2C
Full,R10NORTH_AM,2C,gap_GJ_pc,DLE gap,GJ per capita of cumulative DLE gap,TRUE,IMAGE,IMAGE 3.3,NAVIGATE,8,0,0.8332501781482416,NA,FALSE,FALSE,NA,NA,NA,IMAGE 3.3 | NAVIGATE | 2C
Full,R10NORTH_AM,2C,gap_GJ_pc,DLE gap,GJ per capita of cumulative DLE gap,TRUE,MESSAGEix,MESSAGEix-GLOBIOM 1.1,ENGAGE,62,20,0.09211985068007278,0.1286650779987631,TRUE,TRUE,-0.03654522731869031,-39.67139226659181,High-CDR,MESSAGEix-GLOBIOM 1.1 | ENGAGE | 2C
Full,R10NORTH_AM,2C,gap_GJ_pc,DLE gap,GJ per capita of cumulative DLE gap,TRUE,MESSAGEix,MESSAGEix-GLOBIOM 1.1,NGFS Phase 2,1,1,0.09566002466895884,0.19157787287327813,TRUE,FALSE,-0.09591784820431928,-100.26952066576679,High-CDR,MESSAGEix-GLOBIOM 1.1 | NGFS Phase 2 | 2C
Full,R10NORTH_AM,2C,gap_GJ_pc,DLE gap,GJ per capita of cumulative DLE gap,TRUE,MESSAGEix,MESSAGEix-GLOBIOM 1.2,COVID,5,0,0.10010131224737502,NA,FALSE,FALSE,NA,NA,NA,MESSAGEix-GLOBIOM 1.2 | COVID | 2C
Full,R10NORTH_AM,2C,gap_GJ_pc,DLE gap,GJ per capita of cumulative DLE gap,TRUE,MESSAGEix,MESSAGEix-GLOBIOM 2.0-M-R12-NGFS,NGFS Phase 5,0,2,NA,0.16405079997044517,FALSE,FALSE,NA,NA,NA,MESSAGEix-GLOBIOM 2.0-M-R12-NGFS | NGFS Phase 5 | 2C
Full,R10NORTH_AM,2C,gap_GJ_pc,DLE gap,GJ per capita of cumulative DLE gap,TRUE,MESSAGEix,MESSAGEix-GLOBIOM GEI 1.0,GEI,6,1,0.04410336708802959,0.11707126398804674,TRUE,FALSE,-0.07296789690001715,-165.44745156163347,High-CDR,MESSAGEix-GLOBIOM GEI 1.0 | GEI | 2C
Full,R10NORTH_AM,2C,gap_GJ_pc,DLE gap,GJ per capita of cumulative DLE gap,TRUE,POLES,POLES-JRC ENGAGE,ENGAGE,56,8,1.1301477929119539,0.6883727058305048,TRUE,TRUE,0.4417750870814491,39.09002785761015,High-RE,POLES-JRC ENGAGE | ENGAGE | 2C
Full,R10NORTH_AM,2C,gap_GJ_pc,DLE gap,GJ per capita of cumulative DLE gap,TRUE,REMIND,REMIND 2.1,CEMICS,0,5,NA,0.1024745671872466,FALSE,FALSE,NA,NA,NA,REMIND 2.1 | CEMICS | 2C
Full,R10NORTH_AM,2C,gap_GJ_pc,DLE gap,GJ per capita of cumulative DLE gap,TRUE,REMIND,REMIND 2.1,LeastTotalCost,0,11,NA,0.13761484448030795,FALSE,FALSE,NA,NA,NA,REMIND 2.1 | LeastTotalCost | 2C
Full,R10NORTH_AM,2C,gap_GJ_pc,DLE gap,GJ per capita of cumulative DLE gap,TRUE,REMIND,REMIND 2.1,R2p1,0,8,NA,0.10743289824865189,FALSE,FALSE,NA,NA,NA,REMIND 2.1 | R2p1 | 2C
Full,R10NORTH_AM,2C,gap_GJ_pc,DLE gap,GJ per capita of cumulative DLE gap,TRUE,REMIND,REMIND 2.1,TechCost,0,9,NA,0.13882639490748264,FALSE,FALSE,NA,NA,NA,REMIND 2.1 | TechCost | 2C
Full,R10NORTH_AM,2C,gap_GJ_pc,DLE gap,GJ per capita of cumulative DLE gap,TRUE,REMIND,REMIND 3.0,ENGAGE,0,14,NA,0.8216127110937408,FALSE,FALSE,NA,NA,NA,REMIND 3.0 | ENGAGE | 2C
Full,R10NORTH_AM,2C,gap_GJ_pc,DLE gap,GJ per capita of cumulative DLE gap,TRUE,REMIND,REMIND 3.0,NAVIGATE,0,7,NA,0.6484084820074685,FALSE,FALSE,NA,NA,NA,REMIND 3.0 | NAVIGATE | 2C
Full,R10NORTH_AM,2C,gap_GJ_pc,DLE gap,GJ per capita of cumulative DLE gap,TRUE,REMIND,REMIND-MAgPIE 1.7-3.0,CD,0,5,NA,0.080005873896203,FALSE,FALSE,NA,NA,NA,REMIND-MAgPIE 1.7-3.0 | CD | 2C
Full,R10NORTH_AM,2C,gap_GJ_pc,DLE gap,GJ per capita of cumulative DLE gap,TRUE,REMIND,REMIND-MAgPIE 1.7-3.0,COMMIT,0,4,NA,0.10630993412151968,FALSE,FALSE,NA,NA,NA,REMIND-MAgPIE 1.7-3.0 | COMMIT | 2C
Full,R10NORTH_AM,2C,gap_GJ_pc,DLE gap,GJ per capita of cumulative DLE gap,TRUE,REMIND,REMIND-MAgPIE 1.7-3.0,PEP,0,5,NA,0.12396824230667698,FALSE,FALSE,NA,NA,NA,REMIND-MAgPIE 1.7-3.0 | PEP | 2C
Full,R10NORTH_AM,2C,gap_GJ_pc,DLE gap,GJ per capita of cumulative DLE gap,TRUE,REMIND,REMIND-MAgPIE 2.0-4.1,Diff,0,4,NA,0.11630248299462567,FALSE,FALSE,NA,NA,NA,REMIND-MAgPIE 2.0-4.1 | Diff | 2C
Full,R10NORTH_AM,2C,gap_GJ_pc,DLE gap,GJ per capita of cumulative DLE gap,TRUE,REMIND,REMIND-MAgPIE 2.1-4.2,CEMICS,0,3,NA,0.13025251994365716,FALSE,FALSE,NA,NA,NA,REMIND-MAgPIE 2.1-4.2 | CEMICS | 2C
Full,R10NORTH_AM,2C,gap_GJ_pc,DLE gap,GJ per capita of cumulative DLE gap,TRUE,REMIND,REMIND-MAgPIE 2.1-4.2,ENGAGE,0,59,NA,0.11953866689563776,FALSE,FALSE,NA,NA,NA,REMIND-MAgPIE 2.1-4.2 | ENGAGE | 2C
Full,R10NORTH_AM,2C,gap_GJ_pc,DLE gap,GJ per capita of cumulative DLE gap,TRUE,REMIND,REMIND-MAgPIE 2.1-4.2,NGFS Phase 2,0,5,NA,0.6881029141487409,FALSE,FALSE,NA,NA,NA,REMIND-MAgPIE 2.1-4.2 | NGFS Phase 2 | 2C
Full,R10NORTH_AM,2C,gap_GJ_pc,DLE gap,GJ per capita of cumulative DLE gap,TRUE,REMIND,REMIND-MAgPIE 2.1-4.2,SusDev,0,3,NA,0.11471841221350962,FALSE,FALSE,NA,NA,NA,REMIND-MAgPIE 2.1-4.2 | SusDev | 2C
Full,R10NORTH_AM,2C,gap_GJ_pc,DLE gap,GJ per capita of cumulative DLE gap,TRUE,REMIND,REMIND-MAgPIE 2.1-4.3,DeepElectrification,0,3,NA,0.467355302229178,FALSE,FALSE,NA,NA,NA,REMIND-MAgPIE 2.1-4.3 | DeepElectrification | 2C
Full,R10NORTH_AM,2C,gap_GJ_pc,DLE gap,GJ per capita of cumulative DLE gap,TRUE,REMIND,REMIND-MAgPIE 3.2-4.6,SHAPE,0,2,NA,0.13479243439222893,FALSE,FALSE,NA,NA,NA,REMIND-MAgPIE 3.2-4.6 | SHAPE | 2C
Full,R10NORTH_AM,2C,gap_GJ_pc,DLE gap,GJ per capita of cumulative DLE gap,TRUE,REMIND,REMIND-MAgPIE 3.2.0-4.8.0,RESCUE,0,5,NA,0.43700981061647326,FALSE,FALSE,NA,NA,NA,REMIND-MAgPIE 3.2.0-4.8.0 | RESCUE | 2C
Full,R10NORTH_AM,2C,gap_GJ_pc,DLE gap,GJ per capita of cumulative DLE gap,TRUE,REMIND,REMIND-MAgPIE 3.3-4.8,NGFS Phase 5,0,5,NA,0.3087474602592871,FALSE,FALSE,NA,NA,NA,REMIND-MAgPIE 3.3-4.8 | NGFS Phase 5 | 2C
Full,R10NORTH_AM,2C,gap_GJ_pc,DLE gap,GJ per capita of cumulative DLE gap,TRUE,REMIND,REMIND-Transport 2.1,Transport,0,8,NA,0.12047410040586601,FALSE,FALSE,NA,NA,NA,REMIND-Transport 2.1 | Transport | 2C
Full,R10NORTH_AM,2C,gap_GJ_pc,DLE gap,GJ per capita of cumulative DLE gap,TRUE,WITCH,WITCH 5.0,COMMIT,2,1,0.20885732162659698,0.17867579494724545,TRUE,FALSE,0.030181526679351534,14.450786998653179,High-RE,WITCH 5.0 | COMMIT | 2C
Full,R10NORTH_AM,2C,gap_GJ_pc,DLE gap,GJ per capita of cumulative DLE gap,TRUE,WITCH,WITCH 5.0,ENGAGE,0,11,NA,1.113251193008656,FALSE,FALSE,NA,NA,NA,WITCH 5.0 | ENGAGE | 2C
Full,R10NORTH_AM,2C,gap_GJ_pc,DLE gap,GJ per capita of cumulative DLE gap,TRUE,WITCH,WITCH 5.0,NAVIGATE,0,4,NA,0.5106268671416749,FALSE,FALSE,NA,NA,NA,WITCH 5.0 | NAVIGATE | 2C
Full,R10NORTH_AM,2C,headcount_pct,Deprived share,population-year-weighted mean % below the DLE threshold,TRUE,AIM,AIM/CGE V2.2,ENGAGE,20,11,0.013691974953238985,0.02055864985507719,TRUE,TRUE,-0.006866674901838206,-50.151091608693164,High-CDR,AIM/CGE V2.2 | ENGAGE | 2C
Full,R10NORTH_AM,2C,headcount_pct,Deprived share,population-year-weighted mean % below the DLE threshold,TRUE,GCAM,GCAM 5.3,Deep,23,0,0.01850174254679483,NA,FALSE,FALSE,NA,NA,NA,GCAM 5.3 | Deep | 2C
Full,R10NORTH_AM,2C,headcount_pct,Deprived share,population-year-weighted mean % below the DLE threshold,TRUE,GCAM,GCAM 6.0 NGFS,NGFS Phase 5,0,4,NA,0.02883337370255839,FALSE,FALSE,NA,NA,NA,GCAM 6.0 NGFS | NGFS Phase 5 | 2C
Full,R10NORTH_AM,2C,headcount_pct,Deprived share,population-year-weighted mean % below the DLE threshold,TRUE,GCAM,GCAM 7.0,IAM,3,0,0.00894238868341972,NA,FALSE,FALSE,NA,NA,NA,GCAM 7.0 | IAM | 2C
Full,R10NORTH_AM,2C,headcount_pct,Deprived share,population-year-weighted mean % below the DLE threshold,TRUE,IMAGE,IMAGE 3.0,COMMIT,3,0,0.15296772126963237,NA,FALSE,FALSE,NA,NA,NA,IMAGE 3.0 | COMMIT | 2C
Full,R10NORTH_AM,2C,headcount_pct,Deprived share,population-year-weighted mean % below the DLE threshold,TRUE,IMAGE,IMAGE 3.0,ENGAGE,20,0,0.0908998429984515,NA,FALSE,FALSE,NA,NA,NA,IMAGE 3.0 | ENGAGE | 2C
Full,R10NORTH_AM,2C,headcount_pct,Deprived share,population-year-weighted mean % below the DLE threshold,TRUE,IMAGE,IMAGE 3.2,ENGAGE,9,0,0.21532727854725037,NA,FALSE,FALSE,NA,NA,NA,IMAGE 3.2 | ENGAGE | 2C
Full,R10NORTH_AM,2C,headcount_pct,Deprived share,population-year-weighted mean % below the DLE threshold,TRUE,IMAGE,IMAGE 3.2,SSP2021,8,2,0.30386926041292306,0.16607437869898828,TRUE,FALSE,0.13779488171393478,45.346765752708095,High-RE,IMAGE 3.2 | SSP2021 | 2C
Full,R10NORTH_AM,2C,headcount_pct,Deprived share,population-year-weighted mean % below the DLE threshold,TRUE,IMAGE,IMAGE 3.3,NAVIGATE,8,0,0.2775603458444978,NA,FALSE,FALSE,NA,NA,NA,IMAGE 3.3 | NAVIGATE | 2C
Full,R10NORTH_AM,2C,headcount_pct,Deprived share,population-year-weighted mean % below the DLE threshold,TRUE,MESSAGEix,MESSAGEix-GLOBIOM 1.1,ENGAGE,62,20,0.026842671565302925,0.041321778692679556,TRUE,TRUE,-0.014479107127376632,-53.940633636826426,High-CDR,MESSAGEix-GLOBIOM 1.1 | ENGAGE | 2C
Full,R10NORTH_AM,2C,headcount_pct,Deprived share,population-year-weighted mean % below the DLE threshold,TRUE,MESSAGEix,MESSAGEix-GLOBIOM 1.1,NGFS Phase 2,1,1,0.0284692015384708,0.06783765640188129,TRUE,FALSE,-0.03936845486341049,-138.2843660374928,High-CDR,MESSAGEix-GLOBIOM 1.1 | NGFS Phase 2 | 2C
Full,R10NORTH_AM,2C,headcount_pct,Deprived share,population-year-weighted mean % below the DLE threshold,TRUE,MESSAGEix,MESSAGEix-GLOBIOM 1.2,COVID,5,0,0.03089652146937438,NA,FALSE,FALSE,NA,NA,NA,MESSAGEix-GLOBIOM 1.2 | COVID | 2C
Full,R10NORTH_AM,2C,headcount_pct,Deprived share,population-year-weighted mean % below the DLE threshold,TRUE,MESSAGEix,MESSAGEix-GLOBIOM 2.0-M-R12-NGFS,NGFS Phase 5,0,2,NA,0.05927658734419522,FALSE,FALSE,NA,NA,NA,MESSAGEix-GLOBIOM 2.0-M-R12-NGFS | NGFS Phase 5 | 2C
Full,R10NORTH_AM,2C,headcount_pct,Deprived share,population-year-weighted mean % below the DLE threshold,TRUE,MESSAGEix,MESSAGEix-GLOBIOM GEI 1.0,GEI,6,1,0.011884024149798686,0.03560962691232535,TRUE,FALSE,-0.023725602762526665,-199.6428353179388,High-CDR,MESSAGEix-GLOBIOM GEI 1.0 | GEI | 2C
Full,R10NORTH_AM,2C,headcount_pct,Deprived share,population-year-weighted mean % below the DLE threshold,TRUE,POLES,POLES-JRC ENGAGE,ENGAGE,56,8,0.39871624862597654,0.22751100564015914,TRUE,TRUE,0.1712052429858174,42.93911862779884,High-RE,POLES-JRC ENGAGE | ENGAGE | 2C
Full,R10NORTH_AM,2C,headcount_pct,Deprived share,population-year-weighted mean % below the DLE threshold,TRUE,REMIND,REMIND 2.1,CEMICS,0,5,NA,0.03642888570192571,FALSE,FALSE,NA,NA,NA,REMIND 2.1 | CEMICS | 2C
Full,R10NORTH_AM,2C,headcount_pct,Deprived share,population-year-weighted mean % below the DLE threshold,TRUE,REMIND,REMIND 2.1,LeastTotalCost,0,11,NA,0.05202810510209183,FALSE,FALSE,NA,NA,NA,REMIND 2.1 | LeastTotalCost | 2C
Full,R10NORTH_AM,2C,headcount_pct,Deprived share,population-year-weighted mean % below the DLE threshold,TRUE,REMIND,REMIND 2.1,R2p1,0,8,NA,0.03460338414151203,FALSE,FALSE,NA,NA,NA,REMIND 2.1 | R2p1 | 2C
Full,R10NORTH_AM,2C,headcount_pct,Deprived share,population-year-weighted mean % below the DLE threshold,TRUE,REMIND,REMIND 2.1,TechCost,0,9,NA,0.04833189425375905,FALSE,FALSE,NA,NA,NA,REMIND 2.1 | TechCost | 2C
Full,R10NORTH_AM,2C,headcount_pct,Deprived share,population-year-weighted mean % below the DLE threshold,TRUE,REMIND,REMIND 3.0,ENGAGE,0,14,NA,0.32585427177886683,FALSE,FALSE,NA,NA,NA,REMIND 3.0 | ENGAGE | 2C
Full,R10NORTH_AM,2C,headcount_pct,Deprived share,population-year-weighted mean % below the DLE threshold,TRUE,REMIND,REMIND 3.0,NAVIGATE,0,7,NA,0.26394985280726607,FALSE,FALSE,NA,NA,NA,REMIND 3.0 | NAVIGATE | 2C
Full,R10NORTH_AM,2C,headcount_pct,Deprived share,population-year-weighted mean % below the DLE threshold,TRUE,REMIND,REMIND-MAgPIE 1.7-3.0,CD,0,5,NA,0.02234049619712599,FALSE,FALSE,NA,NA,NA,REMIND-MAgPIE 1.7-3.0 | CD | 2C
Full,R10NORTH_AM,2C,headcount_pct,Deprived share,population-year-weighted mean % below the DLE threshold,TRUE,REMIND,REMIND-MAgPIE 1.7-3.0,COMMIT,0,4,NA,0.02870265711985981,FALSE,FALSE,NA,NA,NA,REMIND-MAgPIE 1.7-3.0 | COMMIT | 2C
Full,R10NORTH_AM,2C,headcount_pct,Deprived share,population-year-weighted mean % below the DLE threshold,TRUE,REMIND,REMIND-MAgPIE 1.7-3.0,PEP,0,5,NA,0.0336291137231138,FALSE,FALSE,NA,NA,NA,REMIND-MAgPIE 1.7-3.0 | PEP | 2C
Full,R10NORTH_AM,2C,headcount_pct,Deprived share,population-year-weighted mean % below the DLE threshold,TRUE,REMIND,REMIND-MAgPIE 2.0-4.1,Diff,0,4,NA,0.04321494110223881,FALSE,FALSE,NA,NA,NA,REMIND-MAgPIE 2.0-4.1 | Diff | 2C
Full,R10NORTH_AM,2C,headcount_pct,Deprived share,population-year-weighted mean % below the DLE threshold,TRUE,REMIND,REMIND-MAgPIE 2.1-4.2,CEMICS,0,3,NA,0.04794917202095713,FALSE,FALSE,NA,NA,NA,REMIND-MAgPIE 2.1-4.2 | CEMICS | 2C
Full,R10NORTH_AM,2C,headcount_pct,Deprived share,population-year-weighted mean % below the DLE threshold,TRUE,REMIND,REMIND-MAgPIE 2.1-4.2,ENGAGE,0,59,NA,0.04270972717283718,FALSE,FALSE,NA,NA,NA,REMIND-MAgPIE 2.1-4.2 | ENGAGE | 2C
Full,R10NORTH_AM,2C,headcount_pct,Deprived share,population-year-weighted mean % below the DLE threshold,TRUE,REMIND,REMIND-MAgPIE 2.1-4.2,NGFS Phase 2,0,5,NA,0.26763828102334475,FALSE,FALSE,NA,NA,NA,REMIND-MAgPIE 2.1-4.2 | NGFS Phase 2 | 2C
Full,R10NORTH_AM,2C,headcount_pct,Deprived share,population-year-weighted mean % below the DLE threshold,TRUE,REMIND,REMIND-MAgPIE 2.1-4.2,SusDev,0,3,NA,0.03966047723767552,FALSE,FALSE,NA,NA,NA,REMIND-MAgPIE 2.1-4.2 | SusDev | 2C
Full,R10NORTH_AM,2C,headcount_pct,Deprived share,population-year-weighted mean % below the DLE threshold,TRUE,REMIND,REMIND-MAgPIE 2.1-4.3,DeepElectrification,0,3,NA,0.1815615247819861,FALSE,FALSE,NA,NA,NA,REMIND-MAgPIE 2.1-4.3 | DeepElectrification | 2C
Full,R10NORTH_AM,2C,headcount_pct,Deprived share,population-year-weighted mean % below the DLE threshold,TRUE,REMIND,REMIND-MAgPIE 3.2-4.6,SHAPE,0,2,NA,0.05183213096578465,FALSE,FALSE,NA,NA,NA,REMIND-MAgPIE 3.2-4.6 | SHAPE | 2C
Full,R10NORTH_AM,2C,headcount_pct,Deprived share,population-year-weighted mean % below the DLE threshold,TRUE,REMIND,REMIND-MAgPIE 3.2.0-4.8.0,RESCUE,0,5,NA,0.17979795106472363,FALSE,FALSE,NA,NA,NA,REMIND-MAgPIE 3.2.0-4.8.0 | RESCUE | 2C
Full,R10NORTH_AM,2C,headcount_pct,Deprived share,population-year-weighted mean % below the DLE threshold,TRUE,REMIND,REMIND-MAgPIE 3.3-4.8,NGFS Phase 5,0,5,NA,0.1326024222988968,FALSE,FALSE,NA,NA,NA,REMIND-MAgPIE 3.3-4.8 | NGFS Phase 5 | 2C
Full,R10NORTH_AM,2C,headcount_pct,Deprived share,population-year-weighted mean % below the DLE threshold,TRUE,REMIND,REMIND-Transport 2.1,Transport,0,8,NA,0.04301213363775913,FALSE,FALSE,NA,NA,NA,REMIND-Transport 2.1 | Transport | 2C
Full,R10NORTH_AM,2C,headcount_pct,Deprived share,population-year-weighted mean % below the DLE threshold,TRUE,WITCH,WITCH 5.0,COMMIT,2,1,0.052071676394931266,0.04398947253055617,TRUE,FALSE,0.008082203864375095,15.521305292874782,High-RE,WITCH 5.0 | COMMIT | 2C
Full,R10NORTH_AM,2C,headcount_pct,Deprived share,population-year-weighted mean % below the DLE threshold,TRUE,WITCH,WITCH 5.0,ENGAGE,0,11,NA,0.30463832046302597,FALSE,FALSE,NA,NA,NA,WITCH 5.0 | ENGAGE | 2C
Full,R10NORTH_AM,2C,headcount_pct,Deprived share,population-year-weighted mean % below the DLE threshold,TRUE,WITCH,WITCH 5.0,NAVIGATE,0,4,NA,0.1755320323588646,FALSE,FALSE,NA,NA,NA,WITCH 5.0 | NAVIGATE | 2C
Full,R10NORTH_AM,2C,mortality_million_deaths,PM2.5 mortality,million cumulative PM2.5-attributable deaths,TRUE,AIM,AIM/CGE V2.2,ENGAGE,20,4,11.1391475,10.8186625,TRUE,TRUE,0.3204849999999997,2.877105272194301,High-RE,AIM/CGE V2.2 | ENGAGE | 2C
Full,R10NORTH_AM,2C,mortality_million_deaths,PM2.5 mortality,million cumulative PM2.5-attributable deaths,TRUE,GCAM,GCAM 6.0 NGFS,NGFS Phase 5,0,4,NA,12.279785,FALSE,FALSE,NA,NA,NA,GCAM 6.0 NGFS | NGFS Phase 5 | 2C
Full,R10NORTH_AM,2C,mortality_million_deaths,PM2.5 mortality,million cumulative PM2.5-attributable deaths,TRUE,GCAM,GCAM 7.0,IAM,3,0,14.701405,NA,FALSE,FALSE,NA,NA,NA,GCAM 7.0 | IAM | 2C
Full,R10NORTH_AM,2C,mortality_million_deaths,PM2.5 mortality,million cumulative PM2.5-attributable deaths,TRUE,IMAGE,IMAGE 3.0,ENGAGE,20,0,10.63171,NA,FALSE,FALSE,NA,NA,NA,IMAGE 3.0 | ENGAGE | 2C
Full,R10NORTH_AM,2C,mortality_million_deaths,PM2.5 mortality,million cumulative PM2.5-attributable deaths,TRUE,IMAGE,IMAGE 3.2,SSP2021,8,2,9.041525,8.651589999999999,TRUE,FALSE,0.38993500000000125,4.312712733747916,High-RE,IMAGE 3.2 | SSP2021 | 2C
Full,R10NORTH_AM,2C,mortality_million_deaths,PM2.5 mortality,million cumulative PM2.5-attributable deaths,TRUE,IMAGE,IMAGE 3.3,NAVIGATE,8,0,11.964355,NA,FALSE,FALSE,NA,NA,NA,IMAGE 3.3 | NAVIGATE | 2C
Full,R10NORTH_AM,2C,mortality_million_deaths,PM2.5 mortality,million cumulative PM2.5-attributable deaths,TRUE,MESSAGEix,MESSAGEix-GLOBIOM 1.1,ENGAGE,60,17,6.816545,6.783815,TRUE,TRUE,0.032729999999999926,0.4801552692749762,High-RE,MESSAGEix-GLOBIOM 1.1 | ENGAGE | 2C
Full,R10NORTH_AM,2C,mortality_million_deaths,PM2.5 mortality,million cumulative PM2.5-attributable deaths,TRUE,MESSAGEix,MESSAGEix-GLOBIOM 1.1,NGFS Phase 2,1,1,6.70023,7.59302,TRUE,FALSE,-0.8927899999999998,-13.324766463240808,High-CDR,MESSAGEix-GLOBIOM 1.1 | NGFS Phase 2 | 2C
Full,R10NORTH_AM,2C,mortality_million_deaths,PM2.5 mortality,million cumulative PM2.5-attributable deaths,TRUE,MESSAGEix,MESSAGEix-GLOBIOM 1.2,COVID,5,0,6.621125,NA,FALSE,FALSE,NA,NA,NA,MESSAGEix-GLOBIOM 1.2 | COVID | 2C
Full,R10NORTH_AM,2C,mortality_million_deaths,PM2.5 mortality,million cumulative PM2.5-attributable deaths,TRUE,MESSAGEix,MESSAGEix-GLOBIOM 2.0-M-R12-NGFS,NGFS Phase 5,0,2,NA,9.37857,FALSE,FALSE,NA,NA,NA,MESSAGEix-GLOBIOM 2.0-M-R12-NGFS | NGFS Phase 5 | 2C
Full,R10NORTH_AM,2C,mortality_million_deaths,PM2.5 mortality,million cumulative PM2.5-attributable deaths,TRUE,MESSAGEix,MESSAGEix-GLOBIOM GEI 1.0,GEI,6,1,8.018335,7.442065,TRUE,FALSE,0.5762700000000001,7.186903515505402,High-RE,MESSAGEix-GLOBIOM GEI 1.0 | GEI | 2C
Full,R10NORTH_AM,2C,mortality_million_deaths,PM2.5 mortality,million cumulative PM2.5-attributable deaths,TRUE,POLES,POLES-JRC ENGAGE,ENGAGE,56,0,6.5197775,NA,FALSE,FALSE,NA,NA,NA,POLES-JRC ENGAGE | ENGAGE | 2C
Full,R10NORTH_AM,2C,mortality_million_deaths,PM2.5 mortality,million cumulative PM2.5-attributable deaths,TRUE,REMIND,REMIND 2.1,CEMICS,0,1,NA,8.19522,FALSE,FALSE,NA,NA,NA,REMIND 2.1 | CEMICS | 2C
Full,R10NORTH_AM,2C,mortality_million_deaths,PM2.5 mortality,million cumulative PM2.5-attributable deaths,TRUE,REMIND,REMIND 2.1,LeastTotalCost,0,11,NA,8.97222,FALSE,FALSE,NA,NA,NA,REMIND 2.1 | LeastTotalCost | 2C
Full,R10NORTH_AM,2C,mortality_million_deaths,PM2.5 mortality,million cumulative PM2.5-attributable deaths,TRUE,REMIND,REMIND 2.1,R2p1,0,8,NA,8.206895,FALSE,FALSE,NA,NA,NA,REMIND 2.1 | R2p1 | 2C
Full,R10NORTH_AM,2C,mortality_million_deaths,PM2.5 mortality,million cumulative PM2.5-attributable deaths,TRUE,REMIND,REMIND 2.1,TechCost,0,9,NA,8.95518,FALSE,FALSE,NA,NA,NA,REMIND 2.1 | TechCost | 2C
Full,R10NORTH_AM,2C,mortality_million_deaths,PM2.5 mortality,million cumulative PM2.5-attributable deaths,TRUE,REMIND,REMIND 3.0,NAVIGATE,0,3,NA,8.02988,FALSE,FALSE,NA,NA,NA,REMIND 3.0 | NAVIGATE | 2C
Full,R10NORTH_AM,2C,mortality_million_deaths,PM2.5 mortality,million cumulative PM2.5-attributable deaths,TRUE,REMIND,REMIND-MAgPIE 1.7-3.0,CD,0,5,NA,12.18197,FALSE,FALSE,NA,NA,NA,REMIND-MAgPIE 1.7-3.0 | CD | 2C
Full,R10NORTH_AM,2C,mortality_million_deaths,PM2.5 mortality,million cumulative PM2.5-attributable deaths,TRUE,REMIND,REMIND-MAgPIE 1.7-3.0,COMMIT,0,4,NA,11.561900000000001,FALSE,FALSE,NA,NA,NA,REMIND-MAgPIE 1.7-3.0 | COMMIT | 2C
Full,R10NORTH_AM,2C,mortality_million_deaths,PM2.5 mortality,million cumulative PM2.5-attributable deaths,TRUE,REMIND,REMIND-MAgPIE 1.7-3.0,PEP,0,5,NA,11.21836,FALSE,FALSE,NA,NA,NA,REMIND-MAgPIE 1.7-3.0 | PEP | 2C
Full,R10NORTH_AM,2C,mortality_million_deaths,PM2.5 mortality,million cumulative PM2.5-attributable deaths,TRUE,REMIND,REMIND-MAgPIE 2.1-4.2,CEMICS,0,1,NA,8.19346,FALSE,FALSE,NA,NA,NA,REMIND-MAgPIE 2.1-4.2 | CEMICS | 2C
Full,R10NORTH_AM,2C,mortality_million_deaths,PM2.5 mortality,million cumulative PM2.5-attributable deaths,TRUE,REMIND,REMIND-MAgPIE 2.1-4.2,ENGAGE,0,59,NA,8.92639,FALSE,FALSE,NA,NA,NA,REMIND-MAgPIE 2.1-4.2 | ENGAGE | 2C
Full,R10NORTH_AM,2C,mortality_million_deaths,PM2.5 mortality,million cumulative PM2.5-attributable deaths,TRUE,REMIND,REMIND-MAgPIE 2.1-4.2,NGFS Phase 2,0,2,NA,8.495095,FALSE,FALSE,NA,NA,NA,REMIND-MAgPIE 2.1-4.2 | NGFS Phase 2 | 2C
Full,R10NORTH_AM,2C,mortality_million_deaths,PM2.5 mortality,million cumulative PM2.5-attributable deaths,TRUE,REMIND,REMIND-MAgPIE 2.1-4.2,SusDev,0,3,NA,8.08278,FALSE,FALSE,NA,NA,NA,REMIND-MAgPIE 2.1-4.2 | SusDev | 2C
Full,R10NORTH_AM,2C,mortality_million_deaths,PM2.5 mortality,million cumulative PM2.5-attributable deaths,TRUE,REMIND,REMIND-MAgPIE 2.1-4.3,DeepElectrification,0,3,NA,8.89194,FALSE,FALSE,NA,NA,NA,REMIND-MAgPIE 2.1-4.3 | DeepElectrification | 2C
Full,R10NORTH_AM,2C,mortality_million_deaths,PM2.5 mortality,million cumulative PM2.5-attributable deaths,TRUE,REMIND,REMIND-MAgPIE 3.2-4.6,SHAPE,0,2,NA,8.089405,FALSE,FALSE,NA,NA,NA,REMIND-MAgPIE 3.2-4.6 | SHAPE | 2C
Full,R10NORTH_AM,2C,mortality_million_deaths,PM2.5 mortality,million cumulative PM2.5-attributable deaths,TRUE,REMIND,REMIND-MAgPIE 3.2.0-4.8.0,RESCUE,0,5,NA,8.92236,FALSE,FALSE,NA,NA,NA,REMIND-MAgPIE 3.2.0-4.8.0 | RESCUE | 2C
Full,R10NORTH_AM,2C,mortality_million_deaths,PM2.5 mortality,million cumulative PM2.5-attributable deaths,TRUE,REMIND,REMIND-MAgPIE 3.3-4.8,NGFS Phase 5,0,5,NA,10.356625,FALSE,FALSE,NA,NA,NA,REMIND-MAgPIE 3.3-4.8 | NGFS Phase 5 | 2C
Full,R10NORTH_AM,2C,mortality_million_deaths,PM2.5 mortality,million cumulative PM2.5-attributable deaths,TRUE,REMIND,REMIND-Transport 2.1,Transport,0,8,NA,8.94027,FALSE,FALSE,NA,NA,NA,REMIND-Transport 2.1 | Transport | 2C
Full,R10NORTH_AM,2C,mortality_million_deaths,PM2.5 mortality,million cumulative PM2.5-attributable deaths,TRUE,WITCH,WITCH 5.0,COMMIT,2,1,10.604379999999999,10.42442,TRUE,FALSE,0.17995999999999945,1.6970346215431686,High-RE,WITCH 5.0 | COMMIT | 2C
Full,R10NORTH_AM,2C,mortality_million_deaths,PM2.5 mortality,million cumulative PM2.5-attributable deaths,TRUE,WITCH,WITCH 5.0,ENGAGE,0,2,NA,10.625365,FALSE,FALSE,NA,NA,NA,WITCH 5.0 | ENGAGE | 2C
Full,R10NORTH_AM,2C,mortality_million_deaths,PM2.5 mortality,million cumulative PM2.5-attributable deaths,TRUE,WITCH,WITCH 5.0,NAVIGATE,0,4,NA,10.349945,FALSE,FALSE,NA,NA,NA,WITCH 5.0 | NAVIGATE | 2C
Full,R10NORTH_AM,2C,total_energy_jobyears_per_1k,Employment,"total energy-sector job-years per 1,000 people",FALSE,AIM,AIM/CGE V2.2,ENGAGE,20,11,467.36700998402455,462.1013733186159,TRUE,TRUE,-5.2656366654086355,-1.126659895311957,High-CDR,AIM/CGE V2.2 | ENGAGE | 2C
Full,R10NORTH_AM,2C,total_energy_jobyears_per_1k,Employment,"total energy-sector job-years per 1,000 people",FALSE,COFFEE,COFFEE 1.1,ENGAGE,0,8,NA,280.02176002603153,FALSE,FALSE,NA,NA,NA,COFFEE 1.1 | ENGAGE | 2C
Full,R10NORTH_AM,2C,total_energy_jobyears_per_1k,Employment,"total energy-sector job-years per 1,000 people",FALSE,GCAM,GCAM 6.0 NGFS,NGFS Phase 5,0,4,NA,454.0055829937695,FALSE,FALSE,NA,NA,NA,GCAM 6.0 NGFS | NGFS Phase 5 | 2C
Full,R10NORTH_AM,2C,total_energy_jobyears_per_1k,Employment,"total energy-sector job-years per 1,000 people",FALSE,GCAM,GCAM 7.0,IAM,3,0,414.36869842440944,NA,FALSE,FALSE,NA,NA,NA,GCAM 7.0 | IAM | 2C
Full,R10NORTH_AM,2C,total_energy_jobyears_per_1k,Employment,"total energy-sector job-years per 1,000 people",FALSE,IMAGE,IMAGE 3.0,COMMIT,3,0,263.11596057648046,NA,FALSE,FALSE,NA,NA,NA,IMAGE 3.0 | COMMIT | 2C
Full,R10NORTH_AM,2C,total_energy_jobyears_per_1k,Employment,"total energy-sector job-years per 1,000 people",FALSE,IMAGE,IMAGE 3.0,ENGAGE,20,0,292.7222548750984,NA,FALSE,FALSE,NA,NA,NA,IMAGE 3.0 | ENGAGE | 2C
Full,R10NORTH_AM,2C,total_energy_jobyears_per_1k,Employment,"total energy-sector job-years per 1,000 people",FALSE,IMAGE,IMAGE 3.2,ENGAGE,9,0,198.533137610626,NA,FALSE,FALSE,NA,NA,NA,IMAGE 3.2 | ENGAGE | 2C
Full,R10NORTH_AM,2C,total_energy_jobyears_per_1k,Employment,"total energy-sector job-years per 1,000 people",FALSE,IMAGE,IMAGE 3.2,SSP2021,8,2,308.9358959363775,373.7722802817178,TRUE,FALSE,64.83638434534032,20.987002545891517,High-RE,IMAGE 3.2 | SSP2021 | 2C
Full,R10NORTH_AM,2C,total_energy_jobyears_per_1k,Employment,"total energy-sector job-years per 1,000 people",FALSE,IMAGE,IMAGE 3.3,NAVIGATE,8,0,234.06084420802992,NA,FALSE,FALSE,NA,NA,NA,IMAGE 3.3 | NAVIGATE | 2C
Full,R10NORTH_AM,2C,total_energy_jobyears_per_1k,Employment,"total energy-sector job-years per 1,000 people",FALSE,MESSAGEix,MESSAGEix-GLOBIOM 1.1,ENGAGE,62,20,218.4270944992995,223.63705899624563,TRUE,TRUE,5.209964496946128,2.385218971524083,High-RE,MESSAGEix-GLOBIOM 1.1 | ENGAGE | 2C
Full,R10NORTH_AM,2C,total_energy_jobyears_per_1k,Employment,"total energy-sector job-years per 1,000 people",FALSE,MESSAGEix,MESSAGEix-GLOBIOM 1.1,NGFS Phase 2,1,1,232.3253730867008,204.99106601857798,TRUE,FALSE,-27.334307068122826,-11.765528106102305,High-CDR,MESSAGEix-GLOBIOM 1.1 | NGFS Phase 2 | 2C
Full,R10NORTH_AM,2C,total_energy_jobyears_per_1k,Employment,"total energy-sector job-years per 1,000 people",FALSE,MESSAGEix,MESSAGEix-GLOBIOM 1.2,COVID,5,0,2.8118780811665185,NA,FALSE,FALSE,NA,NA,NA,MESSAGEix-GLOBIOM 1.2 | COVID | 2C
Full,R10NORTH_AM,2C,total_energy_jobyears_per_1k,Employment,"total energy-sector job-years per 1,000 people",FALSE,MESSAGEix,MESSAGEix-GLOBIOM 2.0-M-R12-NGFS,NGFS Phase 5,0,2,NA,216.23955264460375,FALSE,FALSE,NA,NA,NA,MESSAGEix-GLOBIOM 2.0-M-R12-NGFS | NGFS Phase 5 | 2C
Full,R10NORTH_AM,2C,total_energy_jobyears_per_1k,Employment,"total energy-sector job-years per 1,000 people",FALSE,MESSAGEix,MESSAGEix-GLOBIOM GEI 1.0,GEI,6,1,286.02281066324,300.6584467262997,TRUE,FALSE,14.635636063059678,5.116947151565302,High-RE,MESSAGEix-GLOBIOM GEI 1.0 | GEI | 2C
Full,R10NORTH_AM,2C,total_energy_jobyears_per_1k,Employment,"total energy-sector job-years per 1,000 people",FALSE,POLES,POLES-JRC ENGAGE,ENGAGE,56,8,223.59620055997715,371.9505040621615,TRUE,TRUE,148.35430350218434,66.34920590360835,High-RE,POLES-JRC ENGAGE | ENGAGE | 2C
Full,R10NORTH_AM,2C,total_energy_jobyears_per_1k,Employment,"total energy-sector job-years per 1,000 people",FALSE,REMIND,REMIND 2.1,CEMICS,0,5,NA,305.8449139908389,FALSE,FALSE,NA,NA,NA,REMIND 2.1 | CEMICS | 2C
Full,R10NORTH_AM,2C,total_energy_jobyears_per_1k,Employment,"total energy-sector job-years per 1,000 people",FALSE,REMIND,REMIND 2.1,LeastTotalCost,0,11,NA,292.2392057008078,FALSE,FALSE,NA,NA,NA,REMIND 2.1 | LeastTotalCost | 2C
Full,R10NORTH_AM,2C,total_energy_jobyears_per_1k,Employment,"total energy-sector job-years per 1,000 people",FALSE,REMIND,REMIND 2.1,R2p1,0,8,NA,307.73444821643193,FALSE,FALSE,NA,NA,NA,REMIND 2.1 | R2p1 | 2C
Full,R10NORTH_AM,2C,total_energy_jobyears_per_1k,Employment,"total energy-sector job-years per 1,000 people",FALSE,REMIND,REMIND 2.1,TechCost,0,9,NA,335.16624193191535,FALSE,FALSE,NA,NA,NA,REMIND 2.1 | TechCost | 2C
Full,R10NORTH_AM,2C,total_energy_jobyears_per_1k,Employment,"total energy-sector job-years per 1,000 people",FALSE,REMIND,REMIND 3.0,ENGAGE,0,14,NA,194.61414167676864,FALSE,FALSE,NA,NA,NA,REMIND 3.0 | ENGAGE | 2C
Full,R10NORTH_AM,2C,total_energy_jobyears_per_1k,Employment,"total energy-sector job-years per 1,000 people",FALSE,REMIND,REMIND 3.0,NAVIGATE,0,7,NA,212.3925118439027,FALSE,FALSE,NA,NA,NA,REMIND 3.0 | NAVIGATE | 2C
Full,R10NORTH_AM,2C,total_energy_jobyears_per_1k,Employment,"total energy-sector job-years per 1,000 people",FALSE,REMIND,REMIND-MAgPIE 1.7-3.0,CD,0,5,NA,299.35414292011785,FALSE,FALSE,NA,NA,NA,REMIND-MAgPIE 1.7-3.0 | CD | 2C
Full,R10NORTH_AM,2C,total_energy_jobyears_per_1k,Employment,"total energy-sector job-years per 1,000 people",FALSE,REMIND,REMIND-MAgPIE 1.7-3.0,COMMIT,0,4,NA,278.59964937232405,FALSE,FALSE,NA,NA,NA,REMIND-MAgPIE 1.7-3.0 | COMMIT | 2C
Full,R10NORTH_AM,2C,total_energy_jobyears_per_1k,Employment,"total energy-sector job-years per 1,000 people",FALSE,REMIND,REMIND-MAgPIE 1.7-3.0,PEP,0,5,NA,267.19959809747866,FALSE,FALSE,NA,NA,NA,REMIND-MAgPIE 1.7-3.0 | PEP | 2C
Full,R10NORTH_AM,2C,total_energy_jobyears_per_1k,Employment,"total energy-sector job-years per 1,000 people",FALSE,REMIND,REMIND-MAgPIE 2.0-4.1,Diff,0,4,NA,316.61407890753065,FALSE,FALSE,NA,NA,NA,REMIND-MAgPIE 2.0-4.1 | Diff | 2C
Full,R10NORTH_AM,2C,total_energy_jobyears_per_1k,Employment,"total energy-sector job-years per 1,000 people",FALSE,REMIND,REMIND-MAgPIE 2.1-4.2,CEMICS,0,3,NA,305.2475503958924,FALSE,FALSE,NA,NA,NA,REMIND-MAgPIE 2.1-4.2 | CEMICS | 2C
Full,R10NORTH_AM,2C,total_energy_jobyears_per_1k,Employment,"total energy-sector job-years per 1,000 people",FALSE,REMIND,REMIND-MAgPIE 2.1-4.2,ENGAGE,0,59,NA,298.0402182638472,FALSE,FALSE,NA,NA,NA,REMIND-MAgPIE 2.1-4.2 | ENGAGE | 2C
Full,R10NORTH_AM,2C,total_energy_jobyears_per_1k,Employment,"total energy-sector job-years per 1,000 people",FALSE,REMIND,REMIND-MAgPIE 2.1-4.2,NGFS Phase 2,0,5,NA,246.37454644339644,FALSE,FALSE,NA,NA,NA,REMIND-MAgPIE 2.1-4.2 | NGFS Phase 2 | 2C
Full,R10NORTH_AM,2C,total_energy_jobyears_per_1k,Employment,"total energy-sector job-years per 1,000 people",FALSE,REMIND,REMIND-MAgPIE 2.1-4.2,SusDev,0,3,NA,235.30588318243275,FALSE,FALSE,NA,NA,NA,REMIND-MAgPIE 2.1-4.2 | SusDev | 2C
Full,R10NORTH_AM,2C,total_energy_jobyears_per_1k,Employment,"total energy-sector job-years per 1,000 people",FALSE,REMIND,REMIND-MAgPIE 2.1-4.3,DeepElectrification,0,3,NA,367.13493384157994,FALSE,FALSE,NA,NA,NA,REMIND-MAgPIE 2.1-4.3 | DeepElectrification | 2C
Full,R10NORTH_AM,2C,total_energy_jobyears_per_1k,Employment,"total energy-sector job-years per 1,000 people",FALSE,REMIND,REMIND-MAgPIE 3.2-4.6,SHAPE,0,2,NA,300.965746162629,FALSE,FALSE,NA,NA,NA,REMIND-MAgPIE 3.2-4.6 | SHAPE | 2C
Full,R10NORTH_AM,2C,total_energy_jobyears_per_1k,Employment,"total energy-sector job-years per 1,000 people",FALSE,REMIND,REMIND-MAgPIE 3.2.0-4.8.0,RESCUE,0,5,NA,298.6248601264585,FALSE,FALSE,NA,NA,NA,REMIND-MAgPIE 3.2.0-4.8.0 | RESCUE | 2C
Full,R10NORTH_AM,2C,total_energy_jobyears_per_1k,Employment,"total energy-sector job-years per 1,000 people",FALSE,REMIND,REMIND-MAgPIE 3.3-4.8,NGFS Phase 5,0,5,NA,208.19102916332318,FALSE,FALSE,NA,NA,NA,REMIND-MAgPIE 3.3-4.8 | NGFS Phase 5 | 2C
Full,R10NORTH_AM,2C,total_energy_jobyears_per_1k,Employment,"total energy-sector job-years per 1,000 people",FALSE,REMIND,REMIND-Transport 2.1,Transport,0,8,NA,392.0526520728271,FALSE,FALSE,NA,NA,NA,REMIND-Transport 2.1 | Transport | 2C
Full,R10NORTH_AM,2C,total_energy_jobyears_per_1k,Employment,"total energy-sector job-years per 1,000 people",FALSE,TIAM,TIAM-ECN 1.1,ENGAGE,12,0,162.8473805622387,NA,FALSE,FALSE,NA,NA,NA,TIAM-ECN 1.1 | ENGAGE | 2C
Full,R10NORTH_AM,2C,total_energy_jobyears_per_1k,Employment,"total energy-sector job-years per 1,000 people",FALSE,WITCH,WITCH 5.0,COMMIT,2,1,558.9554125049319,742.5790161353178,TRUE,FALSE,183.6236036303859,32.85120772111062,High-RE,WITCH 5.0 | COMMIT | 2C
Full,R10NORTH_AM,2C,total_energy_jobyears_per_1k,Employment,"total energy-sector job-years per 1,000 people",FALSE,WITCH,WITCH 5.0,ENGAGE,0,11,NA,287.42848654339116,FALSE,FALSE,NA,NA,NA,WITCH 5.0 | ENGAGE | 2C
Full,R10NORTH_AM,2C,total_energy_jobyears_per_1k,Employment,"total energy-sector job-years per 1,000 people",FALSE,WITCH,WITCH 5.0,NAVIGATE,0,4,NA,307.98726771340415,FALSE,FALSE,NA,NA,NA,WITCH 5.0 | NAVIGATE | 2C
Full,R10PAC_OECD,1.5C,gap_GJ_pc,DLE gap,GJ per capita of cumulative DLE gap,TRUE,AIM,AIM/CGE V2.2,ENGAGE,1,3,0.3861155976768272,0.6779471066340397,TRUE,FALSE,-0.2918315089572125,-75.58138306587422,High-CDR,AIM/CGE V2.2 | ENGAGE | 1.5C
Full,R10PAC_OECD,1.5C,gap_GJ_pc,DLE gap,GJ per capita of cumulative DLE gap,TRUE,GCAM,GCAM 5.3,Deep,7,0,0.3325105777217389,NA,FALSE,FALSE,NA,NA,NA,GCAM 5.3 | Deep | 1.5C
Full,R10PAC_OECD,1.5C,gap_GJ_pc,DLE gap,GJ per capita of cumulative DLE gap,TRUE,GCAM,GCAM 6.0 NGFS,NGFS Phase 5,0,1,NA,0.44945808878079274,FALSE,FALSE,NA,NA,NA,GCAM 6.0 NGFS | NGFS Phase 5 | 1.5C
Full,R10PAC_OECD,1.5C,gap_GJ_pc,DLE gap,GJ per capita of cumulative DLE gap,TRUE,IMAGE,IMAGE 3.2,SSP2021,12,0,1.2269241858095081,NA,FALSE,FALSE,NA,NA,NA,IMAGE 3.2 | SSP2021 | 1.5C
Full,R10PAC_OECD,1.5C,gap_GJ_pc,DLE gap,GJ per capita of cumulative DLE gap,TRUE,IMAGE,IMAGE 3.3,GEO7,2,0,4.768922648980506,NA,FALSE,FALSE,NA,NA,NA,IMAGE 3.3 | GEO7 | 1.5C
Full,R10PAC_OECD,1.5C,gap_GJ_pc,DLE gap,GJ per capita of cumulative DLE gap,TRUE,IMAGE,IMAGE 3.3,SHAPE,9,0,0.16814600733289262,NA,FALSE,FALSE,NA,NA,NA,IMAGE 3.3 | SHAPE | 1.5C
Full,R10PAC_OECD,1.5C,gap_GJ_pc,DLE gap,GJ per capita of cumulative DLE gap,TRUE,MESSAGEix,MESSAGEix-GLOBIOM 1.1,ENGAGE,13,0,0.4981008804802645,NA,FALSE,FALSE,NA,NA,NA,MESSAGEix-GLOBIOM 1.1 | ENGAGE | 1.5C
Full,R10PAC_OECD,1.5C,gap_GJ_pc,DLE gap,GJ per capita of cumulative DLE gap,TRUE,MESSAGEix,MESSAGEix-GLOBIOM 1.1,NGFS Phase 2,1,0,0.42669297619858326,NA,FALSE,FALSE,NA,NA,NA,MESSAGEix-GLOBIOM 1.1 | NGFS Phase 2 | 1.5C
Full,R10PAC_OECD,1.5C,gap_GJ_pc,DLE gap,GJ per capita of cumulative DLE gap,TRUE,MESSAGEix,MESSAGEix-GLOBIOM 1.2,COVID,5,0,0.6743435268637267,NA,FALSE,FALSE,NA,NA,NA,MESSAGEix-GLOBIOM 1.2 | COVID | 1.5C
Full,R10PAC_OECD,1.5C,gap_GJ_pc,DLE gap,GJ per capita of cumulative DLE gap,TRUE,MESSAGEix,MESSAGEix-GLOBIOM GEI 1.0,GEI,6,3,0.12016257794953872,0.14107255491922718,TRUE,TRUE,-0.020909976969688465,-17.401405101735946,High-CDR,MESSAGEix-GLOBIOM GEI 1.0 | GEI | 1.5C
Full,R10PAC_OECD,1.5C,gap_GJ_pc,DLE gap,GJ per capita of cumulative DLE gap,TRUE,POLES,POLES-JRC ENGAGE,ENGAGE,4,1,0.3090476775238189,0.7472941985166677,TRUE,FALSE,-0.4382465209928488,-141.80547302740118,High-CDR,POLES-JRC ENGAGE | ENGAGE | 1.5C
Full,R10PAC_OECD,1.5C,gap_GJ_pc,DLE gap,GJ per capita of cumulative DLE gap,TRUE,REMIND,REMIND 2.1,CEMICS,0,4,NA,0.716995940490416,FALSE,FALSE,NA,NA,NA,REMIND 2.1 | CEMICS | 1.5C
Full,R10PAC_OECD,1.5C,gap_GJ_pc,DLE gap,GJ per capita of cumulative DLE gap,TRUE,REMIND,REMIND 2.1,R2p1,0,2,NA,0.760388889569604,FALSE,FALSE,NA,NA,NA,REMIND 2.1 | R2p1 | 1.5C
Full,R10PAC_OECD,1.5C,gap_GJ_pc,DLE gap,GJ per capita of cumulative DLE gap,TRUE,REMIND,REMIND 3.0,ENGAGE,0,2,NA,1.127851258065041,FALSE,FALSE,NA,NA,NA,REMIND 3.0 | ENGAGE | 1.5C
Full,R10PAC_OECD,1.5C,gap_GJ_pc,DLE gap,GJ per capita of cumulative DLE gap,TRUE,REMIND,REMIND 3.0,NAVIGATE,1,0,2.6019735662421613,NA,FALSE,FALSE,NA,NA,NA,REMIND 3.0 | NAVIGATE | 1.5C
Full,R10PAC_OECD,1.5C,gap_GJ_pc,DLE gap,GJ per capita of cumulative DLE gap,TRUE,REMIND,REMIND-Buildings 2.0,BEG,0,2,NA,0.915212639797454,FALSE,FALSE,NA,NA,NA,REMIND-Buildings 2.0 | BEG | 1.5C
Full,R10PAC_OECD,1.5C,gap_GJ_pc,DLE gap,GJ per capita of cumulative DLE gap,TRUE,REMIND,REMIND-MAgPIE 1.7-3.0,CD,0,4,NA,0.27402673939928307,FALSE,FALSE,NA,NA,NA,REMIND-MAgPIE 1.7-3.0 | CD | 1.5C
Full,R10PAC_OECD,1.5C,gap_GJ_pc,DLE gap,GJ per capita of cumulative DLE gap,TRUE,REMIND,REMIND-MAgPIE 1.7-3.0,COMMIT,0,3,NA,0.2996717274035893,FALSE,FALSE,NA,NA,NA,REMIND-MAgPIE 1.7-3.0 | COMMIT | 1.5C
Full,R10PAC_OECD,1.5C,gap_GJ_pc,DLE gap,GJ per capita of cumulative DLE gap,TRUE,REMIND,REMIND-MAgPIE 1.7-3.0,PEP,0,13,NA,0.34705529142607744,FALSE,FALSE,NA,NA,NA,REMIND-MAgPIE 1.7-3.0 | PEP | 1.5C
Full,R10PAC_OECD,1.5C,gap_GJ_pc,DLE gap,GJ per capita of cumulative DLE gap,TRUE,REMIND,REMIND-MAgPIE 2.1-4.2,CEMICS,0,3,NA,1.1339353843122928,FALSE,FALSE,NA,NA,NA,REMIND-MAgPIE 2.1-4.2 | CEMICS | 1.5C
Full,R10PAC_OECD,1.5C,gap_GJ_pc,DLE gap,GJ per capita of cumulative DLE gap,TRUE,REMIND,REMIND-MAgPIE 2.1-4.2,ENGAGE,0,19,NA,0.7123571132717686,FALSE,FALSE,NA,NA,NA,REMIND-MAgPIE 2.1-4.2 | ENGAGE | 1.5C
Full,R10PAC_OECD,1.5C,gap_GJ_pc,DLE gap,GJ per capita of cumulative DLE gap,TRUE,REMIND,REMIND-MAgPIE 2.1-4.2,SusDev,0,2,NA,1.4851786562427467,FALSE,FALSE,NA,NA,NA,REMIND-MAgPIE 2.1-4.2 | SusDev | 1.5C
Full,R10PAC_OECD,1.5C,gap_GJ_pc,DLE gap,GJ per capita of cumulative DLE gap,TRUE,REMIND,REMIND-MAgPIE 2.1-4.3,DeepElectrification,0,1,NA,2.6850439851166397,FALSE,FALSE,NA,NA,NA,REMIND-MAgPIE 2.1-4.3 | DeepElectrification | 1.5C
Full,R10PAC_OECD,1.5C,gap_GJ_pc,DLE gap,GJ per capita of cumulative DLE gap,TRUE,REMIND,REMIND-MAgPIE 3.2.0-4.8.0,RESCUE,0,3,NA,0.5074389593367523,FALSE,FALSE,NA,NA,NA,REMIND-MAgPIE 3.2.0-4.8.0 | RESCUE | 1.5C
Full,R10PAC_OECD,1.5C,gap_GJ_pc,DLE gap,GJ per capita of cumulative DLE gap,TRUE,REMIND,REMIND-MAgPIE 3.3-4.8,NGFS Phase 5,0,1,NA,0.8795486971902122,FALSE,FALSE,NA,NA,NA,REMIND-MAgPIE 3.3-4.8 | NGFS Phase 5 | 1.5C
Full,R10PAC_OECD,1.5C,gap_GJ_pc,DLE gap,GJ per capita of cumulative DLE gap,TRUE,WITCH,WITCH 5.0,ENGAGE,6,0,1.1741705702593213,NA,FALSE,FALSE,NA,NA,NA,WITCH 5.0 | ENGAGE | 1.5C
Full,R10PAC_OECD,1.5C,headcount_pct,Deprived share,population-year-weighted mean % below the DLE threshold,TRUE,AIM,AIM/CGE V2.2,ENGAGE,1,3,0.13509237365571863,0.2358677674137309,TRUE,FALSE,-0.10077539375801225,-74.59739660422075,High-CDR,AIM/CGE V2.2 | ENGAGE | 1.5C
Full,R10PAC_OECD,1.5C,headcount_pct,Deprived share,population-year-weighted mean % below the DLE threshold,TRUE,GCAM,GCAM 5.3,Deep,7,0,0.09303829160766285,NA,FALSE,FALSE,NA,NA,NA,GCAM 5.3 | Deep | 1.5C
Full,R10PAC_OECD,1.5C,headcount_pct,Deprived share,population-year-weighted mean % below the DLE threshold,TRUE,GCAM,GCAM 6.0 NGFS,NGFS Phase 5,0,1,NA,0.1713254143800263,FALSE,FALSE,NA,NA,NA,GCAM 6.0 NGFS | NGFS Phase 5 | 1.5C
Full,R10PAC_OECD,1.5C,headcount_pct,Deprived share,population-year-weighted mean % below the DLE threshold,TRUE,IMAGE,IMAGE 3.2,SSP2021,12,0,0.5009096147725526,NA,FALSE,FALSE,NA,NA,NA,IMAGE 3.2 | SSP2021 | 1.5C
Full,R10PAC_OECD,1.5C,headcount_pct,Deprived share,population-year-weighted mean % below the DLE threshold,TRUE,IMAGE,IMAGE 3.3,GEO7,2,0,2.07222630413581,NA,FALSE,FALSE,NA,NA,NA,IMAGE 3.3 | GEO7 | 1.5C
Full,R10PAC_OECD,1.5C,headcount_pct,Deprived share,population-year-weighted mean % below the DLE threshold,TRUE,IMAGE,IMAGE 3.3,SHAPE,9,0,0.3189312460041029,NA,FALSE,FALSE,NA,NA,NA,IMAGE 3.3 | SHAPE | 1.5C
Full,R10PAC_OECD,1.5C,headcount_pct,Deprived share,population-year-weighted mean % below the DLE threshold,TRUE,MESSAGEix,MESSAGEix-GLOBIOM 1.1,ENGAGE,13,0,0.19378557518997988,NA,FALSE,FALSE,NA,NA,NA,MESSAGEix-GLOBIOM 1.1 | ENGAGE | 1.5C
Full,R10PAC_OECD,1.5C,headcount_pct,Deprived share,population-year-weighted mean % below the DLE threshold,TRUE,MESSAGEix,MESSAGEix-GLOBIOM 1.1,NGFS Phase 2,1,0,0.1654829547899998,NA,FALSE,FALSE,NA,NA,NA,MESSAGEix-GLOBIOM 1.1 | NGFS Phase 2 | 1.5C
Full,R10PAC_OECD,1.5C,headcount_pct,Deprived share,population-year-weighted mean % below the DLE threshold,TRUE,MESSAGEix,MESSAGEix-GLOBIOM 1.2,COVID,5,0,0.2544114639978484,NA,FALSE,FALSE,NA,NA,NA,MESSAGEix-GLOBIOM 1.2 | COVID | 1.5C
Full,R10PAC_OECD,1.5C,headcount_pct,Deprived share,population-year-weighted mean % below the DLE threshold,TRUE,MESSAGEix,MESSAGEix-GLOBIOM GEI 1.0,GEI,6,3,0.04571936045330892,0.05414909109078387,TRUE,TRUE,-0.008429730637474951,-18.43798896986726,High-CDR,MESSAGEix-GLOBIOM GEI 1.0 | GEI | 1.5C
Full,R10PAC_OECD,1.5C,headcount_pct,Deprived share,population-year-weighted mean % below the DLE threshold,TRUE,POLES,POLES-JRC ENGAGE,ENGAGE,4,1,0.11997471753430003,0.2384205508590032,TRUE,FALSE,-0.11844583332470318,-98.72566133847346,High-CDR,POLES-JRC ENGAGE | ENGAGE | 1.5C
Full,R10PAC_OECD,1.5C,headcount_pct,Deprived share,population-year-weighted mean % below the DLE threshold,TRUE,REMIND,REMIND 2.1,CEMICS,0,4,NA,0.3975654659905936,FALSE,FALSE,NA,NA,NA,REMIND 2.1 | CEMICS | 1.5C
Full,R10PAC_OECD,1.5C,headcount_pct,Deprived share,population-year-weighted mean % below the DLE threshold,TRUE,REMIND,REMIND 2.1,R2p1,0,2,NA,0.37731839160471875,FALSE,FALSE,NA,NA,NA,REMIND 2.1 | R2p1 | 1.5C
Full,R10PAC_OECD,1.5C,headcount_pct,Deprived share,population-year-weighted mean % below the DLE threshold,TRUE,REMIND,REMIND 3.0,ENGAGE,0,2,NA,0.7238821796537916,FALSE,FALSE,NA,NA,NA,REMIND 3.0 | ENGAGE | 1.5C
Full,R10PAC_OECD,1.5C,headcount_pct,Deprived share,population-year-weighted mean % below the DLE threshold,TRUE,REMIND,REMIND 3.0,NAVIGATE,1,0,1.8393983589591352,NA,FALSE,FALSE,NA,NA,NA,REMIND 3.0 | NAVIGATE | 1.5C
Full,R10PAC_OECD,1.5C,headcount_pct,Deprived share,population-year-weighted mean % below the DLE threshold,TRUE,REMIND,REMIND-Buildings 2.0,BEG,0,2,NA,0.5035648618297067,FALSE,FALSE,NA,NA,NA,REMIND-Buildings 2.0 | BEG | 1.5C
Full,R10PAC_OECD,1.5C,headcount_pct,Deprived share,population-year-weighted mean % below the DLE threshold,TRUE,REMIND,REMIND-MAgPIE 1.7-3.0,CD,0,4,NA,0.13990110215061868,FALSE,FALSE,NA,NA,NA,REMIND-MAgPIE 1.7-3.0 | CD | 1.5C
Full,R10PAC_OECD,1.5C,headcount_pct,Deprived share,population-year-weighted mean % below the DLE threshold,TRUE,REMIND,REMIND-MAgPIE 1.7-3.0,COMMIT,0,3,NA,0.1513924774460964,FALSE,FALSE,NA,NA,NA,REMIND-MAgPIE 1.7-3.0 | COMMIT | 1.5C
Full,R10PAC_OECD,1.5C,headcount_pct,Deprived share,population-year-weighted mean % below the DLE threshold,TRUE,REMIND,REMIND-MAgPIE 1.7-3.0,PEP,0,13,NA,0.17652258719413352,FALSE,FALSE,NA,NA,NA,REMIND-MAgPIE 1.7-3.0 | PEP | 1.5C
Full,R10PAC_OECD,1.5C,headcount_pct,Deprived share,population-year-weighted mean % below the DLE threshold,TRUE,REMIND,REMIND-MAgPIE 2.1-4.2,CEMICS,0,3,NA,0.6496707767310518,FALSE,FALSE,NA,NA,NA,REMIND-MAgPIE 2.1-4.2 | CEMICS | 1.5C
Full,R10PAC_OECD,1.5C,headcount_pct,Deprived share,population-year-weighted mean % below the DLE threshold,TRUE,REMIND,REMIND-MAgPIE 2.1-4.2,ENGAGE,0,19,NA,0.3977352458014793,FALSE,FALSE,NA,NA,NA,REMIND-MAgPIE 2.1-4.2 | ENGAGE | 1.5C
Full,R10PAC_OECD,1.5C,headcount_pct,Deprived share,population-year-weighted mean % below the DLE threshold,TRUE,REMIND,REMIND-MAgPIE 2.1-4.2,SusDev,0,2,NA,0.8900345481113078,FALSE,FALSE,NA,NA,NA,REMIND-MAgPIE 2.1-4.2 | SusDev | 1.5C
Full,R10PAC_OECD,1.5C,headcount_pct,Deprived share,population-year-weighted mean % below the DLE threshold,TRUE,REMIND,REMIND-MAgPIE 2.1-4.3,DeepElectrification,0,1,NA,1.5506720529146776,FALSE,FALSE,NA,NA,NA,REMIND-MAgPIE 2.1-4.3 | DeepElectrification | 1.5C
Full,R10PAC_OECD,1.5C,headcount_pct,Deprived share,population-year-weighted mean % below the DLE threshold,TRUE,REMIND,REMIND-MAgPIE 3.2.0-4.8.0,RESCUE,0,3,NA,0.3534059775214141,FALSE,FALSE,NA,NA,NA,REMIND-MAgPIE 3.2.0-4.8.0 | RESCUE | 1.5C
Full,R10PAC_OECD,1.5C,headcount_pct,Deprived share,population-year-weighted mean % below the DLE threshold,TRUE,REMIND,REMIND-MAgPIE 3.3-4.8,NGFS Phase 5,0,1,NA,0.59417582135220115,FALSE,FALSE,NA,NA,NA,REMIND-MAgPIE 3.3-4.8 | NGFS Phase 5 | 1.5C
Full,R10PAC_OECD,1.5C,headcount_pct,Deprived share,population-year-weighted mean % below the DLE threshold,TRUE,WITCH,WITCH 5.0,ENGAGE,6,0,0.28960591689992166,NA,FALSE,FALSE,NA,NA,NA,WITCH 5.0 | ENGAGE | 1.5C
Full,R10PAC_OECD,1.5C,mortality_million_deaths,PM2.5 mortality,million cumulative PM2.5-attributable deaths,TRUE,AIM,AIM/CGE V2.2,ENGAGE,1,0,6.275335,NA,FALSE,FALSE,NA,NA,NA,AIM/CGE V2.2 | ENGAGE | 1.5C
Full,R10PAC_OECD,1.5C,mortality_million_deaths,PM2.5 mortality,million cumulative PM2.5-attributable deaths,TRUE,GCAM,GCAM 6.0 NGFS,NGFS Phase 5,0,1,NA,5.82445,FALSE,FALSE,NA,NA,NA,GCAM 6.0 NGFS | NGFS Phase 5 | 1.5C
Full,R10PAC_OECD,1.5C,mortality_million_deaths,PM2.5 mortality,million cumulative PM2.5-attributable deaths,TRUE,IMAGE,IMAGE 3.2,SSP2021,12,0,5.934165,NA,FALSE,FALSE,NA,NA,NA,IMAGE 3.2 | SSP2021 | 1.5C
Full,R10PAC_OECD,1.5C,mortality_million_deaths,PM2.5 mortality,million cumulative PM2.5-attributable deaths,TRUE,IMAGE,IMAGE 3.3,GEO7,2,0,5.403305,NA,FALSE,FALSE,NA,NA,NA,IMAGE 3.3 | GEO7 | 1.5C
Full,R10PAC_OECD,1.5C,mortality_million_deaths,PM2.5 mortality,million cumulative PM2.5-attributable deaths,TRUE,IMAGE,IMAGE 3.3,SHAPE,9,0,5.35671,NA,FALSE,FALSE,NA,NA,NA,IMAGE 3.3 | SHAPE | 1.5C
Full,R10PAC_OECD,1.5C,mortality_million_deaths,PM2.5 mortality,million cumulative PM2.5-attributable deaths,TRUE,MESSAGEix,MESSAGEix-GLOBIOM 1.1,ENGAGE,11,0,5.07496,NA,FALSE,FALSE,NA,NA,NA,MESSAGEix-GLOBIOM 1.1 | ENGAGE | 1.5C
Full,R10PAC_OECD,1.5C,mortality_million_deaths,PM2.5 mortality,million cumulative PM2.5-attributable deaths,TRUE,MESSAGEix,MESSAGEix-GLOBIOM 1.1,NGFS Phase 2,1,0,5.07434,NA,FALSE,FALSE,NA,NA,NA,MESSAGEix-GLOBIOM 1.1 | NGFS Phase 2 | 1.5C
Full,R10PAC_OECD,1.5C,mortality_million_deaths,PM2.5 mortality,million cumulative PM2.5-attributable deaths,TRUE,MESSAGEix,MESSAGEix-GLOBIOM 1.2,COVID,5,0,5.08594,NA,FALSE,FALSE,NA,NA,NA,MESSAGEix-GLOBIOM 1.2 | COVID | 1.5C
Full,R10PAC_OECD,1.5C,mortality_million_deaths,PM2.5 mortality,million cumulative PM2.5-attributable deaths,TRUE,MESSAGEix,MESSAGEix-GLOBIOM GEI 1.0,GEI,6,3,5.39649,4.950955,TRUE,TRUE,0.44553499999999957,8.256014557610587,High-RE,MESSAGEix-GLOBIOM GEI 1.0 | GEI | 1.5C
Full,R10PAC_OECD,1.5C,mortality_million_deaths,PM2.5 mortality,million cumulative PM2.5-attributable deaths,TRUE,POLES,POLES-JRC ENGAGE,ENGAGE,4,0,4.3135075,NA,FALSE,FALSE,NA,NA,NA,POLES-JRC ENGAGE | ENGAGE | 1.5C
Full,R10PAC_OECD,1.5C,mortality_million_deaths,PM2.5 mortality,million cumulative PM2.5-attributable deaths,TRUE,REMIND,REMIND 2.1,R2p1,0,2,NA,3.5849075,FALSE,FALSE,NA,NA,NA,REMIND 2.1 | R2p1 | 1.5C
Full,R10PAC_OECD,1.5C,mortality_million_deaths,PM2.5 mortality,million cumulative PM2.5-attributable deaths,TRUE,REMIND,REMIND-Buildings 2.0,BEG,0,2,NA,3.58933,FALSE,FALSE,NA,NA,NA,REMIND-Buildings 2.0 | BEG | 1.5C
Full,R10PAC_OECD,1.5C,mortality_million_deaths,PM2.5 mortality,million cumulative PM2.5-attributable deaths,TRUE,REMIND,REMIND-MAgPIE 1.7-3.0,CD,0,4,NA,3.668825,FALSE,FALSE,NA,NA,NA,REMIND-MAgPIE 1.7-3.0 | CD | 1.5C
Full,R10PAC_OECD,1.5C,mortality_million_deaths,PM2.5 mortality,million cumulative PM2.5-attributable deaths,TRUE,REMIND,REMIND-MAgPIE 1.7-3.0,COMMIT,0,3,NA,3.663795,FALSE,FALSE,NA,NA,NA,REMIND-MAgPIE 1.7-3.0 | COMMIT | 1.5C
Full,R10PAC_OECD,1.5C,mortality_million_deaths,PM2.5 mortality,million cumulative PM2.5-attributable deaths,TRUE,REMIND,REMIND-MAgPIE 1.7-3.0,PEP,0,13,NA,3.652265,FALSE,FALSE,NA,NA,NA,REMIND-MAgPIE 1.7-3.0 | PEP | 1.5C
Full,R10PAC_OECD,1.5C,mortality_million_deaths,PM2.5 mortality,million cumulative PM2.5-attributable deaths,TRUE,REMIND,REMIND-MAgPIE 2.1-4.2,ENGAGE,0,19,NA,3.587015,FALSE,FALSE,NA,NA,NA,REMIND-MAgPIE 2.1-4.2 | ENGAGE | 1.5C
Full,R10PAC_OECD,1.5C,mortality_million_deaths,PM2.5 mortality,million cumulative PM2.5-attributable deaths,TRUE,REMIND,REMIND-MAgPIE 2.1-4.2,SusDev,0,2,NA,3.56381,FALSE,FALSE,NA,NA,NA,REMIND-MAgPIE 2.1-4.2 | SusDev | 1.5C
Full,R10PAC_OECD,1.5C,mortality_million_deaths,PM2.5 mortality,million cumulative PM2.5-attributable deaths,TRUE,REMIND,REMIND-MAgPIE 2.1-4.3,DeepElectrification,0,1,NA,3.56011,FALSE,FALSE,NA,NA,NA,REMIND-MAgPIE 2.1-4.3 | DeepElectrification | 1.5C
Full,R10PAC_OECD,1.5C,mortality_million_deaths,PM2.5 mortality,million cumulative PM2.5-attributable deaths,TRUE,REMIND,REMIND-MAgPIE 3.2.0-4.8.0,RESCUE,0,3,NA,3.626335,FALSE,FALSE,NA,NA,NA,REMIND-MAgPIE 3.2.0-4.8.0 | RESCUE | 1.5C
Full,R10PAC_OECD,1.5C,mortality_million_deaths,PM2.5 mortality,million cumulative PM2.5-attributable deaths,TRUE,REMIND,REMIND-MAgPIE 3.3-4.8,NGFS Phase 5,0,1,NA,3.74688,FALSE,FALSE,NA,NA,NA,REMIND-MAgPIE 3.3-4.8 | NGFS Phase 5 | 1.5C
Full,R10PAC_OECD,1.5C,mortality_million_deaths,PM2.5 mortality,million cumulative PM2.5-attributable deaths,TRUE,WITCH,WITCH 5.0,ENGAGE,6,0,5.26554,NA,FALSE,FALSE,NA,NA,NA,WITCH 5.0 | ENGAGE | 1.5C
Full,R10PAC_OECD,1.5C,total_energy_jobyears_per_1k,Employment,"total energy-sector job-years per 1,000 people",FALSE,AIM,AIM/CGE V2.2,ENGAGE,1,3,300.529080611261,242.10143894473765,TRUE,FALSE,-58.42764166652336,-19.4415933219123,High-CDR,AIM/CGE V2.2 | ENGAGE | 1.5C
Full,R10PAC_OECD,1.5C,total_energy_jobyears_per_1k,Employment,"total energy-sector job-years per 1,000 people",FALSE,GCAM,GCAM 6.0 NGFS,NGFS Phase 5,0,1,NA,316.47860121741627,FALSE,FALSE,NA,NA,NA,GCAM 6.0 NGFS | NGFS Phase 5 | 1.5C
Full,R10PAC_OECD,1.5C,total_energy_jobyears_per_1k,Employment,"total energy-sector job-years per 1,000 people",FALSE,IMAGE,IMAGE 3.2,SSP2021,12,0,213.2112274339659,NA,FALSE,FALSE,NA,NA,NA,IMAGE 3.2 | SSP2021 | 1.5C
Full,R10PAC_OECD,1.5C,total_energy_jobyears_per_1k,Employment,"total energy-sector job-years per 1,000 people",FALSE,IMAGE,IMAGE 3.3,SHAPE,9,0,56.38109427807493,NA,FALSE,FALSE,NA,NA,NA,IMAGE 3.3 | SHAPE | 1.5C
Full,R10PAC_OECD,1.5C,total_energy_jobyears_per_1k,Employment,"total energy-sector job-years per 1,000 people",FALSE,MESSAGEix,MESSAGEix-GLOBIOM 1.1,ENGAGE,13,0,157.93241542038967,NA,FALSE,FALSE,NA,NA,NA,MESSAGEix-GLOBIOM 1.1 | ENGAGE | 1.5C
Full,R10PAC_OECD,1.5C,total_energy_jobyears_per_1k,Employment,"total energy-sector job-years per 1,000 people",FALSE,MESSAGEix,MESSAGEix-GLOBIOM 1.1,NGFS Phase 2,1,0,162.50454089591665,NA,FALSE,FALSE,NA,NA,NA,MESSAGEix-GLOBIOM 1.1 | NGFS Phase 2 | 1.5C
Full,R10PAC_OECD,1.5C,total_energy_jobyears_per_1k,Employment,"total energy-sector job-years per 1,000 people",FALSE,MESSAGEix,MESSAGEix-GLOBIOM 1.2,COVID,5,0,2.7203370103864994,NA,FALSE,FALSE,NA,NA,NA,MESSAGEix-GLOBIOM 1.2 | COVID | 1.5C
Full,R10PAC_OECD,1.5C,total_energy_jobyears_per_1k,Employment,"total energy-sector job-years per 1,000 people",FALSE,MESSAGEix,MESSAGEix-GLOBIOM GEI 1.0,GEI,6,3,219.62794449983727,257.2208228364812,TRUE,TRUE,37.592878336643935,17.11661893583482,High-RE,MESSAGEix-GLOBIOM GEI 1.0 | GEI | 1.5C
Full,R10PAC_OECD,1.5C,total_energy_jobyears_per_1k,Employment,"total energy-sector job-years per 1,000 people",FALSE,POLES,POLES-JRC ENGAGE,ENGAGE,4,1,376.75068648849594,249.73220423386496,TRUE,FALSE,-127.01848225463098,-33.71420061327731,High-CDR,POLES-JRC ENGAGE | ENGAGE | 1.5C
Full,R10PAC_OECD,1.5C,total_energy_jobyears_per_1k,Employment,"total energy-sector job-years per 1,000 people",FALSE,REMIND,REMIND 2.1,CEMICS,0,4,NA,163.4324503509012,FALSE,FALSE,NA,NA,NA,REMIND 2.1 | CEMICS | 1.5C
Full,R10PAC_OECD,1.5C,total_energy_jobyears_per_1k,Employment,"total energy-sector job-years per 1,000 people",FALSE,REMIND,REMIND 2.1,R2p1,0,2,NA,173.44029204735008,FALSE,FALSE,NA,NA,NA,REMIND 2.1 | R2p1 | 1.5C
Full,R10PAC_OECD,1.5C,total_energy_jobyears_per_1k,Employment,"total energy-sector job-years per 1,000 people",FALSE,REMIND,REMIND 3.0,ENGAGE,0,2,NA,94.41300308039948,FALSE,FALSE,NA,NA,NA,REMIND 3.0 | ENGAGE | 1.5C
Full,R10PAC_OECD,1.5C,total_energy_jobyears_per_1k,Employment,"total energy-sector job-years per 1,000 people",FALSE,REMIND,REMIND 3.0,NAVIGATE,1,0,110.34937477122884,NA,FALSE,FALSE,NA,NA,NA,REMIND 3.0 | NAVIGATE | 1.5C
Full,R10PAC_OECD,1.5C,total_energy_jobyears_per_1k,Employment,"total energy-sector job-years per 1,000 people",FALSE,REMIND,REMIND-Buildings 2.0,BEG,0,2,NA,139.65459802199777,FALSE,FALSE,NA,NA,NA,REMIND-Buildings 2.0 | BEG | 1.5C
Full,R10PAC_OECD,1.5C,total_energy_jobyears_per_1k,Employment,"total energy-sector job-years per 1,000 people",FALSE,REMIND,REMIND-MAgPIE 1.7-3.0,CD,0,4,NA,179.19160966349938,FALSE,FALSE,NA,NA,NA,REMIND-MAgPIE 1.7-3.0 | CD | 1.5C
Full,R10PAC_OECD,1.5C,total_energy_jobyears_per_1k,Employment,"total energy-sector job-years per 1,000 people",FALSE,REMIND,REMIND-MAgPIE 1.7-3.0,COMMIT,0,3,NA,175.86803066971183,FALSE,FALSE,NA,NA,NA,REMIND-MAgPIE 1.7-3.0 | COMMIT | 1.5C
Full,R10PAC_OECD,1.5C,total_energy_jobyears_per_1k,Employment,"total energy-sector job-years per 1,000 people",FALSE,REMIND,REMIND-MAgPIE 1.7-3.0,PEP,0,13,NA,185.3239745225904,FALSE,FALSE,NA,NA,NA,REMIND-MAgPIE 1.7-3.0 | PEP | 1.5C
Full,R10PAC_OECD,1.5C,total_energy_jobyears_per_1k,Employment,"total energy-sector job-years per 1,000 people",FALSE,REMIND,REMIND-MAgPIE 2.1-4.2,CEMICS,0,3,NA,164.49604926700383,FALSE,FALSE,NA,NA,NA,REMIND-MAgPIE 2.1-4.2 | CEMICS | 1.5C
Full,R10PAC_OECD,1.5C,total_energy_jobyears_per_1k,Employment,"total energy-sector job-years per 1,000 people",FALSE,REMIND,REMIND-MAgPIE 2.1-4.2,ENGAGE,0,19,NA,164.12506145565533,FALSE,FALSE,NA,NA,NA,REMIND-MAgPIE 2.1-4.2 | ENGAGE | 1.5C
Full,R10PAC_OECD,1.5C,total_energy_jobyears_per_1k,Employment,"total energy-sector job-years per 1,000 people",FALSE,REMIND,REMIND-MAgPIE 2.1-4.2,SusDev,0,2,NA,143.17588216084795,FALSE,FALSE,NA,NA,NA,REMIND-MAgPIE 2.1-4.2 | SusDev | 1.5C
Full,R10PAC_OECD,1.5C,total_energy_jobyears_per_1k,Employment,"total energy-sector job-years per 1,000 people",FALSE,REMIND,REMIND-MAgPIE 2.1-4.3,DeepElectrification,0,1,NA,151.73444098990984,FALSE,FALSE,NA,NA,NA,REMIND-MAgPIE 2.1-4.3 | DeepElectrification | 1.5C
Full,R10PAC_OECD,1.5C,total_energy_jobyears_per_1k,Employment,"total energy-sector job-years per 1,000 people",FALSE,REMIND,REMIND-MAgPIE 3.2.0-4.8.0,RESCUE,0,3,NA,144.37663033461251,FALSE,FALSE,NA,NA,NA,REMIND-MAgPIE 3.2.0-4.8.0 | RESCUE | 1.5C
Full,R10PAC_OECD,1.5C,total_energy_jobyears_per_1k,Employment,"total energy-sector job-years per 1,000 people",FALSE,REMIND,REMIND-MAgPIE 3.3-4.8,NGFS Phase 5,0,1,NA,150.79468474481996,FALSE,FALSE,NA,NA,NA,REMIND-MAgPIE 3.3-4.8 | NGFS Phase 5 | 1.5C
Full,R10PAC_OECD,1.5C,total_energy_jobyears_per_1k,Employment,"total energy-sector job-years per 1,000 people",FALSE,WITCH,WITCH 5.0,ENGAGE,6,0,422.8729025404642,NA,FALSE,FALSE,NA,NA,NA,WITCH 5.0 | ENGAGE | 1.5C
Full,R10PAC_OECD,2C,gap_GJ_pc,DLE gap,GJ per capita of cumulative DLE gap,TRUE,AIM,AIM/CGE V2.2,ENGAGE,20,11,0.2986325092942645,0.4476735414812953,TRUE,TRUE,-0.1490410321870308,-49.907839082639775,High-CDR,AIM/CGE V2.2 | ENGAGE | 2C
Full,R10PAC_OECD,2C,gap_GJ_pc,DLE gap,GJ per capita of cumulative DLE gap,TRUE,GCAM,GCAM 5.3,Deep,23,0,0.27842595364681894,NA,FALSE,FALSE,NA,NA,NA,GCAM 5.3 | Deep | 2C
Full,R10PAC_OECD,2C,gap_GJ_pc,DLE gap,GJ per capita of cumulative DLE gap,TRUE,GCAM,GCAM 6.0 NGFS,NGFS Phase 5,0,4,NA,0.398001681113279,FALSE,FALSE,NA,NA,NA,GCAM 6.0 NGFS | NGFS Phase 5 | 2C
Full,R10PAC_OECD,2C,gap_GJ_pc,DLE gap,GJ per capita of cumulative DLE gap,TRUE,GCAM,GCAM 7.0,IAM,3,0,0.17295433141927857,NA,FALSE,FALSE,NA,NA,NA,GCAM 7.0 | IAM | 2C
Full,R10PAC_OECD,2C,gap_GJ_pc,DLE gap,GJ per capita of cumulative DLE gap,TRUE,IMAGE,IMAGE 3.0,ENGAGE,20,0,0.42169629149367305,NA,FALSE,FALSE,NA,NA,NA,IMAGE 3.0 | ENGAGE | 2C
Full,R10PAC_OECD,2C,gap_GJ_pc,DLE gap,GJ per capita of cumulative DLE gap,TRUE,IMAGE,IMAGE 3.2,ENGAGE,9,0,0.967039276360041,NA,FALSE,FALSE,NA,NA,NA,IMAGE 3.2 | ENGAGE | 2C
Full,R10PAC_OECD,2C,gap_GJ_pc,DLE gap,GJ per capita of cumulative DLE gap,TRUE,IMAGE,IMAGE 3.2,SSP2021,8,2,1.0729212538091508,0.8565581934063509,TRUE,FALSE,0.21636306040279996,20.165791257713888,High-RE,IMAGE 3.2 | SSP2021 | 2C
Full,R10PAC_OECD,2C,gap_GJ_pc,DLE gap,GJ per capita of cumulative DLE gap,TRUE,IMAGE,IMAGE 3.3,NAVIGATE,8,0,1.0025679524585986,NA,FALSE,FALSE,NA,NA,NA,IMAGE 3.3 | NAVIGATE | 2C
Full,R10PAC_OECD,2C,gap_GJ_pc,DLE gap,GJ per capita of cumulative DLE gap,TRUE,MESSAGEix,MESSAGEix-GLOBIOM 1.1,ENGAGE,62,20,0.21105857187172006,0.22249609748926014,TRUE,TRUE,-0.011437525617540079,-5.419123950337221,High-CDR,MESSAGEix-GLOBIOM 1.1 | ENGAGE | 2C
Full,R10PAC_OECD,2C,gap_GJ_pc,DLE gap,GJ per capita of cumulative DLE gap,TRUE,MESSAGEix,MESSAGEix-GLOBIOM 1.1,NGFS Phase 2,1,1,0.2732793923698798,0.2301466097993598,TRUE,FALSE,0.04313278257052,15.78340108138867,High-RE,MESSAGEix-GLOBIOM 1.1 | NGFS Phase 2 | 2C
Full,R10PAC_OECD,2C,gap_GJ_pc,DLE gap,GJ per capita of cumulative DLE gap,TRUE,MESSAGEix,MESSAGEix-GLOBIOM 1.2,COVID,5,0,0.3473462986676787,NA,FALSE,FALSE,NA,NA,NA,MESSAGEix-GLOBIOM 1.2 | COVID | 2C
Full,R10PAC_OECD,2C,gap_GJ_pc,DLE gap,GJ per capita of cumulative DLE gap,TRUE,MESSAGEix,MESSAGEix-GLOBIOM 2.0-M-R12-NGFS,NGFS Phase 5,0,2,NA,0.7521404058897343,FALSE,FALSE,NA,NA,NA,MESSAGEix-GLOBIOM 2.0-M-R12-NGFS | NGFS Phase 5 | 2C
Full,R10PAC_OECD,2C,gap_GJ_pc,DLE gap,GJ per capita of cumulative DLE gap,TRUE,MESSAGEix,MESSAGEix-GLOBIOM GEI 1.0,GEI,6,1,0.10187991910449297,0.2070940181237451,TRUE,FALSE,-0.10521409901925212,-103.2726566177771,High-CDR,MESSAGEix-GLOBIOM GEI 1.0 | GEI | 2C
Full,R10PAC_OECD,2C,gap_GJ_pc,DLE gap,GJ per capita of cumulative DLE gap,TRUE,POLES,POLES-JRC ENGAGE,ENGAGE,56,8,0.17203191039300858,0.3880245230423962,TRUE,TRUE,-0.21599261264938763,-125.55380693962555,High-CDR,POLES-JRC ENGAGE | ENGAGE | 2C
Full,R10PAC_OECD,2C,gap_GJ_pc,DLE gap,GJ per capita of cumulative DLE gap,TRUE,REMIND,REMIND 2.1,CEMICS,0,5,NA,0.5422171255938061,FALSE,FALSE,NA,NA,NA,REMIND 2.1 | CEMICS | 2C
Full,R10PAC_OECD,2C,gap_GJ_pc,DLE gap,GJ per capita of cumulative DLE gap,TRUE,REMIND,REMIND 2.1,LeastTotalCost,0,11,NA,0.5615067615743691,FALSE,FALSE,NA,NA,NA,REMIND 2.1 | LeastTotalCost | 2C
Full,R10PAC_OECD,2C,gap_GJ_pc,DLE gap,GJ per capita of cumulative DLE gap,TRUE,REMIND,REMIND 2.1,R2p1,0,8,NA,0.5138255514376893,FALSE,FALSE,NA,NA,NA,REMIND 2.1 | R2p1 | 2C
Full,R10PAC_OECD,2C,gap_GJ_pc,DLE gap,GJ per capita of cumulative DLE gap,TRUE,REMIND,REMIND 2.1,TechCost,0,9,NA,0.6974569872239006,FALSE,FALSE,NA,NA,NA,REMIND 2.1 | TechCost | 2C
Full,R10PAC_OECD,2C,gap_GJ_pc,DLE gap,GJ per capita of cumulative DLE gap,TRUE,REMIND,REMIND 3.0,ENGAGE,0,14,NA,1.166175077371622,FALSE,FALSE,NA,NA,NA,REMIND 3.0 | ENGAGE | 2C
Full,R10PAC_OECD,2C,gap_GJ_pc,DLE gap,GJ per capita of cumulative DLE gap,TRUE,REMIND,REMIND 3.0,NAVIGATE,0,7,NA,0.5415751284212611,FALSE,FALSE,NA,NA,NA,REMIND 3.0 | NAVIGATE | 2C
Full,R10PAC_OECD,2C,gap_GJ_pc,DLE gap,GJ per capita of cumulative DLE gap,TRUE,REMIND,REMIND-MAgPIE 1.7-3.0,CD,0,5,NA,0.23359278358781851,FALSE,FALSE,NA,NA,NA,REMIND-MAgPIE 1.7-3.0 | CD | 2C
Full,R10PAC_OECD,2C,gap_GJ_pc,DLE gap,GJ per capita of cumulative DLE gap,TRUE,REMIND,REMIND-MAgPIE 1.7-3.0,COMMIT,0,4,NA,0.2320845010856837,FALSE,FALSE,NA,NA,NA,REMIND-MAgPIE 1.7-3.0 | COMMIT | 2C
Full,R10PAC_OECD,2C,gap_GJ_pc,DLE gap,GJ per capita of cumulative DLE gap,TRUE,REMIND,REMIND-MAgPIE 1.7-3.0,PEP,0,5,NA,0.2467657545674412,FALSE,FALSE,NA,NA,NA,REMIND-MAgPIE 1.7-3.0 | PEP | 2C
Full,R10PAC_OECD,2C,gap_GJ_pc,DLE gap,GJ per capita of cumulative DLE gap,TRUE,REMIND,REMIND-MAgPIE 2.1-4.2,CEMICS,0,3,NA,0.6147092496933634,FALSE,FALSE,NA,NA,NA,REMIND-MAgPIE 2.1-4.2 | CEMICS | 2C
Full,R10PAC_OECD,2C,gap_GJ_pc,DLE gap,GJ per capita of cumulative DLE gap,TRUE,REMIND,REMIND-MAgPIE 2.1-4.2,ENGAGE,0,59,NA,0.5229184456218405,FALSE,FALSE,NA,NA,NA,REMIND-MAgPIE 2.1-4.2 | ENGAGE | 2C
Full,R10PAC_OECD,2C,gap_GJ_pc,DLE gap,GJ per capita of cumulative DLE gap,TRUE,REMIND,REMIND-MAgPIE 2.1-4.2,NGFS Phase 2,0,5,NA,1.2326079986598002,FALSE,FALSE,NA,NA,NA,REMIND-MAgPIE 2.1-4.2 | NGFS Phase 2 | 2C
Full,R10PAC_OECD,2C,gap_GJ_pc,DLE gap,GJ per capita of cumulative DLE gap,TRUE,REMIND,REMIND-MAgPIE 2.1-4.2,SusDev,0,3,NA,0.4495944066563589,FALSE,FALSE,NA,NA,NA,REMIND-MAgPIE 2.1-4.2 | SusDev | 2C
Full,R10PAC_OECD,2C,gap_GJ_pc,DLE gap,GJ per capita of cumulative DLE gap,TRUE,REMIND,REMIND-MAgPIE 2.1-4.3,DeepElectrification,0,3,NA,1.631995206007925,FALSE,FALSE,NA,NA,NA,REMIND-MAgPIE 2.1-4.3 | DeepElectrification | 2C
Full,R10PAC_OECD,2C,gap_GJ_pc,DLE gap,GJ per capita of cumulative DLE gap,TRUE,REMIND,REMIND-MAgPIE 3.2-4.6,SHAPE,0,2,NA,0.2870514593369369,FALSE,FALSE,NA,NA,NA,REMIND-MAgPIE 3.2-4.6 | SHAPE | 2C
Full,R10PAC_OECD,2C,gap_GJ_pc,DLE gap,GJ per capita of cumulative DLE gap,TRUE,REMIND,REMIND-MAgPIE 3.2.0-4.8.0,RESCUE,0,5,NA,0.5273383656347903,FALSE,FALSE,NA,NA,NA,REMIND-MAgPIE 3.2.0-4.8.0 | RESCUE | 2C
Full,R10PAC_OECD,2C,gap_GJ_pc,DLE gap,GJ per capita of cumulative DLE gap,TRUE,REMIND,REMIND-MAgPIE 3.3-4.8,NGFS Phase 5,0,5,NA,0.4452521303178209,FALSE,FALSE,NA,NA,NA,REMIND-MAgPIE 3.3-4.8 | NGFS Phase 5 | 2C
Full,R10PAC_OECD,2C,gap_GJ_pc,DLE gap,GJ per capita of cumulative DLE gap,TRUE,REMIND,REMIND-Transport 2.1,Transport,0,8,NA,0.7078304202116998,FALSE,FALSE,NA,NA,NA,REMIND-Transport 2.1 | Transport | 2C
Full,R10PAC_OECD,2C,gap_GJ_pc,DLE gap,GJ per capita of cumulative DLE gap,TRUE,WITCH,WITCH 5.0,COMMIT,2,1,0.7858132070734283,0.3907033618864885,TRUE,FALSE,0.39510984518693976,50.28037727419103,High-RE,WITCH 5.0 | COMMIT | 2C
Full,R10PAC_OECD,2C,gap_GJ_pc,DLE gap,GJ per capita of cumulative DLE gap,TRUE,WITCH,WITCH 5.0,ENGAGE,0,11,NA,5.683271190131282,FALSE,FALSE,NA,NA,NA,WITCH 5.0 | ENGAGE | 2C
Full,R10PAC_OECD,2C,gap_GJ_pc,DLE gap,GJ per capita of cumulative DLE gap,TRUE,WITCH,WITCH 5.0,NAVIGATE,0,4,NA,2.5721733245468776,FALSE,FALSE,NA,NA,NA,WITCH 5.0 | NAVIGATE | 2C
Full,R10PAC_OECD,2C,headcount_pct,Deprived share,population-year-weighted mean % below the DLE threshold,TRUE,AIM,AIM/CGE V2.2,ENGAGE,20,11,0.10458293335389462,0.15692047197339978,TRUE,TRUE,-0.05233753861950516,-50.04405302192275,High-CDR,AIM/CGE V2.2 | ENGAGE | 2C
Full,R10PAC_OECD,2C,headcount_pct,Deprived share,population-year-weighted mean % below the DLE threshold,TRUE,GCAM,GCAM 5.3,Deep,23,0,0.07628043934546795,NA,FALSE,FALSE,NA,NA,NA,GCAM 5.3 | Deep | 2C
Full,R10PAC_OECD,2C,headcount_pct,Deprived share,population-year-weighted mean % below the DLE threshold,TRUE,GCAM,GCAM 6.0 NGFS,NGFS Phase 5,0,4,NA,0.14636223895418574,FALSE,FALSE,NA,NA,NA,GCAM 6.0 NGFS | NGFS Phase 5 | 2C
Full,R10PAC_OECD,2C,headcount_pct,Deprived share,population-year-weighted mean % below the DLE threshold,TRUE,GCAM,GCAM 7.0,IAM,3,0,0.06522328946495416,NA,FALSE,FALSE,NA,NA,NA,GCAM 7.0 | IAM | 2C
Full,R10PAC_OECD,2C,headcount_pct,Deprived share,population-year-weighted mean % below the DLE threshold,TRUE,IMAGE,IMAGE 3.0,ENGAGE,20,0,0.1486566636727426,NA,FALSE,FALSE,NA,NA,NA,IMAGE 3.0 | ENGAGE | 2C
Full,R10PAC_OECD,2C,headcount_pct,Deprived share,population-year-weighted mean % below the DLE threshold,TRUE,IMAGE,IMAGE 3.2,ENGAGE,9,0,0.33740723851400634,NA,FALSE,FALSE,NA,NA,NA,IMAGE 3.2 | ENGAGE | 2C
Full,R10PAC_OECD,2C,headcount_pct,Deprived share,population-year-weighted mean % below the DLE threshold,TRUE,IMAGE,IMAGE 3.2,SSP2021,8,2,0.42233855297344225,0.3121575503055803,TRUE,FALSE,0.11018100266786196,26.088312774701965,High-RE,IMAGE 3.2 | SSP2021 | 2C
Full,R10PAC_OECD,2C,headcount_pct,Deprived share,population-year-weighted mean % below the DLE threshold,TRUE,IMAGE,IMAGE 3.3,NAVIGATE,8,0,0.4027703745432911,NA,FALSE,FALSE,NA,NA,NA,IMAGE 3.3 | NAVIGATE | 2C
Full,R10PAC_OECD,2C,headcount_pct,Deprived share,population-year-weighted mean % below the DLE threshold,TRUE,MESSAGEix,MESSAGEix-GLOBIOM 1.1,ENGAGE,62,20,0.07677940429589919,0.08528091177214595,TRUE,TRUE,-0.008501507476246756,-11.07264057882359,High-CDR,MESSAGEix-GLOBIOM 1.1 | ENGAGE | 2C
Full,R10PAC_OECD,2C,headcount_pct,Deprived share,population-year-weighted mean % below the DLE threshold,TRUE,MESSAGEix,MESSAGEix-GLOBIOM 1.1,NGFS Phase 2,1,1,0.10228047577158386,0.09277537878061212,TRUE,FALSE,0.00950509699097174,9.293168534138262,High-RE,MESSAGEix-GLOBIOM 1.1 | NGFS Phase 2 | 2C
Full,R10PAC_OECD,2C,headcount_pct,Deprived share,population-year-weighted mean % below the DLE threshold,TRUE,MESSAGEix,MESSAGEix-GLOBIOM 1.2,COVID,5,0,0.12785468349160606,NA,FALSE,FALSE,NA,NA,NA,MESSAGEix-GLOBIOM 1.2 | COVID | 2C
Full,R10PAC_OECD,2C,headcount_pct,Deprived share,population-year-weighted mean % below the DLE threshold,TRUE,MESSAGEix,MESSAGEix-GLOBIOM 2.0-M-R12-NGFS,NGFS Phase 5,0,2,NA,0.34245323534955463,FALSE,FALSE,NA,NA,NA,MESSAGEix-GLOBIOM 2.0-M-R12-NGFS | NGFS Phase 5 | 2C
Full,R10PAC_OECD,2C,headcount_pct,Deprived share,population-year-weighted mean % below the DLE threshold,TRUE,MESSAGEix,MESSAGEix-GLOBIOM GEI 1.0,GEI,6,1,0.03756058499186364,0.08341771704649163,TRUE,FALSE,-0.04585713205462799,-122.08843942276603,High-CDR,MESSAGEix-GLOBIOM GEI 1.0 | GEI | 2C
Full,R10PAC_OECD,2C,headcount_pct,Deprived share,population-year-weighted mean % below the DLE threshold,TRUE,POLES,POLES-JRC ENGAGE,ENGAGE,56,8,0.06324772265641349,0.12047501525828218,TRUE,TRUE,-0.05722729260186869,-90.48119078176121,High-CDR,POLES-JRC ENGAGE | ENGAGE | 2C
Full,R10PAC_OECD,2C,headcount_pct,Deprived share,population-year-weighted mean % below the DLE threshold,TRUE,REMIND,REMIND 2.1,CEMICS,0,5,NA,0.3028665695373408,FALSE,FALSE,NA,NA,NA,REMIND 2.1 | CEMICS | 2C
Full,R10PAC_OECD,2C,headcount_pct,Deprived share,population-year-weighted mean % below the DLE threshold,TRUE,REMIND,REMIND 2.1,LeastTotalCost,0,11,NA,0.3073771127272609,FALSE,FALSE,NA,NA,NA,REMIND 2.1 | LeastTotalCost | 2C
Full,R10PAC_OECD,2C,headcount_pct,Deprived share,population-year-weighted mean % below the DLE threshold,TRUE,REMIND,REMIND 2.1,R2p1,0,8,NA,0.2385891154422432,FALSE,FALSE,NA,NA,NA,REMIND 2.1 | R2p1 | 2C
Full,R10PAC_OECD,2C,headcount_pct,Deprived share,population-year-weighted mean % below the DLE threshold,TRUE,REMIND,REMIND 2.1,TechCost,0,9,NA,0.38569008056645226,FALSE,FALSE,NA,NA,NA,REMIND 2.1 | TechCost | 2C
Full,R10PAC_OECD,2C,headcount_pct,Deprived share,population-year-weighted mean % below the DLE threshold,TRUE,REMIND,REMIND 3.0,ENGAGE,0,14,NA,0.7723818056032354,FALSE,FALSE,NA,NA,NA,REMIND 3.0 | ENGAGE | 2C
Full,R10PAC_OECD,2C,headcount_pct,Deprived share,population-year-weighted mean % below the DLE threshold,TRUE,REMIND,REMIND 3.0,NAVIGATE,0,7,NA,0.3608640533623971,FALSE,FALSE,NA,NA,NA,REMIND 3.0 | NAVIGATE | 2C
Full,R10PAC_OECD,2C,headcount_pct,Deprived share,population-year-weighted mean % below the DLE threshold,TRUE,REMIND,REMIND-MAgPIE 1.7-3.0,CD,0,5,NA,0.11399999845126492,FALSE,FALSE,NA,NA,NA,REMIND-MAgPIE 1.7-3.0 | CD | 2C
Full,R10PAC_OECD,2C,headcount_pct,Deprived share,population-year-weighted mean % below the DLE threshold,TRUE,REMIND,REMIND-MAgPIE 1.7-3.0,COMMIT,0,4,NA,0.11433730158419547,FALSE,FALSE,NA,NA,NA,REMIND-MAgPIE 1.7-3.0 | COMMIT | 2C
Full,R10PAC_OECD,2C,headcount_pct,Deprived share,population-year-weighted mean % below the DLE threshold,TRUE,REMIND,REMIND-MAgPIE 1.7-3.0,PEP,0,5,NA,0.12193099332435288,FALSE,FALSE,NA,NA,NA,REMIND-MAgPIE 1.7-3.0 | PEP | 2C
Full,R10PAC_OECD,2C,headcount_pct,Deprived share,population-year-weighted mean % below the DLE threshold,TRUE,REMIND,REMIND-MAgPIE 2.1-4.2,CEMICS,0,3,NA,0.3439197411588604,FALSE,FALSE,NA,NA,NA,REMIND-MAgPIE 2.1-4.2 | CEMICS | 2C
Full,R10PAC_OECD,2C,headcount_pct,Deprived share,population-year-weighted mean % below the DLE threshold,TRUE,REMIND,REMIND-MAgPIE 2.1-4.2,ENGAGE,0,59,NA,0.2840660313243745,FALSE,FALSE,NA,NA,NA,REMIND-MAgPIE 2.1-4.2 | ENGAGE | 2C
Full,R10PAC_OECD,2C,headcount_pct,Deprived share,population-year-weighted mean % below the DLE threshold,TRUE,REMIND,REMIND-MAgPIE 2.1-4.2,NGFS Phase 2,0,5,NA,0.7425852125985334,FALSE,FALSE,NA,NA,NA,REMIND-MAgPIE 2.1-4.2 | NGFS Phase 2 | 2C
Full,R10PAC_OECD,2C,headcount_pct,Deprived share,population-year-weighted mean % below the DLE threshold,TRUE,REMIND,REMIND-MAgPIE 2.1-4.2,SusDev,0,3,NA,0.23294162241550656,FALSE,FALSE,NA,NA,NA,REMIND-MAgPIE 2.1-4.2 | SusDev | 2C
Full,R10PAC_OECD,2C,headcount_pct,Deprived share,population-year-weighted mean % below the DLE threshold,TRUE,REMIND,REMIND-MAgPIE 2.1-4.3,DeepElectrification,0,3,NA,0.9676551768781456,FALSE,FALSE,NA,NA,NA,REMIND-MAgPIE 2.1-4.3 | DeepElectrification | 2C
Full,R10PAC_OECD,2C,headcount_pct,Deprived share,population-year-weighted mean % below the DLE threshold,TRUE,REMIND,REMIND-MAgPIE 3.2-4.6,SHAPE,0,2,NA,0.15412009521703773,FALSE,FALSE,NA,NA,NA,REMIND-MAgPIE 3.2-4.6 | SHAPE | 2C
Full,R10PAC_OECD,2C,headcount_pct,Deprived share,population-year-weighted mean % below the DLE threshold,TRUE,REMIND,REMIND-MAgPIE 3.2.0-4.8.0,RESCUE,0,5,NA,0.3553449085244939,FALSE,FALSE,NA,NA,NA,REMIND-MAgPIE 3.2.0-4.8.0 | RESCUE | 2C
Full,R10PAC_OECD,2C,headcount_pct,Deprived share,population-year-weighted mean % below the DLE threshold,TRUE,REMIND,REMIND-MAgPIE 3.3-4.8,NGFS Phase 5,0,5,NA,0.29695057129668556,FALSE,FALSE,NA,NA,NA,REMIND-MAgPIE 3.3-4.8 | NGFS Phase 5 | 2C
Full,R10PAC_OECD,2C,headcount_pct,Deprived share,population-year-weighted mean % below the DLE threshold,TRUE,REMIND,REMIND-Transport 2.1,Transport,0,8,NA,0.4022779165265047,FALSE,FALSE,NA,NA,NA,REMIND-Transport 2.1 | Transport | 2C
Full,R10PAC_OECD,2C,headcount_pct,Deprived share,population-year-weighted mean % below the DLE threshold,TRUE,WITCH,WITCH 5.0,COMMIT,2,1,0.22032209309146578,0.10230789230716628,TRUE,FALSE,0.1180142007842995,53.564397073563754,High-RE,WITCH 5.0 | COMMIT | 2C
Full,R10PAC_OECD,2C,headcount_pct,Deprived share,population-year-weighted mean % below the DLE threshold,TRUE,WITCH,WITCH 5.0,ENGAGE,0,11,NA,1.4975597085546517,FALSE,FALSE,NA,NA,NA,WITCH 5.0 | ENGAGE | 2C
Full,R10PAC_OECD,2C,headcount_pct,Deprived share,population-year-weighted mean % below the DLE threshold,TRUE,WITCH,WITCH 5.0,NAVIGATE,0,4,NA,0.6440521166177235,FALSE,FALSE,NA,NA,NA,WITCH 5.0 | NAVIGATE | 2C
Full,R10PAC_OECD,2C,mortality_million_deaths,PM2.5 mortality,million cumulative PM2.5-attributable deaths,TRUE,AIM,AIM/CGE V2.2,ENGAGE,20,4,6.3662125,6.3615975,TRUE,TRUE,0.00461499999999937,0.07249208222313298,High-RE,AIM/CGE V2.2 | ENGAGE | 2C
Full,R10PAC_OECD,2C,mortality_million_deaths,PM2.5 mortality,million cumulative PM2.5-attributable deaths,TRUE,GCAM,GCAM 6.0 NGFS,NGFS Phase 5,0,4,NA,5.8162400000000005,FALSE,FALSE,NA,NA,NA,GCAM 6.0 NGFS | NGFS Phase 5 | 2C
Full,R10PAC_OECD,2C,mortality_million_deaths,PM2.5 mortality,million cumulative PM2.5-attributable deaths,TRUE,GCAM,GCAM 7.0,IAM,3,0,6.17564,NA,FALSE,FALSE,NA,NA,NA,GCAM 7.0 | IAM | 2C
Full,R10PAC_OECD,2C,mortality_million_deaths,PM2.5 mortality,million cumulative PM2.5-attributable deaths,TRUE,IMAGE,IMAGE 3.0,ENGAGE,20,0,6.1604975,NA,FALSE,FALSE,NA,NA,NA,IMAGE 3.0 | ENGAGE | 2C
Full,R10PAC_OECD,2C,mortality_million_deaths,PM2.5 mortality,million cumulative PM2.5-attributable deaths,TRUE,IMAGE,IMAGE 3.2,SSP2021,8,2,5.97729,5.87111,TRUE,FALSE,0.10618000000000016,1.7763903039671851,High-RE,IMAGE 3.2 | SSP2021 | 2C
Full,R10PAC_OECD,2C,mortality_million_deaths,PM2.5 mortality,million cumulative PM2.5-attributable deaths,TRUE,IMAGE,IMAGE 3.3,NAVIGATE,8,0,5.82655,NA,FALSE,FALSE,NA,NA,NA,IMAGE 3.3 | NAVIGATE | 2C
Full,R10PAC_OECD,2C,mortality_million_deaths,PM2.5 mortality,million cumulative PM2.5-attributable deaths,TRUE,MESSAGEix,MESSAGEix-GLOBIOM 1.1,ENGAGE,60,17,5.598755000000001,5.44051,TRUE,TRUE,0.15824500000000086,2.826431947816985,High-RE,MESSAGEix-GLOBIOM 1.1 | ENGAGE | 2C
Full,R10PAC_OECD,2C,mortality_million_deaths,PM2.5 mortality,million cumulative PM2.5-attributable deaths,TRUE,MESSAGEix,MESSAGEix-GLOBIOM 1.1,NGFS Phase 2,1,1,5.279215,5.31387,TRUE,FALSE,-0.03465499999999988,-0.6564422930303062,High-CDR,MESSAGEix-GLOBIOM 1.1 | NGFS Phase 2 | 2C
Full,R10PAC_OECD,2C,mortality_million_deaths,PM2.5 mortality,million cumulative PM2.5-attributable deaths,TRUE,MESSAGEix,MESSAGEix-GLOBIOM 1.2,COVID,5,0,5.38731,NA,FALSE,FALSE,NA,NA,NA,MESSAGEix-GLOBIOM 1.2 | COVID | 2C
Full,R10PAC_OECD,2C,mortality_million_deaths,PM2.5 mortality,million cumulative PM2.5-attributable deaths,TRUE,MESSAGEix,MESSAGEix-GLOBIOM 2.0-M-R12-NGFS,NGFS Phase 5,0,2,NA,6.253315000000001,FALSE,FALSE,NA,NA,NA,MESSAGEix-GLOBIOM 2.0-M-R12-NGFS | NGFS Phase 5 | 2C
Full,R10PAC_OECD,2C,mortality_million_deaths,PM2.5 mortality,million cumulative PM2.5-attributable deaths,TRUE,MESSAGEix,MESSAGEix-GLOBIOM GEI 1.0,GEI,6,1,6.204295,5.48878,TRUE,FALSE,0.7155149999999999,11.532575417513188,High-RE,MESSAGEix-GLOBIOM GEI 1.0 | GEI | 2C
Full,R10PAC_OECD,2C,mortality_million_deaths,PM2.5 mortality,million cumulative PM2.5-attributable deaths,TRUE,POLES,POLES-JRC ENGAGE,ENGAGE,56,0,4.393975,NA,FALSE,FALSE,NA,NA,NA,POLES-JRC ENGAGE | ENGAGE | 2C
Full,R10PAC_OECD,2C,mortality_million_deaths,PM2.5 mortality,million cumulative PM2.5-attributable deaths,TRUE,REMIND,REMIND 2.1,CEMICS,0,1,NA,3.70215,FALSE,FALSE,NA,NA,NA,REMIND 2.1 | CEMICS | 2C
Full,R10PAC_OECD,2C,mortality_million_deaths,PM2.5 mortality,million cumulative PM2.5-attributable deaths,TRUE,REMIND,REMIND 2.1,LeastTotalCost,0,11,NA,3.604975,FALSE,FALSE,NA,NA,NA,REMIND 2.1 | LeastTotalCost | 2C
Full,R10PAC_OECD,2C,mortality_million_deaths,PM2.5 mortality,million cumulative PM2.5-attributable deaths,TRUE,REMIND,REMIND 2.1,R2p1,0,8,NA,3.6155825,FALSE,FALSE,NA,NA,NA,REMIND 2.1 | R2p1 | 2C
Full,R10PAC_OECD,2C,mortality_million_deaths,PM2.5 mortality,million cumulative PM2.5-attributable deaths,TRUE,REMIND,REMIND 2.1,TechCost,0,9,NA,3.592555,FALSE,FALSE,NA,NA,NA,REMIND 2.1 | TechCost | 2C
Full,R10PAC_OECD,2C,mortality_million_deaths,PM2.5 mortality,million cumulative PM2.5-attributable deaths,TRUE,REMIND,REMIND 3.0,NAVIGATE,0,3,NA,3.650295,FALSE,FALSE,NA,NA,NA,REMIND 3.0 | NAVIGATE | 2C
Full,R10PAC_OECD,2C,mortality_million_deaths,PM2.5 mortality,million cumulative PM2.5-attributable deaths,TRUE,REMIND,REMIND-MAgPIE 1.7-3.0,CD,0,5,NA,3.700365,FALSE,FALSE,NA,NA,NA,REMIND-MAgPIE 1.7-3.0 | CD | 2C
Full,R10PAC_OECD,2C,mortality_million_deaths,PM2.5 mortality,million cumulative PM2.5-attributable deaths,TRUE,REMIND,REMIND-MAgPIE 1.7-3.0,COMMIT,0,4,NA,3.7056899999999997,FALSE,FALSE,NA,NA,NA,REMIND-MAgPIE 1.7-3.0 | COMMIT | 2C
Full,R10PAC_OECD,2C,mortality_million_deaths,PM2.5 mortality,million cumulative PM2.5-attributable deaths,TRUE,REMIND,REMIND-MAgPIE 1.7-3.0,PEP,0,5,NA,3.699925,FALSE,FALSE,NA,NA,NA,REMIND-MAgPIE 1.7-3.0 | PEP | 2C
Full,R10PAC_OECD,2C,mortality_million_deaths,PM2.5 mortality,million cumulative PM2.5-attributable deaths,TRUE,REMIND,REMIND-MAgPIE 2.1-4.2,CEMICS,0,1,NA,3.70215,FALSE,FALSE,NA,NA,NA,REMIND-MAgPIE 2.1-4.2 | CEMICS | 2C
Full,R10PAC_OECD,2C,mortality_million_deaths,PM2.5 mortality,million cumulative PM2.5-attributable deaths,TRUE,REMIND,REMIND-MAgPIE 2.1-4.2,ENGAGE,0,59,NA,3.610475,FALSE,FALSE,NA,NA,NA,REMIND-MAgPIE 2.1-4.2 | ENGAGE | 2C
Full,R10PAC_OECD,2C,mortality_million_deaths,PM2.5 mortality,million cumulative PM2.5-attributable deaths,TRUE,REMIND,REMIND-MAgPIE 2.1-4.2,NGFS Phase 2,0,2,NA,3.60193,FALSE,FALSE,NA,NA,NA,REMIND-MAgPIE 2.1-4.2 | NGFS Phase 2 | 2C
Full,R10PAC_OECD,2C,mortality_million_deaths,PM2.5 mortality,million cumulative PM2.5-attributable deaths,TRUE,REMIND,REMIND-MAgPIE 2.1-4.2,SusDev,0,3,NA,3.63313,FALSE,FALSE,NA,NA,NA,REMIND-MAgPIE 2.1-4.2 | SusDev | 2C
Full,R10PAC_OECD,2C,mortality_million_deaths,PM2.5 mortality,million cumulative PM2.5-attributable deaths,TRUE,REMIND,REMIND-MAgPIE 2.1-4.3,DeepElectrification,0,3,NA,3.57789,FALSE,FALSE,NA,NA,NA,REMIND-MAgPIE 2.1-4.3 | DeepElectrification | 2C
Full,R10PAC_OECD,2C,mortality_million_deaths,PM2.5 mortality,million cumulative PM2.5-attributable deaths,TRUE,REMIND,REMIND-MAgPIE 3.2-4.6,SHAPE,0,2,NA,3.67087,FALSE,FALSE,NA,NA,NA,REMIND-MAgPIE 3.2-4.6 | SHAPE | 2C
Full,R10PAC_OECD,2C,mortality_million_deaths,PM2.5 mortality,million cumulative PM2.5-attributable deaths,TRUE,REMIND,REMIND-MAgPIE 3.2.0-4.8.0,RESCUE,0,5,NA,3.615405,FALSE,FALSE,NA,NA,NA,REMIND-MAgPIE 3.2.0-4.8.0 | RESCUE | 2C
Full,R10PAC_OECD,2C,mortality_million_deaths,PM2.5 mortality,million cumulative PM2.5-attributable deaths,TRUE,REMIND,REMIND-MAgPIE 3.3-4.8,NGFS Phase 5,0,5,NA,3.846295,FALSE,FALSE,NA,NA,NA,REMIND-MAgPIE 3.3-4.8 | NGFS Phase 5 | 2C
Full,R10PAC_OECD,2C,mortality_million_deaths,PM2.5 mortality,million cumulative PM2.5-attributable deaths,TRUE,REMIND,REMIND-Transport 2.1,Transport,0,8,NA,3.58948,FALSE,FALSE,NA,NA,NA,REMIND-Transport 2.1 | Transport | 2C
Full,R10PAC_OECD,2C,mortality_million_deaths,PM2.5 mortality,million cumulative PM2.5-attributable deaths,TRUE,WITCH,WITCH 5.0,COMMIT,2,1,5.2814700000000006,5.19465,TRUE,FALSE,0.08682000000000034,1.6438605161063176,High-RE,WITCH 5.0 | COMMIT | 2C
Full,R10PAC_OECD,2C,mortality_million_deaths,PM2.5 mortality,million cumulative PM2.5-attributable deaths,TRUE,WITCH,WITCH 5.0,ENGAGE,0,2,NA,5.3257575,FALSE,FALSE,NA,NA,NA,WITCH 5.0 | ENGAGE | 2C
Full,R10PAC_OECD,2C,mortality_million_deaths,PM2.5 mortality,million cumulative PM2.5-attributable deaths,TRUE,WITCH,WITCH 5.0,NAVIGATE,0,4,NA,5.23177,FALSE,FALSE,NA,NA,NA,WITCH 5.0 | NAVIGATE | 2C
Full,R10PAC_OECD,2C,total_energy_jobyears_per_1k,Employment,"total energy-sector job-years per 1,000 people",FALSE,AIM,AIM/CGE V2.2,ENGAGE,20,11,253.34825397405402,265.34782987445664,TRUE,TRUE,11.999575900402618,4.736395736767747,High-RE,AIM/CGE V2.2 | ENGAGE | 2C
Full,R10PAC_OECD,2C,total_energy_jobyears_per_1k,Employment,"total energy-sector job-years per 1,000 people",FALSE,COFFEE,COFFEE 1.1,ENGAGE,0,8,NA,168.88982148290336,FALSE,FALSE,NA,NA,NA,COFFEE 1.1 | ENGAGE | 2C
Full,R10PAC_OECD,2C,total_energy_jobyears_per_1k,Employment,"total energy-sector job-years per 1,000 people",FALSE,GCAM,GCAM 6.0 NGFS,NGFS Phase 5,0,4,NA,290.56998270488214,FALSE,FALSE,NA,NA,NA,GCAM 6.0 NGFS | NGFS Phase 5 | 2C
Full,R10PAC_OECD,2C,total_energy_jobyears_per_1k,Employment,"total energy-sector job-years per 1,000 people",FALSE,GCAM,GCAM 7.0,IAM,3,0,202.51995274363512,NA,FALSE,FALSE,NA,NA,NA,GCAM 7.0 | IAM | 2C
Full,R10PAC_OECD,2C,total_energy_jobyears_per_1k,Employment,"total energy-sector job-years per 1,000 people",FALSE,IMAGE,IMAGE 3.0,ENGAGE,20,0,114.85498066773948,NA,FALSE,FALSE,NA,NA,NA,IMAGE 3.0 | ENGAGE | 2C
Full,R10PAC_OECD,2C,total_energy_jobyears_per_1k,Employment,"total energy-sector job-years per 1,000 people",FALSE,IMAGE,IMAGE 3.2,ENGAGE,9,0,95.71249346265358,NA,FALSE,FALSE,NA,NA,NA,IMAGE 3.2 | ENGAGE | 2C
Full,R10PAC_OECD,2C,total_energy_jobyears_per_1k,Employment,"total energy-sector job-years per 1,000 people",FALSE,IMAGE,IMAGE 3.2,SSP2021,8,2,168.62867223004255,229.69299418360166,TRUE,FALSE,61.0643219535591,36.21230075882671,High-RE,IMAGE 3.2 | SSP2021 | 2C
Full,R10PAC_OECD,2C,total_energy_jobyears_per_1k,Employment,"total energy-sector job-years per 1,000 people",FALSE,IMAGE,IMAGE 3.3,NAVIGATE,8,0,148.4804334708958,NA,FALSE,FALSE,NA,NA,NA,IMAGE 3.3 | NAVIGATE | 2C
Full,R10PAC_OECD,2C,total_energy_jobyears_per_1k,Employment,"total energy-sector job-years per 1,000 people",FALSE,MESSAGEix,MESSAGEix-GLOBIOM 1.1,ENGAGE,62,20,150.31184072732998,148.1825940524132,TRUE,TRUE,-2.1292466749167716,-1.4165528574553794,High-CDR,MESSAGEix-GLOBIOM 1.1 | ENGAGE | 2C
Full,R10PAC_OECD,2C,total_energy_jobyears_per_1k,Employment,"total energy-sector job-years per 1,000 people",FALSE,MESSAGEix,MESSAGEix-GLOBIOM 1.1,NGFS Phase 2,1,1,163.08434249691354,139.61380530887334,TRUE,FALSE,-23.470537188040197,-14.391655770684663,High-CDR,MESSAGEix-GLOBIOM 1.1 | NGFS Phase 2 | 2C
Full,R10PAC_OECD,2C,total_energy_jobyears_per_1k,Employment,"total energy-sector job-years per 1,000 people",FALSE,MESSAGEix,MESSAGEix-GLOBIOM 1.2,COVID,5,0,6.031814206102228,NA,FALSE,FALSE,NA,NA,NA,MESSAGEix-GLOBIOM 1.2 | COVID | 2C
Full,R10PAC_OECD,2C,total_energy_jobyears_per_1k,Employment,"total energy-sector job-years per 1,000 people",FALSE,MESSAGEix,MESSAGEix-GLOBIOM 2.0-M-R12-NGFS,NGFS Phase 5,0,2,NA,120.15131753070673,FALSE,FALSE,NA,NA,NA,MESSAGEix-GLOBIOM 2.0-M-R12-NGFS | NGFS Phase 5 | 2C
Full,R10PAC_OECD,2C,total_energy_jobyears_per_1k,Employment,"total energy-sector job-years per 1,000 people",FALSE,MESSAGEix,MESSAGEix-GLOBIOM GEI 1.0,GEI,6,1,174.5381604405302,198.60646418224258,TRUE,FALSE,24.068303741712384,13.789708612125024,High-RE,MESSAGEix-GLOBIOM GEI 1.0 | GEI | 2C
Full,R10PAC_OECD,2C,total_energy_jobyears_per_1k,Employment,"total energy-sector job-years per 1,000 people",FALSE,POLES,POLES-JRC ENGAGE,ENGAGE,56,8,308.99767422946593,251.07484801308243,TRUE,TRUE,-57.9228262163835,-18.745392294884788,High-CDR,POLES-JRC ENGAGE | ENGAGE | 2C
Full,R10PAC_OECD,2C,total_energy_jobyears_per_1k,Employment,"total energy-sector job-years per 1,000 people",FALSE,REMIND,REMIND 2.1,CEMICS,0,5,NA,149.7376467808055,FALSE,FALSE,NA,NA,NA,REMIND 2.1 | CEMICS | 2C
Full,R10PAC_OECD,2C,total_energy_jobyears_per_1k,Employment,"total energy-sector job-years per 1,000 people",FALSE,REMIND,REMIND 2.1,LeastTotalCost,0,11,NA,148.60147517357328,FALSE,FALSE,NA,NA,NA,REMIND 2.1 | LeastTotalCost | 2C
Full,R10PAC_OECD,2C,total_energy_jobyears_per_1k,Employment,"total energy-sector job-years per 1,000 people",FALSE,REMIND,REMIND 2.1,R2p1,0,8,NA,146.74498830280294,FALSE,FALSE,NA,NA,NA,REMIND 2.1 | R2p1 | 2C
Full,R10PAC_OECD,2C,total_energy_jobyears_per_1k,Employment,"total energy-sector job-years per 1,000 people",FALSE,REMIND,REMIND 2.1,TechCost,0,9,NA,166.89309920947227,FALSE,FALSE,NA,NA,NA,REMIND 2.1 | TechCost | 2C
Full,R10PAC_OECD,2C,total_energy_jobyears_per_1k,Employment,"total energy-sector job-years per 1,000 people",FALSE,REMIND,REMIND 3.0,ENGAGE,0,14,NA,84.74272622123064,FALSE,FALSE,NA,NA,NA,REMIND 3.0 | ENGAGE | 2C
Full,R10PAC_OECD,2C,total_energy_jobyears_per_1k,Employment,"total energy-sector job-years per 1,000 people",FALSE,REMIND,REMIND 3.0,NAVIGATE,0,7,NA,104.00110482646757,FALSE,FALSE,NA,NA,NA,REMIND 3.0 | NAVIGATE | 2C
Full,R10PAC_OECD,2C,total_energy_jobyears_per_1k,Employment,"total energy-sector job-years per 1,000 people",FALSE,REMIND,REMIND-MAgPIE 1.7-3.0,CD,0,5,NA,157.1774865438345,FALSE,FALSE,NA,NA,NA,REMIND-MAgPIE 1.7-3.0 | CD | 2C
Full,R10PAC_OECD,2C,total_energy_jobyears_per_1k,Employment,"total energy-sector job-years per 1,000 people",FALSE,REMIND,REMIND-MAgPIE 1.7-3.0,COMMIT,0,4,NA,157.66796259097123,FALSE,FALSE,NA,NA,NA,REMIND-MAgPIE 1.7-3.0 | COMMIT | 2C
Full,R10PAC_OECD,2C,total_energy_jobyears_per_1k,Employment,"total energy-sector job-years per 1,000 people",FALSE,REMIND,REMIND-MAgPIE 1.7-3.0,PEP,0,5,NA,156.80391246696854,FALSE,FALSE,NA,NA,NA,REMIND-MAgPIE 1.7-3.0 | PEP | 2C
Full,R10PAC_OECD,2C,total_energy_jobyears_per_1k,Employment,"total energy-sector job-years per 1,000 people",FALSE,REMIND,REMIND-MAgPIE 2.1-4.2,CEMICS,0,3,NA,157.11600283328193,FALSE,FALSE,NA,NA,NA,REMIND-MAgPIE 2.1-4.2 | CEMICS | 2C
Full,R10PAC_OECD,2C,total_energy_jobyears_per_1k,Employment,"total energy-sector job-years per 1,000 people",FALSE,REMIND,REMIND-MAgPIE 2.1-4.2,ENGAGE,0,59,NA,147.66681259024344,FALSE,FALSE,NA,NA,NA,REMIND-MAgPIE 2.1-4.2 | ENGAGE | 2C
Full,R10PAC_OECD,2C,total_energy_jobyears_per_1k,Employment,"total energy-sector job-years per 1,000 people",FALSE,REMIND,REMIND-MAgPIE 2.1-4.2,NGFS Phase 2,0,5,NA,125.71556085605633,FALSE,FALSE,NA,NA,NA,REMIND-MAgPIE 2.1-4.2 | NGFS Phase 2 | 2C
Full,R10PAC_OECD,2C,total_energy_jobyears_per_1k,Employment,"total energy-sector job-years per 1,000 people",FALSE,REMIND,REMIND-MAgPIE 2.1-4.2,SusDev,0,3,NA,122.75897119096133,FALSE,FALSE,NA,NA,NA,REMIND-MAgPIE 2.1-4.2 | SusDev | 2C
Full,R10PAC_OECD,2C,total_energy_jobyears_per_1k,Employment,"total energy-sector job-years per 1,000 people",FALSE,REMIND,REMIND-MAgPIE 2.1-4.3,DeepElectrification,0,3,NA,144.6719005863691,FALSE,FALSE,NA,NA,NA,REMIND-MAgPIE 2.1-4.3 | DeepElectrification | 2C
Full,R10PAC_OECD,2C,total_energy_jobyears_per_1k,Employment,"total energy-sector job-years per 1,000 people",FALSE,REMIND,REMIND-MAgPIE 3.2-4.6,SHAPE,0,2,NA,94.73750296249963,FALSE,FALSE,NA,NA,NA,REMIND-MAgPIE 3.2-4.6 | SHAPE | 2C
Full,R10PAC_OECD,2C,total_energy_jobyears_per_1k,Employment,"total energy-sector job-years per 1,000 people",FALSE,REMIND,REMIND-MAgPIE 3.2.0-4.8.0,RESCUE,0,5,NA,133.7406002190194,FALSE,FALSE,NA,NA,NA,REMIND-MAgPIE 3.2.0-4.8.0 | RESCUE | 2C
Full,R10PAC_OECD,2C,total_energy_jobyears_per_1k,Employment,"total energy-sector job-years per 1,000 people",FALSE,REMIND,REMIND-MAgPIE 3.3-4.8,NGFS Phase 5,0,5,NA,124.23476901241291,FALSE,FALSE,NA,NA,NA,REMIND-MAgPIE 3.3-4.8 | NGFS Phase 5 | 2C
Full,R10PAC_OECD,2C,total_energy_jobyears_per_1k,Employment,"total energy-sector job-years per 1,000 people",FALSE,REMIND,REMIND-Transport 2.1,Transport,0,8,NA,183.36278480690498,FALSE,FALSE,NA,NA,NA,REMIND-Transport 2.1 | Transport | 2C
Full,R10PAC_OECD,2C,total_energy_jobyears_per_1k,Employment,"total energy-sector job-years per 1,000 people",FALSE,TIAM,TIAM-ECN 1.1,ENGAGE,12,0,124.25943029196917,NA,FALSE,FALSE,NA,NA,NA,TIAM-ECN 1.1 | ENGAGE | 2C
Full,R10PAC_OECD,2C,total_energy_jobyears_per_1k,Employment,"total energy-sector job-years per 1,000 people",FALSE,WITCH,WITCH 5.0,COMMIT,2,1,378.6995125391079,560.0836338053734,TRUE,FALSE,181.38412126626554,47.89658165919455,High-RE,WITCH 5.0 | COMMIT | 2C
Full,R10PAC_OECD,2C,total_energy_jobyears_per_1k,Employment,"total energy-sector job-years per 1,000 people",FALSE,WITCH,WITCH 5.0,ENGAGE,0,11,NA,154.82963394915592,FALSE,FALSE,NA,NA,NA,WITCH 5.0 | ENGAGE | 2C
Full,R10PAC_OECD,2C,total_energy_jobyears_per_1k,Employment,"total energy-sector job-years per 1,000 people",FALSE,WITCH,WITCH 5.0,NAVIGATE,0,4,NA,257.0149809365329,FALSE,FALSE,NA,NA,NA,WITCH 5.0 | NAVIGATE | 2C
Full,R10REF_ECON,1.5C,gap_GJ_pc,DLE gap,GJ per capita of cumulative DLE gap,TRUE,AIM,AIM/CGE V2.2,ENGAGE,1,3,13.675527977401693,10.091314542144096,TRUE,FALSE,3.584213435257597,26.20895837572325,High-RE,AIM/CGE V2.2 | ENGAGE | 1.5C
Full,R10REF_ECON,1.5C,gap_GJ_pc,DLE gap,GJ per capita of cumulative DLE gap,TRUE,GCAM,GCAM 5.3,Deep,7,0,3.255789322225817,NA,FALSE,FALSE,NA,NA,NA,GCAM 5.3 | Deep | 1.5C
Full,R10REF_ECON,1.5C,gap_GJ_pc,DLE gap,GJ per capita of cumulative DLE gap,TRUE,GCAM,GCAM 6.0 NGFS,NGFS Phase 5,0,1,NA,6.77533375538128,FALSE,FALSE,NA,NA,NA,GCAM 6.0 NGFS | NGFS Phase 5 | 1.5C
Full,R10REF_ECON,1.5C,gap_GJ_pc,DLE gap,GJ per capita of cumulative DLE gap,TRUE,IMAGE,IMAGE 3.2,SSP2021,12,0,11.369356601235435,NA,FALSE,FALSE,NA,NA,NA,IMAGE 3.2 | SSP2021 | 1.5C
Full,R10REF_ECON,1.5C,gap_GJ_pc,DLE gap,GJ per capita of cumulative DLE gap,TRUE,IMAGE,IMAGE 3.3,GEO7,2,0,30.17084862893769,NA,FALSE,FALSE,NA,NA,NA,IMAGE 3.3 | GEO7 | 1.5C
Full,R10REF_ECON,1.5C,gap_GJ_pc,DLE gap,GJ per capita of cumulative DLE gap,TRUE,IMAGE,IMAGE 3.3,SHAPE,9,0,12.900063570488216,NA,FALSE,FALSE,NA,NA,NA,IMAGE 3.3 | SHAPE | 1.5C
Full,R10REF_ECON,1.5C,gap_GJ_pc,DLE gap,GJ per capita of cumulative DLE gap,TRUE,MESSAGEix,MESSAGEix-GLOBIOM 1.1,ENGAGE,13,0,11.987153220223966,NA,FALSE,FALSE,NA,NA,NA,MESSAGEix-GLOBIOM 1.1 | ENGAGE | 1.5C
Full,R10REF_ECON,1.5C,gap_GJ_pc,DLE gap,GJ per capita of cumulative DLE gap,TRUE,MESSAGEix,MESSAGEix-GLOBIOM 1.1,NGFS Phase 2,1,0,18.319356948196234,NA,FALSE,FALSE,NA,NA,NA,MESSAGEix-GLOBIOM 1.1 | NGFS Phase 2 | 1.5C
Full,R10REF_ECON,1.5C,gap_GJ_pc,DLE gap,GJ per capita of cumulative DLE gap,TRUE,MESSAGEix,MESSAGEix-GLOBIOM 1.2,COVID,5,0,14.150675873703738,NA,FALSE,FALSE,NA,NA,NA,MESSAGEix-GLOBIOM 1.2 | COVID | 1.5C
Full,R10REF_ECON,1.5C,gap_GJ_pc,DLE gap,GJ per capita of cumulative DLE gap,TRUE,MESSAGEix,MESSAGEix-GLOBIOM GEI 1.0,GEI,6,3,5.478532420097395,6.009963678654869,TRUE,TRUE,-0.5314312585574745,-9.700248493702023,High-CDR,MESSAGEix-GLOBIOM GEI 1.0 | GEI | 1.5C
Full,R10REF_ECON,1.5C,gap_GJ_pc,DLE gap,GJ per capita of cumulative DLE gap,TRUE,POLES,POLES-JRC ENGAGE,ENGAGE,4,1,15.583597885491358,16.723457142186803,TRUE,FALSE,-1.1398592566954449,-7.314480680720571,High-CDR,POLES-JRC ENGAGE | ENGAGE | 1.5C
Full,R10REF_ECON,1.5C,gap_GJ_pc,DLE gap,GJ per capita of cumulative DLE gap,TRUE,REMIND,REMIND 2.1,CEMICS,0,4,NA,11.212544680955524,FALSE,FALSE,NA,NA,NA,REMIND 2.1 | CEMICS | 1.5C
Full,R10REF_ECON,1.5C,gap_GJ_pc,DLE gap,GJ per capita of cumulative DLE gap,TRUE,REMIND,REMIND 2.1,R2p1,0,2,NA,11.01996487927096,FALSE,FALSE,NA,NA,NA,REMIND 2.1 | R2p1 | 1.5C
Full,R10REF_ECON,1.5C,gap_GJ_pc,DLE gap,GJ per capita of cumulative DLE gap,TRUE,REMIND,REMIND 3.0,ENGAGE,0,2,NA,15.395163326420526,FALSE,FALSE,NA,NA,NA,REMIND 3.0 | ENGAGE | 1.5C
Full,R10REF_ECON,1.5C,gap_GJ_pc,DLE gap,GJ per capita of cumulative DLE gap,TRUE,REMIND,REMIND 3.0,NAVIGATE,1,0,10.543732706469608,NA,FALSE,FALSE,NA,NA,NA,REMIND 3.0 | NAVIGATE | 1.5C
Full,R10REF_ECON,1.5C,gap_GJ_pc,DLE gap,GJ per capita of cumulative DLE gap,TRUE,REMIND,REMIND-Buildings 2.0,BEG,0,2,NA,10.789770267719494,FALSE,FALSE,NA,NA,NA,REMIND-Buildings 2.0 | BEG | 1.5C
Full,R10REF_ECON,1.5C,gap_GJ_pc,DLE gap,GJ per capita of cumulative DLE gap,TRUE,REMIND,REMIND-MAgPIE 1.7-3.0,CD,0,4,NA,1.291500069888159,FALSE,FALSE,NA,NA,NA,REMIND-MAgPIE 1.7-3.0 | CD | 1.5C
Full,R10REF_ECON,1.5C,gap_GJ_pc,DLE gap,GJ per capita of cumulative DLE gap,TRUE,REMIND,REMIND-MAgPIE 1.7-3.0,COMMIT,0,3,NA,1.1299723356436675,FALSE,FALSE,NA,NA,NA,REMIND-MAgPIE 1.7-3.0 | COMMIT | 1.5C
Full,R10REF_ECON,1.5C,gap_GJ_pc,DLE gap,GJ per capita of cumulative DLE gap,TRUE,REMIND,REMIND-MAgPIE 1.7-3.0,PEP,0,13,NA,1.2439442239877117,FALSE,FALSE,NA,NA,NA,REMIND-MAgPIE 1.7-3.0 | PEP | 1.5C
Full,R10REF_ECON,1.5C,gap_GJ_pc,DLE gap,GJ per capita of cumulative DLE gap,TRUE,REMIND,REMIND-MAgPIE 2.1-4.2,CEMICS,0,3,NA,17.51151024448841,FALSE,FALSE,NA,NA,NA,REMIND-MAgPIE 2.1-4.2 | CEMICS | 1.5C
Full,R10REF_ECON,1.5C,gap_GJ_pc,DLE gap,GJ per capita of cumulative DLE gap,TRUE,REMIND,REMIND-MAgPIE 2.1-4.2,ENGAGE,0,19,NA,11.387666982499397,FALSE,FALSE,NA,NA,NA,REMIND-MAgPIE 2.1-4.2 | ENGAGE | 1.5C
Full,R10REF_ECON,1.5C,gap_GJ_pc,DLE gap,GJ per capita of cumulative DLE gap,TRUE,REMIND,REMIND-MAgPIE 2.1-4.2,SusDev,0,2,NA,15.851521798223406,FALSE,FALSE,NA,NA,NA,REMIND-MAgPIE 2.1-4.2 | SusDev | 1.5C
Full,R10REF_ECON,1.5C,gap_GJ_pc,DLE gap,GJ per capita of cumulative DLE gap,TRUE,REMIND,REMIND-MAgPIE 2.1-4.3,DeepElectrification,0,1,NA,11.883858774286802,FALSE,FALSE,NA,NA,NA,REMIND-MAgPIE 2.1-4.3 | DeepElectrification | 1.5C
Full,R10REF_ECON,1.5C,gap_GJ_pc,DLE gap,GJ per capita of cumulative DLE gap,TRUE,REMIND,REMIND-MAgPIE 3.2.0-4.8.0,RESCUE,0,3,NA,4.095323939655845,FALSE,FALSE,NA,NA,NA,REMIND-MAgPIE 3.2.0-4.8.0 | RESCUE | 1.5C
Full,R10REF_ECON,1.5C,gap_GJ_pc,DLE gap,GJ per capita of cumulative DLE gap,TRUE,REMIND,REMIND-MAgPIE 3.3-4.8,NGFS Phase 5,0,1,NA,14.607686593107104,FALSE,FALSE,NA,NA,NA,REMIND-MAgPIE 3.3-4.8 | NGFS Phase 5 | 1.5C
Full,R10REF_ECON,1.5C,gap_GJ_pc,DLE gap,GJ per capita of cumulative DLE gap,TRUE,WITCH,WITCH 5.0,ENGAGE,6,0,46.47142145305985,NA,FALSE,FALSE,NA,NA,NA,WITCH 5.0 | ENGAGE | 1.5C
Full,R10REF_ECON,1.5C,headcount_pct,Deprived share,population-year-weighted mean % below the DLE threshold,TRUE,AIM,AIM/CGE V2.2,ENGAGE,1,3,2.386701248046002,2.1407541175592244,TRUE,FALSE,0.24594713048677752,10.304898054925603,High-RE,AIM/CGE V2.2 | ENGAGE | 1.5C
Full,R10REF_ECON,1.5C,headcount_pct,Deprived share,population-year-weighted mean % below the DLE threshold,TRUE,GCAM,GCAM 5.3,Deep,7,0,1.269514531004687,NA,FALSE,FALSE,NA,NA,NA,GCAM 5.3 | Deep | 1.5C
Full,R10REF_ECON,1.5C,headcount_pct,Deprived share,population-year-weighted mean % below the DLE threshold,TRUE,GCAM,GCAM 6.0 NGFS,NGFS Phase 5,0,1,NA,1.9834482420476856,FALSE,FALSE,NA,NA,NA,GCAM 6.0 NGFS | NGFS Phase 5 | 1.5C
Full,R10REF_ECON,1.5C,headcount_pct,Deprived share,population-year-weighted mean % below the DLE threshold,TRUE,IMAGE,IMAGE 3.2,SSP2021,12,0,3.2363244456735734,NA,FALSE,FALSE,NA,NA,NA,IMAGE 3.2 | SSP2021 | 1.5C
Full,R10REF_ECON,1.5C,headcount_pct,Deprived share,population-year-weighted mean % below the DLE threshold,TRUE,IMAGE,IMAGE 3.3,GEO7,2,0,8.435586892959904,NA,FALSE,FALSE,NA,NA,NA,IMAGE 3.3 | GEO7 | 1.5C
Full,R10REF_ECON,1.5C,headcount_pct,Deprived share,population-year-weighted mean % below the DLE threshold,TRUE,IMAGE,IMAGE 3.3,SHAPE,9,0,3.5113594726578468,NA,FALSE,FALSE,NA,NA,NA,IMAGE 3.3 | SHAPE | 1.5C
Full,R10REF_ECON,1.5C,headcount_pct,Deprived share,population-year-weighted mean % below the DLE threshold,TRUE,MESSAGEix,MESSAGEix-GLOBIOM 1.1,ENGAGE,13,0,3.103463833361188,NA,FALSE,FALSE,NA,NA,NA,MESSAGEix-GLOBIOM 1.1 | ENGAGE | 1.5C
Full,R10REF_ECON,1.5C,headcount_pct,Deprived share,population-year-weighted mean % below the DLE threshold,TRUE,MESSAGEix,MESSAGEix-GLOBIOM 1.1,NGFS Phase 2,1,0,4.54919818681771,NA,FALSE,FALSE,NA,NA,NA,MESSAGEix-GLOBIOM 1.1 | NGFS Phase 2 | 1.5C
Full,R10REF_ECON,1.5C,headcount_pct,Deprived share,population-year-weighted mean % below the DLE threshold,TRUE,MESSAGEix,MESSAGEix-GLOBIOM 1.2,COVID,5,0,3.5382662442381743,NA,FALSE,FALSE,NA,NA,NA,MESSAGEix-GLOBIOM 1.2 | COVID | 1.5C
Full,R10REF_ECON,1.5C,headcount_pct,Deprived share,population-year-weighted mean % below the DLE threshold,TRUE,MESSAGEix,MESSAGEix-GLOBIOM GEI 1.0,GEI,6,3,1.412846466901251,1.557883487627676,TRUE,TRUE,-0.14503702072642488,-10.26558965352617,High-CDR,MESSAGEix-GLOBIOM GEI 1.0 | GEI | 1.5C
Full,R10REF_ECON,1.5C,headcount_pct,Deprived share,population-year-weighted mean % below the DLE threshold,TRUE,POLES,POLES-JRC ENGAGE,ENGAGE,4,1,4.487560303186979,4.189945298485668,TRUE,FALSE,0.29761500470131086,6.632000120197837,High-RE,POLES-JRC ENGAGE | ENGAGE | 1.5C
Full,R10REF_ECON,1.5C,headcount_pct,Deprived share,population-year-weighted mean % below the DLE threshold,TRUE,REMIND,REMIND 2.1,CEMICS,0,4,NA,2.486474250081895,FALSE,FALSE,NA,NA,NA,REMIND 2.1 | CEMICS | 1.5C
Full,R10REF_ECON,1.5C,headcount_pct,Deprived share,population-year-weighted mean % below the DLE threshold,TRUE,REMIND,REMIND 2.1,R2p1,0,2,NA,2.702463287615602,FALSE,FALSE,NA,NA,NA,REMIND 2.1 | R2p1 | 1.5C
Full,R10REF_ECON,1.5C,headcount_pct,Deprived share,population-year-weighted mean % below the DLE threshold,TRUE,REMIND,REMIND 3.0,ENGAGE,0,2,NA,3.6388857306893048,FALSE,FALSE,NA,NA,NA,REMIND 3.0 | ENGAGE | 1.5C
Full,R10REF_ECON,1.5C,headcount_pct,Deprived share,population-year-weighted mean % below the DLE threshold,TRUE,REMIND,REMIND 3.0,NAVIGATE,1,0,3.0516397665719364,NA,FALSE,FALSE,NA,NA,NA,REMIND 3.0 | NAVIGATE | 1.5C
Full,R10REF_ECON,1.5C,headcount_pct,Deprived share,population-year-weighted mean % below the DLE threshold,TRUE,REMIND,REMIND-Buildings 2.0,BEG,0,2,NA,2.5043856348805864,FALSE,FALSE,NA,NA,NA,REMIND-Buildings 2.0 | BEG | 1.5C
Full,R10REF_ECON,1.5C,headcount_pct,Deprived share,population-year-weighted mean % below the DLE threshold,TRUE,REMIND,REMIND-MAgPIE 1.7-3.0,CD,0,4,NA,0.7401174819955101,FALSE,FALSE,NA,NA,NA,REMIND-MAgPIE 1.7-3.0 | CD | 1.5C
Full,R10REF_ECON,1.5C,headcount_pct,Deprived share,population-year-weighted mean % below the DLE threshold,TRUE,REMIND,REMIND-MAgPIE 1.7-3.0,COMMIT,0,3,NA,0.628190232399863,FALSE,FALSE,NA,NA,NA,REMIND-MAgPIE 1.7-3.0 | COMMIT | 1.5C
Full,R10REF_ECON,1.5C,headcount_pct,Deprived share,population-year-weighted mean % below the DLE threshold,TRUE,REMIND,REMIND-MAgPIE 1.7-3.0,PEP,0,13,NA,0.7759140145900913,FALSE,FALSE,NA,NA,NA,REMIND-MAgPIE 1.7-3.0 | PEP | 1.5C
Full,R10REF_ECON,1.5C,headcount_pct,Deprived share,population-year-weighted mean % below the DLE threshold,TRUE,REMIND,REMIND-MAgPIE 2.1-4.2,CEMICS,0,3,NA,4.444002547447197,FALSE,FALSE,NA,NA,NA,REMIND-MAgPIE 2.1-4.2 | CEMICS | 1.5C
Full,R10REF_ECON,1.5C,headcount_pct,Deprived share,population-year-weighted mean % below the DLE threshold,TRUE,REMIND,REMIND-MAgPIE 2.1-4.2,ENGAGE,0,19,NA,2.7739046264219844,FALSE,FALSE,NA,NA,NA,REMIND-MAgPIE 2.1-4.2 | ENGAGE | 1.5C
Full,R10REF_ECON,1.5C,headcount_pct,Deprived share,population-year-weighted mean % below the DLE threshold,TRUE,REMIND,REMIND-MAgPIE 2.1-4.2,SusDev,0,2,NA,4.362388050604768,FALSE,FALSE,NA,NA,NA,REMIND-MAgPIE 2.1-4.2 | SusDev | 1.5C
Full,R10REF_ECON,1.5C,headcount_pct,Deprived share,population-year-weighted mean % below the DLE threshold,TRUE,REMIND,REMIND-MAgPIE 2.1-4.3,DeepElectrification,0,1,NA,3.049978859460248,FALSE,FALSE,NA,NA,NA,REMIND-MAgPIE 2.1-4.3 | DeepElectrification | 1.5C
Full,R10REF_ECON,1.5C,headcount_pct,Deprived share,population-year-weighted mean % below the DLE threshold,TRUE,REMIND,REMIND-MAgPIE 3.2.0-4.8.0,RESCUE,0,3,NA,1.068894055034966,FALSE,FALSE,NA,NA,NA,REMIND-MAgPIE 3.2.0-4.8.0 | RESCUE | 1.5C
Full,R10REF_ECON,1.5C,headcount_pct,Deprived share,population-year-weighted mean % below the DLE threshold,TRUE,REMIND,REMIND-MAgPIE 3.3-4.8,NGFS Phase 5,0,1,NA,3.6138980203860647,FALSE,FALSE,NA,NA,NA,REMIND-MAgPIE 3.3-4.8 | NGFS Phase 5 | 1.5C
Full,R10REF_ECON,1.5C,headcount_pct,Deprived share,population-year-weighted mean % below the DLE threshold,TRUE,WITCH,WITCH 5.0,ENGAGE,6,0,6.559780128698807,NA,FALSE,FALSE,NA,NA,NA,WITCH 5.0 | ENGAGE | 1.5C
Full,R10REF_ECON,1.5C,mortality_million_deaths,PM2.5 mortality,million cumulative PM2.5-attributable deaths,TRUE,AIM,AIM/CGE V2.2,ENGAGE,1,0,15.51442,NA,FALSE,FALSE,NA,NA,NA,AIM/CGE V2.2 | ENGAGE | 1.5C
Full,R10REF_ECON,1.5C,mortality_million_deaths,PM2.5 mortality,million cumulative PM2.5-attributable deaths,TRUE,GCAM,GCAM 6.0 NGFS,NGFS Phase 5,0,1,NA,15.03955,FALSE,FALSE,NA,NA,NA,GCAM 6.0 NGFS | NGFS Phase 5 | 1.5C
Full,R10REF_ECON,1.5C,mortality_million_deaths,PM2.5 mortality,million cumulative PM2.5-attributable deaths,TRUE,IMAGE,IMAGE 3.2,SSP2021,12,0,13.762572500000001,NA,FALSE,FALSE,NA,NA,NA,IMAGE 3.2 | SSP2021 | 1.5C
Full,R10REF_ECON,1.5C,mortality_million_deaths,PM2.5 mortality,million cumulative PM2.5-attributable deaths,TRUE,IMAGE,IMAGE 3.3,GEO7,2,0,13.5371875,NA,FALSE,FALSE,NA,NA,NA,IMAGE 3.3 | GEO7 | 1.5C
Full,R10REF_ECON,1.5C,mortality_million_deaths,PM2.5 mortality,million cumulative PM2.5-attributable deaths,TRUE,IMAGE,IMAGE 3.3,SHAPE,9,0,13.917475,NA,FALSE,FALSE,NA,NA,NA,IMAGE 3.3 | SHAPE | 1.5C
Full,R10REF_ECON,1.5C,mortality_million_deaths,PM2.5 mortality,million cumulative PM2.5-attributable deaths,TRUE,MESSAGEix,MESSAGEix-GLOBIOM 1.1,ENGAGE,11,0,13.77682,NA,FALSE,FALSE,NA,NA,NA,MESSAGEix-GLOBIOM 1.1 | ENGAGE | 1.5C
Full,R10REF_ECON,1.5C,mortality_million_deaths,PM2.5 mortality,million cumulative PM2.5-attributable deaths,TRUE,MESSAGEix,MESSAGEix-GLOBIOM 1.1,NGFS Phase 2,1,0,13.72029,NA,FALSE,FALSE,NA,NA,NA,MESSAGEix-GLOBIOM 1.1 | NGFS Phase 2 | 1.5C
Full,R10REF_ECON,1.5C,mortality_million_deaths,PM2.5 mortality,million cumulative PM2.5-attributable deaths,TRUE,MESSAGEix,MESSAGEix-GLOBIOM 1.2,COVID,5,0,13.733875,NA,FALSE,FALSE,NA,NA,NA,MESSAGEix-GLOBIOM 1.2 | COVID | 1.5C
Full,R10REF_ECON,1.5C,mortality_million_deaths,PM2.5 mortality,million cumulative PM2.5-attributable deaths,TRUE,MESSAGEix,MESSAGEix-GLOBIOM GEI 1.0,GEI,6,3,14.33234,13.97887,TRUE,TRUE,0.35346999999999973,2.4662406836566793,High-RE,MESSAGEix-GLOBIOM GEI 1.0 | GEI | 1.5C
Full,R10REF_ECON,1.5C,mortality_million_deaths,PM2.5 mortality,million cumulative PM2.5-attributable deaths,TRUE,POLES,POLES-JRC ENGAGE,ENGAGE,4,0,12.929195,NA,FALSE,FALSE,NA,NA,NA,POLES-JRC ENGAGE | ENGAGE | 1.5C
Full,R10REF_ECON,1.5C,mortality_million_deaths,PM2.5 mortality,million cumulative PM2.5-attributable deaths,TRUE,REMIND,REMIND 2.1,R2p1,0,2,NA,13.01953,FALSE,FALSE,NA,NA,NA,REMIND 2.1 | R2p1 | 1.5C
Full,R10REF_ECON,1.5C,mortality_million_deaths,PM2.5 mortality,million cumulative PM2.5-attributable deaths,TRUE,REMIND,REMIND-Buildings 2.0,BEG,0,2,NA,13.10418,FALSE,FALSE,NA,NA,NA,REMIND-Buildings 2.0 | BEG | 1.5C
Full,R10REF_ECON,1.5C,mortality_million_deaths,PM2.5 mortality,million cumulative PM2.5-attributable deaths,TRUE,REMIND,REMIND-MAgPIE 1.7-3.0,CD,0,4,NA,13.005335,FALSE,FALSE,NA,NA,NA,REMIND-MAgPIE 1.7-3.0 | CD | 1.5C
Full,R10REF_ECON,1.5C,mortality_million_deaths,PM2.5 mortality,million cumulative PM2.5-attributable deaths,TRUE,REMIND,REMIND-MAgPIE 1.7-3.0,COMMIT,0,3,NA,12.960005,FALSE,FALSE,NA,NA,NA,REMIND-MAgPIE 1.7-3.0 | COMMIT | 1.5C
Full,R10REF_ECON,1.5C,mortality_million_deaths,PM2.5 mortality,million cumulative PM2.5-attributable deaths,TRUE,REMIND,REMIND-MAgPIE 1.7-3.0,PEP,0,13,NA,12.90927,FALSE,FALSE,NA,NA,NA,REMIND-MAgPIE 1.7-3.0 | PEP | 1.5C
Full,R10REF_ECON,1.5C,mortality_million_deaths,PM2.5 mortality,million cumulative PM2.5-attributable deaths,TRUE,REMIND,REMIND-MAgPIE 2.1-4.2,ENGAGE,0,19,NA,13.090665,FALSE,FALSE,NA,NA,NA,REMIND-MAgPIE 2.1-4.2 | ENGAGE | 1.5C
Full,R10REF_ECON,1.5C,mortality_million_deaths,PM2.5 mortality,million cumulative PM2.5-attributable deaths,TRUE,REMIND,REMIND-MAgPIE 2.1-4.2,SusDev,0,2,NA,12.993825000000001,FALSE,FALSE,NA,NA,NA,REMIND-MAgPIE 2.1-4.2 | SusDev | 1.5C
Full,R10REF_ECON,1.5C,mortality_million_deaths,PM2.5 mortality,million cumulative PM2.5-attributable deaths,TRUE,REMIND,REMIND-MAgPIE 2.1-4.3,DeepElectrification,0,1,NA,13.08396,FALSE,FALSE,NA,NA,NA,REMIND-MAgPIE 2.1-4.3 | DeepElectrification | 1.5C
Full,R10REF_ECON,1.5C,mortality_million_deaths,PM2.5 mortality,million cumulative PM2.5-attributable deaths,TRUE,REMIND,REMIND-MAgPIE 3.2.0-4.8.0,RESCUE,0,3,NA,13.451825,FALSE,FALSE,NA,NA,NA,REMIND-MAgPIE 3.2.0-4.8.0 | RESCUE | 1.5C
Full,R10REF_ECON,1.5C,mortality_million_deaths,PM2.5 mortality,million cumulative PM2.5-attributable deaths,TRUE,REMIND,REMIND-MAgPIE 3.3-4.8,NGFS Phase 5,0,1,NA,13.722405,FALSE,FALSE,NA,NA,NA,REMIND-MAgPIE 3.3-4.8 | NGFS Phase 5 | 1.5C
Full,R10REF_ECON,1.5C,mortality_million_deaths,PM2.5 mortality,million cumulative PM2.5-attributable deaths,TRUE,WITCH,WITCH 5.0,ENGAGE,6,0,16.1503475,NA,FALSE,FALSE,NA,NA,NA,WITCH 5.0 | ENGAGE | 1.5C
Full,R10REF_ECON,1.5C,total_energy_jobyears_per_1k,Employment,"total energy-sector job-years per 1,000 people",FALSE,AIM,AIM/CGE V2.2,ENGAGE,1,3,2398.8978663493153,1834.7340234929927,TRUE,FALSE,-564.1638428563226,-23.517626605541025,High-CDR,AIM/CGE V2.2 | ENGAGE | 1.5C
Full,R10REF_ECON,1.5C,total_energy_jobyears_per_1k,Employment,"total energy-sector job-years per 1,000 people",FALSE,GCAM,GCAM 6.0 NGFS,NGFS Phase 5,0,1,NA,1317.8844656590018,FALSE,FALSE,NA,NA,NA,GCAM 6.0 NGFS | NGFS Phase 5 | 1.5C
Full,R10REF_ECON,1.5C,total_energy_jobyears_per_1k,Employment,"total energy-sector job-years per 1,000 people",FALSE,IMAGE,IMAGE 3.2,SSP2021,12,0,1064.2854788000918,NA,FALSE,FALSE,NA,NA,NA,IMAGE 3.2 | SSP2021 | 1.5C
Full,R10REF_ECON,1.5C,total_energy_jobyears_per_1k,Employment,"total energy-sector job-years per 1,000 people",FALSE,IMAGE,IMAGE 3.3,SHAPE,9,0,812.2429230090929,NA,FALSE,FALSE,NA,NA,NA,IMAGE 3.3 | SHAPE | 1.5C
Full,R10REF_ECON,1.5C,total_energy_jobyears_per_1k,Employment,"total energy-sector job-years per 1,000 people",FALSE,MESSAGEix,MESSAGEix-GLOBIOM 1.1,ENGAGE,13,0,836.6477681728621,NA,FALSE,FALSE,NA,NA,NA,MESSAGEix-GLOBIOM 1.1 | ENGAGE | 1.5C
Full,R10REF_ECON,1.5C,total_energy_jobyears_per_1k,Employment,"total energy-sector job-years per 1,000 people",FALSE,MESSAGEix,MESSAGEix-GLOBIOM 1.1,NGFS Phase 2,1,0,771.3587365103397,NA,FALSE,FALSE,NA,NA,NA,MESSAGEix-GLOBIOM 1.1 | NGFS Phase 2 | 1.5C
Full,R10REF_ECON,1.5C,total_energy_jobyears_per_1k,Employment,"total energy-sector job-years per 1,000 people",FALSE,MESSAGEix,MESSAGEix-GLOBIOM 1.2,COVID,5,0,6.503297517571669,NA,FALSE,FALSE,NA,NA,NA,MESSAGEix-GLOBIOM 1.2 | COVID | 1.5C
Full,R10REF_ECON,1.5C,total_energy_jobyears_per_1k,Employment,"total energy-sector job-years per 1,000 people",FALSE,MESSAGEix,MESSAGEix-GLOBIOM GEI 1.0,GEI,6,3,838.6648254099573,849.5056376230506,TRUE,TRUE,10.840812213093272,1.292627505606194,High-RE,MESSAGEix-GLOBIOM GEI 1.0 | GEI | 1.5C
Full,R10REF_ECON,1.5C,total_energy_jobyears_per_1k,Employment,"total energy-sector job-years per 1,000 people",FALSE,POLES,POLES-JRC ENGAGE,ENGAGE,4,1,1153.495973178192,1015.7278867362139,TRUE,FALSE,-137.76808644197797,-11.943525564496754,High-CDR,POLES-JRC ENGAGE | ENGAGE | 1.5C
Full,R10REF_ECON,1.5C,total_energy_jobyears_per_1k,Employment,"total energy-sector job-years per 1,000 people",FALSE,REMIND,REMIND 2.1,CEMICS,0,4,NA,2842.290217311407,FALSE,FALSE,NA,NA,NA,REMIND 2.1 | CEMICS | 1.5C
Full,R10REF_ECON,1.5C,total_energy_jobyears_per_1k,Employment,"total energy-sector job-years per 1,000 people",FALSE,REMIND,REMIND 2.1,R2p1,0,2,NA,1107.5884025811897,FALSE,FALSE,NA,NA,NA,REMIND 2.1 | R2p1 | 1.5C
Full,R10REF_ECON,1.5C,total_energy_jobyears_per_1k,Employment,"total energy-sector job-years per 1,000 people",FALSE,REMIND,REMIND 3.0,ENGAGE,0,2,NA,674.7319768708661,FALSE,FALSE,NA,NA,NA,REMIND 3.0 | ENGAGE | 1.5C
Full,R10REF_ECON,1.5C,total_energy_jobyears_per_1k,Employment,"total energy-sector job-years per 1,000 people",FALSE,REMIND,REMIND 3.0,NAVIGATE,1,0,782.1836472146811,NA,FALSE,FALSE,NA,NA,NA,REMIND 3.0 | NAVIGATE | 1.5C
Full,R10REF_ECON,1.5C,total_energy_jobyears_per_1k,Employment,"total energy-sector job-years per 1,000 people",FALSE,REMIND,REMIND-Buildings 2.0,BEG,0,2,NA,1677.397437242931,FALSE,FALSE,NA,NA,NA,REMIND-Buildings 2.0 | BEG | 1.5C
Full,R10REF_ECON,1.5C,total_energy_jobyears_per_1k,Employment,"total energy-sector job-years per 1,000 people",FALSE,REMIND,REMIND-MAgPIE 1.7-3.0,CD,0,4,NA,591.8138144477614,FALSE,FALSE,NA,NA,NA,REMIND-MAgPIE 1.7-3.0 | CD | 1.5C
Full,R10REF_ECON,1.5C,total_energy_jobyears_per_1k,Employment,"total energy-sector job-years per 1,000 people",FALSE,REMIND,REMIND-MAgPIE 1.7-3.0,COMMIT,0,3,NA,577.1956787076867,FALSE,FALSE,NA,NA,NA,REMIND-MAgPIE 1.7-3.0 | COMMIT | 1.5C
Full,R10REF_ECON,1.5C,total_energy_jobyears_per_1k,Employment,"total energy-sector job-years per 1,000 people",FALSE,REMIND,REMIND-MAgPIE 1.7-3.0,PEP,0,13,NA,615.2629600602233,FALSE,FALSE,NA,NA,NA,REMIND-MAgPIE 1.7-3.0 | PEP | 1.5C
Full,R10REF_ECON,1.5C,total_energy_jobyears_per_1k,Employment,"total energy-sector job-years per 1,000 people",FALSE,REMIND,REMIND-MAgPIE 2.1-4.2,CEMICS,0,3,NA,984.1815702039995,FALSE,FALSE,NA,NA,NA,REMIND-MAgPIE 2.1-4.2 | CEMICS | 1.5C
Full,R10REF_ECON,1.5C,total_energy_jobyears_per_1k,Employment,"total energy-sector job-years per 1,000 people",FALSE,REMIND,REMIND-MAgPIE 2.1-4.2,ENGAGE,0,19,NA,2020.5101034544164,FALSE,FALSE,NA,NA,NA,REMIND-MAgPIE 2.1-4.2 | ENGAGE | 1.5C
Full,R10REF_ECON,1.5C,total_energy_jobyears_per_1k,Employment,"total energy-sector job-years per 1,000 people",FALSE,REMIND,REMIND-MAgPIE 2.1-4.2,SusDev,0,2,NA,900.4268575505431,FALSE,FALSE,NA,NA,NA,REMIND-MAgPIE 2.1-4.2 | SusDev | 1.5C
Full,R10REF_ECON,1.5C,total_energy_jobyears_per_1k,Employment,"total energy-sector job-years per 1,000 people",FALSE,REMIND,REMIND-MAgPIE 2.1-4.3,DeepElectrification,0,1,NA,1189.8456182338125,FALSE,FALSE,NA,NA,NA,REMIND-MAgPIE 2.1-4.3 | DeepElectrification | 1.5C
Full,R10REF_ECON,1.5C,total_energy_jobyears_per_1k,Employment,"total energy-sector job-years per 1,000 people",FALSE,REMIND,REMIND-MAgPIE 3.2.0-4.8.0,RESCUE,0,3,NA,2122.012331788471,FALSE,FALSE,NA,NA,NA,REMIND-MAgPIE 3.2.0-4.8.0 | RESCUE | 1.5C
Full,R10REF_ECON,1.5C,total_energy_jobyears_per_1k,Employment,"total energy-sector job-years per 1,000 people",FALSE,REMIND,REMIND-MAgPIE 3.3-4.8,NGFS Phase 5,0,1,NA,983.6380142133801,FALSE,FALSE,NA,NA,NA,REMIND-MAgPIE 3.3-4.8 | NGFS Phase 5 | 1.5C
Full,R10REF_ECON,1.5C,total_energy_jobyears_per_1k,Employment,"total energy-sector job-years per 1,000 people",FALSE,WITCH,WITCH 5.0,ENGAGE,6,0,2581.1295679673804,NA,FALSE,FALSE,NA,NA,NA,WITCH 5.0 | ENGAGE | 1.5C
Full,R10REF_ECON,2C,gap_GJ_pc,DLE gap,GJ per capita of cumulative DLE gap,TRUE,AIM,AIM/CGE V2.2,ENGAGE,20,11,9.972328035236147,9.715185169766698,TRUE,TRUE,0.257142865469449,2.578564048042366,High-RE,AIM/CGE V2.2 | ENGAGE | 2C
Full,R10REF_ECON,2C,gap_GJ_pc,DLE gap,GJ per capita of cumulative DLE gap,TRUE,GCAM,GCAM 5.3,Deep,23,0,2.748932492193494,NA,FALSE,FALSE,NA,NA,NA,GCAM 5.3 | Deep | 2C
Full,R10REF_ECON,2C,gap_GJ_pc,DLE gap,GJ per capita of cumulative DLE gap,TRUE,GCAM,GCAM 6.0 NGFS,NGFS Phase 5,0,4,NA,4.942975614950655,FALSE,FALSE,NA,NA,NA,GCAM 6.0 NGFS | NGFS Phase 5 | 2C
Full,R10REF_ECON,2C,gap_GJ_pc,DLE gap,GJ per capita of cumulative DLE gap,TRUE,GCAM,GCAM 7.0,IAM,3,0,2.663906773359299,NA,FALSE,FALSE,NA,NA,NA,GCAM 7.0 | IAM | 2C
Full,R10REF_ECON,2C,gap_GJ_pc,DLE gap,GJ per capita of cumulative DLE gap,TRUE,IMAGE,IMAGE 3.0,COMMIT,3,0,3.0800670374721277,NA,FALSE,FALSE,NA,NA,NA,IMAGE 3.0 | COMMIT | 2C
Full,R10REF_ECON,2C,gap_GJ_pc,DLE gap,GJ per capita of cumulative DLE gap,TRUE,IMAGE,IMAGE 3.0,ENGAGE,20,0,7.774956970898497,NA,FALSE,FALSE,NA,NA,NA,IMAGE 3.0 | ENGAGE | 2C
Full,R10REF_ECON,2C,gap_GJ_pc,DLE gap,GJ per capita of cumulative DLE gap,TRUE,IMAGE,IMAGE 3.2,ENGAGE,9,0,10.610219862645254,NA,FALSE,FALSE,NA,NA,NA,IMAGE 3.2 | ENGAGE | 2C
Full,R10REF_ECON,2C,gap_GJ_pc,DLE gap,GJ per capita of cumulative DLE gap,TRUE,IMAGE,IMAGE 3.2,SSP2021,8,2,8.845852884994631,7.515965987643085,TRUE,FALSE,1.329886897351546,15.034015539727722,High-RE,IMAGE 3.2 | SSP2021 | 2C
Full,R10REF_ECON,2C,gap_GJ_pc,DLE gap,GJ per capita of cumulative DLE gap,TRUE,IMAGE,IMAGE 3.3,NAVIGATE,8,0,13.205200318959132,NA,FALSE,FALSE,NA,NA,NA,IMAGE 3.3 | NAVIGATE | 2C
Full,R10REF_ECON,2C,gap_GJ_pc,DLE gap,GJ per capita of cumulative DLE gap,TRUE,MESSAGEix,MESSAGEix-GLOBIOM 1.1,ENGAGE,62,20,8.339655343609648,6.682102609739118,TRUE,TRUE,1.6575527338705296,19.875554391353205,High-RE,MESSAGEix-GLOBIOM 1.1 | ENGAGE | 2C
Full,R10REF_ECON,2C,gap_GJ_pc,DLE gap,GJ per capita of cumulative DLE gap,TRUE,MESSAGEix,MESSAGEix-GLOBIOM 1.1,NGFS Phase 2,1,1,12.467202115662,11.483223826910525,TRUE,FALSE,0.98397828875147475,7.8925349859801015,High-RE,MESSAGEix-GLOBIOM 1.1 | NGFS Phase 2 | 2C
Full,R10REF_ECON,2C,gap_GJ_pc,DLE gap,GJ per capita of cumulative DLE gap,TRUE,MESSAGEix,MESSAGEix-GLOBIOM 1.2,COVID,5,0,7.808955971082778,NA,FALSE,FALSE,NA,NA,NA,MESSAGEix-GLOBIOM 1.2 | COVID | 2C
Full,R10REF_ECON,2C,gap_GJ_pc,DLE gap,GJ per capita of cumulative DLE gap,TRUE,MESSAGEix,MESSAGEix-GLOBIOM 2.0-M-R12-NGFS,NGFS Phase 5,0,2,NA,18.260071349330634,FALSE,FALSE,NA,NA,NA,MESSAGEix-GLOBIOM 2.0-M-R12-NGFS | NGFS Phase 5 | 2C
Full,R10REF_ECON,2C,gap_GJ_pc,DLE gap,GJ per capita of cumulative DLE gap,TRUE,MESSAGEix,MESSAGEix-GLOBIOM GEI 1.0,GEI,6,1,4.838287518730153,7.744780232336821,TRUE,FALSE,-2.906492713606668,-60.07275719673436,High-CDR,MESSAGEix-GLOBIOM GEI 1.0 | GEI | 2C
Full,R10REF_ECON,2C,gap_GJ_pc,DLE gap,GJ per capita of cumulative DLE gap,TRUE,POLES,POLES-JRC ENGAGE,ENGAGE,56,8,11.442460411482449,12.253149405664267,TRUE,TRUE,-0.8106889941818185,-7.084918496797212,High-CDR,POLES-JRC ENGAGE | ENGAGE | 2C
Full,R10REF_ECON,2C,gap_GJ_pc,DLE gap,GJ per capita of cumulative DLE gap,TRUE,REMIND,REMIND 2.1,CEMICS,0,5,NA,10.119427926191063,FALSE,FALSE,NA,NA,NA,REMIND 2.1 | CEMICS | 2C
Full,R10REF_ECON,2C,gap_GJ_pc,DLE gap,GJ per capita of cumulative DLE gap,TRUE,REMIND,REMIND 2.1,LeastTotalCost,0,11,NA,9.04750660019295,FALSE,FALSE,NA,NA,NA,REMIND 2.1 | LeastTotalCost | 2C
Full,R10REF_ECON,2C,gap_GJ_pc,DLE gap,GJ per capita of cumulative DLE gap,TRUE,REMIND,REMIND 2.1,R2p1,0,8,NA,7.818954882974386,FALSE,FALSE,NA,NA,NA,REMIND 2.1 | R2p1 | 2C
Full,R10REF_ECON,2C,gap_GJ_pc,DLE gap,GJ per capita of cumulative DLE gap,TRUE,REMIND,REMIND 2.1,TechCost,0,9,NA,11.576417440095268,FALSE,FALSE,NA,NA,NA,REMIND 2.1 | TechCost | 2C
Full,R10REF_ECON,2C,gap_GJ_pc,DLE gap,GJ per capita of cumulative DLE gap,TRUE,REMIND,REMIND 3.0,ENGAGE,0,14,NA,5.107600483437642,FALSE,FALSE,NA,NA,NA,REMIND 3.0 | ENGAGE | 2C
Full,R10REF_ECON,2C,gap_GJ_pc,DLE gap,GJ per capita of cumulative DLE gap,TRUE,REMIND,REMIND 3.0,NAVIGATE,0,7,NA,5.791801658427876,FALSE,FALSE,NA,NA,NA,REMIND 3.0 | NAVIGATE | 2C
Full,R10REF_ECON,2C,gap_GJ_pc,DLE gap,GJ per capita of cumulative DLE gap,TRUE,REMIND,REMIND-MAgPIE 1.7-3.0,CD,0,5,NA,0.819577425086524,FALSE,FALSE,NA,NA,NA,REMIND-MAgPIE 1.7-3.0 | CD | 2C
Full,R10REF_ECON,2C,gap_GJ_pc,DLE gap,GJ per capita of cumulative DLE gap,TRUE,REMIND,REMIND-MAgPIE 1.7-3.0,COMMIT,0,4,NA,0.7306232681755059,FALSE,FALSE,NA,NA,NA,REMIND-MAgPIE 1.7-3.0 | COMMIT | 2C
Full,R10REF_ECON,2C,gap_GJ_pc,DLE gap,GJ per capita of cumulative DLE gap,TRUE,REMIND,REMIND-MAgPIE 1.7-3.0,PEP,0,5,NA,0.7619831498744315,FALSE,FALSE,NA,NA,NA,REMIND-MAgPIE 1.7-3.0 | PEP | 2C
Full,R10REF_ECON,2C,gap_GJ_pc,DLE gap,GJ per capita of cumulative DLE gap,TRUE,REMIND,REMIND-MAgPIE 2.0-4.1,Diff,0,4,NA,8.17148420391382,FALSE,FALSE,NA,NA,NA,REMIND-MAgPIE 2.0-4.1 | Diff | 2C
Full,R10REF_ECON,2C,gap_GJ_pc,DLE gap,GJ per capita of cumulative DLE gap,TRUE,REMIND,REMIND-MAgPIE 2.1-4.2,CEMICS,0,3,NA,10.872886638146406,FALSE,FALSE,NA,NA,NA,REMIND-MAgPIE 2.1-4.2 | CEMICS | 2C
Full,R10REF_ECON,2C,gap_GJ_pc,DLE gap,GJ per capita of cumulative DLE gap,TRUE,REMIND,REMIND-MAgPIE 2.1-4.2,ENGAGE,0,59,NA,9.30467220564174,FALSE,FALSE,NA,NA,NA,REMIND-MAgPIE 2.1-4.2 | ENGAGE | 2C
Full,R10REF_ECON,2C,gap_GJ_pc,DLE gap,GJ per capita of cumulative DLE gap,TRUE,REMIND,REMIND-MAgPIE 2.1-4.2,NGFS Phase 2,0,5,NA,13.276250271094048,FALSE,FALSE,NA,NA,NA,REMIND-MAgPIE 2.1-4.2 | NGFS Phase 2 | 2C
Full,R10REF_ECON,2C,gap_GJ_pc,DLE gap,GJ per capita of cumulative DLE gap,TRUE,REMIND,REMIND-MAgPIE 2.1-4.2,SusDev,0,3,NA,7.910250558609707,FALSE,FALSE,NA,NA,NA,REMIND-MAgPIE 2.1-4.2 | SusDev | 2C
Full,R10REF_ECON,2C,gap_GJ_pc,DLE gap,GJ per capita of cumulative DLE gap,TRUE,REMIND,REMIND-MAgPIE 2.1-4.3,DeepElectrification,0,3,NA,8.70227787016904,FALSE,FALSE,NA,NA,NA,REMIND-MAgPIE 2.1-4.3 | DeepElectrification | 2C
Full,R10REF_ECON,2C,gap_GJ_pc,DLE gap,GJ per capita of cumulative DLE gap,TRUE,REMIND,REMIND-MAgPIE 3.2-4.6,SHAPE,0,2,NA,3.074026610872454,FALSE,FALSE,NA,NA,NA,REMIND-MAgPIE 3.2-4.6 | SHAPE | 2C
Full,R10REF_ECON,2C,gap_GJ_pc,DLE gap,GJ per capita of cumulative DLE gap,TRUE,REMIND,REMIND-MAgPIE 3.2.0-4.8.0,RESCUE,0,5,NA,5.033637232292741,FALSE,FALSE,NA,NA,NA,REMIND-MAgPIE 3.2.0-4.8.0 | RESCUE | 2C
Full,R10REF_ECON,2C,gap_GJ_pc,DLE gap,GJ per capita of cumulative DLE gap,TRUE,REMIND,REMIND-MAgPIE 3.3-4.8,NGFS Phase 5,0,5,NA,5.822691883813799,FALSE,FALSE,NA,NA,NA,REMIND-MAgPIE 3.3-4.8 | NGFS Phase 5 | 2C
Full,R10REF_ECON,2C,gap_GJ_pc,DLE gap,GJ per capita of cumulative DLE gap,TRUE,REMIND,REMIND-Transport 2.1,Transport,0,8,NA,12.616491085093045,FALSE,FALSE,NA,NA,NA,REMIND-Transport 2.1 | Transport | 2C
Full,R10REF_ECON,2C,gap_GJ_pc,DLE gap,GJ per capita of cumulative DLE gap,TRUE,WITCH,WITCH 5.0,COMMIT,2,1,35.59460985677605,25.180368947924727,TRUE,FALSE,10.414240908851326,29.25791559664698,High-RE,WITCH 5.0 | COMMIT | 2C
Full,R10REF_ECON,2C,gap_GJ_pc,DLE gap,GJ per capita of cumulative DLE gap,TRUE,WITCH,WITCH 5.0,ENGAGE,0,11,NA,24.84260932488802,FALSE,FALSE,NA,NA,NA,WITCH 5.0 | ENGAGE | 2C
Full,R10REF_ECON,2C,gap_GJ_pc,DLE gap,GJ per capita of cumulative DLE gap,TRUE,WITCH,WITCH 5.0,NAVIGATE,0,4,NA,67.37645579507245,FALSE,FALSE,NA,NA,NA,WITCH 5.0 | NAVIGATE | 2C
Full,R10REF_ECON,2C,headcount_pct,Deprived share,population-year-weighted mean % below the DLE threshold,TRUE,AIM,AIM/CGE V2.2,ENGAGE,20,11,1.7765773427794658,1.9187688632304796,TRUE,TRUE,-0.1421915204510138,-8.003677466051341,High-CDR,AIM/CGE V2.2 | ENGAGE | 2C
Full,R10REF_ECON,2C,headcount_pct,Deprived share,population-year-weighted mean % below the DLE threshold,TRUE,GCAM,GCAM 5.3,Deep,23,0,1.0541117082853348,NA,FALSE,FALSE,NA,NA,NA,GCAM 5.3 | Deep | 2C
Full,R10REF_ECON,2C,headcount_pct,Deprived share,population-year-weighted mean % below the DLE threshold,TRUE,GCAM,GCAM 6.0 NGFS,NGFS Phase 5,0,4,NA,1.3944740123531068,FALSE,FALSE,NA,NA,NA,GCAM 6.0 NGFS | NGFS Phase 5 | 2C
Full,R10REF_ECON,2C,headcount_pct,Deprived share,population-year-weighted mean % below the DLE threshold,TRUE,GCAM,GCAM 7.0,IAM,3,0,0.7119848430497345,NA,FALSE,FALSE,NA,NA,NA,GCAM 7.0 | IAM | 2C
Full,R10REF_ECON,2C,headcount_pct,Deprived share,population-year-weighted mean % below the DLE threshold,TRUE,IMAGE,IMAGE 3.0,COMMIT,3,0,1.6382348730961904,NA,FALSE,FALSE,NA,NA,NA,IMAGE 3.0 | COMMIT | 2C
Full,R10REF_ECON,2C,headcount_pct,Deprived share,population-year-weighted mean % below the DLE threshold,TRUE,IMAGE,IMAGE 3.0,ENGAGE,20,0,2.203980615323678,NA,FALSE,FALSE,NA,NA,NA,IMAGE 3.0 | ENGAGE | 2C
Full,R10REF_ECON,2C,headcount_pct,Deprived share,population-year-weighted mean % below the DLE threshold,TRUE,IMAGE,IMAGE 3.2,ENGAGE,9,0,2.7938068204823208,NA,FALSE,FALSE,NA,NA,NA,IMAGE 3.2 | ENGAGE | 2C
Full,R10REF_ECON,2C,headcount_pct,Deprived share,population-year-weighted mean % below the DLE threshold,TRUE,IMAGE,IMAGE 3.2,SSP2021,8,2,2.4890080267497696,2.0710878332153806,TRUE,FALSE,0.41792019353438903,16.79063261519985,High-RE,IMAGE 3.2 | SSP2021 | 2C
Full,R10REF_ECON,2C,headcount_pct,Deprived share,population-year-weighted mean % below the DLE threshold,TRUE,IMAGE,IMAGE 3.3,NAVIGATE,8,0,3.7313277396809257,NA,FALSE,FALSE,NA,NA,NA,IMAGE 3.3 | NAVIGATE | 2C
Full,R10REF_ECON,2C,headcount_pct,Deprived share,population-year-weighted mean % below the DLE threshold,TRUE,MESSAGEix,MESSAGEix-GLOBIOM 1.1,ENGAGE,62,20,2.13239608851413,1.9629279610132462,TRUE,TRUE,0.16946812750088402,7.947309996191688,High-RE,MESSAGEix-GLOBIOM 1.1 | ENGAGE | 2C
Full,R10REF_ECON,2C,headcount_pct,Deprived share,population-year-weighted mean % below the DLE threshold,TRUE,MESSAGEix,MESSAGEix-GLOBIOM 1.1,NGFS Phase 2,1,1,3.2080862159305745,3.1785963205787455,TRUE,FALSE,0.029489895351829,0.9192363723078689,High-RE,MESSAGEix-GLOBIOM 1.1 | NGFS Phase 2 | 2C
Full,R10REF_ECON,2C,headcount_pct,Deprived share,population-year-weighted mean % below the DLE threshold,TRUE,MESSAGEix,MESSAGEix-GLOBIOM 1.2,COVID,5,0,2.0679107094205995,NA,FALSE,FALSE,NA,NA,NA,MESSAGEix-GLOBIOM 1.2 | COVID | 2C
Full,R10REF_ECON,2C,headcount_pct,Deprived share,population-year-weighted mean % below the DLE threshold,TRUE,MESSAGEix,MESSAGEix-GLOBIOM 2.0-M-R12-NGFS,NGFS Phase 5,0,2,NA,4.215818955583339,FALSE,FALSE,NA,NA,NA,MESSAGEix-GLOBIOM 2.0-M-R12-NGFS | NGFS Phase 5 | 2C
Full,R10REF_ECON,2C,headcount_pct,Deprived share,population-year-weighted mean % below the DLE threshold,TRUE,MESSAGEix,MESSAGEix-GLOBIOM GEI 1.0,GEI,6,1,1.2076372521559975,2.0419670148721156,TRUE,FALSE,-0.8343297627161181,-69.08777956514568,High-CDR,MESSAGEix-GLOBIOM GEI 1.0 | GEI | 2C
Full,R10REF_ECON,2C,headcount_pct,Deprived share,population-year-weighted mean % below the DLE threshold,TRUE,POLES,POLES-JRC ENGAGE,ENGAGE,56,8,3.265000349774743,3.1714459226318117,TRUE,TRUE,0.09355442714293138,2.865372653004029,High-RE,POLES-JRC ENGAGE | ENGAGE | 2C
Full,R10REF_ECON,2C,headcount_pct,Deprived share,population-year-weighted mean % below the DLE threshold,TRUE,REMIND,REMIND 2.1,CEMICS,0,5,NA,2.6132917460848724,FALSE,FALSE,NA,NA,NA,REMIND 2.1 | CEMICS | 2C
Full,R10REF_ECON,2C,headcount_pct,Deprived share,population-year-weighted mean % below the DLE threshold,TRUE,REMIND,REMIND 2.1,LeastTotalCost,0,11,NA,2.271479017165036,FALSE,FALSE,NA,NA,NA,REMIND 2.1 | LeastTotalCost | 2C
Full,R10REF_ECON,2C,headcount_pct,Deprived share,population-year-weighted mean % below the DLE threshold,TRUE,REMIND,REMIND 2.1,R2p1,0,8,NA,1.941263512458036,FALSE,FALSE,NA,NA,NA,REMIND 2.1 | R2p1 | 2C
Full,R10REF_ECON,2C,headcount_pct,Deprived share,population-year-weighted mean % below the DLE threshold,TRUE,REMIND,REMIND 2.1,TechCost,0,9,NA,3.0075653650973,FALSE,FALSE,NA,NA,NA,REMIND 2.1 | TechCost | 2C
Full,R10REF_ECON,2C,headcount_pct,Deprived share,population-year-weighted mean % below the DLE threshold,TRUE,REMIND,REMIND 3.0,ENGAGE,0,14,NA,1.3910937784729063,FALSE,FALSE,NA,NA,NA,REMIND 3.0 | ENGAGE | 2C
Full,R10REF_ECON,2C,headcount_pct,Deprived share,population-year-weighted mean % below the DLE threshold,TRUE,REMIND,REMIND 3.0,NAVIGATE,0,7,NA,1.6005463468883614,FALSE,FALSE,NA,NA,NA,REMIND 3.0 | NAVIGATE | 2C
Full,R10REF_ECON,2C,headcount_pct,Deprived share,population-year-weighted mean % below the DLE threshold,TRUE,REMIND,REMIND-MAgPIE 1.7-3.0,CD,0,5,NA,0.4181161714047227,FALSE,FALSE,NA,NA,NA,REMIND-MAgPIE 1.7-3.0 | CD | 2C
Full,R10REF_ECON,2C,headcount_pct,Deprived share,population-year-weighted mean % below the DLE threshold,TRUE,REMIND,REMIND-MAgPIE 1.7-3.0,COMMIT,0,4,NA,0.3793506074963674,FALSE,FALSE,NA,NA,NA,REMIND-MAgPIE 1.7-3.0 | COMMIT | 2C
Full,R10REF_ECON,2C,headcount_pct,Deprived share,population-year-weighted mean % below the DLE threshold,TRUE,REMIND,REMIND-MAgPIE 1.7-3.0,PEP,0,5,NA,0.3897949469940174,FALSE,FALSE,NA,NA,NA,REMIND-MAgPIE 1.7-3.0 | PEP | 2C
Full,R10REF_ECON,2C,headcount_pct,Deprived share,population-year-weighted mean % below the DLE threshold,TRUE,REMIND,REMIND-MAgPIE 2.0-4.1,Diff,0,4,NA,2.1874331388240122,FALSE,FALSE,NA,NA,NA,REMIND-MAgPIE 2.0-4.1 | Diff | 2C
Full,R10REF_ECON,2C,headcount_pct,Deprived share,population-year-weighted mean % below the DLE threshold,TRUE,REMIND,REMIND-MAgPIE 2.1-4.2,CEMICS,0,3,NA,2.863218383360852,FALSE,FALSE,NA,NA,NA,REMIND-MAgPIE 2.1-4.2 | CEMICS | 2C
Full,R10REF_ECON,2C,headcount_pct,Deprived share,population-year-weighted mean % below the DLE threshold,TRUE,REMIND,REMIND-MAgPIE 2.1-4.2,ENGAGE,0,59,NA,2.4813585845298034,FALSE,FALSE,NA,NA,NA,REMIND-MAgPIE 2.1-4.2 | ENGAGE | 2C
Full,R10REF_ECON,2C,headcount_pct,Deprived share,population-year-weighted mean % below the DLE threshold,TRUE,REMIND,REMIND-MAgPIE 2.1-4.2,NGFS Phase 2,0,5,NA,3.6638813473665586,FALSE,FALSE,NA,NA,NA,REMIND-MAgPIE 2.1-4.2 | NGFS Phase 2 | 2C
Full,R10REF_ECON,2C,headcount_pct,Deprived share,population-year-weighted mean % below the DLE threshold,TRUE,REMIND,REMIND-MAgPIE 2.1-4.2,SusDev,0,3,NA,1.9946370477639717,FALSE,FALSE,NA,NA,NA,REMIND-MAgPIE 2.1-4.2 | SusDev | 2C
Full,R10REF_ECON,2C,headcount_pct,Deprived share,population-year-weighted mean % below the DLE threshold,TRUE,REMIND,REMIND-MAgPIE 2.1-4.3,DeepElectrification,0,3,NA,2.469052798712633,FALSE,FALSE,NA,NA,NA,REMIND-MAgPIE 2.1-4.3 | DeepElectrification | 2C
Full,R10REF_ECON,2C,headcount_pct,Deprived share,population-year-weighted mean % below the DLE threshold,TRUE,REMIND,REMIND-MAgPIE 3.2-4.6,SHAPE,0,2,NA,0.6813781595083687,FALSE,FALSE,NA,NA,NA,REMIND-MAgPIE 3.2-4.6 | SHAPE | 2C
Full,R10REF_ECON,2C,headcount_pct,Deprived share,population-year-weighted mean % below the DLE threshold,TRUE,REMIND,REMIND-MAgPIE 3.2.0-4.8.0,RESCUE,0,5,NA,1.3586070569815092,FALSE,FALSE,NA,NA,NA,REMIND-MAgPIE 3.2.0-4.8.0 | RESCUE | 2C
Full,R10REF_ECON,2C,headcount_pct,Deprived share,population-year-weighted mean % below the DLE threshold,TRUE,REMIND,REMIND-MAgPIE 3.3-4.8,NGFS Phase 5,0,5,NA,1.5200693453671097,FALSE,FALSE,NA,NA,NA,REMIND-MAgPIE 3.3-4.8 | NGFS Phase 5 | 2C
Full,R10REF_ECON,2C,headcount_pct,Deprived share,population-year-weighted mean % below the DLE threshold,TRUE,REMIND,REMIND-Transport 2.1,Transport,0,8,NA,3.424589919347623,FALSE,FALSE,NA,NA,NA,REMIND-Transport 2.1 | Transport | 2C
Full,R10REF_ECON,2C,headcount_pct,Deprived share,population-year-weighted mean % below the DLE threshold,TRUE,WITCH,WITCH 5.0,COMMIT,2,1,5.691052004281408,3.9551773858752934,TRUE,FALSE,1.7358746184061147,30.501823162048197,High-RE,WITCH 5.0 | COMMIT | 2C
Full,R10REF_ECON,2C,headcount_pct,Deprived share,population-year-weighted mean % below the DLE threshold,TRUE,WITCH,WITCH 5.0,ENGAGE,0,11,NA,4.146310082342932,FALSE,FALSE,NA,NA,NA,WITCH 5.0 | ENGAGE | 2C
Full,R10REF_ECON,2C,headcount_pct,Deprived share,population-year-weighted mean % below the DLE threshold,TRUE,WITCH,WITCH 5.0,NAVIGATE,0,4,NA,12.95638074362352,FALSE,FALSE,NA,NA,NA,WITCH 5.0 | NAVIGATE | 2C
Full,R10REF_ECON,2C,mortality_million_deaths,PM2.5 mortality,million cumulative PM2.5-attributable deaths,TRUE,AIM,AIM/CGE V2.2,ENGAGE,20,4,15.980225,15.78453,TRUE,TRUE,0.19569500000000062,1.2246072880701029,High-RE,AIM/CGE V2.2 | ENGAGE | 2C
Full,R10REF_ECON,2C,mortality_million_deaths,PM2.5 mortality,million cumulative PM2.5-attributable deaths,TRUE,GCAM,GCAM 6.0 NGFS,NGFS Phase 5,0,4,NA,16.1283125,FALSE,FALSE,NA,NA,NA,GCAM 6.0 NGFS | NGFS Phase 5 | 2C
Full,R10REF_ECON,2C,mortality_million_deaths,PM2.5 mortality,million cumulative PM2.5-attributable deaths,TRUE,GCAM,GCAM 7.0,IAM,3,0,16.892915,NA,FALSE,FALSE,NA,NA,NA,GCAM 7.0 | IAM | 2C
Full,R10REF_ECON,2C,mortality_million_deaths,PM2.5 mortality,million cumulative PM2.5-attributable deaths,TRUE,IMAGE,IMAGE 3.0,ENGAGE,20,0,14.68675,NA,FALSE,FALSE,NA,NA,NA,IMAGE 3.0 | ENGAGE | 2C
Full,R10REF_ECON,2C,mortality_million_deaths,PM2.5 mortality,million cumulative PM2.5-attributable deaths,TRUE,IMAGE,IMAGE 3.2,SSP2021,8,2,13.97114,13.8235675,TRUE,FALSE,0.14757250000000077,1.0562667040771245,High-RE,IMAGE 3.2 | SSP2021 | 2C
Full,R10REF_ECON,2C,mortality_million_deaths,PM2.5 mortality,million cumulative PM2.5-attributable deaths,TRUE,IMAGE,IMAGE 3.3,NAVIGATE,8,0,14.4063725,NA,FALSE,FALSE,NA,NA,NA,IMAGE 3.3 | NAVIGATE | 2C
Full,R10REF_ECON,2C,mortality_million_deaths,PM2.5 mortality,million cumulative PM2.5-attributable deaths,TRUE,MESSAGEix,MESSAGEix-GLOBIOM 1.1,ENGAGE,60,17,14.5046875,14.64907,TRUE,TRUE,-0.14438250000000075,-0.995419584186152,High-CDR,MESSAGEix-GLOBIOM 1.1 | ENGAGE | 2C
Full,R10REF_ECON,2C,mortality_million_deaths,PM2.5 mortality,million cumulative PM2.5-attributable deaths,TRUE,MESSAGEix,MESSAGEix-GLOBIOM 1.1,NGFS Phase 2,1,1,14.01515,14.3664,TRUE,FALSE,-0.3512500000000003,-2.5062164871585413,High-CDR,MESSAGEix-GLOBIOM 1.1 | NGFS Phase 2 | 2C
Full,R10REF_ECON,2C,mortality_million_deaths,PM2.5 mortality,million cumulative PM2.5-attributable deaths,TRUE,MESSAGEix,MESSAGEix-GLOBIOM 1.2,COVID,5,0,14.035665,NA,FALSE,FALSE,NA,NA,NA,MESSAGEix-GLOBIOM 1.2 | COVID | 2C
Full,R10REF_ECON,2C,mortality_million_deaths,PM2.5 mortality,million cumulative PM2.5-attributable deaths,TRUE,MESSAGEix,MESSAGEix-GLOBIOM 2.0-M-R12-NGFS,NGFS Phase 5,0,2,NA,14.922957499999999,FALSE,FALSE,NA,NA,NA,MESSAGEix-GLOBIOM 2.0-M-R12-NGFS | NGFS Phase 5 | 2C
Full,R10REF_ECON,2C,mortality_million_deaths,PM2.5 mortality,million cumulative PM2.5-attributable deaths,TRUE,MESSAGEix,MESSAGEix-GLOBIOM GEI 1.0,GEI,6,1,15.080214999999999,14.32845,TRUE,FALSE,0.7517649999999989,4.985107970940725,High-RE,MESSAGEix-GLOBIOM GEI 1.0 | GEI | 2C
Full,R10REF_ECON,2C,mortality_million_deaths,PM2.5 mortality,million cumulative PM2.5-attributable deaths,TRUE,POLES,POLES-JRC ENGAGE,ENGAGE,56,0,13.083675,NA,FALSE,FALSE,NA,NA,NA,POLES-JRC ENGAGE | ENGAGE | 2C
Full,R10REF_ECON,2C,mortality_million_deaths,PM2.5 mortality,million cumulative PM2.5-attributable deaths,TRUE,REMIND,REMIND 2.1,CEMICS,0,1,NA,13.39711,FALSE,FALSE,NA,NA,NA,REMIND 2.1 | CEMICS | 2C
Full,R10REF_ECON,2C,mortality_million_deaths,PM2.5 mortality,million cumulative PM2.5-attributable deaths,TRUE,REMIND,REMIND 2.1,LeastTotalCost,0,11,NA,13.1767,FALSE,FALSE,NA,NA,NA,REMIND 2.1 | LeastTotalCost | 2C
Full,R10REF_ECON,2C,mortality_million_deaths,PM2.5 mortality,million cumulative PM2.5-attributable deaths,TRUE,REMIND,REMIND 2.1,R2p1,0,8,NA,13.1555975,FALSE,FALSE,NA,NA,NA,REMIND 2.1 | R2p1 | 2C
Full,R10REF_ECON,2C,mortality_million_deaths,PM2.5 mortality,million cumulative PM2.5-attributable deaths,TRUE,REMIND,REMIND 2.1,TechCost,0,9,NA,13.13346,FALSE,FALSE,NA,NA,NA,REMIND 2.1 | TechCost | 2C
Full,R10REF_ECON,2C,mortality_million_deaths,PM2.5 mortality,million cumulative PM2.5-attributable deaths,TRUE,REMIND,REMIND 3.0,NAVIGATE,0,3,NA,13.449355,FALSE,FALSE,NA,NA,NA,REMIND 3.0 | NAVIGATE | 2C
Full,R10REF_ECON,2C,mortality_million_deaths,PM2.5 mortality,million cumulative PM2.5-attributable deaths,TRUE,REMIND,REMIND-MAgPIE 1.7-3.0,CD,0,5,NA,13.05644,FALSE,FALSE,NA,NA,NA,REMIND-MAgPIE 1.7-3.0 | CD | 2C
Full,R10REF_ECON,2C,mortality_million_deaths,PM2.5 mortality,million cumulative PM2.5-attributable deaths,TRUE,REMIND,REMIND-MAgPIE 1.7-3.0,COMMIT,0,4,NA,13.010575,FALSE,FALSE,NA,NA,NA,REMIND-MAgPIE 1.7-3.0 | COMMIT | 2C
Full,R10REF_ECON,2C,mortality_million_deaths,PM2.5 mortality,million cumulative PM2.5-attributable deaths,TRUE,REMIND,REMIND-MAgPIE 1.7-3.0,PEP,0,5,NA,12.963395,FALSE,FALSE,NA,NA,NA,REMIND-MAgPIE 1.7-3.0 | PEP | 2C
Full,R10REF_ECON,2C,mortality_million_deaths,PM2.5 mortality,million cumulative PM2.5-attributable deaths,TRUE,REMIND,REMIND-MAgPIE 2.1-4.2,CEMICS,0,1,NA,13.39301,FALSE,FALSE,NA,NA,NA,REMIND-MAgPIE 2.1-4.2 | CEMICS | 2C
Full,R10REF_ECON,2C,mortality_million_deaths,PM2.5 mortality,million cumulative PM2.5-attributable deaths,TRUE,REMIND,REMIND-MAgPIE 2.1-4.2,ENGAGE,0,59,NA,13.226735,FALSE,FALSE,NA,NA,NA,REMIND-MAgPIE 2.1-4.2 | ENGAGE | 2C
Full,R10REF_ECON,2C,mortality_million_deaths,PM2.5 mortality,million cumulative PM2.5-attributable deaths,TRUE,REMIND,REMIND-MAgPIE 2.1-4.2,NGFS Phase 2,0,2,NA,13.2621,FALSE,FALSE,NA,NA,NA,REMIND-MAgPIE 2.1-4.2 | NGFS Phase 2 | 2C
Full,R10REF_ECON,2C,mortality_million_deaths,PM2.5 mortality,million cumulative PM2.5-attributable deaths,TRUE,REMIND,REMIND-MAgPIE 2.1-4.2,SusDev,0,3,NA,13.282805,FALSE,FALSE,NA,NA,NA,REMIND-MAgPIE 2.1-4.2 | SusDev | 2C
Full,R10REF_ECON,2C,mortality_million_deaths,PM2.5 mortality,million cumulative PM2.5-attributable deaths,TRUE,REMIND,REMIND-MAgPIE 2.1-4.3,DeepElectrification,0,3,NA,13.16291,FALSE,FALSE,NA,NA,NA,REMIND-MAgPIE 2.1-4.3 | DeepElectrification | 2C
Full,R10REF_ECON,2C,mortality_million_deaths,PM2.5 mortality,million cumulative PM2.5-attributable deaths,TRUE,REMIND,REMIND-MAgPIE 3.2-4.6,SHAPE,0,2,NA,13.554465,FALSE,FALSE,NA,NA,NA,REMIND-MAgPIE 3.2-4.6 | SHAPE | 2C
Full,R10REF_ECON,2C,mortality_million_deaths,PM2.5 mortality,million cumulative PM2.5-attributable deaths,TRUE,REMIND,REMIND-MAgPIE 3.2.0-4.8.0,RESCUE,0,5,NA,13.36632,FALSE,FALSE,NA,NA,NA,REMIND-MAgPIE 3.2.0-4.8.0 | RESCUE | 2C
Full,R10REF_ECON,2C,mortality_million_deaths,PM2.5 mortality,million cumulative PM2.5-attributable deaths,TRUE,REMIND,REMIND-MAgPIE 3.3-4.8,NGFS Phase 5,0,5,NA,14.185625,FALSE,FALSE,NA,NA,NA,REMIND-MAgPIE 3.3-4.8 | NGFS Phase 5 | 2C
Full,R10REF_ECON,2C,mortality_million_deaths,PM2.5 mortality,million cumulative PM2.5-attributable deaths,TRUE,REMIND,REMIND-Transport 2.1,Transport,0,8,NA,13.11831,FALSE,FALSE,NA,NA,NA,REMIND-Transport 2.1 | Transport | 2C
Full,R10REF_ECON,2C,mortality_million_deaths,PM2.5 mortality,million cumulative PM2.5-attributable deaths,TRUE,WITCH,WITCH 5.0,COMMIT,2,1,16.2622775,16.109345,TRUE,FALSE,0.15293249999999858,0.9404125590649808,High-RE,WITCH 5.0 | COMMIT | 2C
Full,R10REF_ECON,2C,mortality_million_deaths,PM2.5 mortality,million cumulative PM2.5-attributable deaths,TRUE,WITCH,WITCH 5.0,ENGAGE,0,2,NA,16.746395,FALSE,FALSE,NA,NA,NA,WITCH 5.0 | ENGAGE | 2C
Full,R10REF_ECON,2C,mortality_million_deaths,PM2.5 mortality,million cumulative PM2.5-attributable deaths,TRUE,WITCH,WITCH 5.0,NAVIGATE,0,4,NA,15.880695,FALSE,FALSE,NA,NA,NA,WITCH 5.0 | NAVIGATE | 2C
Full,R10REF_ECON,2C,total_energy_jobyears_per_1k,Employment,"total energy-sector job-years per 1,000 people",FALSE,AIM,AIM/CGE V2.2,ENGAGE,20,11,2027.8415486502547,1859.0158626822938,TRUE,TRUE,-168.8256859679609,-8.325388444690486,High-CDR,AIM/CGE V2.2 | ENGAGE | 2C
Full,R10REF_ECON,2C,total_energy_jobyears_per_1k,Employment,"total energy-sector job-years per 1,000 people",FALSE,COFFEE,COFFEE 1.1,ENGAGE,0,8,NA,1038.3516030384683,FALSE,FALSE,NA,NA,NA,COFFEE 1.1 | ENGAGE | 2C
Full,R10REF_ECON,2C,total_energy_jobyears_per_1k,Employment,"total energy-sector job-years per 1,000 people",FALSE,GCAM,GCAM 6.0 NGFS,NGFS Phase 5,0,4,NA,947.136675563105,FALSE,FALSE,NA,NA,NA,GCAM 6.0 NGFS | NGFS Phase 5 | 2C
Full,R10REF_ECON,2C,total_energy_jobyears_per_1k,Employment,"total energy-sector job-years per 1,000 people",FALSE,GCAM,GCAM 7.0,IAM,3,0,946.4758840255796,NA,FALSE,FALSE,NA,NA,NA,GCAM 7.0 | IAM | 2C
Full,R10REF_ECON,2C,total_energy_jobyears_per_1k,Employment,"total energy-sector job-years per 1,000 people",FALSE,IMAGE,IMAGE 3.0,COMMIT,3,0,625.6385708922598,NA,FALSE,FALSE,NA,NA,NA,IMAGE 3.0 | COMMIT | 2C
Full,R10REF_ECON,2C,total_energy_jobyears_per_1k,Employment,"total energy-sector job-years per 1,000 people",FALSE,IMAGE,IMAGE 3.0,ENGAGE,20,0,1031.5910023090255,NA,FALSE,FALSE,NA,NA,NA,IMAGE 3.0 | ENGAGE | 2C
Full,R10REF_ECON,2C,total_energy_jobyears_per_1k,Employment,"total energy-sector job-years per 1,000 people",FALSE,IMAGE,IMAGE 3.2,ENGAGE,9,0,528.6756153947374,NA,FALSE,FALSE,NA,NA,NA,IMAGE 3.2 | ENGAGE | 2C
Full,R10REF_ECON,2C,total_energy_jobyears_per_1k,Employment,"total energy-sector job-years per 1,000 people",FALSE,IMAGE,IMAGE 3.2,SSP2021,8,2,723.3949863267972,1005.0993023409857,TRUE,FALSE,281.7043160141885,38.94197794272896,High-RE,IMAGE 3.2 | SSP2021 | 2C
Full,R10REF_ECON,2C,total_energy_jobyears_per_1k,Employment,"total energy-sector job-years per 1,000 people",FALSE,IMAGE,IMAGE 3.3,NAVIGATE,8,0,631.8835842619889,NA,FALSE,FALSE,NA,NA,NA,IMAGE 3.3 | NAVIGATE | 2C
Full,R10REF_ECON,2C,total_energy_jobyears_per_1k,Employment,"total energy-sector job-years per 1,000 people",FALSE,MESSAGEix,MESSAGEix-GLOBIOM 1.1,ENGAGE,62,20,759.7838798100885,937.40054765858,TRUE,TRUE,177.6166678484915,23.377261951502263,High-RE,MESSAGEix-GLOBIOM 1.1 | ENGAGE | 2C
Full,R10REF_ECON,2C,total_energy_jobyears_per_1k,Employment,"total energy-sector job-years per 1,000 people",FALSE,MESSAGEix,MESSAGEix-GLOBIOM 1.1,NGFS Phase 2,1,1,693.8279447675633,933.6262121545295,TRUE,FALSE,239.79826738696624,34.56163292288554,High-RE,MESSAGEix-GLOBIOM 1.1 | NGFS Phase 2 | 2C
Full,R10REF_ECON,2C,total_energy_jobyears_per_1k,Employment,"total energy-sector job-years per 1,000 people",FALSE,MESSAGEix,MESSAGEix-GLOBIOM 1.2,COVID,5,0,9.091630110728525,NA,FALSE,FALSE,NA,NA,NA,MESSAGEix-GLOBIOM 1.2 | COVID | 2C
Full,R10REF_ECON,2C,total_energy_jobyears_per_1k,Employment,"total energy-sector job-years per 1,000 people",FALSE,MESSAGEix,MESSAGEix-GLOBIOM 2.0-M-R12-NGFS,NGFS Phase 5,0,2,NA,611.2201673196245,FALSE,FALSE,NA,NA,NA,MESSAGEix-GLOBIOM 2.0-M-R12-NGFS | NGFS Phase 5 | 2C
Full,R10REF_ECON,2C,total_energy_jobyears_per_1k,Employment,"total energy-sector job-years per 1,000 people",FALSE,MESSAGEix,MESSAGEix-GLOBIOM GEI 1.0,GEI,6,1,715.5391248609155,624.2915966969043,TRUE,FALSE,-91.24752816401121,-12.75227656932773,High-CDR,MESSAGEix-GLOBIOM GEI 1.0 | GEI | 2C
Full,R10REF_ECON,2C,total_energy_jobyears_per_1k,Employment,"total energy-sector job-years per 1,000 people",FALSE,POLES,POLES-JRC ENGAGE,ENGAGE,56,8,796.1104810802987,729.8761131063341,TRUE,TRUE,-66.2343679739646,-8.319745757408757,High-CDR,POLES-JRC ENGAGE | ENGAGE | 2C
Full,R10REF_ECON,2C,total_energy_jobyears_per_1k,Employment,"total energy-sector job-years per 1,000 people",FALSE,REMIND,REMIND 2.1,CEMICS,0,5,NA,984.8969606103042,FALSE,FALSE,NA,NA,NA,REMIND 2.1 | CEMICS | 2C
Full,R10REF_ECON,2C,total_energy_jobyears_per_1k,Employment,"total energy-sector job-years per 1,000 people",FALSE,REMIND,REMIND 2.1,LeastTotalCost,0,11,NA,912.6155247718648,FALSE,FALSE,NA,NA,NA,REMIND 2.1 | LeastTotalCost | 2C
Full,R10REF_ECON,2C,total_energy_jobyears_per_1k,Employment,"total energy-sector job-years per 1,000 people",FALSE,REMIND,REMIND 2.1,R2p1,0,8,NA,802.790642648157,FALSE,FALSE,NA,NA,NA,REMIND 2.1 | R2p1 | 2C
Full,R10REF_ECON,2C,total_energy_jobyears_per_1k,Employment,"total energy-sector job-years per 1,000 people",FALSE,REMIND,REMIND 2.1,TechCost,0,9,NA,1004.285463521826,FALSE,FALSE,NA,NA,NA,REMIND 2.1 | TechCost | 2C
Full,R10REF_ECON,2C,total_energy_jobyears_per_1k,Employment,"total energy-sector job-years per 1,000 people",FALSE,REMIND,REMIND 3.0,ENGAGE,0,14,NA,862.638336279512,FALSE,FALSE,NA,NA,NA,REMIND 3.0 | ENGAGE | 2C
Full,R10REF_ECON,2C,total_energy_jobyears_per_1k,Employment,"total energy-sector job-years per 1,000 people",FALSE,REMIND,REMIND 3.0,NAVIGATE,0,7,NA,745.6826627480934,FALSE,FALSE,NA,NA,NA,REMIND 3.0 | NAVIGATE | 2C
Full,R10REF_ECON,2C,total_energy_jobyears_per_1k,Employment,"total energy-sector job-years per 1,000 people",FALSE,REMIND,REMIND-MAgPIE 1.7-3.0,CD,0,5,NA,456.58988798108805,FALSE,FALSE,NA,NA,NA,REMIND-MAgPIE 1.7-3.0 | CD | 2C
Full,R10REF_ECON,2C,total_energy_jobyears_per_1k,Employment,"total energy-sector job-years per 1,000 people",FALSE,REMIND,REMIND-MAgPIE 1.7-3.0,COMMIT,0,4,NA,438.2489324604826,FALSE,FALSE,NA,NA,NA,REMIND-MAgPIE 1.7-3.0 | COMMIT | 2C
Full,R10REF_ECON,2C,total_energy_jobyears_per_1k,Employment,"total energy-sector job-years per 1,000 people",FALSE,REMIND,REMIND-MAgPIE 1.7-3.0,PEP,0,5,NA,439.42757004200126,FALSE,FALSE,NA,NA,NA,REMIND-MAgPIE 1.7-3.0 | PEP | 2C
Full,R10REF_ECON,2C,total_energy_jobyears_per_1k,Employment,"total energy-sector job-years per 1,000 people",FALSE,REMIND,REMIND-MAgPIE 2.0-4.1,Diff,0,4,NA,859.2949618349481,FALSE,FALSE,NA,NA,NA,REMIND-MAgPIE 2.0-4.1 | Diff | 2C
Full,R10REF_ECON,2C,total_energy_jobyears_per_1k,Employment,"total energy-sector job-years per 1,000 people",FALSE,REMIND,REMIND-MAgPIE 2.1-4.2,CEMICS,0,3,NA,902.3060990240814,FALSE,FALSE,NA,NA,NA,REMIND-MAgPIE 2.1-4.2 | CEMICS | 2C
Full,R10REF_ECON,2C,total_energy_jobyears_per_1k,Employment,"total energy-sector job-years per 1,000 people",FALSE,REMIND,REMIND-MAgPIE 2.1-4.2,ENGAGE,0,59,NA,883.0190818374372,FALSE,FALSE,NA,NA,NA,REMIND-MAgPIE 2.1-4.2 | ENGAGE | 2C
Full,R10REF_ECON,2C,total_energy_jobyears_per_1k,Employment,"total energy-sector job-years per 1,000 people",FALSE,REMIND,REMIND-MAgPIE 2.1-4.2,NGFS Phase 2,0,5,NA,626.0808078375187,FALSE,FALSE,NA,NA,NA,REMIND-MAgPIE 2.1-4.2 | NGFS Phase 2 | 2C
Full,R10REF_ECON,2C,total_energy_jobyears_per_1k,Employment,"total energy-sector job-years per 1,000 people",FALSE,REMIND,REMIND-MAgPIE 2.1-4.2,SusDev,0,3,NA,639.8588099744311,FALSE,FALSE,NA,NA,NA,REMIND-MAgPIE 2.1-4.2 | SusDev | 2C
Full,R10REF_ECON,2C,total_energy_jobyears_per_1k,Employment,"total energy-sector job-years per 1,000 people",FALSE,REMIND,REMIND-MAgPIE 2.1-4.3,DeepElectrification,0,3,NA,1003.3353459952908,FALSE,FALSE,NA,NA,NA,REMIND-MAgPIE 2.1-4.3 | DeepElectrification | 2C
Full,R10REF_ECON,2C,total_energy_jobyears_per_1k,Employment,"total energy-sector job-years per 1,000 people",FALSE,REMIND,REMIND-MAgPIE 3.2-4.6,SHAPE,0,2,NA,756.2470162825481,FALSE,FALSE,NA,NA,NA,REMIND-MAgPIE 3.2-4.6 | SHAPE | 2C
Full,R10REF_ECON,2C,total_energy_jobyears_per_1k,Employment,"total energy-sector job-years per 1,000 people",FALSE,REMIND,REMIND-MAgPIE 3.2.0-4.8.0,RESCUE,0,5,NA,1412.6579893659343,FALSE,FALSE,NA,NA,NA,REMIND-MAgPIE 3.2.0-4.8.0 | RESCUE | 2C
Full,R10REF_ECON,2C,total_energy_jobyears_per_1k,Employment,"total energy-sector job-years per 1,000 people",FALSE,REMIND,REMIND-MAgPIE 3.3-4.8,NGFS Phase 5,0,5,NA,889.9718670267285,FALSE,FALSE,NA,NA,NA,REMIND-MAgPIE 3.3-4.8 | NGFS Phase 5 | 2C
Full,R10REF_ECON,2C,total_energy_jobyears_per_1k,Employment,"total energy-sector job-years per 1,000 people",FALSE,REMIND,REMIND-Transport 2.1,Transport,0,8,NA,884.8383410282061,FALSE,FALSE,NA,NA,NA,REMIND-Transport 2.1 | Transport | 2C
Full,R10REF_ECON,2C,total_energy_jobyears_per_1k,Employment,"total energy-sector job-years per 1,000 people",FALSE,TIAM,TIAM-ECN 1.1,ENGAGE,12,0,224.5913192748883,NA,FALSE,FALSE,NA,NA,NA,TIAM-ECN 1.1 | ENGAGE | 2C
Full,R10REF_ECON,2C,total_energy_jobyears_per_1k,Employment,"total energy-sector job-years per 1,000 people",FALSE,WITCH,WITCH 5.0,COMMIT,2,1,2206.6690235659107,4514.743980125479,TRUE,FALSE,2308.074956559568,104.5954301216314,High-RE,WITCH 5.0 | COMMIT | 2C
Full,R10REF_ECON,2C,total_energy_jobyears_per_1k,Employment,"total energy-sector job-years per 1,000 people",FALSE,WITCH,WITCH 5.0,ENGAGE,0,11,NA,937.4225989583459,FALSE,FALSE,NA,NA,NA,WITCH 5.0 | ENGAGE | 2C
Full,R10REF_ECON,2C,total_energy_jobyears_per_1k,Employment,"total energy-sector job-years per 1,000 people",FALSE,WITCH,WITCH 5.0,NAVIGATE,0,4,NA,785.9700301155056,FALSE,FALSE,NA,NA,NA,WITCH 5.0 | NAVIGATE | 2C
Full,R10REST_ASIA,1.5C,gap_GJ_pc,DLE gap,GJ per capita of cumulative DLE gap,TRUE,AIM,AIM/CGE V2.2,ENGAGE,1,3,38.33703723635538,29.466468760985627,TRUE,FALSE,8.870568475369751,23.138377701649063,High-RE,AIM/CGE V2.2 | ENGAGE | 1.5C
Full,R10REST_ASIA,1.5C,gap_GJ_pc,DLE gap,GJ per capita of cumulative DLE gap,TRUE,GCAM,GCAM 5.3,Deep,7,0,28.13374485950927,NA,FALSE,FALSE,NA,NA,NA,GCAM 5.3 | Deep | 1.5C
Full,R10REST_ASIA,1.5C,gap_GJ_pc,DLE gap,GJ per capita of cumulative DLE gap,TRUE,GCAM,GCAM 6.0 NGFS,NGFS Phase 5,0,1,NA,37.00339941401515,FALSE,FALSE,NA,NA,NA,GCAM 6.0 NGFS | NGFS Phase 5 | 1.5C
Full,R10REST_ASIA,1.5C,gap_GJ_pc,DLE gap,GJ per capita of cumulative DLE gap,TRUE,IMAGE,IMAGE 3.2,SSP2021,12,0,30.7601545394455,NA,FALSE,FALSE,NA,NA,NA,IMAGE 3.2 | SSP2021 | 1.5C
Full,R10REST_ASIA,1.5C,gap_GJ_pc,DLE gap,GJ per capita of cumulative DLE gap,TRUE,IMAGE,IMAGE 3.3,GEO7,2,0,9.728152706531674,NA,FALSE,FALSE,NA,NA,NA,IMAGE 3.3 | GEO7 | 1.5C
Full,R10REST_ASIA,1.5C,gap_GJ_pc,DLE gap,GJ per capita of cumulative DLE gap,TRUE,IMAGE,IMAGE 3.3,SHAPE,9,0,8.0916608212706,NA,FALSE,FALSE,NA,NA,NA,IMAGE 3.3 | SHAPE | 1.5C
Full,R10REST_ASIA,1.5C,gap_GJ_pc,DLE gap,GJ per capita of cumulative DLE gap,TRUE,MESSAGEix,MESSAGEix-GLOBIOM 1.1,ENGAGE,13,0,2.826176313581429,NA,FALSE,FALSE,NA,NA,NA,MESSAGEix-GLOBIOM 1.1 | ENGAGE | 1.5C
Full,R10REST_ASIA,1.5C,gap_GJ_pc,DLE gap,GJ per capita of cumulative DLE gap,TRUE,MESSAGEix,MESSAGEix-GLOBIOM 1.1,NGFS Phase 2,1,0,3.593543133103927,NA,FALSE,FALSE,NA,NA,NA,MESSAGEix-GLOBIOM 1.1 | NGFS Phase 2 | 1.5C
Full,R10REST_ASIA,1.5C,gap_GJ_pc,DLE gap,GJ per capita of cumulative DLE gap,TRUE,MESSAGEix,MESSAGEix-GLOBIOM 1.2,COVID,5,0,3.7357684749973585,NA,FALSE,FALSE,NA,NA,NA,MESSAGEix-GLOBIOM 1.2 | COVID | 1.5C
Full,R10REST_ASIA,1.5C,gap_GJ_pc,DLE gap,GJ per capita of cumulative DLE gap,TRUE,MESSAGEix,MESSAGEix-GLOBIOM GEI 1.0,GEI,6,3,1.5420643702520156,1.581197144497987,TRUE,TRUE,-0.0391327742459715,-2.537687466287554,High-CDR,MESSAGEix-GLOBIOM GEI 1.0 | GEI | 1.5C
Full,R10REST_ASIA,1.5C,gap_GJ_pc,DLE gap,GJ per capita of cumulative DLE gap,TRUE,POLES,POLES-JRC ENGAGE,ENGAGE,4,1,14.138330152882057,14.467897130978033,TRUE,FALSE,-0.32956697809597557,-2.331017698216605,High-CDR,POLES-JRC ENGAGE | ENGAGE | 1.5C
Full,R10REST_ASIA,1.5C,gap_GJ_pc,DLE gap,GJ per capita of cumulative DLE gap,TRUE,REMIND,REMIND 2.1,CEMICS,0,4,NA,23.653387556786917,FALSE,FALSE,NA,NA,NA,REMIND 2.1 | CEMICS | 1.5C
Full,R10REST_ASIA,1.5C,gap_GJ_pc,DLE gap,GJ per capita of cumulative DLE gap,TRUE,REMIND,REMIND 2.1,R2p1,0,2,NA,18.344942359031634,FALSE,FALSE,NA,NA,NA,REMIND 2.1 | R2p1 | 1.5C
Full,R10REST_ASIA,1.5C,gap_GJ_pc,DLE gap,GJ per capita of cumulative DLE gap,TRUE,REMIND,REMIND 3.0,ENGAGE,0,2,NA,29.38611515608497,FALSE,FALSE,NA,NA,NA,REMIND 3.0 | ENGAGE | 1.5C
Full,R10REST_ASIA,1.5C,gap_GJ_pc,DLE gap,GJ per capita of cumulative DLE gap,TRUE,REMIND,REMIND 3.0,NAVIGATE,1,0,34.47392118121556,NA,FALSE,FALSE,NA,NA,NA,REMIND 3.0 | NAVIGATE | 1.5C
Full,R10REST_ASIA,1.5C,gap_GJ_pc,DLE gap,GJ per capita of cumulative DLE gap,TRUE,REMIND,REMIND-Buildings 2.0,BEG,0,2,NA,30.360335304075132,FALSE,FALSE,NA,NA,NA,REMIND-Buildings 2.0 | BEG | 1.5C
Full,R10REST_ASIA,1.5C,gap_GJ_pc,DLE gap,GJ per capita of cumulative DLE gap,TRUE,REMIND,REMIND-MAgPIE 1.7-3.0,CD,0,4,NA,14.59009087843075,FALSE,FALSE,NA,NA,NA,REMIND-MAgPIE 1.7-3.0 | CD | 1.5C
Full,R10REST_ASIA,1.5C,gap_GJ_pc,DLE gap,GJ per capita of cumulative DLE gap,TRUE,REMIND,REMIND-MAgPIE 1.7-3.0,COMMIT,0,3,NA,12.451629592621588,FALSE,FALSE,NA,NA,NA,REMIND-MAgPIE 1.7-3.0 | COMMIT | 1.5C
Full,R10REST_ASIA,1.5C,gap_GJ_pc,DLE gap,GJ per capita of cumulative DLE gap,TRUE,REMIND,REMIND-MAgPIE 1.7-3.0,PEP,0,13,NA,13.794736688676148,FALSE,FALSE,NA,NA,NA,REMIND-MAgPIE 1.7-3.0 | PEP | 1.5C
Full,R10REST_ASIA,1.5C,gap_GJ_pc,DLE gap,GJ per capita of cumulative DLE gap,TRUE,REMIND,REMIND-MAgPIE 2.1-4.2,CEMICS,0,3,NA,25.003902608572457,FALSE,FALSE,NA,NA,NA,REMIND-MAgPIE 2.1-4.2 | CEMICS | 1.5C
Full,R10REST_ASIA,1.5C,gap_GJ_pc,DLE gap,GJ per capita of cumulative DLE gap,TRUE,REMIND,REMIND-MAgPIE 2.1-4.2,ENGAGE,0,19,NA,22.671319486069233,FALSE,FALSE,NA,NA,NA,REMIND-MAgPIE 2.1-4.2 | ENGAGE | 1.5C
Full,R10REST_ASIA,1.5C,gap_GJ_pc,DLE gap,GJ per capita of cumulative DLE gap,TRUE,REMIND,REMIND-MAgPIE 2.1-4.2,SusDev,0,2,NA,21.543781648672176,FALSE,FALSE,NA,NA,NA,REMIND-MAgPIE 2.1-4.2 | SusDev | 1.5C
Full,R10REST_ASIA,1.5C,gap_GJ_pc,DLE gap,GJ per capita of cumulative DLE gap,TRUE,REMIND,REMIND-MAgPIE 2.1-4.3,DeepElectrification,0,1,NA,16.016503384185473,FALSE,FALSE,NA,NA,NA,REMIND-MAgPIE 2.1-4.3 | DeepElectrification | 1.5C
Full,R10REST_ASIA,1.5C,gap_GJ_pc,DLE gap,GJ per capita of cumulative DLE gap,TRUE,REMIND,REMIND-MAgPIE 3.2.0-4.8.0,RESCUE,0,3,NA,17.140555627720868,FALSE,FALSE,NA,NA,NA,REMIND-MAgPIE 3.2.0-4.8.0 | RESCUE | 1.5C
Full,R10REST_ASIA,1.5C,gap_GJ_pc,DLE gap,GJ per capita of cumulative DLE gap,TRUE,REMIND,REMIND-MAgPIE 3.3-4.8,NGFS Phase 5,0,1,NA,21.661306200118588,FALSE,FALSE,NA,NA,NA,REMIND-MAgPIE 3.3-4.8 | NGFS Phase 5 | 1.5C
Full,R10REST_ASIA,1.5C,gap_GJ_pc,DLE gap,GJ per capita of cumulative DLE gap,TRUE,WITCH,WITCH 5.0,ENGAGE,6,0,111.60436681367042,NA,FALSE,FALSE,NA,NA,NA,WITCH 5.0 | ENGAGE | 1.5C
Full,R10REST_ASIA,1.5C,headcount_pct,Deprived share,population-year-weighted mean % below the DLE threshold,TRUE,AIM,AIM/CGE V2.2,ENGAGE,1,3,9.818723112657748,7.906329122841663,TRUE,FALSE,1.9123939898160858,19.477013129647524,High-RE,AIM/CGE V2.2 | ENGAGE | 1.5C
Full,R10REST_ASIA,1.5C,headcount_pct,Deprived share,population-year-weighted mean % below the DLE threshold,TRUE,GCAM,GCAM 5.3,Deep,7,0,6.469761397988735,NA,FALSE,FALSE,NA,NA,NA,GCAM 5.3 | Deep | 1.5C
Full,R10REST_ASIA,1.5C,headcount_pct,Deprived share,population-year-weighted mean % below the DLE threshold,TRUE,GCAM,GCAM 6.0 NGFS,NGFS Phase 5,0,1,NA,8.706664991627758,FALSE,FALSE,NA,NA,NA,GCAM 6.0 NGFS | NGFS Phase 5 | 1.5C
Full,R10REST_ASIA,1.5C,headcount_pct,Deprived share,population-year-weighted mean % below the DLE threshold,TRUE,IMAGE,IMAGE 3.2,SSP2021,12,0,8.227237158504806,NA,FALSE,FALSE,NA,NA,NA,IMAGE 3.2 | SSP2021 | 1.5C
Full,R10REST_ASIA,1.5C,headcount_pct,Deprived share,population-year-weighted mean % below the DLE threshold,TRUE,IMAGE,IMAGE 3.3,GEO7,2,0,6.0682540326117005,NA,FALSE,FALSE,NA,NA,NA,IMAGE 3.3 | GEO7 | 1.5C
Full,R10REST_ASIA,1.5C,headcount_pct,Deprived share,population-year-weighted mean % below the DLE threshold,TRUE,IMAGE,IMAGE 3.3,SHAPE,9,0,4.185606553100593,NA,FALSE,FALSE,NA,NA,NA,IMAGE 3.3 | SHAPE | 1.5C
Full,R10REST_ASIA,1.5C,headcount_pct,Deprived share,population-year-weighted mean % below the DLE threshold,TRUE,MESSAGEix,MESSAGEix-GLOBIOM 1.1,ENGAGE,13,0,1.7757325159630857,NA,FALSE,FALSE,NA,NA,NA,MESSAGEix-GLOBIOM 1.1 | ENGAGE | 1.5C
Full,R10REST_ASIA,1.5C,headcount_pct,Deprived share,population-year-weighted mean % below the DLE threshold,TRUE,MESSAGEix,MESSAGEix-GLOBIOM 1.1,NGFS Phase 2,1,0,2.1931398990201334,NA,FALSE,FALSE,NA,NA,NA,MESSAGEix-GLOBIOM 1.1 | NGFS Phase 2 | 1.5C
Full,R10REST_ASIA,1.5C,headcount_pct,Deprived share,population-year-weighted mean % below the DLE threshold,TRUE,MESSAGEix,MESSAGEix-GLOBIOM 1.2,COVID,5,0,2.299027439641378,NA,FALSE,FALSE,NA,NA,NA,MESSAGEix-GLOBIOM 1.2 | COVID | 1.5C
Full,R10REST_ASIA,1.5C,headcount_pct,Deprived share,population-year-weighted mean % below the DLE threshold,TRUE,MESSAGEix,MESSAGEix-GLOBIOM GEI 1.0,GEI,6,3,0.9727747691152505,1.002912090107549,TRUE,TRUE,-0.03013732099229849,-3.0980779877451714,High-CDR,MESSAGEix-GLOBIOM GEI 1.0 | GEI | 1.5C
Full,R10REST_ASIA,1.5C,headcount_pct,Deprived share,population-year-weighted mean % below the DLE threshold,TRUE,POLES,POLES-JRC ENGAGE,ENGAGE,4,1,8.079163338554412,6.610099537880562,TRUE,FALSE,1.4690638006738501,18.18336551834966,High-RE,POLES-JRC ENGAGE | ENGAGE | 1.5C
Full,R10REST_ASIA,1.5C,headcount_pct,Deprived share,population-year-weighted mean % below the DLE threshold,TRUE,REMIND,REMIND 2.1,CEMICS,0,4,NA,5.854612999687635,FALSE,FALSE,NA,NA,NA,REMIND 2.1 | CEMICS | 1.5C
Full,R10REST_ASIA,1.5C,headcount_pct,Deprived share,population-year-weighted mean % below the DLE threshold,TRUE,REMIND,REMIND 2.1,R2p1,0,2,NA,4.684753442450363,FALSE,FALSE,NA,NA,NA,REMIND 2.1 | R2p1 | 1.5C
Full,R10REST_ASIA,1.5C,headcount_pct,Deprived share,population-year-weighted mean % below the DLE threshold,TRUE,REMIND,REMIND 3.0,ENGAGE,0,2,NA,7.298235828814942,FALSE,FALSE,NA,NA,NA,REMIND 3.0 | ENGAGE | 1.5C
Full,R10REST_ASIA,1.5C,headcount_pct,Deprived share,population-year-weighted mean % below the DLE threshold,TRUE,REMIND,REMIND 3.0,NAVIGATE,1,0,9.976743745029186,NA,FALSE,FALSE,NA,NA,NA,REMIND 3.0 | NAVIGATE | 1.5C
Full,R10REST_ASIA,1.5C,headcount_pct,Deprived share,population-year-weighted mean % below the DLE threshold,TRUE,REMIND,REMIND-Buildings 2.0,BEG,0,2,NA,6.822038465161499,FALSE,FALSE,NA,NA,NA,REMIND-Buildings 2.0 | BEG | 1.5C
Full,R10REST_ASIA,1.5C,headcount_pct,Deprived share,population-year-weighted mean % below the DLE threshold,TRUE,REMIND,REMIND-MAgPIE 1.7-3.0,CD,0,4,NA,3.635109718269222,FALSE,FALSE,NA,NA,NA,REMIND-MAgPIE 1.7-3.0 | CD | 1.5C
Full,R10REST_ASIA,1.5C,headcount_pct,Deprived share,population-year-weighted mean % below the DLE threshold,TRUE,REMIND,REMIND-MAgPIE 1.7-3.0,COMMIT,0,3,NA,3.14414039139716,FALSE,FALSE,NA,NA,NA,REMIND-MAgPIE 1.7-3.0 | COMMIT | 1.5C
Full,R10REST_ASIA,1.5C,headcount_pct,Deprived share,population-year-weighted mean % below the DLE threshold,TRUE,REMIND,REMIND-MAgPIE 1.7-3.0,PEP,0,13,NA,3.675612743312618,FALSE,FALSE,NA,NA,NA,REMIND-MAgPIE 1.7-3.0 | PEP | 1.5C
Full,R10REST_ASIA,1.5C,headcount_pct,Deprived share,population-year-weighted mean % below the DLE threshold,TRUE,REMIND,REMIND-MAgPIE 2.1-4.2,CEMICS,0,3,NA,6.890605811777806,FALSE,FALSE,NA,NA,NA,REMIND-MAgPIE 2.1-4.2 | CEMICS | 1.5C
Full,R10REST_ASIA,1.5C,headcount_pct,Deprived share,population-year-weighted mean % below the DLE threshold,TRUE,REMIND,REMIND-MAgPIE 2.1-4.2,ENGAGE,0,19,NA,5.5404630923592535,FALSE,FALSE,NA,NA,NA,REMIND-MAgPIE 2.1-4.2 | ENGAGE | 1.5C
Full,R10REST_ASIA,1.5C,headcount_pct,Deprived share,population-year-weighted mean % below the DLE threshold,TRUE,REMIND,REMIND-MAgPIE 2.1-4.2,SusDev,0,2,NA,5.787201704537204,FALSE,FALSE,NA,NA,NA,REMIND-MAgPIE 2.1-4.2 | SusDev | 1.5C
Full,R10REST_ASIA,1.5C,headcount_pct,Deprived share,population-year-weighted mean % below the DLE threshold,TRUE,REMIND,REMIND-MAgPIE 2.1-4.3,DeepElectrification,0,1,NA,4.6123013918190425,FALSE,FALSE,NA,NA,NA,REMIND-MAgPIE 2.1-4.3 | DeepElectrification | 1.5C
Full,R10REST_ASIA,1.5C,headcount_pct,Deprived share,population-year-weighted mean % below the DLE threshold,TRUE,REMIND,REMIND-MAgPIE 3.2.0-4.8.0,RESCUE,0,3,NA,4.379709453147808,FALSE,FALSE,NA,NA,NA,REMIND-MAgPIE 3.2.0-4.8.0 | RESCUE | 1.5C
Full,R10REST_ASIA,1.5C,headcount_pct,Deprived share,population-year-weighted mean % below the DLE threshold,TRUE,REMIND,REMIND-MAgPIE 3.3-4.8,NGFS Phase 5,0,1,NA,5.561323633980708,FALSE,FALSE,NA,NA,NA,REMIND-MAgPIE 3.3-4.8 | NGFS Phase 5 | 1.5C
Full,R10REST_ASIA,1.5C,headcount_pct,Deprived share,population-year-weighted mean % below the DLE threshold,TRUE,WITCH,WITCH 5.0,ENGAGE,6,0,26.865915906522478,NA,FALSE,FALSE,NA,NA,NA,WITCH 5.0 | ENGAGE | 1.5C
Full,R10REST_ASIA,1.5C,mortality_million_deaths,PM2.5 mortality,million cumulative PM2.5-attributable deaths,TRUE,AIM,AIM/CGE V2.2,ENGAGE,1,0,59.838225,NA,FALSE,FALSE,NA,NA,NA,AIM/CGE V2.2 | ENGAGE | 1.5C
Full,R10REST_ASIA,1.5C,mortality_million_deaths,PM2.5 mortality,million cumulative PM2.5-attributable deaths,TRUE,GCAM,GCAM 6.0 NGFS,NGFS Phase 5,0,1,NA,57.6864,FALSE,FALSE,NA,NA,NA,GCAM 6.0 NGFS | NGFS Phase 5 | 1.5C
Full,R10REST_ASIA,1.5C,mortality_million_deaths,PM2.5 mortality,million cumulative PM2.5-attributable deaths,TRUE,IMAGE,IMAGE 3.2,SSP2021,12,0,67.67591250000001,NA,FALSE,FALSE,NA,NA,NA,IMAGE 3.2 | SSP2021 | 1.5C
Full,R10REST_ASIA,1.5C,mortality_million_deaths,PM2.5 mortality,million cumulative PM2.5-attributable deaths,TRUE,IMAGE,IMAGE 3.3,GEO7,2,0,59.672772499999994,NA,FALSE,FALSE,NA,NA,NA,IMAGE 3.3 | GEO7 | 1.5C
Full,R10REST_ASIA,1.5C,mortality_million_deaths,PM2.5 mortality,million cumulative PM2.5-attributable deaths,TRUE,IMAGE,IMAGE 3.3,SHAPE,9,0,61.039785,NA,FALSE,FALSE,NA,NA,NA,IMAGE 3.3 | SHAPE | 1.5C
Full,R10REST_ASIA,1.5C,mortality_million_deaths,PM2.5 mortality,million cumulative PM2.5-attributable deaths,TRUE,MESSAGEix,MESSAGEix-GLOBIOM 1.1,ENGAGE,11,0,55.63472,NA,FALSE,FALSE,NA,NA,NA,MESSAGEix-GLOBIOM 1.1 | ENGAGE | 1.5C
Full,R10REST_ASIA,1.5C,mortality_million_deaths,PM2.5 mortality,million cumulative PM2.5-attributable deaths,TRUE,MESSAGEix,MESSAGEix-GLOBIOM 1.1,NGFS Phase 2,1,0,56.056065,NA,FALSE,FALSE,NA,NA,NA,MESSAGEix-GLOBIOM 1.1 | NGFS Phase 2 | 1.5C
Full,R10REST_ASIA,1.5C,mortality_million_deaths,PM2.5 mortality,million cumulative PM2.5-attributable deaths,TRUE,MESSAGEix,MESSAGEix-GLOBIOM 1.2,COVID,5,0,55.375105,NA,FALSE,FALSE,NA,NA,NA,MESSAGEix-GLOBIOM 1.2 | COVID | 1.5C
Full,R10REST_ASIA,1.5C,mortality_million_deaths,PM2.5 mortality,million cumulative PM2.5-attributable deaths,TRUE,MESSAGEix,MESSAGEix-GLOBIOM GEI 1.0,GEI,6,3,54.2331875,52.691985,TRUE,TRUE,1.5412024999999971,2.84180696552272,High-RE,MESSAGEix-GLOBIOM GEI 1.0 | GEI | 1.5C
Full,R10REST_ASIA,1.5C,mortality_million_deaths,PM2.5 mortality,million cumulative PM2.5-attributable deaths,TRUE,POLES,POLES-JRC ENGAGE,ENGAGE,4,0,52.135490000000004,NA,FALSE,FALSE,NA,NA,NA,POLES-JRC ENGAGE | ENGAGE | 1.5C
Full,R10REST_ASIA,1.5C,mortality_million_deaths,PM2.5 mortality,million cumulative PM2.5-attributable deaths,TRUE,REMIND,REMIND 2.1,R2p1,0,2,NA,55.835515,FALSE,FALSE,NA,NA,NA,REMIND 2.1 | R2p1 | 1.5C
Full,R10REST_ASIA,1.5C,mortality_million_deaths,PM2.5 mortality,million cumulative PM2.5-attributable deaths,TRUE,REMIND,REMIND-Buildings 2.0,BEG,0,2,NA,56.781270000000006,FALSE,FALSE,NA,NA,NA,REMIND-Buildings 2.0 | BEG | 1.5C
Full,R10REST_ASIA,1.5C,mortality_million_deaths,PM2.5 mortality,million cumulative PM2.5-attributable deaths,TRUE,REMIND,REMIND-MAgPIE 1.7-3.0,CD,0,4,NA,55.853845,FALSE,FALSE,NA,NA,NA,REMIND-MAgPIE 1.7-3.0 | CD | 1.5C
Full,R10REST_ASIA,1.5C,mortality_million_deaths,PM2.5 mortality,million cumulative PM2.5-attributable deaths,TRUE,REMIND,REMIND-MAgPIE 1.7-3.0,COMMIT,0,3,NA,55.88557,FALSE,FALSE,NA,NA,NA,REMIND-MAgPIE 1.7-3.0 | COMMIT | 1.5C
Full,R10REST_ASIA,1.5C,mortality_million_deaths,PM2.5 mortality,million cumulative PM2.5-attributable deaths,TRUE,REMIND,REMIND-MAgPIE 1.7-3.0,PEP,0,13,NA,55.286205,FALSE,FALSE,NA,NA,NA,REMIND-MAgPIE 1.7-3.0 | PEP | 1.5C
Full,R10REST_ASIA,1.5C,mortality_million_deaths,PM2.5 mortality,million cumulative PM2.5-attributable deaths,TRUE,REMIND,REMIND-MAgPIE 2.1-4.2,ENGAGE,0,19,NA,56.456995,FALSE,FALSE,NA,NA,NA,REMIND-MAgPIE 2.1-4.2 | ENGAGE | 1.5C
Full,R10REST_ASIA,1.5C,mortality_million_deaths,PM2.5 mortality,million cumulative PM2.5-attributable deaths,TRUE,REMIND,REMIND-MAgPIE 2.1-4.2,SusDev,0,2,NA,55.106175,FALSE,FALSE,NA,NA,NA,REMIND-MAgPIE 2.1-4.2 | SusDev | 1.5C
Full,R10REST_ASIA,1.5C,mortality_million_deaths,PM2.5 mortality,million cumulative PM2.5-attributable deaths,TRUE,REMIND,REMIND-MAgPIE 2.1-4.3,DeepElectrification,0,1,NA,54.615965,FALSE,FALSE,NA,NA,NA,REMIND-MAgPIE 2.1-4.3 | DeepElectrification | 1.5C
Full,R10REST_ASIA,1.5C,mortality_million_deaths,PM2.5 mortality,million cumulative PM2.5-attributable deaths,TRUE,REMIND,REMIND-MAgPIE 3.2.0-4.8.0,RESCUE,0,3,NA,55.056995,FALSE,FALSE,NA,NA,NA,REMIND-MAgPIE 3.2.0-4.8.0 | RESCUE | 1.5C
Full,R10REST_ASIA,1.5C,mortality_million_deaths,PM2.5 mortality,million cumulative PM2.5-attributable deaths,TRUE,REMIND,REMIND-MAgPIE 3.3-4.8,NGFS Phase 5,0,1,NA,53.915715,FALSE,FALSE,NA,NA,NA,REMIND-MAgPIE 3.3-4.8 | NGFS Phase 5 | 1.5C
Full,R10REST_ASIA,1.5C,mortality_million_deaths,PM2.5 mortality,million cumulative PM2.5-attributable deaths,TRUE,WITCH,WITCH 5.0,ENGAGE,6,0,49.8907775,NA,FALSE,FALSE,NA,NA,NA,WITCH 5.0 | ENGAGE | 1.5C
Full,R10REST_ASIA,1.5C,total_energy_jobyears_per_1k,Employment,"total energy-sector job-years per 1,000 people",FALSE,AIM,AIM/CGE V2.2,ENGAGE,1,3,369.3117573705012,322.5612884378998,TRUE,FALSE,-46.75046893260139,-12.658808716371398,High-CDR,AIM/CGE V2.2 | ENGAGE | 1.5C
Full,R10REST_ASIA,1.5C,total_energy_jobyears_per_1k,Employment,"total energy-sector job-years per 1,000 people",FALSE,GCAM,GCAM 6.0 NGFS,NGFS Phase 5,0,1,NA,605.2602211205158,FALSE,FALSE,NA,NA,NA,GCAM 6.0 NGFS | NGFS Phase 5 | 1.5C
Full,R10REST_ASIA,1.5C,total_energy_jobyears_per_1k,Employment,"total energy-sector job-years per 1,000 people",FALSE,IMAGE,IMAGE 3.2,SSP2021,12,0,388.7399176578222,NA,FALSE,FALSE,NA,NA,NA,IMAGE 3.2 | SSP2021 | 1.5C
Full,R10REST_ASIA,1.5C,total_energy_jobyears_per_1k,Employment,"total energy-sector job-years per 1,000 people",FALSE,IMAGE,IMAGE 3.3,SHAPE,9,0,213.06452176531587,NA,FALSE,FALSE,NA,NA,NA,IMAGE 3.3 | SHAPE | 1.5C
Full,R10REST_ASIA,1.5C,total_energy_jobyears_per_1k,Employment,"total energy-sector job-years per 1,000 people",FALSE,MESSAGEix,MESSAGEix-GLOBIOM 1.1,ENGAGE,13,0,204.79965404772915,NA,FALSE,FALSE,NA,NA,NA,MESSAGEix-GLOBIOM 1.1 | ENGAGE | 1.5C
Full,R10REST_ASIA,1.5C,total_energy_jobyears_per_1k,Employment,"total energy-sector job-years per 1,000 people",FALSE,MESSAGEix,MESSAGEix-GLOBIOM 1.1,NGFS Phase 2,1,0,201.16796095440165,NA,FALSE,FALSE,NA,NA,NA,MESSAGEix-GLOBIOM 1.1 | NGFS Phase 2 | 1.5C
Full,R10REST_ASIA,1.5C,total_energy_jobyears_per_1k,Employment,"total energy-sector job-years per 1,000 people",FALSE,MESSAGEix,MESSAGEix-GLOBIOM 1.2,COVID,5,0,1.5337348942413014,NA,FALSE,FALSE,NA,NA,NA,MESSAGEix-GLOBIOM 1.2 | COVID | 1.5C
Full,R10REST_ASIA,1.5C,total_energy_jobyears_per_1k,Employment,"total energy-sector job-years per 1,000 people",FALSE,MESSAGEix,MESSAGEix-GLOBIOM GEI 1.0,GEI,6,3,213.06301836947895,253.56474742837423,TRUE,TRUE,40.50172905889528,19.009272171607,High-RE,MESSAGEix-GLOBIOM GEI 1.0 | GEI | 1.5C
Full,R10REST_ASIA,1.5C,total_energy_jobyears_per_1k,Employment,"total energy-sector job-years per 1,000 people",FALSE,POLES,POLES-JRC ENGAGE,ENGAGE,4,1,226.76630269883833,253.90737862484795,TRUE,FALSE,27.14107592600962,11.968742975915115,High-RE,POLES-JRC ENGAGE | ENGAGE | 1.5C
Full,R10REST_ASIA,1.5C,total_energy_jobyears_per_1k,Employment,"total energy-sector job-years per 1,000 people",FALSE,REMIND,REMIND 2.1,CEMICS,0,4,NA,1021.0561094904671,FALSE,FALSE,NA,NA,NA,REMIND 2.1 | CEMICS | 1.5C
Full,R10REST_ASIA,1.5C,total_energy_jobyears_per_1k,Employment,"total energy-sector job-years per 1,000 people",FALSE,REMIND,REMIND 2.1,R2p1,0,2,NA,884.4110650224189,FALSE,FALSE,NA,NA,NA,REMIND 2.1 | R2p1 | 1.5C
Full,R10REST_ASIA,1.5C,total_energy_jobyears_per_1k,Employment,"total energy-sector job-years per 1,000 people",FALSE,REMIND,REMIND 3.0,ENGAGE,0,2,NA,695.6555426955058,FALSE,FALSE,NA,NA,NA,REMIND 3.0 | ENGAGE | 1.5C
Full,R10REST_ASIA,1.5C,total_energy_jobyears_per_1k,Employment,"total energy-sector job-years per 1,000 people",FALSE,REMIND,REMIND 3.0,NAVIGATE,1,0,404.458852311012,NA,FALSE,FALSE,NA,NA,NA,REMIND 3.0 | NAVIGATE | 1.5C
Full,R10REST_ASIA,1.5C,total_energy_jobyears_per_1k,Employment,"total energy-sector job-years per 1,000 people",FALSE,REMIND,REMIND-Buildings 2.0,BEG,0,2,NA,874.5714087397766,FALSE,FALSE,NA,NA,NA,REMIND-Buildings 2.0 | BEG | 1.5C
Full,R10REST_ASIA,1.5C,total_energy_jobyears_per_1k,Employment,"total energy-sector job-years per 1,000 people",FALSE,REMIND,REMIND-MAgPIE 1.7-3.0,CD,0,4,NA,955.5602066946731,FALSE,FALSE,NA,NA,NA,REMIND-MAgPIE 1.7-3.0 | CD | 1.5C
Full,R10REST_ASIA,1.5C,total_energy_jobyears_per_1k,Employment,"total energy-sector job-years per 1,000 people",FALSE,REMIND,REMIND-MAgPIE 1.7-3.0,COMMIT,0,3,NA,926.5679249968036,FALSE,FALSE,NA,NA,NA,REMIND-MAgPIE 1.7-3.0 | COMMIT | 1.5C
Full,R10REST_ASIA,1.5C,total_energy_jobyears_per_1k,Employment,"total energy-sector job-years per 1,000 people",FALSE,REMIND,REMIND-MAgPIE 1.7-3.0,PEP,0,13,NA,1112.8255784816909,FALSE,FALSE,NA,NA,NA,REMIND-MAgPIE 1.7-3.0 | PEP | 1.5C
Full,R10REST_ASIA,1.5C,total_energy_jobyears_per_1k,Employment,"total energy-sector job-years per 1,000 people",FALSE,REMIND,REMIND-MAgPIE 2.1-4.2,CEMICS,0,3,NA,846.6758949286723,FALSE,FALSE,NA,NA,NA,REMIND-MAgPIE 2.1-4.2 | CEMICS | 1.5C
Full,R10REST_ASIA,1.5C,total_energy_jobyears_per_1k,Employment,"total energy-sector job-years per 1,000 people",FALSE,REMIND,REMIND-MAgPIE 2.1-4.2,ENGAGE,0,19,NA,921.3547495374463,FALSE,FALSE,NA,NA,NA,REMIND-MAgPIE 2.1-4.2 | ENGAGE | 1.5C
Full,R10REST_ASIA,1.5C,total_energy_jobyears_per_1k,Employment,"total energy-sector job-years per 1,000 people",FALSE,REMIND,REMIND-MAgPIE 2.1-4.2,SusDev,0,2,NA,727.2617437845316,FALSE,FALSE,NA,NA,NA,REMIND-MAgPIE 2.1-4.2 | SusDev | 1.5C
Full,R10REST_ASIA,1.5C,total_energy_jobyears_per_1k,Employment,"total energy-sector job-years per 1,000 people",FALSE,REMIND,REMIND-MAgPIE 2.1-4.3,DeepElectrification,0,1,NA,1020.961631677345,FALSE,FALSE,NA,NA,NA,REMIND-MAgPIE 2.1-4.3 | DeepElectrification | 1.5C
Full,R10REST_ASIA,1.5C,total_energy_jobyears_per_1k,Employment,"total energy-sector job-years per 1,000 people",FALSE,REMIND,REMIND-MAgPIE 3.2.0-4.8.0,RESCUE,0,3,NA,850.6237801671397,FALSE,FALSE,NA,NA,NA,REMIND-MAgPIE 3.2.0-4.8.0 | RESCUE | 1.5C
Full,R10REST_ASIA,1.5C,total_energy_jobyears_per_1k,Employment,"total energy-sector job-years per 1,000 people",FALSE,REMIND,REMIND-MAgPIE 3.3-4.8,NGFS Phase 5,0,1,NA,643.9002257031352,FALSE,FALSE,NA,NA,NA,REMIND-MAgPIE 3.3-4.8 | NGFS Phase 5 | 1.5C
Full,R10REST_ASIA,1.5C,total_energy_jobyears_per_1k,Employment,"total energy-sector job-years per 1,000 people",FALSE,WITCH,WITCH 5.0,ENGAGE,6,0,244.44876070134296,NA,FALSE,FALSE,NA,NA,NA,WITCH 5.0 | ENGAGE | 1.5C
Full,R10REST_ASIA,2C,gap_GJ_pc,DLE gap,GJ per capita of cumulative DLE gap,TRUE,AIM,AIM/CGE V2.2,ENGAGE,20,11,31.13832366351671,31.862437706186952,TRUE,TRUE,-0.7241140426702408,-2.32547535472711,High-CDR,AIM/CGE V2.2 | ENGAGE | 2C
Full,R10REST_ASIA,2C,gap_GJ_pc,DLE gap,GJ per capita of cumulative DLE gap,TRUE,GCAM,GCAM 5.3,Deep,23,0,24.913722779077013,NA,FALSE,FALSE,NA,NA,NA,GCAM 5.3 | Deep | 2C
Full,R10REST_ASIA,2C,gap_GJ_pc,DLE gap,GJ per capita of cumulative DLE gap,TRUE,GCAM,GCAM 6.0 NGFS,NGFS Phase 5,0,4,NA,29.500154911502698,FALSE,FALSE,NA,NA,NA,GCAM 6.0 NGFS | NGFS Phase 5 | 2C
Full,R10REST_ASIA,2C,gap_GJ_pc,DLE gap,GJ per capita of cumulative DLE gap,TRUE,GCAM,GCAM 7.0,IAM,3,0,22.986805637773035,NA,FALSE,FALSE,NA,NA,NA,GCAM 7.0 | IAM | 2C
Full,R10REST_ASIA,2C,gap_GJ_pc,DLE gap,GJ per capita of cumulative DLE gap,TRUE,IMAGE,IMAGE 3.0,ENGAGE,20,0,3.986933439812705,NA,FALSE,FALSE,NA,NA,NA,IMAGE 3.0 | ENGAGE | 2C
Full,R10REST_ASIA,2C,gap_GJ_pc,DLE gap,GJ per capita of cumulative DLE gap,TRUE,IMAGE,IMAGE 3.2,ENGAGE,9,0,9.213890095424423,NA,FALSE,FALSE,NA,NA,NA,IMAGE 3.2 | ENGAGE | 2C
Full,R10REST_ASIA,2C,gap_GJ_pc,DLE gap,GJ per capita of cumulative DLE gap,TRUE,IMAGE,IMAGE 3.2,SSP2021,8,2,26.798638218002285,23.294200341150002,TRUE,FALSE,3.5044378768522826,13.076925209200134,High-RE,IMAGE 3.2 | SSP2021 | 2C
Full,R10REST_ASIA,2C,gap_GJ_pc,DLE gap,GJ per capita of cumulative DLE gap,TRUE,IMAGE,IMAGE 3.3,NAVIGATE,8,0,25.944887725241138,NA,FALSE,FALSE,NA,NA,NA,IMAGE 3.3 | NAVIGATE | 2C
Full,R10REST_ASIA,2C,gap_GJ_pc,DLE gap,GJ per capita of cumulative DLE gap,TRUE,MESSAGEix,MESSAGEix-GLOBIOM 1.1,ENGAGE,62,20,2.257875693603184,1.933363687572657,TRUE,TRUE,0.3245120060305271,14.372447825622382,High-RE,MESSAGEix-GLOBIOM 1.1 | ENGAGE | 2C
Full,R10REST_ASIA,2C,gap_GJ_pc,DLE gap,GJ per capita of cumulative DLE gap,TRUE,MESSAGEix,MESSAGEix-GLOBIOM 1.1,NGFS Phase 2,1,1,2.8720287205459485,2.706126205036891,TRUE,FALSE,0.16590251550905766,5.776492216885665,High-RE,MESSAGEix-GLOBIOM 1.1 | NGFS Phase 2 | 2C
Full,R10REST_ASIA,2C,gap_GJ_pc,DLE gap,GJ per capita of cumulative DLE gap,TRUE,MESSAGEix,MESSAGEix-GLOBIOM 1.2,COVID,5,0,2.6767842347661346,NA,FALSE,FALSE,NA,NA,NA,MESSAGEix-GLOBIOM 1.2 | COVID | 2C
Full,R10REST_ASIA,2C,gap_GJ_pc,DLE gap,GJ per capita of cumulative DLE gap,TRUE,MESSAGEix,MESSAGEix-GLOBIOM 2.0-M-R12-NGFS,NGFS Phase 5,0,2,NA,3.502160983739083,FALSE,FALSE,NA,NA,NA,MESSAGEix-GLOBIOM 2.0-M-R12-NGFS | NGFS Phase 5 | 2C
Full,R10REST_ASIA,2C,gap_GJ_pc,DLE gap,GJ per capita of cumulative DLE gap,TRUE,MESSAGEix,MESSAGEix-GLOBIOM GEI 1.0,GEI,6,1,1.4031243098126007,1.4953436518438583,TRUE,FALSE,-0.09221934203125759,-6.57242850019285,High-CDR,MESSAGEix-GLOBIOM GEI 1.0 | GEI | 2C
Full,R10REST_ASIA,2C,gap_GJ_pc,DLE gap,GJ per capita of cumulative DLE gap,TRUE,POLES,POLES-JRC ENGAGE,ENGAGE,56,8,10.940156194325368,9.983619673406448,TRUE,TRUE,0.9565365209189203,8.743353421362242,High-RE,POLES-JRC ENGAGE | ENGAGE | 2C
Full,R10REST_ASIA,2C,gap_GJ_pc,DLE gap,GJ per capita of cumulative DLE gap,TRUE,REMIND,REMIND 2.1,CEMICS,0,5,NA,18.678155689889063,FALSE,FALSE,NA,NA,NA,REMIND 2.1 | CEMICS | 2C
Full,R10REST_ASIA,2C,gap_GJ_pc,DLE gap,GJ per capita of cumulative DLE gap,TRUE,REMIND,REMIND 2.1,LeastTotalCost,0,11,NA,19.813839061551032,FALSE,FALSE,NA,NA,NA,REMIND 2.1 | LeastTotalCost | 2C
Full,R10REST_ASIA,2C,gap_GJ_pc,DLE gap,GJ per capita of cumulative DLE gap,TRUE,REMIND,REMIND 2.1,R2p1,0,8,NA,17.24562804920562,FALSE,FALSE,NA,NA,NA,REMIND 2.1 | R2p1 | 2C
Full,R10REST_ASIA,2C,gap_GJ_pc,DLE gap,GJ per capita of cumulative DLE gap,TRUE,REMIND,REMIND 2.1,TechCost,0,9,NA,19.25211168873085,FALSE,FALSE,NA,NA,NA,REMIND 2.1 | TechCost | 2C
Full,R10REST_ASIA,2C,gap_GJ_pc,DLE gap,GJ per capita of cumulative DLE gap,TRUE,REMIND,REMIND 3.0,ENGAGE,0,14,NA,19.37970268478818,FALSE,FALSE,NA,NA,NA,REMIND 3.0 | ENGAGE | 2C
Full,R10REST_ASIA,2C,gap_GJ_pc,DLE gap,GJ per capita of cumulative DLE gap,TRUE,REMIND,REMIND 3.0,NAVIGATE,0,7,NA,20.01466362718776,FALSE,FALSE,NA,NA,NA,REMIND 3.0 | NAVIGATE | 2C
Full,R10REST_ASIA,2C,gap_GJ_pc,DLE gap,GJ per capita of cumulative DLE gap,TRUE,REMIND,REMIND-MAgPIE 1.7-3.0,CD,0,5,NA,12.525096347219549,FALSE,FALSE,NA,NA,NA,REMIND-MAgPIE 1.7-3.0 | CD | 2C
Full,R10REST_ASIA,2C,gap_GJ_pc,DLE gap,GJ per capita of cumulative DLE gap,TRUE,REMIND,REMIND-MAgPIE 1.7-3.0,COMMIT,0,4,NA,10.519361821789953,FALSE,FALSE,NA,NA,NA,REMIND-MAgPIE 1.7-3.0 | COMMIT | 2C
Full,R10REST_ASIA,2C,gap_GJ_pc,DLE gap,GJ per capita of cumulative DLE gap,TRUE,REMIND,REMIND-MAgPIE 1.7-3.0,PEP,0,5,NA,11.4578821723432,FALSE,FALSE,NA,NA,NA,REMIND-MAgPIE 1.7-3.0 | PEP | 2C
Full,R10REST_ASIA,2C,gap_GJ_pc,DLE gap,GJ per capita of cumulative DLE gap,TRUE,REMIND,REMIND-MAgPIE 2.0-4.1,Diff,0,4,NA,17.764626958550014,FALSE,FALSE,NA,NA,NA,REMIND-MAgPIE 2.0-4.1 | Diff | 2C
Full,R10REST_ASIA,2C,gap_GJ_pc,DLE gap,GJ per capita of cumulative DLE gap,TRUE,REMIND,REMIND-MAgPIE 2.1-4.2,CEMICS,0,3,NA,18.411517936281925,FALSE,FALSE,NA,NA,NA,REMIND-MAgPIE 2.1-4.2 | CEMICS | 2C
Full,R10REST_ASIA,2C,gap_GJ_pc,DLE gap,GJ per capita of cumulative DLE gap,TRUE,REMIND,REMIND-MAgPIE 2.1-4.2,ENGAGE,0,59,NA,18.541336321782136,FALSE,FALSE,NA,NA,NA,REMIND-MAgPIE 2.1-4.2 | ENGAGE | 2C
Full,R10REST_ASIA,2C,gap_GJ_pc,DLE gap,GJ per capita of cumulative DLE gap,TRUE,REMIND,REMIND-MAgPIE 2.1-4.2,NGFS Phase 2,0,5,NA,23.989648771788524,FALSE,FALSE,NA,NA,NA,REMIND-MAgPIE 2.1-4.2 | NGFS Phase 2 | 2C
Full,R10REST_ASIA,2C,gap_GJ_pc,DLE gap,GJ per capita of cumulative DLE gap,TRUE,REMIND,REMIND-MAgPIE 2.1-4.2,SusDev,0,3,NA,18.187381674700493,FALSE,FALSE,NA,NA,NA,REMIND-MAgPIE 2.1-4.2 | SusDev | 2C
Full,R10REST_ASIA,2C,gap_GJ_pc,DLE gap,GJ per capita of cumulative DLE gap,TRUE,REMIND,REMIND-MAgPIE 2.1-4.3,DeepElectrification,0,3,NA,12.380375394700174,FALSE,FALSE,NA,NA,NA,REMIND-MAgPIE 2.1-4.3 | DeepElectrification | 2C
Full,R10REST_ASIA,2C,gap_GJ_pc,DLE gap,GJ per capita of cumulative DLE gap,TRUE,REMIND,REMIND-MAgPIE 3.2-4.6,SHAPE,0,2,NA,15.34730305534606,FALSE,FALSE,NA,NA,NA,REMIND-MAgPIE 3.2-4.6 | SHAPE | 2C
Full,R10REST_ASIA,2C,gap_GJ_pc,DLE gap,GJ per capita of cumulative DLE gap,TRUE,REMIND,REMIND-MAgPIE 3.2.0-4.8.0,RESCUE,0,5,NA,17.95140313846404,FALSE,FALSE,NA,NA,NA,REMIND-MAgPIE 3.2.0-4.8.0 | RESCUE | 2C
Full,R10REST_ASIA,2C,gap_GJ_pc,DLE gap,GJ per capita of cumulative DLE gap,TRUE,REMIND,REMIND-MAgPIE 3.3-4.8,NGFS Phase 5,0,5,NA,15.597542437454964,FALSE,FALSE,NA,NA,NA,REMIND-MAgPIE 3.3-4.8 | NGFS Phase 5 | 2C
Full,R10REST_ASIA,2C,gap_GJ_pc,DLE gap,GJ per capita of cumulative DLE gap,TRUE,REMIND,REMIND-Transport 2.1,Transport,0,8,NA,22.90278706760671,FALSE,FALSE,NA,NA,NA,REMIND-Transport 2.1 | Transport | 2C
Full,R10REST_ASIA,2C,gap_GJ_pc,DLE gap,GJ per capita of cumulative DLE gap,TRUE,WITCH,WITCH 5.0,COMMIT,2,1,98.6099621079972,63.4816375800618,TRUE,FALSE,35.128324527935405,35.62350474231297,High-RE,WITCH 5.0 | COMMIT | 2C
Full,R10REST_ASIA,2C,gap_GJ_pc,DLE gap,GJ per capita of cumulative DLE gap,TRUE,WITCH,WITCH 5.0,ENGAGE,0,11,NA,18.07011142132694,FALSE,FALSE,NA,NA,NA,WITCH 5.0 | ENGAGE | 2C
Full,R10REST_ASIA,2C,gap_GJ_pc,DLE gap,GJ per capita of cumulative DLE gap,TRUE,WITCH,WITCH 5.0,NAVIGATE,0,4,NA,61.99506832230671,FALSE,FALSE,NA,NA,NA,WITCH 5.0 | NAVIGATE | 2C
Full,R10REST_ASIA,2C,headcount_pct,Deprived share,population-year-weighted mean % below the DLE threshold,TRUE,AIM,AIM/CGE V2.2,ENGAGE,20,11,8.238619326117004,8.80189054426984,TRUE,TRUE,-0.5632712181528365,-6.836961338500337,High-CDR,AIM/CGE V2.2 | ENGAGE | 2C
Full,R10REST_ASIA,2C,headcount_pct,Deprived share,population-year-weighted mean % below the DLE threshold,TRUE,GCAM,GCAM 5.3,Deep,23,0,5.51000564900672,NA,FALSE,FALSE,NA,NA,NA,GCAM 5.3 | Deep | 2C
Full,R10REST_ASIA,2C,headcount_pct,Deprived share,population-year-weighted mean % below the DLE threshold,TRUE,GCAM,GCAM 6.0 NGFS,NGFS Phase 5,0,4,NA,6.637588088612086,FALSE,FALSE,NA,NA,NA,GCAM 6.0 NGFS | NGFS Phase 5 | 2C
Full,R10REST_ASIA,2C,headcount_pct,Deprived share,population-year-weighted mean % below the DLE threshold,TRUE,GCAM,GCAM 7.0,IAM,3,0,5.455917850871204,NA,FALSE,FALSE,NA,NA,NA,GCAM 7.0 | IAM | 2C
Full,R10REST_ASIA,2C,headcount_pct,Deprived share,population-year-weighted mean % below the DLE threshold,TRUE,IMAGE,IMAGE 3.0,ENGAGE,20,0,2.155580917630503,NA,FALSE,FALSE,NA,NA,NA,IMAGE 3.0 | ENGAGE | 2C
Full,R10REST_ASIA,2C,headcount_pct,Deprived share,population-year-weighted mean % below the DLE threshold,TRUE,IMAGE,IMAGE 3.2,ENGAGE,9,0,4.521013104154587,NA,FALSE,FALSE,NA,NA,NA,IMAGE 3.2 | ENGAGE | 2C
Full,R10REST_ASIA,2C,headcount_pct,Deprived share,population-year-weighted mean % below the DLE threshold,TRUE,IMAGE,IMAGE 3.2,SSP2021,8,2,6.944962690335544,5.851893723619513,TRUE,FALSE,1.0930689667160305,15.739018558546341,High-RE,IMAGE 3.2 | SSP2021 | 2C
Full,R10REST_ASIA,2C,headcount_pct,Deprived share,population-year-weighted mean % below the DLE threshold,TRUE,IMAGE,IMAGE 3.3,NAVIGATE,8,0,6.803167604522793,NA,FALSE,FALSE,NA,NA,NA,IMAGE 3.3 | NAVIGATE | 2C
Full,R10REST_ASIA,2C,headcount_pct,Deprived share,population-year-weighted mean % below the DLE threshold,TRUE,MESSAGEix,MESSAGEix-GLOBIOM 1.1,ENGAGE,62,20,1.390285708107837,1.2211027861227246,TRUE,TRUE,0.16918292198511242,12.168931968333936,High-RE,MESSAGEix-GLOBIOM 1.1 | ENGAGE | 2C
Full,R10REST_ASIA,2C,headcount_pct,Deprived share,population-year-weighted mean % below the DLE threshold,TRUE,MESSAGEix,MESSAGEix-GLOBIOM 1.1,NGFS Phase 2,1,1,1.7296347490811457,1.753568825346174,TRUE,FALSE,-0.023934076265028414,-1.3837647675466278,High-CDR,MESSAGEix-GLOBIOM 1.1 | NGFS Phase 2 | 2C
Full,R10REST_ASIA,2C,headcount_pct,Deprived share,population-year-weighted mean % below the DLE threshold,TRUE,MESSAGEix,MESSAGEix-GLOBIOM 1.2,COVID,5,0,1.627278472935894,NA,FALSE,FALSE,NA,NA,NA,MESSAGEix-GLOBIOM 1.2 | COVID | 2C
Full,R10REST_ASIA,2C,headcount_pct,Deprived share,population-year-weighted mean % below the DLE threshold,TRUE,MESSAGEix,MESSAGEix-GLOBIOM 2.0-M-R12-NGFS,NGFS Phase 5,0,2,NA,2.372269877077796,FALSE,FALSE,NA,NA,NA,MESSAGEix-GLOBIOM 2.0-M-R12-NGFS | NGFS Phase 5 | 2C
Full,R10REST_ASIA,2C,headcount_pct,Deprived share,population-year-weighted mean % below the DLE threshold,TRUE,MESSAGEix,MESSAGEix-GLOBIOM GEI 1.0,GEI,6,1,0.8615895763288115,0.9360337649341096,TRUE,FALSE,-0.07444418860529811,-8.64033069231187,High-CDR,MESSAGEix-GLOBIOM GEI 1.0 | GEI | 2C
Full,R10REST_ASIA,2C,headcount_pct,Deprived share,population-year-weighted mean % below the DLE threshold,TRUE,POLES,POLES-JRC ENGAGE,ENGAGE,56,8,6.148933494756413,4.519331114340684,TRUE,TRUE,1.6296023804157294,26.50219557270208,High-RE,POLES-JRC ENGAGE | ENGAGE | 2C
Full,R10REST_ASIA,2C,headcount_pct,Deprived share,population-year-weighted mean % below the DLE threshold,TRUE,REMIND,REMIND 2.1,CEMICS,0,5,NA,4.590942201895871,FALSE,FALSE,NA,NA,NA,REMIND 2.1 | CEMICS | 2C
Full,R10REST_ASIA,2C,headcount_pct,Deprived share,population-year-weighted mean % below the DLE threshold,TRUE,REMIND,REMIND 2.1,LeastTotalCost,0,11,NA,5.050217025157186,FALSE,FALSE,NA,NA,NA,REMIND 2.1 | LeastTotalCost | 2C
Full,R10REST_ASIA,2C,headcount_pct,Deprived share,population-year-weighted mean % below the DLE threshold,TRUE,REMIND,REMIND 2.1,R2p1,0,8,NA,4.063105749365802,FALSE,FALSE,NA,NA,NA,REMIND 2.1 | R2p1 | 2C
Full,R10REST_ASIA,2C,headcount_pct,Deprived share,population-year-weighted mean % below the DLE threshold,TRUE,REMIND,REMIND 2.1,TechCost,0,9,NA,4.787960546601134,FALSE,FALSE,NA,NA,NA,REMIND 2.1 | TechCost | 2C
Full,R10REST_ASIA,2C,headcount_pct,Deprived share,population-year-weighted mean % below the DLE threshold,TRUE,REMIND,REMIND 3.0,ENGAGE,0,14,NA,4.908029322342134,FALSE,FALSE,NA,NA,NA,REMIND 3.0 | ENGAGE | 2C
Full,R10REST_ASIA,2C,headcount_pct,Deprived share,population-year-weighted mean % below the DLE threshold,TRUE,REMIND,REMIND 3.0,NAVIGATE,0,7,NA,5.222108248314377,FALSE,FALSE,NA,NA,NA,REMIND 3.0 | NAVIGATE | 2C
Full,R10REST_ASIA,2C,headcount_pct,Deprived share,population-year-weighted mean % below the DLE threshold,TRUE,REMIND,REMIND-MAgPIE 1.7-3.0,CD,0,5,NA,2.965334807496776,FALSE,FALSE,NA,NA,NA,REMIND-MAgPIE 1.7-3.0 | CD | 2C
Full,R10REST_ASIA,2C,headcount_pct,Deprived share,population-year-weighted mean % below the DLE threshold,TRUE,REMIND,REMIND-MAgPIE 1.7-3.0,COMMIT,0,4,NA,2.526063896696688,FALSE,FALSE,NA,NA,NA,REMIND-MAgPIE 1.7-3.0 | COMMIT | 2C
Full,R10REST_ASIA,2C,headcount_pct,Deprived share,population-year-weighted mean % below the DLE threshold,TRUE,REMIND,REMIND-MAgPIE 1.7-3.0,PEP,0,5,NA,2.773962407734967,FALSE,FALSE,NA,NA,NA,REMIND-MAgPIE 1.7-3.0 | PEP | 2C
Full,R10REST_ASIA,2C,headcount_pct,Deprived share,population-year-weighted mean % below the DLE threshold,TRUE,REMIND,REMIND-MAgPIE 2.0-4.1,Diff,0,4,NA,4.284945796793297,FALSE,FALSE,NA,NA,NA,REMIND-MAgPIE 2.0-4.1 | Diff | 2C
Full,R10REST_ASIA,2C,headcount_pct,Deprived share,population-year-weighted mean % below the DLE threshold,TRUE,REMIND,REMIND-MAgPIE 2.1-4.2,CEMICS,0,3,NA,4.566964373488167,FALSE,FALSE,NA,NA,NA,REMIND-MAgPIE 2.1-4.2 | CEMICS | 2C
Full,R10REST_ASIA,2C,headcount_pct,Deprived share,population-year-weighted mean % below the DLE threshold,TRUE,REMIND,REMIND-MAgPIE 2.1-4.2,ENGAGE,0,59,NA,4.474767622780072,FALSE,FALSE,NA,NA,NA,REMIND-MAgPIE 2.1-4.2 | ENGAGE | 2C
Full,R10REST_ASIA,2C,headcount_pct,Deprived share,population-year-weighted mean % below the DLE threshold,TRUE,REMIND,REMIND-MAgPIE 2.1-4.2,NGFS Phase 2,0,5,NA,6.418399533066445,FALSE,FALSE,NA,NA,NA,REMIND-MAgPIE 2.1-4.2 | NGFS Phase 2 | 2C
Full,R10REST_ASIA,2C,headcount_pct,Deprived share,population-year-weighted mean % below the DLE threshold,TRUE,REMIND,REMIND-MAgPIE 2.1-4.2,SusDev,0,3,NA,4.309600433473011,FALSE,FALSE,NA,NA,NA,REMIND-MAgPIE 2.1-4.2 | SusDev | 2C
Full,R10REST_ASIA,2C,headcount_pct,Deprived share,population-year-weighted mean % below the DLE threshold,TRUE,REMIND,REMIND-MAgPIE 2.1-4.3,DeepElectrification,0,3,NA,3.5127055615930365,FALSE,FALSE,NA,NA,NA,REMIND-MAgPIE 2.1-4.3 | DeepElectrification | 2C
Full,R10REST_ASIA,2C,headcount_pct,Deprived share,population-year-weighted mean % below the DLE threshold,TRUE,REMIND,REMIND-MAgPIE 3.2-4.6,SHAPE,0,2,NA,3.508730101182337,FALSE,FALSE,NA,NA,NA,REMIND-MAgPIE 3.2-4.6 | SHAPE | 2C
Full,R10REST_ASIA,2C,headcount_pct,Deprived share,population-year-weighted mean % below the DLE threshold,TRUE,REMIND,REMIND-MAgPIE 3.2.0-4.8.0,RESCUE,0,5,NA,4.440632436136763,FALSE,FALSE,NA,NA,NA,REMIND-MAgPIE 3.2.0-4.8.0 | RESCUE | 2C
Full,R10REST_ASIA,2C,headcount_pct,Deprived share,population-year-weighted mean % below the DLE threshold,TRUE,REMIND,REMIND-MAgPIE 3.3-4.8,NGFS Phase 5,0,5,NA,3.819616078058307,FALSE,FALSE,NA,NA,NA,REMIND-MAgPIE 3.3-4.8 | NGFS Phase 5 | 2C
Full,R10REST_ASIA,2C,headcount_pct,Deprived share,population-year-weighted mean % below the DLE threshold,TRUE,REMIND,REMIND-Transport 2.1,Transport,0,8,NA,5.714009102949598,FALSE,FALSE,NA,NA,NA,REMIND-Transport 2.1 | Transport | 2C
Full,R10REST_ASIA,2C,headcount_pct,Deprived share,population-year-weighted mean % below the DLE threshold,TRUE,WITCH,WITCH 5.0,COMMIT,2,1,25.398679008092472,17.30280271909035,TRUE,FALSE,8.09587628900212,31.87518644738425,High-RE,WITCH 5.0 | COMMIT | 2C
Full,R10REST_ASIA,2C,headcount_pct,Deprived share,population-year-weighted mean % below the DLE threshold,TRUE,WITCH,WITCH 5.0,ENGAGE,0,11,NA,10.431062426702944,FALSE,FALSE,NA,NA,NA,WITCH 5.0 | ENGAGE | 2C
Full,R10REST_ASIA,2C,headcount_pct,Deprived share,population-year-weighted mean % below the DLE threshold,TRUE,WITCH,WITCH 5.0,NAVIGATE,0,4,NA,13.874911893628099,FALSE,FALSE,NA,NA,NA,WITCH 5.0 | NAVIGATE | 2C
Full,R10REST_ASIA,2C,mortality_million_deaths,PM2.5 mortality,million cumulative PM2.5-attributable deaths,TRUE,AIM,AIM/CGE V2.2,ENGAGE,20,4,61.617067500000005,60.43478,TRUE,TRUE,1.182287500000001,1.9187662574172342,High-RE,AIM/CGE V2.2 | ENGAGE | 2C
Full,R10REST_ASIA,2C,mortality_million_deaths,PM2.5 mortality,million cumulative PM2.5-attributable deaths,TRUE,GCAM,GCAM 6.0 NGFS,NGFS Phase 5,0,4,NA,65.6839575,FALSE,FALSE,NA,NA,NA,GCAM 6.0 NGFS | NGFS Phase 5 | 2C
Full,R10REST_ASIA,2C,mortality_million_deaths,PM2.5 mortality,million cumulative PM2.5-attributable deaths,TRUE,GCAM,GCAM 7.0,IAM,3,0,76.107635,NA,FALSE,FALSE,NA,NA,NA,GCAM 7.0 | IAM | 2C
Full,R10REST_ASIA,2C,mortality_million_deaths,PM2.5 mortality,million cumulative PM2.5-attributable deaths,TRUE,IMAGE,IMAGE 3.0,ENGAGE,20,0,65.817435,NA,FALSE,FALSE,NA,NA,NA,IMAGE 3.0 | ENGAGE | 2C
Full,R10REST_ASIA,2C,mortality_million_deaths,PM2.5 mortality,million cumulative PM2.5-attributable deaths,TRUE,IMAGE,IMAGE 3.2,SSP2021,8,2,72.3435925,70.06477,TRUE,FALSE,2.278822500000004,3.1499990825034074,High-RE,IMAGE 3.2 | SSP2021 | 2C
Full,R10REST_ASIA,2C,mortality_million_deaths,PM2.5 mortality,million cumulative PM2.5-attributable deaths,TRUE,IMAGE,IMAGE 3.3,NAVIGATE,8,0,72.3272,NA,FALSE,FALSE,NA,NA,NA,IMAGE 3.3 | NAVIGATE | 2C
Full,R10REST_ASIA,2C,mortality_million_deaths,PM2.5 mortality,million cumulative PM2.5-attributable deaths,TRUE,MESSAGEix,MESSAGEix-GLOBIOM 1.1,ENGAGE,60,17,59.935492499999995,57.84213,TRUE,TRUE,2.093362499999998,3.492692581111264,High-RE,MESSAGEix-GLOBIOM 1.1 | ENGAGE | 2C
Full,R10REST_ASIA,2C,mortality_million_deaths,PM2.5 mortality,million cumulative PM2.5-attributable deaths,TRUE,MESSAGEix,MESSAGEix-GLOBIOM 1.1,NGFS Phase 2,1,1,57.743795,58.33144,TRUE,FALSE,-0.587645000000002,-1.0176764447158382,High-CDR,MESSAGEix-GLOBIOM 1.1 | NGFS Phase 2 | 2C
Full,R10REST_ASIA,2C,mortality_million_deaths,PM2.5 mortality,million cumulative PM2.5-attributable deaths,TRUE,MESSAGEix,MESSAGEix-GLOBIOM 1.2,COVID,5,0,56.88819,NA,FALSE,FALSE,NA,NA,NA,MESSAGEix-GLOBIOM 1.2 | COVID | 2C
Full,R10REST_ASIA,2C,mortality_million_deaths,PM2.5 mortality,million cumulative PM2.5-attributable deaths,TRUE,MESSAGEix,MESSAGEix-GLOBIOM 2.0-M-R12-NGFS,NGFS Phase 5,0,2,NA,56.81325,FALSE,FALSE,NA,NA,NA,MESSAGEix-GLOBIOM 2.0-M-R12-NGFS | NGFS Phase 5 | 2C
Full,R10REST_ASIA,2C,mortality_million_deaths,PM2.5 mortality,million cumulative PM2.5-attributable deaths,TRUE,MESSAGEix,MESSAGEix-GLOBIOM GEI 1.0,GEI,6,1,57.818039999999996,54.44296,TRUE,FALSE,3.375079999999997,5.8374168339154995,High-RE,MESSAGEix-GLOBIOM GEI 1.0 | GEI | 2C
Full,R10REST_ASIA,2C,mortality_million_deaths,PM2.5 mortality,million cumulative PM2.5-attributable deaths,TRUE,POLES,POLES-JRC ENGAGE,ENGAGE,56,0,53.9595025,NA,FALSE,FALSE,NA,NA,NA,POLES-JRC ENGAGE | ENGAGE | 2C
Full,R10REST_ASIA,2C,mortality_million_deaths,PM2.5 mortality,million cumulative PM2.5-attributable deaths,TRUE,REMIND,REMIND 2.1,CEMICS,0,1,NA,72.85036,FALSE,FALSE,NA,NA,NA,REMIND 2.1 | CEMICS | 2C
Full,R10REST_ASIA,2C,mortality_million_deaths,PM2.5 mortality,million cumulative PM2.5-attributable deaths,TRUE,REMIND,REMIND 2.1,LeastTotalCost,0,11,NA,57.722505,FALSE,FALSE,NA,NA,NA,REMIND 2.1 | LeastTotalCost | 2C
Full,R10REST_ASIA,2C,mortality_million_deaths,PM2.5 mortality,million cumulative PM2.5-attributable deaths,TRUE,REMIND,REMIND 2.1,R2p1,0,8,NA,59.5068225,FALSE,FALSE,NA,NA,NA,REMIND 2.1 | R2p1 | 2C
Full,R10REST_ASIA,2C,mortality_million_deaths,PM2.5 mortality,million cumulative PM2.5-attributable deaths,TRUE,REMIND,REMIND 2.1,TechCost,0,9,NA,57.431415,FALSE,FALSE,NA,NA,NA,REMIND 2.1 | TechCost | 2C
Full,R10REST_ASIA,2C,mortality_million_deaths,PM2.5 mortality,million cumulative PM2.5-attributable deaths,TRUE,REMIND,REMIND 3.0,NAVIGATE,0,3,NA,55.343875,FALSE,FALSE,NA,NA,NA,REMIND 3.0 | NAVIGATE | 2C
Full,R10REST_ASIA,2C,mortality_million_deaths,PM2.5 mortality,million cumulative PM2.5-attributable deaths,TRUE,REMIND,REMIND-MAgPIE 1.7-3.0,CD,0,5,NA,61.849645,FALSE,FALSE,NA,NA,NA,REMIND-MAgPIE 1.7-3.0 | CD | 2C
Full,R10REST_ASIA,2C,mortality_million_deaths,PM2.5 mortality,million cumulative PM2.5-attributable deaths,TRUE,REMIND,REMIND-MAgPIE 1.7-3.0,COMMIT,0,4,NA,62.771395,FALSE,FALSE,NA,NA,NA,REMIND-MAgPIE 1.7-3.0 | COMMIT | 2C
Full,R10REST_ASIA,2C,mortality_million_deaths,PM2.5 mortality,million cumulative PM2.5-attributable deaths,TRUE,REMIND,REMIND-MAgPIE 1.7-3.0,PEP,0,5,NA,61.84749,FALSE,FALSE,NA,NA,NA,REMIND-MAgPIE 1.7-3.0 | PEP | 2C
Full,R10REST_ASIA,2C,mortality_million_deaths,PM2.5 mortality,million cumulative PM2.5-attributable deaths,TRUE,REMIND,REMIND-MAgPIE 2.1-4.2,CEMICS,0,1,NA,72.88625,FALSE,FALSE,NA,NA,NA,REMIND-MAgPIE 2.1-4.2 | CEMICS | 2C
Full,R10REST_ASIA,2C,mortality_million_deaths,PM2.5 mortality,million cumulative PM2.5-attributable deaths,TRUE,REMIND,REMIND-MAgPIE 2.1-4.2,ENGAGE,0,59,NA,58.879985,FALSE,FALSE,NA,NA,NA,REMIND-MAgPIE 2.1-4.2 | ENGAGE | 2C
Full,R10REST_ASIA,2C,mortality_million_deaths,PM2.5 mortality,million cumulative PM2.5-attributable deaths,TRUE,REMIND,REMIND-MAgPIE 2.1-4.2,NGFS Phase 2,0,2,NA,58.986675000000005,FALSE,FALSE,NA,NA,NA,REMIND-MAgPIE 2.1-4.2 | NGFS Phase 2 | 2C
Full,R10REST_ASIA,2C,mortality_million_deaths,PM2.5 mortality,million cumulative PM2.5-attributable deaths,TRUE,REMIND,REMIND-MAgPIE 2.1-4.2,SusDev,0,3,NA,60.837465,FALSE,FALSE,NA,NA,NA,REMIND-MAgPIE 2.1-4.2 | SusDev | 2C
Full,R10REST_ASIA,2C,mortality_million_deaths,PM2.5 mortality,million cumulative PM2.5-attributable deaths,TRUE,REMIND,REMIND-MAgPIE 2.1-4.3,DeepElectrification,0,3,NA,56.22884,FALSE,FALSE,NA,NA,NA,REMIND-MAgPIE 2.1-4.3 | DeepElectrification | 2C
Full,R10REST_ASIA,2C,mortality_million_deaths,PM2.5 mortality,million cumulative PM2.5-attributable deaths,TRUE,REMIND,REMIND-MAgPIE 3.2-4.6,SHAPE,0,2,NA,56.569069999999996,FALSE,FALSE,NA,NA,NA,REMIND-MAgPIE 3.2-4.6 | SHAPE | 2C
Full,R10REST_ASIA,2C,mortality_million_deaths,PM2.5 mortality,million cumulative PM2.5-attributable deaths,TRUE,REMIND,REMIND-MAgPIE 3.2.0-4.8.0,RESCUE,0,5,NA,55.010015,FALSE,FALSE,NA,NA,NA,REMIND-MAgPIE 3.2.0-4.8.0 | RESCUE | 2C
Full,R10REST_ASIA,2C,mortality_million_deaths,PM2.5 mortality,million cumulative PM2.5-attributable deaths,TRUE,REMIND,REMIND-MAgPIE 3.3-4.8,NGFS Phase 5,0,5,NA,55.430945,FALSE,FALSE,NA,NA,NA,REMIND-MAgPIE 3.3-4.8 | NGFS Phase 5 | 2C
Full,R10REST_ASIA,2C,mortality_million_deaths,PM2.5 mortality,million cumulative PM2.5-attributable deaths,TRUE,REMIND,REMIND-Transport 2.1,Transport,0,8,NA,56.489270000000005,FALSE,FALSE,NA,NA,NA,REMIND-Transport 2.1 | Transport | 2C
Full,R10REST_ASIA,2C,mortality_million_deaths,PM2.5 mortality,million cumulative PM2.5-attributable deaths,TRUE,WITCH,WITCH 5.0,COMMIT,2,1,50.448215000000005,50.88954,TRUE,FALSE,-0.441324999999992,-0.8748079590130036,High-CDR,WITCH 5.0 | COMMIT | 2C
Full,R10REST_ASIA,2C,mortality_million_deaths,PM2.5 mortality,million cumulative PM2.5-attributable deaths,TRUE,WITCH,WITCH 5.0,ENGAGE,0,2,NA,52.17959,FALSE,FALSE,NA,NA,NA,WITCH 5.0 | ENGAGE | 2C
Full,R10REST_ASIA,2C,mortality_million_deaths,PM2.5 mortality,million cumulative PM2.5-attributable deaths,TRUE,WITCH,WITCH 5.0,NAVIGATE,0,4,NA,49.9207375,FALSE,FALSE,NA,NA,NA,WITCH 5.0 | NAVIGATE | 2C
Full,R10REST_ASIA,2C,total_energy_jobyears_per_1k,Employment,"total energy-sector job-years per 1,000 people",FALSE,AIM,AIM/CGE V2.2,ENGAGE,20,11,290.86692672490597,345.4903710193112,TRUE,TRUE,54.62344429440526,18.77953086982166,High-RE,AIM/CGE V2.2 | ENGAGE | 2C
Full,R10REST_ASIA,2C,total_energy_jobyears_per_1k,Employment,"total energy-sector job-years per 1,000 people",FALSE,COFFEE,COFFEE 1.1,ENGAGE,0,8,NA,56.21598446591932,FALSE,FALSE,NA,NA,NA,COFFEE 1.1 | ENGAGE | 2C
Full,R10REST_ASIA,2C,total_energy_jobyears_per_1k,Employment,"total energy-sector job-years per 1,000 people",FALSE,GCAM,GCAM 6.0 NGFS,NGFS Phase 5,0,4,NA,498.61723525702905,FALSE,FALSE,NA,NA,NA,GCAM 6.0 NGFS | NGFS Phase 5 | 2C
Full,R10REST_ASIA,2C,total_energy_jobyears_per_1k,Employment,"total energy-sector job-years per 1,000 people",FALSE,GCAM,GCAM 7.0,IAM,3,0,252.20978637993534,NA,FALSE,FALSE,NA,NA,NA,GCAM 7.0 | IAM | 2C
Full,R10REST_ASIA,2C,total_energy_jobyears_per_1k,Employment,"total energy-sector job-years per 1,000 people",FALSE,IMAGE,IMAGE 3.0,ENGAGE,20,0,154.6950366641209,NA,FALSE,FALSE,NA,NA,NA,IMAGE 3.0 | ENGAGE | 2C
Full,R10REST_ASIA,2C,total_energy_jobyears_per_1k,Employment,"total energy-sector job-years per 1,000 people",FALSE,IMAGE,IMAGE 3.2,ENGAGE,9,0,126.05348415277194,NA,FALSE,FALSE,NA,NA,NA,IMAGE 3.2 | ENGAGE | 2C
Full,R10REST_ASIA,2C,total_energy_jobyears_per_1k,Employment,"total energy-sector job-years per 1,000 people",FALSE,IMAGE,IMAGE 3.2,SSP2021,8,2,286.28463086162685,460.05416127135595,TRUE,FALSE,173.7695304097291,60.69816947096928,High-RE,IMAGE 3.2 | SSP2021 | 2C
Full,R10REST_ASIA,2C,total_energy_jobyears_per_1k,Employment,"total energy-sector job-years per 1,000 people",FALSE,IMAGE,IMAGE 3.3,NAVIGATE,8,0,333.93048870003634,NA,FALSE,FALSE,NA,NA,NA,IMAGE 3.3 | NAVIGATE | 2C
Full,R10REST_ASIA,2C,total_energy_jobyears_per_1k,Employment,"total energy-sector job-years per 1,000 people",FALSE,MESSAGEix,MESSAGEix-GLOBIOM 1.1,ENGAGE,62,20,189.8006202949182,221.2502617340936,TRUE,TRUE,31.449641439175423,16.56983069407675,High-RE,MESSAGEix-GLOBIOM 1.1 | ENGAGE | 2C
Full,R10REST_ASIA,2C,total_energy_jobyears_per_1k,Employment,"total energy-sector job-years per 1,000 people",FALSE,MESSAGEix,MESSAGEix-GLOBIOM 1.1,NGFS Phase 2,1,1,190.22091512703525,222.58010419494465,TRUE,FALSE,32.3591890679094,17.011372827377556,High-RE,MESSAGEix-GLOBIOM 1.1 | NGFS Phase 2 | 2C
Full,R10REST_ASIA,2C,total_energy_jobyears_per_1k,Employment,"total energy-sector job-years per 1,000 people",FALSE,MESSAGEix,MESSAGEix-GLOBIOM 1.2,COVID,5,0,1.5795189604665105,NA,FALSE,FALSE,NA,NA,NA,MESSAGEix-GLOBIOM 1.2 | COVID | 2C
Full,R10REST_ASIA,2C,total_energy_jobyears_per_1k,Employment,"total energy-sector job-years per 1,000 people",FALSE,MESSAGEix,MESSAGEix-GLOBIOM 2.0-M-R12-NGFS,NGFS Phase 5,0,2,NA,241.53536914894562,FALSE,FALSE,NA,NA,NA,MESSAGEix-GLOBIOM 2.0-M-R12-NGFS | NGFS Phase 5 | 2C
Full,R10REST_ASIA,2C,total_energy_jobyears_per_1k,Employment,"total energy-sector job-years per 1,000 people",FALSE,MESSAGEix,MESSAGEix-GLOBIOM GEI 1.0,GEI,6,1,168.811802779946,207.9111941458768,TRUE,FALSE,39.09939136593081,23.161527050865445,High-RE,MESSAGEix-GLOBIOM GEI 1.0 | GEI | 2C
Full,R10REST_ASIA,2C,total_energy_jobyears_per_1k,Employment,"total energy-sector job-years per 1,000 people",FALSE,POLES,POLES-JRC ENGAGE,ENGAGE,56,8,177.60236267251972,248.80758304774338,TRUE,TRUE,71.20522037522366,40.0924961265964,High-RE,POLES-JRC ENGAGE | ENGAGE | 2C
Full,R10REST_ASIA,2C,total_energy_jobyears_per_1k,Employment,"total energy-sector job-years per 1,000 people",FALSE,REMIND,REMIND 2.1,CEMICS,0,5,NA,791.249778682285,FALSE,FALSE,NA,NA,NA,REMIND 2.1 | CEMICS | 2C
Full,R10REST_ASIA,2C,total_energy_jobyears_per_1k,Employment,"total energy-sector job-years per 1,000 people",FALSE,REMIND,REMIND 2.1,LeastTotalCost,0,11,NA,660.528403063821,FALSE,FALSE,NA,NA,NA,REMIND 2.1 | LeastTotalCost | 2C
Full,R10REST_ASIA,2C,total_energy_jobyears_per_1k,Employment,"total energy-sector job-years per 1,000 people",FALSE,REMIND,REMIND 2.1,R2p1,0,8,NA,589.4203692450926,FALSE,FALSE,NA,NA,NA,REMIND 2.1 | R2p1 | 2C
Full,R10REST_ASIA,2C,total_energy_jobyears_per_1k,Employment,"total energy-sector job-years per 1,000 people",FALSE,REMIND,REMIND 2.1,TechCost,0,9,NA,974.3197793391932,FALSE,FALSE,NA,NA,NA,REMIND 2.1 | TechCost | 2C
Full,R10REST_ASIA,2C,total_energy_jobyears_per_1k,Employment,"total energy-sector job-years per 1,000 people",FALSE,REMIND,REMIND 3.0,ENGAGE,0,14,NA,664.5362335731777,FALSE,FALSE,NA,NA,NA,REMIND 3.0 | ENGAGE | 2C
Full,R10REST_ASIA,2C,total_energy_jobyears_per_1k,Employment,"total energy-sector job-years per 1,000 people",FALSE,REMIND,REMIND 3.0,NAVIGATE,0,7,NA,484.2239241537425,FALSE,FALSE,NA,NA,NA,REMIND 3.0 | NAVIGATE | 2C
Full,R10REST_ASIA,2C,total_energy_jobyears_per_1k,Employment,"total energy-sector job-years per 1,000 people",FALSE,REMIND,REMIND-MAgPIE 1.7-3.0,CD,0,5,NA,663.6068785981754,FALSE,FALSE,NA,NA,NA,REMIND-MAgPIE 1.7-3.0 | CD | 2C
Full,R10REST_ASIA,2C,total_energy_jobyears_per_1k,Employment,"total energy-sector job-years per 1,000 people",FALSE,REMIND,REMIND-MAgPIE 1.7-3.0,COMMIT,0,4,NA,622.0732262193856,FALSE,FALSE,NA,NA,NA,REMIND-MAgPIE 1.7-3.0 | COMMIT | 2C
Full,R10REST_ASIA,2C,total_energy_jobyears_per_1k,Employment,"total energy-sector job-years per 1,000 people",FALSE,REMIND,REMIND-MAgPIE 1.7-3.0,PEP,0,5,NA,639.770760548859,FALSE,FALSE,NA,NA,NA,REMIND-MAgPIE 1.7-3.0 | PEP | 2C
Full,R10REST_ASIA,2C,total_energy_jobyears_per_1k,Employment,"total energy-sector job-years per 1,000 people",FALSE,REMIND,REMIND-MAgPIE 2.0-4.1,Diff,0,4,NA,768.1064896988341,FALSE,FALSE,NA,NA,NA,REMIND-MAgPIE 2.0-4.1 | Diff | 2C
Full,R10REST_ASIA,2C,total_energy_jobyears_per_1k,Employment,"total energy-sector job-years per 1,000 people",FALSE,REMIND,REMIND-MAgPIE 2.1-4.2,CEMICS,0,3,NA,828.404092311719,FALSE,FALSE,NA,NA,NA,REMIND-MAgPIE 2.1-4.2 | CEMICS | 2C
Full,R10REST_ASIA,2C,total_energy_jobyears_per_1k,Employment,"total energy-sector job-years per 1,000 people",FALSE,REMIND,REMIND-MAgPIE 2.1-4.2,ENGAGE,0,59,NA,737.8828707139894,FALSE,FALSE,NA,NA,NA,REMIND-MAgPIE 2.1-4.2 | ENGAGE | 2C
Full,R10REST_ASIA,2C,total_energy_jobyears_per_1k,Employment,"total energy-sector job-years per 1,000 people",FALSE,REMIND,REMIND-MAgPIE 2.1-4.2,NGFS Phase 2,0,5,NA,438.1648258126745,FALSE,FALSE,NA,NA,NA,REMIND-MAgPIE 2.1-4.2 | NGFS Phase 2 | 2C
Full,R10REST_ASIA,2C,total_energy_jobyears_per_1k,Employment,"total energy-sector job-years per 1,000 people",FALSE,REMIND,REMIND-MAgPIE 2.1-4.2,SusDev,0,3,NA,510.9382084686075,FALSE,FALSE,NA,NA,NA,REMIND-MAgPIE 2.1-4.2 | SusDev | 2C
Full,R10REST_ASIA,2C,total_energy_jobyears_per_1k,Employment,"total energy-sector job-years per 1,000 people",FALSE,REMIND,REMIND-MAgPIE 2.1-4.3,DeepElectrification,0,3,NA,891.4253993993999,FALSE,FALSE,NA,NA,NA,REMIND-MAgPIE 2.1-4.3 | DeepElectrification | 2C
Full,R10REST_ASIA,2C,total_energy_jobyears_per_1k,Employment,"total energy-sector job-years per 1,000 people",FALSE,REMIND,REMIND-MAgPIE 3.2-4.6,SHAPE,0,2,NA,738.5073791686222,FALSE,FALSE,NA,NA,NA,REMIND-MAgPIE 3.2-4.6 | SHAPE | 2C
Full,R10REST_ASIA,2C,total_energy_jobyears_per_1k,Employment,"total energy-sector job-years per 1,000 people",FALSE,REMIND,REMIND-MAgPIE 3.2.0-4.8.0,RESCUE,0,5,NA,854.8960738831654,FALSE,FALSE,NA,NA,NA,REMIND-MAgPIE 3.2.0-4.8.0 | RESCUE | 2C
Full,R10REST_ASIA,2C,total_energy_jobyears_per_1k,Employment,"total energy-sector job-years per 1,000 people",FALSE,REMIND,REMIND-MAgPIE 3.3-4.8,NGFS Phase 5,0,5,NA,560.1790422854244,FALSE,FALSE,NA,NA,NA,REMIND-MAgPIE 3.3-4.8 | NGFS Phase 5 | 2C
Full,R10REST_ASIA,2C,total_energy_jobyears_per_1k,Employment,"total energy-sector job-years per 1,000 people",FALSE,REMIND,REMIND-Transport 2.1,Transport,0,8,NA,867.998469886217,FALSE,FALSE,NA,NA,NA,REMIND-Transport 2.1 | Transport | 2C
Full,R10REST_ASIA,2C,total_energy_jobyears_per_1k,Employment,"total energy-sector job-years per 1,000 people",FALSE,TIAM,TIAM-ECN 1.1,ENGAGE,12,0,50.18526633410535,NA,FALSE,FALSE,NA,NA,NA,TIAM-ECN 1.1 | ENGAGE | 2C
Full,R10REST_ASIA,2C,total_energy_jobyears_per_1k,Employment,"total energy-sector job-years per 1,000 people",FALSE,WITCH,WITCH 5.0,COMMIT,2,1,196.76167861298396,401.10719687130296,TRUE,FALSE,204.345518258319,103.8543275798393,High-RE,WITCH 5.0 | COMMIT | 2C
Full,R10REST_ASIA,2C,total_energy_jobyears_per_1k,Employment,"total energy-sector job-years per 1,000 people",FALSE,WITCH,WITCH 5.0,ENGAGE,0,11,NA,126.43101491732996,FALSE,FALSE,NA,NA,NA,WITCH 5.0 | ENGAGE | 2C
Full,R10REST_ASIA,2C,total_energy_jobyears_per_1k,Employment,"total energy-sector job-years per 1,000 people",FALSE,WITCH,WITCH 5.0,NAVIGATE,0,4,NA,503.022365211389,FALSE,FALSE,NA,NA,NA,WITCH 5.0 | NAVIGATE | 2C
SCI-vetted,Aggregated R10 regions,1.5C,gap_GJ_pc,DLE gap,GJ per capita of cumulative DLE gap,TRUE,GCAM,GCAM 6.0 NGFS,NGFS Phase 5,0,2,NA,27.707345226392267,FALSE,FALSE,NA,NA,NA,GCAM 6.0 NGFS | NGFS Phase 5 | 1.5C
SCI-vetted,Aggregated R10 regions,1.5C,gap_GJ_pc,DLE gap,GJ per capita of cumulative DLE gap,TRUE,IMAGE,IMAGE 3.2,SSP2021,4,1,28.042849380258914,26.429286645096077,TRUE,FALSE,1.6135627351628372,5.753918631031564,High-RE,IMAGE 3.2 | SSP2021 | 1.5C
SCI-vetted,Aggregated R10 regions,1.5C,gap_GJ_pc,DLE gap,GJ per capita of cumulative DLE gap,TRUE,POLES,POLES-JRC ENGAGE,ENGAGE,2,0,34.98435914869721,NA,FALSE,FALSE,NA,NA,NA,POLES-JRC ENGAGE | ENGAGE | 1.5C
SCI-vetted,Aggregated R10 regions,1.5C,gap_GJ_pc,DLE gap,GJ per capita of cumulative DLE gap,TRUE,REMIND,REMIND-MAgPIE 3.2.0-4.8.0,RESCUE,0,2,NA,19.266329090543863,FALSE,FALSE,NA,NA,NA,REMIND-MAgPIE 3.2.0-4.8.0 | RESCUE | 1.5C
SCI-vetted,Aggregated R10 regions,1.5C,gap_GJ_pc,DLE gap,GJ per capita of cumulative DLE gap,TRUE,REMIND,REMIND-MAgPIE 3.3-4.8,NGFS Phase 5,0,1,NA,27.74007785374581,FALSE,FALSE,NA,NA,NA,REMIND-MAgPIE 3.3-4.8 | NGFS Phase 5 | 1.5C
SCI-vetted,Aggregated R10 regions,1.5C,headcount_pct,Deprived share,population-year-weighted mean % below the DLE threshold,TRUE,GCAM,GCAM 6.0 NGFS,NGFS Phase 5,0,2,NA,7.194995292830297,FALSE,FALSE,NA,NA,NA,GCAM 6.0 NGFS | NGFS Phase 5 | 1.5C
SCI-vetted,Aggregated R10 regions,1.5C,headcount_pct,Deprived share,population-year-weighted mean % below the DLE threshold,TRUE,IMAGE,IMAGE 3.2,SSP2021,4,1,7.2270208924923,7.168360966807078,TRUE,FALSE,0.05865992568522227,0.8116750533564999,High-RE,IMAGE 3.2 | SSP2021 | 1.5C
SCI-vetted,Aggregated R10 regions,1.5C,headcount_pct,Deprived share,population-year-weighted mean % below the DLE threshold,TRUE,POLES,POLES-JRC ENGAGE,ENGAGE,2,0,9.952002584137439,NA,FALSE,FALSE,NA,NA,NA,POLES-JRC ENGAGE | ENGAGE | 1.5C
SCI-vetted,Aggregated R10 regions,1.5C,headcount_pct,Deprived share,population-year-weighted mean % below the DLE threshold,TRUE,REMIND,REMIND-MAgPIE 3.2.0-4.8.0,RESCUE,0,2,NA,4.968095514194317,FALSE,FALSE,NA,NA,NA,REMIND-MAgPIE 3.2.0-4.8.0 | RESCUE | 1.5C
SCI-vetted,Aggregated R10 regions,1.5C,headcount_pct,Deprived share,population-year-weighted mean % below the DLE threshold,TRUE,REMIND,REMIND-MAgPIE 3.3-4.8,NGFS Phase 5,0,1,NA,7.238107545580679,FALSE,FALSE,NA,NA,NA,REMIND-MAgPIE 3.3-4.8 | NGFS Phase 5 | 1.5C
SCI-vetted,Aggregated R10 regions,1.5C,mortality_million_deaths,PM2.5 mortality,million cumulative PM2.5-attributable deaths,TRUE,GCAM,GCAM 6.0 NGFS,NGFS Phase 5,0,2,NA,447.772625,FALSE,FALSE,NA,NA,NA,GCAM 6.0 NGFS | NGFS Phase 5 | 1.5C
SCI-vetted,Aggregated R10 regions,1.5C,mortality_million_deaths,PM2.5 mortality,million cumulative PM2.5-attributable deaths,TRUE,IMAGE,IMAGE 3.2,SSP2021,4,1,520.4065949999999,465.59645,TRUE,FALSE,54.81014499999992,10.532177248829816,High-RE,IMAGE 3.2 | SSP2021 | 1.5C
SCI-vetted,Aggregated R10 regions,1.5C,mortality_million_deaths,PM2.5 mortality,million cumulative PM2.5-attributable deaths,TRUE,POLES,POLES-JRC ENGAGE,ENGAGE,2,0,393.3719225,NA,FALSE,FALSE,NA,NA,NA,POLES-JRC ENGAGE | ENGAGE | 1.5C
SCI-vetted,Aggregated R10 regions,1.5C,mortality_million_deaths,PM2.5 mortality,million cumulative PM2.5-attributable deaths,TRUE,REMIND,REMIND-MAgPIE 3.2.0-4.8.0,RESCUE,0,2,NA,410.849655,FALSE,FALSE,NA,NA,NA,REMIND-MAgPIE 3.2.0-4.8.0 | RESCUE | 1.5C
SCI-vetted,Aggregated R10 regions,1.5C,mortality_million_deaths,PM2.5 mortality,million cumulative PM2.5-attributable deaths,TRUE,REMIND,REMIND-MAgPIE 3.3-4.8,NGFS Phase 5,0,1,NA,412.991225,FALSE,FALSE,NA,NA,NA,REMIND-MAgPIE 3.3-4.8 | NGFS Phase 5 | 1.5C
SCI-vetted,Aggregated R10 regions,1.5C,total_energy_jobyears_per_1k,Employment,"total energy-sector job-years per 1,000 people",FALSE,GCAM,GCAM 6.0 NGFS,NGFS Phase 5,0,2,NA,579.7022379199543,FALSE,FALSE,NA,NA,NA,GCAM 6.0 NGFS | NGFS Phase 5 | 1.5C
SCI-vetted,Aggregated R10 regions,1.5C,total_energy_jobyears_per_1k,Employment,"total energy-sector job-years per 1,000 people",FALSE,IMAGE,IMAGE 3.2,SSP2021,4,1,427.07518233351084,563.3493924487905,TRUE,FALSE,136.27421011527963,31.908716720715606,High-RE,IMAGE 3.2 | SSP2021 | 1.5C
SCI-vetted,Aggregated R10 regions,1.5C,total_energy_jobyears_per_1k,Employment,"total energy-sector job-years per 1,000 people",FALSE,POLES,POLES-JRC ENGAGE,ENGAGE,2,0,458.3544650528828,NA,FALSE,FALSE,NA,NA,NA,POLES-JRC ENGAGE | ENGAGE | 1.5C
SCI-vetted,Aggregated R10 regions,1.5C,total_energy_jobyears_per_1k,Employment,"total energy-sector job-years per 1,000 people",FALSE,REMIND,REMIND-MAgPIE 3.2.0-4.8.0,RESCUE,0,2,NA,734.9277568690087,FALSE,FALSE,NA,NA,NA,REMIND-MAgPIE 3.2.0-4.8.0 | RESCUE | 1.5C
SCI-vetted,Aggregated R10 regions,1.5C,total_energy_jobyears_per_1k,Employment,"total energy-sector job-years per 1,000 people",FALSE,REMIND,REMIND-MAgPIE 3.3-4.8,NGFS Phase 5,0,1,NA,557.7723386894081,FALSE,FALSE,NA,NA,NA,REMIND-MAgPIE 3.3-4.8 | NGFS Phase 5 | 1.5C
SCI-vetted,Aggregated R10 regions,2C,gap_GJ_pc,DLE gap,GJ per capita of cumulative DLE gap,TRUE,GCAM,GCAM 5.3,NGFS Phase 2,0,1,NA,22.601515528553453,FALSE,FALSE,NA,NA,NA,GCAM 5.3 | NGFS Phase 2 | 2C
SCI-vetted,Aggregated R10 regions,2C,gap_GJ_pc,DLE gap,GJ per capita of cumulative DLE gap,TRUE,GCAM,GCAM 6.0 NGFS,NGFS Phase 5,0,4,NA,20.2522837602978,FALSE,FALSE,NA,NA,NA,GCAM 6.0 NGFS | NGFS Phase 5 | 2C
SCI-vetted,Aggregated R10 regions,2C,gap_GJ_pc,DLE gap,GJ per capita of cumulative DLE gap,TRUE,IMAGE,IMAGE 3.0,ENGAGE,15,0,20.657517469998012,NA,FALSE,FALSE,NA,NA,NA,IMAGE 3.0 | ENGAGE | 2C
SCI-vetted,Aggregated R10 regions,2C,gap_GJ_pc,DLE gap,GJ per capita of cumulative DLE gap,TRUE,IMAGE,IMAGE 3.2,SSP2021,6,3,24.423281716672996,22.17287284881805,TRUE,TRUE,2.250408867854947,9.214195266472583,High-RE,IMAGE 3.2 | SSP2021 | 2C
SCI-vetted,Aggregated R10 regions,2C,gap_GJ_pc,DLE gap,GJ per capita of cumulative DLE gap,TRUE,IMAGE,IMAGE 3.3,NAVIGATE,1,0,38.366243301723536,NA,FALSE,FALSE,NA,NA,NA,IMAGE 3.3 | NAVIGATE | 2C
SCI-vetted,Aggregated R10 regions,2C,gap_GJ_pc,DLE gap,GJ per capita of cumulative DLE gap,TRUE,MESSAGEix,MESSAGEix-GLOBIOM 2.0-M-R12-NGFS,NGFS Phase 5,0,3,NA,33.37402261383221,FALSE,FALSE,NA,NA,NA,MESSAGEix-GLOBIOM 2.0-M-R12-NGFS | NGFS Phase 5 | 2C
SCI-vetted,Aggregated R10 regions,2C,gap_GJ_pc,DLE gap,GJ per capita of cumulative DLE gap,TRUE,POLES,POLES-JRC ENGAGE,ENGAGE,41,0,26.297977668248095,NA,FALSE,FALSE,NA,NA,NA,POLES-JRC ENGAGE | ENGAGE | 2C
SCI-vetted,Aggregated R10 regions,2C,gap_GJ_pc,DLE gap,GJ per capita of cumulative DLE gap,TRUE,REMIND,REMIND 2.1,LeastTotalCost,0,1,NA,13.2795365014873,FALSE,FALSE,NA,NA,NA,REMIND 2.1 | LeastTotalCost | 2C
SCI-vetted,Aggregated R10 regions,2C,gap_GJ_pc,DLE gap,GJ per capita of cumulative DLE gap,TRUE,REMIND,REMIND 2.1,R2p1,0,1,NA,12.810745254738675,FALSE,FALSE,NA,NA,NA,REMIND 2.1 | R2p1 | 2C
SCI-vetted,Aggregated R10 regions,2C,gap_GJ_pc,DLE gap,GJ per capita of cumulative DLE gap,TRUE,REMIND,REMIND-Buildings 2.0,BEG,0,1,NA,22.6491588939758,FALSE,FALSE,NA,NA,NA,REMIND-Buildings 2.0 | BEG | 2C
SCI-vetted,Aggregated R10 regions,2C,gap_GJ_pc,DLE gap,GJ per capita of cumulative DLE gap,TRUE,REMIND,REMIND-MAgPIE 1.7-3.0,CD,0,1,NA,10.105358502151942,FALSE,FALSE,NA,NA,NA,REMIND-MAgPIE 1.7-3.0 | CD | 2C
SCI-vetted,Aggregated R10 regions,2C,gap_GJ_pc,DLE gap,GJ per capita of cumulative DLE gap,TRUE,REMIND,REMIND-MAgPIE 1.7-3.0,COMMIT,0,2,NA,9.708329789073943,FALSE,FALSE,NA,NA,NA,REMIND-MAgPIE 1.7-3.0 | COMMIT | 2C
SCI-vetted,Aggregated R10 regions,2C,gap_GJ_pc,DLE gap,GJ per capita of cumulative DLE gap,TRUE,REMIND,REMIND-MAgPIE 1.7-3.0,PEP,0,2,NA,9.708329789073943,FALSE,FALSE,NA,NA,NA,REMIND-MAgPIE 1.7-3.0 | PEP | 2C
SCI-vetted,Aggregated R10 regions,2C,gap_GJ_pc,DLE gap,GJ per capita of cumulative DLE gap,TRUE,REMIND,REMIND-MAgPIE 2.0-4.1,Diff,0,0,NA,NA,FALSE,FALSE,NA,NA,NA,REMIND-MAgPIE 2.0-4.1 | Diff | 2C
SCI-vetted,Aggregated R10 regions,2C,gap_GJ_pc,DLE gap,GJ per capita of cumulative DLE gap,TRUE,REMIND,REMIND-MAgPIE 2.1-4.2,ENGAGE,0,1,NA,12.79708214498455,FALSE,FALSE,NA,NA,NA,REMIND-MAgPIE 2.1-4.2 | ENGAGE | 2C
SCI-vetted,Aggregated R10 regions,2C,gap_GJ_pc,DLE gap,GJ per capita of cumulative DLE gap,TRUE,REMIND,REMIND-MAgPIE 2.1-4.2,NGFS Phase 2,0,2,NA,23.446643285117432,FALSE,FALSE,NA,NA,NA,REMIND-MAgPIE 2.1-4.2 | NGFS Phase 2 | 2C
SCI-vetted,Aggregated R10 regions,2C,gap_GJ_pc,DLE gap,GJ per capita of cumulative DLE gap,TRUE,REMIND,REMIND-MAgPIE 2.1-4.3,DeepElectrification,0,2,NA,12.14428834318456,FALSE,FALSE,NA,NA,NA,REMIND-MAgPIE 2.1-4.3 | DeepElectrification | 2C
SCI-vetted,Aggregated R10 regions,2C,gap_GJ_pc,DLE gap,GJ per capita of cumulative DLE gap,TRUE,REMIND,REMIND-MAgPIE 3.2-4.6,SHAPE,0,2,NA,15.769376371233015,FALSE,FALSE,NA,NA,NA,REMIND-MAgPIE 3.2-4.6 | SHAPE | 2C
SCI-vetted,Aggregated R10 regions,2C,gap_GJ_pc,DLE gap,GJ per capita of cumulative DLE gap,TRUE,REMIND,REMIND-MAgPIE 3.2.0-4.8.0,RESCUE,0,4,NA,18.89557012805073,FALSE,FALSE,NA,NA,NA,REMIND-MAgPIE 3.2.0-4.8.0 | RESCUE | 2C
SCI-vetted,Aggregated R10 regions,2C,gap_GJ_pc,DLE gap,GJ per capita of cumulative DLE gap,TRUE,REMIND,REMIND-MAgPIE 3.3-4.8,NGFS Phase 5,0,5,NA,19.82641649542415,FALSE,FALSE,NA,NA,NA,REMIND-MAgPIE 3.3-4.8 | NGFS Phase 5 | 2C
SCI-vetted,Aggregated R10 regions,2C,gap_GJ_pc,DLE gap,GJ per capita of cumulative DLE gap,TRUE,WITCH,WITCH 5.0,ENGAGE,0,26,NA,51.58149543611475,FALSE,FALSE,NA,NA,NA,WITCH 5.0 | ENGAGE | 2C
SCI-vetted,Aggregated R10 regions,2C,gap_GJ_pc,DLE gap,GJ per capita of cumulative DLE gap,TRUE,WITCH,WITCH 5.0,NAVIGATE,0,2,NA,36.34215493646181,FALSE,FALSE,NA,NA,NA,WITCH 5.0 | NAVIGATE | 2C
SCI-vetted,Aggregated R10 regions,2C,headcount_pct,Deprived share,population-year-weighted mean % below the DLE threshold,TRUE,GCAM,GCAM 5.3,NGFS Phase 2,0,1,NA,5.961041813699675,FALSE,FALSE,NA,NA,NA,GCAM 5.3 | NGFS Phase 2 | 2C
SCI-vetted,Aggregated R10 regions,2C,headcount_pct,Deprived share,population-year-weighted mean % below the DLE threshold,TRUE,GCAM,GCAM 6.0 NGFS,NGFS Phase 5,0,4,NA,4.972567756010526,FALSE,FALSE,NA,NA,NA,GCAM 6.0 NGFS | NGFS Phase 5 | 2C
SCI-vetted,Aggregated R10 regions,2C,headcount_pct,Deprived share,population-year-weighted mean % below the DLE threshold,TRUE,IMAGE,IMAGE 3.0,ENGAGE,15,0,5.668199412949101,NA,FALSE,FALSE,NA,NA,NA,IMAGE 3.0 | ENGAGE | 2C
SCI-vetted,Aggregated R10 regions,2C,headcount_pct,Deprived share,population-year-weighted mean % below the DLE threshold,TRUE,IMAGE,IMAGE 3.2,SSP2021,6,3,6.50716275036441,5.319929595505111,TRUE,TRUE,1.1872331548592987,18.245020147879536,High-RE,IMAGE 3.2 | SSP2021 | 2C
SCI-vetted,Aggregated R10 regions,2C,headcount_pct,Deprived share,population-year-weighted mean % below the DLE threshold,TRUE,IMAGE,IMAGE 3.3,NAVIGATE,1,0,10.365402704277903,NA,FALSE,FALSE,NA,NA,NA,IMAGE 3.3 | NAVIGATE | 2C
SCI-vetted,Aggregated R10 regions,2C,headcount_pct,Deprived share,population-year-weighted mean % below the DLE threshold,TRUE,MESSAGEix,MESSAGEix-GLOBIOM 2.0-M-R12-NGFS,NGFS Phase 5,0,3,NA,8.255002375730827,FALSE,FALSE,NA,NA,NA,MESSAGEix-GLOBIOM 2.0-M-R12-NGFS | NGFS Phase 5 | 2C
SCI-vetted,Aggregated R10 regions,2C,headcount_pct,Deprived share,population-year-weighted mean % below the DLE threshold,TRUE,POLES,POLES-JRC ENGAGE,ENGAGE,41,0,7.040684443488211,NA,FALSE,FALSE,NA,NA,NA,POLES-JRC ENGAGE | ENGAGE | 2C
SCI-vetted,Aggregated R10 regions,2C,headcount_pct,Deprived share,population-year-weighted mean % below the DLE threshold,TRUE,REMIND,REMIND 2.1,LeastTotalCost,0,1,NA,3.2763406670291824,FALSE,FALSE,NA,NA,NA,REMIND 2.1 | LeastTotalCost | 2C
SCI-vetted,Aggregated R10 regions,2C,headcount_pct,Deprived share,population-year-weighted mean % below the DLE threshold,TRUE,REMIND,REMIND 2.1,R2p1,0,1,NA,3.073145333137409,FALSE,FALSE,NA,NA,NA,REMIND 2.1 | R2p1 | 2C
SCI-vetted,Aggregated R10 regions,2C,headcount_pct,Deprived share,population-year-weighted mean % below the DLE threshold,TRUE,REMIND,REMIND-Buildings 2.0,BEG,0,1,NA,4.702238339722254,FALSE,FALSE,NA,NA,NA,REMIND-Buildings 2.0 | BEG | 2C
SCI-vetted,Aggregated R10 regions,2C,headcount_pct,Deprived share,population-year-weighted mean % below the DLE threshold,TRUE,REMIND,REMIND-MAgPIE 1.7-3.0,CD,0,1,NA,2.437000963005485,FALSE,FALSE,NA,NA,NA,REMIND-MAgPIE 1.7-3.0 | CD | 2C
SCI-vetted,Aggregated R10 regions,2C,headcount_pct,Deprived share,population-year-weighted mean % below the DLE threshold,TRUE,REMIND,REMIND-MAgPIE 1.7-3.0,COMMIT,0,2,NA,2.3837866168410438,FALSE,FALSE,NA,NA,NA,REMIND-MAgPIE 1.7-3.0 | COMMIT | 2C
SCI-vetted,Aggregated R10 regions,2C,headcount_pct,Deprived share,population-year-weighted mean % below the DLE threshold,TRUE,REMIND,REMIND-MAgPIE 1.7-3.0,PEP,0,2,NA,2.3837866168410438,FALSE,FALSE,NA,NA,NA,REMIND-MAgPIE 1.7-3.0 | PEP | 2C
SCI-vetted,Aggregated R10 regions,2C,headcount_pct,Deprived share,population-year-weighted mean % below the DLE threshold,TRUE,REMIND,REMIND-MAgPIE 2.0-4.1,Diff,0,0,NA,NA,FALSE,FALSE,NA,NA,NA,REMIND-MAgPIE 2.0-4.1 | Diff | 2C
SCI-vetted,Aggregated R10 regions,2C,headcount_pct,Deprived share,population-year-weighted mean % below the DLE threshold,TRUE,REMIND,REMIND-MAgPIE 2.1-4.2,ENGAGE,0,1,NA,3.071359143864823,FALSE,FALSE,NA,NA,NA,REMIND-MAgPIE 2.1-4.2 | ENGAGE | 2C
SCI-vetted,Aggregated R10 regions,2C,headcount_pct,Deprived share,population-year-weighted mean % below the DLE threshold,TRUE,REMIND,REMIND-MAgPIE 2.1-4.2,NGFS Phase 2,0,2,NA,6.666495629501689,FALSE,FALSE,NA,NA,NA,REMIND-MAgPIE 2.1-4.2 | NGFS Phase 2 | 2C
SCI-vetted,Aggregated R10 regions,2C,headcount_pct,Deprived share,population-year-weighted mean % below the DLE threshold,TRUE,REMIND,REMIND-MAgPIE 2.1-4.3,DeepElectrification,0,2,NA,3.081275063308113,FALSE,FALSE,NA,NA,NA,REMIND-MAgPIE 2.1-4.3 | DeepElectrification | 2C
SCI-vetted,Aggregated R10 regions,2C,headcount_pct,Deprived share,population-year-weighted mean % below the DLE threshold,TRUE,REMIND,REMIND-MAgPIE 3.2-4.6,SHAPE,0,2,NA,3.6051645275248436,FALSE,FALSE,NA,NA,NA,REMIND-MAgPIE 3.2-4.6 | SHAPE | 2C
SCI-vetted,Aggregated R10 regions,2C,headcount_pct,Deprived share,population-year-weighted mean % below the DLE threshold,TRUE,REMIND,REMIND-MAgPIE 3.2.0-4.8.0,RESCUE,0,4,NA,4.660383057701155,FALSE,FALSE,NA,NA,NA,REMIND-MAgPIE 3.2.0-4.8.0 | RESCUE | 2C
SCI-vetted,Aggregated R10 regions,2C,headcount_pct,Deprived share,population-year-weighted mean % below the DLE threshold,TRUE,REMIND,REMIND-MAgPIE 3.3-4.8,NGFS Phase 5,0,5,NA,5.148481640713336,FALSE,FALSE,NA,NA,NA,REMIND-MAgPIE 3.3-4.8 | NGFS Phase 5 | 2C
SCI-vetted,Aggregated R10 regions,2C,headcount_pct,Deprived share,population-year-weighted mean % below the DLE threshold,TRUE,WITCH,WITCH 5.0,ENGAGE,0,26,NA,14.743820223136042,FALSE,FALSE,NA,NA,NA,WITCH 5.0 | ENGAGE | 2C
SCI-vetted,Aggregated R10 regions,2C,headcount_pct,Deprived share,population-year-weighted mean % below the DLE threshold,TRUE,WITCH,WITCH 5.0,NAVIGATE,0,2,NA,8.649004829337935,FALSE,FALSE,NA,NA,NA,WITCH 5.0 | NAVIGATE | 2C
SCI-vetted,Aggregated R10 regions,2C,mortality_million_deaths,PM2.5 mortality,million cumulative PM2.5-attributable deaths,TRUE,GCAM,GCAM 5.3,NGFS Phase 2,0,1,NA,458.142275,FALSE,FALSE,NA,NA,NA,GCAM 5.3 | NGFS Phase 2 | 2C
SCI-vetted,Aggregated R10 regions,2C,mortality_million_deaths,PM2.5 mortality,million cumulative PM2.5-attributable deaths,TRUE,GCAM,GCAM 6.0 NGFS,NGFS Phase 5,0,4,NA,483.73089000000004,FALSE,FALSE,NA,NA,NA,GCAM 6.0 NGFS | NGFS Phase 5 | 2C
SCI-vetted,Aggregated R10 regions,2C,mortality_million_deaths,PM2.5 mortality,million cumulative PM2.5-attributable deaths,TRUE,IMAGE,IMAGE 3.0,ENGAGE,15,0,520.91717,NA,FALSE,FALSE,NA,NA,NA,IMAGE 3.0 | ENGAGE | 2C
SCI-vetted,Aggregated R10 regions,2C,mortality_million_deaths,PM2.5 mortality,million cumulative PM2.5-attributable deaths,TRUE,IMAGE,IMAGE 3.2,SSP2021,6,3,547.4050950000001,498.9329,TRUE,TRUE,48.472195000000056,8.854903880644379,High-RE,IMAGE 3.2 | SSP2021 | 2C
SCI-vetted,Aggregated R10 regions,2C,mortality_million_deaths,PM2.5 mortality,million cumulative PM2.5-attributable deaths,TRUE,IMAGE,IMAGE 3.3,NAVIGATE,1,0,487.80983,NA,FALSE,FALSE,NA,NA,NA,IMAGE 3.3 | NAVIGATE | 2C
SCI-vetted,Aggregated R10 regions,2C,mortality_million_deaths,PM2.5 mortality,million cumulative PM2.5-attributable deaths,TRUE,MESSAGEix,MESSAGEix-GLOBIOM 2.0-M-R12-NGFS,NGFS Phase 5,0,3,NA,448.27388,FALSE,FALSE,NA,NA,NA,MESSAGEix-GLOBIOM 2.0-M-R12-NGFS | NGFS Phase 5 | 2C
SCI-vetted,Aggregated R10 regions,2C,mortality_million_deaths,PM2.5 mortality,million cumulative PM2.5-attributable deaths,TRUE,POLES,POLES-JRC ENGAGE,ENGAGE,41,0,410.06586,NA,FALSE,FALSE,NA,NA,NA,POLES-JRC ENGAGE | ENGAGE | 2C
SCI-vetted,Aggregated R10 regions,2C,mortality_million_deaths,PM2.5 mortality,million cumulative PM2.5-attributable deaths,TRUE,REMIND,REMIND 2.1,LeastTotalCost,0,1,NA,503.38078,FALSE,FALSE,NA,NA,NA,REMIND 2.1 | LeastTotalCost | 2C
SCI-vetted,Aggregated R10 regions,2C,mortality_million_deaths,PM2.5 mortality,million cumulative PM2.5-attributable deaths,TRUE,REMIND,REMIND 2.1,R2p1,0,1,NA,482.88204,FALSE,FALSE,NA,NA,NA,REMIND 2.1 | R2p1 | 2C
SCI-vetted,Aggregated R10 regions,2C,mortality_million_deaths,PM2.5 mortality,million cumulative PM2.5-attributable deaths,TRUE,REMIND,REMIND-Buildings 2.0,BEG,0,1,NA,531.202955,FALSE,FALSE,NA,NA,NA,REMIND-Buildings 2.0 | BEG | 2C
SCI-vetted,Aggregated R10 regions,2C,mortality_million_deaths,PM2.5 mortality,million cumulative PM2.5-attributable deaths,TRUE,REMIND,REMIND-MAgPIE 1.7-3.0,CD,0,1,NA,492.362645,FALSE,FALSE,NA,NA,NA,REMIND-MAgPIE 1.7-3.0 | CD | 2C
SCI-vetted,Aggregated R10 regions,2C,mortality_million_deaths,PM2.5 mortality,million cumulative PM2.5-attributable deaths,TRUE,REMIND,REMIND-MAgPIE 1.7-3.0,COMMIT,0,2,NA,485.1808025,FALSE,FALSE,NA,NA,NA,REMIND-MAgPIE 1.7-3.0 | COMMIT | 2C
SCI-vetted,Aggregated R10 regions,2C,mortality_million_deaths,PM2.5 mortality,million cumulative PM2.5-attributable deaths,TRUE,REMIND,REMIND-MAgPIE 1.7-3.0,PEP,0,2,NA,485.1808025,FALSE,FALSE,NA,NA,NA,REMIND-MAgPIE 1.7-3.0 | PEP | 2C
SCI-vetted,Aggregated R10 regions,2C,mortality_million_deaths,PM2.5 mortality,million cumulative PM2.5-attributable deaths,TRUE,REMIND,REMIND-MAgPIE 2.1-4.2,ENGAGE,0,1,NA,479.72188,FALSE,FALSE,NA,NA,NA,REMIND-MAgPIE 2.1-4.2 | ENGAGE | 2C
SCI-vetted,Aggregated R10 regions,2C,mortality_million_deaths,PM2.5 mortality,million cumulative PM2.5-attributable deaths,TRUE,REMIND,REMIND-MAgPIE 2.1-4.2,NGFS Phase 2,0,2,NA,428.7699675,FALSE,FALSE,NA,NA,NA,REMIND-MAgPIE 2.1-4.2 | NGFS Phase 2 | 2C
SCI-vetted,Aggregated R10 regions,2C,mortality_million_deaths,PM2.5 mortality,million cumulative PM2.5-attributable deaths,TRUE,REMIND,REMIND-MAgPIE 2.1-4.3,DeepElectrification,0,2,NA,452.28385749999995,FALSE,FALSE,NA,NA,NA,REMIND-MAgPIE 2.1-4.3 | DeepElectrification | 2C
SCI-vetted,Aggregated R10 regions,2C,mortality_million_deaths,PM2.5 mortality,million cumulative PM2.5-attributable deaths,TRUE,REMIND,REMIND-MAgPIE 3.2-4.6,SHAPE,0,2,NA,417.9216925,FALSE,FALSE,NA,NA,NA,REMIND-MAgPIE 3.2-4.6 | SHAPE | 2C
SCI-vetted,Aggregated R10 regions,2C,mortality_million_deaths,PM2.5 mortality,million cumulative PM2.5-attributable deaths,TRUE,REMIND,REMIND-MAgPIE 3.2.0-4.8.0,RESCUE,0,4,NA,411.5572725,FALSE,FALSE,NA,NA,NA,REMIND-MAgPIE 3.2.0-4.8.0 | RESCUE | 2C
SCI-vetted,Aggregated R10 regions,2C,mortality_million_deaths,PM2.5 mortality,million cumulative PM2.5-attributable deaths,TRUE,REMIND,REMIND-MAgPIE 3.3-4.8,NGFS Phase 5,0,5,NA,439.21914,FALSE,FALSE,NA,NA,NA,REMIND-MAgPIE 3.3-4.8 | NGFS Phase 5 | 2C
SCI-vetted,Aggregated R10 regions,2C,mortality_million_deaths,PM2.5 mortality,million cumulative PM2.5-attributable deaths,TRUE,WITCH,WITCH 5.0,ENGAGE,0,26,NA,439.28450499999997,FALSE,FALSE,NA,NA,NA,WITCH 5.0 | ENGAGE | 2C
SCI-vetted,Aggregated R10 regions,2C,mortality_million_deaths,PM2.5 mortality,million cumulative PM2.5-attributable deaths,TRUE,WITCH,WITCH 5.0,NAVIGATE,0,2,NA,443.397235,FALSE,FALSE,NA,NA,NA,WITCH 5.0 | NAVIGATE | 2C
SCI-vetted,Aggregated R10 regions,2C,total_energy_jobyears_per_1k,Employment,"total energy-sector job-years per 1,000 people",FALSE,GCAM,GCAM 5.3,NGFS Phase 2,0,1,NA,316.1540679944898,FALSE,FALSE,NA,NA,NA,GCAM 5.3 | NGFS Phase 2 | 2C
SCI-vetted,Aggregated R10 regions,2C,total_energy_jobyears_per_1k,Employment,"total energy-sector job-years per 1,000 people",FALSE,GCAM,GCAM 6.0 NGFS,NGFS Phase 5,0,4,NA,554.6597400979427,FALSE,FALSE,NA,NA,NA,GCAM 6.0 NGFS | NGFS Phase 5 | 2C
SCI-vetted,Aggregated R10 regions,2C,total_energy_jobyears_per_1k,Employment,"total energy-sector job-years per 1,000 people",FALSE,IMAGE,IMAGE 3.0,ENGAGE,15,0,246.54984596542357,NA,FALSE,FALSE,NA,NA,NA,IMAGE 3.0 | ENGAGE | 2C
SCI-vetted,Aggregated R10 regions,2C,total_energy_jobyears_per_1k,Employment,"total energy-sector job-years per 1,000 people",FALSE,IMAGE,IMAGE 3.2,SSP2021,6,3,294.2632558869415,527.1238490953752,TRUE,TRUE,232.86059320843373,79.13342510486622,High-RE,IMAGE 3.2 | SSP2021 | 2C
SCI-vetted,Aggregated R10 regions,2C,total_energy_jobyears_per_1k,Employment,"total energy-sector job-years per 1,000 people",FALSE,IMAGE,IMAGE 3.3,NAVIGATE,1,0,341.25646169714037,NA,FALSE,FALSE,NA,NA,NA,IMAGE 3.3 | NAVIGATE | 2C
SCI-vetted,Aggregated R10 regions,2C,total_energy_jobyears_per_1k,Employment,"total energy-sector job-years per 1,000 people",FALSE,MESSAGEix,MESSAGEix-GLOBIOM 2.0-M-R12-NGFS,NGFS Phase 5,0,3,NA,374.4634328411695,FALSE,FALSE,NA,NA,NA,MESSAGEix-GLOBIOM 2.0-M-R12-NGFS | NGFS Phase 5 | 2C
SCI-vetted,Aggregated R10 regions,2C,total_energy_jobyears_per_1k,Employment,"total energy-sector job-years per 1,000 people",FALSE,POLES,POLES-JRC ENGAGE,ENGAGE,41,0,366.3670355375131,NA,FALSE,FALSE,NA,NA,NA,POLES-JRC ENGAGE | ENGAGE | 2C
SCI-vetted,Aggregated R10 regions,2C,total_energy_jobyears_per_1k,Employment,"total energy-sector job-years per 1,000 people",FALSE,REMIND,REMIND 2.1,LeastTotalCost,0,1,NA,416.36152552789974,FALSE,FALSE,NA,NA,NA,REMIND 2.1 | LeastTotalCost | 2C
SCI-vetted,Aggregated R10 regions,2C,total_energy_jobyears_per_1k,Employment,"total energy-sector job-years per 1,000 people",FALSE,REMIND,REMIND 2.1,R2p1,0,1,NA,468.8838661309683,FALSE,FALSE,NA,NA,NA,REMIND 2.1 | R2p1 | 2C
SCI-vetted,Aggregated R10 regions,2C,total_energy_jobyears_per_1k,Employment,"total energy-sector job-years per 1,000 people",FALSE,REMIND,REMIND-Buildings 2.0,BEG,0,1,NA,501.27592780820913,FALSE,FALSE,NA,NA,NA,REMIND-Buildings 2.0 | BEG | 2C
SCI-vetted,Aggregated R10 regions,2C,total_energy_jobyears_per_1k,Employment,"total energy-sector job-years per 1,000 people",FALSE,REMIND,REMIND-MAgPIE 1.7-3.0,CD,0,1,NA,569.1441940820214,FALSE,FALSE,NA,NA,NA,REMIND-MAgPIE 1.7-3.0 | CD | 2C
SCI-vetted,Aggregated R10 regions,2C,total_energy_jobyears_per_1k,Employment,"total energy-sector job-years per 1,000 people",FALSE,REMIND,REMIND-MAgPIE 1.7-3.0,COMMIT,0,2,NA,549.0359054906253,FALSE,FALSE,NA,NA,NA,REMIND-MAgPIE 1.7-3.0 | COMMIT | 2C
SCI-vetted,Aggregated R10 regions,2C,total_energy_jobyears_per_1k,Employment,"total energy-sector job-years per 1,000 people",FALSE,REMIND,REMIND-MAgPIE 1.7-3.0,PEP,0,2,NA,549.0359054906253,FALSE,FALSE,NA,NA,NA,REMIND-MAgPIE 1.7-3.0 | PEP | 2C
SCI-vetted,Aggregated R10 regions,2C,total_energy_jobyears_per_1k,Employment,"total energy-sector job-years per 1,000 people",FALSE,REMIND,REMIND-MAgPIE 2.0-4.1,Diff,0,0,NA,NA,FALSE,FALSE,NA,NA,NA,REMIND-MAgPIE 2.0-4.1 | Diff | 2C
SCI-vetted,Aggregated R10 regions,2C,total_energy_jobyears_per_1k,Employment,"total energy-sector job-years per 1,000 people",FALSE,REMIND,REMIND-MAgPIE 2.1-4.2,ENGAGE,0,1,NA,480.59944131506956,FALSE,FALSE,NA,NA,NA,REMIND-MAgPIE 2.1-4.2 | ENGAGE | 2C
SCI-vetted,Aggregated R10 regions,2C,total_energy_jobyears_per_1k,Employment,"total energy-sector job-years per 1,000 people",FALSE,REMIND,REMIND-MAgPIE 2.1-4.2,NGFS Phase 2,0,2,NA,412.65308889410437,FALSE,FALSE,NA,NA,NA,REMIND-MAgPIE 2.1-4.2 | NGFS Phase 2 | 2C
SCI-vetted,Aggregated R10 regions,2C,total_energy_jobyears_per_1k,Employment,"total energy-sector job-years per 1,000 people",FALSE,REMIND,REMIND-MAgPIE 2.1-4.3,DeepElectrification,0,2,NA,375.0773899970858,FALSE,FALSE,NA,NA,NA,REMIND-MAgPIE 2.1-4.3 | DeepElectrification | 2C
SCI-vetted,Aggregated R10 regions,2C,total_energy_jobyears_per_1k,Employment,"total energy-sector job-years per 1,000 people",FALSE,REMIND,REMIND-MAgPIE 3.2-4.6,SHAPE,0,2,NA,580.0291114524703,FALSE,FALSE,NA,NA,NA,REMIND-MAgPIE 3.2-4.6 | SHAPE | 2C
SCI-vetted,Aggregated R10 regions,2C,total_energy_jobyears_per_1k,Employment,"total energy-sector job-years per 1,000 people",FALSE,REMIND,REMIND-MAgPIE 3.2.0-4.8.0,RESCUE,0,4,NA,719.5863824189921,FALSE,FALSE,NA,NA,NA,REMIND-MAgPIE 3.2.0-4.8.0 | RESCUE | 2C
SCI-vetted,Aggregated R10 regions,2C,total_energy_jobyears_per_1k,Employment,"total energy-sector job-years per 1,000 people",FALSE,REMIND,REMIND-MAgPIE 3.3-4.8,NGFS Phase 5,0,5,NA,485.136064910009,FALSE,FALSE,NA,NA,NA,REMIND-MAgPIE 3.3-4.8 | NGFS Phase 5 | 2C
SCI-vetted,Aggregated R10 regions,2C,total_energy_jobyears_per_1k,Employment,"total energy-sector job-years per 1,000 people",FALSE,WITCH,WITCH 5.0,ENGAGE,0,26,NA,402.4981610489026,FALSE,FALSE,NA,NA,NA,WITCH 5.0 | ENGAGE | 2C
SCI-vetted,Aggregated R10 regions,2C,total_energy_jobyears_per_1k,Employment,"total energy-sector job-years per 1,000 people",FALSE,WITCH,WITCH 5.0,NAVIGATE,0,2,NA,415.5946356861092,FALSE,FALSE,NA,NA,NA,WITCH 5.0 | NAVIGATE | 2C
SCI-vetted,R10AFRICA,1.5C,gap_GJ_pc,DLE gap,GJ per capita of cumulative DLE gap,TRUE,GCAM,GCAM 6.0 NGFS,NGFS Phase 5,0,2,NA,78.08322787338052,FALSE,FALSE,NA,NA,NA,GCAM 6.0 NGFS | NGFS Phase 5 | 1.5C
SCI-vetted,R10AFRICA,1.5C,gap_GJ_pc,DLE gap,GJ per capita of cumulative DLE gap,TRUE,IMAGE,IMAGE 3.2,SSP2021,4,1,72.47904746695816,68.5914596440265,TRUE,FALSE,3.887587822931664,5.363740223964646,High-RE,IMAGE 3.2 | SSP2021 | 1.5C
SCI-vetted,R10AFRICA,1.5C,gap_GJ_pc,DLE gap,GJ per capita of cumulative DLE gap,TRUE,POLES,POLES-JRC ENGAGE,ENGAGE,2,0,128.4746073319752,NA,FALSE,FALSE,NA,NA,NA,POLES-JRC ENGAGE | ENGAGE | 1.5C
SCI-vetted,R10AFRICA,1.5C,gap_GJ_pc,DLE gap,GJ per capita of cumulative DLE gap,TRUE,REMIND,REMIND-MAgPIE 3.2.0-4.8.0,RESCUE,0,2,NA,60.05301407167716,FALSE,FALSE,NA,NA,NA,REMIND-MAgPIE 3.2.0-4.8.0 | RESCUE | 1.5C
SCI-vetted,R10AFRICA,1.5C,gap_GJ_pc,DLE gap,GJ per capita of cumulative DLE gap,TRUE,REMIND,REMIND-MAgPIE 3.3-4.8,NGFS Phase 5,0,1,NA,100.89824821933742,FALSE,FALSE,NA,NA,NA,REMIND-MAgPIE 3.3-4.8 | NGFS Phase 5 | 1.5C
SCI-vetted,R10AFRICA,1.5C,headcount_pct,Deprived share,population-year-weighted mean % below the DLE threshold,TRUE,GCAM,GCAM 6.0 NGFS,NGFS Phase 5,0,2,NA,11.995105545945824,FALSE,FALSE,NA,NA,NA,GCAM 6.0 NGFS | NGFS Phase 5 | 1.5C
SCI-vetted,R10AFRICA,1.5C,headcount_pct,Deprived share,population-year-weighted mean % below the DLE threshold,TRUE,IMAGE,IMAGE 3.2,SSP2021,4,1,12.352977576550515,12.757389834769416,TRUE,FALSE,-0.40441225821890114,-3.2738038720849887,High-CDR,IMAGE 3.2 | SSP2021 | 1.5C
SCI-vetted,R10AFRICA,1.5C,headcount_pct,Deprived share,population-year-weighted mean % below the DLE threshold,TRUE,POLES,POLES-JRC ENGAGE,ENGAGE,2,0,23.078476052826744,NA,FALSE,FALSE,NA,NA,NA,POLES-JRC ENGAGE | ENGAGE | 1.5C
SCI-vetted,R10AFRICA,1.5C,headcount_pct,Deprived share,population-year-weighted mean % below the DLE threshold,TRUE,REMIND,REMIND-MAgPIE 3.2.0-4.8.0,RESCUE,0,2,NA,10.545981572340459,FALSE,FALSE,NA,NA,NA,REMIND-MAgPIE 3.2.0-4.8.0 | RESCUE | 1.5C
SCI-vetted,R10AFRICA,1.5C,headcount_pct,Deprived share,population-year-weighted mean % below the DLE threshold,TRUE,REMIND,REMIND-MAgPIE 3.3-4.8,NGFS Phase 5,0,1,NA,16.82182220823383,FALSE,FALSE,NA,NA,NA,REMIND-MAgPIE 3.3-4.8 | NGFS Phase 5 | 1.5C
SCI-vetted,R10AFRICA,1.5C,mortality_million_deaths,PM2.5 mortality,million cumulative PM2.5-attributable deaths,TRUE,GCAM,GCAM 6.0 NGFS,NGFS Phase 5,0,2,NA,81.59686500000001,FALSE,FALSE,NA,NA,NA,GCAM 6.0 NGFS | NGFS Phase 5 | 1.5C
SCI-vetted,R10AFRICA,1.5C,mortality_million_deaths,PM2.5 mortality,million cumulative PM2.5-attributable deaths,TRUE,IMAGE,IMAGE 3.2,SSP2021,4,1,84.3068025,76.85588,TRUE,FALSE,7.450922500000004,8.837866315710412,High-RE,IMAGE 3.2 | SSP2021 | 1.5C
SCI-vetted,R10AFRICA,1.5C,mortality_million_deaths,PM2.5 mortality,million cumulative PM2.5-attributable deaths,TRUE,POLES,POLES-JRC ENGAGE,ENGAGE,2,0,70.95993999999999,NA,FALSE,FALSE,NA,NA,NA,POLES-JRC ENGAGE | ENGAGE | 1.5C
SCI-vetted,R10AFRICA,1.5C,mortality_million_deaths,PM2.5 mortality,million cumulative PM2.5-attributable deaths,TRUE,REMIND,REMIND-MAgPIE 3.2.0-4.8.0,RESCUE,0,2,NA,78.659675,FALSE,FALSE,NA,NA,NA,REMIND-MAgPIE 3.2.0-4.8.0 | RESCUE | 1.5C
SCI-vetted,R10AFRICA,1.5C,mortality_million_deaths,PM2.5 mortality,million cumulative PM2.5-attributable deaths,TRUE,REMIND,REMIND-MAgPIE 3.3-4.8,NGFS Phase 5,0,1,NA,78.522135,FALSE,FALSE,NA,NA,NA,REMIND-MAgPIE 3.3-4.8 | NGFS Phase 5 | 1.5C
SCI-vetted,R10AFRICA,1.5C,total_energy_jobyears_per_1k,Employment,"total energy-sector job-years per 1,000 people",FALSE,GCAM,GCAM 6.0 NGFS,NGFS Phase 5,0,2,NA,990.4922229263763,FALSE,FALSE,NA,NA,NA,GCAM 6.0 NGFS | NGFS Phase 5 | 1.5C
SCI-vetted,R10AFRICA,1.5C,total_energy_jobyears_per_1k,Employment,"total energy-sector job-years per 1,000 people",FALSE,IMAGE,IMAGE 3.2,SSP2021,4,1,505.09426176183536,795.4767071800784,TRUE,FALSE,290.38244541824304,57.4907432932124,High-RE,IMAGE 3.2 | SSP2021 | 1.5C
SCI-vetted,R10AFRICA,1.5C,total_energy_jobyears_per_1k,Employment,"total energy-sector job-years per 1,000 people",FALSE,POLES,POLES-JRC ENGAGE,ENGAGE,2,0,457.9495260103603,NA,FALSE,FALSE,NA,NA,NA,POLES-JRC ENGAGE | ENGAGE | 1.5C
SCI-vetted,R10AFRICA,1.5C,total_energy_jobyears_per_1k,Employment,"total energy-sector job-years per 1,000 people",FALSE,REMIND,REMIND-MAgPIE 3.2.0-4.8.0,RESCUE,0,2,NA,1154.1162261984512,FALSE,FALSE,NA,NA,NA,REMIND-MAgPIE 3.2.0-4.8.0 | RESCUE | 1.5C
SCI-vetted,R10AFRICA,1.5C,total_energy_jobyears_per_1k,Employment,"total energy-sector job-years per 1,000 people",FALSE,REMIND,REMIND-MAgPIE 3.3-4.8,NGFS Phase 5,0,1,NA,826.4777471938536,FALSE,FALSE,NA,NA,NA,REMIND-MAgPIE 3.3-4.8 | NGFS Phase 5 | 1.5C
SCI-vetted,R10AFRICA,2C,gap_GJ_pc,DLE gap,GJ per capita of cumulative DLE gap,TRUE,GCAM,GCAM 5.3,NGFS Phase 2,0,1,NA,50.6174283045329,FALSE,FALSE,NA,NA,NA,GCAM 5.3 | NGFS Phase 2 | 2C
SCI-vetted,R10AFRICA,2C,gap_GJ_pc,DLE gap,GJ per capita of cumulative DLE gap,TRUE,GCAM,GCAM 6.0 NGFS,NGFS Phase 5,0,4,NA,53.672156658458775,FALSE,FALSE,NA,NA,NA,GCAM 6.0 NGFS | NGFS Phase 5 | 2C
SCI-vetted,R10AFRICA,2C,gap_GJ_pc,DLE gap,GJ per capita of cumulative DLE gap,TRUE,IMAGE,IMAGE 3.0,ENGAGE,15,0,67.84299243586268,NA,FALSE,FALSE,NA,NA,NA,IMAGE 3.0 | ENGAGE | 2C
SCI-vetted,R10AFRICA,2C,gap_GJ_pc,DLE gap,GJ per capita of cumulative DLE gap,TRUE,IMAGE,IMAGE 3.2,SSP2021,6,3,62.25235435950175,57.92923522800784,TRUE,TRUE,4.323119131493911,6.944507040694857,High-RE,IMAGE 3.2 | SSP2021 | 2C
SCI-vetted,R10AFRICA,2C,gap_GJ_pc,DLE gap,GJ per capita of cumulative DLE gap,TRUE,IMAGE,IMAGE 3.3,NAVIGATE,1,0,133.42454910090325,NA,FALSE,FALSE,NA,NA,NA,IMAGE 3.3 | NAVIGATE | 2C
SCI-vetted,R10AFRICA,2C,gap_GJ_pc,DLE gap,GJ per capita of cumulative DLE gap,TRUE,MESSAGEix,MESSAGEix-GLOBIOM 2.0-M-R12-NGFS,NGFS Phase 5,0,3,NA,148.6058127905903,FALSE,FALSE,NA,NA,NA,MESSAGEix-GLOBIOM 2.0-M-R12-NGFS | NGFS Phase 5 | 2C
SCI-vetted,R10AFRICA,2C,gap_GJ_pc,DLE gap,GJ per capita of cumulative DLE gap,TRUE,POLES,POLES-JRC ENGAGE,ENGAGE,41,0,96.44776426593492,NA,FALSE,FALSE,NA,NA,NA,POLES-JRC ENGAGE | ENGAGE | 2C
SCI-vetted,R10AFRICA,2C,gap_GJ_pc,DLE gap,GJ per capita of cumulative DLE gap,TRUE,REMIND,REMIND 2.1,LeastTotalCost,0,1,NA,28.70723363598175,FALSE,FALSE,NA,NA,NA,REMIND 2.1 | LeastTotalCost | 2C
SCI-vetted,R10AFRICA,2C,gap_GJ_pc,DLE gap,GJ per capita of cumulative DLE gap,TRUE,REMIND,REMIND 2.1,R2p1,0,1,NA,28.36644401961236,FALSE,FALSE,NA,NA,NA,REMIND 2.1 | R2p1 | 2C
SCI-vetted,R10AFRICA,2C,gap_GJ_pc,DLE gap,GJ per capita of cumulative DLE gap,TRUE,REMIND,REMIND-Buildings 2.0,BEG,0,1,NA,86.43458531157948,FALSE,FALSE,NA,NA,NA,REMIND-Buildings 2.0 | BEG | 2C
SCI-vetted,R10AFRICA,2C,gap_GJ_pc,DLE gap,GJ per capita of cumulative DLE gap,TRUE,REMIND,REMIND-MAgPIE 1.7-3.0,CD,0,1,NA,25.92058724997604,FALSE,FALSE,NA,NA,NA,REMIND-MAgPIE 1.7-3.0 | CD | 2C
SCI-vetted,R10AFRICA,2C,gap_GJ_pc,DLE gap,GJ per capita of cumulative DLE gap,TRUE,REMIND,REMIND-MAgPIE 1.7-3.0,COMMIT,0,2,NA,26.271300358029844,FALSE,FALSE,NA,NA,NA,REMIND-MAgPIE 1.7-3.0 | COMMIT | 2C
SCI-vetted,R10AFRICA,2C,gap_GJ_pc,DLE gap,GJ per capita of cumulative DLE gap,TRUE,REMIND,REMIND-MAgPIE 1.7-3.0,PEP,0,2,NA,26.271300358029844,FALSE,FALSE,NA,NA,NA,REMIND-MAgPIE 1.7-3.0 | PEP | 2C
SCI-vetted,R10AFRICA,2C,gap_GJ_pc,DLE gap,GJ per capita of cumulative DLE gap,TRUE,REMIND,REMIND-MAgPIE 2.0-4.1,Diff,0,1,NA,28.447494696292164,FALSE,FALSE,NA,NA,NA,REMIND-MAgPIE 2.0-4.1 | Diff | 2C
SCI-vetted,R10AFRICA,2C,gap_GJ_pc,DLE gap,GJ per capita of cumulative DLE gap,TRUE,REMIND,REMIND-MAgPIE 2.1-4.2,ENGAGE,0,1,NA,28.49756667856962,FALSE,FALSE,NA,NA,NA,REMIND-MAgPIE 2.1-4.2 | ENGAGE | 2C
SCI-vetted,R10AFRICA,2C,gap_GJ_pc,DLE gap,GJ per capita of cumulative DLE gap,TRUE,REMIND,REMIND-MAgPIE 2.1-4.2,NGFS Phase 2,0,2,NA,60.580847138789316,FALSE,FALSE,NA,NA,NA,REMIND-MAgPIE 2.1-4.2 | NGFS Phase 2 | 2C
SCI-vetted,R10AFRICA,2C,gap_GJ_pc,DLE gap,GJ per capita of cumulative DLE gap,TRUE,REMIND,REMIND-MAgPIE 2.1-4.3,DeepElectrification,0,2,NA,24.362145491907135,FALSE,FALSE,NA,NA,NA,REMIND-MAgPIE 2.1-4.3 | DeepElectrification | 2C
SCI-vetted,R10AFRICA,2C,gap_GJ_pc,DLE gap,GJ per capita of cumulative DLE gap,TRUE,REMIND,REMIND-MAgPIE 3.2-4.6,SHAPE,0,2,NA,48.207975612456494,FALSE,FALSE,NA,NA,NA,REMIND-MAgPIE 3.2-4.6 | SHAPE | 2C
SCI-vetted,R10AFRICA,2C,gap_GJ_pc,DLE gap,GJ per capita of cumulative DLE gap,TRUE,REMIND,REMIND-MAgPIE 3.2.0-4.8.0,RESCUE,0,4,NA,57.25785255535101,FALSE,FALSE,NA,NA,NA,REMIND-MAgPIE 3.2.0-4.8.0 | RESCUE | 2C
SCI-vetted,R10AFRICA,2C,gap_GJ_pc,DLE gap,GJ per capita of cumulative DLE gap,TRUE,REMIND,REMIND-MAgPIE 3.3-4.8,NGFS Phase 5,0,5,NA,67.71455778370141,FALSE,FALSE,NA,NA,NA,REMIND-MAgPIE 3.3-4.8 | NGFS Phase 5 | 2C
SCI-vetted,R10AFRICA,2C,gap_GJ_pc,DLE gap,GJ per capita of cumulative DLE gap,TRUE,WITCH,WITCH 5.0,ENGAGE,0,26,NA,220.13255438724048,FALSE,FALSE,NA,NA,NA,WITCH 5.0 | ENGAGE | 2C
SCI-vetted,R10AFRICA,2C,gap_GJ_pc,DLE gap,GJ per capita of cumulative DLE gap,TRUE,WITCH,WITCH 5.0,NAVIGATE,0,2,NA,114.88800479519719,FALSE,FALSE,NA,NA,NA,WITCH 5.0 | NAVIGATE | 2C
SCI-vetted,R10AFRICA,2C,headcount_pct,Deprived share,population-year-weighted mean % below the DLE threshold,TRUE,GCAM,GCAM 5.3,NGFS Phase 2,0,1,NA,9.275733846733036,FALSE,FALSE,NA,NA,NA,GCAM 5.3 | NGFS Phase 2 | 2C
SCI-vetted,R10AFRICA,2C,headcount_pct,Deprived share,population-year-weighted mean % below the DLE threshold,TRUE,GCAM,GCAM 6.0 NGFS,NGFS Phase 5,0,4,NA,7.9568851058533365,FALSE,FALSE,NA,NA,NA,GCAM 6.0 NGFS | NGFS Phase 5 | 2C
SCI-vetted,R10AFRICA,2C,headcount_pct,Deprived share,population-year-weighted mean % below the DLE threshold,TRUE,IMAGE,IMAGE 3.0,ENGAGE,15,0,11.509265157520202,NA,FALSE,FALSE,NA,NA,NA,IMAGE 3.0 | ENGAGE | 2C
SCI-vetted,R10AFRICA,2C,headcount_pct,Deprived share,population-year-weighted mean % below the DLE threshold,TRUE,IMAGE,IMAGE 3.2,SSP2021,6,3,10.98504997170639,9.039023697888044,TRUE,TRUE,1.9460262738183456,17.71522459006215,High-RE,IMAGE 3.2 | SSP2021 | 2C
SCI-vetted,R10AFRICA,2C,headcount_pct,Deprived share,population-year-weighted mean % below the DLE threshold,TRUE,IMAGE,IMAGE 3.3,NAVIGATE,1,0,23.16254016779596,NA,FALSE,FALSE,NA,NA,NA,IMAGE 3.3 | NAVIGATE | 2C
SCI-vetted,R10AFRICA,2C,headcount_pct,Deprived share,population-year-weighted mean % below the DLE threshold,TRUE,MESSAGEix,MESSAGEix-GLOBIOM 2.0-M-R12-NGFS,NGFS Phase 5,0,3,NA,22.275655809360163,FALSE,FALSE,NA,NA,NA,MESSAGEix-GLOBIOM 2.0-M-R12-NGFS | NGFS Phase 5 | 2C
SCI-vetted,R10AFRICA,2C,headcount_pct,Deprived share,population-year-weighted mean % below the DLE threshold,TRUE,POLES,POLES-JRC ENGAGE,ENGAGE,41,0,16.3024476641885,NA,FALSE,FALSE,NA,NA,NA,POLES-JRC ENGAGE | ENGAGE | 2C
SCI-vetted,R10AFRICA,2C,headcount_pct,Deprived share,population-year-weighted mean % below the DLE threshold,TRUE,REMIND,REMIND 2.1,LeastTotalCost,0,1,NA,5.49712084376005,FALSE,FALSE,NA,NA,NA,REMIND 2.1 | LeastTotalCost | 2C
SCI-vetted,R10AFRICA,2C,headcount_pct,Deprived share,population-year-weighted mean % below the DLE threshold,TRUE,REMIND,REMIND 2.1,R2p1,0,1,NA,5.250851382464387,FALSE,FALSE,NA,NA,NA,REMIND 2.1 | R2p1 | 2C
SCI-vetted,R10AFRICA,2C,headcount_pct,Deprived share,population-year-weighted mean % below the DLE threshold,TRUE,REMIND,REMIND-Buildings 2.0,BEG,0,1,NA,11.568156268310634,FALSE,FALSE,NA,NA,NA,REMIND-Buildings 2.0 | BEG | 2C
SCI-vetted,R10AFRICA,2C,headcount_pct,Deprived share,population-year-weighted mean % below the DLE threshold,TRUE,REMIND,REMIND-MAgPIE 1.7-3.0,CD,0,1,NA,4.8434766810032075,FALSE,FALSE,NA,NA,NA,REMIND-MAgPIE 1.7-3.0 | CD | 2C
SCI-vetted,R10AFRICA,2C,headcount_pct,Deprived share,population-year-weighted mean % below the DLE threshold,TRUE,REMIND,REMIND-MAgPIE 1.7-3.0,COMMIT,0,2,NA,4.880294553746788,FALSE,FALSE,NA,NA,NA,REMIND-MAgPIE 1.7-3.0 | COMMIT | 2C
SCI-vetted,R10AFRICA,2C,headcount_pct,Deprived share,population-year-weighted mean % below the DLE threshold,TRUE,REMIND,REMIND-MAgPIE 1.7-3.0,PEP,0,2,NA,4.880294553746788,FALSE,FALSE,NA,NA,NA,REMIND-MAgPIE 1.7-3.0 | PEP | 2C
SCI-vetted,R10AFRICA,2C,headcount_pct,Deprived share,population-year-weighted mean % below the DLE threshold,TRUE,REMIND,REMIND-MAgPIE 2.0-4.1,Diff,0,1,NA,5.246117132252948,FALSE,FALSE,NA,NA,NA,REMIND-MAgPIE 2.0-4.1 | Diff | 2C
SCI-vetted,R10AFRICA,2C,headcount_pct,Deprived share,population-year-weighted mean % below the DLE threshold,TRUE,REMIND,REMIND-MAgPIE 2.1-4.2,ENGAGE,0,1,NA,5.27224281549365,FALSE,FALSE,NA,NA,NA,REMIND-MAgPIE 2.1-4.2 | ENGAGE | 2C
SCI-vetted,R10AFRICA,2C,headcount_pct,Deprived share,population-year-weighted mean % below the DLE threshold,TRUE,REMIND,REMIND-MAgPIE 2.1-4.2,NGFS Phase 2,0,2,NA,14.010825590867828,FALSE,FALSE,NA,NA,NA,REMIND-MAgPIE 2.1-4.2 | NGFS Phase 2 | 2C
SCI-vetted,R10AFRICA,2C,headcount_pct,Deprived share,population-year-weighted mean % below the DLE threshold,TRUE,REMIND,REMIND-MAgPIE 2.1-4.3,DeepElectrification,0,2,NA,4.954839245731433,FALSE,FALSE,NA,NA,NA,REMIND-MAgPIE 2.1-4.3 | DeepElectrification | 2C
SCI-vetted,R10AFRICA,2C,headcount_pct,Deprived share,population-year-weighted mean % below the DLE threshold,TRUE,REMIND,REMIND-MAgPIE 3.2-4.6,SHAPE,0,2,NA,7.060014754576703,FALSE,FALSE,NA,NA,NA,REMIND-MAgPIE 3.2-4.6 | SHAPE | 2C
SCI-vetted,R10AFRICA,2C,headcount_pct,Deprived share,population-year-weighted mean % below the DLE threshold,TRUE,REMIND,REMIND-MAgPIE 3.2.0-4.8.0,RESCUE,0,4,NA,9.40931799417463,FALSE,FALSE,NA,NA,NA,REMIND-MAgPIE 3.2.0-4.8.0 | RESCUE | 2C
SCI-vetted,R10AFRICA,2C,headcount_pct,Deprived share,population-year-weighted mean % below the DLE threshold,TRUE,REMIND,REMIND-MAgPIE 3.3-4.8,NGFS Phase 5,0,5,NA,11.80246371161894,FALSE,FALSE,NA,NA,NA,REMIND-MAgPIE 3.3-4.8 | NGFS Phase 5 | 2C
SCI-vetted,R10AFRICA,2C,headcount_pct,Deprived share,population-year-weighted mean % below the DLE threshold,TRUE,WITCH,WITCH 5.0,ENGAGE,0,26,NA,45.14345906977846,FALSE,FALSE,NA,NA,NA,WITCH 5.0 | ENGAGE | 2C
SCI-vetted,R10AFRICA,2C,headcount_pct,Deprived share,population-year-weighted mean % below the DLE threshold,TRUE,WITCH,WITCH 5.0,NAVIGATE,0,2,NA,17.916195479195423,FALSE,FALSE,NA,NA,NA,WITCH 5.0 | NAVIGATE | 2C
SCI-vetted,R10AFRICA,2C,mortality_million_deaths,PM2.5 mortality,million cumulative PM2.5-attributable deaths,TRUE,GCAM,GCAM 5.3,NGFS Phase 2,0,1,NA,81.22196,FALSE,FALSE,NA,NA,NA,GCAM 5.3 | NGFS Phase 2 | 2C
SCI-vetted,R10AFRICA,2C,mortality_million_deaths,PM2.5 mortality,million cumulative PM2.5-attributable deaths,TRUE,GCAM,GCAM 6.0 NGFS,NGFS Phase 5,0,4,NA,84.17089,FALSE,FALSE,NA,NA,NA,GCAM 6.0 NGFS | NGFS Phase 5 | 2C
SCI-vetted,R10AFRICA,2C,mortality_million_deaths,PM2.5 mortality,million cumulative PM2.5-attributable deaths,TRUE,IMAGE,IMAGE 3.0,ENGAGE,15,0,76.289795,NA,FALSE,FALSE,NA,NA,NA,IMAGE 3.0 | ENGAGE | 2C
SCI-vetted,R10AFRICA,2C,mortality_million_deaths,PM2.5 mortality,million cumulative PM2.5-attributable deaths,TRUE,IMAGE,IMAGE 3.2,SSP2021,6,3,85.72425000000001,78.281565,TRUE,TRUE,7.4426850000000115,8.682123203177643,High-RE,IMAGE 3.2 | SSP2021 | 2C
SCI-vetted,R10AFRICA,2C,mortality_million_deaths,PM2.5 mortality,million cumulative PM2.5-attributable deaths,TRUE,IMAGE,IMAGE 3.3,NAVIGATE,1,0,77.150045,NA,FALSE,FALSE,NA,NA,NA,IMAGE 3.3 | NAVIGATE | 2C
SCI-vetted,R10AFRICA,2C,mortality_million_deaths,PM2.5 mortality,million cumulative PM2.5-attributable deaths,TRUE,MESSAGEix,MESSAGEix-GLOBIOM 2.0-M-R12-NGFS,NGFS Phase 5,0,3,NA,74.78913,FALSE,FALSE,NA,NA,NA,MESSAGEix-GLOBIOM 2.0-M-R12-NGFS | NGFS Phase 5 | 2C
SCI-vetted,R10AFRICA,2C,mortality_million_deaths,PM2.5 mortality,million cumulative PM2.5-attributable deaths,TRUE,POLES,POLES-JRC ENGAGE,ENGAGE,41,0,72.94773,NA,FALSE,FALSE,NA,NA,NA,POLES-JRC ENGAGE | ENGAGE | 2C
SCI-vetted,R10AFRICA,2C,mortality_million_deaths,PM2.5 mortality,million cumulative PM2.5-attributable deaths,TRUE,REMIND,REMIND 2.1,LeastTotalCost,0,1,NA,79.43079,FALSE,FALSE,NA,NA,NA,REMIND 2.1 | LeastTotalCost | 2C
SCI-vetted,R10AFRICA,2C,mortality_million_deaths,PM2.5 mortality,million cumulative PM2.5-attributable deaths,TRUE,REMIND,REMIND 2.1,R2p1,0,1,NA,79.25232,FALSE,FALSE,NA,NA,NA,REMIND 2.1 | R2p1 | 2C
SCI-vetted,R10AFRICA,2C,mortality_million_deaths,PM2.5 mortality,million cumulative PM2.5-attributable deaths,TRUE,REMIND,REMIND-Buildings 2.0,BEG,0,1,NA,79.849665,FALSE,FALSE,NA,NA,NA,REMIND-Buildings 2.0 | BEG | 2C
SCI-vetted,R10AFRICA,2C,mortality_million_deaths,PM2.5 mortality,million cumulative PM2.5-attributable deaths,TRUE,REMIND,REMIND-MAgPIE 1.7-3.0,CD,0,1,NA,79.56119,FALSE,FALSE,NA,NA,NA,REMIND-MAgPIE 1.7-3.0 | CD | 2C
SCI-vetted,R10AFRICA,2C,mortality_million_deaths,PM2.5 mortality,million cumulative PM2.5-attributable deaths,TRUE,REMIND,REMIND-MAgPIE 1.7-3.0,COMMIT,0,2,NA,79.418295,FALSE,FALSE,NA,NA,NA,REMIND-MAgPIE 1.7-3.0 | COMMIT | 2C
SCI-vetted,R10AFRICA,2C,mortality_million_deaths,PM2.5 mortality,million cumulative PM2.5-attributable deaths,TRUE,REMIND,REMIND-MAgPIE 1.7-3.0,PEP,0,2,NA,79.418295,FALSE,FALSE,NA,NA,NA,REMIND-MAgPIE 1.7-3.0 | PEP | 2C
SCI-vetted,R10AFRICA,2C,mortality_million_deaths,PM2.5 mortality,million cumulative PM2.5-attributable deaths,TRUE,REMIND,REMIND-MAgPIE 2.1-4.2,ENGAGE,0,1,NA,79.229,FALSE,FALSE,NA,NA,NA,REMIND-MAgPIE 2.1-4.2 | ENGAGE | 2C
SCI-vetted,R10AFRICA,2C,mortality_million_deaths,PM2.5 mortality,million cumulative PM2.5-attributable deaths,TRUE,REMIND,REMIND-MAgPIE 2.1-4.2,NGFS Phase 2,0,2,NA,78.7457775,FALSE,FALSE,NA,NA,NA,REMIND-MAgPIE 2.1-4.2 | NGFS Phase 2 | 2C
SCI-vetted,R10AFRICA,2C,mortality_million_deaths,PM2.5 mortality,million cumulative PM2.5-attributable deaths,TRUE,REMIND,REMIND-MAgPIE 2.1-4.3,DeepElectrification,0,2,NA,78.73678000000001,FALSE,FALSE,NA,NA,NA,REMIND-MAgPIE 2.1-4.3 | DeepElectrification | 2C
SCI-vetted,R10AFRICA,2C,mortality_million_deaths,PM2.5 mortality,million cumulative PM2.5-attributable deaths,TRUE,REMIND,REMIND-MAgPIE 3.2-4.6,SHAPE,0,2,NA,78.7214,FALSE,FALSE,NA,NA,NA,REMIND-MAgPIE 3.2-4.6 | SHAPE | 2C
SCI-vetted,R10AFRICA,2C,mortality_million_deaths,PM2.5 mortality,million cumulative PM2.5-attributable deaths,TRUE,REMIND,REMIND-MAgPIE 3.2.0-4.8.0,RESCUE,0,4,NA,78.8246975,FALSE,FALSE,NA,NA,NA,REMIND-MAgPIE 3.2.0-4.8.0 | RESCUE | 2C
SCI-vetted,R10AFRICA,2C,mortality_million_deaths,PM2.5 mortality,million cumulative PM2.5-attributable deaths,TRUE,REMIND,REMIND-MAgPIE 3.3-4.8,NGFS Phase 5,0,5,NA,78.917735,FALSE,FALSE,NA,NA,NA,REMIND-MAgPIE 3.3-4.8 | NGFS Phase 5 | 2C
SCI-vetted,R10AFRICA,2C,mortality_million_deaths,PM2.5 mortality,million cumulative PM2.5-attributable deaths,TRUE,WITCH,WITCH 5.0,ENGAGE,0,26,NA,67.2470325,FALSE,FALSE,NA,NA,NA,WITCH 5.0 | ENGAGE | 2C
SCI-vetted,R10AFRICA,2C,mortality_million_deaths,PM2.5 mortality,million cumulative PM2.5-attributable deaths,TRUE,WITCH,WITCH 5.0,NAVIGATE,0,2,NA,68.1212875,FALSE,FALSE,NA,NA,NA,WITCH 5.0 | NAVIGATE | 2C
SCI-vetted,R10AFRICA,2C,total_energy_jobyears_per_1k,Employment,"total energy-sector job-years per 1,000 people",FALSE,GCAM,GCAM 5.3,NGFS Phase 2,0,1,NA,438.2650353799063,FALSE,FALSE,NA,NA,NA,GCAM 5.3 | NGFS Phase 2 | 2C
SCI-vetted,R10AFRICA,2C,total_energy_jobyears_per_1k,Employment,"total energy-sector job-years per 1,000 people",FALSE,GCAM,GCAM 6.0 NGFS,NGFS Phase 5,0,4,NA,956.577640006888,FALSE,FALSE,NA,NA,NA,GCAM 6.0 NGFS | NGFS Phase 5 | 2C
SCI-vetted,R10AFRICA,2C,total_energy_jobyears_per_1k,Employment,"total energy-sector job-years per 1,000 people",FALSE,IMAGE,IMAGE 3.0,ENGAGE,15,0,213.34275949512198,NA,FALSE,FALSE,NA,NA,NA,IMAGE 3.0 | ENGAGE | 2C
SCI-vetted,R10AFRICA,2C,total_energy_jobyears_per_1k,Employment,"total energy-sector job-years per 1,000 people",FALSE,IMAGE,IMAGE 3.2,SSP2021,6,3,265.59469267800154,753.4233937450144,TRUE,TRUE,487.8287010670129,183.67411492609935,High-RE,IMAGE 3.2 | SSP2021 | 2C
SCI-vetted,R10AFRICA,2C,total_energy_jobyears_per_1k,Employment,"total energy-sector job-years per 1,000 people",FALSE,IMAGE,IMAGE 3.3,NAVIGATE,1,0,343.3767729986012,NA,FALSE,FALSE,NA,NA,NA,IMAGE 3.3 | NAVIGATE | 2C
SCI-vetted,R10AFRICA,2C,total_energy_jobyears_per_1k,Employment,"total energy-sector job-years per 1,000 people",FALSE,MESSAGEix,MESSAGEix-GLOBIOM 2.0-M-R12-NGFS,NGFS Phase 5,0,3,NA,376.3720469480174,FALSE,FALSE,NA,NA,NA,MESSAGEix-GLOBIOM 2.0-M-R12-NGFS | NGFS Phase 5 | 2C
SCI-vetted,R10AFRICA,2C,total_energy_jobyears_per_1k,Employment,"total energy-sector job-years per 1,000 people",FALSE,POLES,POLES-JRC ENGAGE,ENGAGE,41,0,404.3831181162064,NA,FALSE,FALSE,NA,NA,NA,POLES-JRC ENGAGE | ENGAGE | 2C
SCI-vetted,R10AFRICA,2C,total_energy_jobyears_per_1k,Employment,"total energy-sector job-years per 1,000 people",FALSE,REMIND,REMIND 2.1,LeastTotalCost,0,1,NA,565.1783028178882,FALSE,FALSE,NA,NA,NA,REMIND 2.1 | LeastTotalCost | 2C
SCI-vetted,R10AFRICA,2C,total_energy_jobyears_per_1k,Employment,"total energy-sector job-years per 1,000 people",FALSE,REMIND,REMIND 2.1,R2p1,0,1,NA,594.3770879404602,FALSE,FALSE,NA,NA,NA,REMIND 2.1 | R2p1 | 2C
SCI-vetted,R10AFRICA,2C,total_energy_jobyears_per_1k,Employment,"total energy-sector job-years per 1,000 people",FALSE,REMIND,REMIND-Buildings 2.0,BEG,0,1,NA,588.5436888980465,FALSE,FALSE,NA,NA,NA,REMIND-Buildings 2.0 | BEG | 2C
SCI-vetted,R10AFRICA,2C,total_energy_jobyears_per_1k,Employment,"total energy-sector job-years per 1,000 people",FALSE,REMIND,REMIND-MAgPIE 1.7-3.0,CD,0,1,NA,751.5104914817097,FALSE,FALSE,NA,NA,NA,REMIND-MAgPIE 1.7-3.0 | CD | 2C
SCI-vetted,R10AFRICA,2C,total_energy_jobyears_per_1k,Employment,"total energy-sector job-years per 1,000 people",FALSE,REMIND,REMIND-MAgPIE 1.7-3.0,COMMIT,0,2,NA,707.0375638004236,FALSE,FALSE,NA,NA,NA,REMIND-MAgPIE 1.7-3.0 | COMMIT | 2C
SCI-vetted,R10AFRICA,2C,total_energy_jobyears_per_1k,Employment,"total energy-sector job-years per 1,000 people",FALSE,REMIND,REMIND-MAgPIE 1.7-3.0,PEP,0,2,NA,707.0375638004236,FALSE,FALSE,NA,NA,NA,REMIND-MAgPIE 1.7-3.0 | PEP | 2C
SCI-vetted,R10AFRICA,2C,total_energy_jobyears_per_1k,Employment,"total energy-sector job-years per 1,000 people",FALSE,REMIND,REMIND-MAgPIE 2.0-4.1,Diff,0,1,NA,550.299886119342,FALSE,FALSE,NA,NA,NA,REMIND-MAgPIE 2.0-4.1 | Diff | 2C
SCI-vetted,R10AFRICA,2C,total_energy_jobyears_per_1k,Employment,"total energy-sector job-years per 1,000 people",FALSE,REMIND,REMIND-MAgPIE 2.1-4.2,ENGAGE,0,1,NA,612.0903737599317,FALSE,FALSE,NA,NA,NA,REMIND-MAgPIE 2.1-4.2 | ENGAGE | 2C
SCI-vetted,R10AFRICA,2C,total_energy_jobyears_per_1k,Employment,"total energy-sector job-years per 1,000 people",FALSE,REMIND,REMIND-MAgPIE 2.1-4.2,NGFS Phase 2,0,2,NA,434.67885060972634,FALSE,FALSE,NA,NA,NA,REMIND-MAgPIE 2.1-4.2 | NGFS Phase 2 | 2C
SCI-vetted,R10AFRICA,2C,total_energy_jobyears_per_1k,Employment,"total energy-sector job-years per 1,000 people",FALSE,REMIND,REMIND-MAgPIE 2.1-4.3,DeepElectrification,0,2,NA,391.1096783966187,FALSE,FALSE,NA,NA,NA,REMIND-MAgPIE 2.1-4.3 | DeepElectrification | 2C
SCI-vetted,R10AFRICA,2C,total_energy_jobyears_per_1k,Employment,"total energy-sector job-years per 1,000 people",FALSE,REMIND,REMIND-MAgPIE 3.2-4.6,SHAPE,0,2,NA,1058.274981469207,FALSE,FALSE,NA,NA,NA,REMIND-MAgPIE 3.2-4.6 | SHAPE | 2C
SCI-vetted,R10AFRICA,2C,total_energy_jobyears_per_1k,Employment,"total energy-sector job-years per 1,000 people",FALSE,REMIND,REMIND-MAgPIE 3.2.0-4.8.0,RESCUE,0,4,NA,1249.0323571488661,FALSE,FALSE,NA,NA,NA,REMIND-MAgPIE 3.2.0-4.8.0 | RESCUE | 2C
SCI-vetted,R10AFRICA,2C,total_energy_jobyears_per_1k,Employment,"total energy-sector job-years per 1,000 people",FALSE,REMIND,REMIND-MAgPIE 3.3-4.8,NGFS Phase 5,0,5,NA,699.9363082940171,FALSE,FALSE,NA,NA,NA,REMIND-MAgPIE 3.3-4.8 | NGFS Phase 5 | 2C
SCI-vetted,R10AFRICA,2C,total_energy_jobyears_per_1k,Employment,"total energy-sector job-years per 1,000 people",FALSE,WITCH,WITCH 5.0,ENGAGE,0,26,NA,148.2564453952194,FALSE,FALSE,NA,NA,NA,WITCH 5.0 | ENGAGE | 2C
SCI-vetted,R10AFRICA,2C,total_energy_jobyears_per_1k,Employment,"total energy-sector job-years per 1,000 people",FALSE,WITCH,WITCH 5.0,NAVIGATE,0,2,NA,575.094056285305,FALSE,FALSE,NA,NA,NA,WITCH 5.0 | NAVIGATE | 2C
SCI-vetted,R10CHINA+,1.5C,gap_GJ_pc,DLE gap,GJ per capita of cumulative DLE gap,TRUE,GCAM,GCAM 6.0 NGFS,NGFS Phase 5,0,2,NA,17.9900401284957,FALSE,FALSE,NA,NA,NA,GCAM 6.0 NGFS | NGFS Phase 5 | 1.5C
SCI-vetted,R10CHINA+,1.5C,gap_GJ_pc,DLE gap,GJ per capita of cumulative DLE gap,TRUE,IMAGE,IMAGE 3.2,SSP2021,4,1,20.546178123539597,21.464083129502963,TRUE,FALSE,-0.917905005963366,-4.467521893581412,High-CDR,IMAGE 3.2 | SSP2021 | 1.5C
SCI-vetted,R10CHINA+,1.5C,gap_GJ_pc,DLE gap,GJ per capita of cumulative DLE gap,TRUE,POLES,POLES-JRC ENGAGE,ENGAGE,2,0,17.67204181209314,NA,FALSE,FALSE,NA,NA,NA,POLES-JRC ENGAGE | ENGAGE | 1.5C
SCI-vetted,R10CHINA+,1.5C,gap_GJ_pc,DLE gap,GJ per capita of cumulative DLE gap,TRUE,REMIND,REMIND-MAgPIE 3.2.0-4.8.0,RESCUE,0,2,NA,15.003932625071283,FALSE,FALSE,NA,NA,NA,REMIND-MAgPIE 3.2.0-4.8.0 | RESCUE | 1.5C
SCI-vetted,R10CHINA+,1.5C,gap_GJ_pc,DLE gap,GJ per capita of cumulative DLE gap,TRUE,REMIND,REMIND-MAgPIE 3.3-4.8,NGFS Phase 5,0,1,NA,17.634126641008375,FALSE,FALSE,NA,NA,NA,REMIND-MAgPIE 3.3-4.8 | NGFS Phase 5 | 1.5C
SCI-vetted,R10CHINA+,1.5C,headcount_pct,Deprived share,population-year-weighted mean % below the DLE threshold,TRUE,GCAM,GCAM 6.0 NGFS,NGFS Phase 5,0,2,NA,5.775284722840156,FALSE,FALSE,NA,NA,NA,GCAM 6.0 NGFS | NGFS Phase 5 | 1.5C
SCI-vetted,R10CHINA+,1.5C,headcount_pct,Deprived share,population-year-weighted mean % below the DLE threshold,TRUE,IMAGE,IMAGE 3.2,SSP2021,4,1,6.828774536560163,7.5186397566897725,TRUE,FALSE,-0.6898652201296098,-10.102328264554384,High-CDR,IMAGE 3.2 | SSP2021 | 1.5C
SCI-vetted,R10CHINA+,1.5C,headcount_pct,Deprived share,population-year-weighted mean % below the DLE threshold,TRUE,POLES,POLES-JRC ENGAGE,ENGAGE,2,0,6.294588832039954,NA,FALSE,FALSE,NA,NA,NA,POLES-JRC ENGAGE | ENGAGE | 1.5C
SCI-vetted,R10CHINA+,1.5C,headcount_pct,Deprived share,population-year-weighted mean % below the DLE threshold,TRUE,REMIND,REMIND-MAgPIE 3.2.0-4.8.0,RESCUE,0,2,NA,5.559857570943906,FALSE,FALSE,NA,NA,NA,REMIND-MAgPIE 3.2.0-4.8.0 | RESCUE | 1.5C
SCI-vetted,R10CHINA+,1.5C,headcount_pct,Deprived share,population-year-weighted mean % below the DLE threshold,TRUE,REMIND,REMIND-MAgPIE 3.3-4.8,NGFS Phase 5,0,1,NA,6.353448497161603,FALSE,FALSE,NA,NA,NA,REMIND-MAgPIE 3.3-4.8 | NGFS Phase 5 | 1.5C
SCI-vetted,R10CHINA+,1.5C,mortality_million_deaths,PM2.5 mortality,million cumulative PM2.5-attributable deaths,TRUE,GCAM,GCAM 6.0 NGFS,NGFS Phase 5,0,2,NA,89.274005,FALSE,FALSE,NA,NA,NA,GCAM 6.0 NGFS | NGFS Phase 5 | 1.5C
SCI-vetted,R10CHINA+,1.5C,mortality_million_deaths,PM2.5 mortality,million cumulative PM2.5-attributable deaths,TRUE,IMAGE,IMAGE 3.2,SSP2021,4,1,94.0979925,88.954105,TRUE,FALSE,5.143887500000005,5.466522040839505,High-RE,IMAGE 3.2 | SSP2021 | 1.5C
SCI-vetted,R10CHINA+,1.5C,mortality_million_deaths,PM2.5 mortality,million cumulative PM2.5-attributable deaths,TRUE,POLES,POLES-JRC ENGAGE,ENGAGE,2,0,74.97582,NA,FALSE,FALSE,NA,NA,NA,POLES-JRC ENGAGE | ENGAGE | 1.5C
SCI-vetted,R10CHINA+,1.5C,mortality_million_deaths,PM2.5 mortality,million cumulative PM2.5-attributable deaths,TRUE,REMIND,REMIND-MAgPIE 3.2.0-4.8.0,RESCUE,0,2,NA,80.847835,FALSE,FALSE,NA,NA,NA,REMIND-MAgPIE 3.2.0-4.8.0 | RESCUE | 1.5C
SCI-vetted,R10CHINA+,1.5C,mortality_million_deaths,PM2.5 mortality,million cumulative PM2.5-attributable deaths,TRUE,REMIND,REMIND-MAgPIE 3.3-4.8,NGFS Phase 5,0,1,NA,83.97431,FALSE,FALSE,NA,NA,NA,REMIND-MAgPIE 3.3-4.8 | NGFS Phase 5 | 1.5C
SCI-vetted,R10CHINA+,1.5C,total_energy_jobyears_per_1k,Employment,"total energy-sector job-years per 1,000 people",FALSE,GCAM,GCAM 6.0 NGFS,NGFS Phase 5,0,2,NA,356.5362294519402,FALSE,FALSE,NA,NA,NA,GCAM 6.0 NGFS | NGFS Phase 5 | 1.5C
SCI-vetted,R10CHINA+,1.5C,total_energy_jobyears_per_1k,Employment,"total energy-sector job-years per 1,000 people",FALSE,IMAGE,IMAGE 3.2,SSP2021,4,1,326.3329849280882,384.7383338411303,TRUE,FALSE,58.40534891304213,17.897470256006308,High-RE,IMAGE 3.2 | SSP2021 | 1.5C
SCI-vetted,R10CHINA+,1.5C,total_energy_jobyears_per_1k,Employment,"total energy-sector job-years per 1,000 people",FALSE,POLES,POLES-JRC ENGAGE,ENGAGE,2,0,388.7960111691533,NA,FALSE,FALSE,NA,NA,NA,POLES-JRC ENGAGE | ENGAGE | 1.5C
SCI-vetted,R10CHINA+,1.5C,total_energy_jobyears_per_1k,Employment,"total energy-sector job-years per 1,000 people",FALSE,REMIND,REMIND-MAgPIE 3.2.0-4.8.0,RESCUE,0,2,NA,318.956525719175,FALSE,FALSE,NA,NA,NA,REMIND-MAgPIE 3.2.0-4.8.0 | RESCUE | 1.5C
SCI-vetted,R10CHINA+,1.5C,total_energy_jobyears_per_1k,Employment,"total energy-sector job-years per 1,000 people",FALSE,REMIND,REMIND-MAgPIE 3.3-4.8,NGFS Phase 5,0,1,NA,322.13846834893315,FALSE,FALSE,NA,NA,NA,REMIND-MAgPIE 3.3-4.8 | NGFS Phase 5 | 1.5C
SCI-vetted,R10CHINA+,2C,gap_GJ_pc,DLE gap,GJ per capita of cumulative DLE gap,TRUE,GCAM,GCAM 5.3,NGFS Phase 2,0,1,NA,15.832521553476672,FALSE,FALSE,NA,NA,NA,GCAM 5.3 | NGFS Phase 2 | 2C
SCI-vetted,R10CHINA+,2C,gap_GJ_pc,DLE gap,GJ per capita of cumulative DLE gap,TRUE,GCAM,GCAM 6.0 NGFS,NGFS Phase 5,0,4,NA,13.41296007738254,FALSE,FALSE,NA,NA,NA,GCAM 6.0 NGFS | NGFS Phase 5 | 2C
SCI-vetted,R10CHINA+,2C,gap_GJ_pc,DLE gap,GJ per capita of cumulative DLE gap,TRUE,IMAGE,IMAGE 3.0,ENGAGE,15,0,18.00608764574925,NA,FALSE,FALSE,NA,NA,NA,IMAGE 3.0 | ENGAGE | 2C
SCI-vetted,R10CHINA+,2C,gap_GJ_pc,DLE gap,GJ per capita of cumulative DLE gap,TRUE,IMAGE,IMAGE 3.2,SSP2021,6,3,19.54069560955322,15.693846138286908,TRUE,TRUE,3.8468494712663137,19.686348675252038,High-RE,IMAGE 3.2 | SSP2021 | 2C
SCI-vetted,R10CHINA+,2C,gap_GJ_pc,DLE gap,GJ per capita of cumulative DLE gap,TRUE,IMAGE,IMAGE 3.3,NAVIGATE,1,0,21.20498406903791,NA,FALSE,FALSE,NA,NA,NA,IMAGE 3.3 | NAVIGATE | 2C
SCI-vetted,R10CHINA+,2C,gap_GJ_pc,DLE gap,GJ per capita of cumulative DLE gap,TRUE,MESSAGEix,MESSAGEix-GLOBIOM 2.0-M-R12-NGFS,NGFS Phase 5,0,3,NA,16.117583512326668,FALSE,FALSE,NA,NA,NA,MESSAGEix-GLOBIOM 2.0-M-R12-NGFS | NGFS Phase 5 | 2C
SCI-vetted,R10CHINA+,2C,gap_GJ_pc,DLE gap,GJ per capita of cumulative DLE gap,TRUE,POLES,POLES-JRC ENGAGE,ENGAGE,41,0,11.138309164543584,NA,FALSE,FALSE,NA,NA,NA,POLES-JRC ENGAGE | ENGAGE | 2C
SCI-vetted,R10CHINA+,2C,gap_GJ_pc,DLE gap,GJ per capita of cumulative DLE gap,TRUE,REMIND,REMIND 2.1,LeastTotalCost,0,1,NA,12.109182835679874,FALSE,FALSE,NA,NA,NA,REMIND 2.1 | LeastTotalCost | 2C
SCI-vetted,R10CHINA+,2C,gap_GJ_pc,DLE gap,GJ per capita of cumulative DLE gap,TRUE,REMIND,REMIND 2.1,R2p1,0,1,NA,11.335936510246396,FALSE,FALSE,NA,NA,NA,REMIND 2.1 | R2p1 | 2C
SCI-vetted,R10CHINA+,2C,gap_GJ_pc,DLE gap,GJ per capita of cumulative DLE gap,TRUE,REMIND,REMIND-Buildings 2.0,BEG,0,1,NA,10.622795332825076,FALSE,FALSE,NA,NA,NA,REMIND-Buildings 2.0 | BEG | 2C
SCI-vetted,R10CHINA+,2C,gap_GJ_pc,DLE gap,GJ per capita of cumulative DLE gap,TRUE,REMIND,REMIND-MAgPIE 1.7-3.0,CD,0,1,NA,10.3283433331014,FALSE,FALSE,NA,NA,NA,REMIND-MAgPIE 1.7-3.0 | CD | 2C
SCI-vetted,R10CHINA+,2C,gap_GJ_pc,DLE gap,GJ per capita of cumulative DLE gap,TRUE,REMIND,REMIND-MAgPIE 1.7-3.0,COMMIT,0,2,NA,8.693601384677578,FALSE,FALSE,NA,NA,NA,REMIND-MAgPIE 1.7-3.0 | COMMIT | 2C
SCI-vetted,R10CHINA+,2C,gap_GJ_pc,DLE gap,GJ per capita of cumulative DLE gap,TRUE,REMIND,REMIND-MAgPIE 1.7-3.0,PEP,0,2,NA,8.693601384677578,FALSE,FALSE,NA,NA,NA,REMIND-MAgPIE 1.7-3.0 | PEP | 2C
SCI-vetted,R10CHINA+,2C,gap_GJ_pc,DLE gap,GJ per capita of cumulative DLE gap,TRUE,REMIND,REMIND-MAgPIE 2.0-4.1,Diff,0,1,NA,9.778955819268251,FALSE,FALSE,NA,NA,NA,REMIND-MAgPIE 2.0-4.1 | Diff | 2C
SCI-vetted,R10CHINA+,2C,gap_GJ_pc,DLE gap,GJ per capita of cumulative DLE gap,TRUE,REMIND,REMIND-MAgPIE 2.1-4.2,ENGAGE,0,1,NA,11.267297093043096,FALSE,FALSE,NA,NA,NA,REMIND-MAgPIE 2.1-4.2 | ENGAGE | 2C
SCI-vetted,R10CHINA+,2C,gap_GJ_pc,DLE gap,GJ per capita of cumulative DLE gap,TRUE,REMIND,REMIND-MAgPIE 2.1-4.2,NGFS Phase 2,0,2,NA,17.9360258804521,FALSE,FALSE,NA,NA,NA,REMIND-MAgPIE 2.1-4.2 | NGFS Phase 2 | 2C
SCI-vetted,R10CHINA+,2C,gap_GJ_pc,DLE gap,GJ per capita of cumulative DLE gap,TRUE,REMIND,REMIND-MAgPIE 2.1-4.3,DeepElectrification,0,2,NA,11.179051535305799,FALSE,FALSE,NA,NA,NA,REMIND-MAgPIE 2.1-4.3 | DeepElectrification | 2C
SCI-vetted,R10CHINA+,2C,gap_GJ_pc,DLE gap,GJ per capita of cumulative DLE gap,TRUE,REMIND,REMIND-MAgPIE 3.2-4.6,SHAPE,0,2,NA,10.741805952652609,FALSE,FALSE,NA,NA,NA,REMIND-MAgPIE 3.2-4.6 | SHAPE | 2C
SCI-vetted,R10CHINA+,2C,gap_GJ_pc,DLE gap,GJ per capita of cumulative DLE gap,TRUE,REMIND,REMIND-MAgPIE 3.2.0-4.8.0,RESCUE,0,4,NA,14.57705322593555,FALSE,FALSE,NA,NA,NA,REMIND-MAgPIE 3.2.0-4.8.0 | RESCUE | 2C
SCI-vetted,R10CHINA+,2C,gap_GJ_pc,DLE gap,GJ per capita of cumulative DLE gap,TRUE,REMIND,REMIND-MAgPIE 3.3-4.8,NGFS Phase 5,0,5,NA,12.215354307889854,FALSE,FALSE,NA,NA,NA,REMIND-MAgPIE 3.3-4.8 | NGFS Phase 5 | 2C
SCI-vetted,R10CHINA+,2C,gap_GJ_pc,DLE gap,GJ per capita of cumulative DLE gap,TRUE,WITCH,WITCH 5.0,ENGAGE,0,26,NA,13.978264938910366,FALSE,FALSE,NA,NA,NA,WITCH 5.0 | ENGAGE | 2C
SCI-vetted,R10CHINA+,2C,gap_GJ_pc,DLE gap,GJ per capita of cumulative DLE gap,TRUE,WITCH,WITCH 5.0,NAVIGATE,0,2,NA,12.3584588980385,FALSE,FALSE,NA,NA,NA,WITCH 5.0 | NAVIGATE | 2C
SCI-vetted,R10CHINA+,2C,headcount_pct,Deprived share,population-year-weighted mean % below the DLE threshold,TRUE,GCAM,GCAM 5.3,NGFS Phase 2,0,1,NA,5.328070619975092,FALSE,FALSE,NA,NA,NA,GCAM 5.3 | NGFS Phase 2 | 2C
SCI-vetted,R10CHINA+,2C,headcount_pct,Deprived share,population-year-weighted mean % below the DLE threshold,TRUE,GCAM,GCAM 6.0 NGFS,NGFS Phase 5,0,4,NA,4.1304957390896595,FALSE,FALSE,NA,NA,NA,GCAM 6.0 NGFS | NGFS Phase 5 | 2C
SCI-vetted,R10CHINA+,2C,headcount_pct,Deprived share,population-year-weighted mean % below the DLE threshold,TRUE,IMAGE,IMAGE 3.0,ENGAGE,15,0,6.311787579603171,NA,FALSE,FALSE,NA,NA,NA,IMAGE 3.0 | ENGAGE | 2C
SCI-vetted,R10CHINA+,2C,headcount_pct,Deprived share,population-year-weighted mean % below the DLE threshold,TRUE,IMAGE,IMAGE 3.2,SSP2021,6,3,6.606223049442477,5.215601053029579,TRUE,TRUE,1.3906219964128974,21.050182320596292,High-RE,IMAGE 3.2 | SSP2021 | 2C
SCI-vetted,R10CHINA+,2C,headcount_pct,Deprived share,population-year-weighted mean % below the DLE threshold,TRUE,IMAGE,IMAGE 3.3,NAVIGATE,1,0,7.326903500279498,NA,FALSE,FALSE,NA,NA,NA,IMAGE 3.3 | NAVIGATE | 2C
SCI-vetted,R10CHINA+,2C,headcount_pct,Deprived share,population-year-weighted mean % below the DLE threshold,TRUE,MESSAGEix,MESSAGEix-GLOBIOM 2.0-M-R12-NGFS,NGFS Phase 5,0,3,NA,4.732040878585921,FALSE,FALSE,NA,NA,NA,MESSAGEix-GLOBIOM 2.0-M-R12-NGFS | NGFS Phase 5 | 2C
SCI-vetted,R10CHINA+,2C,headcount_pct,Deprived share,population-year-weighted mean % below the DLE threshold,TRUE,POLES,POLES-JRC ENGAGE,ENGAGE,41,0,3.665946347256676,NA,FALSE,FALSE,NA,NA,NA,POLES-JRC ENGAGE | ENGAGE | 2C
SCI-vetted,R10CHINA+,2C,headcount_pct,Deprived share,population-year-weighted mean % below the DLE threshold,TRUE,REMIND,REMIND 2.1,LeastTotalCost,0,1,NA,3.8032909332653055,FALSE,FALSE,NA,NA,NA,REMIND 2.1 | LeastTotalCost | 2C
SCI-vetted,R10CHINA+,2C,headcount_pct,Deprived share,population-year-weighted mean % below the DLE threshold,TRUE,REMIND,REMIND 2.1,R2p1,0,1,NA,3.416076103559195,FALSE,FALSE,NA,NA,NA,REMIND 2.1 | R2p1 | 2C
SCI-vetted,R10CHINA+,2C,headcount_pct,Deprived share,population-year-weighted mean % below the DLE threshold,TRUE,REMIND,REMIND-Buildings 2.0,BEG,0,1,NA,3.0841942260313395,FALSE,FALSE,NA,NA,NA,REMIND-Buildings 2.0 | BEG | 2C
SCI-vetted,R10CHINA+,2C,headcount_pct,Deprived share,population-year-weighted mean % below the DLE threshold,TRUE,REMIND,REMIND-MAgPIE 1.7-3.0,CD,0,1,NA,2.97133898315197,FALSE,FALSE,NA,NA,NA,REMIND-MAgPIE 1.7-3.0 | CD | 2C
SCI-vetted,R10CHINA+,2C,headcount_pct,Deprived share,population-year-weighted mean % below the DLE threshold,TRUE,REMIND,REMIND-MAgPIE 1.7-3.0,COMMIT,0,2,NA,2.6364499013875697,FALSE,FALSE,NA,NA,NA,REMIND-MAgPIE 1.7-3.0 | COMMIT | 2C
SCI-vetted,R10CHINA+,2C,headcount_pct,Deprived share,population-year-weighted mean % below the DLE threshold,TRUE,REMIND,REMIND-MAgPIE 1.7-3.0,PEP,0,2,NA,2.6364499013875697,FALSE,FALSE,NA,NA,NA,REMIND-MAgPIE 1.7-3.0 | PEP | 2C
SCI-vetted,R10CHINA+,2C,headcount_pct,Deprived share,population-year-weighted mean % below the DLE threshold,TRUE,REMIND,REMIND-MAgPIE 2.0-4.1,Diff,0,1,NA,2.916290686914863,FALSE,FALSE,NA,NA,NA,REMIND-MAgPIE 2.0-4.1 | Diff | 2C
SCI-vetted,R10CHINA+,2C,headcount_pct,Deprived share,population-year-weighted mean % below the DLE threshold,TRUE,REMIND,REMIND-MAgPIE 2.1-4.2,ENGAGE,0,1,NA,3.401420214677034,FALSE,FALSE,NA,NA,NA,REMIND-MAgPIE 2.1-4.2 | ENGAGE | 2C
SCI-vetted,R10CHINA+,2C,headcount_pct,Deprived share,population-year-weighted mean % below the DLE threshold,TRUE,REMIND,REMIND-MAgPIE 2.1-4.2,NGFS Phase 2,0,2,NA,6.44513396879865,FALSE,FALSE,NA,NA,NA,REMIND-MAgPIE 2.1-4.2 | NGFS Phase 2 | 2C
SCI-vetted,R10CHINA+,2C,headcount_pct,Deprived share,population-year-weighted mean % below the DLE threshold,TRUE,REMIND,REMIND-MAgPIE 2.1-4.3,DeepElectrification,0,2,NA,3.895274451192088,FALSE,FALSE,NA,NA,NA,REMIND-MAgPIE 2.1-4.3 | DeepElectrification | 2C
SCI-vetted,R10CHINA+,2C,headcount_pct,Deprived share,population-year-weighted mean % below the DLE threshold,TRUE,REMIND,REMIND-MAgPIE 3.2-4.6,SHAPE,0,2,NA,3.589960917637381,FALSE,FALSE,NA,NA,NA,REMIND-MAgPIE 3.2-4.6 | SHAPE | 2C
SCI-vetted,R10CHINA+,2C,headcount_pct,Deprived share,population-year-weighted mean % below the DLE threshold,TRUE,REMIND,REMIND-MAgPIE 3.2.0-4.8.0,RESCUE,0,4,NA,5.2737412271104915,FALSE,FALSE,NA,NA,NA,REMIND-MAgPIE 3.2.0-4.8.0 | RESCUE | 2C
SCI-vetted,R10CHINA+,2C,headcount_pct,Deprived share,population-year-weighted mean % below the DLE threshold,TRUE,REMIND,REMIND-MAgPIE 3.3-4.8,NGFS Phase 5,0,5,NA,4.261758323474536,FALSE,FALSE,NA,NA,NA,REMIND-MAgPIE 3.3-4.8 | NGFS Phase 5 | 2C
SCI-vetted,R10CHINA+,2C,headcount_pct,Deprived share,population-year-weighted mean % below the DLE threshold,TRUE,WITCH,WITCH 5.0,ENGAGE,0,26,NA,4.167693884573276,FALSE,FALSE,NA,NA,NA,WITCH 5.0 | ENGAGE | 2C
SCI-vetted,R10CHINA+,2C,headcount_pct,Deprived share,population-year-weighted mean % below the DLE threshold,TRUE,WITCH,WITCH 5.0,NAVIGATE,0,2,NA,3.5769303686785325,FALSE,FALSE,NA,NA,NA,WITCH 5.0 | NAVIGATE | 2C
SCI-vetted,R10CHINA+,2C,mortality_million_deaths,PM2.5 mortality,million cumulative PM2.5-attributable deaths,TRUE,GCAM,GCAM 5.3,NGFS Phase 2,0,1,NA,93.22458,FALSE,FALSE,NA,NA,NA,GCAM 5.3 | NGFS Phase 2 | 2C
SCI-vetted,R10CHINA+,2C,mortality_million_deaths,PM2.5 mortality,million cumulative PM2.5-attributable deaths,TRUE,GCAM,GCAM 6.0 NGFS,NGFS Phase 5,0,4,NA,96.2566475,FALSE,FALSE,NA,NA,NA,GCAM 6.0 NGFS | NGFS Phase 5 | 2C
SCI-vetted,R10CHINA+,2C,mortality_million_deaths,PM2.5 mortality,million cumulative PM2.5-attributable deaths,TRUE,IMAGE,IMAGE 3.0,ENGAGE,15,0,99.98506,NA,FALSE,FALSE,NA,NA,NA,IMAGE 3.0 | ENGAGE | 2C
SCI-vetted,R10CHINA+,2C,mortality_million_deaths,PM2.5 mortality,million cumulative PM2.5-attributable deaths,TRUE,IMAGE,IMAGE 3.2,SSP2021,6,3,100.392215,92.18815,TRUE,TRUE,8.204065,8.172013138668174,High-RE,IMAGE 3.2 | SSP2021 | 2C
SCI-vetted,R10CHINA+,2C,mortality_million_deaths,PM2.5 mortality,million cumulative PM2.5-attributable deaths,TRUE,IMAGE,IMAGE 3.3,NAVIGATE,1,0,92.097075,NA,FALSE,FALSE,NA,NA,NA,IMAGE 3.3 | NAVIGATE | 2C
SCI-vetted,R10CHINA+,2C,mortality_million_deaths,PM2.5 mortality,million cumulative PM2.5-attributable deaths,TRUE,MESSAGEix,MESSAGEix-GLOBIOM 2.0-M-R12-NGFS,NGFS Phase 5,0,3,NA,97.574975,FALSE,FALSE,NA,NA,NA,MESSAGEix-GLOBIOM 2.0-M-R12-NGFS | NGFS Phase 5 | 2C
SCI-vetted,R10CHINA+,2C,mortality_million_deaths,PM2.5 mortality,million cumulative PM2.5-attributable deaths,TRUE,POLES,POLES-JRC ENGAGE,ENGAGE,41,0,78.76173,NA,FALSE,FALSE,NA,NA,NA,POLES-JRC ENGAGE | ENGAGE | 2C
SCI-vetted,R10CHINA+,2C,mortality_million_deaths,PM2.5 mortality,million cumulative PM2.5-attributable deaths,TRUE,REMIND,REMIND 2.1,LeastTotalCost,0,1,NA,85.046305,FALSE,FALSE,NA,NA,NA,REMIND 2.1 | LeastTotalCost | 2C
SCI-vetted,R10CHINA+,2C,mortality_million_deaths,PM2.5 mortality,million cumulative PM2.5-attributable deaths,TRUE,REMIND,REMIND 2.1,R2p1,0,1,NA,84.548325,FALSE,FALSE,NA,NA,NA,REMIND 2.1 | R2p1 | 2C
SCI-vetted,R10CHINA+,2C,mortality_million_deaths,PM2.5 mortality,million cumulative PM2.5-attributable deaths,TRUE,REMIND,REMIND-Buildings 2.0,BEG,0,1,NA,87.096135,FALSE,FALSE,NA,NA,NA,REMIND-Buildings 2.0 | BEG | 2C
SCI-vetted,R10CHINA+,2C,mortality_million_deaths,PM2.5 mortality,million cumulative PM2.5-attributable deaths,TRUE,REMIND,REMIND-MAgPIE 1.7-3.0,CD,0,1,NA,92.555285,FALSE,FALSE,NA,NA,NA,REMIND-MAgPIE 1.7-3.0 | CD | 2C
SCI-vetted,R10CHINA+,2C,mortality_million_deaths,PM2.5 mortality,million cumulative PM2.5-attributable deaths,TRUE,REMIND,REMIND-MAgPIE 1.7-3.0,COMMIT,0,2,NA,89.753195,FALSE,FALSE,NA,NA,NA,REMIND-MAgPIE 1.7-3.0 | COMMIT | 2C
SCI-vetted,R10CHINA+,2C,mortality_million_deaths,PM2.5 mortality,million cumulative PM2.5-attributable deaths,TRUE,REMIND,REMIND-MAgPIE 1.7-3.0,PEP,0,2,NA,89.753195,FALSE,FALSE,NA,NA,NA,REMIND-MAgPIE 1.7-3.0 | PEP | 2C
SCI-vetted,R10CHINA+,2C,mortality_million_deaths,PM2.5 mortality,million cumulative PM2.5-attributable deaths,TRUE,REMIND,REMIND-MAgPIE 2.1-4.2,ENGAGE,0,1,NA,84.18047,FALSE,FALSE,NA,NA,NA,REMIND-MAgPIE 2.1-4.2 | ENGAGE | 2C
SCI-vetted,R10CHINA+,2C,mortality_million_deaths,PM2.5 mortality,million cumulative PM2.5-attributable deaths,TRUE,REMIND,REMIND-MAgPIE 2.1-4.2,NGFS Phase 2,0,2,NA,77.0413375,FALSE,FALSE,NA,NA,NA,REMIND-MAgPIE 2.1-4.2 | NGFS Phase 2 | 2C
SCI-vetted,R10CHINA+,2C,mortality_million_deaths,PM2.5 mortality,million cumulative PM2.5-attributable deaths,TRUE,REMIND,REMIND-MAgPIE 2.1-4.3,DeepElectrification,0,2,NA,80.91575,FALSE,FALSE,NA,NA,NA,REMIND-MAgPIE 2.1-4.3 | DeepElectrification | 2C
SCI-vetted,R10CHINA+,2C,mortality_million_deaths,PM2.5 mortality,million cumulative PM2.5-attributable deaths,TRUE,REMIND,REMIND-MAgPIE 3.2-4.6,SHAPE,0,2,NA,82.47591,FALSE,FALSE,NA,NA,NA,REMIND-MAgPIE 3.2-4.6 | SHAPE | 2C
SCI-vetted,R10CHINA+,2C,mortality_million_deaths,PM2.5 mortality,million cumulative PM2.5-attributable deaths,TRUE,REMIND,REMIND-MAgPIE 3.2.0-4.8.0,RESCUE,0,4,NA,80.4796925,FALSE,FALSE,NA,NA,NA,REMIND-MAgPIE 3.2.0-4.8.0 | RESCUE | 2C
SCI-vetted,R10CHINA+,2C,mortality_million_deaths,PM2.5 mortality,million cumulative PM2.5-attributable deaths,TRUE,REMIND,REMIND-MAgPIE 3.3-4.8,NGFS Phase 5,0,5,NA,91.72005,FALSE,FALSE,NA,NA,NA,REMIND-MAgPIE 3.3-4.8 | NGFS Phase 5 | 2C
SCI-vetted,R10CHINA+,2C,mortality_million_deaths,PM2.5 mortality,million cumulative PM2.5-attributable deaths,TRUE,WITCH,WITCH 5.0,ENGAGE,0,26,NA,94.58778000000001,FALSE,FALSE,NA,NA,NA,WITCH 5.0 | ENGAGE | 2C
SCI-vetted,R10CHINA+,2C,mortality_million_deaths,PM2.5 mortality,million cumulative PM2.5-attributable deaths,TRUE,WITCH,WITCH 5.0,NAVIGATE,0,2,NA,95.83463,FALSE,FALSE,NA,NA,NA,WITCH 5.0 | NAVIGATE | 2C
SCI-vetted,R10CHINA+,2C,total_energy_jobyears_per_1k,Employment,"total energy-sector job-years per 1,000 people",FALSE,GCAM,GCAM 5.3,NGFS Phase 2,0,1,NA,262.0201369206411,FALSE,FALSE,NA,NA,NA,GCAM 5.3 | NGFS Phase 2 | 2C
SCI-vetted,R10CHINA+,2C,total_energy_jobyears_per_1k,Employment,"total energy-sector job-years per 1,000 people",FALSE,GCAM,GCAM 6.0 NGFS,NGFS Phase 5,0,4,NA,376.61387244297237,FALSE,FALSE,NA,NA,NA,GCAM 6.0 NGFS | NGFS Phase 5 | 2C
SCI-vetted,R10CHINA+,2C,total_energy_jobyears_per_1k,Employment,"total energy-sector job-years per 1,000 people",FALSE,IMAGE,IMAGE 3.0,ENGAGE,15,0,197.11981020996777,NA,FALSE,FALSE,NA,NA,NA,IMAGE 3.0 | ENGAGE | 2C
SCI-vetted,R10CHINA+,2C,total_energy_jobyears_per_1k,Employment,"total energy-sector job-years per 1,000 people",FALSE,IMAGE,IMAGE 3.2,SSP2021,6,3,287.2869215477941,396.1096431974228,TRUE,TRUE,108.8227216496287,37.87945551552877,High-RE,IMAGE 3.2 | SSP2021 | 2C
SCI-vetted,R10CHINA+,2C,total_energy_jobyears_per_1k,Employment,"total energy-sector job-years per 1,000 people",FALSE,IMAGE,IMAGE 3.3,NAVIGATE,1,0,336.7050427933126,NA,FALSE,FALSE,NA,NA,NA,IMAGE 3.3 | NAVIGATE | 2C
SCI-vetted,R10CHINA+,2C,total_energy_jobyears_per_1k,Employment,"total energy-sector job-years per 1,000 people",FALSE,MESSAGEix,MESSAGEix-GLOBIOM 2.0-M-R12-NGFS,NGFS Phase 5,0,3,NA,352.9422834396927,FALSE,FALSE,NA,NA,NA,MESSAGEix-GLOBIOM 2.0-M-R12-NGFS | NGFS Phase 5 | 2C
SCI-vetted,R10CHINA+,2C,total_energy_jobyears_per_1k,Employment,"total energy-sector job-years per 1,000 people",FALSE,POLES,POLES-JRC ENGAGE,ENGAGE,41,0,439.2377089306109,NA,FALSE,FALSE,NA,NA,NA,POLES-JRC ENGAGE | ENGAGE | 2C
SCI-vetted,R10CHINA+,2C,total_energy_jobyears_per_1k,Employment,"total energy-sector job-years per 1,000 people",FALSE,REMIND,REMIND 2.1,LeastTotalCost,0,1,NA,321.7581026106049,FALSE,FALSE,NA,NA,NA,REMIND 2.1 | LeastTotalCost | 2C
SCI-vetted,R10CHINA+,2C,total_energy_jobyears_per_1k,Employment,"total energy-sector job-years per 1,000 people",FALSE,REMIND,REMIND 2.1,R2p1,0,1,NA,337.60660300440577,FALSE,FALSE,NA,NA,NA,REMIND 2.1 | R2p1 | 2C
SCI-vetted,R10CHINA+,2C,total_energy_jobyears_per_1k,Employment,"total energy-sector job-years per 1,000 people",FALSE,REMIND,REMIND-Buildings 2.0,BEG,0,1,NA,446.45611604688935,FALSE,FALSE,NA,NA,NA,REMIND-Buildings 2.0 | BEG | 2C
SCI-vetted,R10CHINA+,2C,total_energy_jobyears_per_1k,Employment,"total energy-sector job-years per 1,000 people",FALSE,REMIND,REMIND-MAgPIE 1.7-3.0,CD,0,1,NA,436.0852180976914,FALSE,FALSE,NA,NA,NA,REMIND-MAgPIE 1.7-3.0 | CD | 2C
SCI-vetted,R10CHINA+,2C,total_energy_jobyears_per_1k,Employment,"total energy-sector job-years per 1,000 people",FALSE,REMIND,REMIND-MAgPIE 1.7-3.0,COMMIT,0,2,NA,423.33835239444073,FALSE,FALSE,NA,NA,NA,REMIND-MAgPIE 1.7-3.0 | COMMIT | 2C
SCI-vetted,R10CHINA+,2C,total_energy_jobyears_per_1k,Employment,"total energy-sector job-years per 1,000 people",FALSE,REMIND,REMIND-MAgPIE 1.7-3.0,PEP,0,2,NA,423.33835239444073,FALSE,FALSE,NA,NA,NA,REMIND-MAgPIE 1.7-3.0 | PEP | 2C
SCI-vetted,R10CHINA+,2C,total_energy_jobyears_per_1k,Employment,"total energy-sector job-years per 1,000 people",FALSE,REMIND,REMIND-MAgPIE 2.0-4.1,Diff,0,1,NA,412.5416637434331,FALSE,FALSE,NA,NA,NA,REMIND-MAgPIE 2.0-4.1 | Diff | 2C
SCI-vetted,R10CHINA+,2C,total_energy_jobyears_per_1k,Employment,"total energy-sector job-years per 1,000 people",FALSE,REMIND,REMIND-MAgPIE 2.1-4.2,ENGAGE,0,1,NA,335.2096099561027,FALSE,FALSE,NA,NA,NA,REMIND-MAgPIE 2.1-4.2 | ENGAGE | 2C
SCI-vetted,R10CHINA+,2C,total_energy_jobyears_per_1k,Employment,"total energy-sector job-years per 1,000 people",FALSE,REMIND,REMIND-MAgPIE 2.1-4.2,NGFS Phase 2,0,2,NA,290.238677071767,FALSE,FALSE,NA,NA,NA,REMIND-MAgPIE 2.1-4.2 | NGFS Phase 2 | 2C
SCI-vetted,R10CHINA+,2C,total_energy_jobyears_per_1k,Employment,"total energy-sector job-years per 1,000 people",FALSE,REMIND,REMIND-MAgPIE 2.1-4.3,DeepElectrification,0,2,NA,322.9784140362409,FALSE,FALSE,NA,NA,NA,REMIND-MAgPIE 2.1-4.3 | DeepElectrification | 2C
SCI-vetted,R10CHINA+,2C,total_energy_jobyears_per_1k,Employment,"total energy-sector job-years per 1,000 people",FALSE,REMIND,REMIND-MAgPIE 3.2-4.6,SHAPE,0,2,NA,284.638387121724,FALSE,FALSE,NA,NA,NA,REMIND-MAgPIE 3.2-4.6 | SHAPE | 2C
SCI-vetted,R10CHINA+,2C,total_energy_jobyears_per_1k,Employment,"total energy-sector job-years per 1,000 people",FALSE,REMIND,REMIND-MAgPIE 3.2.0-4.8.0,RESCUE,0,4,NA,347.7445365915819,FALSE,FALSE,NA,NA,NA,REMIND-MAgPIE 3.2.0-4.8.0 | RESCUE | 2C
SCI-vetted,R10CHINA+,2C,total_energy_jobyears_per_1k,Employment,"total energy-sector job-years per 1,000 people",FALSE,REMIND,REMIND-MAgPIE 3.3-4.8,NGFS Phase 5,0,5,NA,288.8894214061357,FALSE,FALSE,NA,NA,NA,REMIND-MAgPIE 3.3-4.8 | NGFS Phase 5 | 2C
SCI-vetted,R10CHINA+,2C,total_energy_jobyears_per_1k,Employment,"total energy-sector job-years per 1,000 people",FALSE,WITCH,WITCH 5.0,ENGAGE,0,26,NA,418.63607264321104,FALSE,FALSE,NA,NA,NA,WITCH 5.0 | ENGAGE | 2C
SCI-vetted,R10CHINA+,2C,total_energy_jobyears_per_1k,Employment,"total energy-sector job-years per 1,000 people",FALSE,WITCH,WITCH 5.0,NAVIGATE,0,2,NA,475.35884858585064,FALSE,FALSE,NA,NA,NA,WITCH 5.0 | NAVIGATE | 2C
SCI-vetted,R10EUROPE,1.5C,gap_GJ_pc,DLE gap,GJ per capita of cumulative DLE gap,TRUE,GCAM,GCAM 6.0 NGFS,NGFS Phase 5,0,2,NA,0.5656456703753221,FALSE,FALSE,NA,NA,NA,GCAM 6.0 NGFS | NGFS Phase 5 | 1.5C
SCI-vetted,R10EUROPE,1.5C,gap_GJ_pc,DLE gap,GJ per capita of cumulative DLE gap,TRUE,IMAGE,IMAGE 3.2,SSP2021,4,1,1.0293149640282975,0.9773035068362284,TRUE,FALSE,0.05201145719206912,5.05301671594461,High-RE,IMAGE 3.2 | SSP2021 | 1.5C
SCI-vetted,R10EUROPE,1.5C,gap_GJ_pc,DLE gap,GJ per capita of cumulative DLE gap,TRUE,POLES,POLES-JRC ENGAGE,ENGAGE,2,0,1.0469695041345508,NA,FALSE,FALSE,NA,NA,NA,POLES-JRC ENGAGE | ENGAGE | 1.5C
SCI-vetted,R10EUROPE,1.5C,gap_GJ_pc,DLE gap,GJ per capita of cumulative DLE gap,TRUE,REMIND,REMIND-MAgPIE 3.2.0-4.8.0,RESCUE,0,2,NA,0.2741810081901692,FALSE,FALSE,NA,NA,NA,REMIND-MAgPIE 3.2.0-4.8.0 | RESCUE | 1.5C
SCI-vetted,R10EUROPE,1.5C,gap_GJ_pc,DLE gap,GJ per capita of cumulative DLE gap,TRUE,REMIND,REMIND-MAgPIE 3.3-4.8,NGFS Phase 5,0,1,NA,0.4626455083595422,FALSE,FALSE,NA,NA,NA,REMIND-MAgPIE 3.3-4.8 | NGFS Phase 5 | 1.5C
SCI-vetted,R10EUROPE,1.5C,headcount_pct,Deprived share,population-year-weighted mean % below the DLE threshold,TRUE,GCAM,GCAM 6.0 NGFS,NGFS Phase 5,0,2,NA,0.22285823887514689,FALSE,FALSE,NA,NA,NA,GCAM 6.0 NGFS | NGFS Phase 5 | 1.5C
SCI-vetted,R10EUROPE,1.5C,headcount_pct,Deprived share,population-year-weighted mean % below the DLE threshold,TRUE,IMAGE,IMAGE 3.2,SSP2021,4,1,0.4437851732034238,0.4153415645455729,TRUE,FALSE,0.028443608657850894,6.409319277733691,High-RE,IMAGE 3.2 | SSP2021 | 1.5C
SCI-vetted,R10EUROPE,1.5C,headcount_pct,Deprived share,population-year-weighted mean % below the DLE threshold,TRUE,POLES,POLES-JRC ENGAGE,ENGAGE,2,0,0.5428335254121988,NA,FALSE,FALSE,NA,NA,NA,POLES-JRC ENGAGE | ENGAGE | 1.5C
SCI-vetted,R10EUROPE,1.5C,headcount_pct,Deprived share,population-year-weighted mean % below the DLE threshold,TRUE,REMIND,REMIND-MAgPIE 3.2.0-4.8.0,RESCUE,0,2,NA,0.13198924598125292,FALSE,FALSE,NA,NA,NA,REMIND-MAgPIE 3.2.0-4.8.0 | RESCUE | 1.5C
SCI-vetted,R10EUROPE,1.5C,headcount_pct,Deprived share,population-year-weighted mean % below the DLE threshold,TRUE,REMIND,REMIND-MAgPIE 3.3-4.8,NGFS Phase 5,0,1,NA,0.2451411382258717,FALSE,FALSE,NA,NA,NA,REMIND-MAgPIE 3.3-4.8 | NGFS Phase 5 | 1.5C
SCI-vetted,R10EUROPE,1.5C,mortality_million_deaths,PM2.5 mortality,million cumulative PM2.5-attributable deaths,TRUE,GCAM,GCAM 6.0 NGFS,NGFS Phase 5,0,2,NA,18.5102275,FALSE,FALSE,NA,NA,NA,GCAM 6.0 NGFS | NGFS Phase 5 | 1.5C
SCI-vetted,R10EUROPE,1.5C,mortality_million_deaths,PM2.5 mortality,million cumulative PM2.5-attributable deaths,TRUE,IMAGE,IMAGE 3.2,SSP2021,4,1,20.630945,20.015275,TRUE,FALSE,0.6156700000000015,2.984206491753051,High-RE,IMAGE 3.2 | SSP2021 | 1.5C
SCI-vetted,R10EUROPE,1.5C,mortality_million_deaths,PM2.5 mortality,million cumulative PM2.5-attributable deaths,TRUE,POLES,POLES-JRC ENGAGE,ENGAGE,2,0,11.84294,NA,FALSE,FALSE,NA,NA,NA,POLES-JRC ENGAGE | ENGAGE | 1.5C
SCI-vetted,R10EUROPE,1.5C,mortality_million_deaths,PM2.5 mortality,million cumulative PM2.5-attributable deaths,TRUE,REMIND,REMIND-MAgPIE 3.2.0-4.8.0,RESCUE,0,2,NA,11.933185,FALSE,FALSE,NA,NA,NA,REMIND-MAgPIE 3.2.0-4.8.0 | RESCUE | 1.5C
SCI-vetted,R10EUROPE,1.5C,mortality_million_deaths,PM2.5 mortality,million cumulative PM2.5-attributable deaths,TRUE,REMIND,REMIND-MAgPIE 3.3-4.8,NGFS Phase 5,0,1,NA,15.693855,FALSE,FALSE,NA,NA,NA,REMIND-MAgPIE 3.3-4.8 | NGFS Phase 5 | 1.5C
SCI-vetted,R10EUROPE,1.5C,total_energy_jobyears_per_1k,Employment,"total energy-sector job-years per 1,000 people",FALSE,GCAM,GCAM 6.0 NGFS,NGFS Phase 5,0,2,NA,208.28765176902544,FALSE,FALSE,NA,NA,NA,GCAM 6.0 NGFS | NGFS Phase 5 | 1.5C
SCI-vetted,R10EUROPE,1.5C,total_energy_jobyears_per_1k,Employment,"total energy-sector job-years per 1,000 people",FALSE,IMAGE,IMAGE 3.2,SSP2021,4,1,174.2285297194981,182.47984982029453,TRUE,FALSE,8.25132010079642,4.735917885595866,High-RE,IMAGE 3.2 | SSP2021 | 1.5C
SCI-vetted,R10EUROPE,1.5C,total_energy_jobyears_per_1k,Employment,"total energy-sector job-years per 1,000 people",FALSE,POLES,POLES-JRC ENGAGE,ENGAGE,2,0,279.46471941624816,NA,FALSE,FALSE,NA,NA,NA,POLES-JRC ENGAGE | ENGAGE | 1.5C
SCI-vetted,R10EUROPE,1.5C,total_energy_jobyears_per_1k,Employment,"total energy-sector job-years per 1,000 people",FALSE,REMIND,REMIND-MAgPIE 3.2.0-4.8.0,RESCUE,0,2,NA,158.18931228446843,FALSE,FALSE,NA,NA,NA,REMIND-MAgPIE 3.2.0-4.8.0 | RESCUE | 1.5C
SCI-vetted,R10EUROPE,1.5C,total_energy_jobyears_per_1k,Employment,"total energy-sector job-years per 1,000 people",FALSE,REMIND,REMIND-MAgPIE 3.3-4.8,NGFS Phase 5,0,1,NA,124.92865622273315,FALSE,FALSE,NA,NA,NA,REMIND-MAgPIE 3.3-4.8 | NGFS Phase 5 | 1.5C
SCI-vetted,R10EUROPE,2C,gap_GJ_pc,DLE gap,GJ per capita of cumulative DLE gap,TRUE,GCAM,GCAM 5.3,NGFS Phase 2,0,1,NA,0.3600757219339038,FALSE,FALSE,NA,NA,NA,GCAM 5.3 | NGFS Phase 2 | 2C
SCI-vetted,R10EUROPE,2C,gap_GJ_pc,DLE gap,GJ per capita of cumulative DLE gap,TRUE,GCAM,GCAM 6.0 NGFS,NGFS Phase 5,0,4,NA,0.40131558692431696,FALSE,FALSE,NA,NA,NA,GCAM 6.0 NGFS | NGFS Phase 5 | 2C
SCI-vetted,R10EUROPE,2C,gap_GJ_pc,DLE gap,GJ per capita of cumulative DLE gap,TRUE,IMAGE,IMAGE 3.0,ENGAGE,15,0,0.31975953719713573,NA,FALSE,FALSE,NA,NA,NA,IMAGE 3.0 | ENGAGE | 2C
SCI-vetted,R10EUROPE,2C,gap_GJ_pc,DLE gap,GJ per capita of cumulative DLE gap,TRUE,IMAGE,IMAGE 3.2,SSP2021,6,3,0.7959915049701916,0.6842219437355029,TRUE,TRUE,0.11176956123468862,14.041552018683188,High-RE,IMAGE 3.2 | SSP2021 | 2C
SCI-vetted,R10EUROPE,2C,gap_GJ_pc,DLE gap,GJ per capita of cumulative DLE gap,TRUE,IMAGE,IMAGE 3.3,NAVIGATE,1,0,1.1489342209908249,NA,FALSE,FALSE,NA,NA,NA,IMAGE 3.3 | NAVIGATE | 2C
SCI-vetted,R10EUROPE,2C,gap_GJ_pc,DLE gap,GJ per capita of cumulative DLE gap,TRUE,MESSAGEix,MESSAGEix-GLOBIOM 2.0-M-R12-NGFS,NGFS Phase 5,0,3,NA,0.4501671939466239,FALSE,FALSE,NA,NA,NA,MESSAGEix-GLOBIOM 2.0-M-R12-NGFS | NGFS Phase 5 | 2C
SCI-vetted,R10EUROPE,2C,gap_GJ_pc,DLE gap,GJ per capita of cumulative DLE gap,TRUE,POLES,POLES-JRC ENGAGE,ENGAGE,41,0,0.4479813141006225,NA,FALSE,FALSE,NA,NA,NA,POLES-JRC ENGAGE | ENGAGE | 2C
SCI-vetted,R10EUROPE,2C,gap_GJ_pc,DLE gap,GJ per capita of cumulative DLE gap,TRUE,REMIND,REMIND 2.1,LeastTotalCost,0,1,NA,0.13324019855956726,FALSE,FALSE,NA,NA,NA,REMIND 2.1 | LeastTotalCost | 2C
SCI-vetted,R10EUROPE,2C,gap_GJ_pc,DLE gap,GJ per capita of cumulative DLE gap,TRUE,REMIND,REMIND 2.1,R2p1,0,1,NA,0.12116008091238688,FALSE,FALSE,NA,NA,NA,REMIND 2.1 | R2p1 | 2C
SCI-vetted,R10EUROPE,2C,gap_GJ_pc,DLE gap,GJ per capita of cumulative DLE gap,TRUE,REMIND,REMIND-Buildings 2.0,BEG,0,1,NA,0.13040137664267337,FALSE,FALSE,NA,NA,NA,REMIND-Buildings 2.0 | BEG | 2C
SCI-vetted,R10EUROPE,2C,gap_GJ_pc,DLE gap,GJ per capita of cumulative DLE gap,TRUE,REMIND,REMIND-MAgPIE 1.7-3.0,CD,0,1,NA,0.0460873108171335,FALSE,FALSE,NA,NA,NA,REMIND-MAgPIE 1.7-3.0 | CD | 2C
SCI-vetted,R10EUROPE,2C,gap_GJ_pc,DLE gap,GJ per capita of cumulative DLE gap,TRUE,REMIND,REMIND-MAgPIE 1.7-3.0,COMMIT,0,2,NA,0.05898817231687835,FALSE,FALSE,NA,NA,NA,REMIND-MAgPIE 1.7-3.0 | COMMIT | 2C
SCI-vetted,R10EUROPE,2C,gap_GJ_pc,DLE gap,GJ per capita of cumulative DLE gap,TRUE,REMIND,REMIND-MAgPIE 1.7-3.0,PEP,0,2,NA,0.05898817231687835,FALSE,FALSE,NA,NA,NA,REMIND-MAgPIE 1.7-3.0 | PEP | 2C
SCI-vetted,R10EUROPE,2C,gap_GJ_pc,DLE gap,GJ per capita of cumulative DLE gap,TRUE,REMIND,REMIND-MAgPIE 2.0-4.1,Diff,0,1,NA,0.1047181778428132,FALSE,FALSE,NA,NA,NA,REMIND-MAgPIE 2.0-4.1 | Diff | 2C
SCI-vetted,R10EUROPE,2C,gap_GJ_pc,DLE gap,GJ per capita of cumulative DLE gap,TRUE,REMIND,REMIND-MAgPIE 2.1-4.2,ENGAGE,0,1,NA,0.1194395269878916,FALSE,FALSE,NA,NA,NA,REMIND-MAgPIE 2.1-4.2 | ENGAGE | 2C
SCI-vetted,R10EUROPE,2C,gap_GJ_pc,DLE gap,GJ per capita of cumulative DLE gap,TRUE,REMIND,REMIND-MAgPIE 2.1-4.2,NGFS Phase 2,0,2,NA,0.417362289743725,FALSE,FALSE,NA,NA,NA,REMIND-MAgPIE 2.1-4.2 | NGFS Phase 2 | 2C
SCI-vetted,R10EUROPE,2C,gap_GJ_pc,DLE gap,GJ per capita of cumulative DLE gap,TRUE,REMIND,REMIND-MAgPIE 2.1-4.3,DeepElectrification,0,2,NA,0.1964225704581558,FALSE,FALSE,NA,NA,NA,REMIND-MAgPIE 2.1-4.3 | DeepElectrification | 2C
SCI-vetted,R10EUROPE,2C,gap_GJ_pc,DLE gap,GJ per capita of cumulative DLE gap,TRUE,REMIND,REMIND-MAgPIE 3.2-4.6,SHAPE,0,2,NA,0.12735452644869405,FALSE,FALSE,NA,NA,NA,REMIND-MAgPIE 3.2-4.6 | SHAPE | 2C
SCI-vetted,R10EUROPE,2C,gap_GJ_pc,DLE gap,GJ per capita of cumulative DLE gap,TRUE,REMIND,REMIND-MAgPIE 3.2.0-4.8.0,RESCUE,0,4,NA,0.2705760522740468,FALSE,FALSE,NA,NA,NA,REMIND-MAgPIE 3.2.0-4.8.0 | RESCUE | 2C
SCI-vetted,R10EUROPE,2C,gap_GJ_pc,DLE gap,GJ per capita of cumulative DLE gap,TRUE,REMIND,REMIND-MAgPIE 3.3-4.8,NGFS Phase 5,0,5,NA,0.262418706473914,FALSE,FALSE,NA,NA,NA,REMIND-MAgPIE 3.3-4.8 | NGFS Phase 5 | 2C
SCI-vetted,R10EUROPE,2C,gap_GJ_pc,DLE gap,GJ per capita of cumulative DLE gap,TRUE,WITCH,WITCH 5.0,ENGAGE,0,26,NA,0.6176612120777452,FALSE,FALSE,NA,NA,NA,WITCH 5.0 | ENGAGE | 2C
SCI-vetted,R10EUROPE,2C,gap_GJ_pc,DLE gap,GJ per capita of cumulative DLE gap,TRUE,WITCH,WITCH 5.0,NAVIGATE,0,2,NA,0.5560751542242985,FALSE,FALSE,NA,NA,NA,WITCH 5.0 | NAVIGATE | 2C
SCI-vetted,R10EUROPE,2C,headcount_pct,Deprived share,population-year-weighted mean % below the DLE threshold,TRUE,GCAM,GCAM 5.3,NGFS Phase 2,0,1,NA,0.15181139455068704,FALSE,FALSE,NA,NA,NA,GCAM 5.3 | NGFS Phase 2 | 2C
SCI-vetted,R10EUROPE,2C,headcount_pct,Deprived share,population-year-weighted mean % below the DLE threshold,TRUE,GCAM,GCAM 6.0 NGFS,NGFS Phase 5,0,4,NA,0.1403478930799829,FALSE,FALSE,NA,NA,NA,GCAM 6.0 NGFS | NGFS Phase 5 | 2C
SCI-vetted,R10EUROPE,2C,headcount_pct,Deprived share,population-year-weighted mean % below the DLE threshold,TRUE,IMAGE,IMAGE 3.0,ENGAGE,15,0,0.13027515822325908,NA,FALSE,FALSE,NA,NA,NA,IMAGE 3.0 | ENGAGE | 2C
SCI-vetted,R10EUROPE,2C,headcount_pct,Deprived share,population-year-weighted mean % below the DLE threshold,TRUE,IMAGE,IMAGE 3.2,SSP2021,6,3,0.33218658350039254,0.26553660165348814,TRUE,TRUE,0.0666499818469044,20.064019788091667,High-RE,IMAGE 3.2 | SSP2021 | 2C
SCI-vetted,R10EUROPE,2C,headcount_pct,Deprived share,population-year-weighted mean % below the DLE threshold,TRUE,IMAGE,IMAGE 3.3,NAVIGATE,1,0,0.5167695158481683,NA,FALSE,FALSE,NA,NA,NA,IMAGE 3.3 | NAVIGATE | 2C
SCI-vetted,R10EUROPE,2C,headcount_pct,Deprived share,population-year-weighted mean % below the DLE threshold,TRUE,MESSAGEix,MESSAGEix-GLOBIOM 2.0-M-R12-NGFS,NGFS Phase 5,0,3,NA,0.19617639861440175,FALSE,FALSE,NA,NA,NA,MESSAGEix-GLOBIOM 2.0-M-R12-NGFS | NGFS Phase 5 | 2C
SCI-vetted,R10EUROPE,2C,headcount_pct,Deprived share,population-year-weighted mean % below the DLE threshold,TRUE,POLES,POLES-JRC ENGAGE,ENGAGE,41,0,0.2049975835478939,NA,FALSE,FALSE,NA,NA,NA,POLES-JRC ENGAGE | ENGAGE | 2C
SCI-vetted,R10EUROPE,2C,headcount_pct,Deprived share,population-year-weighted mean % below the DLE threshold,TRUE,REMIND,REMIND 2.1,LeastTotalCost,0,1,NA,0.06914023919715599,FALSE,FALSE,NA,NA,NA,REMIND 2.1 | LeastTotalCost | 2C
SCI-vetted,R10EUROPE,2C,headcount_pct,Deprived share,population-year-weighted mean % below the DLE threshold,TRUE,REMIND,REMIND 2.1,R2p1,0,1,NA,0.05794526879963007,FALSE,FALSE,NA,NA,NA,REMIND 2.1 | R2p1 | 2C
SCI-vetted,R10EUROPE,2C,headcount_pct,Deprived share,population-year-weighted mean % below the DLE threshold,TRUE,REMIND,REMIND-Buildings 2.0,BEG,0,1,NA,0.06069755772001002,FALSE,FALSE,NA,NA,NA,REMIND-Buildings 2.0 | BEG | 2C
SCI-vetted,R10EUROPE,2C,headcount_pct,Deprived share,population-year-weighted mean % below the DLE threshold,TRUE,REMIND,REMIND-MAgPIE 1.7-3.0,CD,0,1,NA,0.02171599890183374,FALSE,FALSE,NA,NA,NA,REMIND-MAgPIE 1.7-3.0 | CD | 2C
SCI-vetted,R10EUROPE,2C,headcount_pct,Deprived share,population-year-weighted mean % below the DLE threshold,TRUE,REMIND,REMIND-MAgPIE 1.7-3.0,COMMIT,0,2,NA,0.027565735108664738,FALSE,FALSE,NA,NA,NA,REMIND-MAgPIE 1.7-3.0 | COMMIT | 2C
SCI-vetted,R10EUROPE,2C,headcount_pct,Deprived share,population-year-weighted mean % below the DLE threshold,TRUE,REMIND,REMIND-MAgPIE 1.7-3.0,PEP,0,2,NA,0.027565735108664738,FALSE,FALSE,NA,NA,NA,REMIND-MAgPIE 1.7-3.0 | PEP | 2C
SCI-vetted,R10EUROPE,2C,headcount_pct,Deprived share,population-year-weighted mean % below the DLE threshold,TRUE,REMIND,REMIND-MAgPIE 2.0-4.1,Diff,0,1,NA,0.04937716820799792,FALSE,FALSE,NA,NA,NA,REMIND-MAgPIE 2.0-4.1 | Diff | 2C
SCI-vetted,R10EUROPE,2C,headcount_pct,Deprived share,population-year-weighted mean % below the DLE threshold,TRUE,REMIND,REMIND-MAgPIE 2.1-4.2,ENGAGE,0,1,NA,0.0570901916116801,FALSE,FALSE,NA,NA,NA,REMIND-MAgPIE 2.1-4.2 | ENGAGE | 2C
SCI-vetted,R10EUROPE,2C,headcount_pct,Deprived share,population-year-weighted mean % below the DLE threshold,TRUE,REMIND,REMIND-MAgPIE 2.1-4.2,NGFS Phase 2,0,2,NA,0.24049073335711496,FALSE,FALSE,NA,NA,NA,REMIND-MAgPIE 2.1-4.2 | NGFS Phase 2 | 2C
SCI-vetted,R10EUROPE,2C,headcount_pct,Deprived share,population-year-weighted mean % below the DLE threshold,TRUE,REMIND,REMIND-MAgPIE 2.1-4.3,DeepElectrification,0,2,NA,0.09649004888393134,FALSE,FALSE,NA,NA,NA,REMIND-MAgPIE 2.1-4.3 | DeepElectrification | 2C
SCI-vetted,R10EUROPE,2C,headcount_pct,Deprived share,population-year-weighted mean % below the DLE threshold,TRUE,REMIND,REMIND-MAgPIE 3.2-4.6,SHAPE,0,2,NA,0.07303647966677726,FALSE,FALSE,NA,NA,NA,REMIND-MAgPIE 3.2-4.6 | SHAPE | 2C
SCI-vetted,R10EUROPE,2C,headcount_pct,Deprived share,population-year-weighted mean % below the DLE threshold,TRUE,REMIND,REMIND-MAgPIE 3.2.0-4.8.0,RESCUE,0,4,NA,0.12839980312891514,FALSE,FALSE,NA,NA,NA,REMIND-MAgPIE 3.2.0-4.8.0 | RESCUE | 2C
SCI-vetted,R10EUROPE,2C,headcount_pct,Deprived share,population-year-weighted mean % below the DLE threshold,TRUE,REMIND,REMIND-MAgPIE 3.3-4.8,NGFS Phase 5,0,5,NA,0.13591177311773306,FALSE,FALSE,NA,NA,NA,REMIND-MAgPIE 3.3-4.8 | NGFS Phase 5 | 2C
SCI-vetted,R10EUROPE,2C,headcount_pct,Deprived share,population-year-weighted mean % below the DLE threshold,TRUE,WITCH,WITCH 5.0,ENGAGE,0,26,NA,0.2312186607609221,FALSE,FALSE,NA,NA,NA,WITCH 5.0 | ENGAGE | 2C
SCI-vetted,R10EUROPE,2C,headcount_pct,Deprived share,population-year-weighted mean % below the DLE threshold,TRUE,WITCH,WITCH 5.0,NAVIGATE,0,2,NA,0.2547292893481347,FALSE,FALSE,NA,NA,NA,WITCH 5.0 | NAVIGATE | 2C
SCI-vetted,R10EUROPE,2C,mortality_million_deaths,PM2.5 mortality,million cumulative PM2.5-attributable deaths,TRUE,GCAM,GCAM 5.3,NGFS Phase 2,0,1,NA,22.27415,FALSE,FALSE,NA,NA,NA,GCAM 5.3 | NGFS Phase 2 | 2C
SCI-vetted,R10EUROPE,2C,mortality_million_deaths,PM2.5 mortality,million cumulative PM2.5-attributable deaths,TRUE,GCAM,GCAM 6.0 NGFS,NGFS Phase 5,0,4,NA,20.59216,FALSE,FALSE,NA,NA,NA,GCAM 6.0 NGFS | NGFS Phase 5 | 2C
SCI-vetted,R10EUROPE,2C,mortality_million_deaths,PM2.5 mortality,million cumulative PM2.5-attributable deaths,TRUE,IMAGE,IMAGE 3.0,ENGAGE,15,0,21.984375,NA,FALSE,FALSE,NA,NA,NA,IMAGE 3.0 | ENGAGE | 2C
SCI-vetted,R10EUROPE,2C,mortality_million_deaths,PM2.5 mortality,million cumulative PM2.5-attributable deaths,TRUE,IMAGE,IMAGE 3.2,SSP2021,6,3,22.43652,19.65049,TRUE,TRUE,2.7860300000000002,12.417389149475943,High-RE,IMAGE 3.2 | SSP2021 | 2C
SCI-vetted,R10EUROPE,2C,mortality_million_deaths,PM2.5 mortality,million cumulative PM2.5-attributable deaths,TRUE,IMAGE,IMAGE 3.3,NAVIGATE,1,0,23.814865,NA,FALSE,FALSE,NA,NA,NA,IMAGE 3.3 | NAVIGATE | 2C
SCI-vetted,R10EUROPE,2C,mortality_million_deaths,PM2.5 mortality,million cumulative PM2.5-attributable deaths,TRUE,MESSAGEix,MESSAGEix-GLOBIOM 2.0-M-R12-NGFS,NGFS Phase 5,0,3,NA,15.768265,FALSE,FALSE,NA,NA,NA,MESSAGEix-GLOBIOM 2.0-M-R12-NGFS | NGFS Phase 5 | 2C
SCI-vetted,R10EUROPE,2C,mortality_million_deaths,PM2.5 mortality,million cumulative PM2.5-attributable deaths,TRUE,POLES,POLES-JRC ENGAGE,ENGAGE,41,0,12.066905,NA,FALSE,FALSE,NA,NA,NA,POLES-JRC ENGAGE | ENGAGE | 2C
SCI-vetted,R10EUROPE,2C,mortality_million_deaths,PM2.5 mortality,million cumulative PM2.5-attributable deaths,TRUE,REMIND,REMIND 2.1,LeastTotalCost,0,1,NA,11.232865,FALSE,FALSE,NA,NA,NA,REMIND 2.1 | LeastTotalCost | 2C
SCI-vetted,R10EUROPE,2C,mortality_million_deaths,PM2.5 mortality,million cumulative PM2.5-attributable deaths,TRUE,REMIND,REMIND 2.1,R2p1,0,1,NA,11.160365,FALSE,FALSE,NA,NA,NA,REMIND 2.1 | R2p1 | 2C
SCI-vetted,R10EUROPE,2C,mortality_million_deaths,PM2.5 mortality,million cumulative PM2.5-attributable deaths,TRUE,REMIND,REMIND-Buildings 2.0,BEG,0,1,NA,11.392925,FALSE,FALSE,NA,NA,NA,REMIND-Buildings 2.0 | BEG | 2C
SCI-vetted,R10EUROPE,2C,mortality_million_deaths,PM2.5 mortality,million cumulative PM2.5-attributable deaths,TRUE,REMIND,REMIND-MAgPIE 1.7-3.0,CD,0,1,NA,12.65058,FALSE,FALSE,NA,NA,NA,REMIND-MAgPIE 1.7-3.0 | CD | 2C
SCI-vetted,R10EUROPE,2C,mortality_million_deaths,PM2.5 mortality,million cumulative PM2.5-attributable deaths,TRUE,REMIND,REMIND-MAgPIE 1.7-3.0,COMMIT,0,2,NA,12.3745575,FALSE,FALSE,NA,NA,NA,REMIND-MAgPIE 1.7-3.0 | COMMIT | 2C
SCI-vetted,R10EUROPE,2C,mortality_million_deaths,PM2.5 mortality,million cumulative PM2.5-attributable deaths,TRUE,REMIND,REMIND-MAgPIE 1.7-3.0,PEP,0,2,NA,12.3745575,FALSE,FALSE,NA,NA,NA,REMIND-MAgPIE 1.7-3.0 | PEP | 2C
SCI-vetted,R10EUROPE,2C,mortality_million_deaths,PM2.5 mortality,million cumulative PM2.5-attributable deaths,TRUE,REMIND,REMIND-MAgPIE 2.1-4.2,ENGAGE,0,1,NA,11.14057,FALSE,FALSE,NA,NA,NA,REMIND-MAgPIE 2.1-4.2 | ENGAGE | 2C
SCI-vetted,R10EUROPE,2C,mortality_million_deaths,PM2.5 mortality,million cumulative PM2.5-attributable deaths,TRUE,REMIND,REMIND-MAgPIE 2.1-4.2,NGFS Phase 2,0,2,NA,10.931185,FALSE,FALSE,NA,NA,NA,REMIND-MAgPIE 2.1-4.2 | NGFS Phase 2 | 2C
SCI-vetted,R10EUROPE,2C,mortality_million_deaths,PM2.5 mortality,million cumulative PM2.5-attributable deaths,TRUE,REMIND,REMIND-MAgPIE 2.1-4.3,DeepElectrification,0,2,NA,11.12537,FALSE,FALSE,NA,NA,NA,REMIND-MAgPIE 2.1-4.3 | DeepElectrification | 2C
SCI-vetted,R10EUROPE,2C,mortality_million_deaths,PM2.5 mortality,million cumulative PM2.5-attributable deaths,TRUE,REMIND,REMIND-MAgPIE 3.2-4.6,SHAPE,0,2,NA,10.910045,FALSE,FALSE,NA,NA,NA,REMIND-MAgPIE 3.2-4.6 | SHAPE | 2C
SCI-vetted,R10EUROPE,2C,mortality_million_deaths,PM2.5 mortality,million cumulative PM2.5-attributable deaths,TRUE,REMIND,REMIND-MAgPIE 3.2.0-4.8.0,RESCUE,0,4,NA,11.9497275,FALSE,FALSE,NA,NA,NA,REMIND-MAgPIE 3.2.0-4.8.0 | RESCUE | 2C
SCI-vetted,R10EUROPE,2C,mortality_million_deaths,PM2.5 mortality,million cumulative PM2.5-attributable deaths,TRUE,REMIND,REMIND-MAgPIE 3.3-4.8,NGFS Phase 5,0,5,NA,17.89474,FALSE,FALSE,NA,NA,NA,REMIND-MAgPIE 3.3-4.8 | NGFS Phase 5 | 2C
SCI-vetted,R10EUROPE,2C,mortality_million_deaths,PM2.5 mortality,million cumulative PM2.5-attributable deaths,TRUE,WITCH,WITCH 5.0,ENGAGE,0,26,NA,17.9705,FALSE,FALSE,NA,NA,NA,WITCH 5.0 | ENGAGE | 2C
SCI-vetted,R10EUROPE,2C,mortality_million_deaths,PM2.5 mortality,million cumulative PM2.5-attributable deaths,TRUE,WITCH,WITCH 5.0,NAVIGATE,0,2,NA,17.6098675,FALSE,FALSE,NA,NA,NA,WITCH 5.0 | NAVIGATE | 2C
SCI-vetted,R10EUROPE,2C,total_energy_jobyears_per_1k,Employment,"total energy-sector job-years per 1,000 people",FALSE,GCAM,GCAM 5.3,NGFS Phase 2,0,1,NA,162.64943280629768,FALSE,FALSE,NA,NA,NA,GCAM 5.3 | NGFS Phase 2 | 2C
SCI-vetted,R10EUROPE,2C,total_energy_jobyears_per_1k,Employment,"total energy-sector job-years per 1,000 people",FALSE,GCAM,GCAM 6.0 NGFS,NGFS Phase 5,0,4,NA,203.2426676054042,FALSE,FALSE,NA,NA,NA,GCAM 6.0 NGFS | NGFS Phase 5 | 2C
SCI-vetted,R10EUROPE,2C,total_energy_jobyears_per_1k,Employment,"total energy-sector job-years per 1,000 people",FALSE,IMAGE,IMAGE 3.0,ENGAGE,15,0,151.30853725494234,NA,FALSE,FALSE,NA,NA,NA,IMAGE 3.0 | ENGAGE | 2C
SCI-vetted,R10EUROPE,2C,total_energy_jobyears_per_1k,Employment,"total energy-sector job-years per 1,000 people",FALSE,IMAGE,IMAGE 3.2,SSP2021,6,3,152.64622066181738,171.5733219481938,TRUE,TRUE,18.927101286376427,12.399325187558224,High-RE,IMAGE 3.2 | SSP2021 | 2C
SCI-vetted,R10EUROPE,2C,total_energy_jobyears_per_1k,Employment,"total energy-sector job-years per 1,000 people",FALSE,IMAGE,IMAGE 3.3,NAVIGATE,1,0,121.26158730474998,NA,FALSE,FALSE,NA,NA,NA,IMAGE 3.3 | NAVIGATE | 2C
SCI-vetted,R10EUROPE,2C,total_energy_jobyears_per_1k,Employment,"total energy-sector job-years per 1,000 people",FALSE,MESSAGEix,MESSAGEix-GLOBIOM 2.0-M-R12-NGFS,NGFS Phase 5,0,3,NA,122.41392438025157,FALSE,FALSE,NA,NA,NA,MESSAGEix-GLOBIOM 2.0-M-R12-NGFS | NGFS Phase 5 | 2C
SCI-vetted,R10EUROPE,2C,total_energy_jobyears_per_1k,Employment,"total energy-sector job-years per 1,000 people",FALSE,POLES,POLES-JRC ENGAGE,ENGAGE,41,0,199.23544616884715,NA,FALSE,FALSE,NA,NA,NA,POLES-JRC ENGAGE | ENGAGE | 2C
SCI-vetted,R10EUROPE,2C,total_energy_jobyears_per_1k,Employment,"total energy-sector job-years per 1,000 people",FALSE,REMIND,REMIND 2.1,LeastTotalCost,0,1,NA,111.9548638710851,FALSE,FALSE,NA,NA,NA,REMIND 2.1 | LeastTotalCost | 2C
SCI-vetted,R10EUROPE,2C,total_energy_jobyears_per_1k,Employment,"total energy-sector job-years per 1,000 people",FALSE,REMIND,REMIND 2.1,R2p1,0,1,NA,113.579727949579,FALSE,FALSE,NA,NA,NA,REMIND 2.1 | R2p1 | 2C
SCI-vetted,R10EUROPE,2C,total_energy_jobyears_per_1k,Employment,"total energy-sector job-years per 1,000 people",FALSE,REMIND,REMIND-Buildings 2.0,BEG,0,1,NA,152.09136633189064,FALSE,FALSE,NA,NA,NA,REMIND-Buildings 2.0 | BEG | 2C
SCI-vetted,R10EUROPE,2C,total_energy_jobyears_per_1k,Employment,"total energy-sector job-years per 1,000 people",FALSE,REMIND,REMIND-MAgPIE 1.7-3.0,CD,0,1,NA,164.47300519468368,FALSE,FALSE,NA,NA,NA,REMIND-MAgPIE 1.7-3.0 | CD | 2C
SCI-vetted,R10EUROPE,2C,total_energy_jobyears_per_1k,Employment,"total energy-sector job-years per 1,000 people",FALSE,REMIND,REMIND-MAgPIE 1.7-3.0,COMMIT,0,2,NA,167.9403781059881,FALSE,FALSE,NA,NA,NA,REMIND-MAgPIE 1.7-3.0 | COMMIT | 2C
SCI-vetted,R10EUROPE,2C,total_energy_jobyears_per_1k,Employment,"total energy-sector job-years per 1,000 people",FALSE,REMIND,REMIND-MAgPIE 1.7-3.0,PEP,0,2,NA,167.9403781059881,FALSE,FALSE,NA,NA,NA,REMIND-MAgPIE 1.7-3.0 | PEP | 2C
SCI-vetted,R10EUROPE,2C,total_energy_jobyears_per_1k,Employment,"total energy-sector job-years per 1,000 people",FALSE,REMIND,REMIND-MAgPIE 2.0-4.1,Diff,0,1,NA,129.8532718350069,FALSE,FALSE,NA,NA,NA,REMIND-MAgPIE 2.0-4.1 | Diff | 2C
SCI-vetted,R10EUROPE,2C,total_energy_jobyears_per_1k,Employment,"total energy-sector job-years per 1,000 people",FALSE,REMIND,REMIND-MAgPIE 2.1-4.2,ENGAGE,0,1,NA,116.86071957291449,FALSE,FALSE,NA,NA,NA,REMIND-MAgPIE 2.1-4.2 | ENGAGE | 2C
SCI-vetted,R10EUROPE,2C,total_energy_jobyears_per_1k,Employment,"total energy-sector job-years per 1,000 people",FALSE,REMIND,REMIND-MAgPIE 2.1-4.2,NGFS Phase 2,0,2,NA,136.96019753800692,FALSE,FALSE,NA,NA,NA,REMIND-MAgPIE 2.1-4.2 | NGFS Phase 2 | 2C
SCI-vetted,R10EUROPE,2C,total_energy_jobyears_per_1k,Employment,"total energy-sector job-years per 1,000 people",FALSE,REMIND,REMIND-MAgPIE 2.1-4.3,DeepElectrification,0,2,NA,102.7116314016287,FALSE,FALSE,NA,NA,NA,REMIND-MAgPIE 2.1-4.3 | DeepElectrification | 2C
SCI-vetted,R10EUROPE,2C,total_energy_jobyears_per_1k,Employment,"total energy-sector job-years per 1,000 people",FALSE,REMIND,REMIND-MAgPIE 3.2-4.6,SHAPE,0,2,NA,118.8199656552186,FALSE,FALSE,NA,NA,NA,REMIND-MAgPIE 3.2-4.6 | SHAPE | 2C
SCI-vetted,R10EUROPE,2C,total_energy_jobyears_per_1k,Employment,"total energy-sector job-years per 1,000 people",FALSE,REMIND,REMIND-MAgPIE 3.2.0-4.8.0,RESCUE,0,4,NA,167.8660208563578,FALSE,FALSE,NA,NA,NA,REMIND-MAgPIE 3.2.0-4.8.0 | RESCUE | 2C
SCI-vetted,R10EUROPE,2C,total_energy_jobyears_per_1k,Employment,"total energy-sector job-years per 1,000 people",FALSE,REMIND,REMIND-MAgPIE 3.3-4.8,NGFS Phase 5,0,5,NA,118.69860491201999,FALSE,FALSE,NA,NA,NA,REMIND-MAgPIE 3.3-4.8 | NGFS Phase 5 | 2C
SCI-vetted,R10EUROPE,2C,total_energy_jobyears_per_1k,Employment,"total energy-sector job-years per 1,000 people",FALSE,WITCH,WITCH 5.0,ENGAGE,0,26,NA,180.47582222396443,FALSE,FALSE,NA,NA,NA,WITCH 5.0 | ENGAGE | 2C
SCI-vetted,R10EUROPE,2C,total_energy_jobyears_per_1k,Employment,"total energy-sector job-years per 1,000 people",FALSE,WITCH,WITCH 5.0,NAVIGATE,0,2,NA,114.61623775931486,FALSE,FALSE,NA,NA,NA,WITCH 5.0 | NAVIGATE | 2C
SCI-vetted,R10INDIA+,1.5C,gap_GJ_pc,DLE gap,GJ per capita of cumulative DLE gap,TRUE,GCAM,GCAM 6.0 NGFS,NGFS Phase 5,0,2,NA,3.5797524697519485,FALSE,FALSE,NA,NA,NA,GCAM 6.0 NGFS | NGFS Phase 5 | 1.5C
SCI-vetted,R10INDIA+,1.5C,gap_GJ_pc,DLE gap,GJ per capita of cumulative DLE gap,TRUE,IMAGE,IMAGE 3.2,SSP2021,4,1,4.629309233644548,4.1740019716751995,TRUE,FALSE,0.4553072619693488,9.835317516926729,High-RE,IMAGE 3.2 | SSP2021 | 1.5C
SCI-vetted,R10INDIA+,1.5C,gap_GJ_pc,DLE gap,GJ per capita of cumulative DLE gap,TRUE,POLES,POLES-JRC ENGAGE,ENGAGE,2,0,8.23466435228141,NA,FALSE,FALSE,NA,NA,NA,POLES-JRC ENGAGE | ENGAGE | 1.5C
SCI-vetted,R10INDIA+,1.5C,gap_GJ_pc,DLE gap,GJ per capita of cumulative DLE gap,TRUE,REMIND,REMIND-MAgPIE 3.2.0-4.8.0,RESCUE,0,2,NA,1.8158109380843466,FALSE,FALSE,NA,NA,NA,REMIND-MAgPIE 3.2.0-4.8.0 | RESCUE | 1.5C
SCI-vetted,R10INDIA+,1.5C,gap_GJ_pc,DLE gap,GJ per capita of cumulative DLE gap,TRUE,REMIND,REMIND-MAgPIE 3.3-4.8,NGFS Phase 5,0,1,NA,1.7767692488261384,FALSE,FALSE,NA,NA,NA,REMIND-MAgPIE 3.3-4.8 | NGFS Phase 5 | 1.5C
SCI-vetted,R10INDIA+,1.5C,headcount_pct,Deprived share,population-year-weighted mean % below the DLE threshold,TRUE,GCAM,GCAM 6.0 NGFS,NGFS Phase 5,0,2,NA,1.8362990819895475,FALSE,FALSE,NA,NA,NA,GCAM 6.0 NGFS | NGFS Phase 5 | 1.5C
SCI-vetted,R10INDIA+,1.5C,headcount_pct,Deprived share,population-year-weighted mean % below the DLE threshold,TRUE,IMAGE,IMAGE 3.2,SSP2021,4,1,2.1514667207083464,2.1929385313951664,TRUE,FALSE,-0.04147181068681993,-1.9276064225230405,High-CDR,IMAGE 3.2 | SSP2021 | 1.5C
SCI-vetted,R10INDIA+,1.5C,headcount_pct,Deprived share,population-year-weighted mean % below the DLE threshold,TRUE,POLES,POLES-JRC ENGAGE,ENGAGE,2,0,3.488101482451369,NA,FALSE,FALSE,NA,NA,NA,POLES-JRC ENGAGE | ENGAGE | 1.5C
SCI-vetted,R10INDIA+,1.5C,headcount_pct,Deprived share,population-year-weighted mean % below the DLE threshold,TRUE,REMIND,REMIND-MAgPIE 3.2.0-4.8.0,RESCUE,0,2,NA,0.9302952392321926,FALSE,FALSE,NA,NA,NA,REMIND-MAgPIE 3.2.0-4.8.0 | RESCUE | 1.5C
SCI-vetted,R10INDIA+,1.5C,headcount_pct,Deprived share,population-year-weighted mean % below the DLE threshold,TRUE,REMIND,REMIND-MAgPIE 3.3-4.8,NGFS Phase 5,0,1,NA,0.981205319520565,FALSE,FALSE,NA,NA,NA,REMIND-MAgPIE 3.3-4.8 | NGFS Phase 5 | 1.5C
SCI-vetted,R10INDIA+,1.5C,mortality_million_deaths,PM2.5 mortality,million cumulative PM2.5-attributable deaths,TRUE,GCAM,GCAM 6.0 NGFS,NGFS Phase 5,0,2,NA,106.53725750000001,FALSE,FALSE,NA,NA,NA,GCAM 6.0 NGFS | NGFS Phase 5 | 1.5C
SCI-vetted,R10INDIA+,1.5C,mortality_million_deaths,PM2.5 mortality,million cumulative PM2.5-attributable deaths,TRUE,IMAGE,IMAGE 3.2,SSP2021,4,1,149.97499499999998,120.266935,TRUE,FALSE,29.708059999999975,19.808675439529086,High-RE,IMAGE 3.2 | SSP2021 | 1.5C
SCI-vetted,R10INDIA+,1.5C,mortality_million_deaths,PM2.5 mortality,million cumulative PM2.5-attributable deaths,TRUE,POLES,POLES-JRC ENGAGE,ENGAGE,2,0,103.17561,NA,FALSE,FALSE,NA,NA,NA,POLES-JRC ENGAGE | ENGAGE | 1.5C
SCI-vetted,R10INDIA+,1.5C,mortality_million_deaths,PM2.5 mortality,million cumulative PM2.5-attributable deaths,TRUE,REMIND,REMIND-MAgPIE 3.2.0-4.8.0,RESCUE,0,2,NA,95.86377999999999,FALSE,FALSE,NA,NA,NA,REMIND-MAgPIE 3.2.0-4.8.0 | RESCUE | 1.5C
SCI-vetted,R10INDIA+,1.5C,mortality_million_deaths,PM2.5 mortality,million cumulative PM2.5-attributable deaths,TRUE,REMIND,REMIND-MAgPIE 3.3-4.8,NGFS Phase 5,0,1,NA,88.522445,FALSE,FALSE,NA,NA,NA,REMIND-MAgPIE 3.3-4.8 | NGFS Phase 5 | 1.5C
SCI-vetted,R10INDIA+,1.5C,total_energy_jobyears_per_1k,Employment,"total energy-sector job-years per 1,000 people",FALSE,GCAM,GCAM 6.0 NGFS,NGFS Phase 5,0,2,NA,676.6038694012041,FALSE,FALSE,NA,NA,NA,GCAM 6.0 NGFS | NGFS Phase 5 | 1.5C
SCI-vetted,R10INDIA+,1.5C,total_energy_jobyears_per_1k,Employment,"total energy-sector job-years per 1,000 people",FALSE,IMAGE,IMAGE 3.2,SSP2021,4,1,340.93409794640934,463.39322706534836,TRUE,FALSE,122.45912911893902,35.918709761376846,High-RE,IMAGE 3.2 | SSP2021 | 1.5C
SCI-vetted,R10INDIA+,1.5C,total_energy_jobyears_per_1k,Employment,"total energy-sector job-years per 1,000 people",FALSE,POLES,POLES-JRC ENGAGE,ENGAGE,2,0,647.8619287696599,NA,FALSE,FALSE,NA,NA,NA,POLES-JRC ENGAGE | ENGAGE | 1.5C
SCI-vetted,R10INDIA+,1.5C,total_energy_jobyears_per_1k,Employment,"total energy-sector job-years per 1,000 people",FALSE,REMIND,REMIND-MAgPIE 3.2.0-4.8.0,RESCUE,0,2,NA,817.4294087060301,FALSE,FALSE,NA,NA,NA,REMIND-MAgPIE 3.2.0-4.8.0 | RESCUE | 1.5C
SCI-vetted,R10INDIA+,1.5C,total_energy_jobyears_per_1k,Employment,"total energy-sector job-years per 1,000 people",FALSE,REMIND,REMIND-MAgPIE 3.3-4.8,NGFS Phase 5,0,1,NA,690.7059418456564,FALSE,FALSE,NA,NA,NA,REMIND-MAgPIE 3.3-4.8 | NGFS Phase 5 | 1.5C
SCI-vetted,R10INDIA+,2C,gap_GJ_pc,DLE gap,GJ per capita of cumulative DLE gap,TRUE,GCAM,GCAM 5.3,NGFS Phase 2,0,1,NA,4.355946189032524,FALSE,FALSE,NA,NA,NA,GCAM 5.3 | NGFS Phase 2 | 2C
SCI-vetted,R10INDIA+,2C,gap_GJ_pc,DLE gap,GJ per capita of cumulative DLE gap,TRUE,GCAM,GCAM 6.0 NGFS,NGFS Phase 5,0,4,NA,3.1340158796163538,FALSE,FALSE,NA,NA,NA,GCAM 6.0 NGFS | NGFS Phase 5 | 2C
SCI-vetted,R10INDIA+,2C,gap_GJ_pc,DLE gap,GJ per capita of cumulative DLE gap,TRUE,IMAGE,IMAGE 3.0,ENGAGE,15,0,10.288027650663429,NA,FALSE,FALSE,NA,NA,NA,IMAGE 3.0 | ENGAGE | 2C
SCI-vetted,R10INDIA+,2C,gap_GJ_pc,DLE gap,GJ per capita of cumulative DLE gap,TRUE,IMAGE,IMAGE 3.2,SSP2021,6,3,3.9958057125068267,3.919236775612697,TRUE,TRUE,0.0765689368941298,1.9162327300967086,High-RE,IMAGE 3.2 | SSP2021 | 2C
SCI-vetted,R10INDIA+,2C,gap_GJ_pc,DLE gap,GJ per capita of cumulative DLE gap,TRUE,IMAGE,IMAGE 3.3,NAVIGATE,1,0,5.724987497755502,NA,FALSE,FALSE,NA,NA,NA,IMAGE 3.3 | NAVIGATE | 2C
SCI-vetted,R10INDIA+,2C,gap_GJ_pc,DLE gap,GJ per capita of cumulative DLE gap,TRUE,MESSAGEix,MESSAGEix-GLOBIOM 2.0-M-R12-NGFS,NGFS Phase 5,0,3,NA,11.38339005721742,FALSE,FALSE,NA,NA,NA,MESSAGEix-GLOBIOM 2.0-M-R12-NGFS | NGFS Phase 5 | 2C
SCI-vetted,R10INDIA+,2C,gap_GJ_pc,DLE gap,GJ per capita of cumulative DLE gap,TRUE,POLES,POLES-JRC ENGAGE,ENGAGE,41,0,6.472497437589054,NA,FALSE,FALSE,NA,NA,NA,POLES-JRC ENGAGE | ENGAGE | 2C
SCI-vetted,R10INDIA+,2C,gap_GJ_pc,DLE gap,GJ per capita of cumulative DLE gap,TRUE,REMIND,REMIND 2.1,LeastTotalCost,0,1,NA,2.2019924797247037,FALSE,FALSE,NA,NA,NA,REMIND 2.1 | LeastTotalCost | 2C
SCI-vetted,R10INDIA+,2C,gap_GJ_pc,DLE gap,GJ per capita of cumulative DLE gap,TRUE,REMIND,REMIND 2.1,R2p1,0,1,NA,2.180225913717587,FALSE,FALSE,NA,NA,NA,REMIND 2.1 | R2p1 | 2C
SCI-vetted,R10INDIA+,2C,gap_GJ_pc,DLE gap,GJ per capita of cumulative DLE gap,TRUE,REMIND,REMIND-Buildings 2.0,BEG,0,1,NA,3.5871228406125835,FALSE,FALSE,NA,NA,NA,REMIND-Buildings 2.0 | BEG | 2C
SCI-vetted,R10INDIA+,2C,gap_GJ_pc,DLE gap,GJ per capita of cumulative DLE gap,TRUE,REMIND,REMIND-MAgPIE 1.7-3.0,CD,0,1,NA,0.4630080026705633,FALSE,FALSE,NA,NA,NA,REMIND-MAgPIE 1.7-3.0 | CD | 2C
SCI-vetted,R10INDIA+,2C,gap_GJ_pc,DLE gap,GJ per capita of cumulative DLE gap,TRUE,REMIND,REMIND-MAgPIE 1.7-3.0,COMMIT,0,2,NA,0.6670449649173339,FALSE,FALSE,NA,NA,NA,REMIND-MAgPIE 1.7-3.0 | COMMIT | 2C
SCI-vetted,R10INDIA+,2C,gap_GJ_pc,DLE gap,GJ per capita of cumulative DLE gap,TRUE,REMIND,REMIND-MAgPIE 1.7-3.0,PEP,0,2,NA,0.6670449649173339,FALSE,FALSE,NA,NA,NA,REMIND-MAgPIE 1.7-3.0 | PEP | 2C
SCI-vetted,R10INDIA+,2C,gap_GJ_pc,DLE gap,GJ per capita of cumulative DLE gap,TRUE,REMIND,REMIND-MAgPIE 2.0-4.1,Diff,0,1,NA,1.3381076465025667,FALSE,FALSE,NA,NA,NA,REMIND-MAgPIE 2.0-4.1 | Diff | 2C
SCI-vetted,R10INDIA+,2C,gap_GJ_pc,DLE gap,GJ per capita of cumulative DLE gap,TRUE,REMIND,REMIND-MAgPIE 2.1-4.2,ENGAGE,0,1,NA,2.1894735866449953,FALSE,FALSE,NA,NA,NA,REMIND-MAgPIE 2.1-4.2 | ENGAGE | 2C
SCI-vetted,R10INDIA+,2C,gap_GJ_pc,DLE gap,GJ per capita of cumulative DLE gap,TRUE,REMIND,REMIND-MAgPIE 2.1-4.2,NGFS Phase 2,0,2,NA,1.8629180191679513,FALSE,FALSE,NA,NA,NA,REMIND-MAgPIE 2.1-4.2 | NGFS Phase 2 | 2C
SCI-vetted,R10INDIA+,2C,gap_GJ_pc,DLE gap,GJ per capita of cumulative DLE gap,TRUE,REMIND,REMIND-MAgPIE 2.1-4.3,DeepElectrification,0,2,NA,0.630660017495726,FALSE,FALSE,NA,NA,NA,REMIND-MAgPIE 2.1-4.3 | DeepElectrification | 2C
SCI-vetted,R10INDIA+,2C,gap_GJ_pc,DLE gap,GJ per capita of cumulative DLE gap,TRUE,REMIND,REMIND-MAgPIE 3.2-4.6,SHAPE,0,2,NA,1.865102534177952,FALSE,FALSE,NA,NA,NA,REMIND-MAgPIE 3.2-4.6 | SHAPE | 2C
SCI-vetted,R10INDIA+,2C,gap_GJ_pc,DLE gap,GJ per capita of cumulative DLE gap,TRUE,REMIND,REMIND-MAgPIE 3.2.0-4.8.0,RESCUE,0,4,NA,1.8227142195980786,FALSE,FALSE,NA,NA,NA,REMIND-MAgPIE 3.2.0-4.8.0 | RESCUE | 2C
SCI-vetted,R10INDIA+,2C,gap_GJ_pc,DLE gap,GJ per capita of cumulative DLE gap,TRUE,REMIND,REMIND-MAgPIE 3.3-4.8,NGFS Phase 5,0,5,NA,1.5430908057229928,FALSE,FALSE,NA,NA,NA,REMIND-MAgPIE 3.3-4.8 | NGFS Phase 5 | 2C
SCI-vetted,R10INDIA+,2C,gap_GJ_pc,DLE gap,GJ per capita of cumulative DLE gap,TRUE,WITCH,WITCH 5.0,ENGAGE,0,26,NA,6.348252536938772,FALSE,FALSE,NA,NA,NA,WITCH 5.0 | ENGAGE | 2C
SCI-vetted,R10INDIA+,2C,gap_GJ_pc,DLE gap,GJ per capita of cumulative DLE gap,TRUE,WITCH,WITCH 5.0,NAVIGATE,0,2,NA,9.49660162681944,FALSE,FALSE,NA,NA,NA,WITCH 5.0 | NAVIGATE | 2C
SCI-vetted,R10INDIA+,2C,headcount_pct,Deprived share,population-year-weighted mean % below the DLE threshold,TRUE,GCAM,GCAM 5.3,NGFS Phase 2,0,1,NA,2.0309738482613637,FALSE,FALSE,NA,NA,NA,GCAM 5.3 | NGFS Phase 2 | 2C
SCI-vetted,R10INDIA+,2C,headcount_pct,Deprived share,population-year-weighted mean % below the DLE threshold,TRUE,GCAM,GCAM 6.0 NGFS,NGFS Phase 5,0,4,NA,1.5592717947410732,FALSE,FALSE,NA,NA,NA,GCAM 6.0 NGFS | NGFS Phase 5 | 2C
SCI-vetted,R10INDIA+,2C,headcount_pct,Deprived share,population-year-weighted mean % below the DLE threshold,TRUE,IMAGE,IMAGE 3.0,ENGAGE,15,0,3.2720844713678066,NA,FALSE,FALSE,NA,NA,NA,IMAGE 3.0 | ENGAGE | 2C
SCI-vetted,R10INDIA+,2C,headcount_pct,Deprived share,population-year-weighted mean % below the DLE threshold,TRUE,IMAGE,IMAGE 3.2,SSP2021,6,3,1.8616713487828833,2.013111304521045,TRUE,TRUE,-0.15143995573816182,-8.134623537992873,High-CDR,IMAGE 3.2 | SSP2021 | 2C
SCI-vetted,R10INDIA+,2C,headcount_pct,Deprived share,population-year-weighted mean % below the DLE threshold,TRUE,IMAGE,IMAGE 3.3,NAVIGATE,1,0,2.890566183974391,NA,FALSE,FALSE,NA,NA,NA,IMAGE 3.3 | NAVIGATE | 2C
SCI-vetted,R10INDIA+,2C,headcount_pct,Deprived share,population-year-weighted mean % below the DLE threshold,TRUE,MESSAGEix,MESSAGEix-GLOBIOM 2.0-M-R12-NGFS,NGFS Phase 5,0,3,NA,3.4040878390688043,FALSE,FALSE,NA,NA,NA,MESSAGEix-GLOBIOM 2.0-M-R12-NGFS | NGFS Phase 5 | 2C
SCI-vetted,R10INDIA+,2C,headcount_pct,Deprived share,population-year-weighted mean % below the DLE threshold,TRUE,POLES,POLES-JRC ENGAGE,ENGAGE,41,0,2.3866138581226974,NA,FALSE,FALSE,NA,NA,NA,POLES-JRC ENGAGE | ENGAGE | 2C
SCI-vetted,R10INDIA+,2C,headcount_pct,Deprived share,population-year-weighted mean % below the DLE threshold,TRUE,REMIND,REMIND 2.1,LeastTotalCost,0,1,NA,1.04066193911466,FALSE,FALSE,NA,NA,NA,REMIND 2.1 | LeastTotalCost | 2C
SCI-vetted,R10INDIA+,2C,headcount_pct,Deprived share,population-year-weighted mean % below the DLE threshold,TRUE,REMIND,REMIND 2.1,R2p1,0,1,NA,1.0295261255436434,FALSE,FALSE,NA,NA,NA,REMIND 2.1 | R2p1 | 2C
SCI-vetted,R10INDIA+,2C,headcount_pct,Deprived share,population-year-weighted mean % below the DLE threshold,TRUE,REMIND,REMIND-Buildings 2.0,BEG,0,1,NA,1.4785474044535118,FALSE,FALSE,NA,NA,NA,REMIND-Buildings 2.0 | BEG | 2C
SCI-vetted,R10INDIA+,2C,headcount_pct,Deprived share,population-year-weighted mean % below the DLE threshold,TRUE,REMIND,REMIND-MAgPIE 1.7-3.0,CD,0,1,NA,0.26666935546094156,FALSE,FALSE,NA,NA,NA,REMIND-MAgPIE 1.7-3.0 | CD | 2C
SCI-vetted,R10INDIA+,2C,headcount_pct,Deprived share,population-year-weighted mean % below the DLE threshold,TRUE,REMIND,REMIND-MAgPIE 1.7-3.0,COMMIT,0,2,NA,0.37236410503127937,FALSE,FALSE,NA,NA,NA,REMIND-MAgPIE 1.7-3.0 | COMMIT | 2C
SCI-vetted,R10INDIA+,2C,headcount_pct,Deprived share,population-year-weighted mean % below the DLE threshold,TRUE,REMIND,REMIND-MAgPIE 1.7-3.0,PEP,0,2,NA,0.37236410503127937,FALSE,FALSE,NA,NA,NA,REMIND-MAgPIE 1.7-3.0 | PEP | 2C
SCI-vetted,R10INDIA+,2C,headcount_pct,Deprived share,population-year-weighted mean % below the DLE threshold,TRUE,REMIND,REMIND-MAgPIE 2.0-4.1,Diff,0,1,NA,0.6492659340250504,FALSE,FALSE,NA,NA,NA,REMIND-MAgPIE 2.0-4.1 | Diff | 2C
SCI-vetted,R10INDIA+,2C,headcount_pct,Deprived share,population-year-weighted mean % below the DLE threshold,TRUE,REMIND,REMIND-MAgPIE 2.1-4.2,ENGAGE,0,1,NA,1.03225738283135,FALSE,FALSE,NA,NA,NA,REMIND-MAgPIE 2.1-4.2 | ENGAGE | 2C
SCI-vetted,R10INDIA+,2C,headcount_pct,Deprived share,population-year-weighted mean % below the DLE threshold,TRUE,REMIND,REMIND-MAgPIE 2.1-4.2,NGFS Phase 2,0,2,NA,0.9545166012640374,FALSE,FALSE,NA,NA,NA,REMIND-MAgPIE 2.1-4.2 | NGFS Phase 2 | 2C
SCI-vetted,R10INDIA+,2C,headcount_pct,Deprived share,population-year-weighted mean % below the DLE threshold,TRUE,REMIND,REMIND-MAgPIE 2.1-4.3,DeepElectrification,0,2,NA,0.3540368792688094,FALSE,FALSE,NA,NA,NA,REMIND-MAgPIE 2.1-4.3 | DeepElectrification | 2C
SCI-vetted,R10INDIA+,2C,headcount_pct,Deprived share,population-year-weighted mean % below the DLE threshold,TRUE,REMIND,REMIND-MAgPIE 3.2-4.6,SHAPE,0,2,NA,0.9397923167902342,FALSE,FALSE,NA,NA,NA,REMIND-MAgPIE 3.2-4.6 | SHAPE | 2C
SCI-vetted,R10INDIA+,2C,headcount_pct,Deprived share,population-year-weighted mean % below the DLE threshold,TRUE,REMIND,REMIND-MAgPIE 3.2.0-4.8.0,RESCUE,0,4,NA,0.934878340632765,FALSE,FALSE,NA,NA,NA,REMIND-MAgPIE 3.2.0-4.8.0 | RESCUE | 2C
SCI-vetted,R10INDIA+,2C,headcount_pct,Deprived share,population-year-weighted mean % below the DLE threshold,TRUE,REMIND,REMIND-MAgPIE 3.3-4.8,NGFS Phase 5,0,5,NA,0.800042497097626,FALSE,FALSE,NA,NA,NA,REMIND-MAgPIE 3.3-4.8 | NGFS Phase 5 | 2C
SCI-vetted,R10INDIA+,2C,headcount_pct,Deprived share,population-year-weighted mean % below the DLE threshold,TRUE,WITCH,WITCH 5.0,ENGAGE,0,26,NA,3.054535688148011,FALSE,FALSE,NA,NA,NA,WITCH 5.0 | ENGAGE | 2C
SCI-vetted,R10INDIA+,2C,headcount_pct,Deprived share,population-year-weighted mean % below the DLE threshold,TRUE,WITCH,WITCH 5.0,NAVIGATE,0,2,NA,4.327011221276698,FALSE,FALSE,NA,NA,NA,WITCH 5.0 | NAVIGATE | 2C
SCI-vetted,R10INDIA+,2C,mortality_million_deaths,PM2.5 mortality,million cumulative PM2.5-attributable deaths,TRUE,GCAM,GCAM 5.3,NGFS Phase 2,0,1,NA,102.53671,FALSE,FALSE,NA,NA,NA,GCAM 5.3 | NGFS Phase 2 | 2C
SCI-vetted,R10INDIA+,2C,mortality_million_deaths,PM2.5 mortality,million cumulative PM2.5-attributable deaths,TRUE,GCAM,GCAM 6.0 NGFS,NGFS Phase 5,0,4,NA,120.0061325,FALSE,FALSE,NA,NA,NA,GCAM 6.0 NGFS | NGFS Phase 5 | 2C
SCI-vetted,R10INDIA+,2C,mortality_million_deaths,PM2.5 mortality,million cumulative PM2.5-attributable deaths,TRUE,IMAGE,IMAGE 3.0,ENGAGE,15,0,155.88667,NA,FALSE,FALSE,NA,NA,NA,IMAGE 3.0 | ENGAGE | 2C
SCI-vetted,R10INDIA+,2C,mortality_million_deaths,PM2.5 mortality,million cumulative PM2.5-attributable deaths,TRUE,IMAGE,IMAGE 3.2,SSP2021,6,3,159.15184,148.93834,TRUE,TRUE,10.213499999999982,6.417456436570248,High-RE,IMAGE 3.2 | SSP2021 | 2C
SCI-vetted,R10INDIA+,2C,mortality_million_deaths,PM2.5 mortality,million cumulative PM2.5-attributable deaths,TRUE,IMAGE,IMAGE 3.3,NAVIGATE,1,0,128.059895,NA,FALSE,FALSE,NA,NA,NA,IMAGE 3.3 | NAVIGATE | 2C
SCI-vetted,R10INDIA+,2C,mortality_million_deaths,PM2.5 mortality,million cumulative PM2.5-attributable deaths,TRUE,MESSAGEix,MESSAGEix-GLOBIOM 2.0-M-R12-NGFS,NGFS Phase 5,0,3,NA,99.45517,FALSE,FALSE,NA,NA,NA,MESSAGEix-GLOBIOM 2.0-M-R12-NGFS | NGFS Phase 5 | 2C
SCI-vetted,R10INDIA+,2C,mortality_million_deaths,PM2.5 mortality,million cumulative PM2.5-attributable deaths,TRUE,POLES,POLES-JRC ENGAGE,ENGAGE,41,0,110.227135,NA,FALSE,FALSE,NA,NA,NA,POLES-JRC ENGAGE | ENGAGE | 2C
SCI-vetted,R10INDIA+,2C,mortality_million_deaths,PM2.5 mortality,million cumulative PM2.5-attributable deaths,TRUE,REMIND,REMIND 2.1,LeastTotalCost,0,1,NA,168.76587,FALSE,FALSE,NA,NA,NA,REMIND 2.1 | LeastTotalCost | 2C
SCI-vetted,R10INDIA+,2C,mortality_million_deaths,PM2.5 mortality,million cumulative PM2.5-attributable deaths,TRUE,REMIND,REMIND 2.1,R2p1,0,1,NA,153.975585,FALSE,FALSE,NA,NA,NA,REMIND 2.1 | R2p1 | 2C
SCI-vetted,R10INDIA+,2C,mortality_million_deaths,PM2.5 mortality,million cumulative PM2.5-attributable deaths,TRUE,REMIND,REMIND-Buildings 2.0,BEG,0,1,NA,189.055975,FALSE,FALSE,NA,NA,NA,REMIND-Buildings 2.0 | BEG | 2C
SCI-vetted,R10INDIA+,2C,mortality_million_deaths,PM2.5 mortality,million cumulative PM2.5-attributable deaths,TRUE,REMIND,REMIND-MAgPIE 1.7-3.0,CD,0,1,NA,151.93706,FALSE,FALSE,NA,NA,NA,REMIND-MAgPIE 1.7-3.0 | CD | 2C
SCI-vetted,R10INDIA+,2C,mortality_million_deaths,PM2.5 mortality,million cumulative PM2.5-attributable deaths,TRUE,REMIND,REMIND-MAgPIE 1.7-3.0,COMMIT,0,2,NA,149.21633250000002,FALSE,FALSE,NA,NA,NA,REMIND-MAgPIE 1.7-3.0 | COMMIT | 2C
SCI-vetted,R10INDIA+,2C,mortality_million_deaths,PM2.5 mortality,million cumulative PM2.5-attributable deaths,TRUE,REMIND,REMIND-MAgPIE 1.7-3.0,PEP,0,2,NA,149.21633250000002,FALSE,FALSE,NA,NA,NA,REMIND-MAgPIE 1.7-3.0 | PEP | 2C
SCI-vetted,R10INDIA+,2C,mortality_million_deaths,PM2.5 mortality,million cumulative PM2.5-attributable deaths,TRUE,REMIND,REMIND-MAgPIE 2.1-4.2,ENGAGE,0,1,NA,151.828575,FALSE,FALSE,NA,NA,NA,REMIND-MAgPIE 2.1-4.2 | ENGAGE | 2C
SCI-vetted,R10INDIA+,2C,mortality_million_deaths,PM2.5 mortality,million cumulative PM2.5-attributable deaths,TRUE,REMIND,REMIND-MAgPIE 2.1-4.2,NGFS Phase 2,0,2,NA,116.3473775,FALSE,FALSE,NA,NA,NA,REMIND-MAgPIE 2.1-4.2 | NGFS Phase 2 | 2C
SCI-vetted,R10INDIA+,2C,mortality_million_deaths,PM2.5 mortality,million cumulative PM2.5-attributable deaths,TRUE,REMIND,REMIND-MAgPIE 2.1-4.3,DeepElectrification,0,2,NA,132.61791499999998,FALSE,FALSE,NA,NA,NA,REMIND-MAgPIE 2.1-4.3 | DeepElectrification | 2C
SCI-vetted,R10INDIA+,2C,mortality_million_deaths,PM2.5 mortality,million cumulative PM2.5-attributable deaths,TRUE,REMIND,REMIND-MAgPIE 3.2-4.6,SHAPE,0,2,NA,102.02655,FALSE,FALSE,NA,NA,NA,REMIND-MAgPIE 3.2-4.6 | SHAPE | 2C
SCI-vetted,R10INDIA+,2C,mortality_million_deaths,PM2.5 mortality,million cumulative PM2.5-attributable deaths,TRUE,REMIND,REMIND-MAgPIE 3.2.0-4.8.0,RESCUE,0,4,NA,96.64531,FALSE,FALSE,NA,NA,NA,REMIND-MAgPIE 3.2.0-4.8.0 | RESCUE | 2C
SCI-vetted,R10INDIA+,2C,mortality_million_deaths,PM2.5 mortality,million cumulative PM2.5-attributable deaths,TRUE,REMIND,REMIND-MAgPIE 3.3-4.8,NGFS Phase 5,0,5,NA,96.08855,FALSE,FALSE,NA,NA,NA,REMIND-MAgPIE 3.3-4.8 | NGFS Phase 5 | 2C
SCI-vetted,R10INDIA+,2C,mortality_million_deaths,PM2.5 mortality,million cumulative PM2.5-attributable deaths,TRUE,WITCH,WITCH 5.0,ENGAGE,0,26,NA,91.301855,FALSE,FALSE,NA,NA,NA,WITCH 5.0 | ENGAGE | 2C
SCI-vetted,R10INDIA+,2C,mortality_million_deaths,PM2.5 mortality,million cumulative PM2.5-attributable deaths,TRUE,WITCH,WITCH 5.0,NAVIGATE,0,2,NA,94.2405125,FALSE,FALSE,NA,NA,NA,WITCH 5.0 | NAVIGATE | 2C
SCI-vetted,R10INDIA+,2C,total_energy_jobyears_per_1k,Employment,"total energy-sector job-years per 1,000 people",FALSE,GCAM,GCAM 5.3,NGFS Phase 2,0,1,NA,295.08265794371596,FALSE,FALSE,NA,NA,NA,GCAM 5.3 | NGFS Phase 2 | 2C
SCI-vetted,R10INDIA+,2C,total_energy_jobyears_per_1k,Employment,"total energy-sector job-years per 1,000 people",FALSE,GCAM,GCAM 6.0 NGFS,NGFS Phase 5,0,4,NA,723.6407341104399,FALSE,FALSE,NA,NA,NA,GCAM 6.0 NGFS | NGFS Phase 5 | 2C
SCI-vetted,R10INDIA+,2C,total_energy_jobyears_per_1k,Employment,"total energy-sector job-years per 1,000 people",FALSE,IMAGE,IMAGE 3.0,ENGAGE,15,0,308.1397388387982,NA,FALSE,FALSE,NA,NA,NA,IMAGE 3.0 | ENGAGE | 2C
SCI-vetted,R10INDIA+,2C,total_energy_jobyears_per_1k,Employment,"total energy-sector job-years per 1,000 people",FALSE,IMAGE,IMAGE 3.2,SSP2021,6,3,299.35004954727196,406.87161056111444,TRUE,TRUE,107.52156101384247,35.91833747028098,High-RE,IMAGE 3.2 | SSP2021 | 2C
SCI-vetted,R10INDIA+,2C,total_energy_jobyears_per_1k,Employment,"total energy-sector job-years per 1,000 people",FALSE,IMAGE,IMAGE 3.3,NAVIGATE,1,0,342.7547452927916,NA,FALSE,FALSE,NA,NA,NA,IMAGE 3.3 | NAVIGATE | 2C
SCI-vetted,R10INDIA+,2C,total_energy_jobyears_per_1k,Employment,"total energy-sector job-years per 1,000 people",FALSE,MESSAGEix,MESSAGEix-GLOBIOM 2.0-M-R12-NGFS,NGFS Phase 5,0,3,NA,575.7402104017526,FALSE,FALSE,NA,NA,NA,MESSAGEix-GLOBIOM 2.0-M-R12-NGFS | NGFS Phase 5 | 2C
SCI-vetted,R10INDIA+,2C,total_energy_jobyears_per_1k,Employment,"total energy-sector job-years per 1,000 people",FALSE,POLES,POLES-JRC ENGAGE,ENGAGE,41,0,508.68594512725474,NA,FALSE,FALSE,NA,NA,NA,POLES-JRC ENGAGE | ENGAGE | 2C
SCI-vetted,R10INDIA+,2C,total_energy_jobyears_per_1k,Employment,"total energy-sector job-years per 1,000 people",FALSE,REMIND,REMIND 2.1,LeastTotalCost,0,1,NA,634.3119078443956,FALSE,FALSE,NA,NA,NA,REMIND 2.1 | LeastTotalCost | 2C
SCI-vetted,R10INDIA+,2C,total_energy_jobyears_per_1k,Employment,"total energy-sector job-years per 1,000 people",FALSE,REMIND,REMIND 2.1,R2p1,0,1,NA,778.8732054640145,FALSE,FALSE,NA,NA,NA,REMIND 2.1 | R2p1 | 2C
SCI-vetted,R10INDIA+,2C,total_energy_jobyears_per_1k,Employment,"total energy-sector job-years per 1,000 people",FALSE,REMIND,REMIND-Buildings 2.0,BEG,0,1,NA,789.9717598744833,FALSE,FALSE,NA,NA,NA,REMIND-Buildings 2.0 | BEG | 2C
SCI-vetted,R10INDIA+,2C,total_energy_jobyears_per_1k,Employment,"total energy-sector job-years per 1,000 people",FALSE,REMIND,REMIND-MAgPIE 1.7-3.0,CD,0,1,NA,864.3459138946889,FALSE,FALSE,NA,NA,NA,REMIND-MAgPIE 1.7-3.0 | CD | 2C
SCI-vetted,R10INDIA+,2C,total_energy_jobyears_per_1k,Employment,"total energy-sector job-years per 1,000 people",FALSE,REMIND,REMIND-MAgPIE 1.7-3.0,COMMIT,0,2,NA,841.5254917146787,FALSE,FALSE,NA,NA,NA,REMIND-MAgPIE 1.7-3.0 | COMMIT | 2C
SCI-vetted,R10INDIA+,2C,total_energy_jobyears_per_1k,Employment,"total energy-sector job-years per 1,000 people",FALSE,REMIND,REMIND-MAgPIE 1.7-3.0,PEP,0,2,NA,841.5254917146787,FALSE,FALSE,NA,NA,NA,REMIND-MAgPIE 1.7-3.0 | PEP | 2C
SCI-vetted,R10INDIA+,2C,total_energy_jobyears_per_1k,Employment,"total energy-sector job-years per 1,000 people",FALSE,REMIND,REMIND-MAgPIE 2.0-4.1,Diff,0,1,NA,799.2645045122043,FALSE,FALSE,NA,NA,NA,REMIND-MAgPIE 2.0-4.1 | Diff | 2C
SCI-vetted,R10INDIA+,2C,total_energy_jobyears_per_1k,Employment,"total energy-sector job-years per 1,000 people",FALSE,REMIND,REMIND-MAgPIE 2.1-4.2,ENGAGE,0,1,NA,799.0202155903617,FALSE,FALSE,NA,NA,NA,REMIND-MAgPIE 2.1-4.2 | ENGAGE | 2C
SCI-vetted,R10INDIA+,2C,total_energy_jobyears_per_1k,Employment,"total energy-sector job-years per 1,000 people",FALSE,REMIND,REMIND-MAgPIE 2.1-4.2,NGFS Phase 2,0,2,NA,638.401508945572,FALSE,FALSE,NA,NA,NA,REMIND-MAgPIE 2.1-4.2 | NGFS Phase 2 | 2C
SCI-vetted,R10INDIA+,2C,total_energy_jobyears_per_1k,Employment,"total energy-sector job-years per 1,000 people",FALSE,REMIND,REMIND-MAgPIE 2.1-4.3,DeepElectrification,0,2,NA,585.5946686056377,FALSE,FALSE,NA,NA,NA,REMIND-MAgPIE 2.1-4.3 | DeepElectrification | 2C
SCI-vetted,R10INDIA+,2C,total_energy_jobyears_per_1k,Employment,"total energy-sector job-years per 1,000 people",FALSE,REMIND,REMIND-MAgPIE 3.2-4.6,SHAPE,0,2,NA,615.9761997128907,FALSE,FALSE,NA,NA,NA,REMIND-MAgPIE 3.2-4.6 | SHAPE | 2C
SCI-vetted,R10INDIA+,2C,total_energy_jobyears_per_1k,Employment,"total energy-sector job-years per 1,000 people",FALSE,REMIND,REMIND-MAgPIE 3.2.0-4.8.0,RESCUE,0,4,NA,777.4497969709957,FALSE,FALSE,NA,NA,NA,REMIND-MAgPIE 3.2.0-4.8.0 | RESCUE | 2C
SCI-vetted,R10INDIA+,2C,total_energy_jobyears_per_1k,Employment,"total energy-sector job-years per 1,000 people",FALSE,REMIND,REMIND-MAgPIE 3.3-4.8,NGFS Phase 5,0,5,NA,584.6666598239105,FALSE,FALSE,NA,NA,NA,REMIND-MAgPIE 3.3-4.8 | NGFS Phase 5 | 2C
SCI-vetted,R10INDIA+,2C,total_energy_jobyears_per_1k,Employment,"total energy-sector job-years per 1,000 people",FALSE,WITCH,WITCH 5.0,ENGAGE,0,26,NA,260.15599809760454,FALSE,FALSE,NA,NA,NA,WITCH 5.0 | ENGAGE | 2C
SCI-vetted,R10INDIA+,2C,total_energy_jobyears_per_1k,Employment,"total energy-sector job-years per 1,000 people",FALSE,WITCH,WITCH 5.0,NAVIGATE,0,2,NA,483.6749268411454,FALSE,FALSE,NA,NA,NA,WITCH 5.0 | NAVIGATE | 2C
SCI-vetted,R10LATIN_AM,1.5C,gap_GJ_pc,DLE gap,GJ per capita of cumulative DLE gap,TRUE,GCAM,GCAM 6.0 NGFS,NGFS Phase 5,0,2,NA,73.38413726736016,FALSE,FALSE,NA,NA,NA,GCAM 6.0 NGFS | NGFS Phase 5 | 1.5C
SCI-vetted,R10LATIN_AM,1.5C,gap_GJ_pc,DLE gap,GJ per capita of cumulative DLE gap,TRUE,IMAGE,IMAGE 3.2,SSP2021,4,1,92.53813508926346,84.41338549915433,TRUE,FALSE,8.124749590109133,8.779893372901773,High-RE,IMAGE 3.2 | SSP2021 | 1.5C
SCI-vetted,R10LATIN_AM,1.5C,gap_GJ_pc,DLE gap,GJ per capita of cumulative DLE gap,TRUE,POLES,POLES-JRC ENGAGE,ENGAGE,2,0,102.84500124856929,NA,FALSE,FALSE,NA,NA,NA,POLES-JRC ENGAGE | ENGAGE | 1.5C
SCI-vetted,R10LATIN_AM,1.5C,gap_GJ_pc,DLE gap,GJ per capita of cumulative DLE gap,TRUE,REMIND,REMIND-MAgPIE 3.2.0-4.8.0,RESCUE,0,2,NA,54.24132527637004,FALSE,FALSE,NA,NA,NA,REMIND-MAgPIE 3.2.0-4.8.0 | RESCUE | 1.5C
SCI-vetted,R10LATIN_AM,1.5C,gap_GJ_pc,DLE gap,GJ per capita of cumulative DLE gap,TRUE,REMIND,REMIND-MAgPIE 3.3-4.8,NGFS Phase 5,0,1,NA,64.75571583033445,FALSE,FALSE,NA,NA,NA,REMIND-MAgPIE 3.3-4.8 | NGFS Phase 5 | 1.5C
SCI-vetted,R10LATIN_AM,1.5C,headcount_pct,Deprived share,population-year-weighted mean % below the DLE threshold,TRUE,GCAM,GCAM 6.0 NGFS,NGFS Phase 5,0,2,NA,15.174593346392097,FALSE,FALSE,NA,NA,NA,GCAM 6.0 NGFS | NGFS Phase 5 | 1.5C
SCI-vetted,R10LATIN_AM,1.5C,headcount_pct,Deprived share,population-year-weighted mean % below the DLE threshold,TRUE,IMAGE,IMAGE 3.2,SSP2021,4,1,18.769932922510044,18.832979288010293,TRUE,FALSE,-0.06304636550024867,-0.3358902014222951,High-CDR,IMAGE 3.2 | SSP2021 | 1.5C
SCI-vetted,R10LATIN_AM,1.5C,headcount_pct,Deprived share,population-year-weighted mean % below the DLE threshold,TRUE,POLES,POLES-JRC ENGAGE,ENGAGE,2,0,21.297282965932794,NA,FALSE,FALSE,NA,NA,NA,POLES-JRC ENGAGE | ENGAGE | 1.5C
SCI-vetted,R10LATIN_AM,1.5C,headcount_pct,Deprived share,population-year-weighted mean % below the DLE threshold,TRUE,REMIND,REMIND-MAgPIE 3.2.0-4.8.0,RESCUE,0,2,NA,11.113978612316188,FALSE,FALSE,NA,NA,NA,REMIND-MAgPIE 3.2.0-4.8.0 | RESCUE | 1.5C
SCI-vetted,R10LATIN_AM,1.5C,headcount_pct,Deprived share,population-year-weighted mean % below the DLE threshold,TRUE,REMIND,REMIND-MAgPIE 3.3-4.8,NGFS Phase 5,0,1,NA,12.809716159367069,FALSE,FALSE,NA,NA,NA,REMIND-MAgPIE 3.3-4.8 | NGFS Phase 5 | 1.5C
SCI-vetted,R10LATIN_AM,1.5C,mortality_million_deaths,PM2.5 mortality,million cumulative PM2.5-attributable deaths,TRUE,GCAM,GCAM 6.0 NGFS,NGFS Phase 5,0,2,NA,15.4162475,FALSE,FALSE,NA,NA,NA,GCAM 6.0 NGFS | NGFS Phase 5 | 1.5C
SCI-vetted,R10LATIN_AM,1.5C,mortality_million_deaths,PM2.5 mortality,million cumulative PM2.5-attributable deaths,TRUE,IMAGE,IMAGE 3.2,SSP2021,4,1,23.1917275,23.047795,TRUE,FALSE,0.14393249999999824,0.6206200034042235,High-RE,IMAGE 3.2 | SSP2021 | 1.5C
SCI-vetted,R10LATIN_AM,1.5C,mortality_million_deaths,PM2.5 mortality,million cumulative PM2.5-attributable deaths,TRUE,POLES,POLES-JRC ENGAGE,ENGAGE,2,0,13.18129,NA,FALSE,FALSE,NA,NA,NA,POLES-JRC ENGAGE | ENGAGE | 1.5C
SCI-vetted,R10LATIN_AM,1.5C,mortality_million_deaths,PM2.5 mortality,million cumulative PM2.5-attributable deaths,TRUE,REMIND,REMIND-MAgPIE 3.2.0-4.8.0,RESCUE,0,2,NA,15.87274,FALSE,FALSE,NA,NA,NA,REMIND-MAgPIE 3.2.0-4.8.0 | RESCUE | 1.5C
SCI-vetted,R10LATIN_AM,1.5C,mortality_million_deaths,PM2.5 mortality,million cumulative PM2.5-attributable deaths,TRUE,REMIND,REMIND-MAgPIE 3.3-4.8,NGFS Phase 5,0,1,NA,16.270785,FALSE,FALSE,NA,NA,NA,REMIND-MAgPIE 3.3-4.8 | NGFS Phase 5 | 1.5C
SCI-vetted,R10LATIN_AM,1.5C,total_energy_jobyears_per_1k,Employment,"total energy-sector job-years per 1,000 people",FALSE,GCAM,GCAM 6.0 NGFS,NGFS Phase 5,0,2,NA,534.604389038878,FALSE,FALSE,NA,NA,NA,GCAM 6.0 NGFS | NGFS Phase 5 | 1.5C
SCI-vetted,R10LATIN_AM,1.5C,total_energy_jobyears_per_1k,Employment,"total energy-sector job-years per 1,000 people",FALSE,IMAGE,IMAGE 3.2,SSP2021,4,1,457.2202094224145,539.4800399374988,TRUE,FALSE,82.25983051508427,17.991293652351757,High-RE,IMAGE 3.2 | SSP2021 | 1.5C
SCI-vetted,R10LATIN_AM,1.5C,total_energy_jobyears_per_1k,Employment,"total energy-sector job-years per 1,000 people",FALSE,POLES,POLES-JRC ENGAGE,ENGAGE,2,0,612.1616998055838,NA,FALSE,FALSE,NA,NA,NA,POLES-JRC ENGAGE | ENGAGE | 1.5C
SCI-vetted,R10LATIN_AM,1.5C,total_energy_jobyears_per_1k,Employment,"total energy-sector job-years per 1,000 people",FALSE,REMIND,REMIND-MAgPIE 3.2.0-4.8.0,RESCUE,0,2,NA,370.1923575724363,FALSE,FALSE,NA,NA,NA,REMIND-MAgPIE 3.2.0-4.8.0 | RESCUE | 1.5C
SCI-vetted,R10LATIN_AM,1.5C,total_energy_jobyears_per_1k,Employment,"total energy-sector job-years per 1,000 people",FALSE,REMIND,REMIND-MAgPIE 3.3-4.8,NGFS Phase 5,0,1,NA,422.7855602315458,FALSE,FALSE,NA,NA,NA,REMIND-MAgPIE 3.3-4.8 | NGFS Phase 5 | 1.5C
SCI-vetted,R10LATIN_AM,2C,gap_GJ_pc,DLE gap,GJ per capita of cumulative DLE gap,TRUE,GCAM,GCAM 5.3,NGFS Phase 2,0,1,NA,78.0014099869633,FALSE,FALSE,NA,NA,NA,GCAM 5.3 | NGFS Phase 2 | 2C
SCI-vetted,R10LATIN_AM,2C,gap_GJ_pc,DLE gap,GJ per capita of cumulative DLE gap,TRUE,GCAM,GCAM 6.0 NGFS,NGFS Phase 5,0,4,NA,59.0649601501563,FALSE,FALSE,NA,NA,NA,GCAM 6.0 NGFS | NGFS Phase 5 | 2C
SCI-vetted,R10LATIN_AM,2C,gap_GJ_pc,DLE gap,GJ per capita of cumulative DLE gap,TRUE,IMAGE,IMAGE 3.0,ENGAGE,15,0,55.79465866295403,NA,FALSE,FALSE,NA,NA,NA,IMAGE 3.0 | ENGAGE | 2C
SCI-vetted,R10LATIN_AM,2C,gap_GJ_pc,DLE gap,GJ per capita of cumulative DLE gap,TRUE,IMAGE,IMAGE 3.2,SSP2021,6,3,81.8333758829962,70.97524546072171,TRUE,TRUE,10.858130422274485,13.268584248313589,High-RE,IMAGE 3.2 | SSP2021 | 2C
SCI-vetted,R10LATIN_AM,2C,gap_GJ_pc,DLE gap,GJ per capita of cumulative DLE gap,TRUE,IMAGE,IMAGE 3.3,NAVIGATE,1,0,110.59999959582386,NA,FALSE,FALSE,NA,NA,NA,IMAGE 3.3 | NAVIGATE | 2C
SCI-vetted,R10LATIN_AM,2C,gap_GJ_pc,DLE gap,GJ per capita of cumulative DLE gap,TRUE,MESSAGEix,MESSAGEix-GLOBIOM 2.0-M-R12-NGFS,NGFS Phase 5,0,3,NA,72.474193744481,FALSE,FALSE,NA,NA,NA,MESSAGEix-GLOBIOM 2.0-M-R12-NGFS | NGFS Phase 5 | 2C
SCI-vetted,R10LATIN_AM,2C,gap_GJ_pc,DLE gap,GJ per capita of cumulative DLE gap,TRUE,POLES,POLES-JRC ENGAGE,ENGAGE,41,0,83.88451066615713,NA,FALSE,FALSE,NA,NA,NA,POLES-JRC ENGAGE | ENGAGE | 2C
SCI-vetted,R10LATIN_AM,2C,gap_GJ_pc,DLE gap,GJ per capita of cumulative DLE gap,TRUE,REMIND,REMIND 2.1,LeastTotalCost,0,1,NA,41.8189993631585,FALSE,FALSE,NA,NA,NA,REMIND 2.1 | LeastTotalCost | 2C
SCI-vetted,R10LATIN_AM,2C,gap_GJ_pc,DLE gap,GJ per capita of cumulative DLE gap,TRUE,REMIND,REMIND 2.1,R2p1,0,1,NA,39.851541831437245,FALSE,FALSE,NA,NA,NA,REMIND 2.1 | R2p1 | 2C
SCI-vetted,R10LATIN_AM,2C,gap_GJ_pc,DLE gap,GJ per capita of cumulative DLE gap,TRUE,REMIND,REMIND-Buildings 2.0,BEG,0,1,NA,42.37781042937988,FALSE,FALSE,NA,NA,NA,REMIND-Buildings 2.0 | BEG | 2C
SCI-vetted,R10LATIN_AM,2C,gap_GJ_pc,DLE gap,GJ per capita of cumulative DLE gap,TRUE,REMIND,REMIND-MAgPIE 1.7-3.0,CD,0,1,NA,31.953791497778564,FALSE,FALSE,NA,NA,NA,REMIND-MAgPIE 1.7-3.0 | CD | 2C
SCI-vetted,R10LATIN_AM,2C,gap_GJ_pc,DLE gap,GJ per capita of cumulative DLE gap,TRUE,REMIND,REMIND-MAgPIE 1.7-3.0,COMMIT,0,2,NA,31.4647908913674,FALSE,FALSE,NA,NA,NA,REMIND-MAgPIE 1.7-3.0 | COMMIT | 2C
SCI-vetted,R10LATIN_AM,2C,gap_GJ_pc,DLE gap,GJ per capita of cumulative DLE gap,TRUE,REMIND,REMIND-MAgPIE 1.7-3.0,PEP,0,2,NA,31.4647908913674,FALSE,FALSE,NA,NA,NA,REMIND-MAgPIE 1.7-3.0 | PEP | 2C
SCI-vetted,R10LATIN_AM,2C,gap_GJ_pc,DLE gap,GJ per capita of cumulative DLE gap,TRUE,REMIND,REMIND-MAgPIE 2.0-4.1,Diff,0,1,NA,38.534516873483035,FALSE,FALSE,NA,NA,NA,REMIND-MAgPIE 2.0-4.1 | Diff | 2C
SCI-vetted,R10LATIN_AM,2C,gap_GJ_pc,DLE gap,GJ per capita of cumulative DLE gap,TRUE,REMIND,REMIND-MAgPIE 2.1-4.2,ENGAGE,0,1,NA,39.78968003528728,FALSE,FALSE,NA,NA,NA,REMIND-MAgPIE 2.1-4.2 | ENGAGE | 2C
SCI-vetted,R10LATIN_AM,2C,gap_GJ_pc,DLE gap,GJ per capita of cumulative DLE gap,TRUE,REMIND,REMIND-MAgPIE 2.1-4.2,NGFS Phase 2,0,2,NA,82.20777782793297,FALSE,FALSE,NA,NA,NA,REMIND-MAgPIE 2.1-4.2 | NGFS Phase 2 | 2C
SCI-vetted,R10LATIN_AM,2C,gap_GJ_pc,DLE gap,GJ per capita of cumulative DLE gap,TRUE,REMIND,REMIND-MAgPIE 2.1-4.3,DeepElectrification,0,2,NA,54.04626866444435,FALSE,FALSE,NA,NA,NA,REMIND-MAgPIE 2.1-4.3 | DeepElectrification | 2C
SCI-vetted,R10LATIN_AM,2C,gap_GJ_pc,DLE gap,GJ per capita of cumulative DLE gap,TRUE,REMIND,REMIND-MAgPIE 3.2-4.6,SHAPE,0,2,NA,46.5082203467275,FALSE,FALSE,NA,NA,NA,REMIND-MAgPIE 3.2-4.6 | SHAPE | 2C
SCI-vetted,R10LATIN_AM,2C,gap_GJ_pc,DLE gap,GJ per capita of cumulative DLE gap,TRUE,REMIND,REMIND-MAgPIE 3.2.0-4.8.0,RESCUE,0,4,NA,55.050462050463366,FALSE,FALSE,NA,NA,NA,REMIND-MAgPIE 3.2.0-4.8.0 | RESCUE | 2C
SCI-vetted,R10LATIN_AM,2C,gap_GJ_pc,DLE gap,GJ per capita of cumulative DLE gap,TRUE,REMIND,REMIND-MAgPIE 3.3-4.8,NGFS Phase 5,0,5,NA,49.982921695363075,FALSE,FALSE,NA,NA,NA,REMIND-MAgPIE 3.3-4.8 | NGFS Phase 5 | 2C
SCI-vetted,R10LATIN_AM,2C,gap_GJ_pc,DLE gap,GJ per capita of cumulative DLE gap,TRUE,WITCH,WITCH 5.0,ENGAGE,0,26,NA,79.14019375808326,FALSE,FALSE,NA,NA,NA,WITCH 5.0 | ENGAGE | 2C
SCI-vetted,R10LATIN_AM,2C,gap_GJ_pc,DLE gap,GJ per capita of cumulative DLE gap,TRUE,WITCH,WITCH 5.0,NAVIGATE,0,2,NA,74.25217373570028,FALSE,FALSE,NA,NA,NA,WITCH 5.0 | NAVIGATE | 2C
SCI-vetted,R10LATIN_AM,2C,headcount_pct,Deprived share,population-year-weighted mean % below the DLE threshold,TRUE,GCAM,GCAM 5.3,NGFS Phase 2,0,1,NA,16.745753431477784,FALSE,FALSE,NA,NA,NA,GCAM 5.3 | NGFS Phase 2 | 2C
SCI-vetted,R10LATIN_AM,2C,headcount_pct,Deprived share,population-year-weighted mean % below the DLE threshold,TRUE,GCAM,GCAM 6.0 NGFS,NGFS Phase 5,0,4,NA,11.78381420319409,FALSE,FALSE,NA,NA,NA,GCAM 6.0 NGFS | NGFS Phase 5 | 2C
SCI-vetted,R10LATIN_AM,2C,headcount_pct,Deprived share,population-year-weighted mean % below the DLE threshold,TRUE,IMAGE,IMAGE 3.0,ENGAGE,15,0,11.76066358904388,NA,FALSE,FALSE,NA,NA,NA,IMAGE 3.0 | ENGAGE | 2C
SCI-vetted,R10LATIN_AM,2C,headcount_pct,Deprived share,population-year-weighted mean % below the DLE threshold,TRUE,IMAGE,IMAGE 3.2,SSP2021,6,3,17.778726676423084,13.980058037034762,TRUE,TRUE,3.798668639388321,21.366370654799777,High-RE,IMAGE 3.2 | SSP2021 | 2C
SCI-vetted,R10LATIN_AM,2C,headcount_pct,Deprived share,population-year-weighted mean % below the DLE threshold,TRUE,IMAGE,IMAGE 3.3,NAVIGATE,1,0,22.302935569544513,NA,FALSE,FALSE,NA,NA,NA,IMAGE 3.3 | NAVIGATE | 2C
SCI-vetted,R10LATIN_AM,2C,headcount_pct,Deprived share,population-year-weighted mean % below the DLE threshold,TRUE,MESSAGEix,MESSAGEix-GLOBIOM 2.0-M-R12-NGFS,NGFS Phase 5,0,3,NA,14.963936949910902,FALSE,FALSE,NA,NA,NA,MESSAGEix-GLOBIOM 2.0-M-R12-NGFS | NGFS Phase 5 | 2C
SCI-vetted,R10LATIN_AM,2C,headcount_pct,Deprived share,population-year-weighted mean % below the DLE threshold,TRUE,POLES,POLES-JRC ENGAGE,ENGAGE,41,0,17.372165171743855,NA,FALSE,FALSE,NA,NA,NA,POLES-JRC ENGAGE | ENGAGE | 2C
SCI-vetted,R10LATIN_AM,2C,headcount_pct,Deprived share,population-year-weighted mean % below the DLE threshold,TRUE,REMIND,REMIND 2.1,LeastTotalCost,0,1,NA,8.2897785792518,FALSE,FALSE,NA,NA,NA,REMIND 2.1 | LeastTotalCost | 2C
SCI-vetted,R10LATIN_AM,2C,headcount_pct,Deprived share,population-year-weighted mean % below the DLE threshold,TRUE,REMIND,REMIND 2.1,R2p1,0,1,NA,7.646955885333247,FALSE,FALSE,NA,NA,NA,REMIND 2.1 | R2p1 | 2C
SCI-vetted,R10LATIN_AM,2C,headcount_pct,Deprived share,population-year-weighted mean % below the DLE threshold,TRUE,REMIND,REMIND-Buildings 2.0,BEG,0,1,NA,7.966652247234579,FALSE,FALSE,NA,NA,NA,REMIND-Buildings 2.0 | BEG | 2C
SCI-vetted,R10LATIN_AM,2C,headcount_pct,Deprived share,population-year-weighted mean % below the DLE threshold,TRUE,REMIND,REMIND-MAgPIE 1.7-3.0,CD,0,1,NA,6.251144179053806,FALSE,FALSE,NA,NA,NA,REMIND-MAgPIE 1.7-3.0 | CD | 2C
SCI-vetted,R10LATIN_AM,2C,headcount_pct,Deprived share,population-year-weighted mean % below the DLE threshold,TRUE,REMIND,REMIND-MAgPIE 1.7-3.0,COMMIT,0,2,NA,6.203866188161522,FALSE,FALSE,NA,NA,NA,REMIND-MAgPIE 1.7-3.0 | COMMIT | 2C
SCI-vetted,R10LATIN_AM,2C,headcount_pct,Deprived share,population-year-weighted mean % below the DLE threshold,TRUE,REMIND,REMIND-MAgPIE 1.7-3.0,PEP,0,2,NA,6.203866188161522,FALSE,FALSE,NA,NA,NA,REMIND-MAgPIE 1.7-3.0 | PEP | 2C
SCI-vetted,R10LATIN_AM,2C,headcount_pct,Deprived share,population-year-weighted mean % below the DLE threshold,TRUE,REMIND,REMIND-MAgPIE 2.0-4.1,Diff,0,1,NA,7.4233204725630175,FALSE,FALSE,NA,NA,NA,REMIND-MAgPIE 2.0-4.1 | Diff | 2C
SCI-vetted,R10LATIN_AM,2C,headcount_pct,Deprived share,population-year-weighted mean % below the DLE threshold,TRUE,REMIND,REMIND-MAgPIE 2.1-4.2,ENGAGE,0,1,NA,7.629890841535301,FALSE,FALSE,NA,NA,NA,REMIND-MAgPIE 2.1-4.2 | ENGAGE | 2C
SCI-vetted,R10LATIN_AM,2C,headcount_pct,Deprived share,population-year-weighted mean % below the DLE threshold,TRUE,REMIND,REMIND-MAgPIE 2.1-4.2,NGFS Phase 2,0,2,NA,17.645784308958177,FALSE,FALSE,NA,NA,NA,REMIND-MAgPIE 2.1-4.2 | NGFS Phase 2 | 2C
SCI-vetted,R10LATIN_AM,2C,headcount_pct,Deprived share,population-year-weighted mean % below the DLE threshold,TRUE,REMIND,REMIND-MAgPIE 2.1-4.3,DeepElectrification,0,2,NA,11.609104542330524,FALSE,FALSE,NA,NA,NA,REMIND-MAgPIE 2.1-4.3 | DeepElectrification | 2C
SCI-vetted,R10LATIN_AM,2C,headcount_pct,Deprived share,population-year-weighted mean % below the DLE threshold,TRUE,REMIND,REMIND-MAgPIE 3.2-4.6,SHAPE,0,2,NA,8.744255789477808,FALSE,FALSE,NA,NA,NA,REMIND-MAgPIE 3.2-4.6 | SHAPE | 2C
SCI-vetted,R10LATIN_AM,2C,headcount_pct,Deprived share,population-year-weighted mean % below the DLE threshold,TRUE,REMIND,REMIND-MAgPIE 3.2.0-4.8.0,RESCUE,0,4,NA,11.14856765831923,FALSE,FALSE,NA,NA,NA,REMIND-MAgPIE 3.2.0-4.8.0 | RESCUE | 2C
SCI-vetted,R10LATIN_AM,2C,headcount_pct,Deprived share,population-year-weighted mean % below the DLE threshold,TRUE,REMIND,REMIND-MAgPIE 3.3-4.8,NGFS Phase 5,0,5,NA,10.022874430918243,FALSE,FALSE,NA,NA,NA,REMIND-MAgPIE 3.3-4.8 | NGFS Phase 5 | 2C
SCI-vetted,R10LATIN_AM,2C,headcount_pct,Deprived share,population-year-weighted mean % below the DLE threshold,TRUE,WITCH,WITCH 5.0,ENGAGE,0,26,NA,15.730613201763209,FALSE,FALSE,NA,NA,NA,WITCH 5.0 | ENGAGE | 2C
SCI-vetted,R10LATIN_AM,2C,headcount_pct,Deprived share,population-year-weighted mean % below the DLE threshold,TRUE,WITCH,WITCH 5.0,NAVIGATE,0,2,NA,13.801456452435854,FALSE,FALSE,NA,NA,NA,WITCH 5.0 | NAVIGATE | 2C
SCI-vetted,R10LATIN_AM,2C,mortality_million_deaths,PM2.5 mortality,million cumulative PM2.5-attributable deaths,TRUE,GCAM,GCAM 5.3,NGFS Phase 2,0,1,NA,17.43474,FALSE,FALSE,NA,NA,NA,GCAM 5.3 | NGFS Phase 2 | 2C
SCI-vetted,R10LATIN_AM,2C,mortality_million_deaths,PM2.5 mortality,million cumulative PM2.5-attributable deaths,TRUE,GCAM,GCAM 6.0 NGFS,NGFS Phase 5,0,4,NA,16.251995,FALSE,FALSE,NA,NA,NA,GCAM 6.0 NGFS | NGFS Phase 5 | 2C
SCI-vetted,R10LATIN_AM,2C,mortality_million_deaths,PM2.5 mortality,million cumulative PM2.5-attributable deaths,TRUE,IMAGE,IMAGE 3.0,ENGAGE,15,0,22.053545,NA,FALSE,FALSE,NA,NA,NA,IMAGE 3.0 | ENGAGE | 2C
SCI-vetted,R10LATIN_AM,2C,mortality_million_deaths,PM2.5 mortality,million cumulative PM2.5-attributable deaths,TRUE,IMAGE,IMAGE 3.2,SSP2021,6,3,23.545495,22.731065,TRUE,TRUE,0.814429999999998,3.4589631689628866,High-RE,IMAGE 3.2 | SSP2021 | 2C
SCI-vetted,R10LATIN_AM,2C,mortality_million_deaths,PM2.5 mortality,million cumulative PM2.5-attributable deaths,TRUE,IMAGE,IMAGE 3.3,NAVIGATE,1,0,23.19729,NA,FALSE,FALSE,NA,NA,NA,IMAGE 3.3 | NAVIGATE | 2C
SCI-vetted,R10LATIN_AM,2C,mortality_million_deaths,PM2.5 mortality,million cumulative PM2.5-attributable deaths,TRUE,MESSAGEix,MESSAGEix-GLOBIOM 2.0-M-R12-NGFS,NGFS Phase 5,0,3,NA,14.510745,FALSE,FALSE,NA,NA,NA,MESSAGEix-GLOBIOM 2.0-M-R12-NGFS | NGFS Phase 5 | 2C
SCI-vetted,R10LATIN_AM,2C,mortality_million_deaths,PM2.5 mortality,million cumulative PM2.5-attributable deaths,TRUE,POLES,POLES-JRC ENGAGE,ENGAGE,41,0,13.312265,NA,FALSE,FALSE,NA,NA,NA,POLES-JRC ENGAGE | ENGAGE | 2C
SCI-vetted,R10LATIN_AM,2C,mortality_million_deaths,PM2.5 mortality,million cumulative PM2.5-attributable deaths,TRUE,REMIND,REMIND 2.1,LeastTotalCost,0,1,NA,14.95092,FALSE,FALSE,NA,NA,NA,REMIND 2.1 | LeastTotalCost | 2C
SCI-vetted,R10LATIN_AM,2C,mortality_million_deaths,PM2.5 mortality,million cumulative PM2.5-attributable deaths,TRUE,REMIND,REMIND 2.1,R2p1,0,1,NA,14.751425,FALSE,FALSE,NA,NA,NA,REMIND 2.1 | R2p1 | 2C
SCI-vetted,R10LATIN_AM,2C,mortality_million_deaths,PM2.5 mortality,million cumulative PM2.5-attributable deaths,TRUE,REMIND,REMIND-Buildings 2.0,BEG,0,1,NA,15.10363,FALSE,FALSE,NA,NA,NA,REMIND-Buildings 2.0 | BEG | 2C
SCI-vetted,R10LATIN_AM,2C,mortality_million_deaths,PM2.5 mortality,million cumulative PM2.5-attributable deaths,TRUE,REMIND,REMIND-MAgPIE 1.7-3.0,CD,0,1,NA,15.463985,FALSE,FALSE,NA,NA,NA,REMIND-MAgPIE 1.7-3.0 | CD | 2C
SCI-vetted,R10LATIN_AM,2C,mortality_million_deaths,PM2.5 mortality,million cumulative PM2.5-attributable deaths,TRUE,REMIND,REMIND-MAgPIE 1.7-3.0,COMMIT,0,2,NA,15.383442500000001,FALSE,FALSE,NA,NA,NA,REMIND-MAgPIE 1.7-3.0 | COMMIT | 2C
SCI-vetted,R10LATIN_AM,2C,mortality_million_deaths,PM2.5 mortality,million cumulative PM2.5-attributable deaths,TRUE,REMIND,REMIND-MAgPIE 1.7-3.0,PEP,0,2,NA,15.383442500000001,FALSE,FALSE,NA,NA,NA,REMIND-MAgPIE 1.7-3.0 | PEP | 2C
SCI-vetted,R10LATIN_AM,2C,mortality_million_deaths,PM2.5 mortality,million cumulative PM2.5-attributable deaths,TRUE,REMIND,REMIND-MAgPIE 2.1-4.2,ENGAGE,0,1,NA,14.748015,FALSE,FALSE,NA,NA,NA,REMIND-MAgPIE 2.1-4.2 | ENGAGE | 2C
SCI-vetted,R10LATIN_AM,2C,mortality_million_deaths,PM2.5 mortality,million cumulative PM2.5-attributable deaths,TRUE,REMIND,REMIND-MAgPIE 2.1-4.2,NGFS Phase 2,0,2,NA,15.118007500000001,FALSE,FALSE,NA,NA,NA,REMIND-MAgPIE 2.1-4.2 | NGFS Phase 2 | 2C
SCI-vetted,R10LATIN_AM,2C,mortality_million_deaths,PM2.5 mortality,million cumulative PM2.5-attributable deaths,TRUE,REMIND,REMIND-MAgPIE 2.1-4.3,DeepElectrification,0,2,NA,14.6292025,FALSE,FALSE,NA,NA,NA,REMIND-MAgPIE 2.1-4.3 | DeepElectrification | 2C
SCI-vetted,R10LATIN_AM,2C,mortality_million_deaths,PM2.5 mortality,million cumulative PM2.5-attributable deaths,TRUE,REMIND,REMIND-MAgPIE 3.2-4.6,SHAPE,0,2,NA,14.892027500000001,FALSE,FALSE,NA,NA,NA,REMIND-MAgPIE 3.2-4.6 | SHAPE | 2C
SCI-vetted,R10LATIN_AM,2C,mortality_million_deaths,PM2.5 mortality,million cumulative PM2.5-attributable deaths,TRUE,REMIND,REMIND-MAgPIE 3.2.0-4.8.0,RESCUE,0,4,NA,15.853549999999998,FALSE,FALSE,NA,NA,NA,REMIND-MAgPIE 3.2.0-4.8.0 | RESCUE | 2C
SCI-vetted,R10LATIN_AM,2C,mortality_million_deaths,PM2.5 mortality,million cumulative PM2.5-attributable deaths,TRUE,REMIND,REMIND-MAgPIE 3.3-4.8,NGFS Phase 5,0,5,NA,16.462585,FALSE,FALSE,NA,NA,NA,REMIND-MAgPIE 3.3-4.8 | NGFS Phase 5 | 2C
SCI-vetted,R10LATIN_AM,2C,mortality_million_deaths,PM2.5 mortality,million cumulative PM2.5-attributable deaths,TRUE,WITCH,WITCH 5.0,ENGAGE,0,26,NA,15.39014,FALSE,FALSE,NA,NA,NA,WITCH 5.0 | ENGAGE | 2C
SCI-vetted,R10LATIN_AM,2C,mortality_million_deaths,PM2.5 mortality,million cumulative PM2.5-attributable deaths,TRUE,WITCH,WITCH 5.0,NAVIGATE,0,2,NA,15.293055,FALSE,FALSE,NA,NA,NA,WITCH 5.0 | NAVIGATE | 2C
SCI-vetted,R10LATIN_AM,2C,total_energy_jobyears_per_1k,Employment,"total energy-sector job-years per 1,000 people",FALSE,GCAM,GCAM 5.3,NGFS Phase 2,0,1,NA,356.8226822989839,FALSE,FALSE,NA,NA,NA,GCAM 5.3 | NGFS Phase 2 | 2C
SCI-vetted,R10LATIN_AM,2C,total_energy_jobyears_per_1k,Employment,"total energy-sector job-years per 1,000 people",FALSE,GCAM,GCAM 6.0 NGFS,NGFS Phase 5,0,4,NA,532.4850980238502,FALSE,FALSE,NA,NA,NA,GCAM 6.0 NGFS | NGFS Phase 5 | 2C
SCI-vetted,R10LATIN_AM,2C,total_energy_jobyears_per_1k,Employment,"total energy-sector job-years per 1,000 people",FALSE,IMAGE,IMAGE 3.0,ENGAGE,15,0,290.37876576208834,NA,FALSE,FALSE,NA,NA,NA,IMAGE 3.0 | ENGAGE | 2C
SCI-vetted,R10LATIN_AM,2C,total_energy_jobyears_per_1k,Employment,"total energy-sector job-years per 1,000 people",FALSE,IMAGE,IMAGE 3.2,SSP2021,6,3,313.4168392315034,440.31537359725826,TRUE,TRUE,126.89853436575487,40.48874166330995,High-RE,IMAGE 3.2 | SSP2021 | 2C
SCI-vetted,R10LATIN_AM,2C,total_energy_jobyears_per_1k,Employment,"total energy-sector job-years per 1,000 people",FALSE,IMAGE,IMAGE 3.3,NAVIGATE,1,0,283.6634717304975,NA,FALSE,FALSE,NA,NA,NA,IMAGE 3.3 | NAVIGATE | 2C
SCI-vetted,R10LATIN_AM,2C,total_energy_jobyears_per_1k,Employment,"total energy-sector job-years per 1,000 people",FALSE,MESSAGEix,MESSAGEix-GLOBIOM 2.0-M-R12-NGFS,NGFS Phase 5,0,3,NA,356.0582987497068,FALSE,FALSE,NA,NA,NA,MESSAGEix-GLOBIOM 2.0-M-R12-NGFS | NGFS Phase 5 | 2C
SCI-vetted,R10LATIN_AM,2C,total_energy_jobyears_per_1k,Employment,"total energy-sector job-years per 1,000 people",FALSE,POLES,POLES-JRC ENGAGE,ENGAGE,41,0,341.8114537909102,NA,FALSE,FALSE,NA,NA,NA,POLES-JRC ENGAGE | ENGAGE | 2C
SCI-vetted,R10LATIN_AM,2C,total_energy_jobyears_per_1k,Employment,"total energy-sector job-years per 1,000 people",FALSE,REMIND,REMIND 2.1,LeastTotalCost,0,1,NA,356.2718023473483,FALSE,FALSE,NA,NA,NA,REMIND 2.1 | LeastTotalCost | 2C
SCI-vetted,R10LATIN_AM,2C,total_energy_jobyears_per_1k,Employment,"total energy-sector job-years per 1,000 people",FALSE,REMIND,REMIND 2.1,R2p1,0,1,NA,375.4915575309204,FALSE,FALSE,NA,NA,NA,REMIND 2.1 | R2p1 | 2C
SCI-vetted,R10LATIN_AM,2C,total_energy_jobyears_per_1k,Employment,"total energy-sector job-years per 1,000 people",FALSE,REMIND,REMIND-Buildings 2.0,BEG,0,1,NA,440.7118089110201,FALSE,FALSE,NA,NA,NA,REMIND-Buildings 2.0 | BEG | 2C
SCI-vetted,R10LATIN_AM,2C,total_energy_jobyears_per_1k,Employment,"total energy-sector job-years per 1,000 people",FALSE,REMIND,REMIND-MAgPIE 1.7-3.0,CD,0,1,NA,448.7263455531866,FALSE,FALSE,NA,NA,NA,REMIND-MAgPIE 1.7-3.0 | CD | 2C
SCI-vetted,R10LATIN_AM,2C,total_energy_jobyears_per_1k,Employment,"total energy-sector job-years per 1,000 people",FALSE,REMIND,REMIND-MAgPIE 1.7-3.0,COMMIT,0,2,NA,435.0110802705692,FALSE,FALSE,NA,NA,NA,REMIND-MAgPIE 1.7-3.0 | COMMIT | 2C
SCI-vetted,R10LATIN_AM,2C,total_energy_jobyears_per_1k,Employment,"total energy-sector job-years per 1,000 people",FALSE,REMIND,REMIND-MAgPIE 1.7-3.0,PEP,0,2,NA,435.0110802705692,FALSE,FALSE,NA,NA,NA,REMIND-MAgPIE 1.7-3.0 | PEP | 2C
SCI-vetted,R10LATIN_AM,2C,total_energy_jobyears_per_1k,Employment,"total energy-sector job-years per 1,000 people",FALSE,REMIND,REMIND-MAgPIE 2.0-4.1,Diff,0,1,NA,408.4453222855826,FALSE,FALSE,NA,NA,NA,REMIND-MAgPIE 2.0-4.1 | Diff | 2C
SCI-vetted,R10LATIN_AM,2C,total_energy_jobyears_per_1k,Employment,"total energy-sector job-years per 1,000 people",FALSE,REMIND,REMIND-MAgPIE 2.1-4.2,ENGAGE,0,1,NA,383.9625996904813,FALSE,FALSE,NA,NA,NA,REMIND-MAgPIE 2.1-4.2 | ENGAGE | 2C
SCI-vetted,R10LATIN_AM,2C,total_energy_jobyears_per_1k,Employment,"total energy-sector job-years per 1,000 people",FALSE,REMIND,REMIND-MAgPIE 2.1-4.2,NGFS Phase 2,0,2,NA,246.46882407535685,FALSE,FALSE,NA,NA,NA,REMIND-MAgPIE 2.1-4.2 | NGFS Phase 2 | 2C
SCI-vetted,R10LATIN_AM,2C,total_energy_jobyears_per_1k,Employment,"total energy-sector job-years per 1,000 people",FALSE,REMIND,REMIND-MAgPIE 2.1-4.3,DeepElectrification,0,2,NA,245.21346645562937,FALSE,FALSE,NA,NA,NA,REMIND-MAgPIE 2.1-4.3 | DeepElectrification | 2C
SCI-vetted,R10LATIN_AM,2C,total_energy_jobyears_per_1k,Employment,"total energy-sector job-years per 1,000 people",FALSE,REMIND,REMIND-MAgPIE 3.2-4.6,SHAPE,0,2,NA,402.9227393911866,FALSE,FALSE,NA,NA,NA,REMIND-MAgPIE 3.2-4.6 | SHAPE | 2C
SCI-vetted,R10LATIN_AM,2C,total_energy_jobyears_per_1k,Employment,"total energy-sector job-years per 1,000 people",FALSE,REMIND,REMIND-MAgPIE 3.2.0-4.8.0,RESCUE,0,4,NA,412.3555106280177,FALSE,FALSE,NA,NA,NA,REMIND-MAgPIE 3.2.0-4.8.0 | RESCUE | 2C
SCI-vetted,R10LATIN_AM,2C,total_energy_jobyears_per_1k,Employment,"total energy-sector job-years per 1,000 people",FALSE,REMIND,REMIND-MAgPIE 3.3-4.8,NGFS Phase 5,0,5,NA,389.77462440053824,FALSE,FALSE,NA,NA,NA,REMIND-MAgPIE 3.3-4.8 | NGFS Phase 5 | 2C
SCI-vetted,R10LATIN_AM,2C,total_energy_jobyears_per_1k,Employment,"total energy-sector job-years per 1,000 people",FALSE,WITCH,WITCH 5.0,ENGAGE,0,26,NA,557.0593776368046,FALSE,FALSE,NA,NA,NA,WITCH 5.0 | ENGAGE | 2C
SCI-vetted,R10LATIN_AM,2C,total_energy_jobyears_per_1k,Employment,"total energy-sector job-years per 1,000 people",FALSE,WITCH,WITCH 5.0,NAVIGATE,0,2,NA,397.46004325242944,FALSE,FALSE,NA,NA,NA,WITCH 5.0 | NAVIGATE | 2C
SCI-vetted,R10MIDDLE_EAST,1.5C,gap_GJ_pc,DLE gap,GJ per capita of cumulative DLE gap,TRUE,GCAM,GCAM 6.0 NGFS,NGFS Phase 5,0,2,NA,1.5269854250373687,FALSE,FALSE,NA,NA,NA,GCAM 6.0 NGFS | NGFS Phase 5 | 1.5C
SCI-vetted,R10MIDDLE_EAST,1.5C,gap_GJ_pc,DLE gap,GJ per capita of cumulative DLE gap,TRUE,IMAGE,IMAGE 3.2,SSP2021,4,1,2.3117384301594908,1.8199573335546448,TRUE,FALSE,0.4917810966048459,21.273215437739516,High-RE,IMAGE 3.2 | SSP2021 | 1.5C
SCI-vetted,R10MIDDLE_EAST,1.5C,gap_GJ_pc,DLE gap,GJ per capita of cumulative DLE gap,TRUE,POLES,POLES-JRC ENGAGE,ENGAGE,2,0,4.126844581095113,NA,FALSE,FALSE,NA,NA,NA,POLES-JRC ENGAGE | ENGAGE | 1.5C
SCI-vetted,R10MIDDLE_EAST,1.5C,gap_GJ_pc,DLE gap,GJ per capita of cumulative DLE gap,TRUE,REMIND,REMIND-MAgPIE 3.2.0-4.8.0,RESCUE,0,2,NA,4.838260191159284,FALSE,FALSE,NA,NA,NA,REMIND-MAgPIE 3.2.0-4.8.0 | RESCUE | 1.5C
SCI-vetted,R10MIDDLE_EAST,1.5C,gap_GJ_pc,DLE gap,GJ per capita of cumulative DLE gap,TRUE,REMIND,REMIND-MAgPIE 3.3-4.8,NGFS Phase 5,0,1,NA,8.408818629741354,FALSE,FALSE,NA,NA,NA,REMIND-MAgPIE 3.3-4.8 | NGFS Phase 5 | 1.5C
SCI-vetted,R10MIDDLE_EAST,1.5C,headcount_pct,Deprived share,population-year-weighted mean % below the DLE threshold,TRUE,GCAM,GCAM 6.0 NGFS,NGFS Phase 5,0,2,NA,0.8666433869305685,FALSE,FALSE,NA,NA,NA,GCAM 6.0 NGFS | NGFS Phase 5 | 1.5C
SCI-vetted,R10MIDDLE_EAST,1.5C,headcount_pct,Deprived share,population-year-weighted mean % below the DLE threshold,TRUE,IMAGE,IMAGE 3.2,SSP2021,4,1,1.392066361707459,1.1927413555819073,TRUE,FALSE,0.1993250061255516,14.31864253088241,High-RE,IMAGE 3.2 | SSP2021 | 1.5C
SCI-vetted,R10MIDDLE_EAST,1.5C,headcount_pct,Deprived share,population-year-weighted mean % below the DLE threshold,TRUE,POLES,POLES-JRC ENGAGE,ENGAGE,2,0,2.5298961782344653,NA,FALSE,FALSE,NA,NA,NA,POLES-JRC ENGAGE | ENGAGE | 1.5C
SCI-vetted,R10MIDDLE_EAST,1.5C,headcount_pct,Deprived share,population-year-weighted mean % below the DLE threshold,TRUE,REMIND,REMIND-MAgPIE 3.2.0-4.8.0,RESCUE,0,2,NA,1.2155469910644623,FALSE,FALSE,NA,NA,NA,REMIND-MAgPIE 3.2.0-4.8.0 | RESCUE | 1.5C
SCI-vetted,R10MIDDLE_EAST,1.5C,headcount_pct,Deprived share,population-year-weighted mean % below the DLE threshold,TRUE,REMIND,REMIND-MAgPIE 3.3-4.8,NGFS Phase 5,0,1,NA,2.0282422602179397,FALSE,FALSE,NA,NA,NA,REMIND-MAgPIE 3.3-4.8 | NGFS Phase 5 | 1.5C
SCI-vetted,R10MIDDLE_EAST,1.5C,mortality_million_deaths,PM2.5 mortality,million cumulative PM2.5-attributable deaths,TRUE,GCAM,GCAM 6.0 NGFS,NGFS Phase 5,0,2,NA,44.868375,FALSE,FALSE,NA,NA,NA,GCAM 6.0 NGFS | NGFS Phase 5 | 1.5C
SCI-vetted,R10MIDDLE_EAST,1.5C,mortality_million_deaths,PM2.5 mortality,million cumulative PM2.5-attributable deaths,TRUE,IMAGE,IMAGE 3.2,SSP2021,4,1,44.66684,44.21806,TRUE,FALSE,0.4487799999999993,1.0047274443412593,High-RE,IMAGE 3.2 | SSP2021 | 1.5C
SCI-vetted,R10MIDDLE_EAST,1.5C,mortality_million_deaths,PM2.5 mortality,million cumulative PM2.5-attributable deaths,TRUE,POLES,POLES-JRC ENGAGE,ENGAGE,2,0,42.87555,NA,FALSE,FALSE,NA,NA,NA,POLES-JRC ENGAGE | ENGAGE | 1.5C
SCI-vetted,R10MIDDLE_EAST,1.5C,mortality_million_deaths,PM2.5 mortality,million cumulative PM2.5-attributable deaths,TRUE,REMIND,REMIND-MAgPIE 3.2.0-4.8.0,RESCUE,0,2,NA,46.572779999999995,FALSE,FALSE,NA,NA,NA,REMIND-MAgPIE 3.2.0-4.8.0 | RESCUE | 1.5C
SCI-vetted,R10MIDDLE_EAST,1.5C,mortality_million_deaths,PM2.5 mortality,million cumulative PM2.5-attributable deaths,TRUE,REMIND,REMIND-MAgPIE 3.3-4.8,NGFS Phase 5,0,1,NA,48.691835,FALSE,FALSE,NA,NA,NA,REMIND-MAgPIE 3.3-4.8 | NGFS Phase 5 | 1.5C
SCI-vetted,R10MIDDLE_EAST,1.5C,total_energy_jobyears_per_1k,Employment,"total energy-sector job-years per 1,000 people",FALSE,GCAM,GCAM 6.0 NGFS,NGFS Phase 5,0,2,NA,534.2002440026699,FALSE,FALSE,NA,NA,NA,GCAM 6.0 NGFS | NGFS Phase 5 | 1.5C
SCI-vetted,R10MIDDLE_EAST,1.5C,total_energy_jobyears_per_1k,Employment,"total energy-sector job-years per 1,000 people",FALSE,IMAGE,IMAGE 3.2,SSP2021,4,1,867.9176510286824,1275.098737353817,TRUE,FALSE,407.1810863251345,46.914714298358966,High-RE,IMAGE 3.2 | SSP2021 | 1.5C
SCI-vetted,R10MIDDLE_EAST,1.5C,total_energy_jobyears_per_1k,Employment,"total energy-sector job-years per 1,000 people",FALSE,POLES,POLES-JRC ENGAGE,ENGAGE,2,0,336.5837894196643,NA,FALSE,FALSE,NA,NA,NA,POLES-JRC ENGAGE | ENGAGE | 1.5C
SCI-vetted,R10MIDDLE_EAST,1.5C,total_energy_jobyears_per_1k,Employment,"total energy-sector job-years per 1,000 people",FALSE,REMIND,REMIND-MAgPIE 3.2.0-4.8.0,RESCUE,0,2,NA,1510.7276446901865,FALSE,FALSE,NA,NA,NA,REMIND-MAgPIE 3.2.0-4.8.0 | RESCUE | 1.5C
SCI-vetted,R10MIDDLE_EAST,1.5C,total_energy_jobyears_per_1k,Employment,"total energy-sector job-years per 1,000 people",FALSE,REMIND,REMIND-MAgPIE 3.3-4.8,NGFS Phase 5,0,1,NA,926.7566976661075,FALSE,FALSE,NA,NA,NA,REMIND-MAgPIE 3.3-4.8 | NGFS Phase 5 | 1.5C
SCI-vetted,R10MIDDLE_EAST,2C,gap_GJ_pc,DLE gap,GJ per capita of cumulative DLE gap,TRUE,GCAM,GCAM 5.3,NGFS Phase 2,0,1,NA,1.9769942829745888,FALSE,FALSE,NA,NA,NA,GCAM 5.3 | NGFS Phase 2 | 2C
SCI-vetted,R10MIDDLE_EAST,2C,gap_GJ_pc,DLE gap,GJ per capita of cumulative DLE gap,TRUE,GCAM,GCAM 6.0 NGFS,NGFS Phase 5,0,4,NA,0.9153025512005789,FALSE,FALSE,NA,NA,NA,GCAM 6.0 NGFS | NGFS Phase 5 | 2C
SCI-vetted,R10MIDDLE_EAST,2C,gap_GJ_pc,DLE gap,GJ per capita of cumulative DLE gap,TRUE,IMAGE,IMAGE 3.0,ENGAGE,15,0,1.3992308664293394,NA,FALSE,FALSE,NA,NA,NA,IMAGE 3.0 | ENGAGE | 2C
SCI-vetted,R10MIDDLE_EAST,2C,gap_GJ_pc,DLE gap,GJ per capita of cumulative DLE gap,TRUE,IMAGE,IMAGE 3.2,SSP2021,6,3,1.4763740286416245,1.0731671495328812,TRUE,TRUE,0.4032068791087433,27.3106185347709,High-RE,IMAGE 3.2 | SSP2021 | 2C
SCI-vetted,R10MIDDLE_EAST,2C,gap_GJ_pc,DLE gap,GJ per capita of cumulative DLE gap,TRUE,IMAGE,IMAGE 3.3,NAVIGATE,1,0,2.4680351850454834,NA,FALSE,FALSE,NA,NA,NA,IMAGE 3.3 | NAVIGATE | 2C
SCI-vetted,R10MIDDLE_EAST,2C,gap_GJ_pc,DLE gap,GJ per capita of cumulative DLE gap,TRUE,MESSAGEix,MESSAGEix-GLOBIOM 2.0-M-R12-NGFS,NGFS Phase 5,0,3,NA,3.850731197559932,FALSE,FALSE,NA,NA,NA,MESSAGEix-GLOBIOM 2.0-M-R12-NGFS | NGFS Phase 5 | 2C
SCI-vetted,R10MIDDLE_EAST,2C,gap_GJ_pc,DLE gap,GJ per capita of cumulative DLE gap,TRUE,POLES,POLES-JRC ENGAGE,ENGAGE,41,0,2.0321718047609174,NA,FALSE,FALSE,NA,NA,NA,POLES-JRC ENGAGE | ENGAGE | 2C
SCI-vetted,R10MIDDLE_EAST,2C,gap_GJ_pc,DLE gap,GJ per capita of cumulative DLE gap,TRUE,REMIND,REMIND 2.1,LeastTotalCost,0,1,NA,4.247036080918373,FALSE,FALSE,NA,NA,NA,REMIND 2.1 | LeastTotalCost | 2C
SCI-vetted,R10MIDDLE_EAST,2C,gap_GJ_pc,DLE gap,GJ per capita of cumulative DLE gap,TRUE,REMIND,REMIND 2.1,R2p1,0,1,NA,3.937659960749433,FALSE,FALSE,NA,NA,NA,REMIND 2.1 | R2p1 | 2C
SCI-vetted,R10MIDDLE_EAST,2C,gap_GJ_pc,DLE gap,GJ per capita of cumulative DLE gap,TRUE,REMIND,REMIND-Buildings 2.0,BEG,0,1,NA,4.997605563786269,FALSE,FALSE,NA,NA,NA,REMIND-Buildings 2.0 | BEG | 2C
SCI-vetted,R10MIDDLE_EAST,2C,gap_GJ_pc,DLE gap,GJ per capita of cumulative DLE gap,TRUE,REMIND,REMIND-MAgPIE 1.7-3.0,CD,0,1,NA,2.481010189858886,FALSE,FALSE,NA,NA,NA,REMIND-MAgPIE 1.7-3.0 | CD | 2C
SCI-vetted,R10MIDDLE_EAST,2C,gap_GJ_pc,DLE gap,GJ per capita of cumulative DLE gap,TRUE,REMIND,REMIND-MAgPIE 1.7-3.0,COMMIT,0,2,NA,2.041954197509973,FALSE,FALSE,NA,NA,NA,REMIND-MAgPIE 1.7-3.0 | COMMIT | 2C
SCI-vetted,R10MIDDLE_EAST,2C,gap_GJ_pc,DLE gap,GJ per capita of cumulative DLE gap,TRUE,REMIND,REMIND-MAgPIE 1.7-3.0,PEP,0,2,NA,2.041954197509973,FALSE,FALSE,NA,NA,NA,REMIND-MAgPIE 1.7-3.0 | PEP | 2C
SCI-vetted,R10MIDDLE_EAST,2C,gap_GJ_pc,DLE gap,GJ per capita of cumulative DLE gap,TRUE,REMIND,REMIND-MAgPIE 2.0-4.1,Diff,0,1,NA,3.8426051734973306,FALSE,FALSE,NA,NA,NA,REMIND-MAgPIE 2.0-4.1 | Diff | 2C
SCI-vetted,R10MIDDLE_EAST,2C,gap_GJ_pc,DLE gap,GJ per capita of cumulative DLE gap,TRUE,REMIND,REMIND-MAgPIE 2.1-4.2,ENGAGE,0,1,NA,3.9189278039064046,FALSE,FALSE,NA,NA,NA,REMIND-MAgPIE 2.1-4.2 | ENGAGE | 2C
SCI-vetted,R10MIDDLE_EAST,2C,gap_GJ_pc,DLE gap,GJ per capita of cumulative DLE gap,TRUE,REMIND,REMIND-MAgPIE 2.1-4.2,NGFS Phase 2,0,2,NA,9.905854030984031,FALSE,FALSE,NA,NA,NA,REMIND-MAgPIE 2.1-4.2 | NGFS Phase 2 | 2C
SCI-vetted,R10MIDDLE_EAST,2C,gap_GJ_pc,DLE gap,GJ per capita of cumulative DLE gap,TRUE,REMIND,REMIND-MAgPIE 2.1-4.3,DeepElectrification,0,2,NA,3.9735272232112915,FALSE,FALSE,NA,NA,NA,REMIND-MAgPIE 2.1-4.3 | DeepElectrification | 2C
SCI-vetted,R10MIDDLE_EAST,2C,gap_GJ_pc,DLE gap,GJ per capita of cumulative DLE gap,TRUE,REMIND,REMIND-MAgPIE 3.2-4.6,SHAPE,0,2,NA,3.8134505041401,FALSE,FALSE,NA,NA,NA,REMIND-MAgPIE 3.2-4.6 | SHAPE | 2C
SCI-vetted,R10MIDDLE_EAST,2C,gap_GJ_pc,DLE gap,GJ per capita of cumulative DLE gap,TRUE,REMIND,REMIND-MAgPIE 3.2.0-4.8.0,RESCUE,0,4,NA,4.89969137327905,FALSE,FALSE,NA,NA,NA,REMIND-MAgPIE 3.2.0-4.8.0 | RESCUE | 2C
SCI-vetted,R10MIDDLE_EAST,2C,gap_GJ_pc,DLE gap,GJ per capita of cumulative DLE gap,TRUE,REMIND,REMIND-MAgPIE 3.3-4.8,NGFS Phase 5,0,5,NA,4.25077823254295,FALSE,FALSE,NA,NA,NA,REMIND-MAgPIE 3.3-4.8 | NGFS Phase 5 | 2C
SCI-vetted,R10MIDDLE_EAST,2C,gap_GJ_pc,DLE gap,GJ per capita of cumulative DLE gap,TRUE,WITCH,WITCH 5.0,ENGAGE,0,26,NA,6.732183106569254,FALSE,FALSE,NA,NA,NA,WITCH 5.0 | ENGAGE | 2C
SCI-vetted,R10MIDDLE_EAST,2C,gap_GJ_pc,DLE gap,GJ per capita of cumulative DLE gap,TRUE,WITCH,WITCH 5.0,NAVIGATE,0,2,NA,11.360174817381694,FALSE,FALSE,NA,NA,NA,WITCH 5.0 | NAVIGATE | 2C
SCI-vetted,R10MIDDLE_EAST,2C,headcount_pct,Deprived share,population-year-weighted mean % below the DLE threshold,TRUE,GCAM,GCAM 5.3,NGFS Phase 2,0,1,NA,1.2086089120756396,FALSE,FALSE,NA,NA,NA,GCAM 5.3 | NGFS Phase 2 | 2C
SCI-vetted,R10MIDDLE_EAST,2C,headcount_pct,Deprived share,population-year-weighted mean % below the DLE threshold,TRUE,GCAM,GCAM 6.0 NGFS,NGFS Phase 5,0,4,NA,0.47542981541639207,FALSE,FALSE,NA,NA,NA,GCAM 6.0 NGFS | NGFS Phase 5 | 2C
SCI-vetted,R10MIDDLE_EAST,2C,headcount_pct,Deprived share,population-year-weighted mean % below the DLE threshold,TRUE,IMAGE,IMAGE 3.0,ENGAGE,15,0,0.7668416261834438,NA,FALSE,FALSE,NA,NA,NA,IMAGE 3.0 | ENGAGE | 2C
SCI-vetted,R10MIDDLE_EAST,2C,headcount_pct,Deprived share,population-year-weighted mean % below the DLE threshold,TRUE,IMAGE,IMAGE 3.2,SSP2021,6,3,0.911741742265259,0.5604592108679838,TRUE,TRUE,0.35128253139727517,38.528731888977646,High-RE,IMAGE 3.2 | SSP2021 | 2C
SCI-vetted,R10MIDDLE_EAST,2C,headcount_pct,Deprived share,population-year-weighted mean % below the DLE threshold,TRUE,IMAGE,IMAGE 3.3,NAVIGATE,1,0,1.5725760417760564,NA,FALSE,FALSE,NA,NA,NA,IMAGE 3.3 | NAVIGATE | 2C
SCI-vetted,R10MIDDLE_EAST,2C,headcount_pct,Deprived share,population-year-weighted mean % below the DLE threshold,TRUE,MESSAGEix,MESSAGEix-GLOBIOM 2.0-M-R12-NGFS,NGFS Phase 5,0,3,NA,1.0051557817224448,FALSE,FALSE,NA,NA,NA,MESSAGEix-GLOBIOM 2.0-M-R12-NGFS | NGFS Phase 5 | 2C
SCI-vetted,R10MIDDLE_EAST,2C,headcount_pct,Deprived share,population-year-weighted mean % below the DLE threshold,TRUE,POLES,POLES-JRC ENGAGE,ENGAGE,41,0,1.2113772662731976,NA,FALSE,FALSE,NA,NA,NA,POLES-JRC ENGAGE | ENGAGE | 2C
SCI-vetted,R10MIDDLE_EAST,2C,headcount_pct,Deprived share,population-year-weighted mean % below the DLE threshold,TRUE,REMIND,REMIND 2.1,LeastTotalCost,0,1,NA,1.0289303192516588,FALSE,FALSE,NA,NA,NA,REMIND 2.1 | LeastTotalCost | 2C
SCI-vetted,R10MIDDLE_EAST,2C,headcount_pct,Deprived share,population-year-weighted mean % below the DLE threshold,TRUE,REMIND,REMIND 2.1,R2p1,0,1,NA,0.9006497761202024,FALSE,FALSE,NA,NA,NA,REMIND 2.1 | R2p1 | 2C
SCI-vetted,R10MIDDLE_EAST,2C,headcount_pct,Deprived share,population-year-weighted mean % below the DLE threshold,TRUE,REMIND,REMIND-Buildings 2.0,BEG,0,1,NA,1.130915409069965,FALSE,FALSE,NA,NA,NA,REMIND-Buildings 2.0 | BEG | 2C
SCI-vetted,R10MIDDLE_EAST,2C,headcount_pct,Deprived share,population-year-weighted mean % below the DLE threshold,TRUE,REMIND,REMIND-MAgPIE 1.7-3.0,CD,0,1,NA,0.5840361769376929,FALSE,FALSE,NA,NA,NA,REMIND-MAgPIE 1.7-3.0 | CD | 2C
SCI-vetted,R10MIDDLE_EAST,2C,headcount_pct,Deprived share,population-year-weighted mean % below the DLE threshold,TRUE,REMIND,REMIND-MAgPIE 1.7-3.0,COMMIT,0,2,NA,0.4939680924191788,FALSE,FALSE,NA,NA,NA,REMIND-MAgPIE 1.7-3.0 | COMMIT | 2C
SCI-vetted,R10MIDDLE_EAST,2C,headcount_pct,Deprived share,population-year-weighted mean % below the DLE threshold,TRUE,REMIND,REMIND-MAgPIE 1.7-3.0,PEP,0,2,NA,0.4939680924191788,FALSE,FALSE,NA,NA,NA,REMIND-MAgPIE 1.7-3.0 | PEP | 2C
SCI-vetted,R10MIDDLE_EAST,2C,headcount_pct,Deprived share,population-year-weighted mean % below the DLE threshold,TRUE,REMIND,REMIND-MAgPIE 2.0-4.1,Diff,0,1,NA,0.8819037311245035,FALSE,FALSE,NA,NA,NA,REMIND-MAgPIE 2.0-4.1 | Diff | 2C
SCI-vetted,R10MIDDLE_EAST,2C,headcount_pct,Deprived share,population-year-weighted mean % below the DLE threshold,TRUE,REMIND,REMIND-MAgPIE 2.1-4.2,ENGAGE,0,1,NA,0.8961514519735047,FALSE,FALSE,NA,NA,NA,REMIND-MAgPIE 2.1-4.2 | ENGAGE | 2C
SCI-vetted,R10MIDDLE_EAST,2C,headcount_pct,Deprived share,population-year-weighted mean % below the DLE threshold,TRUE,REMIND,REMIND-MAgPIE 2.1-4.2,NGFS Phase 2,0,2,NA,2.8454114555786827,FALSE,FALSE,NA,NA,NA,REMIND-MAgPIE 2.1-4.2 | NGFS Phase 2 | 2C
SCI-vetted,R10MIDDLE_EAST,2C,headcount_pct,Deprived share,population-year-weighted mean % below the DLE threshold,TRUE,REMIND,REMIND-MAgPIE 2.1-4.3,DeepElectrification,0,2,NA,0.95060553572622,FALSE,FALSE,NA,NA,NA,REMIND-MAgPIE 2.1-4.3 | DeepElectrification | 2C
SCI-vetted,R10MIDDLE_EAST,2C,headcount_pct,Deprived share,population-year-weighted mean % below the DLE threshold,TRUE,REMIND,REMIND-MAgPIE 3.2-4.6,SHAPE,0,2,NA,0.8172224758506064,FALSE,FALSE,NA,NA,NA,REMIND-MAgPIE 3.2-4.6 | SHAPE | 2C
SCI-vetted,R10MIDDLE_EAST,2C,headcount_pct,Deprived share,population-year-weighted mean % below the DLE threshold,TRUE,REMIND,REMIND-MAgPIE 3.2.0-4.8.0,RESCUE,0,4,NA,1.1694140962689086,FALSE,FALSE,NA,NA,NA,REMIND-MAgPIE 3.2.0-4.8.0 | RESCUE | 2C
SCI-vetted,R10MIDDLE_EAST,2C,headcount_pct,Deprived share,population-year-weighted mean % below the DLE threshold,TRUE,REMIND,REMIND-MAgPIE 3.3-4.8,NGFS Phase 5,0,5,NA,0.9423956484808528,FALSE,FALSE,NA,NA,NA,REMIND-MAgPIE 3.3-4.8 | NGFS Phase 5 | 2C
SCI-vetted,R10MIDDLE_EAST,2C,headcount_pct,Deprived share,population-year-weighted mean % below the DLE threshold,TRUE,WITCH,WITCH 5.0,ENGAGE,0,26,NA,1.7299472949567036,FALSE,FALSE,NA,NA,NA,WITCH 5.0 | ENGAGE | 2C
SCI-vetted,R10MIDDLE_EAST,2C,headcount_pct,Deprived share,population-year-weighted mean % below the DLE threshold,TRUE,WITCH,WITCH 5.0,NAVIGATE,0,2,NA,3.241456344803237,FALSE,FALSE,NA,NA,NA,WITCH 5.0 | NAVIGATE | 2C
SCI-vetted,R10MIDDLE_EAST,2C,mortality_million_deaths,PM2.5 mortality,million cumulative PM2.5-attributable deaths,TRUE,GCAM,GCAM 5.3,NGFS Phase 2,0,1,NA,44.88778,FALSE,FALSE,NA,NA,NA,GCAM 5.3 | NGFS Phase 2 | 2C
SCI-vetted,R10MIDDLE_EAST,2C,mortality_million_deaths,PM2.5 mortality,million cumulative PM2.5-attributable deaths,TRUE,GCAM,GCAM 6.0 NGFS,NGFS Phase 5,0,4,NA,45.843545000000006,FALSE,FALSE,NA,NA,NA,GCAM 6.0 NGFS | NGFS Phase 5 | 2C
SCI-vetted,R10MIDDLE_EAST,2C,mortality_million_deaths,PM2.5 mortality,million cumulative PM2.5-attributable deaths,TRUE,IMAGE,IMAGE 3.0,ENGAGE,15,0,47.35514,NA,FALSE,FALSE,NA,NA,NA,IMAGE 3.0 | ENGAGE | 2C
SCI-vetted,R10MIDDLE_EAST,2C,mortality_million_deaths,PM2.5 mortality,million cumulative PM2.5-attributable deaths,TRUE,IMAGE,IMAGE 3.2,SSP2021,6,3,45.2783675,44.12581,TRUE,TRUE,1.1525575000000003,2.545492613001121,High-RE,IMAGE 3.2 | SSP2021 | 2C
SCI-vetted,R10MIDDLE_EAST,2C,mortality_million_deaths,PM2.5 mortality,million cumulative PM2.5-attributable deaths,TRUE,IMAGE,IMAGE 3.3,NAVIGATE,1,0,45.475005,NA,FALSE,FALSE,NA,NA,NA,IMAGE 3.3 | NAVIGATE | 2C
SCI-vetted,R10MIDDLE_EAST,2C,mortality_million_deaths,PM2.5 mortality,million cumulative PM2.5-attributable deaths,TRUE,MESSAGEix,MESSAGEix-GLOBIOM 2.0-M-R12-NGFS,NGFS Phase 5,0,3,NA,58.319075,FALSE,FALSE,NA,NA,NA,MESSAGEix-GLOBIOM 2.0-M-R12-NGFS | NGFS Phase 5 | 2C
SCI-vetted,R10MIDDLE_EAST,2C,mortality_million_deaths,PM2.5 mortality,million cumulative PM2.5-attributable deaths,TRUE,POLES,POLES-JRC ENGAGE,ENGAGE,41,0,43.35673,NA,FALSE,FALSE,NA,NA,NA,POLES-JRC ENGAGE | ENGAGE | 2C
SCI-vetted,R10MIDDLE_EAST,2C,mortality_million_deaths,PM2.5 mortality,million cumulative PM2.5-attributable deaths,TRUE,REMIND,REMIND 2.1,LeastTotalCost,0,1,NA,46.922455,FALSE,FALSE,NA,NA,NA,REMIND 2.1 | LeastTotalCost | 2C
SCI-vetted,R10MIDDLE_EAST,2C,mortality_million_deaths,PM2.5 mortality,million cumulative PM2.5-attributable deaths,TRUE,REMIND,REMIND 2.1,R2p1,0,1,NA,47.004355,FALSE,FALSE,NA,NA,NA,REMIND 2.1 | R2p1 | 2C
SCI-vetted,R10MIDDLE_EAST,2C,mortality_million_deaths,PM2.5 mortality,million cumulative PM2.5-attributable deaths,TRUE,REMIND,REMIND-Buildings 2.0,BEG,0,1,NA,47.09328,FALSE,FALSE,NA,NA,NA,REMIND-Buildings 2.0 | BEG | 2C
SCI-vetted,R10MIDDLE_EAST,2C,mortality_million_deaths,PM2.5 mortality,million cumulative PM2.5-attributable deaths,TRUE,REMIND,REMIND-MAgPIE 1.7-3.0,CD,0,1,NA,47.01592,FALSE,FALSE,NA,NA,NA,REMIND-MAgPIE 1.7-3.0 | CD | 2C
SCI-vetted,R10MIDDLE_EAST,2C,mortality_million_deaths,PM2.5 mortality,million cumulative PM2.5-attributable deaths,TRUE,REMIND,REMIND-MAgPIE 1.7-3.0,COMMIT,0,2,NA,46.8276625,FALSE,FALSE,NA,NA,NA,REMIND-MAgPIE 1.7-3.0 | COMMIT | 2C
SCI-vetted,R10MIDDLE_EAST,2C,mortality_million_deaths,PM2.5 mortality,million cumulative PM2.5-attributable deaths,TRUE,REMIND,REMIND-MAgPIE 1.7-3.0,PEP,0,2,NA,46.8276625,FALSE,FALSE,NA,NA,NA,REMIND-MAgPIE 1.7-3.0 | PEP | 2C
SCI-vetted,R10MIDDLE_EAST,2C,mortality_million_deaths,PM2.5 mortality,million cumulative PM2.5-attributable deaths,TRUE,REMIND,REMIND-MAgPIE 2.1-4.2,ENGAGE,0,1,NA,46.991675,FALSE,FALSE,NA,NA,NA,REMIND-MAgPIE 2.1-4.2 | ENGAGE | 2C
SCI-vetted,R10MIDDLE_EAST,2C,mortality_million_deaths,PM2.5 mortality,million cumulative PM2.5-attributable deaths,TRUE,REMIND,REMIND-MAgPIE 2.1-4.2,NGFS Phase 2,0,2,NA,46.2404825,FALSE,FALSE,NA,NA,NA,REMIND-MAgPIE 2.1-4.2 | NGFS Phase 2 | 2C
SCI-vetted,R10MIDDLE_EAST,2C,mortality_million_deaths,PM2.5 mortality,million cumulative PM2.5-attributable deaths,TRUE,REMIND,REMIND-MAgPIE 2.1-4.3,DeepElectrification,0,2,NA,46.70612,FALSE,FALSE,NA,NA,NA,REMIND-MAgPIE 2.1-4.3 | DeepElectrification | 2C
SCI-vetted,R10MIDDLE_EAST,2C,mortality_million_deaths,PM2.5 mortality,million cumulative PM2.5-attributable deaths,TRUE,REMIND,REMIND-MAgPIE 3.2-4.6,SHAPE,0,2,NA,47.01195,FALSE,FALSE,NA,NA,NA,REMIND-MAgPIE 3.2-4.6 | SHAPE | 2C
SCI-vetted,R10MIDDLE_EAST,2C,mortality_million_deaths,PM2.5 mortality,million cumulative PM2.5-attributable deaths,TRUE,REMIND,REMIND-MAgPIE 3.2.0-4.8.0,RESCUE,0,4,NA,46.6066025,FALSE,FALSE,NA,NA,NA,REMIND-MAgPIE 3.2.0-4.8.0 | RESCUE | 2C
SCI-vetted,R10MIDDLE_EAST,2C,mortality_million_deaths,PM2.5 mortality,million cumulative PM2.5-attributable deaths,TRUE,REMIND,REMIND-MAgPIE 3.3-4.8,NGFS Phase 5,0,5,NA,51.31064,FALSE,FALSE,NA,NA,NA,REMIND-MAgPIE 3.3-4.8 | NGFS Phase 5 | 2C
SCI-vetted,R10MIDDLE_EAST,2C,mortality_million_deaths,PM2.5 mortality,million cumulative PM2.5-attributable deaths,TRUE,WITCH,WITCH 5.0,ENGAGE,0,26,NA,68.45351,FALSE,FALSE,NA,NA,NA,WITCH 5.0 | ENGAGE | 2C
SCI-vetted,R10MIDDLE_EAST,2C,mortality_million_deaths,PM2.5 mortality,million cumulative PM2.5-attributable deaths,TRUE,WITCH,WITCH 5.0,NAVIGATE,0,2,NA,67.5554025,FALSE,FALSE,NA,NA,NA,WITCH 5.0 | NAVIGATE | 2C
SCI-vetted,R10MIDDLE_EAST,2C,total_energy_jobyears_per_1k,Employment,"total energy-sector job-years per 1,000 people",FALSE,GCAM,GCAM 5.3,NGFS Phase 2,0,1,NA,237.38497304818418,FALSE,FALSE,NA,NA,NA,GCAM 5.3 | NGFS Phase 2 | 2C
SCI-vetted,R10MIDDLE_EAST,2C,total_energy_jobyears_per_1k,Employment,"total energy-sector job-years per 1,000 people",FALSE,GCAM,GCAM 6.0 NGFS,NGFS Phase 5,0,4,NA,471.7038594299414,FALSE,FALSE,NA,NA,NA,GCAM 6.0 NGFS | NGFS Phase 5 | 2C
SCI-vetted,R10MIDDLE_EAST,2C,total_energy_jobyears_per_1k,Employment,"total energy-sector job-years per 1,000 people",FALSE,IMAGE,IMAGE 3.0,ENGAGE,15,0,159.0887875949341,NA,FALSE,FALSE,NA,NA,NA,IMAGE 3.0 | ENGAGE | 2C
SCI-vetted,R10MIDDLE_EAST,2C,total_energy_jobyears_per_1k,Employment,"total energy-sector job-years per 1,000 people",FALSE,IMAGE,IMAGE 3.2,SSP2021,6,3,255.36084978681407,1322.2691099359313,TRUE,TRUE,1066.9082601491173,417.80416263488195,High-RE,IMAGE 3.2 | SSP2021 | 2C
SCI-vetted,R10MIDDLE_EAST,2C,total_energy_jobyears_per_1k,Employment,"total energy-sector job-years per 1,000 people",FALSE,IMAGE,IMAGE 3.3,NAVIGATE,1,0,588.943064043628,NA,FALSE,FALSE,NA,NA,NA,IMAGE 3.3 | NAVIGATE | 2C
SCI-vetted,R10MIDDLE_EAST,2C,total_energy_jobyears_per_1k,Employment,"total energy-sector job-years per 1,000 people",FALSE,MESSAGEix,MESSAGEix-GLOBIOM 2.0-M-R12-NGFS,NGFS Phase 5,0,3,NA,568.0015402435647,FALSE,FALSE,NA,NA,NA,MESSAGEix-GLOBIOM 2.0-M-R12-NGFS | NGFS Phase 5 | 2C
SCI-vetted,R10MIDDLE_EAST,2C,total_energy_jobyears_per_1k,Employment,"total energy-sector job-years per 1,000 people",FALSE,POLES,POLES-JRC ENGAGE,ENGAGE,41,0,251.59928338878166,NA,FALSE,FALSE,NA,NA,NA,POLES-JRC ENGAGE | ENGAGE | 2C
SCI-vetted,R10MIDDLE_EAST,2C,total_energy_jobyears_per_1k,Employment,"total energy-sector job-years per 1,000 people",FALSE,REMIND,REMIND 2.1,LeastTotalCost,0,1,NA,393.0271337397726,FALSE,FALSE,NA,NA,NA,REMIND 2.1 | LeastTotalCost | 2C
SCI-vetted,R10MIDDLE_EAST,2C,total_energy_jobyears_per_1k,Employment,"total energy-sector job-years per 1,000 people",FALSE,REMIND,REMIND 2.1,R2p1,0,1,NA,485.0581796436336,FALSE,FALSE,NA,NA,NA,REMIND 2.1 | R2p1 | 2C
SCI-vetted,R10MIDDLE_EAST,2C,total_energy_jobyears_per_1k,Employment,"total energy-sector job-years per 1,000 people",FALSE,REMIND,REMIND-Buildings 2.0,BEG,0,1,NA,419.719742364806,FALSE,FALSE,NA,NA,NA,REMIND-Buildings 2.0 | BEG | 2C
SCI-vetted,R10MIDDLE_EAST,2C,total_energy_jobyears_per_1k,Employment,"total energy-sector job-years per 1,000 people",FALSE,REMIND,REMIND-MAgPIE 1.7-3.0,CD,0,1,NA,693.0208657407329,FALSE,FALSE,NA,NA,NA,REMIND-MAgPIE 1.7-3.0 | CD | 2C
SCI-vetted,R10MIDDLE_EAST,2C,total_energy_jobyears_per_1k,Employment,"total energy-sector job-years per 1,000 people",FALSE,REMIND,REMIND-MAgPIE 1.7-3.0,COMMIT,0,2,NA,665.7577558950276,FALSE,FALSE,NA,NA,NA,REMIND-MAgPIE 1.7-3.0 | COMMIT | 2C
SCI-vetted,R10MIDDLE_EAST,2C,total_energy_jobyears_per_1k,Employment,"total energy-sector job-years per 1,000 people",FALSE,REMIND,REMIND-MAgPIE 1.7-3.0,PEP,0,2,NA,665.7577558950276,FALSE,FALSE,NA,NA,NA,REMIND-MAgPIE 1.7-3.0 | PEP | 2C
SCI-vetted,R10MIDDLE_EAST,2C,total_energy_jobyears_per_1k,Employment,"total energy-sector job-years per 1,000 people",FALSE,REMIND,REMIND-MAgPIE 2.0-4.1,Diff,0,1,NA,510.6099092826576,FALSE,FALSE,NA,NA,NA,REMIND-MAgPIE 2.0-4.1 | Diff | 2C
SCI-vetted,R10MIDDLE_EAST,2C,total_energy_jobyears_per_1k,Employment,"total energy-sector job-years per 1,000 people",FALSE,REMIND,REMIND-MAgPIE 2.1-4.2,ENGAGE,0,1,NA,498.0421449170406,FALSE,FALSE,NA,NA,NA,REMIND-MAgPIE 2.1-4.2 | ENGAGE | 2C
SCI-vetted,R10MIDDLE_EAST,2C,total_energy_jobyears_per_1k,Employment,"total energy-sector job-years per 1,000 people",FALSE,REMIND,REMIND-MAgPIE 2.1-4.2,NGFS Phase 2,0,2,NA,536.8070919337503,FALSE,FALSE,NA,NA,NA,REMIND-MAgPIE 2.1-4.2 | NGFS Phase 2 | 2C
SCI-vetted,R10MIDDLE_EAST,2C,total_energy_jobyears_per_1k,Employment,"total energy-sector job-years per 1,000 people",FALSE,REMIND,REMIND-MAgPIE 2.1-4.3,DeepElectrification,0,2,NA,446.65094775223156,FALSE,FALSE,NA,NA,NA,REMIND-MAgPIE 2.1-4.3 | DeepElectrification | 2C
SCI-vetted,R10MIDDLE_EAST,2C,total_energy_jobyears_per_1k,Employment,"total energy-sector job-years per 1,000 people",FALSE,REMIND,REMIND-MAgPIE 3.2-4.6,SHAPE,0,2,NA,1001.333947584059,FALSE,FALSE,NA,NA,NA,REMIND-MAgPIE 3.2-4.6 | SHAPE | 2C
SCI-vetted,R10MIDDLE_EAST,2C,total_energy_jobyears_per_1k,Employment,"total energy-sector job-years per 1,000 people",FALSE,REMIND,REMIND-MAgPIE 3.2.0-4.8.0,RESCUE,0,4,NA,1363.4250123315887,FALSE,FALSE,NA,NA,NA,REMIND-MAgPIE 3.2.0-4.8.0 | RESCUE | 2C
SCI-vetted,R10MIDDLE_EAST,2C,total_energy_jobyears_per_1k,Employment,"total energy-sector job-years per 1,000 people",FALSE,REMIND,REMIND-MAgPIE 3.3-4.8,NGFS Phase 5,0,5,NA,827.3013341288872,FALSE,FALSE,NA,NA,NA,REMIND-MAgPIE 3.3-4.8 | NGFS Phase 5 | 2C
SCI-vetted,R10MIDDLE_EAST,2C,total_energy_jobyears_per_1k,Employment,"total energy-sector job-years per 1,000 people",FALSE,WITCH,WITCH 5.0,ENGAGE,0,26,NA,548.6327424069639,FALSE,FALSE,NA,NA,NA,WITCH 5.0 | ENGAGE | 2C
SCI-vetted,R10MIDDLE_EAST,2C,total_energy_jobyears_per_1k,Employment,"total energy-sector job-years per 1,000 people",FALSE,WITCH,WITCH 5.0,NAVIGATE,0,2,NA,423.8731881896462,FALSE,FALSE,NA,NA,NA,WITCH 5.0 | NAVIGATE | 2C
SCI-vetted,R10NORTH_AM,1.5C,gap_GJ_pc,DLE gap,GJ per capita of cumulative DLE gap,TRUE,GCAM,GCAM 6.0 NGFS,NGFS Phase 5,0,2,NA,0.16265226352408596,FALSE,FALSE,NA,NA,NA,GCAM 6.0 NGFS | NGFS Phase 5 | 1.5C
SCI-vetted,R10NORTH_AM,1.5C,gap_GJ_pc,DLE gap,GJ per capita of cumulative DLE gap,TRUE,IMAGE,IMAGE 3.2,SSP2021,4,1,0.7073671778505634,0.863797908576306,TRUE,FALSE,-0.15643073072574265,-22.114502287352355,High-CDR,IMAGE 3.2 | SSP2021 | 1.5C
SCI-vetted,R10NORTH_AM,1.5C,gap_GJ_pc,DLE gap,GJ per capita of cumulative DLE gap,TRUE,POLES,POLES-JRC ENGAGE,ENGAGE,2,0,6.127742832148394,NA,FALSE,FALSE,NA,NA,NA,POLES-JRC ENGAGE | ENGAGE | 1.5C
SCI-vetted,R10NORTH_AM,1.5C,gap_GJ_pc,DLE gap,GJ per capita of cumulative DLE gap,TRUE,REMIND,REMIND-MAgPIE 3.2.0-4.8.0,RESCUE,0,2,NA,0.3525175192986265,FALSE,FALSE,NA,NA,NA,REMIND-MAgPIE 3.2.0-4.8.0 | RESCUE | 1.5C
SCI-vetted,R10NORTH_AM,1.5C,gap_GJ_pc,DLE gap,GJ per capita of cumulative DLE gap,TRUE,REMIND,REMIND-MAgPIE 3.3-4.8,NGFS Phase 5,0,1,NA,0.551832007244174,FALSE,FALSE,NA,NA,NA,REMIND-MAgPIE 3.3-4.8 | NGFS Phase 5 | 1.5C
SCI-vetted,R10NORTH_AM,1.5C,headcount_pct,Deprived share,population-year-weighted mean % below the DLE threshold,TRUE,GCAM,GCAM 6.0 NGFS,NGFS Phase 5,0,2,NA,0.0553907160421144,FALSE,FALSE,NA,NA,NA,GCAM 6.0 NGFS | NGFS Phase 5 | 1.5C
SCI-vetted,R10NORTH_AM,1.5C,headcount_pct,Deprived share,population-year-weighted mean % below the DLE threshold,TRUE,IMAGE,IMAGE 3.2,SSP2021,4,1,0.24165988040053707,0.2901009276674906,TRUE,FALSE,-0.04844104726695356,-20.045134172319116,High-CDR,IMAGE 3.2 | SSP2021 | 1.5C
SCI-vetted,R10NORTH_AM,1.5C,headcount_pct,Deprived share,population-year-weighted mean % below the DLE threshold,TRUE,POLES,POLES-JRC ENGAGE,ENGAGE,2,0,1.8901901347014878,NA,FALSE,FALSE,NA,NA,NA,POLES-JRC ENGAGE | ENGAGE | 1.5C
SCI-vetted,R10NORTH_AM,1.5C,headcount_pct,Deprived share,population-year-weighted mean % below the DLE threshold,TRUE,REMIND,REMIND-MAgPIE 3.2.0-4.8.0,RESCUE,0,2,NA,0.147438196788162,FALSE,FALSE,NA,NA,NA,REMIND-MAgPIE 3.2.0-4.8.0 | RESCUE | 1.5C
SCI-vetted,R10NORTH_AM,1.5C,headcount_pct,Deprived share,population-year-weighted mean % below the DLE threshold,TRUE,REMIND,REMIND-MAgPIE 3.3-4.8,NGFS Phase 5,0,1,NA,0.23569288774439232,FALSE,FALSE,NA,NA,NA,REMIND-MAgPIE 3.3-4.8 | NGFS Phase 5 | 1.5C
SCI-vetted,R10NORTH_AM,1.5C,mortality_million_deaths,PM2.5 mortality,million cumulative PM2.5-attributable deaths,TRUE,GCAM,GCAM 6.0 NGFS,NGFS Phase 5,0,2,NA,11.83575,FALSE,FALSE,NA,NA,NA,GCAM 6.0 NGFS | NGFS Phase 5 | 1.5C
SCI-vetted,R10NORTH_AM,1.5C,mortality_million_deaths,PM2.5 mortality,million cumulative PM2.5-attributable deaths,TRUE,IMAGE,IMAGE 3.2,SSP2021,4,1,10.097985,9.933115,TRUE,FALSE,0.16486999999999874,1.632701969749398,High-RE,IMAGE 3.2 | SSP2021 | 1.5C
SCI-vetted,R10NORTH_AM,1.5C,mortality_million_deaths,PM2.5 mortality,million cumulative PM2.5-attributable deaths,TRUE,POLES,POLES-JRC ENGAGE,ENGAGE,2,0,6.46388,NA,FALSE,FALSE,NA,NA,NA,POLES-JRC ENGAGE | ENGAGE | 1.5C
SCI-vetted,R10NORTH_AM,1.5C,mortality_million_deaths,PM2.5 mortality,million cumulative PM2.5-attributable deaths,TRUE,REMIND,REMIND-MAgPIE 3.2.0-4.8.0,RESCUE,0,2,NA,8.924015,FALSE,FALSE,NA,NA,NA,REMIND-MAgPIE 3.2.0-4.8.0 | RESCUE | 1.5C
SCI-vetted,R10NORTH_AM,1.5C,mortality_million_deaths,PM2.5 mortality,million cumulative PM2.5-attributable deaths,TRUE,REMIND,REMIND-MAgPIE 3.3-4.8,NGFS Phase 5,0,1,NA,9.93086,FALSE,FALSE,NA,NA,NA,REMIND-MAgPIE 3.3-4.8 | NGFS Phase 5 | 1.5C
SCI-vetted,R10NORTH_AM,1.5C,total_energy_jobyears_per_1k,Employment,"total energy-sector job-years per 1,000 people",FALSE,GCAM,GCAM 6.0 NGFS,NGFS Phase 5,0,2,NA,436.36025366993624,FALSE,FALSE,NA,NA,NA,GCAM 6.0 NGFS | NGFS Phase 5 | 1.5C
SCI-vetted,R10NORTH_AM,1.5C,total_energy_jobyears_per_1k,Employment,"total energy-sector job-years per 1,000 people",FALSE,IMAGE,IMAGE 3.2,SSP2021,4,1,431.9507564940815,501.37604078623195,TRUE,FALSE,69.42528429215048,16.072499757990755,High-RE,IMAGE 3.2 | SSP2021 | 1.5C
SCI-vetted,R10NORTH_AM,1.5C,total_energy_jobyears_per_1k,Employment,"total energy-sector job-years per 1,000 people",FALSE,POLES,POLES-JRC ENGAGE,ENGAGE,2,0,345.5152929515423,NA,FALSE,FALSE,NA,NA,NA,POLES-JRC ENGAGE | ENGAGE | 1.5C
SCI-vetted,R10NORTH_AM,1.5C,total_energy_jobyears_per_1k,Employment,"total energy-sector job-years per 1,000 people",FALSE,REMIND,REMIND-MAgPIE 3.2.0-4.8.0,RESCUE,0,2,NA,240.05824720596848,FALSE,FALSE,NA,NA,NA,REMIND-MAgPIE 3.2.0-4.8.0 | RESCUE | 1.5C
SCI-vetted,R10NORTH_AM,1.5C,total_energy_jobyears_per_1k,Employment,"total energy-sector job-years per 1,000 people",FALSE,REMIND,REMIND-MAgPIE 3.3-4.8,NGFS Phase 5,0,1,NA,234.85377747766017,FALSE,FALSE,NA,NA,NA,REMIND-MAgPIE 3.3-4.8 | NGFS Phase 5 | 1.5C
SCI-vetted,R10NORTH_AM,2C,gap_GJ_pc,DLE gap,GJ per capita of cumulative DLE gap,TRUE,GCAM,GCAM 5.3,NGFS Phase 2,0,1,NA,0.17862115697565473,FALSE,FALSE,NA,NA,NA,GCAM 5.3 | NGFS Phase 2 | 2C
SCI-vetted,R10NORTH_AM,2C,gap_GJ_pc,DLE gap,GJ per capita of cumulative DLE gap,TRUE,GCAM,GCAM 6.0 NGFS,NGFS Phase 5,0,4,NA,0.0960649381507748,FALSE,FALSE,NA,NA,NA,GCAM 6.0 NGFS | NGFS Phase 5 | 2C
SCI-vetted,R10NORTH_AM,2C,gap_GJ_pc,DLE gap,GJ per capita of cumulative DLE gap,TRUE,IMAGE,IMAGE 3.0,ENGAGE,15,0,0.25324101670828747,NA,FALSE,FALSE,NA,NA,NA,IMAGE 3.0 | ENGAGE | 2C
SCI-vetted,R10NORTH_AM,2C,gap_GJ_pc,DLE gap,GJ per capita of cumulative DLE gap,TRUE,IMAGE,IMAGE 3.2,SSP2021,6,3,0.6194700549773203,0.4702508826994155,TRUE,TRUE,0.14921917227790482,24.08819781988783,High-RE,IMAGE 3.2 | SSP2021 | 2C
SCI-vetted,R10NORTH_AM,2C,gap_GJ_pc,DLE gap,GJ per capita of cumulative DLE gap,TRUE,IMAGE,IMAGE 3.3,NAVIGATE,1,0,0.9931503932852948,NA,FALSE,FALSE,NA,NA,NA,IMAGE 3.3 | NAVIGATE | 2C
SCI-vetted,R10NORTH_AM,2C,gap_GJ_pc,DLE gap,GJ per capita of cumulative DLE gap,TRUE,MESSAGEix,MESSAGEix-GLOBIOM 2.0-M-R12-NGFS,NGFS Phase 5,0,3,NA,0.1637665236875848,FALSE,FALSE,NA,NA,NA,MESSAGEix-GLOBIOM 2.0-M-R12-NGFS | NGFS Phase 5 | 2C
SCI-vetted,R10NORTH_AM,2C,gap_GJ_pc,DLE gap,GJ per capita of cumulative DLE gap,TRUE,POLES,POLES-JRC ENGAGE,ENGAGE,41,0,0.9304839816792558,NA,FALSE,FALSE,NA,NA,NA,POLES-JRC ENGAGE | ENGAGE | 2C
SCI-vetted,R10NORTH_AM,2C,gap_GJ_pc,DLE gap,GJ per capita of cumulative DLE gap,TRUE,REMIND,REMIND 2.1,LeastTotalCost,0,1,NA,0.1152173253974699,FALSE,FALSE,NA,NA,NA,REMIND 2.1 | LeastTotalCost | 2C
SCI-vetted,R10NORTH_AM,2C,gap_GJ_pc,DLE gap,GJ per capita of cumulative DLE gap,TRUE,REMIND,REMIND 2.1,R2p1,0,1,NA,0.07181255828891478,FALSE,FALSE,NA,NA,NA,REMIND 2.1 | R2p1 | 2C
SCI-vetted,R10NORTH_AM,2C,gap_GJ_pc,DLE gap,GJ per capita of cumulative DLE gap,TRUE,REMIND,REMIND-Buildings 2.0,BEG,0,1,NA,0.09725838101468072,FALSE,FALSE,NA,NA,NA,REMIND-Buildings 2.0 | BEG | 2C
SCI-vetted,R10NORTH_AM,2C,gap_GJ_pc,DLE gap,GJ per capita of cumulative DLE gap,TRUE,REMIND,REMIND-MAgPIE 1.7-3.0,CD,0,1,NA,0.04431140805531936,FALSE,FALSE,NA,NA,NA,REMIND-MAgPIE 1.7-3.0 | CD | 2C
SCI-vetted,R10NORTH_AM,2C,gap_GJ_pc,DLE gap,GJ per capita of cumulative DLE gap,TRUE,REMIND,REMIND-MAgPIE 1.7-3.0,COMMIT,0,2,NA,0.06756026022851884,FALSE,FALSE,NA,NA,NA,REMIND-MAgPIE 1.7-3.0 | COMMIT | 2C
SCI-vetted,R10NORTH_AM,2C,gap_GJ_pc,DLE gap,GJ per capita of cumulative DLE gap,TRUE,REMIND,REMIND-MAgPIE 1.7-3.0,PEP,0,2,NA,0.06756026022851884,FALSE,FALSE,NA,NA,NA,REMIND-MAgPIE 1.7-3.0 | PEP | 2C
SCI-vetted,R10NORTH_AM,2C,gap_GJ_pc,DLE gap,GJ per capita of cumulative DLE gap,TRUE,REMIND,REMIND-MAgPIE 2.0-4.1,Diff,0,1,NA,0.0600222739916525,FALSE,FALSE,NA,NA,NA,REMIND-MAgPIE 2.0-4.1 | Diff | 2C
SCI-vetted,R10NORTH_AM,2C,gap_GJ_pc,DLE gap,GJ per capita of cumulative DLE gap,TRUE,REMIND,REMIND-MAgPIE 2.1-4.2,ENGAGE,0,1,NA,0.07176750254681857,FALSE,FALSE,NA,NA,NA,REMIND-MAgPIE 2.1-4.2 | ENGAGE | 2C
SCI-vetted,R10NORTH_AM,2C,gap_GJ_pc,DLE gap,GJ per capita of cumulative DLE gap,TRUE,REMIND,REMIND-MAgPIE 2.1-4.2,NGFS Phase 2,0,2,NA,0.65923314488655,FALSE,FALSE,NA,NA,NA,REMIND-MAgPIE 2.1-4.2 | NGFS Phase 2 | 2C
SCI-vetted,R10NORTH_AM,2C,gap_GJ_pc,DLE gap,GJ per capita of cumulative DLE gap,TRUE,REMIND,REMIND-MAgPIE 2.1-4.3,DeepElectrification,0,2,NA,0.1955852650114979,FALSE,FALSE,NA,NA,NA,REMIND-MAgPIE 2.1-4.3 | DeepElectrification | 2C
SCI-vetted,R10NORTH_AM,2C,gap_GJ_pc,DLE gap,GJ per capita of cumulative DLE gap,TRUE,REMIND,REMIND-MAgPIE 3.2-4.6,SHAPE,0,2,NA,0.13479243439222893,FALSE,FALSE,NA,NA,NA,REMIND-MAgPIE 3.2-4.6 | SHAPE | 2C
SCI-vetted,R10NORTH_AM,2C,gap_GJ_pc,DLE gap,GJ per capita of cumulative DLE gap,TRUE,REMIND,REMIND-MAgPIE 3.2.0-4.8.0,RESCUE,0,4,NA,0.3897233657275941,FALSE,FALSE,NA,NA,NA,REMIND-MAgPIE 3.2.0-4.8.0 | RESCUE | 2C
SCI-vetted,R10NORTH_AM,2C,gap_GJ_pc,DLE gap,GJ per capita of cumulative DLE gap,TRUE,REMIND,REMIND-MAgPIE 3.3-4.8,NGFS Phase 5,0,5,NA,0.3087474602592871,FALSE,FALSE,NA,NA,NA,REMIND-MAgPIE 3.3-4.8 | NGFS Phase 5 | 2C
SCI-vetted,R10NORTH_AM,2C,gap_GJ_pc,DLE gap,GJ per capita of cumulative DLE gap,TRUE,WITCH,WITCH 5.0,ENGAGE,0,26,NA,0.17106218624756608,FALSE,FALSE,NA,NA,NA,WITCH 5.0 | ENGAGE | 2C
SCI-vetted,R10NORTH_AM,2C,gap_GJ_pc,DLE gap,GJ per capita of cumulative DLE gap,TRUE,WITCH,WITCH 5.0,NAVIGATE,0,2,NA,0.20398153854571002,FALSE,FALSE,NA,NA,NA,WITCH 5.0 | NAVIGATE | 2C
SCI-vetted,R10NORTH_AM,2C,headcount_pct,Deprived share,population-year-weighted mean % below the DLE threshold,TRUE,GCAM,GCAM 5.3,NGFS Phase 2,0,1,NA,0.06257794107127564,FALSE,FALSE,NA,NA,NA,GCAM 5.3 | NGFS Phase 2 | 2C
SCI-vetted,R10NORTH_AM,2C,headcount_pct,Deprived share,population-year-weighted mean % below the DLE threshold,TRUE,GCAM,GCAM 6.0 NGFS,NGFS Phase 5,0,4,NA,0.02883337370255839,FALSE,FALSE,NA,NA,NA,GCAM 6.0 NGFS | NGFS Phase 5 | 2C
SCI-vetted,R10NORTH_AM,2C,headcount_pct,Deprived share,population-year-weighted mean % below the DLE threshold,TRUE,IMAGE,IMAGE 3.0,ENGAGE,15,0,0.08238703478351438,NA,FALSE,FALSE,NA,NA,NA,IMAGE 3.0 | ENGAGE | 2C
SCI-vetted,R10NORTH_AM,2C,headcount_pct,Deprived share,population-year-weighted mean % below the DLE threshold,TRUE,IMAGE,IMAGE 3.2,SSP2021,6,3,0.2110180048919115,0.15548025160885393,TRUE,TRUE,0.05553775328305757,26.318964256867726,High-RE,IMAGE 3.2 | SSP2021 | 2C
SCI-vetted,R10NORTH_AM,2C,headcount_pct,Deprived share,population-year-weighted mean % below the DLE threshold,TRUE,IMAGE,IMAGE 3.3,NAVIGATE,1,0,0.3381724988488565,NA,FALSE,FALSE,NA,NA,NA,IMAGE 3.3 | NAVIGATE | 2C
SCI-vetted,R10NORTH_AM,2C,headcount_pct,Deprived share,population-year-weighted mean % below the DLE threshold,TRUE,MESSAGEix,MESSAGEix-GLOBIOM 2.0-M-R12-NGFS,NGFS Phase 5,0,3,NA,0.05923977857434252,FALSE,FALSE,NA,NA,NA,MESSAGEix-GLOBIOM 2.0-M-R12-NGFS | NGFS Phase 5 | 2C
SCI-vetted,R10NORTH_AM,2C,headcount_pct,Deprived share,population-year-weighted mean % below the DLE threshold,TRUE,POLES,POLES-JRC ENGAGE,ENGAGE,41,0,0.3312523295592981,NA,FALSE,FALSE,NA,NA,NA,POLES-JRC ENGAGE | ENGAGE | 2C
SCI-vetted,R10NORTH_AM,2C,headcount_pct,Deprived share,population-year-weighted mean % below the DLE threshold,TRUE,REMIND,REMIND 2.1,LeastTotalCost,0,1,NA,0.04345158048592214,FALSE,FALSE,NA,NA,NA,REMIND 2.1 | LeastTotalCost | 2C
SCI-vetted,R10NORTH_AM,2C,headcount_pct,Deprived share,population-year-weighted mean % below the DLE threshold,TRUE,REMIND,REMIND 2.1,R2p1,0,1,NA,0.02335986515587496,FALSE,FALSE,NA,NA,NA,REMIND 2.1 | R2p1 | 2C
SCI-vetted,R10NORTH_AM,2C,headcount_pct,Deprived share,population-year-weighted mean % below the DLE threshold,TRUE,REMIND,REMIND-Buildings 2.0,BEG,0,1,NA,0.02952627272343103,FALSE,FALSE,NA,NA,NA,REMIND-Buildings 2.0 | BEG | 2C
SCI-vetted,R10NORTH_AM,2C,headcount_pct,Deprived share,population-year-weighted mean % below the DLE threshold,TRUE,REMIND,REMIND-MAgPIE 1.7-3.0,CD,0,1,NA,0.01214044271325085,FALSE,FALSE,NA,NA,NA,REMIND-MAgPIE 1.7-3.0 | CD | 2C
SCI-vetted,R10NORTH_AM,2C,headcount_pct,Deprived share,population-year-weighted mean % below the DLE threshold,TRUE,REMIND,REMIND-MAgPIE 1.7-3.0,COMMIT,0,2,NA,0.018184547051163985,FALSE,FALSE,NA,NA,NA,REMIND-MAgPIE 1.7-3.0 | COMMIT | 2C
SCI-vetted,R10NORTH_AM,2C,headcount_pct,Deprived share,population-year-weighted mean % below the DLE threshold,TRUE,REMIND,REMIND-MAgPIE 1.7-3.0,PEP,0,2,NA,0.018184547051163985,FALSE,FALSE,NA,NA,NA,REMIND-MAgPIE 1.7-3.0 | PEP | 2C
SCI-vetted,R10NORTH_AM,2C,headcount_pct,Deprived share,population-year-weighted mean % below the DLE threshold,TRUE,REMIND,REMIND-MAgPIE 2.0-4.1,Diff,0,1,NA,0.01944046444562168,FALSE,FALSE,NA,NA,NA,REMIND-MAgPIE 2.0-4.1 | Diff | 2C
SCI-vetted,R10NORTH_AM,2C,headcount_pct,Deprived share,population-year-weighted mean % below the DLE threshold,TRUE,REMIND,REMIND-MAgPIE 2.1-4.2,ENGAGE,0,1,NA,0.02328877834637425,FALSE,FALSE,NA,NA,NA,REMIND-MAgPIE 2.1-4.2 | ENGAGE | 2C
SCI-vetted,R10NORTH_AM,2C,headcount_pct,Deprived share,population-year-weighted mean % below the DLE threshold,TRUE,REMIND,REMIND-MAgPIE 2.1-4.2,NGFS Phase 2,0,2,NA,0.25779857820898155,FALSE,FALSE,NA,NA,NA,REMIND-MAgPIE 2.1-4.2 | NGFS Phase 2 | 2C
SCI-vetted,R10NORTH_AM,2C,headcount_pct,Deprived share,population-year-weighted mean % below the DLE threshold,TRUE,REMIND,REMIND-MAgPIE 2.1-4.3,DeepElectrification,0,2,NA,0.0728159779177851,FALSE,FALSE,NA,NA,NA,REMIND-MAgPIE 2.1-4.3 | DeepElectrification | 2C
SCI-vetted,R10NORTH_AM,2C,headcount_pct,Deprived share,population-year-weighted mean % below the DLE threshold,TRUE,REMIND,REMIND-MAgPIE 3.2-4.6,SHAPE,0,2,NA,0.05183213096578465,FALSE,FALSE,NA,NA,NA,REMIND-MAgPIE 3.2-4.6 | SHAPE | 2C
SCI-vetted,R10NORTH_AM,2C,headcount_pct,Deprived share,population-year-weighted mean % below the DLE threshold,TRUE,REMIND,REMIND-MAgPIE 3.2.0-4.8.0,RESCUE,0,4,NA,0.16128008637175995,FALSE,FALSE,NA,NA,NA,REMIND-MAgPIE 3.2.0-4.8.0 | RESCUE | 2C
SCI-vetted,R10NORTH_AM,2C,headcount_pct,Deprived share,population-year-weighted mean % below the DLE threshold,TRUE,REMIND,REMIND-MAgPIE 3.3-4.8,NGFS Phase 5,0,5,NA,0.1326024222988968,FALSE,FALSE,NA,NA,NA,REMIND-MAgPIE 3.3-4.8 | NGFS Phase 5 | 2C
SCI-vetted,R10NORTH_AM,2C,headcount_pct,Deprived share,population-year-weighted mean % below the DLE threshold,TRUE,WITCH,WITCH 5.0,ENGAGE,0,26,NA,0.03846834564482129,FALSE,FALSE,NA,NA,NA,WITCH 5.0 | ENGAGE | 2C
SCI-vetted,R10NORTH_AM,2C,headcount_pct,Deprived share,population-year-weighted mean % below the DLE threshold,TRUE,WITCH,WITCH 5.0,NAVIGATE,0,2,NA,0.06780801788845521,FALSE,FALSE,NA,NA,NA,WITCH 5.0 | NAVIGATE | 2C
SCI-vetted,R10NORTH_AM,2C,mortality_million_deaths,PM2.5 mortality,million cumulative PM2.5-attributable deaths,TRUE,GCAM,GCAM 5.3,NGFS Phase 2,0,1,NA,13.212285,FALSE,FALSE,NA,NA,NA,GCAM 5.3 | NGFS Phase 2 | 2C
SCI-vetted,R10NORTH_AM,2C,mortality_million_deaths,PM2.5 mortality,million cumulative PM2.5-attributable deaths,TRUE,GCAM,GCAM 6.0 NGFS,NGFS Phase 5,0,4,NA,12.279785,FALSE,FALSE,NA,NA,NA,GCAM 6.0 NGFS | NGFS Phase 5 | 2C
SCI-vetted,R10NORTH_AM,2C,mortality_million_deaths,PM2.5 mortality,million cumulative PM2.5-attributable deaths,TRUE,IMAGE,IMAGE 3.0,ENGAGE,15,0,10.682605,NA,FALSE,FALSE,NA,NA,NA,IMAGE 3.0 | ENGAGE | 2C
SCI-vetted,R10NORTH_AM,2C,mortality_million_deaths,PM2.5 mortality,million cumulative PM2.5-attributable deaths,TRUE,IMAGE,IMAGE 3.2,SSP2021,6,3,11.1214425,9.850935,TRUE,TRUE,1.2705075000000008,11.423945230126405,High-RE,IMAGE 3.2 | SSP2021 | 2C
SCI-vetted,R10NORTH_AM,2C,mortality_million_deaths,PM2.5 mortality,million cumulative PM2.5-attributable deaths,TRUE,IMAGE,IMAGE 3.3,NAVIGATE,1,0,11.93647,NA,FALSE,FALSE,NA,NA,NA,IMAGE 3.3 | NAVIGATE | 2C
SCI-vetted,R10NORTH_AM,2C,mortality_million_deaths,PM2.5 mortality,million cumulative PM2.5-attributable deaths,TRUE,MESSAGEix,MESSAGEix-GLOBIOM 2.0-M-R12-NGFS,NGFS Phase 5,0,3,NA,9.335245,FALSE,FALSE,NA,NA,NA,MESSAGEix-GLOBIOM 2.0-M-R12-NGFS | NGFS Phase 5 | 2C
SCI-vetted,R10NORTH_AM,2C,mortality_million_deaths,PM2.5 mortality,million cumulative PM2.5-attributable deaths,TRUE,POLES,POLES-JRC ENGAGE,ENGAGE,41,0,6.56489,NA,FALSE,FALSE,NA,NA,NA,POLES-JRC ENGAGE | ENGAGE | 2C
SCI-vetted,R10NORTH_AM,2C,mortality_million_deaths,PM2.5 mortality,million cumulative PM2.5-attributable deaths,TRUE,REMIND,REMIND 2.1,LeastTotalCost,0,1,NA,8.32048,FALSE,FALSE,NA,NA,NA,REMIND 2.1 | LeastTotalCost | 2C
SCI-vetted,R10NORTH_AM,2C,mortality_million_deaths,PM2.5 mortality,million cumulative PM2.5-attributable deaths,TRUE,REMIND,REMIND 2.1,R2p1,0,1,NA,8.26623,FALSE,FALSE,NA,NA,NA,REMIND 2.1 | R2p1 | 2C
SCI-vetted,R10NORTH_AM,2C,mortality_million_deaths,PM2.5 mortality,million cumulative PM2.5-attributable deaths,TRUE,REMIND,REMIND-Buildings 2.0,BEG,0,1,NA,8.35836,FALSE,FALSE,NA,NA,NA,REMIND-Buildings 2.0 | BEG | 2C
SCI-vetted,R10NORTH_AM,2C,mortality_million_deaths,PM2.5 mortality,million cumulative PM2.5-attributable deaths,TRUE,REMIND,REMIND-MAgPIE 1.7-3.0,CD,0,1,NA,12.18197,FALSE,FALSE,NA,NA,NA,REMIND-MAgPIE 1.7-3.0 | CD | 2C
SCI-vetted,R10NORTH_AM,2C,mortality_million_deaths,PM2.5 mortality,million cumulative PM2.5-attributable deaths,TRUE,REMIND,REMIND-MAgPIE 1.7-3.0,COMMIT,0,2,NA,11.6960975,FALSE,FALSE,NA,NA,NA,REMIND-MAgPIE 1.7-3.0 | COMMIT | 2C
SCI-vetted,R10NORTH_AM,2C,mortality_million_deaths,PM2.5 mortality,million cumulative PM2.5-attributable deaths,TRUE,REMIND,REMIND-MAgPIE 1.7-3.0,PEP,0,2,NA,11.6960975,FALSE,FALSE,NA,NA,NA,REMIND-MAgPIE 1.7-3.0 | PEP | 2C
SCI-vetted,R10NORTH_AM,2C,mortality_million_deaths,PM2.5 mortality,million cumulative PM2.5-attributable deaths,TRUE,REMIND,REMIND-MAgPIE 2.1-4.2,ENGAGE,0,1,NA,8.25964,FALSE,FALSE,NA,NA,NA,REMIND-MAgPIE 2.1-4.2 | ENGAGE | 2C
SCI-vetted,R10NORTH_AM,2C,mortality_million_deaths,PM2.5 mortality,million cumulative PM2.5-attributable deaths,TRUE,REMIND,REMIND-MAgPIE 2.1-4.2,NGFS Phase 2,0,2,NA,8.495095,FALSE,FALSE,NA,NA,NA,REMIND-MAgPIE 2.1-4.2 | NGFS Phase 2 | 2C
SCI-vetted,R10NORTH_AM,2C,mortality_million_deaths,PM2.5 mortality,million cumulative PM2.5-attributable deaths,TRUE,REMIND,REMIND-MAgPIE 2.1-4.3,DeepElectrification,0,2,NA,8.14423,FALSE,FALSE,NA,NA,NA,REMIND-MAgPIE 2.1-4.3 | DeepElectrification | 2C
SCI-vetted,R10NORTH_AM,2C,mortality_million_deaths,PM2.5 mortality,million cumulative PM2.5-attributable deaths,TRUE,REMIND,REMIND-MAgPIE 3.2-4.6,SHAPE,0,2,NA,8.089405,FALSE,FALSE,NA,NA,NA,REMIND-MAgPIE 3.2-4.6 | SHAPE | 2C
SCI-vetted,R10NORTH_AM,2C,mortality_million_deaths,PM2.5 mortality,million cumulative PM2.5-attributable deaths,TRUE,REMIND,REMIND-MAgPIE 3.2.0-4.8.0,RESCUE,0,4,NA,8.930174999999998,FALSE,FALSE,NA,NA,NA,REMIND-MAgPIE 3.2.0-4.8.0 | RESCUE | 2C
SCI-vetted,R10NORTH_AM,2C,mortality_million_deaths,PM2.5 mortality,million cumulative PM2.5-attributable deaths,TRUE,REMIND,REMIND-MAgPIE 3.3-4.8,NGFS Phase 5,0,5,NA,10.356625,FALSE,FALSE,NA,NA,NA,REMIND-MAgPIE 3.3-4.8 | NGFS Phase 5 | 2C
SCI-vetted,R10NORTH_AM,2C,mortality_million_deaths,PM2.5 mortality,million cumulative PM2.5-attributable deaths,TRUE,WITCH,WITCH 5.0,ENGAGE,0,26,NA,10.5959275,FALSE,FALSE,NA,NA,NA,WITCH 5.0 | ENGAGE | 2C
SCI-vetted,R10NORTH_AM,2C,mortality_million_deaths,PM2.5 mortality,million cumulative PM2.5-attributable deaths,TRUE,WITCH,WITCH 5.0,NAVIGATE,0,2,NA,10.621772499999999,FALSE,FALSE,NA,NA,NA,WITCH 5.0 | NAVIGATE | 2C
SCI-vetted,R10NORTH_AM,2C,total_energy_jobyears_per_1k,Employment,"total energy-sector job-years per 1,000 people",FALSE,GCAM,GCAM 5.3,NGFS Phase 2,0,1,NA,336.98197369081163,FALSE,FALSE,NA,NA,NA,GCAM 5.3 | NGFS Phase 2 | 2C
SCI-vetted,R10NORTH_AM,2C,total_energy_jobyears_per_1k,Employment,"total energy-sector job-years per 1,000 people",FALSE,GCAM,GCAM 6.0 NGFS,NGFS Phase 5,0,4,NA,454.0055829937695,FALSE,FALSE,NA,NA,NA,GCAM 6.0 NGFS | NGFS Phase 5 | 2C
SCI-vetted,R10NORTH_AM,2C,total_energy_jobyears_per_1k,Employment,"total energy-sector job-years per 1,000 people",FALSE,IMAGE,IMAGE 3.0,ENGAGE,15,0,281.5125707762266,NA,FALSE,FALSE,NA,NA,NA,IMAGE 3.0 | ENGAGE | 2C
SCI-vetted,R10NORTH_AM,2C,total_energy_jobyears_per_1k,Employment,"total energy-sector job-years per 1,000 people",FALSE,IMAGE,IMAGE 3.2,SSP2021,6,3,293.7698328106096,372.5814911521214,TRUE,TRUE,78.81165834151176,26.827689415039707,High-RE,IMAGE 3.2 | SSP2021 | 2C
SCI-vetted,R10NORTH_AM,2C,total_energy_jobyears_per_1k,Employment,"total energy-sector job-years per 1,000 people",FALSE,IMAGE,IMAGE 3.3,NAVIGATE,1,0,245.81967918484057,NA,FALSE,FALSE,NA,NA,NA,IMAGE 3.3 | NAVIGATE | 2C
SCI-vetted,R10NORTH_AM,2C,total_energy_jobyears_per_1k,Employment,"total energy-sector job-years per 1,000 people",FALSE,MESSAGEix,MESSAGEix-GLOBIOM 2.0-M-R12-NGFS,NGFS Phase 5,0,3,NA,215.01011047299917,FALSE,FALSE,NA,NA,NA,MESSAGEix-GLOBIOM 2.0-M-R12-NGFS | NGFS Phase 5 | 2C
SCI-vetted,R10NORTH_AM,2C,total_energy_jobyears_per_1k,Employment,"total energy-sector job-years per 1,000 people",FALSE,POLES,POLES-JRC ENGAGE,ENGAGE,41,0,218.84750191534593,NA,FALSE,FALSE,NA,NA,NA,POLES-JRC ENGAGE | ENGAGE | 2C
SCI-vetted,R10NORTH_AM,2C,total_energy_jobyears_per_1k,Employment,"total energy-sector job-years per 1,000 people",FALSE,REMIND,REMIND 2.1,LeastTotalCost,0,1,NA,176.69536442901182,FALSE,FALSE,NA,NA,NA,REMIND 2.1 | LeastTotalCost | 2C
SCI-vetted,R10NORTH_AM,2C,total_energy_jobyears_per_1k,Employment,"total energy-sector job-years per 1,000 people",FALSE,REMIND,REMIND 2.1,R2p1,0,1,NA,210.46807316271517,FALSE,FALSE,NA,NA,NA,REMIND 2.1 | R2p1 | 2C
SCI-vetted,R10NORTH_AM,2C,total_energy_jobyears_per_1k,Employment,"total energy-sector job-years per 1,000 people",FALSE,REMIND,REMIND-Buildings 2.0,BEG,0,1,NA,188.06073951058795,FALSE,FALSE,NA,NA,NA,REMIND-Buildings 2.0 | BEG | 2C
SCI-vetted,R10NORTH_AM,2C,total_energy_jobyears_per_1k,Employment,"total energy-sector job-years per 1,000 people",FALSE,REMIND,REMIND-MAgPIE 1.7-3.0,CD,0,1,NA,262.8573268821958,FALSE,FALSE,NA,NA,NA,REMIND-MAgPIE 1.7-3.0 | CD | 2C
SCI-vetted,R10NORTH_AM,2C,total_energy_jobyears_per_1k,Employment,"total energy-sector job-years per 1,000 people",FALSE,REMIND,REMIND-MAgPIE 1.7-3.0,COMMIT,0,2,NA,260.6940166724702,FALSE,FALSE,NA,NA,NA,REMIND-MAgPIE 1.7-3.0 | COMMIT | 2C
SCI-vetted,R10NORTH_AM,2C,total_energy_jobyears_per_1k,Employment,"total energy-sector job-years per 1,000 people",FALSE,REMIND,REMIND-MAgPIE 1.7-3.0,PEP,0,2,NA,260.6940166724702,FALSE,FALSE,NA,NA,NA,REMIND-MAgPIE 1.7-3.0 | PEP | 2C
SCI-vetted,R10NORTH_AM,2C,total_energy_jobyears_per_1k,Employment,"total energy-sector job-years per 1,000 people",FALSE,REMIND,REMIND-MAgPIE 2.0-4.1,Diff,0,1,NA,223.79878360222435,FALSE,FALSE,NA,NA,NA,REMIND-MAgPIE 2.0-4.1 | Diff | 2C
SCI-vetted,R10NORTH_AM,2C,total_energy_jobyears_per_1k,Employment,"total energy-sector job-years per 1,000 people",FALSE,REMIND,REMIND-MAgPIE 2.1-4.2,ENGAGE,0,1,NA,211.87658817920038,FALSE,FALSE,NA,NA,NA,REMIND-MAgPIE 2.1-4.2 | ENGAGE | 2C
SCI-vetted,R10NORTH_AM,2C,total_energy_jobyears_per_1k,Employment,"total energy-sector job-years per 1,000 people",FALSE,REMIND,REMIND-MAgPIE 2.1-4.2,NGFS Phase 2,0,2,NA,250.12356422528055,FALSE,FALSE,NA,NA,NA,REMIND-MAgPIE 2.1-4.2 | NGFS Phase 2 | 2C
SCI-vetted,R10NORTH_AM,2C,total_energy_jobyears_per_1k,Employment,"total energy-sector job-years per 1,000 people",FALSE,REMIND,REMIND-MAgPIE 2.1-4.3,DeepElectrification,0,2,NA,206.19312895314206,FALSE,FALSE,NA,NA,NA,REMIND-MAgPIE 2.1-4.3 | DeepElectrification | 2C
SCI-vetted,R10NORTH_AM,2C,total_energy_jobyears_per_1k,Employment,"total energy-sector job-years per 1,000 people",FALSE,REMIND,REMIND-MAgPIE 3.2-4.6,SHAPE,0,2,NA,300.965746162629,FALSE,FALSE,NA,NA,NA,REMIND-MAgPIE 3.2-4.6 | SHAPE | 2C
SCI-vetted,R10NORTH_AM,2C,total_energy_jobyears_per_1k,Employment,"total energy-sector job-years per 1,000 people",FALSE,REMIND,REMIND-MAgPIE 3.2.0-4.8.0,RESCUE,0,4,NA,282.3980334508376,FALSE,FALSE,NA,NA,NA,REMIND-MAgPIE 3.2.0-4.8.0 | RESCUE | 2C
SCI-vetted,R10NORTH_AM,2C,total_energy_jobyears_per_1k,Employment,"total energy-sector job-years per 1,000 people",FALSE,REMIND,REMIND-MAgPIE 3.3-4.8,NGFS Phase 5,0,5,NA,208.19102916332318,FALSE,FALSE,NA,NA,NA,REMIND-MAgPIE 3.3-4.8 | NGFS Phase 5 | 2C
SCI-vetted,R10NORTH_AM,2C,total_energy_jobyears_per_1k,Employment,"total energy-sector job-years per 1,000 people",FALSE,WITCH,WITCH 5.0,ENGAGE,0,26,NA,465.0139039611462,FALSE,FALSE,NA,NA,NA,WITCH 5.0 | ENGAGE | 2C
SCI-vetted,R10NORTH_AM,2C,total_energy_jobyears_per_1k,Employment,"total energy-sector job-years per 1,000 people",FALSE,WITCH,WITCH 5.0,NAVIGATE,0,2,NA,183.743067388349,FALSE,FALSE,NA,NA,NA,WITCH 5.0 | NAVIGATE | 2C
SCI-vetted,R10PAC_OECD,1.5C,gap_GJ_pc,DLE gap,GJ per capita of cumulative DLE gap,TRUE,GCAM,GCAM 6.0 NGFS,NGFS Phase 5,0,2,NA,0.49100051152274876,FALSE,FALSE,NA,NA,NA,GCAM 6.0 NGFS | NGFS Phase 5 | 1.5C
SCI-vetted,R10PAC_OECD,1.5C,gap_GJ_pc,DLE gap,GJ per capita of cumulative DLE gap,TRUE,IMAGE,IMAGE 3.2,SSP2021,4,1,1.0052796325863835,1.13806206332299,TRUE,FALSE,-0.13278243073660656,-13.208507009635111,High-CDR,IMAGE 3.2 | SSP2021 | 1.5C
SCI-vetted,R10PAC_OECD,1.5C,gap_GJ_pc,DLE gap,GJ per capita of cumulative DLE gap,TRUE,POLES,POLES-JRC ENGAGE,ENGAGE,2,0,0.33203686605514626,NA,FALSE,FALSE,NA,NA,NA,POLES-JRC ENGAGE | ENGAGE | 1.5C
SCI-vetted,R10PAC_OECD,1.5C,gap_GJ_pc,DLE gap,GJ per capita of cumulative DLE gap,TRUE,REMIND,REMIND-MAgPIE 3.2.0-4.8.0,RESCUE,0,2,NA,0.48365017691190737,FALSE,FALSE,NA,NA,NA,REMIND-MAgPIE 3.2.0-4.8.0 | RESCUE | 1.5C
SCI-vetted,R10PAC_OECD,1.5C,gap_GJ_pc,DLE gap,GJ per capita of cumulative DLE gap,TRUE,REMIND,REMIND-MAgPIE 3.3-4.8,NGFS Phase 5,0,1,NA,0.8795486971902122,FALSE,FALSE,NA,NA,NA,REMIND-MAgPIE 3.3-4.8 | NGFS Phase 5 | 1.5C
SCI-vetted,R10PAC_OECD,1.5C,headcount_pct,Deprived share,population-year-weighted mean % below the DLE threshold,TRUE,GCAM,GCAM 6.0 NGFS,NGFS Phase 5,0,2,NA,0.19787483022580057,FALSE,FALSE,NA,NA,NA,GCAM 6.0 NGFS | NGFS Phase 5 | 1.5C
SCI-vetted,R10PAC_OECD,1.5C,headcount_pct,Deprived share,population-year-weighted mean % below the DLE threshold,TRUE,IMAGE,IMAGE 3.2,SSP2021,4,1,0.3891665892200662,0.4565335867291495,TRUE,FALSE,-0.06736699750908332,-17.31058096330787,High-CDR,IMAGE 3.2 | SSP2021 | 1.5C
SCI-vetted,R10PAC_OECD,1.5C,headcount_pct,Deprived share,population-year-weighted mean % below the DLE threshold,TRUE,POLES,POLES-JRC ENGAGE,ENGAGE,2,0,0.13571509907756293,NA,FALSE,FALSE,NA,NA,NA,POLES-JRC ENGAGE | ENGAGE | 1.5C
SCI-vetted,R10PAC_OECD,1.5C,headcount_pct,Deprived share,population-year-weighted mean % below the DLE threshold,TRUE,REMIND,REMIND-MAgPIE 3.2.0-4.8.0,RESCUE,0,2,NA,0.3327780876722662,FALSE,FALSE,NA,NA,NA,REMIND-MAgPIE 3.2.0-4.8.0 | RESCUE | 1.5C
SCI-vetted,R10PAC_OECD,1.5C,headcount_pct,Deprived share,population-year-weighted mean % below the DLE threshold,TRUE,REMIND,REMIND-MAgPIE 3.3-4.8,NGFS Phase 5,0,1,NA,0.59417582135220115,FALSE,FALSE,NA,NA,NA,REMIND-MAgPIE 3.3-4.8 | NGFS Phase 5 | 1.5C
SCI-vetted,R10PAC_OECD,1.5C,mortality_million_deaths,PM2.5 mortality,million cumulative PM2.5-attributable deaths,TRUE,GCAM,GCAM 6.0 NGFS,NGFS Phase 5,0,2,NA,5.8525,FALSE,FALSE,NA,NA,NA,GCAM 6.0 NGFS | NGFS Phase 5 | 1.5C
SCI-vetted,R10PAC_OECD,1.5C,mortality_million_deaths,PM2.5 mortality,million cumulative PM2.5-attributable deaths,TRUE,IMAGE,IMAGE 3.2,SSP2021,4,1,6.0128725,5.882715,TRUE,FALSE,0.13015750000000015,2.164647595637528,High-RE,IMAGE 3.2 | SSP2021 | 1.5C
SCI-vetted,R10PAC_OECD,1.5C,mortality_million_deaths,PM2.5 mortality,million cumulative PM2.5-attributable deaths,TRUE,POLES,POLES-JRC ENGAGE,ENGAGE,2,0,4.32122,NA,FALSE,FALSE,NA,NA,NA,POLES-JRC ENGAGE | ENGAGE | 1.5C
SCI-vetted,R10PAC_OECD,1.5C,mortality_million_deaths,PM2.5 mortality,million cumulative PM2.5-attributable deaths,TRUE,REMIND,REMIND-MAgPIE 3.2.0-4.8.0,RESCUE,0,2,NA,3.626335,FALSE,FALSE,NA,NA,NA,REMIND-MAgPIE 3.2.0-4.8.0 | RESCUE | 1.5C
SCI-vetted,R10PAC_OECD,1.5C,mortality_million_deaths,PM2.5 mortality,million cumulative PM2.5-attributable deaths,TRUE,REMIND,REMIND-MAgPIE 3.3-4.8,NGFS Phase 5,0,1,NA,3.74688,FALSE,FALSE,NA,NA,NA,REMIND-MAgPIE 3.3-4.8 | NGFS Phase 5 | 1.5C
SCI-vetted,R10PAC_OECD,1.5C,total_energy_jobyears_per_1k,Employment,"total energy-sector job-years per 1,000 people",FALSE,GCAM,GCAM 6.0 NGFS,NGFS Phase 5,0,2,NA,286.9162367853562,FALSE,FALSE,NA,NA,NA,GCAM 6.0 NGFS | NGFS Phase 5 | 1.5C
SCI-vetted,R10PAC_OECD,1.5C,total_energy_jobyears_per_1k,Employment,"total energy-sector job-years per 1,000 people",FALSE,IMAGE,IMAGE 3.2,SSP2021,4,1,213.2112274339659,278.85870129747207,TRUE,FALSE,65.64747386350618,30.789876618405565,High-RE,IMAGE 3.2 | SSP2021 | 1.5C
SCI-vetted,R10PAC_OECD,1.5C,total_energy_jobyears_per_1k,Employment,"total energy-sector job-years per 1,000 people",FALSE,POLES,POLES-JRC ENGAGE,ENGAGE,2,0,392.3925847685074,NA,FALSE,FALSE,NA,NA,NA,POLES-JRC ENGAGE | ENGAGE | 1.5C
SCI-vetted,R10PAC_OECD,1.5C,total_energy_jobyears_per_1k,Employment,"total energy-sector job-years per 1,000 people",FALSE,REMIND,REMIND-MAgPIE 3.2.0-4.8.0,RESCUE,0,2,NA,148.02165620616188,FALSE,FALSE,NA,NA,NA,REMIND-MAgPIE 3.2.0-4.8.0 | RESCUE | 1.5C
SCI-vetted,R10PAC_OECD,1.5C,total_energy_jobyears_per_1k,Employment,"total energy-sector job-years per 1,000 people",FALSE,REMIND,REMIND-MAgPIE 3.3-4.8,NGFS Phase 5,0,1,NA,150.79468474481996,FALSE,FALSE,NA,NA,NA,REMIND-MAgPIE 3.3-4.8 | NGFS Phase 5 | 1.5C
SCI-vetted,R10PAC_OECD,2C,gap_GJ_pc,DLE gap,GJ per capita of cumulative DLE gap,TRUE,GCAM,GCAM 5.3,NGFS Phase 2,0,1,NA,0.3593960253304401,FALSE,FALSE,NA,NA,NA,GCAM 5.3 | NGFS Phase 2 | 2C
SCI-vetted,R10PAC_OECD,2C,gap_GJ_pc,DLE gap,GJ per capita of cumulative DLE gap,TRUE,GCAM,GCAM 6.0 NGFS,NGFS Phase 5,0,4,NA,0.398001681113279,FALSE,FALSE,NA,NA,NA,GCAM 6.0 NGFS | NGFS Phase 5 | 2C
SCI-vetted,R10PAC_OECD,2C,gap_GJ_pc,DLE gap,GJ per capita of cumulative DLE gap,TRUE,IMAGE,IMAGE 3.0,ENGAGE,15,0,0.42169629149367305,NA,FALSE,FALSE,NA,NA,NA,IMAGE 3.0 | ENGAGE | 2C
SCI-vetted,R10PAC_OECD,2C,gap_GJ_pc,DLE gap,GJ per capita of cumulative DLE gap,TRUE,IMAGE,IMAGE 3.2,SSP2021,6,3,0.936288631499123,0.8427413259204072,TRUE,TRUE,0.09354730557871582,9.991289270375322,High-RE,IMAGE 3.2 | SSP2021 | 2C
SCI-vetted,R10PAC_OECD,2C,gap_GJ_pc,DLE gap,GJ per capita of cumulative DLE gap,TRUE,IMAGE,IMAGE 3.3,NAVIGATE,1,0,1.0927817587979634,NA,FALSE,FALSE,NA,NA,NA,IMAGE 3.3 | NAVIGATE | 2C
SCI-vetted,R10PAC_OECD,2C,gap_GJ_pc,DLE gap,GJ per capita of cumulative DLE gap,TRUE,MESSAGEix,MESSAGEix-GLOBIOM 2.0-M-R12-NGFS,NGFS Phase 5,0,3,NA,0.7107385982057663,FALSE,FALSE,NA,NA,NA,MESSAGEix-GLOBIOM 2.0-M-R12-NGFS | NGFS Phase 5 | 2C
SCI-vetted,R10PAC_OECD,2C,gap_GJ_pc,DLE gap,GJ per capita of cumulative DLE gap,TRUE,POLES,POLES-JRC ENGAGE,ENGAGE,41,0,0.14935837002307742,NA,FALSE,FALSE,NA,NA,NA,POLES-JRC ENGAGE | ENGAGE | 2C
SCI-vetted,R10PAC_OECD,2C,gap_GJ_pc,DLE gap,GJ per capita of cumulative DLE gap,TRUE,REMIND,REMIND 2.1,LeastTotalCost,0,1,NA,0.4546041765713273,FALSE,FALSE,NA,NA,NA,REMIND 2.1 | LeastTotalCost | 2C
SCI-vetted,R10PAC_OECD,2C,gap_GJ_pc,DLE gap,GJ per capita of cumulative DLE gap,TRUE,REMIND,REMIND 2.1,R2p1,0,1,NA,0.4244817818530493,FALSE,FALSE,NA,NA,NA,REMIND 2.1 | R2p1 | 2C
SCI-vetted,R10PAC_OECD,2C,gap_GJ_pc,DLE gap,GJ per capita of cumulative DLE gap,TRUE,REMIND,REMIND-Buildings 2.0,BEG,0,1,NA,0.5394052984738404,FALSE,FALSE,NA,NA,NA,REMIND-Buildings 2.0 | BEG | 2C
SCI-vetted,R10PAC_OECD,2C,gap_GJ_pc,DLE gap,GJ per capita of cumulative DLE gap,TRUE,REMIND,REMIND-MAgPIE 1.7-3.0,CD,0,1,NA,0.1953289654037976,FALSE,FALSE,NA,NA,NA,REMIND-MAgPIE 1.7-3.0 | CD | 2C
SCI-vetted,R10PAC_OECD,2C,gap_GJ_pc,DLE gap,GJ per capita of cumulative DLE gap,TRUE,REMIND,REMIND-MAgPIE 1.7-3.0,COMMIT,0,2,NA,0.2106698630096966,FALSE,FALSE,NA,NA,NA,REMIND-MAgPIE 1.7-3.0 | COMMIT | 2C
SCI-vetted,R10PAC_OECD,2C,gap_GJ_pc,DLE gap,GJ per capita of cumulative DLE gap,TRUE,REMIND,REMIND-MAgPIE 1.7-3.0,PEP,0,2,NA,0.2106698630096966,FALSE,FALSE,NA,NA,NA,REMIND-MAgPIE 1.7-3.0 | PEP | 2C
SCI-vetted,R10PAC_OECD,2C,gap_GJ_pc,DLE gap,GJ per capita of cumulative DLE gap,TRUE,REMIND,REMIND-MAgPIE 2.1-4.2,ENGAGE,0,1,NA,0.4189527541587859,FALSE,FALSE,NA,NA,NA,REMIND-MAgPIE 2.1-4.2 | ENGAGE | 2C
SCI-vetted,R10PAC_OECD,2C,gap_GJ_pc,DLE gap,GJ per capita of cumulative DLE gap,TRUE,REMIND,REMIND-MAgPIE 2.1-4.2,NGFS Phase 2,0,2,NA,1.2524480913260096,FALSE,FALSE,NA,NA,NA,REMIND-MAgPIE 2.1-4.2 | NGFS Phase 2 | 2C
SCI-vetted,R10PAC_OECD,2C,gap_GJ_pc,DLE gap,GJ per capita of cumulative DLE gap,TRUE,REMIND,REMIND-MAgPIE 2.1-4.3,DeepElectrification,0,2,NA,0.5873926104857288,FALSE,FALSE,NA,NA,NA,REMIND-MAgPIE 2.1-4.3 | DeepElectrification | 2C
SCI-vetted,R10PAC_OECD,2C,gap_GJ_pc,DLE gap,GJ per capita of cumulative DLE gap,TRUE,REMIND,REMIND-MAgPIE 3.2-4.6,SHAPE,0,2,NA,0.2870514593369369,FALSE,FALSE,NA,NA,NA,REMIND-MAgPIE 3.2-4.6 | SHAPE | 2C
SCI-vetted,R10PAC_OECD,2C,gap_GJ_pc,DLE gap,GJ per capita of cumulative DLE gap,TRUE,REMIND,REMIND-MAgPIE 3.2.0-4.8.0,RESCUE,0,4,NA,0.484069523199787,FALSE,FALSE,NA,NA,NA,REMIND-MAgPIE 3.2.0-4.8.0 | RESCUE | 2C
SCI-vetted,R10PAC_OECD,2C,gap_GJ_pc,DLE gap,GJ per capita of cumulative DLE gap,TRUE,REMIND,REMIND-MAgPIE 3.3-4.8,NGFS Phase 5,0,5,NA,0.4452521303178209,FALSE,FALSE,NA,NA,NA,REMIND-MAgPIE 3.3-4.8 | NGFS Phase 5 | 2C
SCI-vetted,R10PAC_OECD,2C,gap_GJ_pc,DLE gap,GJ per capita of cumulative DLE gap,TRUE,WITCH,WITCH 5.0,ENGAGE,0,26,NA,0.34052838941464375,FALSE,FALSE,NA,NA,NA,WITCH 5.0 | ENGAGE | 2C
SCI-vetted,R10PAC_OECD,2C,gap_GJ_pc,DLE gap,GJ per capita of cumulative DLE gap,TRUE,WITCH,WITCH 5.0,NAVIGATE,0,2,NA,1.9912950990839253,FALSE,FALSE,NA,NA,NA,WITCH 5.0 | NAVIGATE | 2C
SCI-vetted,R10PAC_OECD,2C,headcount_pct,Deprived share,population-year-weighted mean % below the DLE threshold,TRUE,GCAM,GCAM 5.3,NGFS Phase 2,0,1,NA,0.11447798985267334,FALSE,FALSE,NA,NA,NA,GCAM 5.3 | NGFS Phase 2 | 2C
SCI-vetted,R10PAC_OECD,2C,headcount_pct,Deprived share,population-year-weighted mean % below the DLE threshold,TRUE,GCAM,GCAM 6.0 NGFS,NGFS Phase 5,0,4,NA,0.14636223895418574,FALSE,FALSE,NA,NA,NA,GCAM 6.0 NGFS | NGFS Phase 5 | 2C
SCI-vetted,R10PAC_OECD,2C,headcount_pct,Deprived share,population-year-weighted mean % below the DLE threshold,TRUE,IMAGE,IMAGE 3.0,ENGAGE,15,0,0.1417930815567694,NA,FALSE,FALSE,NA,NA,NA,IMAGE 3.0 | ENGAGE | 2C
SCI-vetted,R10PAC_OECD,2C,headcount_pct,Deprived share,population-year-weighted mean % below the DLE threshold,TRUE,IMAGE,IMAGE 3.2,SSP2021,6,3,0.3567766248059559,0.30274288243546477,TRUE,TRUE,0.054033742370491133,15.144978289953572,High-RE,IMAGE 3.2 | SSP2021 | 2C
SCI-vetted,R10PAC_OECD,2C,headcount_pct,Deprived share,population-year-weighted mean % below the DLE threshold,TRUE,IMAGE,IMAGE 3.3,NAVIGATE,1,0,0.46462753611179297,NA,FALSE,FALSE,NA,NA,NA,IMAGE 3.3 | NAVIGATE | 2C
SCI-vetted,R10PAC_OECD,2C,headcount_pct,Deprived share,population-year-weighted mean % below the DLE threshold,TRUE,MESSAGEix,MESSAGEix-GLOBIOM 2.0-M-R12-NGFS,NGFS Phase 5,0,3,NA,0.32315783155559813,FALSE,FALSE,NA,NA,NA,MESSAGEix-GLOBIOM 2.0-M-R12-NGFS | NGFS Phase 5 | 2C
SCI-vetted,R10PAC_OECD,2C,headcount_pct,Deprived share,population-year-weighted mean % below the DLE threshold,TRUE,POLES,POLES-JRC ENGAGE,ENGAGE,41,0,0.05286584562522054,NA,FALSE,FALSE,NA,NA,NA,POLES-JRC ENGAGE | ENGAGE | 2C
SCI-vetted,R10PAC_OECD,2C,headcount_pct,Deprived share,population-year-weighted mean % below the DLE threshold,TRUE,REMIND,REMIND 2.1,LeastTotalCost,0,1,NA,0.24091371509261908,FALSE,FALSE,NA,NA,NA,REMIND 2.1 | LeastTotalCost | 2C
SCI-vetted,R10PAC_OECD,2C,headcount_pct,Deprived share,population-year-weighted mean % below the DLE threshold,TRUE,REMIND,REMIND 2.1,R2p1,0,1,NA,0.21099202058857355,FALSE,FALSE,NA,NA,NA,REMIND 2.1 | R2p1 | 2C
SCI-vetted,R10PAC_OECD,2C,headcount_pct,Deprived share,population-year-weighted mean % below the DLE threshold,TRUE,REMIND,REMIND-Buildings 2.0,BEG,0,1,NA,0.2661790592476826,FALSE,FALSE,NA,NA,NA,REMIND-Buildings 2.0 | BEG | 2C
SCI-vetted,R10PAC_OECD,2C,headcount_pct,Deprived share,population-year-weighted mean % below the DLE threshold,TRUE,REMIND,REMIND-MAgPIE 1.7-3.0,CD,0,1,NA,0.09537350765092475,FALSE,FALSE,NA,NA,NA,REMIND-MAgPIE 1.7-3.0 | CD | 2C
SCI-vetted,R10PAC_OECD,2C,headcount_pct,Deprived share,population-year-weighted mean % below the DLE threshold,TRUE,REMIND,REMIND-MAgPIE 1.7-3.0,COMMIT,0,2,NA,0.10314818655552851,FALSE,FALSE,NA,NA,NA,REMIND-MAgPIE 1.7-3.0 | COMMIT | 2C
SCI-vetted,R10PAC_OECD,2C,headcount_pct,Deprived share,population-year-weighted mean % below the DLE threshold,TRUE,REMIND,REMIND-MAgPIE 1.7-3.0,PEP,0,2,NA,0.10314818655552851,FALSE,FALSE,NA,NA,NA,REMIND-MAgPIE 1.7-3.0 | PEP | 2C
SCI-vetted,R10PAC_OECD,2C,headcount_pct,Deprived share,population-year-weighted mean % below the DLE threshold,TRUE,REMIND,REMIND-MAgPIE 2.1-4.2,ENGAGE,0,1,NA,0.20827119673922376,FALSE,FALSE,NA,NA,NA,REMIND-MAgPIE 2.1-4.2 | ENGAGE | 2C
SCI-vetted,R10PAC_OECD,2C,headcount_pct,Deprived share,population-year-weighted mean % below the DLE threshold,TRUE,REMIND,REMIND-MAgPIE 2.1-4.2,NGFS Phase 2,0,2,NA,0.8194931423002525,FALSE,FALSE,NA,NA,NA,REMIND-MAgPIE 2.1-4.2 | NGFS Phase 2 | 2C
SCI-vetted,R10PAC_OECD,2C,headcount_pct,Deprived share,population-year-weighted mean % below the DLE threshold,TRUE,REMIND,REMIND-MAgPIE 2.1-4.3,DeepElectrification,0,2,NA,0.3064638465250259,FALSE,FALSE,NA,NA,NA,REMIND-MAgPIE 2.1-4.3 | DeepElectrification | 2C
SCI-vetted,R10PAC_OECD,2C,headcount_pct,Deprived share,population-year-weighted mean % below the DLE threshold,TRUE,REMIND,REMIND-MAgPIE 3.2-4.6,SHAPE,0,2,NA,0.15412009521703773,FALSE,FALSE,NA,NA,NA,REMIND-MAgPIE 3.2-4.6 | SHAPE | 2C
SCI-vetted,R10PAC_OECD,2C,headcount_pct,Deprived share,population-year-weighted mean % below the DLE threshold,TRUE,REMIND,REMIND-MAgPIE 3.2.0-4.8.0,RESCUE,0,4,NA,0.32716682079330045,FALSE,FALSE,NA,NA,NA,REMIND-MAgPIE 3.2.0-4.8.0 | RESCUE | 2C
SCI-vetted,R10PAC_OECD,2C,headcount_pct,Deprived share,population-year-weighted mean % below the DLE threshold,TRUE,REMIND,REMIND-MAgPIE 3.3-4.8,NGFS Phase 5,0,5,NA,0.29695057129668556,FALSE,FALSE,NA,NA,NA,REMIND-MAgPIE 3.3-4.8 | NGFS Phase 5 | 2C
SCI-vetted,R10PAC_OECD,2C,headcount_pct,Deprived share,population-year-weighted mean % below the DLE threshold,TRUE,WITCH,WITCH 5.0,ENGAGE,0,26,NA,0.08381552571287174,FALSE,FALSE,NA,NA,NA,WITCH 5.0 | ENGAGE | 2C
SCI-vetted,R10PAC_OECD,2C,headcount_pct,Deprived share,population-year-weighted mean % below the DLE threshold,TRUE,WITCH,WITCH 5.0,NAVIGATE,0,2,NA,0.498471611954412,FALSE,FALSE,NA,NA,NA,WITCH 5.0 | NAVIGATE | 2C
SCI-vetted,R10PAC_OECD,2C,mortality_million_deaths,PM2.5 mortality,million cumulative PM2.5-attributable deaths,TRUE,GCAM,GCAM 5.3,NGFS Phase 2,0,1,NA,7.121735,FALSE,FALSE,NA,NA,NA,GCAM 5.3 | NGFS Phase 2 | 2C
SCI-vetted,R10PAC_OECD,2C,mortality_million_deaths,PM2.5 mortality,million cumulative PM2.5-attributable deaths,TRUE,GCAM,GCAM 6.0 NGFS,NGFS Phase 5,0,4,NA,5.8162400000000005,FALSE,FALSE,NA,NA,NA,GCAM 6.0 NGFS | NGFS Phase 5 | 2C
SCI-vetted,R10PAC_OECD,2C,mortality_million_deaths,PM2.5 mortality,million cumulative PM2.5-attributable deaths,TRUE,IMAGE,IMAGE 3.0,ENGAGE,15,0,6.180705,NA,FALSE,FALSE,NA,NA,NA,IMAGE 3.0 | ENGAGE | 2C
SCI-vetted,R10PAC_OECD,2C,mortality_million_deaths,PM2.5 mortality,million cumulative PM2.5-attributable deaths,TRUE,IMAGE,IMAGE 3.2,SSP2021,6,3,6.195209999999999,5.969735,TRUE,TRUE,0.22547499999999943,3.6395053597860194,High-RE,IMAGE 3.2 | SSP2021 | 2C
SCI-vetted,R10PAC_OECD,2C,mortality_million_deaths,PM2.5 mortality,million cumulative PM2.5-attributable deaths,TRUE,IMAGE,IMAGE 3.3,NAVIGATE,1,0,5.741105,NA,FALSE,FALSE,NA,NA,NA,IMAGE 3.3 | NAVIGATE | 2C
SCI-vetted,R10PAC_OECD,2C,mortality_million_deaths,PM2.5 mortality,million cumulative PM2.5-attributable deaths,TRUE,MESSAGEix,MESSAGEix-GLOBIOM 2.0-M-R12-NGFS,NGFS Phase 5,0,3,NA,6.299755,FALSE,FALSE,NA,NA,NA,MESSAGEix-GLOBIOM 2.0-M-R12-NGFS | NGFS Phase 5 | 2C
SCI-vetted,R10PAC_OECD,2C,mortality_million_deaths,PM2.5 mortality,million cumulative PM2.5-attributable deaths,TRUE,POLES,POLES-JRC ENGAGE,ENGAGE,41,0,4.42293,NA,FALSE,FALSE,NA,NA,NA,POLES-JRC ENGAGE | ENGAGE | 2C
SCI-vetted,R10PAC_OECD,2C,mortality_million_deaths,PM2.5 mortality,million cumulative PM2.5-attributable deaths,TRUE,REMIND,REMIND 2.1,LeastTotalCost,0,1,NA,3.692955,FALSE,FALSE,NA,NA,NA,REMIND 2.1 | LeastTotalCost | 2C
SCI-vetted,R10PAC_OECD,2C,mortality_million_deaths,PM2.5 mortality,million cumulative PM2.5-attributable deaths,TRUE,REMIND,REMIND 2.1,R2p1,0,1,NA,3.687275,FALSE,FALSE,NA,NA,NA,REMIND 2.1 | R2p1 | 2C
SCI-vetted,R10PAC_OECD,2C,mortality_million_deaths,PM2.5 mortality,million cumulative PM2.5-attributable deaths,TRUE,REMIND,REMIND-Buildings 2.0,BEG,0,1,NA,3.721265,FALSE,FALSE,NA,NA,NA,REMIND-Buildings 2.0 | BEG | 2C
SCI-vetted,R10PAC_OECD,2C,mortality_million_deaths,PM2.5 mortality,million cumulative PM2.5-attributable deaths,TRUE,REMIND,REMIND-MAgPIE 1.7-3.0,CD,0,1,NA,3.742125,FALSE,FALSE,NA,NA,NA,REMIND-MAgPIE 1.7-3.0 | CD | 2C
SCI-vetted,R10PAC_OECD,2C,mortality_million_deaths,PM2.5 mortality,million cumulative PM2.5-attributable deaths,TRUE,REMIND,REMIND-MAgPIE 1.7-3.0,COMMIT,0,2,NA,3.7280225,FALSE,FALSE,NA,NA,NA,REMIND-MAgPIE 1.7-3.0 | COMMIT | 2C
SCI-vetted,R10PAC_OECD,2C,mortality_million_deaths,PM2.5 mortality,million cumulative PM2.5-attributable deaths,TRUE,REMIND,REMIND-MAgPIE 1.7-3.0,PEP,0,2,NA,3.7280225,FALSE,FALSE,NA,NA,NA,REMIND-MAgPIE 1.7-3.0 | PEP | 2C
SCI-vetted,R10PAC_OECD,2C,mortality_million_deaths,PM2.5 mortality,million cumulative PM2.5-attributable deaths,TRUE,REMIND,REMIND-MAgPIE 2.1-4.2,ENGAGE,0,1,NA,3.687275,FALSE,FALSE,NA,NA,NA,REMIND-MAgPIE 2.1-4.2 | ENGAGE | 2C
SCI-vetted,R10PAC_OECD,2C,mortality_million_deaths,PM2.5 mortality,million cumulative PM2.5-attributable deaths,TRUE,REMIND,REMIND-MAgPIE 2.1-4.2,NGFS Phase 2,0,2,NA,3.60193,FALSE,FALSE,NA,NA,NA,REMIND-MAgPIE 2.1-4.2 | NGFS Phase 2 | 2C
SCI-vetted,R10PAC_OECD,2C,mortality_million_deaths,PM2.5 mortality,million cumulative PM2.5-attributable deaths,TRUE,REMIND,REMIND-MAgPIE 2.1-4.3,DeepElectrification,0,2,NA,3.663375,FALSE,FALSE,NA,NA,NA,REMIND-MAgPIE 2.1-4.3 | DeepElectrification | 2C
SCI-vetted,R10PAC_OECD,2C,mortality_million_deaths,PM2.5 mortality,million cumulative PM2.5-attributable deaths,TRUE,REMIND,REMIND-MAgPIE 3.2-4.6,SHAPE,0,2,NA,3.67087,FALSE,FALSE,NA,NA,NA,REMIND-MAgPIE 3.2-4.6 | SHAPE | 2C
SCI-vetted,R10PAC_OECD,2C,mortality_million_deaths,PM2.5 mortality,million cumulative PM2.5-attributable deaths,TRUE,REMIND,REMIND-MAgPIE 3.2.0-4.8.0,RESCUE,0,4,NA,3.624505,FALSE,FALSE,NA,NA,NA,REMIND-MAgPIE 3.2.0-4.8.0 | RESCUE | 2C
SCI-vetted,R10PAC_OECD,2C,mortality_million_deaths,PM2.5 mortality,million cumulative PM2.5-attributable deaths,TRUE,REMIND,REMIND-MAgPIE 3.3-4.8,NGFS Phase 5,0,5,NA,3.846295,FALSE,FALSE,NA,NA,NA,REMIND-MAgPIE 3.3-4.8 | NGFS Phase 5 | 2C
SCI-vetted,R10PAC_OECD,2C,mortality_million_deaths,PM2.5 mortality,million cumulative PM2.5-attributable deaths,TRUE,WITCH,WITCH 5.0,ENGAGE,0,26,NA,5.29431,FALSE,FALSE,NA,NA,NA,WITCH 5.0 | ENGAGE | 2C
SCI-vetted,R10PAC_OECD,2C,mortality_million_deaths,PM2.5 mortality,million cumulative PM2.5-attributable deaths,TRUE,WITCH,WITCH 5.0,NAVIGATE,0,2,NA,5.253655,FALSE,FALSE,NA,NA,NA,WITCH 5.0 | NAVIGATE | 2C
SCI-vetted,R10PAC_OECD,2C,total_energy_jobyears_per_1k,Employment,"total energy-sector job-years per 1,000 people",FALSE,GCAM,GCAM 5.3,NGFS Phase 2,0,1,NA,245.83495397938472,FALSE,FALSE,NA,NA,NA,GCAM 5.3 | NGFS Phase 2 | 2C
SCI-vetted,R10PAC_OECD,2C,total_energy_jobyears_per_1k,Employment,"total energy-sector job-years per 1,000 people",FALSE,GCAM,GCAM 6.0 NGFS,NGFS Phase 5,0,4,NA,290.56998270488214,FALSE,FALSE,NA,NA,NA,GCAM 6.0 NGFS | NGFS Phase 5 | 2C
SCI-vetted,R10PAC_OECD,2C,total_energy_jobyears_per_1k,Employment,"total energy-sector job-years per 1,000 people",FALSE,IMAGE,IMAGE 3.0,ENGAGE,15,0,111.40878287260252,NA,FALSE,FALSE,NA,NA,NA,IMAGE 3.0 | ENGAGE | 2C
SCI-vetted,R10PAC_OECD,2C,total_energy_jobyears_per_1k,Employment,"total energy-sector job-years per 1,000 people",FALSE,IMAGE,IMAGE 3.2,SSP2021,6,3,164.5926695090738,229.7027311017322,TRUE,TRUE,65.11006159265841,39.55829976320359,High-RE,IMAGE 3.2 | SSP2021 | 2C
SCI-vetted,R10PAC_OECD,2C,total_energy_jobyears_per_1k,Employment,"total energy-sector job-years per 1,000 people",FALSE,IMAGE,IMAGE 3.3,NAVIGATE,1,0,153.83510079946686,NA,FALSE,FALSE,NA,NA,NA,IMAGE 3.3 | NAVIGATE | 2C
SCI-vetted,R10PAC_OECD,2C,total_energy_jobyears_per_1k,Employment,"total energy-sector job-years per 1,000 people",FALSE,MESSAGEix,MESSAGEix-GLOBIOM 2.0-M-R12-NGFS,NGFS Phase 5,0,3,NA,118.13522524044373,FALSE,FALSE,NA,NA,NA,MESSAGEix-GLOBIOM 2.0-M-R12-NGFS | NGFS Phase 5 | 2C
SCI-vetted,R10PAC_OECD,2C,total_energy_jobyears_per_1k,Employment,"total energy-sector job-years per 1,000 people",FALSE,POLES,POLES-JRC ENGAGE,ENGAGE,41,0,303.97310930949976,NA,FALSE,FALSE,NA,NA,NA,POLES-JRC ENGAGE | ENGAGE | 2C
SCI-vetted,R10PAC_OECD,2C,total_energy_jobyears_per_1k,Employment,"total energy-sector job-years per 1,000 people",FALSE,REMIND,REMIND 2.1,LeastTotalCost,0,1,NA,107.00119351998839,FALSE,FALSE,NA,NA,NA,REMIND 2.1 | LeastTotalCost | 2C
SCI-vetted,R10PAC_OECD,2C,total_energy_jobyears_per_1k,Employment,"total energy-sector job-years per 1,000 people",FALSE,REMIND,REMIND 2.1,R2p1,0,1,NA,109.6883284568109,FALSE,FALSE,NA,NA,NA,REMIND 2.1 | R2p1 | 2C
SCI-vetted,R10PAC_OECD,2C,total_energy_jobyears_per_1k,Employment,"total energy-sector job-years per 1,000 people",FALSE,REMIND,REMIND-Buildings 2.0,BEG,0,1,NA,115.06636336416646,FALSE,FALSE,NA,NA,NA,REMIND-Buildings 2.0 | BEG | 2C
SCI-vetted,R10PAC_OECD,2C,total_energy_jobyears_per_1k,Employment,"total energy-sector job-years per 1,000 people",FALSE,REMIND,REMIND-MAgPIE 1.7-3.0,CD,0,1,NA,157.1774865438345,FALSE,FALSE,NA,NA,NA,REMIND-MAgPIE 1.7-3.0 | CD | 2C
SCI-vetted,R10PAC_OECD,2C,total_energy_jobyears_per_1k,Employment,"total energy-sector job-years per 1,000 people",FALSE,REMIND,REMIND-MAgPIE 1.7-3.0,COMMIT,0,2,NA,158.3508056724159,FALSE,FALSE,NA,NA,NA,REMIND-MAgPIE 1.7-3.0 | COMMIT | 2C
SCI-vetted,R10PAC_OECD,2C,total_energy_jobyears_per_1k,Employment,"total energy-sector job-years per 1,000 people",FALSE,REMIND,REMIND-MAgPIE 1.7-3.0,PEP,0,2,NA,158.3508056724159,FALSE,FALSE,NA,NA,NA,REMIND-MAgPIE 1.7-3.0 | PEP | 2C
SCI-vetted,R10PAC_OECD,2C,total_energy_jobyears_per_1k,Employment,"total energy-sector job-years per 1,000 people",FALSE,REMIND,REMIND-MAgPIE 2.1-4.2,ENGAGE,0,1,NA,111.92290966479196,FALSE,FALSE,NA,NA,NA,REMIND-MAgPIE 2.1-4.2 | ENGAGE | 2C
SCI-vetted,R10PAC_OECD,2C,total_energy_jobyears_per_1k,Employment,"total energy-sector job-years per 1,000 people",FALSE,REMIND,REMIND-MAgPIE 2.1-4.2,NGFS Phase 2,0,2,NA,131.8672552041096,FALSE,FALSE,NA,NA,NA,REMIND-MAgPIE 2.1-4.2 | NGFS Phase 2 | 2C
SCI-vetted,R10PAC_OECD,2C,total_energy_jobyears_per_1k,Employment,"total energy-sector job-years per 1,000 people",FALSE,REMIND,REMIND-MAgPIE 2.1-4.3,DeepElectrification,0,2,NA,94.54731985211035,FALSE,FALSE,NA,NA,NA,REMIND-MAgPIE 2.1-4.3 | DeepElectrification | 2C
SCI-vetted,R10PAC_OECD,2C,total_energy_jobyears_per_1k,Employment,"total energy-sector job-years per 1,000 people",FALSE,REMIND,REMIND-MAgPIE 3.2-4.6,SHAPE,0,2,NA,94.73750296249963,FALSE,FALSE,NA,NA,NA,REMIND-MAgPIE 3.2-4.6 | SHAPE | 2C
SCI-vetted,R10PAC_OECD,2C,total_energy_jobyears_per_1k,Employment,"total energy-sector job-years per 1,000 people",FALSE,REMIND,REMIND-MAgPIE 3.2.0-4.8.0,RESCUE,0,4,NA,131.09547131106598,FALSE,FALSE,NA,NA,NA,REMIND-MAgPIE 3.2.0-4.8.0 | RESCUE | 2C
SCI-vetted,R10PAC_OECD,2C,total_energy_jobyears_per_1k,Employment,"total energy-sector job-years per 1,000 people",FALSE,REMIND,REMIND-MAgPIE 3.3-4.8,NGFS Phase 5,0,5,NA,124.23476901241291,FALSE,FALSE,NA,NA,NA,REMIND-MAgPIE 3.3-4.8 | NGFS Phase 5 | 2C
SCI-vetted,R10PAC_OECD,2C,total_energy_jobyears_per_1k,Employment,"total energy-sector job-years per 1,000 people",FALSE,WITCH,WITCH 5.0,ENGAGE,0,26,NA,383.8554885312687,FALSE,FALSE,NA,NA,NA,WITCH 5.0 | ENGAGE | 2C
SCI-vetted,R10PAC_OECD,2C,total_energy_jobyears_per_1k,Employment,"total energy-sector job-years per 1,000 people",FALSE,WITCH,WITCH 5.0,NAVIGATE,0,2,NA,170.10034711686308,FALSE,FALSE,NA,NA,NA,WITCH 5.0 | NAVIGATE | 2C
SCI-vetted,R10REF_ECON,1.5C,gap_GJ_pc,DLE gap,GJ per capita of cumulative DLE gap,TRUE,GCAM,GCAM 6.0 NGFS,NGFS Phase 5,0,2,NA,7.872051040005928,FALSE,FALSE,NA,NA,NA,GCAM 6.0 NGFS | NGFS Phase 5 | 1.5C
SCI-vetted,R10REF_ECON,1.5C,gap_GJ_pc,DLE gap,GJ per capita of cumulative DLE gap,TRUE,IMAGE,IMAGE 3.2,SSP2021,4,1,10.585569449310388,9.954720355594295,TRUE,FALSE,0.6308490937160922,5.959519671917034,High-RE,IMAGE 3.2 | SSP2021 | 1.5C
SCI-vetted,R10REF_ECON,1.5C,gap_GJ_pc,DLE gap,GJ per capita of cumulative DLE gap,TRUE,POLES,POLES-JRC ENGAGE,ENGAGE,2,0,15.307516078461383,NA,FALSE,FALSE,NA,NA,NA,POLES-JRC ENGAGE | ENGAGE | 1.5C
SCI-vetted,R10REF_ECON,1.5C,gap_GJ_pc,DLE gap,GJ per capita of cumulative DLE gap,TRUE,REMIND,REMIND-MAgPIE 3.2.0-4.8.0,RESCUE,0,2,NA,4.06590872811757,FALSE,FALSE,NA,NA,NA,REMIND-MAgPIE 3.2.0-4.8.0 | RESCUE | 1.5C
SCI-vetted,R10REF_ECON,1.5C,gap_GJ_pc,DLE gap,GJ per capita of cumulative DLE gap,TRUE,REMIND,REMIND-MAgPIE 3.3-4.8,NGFS Phase 5,0,1,NA,14.607686593107104,FALSE,FALSE,NA,NA,NA,REMIND-MAgPIE 3.3-4.8 | NGFS Phase 5 | 1.5C
SCI-vetted,R10REF_ECON,1.5C,headcount_pct,Deprived share,population-year-weighted mean % below the DLE threshold,TRUE,GCAM,GCAM 6.0 NGFS,NGFS Phase 5,0,2,NA,2.3299465005029383,FALSE,FALSE,NA,NA,NA,GCAM 6.0 NGFS | NGFS Phase 5 | 1.5C
SCI-vetted,R10REF_ECON,1.5C,headcount_pct,Deprived share,population-year-weighted mean % below the DLE threshold,TRUE,IMAGE,IMAGE 3.2,SSP2021,4,1,2.9587613556737207,2.93987363435413,TRUE,FALSE,0.0188877213195906,0.638365824380243,High-RE,IMAGE 3.2 | SSP2021 | 1.5C
SCI-vetted,R10REF_ECON,1.5C,headcount_pct,Deprived share,population-year-weighted mean % below the DLE threshold,TRUE,POLES,POLES-JRC ENGAGE,ENGAGE,2,0,4.487560303186979,NA,FALSE,FALSE,NA,NA,NA,POLES-JRC ENGAGE | ENGAGE | 1.5C
SCI-vetted,R10REF_ECON,1.5C,headcount_pct,Deprived share,population-year-weighted mean % below the DLE threshold,TRUE,REMIND,REMIND-MAgPIE 3.2.0-4.8.0,RESCUE,0,2,NA,1.0592316329307978,FALSE,FALSE,NA,NA,NA,REMIND-MAgPIE 3.2.0-4.8.0 | RESCUE | 1.5C
SCI-vetted,R10REF_ECON,1.5C,headcount_pct,Deprived share,population-year-weighted mean % below the DLE threshold,TRUE,REMIND,REMIND-MAgPIE 3.3-4.8,NGFS Phase 5,0,1,NA,3.6138980203860647,FALSE,FALSE,NA,NA,NA,REMIND-MAgPIE 3.3-4.8 | NGFS Phase 5 | 1.5C
SCI-vetted,R10REF_ECON,1.5C,mortality_million_deaths,PM2.5 mortality,million cumulative PM2.5-attributable deaths,TRUE,GCAM,GCAM 6.0 NGFS,NGFS Phase 5,0,2,NA,15.1261775,FALSE,FALSE,NA,NA,NA,GCAM 6.0 NGFS | NGFS Phase 5 | 1.5C
SCI-vetted,R10REF_ECON,1.5C,mortality_million_deaths,PM2.5 mortality,million cumulative PM2.5-attributable deaths,TRUE,IMAGE,IMAGE 3.2,SSP2021,4,1,14.10518,13.94082,TRUE,FALSE,0.16436000000000028,1.16524567570212,High-RE,IMAGE 3.2 | SSP2021 | 1.5C
SCI-vetted,R10REF_ECON,1.5C,mortality_million_deaths,PM2.5 mortality,million cumulative PM2.5-attributable deaths,TRUE,POLES,POLES-JRC ENGAGE,ENGAGE,2,0,13.00148,NA,FALSE,FALSE,NA,NA,NA,POLES-JRC ENGAGE | ENGAGE | 1.5C
SCI-vetted,R10REF_ECON,1.5C,mortality_million_deaths,PM2.5 mortality,million cumulative PM2.5-attributable deaths,TRUE,REMIND,REMIND-MAgPIE 3.2.0-4.8.0,RESCUE,0,2,NA,13.451825,FALSE,FALSE,NA,NA,NA,REMIND-MAgPIE 3.2.0-4.8.0 | RESCUE | 1.5C
SCI-vetted,R10REF_ECON,1.5C,mortality_million_deaths,PM2.5 mortality,million cumulative PM2.5-attributable deaths,TRUE,REMIND,REMIND-MAgPIE 3.3-4.8,NGFS Phase 5,0,1,NA,13.722405,FALSE,FALSE,NA,NA,NA,REMIND-MAgPIE 3.3-4.8 | NGFS Phase 5 | 1.5C
SCI-vetted,R10REF_ECON,1.5C,total_energy_jobyears_per_1k,Employment,"total energy-sector job-years per 1,000 people",FALSE,GCAM,GCAM 6.0 NGFS,NGFS Phase 5,0,2,NA,1216.6957260324752,FALSE,FALSE,NA,NA,NA,GCAM 6.0 NGFS | NGFS Phase 5 | 1.5C
SCI-vetted,R10REF_ECON,1.5C,total_energy_jobyears_per_1k,Employment,"total energy-sector job-years per 1,000 people",FALSE,IMAGE,IMAGE 3.2,SSP2021,4,1,1081.3661641902936,1301.5606248530723,TRUE,FALSE,220.19446066277874,20.362617950752707,High-RE,IMAGE 3.2 | SSP2021 | 1.5C
SCI-vetted,R10REF_ECON,1.5C,total_energy_jobyears_per_1k,Employment,"total energy-sector job-years per 1,000 people",FALSE,POLES,POLES-JRC ENGAGE,ENGAGE,2,0,1208.6450623537462,NA,FALSE,FALSE,NA,NA,NA,POLES-JRC ENGAGE | ENGAGE | 1.5C
SCI-vetted,R10REF_ECON,1.5C,total_energy_jobyears_per_1k,Employment,"total energy-sector job-years per 1,000 people",FALSE,REMIND,REMIND-MAgPIE 3.2.0-4.8.0,RESCUE,0,2,NA,2162.7044746045367,FALSE,FALSE,NA,NA,NA,REMIND-MAgPIE 3.2.0-4.8.0 | RESCUE | 1.5C
SCI-vetted,R10REF_ECON,1.5C,total_energy_jobyears_per_1k,Employment,"total energy-sector job-years per 1,000 people",FALSE,REMIND,REMIND-MAgPIE 3.3-4.8,NGFS Phase 5,0,1,NA,983.6380142133801,FALSE,FALSE,NA,NA,NA,REMIND-MAgPIE 3.3-4.8 | NGFS Phase 5 | 1.5C
SCI-vetted,R10REF_ECON,2C,gap_GJ_pc,DLE gap,GJ per capita of cumulative DLE gap,TRUE,GCAM,GCAM 5.3,NGFS Phase 2,0,1,NA,3.2076272719341756,FALSE,FALSE,NA,NA,NA,GCAM 5.3 | NGFS Phase 2 | 2C
SCI-vetted,R10REF_ECON,2C,gap_GJ_pc,DLE gap,GJ per capita of cumulative DLE gap,TRUE,GCAM,GCAM 6.0 NGFS,NGFS Phase 5,0,4,NA,4.942975614950655,FALSE,FALSE,NA,NA,NA,GCAM 6.0 NGFS | NGFS Phase 5 | 2C
SCI-vetted,R10REF_ECON,2C,gap_GJ_pc,DLE gap,GJ per capita of cumulative DLE gap,TRUE,IMAGE,IMAGE 3.0,ENGAGE,15,0,7.1684136697093885,NA,FALSE,FALSE,NA,NA,NA,IMAGE 3.0 | ENGAGE | 2C
SCI-vetted,R10REF_ECON,2C,gap_GJ_pc,DLE gap,GJ per capita of cumulative DLE gap,TRUE,IMAGE,IMAGE 3.2,SSP2021,6,3,8.588735453460036,7.225218799217373,TRUE,TRUE,1.3635166542426624,15.875639221060878,High-RE,IMAGE 3.2 | SSP2021 | 2C
SCI-vetted,R10REF_ECON,2C,gap_GJ_pc,DLE gap,GJ per capita of cumulative DLE gap,TRUE,IMAGE,IMAGE 3.3,NAVIGATE,1,0,17.33046265722905,NA,FALSE,FALSE,NA,NA,NA,IMAGE 3.3 | NAVIGATE | 2C
SCI-vetted,R10REF_ECON,2C,gap_GJ_pc,DLE gap,GJ per capita of cumulative DLE gap,TRUE,MESSAGEix,MESSAGEix-GLOBIOM 2.0-M-R12-NGFS,NGFS Phase 5,0,3,NA,17.767448010603008,FALSE,FALSE,NA,NA,NA,MESSAGEix-GLOBIOM 2.0-M-R12-NGFS | NGFS Phase 5 | 2C
SCI-vetted,R10REF_ECON,2C,gap_GJ_pc,DLE gap,GJ per capita of cumulative DLE gap,TRUE,POLES,POLES-JRC ENGAGE,ENGAGE,41,0,10.29397167981925,NA,FALSE,FALSE,NA,NA,NA,POLES-JRC ENGAGE | ENGAGE | 2C
SCI-vetted,R10REF_ECON,2C,gap_GJ_pc,DLE gap,GJ per capita of cumulative DLE gap,TRUE,REMIND,REMIND 2.1,LeastTotalCost,0,1,NA,8.001882252741192,FALSE,FALSE,NA,NA,NA,REMIND 2.1 | LeastTotalCost | 2C
SCI-vetted,R10REF_ECON,2C,gap_GJ_pc,DLE gap,GJ per capita of cumulative DLE gap,TRUE,REMIND,REMIND 2.1,R2p1,0,1,NA,7.245569815414683,FALSE,FALSE,NA,NA,NA,REMIND 2.1 | R2p1 | 2C
SCI-vetted,R10REF_ECON,2C,gap_GJ_pc,DLE gap,GJ per capita of cumulative DLE gap,TRUE,REMIND,REMIND-Buildings 2.0,BEG,0,1,NA,7.803304378308731,FALSE,FALSE,NA,NA,NA,REMIND-Buildings 2.0 | BEG | 2C
SCI-vetted,R10REF_ECON,2C,gap_GJ_pc,DLE gap,GJ per capita of cumulative DLE gap,TRUE,REMIND,REMIND-MAgPIE 1.7-3.0,CD,0,1,NA,0.819577425086524,FALSE,FALSE,NA,NA,NA,REMIND-MAgPIE 1.7-3.0 | CD | 2C
SCI-vetted,R10REF_ECON,2C,gap_GJ_pc,DLE gap,GJ per capita of cumulative DLE gap,TRUE,REMIND,REMIND-MAgPIE 1.7-3.0,COMMIT,0,2,NA,0.7276461163268233,FALSE,FALSE,NA,NA,NA,REMIND-MAgPIE 1.7-3.0 | COMMIT | 2C
SCI-vetted,R10REF_ECON,2C,gap_GJ_pc,DLE gap,GJ per capita of cumulative DLE gap,TRUE,REMIND,REMIND-MAgPIE 1.7-3.0,PEP,0,2,NA,0.7276461163268233,FALSE,FALSE,NA,NA,NA,REMIND-MAgPIE 1.7-3.0 | PEP | 2C
SCI-vetted,R10REF_ECON,2C,gap_GJ_pc,DLE gap,GJ per capita of cumulative DLE gap,TRUE,REMIND,REMIND-MAgPIE 2.0-4.1,Diff,0,1,NA,6.352422116977956,FALSE,FALSE,NA,NA,NA,REMIND-MAgPIE 2.0-4.1 | Diff | 2C
SCI-vetted,R10REF_ECON,2C,gap_GJ_pc,DLE gap,GJ per capita of cumulative DLE gap,TRUE,REMIND,REMIND-MAgPIE 2.1-4.2,ENGAGE,0,1,NA,7.237020305175941,FALSE,FALSE,NA,NA,NA,REMIND-MAgPIE 2.1-4.2 | ENGAGE | 2C
SCI-vetted,R10REF_ECON,2C,gap_GJ_pc,DLE gap,GJ per capita of cumulative DLE gap,TRUE,REMIND,REMIND-MAgPIE 2.1-4.2,NGFS Phase 2,0,2,NA,11.27971652795751,FALSE,FALSE,NA,NA,NA,REMIND-MAgPIE 2.1-4.2 | NGFS Phase 2 | 2C
SCI-vetted,R10REF_ECON,2C,gap_GJ_pc,DLE gap,GJ per capita of cumulative DLE gap,TRUE,REMIND,REMIND-MAgPIE 2.1-4.3,DeepElectrification,0,2,NA,4.980870489674025,FALSE,FALSE,NA,NA,NA,REMIND-MAgPIE 2.1-4.3 | DeepElectrification | 2C
SCI-vetted,R10REF_ECON,2C,gap_GJ_pc,DLE gap,GJ per capita of cumulative DLE gap,TRUE,REMIND,REMIND-MAgPIE 3.2-4.6,SHAPE,0,2,NA,3.074026610872454,FALSE,FALSE,NA,NA,NA,REMIND-MAgPIE 3.2-4.6 | SHAPE | 2C
SCI-vetted,R10REF_ECON,2C,gap_GJ_pc,DLE gap,GJ per capita of cumulative DLE gap,TRUE,REMIND,REMIND-MAgPIE 3.2.0-4.8.0,RESCUE,0,4,NA,4.483682788794148,FALSE,FALSE,NA,NA,NA,REMIND-MAgPIE 3.2.0-4.8.0 | RESCUE | 2C
SCI-vetted,R10REF_ECON,2C,gap_GJ_pc,DLE gap,GJ per capita of cumulative DLE gap,TRUE,REMIND,REMIND-MAgPIE 3.3-4.8,NGFS Phase 5,0,5,NA,5.822691883813799,FALSE,FALSE,NA,NA,NA,REMIND-MAgPIE 3.3-4.8 | NGFS Phase 5 | 2C
SCI-vetted,R10REF_ECON,2C,gap_GJ_pc,DLE gap,GJ per capita of cumulative DLE gap,TRUE,WITCH,WITCH 5.0,ENGAGE,0,26,NA,17.714816244206197,FALSE,FALSE,NA,NA,NA,WITCH 5.0 | ENGAGE | 2C
SCI-vetted,R10REF_ECON,2C,gap_GJ_pc,DLE gap,GJ per capita of cumulative DLE gap,TRUE,WITCH,WITCH 5.0,NAVIGATE,0,2,NA,53.723332602983746,FALSE,FALSE,NA,NA,NA,WITCH 5.0 | NAVIGATE | 2C
SCI-vetted,R10REF_ECON,2C,headcount_pct,Deprived share,population-year-weighted mean % below the DLE threshold,TRUE,GCAM,GCAM 5.3,NGFS Phase 2,0,1,NA,1.3595619304007758,FALSE,FALSE,NA,NA,NA,GCAM 5.3 | NGFS Phase 2 | 2C
SCI-vetted,R10REF_ECON,2C,headcount_pct,Deprived share,population-year-weighted mean % below the DLE threshold,TRUE,GCAM,GCAM 6.0 NGFS,NGFS Phase 5,0,4,NA,1.3944740123531068,FALSE,FALSE,NA,NA,NA,GCAM 6.0 NGFS | NGFS Phase 5 | 2C
SCI-vetted,R10REF_ECON,2C,headcount_pct,Deprived share,population-year-weighted mean % below the DLE threshold,TRUE,IMAGE,IMAGE 3.0,ENGAGE,15,0,2.0281583669345937,NA,FALSE,FALSE,NA,NA,NA,IMAGE 3.0 | ENGAGE | 2C
SCI-vetted,R10REF_ECON,2C,headcount_pct,Deprived share,population-year-weighted mean % below the DLE threshold,TRUE,IMAGE,IMAGE 3.2,SSP2021,6,3,2.426157309381689,1.980080007708076,TRUE,TRUE,0.44607730167361304,18.386165643451072,High-RE,IMAGE 3.2 | SSP2021 | 2C
SCI-vetted,R10REF_ECON,2C,headcount_pct,Deprived share,population-year-weighted mean % below the DLE threshold,TRUE,IMAGE,IMAGE 3.3,NAVIGATE,1,0,5.060611340942672,NA,FALSE,FALSE,NA,NA,NA,IMAGE 3.3 | NAVIGATE | 2C
SCI-vetted,R10REF_ECON,2C,headcount_pct,Deprived share,population-year-weighted mean % below the DLE threshold,TRUE,MESSAGEix,MESSAGEix-GLOBIOM 2.0-M-R12-NGFS,NGFS Phase 5,0,3,NA,4.119390459413952,FALSE,FALSE,NA,NA,NA,MESSAGEix-GLOBIOM 2.0-M-R12-NGFS | NGFS Phase 5 | 2C
SCI-vetted,R10REF_ECON,2C,headcount_pct,Deprived share,population-year-weighted mean % below the DLE threshold,TRUE,POLES,POLES-JRC ENGAGE,ENGAGE,41,0,2.9537209180522557,NA,FALSE,FALSE,NA,NA,NA,POLES-JRC ENGAGE | ENGAGE | 2C
SCI-vetted,R10REF_ECON,2C,headcount_pct,Deprived share,population-year-weighted mean % below the DLE threshold,TRUE,REMIND,REMIND 2.1,LeastTotalCost,0,1,NA,1.9938728523469216,FALSE,FALSE,NA,NA,NA,REMIND 2.1 | LeastTotalCost | 2C
SCI-vetted,R10REF_ECON,2C,headcount_pct,Deprived share,population-year-weighted mean % below the DLE threshold,TRUE,REMIND,REMIND 2.1,R2p1,0,1,NA,1.7021460382050606,FALSE,FALSE,NA,NA,NA,REMIND 2.1 | R2p1 | 2C
SCI-vetted,R10REF_ECON,2C,headcount_pct,Deprived share,population-year-weighted mean % below the DLE threshold,TRUE,REMIND,REMIND-Buildings 2.0,BEG,0,1,NA,1.786241286885819,FALSE,FALSE,NA,NA,NA,REMIND-Buildings 2.0 | BEG | 2C
SCI-vetted,R10REF_ECON,2C,headcount_pct,Deprived share,population-year-weighted mean % below the DLE threshold,TRUE,REMIND,REMIND-MAgPIE 1.7-3.0,CD,0,1,NA,0.4181161714047227,FALSE,FALSE,NA,NA,NA,REMIND-MAgPIE 1.7-3.0 | CD | 2C
SCI-vetted,R10REF_ECON,2C,headcount_pct,Deprived share,population-year-weighted mean % below the DLE threshold,TRUE,REMIND,REMIND-MAgPIE 1.7-3.0,COMMIT,0,2,NA,0.37579891633131723,FALSE,FALSE,NA,NA,NA,REMIND-MAgPIE 1.7-3.0 | COMMIT | 2C
SCI-vetted,R10REF_ECON,2C,headcount_pct,Deprived share,population-year-weighted mean % below the DLE threshold,TRUE,REMIND,REMIND-MAgPIE 1.7-3.0,PEP,0,2,NA,0.37579891633131723,FALSE,FALSE,NA,NA,NA,REMIND-MAgPIE 1.7-3.0 | PEP | 2C
SCI-vetted,R10REF_ECON,2C,headcount_pct,Deprived share,population-year-weighted mean % below the DLE threshold,TRUE,REMIND,REMIND-MAgPIE 2.0-4.1,Diff,0,1,NA,1.5383136358396836,FALSE,FALSE,NA,NA,NA,REMIND-MAgPIE 2.0-4.1 | Diff | 2C
SCI-vetted,R10REF_ECON,2C,headcount_pct,Deprived share,population-year-weighted mean % below the DLE threshold,TRUE,REMIND,REMIND-MAgPIE 2.1-4.2,ENGAGE,0,1,NA,1.6985457811355693,FALSE,FALSE,NA,NA,NA,REMIND-MAgPIE 2.1-4.2 | ENGAGE | 2C
SCI-vetted,R10REF_ECON,2C,headcount_pct,Deprived share,population-year-weighted mean % below the DLE threshold,TRUE,REMIND,REMIND-MAgPIE 2.1-4.2,NGFS Phase 2,0,2,NA,3.240865181325786,FALSE,FALSE,NA,NA,NA,REMIND-MAgPIE 2.1-4.2 | NGFS Phase 2 | 2C
SCI-vetted,R10REF_ECON,2C,headcount_pct,Deprived share,population-year-weighted mean % below the DLE threshold,TRUE,REMIND,REMIND-MAgPIE 2.1-4.3,DeepElectrification,0,2,NA,1.2957945253978407,FALSE,FALSE,NA,NA,NA,REMIND-MAgPIE 2.1-4.3 | DeepElectrification | 2C
SCI-vetted,R10REF_ECON,2C,headcount_pct,Deprived share,population-year-weighted mean % below the DLE threshold,TRUE,REMIND,REMIND-MAgPIE 3.2-4.6,SHAPE,0,2,NA,0.6813781595083687,FALSE,FALSE,NA,NA,NA,REMIND-MAgPIE 3.2-4.6 | SHAPE | 2C
SCI-vetted,R10REF_ECON,2C,headcount_pct,Deprived share,population-year-weighted mean % below the DLE threshold,TRUE,REMIND,REMIND-MAgPIE 3.2.0-4.8.0,RESCUE,0,4,NA,1.192467888800563,FALSE,FALSE,NA,NA,NA,REMIND-MAgPIE 3.2.0-4.8.0 | RESCUE | 2C
SCI-vetted,R10REF_ECON,2C,headcount_pct,Deprived share,population-year-weighted mean % below the DLE threshold,TRUE,REMIND,REMIND-MAgPIE 3.3-4.8,NGFS Phase 5,0,5,NA,1.5200693453671097,FALSE,FALSE,NA,NA,NA,REMIND-MAgPIE 3.3-4.8 | NGFS Phase 5 | 2C
SCI-vetted,R10REF_ECON,2C,headcount_pct,Deprived share,population-year-weighted mean % below the DLE threshold,TRUE,WITCH,WITCH 5.0,ENGAGE,0,26,NA,2.7280378479098033,FALSE,FALSE,NA,NA,NA,WITCH 5.0 | ENGAGE | 2C
SCI-vetted,R10REF_ECON,2C,headcount_pct,Deprived share,population-year-weighted mean % below the DLE threshold,TRUE,WITCH,WITCH 5.0,NAVIGATE,0,2,NA,10.143897217741664,FALSE,FALSE,NA,NA,NA,WITCH 5.0 | NAVIGATE | 2C
SCI-vetted,R10REF_ECON,2C,mortality_million_deaths,PM2.5 mortality,million cumulative PM2.5-attributable deaths,TRUE,GCAM,GCAM 5.3,NGFS Phase 2,0,1,NA,15.844605,FALSE,FALSE,NA,NA,NA,GCAM 5.3 | NGFS Phase 2 | 2C
SCI-vetted,R10REF_ECON,2C,mortality_million_deaths,PM2.5 mortality,million cumulative PM2.5-attributable deaths,TRUE,GCAM,GCAM 6.0 NGFS,NGFS Phase 5,0,4,NA,16.1283125,FALSE,FALSE,NA,NA,NA,GCAM 6.0 NGFS | NGFS Phase 5 | 2C
SCI-vetted,R10REF_ECON,2C,mortality_million_deaths,PM2.5 mortality,million cumulative PM2.5-attributable deaths,TRUE,IMAGE,IMAGE 3.0,ENGAGE,15,0,14.726645,NA,FALSE,FALSE,NA,NA,NA,IMAGE 3.0 | ENGAGE | 2C
SCI-vetted,R10REF_ECON,2C,mortality_million_deaths,PM2.5 mortality,million cumulative PM2.5-attributable deaths,TRUE,IMAGE,IMAGE 3.2,SSP2021,6,3,14.5497725,14.08833,TRUE,TRUE,0.4614425000000004,3.1714757052043283,High-RE,IMAGE 3.2 | SSP2021 | 2C
SCI-vetted,R10REF_ECON,2C,mortality_million_deaths,PM2.5 mortality,million cumulative PM2.5-attributable deaths,TRUE,IMAGE,IMAGE 3.3,NAVIGATE,1,0,14.15577,NA,FALSE,FALSE,NA,NA,NA,IMAGE 3.3 | NAVIGATE | 2C
SCI-vetted,R10REF_ECON,2C,mortality_million_deaths,PM2.5 mortality,million cumulative PM2.5-attributable deaths,TRUE,MESSAGEix,MESSAGEix-GLOBIOM 2.0-M-R12-NGFS,NGFS Phase 5,0,3,NA,14.9503,FALSE,FALSE,NA,NA,NA,MESSAGEix-GLOBIOM 2.0-M-R12-NGFS | NGFS Phase 5 | 2C
SCI-vetted,R10REF_ECON,2C,mortality_million_deaths,PM2.5 mortality,million cumulative PM2.5-attributable deaths,TRUE,POLES,POLES-JRC ENGAGE,ENGAGE,41,0,13.188415000000001,NA,FALSE,FALSE,NA,NA,NA,POLES-JRC ENGAGE | ENGAGE | 2C
SCI-vetted,R10REF_ECON,2C,mortality_million_deaths,PM2.5 mortality,million cumulative PM2.5-attributable deaths,TRUE,REMIND,REMIND 2.1,LeastTotalCost,0,1,NA,13.372975,FALSE,FALSE,NA,NA,NA,REMIND 2.1 | LeastTotalCost | 2C
SCI-vetted,R10REF_ECON,2C,mortality_million_deaths,PM2.5 mortality,million cumulative PM2.5-attributable deaths,TRUE,REMIND,REMIND 2.1,R2p1,0,1,NA,13.370555,FALSE,FALSE,NA,NA,NA,REMIND 2.1 | R2p1 | 2C
SCI-vetted,R10REF_ECON,2C,mortality_million_deaths,PM2.5 mortality,million cumulative PM2.5-attributable deaths,TRUE,REMIND,REMIND-Buildings 2.0,BEG,0,1,NA,13.403095,FALSE,FALSE,NA,NA,NA,REMIND-Buildings 2.0 | BEG | 2C
SCI-vetted,R10REF_ECON,2C,mortality_million_deaths,PM2.5 mortality,million cumulative PM2.5-attributable deaths,TRUE,REMIND,REMIND-MAgPIE 1.7-3.0,CD,0,1,NA,13.129065,FALSE,FALSE,NA,NA,NA,REMIND-MAgPIE 1.7-3.0 | CD | 2C
SCI-vetted,R10REF_ECON,2C,mortality_million_deaths,PM2.5 mortality,million cumulative PM2.5-attributable deaths,TRUE,REMIND,REMIND-MAgPIE 1.7-3.0,COMMIT,0,2,NA,13.047325,FALSE,FALSE,NA,NA,NA,REMIND-MAgPIE 1.7-3.0 | COMMIT | 2C
SCI-vetted,R10REF_ECON,2C,mortality_million_deaths,PM2.5 mortality,million cumulative PM2.5-attributable deaths,TRUE,REMIND,REMIND-MAgPIE 1.7-3.0,PEP,0,2,NA,13.047325,FALSE,FALSE,NA,NA,NA,REMIND-MAgPIE 1.7-3.0 | PEP | 2C
SCI-vetted,R10REF_ECON,2C,mortality_million_deaths,PM2.5 mortality,million cumulative PM2.5-attributable deaths,TRUE,REMIND,REMIND-MAgPIE 2.1-4.2,ENGAGE,0,1,NA,13.365055,FALSE,FALSE,NA,NA,NA,REMIND-MAgPIE 2.1-4.2 | ENGAGE | 2C
SCI-vetted,R10REF_ECON,2C,mortality_million_deaths,PM2.5 mortality,million cumulative PM2.5-attributable deaths,TRUE,REMIND,REMIND-MAgPIE 2.1-4.2,NGFS Phase 2,0,2,NA,13.2621,FALSE,FALSE,NA,NA,NA,REMIND-MAgPIE 2.1-4.2 | NGFS Phase 2 | 2C
SCI-vetted,R10REF_ECON,2C,mortality_million_deaths,PM2.5 mortality,million cumulative PM2.5-attributable deaths,TRUE,REMIND,REMIND-MAgPIE 2.1-4.3,DeepElectrification,0,2,NA,13.442765000000001,FALSE,FALSE,NA,NA,NA,REMIND-MAgPIE 2.1-4.3 | DeepElectrification | 2C
SCI-vetted,R10REF_ECON,2C,mortality_million_deaths,PM2.5 mortality,million cumulative PM2.5-attributable deaths,TRUE,REMIND,REMIND-MAgPIE 3.2-4.6,SHAPE,0,2,NA,13.554465,FALSE,FALSE,NA,NA,NA,REMIND-MAgPIE 3.2-4.6 | SHAPE | 2C
SCI-vetted,R10REF_ECON,2C,mortality_million_deaths,PM2.5 mortality,million cumulative PM2.5-attributable deaths,TRUE,REMIND,REMIND-MAgPIE 3.2.0-4.8.0,RESCUE,0,4,NA,13.4223325,FALSE,FALSE,NA,NA,NA,REMIND-MAgPIE 3.2.0-4.8.0 | RESCUE | 2C
SCI-vetted,R10REF_ECON,2C,mortality_million_deaths,PM2.5 mortality,million cumulative PM2.5-attributable deaths,TRUE,REMIND,REMIND-MAgPIE 3.3-4.8,NGFS Phase 5,0,5,NA,14.185625,FALSE,FALSE,NA,NA,NA,REMIND-MAgPIE 3.3-4.8 | NGFS Phase 5 | 2C
SCI-vetted,R10REF_ECON,2C,mortality_million_deaths,PM2.5 mortality,million cumulative PM2.5-attributable deaths,TRUE,WITCH,WITCH 5.0,ENGAGE,0,26,NA,16.6822225,FALSE,FALSE,NA,NA,NA,WITCH 5.0 | ENGAGE | 2C
SCI-vetted,R10REF_ECON,2C,mortality_million_deaths,PM2.5 mortality,million cumulative PM2.5-attributable deaths,TRUE,WITCH,WITCH 5.0,NAVIGATE,0,2,NA,16.115105,FALSE,FALSE,NA,NA,NA,WITCH 5.0 | NAVIGATE | 2C
SCI-vetted,R10REF_ECON,2C,total_energy_jobyears_per_1k,Employment,"total energy-sector job-years per 1,000 people",FALSE,GCAM,GCAM 5.3,NGFS Phase 2,0,1,NA,592.6472567079425,FALSE,FALSE,NA,NA,NA,GCAM 5.3 | NGFS Phase 2 | 2C
SCI-vetted,R10REF_ECON,2C,total_energy_jobyears_per_1k,Employment,"total energy-sector job-years per 1,000 people",FALSE,GCAM,GCAM 6.0 NGFS,NGFS Phase 5,0,4,NA,947.136675563105,FALSE,FALSE,NA,NA,NA,GCAM 6.0 NGFS | NGFS Phase 5 | 2C
SCI-vetted,R10REF_ECON,2C,total_energy_jobyears_per_1k,Employment,"total energy-sector job-years per 1,000 people",FALSE,IMAGE,IMAGE 3.0,ENGAGE,15,0,1027.0610789953676,NA,FALSE,FALSE,NA,NA,NA,IMAGE 3.0 | ENGAGE | 2C
SCI-vetted,R10REF_ECON,2C,total_energy_jobyears_per_1k,Employment,"total energy-sector job-years per 1,000 people",FALSE,IMAGE,IMAGE 3.2,SSP2021,6,3,685.2380778371072,1021.506343165986,TRUE,TRUE,336.2682653288788,49.07320188485139,High-RE,IMAGE 3.2 | SSP2021 | 2C
SCI-vetted,R10REF_ECON,2C,total_energy_jobyears_per_1k,Employment,"total energy-sector job-years per 1,000 people",FALSE,IMAGE,IMAGE 3.3,NAVIGATE,1,0,649.2440168837721,NA,FALSE,FALSE,NA,NA,NA,IMAGE 3.3 | NAVIGATE | 2C
SCI-vetted,R10REF_ECON,2C,total_energy_jobyears_per_1k,Employment,"total energy-sector job-years per 1,000 people",FALSE,MESSAGEix,MESSAGEix-GLOBIOM 2.0-M-R12-NGFS,NGFS Phase 5,0,3,NA,599.247304965262,FALSE,FALSE,NA,NA,NA,MESSAGEix-GLOBIOM 2.0-M-R12-NGFS | NGFS Phase 5 | 2C
SCI-vetted,R10REF_ECON,2C,total_energy_jobyears_per_1k,Employment,"total energy-sector job-years per 1,000 people",FALSE,POLES,POLES-JRC ENGAGE,ENGAGE,41,0,761.7164595646412,NA,FALSE,FALSE,NA,NA,NA,POLES-JRC ENGAGE | ENGAGE | 2C
SCI-vetted,R10REF_ECON,2C,total_energy_jobyears_per_1k,Employment,"total energy-sector job-years per 1,000 people",FALSE,REMIND,REMIND 2.1,LeastTotalCost,0,1,NA,511.8183128515246,FALSE,FALSE,NA,NA,NA,REMIND 2.1 | LeastTotalCost | 2C
SCI-vetted,R10REF_ECON,2C,total_energy_jobyears_per_1k,Employment,"total energy-sector job-years per 1,000 people",FALSE,REMIND,REMIND 2.1,R2p1,0,1,NA,580.1578027291465,FALSE,FALSE,NA,NA,NA,REMIND 2.1 | R2p1 | 2C
SCI-vetted,R10REF_ECON,2C,total_energy_jobyears_per_1k,Employment,"total energy-sector job-years per 1,000 people",FALSE,REMIND,REMIND-Buildings 2.0,BEG,0,1,NA,564.0318786778861,FALSE,FALSE,NA,NA,NA,REMIND-Buildings 2.0 | BEG | 2C
SCI-vetted,R10REF_ECON,2C,total_energy_jobyears_per_1k,Employment,"total energy-sector job-years per 1,000 people",FALSE,REMIND,REMIND-MAgPIE 1.7-3.0,CD,0,1,NA,433.72438616729266,FALSE,FALSE,NA,NA,NA,REMIND-MAgPIE 1.7-3.0 | CD | 2C
SCI-vetted,R10REF_ECON,2C,total_energy_jobyears_per_1k,Employment,"total energy-sector job-years per 1,000 people",FALSE,REMIND,REMIND-MAgPIE 1.7-3.0,COMMIT,0,2,NA,425.0188006960301,FALSE,FALSE,NA,NA,NA,REMIND-MAgPIE 1.7-3.0 | COMMIT | 2C
SCI-vetted,R10REF_ECON,2C,total_energy_jobyears_per_1k,Employment,"total energy-sector job-years per 1,000 people",FALSE,REMIND,REMIND-MAgPIE 1.7-3.0,PEP,0,2,NA,425.0188006960301,FALSE,FALSE,NA,NA,NA,REMIND-MAgPIE 1.7-3.0 | PEP | 2C
SCI-vetted,R10REF_ECON,2C,total_energy_jobyears_per_1k,Employment,"total energy-sector job-years per 1,000 people",FALSE,REMIND,REMIND-MAgPIE 2.0-4.1,Diff,0,1,NA,658.3222105280677,FALSE,FALSE,NA,NA,NA,REMIND-MAgPIE 2.0-4.1 | Diff | 2C
SCI-vetted,R10REF_ECON,2C,total_energy_jobyears_per_1k,Employment,"total energy-sector job-years per 1,000 people",FALSE,REMIND,REMIND-MAgPIE 2.1-4.2,ENGAGE,0,1,NA,613.4785022368653,FALSE,FALSE,NA,NA,NA,REMIND-MAgPIE 2.1-4.2 | ENGAGE | 2C
SCI-vetted,R10REF_ECON,2C,total_energy_jobyears_per_1k,Employment,"total energy-sector job-years per 1,000 people",FALSE,REMIND,REMIND-MAgPIE 2.1-4.2,NGFS Phase 2,0,2,NA,641.4279200506242,FALSE,FALSE,NA,NA,NA,REMIND-MAgPIE 2.1-4.2 | NGFS Phase 2 | 2C
SCI-vetted,R10REF_ECON,2C,total_energy_jobyears_per_1k,Employment,"total energy-sector job-years per 1,000 people",FALSE,REMIND,REMIND-MAgPIE 2.1-4.3,DeepElectrification,0,2,NA,501.2983695772824,FALSE,FALSE,NA,NA,NA,REMIND-MAgPIE 2.1-4.3 | DeepElectrification | 2C
SCI-vetted,R10REF_ECON,2C,total_energy_jobyears_per_1k,Employment,"total energy-sector job-years per 1,000 people",FALSE,REMIND,REMIND-MAgPIE 3.2-4.6,SHAPE,0,2,NA,756.2470162825481,FALSE,FALSE,NA,NA,NA,REMIND-MAgPIE 3.2-4.6 | SHAPE | 2C
SCI-vetted,R10REF_ECON,2C,total_energy_jobyears_per_1k,Employment,"total energy-sector job-years per 1,000 people",FALSE,REMIND,REMIND-MAgPIE 3.2.0-4.8.0,RESCUE,0,4,NA,1438.6814820961167,FALSE,FALSE,NA,NA,NA,REMIND-MAgPIE 3.2.0-4.8.0 | RESCUE | 2C
SCI-vetted,R10REF_ECON,2C,total_energy_jobyears_per_1k,Employment,"total energy-sector job-years per 1,000 people",FALSE,REMIND,REMIND-MAgPIE 3.3-4.8,NGFS Phase 5,0,5,NA,889.9718670267285,FALSE,FALSE,NA,NA,NA,REMIND-MAgPIE 3.3-4.8 | NGFS Phase 5 | 2C
SCI-vetted,R10REF_ECON,2C,total_energy_jobyears_per_1k,Employment,"total energy-sector job-years per 1,000 people",FALSE,WITCH,WITCH 5.0,ENGAGE,0,26,NA,2465.3563399451245,FALSE,FALSE,NA,NA,NA,WITCH 5.0 | ENGAGE | 2C
SCI-vetted,R10REF_ECON,2C,total_energy_jobyears_per_1k,Employment,"total energy-sector job-years per 1,000 people",FALSE,WITCH,WITCH 5.0,NAVIGATE,0,2,NA,804.4934725018062,FALSE,FALSE,NA,NA,NA,WITCH 5.0 | NAVIGATE | 2C
SCI-vetted,R10REST_ASIA,1.5C,gap_GJ_pc,DLE gap,GJ per capita of cumulative DLE gap,TRUE,GCAM,GCAM 6.0 NGFS,NGFS Phase 5,0,2,NA,40.2286893298035,FALSE,FALSE,NA,NA,NA,GCAM 6.0 NGFS | NGFS Phase 5 | 1.5C
SCI-vetted,R10REST_ASIA,1.5C,gap_GJ_pc,DLE gap,GJ per capita of cumulative DLE gap,TRUE,IMAGE,IMAGE 3.2,SSP2021,4,1,30.876261219251695,27.98705838939169,TRUE,FALSE,2.889202829860004,9.357359718341007,High-RE,IMAGE 3.2 | SSP2021 | 1.5C
SCI-vetted,R10REST_ASIA,1.5C,gap_GJ_pc,DLE gap,GJ per capita of cumulative DLE gap,TRUE,POLES,POLES-JRC ENGAGE,ENGAGE,2,0,14.196286709616349,NA,FALSE,FALSE,NA,NA,NA,POLES-JRC ENGAGE | ENGAGE | 1.5C
SCI-vetted,R10REST_ASIA,1.5C,gap_GJ_pc,DLE gap,GJ per capita of cumulative DLE gap,TRUE,REMIND,REMIND-MAgPIE 3.2.0-4.8.0,RESCUE,0,2,NA,17.041261893422423,FALSE,FALSE,NA,NA,NA,REMIND-MAgPIE 3.2.0-4.8.0 | RESCUE | 1.5C
SCI-vetted,R10REST_ASIA,1.5C,gap_GJ_pc,DLE gap,GJ per capita of cumulative DLE gap,TRUE,REMIND,REMIND-MAgPIE 3.3-4.8,NGFS Phase 5,0,1,NA,21.661306200118588,FALSE,FALSE,NA,NA,NA,REMIND-MAgPIE 3.3-4.8 | NGFS Phase 5 | 1.5C
SCI-vetted,R10REST_ASIA,1.5C,headcount_pct,Deprived share,population-year-weighted mean % below the DLE threshold,TRUE,GCAM,GCAM 6.0 NGFS,NGFS Phase 5,0,2,NA,9.68181873539001,FALSE,FALSE,NA,NA,NA,GCAM 6.0 NGFS | NGFS Phase 5 | 1.5C
SCI-vetted,R10REST_ASIA,1.5C,headcount_pct,Deprived share,population-year-weighted mean % below the DLE threshold,TRUE,IMAGE,IMAGE 3.2,SSP2021,4,1,7.894444658323497,7.54655678652762,TRUE,FALSE,0.3478878717958773,4.406742802726246,High-RE,IMAGE 3.2 | SSP2021 | 1.5C
SCI-vetted,R10REST_ASIA,1.5C,headcount_pct,Deprived share,population-year-weighted mean % below the DLE threshold,TRUE,POLES,POLES-JRC ENGAGE,ENGAGE,2,0,8.345118993513633,NA,FALSE,FALSE,NA,NA,NA,POLES-JRC ENGAGE | ENGAGE | 1.5C
SCI-vetted,R10REST_ASIA,1.5C,headcount_pct,Deprived share,population-year-weighted mean % below the DLE threshold,TRUE,REMIND,REMIND-MAgPIE 3.2.0-4.8.0,RESCUE,0,2,NA,4.334355209118925,FALSE,FALSE,NA,NA,NA,REMIND-MAgPIE 3.2.0-4.8.0 | RESCUE | 1.5C
SCI-vetted,R10REST_ASIA,1.5C,headcount_pct,Deprived share,population-year-weighted mean % below the DLE threshold,TRUE,REMIND,REMIND-MAgPIE 3.3-4.8,NGFS Phase 5,0,1,NA,5.561323633980708,FALSE,FALSE,NA,NA,NA,REMIND-MAgPIE 3.3-4.8 | NGFS Phase 5 | 1.5C
SCI-vetted,R10REST_ASIA,1.5C,mortality_million_deaths,PM2.5 mortality,million cumulative PM2.5-attributable deaths,TRUE,GCAM,GCAM 6.0 NGFS,NGFS Phase 5,0,2,NA,58.755219999999994,FALSE,FALSE,NA,NA,NA,GCAM 6.0 NGFS | NGFS Phase 5 | 1.5C
SCI-vetted,R10REST_ASIA,1.5C,mortality_million_deaths,PM2.5 mortality,million cumulative PM2.5-attributable deaths,TRUE,IMAGE,IMAGE 3.2,SSP2021,4,1,73.32125500000001,62.48175,TRUE,FALSE,10.83950500000001,14.78357810433006,High-RE,IMAGE 3.2 | SSP2021 | 1.5C
SCI-vetted,R10REST_ASIA,1.5C,mortality_million_deaths,PM2.5 mortality,million cumulative PM2.5-attributable deaths,TRUE,POLES,POLES-JRC ENGAGE,ENGAGE,2,0,52.574192499999995,NA,FALSE,FALSE,NA,NA,NA,POLES-JRC ENGAGE | ENGAGE | 1.5C
SCI-vetted,R10REST_ASIA,1.5C,mortality_million_deaths,PM2.5 mortality,million cumulative PM2.5-attributable deaths,TRUE,REMIND,REMIND-MAgPIE 3.2.0-4.8.0,RESCUE,0,2,NA,55.097485,FALSE,FALSE,NA,NA,NA,REMIND-MAgPIE 3.2.0-4.8.0 | RESCUE | 1.5C
SCI-vetted,R10REST_ASIA,1.5C,mortality_million_deaths,PM2.5 mortality,million cumulative PM2.5-attributable deaths,TRUE,REMIND,REMIND-MAgPIE 3.3-4.8,NGFS Phase 5,0,1,NA,53.915715,FALSE,FALSE,NA,NA,NA,REMIND-MAgPIE 3.3-4.8 | NGFS Phase 5 | 1.5C
SCI-vetted,R10REST_ASIA,1.5C,total_energy_jobyears_per_1k,Employment,"total energy-sector job-years per 1,000 people",FALSE,GCAM,GCAM 6.0 NGFS,NGFS Phase 5,0,2,NA,532.0992007432902,FALSE,FALSE,NA,NA,NA,GCAM 6.0 NGFS | NGFS Phase 5 | 1.5C
SCI-vetted,R10REST_ASIA,1.5C,total_energy_jobyears_per_1k,Employment,"total energy-sector job-years per 1,000 people",FALSE,IMAGE,IMAGE 3.2,SSP2021,4,1,382.8695924705927,471.29515154489195,TRUE,FALSE,88.42555907429926,23.095477105847994,High-RE,IMAGE 3.2 | SSP2021 | 1.5C
SCI-vetted,R10REST_ASIA,1.5C,total_energy_jobyears_per_1k,Employment,"total energy-sector job-years per 1,000 people",FALSE,POLES,POLES-JRC ENGAGE,ENGAGE,2,0,235.73852010755604,NA,FALSE,FALSE,NA,NA,NA,POLES-JRC ENGAGE | ENGAGE | 1.5C
SCI-vetted,R10REST_ASIA,1.5C,total_energy_jobyears_per_1k,Employment,"total energy-sector job-years per 1,000 people",FALSE,REMIND,REMIND-MAgPIE 3.2.0-4.8.0,RESCUE,0,2,NA,825.0418115705296,FALSE,FALSE,NA,NA,NA,REMIND-MAgPIE 3.2.0-4.8.0 | RESCUE | 1.5C
SCI-vetted,R10REST_ASIA,1.5C,total_energy_jobyears_per_1k,Employment,"total energy-sector job-years per 1,000 people",FALSE,REMIND,REMIND-MAgPIE 3.3-4.8,NGFS Phase 5,0,1,NA,643.9002257031352,FALSE,FALSE,NA,NA,NA,REMIND-MAgPIE 3.3-4.8 | NGFS Phase 5 | 1.5C
SCI-vetted,R10REST_ASIA,2C,gap_GJ_pc,DLE gap,GJ per capita of cumulative DLE gap,TRUE,GCAM,GCAM 5.3,NGFS Phase 2,0,1,NA,32.06836953070161,FALSE,FALSE,NA,NA,NA,GCAM 5.3 | NGFS Phase 2 | 2C
SCI-vetted,R10REST_ASIA,2C,gap_GJ_pc,DLE gap,GJ per capita of cumulative DLE gap,TRUE,GCAM,GCAM 6.0 NGFS,NGFS Phase 5,0,4,NA,29.500154911502698,FALSE,FALSE,NA,NA,NA,GCAM 6.0 NGFS | NGFS Phase 5 | 2C
SCI-vetted,R10REST_ASIA,2C,gap_GJ_pc,DLE gap,GJ per capita of cumulative DLE gap,TRUE,IMAGE,IMAGE 3.0,ENGAGE,15,0,3.7764887922573247,NA,FALSE,FALSE,NA,NA,NA,IMAGE 3.0 | ENGAGE | 2C
SCI-vetted,R10REST_ASIA,2C,gap_GJ_pc,DLE gap,GJ per capita of cumulative DLE gap,TRUE,IMAGE,IMAGE 3.2,SSP2021,6,3,26.01419821099919,24.09609658159583,TRUE,TRUE,1.9181016294033597,7.373287517246477,High-RE,IMAGE 3.2 | SSP2021 | 2C
SCI-vetted,R10REST_ASIA,2C,gap_GJ_pc,DLE gap,GJ per capita of cumulative DLE gap,TRUE,IMAGE,IMAGE 3.3,NAVIGATE,1,0,28.15345946583354,NA,FALSE,FALSE,NA,NA,NA,IMAGE 3.3 | NAVIGATE | 2C
SCI-vetted,R10REST_ASIA,2C,gap_GJ_pc,DLE gap,GJ per capita of cumulative DLE gap,TRUE,MESSAGEix,MESSAGEix-GLOBIOM 2.0-M-R12-NGFS,NGFS Phase 5,0,3,NA,3.5637329907180013,FALSE,FALSE,NA,NA,NA,MESSAGEix-GLOBIOM 2.0-M-R12-NGFS | NGFS Phase 5 | 2C
SCI-vetted,R10REST_ASIA,2C,gap_GJ_pc,DLE gap,GJ per capita of cumulative DLE gap,TRUE,POLES,POLES-JRC ENGAGE,ENGAGE,41,0,9.97151093502452,NA,FALSE,FALSE,NA,NA,NA,POLES-JRC ENGAGE | ENGAGE | 2C
SCI-vetted,R10REST_ASIA,2C,gap_GJ_pc,DLE gap,GJ per capita of cumulative DLE gap,TRUE,REMIND,REMIND 2.1,LeastTotalCost,0,1,NA,16.108075252956773,FALSE,FALSE,NA,NA,NA,REMIND 2.1 | LeastTotalCost | 2C
SCI-vetted,R10REST_ASIA,2C,gap_GJ_pc,DLE gap,GJ per capita of cumulative DLE gap,TRUE,REMIND,REMIND 2.1,R2p1,0,1,NA,15.762686305722868,FALSE,FALSE,NA,NA,NA,REMIND 2.1 | R2p1 | 2C
SCI-vetted,R10REST_ASIA,2C,gap_GJ_pc,DLE gap,GJ per capita of cumulative DLE gap,TRUE,REMIND,REMIND-Buildings 2.0,BEG,0,1,NA,24.15663180349611,FALSE,FALSE,NA,NA,NA,REMIND-Buildings 2.0 | BEG | 2C
SCI-vetted,R10REST_ASIA,2C,gap_GJ_pc,DLE gap,GJ per capita of cumulative DLE gap,TRUE,REMIND,REMIND-MAgPIE 1.7-3.0,CD,0,1,NA,10.160180365934467,FALSE,FALSE,NA,NA,NA,REMIND-MAgPIE 1.7-3.0 | CD | 2C
SCI-vetted,R10REST_ASIA,2C,gap_GJ_pc,DLE gap,GJ per capita of cumulative DLE gap,TRUE,REMIND,REMIND-MAgPIE 1.7-3.0,COMMIT,0,2,NA,9.452797264046357,FALSE,FALSE,NA,NA,NA,REMIND-MAgPIE 1.7-3.0 | COMMIT | 2C
SCI-vetted,R10REST_ASIA,2C,gap_GJ_pc,DLE gap,GJ per capita of cumulative DLE gap,TRUE,REMIND,REMIND-MAgPIE 1.7-3.0,PEP,0,2,NA,9.452797264046357,FALSE,FALSE,NA,NA,NA,REMIND-MAgPIE 1.7-3.0 | PEP | 2C
SCI-vetted,R10REST_ASIA,2C,gap_GJ_pc,DLE gap,GJ per capita of cumulative DLE gap,TRUE,REMIND,REMIND-MAgPIE 2.0-4.1,Diff,0,1,NA,15.06907286476742,FALSE,FALSE,NA,NA,NA,REMIND-MAgPIE 2.0-4.1 | Diff | 2C
SCI-vetted,R10REST_ASIA,2C,gap_GJ_pc,DLE gap,GJ per capita of cumulative DLE gap,TRUE,REMIND,REMIND-MAgPIE 2.1-4.2,ENGAGE,0,1,NA,15.670106079819618,FALSE,FALSE,NA,NA,NA,REMIND-MAgPIE 2.1-4.2 | ENGAGE | 2C
SCI-vetted,R10REST_ASIA,2C,gap_GJ_pc,DLE gap,GJ per capita of cumulative DLE gap,TRUE,REMIND,REMIND-MAgPIE 2.1-4.2,NGFS Phase 2,0,2,NA,20.469253200149748,FALSE,FALSE,NA,NA,NA,REMIND-MAgPIE 2.1-4.2 | NGFS Phase 2 | 2C
SCI-vetted,R10REST_ASIA,2C,gap_GJ_pc,DLE gap,GJ per capita of cumulative DLE gap,TRUE,REMIND,REMIND-MAgPIE 2.1-4.3,DeepElectrification,0,2,NA,9.480998430010832,FALSE,FALSE,NA,NA,NA,REMIND-MAgPIE 2.1-4.3 | DeepElectrification | 2C
SCI-vetted,R10REST_ASIA,2C,gap_GJ_pc,DLE gap,GJ per capita of cumulative DLE gap,TRUE,REMIND,REMIND-MAgPIE 3.2-4.6,SHAPE,0,2,NA,15.34730305534606,FALSE,FALSE,NA,NA,NA,REMIND-MAgPIE 3.2-4.6 | SHAPE | 2C
SCI-vetted,R10REST_ASIA,2C,gap_GJ_pc,DLE gap,GJ per capita of cumulative DLE gap,TRUE,REMIND,REMIND-MAgPIE 3.2.0-4.8.0,RESCUE,0,4,NA,17.085009152589812,FALSE,FALSE,NA,NA,NA,REMIND-MAgPIE 3.2.0-4.8.0 | RESCUE | 2C
SCI-vetted,R10REST_ASIA,2C,gap_GJ_pc,DLE gap,GJ per capita of cumulative DLE gap,TRUE,REMIND,REMIND-MAgPIE 3.3-4.8,NGFS Phase 5,0,5,NA,15.597542437454964,FALSE,FALSE,NA,NA,NA,REMIND-MAgPIE 3.3-4.8 | NGFS Phase 5 | 2C
SCI-vetted,R10REST_ASIA,2C,gap_GJ_pc,DLE gap,GJ per capita of cumulative DLE gap,TRUE,WITCH,WITCH 5.0,ENGAGE,0,26,NA,60.58485537178234,FALSE,FALSE,NA,NA,NA,WITCH 5.0 | ENGAGE | 2C
SCI-vetted,R10REST_ASIA,2C,gap_GJ_pc,DLE gap,GJ per capita of cumulative DLE gap,TRUE,WITCH,WITCH 5.0,NAVIGATE,0,2,NA,46.65104502661022,FALSE,FALSE,NA,NA,NA,WITCH 5.0 | NAVIGATE | 2C
SCI-vetted,R10REST_ASIA,2C,headcount_pct,Deprived share,population-year-weighted mean % below the DLE threshold,TRUE,GCAM,GCAM 5.3,NGFS Phase 2,0,1,NA,7.801389714659947,FALSE,FALSE,NA,NA,NA,GCAM 5.3 | NGFS Phase 2 | 2C
SCI-vetted,R10REST_ASIA,2C,headcount_pct,Deprived share,population-year-weighted mean % below the DLE threshold,TRUE,GCAM,GCAM 6.0 NGFS,NGFS Phase 5,0,4,NA,6.637588088612086,FALSE,FALSE,NA,NA,NA,GCAM 6.0 NGFS | NGFS Phase 5 | 2C
SCI-vetted,R10REST_ASIA,2C,headcount_pct,Deprived share,population-year-weighted mean % below the DLE threshold,TRUE,IMAGE,IMAGE 3.0,ENGAGE,15,0,1.9884594598115857,NA,FALSE,FALSE,NA,NA,NA,IMAGE 3.0 | ENGAGE | 2C
SCI-vetted,R10REST_ASIA,2C,headcount_pct,Deprived share,population-year-weighted mean % below the DLE threshold,TRUE,IMAGE,IMAGE 3.2,SSP2021,6,3,6.817943837671145,5.744429162802224,TRUE,TRUE,1.073514674868921,15.745431473598194,High-RE,IMAGE 3.2 | SSP2021 | 2C
SCI-vetted,R10REST_ASIA,2C,headcount_pct,Deprived share,population-year-weighted mean % below the DLE threshold,TRUE,IMAGE,IMAGE 3.3,NAVIGATE,1,0,7.755639689889887,NA,FALSE,FALSE,NA,NA,NA,IMAGE 3.3 | NAVIGATE | 2C
SCI-vetted,R10REST_ASIA,2C,headcount_pct,Deprived share,population-year-weighted mean % below the DLE threshold,TRUE,MESSAGEix,MESSAGEix-GLOBIOM 2.0-M-R12-NGFS,NGFS Phase 5,0,3,NA,2.4054329879086787,FALSE,FALSE,NA,NA,NA,MESSAGEix-GLOBIOM 2.0-M-R12-NGFS | NGFS Phase 5 | 2C
SCI-vetted,R10REST_ASIA,2C,headcount_pct,Deprived share,population-year-weighted mean % below the DLE threshold,TRUE,POLES,POLES-JRC ENGAGE,ENGAGE,41,0,5.465206219835632,NA,FALSE,FALSE,NA,NA,NA,POLES-JRC ENGAGE | ENGAGE | 2C
SCI-vetted,R10REST_ASIA,2C,headcount_pct,Deprived share,population-year-weighted mean % below the DLE threshold,TRUE,REMIND,REMIND 2.1,LeastTotalCost,0,1,NA,3.791059039673002,FALSE,FALSE,NA,NA,NA,REMIND 2.1 | LeastTotalCost | 2C
SCI-vetted,R10REST_ASIA,2C,headcount_pct,Deprived share,population-year-weighted mean % below the DLE threshold,TRUE,REMIND,REMIND 2.1,R2p1,0,1,NA,3.6329922221042215,FALSE,FALSE,NA,NA,NA,REMIND 2.1 | R2p1 | 2C
SCI-vetted,R10REST_ASIA,2C,headcount_pct,Deprived share,population-year-weighted mean % below the DLE threshold,TRUE,REMIND,REMIND-Buildings 2.0,BEG,0,1,NA,5.094548344279136,FALSE,FALSE,NA,NA,NA,REMIND-Buildings 2.0 | BEG | 2C
SCI-vetted,R10REST_ASIA,2C,headcount_pct,Deprived share,population-year-weighted mean % below the DLE threshold,TRUE,REMIND,REMIND-MAgPIE 1.7-3.0,CD,0,1,NA,2.4288397747109407,FALSE,FALSE,NA,NA,NA,REMIND-MAgPIE 1.7-3.0 | CD | 2C
SCI-vetted,R10REST_ASIA,2C,headcount_pct,Deprived share,population-year-weighted mean % below the DLE threshold,TRUE,REMIND,REMIND-MAgPIE 1.7-3.0,COMMIT,0,2,NA,2.2719952429146364,FALSE,FALSE,NA,NA,NA,REMIND-MAgPIE 1.7-3.0 | COMMIT | 2C
SCI-vetted,R10REST_ASIA,2C,headcount_pct,Deprived share,population-year-weighted mean % below the DLE threshold,TRUE,REMIND,REMIND-MAgPIE 1.7-3.0,PEP,0,2,NA,2.2719952429146364,FALSE,FALSE,NA,NA,NA,REMIND-MAgPIE 1.7-3.0 | PEP | 2C
SCI-vetted,R10REST_ASIA,2C,headcount_pct,Deprived share,population-year-weighted mean % below the DLE threshold,TRUE,REMIND,REMIND-MAgPIE 2.0-4.1,Diff,0,1,NA,3.469700778203376,FALSE,FALSE,NA,NA,NA,REMIND-MAgPIE 2.0-4.1 | Diff | 2C
SCI-vetted,R10REST_ASIA,2C,headcount_pct,Deprived share,population-year-weighted mean % below the DLE threshold,TRUE,REMIND,REMIND-MAgPIE 2.1-4.2,ENGAGE,0,1,NA,3.615474988447404,FALSE,FALSE,NA,NA,NA,REMIND-MAgPIE 2.1-4.2 | ENGAGE | 2C
SCI-vetted,R10REST_ASIA,2C,headcount_pct,Deprived share,population-year-weighted mean % below the DLE threshold,TRUE,REMIND,REMIND-MAgPIE 2.1-4.2,NGFS Phase 2,0,2,NA,5.822661423525753,FALSE,FALSE,NA,NA,NA,REMIND-MAgPIE 2.1-4.2 | NGFS Phase 2 | 2C
SCI-vetted,R10REST_ASIA,2C,headcount_pct,Deprived share,population-year-weighted mean % below the DLE threshold,TRUE,REMIND,REMIND-MAgPIE 2.1-4.3,DeepElectrification,0,2,NA,2.4806211963522924,FALSE,FALSE,NA,NA,NA,REMIND-MAgPIE 2.1-4.3 | DeepElectrification | 2C
SCI-vetted,R10REST_ASIA,2C,headcount_pct,Deprived share,population-year-weighted mean % below the DLE threshold,TRUE,REMIND,REMIND-MAgPIE 3.2-4.6,SHAPE,0,2,NA,3.508730101182337,FALSE,FALSE,NA,NA,NA,REMIND-MAgPIE 3.2-4.6 | SHAPE | 2C
SCI-vetted,R10REST_ASIA,2C,headcount_pct,Deprived share,population-year-weighted mean % below the DLE threshold,TRUE,REMIND,REMIND-MAgPIE 3.2.0-4.8.0,RESCUE,0,4,NA,4.2148844113383674,FALSE,FALSE,NA,NA,NA,REMIND-MAgPIE 3.2.0-4.8.0 | RESCUE | 2C
SCI-vetted,R10REST_ASIA,2C,headcount_pct,Deprived share,population-year-weighted mean % below the DLE threshold,TRUE,REMIND,REMIND-MAgPIE 3.3-4.8,NGFS Phase 5,0,5,NA,3.819616078058307,FALSE,FALSE,NA,NA,NA,REMIND-MAgPIE 3.3-4.8 | NGFS Phase 5 | 2C
SCI-vetted,R10REST_ASIA,2C,headcount_pct,Deprived share,population-year-weighted mean % below the DLE threshold,TRUE,WITCH,WITCH 5.0,ENGAGE,0,26,NA,16.364378452995958,FALSE,FALSE,NA,NA,NA,WITCH 5.0 | ENGAGE | 2C
SCI-vetted,R10REST_ASIA,2C,headcount_pct,Deprived share,population-year-weighted mean % below the DLE threshold,TRUE,WITCH,WITCH 5.0,NAVIGATE,0,2,NA,10.907807605271948,FALSE,FALSE,NA,NA,NA,WITCH 5.0 | NAVIGATE | 2C
SCI-vetted,R10REST_ASIA,2C,mortality_million_deaths,PM2.5 mortality,million cumulative PM2.5-attributable deaths,TRUE,GCAM,GCAM 5.3,NGFS Phase 2,0,1,NA,60.38373,FALSE,FALSE,NA,NA,NA,GCAM 5.3 | NGFS Phase 2 | 2C
SCI-vetted,R10REST_ASIA,2C,mortality_million_deaths,PM2.5 mortality,million cumulative PM2.5-attributable deaths,TRUE,GCAM,GCAM 6.0 NGFS,NGFS Phase 5,0,4,NA,65.6839575,FALSE,FALSE,NA,NA,NA,GCAM 6.0 NGFS | NGFS Phase 5 | 2C
SCI-vetted,R10REST_ASIA,2C,mortality_million_deaths,PM2.5 mortality,million cumulative PM2.5-attributable deaths,TRUE,IMAGE,IMAGE 3.0,ENGAGE,15,0,66.241615,NA,FALSE,FALSE,NA,NA,NA,IMAGE 3.0 | ENGAGE | 2C
SCI-vetted,R10REST_ASIA,2C,mortality_million_deaths,PM2.5 mortality,million cumulative PM2.5-attributable deaths,TRUE,IMAGE,IMAGE 3.2,SSP2021,6,3,76.57326499999999,71.995025,TRUE,TRUE,4.578239999999994,5.978901382878207,High-RE,IMAGE 3.2 | SSP2021 | 2C
SCI-vetted,R10REST_ASIA,2C,mortality_million_deaths,PM2.5 mortality,million cumulative PM2.5-attributable deaths,TRUE,IMAGE,IMAGE 3.3,NAVIGATE,1,0,66.18231,NA,FALSE,FALSE,NA,NA,NA,IMAGE 3.3 | NAVIGATE | 2C
SCI-vetted,R10REST_ASIA,2C,mortality_million_deaths,PM2.5 mortality,million cumulative PM2.5-attributable deaths,TRUE,MESSAGEix,MESSAGEix-GLOBIOM 2.0-M-R12-NGFS,NGFS Phase 5,0,3,NA,57.13601,FALSE,FALSE,NA,NA,NA,MESSAGEix-GLOBIOM 2.0-M-R12-NGFS | NGFS Phase 5 | 2C
SCI-vetted,R10REST_ASIA,2C,mortality_million_deaths,PM2.5 mortality,million cumulative PM2.5-attributable deaths,TRUE,POLES,POLES-JRC ENGAGE,ENGAGE,41,0,54.92546,NA,FALSE,FALSE,NA,NA,NA,POLES-JRC ENGAGE | ENGAGE | 2C
SCI-vetted,R10REST_ASIA,2C,mortality_million_deaths,PM2.5 mortality,million cumulative PM2.5-attributable deaths,TRUE,REMIND,REMIND 2.1,LeastTotalCost,0,1,NA,71.645165,FALSE,FALSE,NA,NA,NA,REMIND 2.1 | LeastTotalCost | 2C
SCI-vetted,R10REST_ASIA,2C,mortality_million_deaths,PM2.5 mortality,million cumulative PM2.5-attributable deaths,TRUE,REMIND,REMIND 2.1,R2p1,0,1,NA,66.865605,FALSE,FALSE,NA,NA,NA,REMIND 2.1 | R2p1 | 2C
SCI-vetted,R10REST_ASIA,2C,mortality_million_deaths,PM2.5 mortality,million cumulative PM2.5-attributable deaths,TRUE,REMIND,REMIND-Buildings 2.0,BEG,0,1,NA,76.128625,FALSE,FALSE,NA,NA,NA,REMIND-Buildings 2.0 | BEG | 2C
SCI-vetted,R10REST_ASIA,2C,mortality_million_deaths,PM2.5 mortality,million cumulative PM2.5-attributable deaths,TRUE,REMIND,REMIND-MAgPIE 1.7-3.0,CD,0,1,NA,64.125465,FALSE,FALSE,NA,NA,NA,REMIND-MAgPIE 1.7-3.0 | CD | 2C
SCI-vetted,R10REST_ASIA,2C,mortality_million_deaths,PM2.5 mortality,million cumulative PM2.5-attributable deaths,TRUE,REMIND,REMIND-MAgPIE 1.7-3.0,COMMIT,0,2,NA,63.7358725,FALSE,FALSE,NA,NA,NA,REMIND-MAgPIE 1.7-3.0 | COMMIT | 2C
SCI-vetted,R10REST_ASIA,2C,mortality_million_deaths,PM2.5 mortality,million cumulative PM2.5-attributable deaths,TRUE,REMIND,REMIND-MAgPIE 1.7-3.0,PEP,0,2,NA,63.7358725,FALSE,FALSE,NA,NA,NA,REMIND-MAgPIE 1.7-3.0 | PEP | 2C
SCI-vetted,R10REST_ASIA,2C,mortality_million_deaths,PM2.5 mortality,million cumulative PM2.5-attributable deaths,TRUE,REMIND,REMIND-MAgPIE 2.1-4.2,ENGAGE,0,1,NA,66.291605,FALSE,FALSE,NA,NA,NA,REMIND-MAgPIE 2.1-4.2 | ENGAGE | 2C
SCI-vetted,R10REST_ASIA,2C,mortality_million_deaths,PM2.5 mortality,million cumulative PM2.5-attributable deaths,TRUE,REMIND,REMIND-MAgPIE 2.1-4.2,NGFS Phase 2,0,2,NA,58.986675000000005,FALSE,FALSE,NA,NA,NA,REMIND-MAgPIE 2.1-4.2 | NGFS Phase 2 | 2C
SCI-vetted,R10REST_ASIA,2C,mortality_million_deaths,PM2.5 mortality,million cumulative PM2.5-attributable deaths,TRUE,REMIND,REMIND-MAgPIE 2.1-4.3,DeepElectrification,0,2,NA,62.302350000000004,FALSE,FALSE,NA,NA,NA,REMIND-MAgPIE 2.1-4.3 | DeepElectrification | 2C
SCI-vetted,R10REST_ASIA,2C,mortality_million_deaths,PM2.5 mortality,million cumulative PM2.5-attributable deaths,TRUE,REMIND,REMIND-MAgPIE 3.2-4.6,SHAPE,0,2,NA,56.569069999999996,FALSE,FALSE,NA,NA,NA,REMIND-MAgPIE 3.2-4.6 | SHAPE | 2C
SCI-vetted,R10REST_ASIA,2C,mortality_million_deaths,PM2.5 mortality,million cumulative PM2.5-attributable deaths,TRUE,REMIND,REMIND-MAgPIE 3.2.0-4.8.0,RESCUE,0,4,NA,55.227865,FALSE,FALSE,NA,NA,NA,REMIND-MAgPIE 3.2.0-4.8.0 | RESCUE | 2C
SCI-vetted,R10REST_ASIA,2C,mortality_million_deaths,PM2.5 mortality,million cumulative PM2.5-attributable deaths,TRUE,REMIND,REMIND-MAgPIE 3.3-4.8,NGFS Phase 5,0,5,NA,55.430945,FALSE,FALSE,NA,NA,NA,REMIND-MAgPIE 3.3-4.8 | NGFS Phase 5 | 2C
SCI-vetted,R10REST_ASIA,2C,mortality_million_deaths,PM2.5 mortality,million cumulative PM2.5-attributable deaths,TRUE,WITCH,WITCH 5.0,ENGAGE,0,26,NA,51.795249999999996,FALSE,FALSE,NA,NA,NA,WITCH 5.0 | ENGAGE | 2C
SCI-vetted,R10REST_ASIA,2C,mortality_million_deaths,PM2.5 mortality,million cumulative PM2.5-attributable deaths,TRUE,WITCH,WITCH 5.0,NAVIGATE,0,2,NA,52.7519475,FALSE,FALSE,NA,NA,NA,WITCH 5.0 | NAVIGATE | 2C
SCI-vetted,R10REST_ASIA,2C,total_energy_jobyears_per_1k,Employment,"total energy-sector job-years per 1,000 people",FALSE,GCAM,GCAM 5.3,NGFS Phase 2,0,1,NA,324.63598737604923,FALSE,FALSE,NA,NA,NA,GCAM 5.3 | NGFS Phase 2 | 2C
SCI-vetted,R10REST_ASIA,2C,total_energy_jobyears_per_1k,Employment,"total energy-sector job-years per 1,000 people",FALSE,GCAM,GCAM 6.0 NGFS,NGFS Phase 5,0,4,NA,498.61723525702905,FALSE,FALSE,NA,NA,NA,GCAM 6.0 NGFS | NGFS Phase 5 | 2C
SCI-vetted,R10REST_ASIA,2C,total_energy_jobyears_per_1k,Employment,"total energy-sector job-years per 1,000 people",FALSE,IMAGE,IMAGE 3.0,ENGAGE,15,0,152.7721603675904,NA,FALSE,FALSE,NA,NA,NA,IMAGE 3.0 | ENGAGE | 2C
SCI-vetted,R10REST_ASIA,2C,total_energy_jobyears_per_1k,Employment,"total energy-sector job-years per 1,000 people",FALSE,IMAGE,IMAGE 3.2,SSP2021,6,3,278.7005589679476,442.76908304412734,TRUE,TRUE,164.06852407617976,58.86910477816757,High-RE,IMAGE 3.2 | SSP2021 | 2C
SCI-vetted,R10REST_ASIA,2C,total_energy_jobyears_per_1k,Employment,"total energy-sector job-years per 1,000 people",FALSE,IMAGE,IMAGE 3.3,NAVIGATE,1,0,366.43196219819544,NA,FALSE,FALSE,NA,NA,NA,IMAGE 3.3 | NAVIGATE | 2C
SCI-vetted,R10REST_ASIA,2C,total_energy_jobyears_per_1k,Employment,"total energy-sector job-years per 1,000 people",FALSE,MESSAGEix,MESSAGEix-GLOBIOM 2.0-M-R12-NGFS,NGFS Phase 5,0,3,NA,240.46721962843597,FALSE,FALSE,NA,NA,NA,MESSAGEix-GLOBIOM 2.0-M-R12-NGFS | NGFS Phase 5 | 2C
SCI-vetted,R10REST_ASIA,2C,total_energy_jobyears_per_1k,Employment,"total energy-sector job-years per 1,000 people",FALSE,POLES,POLES-JRC ENGAGE,ENGAGE,41,0,173.3293076660468,NA,FALSE,FALSE,NA,NA,NA,POLES-JRC ENGAGE | ENGAGE | 2C
SCI-vetted,R10REST_ASIA,2C,total_energy_jobyears_per_1k,Employment,"total energy-sector job-years per 1,000 people",FALSE,REMIND,REMIND 2.1,LeastTotalCost,0,1,NA,438.04989928327007,FALSE,FALSE,NA,NA,NA,REMIND 2.1 | LeastTotalCost | 2C
SCI-vetted,R10REST_ASIA,2C,total_energy_jobyears_per_1k,Employment,"total energy-sector job-years per 1,000 people",FALSE,REMIND,REMIND 2.1,R2p1,0,1,NA,484.599641438372,FALSE,FALSE,NA,NA,NA,REMIND 2.1 | R2p1 | 2C
SCI-vetted,R10REST_ASIA,2C,total_energy_jobyears_per_1k,Employment,"total energy-sector job-years per 1,000 people",FALSE,REMIND,REMIND-Buildings 2.0,BEG,0,1,NA,538.164302323967,FALSE,FALSE,NA,NA,NA,REMIND-Buildings 2.0 | BEG | 2C
SCI-vetted,R10REST_ASIA,2C,total_energy_jobyears_per_1k,Employment,"total energy-sector job-years per 1,000 people",FALSE,REMIND,REMIND-MAgPIE 1.7-3.0,CD,0,1,NA,631.5827271217911,FALSE,FALSE,NA,NA,NA,REMIND-MAgPIE 1.7-3.0 | CD | 2C
SCI-vetted,R10REST_ASIA,2C,total_energy_jobyears_per_1k,Employment,"total energy-sector job-years per 1,000 people",FALSE,REMIND,REMIND-MAgPIE 1.7-3.0,COMMIT,0,2,NA,603.3303063439632,FALSE,FALSE,NA,NA,NA,REMIND-MAgPIE 1.7-3.0 | COMMIT | 2C
SCI-vetted,R10REST_ASIA,2C,total_energy_jobyears_per_1k,Employment,"total energy-sector job-years per 1,000 people",FALSE,REMIND,REMIND-MAgPIE 1.7-3.0,PEP,0,2,NA,603.3303063439632,FALSE,FALSE,NA,NA,NA,REMIND-MAgPIE 1.7-3.0 | PEP | 2C
SCI-vetted,R10REST_ASIA,2C,total_energy_jobyears_per_1k,Employment,"total energy-sector job-years per 1,000 people",FALSE,REMIND,REMIND-MAgPIE 2.0-4.1,Diff,0,1,NA,503.935011200866,FALSE,FALSE,NA,NA,NA,REMIND-MAgPIE 2.0-4.1 | Diff | 2C
SCI-vetted,R10REST_ASIA,2C,total_energy_jobyears_per_1k,Employment,"total energy-sector job-years per 1,000 people",FALSE,REMIND,REMIND-MAgPIE 2.1-4.2,ENGAGE,0,1,NA,503.2431085323692,FALSE,FALSE,NA,NA,NA,REMIND-MAgPIE 2.1-4.2 | ENGAGE | 2C
SCI-vetted,R10REST_ASIA,2C,total_energy_jobyears_per_1k,Employment,"total energy-sector job-years per 1,000 people",FALSE,REMIND,REMIND-MAgPIE 2.1-4.2,NGFS Phase 2,0,2,NA,495.5642489609729,FALSE,FALSE,NA,NA,NA,REMIND-MAgPIE 2.1-4.2 | NGFS Phase 2 | 2C
SCI-vetted,R10REST_ASIA,2C,total_energy_jobyears_per_1k,Employment,"total energy-sector job-years per 1,000 people",FALSE,REMIND,REMIND-MAgPIE 2.1-4.3,DeepElectrification,0,2,NA,422.65727595237473,FALSE,FALSE,NA,NA,NA,REMIND-MAgPIE 2.1-4.3 | DeepElectrification | 2C
SCI-vetted,R10REST_ASIA,2C,total_energy_jobyears_per_1k,Employment,"total energy-sector job-years per 1,000 people",FALSE,REMIND,REMIND-MAgPIE 3.2-4.6,SHAPE,0,2,NA,738.5073791686222,FALSE,FALSE,NA,NA,NA,REMIND-MAgPIE 3.2-4.6 | SHAPE | 2C
SCI-vetted,R10REST_ASIA,2C,total_energy_jobyears_per_1k,Employment,"total energy-sector job-years per 1,000 people",FALSE,REMIND,REMIND-MAgPIE 3.2.0-4.8.0,RESCUE,0,4,NA,875.709374402396,FALSE,FALSE,NA,NA,NA,REMIND-MAgPIE 3.2.0-4.8.0 | RESCUE | 2C
SCI-vetted,R10REST_ASIA,2C,total_energy_jobyears_per_1k,Employment,"total energy-sector job-years per 1,000 people",FALSE,REMIND,REMIND-MAgPIE 3.3-4.8,NGFS Phase 5,0,5,NA,560.1790422854244,FALSE,FALSE,NA,NA,NA,REMIND-MAgPIE 3.3-4.8 | NGFS Phase 5 | 2C
SCI-vetted,R10REST_ASIA,2C,total_energy_jobyears_per_1k,Employment,"total energy-sector job-years per 1,000 people",FALSE,WITCH,WITCH 5.0,ENGAGE,0,26,NA,188.904192032176,FALSE,FALSE,NA,NA,NA,WITCH 5.0 | ENGAGE | 2C
SCI-vetted,R10REST_ASIA,2C,total_energy_jobyears_per_1k,Employment,"total energy-sector job-years per 1,000 people",FALSE,WITCH,WITCH 5.0,NAVIGATE,0,2,NA,291.15070750992373,FALSE,FALSE,NA,NA,NA,WITCH 5.0 | NAVIGATE | 2C
