database,amb,Region,outcome,outcome_label,family,Model,project,Pathway,n_scenarios
Full,1.5C,Aggregated R10 regions,gap_GJ_pc,DLE gap,AIM,AIM/CGE V2.2,ENGAGE,High-CDR,1
Full,1.5C,Aggregated R10 regions,gap_GJ_pc,DLE gap,AIM,AIM/CGE V2.2,ENGAGE,High-RE,3
Full,1.5C,Aggregated R10 regions,gap_GJ_pc,DLE gap,GCAM,GCAM 5.3,Deep,High-CDR,7
Full,1.5C,Aggregated R10 regions,gap_GJ_pc,DLE gap,GCAM,GCAM 6.0 NGFS,NGFS Phase 5,High-RE,1
Full,1.5C,Aggregated R10 regions,gap_GJ_pc,DLE gap,IMAGE,IMAGE 3.2,SSP2021,High-CDR,12
Full,1.5C,Aggregated R10 regions,gap_GJ_pc,DLE gap,IMAGE,IMAGE 3.3,GEO7,High-CDR,2
Full,1.5C,Aggregated R10 regions,gap_GJ_pc,DLE gap,IMAGE,IMAGE 3.3,SHAPE,High-CDR,9
Full,1.5C,Aggregated R10 regions,gap_GJ_pc,DLE gap,MESSAGEix,MESSAGEix-GLOBIOM 1.1,ENGAGE,High-CDR,13
Full,1.5C,Aggregated R10 regions,gap_GJ_pc,DLE gap,MESSAGEix,MESSAGEix-GLOBIOM 1.1,NGFS Phase 2,High-CDR,1
Full,1.5C,Aggregated R10 regions,gap_GJ_pc,DLE gap,MESSAGEix,MESSAGEix-GLOBIOM 1.2,COVID,High-CDR,5
Full,1.5C,Aggregated R10 regions,gap_GJ_pc,DLE gap,MESSAGEix,MESSAGEix-GLOBIOM GEI 1.0,GEI,High-CDR,6
Full,1.5C,Aggregated R10 regions,gap_GJ_pc,DLE gap,MESSAGEix,MESSAGEix-GLOBIOM GEI 1.0,GEI,High-RE,3
Full,1.5C,Aggregated R10 regions,gap_GJ_pc,DLE gap,POLES,POLES-JRC ENGAGE,ENGAGE,High-CDR,4
Full,1.5C,Aggregated R10 regions,gap_GJ_pc,DLE gap,POLES,POLES-JRC ENGAGE,ENGAGE,High-RE,1
Full,1.5C,Aggregated R10 regions,gap_GJ_pc,DLE gap,REMIND,REMIND 2.1,CEMICS,High-RE,4
Full,1.5C,Aggregated R10 regions,gap_GJ_pc,DLE gap,REMIND,REMIND 2.1,R2p1,High-RE,2
Full,1.5C,Aggregated R10 regions,gap_GJ_pc,DLE gap,REMIND,REMIND 3.0,ENGAGE,High-RE,2
Full,1.5C,Aggregated R10 regions,gap_GJ_pc,DLE gap,REMIND,REMIND 3.0,NAVIGATE,High-CDR,1
Full,1.5C,Aggregated R10 regions,gap_GJ_pc,DLE gap,REMIND,REMIND-Buildings 2.0,BEG,High-RE,2
Full,1.5C,Aggregated R10 regions,gap_GJ_pc,DLE gap,REMIND,REMIND-MAgPIE 1.7-3.0,CD,High-RE,4
Full,1.5C,Aggregated R10 regions,gap_GJ_pc,DLE gap,REMIND,REMIND-MAgPIE 1.7-3.0,COMMIT,High-RE,3
Full,1.5C,Aggregated R10 regions,gap_GJ_pc,DLE gap,REMIND,REMIND-MAgPIE 1.7-3.0,PEP,High-RE,13
Full,1.5C,Aggregated R10 regions,gap_GJ_pc,DLE gap,REMIND,REMIND-MAgPIE 2.1-4.2,CEMICS,High-RE,3
Full,1.5C,Aggregated R10 regions,gap_GJ_pc,DLE gap,REMIND,REMIND-MAgPIE 2.1-4.2,ENGAGE,High-RE,19
Full,1.5C,Aggregated R10 regions,gap_GJ_pc,DLE gap,REMIND,REMIND-MAgPIE 2.1-4.2,SusDev,High-RE,2
Full,1.5C,Aggregated R10 regions,gap_GJ_pc,DLE gap,REMIND,REMIND-MAgPIE 2.1-4.3,DeepElectrification,High-RE,1
Full,1.5C,Aggregated R10 regions,gap_GJ_pc,DLE gap,REMIND,REMIND-MAgPIE 3.2.0-4.8.0,RESCUE,High-RE,3
Full,1.5C,Aggregated R10 regions,gap_GJ_pc,DLE gap,REMIND,REMIND-MAgPIE 3.3-4.8,NGFS Phase 5,High-RE,1
Full,1.5C,Aggregated R10 regions,gap_GJ_pc,DLE gap,WITCH,WITCH 5.0,ENGAGE,High-CDR,6
Full,1.5C,Aggregated R10 regions,headcount_pct,Deprived headcount,AIM,AIM/CGE V2.2,ENGAGE,High-CDR,1
Full,1.5C,Aggregated R10 regions,headcount_pct,Deprived headcount,AIM,AIM/CGE V2.2,ENGAGE,High-RE,3
Full,1.5C,Aggregated R10 regions,headcount_pct,Deprived headcount,GCAM,GCAM 5.3,Deep,High-CDR,7
Full,1.5C,Aggregated R10 regions,headcount_pct,Deprived headcount,GCAM,GCAM 6.0 NGFS,NGFS Phase 5,High-RE,1
Full,1.5C,Aggregated R10 regions,headcount_pct,Deprived headcount,IMAGE,IMAGE 3.2,SSP2021,High-CDR,12
Full,1.5C,Aggregated R10 regions,headcount_pct,Deprived headcount,IMAGE,IMAGE 3.3,GEO7,High-CDR,2
Full,1.5C,Aggregated R10 regions,headcount_pct,Deprived headcount,IMAGE,IMAGE 3.3,SHAPE,High-CDR,9
Full,1.5C,Aggregated R10 regions,headcount_pct,Deprived headcount,MESSAGEix,MESSAGEix-GLOBIOM 1.1,ENGAGE,High-CDR,13
Full,1.5C,Aggregated R10 regions,headcount_pct,Deprived headcount,MESSAGEix,MESSAGEix-GLOBIOM 1.1,NGFS Phase 2,High-CDR,1
Full,1.5C,Aggregated R10 regions,headcount_pct,Deprived headcount,MESSAGEix,MESSAGEix-GLOBIOM 1.2,COVID,High-CDR,5
Full,1.5C,Aggregated R10 regions,headcount_pct,Deprived headcount,MESSAGEix,MESSAGEix-GLOBIOM GEI 1.0,GEI,High-CDR,6
Full,1.5C,Aggregated R10 regions,headcount_pct,Deprived headcount,MESSAGEix,MESSAGEix-GLOBIOM GEI 1.0,GEI,High-RE,3
Full,1.5C,Aggregated R10 regions,headcount_pct,Deprived headcount,POLES,POLES-JRC ENGAGE,ENGAGE,High-CDR,4
Full,1.5C,Aggregated R10 regions,headcount_pct,Deprived headcount,POLES,POLES-JRC ENGAGE,ENGAGE,High-RE,1
Full,1.5C,Aggregated R10 regions,headcount_pct,Deprived headcount,REMIND,REMIND 2.1,CEMICS,High-RE,4
Full,1.5C,Aggregated R10 regions,headcount_pct,Deprived headcount,REMIND,REMIND 2.1,R2p1,High-RE,2
Full,1.5C,Aggregated R10 regions,headcount_pct,Deprived headcount,REMIND,REMIND 3.0,ENGAGE,High-RE,2
Full,1.5C,Aggregated R10 regions,headcount_pct,Deprived headcount,REMIND,REMIND 3.0,NAVIGATE,High-CDR,1
Full,1.5C,Aggregated R10 regions,headcount_pct,Deprived headcount,REMIND,REMIND-Buildings 2.0,BEG,High-RE,2
Full,1.5C,Aggregated R10 regions,headcount_pct,Deprived headcount,REMIND,REMIND-MAgPIE 1.7-3.0,CD,High-RE,4
Full,1.5C,Aggregated R10 regions,headcount_pct,Deprived headcount,REMIND,REMIND-MAgPIE 1.7-3.0,COMMIT,High-RE,3
Full,1.5C,Aggregated R10 regions,headcount_pct,Deprived headcount,REMIND,REMIND-MAgPIE 1.7-3.0,PEP,High-RE,13
Full,1.5C,Aggregated R10 regions,headcount_pct,Deprived headcount,REMIND,REMIND-MAgPIE 2.1-4.2,CEMICS,High-RE,3
Full,1.5C,Aggregated R10 regions,headcount_pct,Deprived headcount,REMIND,REMIND-MAgPIE 2.1-4.2,ENGAGE,High-RE,19
Full,1.5C,Aggregated R10 regions,headcount_pct,Deprived headcount,REMIND,REMIND-MAgPIE 2.1-4.2,SusDev,High-RE,2
Full,1.5C,Aggregated R10 regions,headcount_pct,Deprived headcount,REMIND,REMIND-MAgPIE 2.1-4.3,DeepElectrification,High-RE,1
Full,1.5C,Aggregated R10 regions,headcount_pct,Deprived headcount,REMIND,REMIND-MAgPIE 3.2.0-4.8.0,RESCUE,High-RE,3
Full,1.5C,Aggregated R10 regions,headcount_pct,Deprived headcount,REMIND,REMIND-MAgPIE 3.3-4.8,NGFS Phase 5,High-RE,1
Full,1.5C,Aggregated R10 regions,headcount_pct,Deprived headcount,WITCH,WITCH 5.0,ENGAGE,High-CDR,6
Full,1.5C,Aggregated R10 regions,mortality_million_deaths,PM2.5 mortality,AIM,AIM/CGE V2.2,ENGAGE,High-CDR,1
Full,1.5C,Aggregated R10 regions,mortality_million_deaths,PM2.5 mortality,GCAM,GCAM 6.0 NGFS,NGFS Phase 5,High-RE,1
Full,1.5C,Aggregated R10 regions,mortality_million_deaths,PM2.5 mortality,IMAGE,IMAGE 3.2,SSP2021,High-CDR,12
Full,1.5C,Aggregated R10 regions,mortality_million_deaths,PM2.5 mortality,IMAGE,IMAGE 3.3,GEO7,High-CDR,2
Full,1.5C,Aggregated R10 regions,mortality_million_deaths,PM2.5 mortality,IMAGE,IMAGE 3.3,SHAPE,High-CDR,9
Full,1.5C,Aggregated R10 regions,mortality_million_deaths,PM2.5 mortality,MESSAGEix,MESSAGEix-GLOBIOM 1.1,ENGAGE,High-CDR,11
Full,1.5C,Aggregated R10 regions,mortality_million_deaths,PM2.5 mortality,MESSAGEix,MESSAGEix-GLOBIOM 1.1,NGFS Phase 2,High-CDR,1
Full,1.5C,Aggregated R10 regions,mortality_million_deaths,PM2.5 mortality,MESSAGEix,MESSAGEix-GLOBIOM 1.2,COVID,High-CDR,5
Full,1.5C,Aggregated R10 regions,mortality_million_deaths,PM2.5 mortality,MESSAGEix,MESSAGEix-GLOBIOM GEI 1.0,GEI,High-CDR,6
Full,1.5C,Aggregated R10 regions,mortality_million_deaths,PM2.5 mortality,MESSAGEix,MESSAGEix-GLOBIOM GEI 1.0,GEI,High-RE,3
Full,1.5C,Aggregated R10 regions,mortality_million_deaths,PM2.5 mortality,POLES,POLES-JRC ENGAGE,ENGAGE,High-CDR,4
Full,1.5C,Aggregated R10 regions,mortality_million_deaths,PM2.5 mortality,REMIND,REMIND 2.1,R2p1,High-RE,2
Full,1.5C,Aggregated R10 regions,mortality_million_deaths,PM2.5 mortality,REMIND,REMIND-Buildings 2.0,BEG,High-RE,2
Full,1.5C,Aggregated R10 regions,mortality_million_deaths,PM2.5 mortality,REMIND,REMIND-MAgPIE 1.7-3.0,CD,High-RE,4
Full,1.5C,Aggregated R10 regions,mortality_million_deaths,PM2.5 mortality,REMIND,REMIND-MAgPIE 1.7-3.0,COMMIT,High-RE,3
Full,1.5C,Aggregated R10 regions,mortality_million_deaths,PM2.5 mortality,REMIND,REMIND-MAgPIE 1.7-3.0,PEP,High-RE,13
Full,1.5C,Aggregated R10 regions,mortality_million_deaths,PM2.5 mortality,REMIND,REMIND-MAgPIE 2.1-4.2,ENGAGE,High-RE,19
Full,1.5C,Aggregated R10 regions,mortality_million_deaths,PM2.5 mortality,REMIND,REMIND-MAgPIE 2.1-4.2,SusDev,High-RE,2
Full,1.5C,Aggregated R10 regions,mortality_million_deaths,PM2.5 mortality,REMIND,REMIND-MAgPIE 2.1-4.3,DeepElectrification,High-RE,1
Full,1.5C,Aggregated R10 regions,mortality_million_deaths,PM2.5 mortality,REMIND,REMIND-MAgPIE 3.2.0-4.8.0,RESCUE,High-RE,3
Full,1.5C,Aggregated R10 regions,mortality_million_deaths,PM2.5 mortality,REMIND,REMIND-MAgPIE 3.3-4.8,NGFS Phase 5,High-RE,1
Full,1.5C,Aggregated R10 regions,mortality_million_deaths,PM2.5 mortality,WITCH,WITCH 5.0,ENGAGE,High-CDR,6
Full,1.5C,Aggregated R10 regions,total_energy_jobyears_per_1k,Employment,AIM,AIM/CGE V2.2,ENGAGE,High-CDR,1
Full,1.5C,Aggregated R10 regions,total_energy_jobyears_per_1k,Employment,AIM,AIM/CGE V2.2,ENGAGE,High-RE,3
Full,1.5C,Aggregated R10 regions,total_energy_jobyears_per_1k,Employment,GCAM,GCAM 6.0 NGFS,NGFS Phase 5,High-RE,1
Full,1.5C,Aggregated R10 regions,total_energy_jobyears_per_1k,Employment,IMAGE,IMAGE 3.2,SSP2021,High-CDR,12
Full,1.5C,Aggregated R10 regions,total_energy_jobyears_per_1k,Employment,IMAGE,IMAGE 3.3,SHAPE,High-CDR,9
Full,1.5C,Aggregated R10 regions,total_energy_jobyears_per_1k,Employment,MESSAGEix,MESSAGEix-GLOBIOM 1.1,ENGAGE,High-CDR,13
Full,1.5C,Aggregated R10 regions,total_energy_jobyears_per_1k,Employment,MESSAGEix,MESSAGEix-GLOBIOM 1.1,NGFS Phase 2,High-CDR,1
Full,1.5C,Aggregated R10 regions,total_energy_jobyears_per_1k,Employment,MESSAGEix,MESSAGEix-GLOBIOM 1.2,COVID,High-CDR,5
Full,1.5C,Aggregated R10 regions,total_energy_jobyears_per_1k,Employment,MESSAGEix,MESSAGEix-GLOBIOM GEI 1.0,GEI,High-CDR,6
Full,1.5C,Aggregated R10 regions,total_energy_jobyears_per_1k,Employment,MESSAGEix,MESSAGEix-GLOBIOM GEI 1.0,GEI,High-RE,3
Full,1.5C,Aggregated R10 regions,total_energy_jobyears_per_1k,Employment,POLES,POLES-JRC ENGAGE,ENGAGE,High-CDR,4
Full,1.5C,Aggregated R10 regions,total_energy_jobyears_per_1k,Employment,POLES,POLES-JRC ENGAGE,ENGAGE,High-RE,1
Full,1.5C,Aggregated R10 regions,total_energy_jobyears_per_1k,Employment,REMIND,REMIND 2.1,CEMICS,High-RE,4
Full,1.5C,Aggregated R10 regions,total_energy_jobyears_per_1k,Employment,REMIND,REMIND 2.1,R2p1,High-RE,2
Full,1.5C,Aggregated R10 regions,total_energy_jobyears_per_1k,Employment,REMIND,REMIND 3.0,ENGAGE,High-RE,2
Full,1.5C,Aggregated R10 regions,total_energy_jobyears_per_1k,Employment,REMIND,REMIND 3.0,NAVIGATE,High-CDR,1
Full,1.5C,Aggregated R10 regions,total_energy_jobyears_per_1k,Employment,REMIND,REMIND-Buildings 2.0,BEG,High-RE,2
Full,1.5C,Aggregated R10 regions,total_energy_jobyears_per_1k,Employment,REMIND,REMIND-MAgPIE 1.7-3.0,CD,High-RE,4
Full,1.5C,Aggregated R10 regions,total_energy_jobyears_per_1k,Employment,REMIND,REMIND-MAgPIE 1.7-3.0,COMMIT,High-RE,3
Full,1.5C,Aggregated R10 regions,total_energy_jobyears_per_1k,Employment,REMIND,REMIND-MAgPIE 1.7-3.0,PEP,High-RE,13
Full,1.5C,Aggregated R10 regions,total_energy_jobyears_per_1k,Employment,REMIND,REMIND-MAgPIE 2.1-4.2,CEMICS,High-RE,3
Full,1.5C,Aggregated R10 regions,total_energy_jobyears_per_1k,Employment,REMIND,REMIND-MAgPIE 2.1-4.2,ENGAGE,High-RE,19
Full,1.5C,Aggregated R10 regions,total_energy_jobyears_per_1k,Employment,REMIND,REMIND-MAgPIE 2.1-4.2,SusDev,High-RE,2
Full,1.5C,Aggregated R10 regions,total_energy_jobyears_per_1k,Employment,REMIND,REMIND-MAgPIE 2.1-4.3,DeepElectrification,High-RE,1
Full,1.5C,Aggregated R10 regions,total_energy_jobyears_per_1k,Employment,REMIND,REMIND-MAgPIE 3.2.0-4.8.0,RESCUE,High-RE,3
Full,1.5C,Aggregated R10 regions,total_energy_jobyears_per_1k,Employment,REMIND,REMIND-MAgPIE 3.3-4.8,NGFS Phase 5,High-RE,1
Full,1.5C,Aggregated R10 regions,total_energy_jobyears_per_1k,Employment,WITCH,WITCH 5.0,ENGAGE,High-CDR,6
Full,1.5C,R10AFRICA,gap_GJ_pc,DLE gap,AIM,AIM/CGE V2.2,ENGAGE,High-CDR,1
Full,1.5C,R10AFRICA,gap_GJ_pc,DLE gap,AIM,AIM/CGE V2.2,ENGAGE,High-RE,3
Full,1.5C,R10AFRICA,gap_GJ_pc,DLE gap,GCAM,GCAM 5.3,Deep,High-CDR,7
Full,1.5C,R10AFRICA,gap_GJ_pc,DLE gap,GCAM,GCAM 6.0 NGFS,NGFS Phase 5,High-RE,1
Full,1.5C,R10AFRICA,gap_GJ_pc,DLE gap,IMAGE,IMAGE 3.2,SSP2021,High-CDR,12
Full,1.5C,R10AFRICA,gap_GJ_pc,DLE gap,IMAGE,IMAGE 3.3,GEO7,High-CDR,2
Full,1.5C,R10AFRICA,gap_GJ_pc,DLE gap,IMAGE,IMAGE 3.3,SHAPE,High-CDR,9
Full,1.5C,R10AFRICA,gap_GJ_pc,DLE gap,MESSAGEix,MESSAGEix-GLOBIOM 1.1,ENGAGE,High-CDR,13
Full,1.5C,R10AFRICA,gap_GJ_pc,DLE gap,MESSAGEix,MESSAGEix-GLOBIOM 1.1,NGFS Phase 2,High-CDR,1
Full,1.5C,R10AFRICA,gap_GJ_pc,DLE gap,MESSAGEix,MESSAGEix-GLOBIOM 1.2,COVID,High-CDR,5
Full,1.5C,R10AFRICA,gap_GJ_pc,DLE gap,MESSAGEix,MESSAGEix-GLOBIOM GEI 1.0,GEI,High-CDR,6
Full,1.5C,R10AFRICA,gap_GJ_pc,DLE gap,MESSAGEix,MESSAGEix-GLOBIOM GEI 1.0,GEI,High-RE,3
Full,1.5C,R10AFRICA,gap_GJ_pc,DLE gap,POLES,POLES-JRC ENGAGE,ENGAGE,High-CDR,4
Full,1.5C,R10AFRICA,gap_GJ_pc,DLE gap,POLES,POLES-JRC ENGAGE,ENGAGE,High-RE,1
Full,1.5C,R10AFRICA,gap_GJ_pc,DLE gap,REMIND,REMIND 2.1,CEMICS,High-RE,4
Full,1.5C,R10AFRICA,gap_GJ_pc,DLE gap,REMIND,REMIND 2.1,R2p1,High-RE,2
Full,1.5C,R10AFRICA,gap_GJ_pc,DLE gap,REMIND,REMIND 3.0,ENGAGE,High-RE,2
Full,1.5C,R10AFRICA,gap_GJ_pc,DLE gap,REMIND,REMIND 3.0,NAVIGATE,High-CDR,1
Full,1.5C,R10AFRICA,gap_GJ_pc,DLE gap,REMIND,REMIND-Buildings 2.0,BEG,High-RE,2
Full,1.5C,R10AFRICA,gap_GJ_pc,DLE gap,REMIND,REMIND-MAgPIE 1.7-3.0,CD,High-RE,4
Full,1.5C,R10AFRICA,gap_GJ_pc,DLE gap,REMIND,REMIND-MAgPIE 1.7-3.0,COMMIT,High-RE,3
Full,1.5C,R10AFRICA,gap_GJ_pc,DLE gap,REMIND,REMIND-MAgPIE 1.7-3.0,PEP,High-RE,13
Full,1.5C,R10AFRICA,gap_GJ_pc,DLE gap,REMIND,REMIND-MAgPIE 2.1-4.2,CEMICS,High-RE,3
Full,1.5C,R10AFRICA,gap_GJ_pc,DLE gap,REMIND,REMIND-MAgPIE 2.1-4.2,ENGAGE,High-RE,19
Full,1.5C,R10AFRICA,gap_GJ_pc,DLE gap,REMIND,REMIND-MAgPIE 2.1-4.2,SusDev,High-RE,2
Full,1.5C,R10AFRICA,gap_GJ_pc,DLE gap,REMIND,REMIND-MAgPIE 2.1-4.3,DeepElectrification,High-RE,1
Full,1.5C,R10AFRICA,gap_GJ_pc,DLE gap,REMIND,REMIND-MAgPIE 3.2.0-4.8.0,RESCUE,High-RE,3
Full,1.5C,R10AFRICA,gap_GJ_pc,DLE gap,REMIND,REMIND-MAgPIE 3.3-4.8,NGFS Phase 5,High-RE,1
Full,1.5C,R10AFRICA,gap_GJ_pc,DLE gap,WITCH,WITCH 5.0,ENGAGE,High-CDR,6
Full,1.5C,R10AFRICA,headcount_pct,Deprived headcount,AIM,AIM/CGE V2.2,ENGAGE,High-CDR,1
Full,1.5C,R10AFRICA,headcount_pct,Deprived headcount,AIM,AIM/CGE V2.2,ENGAGE,High-RE,3
Full,1.5C,R10AFRICA,headcount_pct,Deprived headcount,GCAM,GCAM 5.3,Deep,High-CDR,7
Full,1.5C,R10AFRICA,headcount_pct,Deprived headcount,GCAM,GCAM 6.0 NGFS,NGFS Phase 5,High-RE,1
Full,1.5C,R10AFRICA,headcount_pct,Deprived headcount,IMAGE,IMAGE 3.2,SSP2021,High-CDR,12
Full,1.5C,R10AFRICA,headcount_pct,Deprived headcount,IMAGE,IMAGE 3.3,GEO7,High-CDR,2
Full,1.5C,R10AFRICA,headcount_pct,Deprived headcount,IMAGE,IMAGE 3.3,SHAPE,High-CDR,9
Full,1.5C,R10AFRICA,headcount_pct,Deprived headcount,MESSAGEix,MESSAGEix-GLOBIOM 1.1,ENGAGE,High-CDR,13
Full,1.5C,R10AFRICA,headcount_pct,Deprived headcount,MESSAGEix,MESSAGEix-GLOBIOM 1.1,NGFS Phase 2,High-CDR,1
Full,1.5C,R10AFRICA,headcount_pct,Deprived headcount,MESSAGEix,MESSAGEix-GLOBIOM 1.2,COVID,High-CDR,5
Full,1.5C,R10AFRICA,headcount_pct,Deprived headcount,MESSAGEix,MESSAGEix-GLOBIOM GEI 1.0,GEI,High-CDR,6
Full,1.5C,R10AFRICA,headcount_pct,Deprived headcount,MESSAGEix,MESSAGEix-GLOBIOM GEI 1.0,GEI,High-RE,3
Full,1.5C,R10AFRICA,headcount_pct,Deprived headcount,POLES,POLES-JRC ENGAGE,ENGAGE,High-CDR,4
Full,1.5C,R10AFRICA,headcount_pct,Deprived headcount,POLES,POLES-JRC ENGAGE,ENGAGE,High-RE,1
Full,1.5C,R10AFRICA,headcount_pct,Deprived headcount,REMIND,REMIND 2.1,CEMICS,High-RE,4
Full,1.5C,R10AFRICA,headcount_pct,Deprived headcount,REMIND,REMIND 2.1,R2p1,High-RE,2
Full,1.5C,R10AFRICA,headcount_pct,Deprived headcount,REMIND,REMIND 3.0,ENGAGE,High-RE,2
Full,1.5C,R10AFRICA,headcount_pct,Deprived headcount,REMIND,REMIND 3.0,NAVIGATE,High-CDR,1
Full,1.5C,R10AFRICA,headcount_pct,Deprived headcount,REMIND,REMIND-Buildings 2.0,BEG,High-RE,2
Full,1.5C,R10AFRICA,headcount_pct,Deprived headcount,REMIND,REMIND-MAgPIE 1.7-3.0,CD,High-RE,4
Full,1.5C,R10AFRICA,headcount_pct,Deprived headcount,REMIND,REMIND-MAgPIE 1.7-3.0,COMMIT,High-RE,3
Full,1.5C,R10AFRICA,headcount_pct,Deprived headcount,REMIND,REMIND-MAgPIE 1.7-3.0,PEP,High-RE,13
Full,1.5C,R10AFRICA,headcount_pct,Deprived headcount,REMIND,REMIND-MAgPIE 2.1-4.2,CEMICS,High-RE,3
Full,1.5C,R10AFRICA,headcount_pct,Deprived headcount,REMIND,REMIND-MAgPIE 2.1-4.2,ENGAGE,High-RE,19
Full,1.5C,R10AFRICA,headcount_pct,Deprived headcount,REMIND,REMIND-MAgPIE 2.1-4.2,SusDev,High-RE,2
Full,1.5C,R10AFRICA,headcount_pct,Deprived headcount,REMIND,REMIND-MAgPIE 2.1-4.3,DeepElectrification,High-RE,1
Full,1.5C,R10AFRICA,headcount_pct,Deprived headcount,REMIND,REMIND-MAgPIE 3.2.0-4.8.0,RESCUE,High-RE,3
Full,1.5C,R10AFRICA,headcount_pct,Deprived headcount,REMIND,REMIND-MAgPIE 3.3-4.8,NGFS Phase 5,High-RE,1
Full,1.5C,R10AFRICA,headcount_pct,Deprived headcount,WITCH,WITCH 5.0,ENGAGE,High-CDR,6
Full,1.5C,R10AFRICA,mortality_million_deaths,PM2.5 mortality,AIM,AIM/CGE V2.2,ENGAGE,High-CDR,1
Full,1.5C,R10AFRICA,mortality_million_deaths,PM2.5 mortality,GCAM,GCAM 6.0 NGFS,NGFS Phase 5,High-RE,1
Full,1.5C,R10AFRICA,mortality_million_deaths,PM2.5 mortality,IMAGE,IMAGE 3.2,SSP2021,High-CDR,12
Full,1.5C,R10AFRICA,mortality_million_deaths,PM2.5 mortality,IMAGE,IMAGE 3.3,GEO7,High-CDR,2
Full,1.5C,R10AFRICA,mortality_million_deaths,PM2.5 mortality,IMAGE,IMAGE 3.3,SHAPE,High-CDR,9
Full,1.5C,R10AFRICA,mortality_million_deaths,PM2.5 mortality,MESSAGEix,MESSAGEix-GLOBIOM 1.1,ENGAGE,High-CDR,11
Full,1.5C,R10AFRICA,mortality_million_deaths,PM2.5 mortality,MESSAGEix,MESSAGEix-GLOBIOM 1.1,NGFS Phase 2,High-CDR,1
Full,1.5C,R10AFRICA,mortality_million_deaths,PM2.5 mortality,MESSAGEix,MESSAGEix-GLOBIOM 1.2,COVID,High-CDR,5
Full,1.5C,R10AFRICA,mortality_million_deaths,PM2.5 mortality,MESSAGEix,MESSAGEix-GLOBIOM GEI 1.0,GEI,High-CDR,6
Full,1.5C,R10AFRICA,mortality_million_deaths,PM2.5 mortality,MESSAGEix,MESSAGEix-GLOBIOM GEI 1.0,GEI,High-RE,3
Full,1.5C,R10AFRICA,mortality_million_deaths,PM2.5 mortality,POLES,POLES-JRC ENGAGE,ENGAGE,High-CDR,4
Full,1.5C,R10AFRICA,mortality_million_deaths,PM2.5 mortality,REMIND,REMIND 2.1,R2p1,High-RE,2
Full,1.5C,R10AFRICA,mortality_million_deaths,PM2.5 mortality,REMIND,REMIND-Buildings 2.0,BEG,High-RE,2
Full,1.5C,R10AFRICA,mortality_million_deaths,PM2.5 mortality,REMIND,REMIND-MAgPIE 1.7-3.0,CD,High-RE,4
Full,1.5C,R10AFRICA,mortality_million_deaths,PM2.5 mortality,REMIND,REMIND-MAgPIE 1.7-3.0,COMMIT,High-RE,3
Full,1.5C,R10AFRICA,mortality_million_deaths,PM2.5 mortality,REMIND,REMIND-MAgPIE 1.7-3.0,PEP,High-RE,13
Full,1.5C,R10AFRICA,mortality_million_deaths,PM2.5 mortality,REMIND,REMIND-MAgPIE 2.1-4.2,ENGAGE,High-RE,19
Full,1.5C,R10AFRICA,mortality_million_deaths,PM2.5 mortality,REMIND,REMIND-MAgPIE 2.1-4.2,SusDev,High-RE,2
Full,1.5C,R10AFRICA,mortality_million_deaths,PM2.5 mortality,REMIND,REMIND-MAgPIE 2.1-4.3,DeepElectrification,High-RE,1
Full,1.5C,R10AFRICA,mortality_million_deaths,PM2.5 mortality,REMIND,REMIND-MAgPIE 3.2.0-4.8.0,RESCUE,High-RE,3
Full,1.5C,R10AFRICA,mortality_million_deaths,PM2.5 mortality,REMIND,REMIND-MAgPIE 3.3-4.8,NGFS Phase 5,High-RE,1
Full,1.5C,R10AFRICA,mortality_million_deaths,PM2.5 mortality,WITCH,WITCH 5.0,ENGAGE,High-CDR,6
Full,1.5C,R10AFRICA,total_energy_jobyears_per_1k,Employment,AIM,AIM/CGE V2.2,ENGAGE,High-CDR,1
Full,1.5C,R10AFRICA,total_energy_jobyears_per_1k,Employment,AIM,AIM/CGE V2.2,ENGAGE,High-RE,3
Full,1.5C,R10AFRICA,total_energy_jobyears_per_1k,Employment,GCAM,GCAM 6.0 NGFS,NGFS Phase 5,High-RE,1
Full,1.5C,R10AFRICA,total_energy_jobyears_per_1k,Employment,IMAGE,IMAGE 3.2,SSP2021,High-CDR,12
Full,1.5C,R10AFRICA,total_energy_jobyears_per_1k,Employment,IMAGE,IMAGE 3.3,SHAPE,High-CDR,9
Full,1.5C,R10AFRICA,total_energy_jobyears_per_1k,Employment,MESSAGEix,MESSAGEix-GLOBIOM 1.1,ENGAGE,High-CDR,13
Full,1.5C,R10AFRICA,total_energy_jobyears_per_1k,Employment,MESSAGEix,MESSAGEix-GLOBIOM 1.1,NGFS Phase 2,High-CDR,1
Full,1.5C,R10AFRICA,total_energy_jobyears_per_1k,Employment,MESSAGEix,MESSAGEix-GLOBIOM 1.2,COVID,High-CDR,5
Full,1.5C,R10AFRICA,total_energy_jobyears_per_1k,Employment,MESSAGEix,MESSAGEix-GLOBIOM GEI 1.0,GEI,High-CDR,6
Full,1.5C,R10AFRICA,total_energy_jobyears_per_1k,Employment,MESSAGEix,MESSAGEix-GLOBIOM GEI 1.0,GEI,High-RE,3
Full,1.5C,R10AFRICA,total_energy_jobyears_per_1k,Employment,POLES,POLES-JRC ENGAGE,ENGAGE,High-CDR,4
Full,1.5C,R10AFRICA,total_energy_jobyears_per_1k,Employment,POLES,POLES-JRC ENGAGE,ENGAGE,High-RE,1
Full,1.5C,R10AFRICA,total_energy_jobyears_per_1k,Employment,REMIND,REMIND 2.1,CEMICS,High-RE,4
Full,1.5C,R10AFRICA,total_energy_jobyears_per_1k,Employment,REMIND,REMIND 2.1,R2p1,High-RE,2
Full,1.5C,R10AFRICA,total_energy_jobyears_per_1k,Employment,REMIND,REMIND 3.0,ENGAGE,High-RE,2
Full,1.5C,R10AFRICA,total_energy_jobyears_per_1k,Employment,REMIND,REMIND 3.0,NAVIGATE,High-CDR,1
Full,1.5C,R10AFRICA,total_energy_jobyears_per_1k,Employment,REMIND,REMIND-Buildings 2.0,BEG,High-RE,2
Full,1.5C,R10AFRICA,total_energy_jobyears_per_1k,Employment,REMIND,REMIND-MAgPIE 1.7-3.0,CD,High-RE,4
Full,1.5C,R10AFRICA,total_energy_jobyears_per_1k,Employment,REMIND,REMIND-MAgPIE 1.7-3.0,COMMIT,High-RE,3
Full,1.5C,R10AFRICA,total_energy_jobyears_per_1k,Employment,REMIND,REMIND-MAgPIE 1.7-3.0,PEP,High-RE,13
Full,1.5C,R10AFRICA,total_energy_jobyears_per_1k,Employment,REMIND,REMIND-MAgPIE 2.1-4.2,CEMICS,High-RE,3
Full,1.5C,R10AFRICA,total_energy_jobyears_per_1k,Employment,REMIND,REMIND-MAgPIE 2.1-4.2,ENGAGE,High-RE,19
Full,1.5C,R10AFRICA,total_energy_jobyears_per_1k,Employment,REMIND,REMIND-MAgPIE 2.1-4.2,SusDev,High-RE,2
Full,1.5C,R10AFRICA,total_energy_jobyears_per_1k,Employment,REMIND,REMIND-MAgPIE 2.1-4.3,DeepElectrification,High-RE,1
Full,1.5C,R10AFRICA,total_energy_jobyears_per_1k,Employment,REMIND,REMIND-MAgPIE 3.2.0-4.8.0,RESCUE,High-RE,3
Full,1.5C,R10AFRICA,total_energy_jobyears_per_1k,Employment,REMIND,REMIND-MAgPIE 3.3-4.8,NGFS Phase 5,High-RE,1
Full,1.5C,R10AFRICA,total_energy_jobyears_per_1k,Employment,WITCH,WITCH 5.0,ENGAGE,High-CDR,6
Full,1.5C,R10CHINA+,gap_GJ_pc,DLE gap,AIM,AIM/CGE V2.2,ENGAGE,High-CDR,1
Full,1.5C,R10CHINA+,gap_GJ_pc,DLE gap,AIM,AIM/CGE V2.2,ENGAGE,High-RE,3
Full,1.5C,R10CHINA+,gap_GJ_pc,DLE gap,GCAM,GCAM 5.3,Deep,High-CDR,7
Full,1.5C,R10CHINA+,gap_GJ_pc,DLE gap,GCAM,GCAM 6.0 NGFS,NGFS Phase 5,High-RE,1
Full,1.5C,R10CHINA+,gap_GJ_pc,DLE gap,IMAGE,IMAGE 3.2,SSP2021,High-CDR,12
Full,1.5C,R10CHINA+,gap_GJ_pc,DLE gap,IMAGE,IMAGE 3.3,GEO7,High-CDR,2
Full,1.5C,R10CHINA+,gap_GJ_pc,DLE gap,IMAGE,IMAGE 3.3,SHAPE,High-CDR,9
Full,1.5C,R10CHINA+,gap_GJ_pc,DLE gap,MESSAGEix,MESSAGEix-GLOBIOM 1.1,ENGAGE,High-CDR,13
Full,1.5C,R10CHINA+,gap_GJ_pc,DLE gap,MESSAGEix,MESSAGEix-GLOBIOM 1.1,NGFS Phase 2,High-CDR,1
Full,1.5C,R10CHINA+,gap_GJ_pc,DLE gap,MESSAGEix,MESSAGEix-GLOBIOM 1.2,COVID,High-CDR,5
Full,1.5C,R10CHINA+,gap_GJ_pc,DLE gap,MESSAGEix,MESSAGEix-GLOBIOM GEI 1.0,GEI,High-CDR,6
Full,1.5C,R10CHINA+,gap_GJ_pc,DLE gap,MESSAGEix,MESSAGEix-GLOBIOM GEI 1.0,GEI,High-RE,3
Full,1.5C,R10CHINA+,gap_GJ_pc,DLE gap,POLES,POLES-JRC ENGAGE,ENGAGE,High-CDR,4
Full,1.5C,R10CHINA+,gap_GJ_pc,DLE gap,POLES,POLES-JRC ENGAGE,ENGAGE,High-RE,1
Full,1.5C,R10CHINA+,gap_GJ_pc,DLE gap,REMIND,REMIND 2.1,CEMICS,High-RE,4
Full,1.5C,R10CHINA+,gap_GJ_pc,DLE gap,REMIND,REMIND 2.1,R2p1,High-RE,2
Full,1.5C,R10CHINA+,gap_GJ_pc,DLE gap,REMIND,REMIND 3.0,ENGAGE,High-RE,2
Full,1.5C,R10CHINA+,gap_GJ_pc,DLE gap,REMIND,REMIND 3.0,NAVIGATE,High-CDR,1
Full,1.5C,R10CHINA+,gap_GJ_pc,DLE gap,REMIND,REMIND-Buildings 2.0,BEG,High-RE,2
Full,1.5C,R10CHINA+,gap_GJ_pc,DLE gap,REMIND,REMIND-MAgPIE 1.7-3.0,CD,High-RE,4
Full,1.5C,R10CHINA+,gap_GJ_pc,DLE gap,REMIND,REMIND-MAgPIE 1.7-3.0,COMMIT,High-RE,3
Full,1.5C,R10CHINA+,gap_GJ_pc,DLE gap,REMIND,REMIND-MAgPIE 1.7-3.0,PEP,High-RE,13
Full,1.5C,R10CHINA+,gap_GJ_pc,DLE gap,REMIND,REMIND-MAgPIE 2.1-4.2,CEMICS,High-RE,3
Full,1.5C,R10CHINA+,gap_GJ_pc,DLE gap,REMIND,REMIND-MAgPIE 2.1-4.2,ENGAGE,High-RE,19
Full,1.5C,R10CHINA+,gap_GJ_pc,DLE gap,REMIND,REMIND-MAgPIE 2.1-4.2,SusDev,High-RE,2
Full,1.5C,R10CHINA+,gap_GJ_pc,DLE gap,REMIND,REMIND-MAgPIE 2.1-4.3,DeepElectrification,High-RE,1
Full,1.5C,R10CHINA+,gap_GJ_pc,DLE gap,REMIND,REMIND-MAgPIE 3.2.0-4.8.0,RESCUE,High-RE,3
Full,1.5C,R10CHINA+,gap_GJ_pc,DLE gap,REMIND,REMIND-MAgPIE 3.3-4.8,NGFS Phase 5,High-RE,1
Full,1.5C,R10CHINA+,gap_GJ_pc,DLE gap,WITCH,WITCH 5.0,ENGAGE,High-CDR,6
Full,1.5C,R10CHINA+,headcount_pct,Deprived headcount,AIM,AIM/CGE V2.2,ENGAGE,High-CDR,1
Full,1.5C,R10CHINA+,headcount_pct,Deprived headcount,AIM,AIM/CGE V2.2,ENGAGE,High-RE,3
Full,1.5C,R10CHINA+,headcount_pct,Deprived headcount,GCAM,GCAM 5.3,Deep,High-CDR,7
Full,1.5C,R10CHINA+,headcount_pct,Deprived headcount,GCAM,GCAM 6.0 NGFS,NGFS Phase 5,High-RE,1
Full,1.5C,R10CHINA+,headcount_pct,Deprived headcount,IMAGE,IMAGE 3.2,SSP2021,High-CDR,12
Full,1.5C,R10CHINA+,headcount_pct,Deprived headcount,IMAGE,IMAGE 3.3,GEO7,High-CDR,2
Full,1.5C,R10CHINA+,headcount_pct,Deprived headcount,IMAGE,IMAGE 3.3,SHAPE,High-CDR,9
Full,1.5C,R10CHINA+,headcount_pct,Deprived headcount,MESSAGEix,MESSAGEix-GLOBIOM 1.1,ENGAGE,High-CDR,13
Full,1.5C,R10CHINA+,headcount_pct,Deprived headcount,MESSAGEix,MESSAGEix-GLOBIOM 1.1,NGFS Phase 2,High-CDR,1
Full,1.5C,R10CHINA+,headcount_pct,Deprived headcount,MESSAGEix,MESSAGEix-GLOBIOM 1.2,COVID,High-CDR,5
Full,1.5C,R10CHINA+,headcount_pct,Deprived headcount,MESSAGEix,MESSAGEix-GLOBIOM GEI 1.0,GEI,High-CDR,6
Full,1.5C,R10CHINA+,headcount_pct,Deprived headcount,MESSAGEix,MESSAGEix-GLOBIOM GEI 1.0,GEI,High-RE,3
Full,1.5C,R10CHINA+,headcount_pct,Deprived headcount,POLES,POLES-JRC ENGAGE,ENGAGE,High-CDR,4
Full,1.5C,R10CHINA+,headcount_pct,Deprived headcount,POLES,POLES-JRC ENGAGE,ENGAGE,High-RE,1
Full,1.5C,R10CHINA+,headcount_pct,Deprived headcount,REMIND,REMIND 2.1,CEMICS,High-RE,4
Full,1.5C,R10CHINA+,headcount_pct,Deprived headcount,REMIND,REMIND 2.1,R2p1,High-RE,2
Full,1.5C,R10CHINA+,headcount_pct,Deprived headcount,REMIND,REMIND 3.0,ENGAGE,High-RE,2
Full,1.5C,R10CHINA+,headcount_pct,Deprived headcount,REMIND,REMIND 3.0,NAVIGATE,High-CDR,1
Full,1.5C,R10CHINA+,headcount_pct,Deprived headcount,REMIND,REMIND-Buildings 2.0,BEG,High-RE,2
Full,1.5C,R10CHINA+,headcount_pct,Deprived headcount,REMIND,REMIND-MAgPIE 1.7-3.0,CD,High-RE,4
Full,1.5C,R10CHINA+,headcount_pct,Deprived headcount,REMIND,REMIND-MAgPIE 1.7-3.0,COMMIT,High-RE,3
Full,1.5C,R10CHINA+,headcount_pct,Deprived headcount,REMIND,REMIND-MAgPIE 1.7-3.0,PEP,High-RE,13
Full,1.5C,R10CHINA+,headcount_pct,Deprived headcount,REMIND,REMIND-MAgPIE 2.1-4.2,CEMICS,High-RE,3
Full,1.5C,R10CHINA+,headcount_pct,Deprived headcount,REMIND,REMIND-MAgPIE 2.1-4.2,ENGAGE,High-RE,19
Full,1.5C,R10CHINA+,headcount_pct,Deprived headcount,REMIND,REMIND-MAgPIE 2.1-4.2,SusDev,High-RE,2
Full,1.5C,R10CHINA+,headcount_pct,Deprived headcount,REMIND,REMIND-MAgPIE 2.1-4.3,DeepElectrification,High-RE,1
Full,1.5C,R10CHINA+,headcount_pct,Deprived headcount,REMIND,REMIND-MAgPIE 3.2.0-4.8.0,RESCUE,High-RE,3
Full,1.5C,R10CHINA+,headcount_pct,Deprived headcount,REMIND,REMIND-MAgPIE 3.3-4.8,NGFS Phase 5,High-RE,1
Full,1.5C,R10CHINA+,headcount_pct,Deprived headcount,WITCH,WITCH 5.0,ENGAGE,High-CDR,6
Full,1.5C,R10CHINA+,mortality_million_deaths,PM2.5 mortality,AIM,AIM/CGE V2.2,ENGAGE,High-CDR,1
Full,1.5C,R10CHINA+,mortality_million_deaths,PM2.5 mortality,GCAM,GCAM 6.0 NGFS,NGFS Phase 5,High-RE,1
Full,1.5C,R10CHINA+,mortality_million_deaths,PM2.5 mortality,IMAGE,IMAGE 3.2,SSP2021,High-CDR,12
Full,1.5C,R10CHINA+,mortality_million_deaths,PM2.5 mortality,IMAGE,IMAGE 3.3,GEO7,High-CDR,2
Full,1.5C,R10CHINA+,mortality_million_deaths,PM2.5 mortality,IMAGE,IMAGE 3.3,SHAPE,High-CDR,9
Full,1.5C,R10CHINA+,mortality_million_deaths,PM2.5 mortality,MESSAGEix,MESSAGEix-GLOBIOM 1.1,ENGAGE,High-CDR,11
Full,1.5C,R10CHINA+,mortality_million_deaths,PM2.5 mortality,MESSAGEix,MESSAGEix-GLOBIOM 1.1,NGFS Phase 2,High-CDR,1
Full,1.5C,R10CHINA+,mortality_million_deaths,PM2.5 mortality,MESSAGEix,MESSAGEix-GLOBIOM 1.2,COVID,High-CDR,5
Full,1.5C,R10CHINA+,mortality_million_deaths,PM2.5 mortality,MESSAGEix,MESSAGEix-GLOBIOM GEI 1.0,GEI,High-CDR,6
Full,1.5C,R10CHINA+,mortality_million_deaths,PM2.5 mortality,MESSAGEix,MESSAGEix-GLOBIOM GEI 1.0,GEI,High-RE,3
Full,1.5C,R10CHINA+,mortality_million_deaths,PM2.5 mortality,POLES,POLES-JRC ENGAGE,ENGAGE,High-CDR,4
Full,1.5C,R10CHINA+,mortality_million_deaths,PM2.5 mortality,REMIND,REMIND 2.1,R2p1,High-RE,2
Full,1.5C,R10CHINA+,mortality_million_deaths,PM2.5 mortality,REMIND,REMIND-Buildings 2.0,BEG,High-RE,2
Full,1.5C,R10CHINA+,mortality_million_deaths,PM2.5 mortality,REMIND,REMIND-MAgPIE 1.7-3.0,CD,High-RE,4
Full,1.5C,R10CHINA+,mortality_million_deaths,PM2.5 mortality,REMIND,REMIND-MAgPIE 1.7-3.0,COMMIT,High-RE,3
Full,1.5C,R10CHINA+,mortality_million_deaths,PM2.5 mortality,REMIND,REMIND-MAgPIE 1.7-3.0,PEP,High-RE,13
Full,1.5C,R10CHINA+,mortality_million_deaths,PM2.5 mortality,REMIND,REMIND-MAgPIE 2.1-4.2,ENGAGE,High-RE,19
Full,1.5C,R10CHINA+,mortality_million_deaths,PM2.5 mortality,REMIND,REMIND-MAgPIE 2.1-4.2,SusDev,High-RE,2
Full,1.5C,R10CHINA+,mortality_million_deaths,PM2.5 mortality,REMIND,REMIND-MAgPIE 2.1-4.3,DeepElectrification,High-RE,1
Full,1.5C,R10CHINA+,mortality_million_deaths,PM2.5 mortality,REMIND,REMIND-MAgPIE 3.2.0-4.8.0,RESCUE,High-RE,3
Full,1.5C,R10CHINA+,mortality_million_deaths,PM2.5 mortality,REMIND,REMIND-MAgPIE 3.3-4.8,NGFS Phase 5,High-RE,1
Full,1.5C,R10CHINA+,mortality_million_deaths,PM2.5 mortality,WITCH,WITCH 5.0,ENGAGE,High-CDR,6
Full,1.5C,R10CHINA+,total_energy_jobyears_per_1k,Employment,AIM,AIM/CGE V2.2,ENGAGE,High-CDR,1
Full,1.5C,R10CHINA+,total_energy_jobyears_per_1k,Employment,AIM,AIM/CGE V2.2,ENGAGE,High-RE,3
Full,1.5C,R10CHINA+,total_energy_jobyears_per_1k,Employment,GCAM,GCAM 6.0 NGFS,NGFS Phase 5,High-RE,1
Full,1.5C,R10CHINA+,total_energy_jobyears_per_1k,Employment,IMAGE,IMAGE 3.2,SSP2021,High-CDR,12
Full,1.5C,R10CHINA+,total_energy_jobyears_per_1k,Employment,IMAGE,IMAGE 3.3,SHAPE,High-CDR,9
Full,1.5C,R10CHINA+,total_energy_jobyears_per_1k,Employment,MESSAGEix,MESSAGEix-GLOBIOM 1.1,ENGAGE,High-CDR,13
Full,1.5C,R10CHINA+,total_energy_jobyears_per_1k,Employment,MESSAGEix,MESSAGEix-GLOBIOM 1.1,NGFS Phase 2,High-CDR,1
Full,1.5C,R10CHINA+,total_energy_jobyears_per_1k,Employment,MESSAGEix,MESSAGEix-GLOBIOM 1.2,COVID,High-CDR,5
Full,1.5C,R10CHINA+,total_energy_jobyears_per_1k,Employment,MESSAGEix,MESSAGEix-GLOBIOM GEI 1.0,GEI,High-CDR,6
Full,1.5C,R10CHINA+,total_energy_jobyears_per_1k,Employment,MESSAGEix,MESSAGEix-GLOBIOM GEI 1.0,GEI,High-RE,3
Full,1.5C,R10CHINA+,total_energy_jobyears_per_1k,Employment,POLES,POLES-JRC ENGAGE,ENGAGE,High-CDR,4
Full,1.5C,R10CHINA+,total_energy_jobyears_per_1k,Employment,POLES,POLES-JRC ENGAGE,ENGAGE,High-RE,1
Full,1.5C,R10CHINA+,total_energy_jobyears_per_1k,Employment,REMIND,REMIND 2.1,CEMICS,High-RE,4
Full,1.5C,R10CHINA+,total_energy_jobyears_per_1k,Employment,REMIND,REMIND 2.1,R2p1,High-RE,2
Full,1.5C,R10CHINA+,total_energy_jobyears_per_1k,Employment,REMIND,REMIND 3.0,ENGAGE,High-RE,2
Full,1.5C,R10CHINA+,total_energy_jobyears_per_1k,Employment,REMIND,REMIND 3.0,NAVIGATE,High-CDR,1
Full,1.5C,R10CHINA+,total_energy_jobyears_per_1k,Employment,REMIND,REMIND-Buildings 2.0,BEG,High-RE,2
Full,1.5C,R10CHINA+,total_energy_jobyears_per_1k,Employment,REMIND,REMIND-MAgPIE 1.7-3.0,CD,High-RE,4
Full,1.5C,R10CHINA+,total_energy_jobyears_per_1k,Employment,REMIND,REMIND-MAgPIE 1.7-3.0,COMMIT,High-RE,3
Full,1.5C,R10CHINA+,total_energy_jobyears_per_1k,Employment,REMIND,REMIND-MAgPIE 1.7-3.0,PEP,High-RE,13
Full,1.5C,R10CHINA+,total_energy_jobyears_per_1k,Employment,REMIND,REMIND-MAgPIE 2.1-4.2,CEMICS,High-RE,3
Full,1.5C,R10CHINA+,total_energy_jobyears_per_1k,Employment,REMIND,REMIND-MAgPIE 2.1-4.2,ENGAGE,High-RE,19
Full,1.5C,R10CHINA+,total_energy_jobyears_per_1k,Employment,REMIND,REMIND-MAgPIE 2.1-4.2,SusDev,High-RE,2
Full,1.5C,R10CHINA+,total_energy_jobyears_per_1k,Employment,REMIND,REMIND-MAgPIE 2.1-4.3,DeepElectrification,High-RE,1
Full,1.5C,R10CHINA+,total_energy_jobyears_per_1k,Employment,REMIND,REMIND-MAgPIE 3.2.0-4.8.0,RESCUE,High-RE,3
Full,1.5C,R10CHINA+,total_energy_jobyears_per_1k,Employment,REMIND,REMIND-MAgPIE 3.3-4.8,NGFS Phase 5,High-RE,1
Full,1.5C,R10CHINA+,total_energy_jobyears_per_1k,Employment,WITCH,WITCH 5.0,ENGAGE,High-CDR,6
Full,1.5C,R10EUROPE,gap_GJ_pc,DLE gap,AIM,AIM/CGE V2.2,ENGAGE,High-CDR,1
Full,1.5C,R10EUROPE,gap_GJ_pc,DLE gap,AIM,AIM/CGE V2.2,ENGAGE,High-RE,3
Full,1.5C,R10EUROPE,gap_GJ_pc,DLE gap,GCAM,GCAM 5.3,Deep,High-CDR,7
Full,1.5C,R10EUROPE,gap_GJ_pc,DLE gap,GCAM,GCAM 6.0 NGFS,NGFS Phase 5,High-RE,1
Full,1.5C,R10EUROPE,gap_GJ_pc,DLE gap,IMAGE,IMAGE 3.2,SSP2021,High-CDR,12
Full,1.5C,R10EUROPE,gap_GJ_pc,DLE gap,IMAGE,IMAGE 3.3,GEO7,High-CDR,2
Full,1.5C,R10EUROPE,gap_GJ_pc,DLE gap,IMAGE,IMAGE 3.3,SHAPE,High-CDR,9
Full,1.5C,R10EUROPE,gap_GJ_pc,DLE gap,MESSAGEix,MESSAGEix-GLOBIOM 1.1,ENGAGE,High-CDR,13
Full,1.5C,R10EUROPE,gap_GJ_pc,DLE gap,MESSAGEix,MESSAGEix-GLOBIOM 1.1,NGFS Phase 2,High-CDR,1
Full,1.5C,R10EUROPE,gap_GJ_pc,DLE gap,MESSAGEix,MESSAGEix-GLOBIOM 1.2,COVID,High-CDR,5
Full,1.5C,R10EUROPE,gap_GJ_pc,DLE gap,MESSAGEix,MESSAGEix-GLOBIOM GEI 1.0,GEI,High-CDR,6
Full,1.5C,R10EUROPE,gap_GJ_pc,DLE gap,MESSAGEix,MESSAGEix-GLOBIOM GEI 1.0,GEI,High-RE,3
Full,1.5C,R10EUROPE,gap_GJ_pc,DLE gap,POLES,POLES-JRC ENGAGE,ENGAGE,High-CDR,4
Full,1.5C,R10EUROPE,gap_GJ_pc,DLE gap,POLES,POLES-JRC ENGAGE,ENGAGE,High-RE,1
Full,1.5C,R10EUROPE,gap_GJ_pc,DLE gap,REMIND,REMIND 2.1,CEMICS,High-RE,4
Full,1.5C,R10EUROPE,gap_GJ_pc,DLE gap,REMIND,REMIND 2.1,R2p1,High-RE,2
Full,1.5C,R10EUROPE,gap_GJ_pc,DLE gap,REMIND,REMIND 3.0,ENGAGE,High-RE,2
Full,1.5C,R10EUROPE,gap_GJ_pc,DLE gap,REMIND,REMIND 3.0,NAVIGATE,High-CDR,1
Full,1.5C,R10EUROPE,gap_GJ_pc,DLE gap,REMIND,REMIND-Buildings 2.0,BEG,High-RE,2
Full,1.5C,R10EUROPE,gap_GJ_pc,DLE gap,REMIND,REMIND-MAgPIE 1.7-3.0,CD,High-RE,4
Full,1.5C,R10EUROPE,gap_GJ_pc,DLE gap,REMIND,REMIND-MAgPIE 1.7-3.0,COMMIT,High-RE,3
Full,1.5C,R10EUROPE,gap_GJ_pc,DLE gap,REMIND,REMIND-MAgPIE 1.7-3.0,PEP,High-RE,13
Full,1.5C,R10EUROPE,gap_GJ_pc,DLE gap,REMIND,REMIND-MAgPIE 2.1-4.2,CEMICS,High-RE,3
Full,1.5C,R10EUROPE,gap_GJ_pc,DLE gap,REMIND,REMIND-MAgPIE 2.1-4.2,ENGAGE,High-RE,19
Full,1.5C,R10EUROPE,gap_GJ_pc,DLE gap,REMIND,REMIND-MAgPIE 2.1-4.2,SusDev,High-RE,2
Full,1.5C,R10EUROPE,gap_GJ_pc,DLE gap,REMIND,REMIND-MAgPIE 2.1-4.3,DeepElectrification,High-RE,1
Full,1.5C,R10EUROPE,gap_GJ_pc,DLE gap,REMIND,REMIND-MAgPIE 3.2.0-4.8.0,RESCUE,High-RE,3
Full,1.5C,R10EUROPE,gap_GJ_pc,DLE gap,REMIND,REMIND-MAgPIE 3.3-4.8,NGFS Phase 5,High-RE,1
Full,1.5C,R10EUROPE,gap_GJ_pc,DLE gap,WITCH,WITCH 5.0,ENGAGE,High-CDR,6
Full,1.5C,R10EUROPE,headcount_pct,Deprived headcount,AIM,AIM/CGE V2.2,ENGAGE,High-CDR,1
Full,1.5C,R10EUROPE,headcount_pct,Deprived headcount,AIM,AIM/CGE V2.2,ENGAGE,High-RE,3
Full,1.5C,R10EUROPE,headcount_pct,Deprived headcount,GCAM,GCAM 5.3,Deep,High-CDR,7
Full,1.5C,R10EUROPE,headcount_pct,Deprived headcount,GCAM,GCAM 6.0 NGFS,NGFS Phase 5,High-RE,1
Full,1.5C,R10EUROPE,headcount_pct,Deprived headcount,IMAGE,IMAGE 3.2,SSP2021,High-CDR,12
Full,1.5C,R10EUROPE,headcount_pct,Deprived headcount,IMAGE,IMAGE 3.3,GEO7,High-CDR,2
Full,1.5C,R10EUROPE,headcount_pct,Deprived headcount,IMAGE,IMAGE 3.3,SHAPE,High-CDR,9
Full,1.5C,R10EUROPE,headcount_pct,Deprived headcount,MESSAGEix,MESSAGEix-GLOBIOM 1.1,ENGAGE,High-CDR,13
Full,1.5C,R10EUROPE,headcount_pct,Deprived headcount,MESSAGEix,MESSAGEix-GLOBIOM 1.1,NGFS Phase 2,High-CDR,1
Full,1.5C,R10EUROPE,headcount_pct,Deprived headcount,MESSAGEix,MESSAGEix-GLOBIOM 1.2,COVID,High-CDR,5
Full,1.5C,R10EUROPE,headcount_pct,Deprived headcount,MESSAGEix,MESSAGEix-GLOBIOM GEI 1.0,GEI,High-CDR,6
Full,1.5C,R10EUROPE,headcount_pct,Deprived headcount,MESSAGEix,MESSAGEix-GLOBIOM GEI 1.0,GEI,High-RE,3
Full,1.5C,R10EUROPE,headcount_pct,Deprived headcount,POLES,POLES-JRC ENGAGE,ENGAGE,High-CDR,4
Full,1.5C,R10EUROPE,headcount_pct,Deprived headcount,POLES,POLES-JRC ENGAGE,ENGAGE,High-RE,1
Full,1.5C,R10EUROPE,headcount_pct,Deprived headcount,REMIND,REMIND 2.1,CEMICS,High-RE,4
Full,1.5C,R10EUROPE,headcount_pct,Deprived headcount,REMIND,REMIND 2.1,R2p1,High-RE,2
Full,1.5C,R10EUROPE,headcount_pct,Deprived headcount,REMIND,REMIND 3.0,ENGAGE,High-RE,2
Full,1.5C,R10EUROPE,headcount_pct,Deprived headcount,REMIND,REMIND 3.0,NAVIGATE,High-CDR,1
Full,1.5C,R10EUROPE,headcount_pct,Deprived headcount,REMIND,REMIND-Buildings 2.0,BEG,High-RE,2
Full,1.5C,R10EUROPE,headcount_pct,Deprived headcount,REMIND,REMIND-MAgPIE 1.7-3.0,CD,High-RE,4
Full,1.5C,R10EUROPE,headcount_pct,Deprived headcount,REMIND,REMIND-MAgPIE 1.7-3.0,COMMIT,High-RE,3
Full,1.5C,R10EUROPE,headcount_pct,Deprived headcount,REMIND,REMIND-MAgPIE 1.7-3.0,PEP,High-RE,13
Full,1.5C,R10EUROPE,headcount_pct,Deprived headcount,REMIND,REMIND-MAgPIE 2.1-4.2,CEMICS,High-RE,3
Full,1.5C,R10EUROPE,headcount_pct,Deprived headcount,REMIND,REMIND-MAgPIE 2.1-4.2,ENGAGE,High-RE,19
Full,1.5C,R10EUROPE,headcount_pct,Deprived headcount,REMIND,REMIND-MAgPIE 2.1-4.2,SusDev,High-RE,2
Full,1.5C,R10EUROPE,headcount_pct,Deprived headcount,REMIND,REMIND-MAgPIE 2.1-4.3,DeepElectrification,High-RE,1
Full,1.5C,R10EUROPE,headcount_pct,Deprived headcount,REMIND,REMIND-MAgPIE 3.2.0-4.8.0,RESCUE,High-RE,3
Full,1.5C,R10EUROPE,headcount_pct,Deprived headcount,REMIND,REMIND-MAgPIE 3.3-4.8,NGFS Phase 5,High-RE,1
Full,1.5C,R10EUROPE,headcount_pct,Deprived headcount,WITCH,WITCH 5.0,ENGAGE,High-CDR,6
Full,1.5C,R10EUROPE,mortality_million_deaths,PM2.5 mortality,AIM,AIM/CGE V2.2,ENGAGE,High-CDR,1
Full,1.5C,R10EUROPE,mortality_million_deaths,PM2.5 mortality,GCAM,GCAM 6.0 NGFS,NGFS Phase 5,High-RE,1
Full,1.5C,R10EUROPE,mortality_million_deaths,PM2.5 mortality,IMAGE,IMAGE 3.2,SSP2021,High-CDR,12
Full,1.5C,R10EUROPE,mortality_million_deaths,PM2.5 mortality,IMAGE,IMAGE 3.3,GEO7,High-CDR,2
Full,1.5C,R10EUROPE,mortality_million_deaths,PM2.5 mortality,IMAGE,IMAGE 3.3,SHAPE,High-CDR,9
Full,1.5C,R10EUROPE,mortality_million_deaths,PM2.5 mortality,MESSAGEix,MESSAGEix-GLOBIOM 1.1,ENGAGE,High-CDR,11
Full,1.5C,R10EUROPE,mortality_million_deaths,PM2.5 mortality,MESSAGEix,MESSAGEix-GLOBIOM 1.1,NGFS Phase 2,High-CDR,1
Full,1.5C,R10EUROPE,mortality_million_deaths,PM2.5 mortality,MESSAGEix,MESSAGEix-GLOBIOM 1.2,COVID,High-CDR,5
Full,1.5C,R10EUROPE,mortality_million_deaths,PM2.5 mortality,MESSAGEix,MESSAGEix-GLOBIOM GEI 1.0,GEI,High-CDR,6
Full,1.5C,R10EUROPE,mortality_million_deaths,PM2.5 mortality,MESSAGEix,MESSAGEix-GLOBIOM GEI 1.0,GEI,High-RE,3
Full,1.5C,R10EUROPE,mortality_million_deaths,PM2.5 mortality,POLES,POLES-JRC ENGAGE,ENGAGE,High-CDR,4
Full,1.5C,R10EUROPE,mortality_million_deaths,PM2.5 mortality,REMIND,REMIND 2.1,R2p1,High-RE,2
Full,1.5C,R10EUROPE,mortality_million_deaths,PM2.5 mortality,REMIND,REMIND-Buildings 2.0,BEG,High-RE,2
Full,1.5C,R10EUROPE,mortality_million_deaths,PM2.5 mortality,REMIND,REMIND-MAgPIE 1.7-3.0,CD,High-RE,4
Full,1.5C,R10EUROPE,mortality_million_deaths,PM2.5 mortality,REMIND,REMIND-MAgPIE 1.7-3.0,COMMIT,High-RE,3
Full,1.5C,R10EUROPE,mortality_million_deaths,PM2.5 mortality,REMIND,REMIND-MAgPIE 1.7-3.0,PEP,High-RE,13
Full,1.5C,R10EUROPE,mortality_million_deaths,PM2.5 mortality,REMIND,REMIND-MAgPIE 2.1-4.2,ENGAGE,High-RE,19
Full,1.5C,R10EUROPE,mortality_million_deaths,PM2.5 mortality,REMIND,REMIND-MAgPIE 2.1-4.2,SusDev,High-RE,2
Full,1.5C,R10EUROPE,mortality_million_deaths,PM2.5 mortality,REMIND,REMIND-MAgPIE 2.1-4.3,DeepElectrification,High-RE,1
Full,1.5C,R10EUROPE,mortality_million_deaths,PM2.5 mortality,REMIND,REMIND-MAgPIE 3.2.0-4.8.0,RESCUE,High-RE,3
Full,1.5C,R10EUROPE,mortality_million_deaths,PM2.5 mortality,REMIND,REMIND-MAgPIE 3.3-4.8,NGFS Phase 5,High-RE,1
Full,1.5C,R10EUROPE,mortality_million_deaths,PM2.5 mortality,WITCH,WITCH 5.0,ENGAGE,High-CDR,6
Full,1.5C,R10EUROPE,total_energy_jobyears_per_1k,Employment,AIM,AIM/CGE V2.2,ENGAGE,High-CDR,1
Full,1.5C,R10EUROPE,total_energy_jobyears_per_1k,Employment,AIM,AIM/CGE V2.2,ENGAGE,High-RE,3
Full,1.5C,R10EUROPE,total_energy_jobyears_per_1k,Employment,GCAM,GCAM 6.0 NGFS,NGFS Phase 5,High-RE,1
Full,1.5C,R10EUROPE,total_energy_jobyears_per_1k,Employment,IMAGE,IMAGE 3.2,SSP2021,High-CDR,12
Full,1.5C,R10EUROPE,total_energy_jobyears_per_1k,Employment,IMAGE,IMAGE 3.3,SHAPE,High-CDR,9
Full,1.5C,R10EUROPE,total_energy_jobyears_per_1k,Employment,MESSAGEix,MESSAGEix-GLOBIOM 1.1,ENGAGE,High-CDR,13
Full,1.5C,R10EUROPE,total_energy_jobyears_per_1k,Employment,MESSAGEix,MESSAGEix-GLOBIOM 1.1,NGFS Phase 2,High-CDR,1
Full,1.5C,R10EUROPE,total_energy_jobyears_per_1k,Employment,MESSAGEix,MESSAGEix-GLOBIOM 1.2,COVID,High-CDR,5
Full,1.5C,R10EUROPE,total_energy_jobyears_per_1k,Employment,MESSAGEix,MESSAGEix-GLOBIOM GEI 1.0,GEI,High-CDR,6
Full,1.5C,R10EUROPE,total_energy_jobyears_per_1k,Employment,MESSAGEix,MESSAGEix-GLOBIOM GEI 1.0,GEI,High-RE,3
Full,1.5C,R10EUROPE,total_energy_jobyears_per_1k,Employment,POLES,POLES-JRC ENGAGE,ENGAGE,High-CDR,4
Full,1.5C,R10EUROPE,total_energy_jobyears_per_1k,Employment,POLES,POLES-JRC ENGAGE,ENGAGE,High-RE,1
Full,1.5C,R10EUROPE,total_energy_jobyears_per_1k,Employment,REMIND,REMIND 2.1,CEMICS,High-RE,4
Full,1.5C,R10EUROPE,total_energy_jobyears_per_1k,Employment,REMIND,REMIND 2.1,R2p1,High-RE,2
Full,1.5C,R10EUROPE,total_energy_jobyears_per_1k,Employment,REMIND,REMIND 3.0,ENGAGE,High-RE,2
Full,1.5C,R10EUROPE,total_energy_jobyears_per_1k,Employment,REMIND,REMIND 3.0,NAVIGATE,High-CDR,1
Full,1.5C,R10EUROPE,total_energy_jobyears_per_1k,Employment,REMIND,REMIND-Buildings 2.0,BEG,High-RE,2
Full,1.5C,R10EUROPE,total_energy_jobyears_per_1k,Employment,REMIND,REMIND-MAgPIE 1.7-3.0,CD,High-RE,4
Full,1.5C,R10EUROPE,total_energy_jobyears_per_1k,Employment,REMIND,REMIND-MAgPIE 1.7-3.0,COMMIT,High-RE,3
Full,1.5C,R10EUROPE,total_energy_jobyears_per_1k,Employment,REMIND,REMIND-MAgPIE 1.7-3.0,PEP,High-RE,13
Full,1.5C,R10EUROPE,total_energy_jobyears_per_1k,Employment,REMIND,REMIND-MAgPIE 2.1-4.2,CEMICS,High-RE,3
Full,1.5C,R10EUROPE,total_energy_jobyears_per_1k,Employment,REMIND,REMIND-MAgPIE 2.1-4.2,ENGAGE,High-RE,19
Full,1.5C,R10EUROPE,total_energy_jobyears_per_1k,Employment,REMIND,REMIND-MAgPIE 2.1-4.2,SusDev,High-RE,2
Full,1.5C,R10EUROPE,total_energy_jobyears_per_1k,Employment,REMIND,REMIND-MAgPIE 2.1-4.3,DeepElectrification,High-RE,1
Full,1.5C,R10EUROPE,total_energy_jobyears_per_1k,Employment,REMIND,REMIND-MAgPIE 3.2.0-4.8.0,RESCUE,High-RE,3
Full,1.5C,R10EUROPE,total_energy_jobyears_per_1k,Employment,REMIND,REMIND-MAgPIE 3.3-4.8,NGFS Phase 5,High-RE,1
Full,1.5C,R10EUROPE,total_energy_jobyears_per_1k,Employment,WITCH,WITCH 5.0,ENGAGE,High-CDR,6
Full,1.5C,R10INDIA+,gap_GJ_pc,DLE gap,AIM,AIM/CGE V2.2,ENGAGE,High-CDR,1
Full,1.5C,R10INDIA+,gap_GJ_pc,DLE gap,AIM,AIM/CGE V2.2,ENGAGE,High-RE,3
Full,1.5C,R10INDIA+,gap_GJ_pc,DLE gap,GCAM,GCAM 5.3,Deep,High-CDR,7
Full,1.5C,R10INDIA+,gap_GJ_pc,DLE gap,GCAM,GCAM 6.0 NGFS,NGFS Phase 5,High-RE,1
Full,1.5C,R10INDIA+,gap_GJ_pc,DLE gap,IMAGE,IMAGE 3.2,SSP2021,High-CDR,12
Full,1.5C,R10INDIA+,gap_GJ_pc,DLE gap,IMAGE,IMAGE 3.3,GEO7,High-CDR,2
Full,1.5C,R10INDIA+,gap_GJ_pc,DLE gap,IMAGE,IMAGE 3.3,SHAPE,High-CDR,9
Full,1.5C,R10INDIA+,gap_GJ_pc,DLE gap,MESSAGEix,MESSAGEix-GLOBIOM 1.1,ENGAGE,High-CDR,13
Full,1.5C,R10INDIA+,gap_GJ_pc,DLE gap,MESSAGEix,MESSAGEix-GLOBIOM 1.1,NGFS Phase 2,High-CDR,1
Full,1.5C,R10INDIA+,gap_GJ_pc,DLE gap,MESSAGEix,MESSAGEix-GLOBIOM 1.2,COVID,High-CDR,5
Full,1.5C,R10INDIA+,gap_GJ_pc,DLE gap,MESSAGEix,MESSAGEix-GLOBIOM GEI 1.0,GEI,High-CDR,6
Full,1.5C,R10INDIA+,gap_GJ_pc,DLE gap,MESSAGEix,MESSAGEix-GLOBIOM GEI 1.0,GEI,High-RE,3
Full,1.5C,R10INDIA+,gap_GJ_pc,DLE gap,POLES,POLES-JRC ENGAGE,ENGAGE,High-CDR,4
Full,1.5C,R10INDIA+,gap_GJ_pc,DLE gap,POLES,POLES-JRC ENGAGE,ENGAGE,High-RE,1
Full,1.5C,R10INDIA+,gap_GJ_pc,DLE gap,REMIND,REMIND 2.1,CEMICS,High-RE,4
Full,1.5C,R10INDIA+,gap_GJ_pc,DLE gap,REMIND,REMIND 2.1,R2p1,High-RE,2
Full,1.5C,R10INDIA+,gap_GJ_pc,DLE gap,REMIND,REMIND 3.0,ENGAGE,High-RE,2
Full,1.5C,R10INDIA+,gap_GJ_pc,DLE gap,REMIND,REMIND 3.0,NAVIGATE,High-CDR,1
Full,1.5C,R10INDIA+,gap_GJ_pc,DLE gap,REMIND,REMIND-Buildings 2.0,BEG,High-RE,2
Full,1.5C,R10INDIA+,gap_GJ_pc,DLE gap,REMIND,REMIND-MAgPIE 1.7-3.0,CD,High-RE,4
Full,1.5C,R10INDIA+,gap_GJ_pc,DLE gap,REMIND,REMIND-MAgPIE 1.7-3.0,COMMIT,High-RE,3
Full,1.5C,R10INDIA+,gap_GJ_pc,DLE gap,REMIND,REMIND-MAgPIE 1.7-3.0,PEP,High-RE,13
Full,1.5C,R10INDIA+,gap_GJ_pc,DLE gap,REMIND,REMIND-MAgPIE 2.1-4.2,CEMICS,High-RE,3
Full,1.5C,R10INDIA+,gap_GJ_pc,DLE gap,REMIND,REMIND-MAgPIE 2.1-4.2,ENGAGE,High-RE,19
Full,1.5C,R10INDIA+,gap_GJ_pc,DLE gap,REMIND,REMIND-MAgPIE 2.1-4.2,SusDev,High-RE,2
Full,1.5C,R10INDIA+,gap_GJ_pc,DLE gap,REMIND,REMIND-MAgPIE 2.1-4.3,DeepElectrification,High-RE,1
Full,1.5C,R10INDIA+,gap_GJ_pc,DLE gap,REMIND,REMIND-MAgPIE 3.2.0-4.8.0,RESCUE,High-RE,3
Full,1.5C,R10INDIA+,gap_GJ_pc,DLE gap,REMIND,REMIND-MAgPIE 3.3-4.8,NGFS Phase 5,High-RE,1
Full,1.5C,R10INDIA+,gap_GJ_pc,DLE gap,WITCH,WITCH 5.0,ENGAGE,High-CDR,6
Full,1.5C,R10INDIA+,headcount_pct,Deprived headcount,AIM,AIM/CGE V2.2,ENGAGE,High-CDR,1
Full,1.5C,R10INDIA+,headcount_pct,Deprived headcount,AIM,AIM/CGE V2.2,ENGAGE,High-RE,3
Full,1.5C,R10INDIA+,headcount_pct,Deprived headcount,GCAM,GCAM 5.3,Deep,High-CDR,7
Full,1.5C,R10INDIA+,headcount_pct,Deprived headcount,GCAM,GCAM 6.0 NGFS,NGFS Phase 5,High-RE,1
Full,1.5C,R10INDIA+,headcount_pct,Deprived headcount,IMAGE,IMAGE 3.2,SSP2021,High-CDR,12
Full,1.5C,R10INDIA+,headcount_pct,Deprived headcount,IMAGE,IMAGE 3.3,GEO7,High-CDR,2
Full,1.5C,R10INDIA+,headcount_pct,Deprived headcount,IMAGE,IMAGE 3.3,SHAPE,High-CDR,9
Full,1.5C,R10INDIA+,headcount_pct,Deprived headcount,MESSAGEix,MESSAGEix-GLOBIOM 1.1,ENGAGE,High-CDR,13
Full,1.5C,R10INDIA+,headcount_pct,Deprived headcount,MESSAGEix,MESSAGEix-GLOBIOM 1.1,NGFS Phase 2,High-CDR,1
Full,1.5C,R10INDIA+,headcount_pct,Deprived headcount,MESSAGEix,MESSAGEix-GLOBIOM 1.2,COVID,High-CDR,5
Full,1.5C,R10INDIA+,headcount_pct,Deprived headcount,MESSAGEix,MESSAGEix-GLOBIOM GEI 1.0,GEI,High-CDR,6
Full,1.5C,R10INDIA+,headcount_pct,Deprived headcount,MESSAGEix,MESSAGEix-GLOBIOM GEI 1.0,GEI,High-RE,3
Full,1.5C,R10INDIA+,headcount_pct,Deprived headcount,POLES,POLES-JRC ENGAGE,ENGAGE,High-CDR,4
Full,1.5C,R10INDIA+,headcount_pct,Deprived headcount,POLES,POLES-JRC ENGAGE,ENGAGE,High-RE,1
Full,1.5C,R10INDIA+,headcount_pct,Deprived headcount,REMIND,REMIND 2.1,CEMICS,High-RE,4
Full,1.5C,R10INDIA+,headcount_pct,Deprived headcount,REMIND,REMIND 2.1,R2p1,High-RE,2
Full,1.5C,R10INDIA+,headcount_pct,Deprived headcount,REMIND,REMIND 3.0,ENGAGE,High-RE,2
Full,1.5C,R10INDIA+,headcount_pct,Deprived headcount,REMIND,REMIND 3.0,NAVIGATE,High-CDR,1
Full,1.5C,R10INDIA+,headcount_pct,Deprived headcount,REMIND,REMIND-Buildings 2.0,BEG,High-RE,2
Full,1.5C,R10INDIA+,headcount_pct,Deprived headcount,REMIND,REMIND-MAgPIE 1.7-3.0,CD,High-RE,4
Full,1.5C,R10INDIA+,headcount_pct,Deprived headcount,REMIND,REMIND-MAgPIE 1.7-3.0,COMMIT,High-RE,3
Full,1.5C,R10INDIA+,headcount_pct,Deprived headcount,REMIND,REMIND-MAgPIE 1.7-3.0,PEP,High-RE,13
Full,1.5C,R10INDIA+,headcount_pct,Deprived headcount,REMIND,REMIND-MAgPIE 2.1-4.2,CEMICS,High-RE,3
Full,1.5C,R10INDIA+,headcount_pct,Deprived headcount,REMIND,REMIND-MAgPIE 2.1-4.2,ENGAGE,High-RE,19
Full,1.5C,R10INDIA+,headcount_pct,Deprived headcount,REMIND,REMIND-MAgPIE 2.1-4.2,SusDev,High-RE,2
Full,1.5C,R10INDIA+,headcount_pct,Deprived headcount,REMIND,REMIND-MAgPIE 2.1-4.3,DeepElectrification,High-RE,1
Full,1.5C,R10INDIA+,headcount_pct,Deprived headcount,REMIND,REMIND-MAgPIE 3.2.0-4.8.0,RESCUE,High-RE,3
Full,1.5C,R10INDIA+,headcount_pct,Deprived headcount,REMIND,REMIND-MAgPIE 3.3-4.8,NGFS Phase 5,High-RE,1
Full,1.5C,R10INDIA+,headcount_pct,Deprived headcount,WITCH,WITCH 5.0,ENGAGE,High-CDR,6
Full,1.5C,R10INDIA+,mortality_million_deaths,PM2.5 mortality,AIM,AIM/CGE V2.2,ENGAGE,High-CDR,1
Full,1.5C,R10INDIA+,mortality_million_deaths,PM2.5 mortality,GCAM,GCAM 6.0 NGFS,NGFS Phase 5,High-RE,1
Full,1.5C,R10INDIA+,mortality_million_deaths,PM2.5 mortality,IMAGE,IMAGE 3.2,SSP2021,High-CDR,12
Full,1.5C,R10INDIA+,mortality_million_deaths,PM2.5 mortality,IMAGE,IMAGE 3.3,GEO7,High-CDR,2
Full,1.5C,R10INDIA+,mortality_million_deaths,PM2.5 mortality,IMAGE,IMAGE 3.3,SHAPE,High-CDR,9
Full,1.5C,R10INDIA+,mortality_million_deaths,PM2.5 mortality,MESSAGEix,MESSAGEix-GLOBIOM 1.1,ENGAGE,High-CDR,11
Full,1.5C,R10INDIA+,mortality_million_deaths,PM2.5 mortality,MESSAGEix,MESSAGEix-GLOBIOM 1.1,NGFS Phase 2,High-CDR,1
Full,1.5C,R10INDIA+,mortality_million_deaths,PM2.5 mortality,MESSAGEix,MESSAGEix-GLOBIOM 1.2,COVID,High-CDR,5
Full,1.5C,R10INDIA+,mortality_million_deaths,PM2.5 mortality,MESSAGEix,MESSAGEix-GLOBIOM GEI 1.0,GEI,High-CDR,6
Full,1.5C,R10INDIA+,mortality_million_deaths,PM2.5 mortality,MESSAGEix,MESSAGEix-GLOBIOM GEI 1.0,GEI,High-RE,3
Full,1.5C,R10INDIA+,mortality_million_deaths,PM2.5 mortality,POLES,POLES-JRC ENGAGE,ENGAGE,High-CDR,4
Full,1.5C,R10INDIA+,mortality_million_deaths,PM2.5 mortality,REMIND,REMIND 2.1,R2p1,High-RE,2
Full,1.5C,R10INDIA+,mortality_million_deaths,PM2.5 mortality,REMIND,REMIND-Buildings 2.0,BEG,High-RE,2
Full,1.5C,R10INDIA+,mortality_million_deaths,PM2.5 mortality,REMIND,REMIND-MAgPIE 1.7-3.0,CD,High-RE,4
Full,1.5C,R10INDIA+,mortality_million_deaths,PM2.5 mortality,REMIND,REMIND-MAgPIE 1.7-3.0,COMMIT,High-RE,3
Full,1.5C,R10INDIA+,mortality_million_deaths,PM2.5 mortality,REMIND,REMIND-MAgPIE 1.7-3.0,PEP,High-RE,13
Full,1.5C,R10INDIA+,mortality_million_deaths,PM2.5 mortality,REMIND,REMIND-MAgPIE 2.1-4.2,ENGAGE,High-RE,19
Full,1.5C,R10INDIA+,mortality_million_deaths,PM2.5 mortality,REMIND,REMIND-MAgPIE 2.1-4.2,SusDev,High-RE,2
Full,1.5C,R10INDIA+,mortality_million_deaths,PM2.5 mortality,REMIND,REMIND-MAgPIE 2.1-4.3,DeepElectrification,High-RE,1
Full,1.5C,R10INDIA+,mortality_million_deaths,PM2.5 mortality,REMIND,REMIND-MAgPIE 3.2.0-4.8.0,RESCUE,High-RE,3
Full,1.5C,R10INDIA+,mortality_million_deaths,PM2.5 mortality,REMIND,REMIND-MAgPIE 3.3-4.8,NGFS Phase 5,High-RE,1
Full,1.5C,R10INDIA+,mortality_million_deaths,PM2.5 mortality,WITCH,WITCH 5.0,ENGAGE,High-CDR,6
Full,1.5C,R10INDIA+,total_energy_jobyears_per_1k,Employment,AIM,AIM/CGE V2.2,ENGAGE,High-CDR,1
Full,1.5C,R10INDIA+,total_energy_jobyears_per_1k,Employment,AIM,AIM/CGE V2.2,ENGAGE,High-RE,3
Full,1.5C,R10INDIA+,total_energy_jobyears_per_1k,Employment,GCAM,GCAM 6.0 NGFS,NGFS Phase 5,High-RE,1
Full,1.5C,R10INDIA+,total_energy_jobyears_per_1k,Employment,IMAGE,IMAGE 3.2,SSP2021,High-CDR,12
Full,1.5C,R10INDIA+,total_energy_jobyears_per_1k,Employment,IMAGE,IMAGE 3.3,SHAPE,High-CDR,9
Full,1.5C,R10INDIA+,total_energy_jobyears_per_1k,Employment,MESSAGEix,MESSAGEix-GLOBIOM 1.1,ENGAGE,High-CDR,13
Full,1.5C,R10INDIA+,total_energy_jobyears_per_1k,Employment,MESSAGEix,MESSAGEix-GLOBIOM 1.1,NGFS Phase 2,High-CDR,1
Full,1.5C,R10INDIA+,total_energy_jobyears_per_1k,Employment,MESSAGEix,MESSAGEix-GLOBIOM 1.2,COVID,High-CDR,5
Full,1.5C,R10INDIA+,total_energy_jobyears_per_1k,Employment,MESSAGEix,MESSAGEix-GLOBIOM GEI 1.0,GEI,High-CDR,6
Full,1.5C,R10INDIA+,total_energy_jobyears_per_1k,Employment,MESSAGEix,MESSAGEix-GLOBIOM GEI 1.0,GEI,High-RE,3
Full,1.5C,R10INDIA+,total_energy_jobyears_per_1k,Employment,POLES,POLES-JRC ENGAGE,ENGAGE,High-CDR,4
Full,1.5C,R10INDIA+,total_energy_jobyears_per_1k,Employment,POLES,POLES-JRC ENGAGE,ENGAGE,High-RE,1
Full,1.5C,R10INDIA+,total_energy_jobyears_per_1k,Employment,REMIND,REMIND 2.1,CEMICS,High-RE,4
Full,1.5C,R10INDIA+,total_energy_jobyears_per_1k,Employment,REMIND,REMIND 2.1,R2p1,High-RE,2
Full,1.5C,R10INDIA+,total_energy_jobyears_per_1k,Employment,REMIND,REMIND 3.0,ENGAGE,High-RE,2
Full,1.5C,R10INDIA+,total_energy_jobyears_per_1k,Employment,REMIND,REMIND 3.0,NAVIGATE,High-CDR,1
Full,1.5C,R10INDIA+,total_energy_jobyears_per_1k,Employment,REMIND,REMIND-Buildings 2.0,BEG,High-RE,2
Full,1.5C,R10INDIA+,total_energy_jobyears_per_1k,Employment,REMIND,REMIND-MAgPIE 1.7-3.0,CD,High-RE,4
Full,1.5C,R10INDIA+,total_energy_jobyears_per_1k,Employment,REMIND,REMIND-MAgPIE 1.7-3.0,COMMIT,High-RE,3
Full,1.5C,R10INDIA+,total_energy_jobyears_per_1k,Employment,REMIND,REMIND-MAgPIE 1.7-3.0,PEP,High-RE,13
Full,1.5C,R10INDIA+,total_energy_jobyears_per_1k,Employment,REMIND,REMIND-MAgPIE 2.1-4.2,CEMICS,High-RE,3
Full,1.5C,R10INDIA+,total_energy_jobyears_per_1k,Employment,REMIND,REMIND-MAgPIE 2.1-4.2,ENGAGE,High-RE,19
Full,1.5C,R10INDIA+,total_energy_jobyears_per_1k,Employment,REMIND,REMIND-MAgPIE 2.1-4.2,SusDev,High-RE,2
Full,1.5C,R10INDIA+,total_energy_jobyears_per_1k,Employment,REMIND,REMIND-MAgPIE 2.1-4.3,DeepElectrification,High-RE,1
Full,1.5C,R10INDIA+,total_energy_jobyears_per_1k,Employment,REMIND,REMIND-MAgPIE 3.2.0-4.8.0,RESCUE,High-RE,3
Full,1.5C,R10INDIA+,total_energy_jobyears_per_1k,Employment,REMIND,REMIND-MAgPIE 3.3-4.8,NGFS Phase 5,High-RE,1
Full,1.5C,R10INDIA+,total_energy_jobyears_per_1k,Employment,WITCH,WITCH 5.0,ENGAGE,High-CDR,6
Full,1.5C,R10LATIN_AM,gap_GJ_pc,DLE gap,AIM,AIM/CGE V2.2,ENGAGE,High-CDR,1
Full,1.5C,R10LATIN_AM,gap_GJ_pc,DLE gap,AIM,AIM/CGE V2.2,ENGAGE,High-RE,3
Full,1.5C,R10LATIN_AM,gap_GJ_pc,DLE gap,GCAM,GCAM 5.3,Deep,High-CDR,7
Full,1.5C,R10LATIN_AM,gap_GJ_pc,DLE gap,GCAM,GCAM 6.0 NGFS,NGFS Phase 5,High-RE,1
Full,1.5C,R10LATIN_AM,gap_GJ_pc,DLE gap,IMAGE,IMAGE 3.2,SSP2021,High-CDR,12
Full,1.5C,R10LATIN_AM,gap_GJ_pc,DLE gap,IMAGE,IMAGE 3.3,GEO7,High-CDR,2
Full,1.5C,R10LATIN_AM,gap_GJ_pc,DLE gap,IMAGE,IMAGE 3.3,SHAPE,High-CDR,9
Full,1.5C,R10LATIN_AM,gap_GJ_pc,DLE gap,MESSAGEix,MESSAGEix-GLOBIOM 1.1,ENGAGE,High-CDR,13
Full,1.5C,R10LATIN_AM,gap_GJ_pc,DLE gap,MESSAGEix,MESSAGEix-GLOBIOM 1.1,NGFS Phase 2,High-CDR,1
Full,1.5C,R10LATIN_AM,gap_GJ_pc,DLE gap,MESSAGEix,MESSAGEix-GLOBIOM 1.2,COVID,High-CDR,5
Full,1.5C,R10LATIN_AM,gap_GJ_pc,DLE gap,MESSAGEix,MESSAGEix-GLOBIOM GEI 1.0,GEI,High-CDR,6
Full,1.5C,R10LATIN_AM,gap_GJ_pc,DLE gap,MESSAGEix,MESSAGEix-GLOBIOM GEI 1.0,GEI,High-RE,3
Full,1.5C,R10LATIN_AM,gap_GJ_pc,DLE gap,POLES,POLES-JRC ENGAGE,ENGAGE,High-CDR,4
Full,1.5C,R10LATIN_AM,gap_GJ_pc,DLE gap,POLES,POLES-JRC ENGAGE,ENGAGE,High-RE,1
Full,1.5C,R10LATIN_AM,gap_GJ_pc,DLE gap,REMIND,REMIND 2.1,CEMICS,High-RE,4
Full,1.5C,R10LATIN_AM,gap_GJ_pc,DLE gap,REMIND,REMIND 2.1,R2p1,High-RE,2
Full,1.5C,R10LATIN_AM,gap_GJ_pc,DLE gap,REMIND,REMIND 3.0,ENGAGE,High-RE,2
Full,1.5C,R10LATIN_AM,gap_GJ_pc,DLE gap,REMIND,REMIND 3.0,NAVIGATE,High-CDR,1
Full,1.5C,R10LATIN_AM,gap_GJ_pc,DLE gap,REMIND,REMIND-Buildings 2.0,BEG,High-RE,2
Full,1.5C,R10LATIN_AM,gap_GJ_pc,DLE gap,REMIND,REMIND-MAgPIE 1.7-3.0,CD,High-RE,4
Full,1.5C,R10LATIN_AM,gap_GJ_pc,DLE gap,REMIND,REMIND-MAgPIE 1.7-3.0,COMMIT,High-RE,3
Full,1.5C,R10LATIN_AM,gap_GJ_pc,DLE gap,REMIND,REMIND-MAgPIE 1.7-3.0,PEP,High-RE,13
Full,1.5C,R10LATIN_AM,gap_GJ_pc,DLE gap,REMIND,REMIND-MAgPIE 2.1-4.2,CEMICS,High-RE,3
Full,1.5C,R10LATIN_AM,gap_GJ_pc,DLE gap,REMIND,REMIND-MAgPIE 2.1-4.2,ENGAGE,High-RE,19
Full,1.5C,R10LATIN_AM,gap_GJ_pc,DLE gap,REMIND,REMIND-MAgPIE 2.1-4.2,SusDev,High-RE,2
Full,1.5C,R10LATIN_AM,gap_GJ_pc,DLE gap,REMIND,REMIND-MAgPIE 2.1-4.3,DeepElectrification,High-RE,1
Full,1.5C,R10LATIN_AM,gap_GJ_pc,DLE gap,REMIND,REMIND-MAgPIE 3.2.0-4.8.0,RESCUE,High-RE,3
Full,1.5C,R10LATIN_AM,gap_GJ_pc,DLE gap,REMIND,REMIND-MAgPIE 3.3-4.8,NGFS Phase 5,High-RE,1
Full,1.5C,R10LATIN_AM,gap_GJ_pc,DLE gap,WITCH,WITCH 5.0,ENGAGE,High-CDR,6
Full,1.5C,R10LATIN_AM,headcount_pct,Deprived headcount,AIM,AIM/CGE V2.2,ENGAGE,High-CDR,1
Full,1.5C,R10LATIN_AM,headcount_pct,Deprived headcount,AIM,AIM/CGE V2.2,ENGAGE,High-RE,3
Full,1.5C,R10LATIN_AM,headcount_pct,Deprived headcount,GCAM,GCAM 5.3,Deep,High-CDR,7
Full,1.5C,R10LATIN_AM,headcount_pct,Deprived headcount,GCAM,GCAM 6.0 NGFS,NGFS Phase 5,High-RE,1
Full,1.5C,R10LATIN_AM,headcount_pct,Deprived headcount,IMAGE,IMAGE 3.2,SSP2021,High-CDR,12
Full,1.5C,R10LATIN_AM,headcount_pct,Deprived headcount,IMAGE,IMAGE 3.3,GEO7,High-CDR,2
Full,1.5C,R10LATIN_AM,headcount_pct,Deprived headcount,IMAGE,IMAGE 3.3,SHAPE,High-CDR,9
Full,1.5C,R10LATIN_AM,headcount_pct,Deprived headcount,MESSAGEix,MESSAGEix-GLOBIOM 1.1,ENGAGE,High-CDR,13
Full,1.5C,R10LATIN_AM,headcount_pct,Deprived headcount,MESSAGEix,MESSAGEix-GLOBIOM 1.1,NGFS Phase 2,High-CDR,1
Full,1.5C,R10LATIN_AM,headcount_pct,Deprived headcount,MESSAGEix,MESSAGEix-GLOBIOM 1.2,COVID,High-CDR,5
Full,1.5C,R10LATIN_AM,headcount_pct,Deprived headcount,MESSAGEix,MESSAGEix-GLOBIOM GEI 1.0,GEI,High-CDR,6
Full,1.5C,R10LATIN_AM,headcount_pct,Deprived headcount,MESSAGEix,MESSAGEix-GLOBIOM GEI 1.0,GEI,High-RE,3
Full,1.5C,R10LATIN_AM,headcount_pct,Deprived headcount,POLES,POLES-JRC ENGAGE,ENGAGE,High-CDR,4
Full,1.5C,R10LATIN_AM,headcount_pct,Deprived headcount,POLES,POLES-JRC ENGAGE,ENGAGE,High-RE,1
Full,1.5C,R10LATIN_AM,headcount_pct,Deprived headcount,REMIND,REMIND 2.1,CEMICS,High-RE,4
Full,1.5C,R10LATIN_AM,headcount_pct,Deprived headcount,REMIND,REMIND 2.1,R2p1,High-RE,2
Full,1.5C,R10LATIN_AM,headcount_pct,Deprived headcount,REMIND,REMIND 3.0,ENGAGE,High-RE,2
Full,1.5C,R10LATIN_AM,headcount_pct,Deprived headcount,REMIND,REMIND 3.0,NAVIGATE,High-CDR,1
Full,1.5C,R10LATIN_AM,headcount_pct,Deprived headcount,REMIND,REMIND-Buildings 2.0,BEG,High-RE,2
Full,1.5C,R10LATIN_AM,headcount_pct,Deprived headcount,REMIND,REMIND-MAgPIE 1.7-3.0,CD,High-RE,4
Full,1.5C,R10LATIN_AM,headcount_pct,Deprived headcount,REMIND,REMIND-MAgPIE 1.7-3.0,COMMIT,High-RE,3
Full,1.5C,R10LATIN_AM,headcount_pct,Deprived headcount,REMIND,REMIND-MAgPIE 1.7-3.0,PEP,High-RE,13
Full,1.5C,R10LATIN_AM,headcount_pct,Deprived headcount,REMIND,REMIND-MAgPIE 2.1-4.2,CEMICS,High-RE,3
Full,1.5C,R10LATIN_AM,headcount_pct,Deprived headcount,REMIND,REMIND-MAgPIE 2.1-4.2,ENGAGE,High-RE,19
Full,1.5C,R10LATIN_AM,headcount_pct,Deprived headcount,REMIND,REMIND-MAgPIE 2.1-4.2,SusDev,High-RE,2
Full,1.5C,R10LATIN_AM,headcount_pct,Deprived headcount,REMIND,REMIND-MAgPIE 2.1-4.3,DeepElectrification,High-RE,1
Full,1.5C,R10LATIN_AM,headcount_pct,Deprived headcount,REMIND,REMIND-MAgPIE 3.2.0-4.8.0,RESCUE,High-RE,3
Full,1.5C,R10LATIN_AM,headcount_pct,Deprived headcount,REMIND,REMIND-MAgPIE 3.3-4.8,NGFS Phase 5,High-RE,1
Full,1.5C,R10LATIN_AM,headcount_pct,Deprived headcount,WITCH,WITCH 5.0,ENGAGE,High-CDR,6
Full,1.5C,R10LATIN_AM,mortality_million_deaths,PM2.5 mortality,AIM,AIM/CGE V2.2,ENGAGE,High-CDR,1
Full,1.5C,R10LATIN_AM,mortality_million_deaths,PM2.5 mortality,GCAM,GCAM 6.0 NGFS,NGFS Phase 5,High-RE,1
Full,1.5C,R10LATIN_AM,mortality_million_deaths,PM2.5 mortality,IMAGE,IMAGE 3.2,SSP2021,High-CDR,12
Full,1.5C,R10LATIN_AM,mortality_million_deaths,PM2.5 mortality,IMAGE,IMAGE 3.3,GEO7,High-CDR,2
Full,1.5C,R10LATIN_AM,mortality_million_deaths,PM2.5 mortality,IMAGE,IMAGE 3.3,SHAPE,High-CDR,9
Full,1.5C,R10LATIN_AM,mortality_million_deaths,PM2.5 mortality,MESSAGEix,MESSAGEix-GLOBIOM 1.1,ENGAGE,High-CDR,11
Full,1.5C,R10LATIN_AM,mortality_million_deaths,PM2.5 mortality,MESSAGEix,MESSAGEix-GLOBIOM 1.1,NGFS Phase 2,High-CDR,1
Full,1.5C,R10LATIN_AM,mortality_million_deaths,PM2.5 mortality,MESSAGEix,MESSAGEix-GLOBIOM 1.2,COVID,High-CDR,5
Full,1.5C,R10LATIN_AM,mortality_million_deaths,PM2.5 mortality,MESSAGEix,MESSAGEix-GLOBIOM GEI 1.0,GEI,High-CDR,6
Full,1.5C,R10LATIN_AM,mortality_million_deaths,PM2.5 mortality,MESSAGEix,MESSAGEix-GLOBIOM GEI 1.0,GEI,High-RE,3
Full,1.5C,R10LATIN_AM,mortality_million_deaths,PM2.5 mortality,POLES,POLES-JRC ENGAGE,ENGAGE,High-CDR,4
Full,1.5C,R10LATIN_AM,mortality_million_deaths,PM2.5 mortality,REMIND,REMIND 2.1,R2p1,High-RE,2
Full,1.5C,R10LATIN_AM,mortality_million_deaths,PM2.5 mortality,REMIND,REMIND-Buildings 2.0,BEG,High-RE,2
Full,1.5C,R10LATIN_AM,mortality_million_deaths,PM2.5 mortality,REMIND,REMIND-MAgPIE 1.7-3.0,CD,High-RE,4
Full,1.5C,R10LATIN_AM,mortality_million_deaths,PM2.5 mortality,REMIND,REMIND-MAgPIE 1.7-3.0,COMMIT,High-RE,3
Full,1.5C,R10LATIN_AM,mortality_million_deaths,PM2.5 mortality,REMIND,REMIND-MAgPIE 1.7-3.0,PEP,High-RE,13
Full,1.5C,R10LATIN_AM,mortality_million_deaths,PM2.5 mortality,REMIND,REMIND-MAgPIE 2.1-4.2,ENGAGE,High-RE,19
Full,1.5C,R10LATIN_AM,mortality_million_deaths,PM2.5 mortality,REMIND,REMIND-MAgPIE 2.1-4.2,SusDev,High-RE,2
Full,1.5C,R10LATIN_AM,mortality_million_deaths,PM2.5 mortality,REMIND,REMIND-MAgPIE 2.1-4.3,DeepElectrification,High-RE,1
Full,1.5C,R10LATIN_AM,mortality_million_deaths,PM2.5 mortality,REMIND,REMIND-MAgPIE 3.2.0-4.8.0,RESCUE,High-RE,3
Full,1.5C,R10LATIN_AM,mortality_million_deaths,PM2.5 mortality,REMIND,REMIND-MAgPIE 3.3-4.8,NGFS Phase 5,High-RE,1
Full,1.5C,R10LATIN_AM,mortality_million_deaths,PM2.5 mortality,WITCH,WITCH 5.0,ENGAGE,High-CDR,6
Full,1.5C,R10LATIN_AM,total_energy_jobyears_per_1k,Employment,AIM,AIM/CGE V2.2,ENGAGE,High-CDR,1
Full,1.5C,R10LATIN_AM,total_energy_jobyears_per_1k,Employment,AIM,AIM/CGE V2.2,ENGAGE,High-RE,3
Full,1.5C,R10LATIN_AM,total_energy_jobyears_per_1k,Employment,GCAM,GCAM 6.0 NGFS,NGFS Phase 5,High-RE,1
Full,1.5C,R10LATIN_AM,total_energy_jobyears_per_1k,Employment,IMAGE,IMAGE 3.2,SSP2021,High-CDR,12
Full,1.5C,R10LATIN_AM,total_energy_jobyears_per_1k,Employment,IMAGE,IMAGE 3.3,SHAPE,High-CDR,9
Full,1.5C,R10LATIN_AM,total_energy_jobyears_per_1k,Employment,MESSAGEix,MESSAGEix-GLOBIOM 1.1,ENGAGE,High-CDR,13
Full,1.5C,R10LATIN_AM,total_energy_jobyears_per_1k,Employment,MESSAGEix,MESSAGEix-GLOBIOM 1.1,NGFS Phase 2,High-CDR,1
Full,1.5C,R10LATIN_AM,total_energy_jobyears_per_1k,Employment,MESSAGEix,MESSAGEix-GLOBIOM 1.2,COVID,High-CDR,5
Full,1.5C,R10LATIN_AM,total_energy_jobyears_per_1k,Employment,MESSAGEix,MESSAGEix-GLOBIOM GEI 1.0,GEI,High-CDR,6
Full,1.5C,R10LATIN_AM,total_energy_jobyears_per_1k,Employment,MESSAGEix,MESSAGEix-GLOBIOM GEI 1.0,GEI,High-RE,3
Full,1.5C,R10LATIN_AM,total_energy_jobyears_per_1k,Employment,POLES,POLES-JRC ENGAGE,ENGAGE,High-CDR,4
Full,1.5C,R10LATIN_AM,total_energy_jobyears_per_1k,Employment,POLES,POLES-JRC ENGAGE,ENGAGE,High-RE,1
Full,1.5C,R10LATIN_AM,total_energy_jobyears_per_1k,Employment,REMIND,REMIND 2.1,CEMICS,High-RE,4
Full,1.5C,R10LATIN_AM,total_energy_jobyears_per_1k,Employment,REMIND,REMIND 2.1,R2p1,High-RE,2
Full,1.5C,R10LATIN_AM,total_energy_jobyears_per_1k,Employment,REMIND,REMIND 3.0,ENGAGE,High-RE,2
Full,1.5C,R10LATIN_AM,total_energy_jobyears_per_1k,Employment,REMIND,REMIND 3.0,NAVIGATE,High-CDR,1
Full,1.5C,R10LATIN_AM,total_energy_jobyears_per_1k,Employment,REMIND,REMIND-Buildings 2.0,BEG,High-RE,2
Full,1.5C,R10LATIN_AM,total_energy_jobyears_per_1k,Employment,REMIND,REMIND-MAgPIE 1.7-3.0,CD,High-RE,4
Full,1.5C,R10LATIN_AM,total_energy_jobyears_per_1k,Employment,REMIND,REMIND-MAgPIE 1.7-3.0,COMMIT,High-RE,3
Full,1.5C,R10LATIN_AM,total_energy_jobyears_per_1k,Employment,REMIND,REMIND-MAgPIE 1.7-3.0,PEP,High-RE,13
Full,1.5C,R10LATIN_AM,total_energy_jobyears_per_1k,Employment,REMIND,REMIND-MAgPIE 2.1-4.2,CEMICS,High-RE,3
Full,1.5C,R10LATIN_AM,total_energy_jobyears_per_1k,Employment,REMIND,REMIND-MAgPIE 2.1-4.2,ENGAGE,High-RE,19
Full,1.5C,R10LATIN_AM,total_energy_jobyears_per_1k,Employment,REMIND,REMIND-MAgPIE 2.1-4.2,SusDev,High-RE,2
Full,1.5C,R10LATIN_AM,total_energy_jobyears_per_1k,Employment,REMIND,REMIND-MAgPIE 2.1-4.3,DeepElectrification,High-RE,1
Full,1.5C,R10LATIN_AM,total_energy_jobyears_per_1k,Employment,REMIND,REMIND-MAgPIE 3.2.0-4.8.0,RESCUE,High-RE,3
Full,1.5C,R10LATIN_AM,total_energy_jobyears_per_1k,Employment,REMIND,REMIND-MAgPIE 3.3-4.8,NGFS Phase 5,High-RE,1
Full,1.5C,R10LATIN_AM,total_energy_jobyears_per_1k,Employment,WITCH,WITCH 5.0,ENGAGE,High-CDR,6
Full,1.5C,R10MIDDLE_EAST,gap_GJ_pc,DLE gap,AIM,AIM/CGE V2.2,ENGAGE,High-CDR,1
Full,1.5C,R10MIDDLE_EAST,gap_GJ_pc,DLE gap,AIM,AIM/CGE V2.2,ENGAGE,High-RE,3
Full,1.5C,R10MIDDLE_EAST,gap_GJ_pc,DLE gap,GCAM,GCAM 5.3,Deep,High-CDR,7
Full,1.5C,R10MIDDLE_EAST,gap_GJ_pc,DLE gap,GCAM,GCAM 6.0 NGFS,NGFS Phase 5,High-RE,1
Full,1.5C,R10MIDDLE_EAST,gap_GJ_pc,DLE gap,IMAGE,IMAGE 3.2,SSP2021,High-CDR,12
Full,1.5C,R10MIDDLE_EAST,gap_GJ_pc,DLE gap,IMAGE,IMAGE 3.3,GEO7,High-CDR,2
Full,1.5C,R10MIDDLE_EAST,gap_GJ_pc,DLE gap,IMAGE,IMAGE 3.3,SHAPE,High-CDR,9
Full,1.5C,R10MIDDLE_EAST,gap_GJ_pc,DLE gap,MESSAGEix,MESSAGEix-GLOBIOM 1.1,ENGAGE,High-CDR,13
Full,1.5C,R10MIDDLE_EAST,gap_GJ_pc,DLE gap,MESSAGEix,MESSAGEix-GLOBIOM 1.1,NGFS Phase 2,High-CDR,1
Full,1.5C,R10MIDDLE_EAST,gap_GJ_pc,DLE gap,MESSAGEix,MESSAGEix-GLOBIOM 1.2,COVID,High-CDR,5
Full,1.5C,R10MIDDLE_EAST,gap_GJ_pc,DLE gap,MESSAGEix,MESSAGEix-GLOBIOM GEI 1.0,GEI,High-CDR,6
Full,1.5C,R10MIDDLE_EAST,gap_GJ_pc,DLE gap,MESSAGEix,MESSAGEix-GLOBIOM GEI 1.0,GEI,High-RE,3
Full,1.5C,R10MIDDLE_EAST,gap_GJ_pc,DLE gap,POLES,POLES-JRC ENGAGE,ENGAGE,High-CDR,4
Full,1.5C,R10MIDDLE_EAST,gap_GJ_pc,DLE gap,POLES,POLES-JRC ENGAGE,ENGAGE,High-RE,1
Full,1.5C,R10MIDDLE_EAST,gap_GJ_pc,DLE gap,REMIND,REMIND 2.1,CEMICS,High-RE,4
Full,1.5C,R10MIDDLE_EAST,gap_GJ_pc,DLE gap,REMIND,REMIND 2.1,R2p1,High-RE,2
Full,1.5C,R10MIDDLE_EAST,gap_GJ_pc,DLE gap,REMIND,REMIND 3.0,ENGAGE,High-RE,2
Full,1.5C,R10MIDDLE_EAST,gap_GJ_pc,DLE gap,REMIND,REMIND 3.0,NAVIGATE,High-CDR,1
Full,1.5C,R10MIDDLE_EAST,gap_GJ_pc,DLE gap,REMIND,REMIND-Buildings 2.0,BEG,High-RE,2
Full,1.5C,R10MIDDLE_EAST,gap_GJ_pc,DLE gap,REMIND,REMIND-MAgPIE 1.7-3.0,CD,High-RE,4
Full,1.5C,R10MIDDLE_EAST,gap_GJ_pc,DLE gap,REMIND,REMIND-MAgPIE 1.7-3.0,COMMIT,High-RE,3
Full,1.5C,R10MIDDLE_EAST,gap_GJ_pc,DLE gap,REMIND,REMIND-MAgPIE 1.7-3.0,PEP,High-RE,13
Full,1.5C,R10MIDDLE_EAST,gap_GJ_pc,DLE gap,REMIND,REMIND-MAgPIE 2.1-4.2,CEMICS,High-RE,3
Full,1.5C,R10MIDDLE_EAST,gap_GJ_pc,DLE gap,REMIND,REMIND-MAgPIE 2.1-4.2,ENGAGE,High-RE,19
Full,1.5C,R10MIDDLE_EAST,gap_GJ_pc,DLE gap,REMIND,REMIND-MAgPIE 2.1-4.2,SusDev,High-RE,2
Full,1.5C,R10MIDDLE_EAST,gap_GJ_pc,DLE gap,REMIND,REMIND-MAgPIE 2.1-4.3,DeepElectrification,High-RE,1
Full,1.5C,R10MIDDLE_EAST,gap_GJ_pc,DLE gap,REMIND,REMIND-MAgPIE 3.2.0-4.8.0,RESCUE,High-RE,3
Full,1.5C,R10MIDDLE_EAST,gap_GJ_pc,DLE gap,REMIND,REMIND-MAgPIE 3.3-4.8,NGFS Phase 5,High-RE,1
Full,1.5C,R10MIDDLE_EAST,gap_GJ_pc,DLE gap,WITCH,WITCH 5.0,ENGAGE,High-CDR,6
Full,1.5C,R10MIDDLE_EAST,headcount_pct,Deprived headcount,AIM,AIM/CGE V2.2,ENGAGE,High-CDR,1
Full,1.5C,R10MIDDLE_EAST,headcount_pct,Deprived headcount,AIM,AIM/CGE V2.2,ENGAGE,High-RE,3
Full,1.5C,R10MIDDLE_EAST,headcount_pct,Deprived headcount,GCAM,GCAM 5.3,Deep,High-CDR,7
Full,1.5C,R10MIDDLE_EAST,headcount_pct,Deprived headcount,GCAM,GCAM 6.0 NGFS,NGFS Phase 5,High-RE,1
Full,1.5C,R10MIDDLE_EAST,headcount_pct,Deprived headcount,IMAGE,IMAGE 3.2,SSP2021,High-CDR,12
Full,1.5C,R10MIDDLE_EAST,headcount_pct,Deprived headcount,IMAGE,IMAGE 3.3,GEO7,High-CDR,2
Full,1.5C,R10MIDDLE_EAST,headcount_pct,Deprived headcount,IMAGE,IMAGE 3.3,SHAPE,High-CDR,9
Full,1.5C,R10MIDDLE_EAST,headcount_pct,Deprived headcount,MESSAGEix,MESSAGEix-GLOBIOM 1.1,ENGAGE,High-CDR,13
Full,1.5C,R10MIDDLE_EAST,headcount_pct,Deprived headcount,MESSAGEix,MESSAGEix-GLOBIOM 1.1,NGFS Phase 2,High-CDR,1
Full,1.5C,R10MIDDLE_EAST,headcount_pct,Deprived headcount,MESSAGEix,MESSAGEix-GLOBIOM 1.2,COVID,High-CDR,5
Full,1.5C,R10MIDDLE_EAST,headcount_pct,Deprived headcount,MESSAGEix,MESSAGEix-GLOBIOM GEI 1.0,GEI,High-CDR,6
Full,1.5C,R10MIDDLE_EAST,headcount_pct,Deprived headcount,MESSAGEix,MESSAGEix-GLOBIOM GEI 1.0,GEI,High-RE,3
Full,1.5C,R10MIDDLE_EAST,headcount_pct,Deprived headcount,POLES,POLES-JRC ENGAGE,ENGAGE,High-CDR,4
Full,1.5C,R10MIDDLE_EAST,headcount_pct,Deprived headcount,POLES,POLES-JRC ENGAGE,ENGAGE,High-RE,1
Full,1.5C,R10MIDDLE_EAST,headcount_pct,Deprived headcount,REMIND,REMIND 2.1,CEMICS,High-RE,4
Full,1.5C,R10MIDDLE_EAST,headcount_pct,Deprived headcount,REMIND,REMIND 2.1,R2p1,High-RE,2
Full,1.5C,R10MIDDLE_EAST,headcount_pct,Deprived headcount,REMIND,REMIND 3.0,ENGAGE,High-RE,2
Full,1.5C,R10MIDDLE_EAST,headcount_pct,Deprived headcount,REMIND,REMIND 3.0,NAVIGATE,High-CDR,1
Full,1.5C,R10MIDDLE_EAST,headcount_pct,Deprived headcount,REMIND,REMIND-Buildings 2.0,BEG,High-RE,2
Full,1.5C,R10MIDDLE_EAST,headcount_pct,Deprived headcount,REMIND,REMIND-MAgPIE 1.7-3.0,CD,High-RE,4
Full,1.5C,R10MIDDLE_EAST,headcount_pct,Deprived headcount,REMIND,REMIND-MAgPIE 1.7-3.0,COMMIT,High-RE,3
Full,1.5C,R10MIDDLE_EAST,headcount_pct,Deprived headcount,REMIND,REMIND-MAgPIE 1.7-3.0,PEP,High-RE,13
Full,1.5C,R10MIDDLE_EAST,headcount_pct,Deprived headcount,REMIND,REMIND-MAgPIE 2.1-4.2,CEMICS,High-RE,3
Full,1.5C,R10MIDDLE_EAST,headcount_pct,Deprived headcount,REMIND,REMIND-MAgPIE 2.1-4.2,ENGAGE,High-RE,19
Full,1.5C,R10MIDDLE_EAST,headcount_pct,Deprived headcount,REMIND,REMIND-MAgPIE 2.1-4.2,SusDev,High-RE,2
Full,1.5C,R10MIDDLE_EAST,headcount_pct,Deprived headcount,REMIND,REMIND-MAgPIE 2.1-4.3,DeepElectrification,High-RE,1
Full,1.5C,R10MIDDLE_EAST,headcount_pct,Deprived headcount,REMIND,REMIND-MAgPIE 3.2.0-4.8.0,RESCUE,High-RE,3
Full,1.5C,R10MIDDLE_EAST,headcount_pct,Deprived headcount,REMIND,REMIND-MAgPIE 3.3-4.8,NGFS Phase 5,High-RE,1
Full,1.5C,R10MIDDLE_EAST,headcount_pct,Deprived headcount,WITCH,WITCH 5.0,ENGAGE,High-CDR,6
Full,1.5C,R10MIDDLE_EAST,mortality_million_deaths,PM2.5 mortality,AIM,AIM/CGE V2.2,ENGAGE,High-CDR,1
Full,1.5C,R10MIDDLE_EAST,mortality_million_deaths,PM2.5 mortality,GCAM,GCAM 6.0 NGFS,NGFS Phase 5,High-RE,1
Full,1.5C,R10MIDDLE_EAST,mortality_million_deaths,PM2.5 mortality,IMAGE,IMAGE 3.2,SSP2021,High-CDR,12
Full,1.5C,R10MIDDLE_EAST,mortality_million_deaths,PM2.5 mortality,IMAGE,IMAGE 3.3,GEO7,High-CDR,2
Full,1.5C,R10MIDDLE_EAST,mortality_million_deaths,PM2.5 mortality,IMAGE,IMAGE 3.3,SHAPE,High-CDR,9
Full,1.5C,R10MIDDLE_EAST,mortality_million_deaths,PM2.5 mortality,MESSAGEix,MESSAGEix-GLOBIOM 1.1,ENGAGE,High-CDR,11
Full,1.5C,R10MIDDLE_EAST,mortality_million_deaths,PM2.5 mortality,MESSAGEix,MESSAGEix-GLOBIOM 1.1,NGFS Phase 2,High-CDR,1
Full,1.5C,R10MIDDLE_EAST,mortality_million_deaths,PM2.5 mortality,MESSAGEix,MESSAGEix-GLOBIOM 1.2,COVID,High-CDR,5
Full,1.5C,R10MIDDLE_EAST,mortality_million_deaths,PM2.5 mortality,MESSAGEix,MESSAGEix-GLOBIOM GEI 1.0,GEI,High-CDR,6
Full,1.5C,R10MIDDLE_EAST,mortality_million_deaths,PM2.5 mortality,MESSAGEix,MESSAGEix-GLOBIOM GEI 1.0,GEI,High-RE,3
Full,1.5C,R10MIDDLE_EAST,mortality_million_deaths,PM2.5 mortality,POLES,POLES-JRC ENGAGE,ENGAGE,High-CDR,4
Full,1.5C,R10MIDDLE_EAST,mortality_million_deaths,PM2.5 mortality,REMIND,REMIND 2.1,R2p1,High-RE,2
Full,1.5C,R10MIDDLE_EAST,mortality_million_deaths,PM2.5 mortality,REMIND,REMIND-Buildings 2.0,BEG,High-RE,2
Full,1.5C,R10MIDDLE_EAST,mortality_million_deaths,PM2.5 mortality,REMIND,REMIND-MAgPIE 1.7-3.0,CD,High-RE,4
Full,1.5C,R10MIDDLE_EAST,mortality_million_deaths,PM2.5 mortality,REMIND,REMIND-MAgPIE 1.7-3.0,COMMIT,High-RE,3
Full,1.5C,R10MIDDLE_EAST,mortality_million_deaths,PM2.5 mortality,REMIND,REMIND-MAgPIE 1.7-3.0,PEP,High-RE,13
Full,1.5C,R10MIDDLE_EAST,mortality_million_deaths,PM2.5 mortality,REMIND,REMIND-MAgPIE 2.1-4.2,ENGAGE,High-RE,19
Full,1.5C,R10MIDDLE_EAST,mortality_million_deaths,PM2.5 mortality,REMIND,REMIND-MAgPIE 2.1-4.2,SusDev,High-RE,2
Full,1.5C,R10MIDDLE_EAST,mortality_million_deaths,PM2.5 mortality,REMIND,REMIND-MAgPIE 2.1-4.3,DeepElectrification,High-RE,1
Full,1.5C,R10MIDDLE_EAST,mortality_million_deaths,PM2.5 mortality,REMIND,REMIND-MAgPIE 3.2.0-4.8.0,RESCUE,High-RE,3
Full,1.5C,R10MIDDLE_EAST,mortality_million_deaths,PM2.5 mortality,REMIND,REMIND-MAgPIE 3.3-4.8,NGFS Phase 5,High-RE,1
Full,1.5C,R10MIDDLE_EAST,mortality_million_deaths,PM2.5 mortality,WITCH,WITCH 5.0,ENGAGE,High-CDR,6
Full,1.5C,R10MIDDLE_EAST,total_energy_jobyears_per_1k,Employment,AIM,AIM/CGE V2.2,ENGAGE,High-CDR,1
Full,1.5C,R10MIDDLE_EAST,total_energy_jobyears_per_1k,Employment,AIM,AIM/CGE V2.2,ENGAGE,High-RE,3
Full,1.5C,R10MIDDLE_EAST,total_energy_jobyears_per_1k,Employment,GCAM,GCAM 6.0 NGFS,NGFS Phase 5,High-RE,1
Full,1.5C,R10MIDDLE_EAST,total_energy_jobyears_per_1k,Employment,IMAGE,IMAGE 3.2,SSP2021,High-CDR,12
Full,1.5C,R10MIDDLE_EAST,total_energy_jobyears_per_1k,Employment,IMAGE,IMAGE 3.3,SHAPE,High-CDR,9
Full,1.5C,R10MIDDLE_EAST,total_energy_jobyears_per_1k,Employment,MESSAGEix,MESSAGEix-GLOBIOM 1.1,ENGAGE,High-CDR,13
Full,1.5C,R10MIDDLE_EAST,total_energy_jobyears_per_1k,Employment,MESSAGEix,MESSAGEix-GLOBIOM 1.1,NGFS Phase 2,High-CDR,1
Full,1.5C,R10MIDDLE_EAST,total_energy_jobyears_per_1k,Employment,MESSAGEix,MESSAGEix-GLOBIOM 1.2,COVID,High-CDR,5
Full,1.5C,R10MIDDLE_EAST,total_energy_jobyears_per_1k,Employment,MESSAGEix,MESSAGEix-GLOBIOM GEI 1.0,GEI,High-CDR,6
Full,1.5C,R10MIDDLE_EAST,total_energy_jobyears_per_1k,Employment,MESSAGEix,MESSAGEix-GLOBIOM GEI 1.0,GEI,High-RE,3
Full,1.5C,R10MIDDLE_EAST,total_energy_jobyears_per_1k,Employment,POLES,POLES-JRC ENGAGE,ENGAGE,High-CDR,4
Full,1.5C,R10MIDDLE_EAST,total_energy_jobyears_per_1k,Employment,POLES,POLES-JRC ENGAGE,ENGAGE,High-RE,1
Full,1.5C,R10MIDDLE_EAST,total_energy_jobyears_per_1k,Employment,REMIND,REMIND 2.1,CEMICS,High-RE,4
Full,1.5C,R10MIDDLE_EAST,total_energy_jobyears_per_1k,Employment,REMIND,REMIND 2.1,R2p1,High-RE,2
Full,1.5C,R10MIDDLE_EAST,total_energy_jobyears_per_1k,Employment,REMIND,REMIND 3.0,ENGAGE,High-RE,2
Full,1.5C,R10MIDDLE_EAST,total_energy_jobyears_per_1k,Employment,REMIND,REMIND 3.0,NAVIGATE,High-CDR,1
Full,1.5C,R10MIDDLE_EAST,total_energy_jobyears_per_1k,Employment,REMIND,REMIND-Buildings 2.0,BEG,High-RE,2
Full,1.5C,R10MIDDLE_EAST,total_energy_jobyears_per_1k,Employment,REMIND,REMIND-MAgPIE 1.7-3.0,CD,High-RE,4
Full,1.5C,R10MIDDLE_EAST,total_energy_jobyears_per_1k,Employment,REMIND,REMIND-MAgPIE 1.7-3.0,COMMIT,High-RE,3
Full,1.5C,R10MIDDLE_EAST,total_energy_jobyears_per_1k,Employment,REMIND,REMIND-MAgPIE 1.7-3.0,PEP,High-RE,13
Full,1.5C,R10MIDDLE_EAST,total_energy_jobyears_per_1k,Employment,REMIND,REMIND-MAgPIE 2.1-4.2,CEMICS,High-RE,3
Full,1.5C,R10MIDDLE_EAST,total_energy_jobyears_per_1k,Employment,REMIND,REMIND-MAgPIE 2.1-4.2,ENGAGE,High-RE,19
Full,1.5C,R10MIDDLE_EAST,total_energy_jobyears_per_1k,Employment,REMIND,REMIND-MAgPIE 2.1-4.2,SusDev,High-RE,2
Full,1.5C,R10MIDDLE_EAST,total_energy_jobyears_per_1k,Employment,REMIND,REMIND-MAgPIE 2.1-4.3,DeepElectrification,High-RE,1
Full,1.5C,R10MIDDLE_EAST,total_energy_jobyears_per_1k,Employment,REMIND,REMIND-MAgPIE 3.2.0-4.8.0,RESCUE,High-RE,3
Full,1.5C,R10MIDDLE_EAST,total_energy_jobyears_per_1k,Employment,REMIND,REMIND-MAgPIE 3.3-4.8,NGFS Phase 5,High-RE,1
Full,1.5C,R10MIDDLE_EAST,total_energy_jobyears_per_1k,Employment,WITCH,WITCH 5.0,ENGAGE,High-CDR,6
Full,1.5C,R10NORTH_AM,gap_GJ_pc,DLE gap,AIM,AIM/CGE V2.2,ENGAGE,High-CDR,1
Full,1.5C,R10NORTH_AM,gap_GJ_pc,DLE gap,AIM,AIM/CGE V2.2,ENGAGE,High-RE,3
Full,1.5C,R10NORTH_AM,gap_GJ_pc,DLE gap,GCAM,GCAM 5.3,Deep,High-CDR,7
Full,1.5C,R10NORTH_AM,gap_GJ_pc,DLE gap,GCAM,GCAM 6.0 NGFS,NGFS Phase 5,High-RE,1
Full,1.5C,R10NORTH_AM,gap_GJ_pc,DLE gap,IMAGE,IMAGE 3.2,SSP2021,High-CDR,12
Full,1.5C,R10NORTH_AM,gap_GJ_pc,DLE gap,IMAGE,IMAGE 3.3,GEO7,High-CDR,2
Full,1.5C,R10NORTH_AM,gap_GJ_pc,DLE gap,IMAGE,IMAGE 3.3,SHAPE,High-CDR,9
Full,1.5C,R10NORTH_AM,gap_GJ_pc,DLE gap,MESSAGEix,MESSAGEix-GLOBIOM 1.1,ENGAGE,High-CDR,13
Full,1.5C,R10NORTH_AM,gap_GJ_pc,DLE gap,MESSAGEix,MESSAGEix-GLOBIOM 1.1,NGFS Phase 2,High-CDR,1
Full,1.5C,R10NORTH_AM,gap_GJ_pc,DLE gap,MESSAGEix,MESSAGEix-GLOBIOM 1.2,COVID,High-CDR,5
Full,1.5C,R10NORTH_AM,gap_GJ_pc,DLE gap,MESSAGEix,MESSAGEix-GLOBIOM GEI 1.0,GEI,High-CDR,6
Full,1.5C,R10NORTH_AM,gap_GJ_pc,DLE gap,MESSAGEix,MESSAGEix-GLOBIOM GEI 1.0,GEI,High-RE,3
Full,1.5C,R10NORTH_AM,gap_GJ_pc,DLE gap,POLES,POLES-JRC ENGAGE,ENGAGE,High-CDR,4
Full,1.5C,R10NORTH_AM,gap_GJ_pc,DLE gap,POLES,POLES-JRC ENGAGE,ENGAGE,High-RE,1
Full,1.5C,R10NORTH_AM,gap_GJ_pc,DLE gap,REMIND,REMIND 2.1,CEMICS,High-RE,4
Full,1.5C,R10NORTH_AM,gap_GJ_pc,DLE gap,REMIND,REMIND 2.1,R2p1,High-RE,2
Full,1.5C,R10NORTH_AM,gap_GJ_pc,DLE gap,REMIND,REMIND 3.0,ENGAGE,High-RE,2
Full,1.5C,R10NORTH_AM,gap_GJ_pc,DLE gap,REMIND,REMIND 3.0,NAVIGATE,High-CDR,1
Full,1.5C,R10NORTH_AM,gap_GJ_pc,DLE gap,REMIND,REMIND-Buildings 2.0,BEG,High-RE,2
Full,1.5C,R10NORTH_AM,gap_GJ_pc,DLE gap,REMIND,REMIND-MAgPIE 1.7-3.0,CD,High-RE,4
Full,1.5C,R10NORTH_AM,gap_GJ_pc,DLE gap,REMIND,REMIND-MAgPIE 1.7-3.0,COMMIT,High-RE,3
Full,1.5C,R10NORTH_AM,gap_GJ_pc,DLE gap,REMIND,REMIND-MAgPIE 1.7-3.0,PEP,High-RE,13
Full,1.5C,R10NORTH_AM,gap_GJ_pc,DLE gap,REMIND,REMIND-MAgPIE 2.1-4.2,CEMICS,High-RE,3
Full,1.5C,R10NORTH_AM,gap_GJ_pc,DLE gap,REMIND,REMIND-MAgPIE 2.1-4.2,ENGAGE,High-RE,19
Full,1.5C,R10NORTH_AM,gap_GJ_pc,DLE gap,REMIND,REMIND-MAgPIE 2.1-4.2,SusDev,High-RE,2
Full,1.5C,R10NORTH_AM,gap_GJ_pc,DLE gap,REMIND,REMIND-MAgPIE 2.1-4.3,DeepElectrification,High-RE,1
Full,1.5C,R10NORTH_AM,gap_GJ_pc,DLE gap,REMIND,REMIND-MAgPIE 3.2.0-4.8.0,RESCUE,High-RE,3
Full,1.5C,R10NORTH_AM,gap_GJ_pc,DLE gap,REMIND,REMIND-MAgPIE 3.3-4.8,NGFS Phase 5,High-RE,1
Full,1.5C,R10NORTH_AM,gap_GJ_pc,DLE gap,WITCH,WITCH 5.0,ENGAGE,High-CDR,6
Full,1.5C,R10NORTH_AM,headcount_pct,Deprived headcount,AIM,AIM/CGE V2.2,ENGAGE,High-CDR,1
Full,1.5C,R10NORTH_AM,headcount_pct,Deprived headcount,AIM,AIM/CGE V2.2,ENGAGE,High-RE,3
Full,1.5C,R10NORTH_AM,headcount_pct,Deprived headcount,GCAM,GCAM 5.3,Deep,High-CDR,7
Full,1.5C,R10NORTH_AM,headcount_pct,Deprived headcount,GCAM,GCAM 6.0 NGFS,NGFS Phase 5,High-RE,1
Full,1.5C,R10NORTH_AM,headcount_pct,Deprived headcount,IMAGE,IMAGE 3.2,SSP2021,High-CDR,12
Full,1.5C,R10NORTH_AM,headcount_pct,Deprived headcount,IMAGE,IMAGE 3.3,GEO7,High-CDR,2
Full,1.5C,R10NORTH_AM,headcount_pct,Deprived headcount,IMAGE,IMAGE 3.3,SHAPE,High-CDR,9
Full,1.5C,R10NORTH_AM,headcount_pct,Deprived headcount,MESSAGEix,MESSAGEix-GLOBIOM 1.1,ENGAGE,High-CDR,13
Full,1.5C,R10NORTH_AM,headcount_pct,Deprived headcount,MESSAGEix,MESSAGEix-GLOBIOM 1.1,NGFS Phase 2,High-CDR,1
Full,1.5C,R10NORTH_AM,headcount_pct,Deprived headcount,MESSAGEix,MESSAGEix-GLOBIOM 1.2,COVID,High-CDR,5
Full,1.5C,R10NORTH_AM,headcount_pct,Deprived headcount,MESSAGEix,MESSAGEix-GLOBIOM GEI 1.0,GEI,High-CDR,6
Full,1.5C,R10NORTH_AM,headcount_pct,Deprived headcount,MESSAGEix,MESSAGEix-GLOBIOM GEI 1.0,GEI,High-RE,3
Full,1.5C,R10NORTH_AM,headcount_pct,Deprived headcount,POLES,POLES-JRC ENGAGE,ENGAGE,High-CDR,4
Full,1.5C,R10NORTH_AM,headcount_pct,Deprived headcount,POLES,POLES-JRC ENGAGE,ENGAGE,High-RE,1
Full,1.5C,R10NORTH_AM,headcount_pct,Deprived headcount,REMIND,REMIND 2.1,CEMICS,High-RE,4
Full,1.5C,R10NORTH_AM,headcount_pct,Deprived headcount,REMIND,REMIND 2.1,R2p1,High-RE,2
Full,1.5C,R10NORTH_AM,headcount_pct,Deprived headcount,REMIND,REMIND 3.0,ENGAGE,High-RE,2
Full,1.5C,R10NORTH_AM,headcount_pct,Deprived headcount,REMIND,REMIND 3.0,NAVIGATE,High-CDR,1
Full,1.5C,R10NORTH_AM,headcount_pct,Deprived headcount,REMIND,REMIND-Buildings 2.0,BEG,High-RE,2
Full,1.5C,R10NORTH_AM,headcount_pct,Deprived headcount,REMIND,REMIND-MAgPIE 1.7-3.0,CD,High-RE,4
Full,1.5C,R10NORTH_AM,headcount_pct,Deprived headcount,REMIND,REMIND-MAgPIE 1.7-3.0,COMMIT,High-RE,3
Full,1.5C,R10NORTH_AM,headcount_pct,Deprived headcount,REMIND,REMIND-MAgPIE 1.7-3.0,PEP,High-RE,13
Full,1.5C,R10NORTH_AM,headcount_pct,Deprived headcount,REMIND,REMIND-MAgPIE 2.1-4.2,CEMICS,High-RE,3
Full,1.5C,R10NORTH_AM,headcount_pct,Deprived headcount,REMIND,REMIND-MAgPIE 2.1-4.2,ENGAGE,High-RE,19
Full,1.5C,R10NORTH_AM,headcount_pct,Deprived headcount,REMIND,REMIND-MAgPIE 2.1-4.2,SusDev,High-RE,2
Full,1.5C,R10NORTH_AM,headcount_pct,Deprived headcount,REMIND,REMIND-MAgPIE 2.1-4.3,DeepElectrification,High-RE,1
Full,1.5C,R10NORTH_AM,headcount_pct,Deprived headcount,REMIND,REMIND-MAgPIE 3.2.0-4.8.0,RESCUE,High-RE,3
Full,1.5C,R10NORTH_AM,headcount_pct,Deprived headcount,REMIND,REMIND-MAgPIE 3.3-4.8,NGFS Phase 5,High-RE,1
Full,1.5C,R10NORTH_AM,headcount_pct,Deprived headcount,WITCH,WITCH 5.0,ENGAGE,High-CDR,6
Full,1.5C,R10NORTH_AM,mortality_million_deaths,PM2.5 mortality,AIM,AIM/CGE V2.2,ENGAGE,High-CDR,1
Full,1.5C,R10NORTH_AM,mortality_million_deaths,PM2.5 mortality,GCAM,GCAM 6.0 NGFS,NGFS Phase 5,High-RE,1
Full,1.5C,R10NORTH_AM,mortality_million_deaths,PM2.5 mortality,IMAGE,IMAGE 3.2,SSP2021,High-CDR,12
Full,1.5C,R10NORTH_AM,mortality_million_deaths,PM2.5 mortality,IMAGE,IMAGE 3.3,GEO7,High-CDR,2
Full,1.5C,R10NORTH_AM,mortality_million_deaths,PM2.5 mortality,IMAGE,IMAGE 3.3,SHAPE,High-CDR,9
Full,1.5C,R10NORTH_AM,mortality_million_deaths,PM2.5 mortality,MESSAGEix,MESSAGEix-GLOBIOM 1.1,ENGAGE,High-CDR,11
Full,1.5C,R10NORTH_AM,mortality_million_deaths,PM2.5 mortality,MESSAGEix,MESSAGEix-GLOBIOM 1.1,NGFS Phase 2,High-CDR,1
Full,1.5C,R10NORTH_AM,mortality_million_deaths,PM2.5 mortality,MESSAGEix,MESSAGEix-GLOBIOM 1.2,COVID,High-CDR,5
Full,1.5C,R10NORTH_AM,mortality_million_deaths,PM2.5 mortality,MESSAGEix,MESSAGEix-GLOBIOM GEI 1.0,GEI,High-CDR,6
Full,1.5C,R10NORTH_AM,mortality_million_deaths,PM2.5 mortality,MESSAGEix,MESSAGEix-GLOBIOM GEI 1.0,GEI,High-RE,3
Full,1.5C,R10NORTH_AM,mortality_million_deaths,PM2.5 mortality,POLES,POLES-JRC ENGAGE,ENGAGE,High-CDR,4
Full,1.5C,R10NORTH_AM,mortality_million_deaths,PM2.5 mortality,REMIND,REMIND 2.1,R2p1,High-RE,2
Full,1.5C,R10NORTH_AM,mortality_million_deaths,PM2.5 mortality,REMIND,REMIND-Buildings 2.0,BEG,High-RE,2
Full,1.5C,R10NORTH_AM,mortality_million_deaths,PM2.5 mortality,REMIND,REMIND-MAgPIE 1.7-3.0,CD,High-RE,4
Full,1.5C,R10NORTH_AM,mortality_million_deaths,PM2.5 mortality,REMIND,REMIND-MAgPIE 1.7-3.0,COMMIT,High-RE,3
Full,1.5C,R10NORTH_AM,mortality_million_deaths,PM2.5 mortality,REMIND,REMIND-MAgPIE 1.7-3.0,PEP,High-RE,13
Full,1.5C,R10NORTH_AM,mortality_million_deaths,PM2.5 mortality,REMIND,REMIND-MAgPIE 2.1-4.2,ENGAGE,High-RE,19
Full,1.5C,R10NORTH_AM,mortality_million_deaths,PM2.5 mortality,REMIND,REMIND-MAgPIE 2.1-4.2,SusDev,High-RE,2
Full,1.5C,R10NORTH_AM,mortality_million_deaths,PM2.5 mortality,REMIND,REMIND-MAgPIE 2.1-4.3,DeepElectrification,High-RE,1
Full,1.5C,R10NORTH_AM,mortality_million_deaths,PM2.5 mortality,REMIND,REMIND-MAgPIE 3.2.0-4.8.0,RESCUE,High-RE,3
Full,1.5C,R10NORTH_AM,mortality_million_deaths,PM2.5 mortality,REMIND,REMIND-MAgPIE 3.3-4.8,NGFS Phase 5,High-RE,1
Full,1.5C,R10NORTH_AM,mortality_million_deaths,PM2.5 mortality,WITCH,WITCH 5.0,ENGAGE,High-CDR,6
Full,1.5C,R10NORTH_AM,total_energy_jobyears_per_1k,Employment,AIM,AIM/CGE V2.2,ENGAGE,High-CDR,1
Full,1.5C,R10NORTH_AM,total_energy_jobyears_per_1k,Employment,AIM,AIM/CGE V2.2,ENGAGE,High-RE,3
Full,1.5C,R10NORTH_AM,total_energy_jobyears_per_1k,Employment,GCAM,GCAM 6.0 NGFS,NGFS Phase 5,High-RE,1
Full,1.5C,R10NORTH_AM,total_energy_jobyears_per_1k,Employment,IMAGE,IMAGE 3.2,SSP2021,High-CDR,12
Full,1.5C,R10NORTH_AM,total_energy_jobyears_per_1k,Employment,IMAGE,IMAGE 3.3,SHAPE,High-CDR,9
Full,1.5C,R10NORTH_AM,total_energy_jobyears_per_1k,Employment,MESSAGEix,MESSAGEix-GLOBIOM 1.1,ENGAGE,High-CDR,13
Full,1.5C,R10NORTH_AM,total_energy_jobyears_per_1k,Employment,MESSAGEix,MESSAGEix-GLOBIOM 1.1,NGFS Phase 2,High-CDR,1
Full,1.5C,R10NORTH_AM,total_energy_jobyears_per_1k,Employment,MESSAGEix,MESSAGEix-GLOBIOM 1.2,COVID,High-CDR,5
Full,1.5C,R10NORTH_AM,total_energy_jobyears_per_1k,Employment,MESSAGEix,MESSAGEix-GLOBIOM GEI 1.0,GEI,High-CDR,6
Full,1.5C,R10NORTH_AM,total_energy_jobyears_per_1k,Employment,MESSAGEix,MESSAGEix-GLOBIOM GEI 1.0,GEI,High-RE,3
Full,1.5C,R10NORTH_AM,total_energy_jobyears_per_1k,Employment,POLES,POLES-JRC ENGAGE,ENGAGE,High-CDR,4
Full,1.5C,R10NORTH_AM,total_energy_jobyears_per_1k,Employment,POLES,POLES-JRC ENGAGE,ENGAGE,High-RE,1
Full,1.5C,R10NORTH_AM,total_energy_jobyears_per_1k,Employment,REMIND,REMIND 2.1,CEMICS,High-RE,4
Full,1.5C,R10NORTH_AM,total_energy_jobyears_per_1k,Employment,REMIND,REMIND 2.1,R2p1,High-RE,2
Full,1.5C,R10NORTH_AM,total_energy_jobyears_per_1k,Employment,REMIND,REMIND 3.0,ENGAGE,High-RE,2
Full,1.5C,R10NORTH_AM,total_energy_jobyears_per_1k,Employment,REMIND,REMIND 3.0,NAVIGATE,High-CDR,1
Full,1.5C,R10NORTH_AM,total_energy_jobyears_per_1k,Employment,REMIND,REMIND-Buildings 2.0,BEG,High-RE,2
Full,1.5C,R10NORTH_AM,total_energy_jobyears_per_1k,Employment,REMIND,REMIND-MAgPIE 1.7-3.0,CD,High-RE,4
Full,1.5C,R10NORTH_AM,total_energy_jobyears_per_1k,Employment,REMIND,REMIND-MAgPIE 1.7-3.0,COMMIT,High-RE,3
Full,1.5C,R10NORTH_AM,total_energy_jobyears_per_1k,Employment,REMIND,REMIND-MAgPIE 1.7-3.0,PEP,High-RE,13
Full,1.5C,R10NORTH_AM,total_energy_jobyears_per_1k,Employment,REMIND,REMIND-MAgPIE 2.1-4.2,CEMICS,High-RE,3
Full,1.5C,R10NORTH_AM,total_energy_jobyears_per_1k,Employment,REMIND,REMIND-MAgPIE 2.1-4.2,ENGAGE,High-RE,19
Full,1.5C,R10NORTH_AM,total_energy_jobyears_per_1k,Employment,REMIND,REMIND-MAgPIE 2.1-4.2,SusDev,High-RE,2
Full,1.5C,R10NORTH_AM,total_energy_jobyears_per_1k,Employment,REMIND,REMIND-MAgPIE 2.1-4.3,DeepElectrification,High-RE,1
Full,1.5C,R10NORTH_AM,total_energy_jobyears_per_1k,Employment,REMIND,REMIND-MAgPIE 3.2.0-4.8.0,RESCUE,High-RE,3
Full,1.5C,R10NORTH_AM,total_energy_jobyears_per_1k,Employment,REMIND,REMIND-MAgPIE 3.3-4.8,NGFS Phase 5,High-RE,1
Full,1.5C,R10NORTH_AM,total_energy_jobyears_per_1k,Employment,WITCH,WITCH 5.0,ENGAGE,High-CDR,6
Full,1.5C,R10PAC_OECD,gap_GJ_pc,DLE gap,AIM,AIM/CGE V2.2,ENGAGE,High-CDR,1
Full,1.5C,R10PAC_OECD,gap_GJ_pc,DLE gap,AIM,AIM/CGE V2.2,ENGAGE,High-RE,3
Full,1.5C,R10PAC_OECD,gap_GJ_pc,DLE gap,GCAM,GCAM 5.3,Deep,High-CDR,7
Full,1.5C,R10PAC_OECD,gap_GJ_pc,DLE gap,GCAM,GCAM 6.0 NGFS,NGFS Phase 5,High-RE,1
Full,1.5C,R10PAC_OECD,gap_GJ_pc,DLE gap,IMAGE,IMAGE 3.2,SSP2021,High-CDR,12
Full,1.5C,R10PAC_OECD,gap_GJ_pc,DLE gap,IMAGE,IMAGE 3.3,GEO7,High-CDR,2
Full,1.5C,R10PAC_OECD,gap_GJ_pc,DLE gap,IMAGE,IMAGE 3.3,SHAPE,High-CDR,9
Full,1.5C,R10PAC_OECD,gap_GJ_pc,DLE gap,MESSAGEix,MESSAGEix-GLOBIOM 1.1,ENGAGE,High-CDR,13
Full,1.5C,R10PAC_OECD,gap_GJ_pc,DLE gap,MESSAGEix,MESSAGEix-GLOBIOM 1.1,NGFS Phase 2,High-CDR,1
Full,1.5C,R10PAC_OECD,gap_GJ_pc,DLE gap,MESSAGEix,MESSAGEix-GLOBIOM 1.2,COVID,High-CDR,5
Full,1.5C,R10PAC_OECD,gap_GJ_pc,DLE gap,MESSAGEix,MESSAGEix-GLOBIOM GEI 1.0,GEI,High-CDR,6
Full,1.5C,R10PAC_OECD,gap_GJ_pc,DLE gap,MESSAGEix,MESSAGEix-GLOBIOM GEI 1.0,GEI,High-RE,3
Full,1.5C,R10PAC_OECD,gap_GJ_pc,DLE gap,POLES,POLES-JRC ENGAGE,ENGAGE,High-CDR,4
Full,1.5C,R10PAC_OECD,gap_GJ_pc,DLE gap,POLES,POLES-JRC ENGAGE,ENGAGE,High-RE,1
Full,1.5C,R10PAC_OECD,gap_GJ_pc,DLE gap,REMIND,REMIND 2.1,CEMICS,High-RE,4
Full,1.5C,R10PAC_OECD,gap_GJ_pc,DLE gap,REMIND,REMIND 2.1,R2p1,High-RE,2
Full,1.5C,R10PAC_OECD,gap_GJ_pc,DLE gap,REMIND,REMIND 3.0,ENGAGE,High-RE,2
Full,1.5C,R10PAC_OECD,gap_GJ_pc,DLE gap,REMIND,REMIND 3.0,NAVIGATE,High-CDR,1
Full,1.5C,R10PAC_OECD,gap_GJ_pc,DLE gap,REMIND,REMIND-Buildings 2.0,BEG,High-RE,2
Full,1.5C,R10PAC_OECD,gap_GJ_pc,DLE gap,REMIND,REMIND-MAgPIE 1.7-3.0,CD,High-RE,4
Full,1.5C,R10PAC_OECD,gap_GJ_pc,DLE gap,REMIND,REMIND-MAgPIE 1.7-3.0,COMMIT,High-RE,3
Full,1.5C,R10PAC_OECD,gap_GJ_pc,DLE gap,REMIND,REMIND-MAgPIE 1.7-3.0,PEP,High-RE,13
Full,1.5C,R10PAC_OECD,gap_GJ_pc,DLE gap,REMIND,REMIND-MAgPIE 2.1-4.2,CEMICS,High-RE,3
Full,1.5C,R10PAC_OECD,gap_GJ_pc,DLE gap,REMIND,REMIND-MAgPIE 2.1-4.2,ENGAGE,High-RE,19
Full,1.5C,R10PAC_OECD,gap_GJ_pc,DLE gap,REMIND,REMIND-MAgPIE 2.1-4.2,SusDev,High-RE,2
Full,1.5C,R10PAC_OECD,gap_GJ_pc,DLE gap,REMIND,REMIND-MAgPIE 2.1-4.3,DeepElectrification,High-RE,1
Full,1.5C,R10PAC_OECD,gap_GJ_pc,DLE gap,REMIND,REMIND-MAgPIE 3.2.0-4.8.0,RESCUE,High-RE,3
Full,1.5C,R10PAC_OECD,gap_GJ_pc,DLE gap,REMIND,REMIND-MAgPIE 3.3-4.8,NGFS Phase 5,High-RE,1
Full,1.5C,R10PAC_OECD,gap_GJ_pc,DLE gap,WITCH,WITCH 5.0,ENGAGE,High-CDR,6
Full,1.5C,R10PAC_OECD,headcount_pct,Deprived headcount,AIM,AIM/CGE V2.2,ENGAGE,High-CDR,1
Full,1.5C,R10PAC_OECD,headcount_pct,Deprived headcount,AIM,AIM/CGE V2.2,ENGAGE,High-RE,3
Full,1.5C,R10PAC_OECD,headcount_pct,Deprived headcount,GCAM,GCAM 5.3,Deep,High-CDR,7
Full,1.5C,R10PAC_OECD,headcount_pct,Deprived headcount,GCAM,GCAM 6.0 NGFS,NGFS Phase 5,High-RE,1
Full,1.5C,R10PAC_OECD,headcount_pct,Deprived headcount,IMAGE,IMAGE 3.2,SSP2021,High-CDR,12
Full,1.5C,R10PAC_OECD,headcount_pct,Deprived headcount,IMAGE,IMAGE 3.3,GEO7,High-CDR,2
Full,1.5C,R10PAC_OECD,headcount_pct,Deprived headcount,IMAGE,IMAGE 3.3,SHAPE,High-CDR,9
Full,1.5C,R10PAC_OECD,headcount_pct,Deprived headcount,MESSAGEix,MESSAGEix-GLOBIOM 1.1,ENGAGE,High-CDR,13
Full,1.5C,R10PAC_OECD,headcount_pct,Deprived headcount,MESSAGEix,MESSAGEix-GLOBIOM 1.1,NGFS Phase 2,High-CDR,1
Full,1.5C,R10PAC_OECD,headcount_pct,Deprived headcount,MESSAGEix,MESSAGEix-GLOBIOM 1.2,COVID,High-CDR,5
Full,1.5C,R10PAC_OECD,headcount_pct,Deprived headcount,MESSAGEix,MESSAGEix-GLOBIOM GEI 1.0,GEI,High-CDR,6
Full,1.5C,R10PAC_OECD,headcount_pct,Deprived headcount,MESSAGEix,MESSAGEix-GLOBIOM GEI 1.0,GEI,High-RE,3
Full,1.5C,R10PAC_OECD,headcount_pct,Deprived headcount,POLES,POLES-JRC ENGAGE,ENGAGE,High-CDR,4
Full,1.5C,R10PAC_OECD,headcount_pct,Deprived headcount,POLES,POLES-JRC ENGAGE,ENGAGE,High-RE,1
Full,1.5C,R10PAC_OECD,headcount_pct,Deprived headcount,REMIND,REMIND 2.1,CEMICS,High-RE,4
Full,1.5C,R10PAC_OECD,headcount_pct,Deprived headcount,REMIND,REMIND 2.1,R2p1,High-RE,2
Full,1.5C,R10PAC_OECD,headcount_pct,Deprived headcount,REMIND,REMIND 3.0,ENGAGE,High-RE,2
Full,1.5C,R10PAC_OECD,headcount_pct,Deprived headcount,REMIND,REMIND 3.0,NAVIGATE,High-CDR,1
Full,1.5C,R10PAC_OECD,headcount_pct,Deprived headcount,REMIND,REMIND-Buildings 2.0,BEG,High-RE,2
Full,1.5C,R10PAC_OECD,headcount_pct,Deprived headcount,REMIND,REMIND-MAgPIE 1.7-3.0,CD,High-RE,4
Full,1.5C,R10PAC_OECD,headcount_pct,Deprived headcount,REMIND,REMIND-MAgPIE 1.7-3.0,COMMIT,High-RE,3
Full,1.5C,R10PAC_OECD,headcount_pct,Deprived headcount,REMIND,REMIND-MAgPIE 1.7-3.0,PEP,High-RE,13
Full,1.5C,R10PAC_OECD,headcount_pct,Deprived headcount,REMIND,REMIND-MAgPIE 2.1-4.2,CEMICS,High-RE,3
Full,1.5C,R10PAC_OECD,headcount_pct,Deprived headcount,REMIND,REMIND-MAgPIE 2.1-4.2,ENGAGE,High-RE,19
Full,1.5C,R10PAC_OECD,headcount_pct,Deprived headcount,REMIND,REMIND-MAgPIE 2.1-4.2,SusDev,High-RE,2
Full,1.5C,R10PAC_OECD,headcount_pct,Deprived headcount,REMIND,REMIND-MAgPIE 2.1-4.3,DeepElectrification,High-RE,1
Full,1.5C,R10PAC_OECD,headcount_pct,Deprived headcount,REMIND,REMIND-MAgPIE 3.2.0-4.8.0,RESCUE,High-RE,3
Full,1.5C,R10PAC_OECD,headcount_pct,Deprived headcount,REMIND,REMIND-MAgPIE 3.3-4.8,NGFS Phase 5,High-RE,1
Full,1.5C,R10PAC_OECD,headcount_pct,Deprived headcount,WITCH,WITCH 5.0,ENGAGE,High-CDR,6
Full,1.5C,R10PAC_OECD,mortality_million_deaths,PM2.5 mortality,AIM,AIM/CGE V2.2,ENGAGE,High-CDR,1
Full,1.5C,R10PAC_OECD,mortality_million_deaths,PM2.5 mortality,GCAM,GCAM 6.0 NGFS,NGFS Phase 5,High-RE,1
Full,1.5C,R10PAC_OECD,mortality_million_deaths,PM2.5 mortality,IMAGE,IMAGE 3.2,SSP2021,High-CDR,12
Full,1.5C,R10PAC_OECD,mortality_million_deaths,PM2.5 mortality,IMAGE,IMAGE 3.3,GEO7,High-CDR,2
Full,1.5C,R10PAC_OECD,mortality_million_deaths,PM2.5 mortality,IMAGE,IMAGE 3.3,SHAPE,High-CDR,9
Full,1.5C,R10PAC_OECD,mortality_million_deaths,PM2.5 mortality,MESSAGEix,MESSAGEix-GLOBIOM 1.1,ENGAGE,High-CDR,11
Full,1.5C,R10PAC_OECD,mortality_million_deaths,PM2.5 mortality,MESSAGEix,MESSAGEix-GLOBIOM 1.1,NGFS Phase 2,High-CDR,1
Full,1.5C,R10PAC_OECD,mortality_million_deaths,PM2.5 mortality,MESSAGEix,MESSAGEix-GLOBIOM 1.2,COVID,High-CDR,5
Full,1.5C,R10PAC_OECD,mortality_million_deaths,PM2.5 mortality,MESSAGEix,MESSAGEix-GLOBIOM GEI 1.0,GEI,High-CDR,6
Full,1.5C,R10PAC_OECD,mortality_million_deaths,PM2.5 mortality,MESSAGEix,MESSAGEix-GLOBIOM GEI 1.0,GEI,High-RE,3
Full,1.5C,R10PAC_OECD,mortality_million_deaths,PM2.5 mortality,POLES,POLES-JRC ENGAGE,ENGAGE,High-CDR,4
Full,1.5C,R10PAC_OECD,mortality_million_deaths,PM2.5 mortality,REMIND,REMIND 2.1,R2p1,High-RE,2
Full,1.5C,R10PAC_OECD,mortality_million_deaths,PM2.5 mortality,REMIND,REMIND-Buildings 2.0,BEG,High-RE,2
Full,1.5C,R10PAC_OECD,mortality_million_deaths,PM2.5 mortality,REMIND,REMIND-MAgPIE 1.7-3.0,CD,High-RE,4
Full,1.5C,R10PAC_OECD,mortality_million_deaths,PM2.5 mortality,REMIND,REMIND-MAgPIE 1.7-3.0,COMMIT,High-RE,3
Full,1.5C,R10PAC_OECD,mortality_million_deaths,PM2.5 mortality,REMIND,REMIND-MAgPIE 1.7-3.0,PEP,High-RE,13
Full,1.5C,R10PAC_OECD,mortality_million_deaths,PM2.5 mortality,REMIND,REMIND-MAgPIE 2.1-4.2,ENGAGE,High-RE,19
Full,1.5C,R10PAC_OECD,mortality_million_deaths,PM2.5 mortality,REMIND,REMIND-MAgPIE 2.1-4.2,SusDev,High-RE,2
Full,1.5C,R10PAC_OECD,mortality_million_deaths,PM2.5 mortality,REMIND,REMIND-MAgPIE 2.1-4.3,DeepElectrification,High-RE,1
Full,1.5C,R10PAC_OECD,mortality_million_deaths,PM2.5 mortality,REMIND,REMIND-MAgPIE 3.2.0-4.8.0,RESCUE,High-RE,3
Full,1.5C,R10PAC_OECD,mortality_million_deaths,PM2.5 mortality,REMIND,REMIND-MAgPIE 3.3-4.8,NGFS Phase 5,High-RE,1
Full,1.5C,R10PAC_OECD,mortality_million_deaths,PM2.5 mortality,WITCH,WITCH 5.0,ENGAGE,High-CDR,6
Full,1.5C,R10PAC_OECD,total_energy_jobyears_per_1k,Employment,AIM,AIM/CGE V2.2,ENGAGE,High-CDR,1
Full,1.5C,R10PAC_OECD,total_energy_jobyears_per_1k,Employment,AIM,AIM/CGE V2.2,ENGAGE,High-RE,3
Full,1.5C,R10PAC_OECD,total_energy_jobyears_per_1k,Employment,GCAM,GCAM 6.0 NGFS,NGFS Phase 5,High-RE,1
Full,1.5C,R10PAC_OECD,total_energy_jobyears_per_1k,Employment,IMAGE,IMAGE 3.2,SSP2021,High-CDR,12
Full,1.5C,R10PAC_OECD,total_energy_jobyears_per_1k,Employment,IMAGE,IMAGE 3.3,SHAPE,High-CDR,9
Full,1.5C,R10PAC_OECD,total_energy_jobyears_per_1k,Employment,MESSAGEix,MESSAGEix-GLOBIOM 1.1,ENGAGE,High-CDR,13
Full,1.5C,R10PAC_OECD,total_energy_jobyears_per_1k,Employment,MESSAGEix,MESSAGEix-GLOBIOM 1.1,NGFS Phase 2,High-CDR,1
Full,1.5C,R10PAC_OECD,total_energy_jobyears_per_1k,Employment,MESSAGEix,MESSAGEix-GLOBIOM 1.2,COVID,High-CDR,5
Full,1.5C,R10PAC_OECD,total_energy_jobyears_per_1k,Employment,MESSAGEix,MESSAGEix-GLOBIOM GEI 1.0,GEI,High-CDR,6
Full,1.5C,R10PAC_OECD,total_energy_jobyears_per_1k,Employment,MESSAGEix,MESSAGEix-GLOBIOM GEI 1.0,GEI,High-RE,3
Full,1.5C,R10PAC_OECD,total_energy_jobyears_per_1k,Employment,POLES,POLES-JRC ENGAGE,ENGAGE,High-CDR,4
Full,1.5C,R10PAC_OECD,total_energy_jobyears_per_1k,Employment,POLES,POLES-JRC ENGAGE,ENGAGE,High-RE,1
Full,1.5C,R10PAC_OECD,total_energy_jobyears_per_1k,Employment,REMIND,REMIND 2.1,CEMICS,High-RE,4
Full,1.5C,R10PAC_OECD,total_energy_jobyears_per_1k,Employment,REMIND,REMIND 2.1,R2p1,High-RE,2
Full,1.5C,R10PAC_OECD,total_energy_jobyears_per_1k,Employment,REMIND,REMIND 3.0,ENGAGE,High-RE,2
Full,1.5C,R10PAC_OECD,total_energy_jobyears_per_1k,Employment,REMIND,REMIND 3.0,NAVIGATE,High-CDR,1
Full,1.5C,R10PAC_OECD,total_energy_jobyears_per_1k,Employment,REMIND,REMIND-Buildings 2.0,BEG,High-RE,2
Full,1.5C,R10PAC_OECD,total_energy_jobyears_per_1k,Employment,REMIND,REMIND-MAgPIE 1.7-3.0,CD,High-RE,4
Full,1.5C,R10PAC_OECD,total_energy_jobyears_per_1k,Employment,REMIND,REMIND-MAgPIE 1.7-3.0,COMMIT,High-RE,3
Full,1.5C,R10PAC_OECD,total_energy_jobyears_per_1k,Employment,REMIND,REMIND-MAgPIE 1.7-3.0,PEP,High-RE,13
Full,1.5C,R10PAC_OECD,total_energy_jobyears_per_1k,Employment,REMIND,REMIND-MAgPIE 2.1-4.2,CEMICS,High-RE,3
Full,1.5C,R10PAC_OECD,total_energy_jobyears_per_1k,Employment,REMIND,REMIND-MAgPIE 2.1-4.2,ENGAGE,High-RE,19
Full,1.5C,R10PAC_OECD,total_energy_jobyears_per_1k,Employment,REMIND,REMIND-MAgPIE 2.1-4.2,SusDev,High-RE,2
Full,1.5C,R10PAC_OECD,total_energy_jobyears_per_1k,Employment,REMIND,REMIND-MAgPIE 2.1-4.3,DeepElectrification,High-RE,1
Full,1.5C,R10PAC_OECD,total_energy_jobyears_per_1k,Employment,REMIND,REMIND-MAgPIE 3.2.0-4.8.0,RESCUE,High-RE,3
Full,1.5C,R10PAC_OECD,total_energy_jobyears_per_1k,Employment,REMIND,REMIND-MAgPIE 3.3-4.8,NGFS Phase 5,High-RE,1
Full,1.5C,R10PAC_OECD,total_energy_jobyears_per_1k,Employment,WITCH,WITCH 5.0,ENGAGE,High-CDR,6
Full,1.5C,R10REF_ECON,gap_GJ_pc,DLE gap,AIM,AIM/CGE V2.2,ENGAGE,High-CDR,1
Full,1.5C,R10REF_ECON,gap_GJ_pc,DLE gap,AIM,AIM/CGE V2.2,ENGAGE,High-RE,3
Full,1.5C,R10REF_ECON,gap_GJ_pc,DLE gap,GCAM,GCAM 5.3,Deep,High-CDR,7
Full,1.5C,R10REF_ECON,gap_GJ_pc,DLE gap,GCAM,GCAM 6.0 NGFS,NGFS Phase 5,High-RE,1
Full,1.5C,R10REF_ECON,gap_GJ_pc,DLE gap,IMAGE,IMAGE 3.2,SSP2021,High-CDR,12
Full,1.5C,R10REF_ECON,gap_GJ_pc,DLE gap,IMAGE,IMAGE 3.3,GEO7,High-CDR,2
Full,1.5C,R10REF_ECON,gap_GJ_pc,DLE gap,IMAGE,IMAGE 3.3,SHAPE,High-CDR,9
Full,1.5C,R10REF_ECON,gap_GJ_pc,DLE gap,MESSAGEix,MESSAGEix-GLOBIOM 1.1,ENGAGE,High-CDR,13
Full,1.5C,R10REF_ECON,gap_GJ_pc,DLE gap,MESSAGEix,MESSAGEix-GLOBIOM 1.1,NGFS Phase 2,High-CDR,1
Full,1.5C,R10REF_ECON,gap_GJ_pc,DLE gap,MESSAGEix,MESSAGEix-GLOBIOM 1.2,COVID,High-CDR,5
Full,1.5C,R10REF_ECON,gap_GJ_pc,DLE gap,MESSAGEix,MESSAGEix-GLOBIOM GEI 1.0,GEI,High-CDR,6
Full,1.5C,R10REF_ECON,gap_GJ_pc,DLE gap,MESSAGEix,MESSAGEix-GLOBIOM GEI 1.0,GEI,High-RE,3
Full,1.5C,R10REF_ECON,gap_GJ_pc,DLE gap,POLES,POLES-JRC ENGAGE,ENGAGE,High-CDR,4
Full,1.5C,R10REF_ECON,gap_GJ_pc,DLE gap,POLES,POLES-JRC ENGAGE,ENGAGE,High-RE,1
Full,1.5C,R10REF_ECON,gap_GJ_pc,DLE gap,REMIND,REMIND 2.1,CEMICS,High-RE,4
Full,1.5C,R10REF_ECON,gap_GJ_pc,DLE gap,REMIND,REMIND 2.1,R2p1,High-RE,2
Full,1.5C,R10REF_ECON,gap_GJ_pc,DLE gap,REMIND,REMIND 3.0,ENGAGE,High-RE,2
Full,1.5C,R10REF_ECON,gap_GJ_pc,DLE gap,REMIND,REMIND 3.0,NAVIGATE,High-CDR,1
Full,1.5C,R10REF_ECON,gap_GJ_pc,DLE gap,REMIND,REMIND-Buildings 2.0,BEG,High-RE,2
Full,1.5C,R10REF_ECON,gap_GJ_pc,DLE gap,REMIND,REMIND-MAgPIE 1.7-3.0,CD,High-RE,4
Full,1.5C,R10REF_ECON,gap_GJ_pc,DLE gap,REMIND,REMIND-MAgPIE 1.7-3.0,COMMIT,High-RE,3
Full,1.5C,R10REF_ECON,gap_GJ_pc,DLE gap,REMIND,REMIND-MAgPIE 1.7-3.0,PEP,High-RE,13
Full,1.5C,R10REF_ECON,gap_GJ_pc,DLE gap,REMIND,REMIND-MAgPIE 2.1-4.2,CEMICS,High-RE,3
Full,1.5C,R10REF_ECON,gap_GJ_pc,DLE gap,REMIND,REMIND-MAgPIE 2.1-4.2,ENGAGE,High-RE,19
Full,1.5C,R10REF_ECON,gap_GJ_pc,DLE gap,REMIND,REMIND-MAgPIE 2.1-4.2,SusDev,High-RE,2
Full,1.5C,R10REF_ECON,gap_GJ_pc,DLE gap,REMIND,REMIND-MAgPIE 2.1-4.3,DeepElectrification,High-RE,1
Full,1.5C,R10REF_ECON,gap_GJ_pc,DLE gap,REMIND,REMIND-MAgPIE 3.2.0-4.8.0,RESCUE,High-RE,3
Full,1.5C,R10REF_ECON,gap_GJ_pc,DLE gap,REMIND,REMIND-MAgPIE 3.3-4.8,NGFS Phase 5,High-RE,1
Full,1.5C,R10REF_ECON,gap_GJ_pc,DLE gap,WITCH,WITCH 5.0,ENGAGE,High-CDR,6
Full,1.5C,R10REF_ECON,headcount_pct,Deprived headcount,AIM,AIM/CGE V2.2,ENGAGE,High-CDR,1
Full,1.5C,R10REF_ECON,headcount_pct,Deprived headcount,AIM,AIM/CGE V2.2,ENGAGE,High-RE,3
Full,1.5C,R10REF_ECON,headcount_pct,Deprived headcount,GCAM,GCAM 5.3,Deep,High-CDR,7
Full,1.5C,R10REF_ECON,headcount_pct,Deprived headcount,GCAM,GCAM 6.0 NGFS,NGFS Phase 5,High-RE,1
Full,1.5C,R10REF_ECON,headcount_pct,Deprived headcount,IMAGE,IMAGE 3.2,SSP2021,High-CDR,12
Full,1.5C,R10REF_ECON,headcount_pct,Deprived headcount,IMAGE,IMAGE 3.3,GEO7,High-CDR,2
Full,1.5C,R10REF_ECON,headcount_pct,Deprived headcount,IMAGE,IMAGE 3.3,SHAPE,High-CDR,9
Full,1.5C,R10REF_ECON,headcount_pct,Deprived headcount,MESSAGEix,MESSAGEix-GLOBIOM 1.1,ENGAGE,High-CDR,13
Full,1.5C,R10REF_ECON,headcount_pct,Deprived headcount,MESSAGEix,MESSAGEix-GLOBIOM 1.1,NGFS Phase 2,High-CDR,1
Full,1.5C,R10REF_ECON,headcount_pct,Deprived headcount,MESSAGEix,MESSAGEix-GLOBIOM 1.2,COVID,High-CDR,5
Full,1.5C,R10REF_ECON,headcount_pct,Deprived headcount,MESSAGEix,MESSAGEix-GLOBIOM GEI 1.0,GEI,High-CDR,6
Full,1.5C,R10REF_ECON,headcount_pct,Deprived headcount,MESSAGEix,MESSAGEix-GLOBIOM GEI 1.0,GEI,High-RE,3
Full,1.5C,R10REF_ECON,headcount_pct,Deprived headcount,POLES,POLES-JRC ENGAGE,ENGAGE,High-CDR,4
Full,1.5C,R10REF_ECON,headcount_pct,Deprived headcount,POLES,POLES-JRC ENGAGE,ENGAGE,High-RE,1
Full,1.5C,R10REF_ECON,headcount_pct,Deprived headcount,REMIND,REMIND 2.1,CEMICS,High-RE,4
Full,1.5C,R10REF_ECON,headcount_pct,Deprived headcount,REMIND,REMIND 2.1,R2p1,High-RE,2
Full,1.5C,R10REF_ECON,headcount_pct,Deprived headcount,REMIND,REMIND 3.0,ENGAGE,High-RE,2
Full,1.5C,R10REF_ECON,headcount_pct,Deprived headcount,REMIND,REMIND 3.0,NAVIGATE,High-CDR,1
Full,1.5C,R10REF_ECON,headcount_pct,Deprived headcount,REMIND,REMIND-Buildings 2.0,BEG,High-RE,2
Full,1.5C,R10REF_ECON,headcount_pct,Deprived headcount,REMIND,REMIND-MAgPIE 1.7-3.0,CD,High-RE,4
Full,1.5C,R10REF_ECON,headcount_pct,Deprived headcount,REMIND,REMIND-MAgPIE 1.7-3.0,COMMIT,High-RE,3
Full,1.5C,R10REF_ECON,headcount_pct,Deprived headcount,REMIND,REMIND-MAgPIE 1.7-3.0,PEP,High-RE,13
Full,1.5C,R10REF_ECON,headcount_pct,Deprived headcount,REMIND,REMIND-MAgPIE 2.1-4.2,CEMICS,High-RE,3
Full,1.5C,R10REF_ECON,headcount_pct,Deprived headcount,REMIND,REMIND-MAgPIE 2.1-4.2,ENGAGE,High-RE,19
Full,1.5C,R10REF_ECON,headcount_pct,Deprived headcount,REMIND,REMIND-MAgPIE 2.1-4.2,SusDev,High-RE,2
Full,1.5C,R10REF_ECON,headcount_pct,Deprived headcount,REMIND,REMIND-MAgPIE 2.1-4.3,DeepElectrification,High-RE,1
Full,1.5C,R10REF_ECON,headcount_pct,Deprived headcount,REMIND,REMIND-MAgPIE 3.2.0-4.8.0,RESCUE,High-RE,3
Full,1.5C,R10REF_ECON,headcount_pct,Deprived headcount,REMIND,REMIND-MAgPIE 3.3-4.8,NGFS Phase 5,High-RE,1
Full,1.5C,R10REF_ECON,headcount_pct,Deprived headcount,WITCH,WITCH 5.0,ENGAGE,High-CDR,6
Full,1.5C,R10REF_ECON,mortality_million_deaths,PM2.5 mortality,AIM,AIM/CGE V2.2,ENGAGE,High-CDR,1
Full,1.5C,R10REF_ECON,mortality_million_deaths,PM2.5 mortality,GCAM,GCAM 6.0 NGFS,NGFS Phase 5,High-RE,1
Full,1.5C,R10REF_ECON,mortality_million_deaths,PM2.5 mortality,IMAGE,IMAGE 3.2,SSP2021,High-CDR,12
Full,1.5C,R10REF_ECON,mortality_million_deaths,PM2.5 mortality,IMAGE,IMAGE 3.3,GEO7,High-CDR,2
Full,1.5C,R10REF_ECON,mortality_million_deaths,PM2.5 mortality,IMAGE,IMAGE 3.3,SHAPE,High-CDR,9
Full,1.5C,R10REF_ECON,mortality_million_deaths,PM2.5 mortality,MESSAGEix,MESSAGEix-GLOBIOM 1.1,ENGAGE,High-CDR,11
Full,1.5C,R10REF_ECON,mortality_million_deaths,PM2.5 mortality,MESSAGEix,MESSAGEix-GLOBIOM 1.1,NGFS Phase 2,High-CDR,1
Full,1.5C,R10REF_ECON,mortality_million_deaths,PM2.5 mortality,MESSAGEix,MESSAGEix-GLOBIOM 1.2,COVID,High-CDR,5
Full,1.5C,R10REF_ECON,mortality_million_deaths,PM2.5 mortality,MESSAGEix,MESSAGEix-GLOBIOM GEI 1.0,GEI,High-CDR,6
Full,1.5C,R10REF_ECON,mortality_million_deaths,PM2.5 mortality,MESSAGEix,MESSAGEix-GLOBIOM GEI 1.0,GEI,High-RE,3
Full,1.5C,R10REF_ECON,mortality_million_deaths,PM2.5 mortality,POLES,POLES-JRC ENGAGE,ENGAGE,High-CDR,4
Full,1.5C,R10REF_ECON,mortality_million_deaths,PM2.5 mortality,REMIND,REMIND 2.1,R2p1,High-RE,2
Full,1.5C,R10REF_ECON,mortality_million_deaths,PM2.5 mortality,REMIND,REMIND-Buildings 2.0,BEG,High-RE,2
Full,1.5C,R10REF_ECON,mortality_million_deaths,PM2.5 mortality,REMIND,REMIND-MAgPIE 1.7-3.0,CD,High-RE,4
Full,1.5C,R10REF_ECON,mortality_million_deaths,PM2.5 mortality,REMIND,REMIND-MAgPIE 1.7-3.0,COMMIT,High-RE,3
Full,1.5C,R10REF_ECON,mortality_million_deaths,PM2.5 mortality,REMIND,REMIND-MAgPIE 1.7-3.0,PEP,High-RE,13
Full,1.5C,R10REF_ECON,mortality_million_deaths,PM2.5 mortality,REMIND,REMIND-MAgPIE 2.1-4.2,ENGAGE,High-RE,19
Full,1.5C,R10REF_ECON,mortality_million_deaths,PM2.5 mortality,REMIND,REMIND-MAgPIE 2.1-4.2,SusDev,High-RE,2
Full,1.5C,R10REF_ECON,mortality_million_deaths,PM2.5 mortality,REMIND,REMIND-MAgPIE 2.1-4.3,DeepElectrification,High-RE,1
Full,1.5C,R10REF_ECON,mortality_million_deaths,PM2.5 mortality,REMIND,REMIND-MAgPIE 3.2.0-4.8.0,RESCUE,High-RE,3
Full,1.5C,R10REF_ECON,mortality_million_deaths,PM2.5 mortality,REMIND,REMIND-MAgPIE 3.3-4.8,NGFS Phase 5,High-RE,1
Full,1.5C,R10REF_ECON,mortality_million_deaths,PM2.5 mortality,WITCH,WITCH 5.0,ENGAGE,High-CDR,6
Full,1.5C,R10REF_ECON,total_energy_jobyears_per_1k,Employment,AIM,AIM/CGE V2.2,ENGAGE,High-CDR,1
Full,1.5C,R10REF_ECON,total_energy_jobyears_per_1k,Employment,AIM,AIM/CGE V2.2,ENGAGE,High-RE,3
Full,1.5C,R10REF_ECON,total_energy_jobyears_per_1k,Employment,GCAM,GCAM 6.0 NGFS,NGFS Phase 5,High-RE,1
Full,1.5C,R10REF_ECON,total_energy_jobyears_per_1k,Employment,IMAGE,IMAGE 3.2,SSP2021,High-CDR,12
Full,1.5C,R10REF_ECON,total_energy_jobyears_per_1k,Employment,IMAGE,IMAGE 3.3,SHAPE,High-CDR,9
Full,1.5C,R10REF_ECON,total_energy_jobyears_per_1k,Employment,MESSAGEix,MESSAGEix-GLOBIOM 1.1,ENGAGE,High-CDR,13
Full,1.5C,R10REF_ECON,total_energy_jobyears_per_1k,Employment,MESSAGEix,MESSAGEix-GLOBIOM 1.1,NGFS Phase 2,High-CDR,1
Full,1.5C,R10REF_ECON,total_energy_jobyears_per_1k,Employment,MESSAGEix,MESSAGEix-GLOBIOM 1.2,COVID,High-CDR,5
Full,1.5C,R10REF_ECON,total_energy_jobyears_per_1k,Employment,MESSAGEix,MESSAGEix-GLOBIOM GEI 1.0,GEI,High-CDR,6
Full,1.5C,R10REF_ECON,total_energy_jobyears_per_1k,Employment,MESSAGEix,MESSAGEix-GLOBIOM GEI 1.0,GEI,High-RE,3
Full,1.5C,R10REF_ECON,total_energy_jobyears_per_1k,Employment,POLES,POLES-JRC ENGAGE,ENGAGE,High-CDR,4
Full,1.5C,R10REF_ECON,total_energy_jobyears_per_1k,Employment,POLES,POLES-JRC ENGAGE,ENGAGE,High-RE,1
Full,1.5C,R10REF_ECON,total_energy_jobyears_per_1k,Employment,REMIND,REMIND 2.1,CEMICS,High-RE,4
Full,1.5C,R10REF_ECON,total_energy_jobyears_per_1k,Employment,REMIND,REMIND 2.1,R2p1,High-RE,2
Full,1.5C,R10REF_ECON,total_energy_jobyears_per_1k,Employment,REMIND,REMIND 3.0,ENGAGE,High-RE,2
Full,1.5C,R10REF_ECON,total_energy_jobyears_per_1k,Employment,REMIND,REMIND 3.0,NAVIGATE,High-CDR,1
Full,1.5C,R10REF_ECON,total_energy_jobyears_per_1k,Employment,REMIND,REMIND-Buildings 2.0,BEG,High-RE,2
Full,1.5C,R10REF_ECON,total_energy_jobyears_per_1k,Employment,REMIND,REMIND-MAgPIE 1.7-3.0,CD,High-RE,4
Full,1.5C,R10REF_ECON,total_energy_jobyears_per_1k,Employment,REMIND,REMIND-MAgPIE 1.7-3.0,COMMIT,High-RE,3
Full,1.5C,R10REF_ECON,total_energy_jobyears_per_1k,Employment,REMIND,REMIND-MAgPIE 1.7-3.0,PEP,High-RE,13
Full,1.5C,R10REF_ECON,total_energy_jobyears_per_1k,Employment,REMIND,REMIND-MAgPIE 2.1-4.2,CEMICS,High-RE,3
Full,1.5C,R10REF_ECON,total_energy_jobyears_per_1k,Employment,REMIND,REMIND-MAgPIE 2.1-4.2,ENGAGE,High-RE,19
Full,1.5C,R10REF_ECON,total_energy_jobyears_per_1k,Employment,REMIND,REMIND-MAgPIE 2.1-4.2,SusDev,High-RE,2
Full,1.5C,R10REF_ECON,total_energy_jobyears_per_1k,Employment,REMIND,REMIND-MAgPIE 2.1-4.3,DeepElectrification,High-RE,1
Full,1.5C,R10REF_ECON,total_energy_jobyears_per_1k,Employment,REMIND,REMIND-MAgPIE 3.2.0-4.8.0,RESCUE,High-RE,3
Full,1.5C,R10REF_ECON,total_energy_jobyears_per_1k,Employment,REMIND,REMIND-MAgPIE 3.3-4.8,NGFS Phase 5,High-RE,1
Full,1.5C,R10REF_ECON,total_energy_jobyears_per_1k,Employment,WITCH,WITCH 5.0,ENGAGE,High-CDR,6
Full,1.5C,R10REST_ASIA,gap_GJ_pc,DLE gap,AIM,AIM/CGE V2.2,ENGAGE,High-CDR,1
Full,1.5C,R10REST_ASIA,gap_GJ_pc,DLE gap,AIM,AIM/CGE V2.2,ENGAGE,High-RE,3
Full,1.5C,R10REST_ASIA,gap_GJ_pc,DLE gap,GCAM,GCAM 5.3,Deep,High-CDR,7
Full,1.5C,R10REST_ASIA,gap_GJ_pc,DLE gap,GCAM,GCAM 6.0 NGFS,NGFS Phase 5,High-RE,1
Full,1.5C,R10REST_ASIA,gap_GJ_pc,DLE gap,IMAGE,IMAGE 3.2,SSP2021,High-CDR,12
Full,1.5C,R10REST_ASIA,gap_GJ_pc,DLE gap,IMAGE,IMAGE 3.3,GEO7,High-CDR,2
Full,1.5C,R10REST_ASIA,gap_GJ_pc,DLE gap,IMAGE,IMAGE 3.3,SHAPE,High-CDR,9
Full,1.5C,R10REST_ASIA,gap_GJ_pc,DLE gap,MESSAGEix,MESSAGEix-GLOBIOM 1.1,ENGAGE,High-CDR,13
Full,1.5C,R10REST_ASIA,gap_GJ_pc,DLE gap,MESSAGEix,MESSAGEix-GLOBIOM 1.1,NGFS Phase 2,High-CDR,1
Full,1.5C,R10REST_ASIA,gap_GJ_pc,DLE gap,MESSAGEix,MESSAGEix-GLOBIOM 1.2,COVID,High-CDR,5
Full,1.5C,R10REST_ASIA,gap_GJ_pc,DLE gap,MESSAGEix,MESSAGEix-GLOBIOM GEI 1.0,GEI,High-CDR,6
Full,1.5C,R10REST_ASIA,gap_GJ_pc,DLE gap,MESSAGEix,MESSAGEix-GLOBIOM GEI 1.0,GEI,High-RE,3
Full,1.5C,R10REST_ASIA,gap_GJ_pc,DLE gap,POLES,POLES-JRC ENGAGE,ENGAGE,High-CDR,4
Full,1.5C,R10REST_ASIA,gap_GJ_pc,DLE gap,POLES,POLES-JRC ENGAGE,ENGAGE,High-RE,1
Full,1.5C,R10REST_ASIA,gap_GJ_pc,DLE gap,REMIND,REMIND 2.1,CEMICS,High-RE,4
Full,1.5C,R10REST_ASIA,gap_GJ_pc,DLE gap,REMIND,REMIND 2.1,R2p1,High-RE,2
Full,1.5C,R10REST_ASIA,gap_GJ_pc,DLE gap,REMIND,REMIND 3.0,ENGAGE,High-RE,2
Full,1.5C,R10REST_ASIA,gap_GJ_pc,DLE gap,REMIND,REMIND 3.0,NAVIGATE,High-CDR,1
Full,1.5C,R10REST_ASIA,gap_GJ_pc,DLE gap,REMIND,REMIND-Buildings 2.0,BEG,High-RE,2
Full,1.5C,R10REST_ASIA,gap_GJ_pc,DLE gap,REMIND,REMIND-MAgPIE 1.7-3.0,CD,High-RE,4
Full,1.5C,R10REST_ASIA,gap_GJ_pc,DLE gap,REMIND,REMIND-MAgPIE 1.7-3.0,COMMIT,High-RE,3
Full,1.5C,R10REST_ASIA,gap_GJ_pc,DLE gap,REMIND,REMIND-MAgPIE 1.7-3.0,PEP,High-RE,13
Full,1.5C,R10REST_ASIA,gap_GJ_pc,DLE gap,REMIND,REMIND-MAgPIE 2.1-4.2,CEMICS,High-RE,3
Full,1.5C,R10REST_ASIA,gap_GJ_pc,DLE gap,REMIND,REMIND-MAgPIE 2.1-4.2,ENGAGE,High-RE,19
Full,1.5C,R10REST_ASIA,gap_GJ_pc,DLE gap,REMIND,REMIND-MAgPIE 2.1-4.2,SusDev,High-RE,2
Full,1.5C,R10REST_ASIA,gap_GJ_pc,DLE gap,REMIND,REMIND-MAgPIE 2.1-4.3,DeepElectrification,High-RE,1
Full,1.5C,R10REST_ASIA,gap_GJ_pc,DLE gap,REMIND,REMIND-MAgPIE 3.2.0-4.8.0,RESCUE,High-RE,3
Full,1.5C,R10REST_ASIA,gap_GJ_pc,DLE gap,REMIND,REMIND-MAgPIE 3.3-4.8,NGFS Phase 5,High-RE,1
Full,1.5C,R10REST_ASIA,gap_GJ_pc,DLE gap,WITCH,WITCH 5.0,ENGAGE,High-CDR,6
Full,1.5C,R10REST_ASIA,headcount_pct,Deprived headcount,AIM,AIM/CGE V2.2,ENGAGE,High-CDR,1
Full,1.5C,R10REST_ASIA,headcount_pct,Deprived headcount,AIM,AIM/CGE V2.2,ENGAGE,High-RE,3
Full,1.5C,R10REST_ASIA,headcount_pct,Deprived headcount,GCAM,GCAM 5.3,Deep,High-CDR,7
Full,1.5C,R10REST_ASIA,headcount_pct,Deprived headcount,GCAM,GCAM 6.0 NGFS,NGFS Phase 5,High-RE,1
Full,1.5C,R10REST_ASIA,headcount_pct,Deprived headcount,IMAGE,IMAGE 3.2,SSP2021,High-CDR,12
Full,1.5C,R10REST_ASIA,headcount_pct,Deprived headcount,IMAGE,IMAGE 3.3,GEO7,High-CDR,2
Full,1.5C,R10REST_ASIA,headcount_pct,Deprived headcount,IMAGE,IMAGE 3.3,SHAPE,High-CDR,9
Full,1.5C,R10REST_ASIA,headcount_pct,Deprived headcount,MESSAGEix,MESSAGEix-GLOBIOM 1.1,ENGAGE,High-CDR,13
Full,1.5C,R10REST_ASIA,headcount_pct,Deprived headcount,MESSAGEix,MESSAGEix-GLOBIOM 1.1,NGFS Phase 2,High-CDR,1
Full,1.5C,R10REST_ASIA,headcount_pct,Deprived headcount,MESSAGEix,MESSAGEix-GLOBIOM 1.2,COVID,High-CDR,5
Full,1.5C,R10REST_ASIA,headcount_pct,Deprived headcount,MESSAGEix,MESSAGEix-GLOBIOM GEI 1.0,GEI,High-CDR,6
Full,1.5C,R10REST_ASIA,headcount_pct,Deprived headcount,MESSAGEix,MESSAGEix-GLOBIOM GEI 1.0,GEI,High-RE,3
Full,1.5C,R10REST_ASIA,headcount_pct,Deprived headcount,POLES,POLES-JRC ENGAGE,ENGAGE,High-CDR,4
Full,1.5C,R10REST_ASIA,headcount_pct,Deprived headcount,POLES,POLES-JRC ENGAGE,ENGAGE,High-RE,1
Full,1.5C,R10REST_ASIA,headcount_pct,Deprived headcount,REMIND,REMIND 2.1,CEMICS,High-RE,4
Full,1.5C,R10REST_ASIA,headcount_pct,Deprived headcount,REMIND,REMIND 2.1,R2p1,High-RE,2
Full,1.5C,R10REST_ASIA,headcount_pct,Deprived headcount,REMIND,REMIND 3.0,ENGAGE,High-RE,2
Full,1.5C,R10REST_ASIA,headcount_pct,Deprived headcount,REMIND,REMIND 3.0,NAVIGATE,High-CDR,1
Full,1.5C,R10REST_ASIA,headcount_pct,Deprived headcount,REMIND,REMIND-Buildings 2.0,BEG,High-RE,2
Full,1.5C,R10REST_ASIA,headcount_pct,Deprived headcount,REMIND,REMIND-MAgPIE 1.7-3.0,CD,High-RE,4
Full,1.5C,R10REST_ASIA,headcount_pct,Deprived headcount,REMIND,REMIND-MAgPIE 1.7-3.0,COMMIT,High-RE,3
Full,1.5C,R10REST_ASIA,headcount_pct,Deprived headcount,REMIND,REMIND-MAgPIE 1.7-3.0,PEP,High-RE,13
Full,1.5C,R10REST_ASIA,headcount_pct,Deprived headcount,REMIND,REMIND-MAgPIE 2.1-4.2,CEMICS,High-RE,3
Full,1.5C,R10REST_ASIA,headcount_pct,Deprived headcount,REMIND,REMIND-MAgPIE 2.1-4.2,ENGAGE,High-RE,19
Full,1.5C,R10REST_ASIA,headcount_pct,Deprived headcount,REMIND,REMIND-MAgPIE 2.1-4.2,SusDev,High-RE,2
Full,1.5C,R10REST_ASIA,headcount_pct,Deprived headcount,REMIND,REMIND-MAgPIE 2.1-4.3,DeepElectrification,High-RE,1
Full,1.5C,R10REST_ASIA,headcount_pct,Deprived headcount,REMIND,REMIND-MAgPIE 3.2.0-4.8.0,RESCUE,High-RE,3
Full,1.5C,R10REST_ASIA,headcount_pct,Deprived headcount,REMIND,REMIND-MAgPIE 3.3-4.8,NGFS Phase 5,High-RE,1
Full,1.5C,R10REST_ASIA,headcount_pct,Deprived headcount,WITCH,WITCH 5.0,ENGAGE,High-CDR,6
Full,1.5C,R10REST_ASIA,mortality_million_deaths,PM2.5 mortality,AIM,AIM/CGE V2.2,ENGAGE,High-CDR,1
Full,1.5C,R10REST_ASIA,mortality_million_deaths,PM2.5 mortality,GCAM,GCAM 6.0 NGFS,NGFS Phase 5,High-RE,1
Full,1.5C,R10REST_ASIA,mortality_million_deaths,PM2.5 mortality,IMAGE,IMAGE 3.2,SSP2021,High-CDR,12
Full,1.5C,R10REST_ASIA,mortality_million_deaths,PM2.5 mortality,IMAGE,IMAGE 3.3,GEO7,High-CDR,2
Full,1.5C,R10REST_ASIA,mortality_million_deaths,PM2.5 mortality,IMAGE,IMAGE 3.3,SHAPE,High-CDR,9
Full,1.5C,R10REST_ASIA,mortality_million_deaths,PM2.5 mortality,MESSAGEix,MESSAGEix-GLOBIOM 1.1,ENGAGE,High-CDR,11
Full,1.5C,R10REST_ASIA,mortality_million_deaths,PM2.5 mortality,MESSAGEix,MESSAGEix-GLOBIOM 1.1,NGFS Phase 2,High-CDR,1
Full,1.5C,R10REST_ASIA,mortality_million_deaths,PM2.5 mortality,MESSAGEix,MESSAGEix-GLOBIOM 1.2,COVID,High-CDR,5
Full,1.5C,R10REST_ASIA,mortality_million_deaths,PM2.5 mortality,MESSAGEix,MESSAGEix-GLOBIOM GEI 1.0,GEI,High-CDR,6
Full,1.5C,R10REST_ASIA,mortality_million_deaths,PM2.5 mortality,MESSAGEix,MESSAGEix-GLOBIOM GEI 1.0,GEI,High-RE,3
Full,1.5C,R10REST_ASIA,mortality_million_deaths,PM2.5 mortality,POLES,POLES-JRC ENGAGE,ENGAGE,High-CDR,4
Full,1.5C,R10REST_ASIA,mortality_million_deaths,PM2.5 mortality,REMIND,REMIND 2.1,R2p1,High-RE,2
Full,1.5C,R10REST_ASIA,mortality_million_deaths,PM2.5 mortality,REMIND,REMIND-Buildings 2.0,BEG,High-RE,2
Full,1.5C,R10REST_ASIA,mortality_million_deaths,PM2.5 mortality,REMIND,REMIND-MAgPIE 1.7-3.0,CD,High-RE,4
Full,1.5C,R10REST_ASIA,mortality_million_deaths,PM2.5 mortality,REMIND,REMIND-MAgPIE 1.7-3.0,COMMIT,High-RE,3
Full,1.5C,R10REST_ASIA,mortality_million_deaths,PM2.5 mortality,REMIND,REMIND-MAgPIE 1.7-3.0,PEP,High-RE,13
Full,1.5C,R10REST_ASIA,mortality_million_deaths,PM2.5 mortality,REMIND,REMIND-MAgPIE 2.1-4.2,ENGAGE,High-RE,19
Full,1.5C,R10REST_ASIA,mortality_million_deaths,PM2.5 mortality,REMIND,REMIND-MAgPIE 2.1-4.2,SusDev,High-RE,2
Full,1.5C,R10REST_ASIA,mortality_million_deaths,PM2.5 mortality,REMIND,REMIND-MAgPIE 2.1-4.3,DeepElectrification,High-RE,1
Full,1.5C,R10REST_ASIA,mortality_million_deaths,PM2.5 mortality,REMIND,REMIND-MAgPIE 3.2.0-4.8.0,RESCUE,High-RE,3
Full,1.5C,R10REST_ASIA,mortality_million_deaths,PM2.5 mortality,REMIND,REMIND-MAgPIE 3.3-4.8,NGFS Phase 5,High-RE,1
Full,1.5C,R10REST_ASIA,mortality_million_deaths,PM2.5 mortality,WITCH,WITCH 5.0,ENGAGE,High-CDR,6
Full,1.5C,R10REST_ASIA,total_energy_jobyears_per_1k,Employment,AIM,AIM/CGE V2.2,ENGAGE,High-CDR,1
Full,1.5C,R10REST_ASIA,total_energy_jobyears_per_1k,Employment,AIM,AIM/CGE V2.2,ENGAGE,High-RE,3
Full,1.5C,R10REST_ASIA,total_energy_jobyears_per_1k,Employment,GCAM,GCAM 6.0 NGFS,NGFS Phase 5,High-RE,1
Full,1.5C,R10REST_ASIA,total_energy_jobyears_per_1k,Employment,IMAGE,IMAGE 3.2,SSP2021,High-CDR,12
Full,1.5C,R10REST_ASIA,total_energy_jobyears_per_1k,Employment,IMAGE,IMAGE 3.3,SHAPE,High-CDR,9
Full,1.5C,R10REST_ASIA,total_energy_jobyears_per_1k,Employment,MESSAGEix,MESSAGEix-GLOBIOM 1.1,ENGAGE,High-CDR,13
Full,1.5C,R10REST_ASIA,total_energy_jobyears_per_1k,Employment,MESSAGEix,MESSAGEix-GLOBIOM 1.1,NGFS Phase 2,High-CDR,1
Full,1.5C,R10REST_ASIA,total_energy_jobyears_per_1k,Employment,MESSAGEix,MESSAGEix-GLOBIOM 1.2,COVID,High-CDR,5
Full,1.5C,R10REST_ASIA,total_energy_jobyears_per_1k,Employment,MESSAGEix,MESSAGEix-GLOBIOM GEI 1.0,GEI,High-CDR,6
Full,1.5C,R10REST_ASIA,total_energy_jobyears_per_1k,Employment,MESSAGEix,MESSAGEix-GLOBIOM GEI 1.0,GEI,High-RE,3
Full,1.5C,R10REST_ASIA,total_energy_jobyears_per_1k,Employment,POLES,POLES-JRC ENGAGE,ENGAGE,High-CDR,4
Full,1.5C,R10REST_ASIA,total_energy_jobyears_per_1k,Employment,POLES,POLES-JRC ENGAGE,ENGAGE,High-RE,1
Full,1.5C,R10REST_ASIA,total_energy_jobyears_per_1k,Employment,REMIND,REMIND 2.1,CEMICS,High-RE,4
Full,1.5C,R10REST_ASIA,total_energy_jobyears_per_1k,Employment,REMIND,REMIND 2.1,R2p1,High-RE,2
Full,1.5C,R10REST_ASIA,total_energy_jobyears_per_1k,Employment,REMIND,REMIND 3.0,ENGAGE,High-RE,2
Full,1.5C,R10REST_ASIA,total_energy_jobyears_per_1k,Employment,REMIND,REMIND 3.0,NAVIGATE,High-CDR,1
Full,1.5C,R10REST_ASIA,total_energy_jobyears_per_1k,Employment,REMIND,REMIND-Buildings 2.0,BEG,High-RE,2
Full,1.5C,R10REST_ASIA,total_energy_jobyears_per_1k,Employment,REMIND,REMIND-MAgPIE 1.7-3.0,CD,High-RE,4
Full,1.5C,R10REST_ASIA,total_energy_jobyears_per_1k,Employment,REMIND,REMIND-MAgPIE 1.7-3.0,COMMIT,High-RE,3
Full,1.5C,R10REST_ASIA,total_energy_jobyears_per_1k,Employment,REMIND,REMIND-MAgPIE 1.7-3.0,PEP,High-RE,13
Full,1.5C,R10REST_ASIA,total_energy_jobyears_per_1k,Employment,REMIND,REMIND-MAgPIE 2.1-4.2,CEMICS,High-RE,3
Full,1.5C,R10REST_ASIA,total_energy_jobyears_per_1k,Employment,REMIND,REMIND-MAgPIE 2.1-4.2,ENGAGE,High-RE,19
Full,1.5C,R10REST_ASIA,total_energy_jobyears_per_1k,Employment,REMIND,REMIND-MAgPIE 2.1-4.2,SusDev,High-RE,2
Full,1.5C,R10REST_ASIA,total_energy_jobyears_per_1k,Employment,REMIND,REMIND-MAgPIE 2.1-4.3,DeepElectrification,High-RE,1
Full,1.5C,R10REST_ASIA,total_energy_jobyears_per_1k,Employment,REMIND,REMIND-MAgPIE 3.2.0-4.8.0,RESCUE,High-RE,3
Full,1.5C,R10REST_ASIA,total_energy_jobyears_per_1k,Employment,REMIND,REMIND-MAgPIE 3.3-4.8,NGFS Phase 5,High-RE,1
Full,1.5C,R10REST_ASIA,total_energy_jobyears_per_1k,Employment,WITCH,WITCH 5.0,ENGAGE,High-CDR,6
Full,2C,Aggregated R10 regions,gap_GJ_pc,DLE gap,AIM,AIM/CGE V2.2,ENGAGE,High-CDR,20
Full,2C,Aggregated R10 regions,gap_GJ_pc,DLE gap,AIM,AIM/CGE V2.2,ENGAGE,High-RE,11
Full,2C,Aggregated R10 regions,gap_GJ_pc,DLE gap,GCAM,GCAM 5.3,Deep,High-CDR,23
Full,2C,Aggregated R10 regions,gap_GJ_pc,DLE gap,GCAM,GCAM 6.0 NGFS,NGFS Phase 5,High-RE,4
Full,2C,Aggregated R10 regions,gap_GJ_pc,DLE gap,GCAM,GCAM 7.0,IAM,High-CDR,3
Full,2C,Aggregated R10 regions,gap_GJ_pc,DLE gap,IMAGE,IMAGE 3.0,ENGAGE,High-CDR,20
Full,2C,Aggregated R10 regions,gap_GJ_pc,DLE gap,IMAGE,IMAGE 3.2,ENGAGE,High-CDR,9
Full,2C,Aggregated R10 regions,gap_GJ_pc,DLE gap,IMAGE,IMAGE 3.2,SSP2021,High-CDR,8
Full,2C,Aggregated R10 regions,gap_GJ_pc,DLE gap,IMAGE,IMAGE 3.2,SSP2021,High-RE,2
Full,2C,Aggregated R10 regions,gap_GJ_pc,DLE gap,IMAGE,IMAGE 3.3,NAVIGATE,High-CDR,8
Full,2C,Aggregated R10 regions,gap_GJ_pc,DLE gap,MESSAGEix,MESSAGEix-GLOBIOM 1.1,ENGAGE,High-CDR,62
Full,2C,Aggregated R10 regions,gap_GJ_pc,DLE gap,MESSAGEix,MESSAGEix-GLOBIOM 1.1,ENGAGE,High-RE,20
Full,2C,Aggregated R10 regions,gap_GJ_pc,DLE gap,MESSAGEix,MESSAGEix-GLOBIOM 1.1,NGFS Phase 2,High-CDR,1
Full,2C,Aggregated R10 regions,gap_GJ_pc,DLE gap,MESSAGEix,MESSAGEix-GLOBIOM 1.1,NGFS Phase 2,High-RE,1
Full,2C,Aggregated R10 regions,gap_GJ_pc,DLE gap,MESSAGEix,MESSAGEix-GLOBIOM 1.2,COVID,High-CDR,5
Full,2C,Aggregated R10 regions,gap_GJ_pc,DLE gap,MESSAGEix,MESSAGEix-GLOBIOM 2.0-M-R12-NGFS,NGFS Phase 5,High-RE,2
Full,2C,Aggregated R10 regions,gap_GJ_pc,DLE gap,MESSAGEix,MESSAGEix-GLOBIOM GEI 1.0,GEI,High-CDR,6
Full,2C,Aggregated R10 regions,gap_GJ_pc,DLE gap,MESSAGEix,MESSAGEix-GLOBIOM GEI 1.0,GEI,High-RE,1
Full,2C,Aggregated R10 regions,gap_GJ_pc,DLE gap,POLES,POLES-JRC ENGAGE,ENGAGE,High-CDR,56
Full,2C,Aggregated R10 regions,gap_GJ_pc,DLE gap,POLES,POLES-JRC ENGAGE,ENGAGE,High-RE,8
Full,2C,Aggregated R10 regions,gap_GJ_pc,DLE gap,REMIND,REMIND 2.1,CEMICS,High-RE,5
Full,2C,Aggregated R10 regions,gap_GJ_pc,DLE gap,REMIND,REMIND 2.1,LeastTotalCost,High-RE,11
Full,2C,Aggregated R10 regions,gap_GJ_pc,DLE gap,REMIND,REMIND 2.1,R2p1,High-RE,8
Full,2C,Aggregated R10 regions,gap_GJ_pc,DLE gap,REMIND,REMIND 2.1,TechCost,High-RE,9
Full,2C,Aggregated R10 regions,gap_GJ_pc,DLE gap,REMIND,REMIND 3.0,ENGAGE,High-RE,14
Full,2C,Aggregated R10 regions,gap_GJ_pc,DLE gap,REMIND,REMIND 3.0,NAVIGATE,High-RE,7
Full,2C,Aggregated R10 regions,gap_GJ_pc,DLE gap,REMIND,REMIND-MAgPIE 1.7-3.0,CD,High-RE,5
Full,2C,Aggregated R10 regions,gap_GJ_pc,DLE gap,REMIND,REMIND-MAgPIE 1.7-3.0,COMMIT,High-RE,4
Full,2C,Aggregated R10 regions,gap_GJ_pc,DLE gap,REMIND,REMIND-MAgPIE 1.7-3.0,PEP,High-RE,5
Full,2C,Aggregated R10 regions,gap_GJ_pc,DLE gap,REMIND,REMIND-MAgPIE 2.1-4.2,CEMICS,High-RE,3
Full,2C,Aggregated R10 regions,gap_GJ_pc,DLE gap,REMIND,REMIND-MAgPIE 2.1-4.2,ENGAGE,High-RE,59
Full,2C,Aggregated R10 regions,gap_GJ_pc,DLE gap,REMIND,REMIND-MAgPIE 2.1-4.2,NGFS Phase 2,High-RE,5
Full,2C,Aggregated R10 regions,gap_GJ_pc,DLE gap,REMIND,REMIND-MAgPIE 2.1-4.2,SusDev,High-RE,3
Full,2C,Aggregated R10 regions,gap_GJ_pc,DLE gap,REMIND,REMIND-MAgPIE 2.1-4.3,DeepElectrification,High-RE,3
Full,2C,Aggregated R10 regions,gap_GJ_pc,DLE gap,REMIND,REMIND-MAgPIE 3.2-4.6,SHAPE,High-RE,2
Full,2C,Aggregated R10 regions,gap_GJ_pc,DLE gap,REMIND,REMIND-MAgPIE 3.2.0-4.8.0,RESCUE,High-RE,5
Full,2C,Aggregated R10 regions,gap_GJ_pc,DLE gap,REMIND,REMIND-MAgPIE 3.3-4.8,NGFS Phase 5,High-RE,5
Full,2C,Aggregated R10 regions,gap_GJ_pc,DLE gap,REMIND,REMIND-Transport 2.1,Transport,High-RE,8
Full,2C,Aggregated R10 regions,gap_GJ_pc,DLE gap,WITCH,WITCH 5.0,COMMIT,High-CDR,2
Full,2C,Aggregated R10 regions,gap_GJ_pc,DLE gap,WITCH,WITCH 5.0,COMMIT,High-RE,1
Full,2C,Aggregated R10 regions,gap_GJ_pc,DLE gap,WITCH,WITCH 5.0,ENGAGE,High-RE,11
Full,2C,Aggregated R10 regions,gap_GJ_pc,DLE gap,WITCH,WITCH 5.0,NAVIGATE,High-RE,4
Full,2C,Aggregated R10 regions,headcount_pct,Deprived headcount,AIM,AIM/CGE V2.2,ENGAGE,High-CDR,20
Full,2C,Aggregated R10 regions,headcount_pct,Deprived headcount,AIM,AIM/CGE V2.2,ENGAGE,High-RE,11
Full,2C,Aggregated R10 regions,headcount_pct,Deprived headcount,GCAM,GCAM 5.3,Deep,High-CDR,23
Full,2C,Aggregated R10 regions,headcount_pct,Deprived headcount,GCAM,GCAM 6.0 NGFS,NGFS Phase 5,High-RE,4
Full,2C,Aggregated R10 regions,headcount_pct,Deprived headcount,GCAM,GCAM 7.0,IAM,High-CDR,3
Full,2C,Aggregated R10 regions,headcount_pct,Deprived headcount,IMAGE,IMAGE 3.0,ENGAGE,High-CDR,20
Full,2C,Aggregated R10 regions,headcount_pct,Deprived headcount,IMAGE,IMAGE 3.2,ENGAGE,High-CDR,9
Full,2C,Aggregated R10 regions,headcount_pct,Deprived headcount,IMAGE,IMAGE 3.2,SSP2021,High-CDR,8
Full,2C,Aggregated R10 regions,headcount_pct,Deprived headcount,IMAGE,IMAGE 3.2,SSP2021,High-RE,2
Full,2C,Aggregated R10 regions,headcount_pct,Deprived headcount,IMAGE,IMAGE 3.3,NAVIGATE,High-CDR,8
Full,2C,Aggregated R10 regions,headcount_pct,Deprived headcount,MESSAGEix,MESSAGEix-GLOBIOM 1.1,ENGAGE,High-CDR,62
Full,2C,Aggregated R10 regions,headcount_pct,Deprived headcount,MESSAGEix,MESSAGEix-GLOBIOM 1.1,ENGAGE,High-RE,20
Full,2C,Aggregated R10 regions,headcount_pct,Deprived headcount,MESSAGEix,MESSAGEix-GLOBIOM 1.1,NGFS Phase 2,High-CDR,1
Full,2C,Aggregated R10 regions,headcount_pct,Deprived headcount,MESSAGEix,MESSAGEix-GLOBIOM 1.1,NGFS Phase 2,High-RE,1
Full,2C,Aggregated R10 regions,headcount_pct,Deprived headcount,MESSAGEix,MESSAGEix-GLOBIOM 1.2,COVID,High-CDR,5
Full,2C,Aggregated R10 regions,headcount_pct,Deprived headcount,MESSAGEix,MESSAGEix-GLOBIOM 2.0-M-R12-NGFS,NGFS Phase 5,High-RE,2
Full,2C,Aggregated R10 regions,headcount_pct,Deprived headcount,MESSAGEix,MESSAGEix-GLOBIOM GEI 1.0,GEI,High-CDR,6
Full,2C,Aggregated R10 regions,headcount_pct,Deprived headcount,MESSAGEix,MESSAGEix-GLOBIOM GEI 1.0,GEI,High-RE,1
Full,2C,Aggregated R10 regions,headcount_pct,Deprived headcount,POLES,POLES-JRC ENGAGE,ENGAGE,High-CDR,56
Full,2C,Aggregated R10 regions,headcount_pct,Deprived headcount,POLES,POLES-JRC ENGAGE,ENGAGE,High-RE,8
Full,2C,Aggregated R10 regions,headcount_pct,Deprived headcount,REMIND,REMIND 2.1,CEMICS,High-RE,5
Full,2C,Aggregated R10 regions,headcount_pct,Deprived headcount,REMIND,REMIND 2.1,LeastTotalCost,High-RE,11
Full,2C,Aggregated R10 regions,headcount_pct,Deprived headcount,REMIND,REMIND 2.1,R2p1,High-RE,8
Full,2C,Aggregated R10 regions,headcount_pct,Deprived headcount,REMIND,REMIND 2.1,TechCost,High-RE,9
Full,2C,Aggregated R10 regions,headcount_pct,Deprived headcount,REMIND,REMIND 3.0,ENGAGE,High-RE,14
Full,2C,Aggregated R10 regions,headcount_pct,Deprived headcount,REMIND,REMIND 3.0,NAVIGATE,High-RE,7
Full,2C,Aggregated R10 regions,headcount_pct,Deprived headcount,REMIND,REMIND-MAgPIE 1.7-3.0,CD,High-RE,5
Full,2C,Aggregated R10 regions,headcount_pct,Deprived headcount,REMIND,REMIND-MAgPIE 1.7-3.0,COMMIT,High-RE,4
Full,2C,Aggregated R10 regions,headcount_pct,Deprived headcount,REMIND,REMIND-MAgPIE 1.7-3.0,PEP,High-RE,5
Full,2C,Aggregated R10 regions,headcount_pct,Deprived headcount,REMIND,REMIND-MAgPIE 2.1-4.2,CEMICS,High-RE,3
Full,2C,Aggregated R10 regions,headcount_pct,Deprived headcount,REMIND,REMIND-MAgPIE 2.1-4.2,ENGAGE,High-RE,59
Full,2C,Aggregated R10 regions,headcount_pct,Deprived headcount,REMIND,REMIND-MAgPIE 2.1-4.2,NGFS Phase 2,High-RE,5
Full,2C,Aggregated R10 regions,headcount_pct,Deprived headcount,REMIND,REMIND-MAgPIE 2.1-4.2,SusDev,High-RE,3
Full,2C,Aggregated R10 regions,headcount_pct,Deprived headcount,REMIND,REMIND-MAgPIE 2.1-4.3,DeepElectrification,High-RE,3
Full,2C,Aggregated R10 regions,headcount_pct,Deprived headcount,REMIND,REMIND-MAgPIE 3.2-4.6,SHAPE,High-RE,2
Full,2C,Aggregated R10 regions,headcount_pct,Deprived headcount,REMIND,REMIND-MAgPIE 3.2.0-4.8.0,RESCUE,High-RE,5
Full,2C,Aggregated R10 regions,headcount_pct,Deprived headcount,REMIND,REMIND-MAgPIE 3.3-4.8,NGFS Phase 5,High-RE,5
Full,2C,Aggregated R10 regions,headcount_pct,Deprived headcount,REMIND,REMIND-Transport 2.1,Transport,High-RE,8
Full,2C,Aggregated R10 regions,headcount_pct,Deprived headcount,WITCH,WITCH 5.0,COMMIT,High-CDR,2
Full,2C,Aggregated R10 regions,headcount_pct,Deprived headcount,WITCH,WITCH 5.0,COMMIT,High-RE,1
Full,2C,Aggregated R10 regions,headcount_pct,Deprived headcount,WITCH,WITCH 5.0,ENGAGE,High-RE,11
Full,2C,Aggregated R10 regions,headcount_pct,Deprived headcount,WITCH,WITCH 5.0,NAVIGATE,High-RE,4
Full,2C,Aggregated R10 regions,mortality_million_deaths,PM2.5 mortality,AIM,AIM/CGE V2.2,ENGAGE,High-CDR,20
Full,2C,Aggregated R10 regions,mortality_million_deaths,PM2.5 mortality,AIM,AIM/CGE V2.2,ENGAGE,High-RE,4
Full,2C,Aggregated R10 regions,mortality_million_deaths,PM2.5 mortality,GCAM,GCAM 6.0 NGFS,NGFS Phase 5,High-RE,4
Full,2C,Aggregated R10 regions,mortality_million_deaths,PM2.5 mortality,GCAM,GCAM 7.0,IAM,High-CDR,3
Full,2C,Aggregated R10 regions,mortality_million_deaths,PM2.5 mortality,IMAGE,IMAGE 3.0,ENGAGE,High-CDR,20
Full,2C,Aggregated R10 regions,mortality_million_deaths,PM2.5 mortality,IMAGE,IMAGE 3.2,SSP2021,High-CDR,8
Full,2C,Aggregated R10 regions,mortality_million_deaths,PM2.5 mortality,IMAGE,IMAGE 3.2,SSP2021,High-RE,2
Full,2C,Aggregated R10 regions,mortality_million_deaths,PM2.5 mortality,IMAGE,IMAGE 3.3,NAVIGATE,High-CDR,8
Full,2C,Aggregated R10 regions,mortality_million_deaths,PM2.5 mortality,MESSAGEix,MESSAGEix-GLOBIOM 1.1,ENGAGE,High-CDR,60
Full,2C,Aggregated R10 regions,mortality_million_deaths,PM2.5 mortality,MESSAGEix,MESSAGEix-GLOBIOM 1.1,ENGAGE,High-RE,17
Full,2C,Aggregated R10 regions,mortality_million_deaths,PM2.5 mortality,MESSAGEix,MESSAGEix-GLOBIOM 1.1,NGFS Phase 2,High-CDR,1
Full,2C,Aggregated R10 regions,mortality_million_deaths,PM2.5 mortality,MESSAGEix,MESSAGEix-GLOBIOM 1.1,NGFS Phase 2,High-RE,1
Full,2C,Aggregated R10 regions,mortality_million_deaths,PM2.5 mortality,MESSAGEix,MESSAGEix-GLOBIOM 1.2,COVID,High-CDR,5
Full,2C,Aggregated R10 regions,mortality_million_deaths,PM2.5 mortality,MESSAGEix,MESSAGEix-GLOBIOM 2.0-M-R12-NGFS,NGFS Phase 5,High-RE,2
Full,2C,Aggregated R10 regions,mortality_million_deaths,PM2.5 mortality,MESSAGEix,MESSAGEix-GLOBIOM GEI 1.0,GEI,High-CDR,6
Full,2C,Aggregated R10 regions,mortality_million_deaths,PM2.5 mortality,MESSAGEix,MESSAGEix-GLOBIOM GEI 1.0,GEI,High-RE,1
Full,2C,Aggregated R10 regions,mortality_million_deaths,PM2.5 mortality,POLES,POLES-JRC ENGAGE,ENGAGE,High-CDR,56
Full,2C,Aggregated R10 regions,mortality_million_deaths,PM2.5 mortality,REMIND,REMIND 2.1,CEMICS,High-RE,1
Full,2C,Aggregated R10 regions,mortality_million_deaths,PM2.5 mortality,REMIND,REMIND 2.1,LeastTotalCost,High-RE,11
Full,2C,Aggregated R10 regions,mortality_million_deaths,PM2.5 mortality,REMIND,REMIND 2.1,R2p1,High-RE,8
Full,2C,Aggregated R10 regions,mortality_million_deaths,PM2.5 mortality,REMIND,REMIND 2.1,TechCost,High-RE,9
Full,2C,Aggregated R10 regions,mortality_million_deaths,PM2.5 mortality,REMIND,REMIND 3.0,NAVIGATE,High-RE,3
Full,2C,Aggregated R10 regions,mortality_million_deaths,PM2.5 mortality,REMIND,REMIND-MAgPIE 1.7-3.0,CD,High-RE,5
Full,2C,Aggregated R10 regions,mortality_million_deaths,PM2.5 mortality,REMIND,REMIND-MAgPIE 1.7-3.0,COMMIT,High-RE,4
Full,2C,Aggregated R10 regions,mortality_million_deaths,PM2.5 mortality,REMIND,REMIND-MAgPIE 1.7-3.0,PEP,High-RE,5
Full,2C,Aggregated R10 regions,mortality_million_deaths,PM2.5 mortality,REMIND,REMIND-MAgPIE 2.1-4.2,CEMICS,High-RE,1
Full,2C,Aggregated R10 regions,mortality_million_deaths,PM2.5 mortality,REMIND,REMIND-MAgPIE 2.1-4.2,ENGAGE,High-RE,59
Full,2C,Aggregated R10 regions,mortality_million_deaths,PM2.5 mortality,REMIND,REMIND-MAgPIE 2.1-4.2,NGFS Phase 2,High-RE,2
Full,2C,Aggregated R10 regions,mortality_million_deaths,PM2.5 mortality,REMIND,REMIND-MAgPIE 2.1-4.2,SusDev,High-RE,3
Full,2C,Aggregated R10 regions,mortality_million_deaths,PM2.5 mortality,REMIND,REMIND-MAgPIE 2.1-4.3,DeepElectrification,High-RE,3
Full,2C,Aggregated R10 regions,mortality_million_deaths,PM2.5 mortality,REMIND,REMIND-MAgPIE 3.2-4.6,SHAPE,High-RE,2
Full,2C,Aggregated R10 regions,mortality_million_deaths,PM2.5 mortality,REMIND,REMIND-MAgPIE 3.2.0-4.8.0,RESCUE,High-RE,5
Full,2C,Aggregated R10 regions,mortality_million_deaths,PM2.5 mortality,REMIND,REMIND-MAgPIE 3.3-4.8,NGFS Phase 5,High-RE,5
Full,2C,Aggregated R10 regions,mortality_million_deaths,PM2.5 mortality,REMIND,REMIND-Transport 2.1,Transport,High-RE,8
Full,2C,Aggregated R10 regions,mortality_million_deaths,PM2.5 mortality,WITCH,WITCH 5.0,COMMIT,High-CDR,2
Full,2C,Aggregated R10 regions,mortality_million_deaths,PM2.5 mortality,WITCH,WITCH 5.0,COMMIT,High-RE,1
Full,2C,Aggregated R10 regions,mortality_million_deaths,PM2.5 mortality,WITCH,WITCH 5.0,ENGAGE,High-RE,2
Full,2C,Aggregated R10 regions,mortality_million_deaths,PM2.5 mortality,WITCH,WITCH 5.0,NAVIGATE,High-RE,4
Full,2C,Aggregated R10 regions,total_energy_jobyears_per_1k,Employment,AIM,AIM/CGE V2.2,ENGAGE,High-CDR,20
Full,2C,Aggregated R10 regions,total_energy_jobyears_per_1k,Employment,AIM,AIM/CGE V2.2,ENGAGE,High-RE,11
Full,2C,Aggregated R10 regions,total_energy_jobyears_per_1k,Employment,COFFEE,COFFEE 1.1,ENGAGE,High-RE,8
Full,2C,Aggregated R10 regions,total_energy_jobyears_per_1k,Employment,GCAM,GCAM 6.0 NGFS,NGFS Phase 5,High-RE,4
Full,2C,Aggregated R10 regions,total_energy_jobyears_per_1k,Employment,GCAM,GCAM 7.0,IAM,High-CDR,3
Full,2C,Aggregated R10 regions,total_energy_jobyears_per_1k,Employment,IMAGE,IMAGE 3.0,ENGAGE,High-CDR,20
Full,2C,Aggregated R10 regions,total_energy_jobyears_per_1k,Employment,IMAGE,IMAGE 3.2,ENGAGE,High-CDR,9
Full,2C,Aggregated R10 regions,total_energy_jobyears_per_1k,Employment,IMAGE,IMAGE 3.2,SSP2021,High-CDR,8
Full,2C,Aggregated R10 regions,total_energy_jobyears_per_1k,Employment,IMAGE,IMAGE 3.2,SSP2021,High-RE,2
Full,2C,Aggregated R10 regions,total_energy_jobyears_per_1k,Employment,IMAGE,IMAGE 3.3,NAVIGATE,High-CDR,8
Full,2C,Aggregated R10 regions,total_energy_jobyears_per_1k,Employment,MESSAGEix,MESSAGEix-GLOBIOM 1.1,ENGAGE,High-CDR,62
Full,2C,Aggregated R10 regions,total_energy_jobyears_per_1k,Employment,MESSAGEix,MESSAGEix-GLOBIOM 1.1,ENGAGE,High-RE,20
Full,2C,Aggregated R10 regions,total_energy_jobyears_per_1k,Employment,MESSAGEix,MESSAGEix-GLOBIOM 1.1,NGFS Phase 2,High-CDR,1
Full,2C,Aggregated R10 regions,total_energy_jobyears_per_1k,Employment,MESSAGEix,MESSAGEix-GLOBIOM 1.1,NGFS Phase 2,High-RE,1
Full,2C,Aggregated R10 regions,total_energy_jobyears_per_1k,Employment,MESSAGEix,MESSAGEix-GLOBIOM 1.2,COVID,High-CDR,5
Full,2C,Aggregated R10 regions,total_energy_jobyears_per_1k,Employment,MESSAGEix,MESSAGEix-GLOBIOM 2.0-M-R12-NGFS,NGFS Phase 5,High-RE,2
Full,2C,Aggregated R10 regions,total_energy_jobyears_per_1k,Employment,MESSAGEix,MESSAGEix-GLOBIOM GEI 1.0,GEI,High-CDR,6
Full,2C,Aggregated R10 regions,total_energy_jobyears_per_1k,Employment,MESSAGEix,MESSAGEix-GLOBIOM GEI 1.0,GEI,High-RE,1
Full,2C,Aggregated R10 regions,total_energy_jobyears_per_1k,Employment,POLES,POLES-JRC ENGAGE,ENGAGE,High-CDR,56
Full,2C,Aggregated R10 regions,total_energy_jobyears_per_1k,Employment,POLES,POLES-JRC ENGAGE,ENGAGE,High-RE,8
Full,2C,Aggregated R10 regions,total_energy_jobyears_per_1k,Employment,REMIND,REMIND 2.1,CEMICS,High-RE,5
Full,2C,Aggregated R10 regions,total_energy_jobyears_per_1k,Employment,REMIND,REMIND 2.1,LeastTotalCost,High-RE,11
Full,2C,Aggregated R10 regions,total_energy_jobyears_per_1k,Employment,REMIND,REMIND 2.1,R2p1,High-RE,8
Full,2C,Aggregated R10 regions,total_energy_jobyears_per_1k,Employment,REMIND,REMIND 2.1,TechCost,High-RE,9
Full,2C,Aggregated R10 regions,total_energy_jobyears_per_1k,Employment,REMIND,REMIND 3.0,ENGAGE,High-RE,14
Full,2C,Aggregated R10 regions,total_energy_jobyears_per_1k,Employment,REMIND,REMIND 3.0,NAVIGATE,High-RE,7
Full,2C,Aggregated R10 regions,total_energy_jobyears_per_1k,Employment,REMIND,REMIND-MAgPIE 1.7-3.0,CD,High-RE,5
Full,2C,Aggregated R10 regions,total_energy_jobyears_per_1k,Employment,REMIND,REMIND-MAgPIE 1.7-3.0,COMMIT,High-RE,4
Full,2C,Aggregated R10 regions,total_energy_jobyears_per_1k,Employment,REMIND,REMIND-MAgPIE 1.7-3.0,PEP,High-RE,5
Full,2C,Aggregated R10 regions,total_energy_jobyears_per_1k,Employment,REMIND,REMIND-MAgPIE 2.1-4.2,CEMICS,High-RE,3
Full,2C,Aggregated R10 regions,total_energy_jobyears_per_1k,Employment,REMIND,REMIND-MAgPIE 2.1-4.2,ENGAGE,High-RE,59
Full,2C,Aggregated R10 regions,total_energy_jobyears_per_1k,Employment,REMIND,REMIND-MAgPIE 2.1-4.2,NGFS Phase 2,High-RE,5
Full,2C,Aggregated R10 regions,total_energy_jobyears_per_1k,Employment,REMIND,REMIND-MAgPIE 2.1-4.2,SusDev,High-RE,3
Full,2C,Aggregated R10 regions,total_energy_jobyears_per_1k,Employment,REMIND,REMIND-MAgPIE 2.1-4.3,DeepElectrification,High-RE,3
Full,2C,Aggregated R10 regions,total_energy_jobyears_per_1k,Employment,REMIND,REMIND-MAgPIE 3.2-4.6,SHAPE,High-RE,2
Full,2C,Aggregated R10 regions,total_energy_jobyears_per_1k,Employment,REMIND,REMIND-MAgPIE 3.2.0-4.8.0,RESCUE,High-RE,5
Full,2C,Aggregated R10 regions,total_energy_jobyears_per_1k,Employment,REMIND,REMIND-MAgPIE 3.3-4.8,NGFS Phase 5,High-RE,5
Full,2C,Aggregated R10 regions,total_energy_jobyears_per_1k,Employment,REMIND,REMIND-Transport 2.1,Transport,High-RE,8
Full,2C,Aggregated R10 regions,total_energy_jobyears_per_1k,Employment,TIAM,TIAM-ECN 1.1,ENGAGE,High-CDR,12
Full,2C,Aggregated R10 regions,total_energy_jobyears_per_1k,Employment,WITCH,WITCH 5.0,COMMIT,High-CDR,2
Full,2C,Aggregated R10 regions,total_energy_jobyears_per_1k,Employment,WITCH,WITCH 5.0,COMMIT,High-RE,1
Full,2C,Aggregated R10 regions,total_energy_jobyears_per_1k,Employment,WITCH,WITCH 5.0,ENGAGE,High-RE,11
Full,2C,Aggregated R10 regions,total_energy_jobyears_per_1k,Employment,WITCH,WITCH 5.0,NAVIGATE,High-RE,4
Full,2C,R10AFRICA,gap_GJ_pc,DLE gap,AIM,AIM/CGE V2.2,ENGAGE,High-CDR,20
Full,2C,R10AFRICA,gap_GJ_pc,DLE gap,AIM,AIM/CGE V2.2,ENGAGE,High-RE,11
Full,2C,R10AFRICA,gap_GJ_pc,DLE gap,GCAM,GCAM 5.3,Deep,High-CDR,23
Full,2C,R10AFRICA,gap_GJ_pc,DLE gap,GCAM,GCAM 6.0 NGFS,NGFS Phase 5,High-RE,4
Full,2C,R10AFRICA,gap_GJ_pc,DLE gap,GCAM,GCAM 7.0,IAM,High-CDR,3
Full,2C,R10AFRICA,gap_GJ_pc,DLE gap,IMAGE,IMAGE 3.0,ENGAGE,High-CDR,20
Full,2C,R10AFRICA,gap_GJ_pc,DLE gap,IMAGE,IMAGE 3.2,ENGAGE,High-CDR,9
Full,2C,R10AFRICA,gap_GJ_pc,DLE gap,IMAGE,IMAGE 3.2,SSP2021,High-CDR,8
Full,2C,R10AFRICA,gap_GJ_pc,DLE gap,IMAGE,IMAGE 3.2,SSP2021,High-RE,2
Full,2C,R10AFRICA,gap_GJ_pc,DLE gap,IMAGE,IMAGE 3.3,NAVIGATE,High-CDR,8
Full,2C,R10AFRICA,gap_GJ_pc,DLE gap,MESSAGEix,MESSAGEix-GLOBIOM 1.1,ENGAGE,High-CDR,62
Full,2C,R10AFRICA,gap_GJ_pc,DLE gap,MESSAGEix,MESSAGEix-GLOBIOM 1.1,ENGAGE,High-RE,20
Full,2C,R10AFRICA,gap_GJ_pc,DLE gap,MESSAGEix,MESSAGEix-GLOBIOM 1.1,NGFS Phase 2,High-CDR,1
Full,2C,R10AFRICA,gap_GJ_pc,DLE gap,MESSAGEix,MESSAGEix-GLOBIOM 1.1,NGFS Phase 2,High-RE,1
Full,2C,R10AFRICA,gap_GJ_pc,DLE gap,MESSAGEix,MESSAGEix-GLOBIOM 1.2,COVID,High-CDR,5
Full,2C,R10AFRICA,gap_GJ_pc,DLE gap,MESSAGEix,MESSAGEix-GLOBIOM 2.0-M-R12-NGFS,NGFS Phase 5,High-RE,2
Full,2C,R10AFRICA,gap_GJ_pc,DLE gap,MESSAGEix,MESSAGEix-GLOBIOM GEI 1.0,GEI,High-CDR,6
Full,2C,R10AFRICA,gap_GJ_pc,DLE gap,MESSAGEix,MESSAGEix-GLOBIOM GEI 1.0,GEI,High-RE,1
Full,2C,R10AFRICA,gap_GJ_pc,DLE gap,POLES,POLES-JRC ENGAGE,ENGAGE,High-CDR,56
Full,2C,R10AFRICA,gap_GJ_pc,DLE gap,POLES,POLES-JRC ENGAGE,ENGAGE,High-RE,8
Full,2C,R10AFRICA,gap_GJ_pc,DLE gap,REMIND,REMIND 2.1,CEMICS,High-RE,5
Full,2C,R10AFRICA,gap_GJ_pc,DLE gap,REMIND,REMIND 2.1,LeastTotalCost,High-RE,11
Full,2C,R10AFRICA,gap_GJ_pc,DLE gap,REMIND,REMIND 2.1,R2p1,High-RE,8
Full,2C,R10AFRICA,gap_GJ_pc,DLE gap,REMIND,REMIND 2.1,TechCost,High-RE,9
Full,2C,R10AFRICA,gap_GJ_pc,DLE gap,REMIND,REMIND 3.0,ENGAGE,High-RE,14
Full,2C,R10AFRICA,gap_GJ_pc,DLE gap,REMIND,REMIND 3.0,NAVIGATE,High-RE,7
Full,2C,R10AFRICA,gap_GJ_pc,DLE gap,REMIND,REMIND-MAgPIE 1.7-3.0,CD,High-RE,5
Full,2C,R10AFRICA,gap_GJ_pc,DLE gap,REMIND,REMIND-MAgPIE 1.7-3.0,COMMIT,High-RE,4
Full,2C,R10AFRICA,gap_GJ_pc,DLE gap,REMIND,REMIND-MAgPIE 1.7-3.0,PEP,High-RE,5
Full,2C,R10AFRICA,gap_GJ_pc,DLE gap,REMIND,REMIND-MAgPIE 2.0-4.1,Diff,High-RE,4
Full,2C,R10AFRICA,gap_GJ_pc,DLE gap,REMIND,REMIND-MAgPIE 2.1-4.2,CEMICS,High-RE,3
Full,2C,R10AFRICA,gap_GJ_pc,DLE gap,REMIND,REMIND-MAgPIE 2.1-4.2,ENGAGE,High-RE,59
Full,2C,R10AFRICA,gap_GJ_pc,DLE gap,REMIND,REMIND-MAgPIE 2.1-4.2,NGFS Phase 2,High-RE,5
Full,2C,R10AFRICA,gap_GJ_pc,DLE gap,REMIND,REMIND-MAgPIE 2.1-4.2,SusDev,High-RE,3
Full,2C,R10AFRICA,gap_GJ_pc,DLE gap,REMIND,REMIND-MAgPIE 2.1-4.3,DeepElectrification,High-RE,3
Full,2C,R10AFRICA,gap_GJ_pc,DLE gap,REMIND,REMIND-MAgPIE 3.2-4.6,SHAPE,High-RE,2
Full,2C,R10AFRICA,gap_GJ_pc,DLE gap,REMIND,REMIND-MAgPIE 3.2.0-4.8.0,RESCUE,High-RE,5
Full,2C,R10AFRICA,gap_GJ_pc,DLE gap,REMIND,REMIND-MAgPIE 3.3-4.8,NGFS Phase 5,High-RE,5
Full,2C,R10AFRICA,gap_GJ_pc,DLE gap,REMIND,REMIND-Transport 2.1,Transport,High-RE,8
Full,2C,R10AFRICA,gap_GJ_pc,DLE gap,WITCH,WITCH 5.0,COMMIT,High-CDR,2
Full,2C,R10AFRICA,gap_GJ_pc,DLE gap,WITCH,WITCH 5.0,COMMIT,High-RE,1
Full,2C,R10AFRICA,gap_GJ_pc,DLE gap,WITCH,WITCH 5.0,ENGAGE,High-RE,11
Full,2C,R10AFRICA,gap_GJ_pc,DLE gap,WITCH,WITCH 5.0,NAVIGATE,High-RE,4
Full,2C,R10AFRICA,headcount_pct,Deprived headcount,AIM,AIM/CGE V2.2,ENGAGE,High-CDR,20
Full,2C,R10AFRICA,headcount_pct,Deprived headcount,AIM,AIM/CGE V2.2,ENGAGE,High-RE,11
Full,2C,R10AFRICA,headcount_pct,Deprived headcount,GCAM,GCAM 5.3,Deep,High-CDR,23
Full,2C,R10AFRICA,headcount_pct,Deprived headcount,GCAM,GCAM 6.0 NGFS,NGFS Phase 5,High-RE,4
Full,2C,R10AFRICA,headcount_pct,Deprived headcount,GCAM,GCAM 7.0,IAM,High-CDR,3
Full,2C,R10AFRICA,headcount_pct,Deprived headcount,IMAGE,IMAGE 3.0,ENGAGE,High-CDR,20
Full,2C,R10AFRICA,headcount_pct,Deprived headcount,IMAGE,IMAGE 3.2,ENGAGE,High-CDR,9
Full,2C,R10AFRICA,headcount_pct,Deprived headcount,IMAGE,IMAGE 3.2,SSP2021,High-CDR,8
Full,2C,R10AFRICA,headcount_pct,Deprived headcount,IMAGE,IMAGE 3.2,SSP2021,High-RE,2
Full,2C,R10AFRICA,headcount_pct,Deprived headcount,IMAGE,IMAGE 3.3,NAVIGATE,High-CDR,8
Full,2C,R10AFRICA,headcount_pct,Deprived headcount,MESSAGEix,MESSAGEix-GLOBIOM 1.1,ENGAGE,High-CDR,62
Full,2C,R10AFRICA,headcount_pct,Deprived headcount,MESSAGEix,MESSAGEix-GLOBIOM 1.1,ENGAGE,High-RE,20
Full,2C,R10AFRICA,headcount_pct,Deprived headcount,MESSAGEix,MESSAGEix-GLOBIOM 1.1,NGFS Phase 2,High-CDR,1
Full,2C,R10AFRICA,headcount_pct,Deprived headcount,MESSAGEix,MESSAGEix-GLOBIOM 1.1,NGFS Phase 2,High-RE,1
Full,2C,R10AFRICA,headcount_pct,Deprived headcount,MESSAGEix,MESSAGEix-GLOBIOM 1.2,COVID,High-CDR,5
Full,2C,R10AFRICA,headcount_pct,Deprived headcount,MESSAGEix,MESSAGEix-GLOBIOM 2.0-M-R12-NGFS,NGFS Phase 5,High-RE,2
Full,2C,R10AFRICA,headcount_pct,Deprived headcount,MESSAGEix,MESSAGEix-GLOBIOM GEI 1.0,GEI,High-CDR,6
Full,2C,R10AFRICA,headcount_pct,Deprived headcount,MESSAGEix,MESSAGEix-GLOBIOM GEI 1.0,GEI,High-RE,1
Full,2C,R10AFRICA,headcount_pct,Deprived headcount,POLES,POLES-JRC ENGAGE,ENGAGE,High-CDR,56
Full,2C,R10AFRICA,headcount_pct,Deprived headcount,POLES,POLES-JRC ENGAGE,ENGAGE,High-RE,8
Full,2C,R10AFRICA,headcount_pct,Deprived headcount,REMIND,REMIND 2.1,CEMICS,High-RE,5
Full,2C,R10AFRICA,headcount_pct,Deprived headcount,REMIND,REMIND 2.1,LeastTotalCost,High-RE,11
Full,2C,R10AFRICA,headcount_pct,Deprived headcount,REMIND,REMIND 2.1,R2p1,High-RE,8
Full,2C,R10AFRICA,headcount_pct,Deprived headcount,REMIND,REMIND 2.1,TechCost,High-RE,9
Full,2C,R10AFRICA,headcount_pct,Deprived headcount,REMIND,REMIND 3.0,ENGAGE,High-RE,14
Full,2C,R10AFRICA,headcount_pct,Deprived headcount,REMIND,REMIND 3.0,NAVIGATE,High-RE,7
Full,2C,R10AFRICA,headcount_pct,Deprived headcount,REMIND,REMIND-MAgPIE 1.7-3.0,CD,High-RE,5
Full,2C,R10AFRICA,headcount_pct,Deprived headcount,REMIND,REMIND-MAgPIE 1.7-3.0,COMMIT,High-RE,4
Full,2C,R10AFRICA,headcount_pct,Deprived headcount,REMIND,REMIND-MAgPIE 1.7-3.0,PEP,High-RE,5
Full,2C,R10AFRICA,headcount_pct,Deprived headcount,REMIND,REMIND-MAgPIE 2.0-4.1,Diff,High-RE,4
Full,2C,R10AFRICA,headcount_pct,Deprived headcount,REMIND,REMIND-MAgPIE 2.1-4.2,CEMICS,High-RE,3
Full,2C,R10AFRICA,headcount_pct,Deprived headcount,REMIND,REMIND-MAgPIE 2.1-4.2,ENGAGE,High-RE,59
Full,2C,R10AFRICA,headcount_pct,Deprived headcount,REMIND,REMIND-MAgPIE 2.1-4.2,NGFS Phase 2,High-RE,5
Full,2C,R10AFRICA,headcount_pct,Deprived headcount,REMIND,REMIND-MAgPIE 2.1-4.2,SusDev,High-RE,3
Full,2C,R10AFRICA,headcount_pct,Deprived headcount,REMIND,REMIND-MAgPIE 2.1-4.3,DeepElectrification,High-RE,3
Full,2C,R10AFRICA,headcount_pct,Deprived headcount,REMIND,REMIND-MAgPIE 3.2-4.6,SHAPE,High-RE,2
Full,2C,R10AFRICA,headcount_pct,Deprived headcount,REMIND,REMIND-MAgPIE 3.2.0-4.8.0,RESCUE,High-RE,5
Full,2C,R10AFRICA,headcount_pct,Deprived headcount,REMIND,REMIND-MAgPIE 3.3-4.8,NGFS Phase 5,High-RE,5
Full,2C,R10AFRICA,headcount_pct,Deprived headcount,REMIND,REMIND-Transport 2.1,Transport,High-RE,8
Full,2C,R10AFRICA,headcount_pct,Deprived headcount,WITCH,WITCH 5.0,COMMIT,High-CDR,2
Full,2C,R10AFRICA,headcount_pct,Deprived headcount,WITCH,WITCH 5.0,COMMIT,High-RE,1
Full,2C,R10AFRICA,headcount_pct,Deprived headcount,WITCH,WITCH 5.0,ENGAGE,High-RE,11
Full,2C,R10AFRICA,headcount_pct,Deprived headcount,WITCH,WITCH 5.0,NAVIGATE,High-RE,4
Full,2C,R10AFRICA,mortality_million_deaths,PM2.5 mortality,AIM,AIM/CGE V2.2,ENGAGE,High-CDR,20
Full,2C,R10AFRICA,mortality_million_deaths,PM2.5 mortality,AIM,AIM/CGE V2.2,ENGAGE,High-RE,4
Full,2C,R10AFRICA,mortality_million_deaths,PM2.5 mortality,GCAM,GCAM 6.0 NGFS,NGFS Phase 5,High-RE,4
Full,2C,R10AFRICA,mortality_million_deaths,PM2.5 mortality,GCAM,GCAM 7.0,IAM,High-CDR,3
Full,2C,R10AFRICA,mortality_million_deaths,PM2.5 mortality,IMAGE,IMAGE 3.0,ENGAGE,High-CDR,20
Full,2C,R10AFRICA,mortality_million_deaths,PM2.5 mortality,IMAGE,IMAGE 3.2,SSP2021,High-CDR,8
Full,2C,R10AFRICA,mortality_million_deaths,PM2.5 mortality,IMAGE,IMAGE 3.2,SSP2021,High-RE,2
Full,2C,R10AFRICA,mortality_million_deaths,PM2.5 mortality,IMAGE,IMAGE 3.3,NAVIGATE,High-CDR,8
Full,2C,R10AFRICA,mortality_million_deaths,PM2.5 mortality,MESSAGEix,MESSAGEix-GLOBIOM 1.1,ENGAGE,High-CDR,60
Full,2C,R10AFRICA,mortality_million_deaths,PM2.5 mortality,MESSAGEix,MESSAGEix-GLOBIOM 1.1,ENGAGE,High-RE,17
Full,2C,R10AFRICA,mortality_million_deaths,PM2.5 mortality,MESSAGEix,MESSAGEix-GLOBIOM 1.1,NGFS Phase 2,High-CDR,1
Full,2C,R10AFRICA,mortality_million_deaths,PM2.5 mortality,MESSAGEix,MESSAGEix-GLOBIOM 1.1,NGFS Phase 2,High-RE,1
Full,2C,R10AFRICA,mortality_million_deaths,PM2.5 mortality,MESSAGEix,MESSAGEix-GLOBIOM 1.2,COVID,High-CDR,5
Full,2C,R10AFRICA,mortality_million_deaths,PM2.5 mortality,MESSAGEix,MESSAGEix-GLOBIOM 2.0-M-R12-NGFS,NGFS Phase 5,High-RE,2
Full,2C,R10AFRICA,mortality_million_deaths,PM2.5 mortality,MESSAGEix,MESSAGEix-GLOBIOM GEI 1.0,GEI,High-CDR,6
Full,2C,R10AFRICA,mortality_million_deaths,PM2.5 mortality,MESSAGEix,MESSAGEix-GLOBIOM GEI 1.0,GEI,High-RE,1
Full,2C,R10AFRICA,mortality_million_deaths,PM2.5 mortality,POLES,POLES-JRC ENGAGE,ENGAGE,High-CDR,56
Full,2C,R10AFRICA,mortality_million_deaths,PM2.5 mortality,REMIND,REMIND 2.1,CEMICS,High-RE,1
Full,2C,R10AFRICA,mortality_million_deaths,PM2.5 mortality,REMIND,REMIND 2.1,LeastTotalCost,High-RE,11
Full,2C,R10AFRICA,mortality_million_deaths,PM2.5 mortality,REMIND,REMIND 2.1,R2p1,High-RE,8
Full,2C,R10AFRICA,mortality_million_deaths,PM2.5 mortality,REMIND,REMIND 2.1,TechCost,High-RE,9
Full,2C,R10AFRICA,mortality_million_deaths,PM2.5 mortality,REMIND,REMIND 3.0,NAVIGATE,High-RE,3
Full,2C,R10AFRICA,mortality_million_deaths,PM2.5 mortality,REMIND,REMIND-MAgPIE 1.7-3.0,CD,High-RE,5
Full,2C,R10AFRICA,mortality_million_deaths,PM2.5 mortality,REMIND,REMIND-MAgPIE 1.7-3.0,COMMIT,High-RE,4
Full,2C,R10AFRICA,mortality_million_deaths,PM2.5 mortality,REMIND,REMIND-MAgPIE 1.7-3.0,PEP,High-RE,5
Full,2C,R10AFRICA,mortality_million_deaths,PM2.5 mortality,REMIND,REMIND-MAgPIE 2.1-4.2,CEMICS,High-RE,1
Full,2C,R10AFRICA,mortality_million_deaths,PM2.5 mortality,REMIND,REMIND-MAgPIE 2.1-4.2,ENGAGE,High-RE,59
Full,2C,R10AFRICA,mortality_million_deaths,PM2.5 mortality,REMIND,REMIND-MAgPIE 2.1-4.2,NGFS Phase 2,High-RE,2
Full,2C,R10AFRICA,mortality_million_deaths,PM2.5 mortality,REMIND,REMIND-MAgPIE 2.1-4.2,SusDev,High-RE,3
Full,2C,R10AFRICA,mortality_million_deaths,PM2.5 mortality,REMIND,REMIND-MAgPIE 2.1-4.3,DeepElectrification,High-RE,3
Full,2C,R10AFRICA,mortality_million_deaths,PM2.5 mortality,REMIND,REMIND-MAgPIE 3.2-4.6,SHAPE,High-RE,2
Full,2C,R10AFRICA,mortality_million_deaths,PM2.5 mortality,REMIND,REMIND-MAgPIE 3.2.0-4.8.0,RESCUE,High-RE,5
Full,2C,R10AFRICA,mortality_million_deaths,PM2.5 mortality,REMIND,REMIND-MAgPIE 3.3-4.8,NGFS Phase 5,High-RE,5
Full,2C,R10AFRICA,mortality_million_deaths,PM2.5 mortality,REMIND,REMIND-Transport 2.1,Transport,High-RE,8
Full,2C,R10AFRICA,mortality_million_deaths,PM2.5 mortality,WITCH,WITCH 5.0,COMMIT,High-CDR,2
Full,2C,R10AFRICA,mortality_million_deaths,PM2.5 mortality,WITCH,WITCH 5.0,COMMIT,High-RE,1
Full,2C,R10AFRICA,mortality_million_deaths,PM2.5 mortality,WITCH,WITCH 5.0,ENGAGE,High-RE,2
Full,2C,R10AFRICA,mortality_million_deaths,PM2.5 mortality,WITCH,WITCH 5.0,NAVIGATE,High-RE,4
Full,2C,R10AFRICA,total_energy_jobyears_per_1k,Employment,AIM,AIM/CGE V2.2,ENGAGE,High-CDR,20
Full,2C,R10AFRICA,total_energy_jobyears_per_1k,Employment,AIM,AIM/CGE V2.2,ENGAGE,High-RE,11
Full,2C,R10AFRICA,total_energy_jobyears_per_1k,Employment,COFFEE,COFFEE 1.1,ENGAGE,High-RE,8
Full,2C,R10AFRICA,total_energy_jobyears_per_1k,Employment,GCAM,GCAM 6.0 NGFS,NGFS Phase 5,High-RE,4
Full,2C,R10AFRICA,total_energy_jobyears_per_1k,Employment,GCAM,GCAM 7.0,IAM,High-CDR,3
Full,2C,R10AFRICA,total_energy_jobyears_per_1k,Employment,IMAGE,IMAGE 3.0,ENGAGE,High-CDR,20
Full,2C,R10AFRICA,total_energy_jobyears_per_1k,Employment,IMAGE,IMAGE 3.2,ENGAGE,High-CDR,9
Full,2C,R10AFRICA,total_energy_jobyears_per_1k,Employment,IMAGE,IMAGE 3.2,SSP2021,High-CDR,8
Full,2C,R10AFRICA,total_energy_jobyears_per_1k,Employment,IMAGE,IMAGE 3.2,SSP2021,High-RE,2
Full,2C,R10AFRICA,total_energy_jobyears_per_1k,Employment,IMAGE,IMAGE 3.3,NAVIGATE,High-CDR,8
Full,2C,R10AFRICA,total_energy_jobyears_per_1k,Employment,MESSAGEix,MESSAGEix-GLOBIOM 1.1,ENGAGE,High-CDR,62
Full,2C,R10AFRICA,total_energy_jobyears_per_1k,Employment,MESSAGEix,MESSAGEix-GLOBIOM 1.1,ENGAGE,High-RE,20
Full,2C,R10AFRICA,total_energy_jobyears_per_1k,Employment,MESSAGEix,MESSAGEix-GLOBIOM 1.1,NGFS Phase 2,High-CDR,1
Full,2C,R10AFRICA,total_energy_jobyears_per_1k,Employment,MESSAGEix,MESSAGEix-GLOBIOM 1.1,NGFS Phase 2,High-RE,1
Full,2C,R10AFRICA,total_energy_jobyears_per_1k,Employment,MESSAGEix,MESSAGEix-GLOBIOM 1.2,COVID,High-CDR,5
Full,2C,R10AFRICA,total_energy_jobyears_per_1k,Employment,MESSAGEix,MESSAGEix-GLOBIOM 2.0-M-R12-NGFS,NGFS Phase 5,High-RE,2
Full,2C,R10AFRICA,total_energy_jobyears_per_1k,Employment,MESSAGEix,MESSAGEix-GLOBIOM GEI 1.0,GEI,High-CDR,6
Full,2C,R10AFRICA,total_energy_jobyears_per_1k,Employment,MESSAGEix,MESSAGEix-GLOBIOM GEI 1.0,GEI,High-RE,1
Full,2C,R10AFRICA,total_energy_jobyears_per_1k,Employment,POLES,POLES-JRC ENGAGE,ENGAGE,High-CDR,56
Full,2C,R10AFRICA,total_energy_jobyears_per_1k,Employment,POLES,POLES-JRC ENGAGE,ENGAGE,High-RE,8
Full,2C,R10AFRICA,total_energy_jobyears_per_1k,Employment,REMIND,REMIND 2.1,CEMICS,High-RE,5
Full,2C,R10AFRICA,total_energy_jobyears_per_1k,Employment,REMIND,REMIND 2.1,LeastTotalCost,High-RE,11
Full,2C,R10AFRICA,total_energy_jobyears_per_1k,Employment,REMIND,REMIND 2.1,R2p1,High-RE,8
Full,2C,R10AFRICA,total_energy_jobyears_per_1k,Employment,REMIND,REMIND 2.1,TechCost,High-RE,9
Full,2C,R10AFRICA,total_energy_jobyears_per_1k,Employment,REMIND,REMIND 3.0,ENGAGE,High-RE,14
Full,2C,R10AFRICA,total_energy_jobyears_per_1k,Employment,REMIND,REMIND 3.0,NAVIGATE,High-RE,7
Full,2C,R10AFRICA,total_energy_jobyears_per_1k,Employment,REMIND,REMIND-MAgPIE 1.7-3.0,CD,High-RE,5
Full,2C,R10AFRICA,total_energy_jobyears_per_1k,Employment,REMIND,REMIND-MAgPIE 1.7-3.0,COMMIT,High-RE,4
Full,2C,R10AFRICA,total_energy_jobyears_per_1k,Employment,REMIND,REMIND-MAgPIE 1.7-3.0,PEP,High-RE,5
Full,2C,R10AFRICA,total_energy_jobyears_per_1k,Employment,REMIND,REMIND-MAgPIE 2.0-4.1,Diff,High-RE,4
Full,2C,R10AFRICA,total_energy_jobyears_per_1k,Employment,REMIND,REMIND-MAgPIE 2.1-4.2,CEMICS,High-RE,3
Full,2C,R10AFRICA,total_energy_jobyears_per_1k,Employment,REMIND,REMIND-MAgPIE 2.1-4.2,ENGAGE,High-RE,59
Full,2C,R10AFRICA,total_energy_jobyears_per_1k,Employment,REMIND,REMIND-MAgPIE 2.1-4.2,NGFS Phase 2,High-RE,5
Full,2C,R10AFRICA,total_energy_jobyears_per_1k,Employment,REMIND,REMIND-MAgPIE 2.1-4.2,SusDev,High-RE,3
Full,2C,R10AFRICA,total_energy_jobyears_per_1k,Employment,REMIND,REMIND-MAgPIE 2.1-4.3,DeepElectrification,High-RE,3
Full,2C,R10AFRICA,total_energy_jobyears_per_1k,Employment,REMIND,REMIND-MAgPIE 3.2-4.6,SHAPE,High-RE,2
Full,2C,R10AFRICA,total_energy_jobyears_per_1k,Employment,REMIND,REMIND-MAgPIE 3.2.0-4.8.0,RESCUE,High-RE,5
Full,2C,R10AFRICA,total_energy_jobyears_per_1k,Employment,REMIND,REMIND-MAgPIE 3.3-4.8,NGFS Phase 5,High-RE,5
Full,2C,R10AFRICA,total_energy_jobyears_per_1k,Employment,REMIND,REMIND-Transport 2.1,Transport,High-RE,8
Full,2C,R10AFRICA,total_energy_jobyears_per_1k,Employment,TIAM,TIAM-ECN 1.1,ENGAGE,High-CDR,12
Full,2C,R10AFRICA,total_energy_jobyears_per_1k,Employment,WITCH,WITCH 5.0,COMMIT,High-CDR,2
Full,2C,R10AFRICA,total_energy_jobyears_per_1k,Employment,WITCH,WITCH 5.0,COMMIT,High-RE,1
Full,2C,R10AFRICA,total_energy_jobyears_per_1k,Employment,WITCH,WITCH 5.0,ENGAGE,High-RE,11
Full,2C,R10AFRICA,total_energy_jobyears_per_1k,Employment,WITCH,WITCH 5.0,NAVIGATE,High-RE,4
Full,2C,R10CHINA+,gap_GJ_pc,DLE gap,AIM,AIM/CGE V2.2,ENGAGE,High-CDR,20
Full,2C,R10CHINA+,gap_GJ_pc,DLE gap,AIM,AIM/CGE V2.2,ENGAGE,High-RE,11
Full,2C,R10CHINA+,gap_GJ_pc,DLE gap,GCAM,GCAM 5.3,Deep,High-CDR,23
Full,2C,R10CHINA+,gap_GJ_pc,DLE gap,GCAM,GCAM 6.0 NGFS,NGFS Phase 5,High-RE,4
Full,2C,R10CHINA+,gap_GJ_pc,DLE gap,GCAM,GCAM 7.0,IAM,High-CDR,3
Full,2C,R10CHINA+,gap_GJ_pc,DLE gap,IMAGE,IMAGE 3.0,COMMIT,High-CDR,3
Full,2C,R10CHINA+,gap_GJ_pc,DLE gap,IMAGE,IMAGE 3.0,ENGAGE,High-CDR,20
Full,2C,R10CHINA+,gap_GJ_pc,DLE gap,IMAGE,IMAGE 3.2,ENGAGE,High-CDR,9
Full,2C,R10CHINA+,gap_GJ_pc,DLE gap,IMAGE,IMAGE 3.2,SSP2021,High-CDR,8
Full,2C,R10CHINA+,gap_GJ_pc,DLE gap,IMAGE,IMAGE 3.2,SSP2021,High-RE,2
Full,2C,R10CHINA+,gap_GJ_pc,DLE gap,IMAGE,IMAGE 3.3,NAVIGATE,High-CDR,8
Full,2C,R10CHINA+,gap_GJ_pc,DLE gap,MESSAGEix,MESSAGEix-GLOBIOM 1.1,ENGAGE,High-CDR,62
Full,2C,R10CHINA+,gap_GJ_pc,DLE gap,MESSAGEix,MESSAGEix-GLOBIOM 1.1,ENGAGE,High-RE,20
Full,2C,R10CHINA+,gap_GJ_pc,DLE gap,MESSAGEix,MESSAGEix-GLOBIOM 1.1,NGFS Phase 2,High-CDR,1
Full,2C,R10CHINA+,gap_GJ_pc,DLE gap,MESSAGEix,MESSAGEix-GLOBIOM 1.1,NGFS Phase 2,High-RE,1
Full,2C,R10CHINA+,gap_GJ_pc,DLE gap,MESSAGEix,MESSAGEix-GLOBIOM 1.2,COVID,High-CDR,5
Full,2C,R10CHINA+,gap_GJ_pc,DLE gap,MESSAGEix,MESSAGEix-GLOBIOM 2.0-M-R12-NGFS,NGFS Phase 5,High-RE,2
Full,2C,R10CHINA+,gap_GJ_pc,DLE gap,MESSAGEix,MESSAGEix-GLOBIOM GEI 1.0,GEI,High-CDR,6
Full,2C,R10CHINA+,gap_GJ_pc,DLE gap,MESSAGEix,MESSAGEix-GLOBIOM GEI 1.0,GEI,High-RE,1
Full,2C,R10CHINA+,gap_GJ_pc,DLE gap,POLES,POLES-JRC ENGAGE,ENGAGE,High-CDR,56
Full,2C,R10CHINA+,gap_GJ_pc,DLE gap,POLES,POLES-JRC ENGAGE,ENGAGE,High-RE,8
Full,2C,R10CHINA+,gap_GJ_pc,DLE gap,REMIND,REMIND 2.1,CEMICS,High-RE,5
Full,2C,R10CHINA+,gap_GJ_pc,DLE gap,REMIND,REMIND 2.1,LeastTotalCost,High-RE,11
Full,2C,R10CHINA+,gap_GJ_pc,DLE gap,REMIND,REMIND 2.1,R2p1,High-RE,8
Full,2C,R10CHINA+,gap_GJ_pc,DLE gap,REMIND,REMIND 2.1,TechCost,High-RE,9
Full,2C,R10CHINA+,gap_GJ_pc,DLE gap,REMIND,REMIND 3.0,ENGAGE,High-RE,14
Full,2C,R10CHINA+,gap_GJ_pc,DLE gap,REMIND,REMIND 3.0,NAVIGATE,High-RE,7
Full,2C,R10CHINA+,gap_GJ_pc,DLE gap,REMIND,REMIND-MAgPIE 1.7-3.0,CD,High-RE,5
Full,2C,R10CHINA+,gap_GJ_pc,DLE gap,REMIND,REMIND-MAgPIE 1.7-3.0,COMMIT,High-RE,4
Full,2C,R10CHINA+,gap_GJ_pc,DLE gap,REMIND,REMIND-MAgPIE 1.7-3.0,PEP,High-RE,5
Full,2C,R10CHINA+,gap_GJ_pc,DLE gap,REMIND,REMIND-MAgPIE 2.0-4.1,Diff,High-RE,4
Full,2C,R10CHINA+,gap_GJ_pc,DLE gap,REMIND,REMIND-MAgPIE 2.1-4.2,CEMICS,High-RE,3
Full,2C,R10CHINA+,gap_GJ_pc,DLE gap,REMIND,REMIND-MAgPIE 2.1-4.2,ENGAGE,High-RE,59
Full,2C,R10CHINA+,gap_GJ_pc,DLE gap,REMIND,REMIND-MAgPIE 2.1-4.2,NGFS Phase 2,High-RE,5
Full,2C,R10CHINA+,gap_GJ_pc,DLE gap,REMIND,REMIND-MAgPIE 2.1-4.2,SusDev,High-RE,3
Full,2C,R10CHINA+,gap_GJ_pc,DLE gap,REMIND,REMIND-MAgPIE 2.1-4.3,DeepElectrification,High-RE,3
Full,2C,R10CHINA+,gap_GJ_pc,DLE gap,REMIND,REMIND-MAgPIE 3.2-4.6,SHAPE,High-RE,2
Full,2C,R10CHINA+,gap_GJ_pc,DLE gap,REMIND,REMIND-MAgPIE 3.2.0-4.8.0,RESCUE,High-RE,5
Full,2C,R10CHINA+,gap_GJ_pc,DLE gap,REMIND,REMIND-MAgPIE 3.3-4.8,NGFS Phase 5,High-RE,5
Full,2C,R10CHINA+,gap_GJ_pc,DLE gap,REMIND,REMIND-Transport 2.1,Transport,High-RE,8
Full,2C,R10CHINA+,gap_GJ_pc,DLE gap,WITCH,WITCH 5.0,COMMIT,High-CDR,2
Full,2C,R10CHINA+,gap_GJ_pc,DLE gap,WITCH,WITCH 5.0,COMMIT,High-RE,1
Full,2C,R10CHINA+,gap_GJ_pc,DLE gap,WITCH,WITCH 5.0,ENGAGE,High-RE,11
Full,2C,R10CHINA+,gap_GJ_pc,DLE gap,WITCH,WITCH 5.0,NAVIGATE,High-RE,4
Full,2C,R10CHINA+,headcount_pct,Deprived headcount,AIM,AIM/CGE V2.2,ENGAGE,High-CDR,20
Full,2C,R10CHINA+,headcount_pct,Deprived headcount,AIM,AIM/CGE V2.2,ENGAGE,High-RE,11
Full,2C,R10CHINA+,headcount_pct,Deprived headcount,GCAM,GCAM 5.3,Deep,High-CDR,23
Full,2C,R10CHINA+,headcount_pct,Deprived headcount,GCAM,GCAM 6.0 NGFS,NGFS Phase 5,High-RE,4
Full,2C,R10CHINA+,headcount_pct,Deprived headcount,GCAM,GCAM 7.0,IAM,High-CDR,3
Full,2C,R10CHINA+,headcount_pct,Deprived headcount,IMAGE,IMAGE 3.0,COMMIT,High-CDR,3
Full,2C,R10CHINA+,headcount_pct,Deprived headcount,IMAGE,IMAGE 3.0,ENGAGE,High-CDR,20
Full,2C,R10CHINA+,headcount_pct,Deprived headcount,IMAGE,IMAGE 3.2,ENGAGE,High-CDR,9
Full,2C,R10CHINA+,headcount_pct,Deprived headcount,IMAGE,IMAGE 3.2,SSP2021,High-CDR,8
Full,2C,R10CHINA+,headcount_pct,Deprived headcount,IMAGE,IMAGE 3.2,SSP2021,High-RE,2
Full,2C,R10CHINA+,headcount_pct,Deprived headcount,IMAGE,IMAGE 3.3,NAVIGATE,High-CDR,8
Full,2C,R10CHINA+,headcount_pct,Deprived headcount,MESSAGEix,MESSAGEix-GLOBIOM 1.1,ENGAGE,High-CDR,62
Full,2C,R10CHINA+,headcount_pct,Deprived headcount,MESSAGEix,MESSAGEix-GLOBIOM 1.1,ENGAGE,High-RE,20
Full,2C,R10CHINA+,headcount_pct,Deprived headcount,MESSAGEix,MESSAGEix-GLOBIOM 1.1,NGFS Phase 2,High-CDR,1
Full,2C,R10CHINA+,headcount_pct,Deprived headcount,MESSAGEix,MESSAGEix-GLOBIOM 1.1,NGFS Phase 2,High-RE,1
Full,2C,R10CHINA+,headcount_pct,Deprived headcount,MESSAGEix,MESSAGEix-GLOBIOM 1.2,COVID,High-CDR,5
Full,2C,R10CHINA+,headcount_pct,Deprived headcount,MESSAGEix,MESSAGEix-GLOBIOM 2.0-M-R12-NGFS,NGFS Phase 5,High-RE,2
Full,2C,R10CHINA+,headcount_pct,Deprived headcount,MESSAGEix,MESSAGEix-GLOBIOM GEI 1.0,GEI,High-CDR,6
Full,2C,R10CHINA+,headcount_pct,Deprived headcount,MESSAGEix,MESSAGEix-GLOBIOM GEI 1.0,GEI,High-RE,1
Full,2C,R10CHINA+,headcount_pct,Deprived headcount,POLES,POLES-JRC ENGAGE,ENGAGE,High-CDR,56
Full,2C,R10CHINA+,headcount_pct,Deprived headcount,POLES,POLES-JRC ENGAGE,ENGAGE,High-RE,8
Full,2C,R10CHINA+,headcount_pct,Deprived headcount,REMIND,REMIND 2.1,CEMICS,High-RE,5
Full,2C,R10CHINA+,headcount_pct,Deprived headcount,REMIND,REMIND 2.1,LeastTotalCost,High-RE,11
Full,2C,R10CHINA+,headcount_pct,Deprived headcount,REMIND,REMIND 2.1,R2p1,High-RE,8
Full,2C,R10CHINA+,headcount_pct,Deprived headcount,REMIND,REMIND 2.1,TechCost,High-RE,9
Full,2C,R10CHINA+,headcount_pct,Deprived headcount,REMIND,REMIND 3.0,ENGAGE,High-RE,14
Full,2C,R10CHINA+,headcount_pct,Deprived headcount,REMIND,REMIND 3.0,NAVIGATE,High-RE,7
Full,2C,R10CHINA+,headcount_pct,Deprived headcount,REMIND,REMIND-MAgPIE 1.7-3.0,CD,High-RE,5
Full,2C,R10CHINA+,headcount_pct,Deprived headcount,REMIND,REMIND-MAgPIE 1.7-3.0,COMMIT,High-RE,4
Full,2C,R10CHINA+,headcount_pct,Deprived headcount,REMIND,REMIND-MAgPIE 1.7-3.0,PEP,High-RE,5
Full,2C,R10CHINA+,headcount_pct,Deprived headcount,REMIND,REMIND-MAgPIE 2.0-4.1,Diff,High-RE,4
Full,2C,R10CHINA+,headcount_pct,Deprived headcount,REMIND,REMIND-MAgPIE 2.1-4.2,CEMICS,High-RE,3
Full,2C,R10CHINA+,headcount_pct,Deprived headcount,REMIND,REMIND-MAgPIE 2.1-4.2,ENGAGE,High-RE,59
Full,2C,R10CHINA+,headcount_pct,Deprived headcount,REMIND,REMIND-MAgPIE 2.1-4.2,NGFS Phase 2,High-RE,5
Full,2C,R10CHINA+,headcount_pct,Deprived headcount,REMIND,REMIND-MAgPIE 2.1-4.2,SusDev,High-RE,3
Full,2C,R10CHINA+,headcount_pct,Deprived headcount,REMIND,REMIND-MAgPIE 2.1-4.3,DeepElectrification,High-RE,3
Full,2C,R10CHINA+,headcount_pct,Deprived headcount,REMIND,REMIND-MAgPIE 3.2-4.6,SHAPE,High-RE,2
Full,2C,R10CHINA+,headcount_pct,Deprived headcount,REMIND,REMIND-MAgPIE 3.2.0-4.8.0,RESCUE,High-RE,5
Full,2C,R10CHINA+,headcount_pct,Deprived headcount,REMIND,REMIND-MAgPIE 3.3-4.8,NGFS Phase 5,High-RE,5
Full,2C,R10CHINA+,headcount_pct,Deprived headcount,REMIND,REMIND-Transport 2.1,Transport,High-RE,8
Full,2C,R10CHINA+,headcount_pct,Deprived headcount,WITCH,WITCH 5.0,COMMIT,High-CDR,2
Full,2C,R10CHINA+,headcount_pct,Deprived headcount,WITCH,WITCH 5.0,COMMIT,High-RE,1
Full,2C,R10CHINA+,headcount_pct,Deprived headcount,WITCH,WITCH 5.0,ENGAGE,High-RE,11
Full,2C,R10CHINA+,headcount_pct,Deprived headcount,WITCH,WITCH 5.0,NAVIGATE,High-RE,4
Full,2C,R10CHINA+,mortality_million_deaths,PM2.5 mortality,AIM,AIM/CGE V2.2,ENGAGE,High-CDR,20
Full,2C,R10CHINA+,mortality_million_deaths,PM2.5 mortality,AIM,AIM/CGE V2.2,ENGAGE,High-RE,4
Full,2C,R10CHINA+,mortality_million_deaths,PM2.5 mortality,GCAM,GCAM 6.0 NGFS,NGFS Phase 5,High-RE,4
Full,2C,R10CHINA+,mortality_million_deaths,PM2.5 mortality,GCAM,GCAM 7.0,IAM,High-CDR,3
Full,2C,R10CHINA+,mortality_million_deaths,PM2.5 mortality,IMAGE,IMAGE 3.0,ENGAGE,High-CDR,20
Full,2C,R10CHINA+,mortality_million_deaths,PM2.5 mortality,IMAGE,IMAGE 3.2,SSP2021,High-CDR,8
Full,2C,R10CHINA+,mortality_million_deaths,PM2.5 mortality,IMAGE,IMAGE 3.2,SSP2021,High-RE,2
Full,2C,R10CHINA+,mortality_million_deaths,PM2.5 mortality,IMAGE,IMAGE 3.3,NAVIGATE,High-CDR,8
Full,2C,R10CHINA+,mortality_million_deaths,PM2.5 mortality,MESSAGEix,MESSAGEix-GLOBIOM 1.1,ENGAGE,High-CDR,60
Full,2C,R10CHINA+,mortality_million_deaths,PM2.5 mortality,MESSAGEix,MESSAGEix-GLOBIOM 1.1,ENGAGE,High-RE,17
Full,2C,R10CHINA+,mortality_million_deaths,PM2.5 mortality,MESSAGEix,MESSAGEix-GLOBIOM 1.1,NGFS Phase 2,High-CDR,1
Full,2C,R10CHINA+,mortality_million_deaths,PM2.5 mortality,MESSAGEix,MESSAGEix-GLOBIOM 1.1,NGFS Phase 2,High-RE,1
Full,2C,R10CHINA+,mortality_million_deaths,PM2.5 mortality,MESSAGEix,MESSAGEix-GLOBIOM 1.2,COVID,High-CDR,5
Full,2C,R10CHINA+,mortality_million_deaths,PM2.5 mortality,MESSAGEix,MESSAGEix-GLOBIOM 2.0-M-R12-NGFS,NGFS Phase 5,High-RE,2
Full,2C,R10CHINA+,mortality_million_deaths,PM2.5 mortality,MESSAGEix,MESSAGEix-GLOBIOM GEI 1.0,GEI,High-CDR,6
Full,2C,R10CHINA+,mortality_million_deaths,PM2.5 mortality,MESSAGEix,MESSAGEix-GLOBIOM GEI 1.0,GEI,High-RE,1
Full,2C,R10CHINA+,mortality_million_deaths,PM2.5 mortality,POLES,POLES-JRC ENGAGE,ENGAGE,High-CDR,56
Full,2C,R10CHINA+,mortality_million_deaths,PM2.5 mortality,REMIND,REMIND 2.1,CEMICS,High-RE,1
Full,2C,R10CHINA+,mortality_million_deaths,PM2.5 mortality,REMIND,REMIND 2.1,LeastTotalCost,High-RE,11
Full,2C,R10CHINA+,mortality_million_deaths,PM2.5 mortality,REMIND,REMIND 2.1,R2p1,High-RE,8
Full,2C,R10CHINA+,mortality_million_deaths,PM2.5 mortality,REMIND,REMIND 2.1,TechCost,High-RE,9
Full,2C,R10CHINA+,mortality_million_deaths,PM2.5 mortality,REMIND,REMIND 3.0,NAVIGATE,High-RE,3
Full,2C,R10CHINA+,mortality_million_deaths,PM2.5 mortality,REMIND,REMIND-MAgPIE 1.7-3.0,CD,High-RE,5
Full,2C,R10CHINA+,mortality_million_deaths,PM2.5 mortality,REMIND,REMIND-MAgPIE 1.7-3.0,COMMIT,High-RE,4
Full,2C,R10CHINA+,mortality_million_deaths,PM2.5 mortality,REMIND,REMIND-MAgPIE 1.7-3.0,PEP,High-RE,5
Full,2C,R10CHINA+,mortality_million_deaths,PM2.5 mortality,REMIND,REMIND-MAgPIE 2.1-4.2,CEMICS,High-RE,1
Full,2C,R10CHINA+,mortality_million_deaths,PM2.5 mortality,REMIND,REMIND-MAgPIE 2.1-4.2,ENGAGE,High-RE,59
Full,2C,R10CHINA+,mortality_million_deaths,PM2.5 mortality,REMIND,REMIND-MAgPIE 2.1-4.2,NGFS Phase 2,High-RE,2
Full,2C,R10CHINA+,mortality_million_deaths,PM2.5 mortality,REMIND,REMIND-MAgPIE 2.1-4.2,SusDev,High-RE,3
Full,2C,R10CHINA+,mortality_million_deaths,PM2.5 mortality,REMIND,REMIND-MAgPIE 2.1-4.3,DeepElectrification,High-RE,3
Full,2C,R10CHINA+,mortality_million_deaths,PM2.5 mortality,REMIND,REMIND-MAgPIE 3.2-4.6,SHAPE,High-RE,2
Full,2C,R10CHINA+,mortality_million_deaths,PM2.5 mortality,REMIND,REMIND-MAgPIE 3.2.0-4.8.0,RESCUE,High-RE,5
Full,2C,R10CHINA+,mortality_million_deaths,PM2.5 mortality,REMIND,REMIND-MAgPIE 3.3-4.8,NGFS Phase 5,High-RE,5
Full,2C,R10CHINA+,mortality_million_deaths,PM2.5 mortality,REMIND,REMIND-Transport 2.1,Transport,High-RE,8
Full,2C,R10CHINA+,mortality_million_deaths,PM2.5 mortality,WITCH,WITCH 5.0,COMMIT,High-CDR,2
Full,2C,R10CHINA+,mortality_million_deaths,PM2.5 mortality,WITCH,WITCH 5.0,COMMIT,High-RE,1
Full,2C,R10CHINA+,mortality_million_deaths,PM2.5 mortality,WITCH,WITCH 5.0,ENGAGE,High-RE,2
Full,2C,R10CHINA+,mortality_million_deaths,PM2.5 mortality,WITCH,WITCH 5.0,NAVIGATE,High-RE,4
Full,2C,R10CHINA+,total_energy_jobyears_per_1k,Employment,AIM,AIM/CGE V2.2,ENGAGE,High-CDR,20
Full,2C,R10CHINA+,total_energy_jobyears_per_1k,Employment,AIM,AIM/CGE V2.2,ENGAGE,High-RE,11
Full,2C,R10CHINA+,total_energy_jobyears_per_1k,Employment,COFFEE,COFFEE 1.1,ENGAGE,High-RE,8
Full,2C,R10CHINA+,total_energy_jobyears_per_1k,Employment,GCAM,GCAM 6.0 NGFS,NGFS Phase 5,High-RE,4
Full,2C,R10CHINA+,total_energy_jobyears_per_1k,Employment,GCAM,GCAM 7.0,IAM,High-CDR,3
Full,2C,R10CHINA+,total_energy_jobyears_per_1k,Employment,IMAGE,IMAGE 3.0,COMMIT,High-CDR,3
Full,2C,R10CHINA+,total_energy_jobyears_per_1k,Employment,IMAGE,IMAGE 3.0,ENGAGE,High-CDR,20
Full,2C,R10CHINA+,total_energy_jobyears_per_1k,Employment,IMAGE,IMAGE 3.2,ENGAGE,High-CDR,9
Full,2C,R10CHINA+,total_energy_jobyears_per_1k,Employment,IMAGE,IMAGE 3.2,SSP2021,High-CDR,8
Full,2C,R10CHINA+,total_energy_jobyears_per_1k,Employment,IMAGE,IMAGE 3.2,SSP2021,High-RE,2
Full,2C,R10CHINA+,total_energy_jobyears_per_1k,Employment,IMAGE,IMAGE 3.3,NAVIGATE,High-CDR,8
Full,2C,R10CHINA+,total_energy_jobyears_per_1k,Employment,MESSAGEix,MESSAGEix-GLOBIOM 1.1,ENGAGE,High-CDR,62
Full,2C,R10CHINA+,total_energy_jobyears_per_1k,Employment,MESSAGEix,MESSAGEix-GLOBIOM 1.1,ENGAGE,High-RE,20
Full,2C,R10CHINA+,total_energy_jobyears_per_1k,Employment,MESSAGEix,MESSAGEix-GLOBIOM 1.1,NGFS Phase 2,High-CDR,1
Full,2C,R10CHINA+,total_energy_jobyears_per_1k,Employment,MESSAGEix,MESSAGEix-GLOBIOM 1.1,NGFS Phase 2,High-RE,1
Full,2C,R10CHINA+,total_energy_jobyears_per_1k,Employment,MESSAGEix,MESSAGEix-GLOBIOM 1.2,COVID,High-CDR,5
Full,2C,R10CHINA+,total_energy_jobyears_per_1k,Employment,MESSAGEix,MESSAGEix-GLOBIOM 2.0-M-R12-NGFS,NGFS Phase 5,High-RE,2
Full,2C,R10CHINA+,total_energy_jobyears_per_1k,Employment,MESSAGEix,MESSAGEix-GLOBIOM GEI 1.0,GEI,High-CDR,6
Full,2C,R10CHINA+,total_energy_jobyears_per_1k,Employment,MESSAGEix,MESSAGEix-GLOBIOM GEI 1.0,GEI,High-RE,1
Full,2C,R10CHINA+,total_energy_jobyears_per_1k,Employment,POLES,POLES-JRC ENGAGE,ENGAGE,High-CDR,56
Full,2C,R10CHINA+,total_energy_jobyears_per_1k,Employment,POLES,POLES-JRC ENGAGE,ENGAGE,High-RE,8
Full,2C,R10CHINA+,total_energy_jobyears_per_1k,Employment,REMIND,REMIND 2.1,CEMICS,High-RE,5
Full,2C,R10CHINA+,total_energy_jobyears_per_1k,Employment,REMIND,REMIND 2.1,LeastTotalCost,High-RE,11
Full,2C,R10CHINA+,total_energy_jobyears_per_1k,Employment,REMIND,REMIND 2.1,R2p1,High-RE,8
Full,2C,R10CHINA+,total_energy_jobyears_per_1k,Employment,REMIND,REMIND 2.1,TechCost,High-RE,9
Full,2C,R10CHINA+,total_energy_jobyears_per_1k,Employment,REMIND,REMIND 3.0,ENGAGE,High-RE,14
Full,2C,R10CHINA+,total_energy_jobyears_per_1k,Employment,REMIND,REMIND 3.0,NAVIGATE,High-RE,7
Full,2C,R10CHINA+,total_energy_jobyears_per_1k,Employment,REMIND,REMIND-MAgPIE 1.7-3.0,CD,High-RE,5
Full,2C,R10CHINA+,total_energy_jobyears_per_1k,Employment,REMIND,REMIND-MAgPIE 1.7-3.0,COMMIT,High-RE,4
Full,2C,R10CHINA+,total_energy_jobyears_per_1k,Employment,REMIND,REMIND-MAgPIE 1.7-3.0,PEP,High-RE,5
Full,2C,R10CHINA+,total_energy_jobyears_per_1k,Employment,REMIND,REMIND-MAgPIE 2.0-4.1,Diff,High-RE,4
Full,2C,R10CHINA+,total_energy_jobyears_per_1k,Employment,REMIND,REMIND-MAgPIE 2.1-4.2,CEMICS,High-RE,3
Full,2C,R10CHINA+,total_energy_jobyears_per_1k,Employment,REMIND,REMIND-MAgPIE 2.1-4.2,ENGAGE,High-RE,59
Full,2C,R10CHINA+,total_energy_jobyears_per_1k,Employment,REMIND,REMIND-MAgPIE 2.1-4.2,NGFS Phase 2,High-RE,5
Full,2C,R10CHINA+,total_energy_jobyears_per_1k,Employment,REMIND,REMIND-MAgPIE 2.1-4.2,SusDev,High-RE,3
Full,2C,R10CHINA+,total_energy_jobyears_per_1k,Employment,REMIND,REMIND-MAgPIE 2.1-4.3,DeepElectrification,High-RE,3
Full,2C,R10CHINA+,total_energy_jobyears_per_1k,Employment,REMIND,REMIND-MAgPIE 3.2-4.6,SHAPE,High-RE,2
Full,2C,R10CHINA+,total_energy_jobyears_per_1k,Employment,REMIND,REMIND-MAgPIE 3.2.0-4.8.0,RESCUE,High-RE,5
Full,2C,R10CHINA+,total_energy_jobyears_per_1k,Employment,REMIND,REMIND-MAgPIE 3.3-4.8,NGFS Phase 5,High-RE,5
Full,2C,R10CHINA+,total_energy_jobyears_per_1k,Employment,REMIND,REMIND-Transport 2.1,Transport,High-RE,8
Full,2C,R10CHINA+,total_energy_jobyears_per_1k,Employment,TIAM,TIAM-ECN 1.1,ENGAGE,High-CDR,12
Full,2C,R10CHINA+,total_energy_jobyears_per_1k,Employment,WITCH,WITCH 5.0,COMMIT,High-CDR,2
Full,2C,R10CHINA+,total_energy_jobyears_per_1k,Employment,WITCH,WITCH 5.0,COMMIT,High-RE,1
Full,2C,R10CHINA+,total_energy_jobyears_per_1k,Employment,WITCH,WITCH 5.0,ENGAGE,High-RE,11
Full,2C,R10CHINA+,total_energy_jobyears_per_1k,Employment,WITCH,WITCH 5.0,NAVIGATE,High-RE,4
Full,2C,R10EUROPE,gap_GJ_pc,DLE gap,AIM,AIM/CGE V2.2,ENGAGE,High-CDR,20
Full,2C,R10EUROPE,gap_GJ_pc,DLE gap,AIM,AIM/CGE V2.2,ENGAGE,High-RE,11
Full,2C,R10EUROPE,gap_GJ_pc,DLE gap,GCAM,GCAM 5.3,Deep,High-CDR,23
Full,2C,R10EUROPE,gap_GJ_pc,DLE gap,GCAM,GCAM 6.0 NGFS,NGFS Phase 5,High-RE,4
Full,2C,R10EUROPE,gap_GJ_pc,DLE gap,GCAM,GCAM 7.0,IAM,High-CDR,3
Full,2C,R10EUROPE,gap_GJ_pc,DLE gap,IMAGE,IMAGE 3.0,COMMIT,High-CDR,3
Full,2C,R10EUROPE,gap_GJ_pc,DLE gap,IMAGE,IMAGE 3.0,ENGAGE,High-CDR,20
Full,2C,R10EUROPE,gap_GJ_pc,DLE gap,IMAGE,IMAGE 3.2,ENGAGE,High-CDR,9
Full,2C,R10EUROPE,gap_GJ_pc,DLE gap,IMAGE,IMAGE 3.2,SSP2021,High-CDR,8
Full,2C,R10EUROPE,gap_GJ_pc,DLE gap,IMAGE,IMAGE 3.2,SSP2021,High-RE,2
Full,2C,R10EUROPE,gap_GJ_pc,DLE gap,IMAGE,IMAGE 3.3,NAVIGATE,High-CDR,8
Full,2C,R10EUROPE,gap_GJ_pc,DLE gap,MESSAGEix,MESSAGEix-GLOBIOM 1.1,ENGAGE,High-CDR,62
Full,2C,R10EUROPE,gap_GJ_pc,DLE gap,MESSAGEix,MESSAGEix-GLOBIOM 1.1,ENGAGE,High-RE,20
Full,2C,R10EUROPE,gap_GJ_pc,DLE gap,MESSAGEix,MESSAGEix-GLOBIOM 1.1,NGFS Phase 2,High-CDR,1
Full,2C,R10EUROPE,gap_GJ_pc,DLE gap,MESSAGEix,MESSAGEix-GLOBIOM 1.1,NGFS Phase 2,High-RE,1
Full,2C,R10EUROPE,gap_GJ_pc,DLE gap,MESSAGEix,MESSAGEix-GLOBIOM 1.2,COVID,High-CDR,5
Full,2C,R10EUROPE,gap_GJ_pc,DLE gap,MESSAGEix,MESSAGEix-GLOBIOM 2.0-M-R12-NGFS,NGFS Phase 5,High-RE,2
Full,2C,R10EUROPE,gap_GJ_pc,DLE gap,MESSAGEix,MESSAGEix-GLOBIOM GEI 1.0,GEI,High-CDR,6
Full,2C,R10EUROPE,gap_GJ_pc,DLE gap,MESSAGEix,MESSAGEix-GLOBIOM GEI 1.0,GEI,High-RE,1
Full,2C,R10EUROPE,gap_GJ_pc,DLE gap,POLES,POLES-JRC ENGAGE,ENGAGE,High-CDR,56
Full,2C,R10EUROPE,gap_GJ_pc,DLE gap,POLES,POLES-JRC ENGAGE,ENGAGE,High-RE,8
Full,2C,R10EUROPE,gap_GJ_pc,DLE gap,REMIND,REMIND 2.1,CEMICS,High-RE,5
Full,2C,R10EUROPE,gap_GJ_pc,DLE gap,REMIND,REMIND 2.1,LeastTotalCost,High-RE,11
Full,2C,R10EUROPE,gap_GJ_pc,DLE gap,REMIND,REMIND 2.1,R2p1,High-RE,8
Full,2C,R10EUROPE,gap_GJ_pc,DLE gap,REMIND,REMIND 2.1,TechCost,High-RE,9
Full,2C,R10EUROPE,gap_GJ_pc,DLE gap,REMIND,REMIND 3.0,ENGAGE,High-RE,14
Full,2C,R10EUROPE,gap_GJ_pc,DLE gap,REMIND,REMIND 3.0,NAVIGATE,High-RE,7
Full,2C,R10EUROPE,gap_GJ_pc,DLE gap,REMIND,REMIND-MAgPIE 1.7-3.0,CD,High-RE,5
Full,2C,R10EUROPE,gap_GJ_pc,DLE gap,REMIND,REMIND-MAgPIE 1.7-3.0,COMMIT,High-RE,4
Full,2C,R10EUROPE,gap_GJ_pc,DLE gap,REMIND,REMIND-MAgPIE 1.7-3.0,PEP,High-RE,5
Full,2C,R10EUROPE,gap_GJ_pc,DLE gap,REMIND,REMIND-MAgPIE 2.0-4.1,Diff,High-RE,4
Full,2C,R10EUROPE,gap_GJ_pc,DLE gap,REMIND,REMIND-MAgPIE 2.1-4.2,CEMICS,High-RE,3
Full,2C,R10EUROPE,gap_GJ_pc,DLE gap,REMIND,REMIND-MAgPIE 2.1-4.2,ENGAGE,High-RE,59
Full,2C,R10EUROPE,gap_GJ_pc,DLE gap,REMIND,REMIND-MAgPIE 2.1-4.2,NGFS Phase 2,High-RE,5
Full,2C,R10EUROPE,gap_GJ_pc,DLE gap,REMIND,REMIND-MAgPIE 2.1-4.2,SusDev,High-RE,3
Full,2C,R10EUROPE,gap_GJ_pc,DLE gap,REMIND,REMIND-MAgPIE 2.1-4.3,DeepElectrification,High-RE,3
Full,2C,R10EUROPE,gap_GJ_pc,DLE gap,REMIND,REMIND-MAgPIE 3.2-4.6,SHAPE,High-RE,2
Full,2C,R10EUROPE,gap_GJ_pc,DLE gap,REMIND,REMIND-MAgPIE 3.2.0-4.8.0,RESCUE,High-RE,5
Full,2C,R10EUROPE,gap_GJ_pc,DLE gap,REMIND,REMIND-MAgPIE 3.3-4.8,NGFS Phase 5,High-RE,5
Full,2C,R10EUROPE,gap_GJ_pc,DLE gap,REMIND,REMIND-Transport 2.1,Transport,High-RE,8
Full,2C,R10EUROPE,gap_GJ_pc,DLE gap,WITCH,WITCH 5.0,COMMIT,High-CDR,2
Full,2C,R10EUROPE,gap_GJ_pc,DLE gap,WITCH,WITCH 5.0,COMMIT,High-RE,1
Full,2C,R10EUROPE,gap_GJ_pc,DLE gap,WITCH,WITCH 5.0,ENGAGE,High-RE,11
Full,2C,R10EUROPE,gap_GJ_pc,DLE gap,WITCH,WITCH 5.0,NAVIGATE,High-RE,4
Full,2C,R10EUROPE,headcount_pct,Deprived headcount,AIM,AIM/CGE V2.2,ENGAGE,High-CDR,20
Full,2C,R10EUROPE,headcount_pct,Deprived headcount,AIM,AIM/CGE V2.2,ENGAGE,High-RE,11
Full,2C,R10EUROPE,headcount_pct,Deprived headcount,GCAM,GCAM 5.3,Deep,High-CDR,23
Full,2C,R10EUROPE,headcount_pct,Deprived headcount,GCAM,GCAM 6.0 NGFS,NGFS Phase 5,High-RE,4
Full,2C,R10EUROPE,headcount_pct,Deprived headcount,GCAM,GCAM 7.0,IAM,High-CDR,3
Full,2C,R10EUROPE,headcount_pct,Deprived headcount,IMAGE,IMAGE 3.0,COMMIT,High-CDR,3
Full,2C,R10EUROPE,headcount_pct,Deprived headcount,IMAGE,IMAGE 3.0,ENGAGE,High-CDR,20
Full,2C,R10EUROPE,headcount_pct,Deprived headcount,IMAGE,IMAGE 3.2,ENGAGE,High-CDR,9
Full,2C,R10EUROPE,headcount_pct,Deprived headcount,IMAGE,IMAGE 3.2,SSP2021,High-CDR,8
Full,2C,R10EUROPE,headcount_pct,Deprived headcount,IMAGE,IMAGE 3.2,SSP2021,High-RE,2
Full,2C,R10EUROPE,headcount_pct,Deprived headcount,IMAGE,IMAGE 3.3,NAVIGATE,High-CDR,8
Full,2C,R10EUROPE,headcount_pct,Deprived headcount,MESSAGEix,MESSAGEix-GLOBIOM 1.1,ENGAGE,High-CDR,62
Full,2C,R10EUROPE,headcount_pct,Deprived headcount,MESSAGEix,MESSAGEix-GLOBIOM 1.1,ENGAGE,High-RE,20
Full,2C,R10EUROPE,headcount_pct,Deprived headcount,MESSAGEix,MESSAGEix-GLOBIOM 1.1,NGFS Phase 2,High-CDR,1
Full,2C,R10EUROPE,headcount_pct,Deprived headcount,MESSAGEix,MESSAGEix-GLOBIOM 1.1,NGFS Phase 2,High-RE,1
Full,2C,R10EUROPE,headcount_pct,Deprived headcount,MESSAGEix,MESSAGEix-GLOBIOM 1.2,COVID,High-CDR,5
Full,2C,R10EUROPE,headcount_pct,Deprived headcount,MESSAGEix,MESSAGEix-GLOBIOM 2.0-M-R12-NGFS,NGFS Phase 5,High-RE,2
Full,2C,R10EUROPE,headcount_pct,Deprived headcount,MESSAGEix,MESSAGEix-GLOBIOM GEI 1.0,GEI,High-CDR,6
Full,2C,R10EUROPE,headcount_pct,Deprived headcount,MESSAGEix,MESSAGEix-GLOBIOM GEI 1.0,GEI,High-RE,1
Full,2C,R10EUROPE,headcount_pct,Deprived headcount,POLES,POLES-JRC ENGAGE,ENGAGE,High-CDR,56
Full,2C,R10EUROPE,headcount_pct,Deprived headcount,POLES,POLES-JRC ENGAGE,ENGAGE,High-RE,8
Full,2C,R10EUROPE,headcount_pct,Deprived headcount,REMIND,REMIND 2.1,CEMICS,High-RE,5
Full,2C,R10EUROPE,headcount_pct,Deprived headcount,REMIND,REMIND 2.1,LeastTotalCost,High-RE,11
Full,2C,R10EUROPE,headcount_pct,Deprived headcount,REMIND,REMIND 2.1,R2p1,High-RE,8
Full,2C,R10EUROPE,headcount_pct,Deprived headcount,REMIND,REMIND 2.1,TechCost,High-RE,9
Full,2C,R10EUROPE,headcount_pct,Deprived headcount,REMIND,REMIND 3.0,ENGAGE,High-RE,14
Full,2C,R10EUROPE,headcount_pct,Deprived headcount,REMIND,REMIND 3.0,NAVIGATE,High-RE,7
Full,2C,R10EUROPE,headcount_pct,Deprived headcount,REMIND,REMIND-MAgPIE 1.7-3.0,CD,High-RE,5
Full,2C,R10EUROPE,headcount_pct,Deprived headcount,REMIND,REMIND-MAgPIE 1.7-3.0,COMMIT,High-RE,4
Full,2C,R10EUROPE,headcount_pct,Deprived headcount,REMIND,REMIND-MAgPIE 1.7-3.0,PEP,High-RE,5
Full,2C,R10EUROPE,headcount_pct,Deprived headcount,REMIND,REMIND-MAgPIE 2.0-4.1,Diff,High-RE,4
Full,2C,R10EUROPE,headcount_pct,Deprived headcount,REMIND,REMIND-MAgPIE 2.1-4.2,CEMICS,High-RE,3
Full,2C,R10EUROPE,headcount_pct,Deprived headcount,REMIND,REMIND-MAgPIE 2.1-4.2,ENGAGE,High-RE,59
Full,2C,R10EUROPE,headcount_pct,Deprived headcount,REMIND,REMIND-MAgPIE 2.1-4.2,NGFS Phase 2,High-RE,5
Full,2C,R10EUROPE,headcount_pct,Deprived headcount,REMIND,REMIND-MAgPIE 2.1-4.2,SusDev,High-RE,3
Full,2C,R10EUROPE,headcount_pct,Deprived headcount,REMIND,REMIND-MAgPIE 2.1-4.3,DeepElectrification,High-RE,3
Full,2C,R10EUROPE,headcount_pct,Deprived headcount,REMIND,REMIND-MAgPIE 3.2-4.6,SHAPE,High-RE,2
Full,2C,R10EUROPE,headcount_pct,Deprived headcount,REMIND,REMIND-MAgPIE 3.2.0-4.8.0,RESCUE,High-RE,5
Full,2C,R10EUROPE,headcount_pct,Deprived headcount,REMIND,REMIND-MAgPIE 3.3-4.8,NGFS Phase 5,High-RE,5
Full,2C,R10EUROPE,headcount_pct,Deprived headcount,REMIND,REMIND-Transport 2.1,Transport,High-RE,8
Full,2C,R10EUROPE,headcount_pct,Deprived headcount,WITCH,WITCH 5.0,COMMIT,High-CDR,2
Full,2C,R10EUROPE,headcount_pct,Deprived headcount,WITCH,WITCH 5.0,COMMIT,High-RE,1
Full,2C,R10EUROPE,headcount_pct,Deprived headcount,WITCH,WITCH 5.0,ENGAGE,High-RE,11
Full,2C,R10EUROPE,headcount_pct,Deprived headcount,WITCH,WITCH 5.0,NAVIGATE,High-RE,4
Full,2C,R10EUROPE,mortality_million_deaths,PM2.5 mortality,AIM,AIM/CGE V2.2,ENGAGE,High-CDR,20
Full,2C,R10EUROPE,mortality_million_deaths,PM2.5 mortality,AIM,AIM/CGE V2.2,ENGAGE,High-RE,4
Full,2C,R10EUROPE,mortality_million_deaths,PM2.5 mortality,GCAM,GCAM 6.0 NGFS,NGFS Phase 5,High-RE,4
Full,2C,R10EUROPE,mortality_million_deaths,PM2.5 mortality,GCAM,GCAM 7.0,IAM,High-CDR,3
Full,2C,R10EUROPE,mortality_million_deaths,PM2.5 mortality,IMAGE,IMAGE 3.0,ENGAGE,High-CDR,20
Full,2C,R10EUROPE,mortality_million_deaths,PM2.5 mortality,IMAGE,IMAGE 3.2,SSP2021,High-CDR,8
Full,2C,R10EUROPE,mortality_million_deaths,PM2.5 mortality,IMAGE,IMAGE 3.2,SSP2021,High-RE,2
Full,2C,R10EUROPE,mortality_million_deaths,PM2.5 mortality,IMAGE,IMAGE 3.3,NAVIGATE,High-CDR,8
Full,2C,R10EUROPE,mortality_million_deaths,PM2.5 mortality,MESSAGEix,MESSAGEix-GLOBIOM 1.1,ENGAGE,High-CDR,60
Full,2C,R10EUROPE,mortality_million_deaths,PM2.5 mortality,MESSAGEix,MESSAGEix-GLOBIOM 1.1,ENGAGE,High-RE,17
Full,2C,R10EUROPE,mortality_million_deaths,PM2.5 mortality,MESSAGEix,MESSAGEix-GLOBIOM 1.1,NGFS Phase 2,High-CDR,1
Full,2C,R10EUROPE,mortality_million_deaths,PM2.5 mortality,MESSAGEix,MESSAGEix-GLOBIOM 1.1,NGFS Phase 2,High-RE,1
Full,2C,R10EUROPE,mortality_million_deaths,PM2.5 mortality,MESSAGEix,MESSAGEix-GLOBIOM 1.2,COVID,High-CDR,5
Full,2C,R10EUROPE,mortality_million_deaths,PM2.5 mortality,MESSAGEix,MESSAGEix-GLOBIOM 2.0-M-R12-NGFS,NGFS Phase 5,High-RE,2
Full,2C,R10EUROPE,mortality_million_deaths,PM2.5 mortality,MESSAGEix,MESSAGEix-GLOBIOM GEI 1.0,GEI,High-CDR,6
Full,2C,R10EUROPE,mortality_million_deaths,PM2.5 mortality,MESSAGEix,MESSAGEix-GLOBIOM GEI 1.0,GEI,High-RE,1
Full,2C,R10EUROPE,mortality_million_deaths,PM2.5 mortality,POLES,POLES-JRC ENGAGE,ENGAGE,High-CDR,56
Full,2C,R10EUROPE,mortality_million_deaths,PM2.5 mortality,REMIND,REMIND 2.1,CEMICS,High-RE,1
Full,2C,R10EUROPE,mortality_million_deaths,PM2.5 mortality,REMIND,REMIND 2.1,LeastTotalCost,High-RE,11
Full,2C,R10EUROPE,mortality_million_deaths,PM2.5 mortality,REMIND,REMIND 2.1,R2p1,High-RE,8
Full,2C,R10EUROPE,mortality_million_deaths,PM2.5 mortality,REMIND,REMIND 2.1,TechCost,High-RE,9
Full,2C,R10EUROPE,mortality_million_deaths,PM2.5 mortality,REMIND,REMIND 3.0,NAVIGATE,High-RE,3
Full,2C,R10EUROPE,mortality_million_deaths,PM2.5 mortality,REMIND,REMIND-MAgPIE 1.7-3.0,CD,High-RE,5
Full,2C,R10EUROPE,mortality_million_deaths,PM2.5 mortality,REMIND,REMIND-MAgPIE 1.7-3.0,COMMIT,High-RE,4
Full,2C,R10EUROPE,mortality_million_deaths,PM2.5 mortality,REMIND,REMIND-MAgPIE 1.7-3.0,PEP,High-RE,5
Full,2C,R10EUROPE,mortality_million_deaths,PM2.5 mortality,REMIND,REMIND-MAgPIE 2.1-4.2,CEMICS,High-RE,1
Full,2C,R10EUROPE,mortality_million_deaths,PM2.5 mortality,REMIND,REMIND-MAgPIE 2.1-4.2,ENGAGE,High-RE,59
Full,2C,R10EUROPE,mortality_million_deaths,PM2.5 mortality,REMIND,REMIND-MAgPIE 2.1-4.2,NGFS Phase 2,High-RE,2
Full,2C,R10EUROPE,mortality_million_deaths,PM2.5 mortality,REMIND,REMIND-MAgPIE 2.1-4.2,SusDev,High-RE,3
Full,2C,R10EUROPE,mortality_million_deaths,PM2.5 mortality,REMIND,REMIND-MAgPIE 2.1-4.3,DeepElectrification,High-RE,3
Full,2C,R10EUROPE,mortality_million_deaths,PM2.5 mortality,REMIND,REMIND-MAgPIE 3.2-4.6,SHAPE,High-RE,2
Full,2C,R10EUROPE,mortality_million_deaths,PM2.5 mortality,REMIND,REMIND-MAgPIE 3.2.0-4.8.0,RESCUE,High-RE,5
Full,2C,R10EUROPE,mortality_million_deaths,PM2.5 mortality,REMIND,REMIND-MAgPIE 3.3-4.8,NGFS Phase 5,High-RE,5
Full,2C,R10EUROPE,mortality_million_deaths,PM2.5 mortality,REMIND,REMIND-Transport 2.1,Transport,High-RE,8
Full,2C,R10EUROPE,mortality_million_deaths,PM2.5 mortality,WITCH,WITCH 5.0,COMMIT,High-CDR,2
Full,2C,R10EUROPE,mortality_million_deaths,PM2.5 mortality,WITCH,WITCH 5.0,COMMIT,High-RE,1
Full,2C,R10EUROPE,mortality_million_deaths,PM2.5 mortality,WITCH,WITCH 5.0,ENGAGE,High-RE,2
Full,2C,R10EUROPE,mortality_million_deaths,PM2.5 mortality,WITCH,WITCH 5.0,NAVIGATE,High-RE,4
Full,2C,R10EUROPE,total_energy_jobyears_per_1k,Employment,AIM,AIM/CGE V2.2,ENGAGE,High-CDR,20
Full,2C,R10EUROPE,total_energy_jobyears_per_1k,Employment,AIM,AIM/CGE V2.2,ENGAGE,High-RE,11
Full,2C,R10EUROPE,total_energy_jobyears_per_1k,Employment,COFFEE,COFFEE 1.1,ENGAGE,High-RE,8
Full,2C,R10EUROPE,total_energy_jobyears_per_1k,Employment,GCAM,GCAM 6.0 NGFS,NGFS Phase 5,High-RE,4
Full,2C,R10EUROPE,total_energy_jobyears_per_1k,Employment,GCAM,GCAM 7.0,IAM,High-CDR,3
Full,2C,R10EUROPE,total_energy_jobyears_per_1k,Employment,IMAGE,IMAGE 3.0,COMMIT,High-CDR,3
Full,2C,R10EUROPE,total_energy_jobyears_per_1k,Employment,IMAGE,IMAGE 3.0,ENGAGE,High-CDR,20
Full,2C,R10EUROPE,total_energy_jobyears_per_1k,Employment,IMAGE,IMAGE 3.2,ENGAGE,High-CDR,9
Full,2C,R10EUROPE,total_energy_jobyears_per_1k,Employment,IMAGE,IMAGE 3.2,SSP2021,High-CDR,8
Full,2C,R10EUROPE,total_energy_jobyears_per_1k,Employment,IMAGE,IMAGE 3.2,SSP2021,High-RE,2
Full,2C,R10EUROPE,total_energy_jobyears_per_1k,Employment,IMAGE,IMAGE 3.3,NAVIGATE,High-CDR,8
Full,2C,R10EUROPE,total_energy_jobyears_per_1k,Employment,MESSAGEix,MESSAGEix-GLOBIOM 1.1,ENGAGE,High-CDR,62
Full,2C,R10EUROPE,total_energy_jobyears_per_1k,Employment,MESSAGEix,MESSAGEix-GLOBIOM 1.1,ENGAGE,High-RE,20
Full,2C,R10EUROPE,total_energy_jobyears_per_1k,Employment,MESSAGEix,MESSAGEix-GLOBIOM 1.1,NGFS Phase 2,High-CDR,1
Full,2C,R10EUROPE,total_energy_jobyears_per_1k,Employment,MESSAGEix,MESSAGEix-GLOBIOM 1.1,NGFS Phase 2,High-RE,1
Full,2C,R10EUROPE,total_energy_jobyears_per_1k,Employment,MESSAGEix,MESSAGEix-GLOBIOM 1.2,COVID,High-CDR,5
Full,2C,R10EUROPE,total_energy_jobyears_per_1k,Employment,MESSAGEix,MESSAGEix-GLOBIOM 2.0-M-R12-NGFS,NGFS Phase 5,High-RE,2
Full,2C,R10EUROPE,total_energy_jobyears_per_1k,Employment,MESSAGEix,MESSAGEix-GLOBIOM GEI 1.0,GEI,High-CDR,6
Full,2C,R10EUROPE,total_energy_jobyears_per_1k,Employment,MESSAGEix,MESSAGEix-GLOBIOM GEI 1.0,GEI,High-RE,1
Full,2C,R10EUROPE,total_energy_jobyears_per_1k,Employment,POLES,POLES-JRC ENGAGE,ENGAGE,High-CDR,56
Full,2C,R10EUROPE,total_energy_jobyears_per_1k,Employment,POLES,POLES-JRC ENGAGE,ENGAGE,High-RE,8
Full,2C,R10EUROPE,total_energy_jobyears_per_1k,Employment,REMIND,REMIND 2.1,CEMICS,High-RE,5
Full,2C,R10EUROPE,total_energy_jobyears_per_1k,Employment,REMIND,REMIND 2.1,LeastTotalCost,High-RE,11
Full,2C,R10EUROPE,total_energy_jobyears_per_1k,Employment,REMIND,REMIND 2.1,R2p1,High-RE,8
Full,2C,R10EUROPE,total_energy_jobyears_per_1k,Employment,REMIND,REMIND 2.1,TechCost,High-RE,9
Full,2C,R10EUROPE,total_energy_jobyears_per_1k,Employment,REMIND,REMIND 3.0,ENGAGE,High-RE,14
Full,2C,R10EUROPE,total_energy_jobyears_per_1k,Employment,REMIND,REMIND 3.0,NAVIGATE,High-RE,7
Full,2C,R10EUROPE,total_energy_jobyears_per_1k,Employment,REMIND,REMIND-MAgPIE 1.7-3.0,CD,High-RE,5
Full,2C,R10EUROPE,total_energy_jobyears_per_1k,Employment,REMIND,REMIND-MAgPIE 1.7-3.0,COMMIT,High-RE,4
Full,2C,R10EUROPE,total_energy_jobyears_per_1k,Employment,REMIND,REMIND-MAgPIE 1.7-3.0,PEP,High-RE,5
Full,2C,R10EUROPE,total_energy_jobyears_per_1k,Employment,REMIND,REMIND-MAgPIE 2.0-4.1,Diff,High-RE,4
Full,2C,R10EUROPE,total_energy_jobyears_per_1k,Employment,REMIND,REMIND-MAgPIE 2.1-4.2,CEMICS,High-RE,3
Full,2C,R10EUROPE,total_energy_jobyears_per_1k,Employment,REMIND,REMIND-MAgPIE 2.1-4.2,ENGAGE,High-RE,59
Full,2C,R10EUROPE,total_energy_jobyears_per_1k,Employment,REMIND,REMIND-MAgPIE 2.1-4.2,NGFS Phase 2,High-RE,5
Full,2C,R10EUROPE,total_energy_jobyears_per_1k,Employment,REMIND,REMIND-MAgPIE 2.1-4.2,SusDev,High-RE,3
Full,2C,R10EUROPE,total_energy_jobyears_per_1k,Employment,REMIND,REMIND-MAgPIE 2.1-4.3,DeepElectrification,High-RE,3
Full,2C,R10EUROPE,total_energy_jobyears_per_1k,Employment,REMIND,REMIND-MAgPIE 3.2-4.6,SHAPE,High-RE,2
Full,2C,R10EUROPE,total_energy_jobyears_per_1k,Employment,REMIND,REMIND-MAgPIE 3.2.0-4.8.0,RESCUE,High-RE,5
Full,2C,R10EUROPE,total_energy_jobyears_per_1k,Employment,REMIND,REMIND-MAgPIE 3.3-4.8,NGFS Phase 5,High-RE,5
Full,2C,R10EUROPE,total_energy_jobyears_per_1k,Employment,REMIND,REMIND-Transport 2.1,Transport,High-RE,8
Full,2C,R10EUROPE,total_energy_jobyears_per_1k,Employment,TIAM,TIAM-ECN 1.1,ENGAGE,High-CDR,12
Full,2C,R10EUROPE,total_energy_jobyears_per_1k,Employment,WITCH,WITCH 5.0,COMMIT,High-CDR,2
Full,2C,R10EUROPE,total_energy_jobyears_per_1k,Employment,WITCH,WITCH 5.0,COMMIT,High-RE,1
Full,2C,R10EUROPE,total_energy_jobyears_per_1k,Employment,WITCH,WITCH 5.0,ENGAGE,High-RE,11
Full,2C,R10EUROPE,total_energy_jobyears_per_1k,Employment,WITCH,WITCH 5.0,NAVIGATE,High-RE,4
Full,2C,R10INDIA+,gap_GJ_pc,DLE gap,AIM,AIM/CGE V2.2,ENGAGE,High-CDR,20
Full,2C,R10INDIA+,gap_GJ_pc,DLE gap,AIM,AIM/CGE V2.2,ENGAGE,High-RE,11
Full,2C,R10INDIA+,gap_GJ_pc,DLE gap,GCAM,GCAM 5.3,Deep,High-CDR,23
Full,2C,R10INDIA+,gap_GJ_pc,DLE gap,GCAM,GCAM 6.0 NGFS,NGFS Phase 5,High-RE,4
Full,2C,R10INDIA+,gap_GJ_pc,DLE gap,GCAM,GCAM 7.0,IAM,High-CDR,3
Full,2C,R10INDIA+,gap_GJ_pc,DLE gap,IMAGE,IMAGE 3.0,ENGAGE,High-CDR,20
Full,2C,R10INDIA+,gap_GJ_pc,DLE gap,IMAGE,IMAGE 3.2,ENGAGE,High-CDR,9
Full,2C,R10INDIA+,gap_GJ_pc,DLE gap,IMAGE,IMAGE 3.2,SSP2021,High-CDR,8
Full,2C,R10INDIA+,gap_GJ_pc,DLE gap,IMAGE,IMAGE 3.2,SSP2021,High-RE,2
Full,2C,R10INDIA+,gap_GJ_pc,DLE gap,IMAGE,IMAGE 3.3,NAVIGATE,High-CDR,8
Full,2C,R10INDIA+,gap_GJ_pc,DLE gap,MESSAGEix,MESSAGEix-GLOBIOM 1.1,ENGAGE,High-CDR,62
Full,2C,R10INDIA+,gap_GJ_pc,DLE gap,MESSAGEix,MESSAGEix-GLOBIOM 1.1,ENGAGE,High-RE,20
Full,2C,R10INDIA+,gap_GJ_pc,DLE gap,MESSAGEix,MESSAGEix-GLOBIOM 1.1,NGFS Phase 2,High-CDR,1
Full,2C,R10INDIA+,gap_GJ_pc,DLE gap,MESSAGEix,MESSAGEix-GLOBIOM 1.1,NGFS Phase 2,High-RE,1
Full,2C,R10INDIA+,gap_GJ_pc,DLE gap,MESSAGEix,MESSAGEix-GLOBIOM 1.2,COVID,High-CDR,5
Full,2C,R10INDIA+,gap_GJ_pc,DLE gap,MESSAGEix,MESSAGEix-GLOBIOM 2.0-M-R12-NGFS,NGFS Phase 5,High-RE,2
Full,2C,R10INDIA+,gap_GJ_pc,DLE gap,MESSAGEix,MESSAGEix-GLOBIOM GEI 1.0,GEI,High-CDR,6
Full,2C,R10INDIA+,gap_GJ_pc,DLE gap,MESSAGEix,MESSAGEix-GLOBIOM GEI 1.0,GEI,High-RE,1
Full,2C,R10INDIA+,gap_GJ_pc,DLE gap,POLES,POLES-JRC ENGAGE,ENGAGE,High-CDR,56
Full,2C,R10INDIA+,gap_GJ_pc,DLE gap,POLES,POLES-JRC ENGAGE,ENGAGE,High-RE,8
Full,2C,R10INDIA+,gap_GJ_pc,DLE gap,REMIND,REMIND 2.1,CEMICS,High-RE,5
Full,2C,R10INDIA+,gap_GJ_pc,DLE gap,REMIND,REMIND 2.1,LeastTotalCost,High-RE,11
Full,2C,R10INDIA+,gap_GJ_pc,DLE gap,REMIND,REMIND 2.1,R2p1,High-RE,8
Full,2C,R10INDIA+,gap_GJ_pc,DLE gap,REMIND,REMIND 2.1,TechCost,High-RE,9
Full,2C,R10INDIA+,gap_GJ_pc,DLE gap,REMIND,REMIND 3.0,ENGAGE,High-RE,14
Full,2C,R10INDIA+,gap_GJ_pc,DLE gap,REMIND,REMIND 3.0,NAVIGATE,High-RE,7
Full,2C,R10INDIA+,gap_GJ_pc,DLE gap,REMIND,REMIND-MAgPIE 1.7-3.0,CD,High-RE,5
Full,2C,R10INDIA+,gap_GJ_pc,DLE gap,REMIND,REMIND-MAgPIE 1.7-3.0,COMMIT,High-RE,4
Full,2C,R10INDIA+,gap_GJ_pc,DLE gap,REMIND,REMIND-MAgPIE 1.7-3.0,PEP,High-RE,5
Full,2C,R10INDIA+,gap_GJ_pc,DLE gap,REMIND,REMIND-MAgPIE 2.0-4.1,Diff,High-RE,4
Full,2C,R10INDIA+,gap_GJ_pc,DLE gap,REMIND,REMIND-MAgPIE 2.1-4.2,CEMICS,High-RE,3
Full,2C,R10INDIA+,gap_GJ_pc,DLE gap,REMIND,REMIND-MAgPIE 2.1-4.2,ENGAGE,High-RE,59
Full,2C,R10INDIA+,gap_GJ_pc,DLE gap,REMIND,REMIND-MAgPIE 2.1-4.2,NGFS Phase 2,High-RE,5
Full,2C,R10INDIA+,gap_GJ_pc,DLE gap,REMIND,REMIND-MAgPIE 2.1-4.2,SusDev,High-RE,3
Full,2C,R10INDIA+,gap_GJ_pc,DLE gap,REMIND,REMIND-MAgPIE 2.1-4.3,DeepElectrification,High-RE,3
Full,2C,R10INDIA+,gap_GJ_pc,DLE gap,REMIND,REMIND-MAgPIE 3.2-4.6,SHAPE,High-RE,2
Full,2C,R10INDIA+,gap_GJ_pc,DLE gap,REMIND,REMIND-MAgPIE 3.2.0-4.8.0,RESCUE,High-RE,5
Full,2C,R10INDIA+,gap_GJ_pc,DLE gap,REMIND,REMIND-MAgPIE 3.3-4.8,NGFS Phase 5,High-RE,5
Full,2C,R10INDIA+,gap_GJ_pc,DLE gap,REMIND,REMIND-Transport 2.1,Transport,High-RE,8
Full,2C,R10INDIA+,gap_GJ_pc,DLE gap,WITCH,WITCH 5.0,COMMIT,High-CDR,2
Full,2C,R10INDIA+,gap_GJ_pc,DLE gap,WITCH,WITCH 5.0,COMMIT,High-RE,1
Full,2C,R10INDIA+,gap_GJ_pc,DLE gap,WITCH,WITCH 5.0,ENGAGE,High-RE,11
Full,2C,R10INDIA+,gap_GJ_pc,DLE gap,WITCH,WITCH 5.0,NAVIGATE,High-RE,4
Full,2C,R10INDIA+,headcount_pct,Deprived headcount,AIM,AIM/CGE V2.2,ENGAGE,High-CDR,20
Full,2C,R10INDIA+,headcount_pct,Deprived headcount,AIM,AIM/CGE V2.2,ENGAGE,High-RE,11
Full,2C,R10INDIA+,headcount_pct,Deprived headcount,GCAM,GCAM 5.3,Deep,High-CDR,23
Full,2C,R10INDIA+,headcount_pct,Deprived headcount,GCAM,GCAM 6.0 NGFS,NGFS Phase 5,High-RE,4
Full,2C,R10INDIA+,headcount_pct,Deprived headcount,GCAM,GCAM 7.0,IAM,High-CDR,3
Full,2C,R10INDIA+,headcount_pct,Deprived headcount,IMAGE,IMAGE 3.0,ENGAGE,High-CDR,20
Full,2C,R10INDIA+,headcount_pct,Deprived headcount,IMAGE,IMAGE 3.2,ENGAGE,High-CDR,9
Full,2C,R10INDIA+,headcount_pct,Deprived headcount,IMAGE,IMAGE 3.2,SSP2021,High-CDR,8
Full,2C,R10INDIA+,headcount_pct,Deprived headcount,IMAGE,IMAGE 3.2,SSP2021,High-RE,2
Full,2C,R10INDIA+,headcount_pct,Deprived headcount,IMAGE,IMAGE 3.3,NAVIGATE,High-CDR,8
Full,2C,R10INDIA+,headcount_pct,Deprived headcount,MESSAGEix,MESSAGEix-GLOBIOM 1.1,ENGAGE,High-CDR,62
Full,2C,R10INDIA+,headcount_pct,Deprived headcount,MESSAGEix,MESSAGEix-GLOBIOM 1.1,ENGAGE,High-RE,20
Full,2C,R10INDIA+,headcount_pct,Deprived headcount,MESSAGEix,MESSAGEix-GLOBIOM 1.1,NGFS Phase 2,High-CDR,1
Full,2C,R10INDIA+,headcount_pct,Deprived headcount,MESSAGEix,MESSAGEix-GLOBIOM 1.1,NGFS Phase 2,High-RE,1
Full,2C,R10INDIA+,headcount_pct,Deprived headcount,MESSAGEix,MESSAGEix-GLOBIOM 1.2,COVID,High-CDR,5
Full,2C,R10INDIA+,headcount_pct,Deprived headcount,MESSAGEix,MESSAGEix-GLOBIOM 2.0-M-R12-NGFS,NGFS Phase 5,High-RE,2
Full,2C,R10INDIA+,headcount_pct,Deprived headcount,MESSAGEix,MESSAGEix-GLOBIOM GEI 1.0,GEI,High-CDR,6
Full,2C,R10INDIA+,headcount_pct,Deprived headcount,MESSAGEix,MESSAGEix-GLOBIOM GEI 1.0,GEI,High-RE,1
Full,2C,R10INDIA+,headcount_pct,Deprived headcount,POLES,POLES-JRC ENGAGE,ENGAGE,High-CDR,56
Full,2C,R10INDIA+,headcount_pct,Deprived headcount,POLES,POLES-JRC ENGAGE,ENGAGE,High-RE,8
Full,2C,R10INDIA+,headcount_pct,Deprived headcount,REMIND,REMIND 2.1,CEMICS,High-RE,5
Full,2C,R10INDIA+,headcount_pct,Deprived headcount,REMIND,REMIND 2.1,LeastTotalCost,High-RE,11
Full,2C,R10INDIA+,headcount_pct,Deprived headcount,REMIND,REMIND 2.1,R2p1,High-RE,8
Full,2C,R10INDIA+,headcount_pct,Deprived headcount,REMIND,REMIND 2.1,TechCost,High-RE,9
Full,2C,R10INDIA+,headcount_pct,Deprived headcount,REMIND,REMIND 3.0,ENGAGE,High-RE,14
Full,2C,R10INDIA+,headcount_pct,Deprived headcount,REMIND,REMIND 3.0,NAVIGATE,High-RE,7
Full,2C,R10INDIA+,headcount_pct,Deprived headcount,REMIND,REMIND-MAgPIE 1.7-3.0,CD,High-RE,5
Full,2C,R10INDIA+,headcount_pct,Deprived headcount,REMIND,REMIND-MAgPIE 1.7-3.0,COMMIT,High-RE,4
Full,2C,R10INDIA+,headcount_pct,Deprived headcount,REMIND,REMIND-MAgPIE 1.7-3.0,PEP,High-RE,5
Full,2C,R10INDIA+,headcount_pct,Deprived headcount,REMIND,REMIND-MAgPIE 2.0-4.1,Diff,High-RE,4
Full,2C,R10INDIA+,headcount_pct,Deprived headcount,REMIND,REMIND-MAgPIE 2.1-4.2,CEMICS,High-RE,3
Full,2C,R10INDIA+,headcount_pct,Deprived headcount,REMIND,REMIND-MAgPIE 2.1-4.2,ENGAGE,High-RE,59
Full,2C,R10INDIA+,headcount_pct,Deprived headcount,REMIND,REMIND-MAgPIE 2.1-4.2,NGFS Phase 2,High-RE,5
Full,2C,R10INDIA+,headcount_pct,Deprived headcount,REMIND,REMIND-MAgPIE 2.1-4.2,SusDev,High-RE,3
Full,2C,R10INDIA+,headcount_pct,Deprived headcount,REMIND,REMIND-MAgPIE 2.1-4.3,DeepElectrification,High-RE,3
Full,2C,R10INDIA+,headcount_pct,Deprived headcount,REMIND,REMIND-MAgPIE 3.2-4.6,SHAPE,High-RE,2
Full,2C,R10INDIA+,headcount_pct,Deprived headcount,REMIND,REMIND-MAgPIE 3.2.0-4.8.0,RESCUE,High-RE,5
Full,2C,R10INDIA+,headcount_pct,Deprived headcount,REMIND,REMIND-MAgPIE 3.3-4.8,NGFS Phase 5,High-RE,5
Full,2C,R10INDIA+,headcount_pct,Deprived headcount,REMIND,REMIND-Transport 2.1,Transport,High-RE,8
Full,2C,R10INDIA+,headcount_pct,Deprived headcount,WITCH,WITCH 5.0,COMMIT,High-CDR,2
Full,2C,R10INDIA+,headcount_pct,Deprived headcount,WITCH,WITCH 5.0,COMMIT,High-RE,1
Full,2C,R10INDIA+,headcount_pct,Deprived headcount,WITCH,WITCH 5.0,ENGAGE,High-RE,11
Full,2C,R10INDIA+,headcount_pct,Deprived headcount,WITCH,WITCH 5.0,NAVIGATE,High-RE,4
Full,2C,R10INDIA+,mortality_million_deaths,PM2.5 mortality,AIM,AIM/CGE V2.2,ENGAGE,High-CDR,20
Full,2C,R10INDIA+,mortality_million_deaths,PM2.5 mortality,AIM,AIM/CGE V2.2,ENGAGE,High-RE,4
Full,2C,R10INDIA+,mortality_million_deaths,PM2.5 mortality,GCAM,GCAM 6.0 NGFS,NGFS Phase 5,High-RE,4
Full,2C,R10INDIA+,mortality_million_deaths,PM2.5 mortality,GCAM,GCAM 7.0,IAM,High-CDR,3
Full,2C,R10INDIA+,mortality_million_deaths,PM2.5 mortality,IMAGE,IMAGE 3.0,ENGAGE,High-CDR,20
Full,2C,R10INDIA+,mortality_million_deaths,PM2.5 mortality,IMAGE,IMAGE 3.2,SSP2021,High-CDR,8
Full,2C,R10INDIA+,mortality_million_deaths,PM2.5 mortality,IMAGE,IMAGE 3.2,SSP2021,High-RE,2
Full,2C,R10INDIA+,mortality_million_deaths,PM2.5 mortality,IMAGE,IMAGE 3.3,NAVIGATE,High-CDR,8
Full,2C,R10INDIA+,mortality_million_deaths,PM2.5 mortality,MESSAGEix,MESSAGEix-GLOBIOM 1.1,ENGAGE,High-CDR,60
Full,2C,R10INDIA+,mortality_million_deaths,PM2.5 mortality,MESSAGEix,MESSAGEix-GLOBIOM 1.1,ENGAGE,High-RE,17
Full,2C,R10INDIA+,mortality_million_deaths,PM2.5 mortality,MESSAGEix,MESSAGEix-GLOBIOM 1.1,NGFS Phase 2,High-CDR,1
Full,2C,R10INDIA+,mortality_million_deaths,PM2.5 mortality,MESSAGEix,MESSAGEix-GLOBIOM 1.1,NGFS Phase 2,High-RE,1
Full,2C,R10INDIA+,mortality_million_deaths,PM2.5 mortality,MESSAGEix,MESSAGEix-GLOBIOM 1.2,COVID,High-CDR,5
Full,2C,R10INDIA+,mortality_million_deaths,PM2.5 mortality,MESSAGEix,MESSAGEix-GLOBIOM 2.0-M-R12-NGFS,NGFS Phase 5,High-RE,2
Full,2C,R10INDIA+,mortality_million_deaths,PM2.5 mortality,MESSAGEix,MESSAGEix-GLOBIOM GEI 1.0,GEI,High-CDR,6
Full,2C,R10INDIA+,mortality_million_deaths,PM2.5 mortality,MESSAGEix,MESSAGEix-GLOBIOM GEI 1.0,GEI,High-RE,1
Full,2C,R10INDIA+,mortality_million_deaths,PM2.5 mortality,POLES,POLES-JRC ENGAGE,ENGAGE,High-CDR,56
Full,2C,R10INDIA+,mortality_million_deaths,PM2.5 mortality,REMIND,REMIND 2.1,CEMICS,High-RE,1
Full,2C,R10INDIA+,mortality_million_deaths,PM2.5 mortality,REMIND,REMIND 2.1,LeastTotalCost,High-RE,11
Full,2C,R10INDIA+,mortality_million_deaths,PM2.5 mortality,REMIND,REMIND 2.1,R2p1,High-RE,8
Full,2C,R10INDIA+,mortality_million_deaths,PM2.5 mortality,REMIND,REMIND 2.1,TechCost,High-RE,9
Full,2C,R10INDIA+,mortality_million_deaths,PM2.5 mortality,REMIND,REMIND 3.0,NAVIGATE,High-RE,3
Full,2C,R10INDIA+,mortality_million_deaths,PM2.5 mortality,REMIND,REMIND-MAgPIE 1.7-3.0,CD,High-RE,5
Full,2C,R10INDIA+,mortality_million_deaths,PM2.5 mortality,REMIND,REMIND-MAgPIE 1.7-3.0,COMMIT,High-RE,4
Full,2C,R10INDIA+,mortality_million_deaths,PM2.5 mortality,REMIND,REMIND-MAgPIE 1.7-3.0,PEP,High-RE,5
Full,2C,R10INDIA+,mortality_million_deaths,PM2.5 mortality,REMIND,REMIND-MAgPIE 2.1-4.2,CEMICS,High-RE,1
Full,2C,R10INDIA+,mortality_million_deaths,PM2.5 mortality,REMIND,REMIND-MAgPIE 2.1-4.2,ENGAGE,High-RE,59
Full,2C,R10INDIA+,mortality_million_deaths,PM2.5 mortality,REMIND,REMIND-MAgPIE 2.1-4.2,NGFS Phase 2,High-RE,2
Full,2C,R10INDIA+,mortality_million_deaths,PM2.5 mortality,REMIND,REMIND-MAgPIE 2.1-4.2,SusDev,High-RE,3
Full,2C,R10INDIA+,mortality_million_deaths,PM2.5 mortality,REMIND,REMIND-MAgPIE 2.1-4.3,DeepElectrification,High-RE,3
Full,2C,R10INDIA+,mortality_million_deaths,PM2.5 mortality,REMIND,REMIND-MAgPIE 3.2-4.6,SHAPE,High-RE,2
Full,2C,R10INDIA+,mortality_million_deaths,PM2.5 mortality,REMIND,REMIND-MAgPIE 3.2.0-4.8.0,RESCUE,High-RE,5
Full,2C,R10INDIA+,mortality_million_deaths,PM2.5 mortality,REMIND,REMIND-MAgPIE 3.3-4.8,NGFS Phase 5,High-RE,5
Full,2C,R10INDIA+,mortality_million_deaths,PM2.5 mortality,REMIND,REMIND-Transport 2.1,Transport,High-RE,8
Full,2C,R10INDIA+,mortality_million_deaths,PM2.5 mortality,WITCH,WITCH 5.0,COMMIT,High-CDR,2
Full,2C,R10INDIA+,mortality_million_deaths,PM2.5 mortality,WITCH,WITCH 5.0,COMMIT,High-RE,1
Full,2C,R10INDIA+,mortality_million_deaths,PM2.5 mortality,WITCH,WITCH 5.0,ENGAGE,High-RE,2
Full,2C,R10INDIA+,mortality_million_deaths,PM2.5 mortality,WITCH,WITCH 5.0,NAVIGATE,High-RE,4
Full,2C,R10INDIA+,total_energy_jobyears_per_1k,Employment,AIM,AIM/CGE V2.2,ENGAGE,High-CDR,20
Full,2C,R10INDIA+,total_energy_jobyears_per_1k,Employment,AIM,AIM/CGE V2.2,ENGAGE,High-RE,11
Full,2C,R10INDIA+,total_energy_jobyears_per_1k,Employment,COFFEE,COFFEE 1.1,ENGAGE,High-RE,8
Full,2C,R10INDIA+,total_energy_jobyears_per_1k,Employment,GCAM,GCAM 6.0 NGFS,NGFS Phase 5,High-RE,4
Full,2C,R10INDIA+,total_energy_jobyears_per_1k,Employment,GCAM,GCAM 7.0,IAM,High-CDR,3
Full,2C,R10INDIA+,total_energy_jobyears_per_1k,Employment,IMAGE,IMAGE 3.0,ENGAGE,High-CDR,20
Full,2C,R10INDIA+,total_energy_jobyears_per_1k,Employment,IMAGE,IMAGE 3.2,ENGAGE,High-CDR,9
Full,2C,R10INDIA+,total_energy_jobyears_per_1k,Employment,IMAGE,IMAGE 3.2,SSP2021,High-CDR,8
Full,2C,R10INDIA+,total_energy_jobyears_per_1k,Employment,IMAGE,IMAGE 3.2,SSP2021,High-RE,2
Full,2C,R10INDIA+,total_energy_jobyears_per_1k,Employment,IMAGE,IMAGE 3.3,NAVIGATE,High-CDR,8
Full,2C,R10INDIA+,total_energy_jobyears_per_1k,Employment,MESSAGEix,MESSAGEix-GLOBIOM 1.1,ENGAGE,High-CDR,62
Full,2C,R10INDIA+,total_energy_jobyears_per_1k,Employment,MESSAGEix,MESSAGEix-GLOBIOM 1.1,ENGAGE,High-RE,20
Full,2C,R10INDIA+,total_energy_jobyears_per_1k,Employment,MESSAGEix,MESSAGEix-GLOBIOM 1.1,NGFS Phase 2,High-CDR,1
Full,2C,R10INDIA+,total_energy_jobyears_per_1k,Employment,MESSAGEix,MESSAGEix-GLOBIOM 1.1,NGFS Phase 2,High-RE,1
Full,2C,R10INDIA+,total_energy_jobyears_per_1k,Employment,MESSAGEix,MESSAGEix-GLOBIOM 1.2,COVID,High-CDR,5
Full,2C,R10INDIA+,total_energy_jobyears_per_1k,Employment,MESSAGEix,MESSAGEix-GLOBIOM 2.0-M-R12-NGFS,NGFS Phase 5,High-RE,2
Full,2C,R10INDIA+,total_energy_jobyears_per_1k,Employment,MESSAGEix,MESSAGEix-GLOBIOM GEI 1.0,GEI,High-CDR,6
Full,2C,R10INDIA+,total_energy_jobyears_per_1k,Employment,MESSAGEix,MESSAGEix-GLOBIOM GEI 1.0,GEI,High-RE,1
Full,2C,R10INDIA+,total_energy_jobyears_per_1k,Employment,POLES,POLES-JRC ENGAGE,ENGAGE,High-CDR,56
Full,2C,R10INDIA+,total_energy_jobyears_per_1k,Employment,POLES,POLES-JRC ENGAGE,ENGAGE,High-RE,8
Full,2C,R10INDIA+,total_energy_jobyears_per_1k,Employment,REMIND,REMIND 2.1,CEMICS,High-RE,5
Full,2C,R10INDIA+,total_energy_jobyears_per_1k,Employment,REMIND,REMIND 2.1,LeastTotalCost,High-RE,11
Full,2C,R10INDIA+,total_energy_jobyears_per_1k,Employment,REMIND,REMIND 2.1,R2p1,High-RE,8
Full,2C,R10INDIA+,total_energy_jobyears_per_1k,Employment,REMIND,REMIND 2.1,TechCost,High-RE,9
Full,2C,R10INDIA+,total_energy_jobyears_per_1k,Employment,REMIND,REMIND 3.0,ENGAGE,High-RE,14
Full,2C,R10INDIA+,total_energy_jobyears_per_1k,Employment,REMIND,REMIND 3.0,NAVIGATE,High-RE,7
Full,2C,R10INDIA+,total_energy_jobyears_per_1k,Employment,REMIND,REMIND-MAgPIE 1.7-3.0,CD,High-RE,5
Full,2C,R10INDIA+,total_energy_jobyears_per_1k,Employment,REMIND,REMIND-MAgPIE 1.7-3.0,COMMIT,High-RE,4
Full,2C,R10INDIA+,total_energy_jobyears_per_1k,Employment,REMIND,REMIND-MAgPIE 1.7-3.0,PEP,High-RE,5
Full,2C,R10INDIA+,total_energy_jobyears_per_1k,Employment,REMIND,REMIND-MAgPIE 2.0-4.1,Diff,High-RE,4
Full,2C,R10INDIA+,total_energy_jobyears_per_1k,Employment,REMIND,REMIND-MAgPIE 2.1-4.2,CEMICS,High-RE,3
Full,2C,R10INDIA+,total_energy_jobyears_per_1k,Employment,REMIND,REMIND-MAgPIE 2.1-4.2,ENGAGE,High-RE,59
Full,2C,R10INDIA+,total_energy_jobyears_per_1k,Employment,REMIND,REMIND-MAgPIE 2.1-4.2,NGFS Phase 2,High-RE,5
Full,2C,R10INDIA+,total_energy_jobyears_per_1k,Employment,REMIND,REMIND-MAgPIE 2.1-4.2,SusDev,High-RE,3
Full,2C,R10INDIA+,total_energy_jobyears_per_1k,Employment,REMIND,REMIND-MAgPIE 2.1-4.3,DeepElectrification,High-RE,3
Full,2C,R10INDIA+,total_energy_jobyears_per_1k,Employment,REMIND,REMIND-MAgPIE 3.2-4.6,SHAPE,High-RE,2
Full,2C,R10INDIA+,total_energy_jobyears_per_1k,Employment,REMIND,REMIND-MAgPIE 3.2.0-4.8.0,RESCUE,High-RE,5
Full,2C,R10INDIA+,total_energy_jobyears_per_1k,Employment,REMIND,REMIND-MAgPIE 3.3-4.8,NGFS Phase 5,High-RE,5
Full,2C,R10INDIA+,total_energy_jobyears_per_1k,Employment,REMIND,REMIND-Transport 2.1,Transport,High-RE,8
Full,2C,R10INDIA+,total_energy_jobyears_per_1k,Employment,TIAM,TIAM-ECN 1.1,ENGAGE,High-CDR,12
Full,2C,R10INDIA+,total_energy_jobyears_per_1k,Employment,WITCH,WITCH 5.0,COMMIT,High-CDR,2
Full,2C,R10INDIA+,total_energy_jobyears_per_1k,Employment,WITCH,WITCH 5.0,COMMIT,High-RE,1
Full,2C,R10INDIA+,total_energy_jobyears_per_1k,Employment,WITCH,WITCH 5.0,ENGAGE,High-RE,11
Full,2C,R10INDIA+,total_energy_jobyears_per_1k,Employment,WITCH,WITCH 5.0,NAVIGATE,High-RE,4
Full,2C,R10LATIN_AM,gap_GJ_pc,DLE gap,AIM,AIM/CGE V2.2,ENGAGE,High-CDR,20
Full,2C,R10LATIN_AM,gap_GJ_pc,DLE gap,AIM,AIM/CGE V2.2,ENGAGE,High-RE,11
Full,2C,R10LATIN_AM,gap_GJ_pc,DLE gap,GCAM,GCAM 5.3,Deep,High-CDR,23
Full,2C,R10LATIN_AM,gap_GJ_pc,DLE gap,GCAM,GCAM 6.0 NGFS,NGFS Phase 5,High-RE,4
Full,2C,R10LATIN_AM,gap_GJ_pc,DLE gap,GCAM,GCAM 7.0,IAM,High-CDR,3
Full,2C,R10LATIN_AM,gap_GJ_pc,DLE gap,IMAGE,IMAGE 3.0,COMMIT,High-CDR,3
Full,2C,R10LATIN_AM,gap_GJ_pc,DLE gap,IMAGE,IMAGE 3.0,ENGAGE,High-CDR,20
Full,2C,R10LATIN_AM,gap_GJ_pc,DLE gap,IMAGE,IMAGE 3.2,ENGAGE,High-CDR,9
Full,2C,R10LATIN_AM,gap_GJ_pc,DLE gap,IMAGE,IMAGE 3.2,SSP2021,High-CDR,8
Full,2C,R10LATIN_AM,gap_GJ_pc,DLE gap,IMAGE,IMAGE 3.2,SSP2021,High-RE,2
Full,2C,R10LATIN_AM,gap_GJ_pc,DLE gap,IMAGE,IMAGE 3.3,NAVIGATE,High-CDR,8
Full,2C,R10LATIN_AM,gap_GJ_pc,DLE gap,MESSAGEix,MESSAGEix-GLOBIOM 1.1,ENGAGE,High-CDR,62
Full,2C,R10LATIN_AM,gap_GJ_pc,DLE gap,MESSAGEix,MESSAGEix-GLOBIOM 1.1,ENGAGE,High-RE,20
Full,2C,R10LATIN_AM,gap_GJ_pc,DLE gap,MESSAGEix,MESSAGEix-GLOBIOM 1.1,NGFS Phase 2,High-CDR,1
Full,2C,R10LATIN_AM,gap_GJ_pc,DLE gap,MESSAGEix,MESSAGEix-GLOBIOM 1.1,NGFS Phase 2,High-RE,1
Full,2C,R10LATIN_AM,gap_GJ_pc,DLE gap,MESSAGEix,MESSAGEix-GLOBIOM 1.2,COVID,High-CDR,5
Full,2C,R10LATIN_AM,gap_GJ_pc,DLE gap,MESSAGEix,MESSAGEix-GLOBIOM 2.0-M-R12-NGFS,NGFS Phase 5,High-RE,2
Full,2C,R10LATIN_AM,gap_GJ_pc,DLE gap,MESSAGEix,MESSAGEix-GLOBIOM GEI 1.0,GEI,High-CDR,6
Full,2C,R10LATIN_AM,gap_GJ_pc,DLE gap,MESSAGEix,MESSAGEix-GLOBIOM GEI 1.0,GEI,High-RE,1
Full,2C,R10LATIN_AM,gap_GJ_pc,DLE gap,POLES,POLES-JRC ENGAGE,ENGAGE,High-CDR,56
Full,2C,R10LATIN_AM,gap_GJ_pc,DLE gap,POLES,POLES-JRC ENGAGE,ENGAGE,High-RE,8
Full,2C,R10LATIN_AM,gap_GJ_pc,DLE gap,REMIND,REMIND 2.1,CEMICS,High-RE,5
Full,2C,R10LATIN_AM,gap_GJ_pc,DLE gap,REMIND,REMIND 2.1,LeastTotalCost,High-RE,11
Full,2C,R10LATIN_AM,gap_GJ_pc,DLE gap,REMIND,REMIND 2.1,R2p1,High-RE,8
Full,2C,R10LATIN_AM,gap_GJ_pc,DLE gap,REMIND,REMIND 2.1,TechCost,High-RE,9
Full,2C,R10LATIN_AM,gap_GJ_pc,DLE gap,REMIND,REMIND 3.0,ENGAGE,High-RE,14
Full,2C,R10LATIN_AM,gap_GJ_pc,DLE gap,REMIND,REMIND 3.0,NAVIGATE,High-RE,7
Full,2C,R10LATIN_AM,gap_GJ_pc,DLE gap,REMIND,REMIND-MAgPIE 1.7-3.0,CD,High-RE,5
Full,2C,R10LATIN_AM,gap_GJ_pc,DLE gap,REMIND,REMIND-MAgPIE 1.7-3.0,COMMIT,High-RE,4
Full,2C,R10LATIN_AM,gap_GJ_pc,DLE gap,REMIND,REMIND-MAgPIE 1.7-3.0,PEP,High-RE,5
Full,2C,R10LATIN_AM,gap_GJ_pc,DLE gap,REMIND,REMIND-MAgPIE 2.0-4.1,Diff,High-RE,4
Full,2C,R10LATIN_AM,gap_GJ_pc,DLE gap,REMIND,REMIND-MAgPIE 2.1-4.2,CEMICS,High-RE,3
Full,2C,R10LATIN_AM,gap_GJ_pc,DLE gap,REMIND,REMIND-MAgPIE 2.1-4.2,ENGAGE,High-RE,59
Full,2C,R10LATIN_AM,gap_GJ_pc,DLE gap,REMIND,REMIND-MAgPIE 2.1-4.2,NGFS Phase 2,High-RE,5
Full,2C,R10LATIN_AM,gap_GJ_pc,DLE gap,REMIND,REMIND-MAgPIE 2.1-4.2,SusDev,High-RE,3
Full,2C,R10LATIN_AM,gap_GJ_pc,DLE gap,REMIND,REMIND-MAgPIE 2.1-4.3,DeepElectrification,High-RE,3
Full,2C,R10LATIN_AM,gap_GJ_pc,DLE gap,REMIND,REMIND-MAgPIE 3.2-4.6,SHAPE,High-RE,2
Full,2C,R10LATIN_AM,gap_GJ_pc,DLE gap,REMIND,REMIND-MAgPIE 3.2.0-4.8.0,RESCUE,High-RE,5
Full,2C,R10LATIN_AM,gap_GJ_pc,DLE gap,REMIND,REMIND-MAgPIE 3.3-4.8,NGFS Phase 5,High-RE,5
Full,2C,R10LATIN_AM,gap_GJ_pc,DLE gap,REMIND,REMIND-Transport 2.1,Transport,High-RE,8
Full,2C,R10LATIN_AM,gap_GJ_pc,DLE gap,WITCH,WITCH 5.0,COMMIT,High-CDR,2
Full,2C,R10LATIN_AM,gap_GJ_pc,DLE gap,WITCH,WITCH 5.0,COMMIT,High-RE,1
Full,2C,R10LATIN_AM,gap_GJ_pc,DLE gap,WITCH,WITCH 5.0,ENGAGE,High-RE,11
Full,2C,R10LATIN_AM,gap_GJ_pc,DLE gap,WITCH,WITCH 5.0,NAVIGATE,High-RE,4
Full,2C,R10LATIN_AM,headcount_pct,Deprived headcount,AIM,AIM/CGE V2.2,ENGAGE,High-CDR,20
Full,2C,R10LATIN_AM,headcount_pct,Deprived headcount,AIM,AIM/CGE V2.2,ENGAGE,High-RE,11
Full,2C,R10LATIN_AM,headcount_pct,Deprived headcount,GCAM,GCAM 5.3,Deep,High-CDR,23
Full,2C,R10LATIN_AM,headcount_pct,Deprived headcount,GCAM,GCAM 6.0 NGFS,NGFS Phase 5,High-RE,4
Full,2C,R10LATIN_AM,headcount_pct,Deprived headcount,GCAM,GCAM 7.0,IAM,High-CDR,3
Full,2C,R10LATIN_AM,headcount_pct,Deprived headcount,IMAGE,IMAGE 3.0,COMMIT,High-CDR,3
Full,2C,R10LATIN_AM,headcount_pct,Deprived headcount,IMAGE,IMAGE 3.0,ENGAGE,High-CDR,20
Full,2C,R10LATIN_AM,headcount_pct,Deprived headcount,IMAGE,IMAGE 3.2,ENGAGE,High-CDR,9
Full,2C,R10LATIN_AM,headcount_pct,Deprived headcount,IMAGE,IMAGE 3.2,SSP2021,High-CDR,8
Full,2C,R10LATIN_AM,headcount_pct,Deprived headcount,IMAGE,IMAGE 3.2,SSP2021,High-RE,2
Full,2C,R10LATIN_AM,headcount_pct,Deprived headcount,IMAGE,IMAGE 3.3,NAVIGATE,High-CDR,8
Full,2C,R10LATIN_AM,headcount_pct,Deprived headcount,MESSAGEix,MESSAGEix-GLOBIOM 1.1,ENGAGE,High-CDR,62
Full,2C,R10LATIN_AM,headcount_pct,Deprived headcount,MESSAGEix,MESSAGEix-GLOBIOM 1.1,ENGAGE,High-RE,20
Full,2C,R10LATIN_AM,headcount_pct,Deprived headcount,MESSAGEix,MESSAGEix-GLOBIOM 1.1,NGFS Phase 2,High-CDR,1
Full,2C,R10LATIN_AM,headcount_pct,Deprived headcount,MESSAGEix,MESSAGEix-GLOBIOM 1.1,NGFS Phase 2,High-RE,1
Full,2C,R10LATIN_AM,headcount_pct,Deprived headcount,MESSAGEix,MESSAGEix-GLOBIOM 1.2,COVID,High-CDR,5
Full,2C,R10LATIN_AM,headcount_pct,Deprived headcount,MESSAGEix,MESSAGEix-GLOBIOM 2.0-M-R12-NGFS,NGFS Phase 5,High-RE,2
Full,2C,R10LATIN_AM,headcount_pct,Deprived headcount,MESSAGEix,MESSAGEix-GLOBIOM GEI 1.0,GEI,High-CDR,6
Full,2C,R10LATIN_AM,headcount_pct,Deprived headcount,MESSAGEix,MESSAGEix-GLOBIOM GEI 1.0,GEI,High-RE,1
Full,2C,R10LATIN_AM,headcount_pct,Deprived headcount,POLES,POLES-JRC ENGAGE,ENGAGE,High-CDR,56
Full,2C,R10LATIN_AM,headcount_pct,Deprived headcount,POLES,POLES-JRC ENGAGE,ENGAGE,High-RE,8
Full,2C,R10LATIN_AM,headcount_pct,Deprived headcount,REMIND,REMIND 2.1,CEMICS,High-RE,5
Full,2C,R10LATIN_AM,headcount_pct,Deprived headcount,REMIND,REMIND 2.1,LeastTotalCost,High-RE,11
Full,2C,R10LATIN_AM,headcount_pct,Deprived headcount,REMIND,REMIND 2.1,R2p1,High-RE,8
Full,2C,R10LATIN_AM,headcount_pct,Deprived headcount,REMIND,REMIND 2.1,TechCost,High-RE,9
Full,2C,R10LATIN_AM,headcount_pct,Deprived headcount,REMIND,REMIND 3.0,ENGAGE,High-RE,14
Full,2C,R10LATIN_AM,headcount_pct,Deprived headcount,REMIND,REMIND 3.0,NAVIGATE,High-RE,7
Full,2C,R10LATIN_AM,headcount_pct,Deprived headcount,REMIND,REMIND-MAgPIE 1.7-3.0,CD,High-RE,5
Full,2C,R10LATIN_AM,headcount_pct,Deprived headcount,REMIND,REMIND-MAgPIE 1.7-3.0,COMMIT,High-RE,4
Full,2C,R10LATIN_AM,headcount_pct,Deprived headcount,REMIND,REMIND-MAgPIE 1.7-3.0,PEP,High-RE,5
Full,2C,R10LATIN_AM,headcount_pct,Deprived headcount,REMIND,REMIND-MAgPIE 2.0-4.1,Diff,High-RE,4
Full,2C,R10LATIN_AM,headcount_pct,Deprived headcount,REMIND,REMIND-MAgPIE 2.1-4.2,CEMICS,High-RE,3
Full,2C,R10LATIN_AM,headcount_pct,Deprived headcount,REMIND,REMIND-MAgPIE 2.1-4.2,ENGAGE,High-RE,59
Full,2C,R10LATIN_AM,headcount_pct,Deprived headcount,REMIND,REMIND-MAgPIE 2.1-4.2,NGFS Phase 2,High-RE,5
Full,2C,R10LATIN_AM,headcount_pct,Deprived headcount,REMIND,REMIND-MAgPIE 2.1-4.2,SusDev,High-RE,3
Full,2C,R10LATIN_AM,headcount_pct,Deprived headcount,REMIND,REMIND-MAgPIE 2.1-4.3,DeepElectrification,High-RE,3
Full,2C,R10LATIN_AM,headcount_pct,Deprived headcount,REMIND,REMIND-MAgPIE 3.2-4.6,SHAPE,High-RE,2
Full,2C,R10LATIN_AM,headcount_pct,Deprived headcount,REMIND,REMIND-MAgPIE 3.2.0-4.8.0,RESCUE,High-RE,5
Full,2C,R10LATIN_AM,headcount_pct,Deprived headcount,REMIND,REMIND-MAgPIE 3.3-4.8,NGFS Phase 5,High-RE,5
Full,2C,R10LATIN_AM,headcount_pct,Deprived headcount,REMIND,REMIND-Transport 2.1,Transport,High-RE,8
Full,2C,R10LATIN_AM,headcount_pct,Deprived headcount,WITCH,WITCH 5.0,COMMIT,High-CDR,2
Full,2C,R10LATIN_AM,headcount_pct,Deprived headcount,WITCH,WITCH 5.0,COMMIT,High-RE,1
Full,2C,R10LATIN_AM,headcount_pct,Deprived headcount,WITCH,WITCH 5.0,ENGAGE,High-RE,11
Full,2C,R10LATIN_AM,headcount_pct,Deprived headcount,WITCH,WITCH 5.0,NAVIGATE,High-RE,4
Full,2C,R10LATIN_AM,mortality_million_deaths,PM2.5 mortality,AIM,AIM/CGE V2.2,ENGAGE,High-CDR,20
Full,2C,R10LATIN_AM,mortality_million_deaths,PM2.5 mortality,AIM,AIM/CGE V2.2,ENGAGE,High-RE,4
Full,2C,R10LATIN_AM,mortality_million_deaths,PM2.5 mortality,GCAM,GCAM 6.0 NGFS,NGFS Phase 5,High-RE,4
Full,2C,R10LATIN_AM,mortality_million_deaths,PM2.5 mortality,GCAM,GCAM 7.0,IAM,High-CDR,3
Full,2C,R10LATIN_AM,mortality_million_deaths,PM2.5 mortality,IMAGE,IMAGE 3.0,ENGAGE,High-CDR,20
Full,2C,R10LATIN_AM,mortality_million_deaths,PM2.5 mortality,IMAGE,IMAGE 3.2,SSP2021,High-CDR,8
Full,2C,R10LATIN_AM,mortality_million_deaths,PM2.5 mortality,IMAGE,IMAGE 3.2,SSP2021,High-RE,2
Full,2C,R10LATIN_AM,mortality_million_deaths,PM2.5 mortality,IMAGE,IMAGE 3.3,NAVIGATE,High-CDR,8
Full,2C,R10LATIN_AM,mortality_million_deaths,PM2.5 mortality,MESSAGEix,MESSAGEix-GLOBIOM 1.1,ENGAGE,High-CDR,60
Full,2C,R10LATIN_AM,mortality_million_deaths,PM2.5 mortality,MESSAGEix,MESSAGEix-GLOBIOM 1.1,ENGAGE,High-RE,17
Full,2C,R10LATIN_AM,mortality_million_deaths,PM2.5 mortality,MESSAGEix,MESSAGEix-GLOBIOM 1.1,NGFS Phase 2,High-CDR,1
Full,2C,R10LATIN_AM,mortality_million_deaths,PM2.5 mortality,MESSAGEix,MESSAGEix-GLOBIOM 1.1,NGFS Phase 2,High-RE,1
Full,2C,R10LATIN_AM,mortality_million_deaths,PM2.5 mortality,MESSAGEix,MESSAGEix-GLOBIOM 1.2,COVID,High-CDR,5
Full,2C,R10LATIN_AM,mortality_million_deaths,PM2.5 mortality,MESSAGEix,MESSAGEix-GLOBIOM 2.0-M-R12-NGFS,NGFS Phase 5,High-RE,2
Full,2C,R10LATIN_AM,mortality_million_deaths,PM2.5 mortality,MESSAGEix,MESSAGEix-GLOBIOM GEI 1.0,GEI,High-CDR,6
Full,2C,R10LATIN_AM,mortality_million_deaths,PM2.5 mortality,MESSAGEix,MESSAGEix-GLOBIOM GEI 1.0,GEI,High-RE,1
Full,2C,R10LATIN_AM,mortality_million_deaths,PM2.5 mortality,POLES,POLES-JRC ENGAGE,ENGAGE,High-CDR,56
Full,2C,R10LATIN_AM,mortality_million_deaths,PM2.5 mortality,REMIND,REMIND 2.1,CEMICS,High-RE,1
Full,2C,R10LATIN_AM,mortality_million_deaths,PM2.5 mortality,REMIND,REMIND 2.1,LeastTotalCost,High-RE,11
Full,2C,R10LATIN_AM,mortality_million_deaths,PM2.5 mortality,REMIND,REMIND 2.1,R2p1,High-RE,8
Full,2C,R10LATIN_AM,mortality_million_deaths,PM2.5 mortality,REMIND,REMIND 2.1,TechCost,High-RE,9
Full,2C,R10LATIN_AM,mortality_million_deaths,PM2.5 mortality,REMIND,REMIND 3.0,NAVIGATE,High-RE,3
Full,2C,R10LATIN_AM,mortality_million_deaths,PM2.5 mortality,REMIND,REMIND-MAgPIE 1.7-3.0,CD,High-RE,5
Full,2C,R10LATIN_AM,mortality_million_deaths,PM2.5 mortality,REMIND,REMIND-MAgPIE 1.7-3.0,COMMIT,High-RE,4
Full,2C,R10LATIN_AM,mortality_million_deaths,PM2.5 mortality,REMIND,REMIND-MAgPIE 1.7-3.0,PEP,High-RE,5
Full,2C,R10LATIN_AM,mortality_million_deaths,PM2.5 mortality,REMIND,REMIND-MAgPIE 2.1-4.2,CEMICS,High-RE,1
Full,2C,R10LATIN_AM,mortality_million_deaths,PM2.5 mortality,REMIND,REMIND-MAgPIE 2.1-4.2,ENGAGE,High-RE,59
Full,2C,R10LATIN_AM,mortality_million_deaths,PM2.5 mortality,REMIND,REMIND-MAgPIE 2.1-4.2,NGFS Phase 2,High-RE,2
Full,2C,R10LATIN_AM,mortality_million_deaths,PM2.5 mortality,REMIND,REMIND-MAgPIE 2.1-4.2,SusDev,High-RE,3
Full,2C,R10LATIN_AM,mortality_million_deaths,PM2.5 mortality,REMIND,REMIND-MAgPIE 2.1-4.3,DeepElectrification,High-RE,3
Full,2C,R10LATIN_AM,mortality_million_deaths,PM2.5 mortality,REMIND,REMIND-MAgPIE 3.2-4.6,SHAPE,High-RE,2
Full,2C,R10LATIN_AM,mortality_million_deaths,PM2.5 mortality,REMIND,REMIND-MAgPIE 3.2.0-4.8.0,RESCUE,High-RE,5
Full,2C,R10LATIN_AM,mortality_million_deaths,PM2.5 mortality,REMIND,REMIND-MAgPIE 3.3-4.8,NGFS Phase 5,High-RE,5
Full,2C,R10LATIN_AM,mortality_million_deaths,PM2.5 mortality,REMIND,REMIND-Transport 2.1,Transport,High-RE,8
Full,2C,R10LATIN_AM,mortality_million_deaths,PM2.5 mortality,WITCH,WITCH 5.0,COMMIT,High-CDR,2
Full,2C,R10LATIN_AM,mortality_million_deaths,PM2.5 mortality,WITCH,WITCH 5.0,COMMIT,High-RE,1
Full,2C,R10LATIN_AM,mortality_million_deaths,PM2.5 mortality,WITCH,WITCH 5.0,ENGAGE,High-RE,2
Full,2C,R10LATIN_AM,mortality_million_deaths,PM2.5 mortality,WITCH,WITCH 5.0,NAVIGATE,High-RE,4
Full,2C,R10LATIN_AM,total_energy_jobyears_per_1k,Employment,AIM,AIM/CGE V2.2,ENGAGE,High-CDR,20
Full,2C,R10LATIN_AM,total_energy_jobyears_per_1k,Employment,AIM,AIM/CGE V2.2,ENGAGE,High-RE,11
Full,2C,R10LATIN_AM,total_energy_jobyears_per_1k,Employment,COFFEE,COFFEE 1.1,ENGAGE,High-RE,8
Full,2C,R10LATIN_AM,total_energy_jobyears_per_1k,Employment,GCAM,GCAM 6.0 NGFS,NGFS Phase 5,High-RE,4
Full,2C,R10LATIN_AM,total_energy_jobyears_per_1k,Employment,GCAM,GCAM 7.0,IAM,High-CDR,3
Full,2C,R10LATIN_AM,total_energy_jobyears_per_1k,Employment,IMAGE,IMAGE 3.0,COMMIT,High-CDR,3
Full,2C,R10LATIN_AM,total_energy_jobyears_per_1k,Employment,IMAGE,IMAGE 3.0,ENGAGE,High-CDR,20
Full,2C,R10LATIN_AM,total_energy_jobyears_per_1k,Employment,IMAGE,IMAGE 3.2,ENGAGE,High-CDR,9
Full,2C,R10LATIN_AM,total_energy_jobyears_per_1k,Employment,IMAGE,IMAGE 3.2,SSP2021,High-CDR,8
Full,2C,R10LATIN_AM,total_energy_jobyears_per_1k,Employment,IMAGE,IMAGE 3.2,SSP2021,High-RE,2
Full,2C,R10LATIN_AM,total_energy_jobyears_per_1k,Employment,IMAGE,IMAGE 3.3,NAVIGATE,High-CDR,8
Full,2C,R10LATIN_AM,total_energy_jobyears_per_1k,Employment,MESSAGEix,MESSAGEix-GLOBIOM 1.1,ENGAGE,High-CDR,62
Full,2C,R10LATIN_AM,total_energy_jobyears_per_1k,Employment,MESSAGEix,MESSAGEix-GLOBIOM 1.1,ENGAGE,High-RE,20
Full,2C,R10LATIN_AM,total_energy_jobyears_per_1k,Employment,MESSAGEix,MESSAGEix-GLOBIOM 1.1,NGFS Phase 2,High-CDR,1
Full,2C,R10LATIN_AM,total_energy_jobyears_per_1k,Employment,MESSAGEix,MESSAGEix-GLOBIOM 1.1,NGFS Phase 2,High-RE,1
Full,2C,R10LATIN_AM,total_energy_jobyears_per_1k,Employment,MESSAGEix,MESSAGEix-GLOBIOM 1.2,COVID,High-CDR,5
Full,2C,R10LATIN_AM,total_energy_jobyears_per_1k,Employment,MESSAGEix,MESSAGEix-GLOBIOM 2.0-M-R12-NGFS,NGFS Phase 5,High-RE,2
Full,2C,R10LATIN_AM,total_energy_jobyears_per_1k,Employment,MESSAGEix,MESSAGEix-GLOBIOM GEI 1.0,GEI,High-CDR,6
Full,2C,R10LATIN_AM,total_energy_jobyears_per_1k,Employment,MESSAGEix,MESSAGEix-GLOBIOM GEI 1.0,GEI,High-RE,1
Full,2C,R10LATIN_AM,total_energy_jobyears_per_1k,Employment,POLES,POLES-JRC ENGAGE,ENGAGE,High-CDR,56
Full,2C,R10LATIN_AM,total_energy_jobyears_per_1k,Employment,POLES,POLES-JRC ENGAGE,ENGAGE,High-RE,8
Full,2C,R10LATIN_AM,total_energy_jobyears_per_1k,Employment,REMIND,REMIND 2.1,CEMICS,High-RE,5
Full,2C,R10LATIN_AM,total_energy_jobyears_per_1k,Employment,REMIND,REMIND 2.1,LeastTotalCost,High-RE,11
Full,2C,R10LATIN_AM,total_energy_jobyears_per_1k,Employment,REMIND,REMIND 2.1,R2p1,High-RE,8
Full,2C,R10LATIN_AM,total_energy_jobyears_per_1k,Employment,REMIND,REMIND 2.1,TechCost,High-RE,9
Full,2C,R10LATIN_AM,total_energy_jobyears_per_1k,Employment,REMIND,REMIND 3.0,ENGAGE,High-RE,14
Full,2C,R10LATIN_AM,total_energy_jobyears_per_1k,Employment,REMIND,REMIND 3.0,NAVIGATE,High-RE,7
Full,2C,R10LATIN_AM,total_energy_jobyears_per_1k,Employment,REMIND,REMIND-MAgPIE 1.7-3.0,CD,High-RE,5
Full,2C,R10LATIN_AM,total_energy_jobyears_per_1k,Employment,REMIND,REMIND-MAgPIE 1.7-3.0,COMMIT,High-RE,4
Full,2C,R10LATIN_AM,total_energy_jobyears_per_1k,Employment,REMIND,REMIND-MAgPIE 1.7-3.0,PEP,High-RE,5
Full,2C,R10LATIN_AM,total_energy_jobyears_per_1k,Employment,REMIND,REMIND-MAgPIE 2.0-4.1,Diff,High-RE,4
Full,2C,R10LATIN_AM,total_energy_jobyears_per_1k,Employment,REMIND,REMIND-MAgPIE 2.1-4.2,CEMICS,High-RE,3
Full,2C,R10LATIN_AM,total_energy_jobyears_per_1k,Employment,REMIND,REMIND-MAgPIE 2.1-4.2,ENGAGE,High-RE,59
Full,2C,R10LATIN_AM,total_energy_jobyears_per_1k,Employment,REMIND,REMIND-MAgPIE 2.1-4.2,NGFS Phase 2,High-RE,5
Full,2C,R10LATIN_AM,total_energy_jobyears_per_1k,Employment,REMIND,REMIND-MAgPIE 2.1-4.2,SusDev,High-RE,3
Full,2C,R10LATIN_AM,total_energy_jobyears_per_1k,Employment,REMIND,REMIND-MAgPIE 2.1-4.3,DeepElectrification,High-RE,3
Full,2C,R10LATIN_AM,total_energy_jobyears_per_1k,Employment,REMIND,REMIND-MAgPIE 3.2-4.6,SHAPE,High-RE,2
Full,2C,R10LATIN_AM,total_energy_jobyears_per_1k,Employment,REMIND,REMIND-MAgPIE 3.2.0-4.8.0,RESCUE,High-RE,5
Full,2C,R10LATIN_AM,total_energy_jobyears_per_1k,Employment,REMIND,REMIND-MAgPIE 3.3-4.8,NGFS Phase 5,High-RE,5
Full,2C,R10LATIN_AM,total_energy_jobyears_per_1k,Employment,REMIND,REMIND-Transport 2.1,Transport,High-RE,8
Full,2C,R10LATIN_AM,total_energy_jobyears_per_1k,Employment,TIAM,TIAM-ECN 1.1,ENGAGE,High-CDR,12
Full,2C,R10LATIN_AM,total_energy_jobyears_per_1k,Employment,WITCH,WITCH 5.0,COMMIT,High-CDR,2
Full,2C,R10LATIN_AM,total_energy_jobyears_per_1k,Employment,WITCH,WITCH 5.0,COMMIT,High-RE,1
Full,2C,R10LATIN_AM,total_energy_jobyears_per_1k,Employment,WITCH,WITCH 5.0,ENGAGE,High-RE,11
Full,2C,R10LATIN_AM,total_energy_jobyears_per_1k,Employment,WITCH,WITCH 5.0,NAVIGATE,High-RE,4
Full,2C,R10MIDDLE_EAST,gap_GJ_pc,DLE gap,AIM,AIM/CGE V2.2,ENGAGE,High-CDR,20
Full,2C,R10MIDDLE_EAST,gap_GJ_pc,DLE gap,AIM,AIM/CGE V2.2,ENGAGE,High-RE,11
Full,2C,R10MIDDLE_EAST,gap_GJ_pc,DLE gap,GCAM,GCAM 5.3,Deep,High-CDR,23
Full,2C,R10MIDDLE_EAST,gap_GJ_pc,DLE gap,GCAM,GCAM 6.0 NGFS,NGFS Phase 5,High-RE,4
Full,2C,R10MIDDLE_EAST,gap_GJ_pc,DLE gap,GCAM,GCAM 7.0,IAM,High-CDR,3
Full,2C,R10MIDDLE_EAST,gap_GJ_pc,DLE gap,IMAGE,IMAGE 3.0,ENGAGE,High-CDR,20
Full,2C,R10MIDDLE_EAST,gap_GJ_pc,DLE gap,IMAGE,IMAGE 3.2,ENGAGE,High-CDR,9
Full,2C,R10MIDDLE_EAST,gap_GJ_pc,DLE gap,IMAGE,IMAGE 3.2,SSP2021,High-CDR,8
Full,2C,R10MIDDLE_EAST,gap_GJ_pc,DLE gap,IMAGE,IMAGE 3.2,SSP2021,High-RE,2
Full,2C,R10MIDDLE_EAST,gap_GJ_pc,DLE gap,IMAGE,IMAGE 3.3,NAVIGATE,High-CDR,8
Full,2C,R10MIDDLE_EAST,gap_GJ_pc,DLE gap,MESSAGEix,MESSAGEix-GLOBIOM 1.1,ENGAGE,High-CDR,62
Full,2C,R10MIDDLE_EAST,gap_GJ_pc,DLE gap,MESSAGEix,MESSAGEix-GLOBIOM 1.1,ENGAGE,High-RE,20
Full,2C,R10MIDDLE_EAST,gap_GJ_pc,DLE gap,MESSAGEix,MESSAGEix-GLOBIOM 1.1,NGFS Phase 2,High-CDR,1
Full,2C,R10MIDDLE_EAST,gap_GJ_pc,DLE gap,MESSAGEix,MESSAGEix-GLOBIOM 1.1,NGFS Phase 2,High-RE,1
Full,2C,R10MIDDLE_EAST,gap_GJ_pc,DLE gap,MESSAGEix,MESSAGEix-GLOBIOM 1.2,COVID,High-CDR,5
Full,2C,R10MIDDLE_EAST,gap_GJ_pc,DLE gap,MESSAGEix,MESSAGEix-GLOBIOM 2.0-M-R12-NGFS,NGFS Phase 5,High-RE,2
Full,2C,R10MIDDLE_EAST,gap_GJ_pc,DLE gap,MESSAGEix,MESSAGEix-GLOBIOM GEI 1.0,GEI,High-CDR,6
Full,2C,R10MIDDLE_EAST,gap_GJ_pc,DLE gap,MESSAGEix,MESSAGEix-GLOBIOM GEI 1.0,GEI,High-RE,1
Full,2C,R10MIDDLE_EAST,gap_GJ_pc,DLE gap,POLES,POLES-JRC ENGAGE,ENGAGE,High-CDR,56
Full,2C,R10MIDDLE_EAST,gap_GJ_pc,DLE gap,POLES,POLES-JRC ENGAGE,ENGAGE,High-RE,8
Full,2C,R10MIDDLE_EAST,gap_GJ_pc,DLE gap,REMIND,REMIND 2.1,CEMICS,High-RE,5
Full,2C,R10MIDDLE_EAST,gap_GJ_pc,DLE gap,REMIND,REMIND 2.1,LeastTotalCost,High-RE,11
Full,2C,R10MIDDLE_EAST,gap_GJ_pc,DLE gap,REMIND,REMIND 2.1,R2p1,High-RE,8
Full,2C,R10MIDDLE_EAST,gap_GJ_pc,DLE gap,REMIND,REMIND 2.1,TechCost,High-RE,9
Full,2C,R10MIDDLE_EAST,gap_GJ_pc,DLE gap,REMIND,REMIND 3.0,ENGAGE,High-RE,14
Full,2C,R10MIDDLE_EAST,gap_GJ_pc,DLE gap,REMIND,REMIND 3.0,NAVIGATE,High-RE,7
Full,2C,R10MIDDLE_EAST,gap_GJ_pc,DLE gap,REMIND,REMIND-MAgPIE 1.7-3.0,CD,High-RE,5
Full,2C,R10MIDDLE_EAST,gap_GJ_pc,DLE gap,REMIND,REMIND-MAgPIE 1.7-3.0,COMMIT,High-RE,4
Full,2C,R10MIDDLE_EAST,gap_GJ_pc,DLE gap,REMIND,REMIND-MAgPIE 1.7-3.0,PEP,High-RE,5
Full,2C,R10MIDDLE_EAST,gap_GJ_pc,DLE gap,REMIND,REMIND-MAgPIE 2.0-4.1,Diff,High-RE,4
Full,2C,R10MIDDLE_EAST,gap_GJ_pc,DLE gap,REMIND,REMIND-MAgPIE 2.1-4.2,CEMICS,High-RE,3
Full,2C,R10MIDDLE_EAST,gap_GJ_pc,DLE gap,REMIND,REMIND-MAgPIE 2.1-4.2,ENGAGE,High-RE,59
Full,2C,R10MIDDLE_EAST,gap_GJ_pc,DLE gap,REMIND,REMIND-MAgPIE 2.1-4.2,NGFS Phase 2,High-RE,5
Full,2C,R10MIDDLE_EAST,gap_GJ_pc,DLE gap,REMIND,REMIND-MAgPIE 2.1-4.2,SusDev,High-RE,3
Full,2C,R10MIDDLE_EAST,gap_GJ_pc,DLE gap,REMIND,REMIND-MAgPIE 2.1-4.3,DeepElectrification,High-RE,3
Full,2C,R10MIDDLE_EAST,gap_GJ_pc,DLE gap,REMIND,REMIND-MAgPIE 3.2-4.6,SHAPE,High-RE,2
Full,2C,R10MIDDLE_EAST,gap_GJ_pc,DLE gap,REMIND,REMIND-MAgPIE 3.2.0-4.8.0,RESCUE,High-RE,5
Full,2C,R10MIDDLE_EAST,gap_GJ_pc,DLE gap,REMIND,REMIND-MAgPIE 3.3-4.8,NGFS Phase 5,High-RE,5
Full,2C,R10MIDDLE_EAST,gap_GJ_pc,DLE gap,REMIND,REMIND-Transport 2.1,Transport,High-RE,8
Full,2C,R10MIDDLE_EAST,gap_GJ_pc,DLE gap,WITCH,WITCH 5.0,COMMIT,High-CDR,2
Full,2C,R10MIDDLE_EAST,gap_GJ_pc,DLE gap,WITCH,WITCH 5.0,COMMIT,High-RE,1
Full,2C,R10MIDDLE_EAST,gap_GJ_pc,DLE gap,WITCH,WITCH 5.0,ENGAGE,High-RE,11
Full,2C,R10MIDDLE_EAST,gap_GJ_pc,DLE gap,WITCH,WITCH 5.0,NAVIGATE,High-RE,4
Full,2C,R10MIDDLE_EAST,headcount_pct,Deprived headcount,AIM,AIM/CGE V2.2,ENGAGE,High-CDR,20
Full,2C,R10MIDDLE_EAST,headcount_pct,Deprived headcount,AIM,AIM/CGE V2.2,ENGAGE,High-RE,11
Full,2C,R10MIDDLE_EAST,headcount_pct,Deprived headcount,GCAM,GCAM 5.3,Deep,High-CDR,23
Full,2C,R10MIDDLE_EAST,headcount_pct,Deprived headcount,GCAM,GCAM 6.0 NGFS,NGFS Phase 5,High-RE,4
Full,2C,R10MIDDLE_EAST,headcount_pct,Deprived headcount,GCAM,GCAM 7.0,IAM,High-CDR,3
Full,2C,R10MIDDLE_EAST,headcount_pct,Deprived headcount,IMAGE,IMAGE 3.0,ENGAGE,High-CDR,20
Full,2C,R10MIDDLE_EAST,headcount_pct,Deprived headcount,IMAGE,IMAGE 3.2,ENGAGE,High-CDR,9
Full,2C,R10MIDDLE_EAST,headcount_pct,Deprived headcount,IMAGE,IMAGE 3.2,SSP2021,High-CDR,8
Full,2C,R10MIDDLE_EAST,headcount_pct,Deprived headcount,IMAGE,IMAGE 3.2,SSP2021,High-RE,2
Full,2C,R10MIDDLE_EAST,headcount_pct,Deprived headcount,IMAGE,IMAGE 3.3,NAVIGATE,High-CDR,8
Full,2C,R10MIDDLE_EAST,headcount_pct,Deprived headcount,MESSAGEix,MESSAGEix-GLOBIOM 1.1,ENGAGE,High-CDR,62
Full,2C,R10MIDDLE_EAST,headcount_pct,Deprived headcount,MESSAGEix,MESSAGEix-GLOBIOM 1.1,ENGAGE,High-RE,20
Full,2C,R10MIDDLE_EAST,headcount_pct,Deprived headcount,MESSAGEix,MESSAGEix-GLOBIOM 1.1,NGFS Phase 2,High-CDR,1
Full,2C,R10MIDDLE_EAST,headcount_pct,Deprived headcount,MESSAGEix,MESSAGEix-GLOBIOM 1.1,NGFS Phase 2,High-RE,1
Full,2C,R10MIDDLE_EAST,headcount_pct,Deprived headcount,MESSAGEix,MESSAGEix-GLOBIOM 1.2,COVID,High-CDR,5
Full,2C,R10MIDDLE_EAST,headcount_pct,Deprived headcount,MESSAGEix,MESSAGEix-GLOBIOM 2.0-M-R12-NGFS,NGFS Phase 5,High-RE,2
Full,2C,R10MIDDLE_EAST,headcount_pct,Deprived headcount,MESSAGEix,MESSAGEix-GLOBIOM GEI 1.0,GEI,High-CDR,6
Full,2C,R10MIDDLE_EAST,headcount_pct,Deprived headcount,MESSAGEix,MESSAGEix-GLOBIOM GEI 1.0,GEI,High-RE,1
Full,2C,R10MIDDLE_EAST,headcount_pct,Deprived headcount,POLES,POLES-JRC ENGAGE,ENGAGE,High-CDR,56
Full,2C,R10MIDDLE_EAST,headcount_pct,Deprived headcount,POLES,POLES-JRC ENGAGE,ENGAGE,High-RE,8
Full,2C,R10MIDDLE_EAST,headcount_pct,Deprived headcount,REMIND,REMIND 2.1,CEMICS,High-RE,5
Full,2C,R10MIDDLE_EAST,headcount_pct,Deprived headcount,REMIND,REMIND 2.1,LeastTotalCost,High-RE,11
Full,2C,R10MIDDLE_EAST,headcount_pct,Deprived headcount,REMIND,REMIND 2.1,R2p1,High-RE,8
Full,2C,R10MIDDLE_EAST,headcount_pct,Deprived headcount,REMIND,REMIND 2.1,TechCost,High-RE,9
Full,2C,R10MIDDLE_EAST,headcount_pct,Deprived headcount,REMIND,REMIND 3.0,ENGAGE,High-RE,14
Full,2C,R10MIDDLE_EAST,headcount_pct,Deprived headcount,REMIND,REMIND 3.0,NAVIGATE,High-RE,7
Full,2C,R10MIDDLE_EAST,headcount_pct,Deprived headcount,REMIND,REMIND-MAgPIE 1.7-3.0,CD,High-RE,5
Full,2C,R10MIDDLE_EAST,headcount_pct,Deprived headcount,REMIND,REMIND-MAgPIE 1.7-3.0,COMMIT,High-RE,4
Full,2C,R10MIDDLE_EAST,headcount_pct,Deprived headcount,REMIND,REMIND-MAgPIE 1.7-3.0,PEP,High-RE,5
Full,2C,R10MIDDLE_EAST,headcount_pct,Deprived headcount,REMIND,REMIND-MAgPIE 2.0-4.1,Diff,High-RE,4
Full,2C,R10MIDDLE_EAST,headcount_pct,Deprived headcount,REMIND,REMIND-MAgPIE 2.1-4.2,CEMICS,High-RE,3
Full,2C,R10MIDDLE_EAST,headcount_pct,Deprived headcount,REMIND,REMIND-MAgPIE 2.1-4.2,ENGAGE,High-RE,59
Full,2C,R10MIDDLE_EAST,headcount_pct,Deprived headcount,REMIND,REMIND-MAgPIE 2.1-4.2,NGFS Phase 2,High-RE,5
Full,2C,R10MIDDLE_EAST,headcount_pct,Deprived headcount,REMIND,REMIND-MAgPIE 2.1-4.2,SusDev,High-RE,3
Full,2C,R10MIDDLE_EAST,headcount_pct,Deprived headcount,REMIND,REMIND-MAgPIE 2.1-4.3,DeepElectrification,High-RE,3
Full,2C,R10MIDDLE_EAST,headcount_pct,Deprived headcount,REMIND,REMIND-MAgPIE 3.2-4.6,SHAPE,High-RE,2
Full,2C,R10MIDDLE_EAST,headcount_pct,Deprived headcount,REMIND,REMIND-MAgPIE 3.2.0-4.8.0,RESCUE,High-RE,5
Full,2C,R10MIDDLE_EAST,headcount_pct,Deprived headcount,REMIND,REMIND-MAgPIE 3.3-4.8,NGFS Phase 5,High-RE,5
Full,2C,R10MIDDLE_EAST,headcount_pct,Deprived headcount,REMIND,REMIND-Transport 2.1,Transport,High-RE,8
Full,2C,R10MIDDLE_EAST,headcount_pct,Deprived headcount,WITCH,WITCH 5.0,COMMIT,High-CDR,2
Full,2C,R10MIDDLE_EAST,headcount_pct,Deprived headcount,WITCH,WITCH 5.0,COMMIT,High-RE,1
Full,2C,R10MIDDLE_EAST,headcount_pct,Deprived headcount,WITCH,WITCH 5.0,ENGAGE,High-RE,11
Full,2C,R10MIDDLE_EAST,headcount_pct,Deprived headcount,WITCH,WITCH 5.0,NAVIGATE,High-RE,4
Full,2C,R10MIDDLE_EAST,mortality_million_deaths,PM2.5 mortality,AIM,AIM/CGE V2.2,ENGAGE,High-CDR,20
Full,2C,R10MIDDLE_EAST,mortality_million_deaths,PM2.5 mortality,AIM,AIM/CGE V2.2,ENGAGE,High-RE,4
Full,2C,R10MIDDLE_EAST,mortality_million_deaths,PM2.5 mortality,GCAM,GCAM 6.0 NGFS,NGFS Phase 5,High-RE,4
Full,2C,R10MIDDLE_EAST,mortality_million_deaths,PM2.5 mortality,GCAM,GCAM 7.0,IAM,High-CDR,3
Full,2C,R10MIDDLE_EAST,mortality_million_deaths,PM2.5 mortality,IMAGE,IMAGE 3.0,ENGAGE,High-CDR,20
Full,2C,R10MIDDLE_EAST,mortality_million_deaths,PM2.5 mortality,IMAGE,IMAGE 3.2,SSP2021,High-CDR,8
Full,2C,R10MIDDLE_EAST,mortality_million_deaths,PM2.5 mortality,IMAGE,IMAGE 3.2,SSP2021,High-RE,2
Full,2C,R10MIDDLE_EAST,mortality_million_deaths,PM2.5 mortality,IMAGE,IMAGE 3.3,NAVIGATE,High-CDR,8
Full,2C,R10MIDDLE_EAST,mortality_million_deaths,PM2.5 mortality,MESSAGEix,MESSAGEix-GLOBIOM 1.1,ENGAGE,High-CDR,60
Full,2C,R10MIDDLE_EAST,mortality_million_deaths,PM2.5 mortality,MESSAGEix,MESSAGEix-GLOBIOM 1.1,ENGAGE,High-RE,17
Full,2C,R10MIDDLE_EAST,mortality_million_deaths,PM2.5 mortality,MESSAGEix,MESSAGEix-GLOBIOM 1.1,NGFS Phase 2,High-CDR,1
Full,2C,R10MIDDLE_EAST,mortality_million_deaths,PM2.5 mortality,MESSAGEix,MESSAGEix-GLOBIOM 1.1,NGFS Phase 2,High-RE,1
Full,2C,R10MIDDLE_EAST,mortality_million_deaths,PM2.5 mortality,MESSAGEix,MESSAGEix-GLOBIOM 1.2,COVID,High-CDR,5
Full,2C,R10MIDDLE_EAST,mortality_million_deaths,PM2.5 mortality,MESSAGEix,MESSAGEix-GLOBIOM 2.0-M-R12-NGFS,NGFS Phase 5,High-RE,2
Full,2C,R10MIDDLE_EAST,mortality_million_deaths,PM2.5 mortality,MESSAGEix,MESSAGEix-GLOBIOM GEI 1.0,GEI,High-CDR,6
Full,2C,R10MIDDLE_EAST,mortality_million_deaths,PM2.5 mortality,MESSAGEix,MESSAGEix-GLOBIOM GEI 1.0,GEI,High-RE,1
Full,2C,R10MIDDLE_EAST,mortality_million_deaths,PM2.5 mortality,POLES,POLES-JRC ENGAGE,ENGAGE,High-CDR,56
Full,2C,R10MIDDLE_EAST,mortality_million_deaths,PM2.5 mortality,REMIND,REMIND 2.1,CEMICS,High-RE,1
Full,2C,R10MIDDLE_EAST,mortality_million_deaths,PM2.5 mortality,REMIND,REMIND 2.1,LeastTotalCost,High-RE,11
Full,2C,R10MIDDLE_EAST,mortality_million_deaths,PM2.5 mortality,REMIND,REMIND 2.1,R2p1,High-RE,8
Full,2C,R10MIDDLE_EAST,mortality_million_deaths,PM2.5 mortality,REMIND,REMIND 2.1,TechCost,High-RE,9
Full,2C,R10MIDDLE_EAST,mortality_million_deaths,PM2.5 mortality,REMIND,REMIND 3.0,NAVIGATE,High-RE,3
Full,2C,R10MIDDLE_EAST,mortality_million_deaths,PM2.5 mortality,REMIND,REMIND-MAgPIE 1.7-3.0,CD,High-RE,5
Full,2C,R10MIDDLE_EAST,mortality_million_deaths,PM2.5 mortality,REMIND,REMIND-MAgPIE 1.7-3.0,COMMIT,High-RE,4
Full,2C,R10MIDDLE_EAST,mortality_million_deaths,PM2.5 mortality,REMIND,REMIND-MAgPIE 1.7-3.0,PEP,High-RE,5
Full,2C,R10MIDDLE_EAST,mortality_million_deaths,PM2.5 mortality,REMIND,REMIND-MAgPIE 2.1-4.2,CEMICS,High-RE,1
Full,2C,R10MIDDLE_EAST,mortality_million_deaths,PM2.5 mortality,REMIND,REMIND-MAgPIE 2.1-4.2,ENGAGE,High-RE,59
Full,2C,R10MIDDLE_EAST,mortality_million_deaths,PM2.5 mortality,REMIND,REMIND-MAgPIE 2.1-4.2,NGFS Phase 2,High-RE,2
Full,2C,R10MIDDLE_EAST,mortality_million_deaths,PM2.5 mortality,REMIND,REMIND-MAgPIE 2.1-4.2,SusDev,High-RE,3
Full,2C,R10MIDDLE_EAST,mortality_million_deaths,PM2.5 mortality,REMIND,REMIND-MAgPIE 2.1-4.3,DeepElectrification,High-RE,3
Full,2C,R10MIDDLE_EAST,mortality_million_deaths,PM2.5 mortality,REMIND,REMIND-MAgPIE 3.2-4.6,SHAPE,High-RE,2
Full,2C,R10MIDDLE_EAST,mortality_million_deaths,PM2.5 mortality,REMIND,REMIND-MAgPIE 3.2.0-4.8.0,RESCUE,High-RE,5
Full,2C,R10MIDDLE_EAST,mortality_million_deaths,PM2.5 mortality,REMIND,REMIND-MAgPIE 3.3-4.8,NGFS Phase 5,High-RE,5
Full,2C,R10MIDDLE_EAST,mortality_million_deaths,PM2.5 mortality,REMIND,REMIND-Transport 2.1,Transport,High-RE,8
Full,2C,R10MIDDLE_EAST,mortality_million_deaths,PM2.5 mortality,WITCH,WITCH 5.0,COMMIT,High-CDR,2
Full,2C,R10MIDDLE_EAST,mortality_million_deaths,PM2.5 mortality,WITCH,WITCH 5.0,COMMIT,High-RE,1
Full,2C,R10MIDDLE_EAST,mortality_million_deaths,PM2.5 mortality,WITCH,WITCH 5.0,ENGAGE,High-RE,2
Full,2C,R10MIDDLE_EAST,mortality_million_deaths,PM2.5 mortality,WITCH,WITCH 5.0,NAVIGATE,High-RE,4
Full,2C,R10MIDDLE_EAST,total_energy_jobyears_per_1k,Employment,AIM,AIM/CGE V2.2,ENGAGE,High-CDR,20
Full,2C,R10MIDDLE_EAST,total_energy_jobyears_per_1k,Employment,AIM,AIM/CGE V2.2,ENGAGE,High-RE,11
Full,2C,R10MIDDLE_EAST,total_energy_jobyears_per_1k,Employment,COFFEE,COFFEE 1.1,ENGAGE,High-RE,8
Full,2C,R10MIDDLE_EAST,total_energy_jobyears_per_1k,Employment,GCAM,GCAM 6.0 NGFS,NGFS Phase 5,High-RE,4
Full,2C,R10MIDDLE_EAST,total_energy_jobyears_per_1k,Employment,GCAM,GCAM 7.0,IAM,High-CDR,3
Full,2C,R10MIDDLE_EAST,total_energy_jobyears_per_1k,Employment,IMAGE,IMAGE 3.0,ENGAGE,High-CDR,20
Full,2C,R10MIDDLE_EAST,total_energy_jobyears_per_1k,Employment,IMAGE,IMAGE 3.2,ENGAGE,High-CDR,9
Full,2C,R10MIDDLE_EAST,total_energy_jobyears_per_1k,Employment,IMAGE,IMAGE 3.2,SSP2021,High-CDR,8
Full,2C,R10MIDDLE_EAST,total_energy_jobyears_per_1k,Employment,IMAGE,IMAGE 3.2,SSP2021,High-RE,2
Full,2C,R10MIDDLE_EAST,total_energy_jobyears_per_1k,Employment,IMAGE,IMAGE 3.3,NAVIGATE,High-CDR,8
Full,2C,R10MIDDLE_EAST,total_energy_jobyears_per_1k,Employment,MESSAGEix,MESSAGEix-GLOBIOM 1.1,ENGAGE,High-CDR,62
Full,2C,R10MIDDLE_EAST,total_energy_jobyears_per_1k,Employment,MESSAGEix,MESSAGEix-GLOBIOM 1.1,ENGAGE,High-RE,20
Full,2C,R10MIDDLE_EAST,total_energy_jobyears_per_1k,Employment,MESSAGEix,MESSAGEix-GLOBIOM 1.1,NGFS Phase 2,High-CDR,1
Full,2C,R10MIDDLE_EAST,total_energy_jobyears_per_1k,Employment,MESSAGEix,MESSAGEix-GLOBIOM 1.1,NGFS Phase 2,High-RE,1
Full,2C,R10MIDDLE_EAST,total_energy_jobyears_per_1k,Employment,MESSAGEix,MESSAGEix-GLOBIOM 1.2,COVID,High-CDR,5
Full,2C,R10MIDDLE_EAST,total_energy_jobyears_per_1k,Employment,MESSAGEix,MESSAGEix-GLOBIOM 2.0-M-R12-NGFS,NGFS Phase 5,High-RE,2
Full,2C,R10MIDDLE_EAST,total_energy_jobyears_per_1k,Employment,MESSAGEix,MESSAGEix-GLOBIOM GEI 1.0,GEI,High-CDR,6
Full,2C,R10MIDDLE_EAST,total_energy_jobyears_per_1k,Employment,MESSAGEix,MESSAGEix-GLOBIOM GEI 1.0,GEI,High-RE,1
Full,2C,R10MIDDLE_EAST,total_energy_jobyears_per_1k,Employment,POLES,POLES-JRC ENGAGE,ENGAGE,High-CDR,56
Full,2C,R10MIDDLE_EAST,total_energy_jobyears_per_1k,Employment,POLES,POLES-JRC ENGAGE,ENGAGE,High-RE,8
Full,2C,R10MIDDLE_EAST,total_energy_jobyears_per_1k,Employment,REMIND,REMIND 2.1,CEMICS,High-RE,5
Full,2C,R10MIDDLE_EAST,total_energy_jobyears_per_1k,Employment,REMIND,REMIND 2.1,LeastTotalCost,High-RE,11
Full,2C,R10MIDDLE_EAST,total_energy_jobyears_per_1k,Employment,REMIND,REMIND 2.1,R2p1,High-RE,8
Full,2C,R10MIDDLE_EAST,total_energy_jobyears_per_1k,Employment,REMIND,REMIND 2.1,TechCost,High-RE,9
Full,2C,R10MIDDLE_EAST,total_energy_jobyears_per_1k,Employment,REMIND,REMIND 3.0,ENGAGE,High-RE,14
Full,2C,R10MIDDLE_EAST,total_energy_jobyears_per_1k,Employment,REMIND,REMIND 3.0,NAVIGATE,High-RE,7
Full,2C,R10MIDDLE_EAST,total_energy_jobyears_per_1k,Employment,REMIND,REMIND-MAgPIE 1.7-3.0,CD,High-RE,5
Full,2C,R10MIDDLE_EAST,total_energy_jobyears_per_1k,Employment,REMIND,REMIND-MAgPIE 1.7-3.0,COMMIT,High-RE,4
Full,2C,R10MIDDLE_EAST,total_energy_jobyears_per_1k,Employment,REMIND,REMIND-MAgPIE 1.7-3.0,PEP,High-RE,5
Full,2C,R10MIDDLE_EAST,total_energy_jobyears_per_1k,Employment,REMIND,REMIND-MAgPIE 2.0-4.1,Diff,High-RE,4
Full,2C,R10MIDDLE_EAST,total_energy_jobyears_per_1k,Employment,REMIND,REMIND-MAgPIE 2.1-4.2,CEMICS,High-RE,3
Full,2C,R10MIDDLE_EAST,total_energy_jobyears_per_1k,Employment,REMIND,REMIND-MAgPIE 2.1-4.2,ENGAGE,High-RE,59
Full,2C,R10MIDDLE_EAST,total_energy_jobyears_per_1k,Employment,REMIND,REMIND-MAgPIE 2.1-4.2,NGFS Phase 2,High-RE,5
Full,2C,R10MIDDLE_EAST,total_energy_jobyears_per_1k,Employment,REMIND,REMIND-MAgPIE 2.1-4.2,SusDev,High-RE,3
Full,2C,R10MIDDLE_EAST,total_energy_jobyears_per_1k,Employment,REMIND,REMIND-MAgPIE 2.1-4.3,DeepElectrification,High-RE,3
Full,2C,R10MIDDLE_EAST,total_energy_jobyears_per_1k,Employment,REMIND,REMIND-MAgPIE 3.2-4.6,SHAPE,High-RE,2
Full,2C,R10MIDDLE_EAST,total_energy_jobyears_per_1k,Employment,REMIND,REMIND-MAgPIE 3.2.0-4.8.0,RESCUE,High-RE,5
Full,2C,R10MIDDLE_EAST,total_energy_jobyears_per_1k,Employment,REMIND,REMIND-MAgPIE 3.3-4.8,NGFS Phase 5,High-RE,5
Full,2C,R10MIDDLE_EAST,total_energy_jobyears_per_1k,Employment,REMIND,REMIND-Transport 2.1,Transport,High-RE,8
Full,2C,R10MIDDLE_EAST,total_energy_jobyears_per_1k,Employment,TIAM,TIAM-ECN 1.1,ENGAGE,High-CDR,12
Full,2C,R10MIDDLE_EAST,total_energy_jobyears_per_1k,Employment,WITCH,WITCH 5.0,COMMIT,High-CDR,2
Full,2C,R10MIDDLE_EAST,total_energy_jobyears_per_1k,Employment,WITCH,WITCH 5.0,COMMIT,High-RE,1
Full,2C,R10MIDDLE_EAST,total_energy_jobyears_per_1k,Employment,WITCH,WITCH 5.0,ENGAGE,High-RE,11
Full,2C,R10MIDDLE_EAST,total_energy_jobyears_per_1k,Employment,WITCH,WITCH 5.0,NAVIGATE,High-RE,4
Full,2C,R10NORTH_AM,gap_GJ_pc,DLE gap,AIM,AIM/CGE V2.2,ENGAGE,High-CDR,20
Full,2C,R10NORTH_AM,gap_GJ_pc,DLE gap,AIM,AIM/CGE V2.2,ENGAGE,High-RE,11
Full,2C,R10NORTH_AM,gap_GJ_pc,DLE gap,GCAM,GCAM 5.3,Deep,High-CDR,23
Full,2C,R10NORTH_AM,gap_GJ_pc,DLE gap,GCAM,GCAM 6.0 NGFS,NGFS Phase 5,High-RE,4
Full,2C,R10NORTH_AM,gap_GJ_pc,DLE gap,GCAM,GCAM 7.0,IAM,High-CDR,3
Full,2C,R10NORTH_AM,gap_GJ_pc,DLE gap,IMAGE,IMAGE 3.0,COMMIT,High-CDR,3
Full,2C,R10NORTH_AM,gap_GJ_pc,DLE gap,IMAGE,IMAGE 3.0,ENGAGE,High-CDR,20
Full,2C,R10NORTH_AM,gap_GJ_pc,DLE gap,IMAGE,IMAGE 3.2,ENGAGE,High-CDR,9
Full,2C,R10NORTH_AM,gap_GJ_pc,DLE gap,IMAGE,IMAGE 3.2,SSP2021,High-CDR,8
Full,2C,R10NORTH_AM,gap_GJ_pc,DLE gap,IMAGE,IMAGE 3.2,SSP2021,High-RE,2
Full,2C,R10NORTH_AM,gap_GJ_pc,DLE gap,IMAGE,IMAGE 3.3,NAVIGATE,High-CDR,8
Full,2C,R10NORTH_AM,gap_GJ_pc,DLE gap,MESSAGEix,MESSAGEix-GLOBIOM 1.1,ENGAGE,High-CDR,62
Full,2C,R10NORTH_AM,gap_GJ_pc,DLE gap,MESSAGEix,MESSAGEix-GLOBIOM 1.1,ENGAGE,High-RE,20
Full,2C,R10NORTH_AM,gap_GJ_pc,DLE gap,MESSAGEix,MESSAGEix-GLOBIOM 1.1,NGFS Phase 2,High-CDR,1
Full,2C,R10NORTH_AM,gap_GJ_pc,DLE gap,MESSAGEix,MESSAGEix-GLOBIOM 1.1,NGFS Phase 2,High-RE,1
Full,2C,R10NORTH_AM,gap_GJ_pc,DLE gap,MESSAGEix,MESSAGEix-GLOBIOM 1.2,COVID,High-CDR,5
Full,2C,R10NORTH_AM,gap_GJ_pc,DLE gap,MESSAGEix,MESSAGEix-GLOBIOM 2.0-M-R12-NGFS,NGFS Phase 5,High-RE,2
Full,2C,R10NORTH_AM,gap_GJ_pc,DLE gap,MESSAGEix,MESSAGEix-GLOBIOM GEI 1.0,GEI,High-CDR,6
Full,2C,R10NORTH_AM,gap_GJ_pc,DLE gap,MESSAGEix,MESSAGEix-GLOBIOM GEI 1.0,GEI,High-RE,1
Full,2C,R10NORTH_AM,gap_GJ_pc,DLE gap,POLES,POLES-JRC ENGAGE,ENGAGE,High-CDR,56
Full,2C,R10NORTH_AM,gap_GJ_pc,DLE gap,POLES,POLES-JRC ENGAGE,ENGAGE,High-RE,8
Full,2C,R10NORTH_AM,gap_GJ_pc,DLE gap,REMIND,REMIND 2.1,CEMICS,High-RE,5
Full,2C,R10NORTH_AM,gap_GJ_pc,DLE gap,REMIND,REMIND 2.1,LeastTotalCost,High-RE,11
Full,2C,R10NORTH_AM,gap_GJ_pc,DLE gap,REMIND,REMIND 2.1,R2p1,High-RE,8
Full,2C,R10NORTH_AM,gap_GJ_pc,DLE gap,REMIND,REMIND 2.1,TechCost,High-RE,9
Full,2C,R10NORTH_AM,gap_GJ_pc,DLE gap,REMIND,REMIND 3.0,ENGAGE,High-RE,14
Full,2C,R10NORTH_AM,gap_GJ_pc,DLE gap,REMIND,REMIND 3.0,NAVIGATE,High-RE,7
Full,2C,R10NORTH_AM,gap_GJ_pc,DLE gap,REMIND,REMIND-MAgPIE 1.7-3.0,CD,High-RE,5
Full,2C,R10NORTH_AM,gap_GJ_pc,DLE gap,REMIND,REMIND-MAgPIE 1.7-3.0,COMMIT,High-RE,4
Full,2C,R10NORTH_AM,gap_GJ_pc,DLE gap,REMIND,REMIND-MAgPIE 1.7-3.0,PEP,High-RE,5
Full,2C,R10NORTH_AM,gap_GJ_pc,DLE gap,REMIND,REMIND-MAgPIE 2.0-4.1,Diff,High-RE,4
Full,2C,R10NORTH_AM,gap_GJ_pc,DLE gap,REMIND,REMIND-MAgPIE 2.1-4.2,CEMICS,High-RE,3
Full,2C,R10NORTH_AM,gap_GJ_pc,DLE gap,REMIND,REMIND-MAgPIE 2.1-4.2,ENGAGE,High-RE,59
Full,2C,R10NORTH_AM,gap_GJ_pc,DLE gap,REMIND,REMIND-MAgPIE 2.1-4.2,NGFS Phase 2,High-RE,5
Full,2C,R10NORTH_AM,gap_GJ_pc,DLE gap,REMIND,REMIND-MAgPIE 2.1-4.2,SusDev,High-RE,3
Full,2C,R10NORTH_AM,gap_GJ_pc,DLE gap,REMIND,REMIND-MAgPIE 2.1-4.3,DeepElectrification,High-RE,3
Full,2C,R10NORTH_AM,gap_GJ_pc,DLE gap,REMIND,REMIND-MAgPIE 3.2-4.6,SHAPE,High-RE,2
Full,2C,R10NORTH_AM,gap_GJ_pc,DLE gap,REMIND,REMIND-MAgPIE 3.2.0-4.8.0,RESCUE,High-RE,5
Full,2C,R10NORTH_AM,gap_GJ_pc,DLE gap,REMIND,REMIND-MAgPIE 3.3-4.8,NGFS Phase 5,High-RE,5
Full,2C,R10NORTH_AM,gap_GJ_pc,DLE gap,REMIND,REMIND-Transport 2.1,Transport,High-RE,8
Full,2C,R10NORTH_AM,gap_GJ_pc,DLE gap,WITCH,WITCH 5.0,COMMIT,High-CDR,2
Full,2C,R10NORTH_AM,gap_GJ_pc,DLE gap,WITCH,WITCH 5.0,COMMIT,High-RE,1
Full,2C,R10NORTH_AM,gap_GJ_pc,DLE gap,WITCH,WITCH 5.0,ENGAGE,High-RE,11
Full,2C,R10NORTH_AM,gap_GJ_pc,DLE gap,WITCH,WITCH 5.0,NAVIGATE,High-RE,4
Full,2C,R10NORTH_AM,headcount_pct,Deprived headcount,AIM,AIM/CGE V2.2,ENGAGE,High-CDR,20
Full,2C,R10NORTH_AM,headcount_pct,Deprived headcount,AIM,AIM/CGE V2.2,ENGAGE,High-RE,11
Full,2C,R10NORTH_AM,headcount_pct,Deprived headcount,GCAM,GCAM 5.3,Deep,High-CDR,23
Full,2C,R10NORTH_AM,headcount_pct,Deprived headcount,GCAM,GCAM 6.0 NGFS,NGFS Phase 5,High-RE,4
Full,2C,R10NORTH_AM,headcount_pct,Deprived headcount,GCAM,GCAM 7.0,IAM,High-CDR,3
Full,2C,R10NORTH_AM,headcount_pct,Deprived headcount,IMAGE,IMAGE 3.0,COMMIT,High-CDR,3
Full,2C,R10NORTH_AM,headcount_pct,Deprived headcount,IMAGE,IMAGE 3.0,ENGAGE,High-CDR,20
Full,2C,R10NORTH_AM,headcount_pct,Deprived headcount,IMAGE,IMAGE 3.2,ENGAGE,High-CDR,9
Full,2C,R10NORTH_AM,headcount_pct,Deprived headcount,IMAGE,IMAGE 3.2,SSP2021,High-CDR,8
Full,2C,R10NORTH_AM,headcount_pct,Deprived headcount,IMAGE,IMAGE 3.2,SSP2021,High-RE,2
Full,2C,R10NORTH_AM,headcount_pct,Deprived headcount,IMAGE,IMAGE 3.3,NAVIGATE,High-CDR,8
Full,2C,R10NORTH_AM,headcount_pct,Deprived headcount,MESSAGEix,MESSAGEix-GLOBIOM 1.1,ENGAGE,High-CDR,62
Full,2C,R10NORTH_AM,headcount_pct,Deprived headcount,MESSAGEix,MESSAGEix-GLOBIOM 1.1,ENGAGE,High-RE,20
Full,2C,R10NORTH_AM,headcount_pct,Deprived headcount,MESSAGEix,MESSAGEix-GLOBIOM 1.1,NGFS Phase 2,High-CDR,1
Full,2C,R10NORTH_AM,headcount_pct,Deprived headcount,MESSAGEix,MESSAGEix-GLOBIOM 1.1,NGFS Phase 2,High-RE,1
Full,2C,R10NORTH_AM,headcount_pct,Deprived headcount,MESSAGEix,MESSAGEix-GLOBIOM 1.2,COVID,High-CDR,5
Full,2C,R10NORTH_AM,headcount_pct,Deprived headcount,MESSAGEix,MESSAGEix-GLOBIOM 2.0-M-R12-NGFS,NGFS Phase 5,High-RE,2
Full,2C,R10NORTH_AM,headcount_pct,Deprived headcount,MESSAGEix,MESSAGEix-GLOBIOM GEI 1.0,GEI,High-CDR,6
Full,2C,R10NORTH_AM,headcount_pct,Deprived headcount,MESSAGEix,MESSAGEix-GLOBIOM GEI 1.0,GEI,High-RE,1
Full,2C,R10NORTH_AM,headcount_pct,Deprived headcount,POLES,POLES-JRC ENGAGE,ENGAGE,High-CDR,56
Full,2C,R10NORTH_AM,headcount_pct,Deprived headcount,POLES,POLES-JRC ENGAGE,ENGAGE,High-RE,8
Full,2C,R10NORTH_AM,headcount_pct,Deprived headcount,REMIND,REMIND 2.1,CEMICS,High-RE,5
Full,2C,R10NORTH_AM,headcount_pct,Deprived headcount,REMIND,REMIND 2.1,LeastTotalCost,High-RE,11
Full,2C,R10NORTH_AM,headcount_pct,Deprived headcount,REMIND,REMIND 2.1,R2p1,High-RE,8
Full,2C,R10NORTH_AM,headcount_pct,Deprived headcount,REMIND,REMIND 2.1,TechCost,High-RE,9
Full,2C,R10NORTH_AM,headcount_pct,Deprived headcount,REMIND,REMIND 3.0,ENGAGE,High-RE,14
Full,2C,R10NORTH_AM,headcount_pct,Deprived headcount,REMIND,REMIND 3.0,NAVIGATE,High-RE,7
Full,2C,R10NORTH_AM,headcount_pct,Deprived headcount,REMIND,REMIND-MAgPIE 1.7-3.0,CD,High-RE,5
Full,2C,R10NORTH_AM,headcount_pct,Deprived headcount,REMIND,REMIND-MAgPIE 1.7-3.0,COMMIT,High-RE,4
Full,2C,R10NORTH_AM,headcount_pct,Deprived headcount,REMIND,REMIND-MAgPIE 1.7-3.0,PEP,High-RE,5
Full,2C,R10NORTH_AM,headcount_pct,Deprived headcount,REMIND,REMIND-MAgPIE 2.0-4.1,Diff,High-RE,4
Full,2C,R10NORTH_AM,headcount_pct,Deprived headcount,REMIND,REMIND-MAgPIE 2.1-4.2,CEMICS,High-RE,3
Full,2C,R10NORTH_AM,headcount_pct,Deprived headcount,REMIND,REMIND-MAgPIE 2.1-4.2,ENGAGE,High-RE,59
Full,2C,R10NORTH_AM,headcount_pct,Deprived headcount,REMIND,REMIND-MAgPIE 2.1-4.2,NGFS Phase 2,High-RE,5
Full,2C,R10NORTH_AM,headcount_pct,Deprived headcount,REMIND,REMIND-MAgPIE 2.1-4.2,SusDev,High-RE,3
Full,2C,R10NORTH_AM,headcount_pct,Deprived headcount,REMIND,REMIND-MAgPIE 2.1-4.3,DeepElectrification,High-RE,3
Full,2C,R10NORTH_AM,headcount_pct,Deprived headcount,REMIND,REMIND-MAgPIE 3.2-4.6,SHAPE,High-RE,2
Full,2C,R10NORTH_AM,headcount_pct,Deprived headcount,REMIND,REMIND-MAgPIE 3.2.0-4.8.0,RESCUE,High-RE,5
Full,2C,R10NORTH_AM,headcount_pct,Deprived headcount,REMIND,REMIND-MAgPIE 3.3-4.8,NGFS Phase 5,High-RE,5
Full,2C,R10NORTH_AM,headcount_pct,Deprived headcount,REMIND,REMIND-Transport 2.1,Transport,High-RE,8
Full,2C,R10NORTH_AM,headcount_pct,Deprived headcount,WITCH,WITCH 5.0,COMMIT,High-CDR,2
Full,2C,R10NORTH_AM,headcount_pct,Deprived headcount,WITCH,WITCH 5.0,COMMIT,High-RE,1
Full,2C,R10NORTH_AM,headcount_pct,Deprived headcount,WITCH,WITCH 5.0,ENGAGE,High-RE,11
Full,2C,R10NORTH_AM,headcount_pct,Deprived headcount,WITCH,WITCH 5.0,NAVIGATE,High-RE,4
Full,2C,R10NORTH_AM,mortality_million_deaths,PM2.5 mortality,AIM,AIM/CGE V2.2,ENGAGE,High-CDR,20
Full,2C,R10NORTH_AM,mortality_million_deaths,PM2.5 mortality,AIM,AIM/CGE V2.2,ENGAGE,High-RE,4
Full,2C,R10NORTH_AM,mortality_million_deaths,PM2.5 mortality,GCAM,GCAM 6.0 NGFS,NGFS Phase 5,High-RE,4
Full,2C,R10NORTH_AM,mortality_million_deaths,PM2.5 mortality,GCAM,GCAM 7.0,IAM,High-CDR,3
Full,2C,R10NORTH_AM,mortality_million_deaths,PM2.5 mortality,IMAGE,IMAGE 3.0,ENGAGE,High-CDR,20
Full,2C,R10NORTH_AM,mortality_million_deaths,PM2.5 mortality,IMAGE,IMAGE 3.2,SSP2021,High-CDR,8
Full,2C,R10NORTH_AM,mortality_million_deaths,PM2.5 mortality,IMAGE,IMAGE 3.2,SSP2021,High-RE,2
Full,2C,R10NORTH_AM,mortality_million_deaths,PM2.5 mortality,IMAGE,IMAGE 3.3,NAVIGATE,High-CDR,8
Full,2C,R10NORTH_AM,mortality_million_deaths,PM2.5 mortality,MESSAGEix,MESSAGEix-GLOBIOM 1.1,ENGAGE,High-CDR,60
Full,2C,R10NORTH_AM,mortality_million_deaths,PM2.5 mortality,MESSAGEix,MESSAGEix-GLOBIOM 1.1,ENGAGE,High-RE,17
Full,2C,R10NORTH_AM,mortality_million_deaths,PM2.5 mortality,MESSAGEix,MESSAGEix-GLOBIOM 1.1,NGFS Phase 2,High-CDR,1
Full,2C,R10NORTH_AM,mortality_million_deaths,PM2.5 mortality,MESSAGEix,MESSAGEix-GLOBIOM 1.1,NGFS Phase 2,High-RE,1
Full,2C,R10NORTH_AM,mortality_million_deaths,PM2.5 mortality,MESSAGEix,MESSAGEix-GLOBIOM 1.2,COVID,High-CDR,5
Full,2C,R10NORTH_AM,mortality_million_deaths,PM2.5 mortality,MESSAGEix,MESSAGEix-GLOBIOM 2.0-M-R12-NGFS,NGFS Phase 5,High-RE,2
Full,2C,R10NORTH_AM,mortality_million_deaths,PM2.5 mortality,MESSAGEix,MESSAGEix-GLOBIOM GEI 1.0,GEI,High-CDR,6
Full,2C,R10NORTH_AM,mortality_million_deaths,PM2.5 mortality,MESSAGEix,MESSAGEix-GLOBIOM GEI 1.0,GEI,High-RE,1
Full,2C,R10NORTH_AM,mortality_million_deaths,PM2.5 mortality,POLES,POLES-JRC ENGAGE,ENGAGE,High-CDR,56
Full,2C,R10NORTH_AM,mortality_million_deaths,PM2.5 mortality,REMIND,REMIND 2.1,CEMICS,High-RE,1
Full,2C,R10NORTH_AM,mortality_million_deaths,PM2.5 mortality,REMIND,REMIND 2.1,LeastTotalCost,High-RE,11
Full,2C,R10NORTH_AM,mortality_million_deaths,PM2.5 mortality,REMIND,REMIND 2.1,R2p1,High-RE,8
Full,2C,R10NORTH_AM,mortality_million_deaths,PM2.5 mortality,REMIND,REMIND 2.1,TechCost,High-RE,9
Full,2C,R10NORTH_AM,mortality_million_deaths,PM2.5 mortality,REMIND,REMIND 3.0,NAVIGATE,High-RE,3
Full,2C,R10NORTH_AM,mortality_million_deaths,PM2.5 mortality,REMIND,REMIND-MAgPIE 1.7-3.0,CD,High-RE,5
Full,2C,R10NORTH_AM,mortality_million_deaths,PM2.5 mortality,REMIND,REMIND-MAgPIE 1.7-3.0,COMMIT,High-RE,4
Full,2C,R10NORTH_AM,mortality_million_deaths,PM2.5 mortality,REMIND,REMIND-MAgPIE 1.7-3.0,PEP,High-RE,5
Full,2C,R10NORTH_AM,mortality_million_deaths,PM2.5 mortality,REMIND,REMIND-MAgPIE 2.1-4.2,CEMICS,High-RE,1
Full,2C,R10NORTH_AM,mortality_million_deaths,PM2.5 mortality,REMIND,REMIND-MAgPIE 2.1-4.2,ENGAGE,High-RE,59
Full,2C,R10NORTH_AM,mortality_million_deaths,PM2.5 mortality,REMIND,REMIND-MAgPIE 2.1-4.2,NGFS Phase 2,High-RE,2
Full,2C,R10NORTH_AM,mortality_million_deaths,PM2.5 mortality,REMIND,REMIND-MAgPIE 2.1-4.2,SusDev,High-RE,3
Full,2C,R10NORTH_AM,mortality_million_deaths,PM2.5 mortality,REMIND,REMIND-MAgPIE 2.1-4.3,DeepElectrification,High-RE,3
Full,2C,R10NORTH_AM,mortality_million_deaths,PM2.5 mortality,REMIND,REMIND-MAgPIE 3.2-4.6,SHAPE,High-RE,2
Full,2C,R10NORTH_AM,mortality_million_deaths,PM2.5 mortality,REMIND,REMIND-MAgPIE 3.2.0-4.8.0,RESCUE,High-RE,5
Full,2C,R10NORTH_AM,mortality_million_deaths,PM2.5 mortality,REMIND,REMIND-MAgPIE 3.3-4.8,NGFS Phase 5,High-RE,5
Full,2C,R10NORTH_AM,mortality_million_deaths,PM2.5 mortality,REMIND,REMIND-Transport 2.1,Transport,High-RE,8
Full,2C,R10NORTH_AM,mortality_million_deaths,PM2.5 mortality,WITCH,WITCH 5.0,COMMIT,High-CDR,2
Full,2C,R10NORTH_AM,mortality_million_deaths,PM2.5 mortality,WITCH,WITCH 5.0,COMMIT,High-RE,1
Full,2C,R10NORTH_AM,mortality_million_deaths,PM2.5 mortality,WITCH,WITCH 5.0,ENGAGE,High-RE,2
Full,2C,R10NORTH_AM,mortality_million_deaths,PM2.5 mortality,WITCH,WITCH 5.0,NAVIGATE,High-RE,4
Full,2C,R10NORTH_AM,total_energy_jobyears_per_1k,Employment,AIM,AIM/CGE V2.2,ENGAGE,High-CDR,20
Full,2C,R10NORTH_AM,total_energy_jobyears_per_1k,Employment,AIM,AIM/CGE V2.2,ENGAGE,High-RE,11
Full,2C,R10NORTH_AM,total_energy_jobyears_per_1k,Employment,COFFEE,COFFEE 1.1,ENGAGE,High-RE,8
Full,2C,R10NORTH_AM,total_energy_jobyears_per_1k,Employment,GCAM,GCAM 6.0 NGFS,NGFS Phase 5,High-RE,4
Full,2C,R10NORTH_AM,total_energy_jobyears_per_1k,Employment,GCAM,GCAM 7.0,IAM,High-CDR,3
Full,2C,R10NORTH_AM,total_energy_jobyears_per_1k,Employment,IMAGE,IMAGE 3.0,COMMIT,High-CDR,3
Full,2C,R10NORTH_AM,total_energy_jobyears_per_1k,Employment,IMAGE,IMAGE 3.0,ENGAGE,High-CDR,20
Full,2C,R10NORTH_AM,total_energy_jobyears_per_1k,Employment,IMAGE,IMAGE 3.2,ENGAGE,High-CDR,9
Full,2C,R10NORTH_AM,total_energy_jobyears_per_1k,Employment,IMAGE,IMAGE 3.2,SSP2021,High-CDR,8
Full,2C,R10NORTH_AM,total_energy_jobyears_per_1k,Employment,IMAGE,IMAGE 3.2,SSP2021,High-RE,2
Full,2C,R10NORTH_AM,total_energy_jobyears_per_1k,Employment,IMAGE,IMAGE 3.3,NAVIGATE,High-CDR,8
Full,2C,R10NORTH_AM,total_energy_jobyears_per_1k,Employment,MESSAGEix,MESSAGEix-GLOBIOM 1.1,ENGAGE,High-CDR,62
Full,2C,R10NORTH_AM,total_energy_jobyears_per_1k,Employment,MESSAGEix,MESSAGEix-GLOBIOM 1.1,ENGAGE,High-RE,20
Full,2C,R10NORTH_AM,total_energy_jobyears_per_1k,Employment,MESSAGEix,MESSAGEix-GLOBIOM 1.1,NGFS Phase 2,High-CDR,1
Full,2C,R10NORTH_AM,total_energy_jobyears_per_1k,Employment,MESSAGEix,MESSAGEix-GLOBIOM 1.1,NGFS Phase 2,High-RE,1
Full,2C,R10NORTH_AM,total_energy_jobyears_per_1k,Employment,MESSAGEix,MESSAGEix-GLOBIOM 1.2,COVID,High-CDR,5
Full,2C,R10NORTH_AM,total_energy_jobyears_per_1k,Employment,MESSAGEix,MESSAGEix-GLOBIOM 2.0-M-R12-NGFS,NGFS Phase 5,High-RE,2
Full,2C,R10NORTH_AM,total_energy_jobyears_per_1k,Employment,MESSAGEix,MESSAGEix-GLOBIOM GEI 1.0,GEI,High-CDR,6
Full,2C,R10NORTH_AM,total_energy_jobyears_per_1k,Employment,MESSAGEix,MESSAGEix-GLOBIOM GEI 1.0,GEI,High-RE,1
Full,2C,R10NORTH_AM,total_energy_jobyears_per_1k,Employment,POLES,POLES-JRC ENGAGE,ENGAGE,High-CDR,56
Full,2C,R10NORTH_AM,total_energy_jobyears_per_1k,Employment,POLES,POLES-JRC ENGAGE,ENGAGE,High-RE,8
Full,2C,R10NORTH_AM,total_energy_jobyears_per_1k,Employment,REMIND,REMIND 2.1,CEMICS,High-RE,5
Full,2C,R10NORTH_AM,total_energy_jobyears_per_1k,Employment,REMIND,REMIND 2.1,LeastTotalCost,High-RE,11
Full,2C,R10NORTH_AM,total_energy_jobyears_per_1k,Employment,REMIND,REMIND 2.1,R2p1,High-RE,8
Full,2C,R10NORTH_AM,total_energy_jobyears_per_1k,Employment,REMIND,REMIND 2.1,TechCost,High-RE,9
Full,2C,R10NORTH_AM,total_energy_jobyears_per_1k,Employment,REMIND,REMIND 3.0,ENGAGE,High-RE,14
Full,2C,R10NORTH_AM,total_energy_jobyears_per_1k,Employment,REMIND,REMIND 3.0,NAVIGATE,High-RE,7
Full,2C,R10NORTH_AM,total_energy_jobyears_per_1k,Employment,REMIND,REMIND-MAgPIE 1.7-3.0,CD,High-RE,5
Full,2C,R10NORTH_AM,total_energy_jobyears_per_1k,Employment,REMIND,REMIND-MAgPIE 1.7-3.0,COMMIT,High-RE,4
Full,2C,R10NORTH_AM,total_energy_jobyears_per_1k,Employment,REMIND,REMIND-MAgPIE 1.7-3.0,PEP,High-RE,5
Full,2C,R10NORTH_AM,total_energy_jobyears_per_1k,Employment,REMIND,REMIND-MAgPIE 2.0-4.1,Diff,High-RE,4
Full,2C,R10NORTH_AM,total_energy_jobyears_per_1k,Employment,REMIND,REMIND-MAgPIE 2.1-4.2,CEMICS,High-RE,3
Full,2C,R10NORTH_AM,total_energy_jobyears_per_1k,Employment,REMIND,REMIND-MAgPIE 2.1-4.2,ENGAGE,High-RE,59
Full,2C,R10NORTH_AM,total_energy_jobyears_per_1k,Employment,REMIND,REMIND-MAgPIE 2.1-4.2,NGFS Phase 2,High-RE,5
Full,2C,R10NORTH_AM,total_energy_jobyears_per_1k,Employment,REMIND,REMIND-MAgPIE 2.1-4.2,SusDev,High-RE,3
Full,2C,R10NORTH_AM,total_energy_jobyears_per_1k,Employment,REMIND,REMIND-MAgPIE 2.1-4.3,DeepElectrification,High-RE,3
Full,2C,R10NORTH_AM,total_energy_jobyears_per_1k,Employment,REMIND,REMIND-MAgPIE 3.2-4.6,SHAPE,High-RE,2
Full,2C,R10NORTH_AM,total_energy_jobyears_per_1k,Employment,REMIND,REMIND-MAgPIE 3.2.0-4.8.0,RESCUE,High-RE,5
Full,2C,R10NORTH_AM,total_energy_jobyears_per_1k,Employment,REMIND,REMIND-MAgPIE 3.3-4.8,NGFS Phase 5,High-RE,5
Full,2C,R10NORTH_AM,total_energy_jobyears_per_1k,Employment,REMIND,REMIND-Transport 2.1,Transport,High-RE,8
Full,2C,R10NORTH_AM,total_energy_jobyears_per_1k,Employment,TIAM,TIAM-ECN 1.1,ENGAGE,High-CDR,12
Full,2C,R10NORTH_AM,total_energy_jobyears_per_1k,Employment,WITCH,WITCH 5.0,COMMIT,High-CDR,2
Full,2C,R10NORTH_AM,total_energy_jobyears_per_1k,Employment,WITCH,WITCH 5.0,COMMIT,High-RE,1
Full,2C,R10NORTH_AM,total_energy_jobyears_per_1k,Employment,WITCH,WITCH 5.0,ENGAGE,High-RE,11
Full,2C,R10NORTH_AM,total_energy_jobyears_per_1k,Employment,WITCH,WITCH 5.0,NAVIGATE,High-RE,4
Full,2C,R10PAC_OECD,gap_GJ_pc,DLE gap,AIM,AIM/CGE V2.2,ENGAGE,High-CDR,20
Full,2C,R10PAC_OECD,gap_GJ_pc,DLE gap,AIM,AIM/CGE V2.2,ENGAGE,High-RE,11
Full,2C,R10PAC_OECD,gap_GJ_pc,DLE gap,GCAM,GCAM 5.3,Deep,High-CDR,23
Full,2C,R10PAC_OECD,gap_GJ_pc,DLE gap,GCAM,GCAM 6.0 NGFS,NGFS Phase 5,High-RE,4
Full,2C,R10PAC_OECD,gap_GJ_pc,DLE gap,GCAM,GCAM 7.0,IAM,High-CDR,3
Full,2C,R10PAC_OECD,gap_GJ_pc,DLE gap,IMAGE,IMAGE 3.0,ENGAGE,High-CDR,20
Full,2C,R10PAC_OECD,gap_GJ_pc,DLE gap,IMAGE,IMAGE 3.2,ENGAGE,High-CDR,9
Full,2C,R10PAC_OECD,gap_GJ_pc,DLE gap,IMAGE,IMAGE 3.2,SSP2021,High-CDR,8
Full,2C,R10PAC_OECD,gap_GJ_pc,DLE gap,IMAGE,IMAGE 3.2,SSP2021,High-RE,2
Full,2C,R10PAC_OECD,gap_GJ_pc,DLE gap,IMAGE,IMAGE 3.3,NAVIGATE,High-CDR,8
Full,2C,R10PAC_OECD,gap_GJ_pc,DLE gap,MESSAGEix,MESSAGEix-GLOBIOM 1.1,ENGAGE,High-CDR,62
Full,2C,R10PAC_OECD,gap_GJ_pc,DLE gap,MESSAGEix,MESSAGEix-GLOBIOM 1.1,ENGAGE,High-RE,20
Full,2C,R10PAC_OECD,gap_GJ_pc,DLE gap,MESSAGEix,MESSAGEix-GLOBIOM 1.1,NGFS Phase 2,High-CDR,1
Full,2C,R10PAC_OECD,gap_GJ_pc,DLE gap,MESSAGEix,MESSAGEix-GLOBIOM 1.1,NGFS Phase 2,High-RE,1
Full,2C,R10PAC_OECD,gap_GJ_pc,DLE gap,MESSAGEix,MESSAGEix-GLOBIOM 1.2,COVID,High-CDR,5
Full,2C,R10PAC_OECD,gap_GJ_pc,DLE gap,MESSAGEix,MESSAGEix-GLOBIOM 2.0-M-R12-NGFS,NGFS Phase 5,High-RE,2
Full,2C,R10PAC_OECD,gap_GJ_pc,DLE gap,MESSAGEix,MESSAGEix-GLOBIOM GEI 1.0,GEI,High-CDR,6
Full,2C,R10PAC_OECD,gap_GJ_pc,DLE gap,MESSAGEix,MESSAGEix-GLOBIOM GEI 1.0,GEI,High-RE,1
Full,2C,R10PAC_OECD,gap_GJ_pc,DLE gap,POLES,POLES-JRC ENGAGE,ENGAGE,High-CDR,56
Full,2C,R10PAC_OECD,gap_GJ_pc,DLE gap,POLES,POLES-JRC ENGAGE,ENGAGE,High-RE,8
Full,2C,R10PAC_OECD,gap_GJ_pc,DLE gap,REMIND,REMIND 2.1,CEMICS,High-RE,5
Full,2C,R10PAC_OECD,gap_GJ_pc,DLE gap,REMIND,REMIND 2.1,LeastTotalCost,High-RE,11
Full,2C,R10PAC_OECD,gap_GJ_pc,DLE gap,REMIND,REMIND 2.1,R2p1,High-RE,8
Full,2C,R10PAC_OECD,gap_GJ_pc,DLE gap,REMIND,REMIND 2.1,TechCost,High-RE,9
Full,2C,R10PAC_OECD,gap_GJ_pc,DLE gap,REMIND,REMIND 3.0,ENGAGE,High-RE,14
Full,2C,R10PAC_OECD,gap_GJ_pc,DLE gap,REMIND,REMIND 3.0,NAVIGATE,High-RE,7
Full,2C,R10PAC_OECD,gap_GJ_pc,DLE gap,REMIND,REMIND-MAgPIE 1.7-3.0,CD,High-RE,5
Full,2C,R10PAC_OECD,gap_GJ_pc,DLE gap,REMIND,REMIND-MAgPIE 1.7-3.0,COMMIT,High-RE,4
Full,2C,R10PAC_OECD,gap_GJ_pc,DLE gap,REMIND,REMIND-MAgPIE 1.7-3.0,PEP,High-RE,5
Full,2C,R10PAC_OECD,gap_GJ_pc,DLE gap,REMIND,REMIND-MAgPIE 2.1-4.2,CEMICS,High-RE,3
Full,2C,R10PAC_OECD,gap_GJ_pc,DLE gap,REMIND,REMIND-MAgPIE 2.1-4.2,ENGAGE,High-RE,59
Full,2C,R10PAC_OECD,gap_GJ_pc,DLE gap,REMIND,REMIND-MAgPIE 2.1-4.2,NGFS Phase 2,High-RE,5
Full,2C,R10PAC_OECD,gap_GJ_pc,DLE gap,REMIND,REMIND-MAgPIE 2.1-4.2,SusDev,High-RE,3
Full,2C,R10PAC_OECD,gap_GJ_pc,DLE gap,REMIND,REMIND-MAgPIE 2.1-4.3,DeepElectrification,High-RE,3
Full,2C,R10PAC_OECD,gap_GJ_pc,DLE gap,REMIND,REMIND-MAgPIE 3.2-4.6,SHAPE,High-RE,2
Full,2C,R10PAC_OECD,gap_GJ_pc,DLE gap,REMIND,REMIND-MAgPIE 3.2.0-4.8.0,RESCUE,High-RE,5
Full,2C,R10PAC_OECD,gap_GJ_pc,DLE gap,REMIND,REMIND-MAgPIE 3.3-4.8,NGFS Phase 5,High-RE,5
Full,2C,R10PAC_OECD,gap_GJ_pc,DLE gap,REMIND,REMIND-Transport 2.1,Transport,High-RE,8
Full,2C,R10PAC_OECD,gap_GJ_pc,DLE gap,WITCH,WITCH 5.0,COMMIT,High-CDR,2
Full,2C,R10PAC_OECD,gap_GJ_pc,DLE gap,WITCH,WITCH 5.0,COMMIT,High-RE,1
Full,2C,R10PAC_OECD,gap_GJ_pc,DLE gap,WITCH,WITCH 5.0,ENGAGE,High-RE,11
Full,2C,R10PAC_OECD,gap_GJ_pc,DLE gap,WITCH,WITCH 5.0,NAVIGATE,High-RE,4
Full,2C,R10PAC_OECD,headcount_pct,Deprived headcount,AIM,AIM/CGE V2.2,ENGAGE,High-CDR,20
Full,2C,R10PAC_OECD,headcount_pct,Deprived headcount,AIM,AIM/CGE V2.2,ENGAGE,High-RE,11
Full,2C,R10PAC_OECD,headcount_pct,Deprived headcount,GCAM,GCAM 5.3,Deep,High-CDR,23
Full,2C,R10PAC_OECD,headcount_pct,Deprived headcount,GCAM,GCAM 6.0 NGFS,NGFS Phase 5,High-RE,4
Full,2C,R10PAC_OECD,headcount_pct,Deprived headcount,GCAM,GCAM 7.0,IAM,High-CDR,3
Full,2C,R10PAC_OECD,headcount_pct,Deprived headcount,IMAGE,IMAGE 3.0,ENGAGE,High-CDR,20
Full,2C,R10PAC_OECD,headcount_pct,Deprived headcount,IMAGE,IMAGE 3.2,ENGAGE,High-CDR,9
Full,2C,R10PAC_OECD,headcount_pct,Deprived headcount,IMAGE,IMAGE 3.2,SSP2021,High-CDR,8
Full,2C,R10PAC_OECD,headcount_pct,Deprived headcount,IMAGE,IMAGE 3.2,SSP2021,High-RE,2
Full,2C,R10PAC_OECD,headcount_pct,Deprived headcount,IMAGE,IMAGE 3.3,NAVIGATE,High-CDR,8
Full,2C,R10PAC_OECD,headcount_pct,Deprived headcount,MESSAGEix,MESSAGEix-GLOBIOM 1.1,ENGAGE,High-CDR,62
Full,2C,R10PAC_OECD,headcount_pct,Deprived headcount,MESSAGEix,MESSAGEix-GLOBIOM 1.1,ENGAGE,High-RE,20
Full,2C,R10PAC_OECD,headcount_pct,Deprived headcount,MESSAGEix,MESSAGEix-GLOBIOM 1.1,NGFS Phase 2,High-CDR,1
Full,2C,R10PAC_OECD,headcount_pct,Deprived headcount,MESSAGEix,MESSAGEix-GLOBIOM 1.1,NGFS Phase 2,High-RE,1
Full,2C,R10PAC_OECD,headcount_pct,Deprived headcount,MESSAGEix,MESSAGEix-GLOBIOM 1.2,COVID,High-CDR,5
Full,2C,R10PAC_OECD,headcount_pct,Deprived headcount,MESSAGEix,MESSAGEix-GLOBIOM 2.0-M-R12-NGFS,NGFS Phase 5,High-RE,2
Full,2C,R10PAC_OECD,headcount_pct,Deprived headcount,MESSAGEix,MESSAGEix-GLOBIOM GEI 1.0,GEI,High-CDR,6
Full,2C,R10PAC_OECD,headcount_pct,Deprived headcount,MESSAGEix,MESSAGEix-GLOBIOM GEI 1.0,GEI,High-RE,1
Full,2C,R10PAC_OECD,headcount_pct,Deprived headcount,POLES,POLES-JRC ENGAGE,ENGAGE,High-CDR,56
Full,2C,R10PAC_OECD,headcount_pct,Deprived headcount,POLES,POLES-JRC ENGAGE,ENGAGE,High-RE,8
Full,2C,R10PAC_OECD,headcount_pct,Deprived headcount,REMIND,REMIND 2.1,CEMICS,High-RE,5
Full,2C,R10PAC_OECD,headcount_pct,Deprived headcount,REMIND,REMIND 2.1,LeastTotalCost,High-RE,11
Full,2C,R10PAC_OECD,headcount_pct,Deprived headcount,REMIND,REMIND 2.1,R2p1,High-RE,8
Full,2C,R10PAC_OECD,headcount_pct,Deprived headcount,REMIND,REMIND 2.1,TechCost,High-RE,9
Full,2C,R10PAC_OECD,headcount_pct,Deprived headcount,REMIND,REMIND 3.0,ENGAGE,High-RE,14
Full,2C,R10PAC_OECD,headcount_pct,Deprived headcount,REMIND,REMIND 3.0,NAVIGATE,High-RE,7
Full,2C,R10PAC_OECD,headcount_pct,Deprived headcount,REMIND,REMIND-MAgPIE 1.7-3.0,CD,High-RE,5
Full,2C,R10PAC_OECD,headcount_pct,Deprived headcount,REMIND,REMIND-MAgPIE 1.7-3.0,COMMIT,High-RE,4
Full,2C,R10PAC_OECD,headcount_pct,Deprived headcount,REMIND,REMIND-MAgPIE 1.7-3.0,PEP,High-RE,5
Full,2C,R10PAC_OECD,headcount_pct,Deprived headcount,REMIND,REMIND-MAgPIE 2.1-4.2,CEMICS,High-RE,3
Full,2C,R10PAC_OECD,headcount_pct,Deprived headcount,REMIND,REMIND-MAgPIE 2.1-4.2,ENGAGE,High-RE,59
Full,2C,R10PAC_OECD,headcount_pct,Deprived headcount,REMIND,REMIND-MAgPIE 2.1-4.2,NGFS Phase 2,High-RE,5
Full,2C,R10PAC_OECD,headcount_pct,Deprived headcount,REMIND,REMIND-MAgPIE 2.1-4.2,SusDev,High-RE,3
Full,2C,R10PAC_OECD,headcount_pct,Deprived headcount,REMIND,REMIND-MAgPIE 2.1-4.3,DeepElectrification,High-RE,3
Full,2C,R10PAC_OECD,headcount_pct,Deprived headcount,REMIND,REMIND-MAgPIE 3.2-4.6,SHAPE,High-RE,2
Full,2C,R10PAC_OECD,headcount_pct,Deprived headcount,REMIND,REMIND-MAgPIE 3.2.0-4.8.0,RESCUE,High-RE,5
Full,2C,R10PAC_OECD,headcount_pct,Deprived headcount,REMIND,REMIND-MAgPIE 3.3-4.8,NGFS Phase 5,High-RE,5
Full,2C,R10PAC_OECD,headcount_pct,Deprived headcount,REMIND,REMIND-Transport 2.1,Transport,High-RE,8
Full,2C,R10PAC_OECD,headcount_pct,Deprived headcount,WITCH,WITCH 5.0,COMMIT,High-CDR,2
Full,2C,R10PAC_OECD,headcount_pct,Deprived headcount,WITCH,WITCH 5.0,COMMIT,High-RE,1
Full,2C,R10PAC_OECD,headcount_pct,Deprived headcount,WITCH,WITCH 5.0,ENGAGE,High-RE,11
Full,2C,R10PAC_OECD,headcount_pct,Deprived headcount,WITCH,WITCH 5.0,NAVIGATE,High-RE,4
Full,2C,R10PAC_OECD,mortality_million_deaths,PM2.5 mortality,AIM,AIM/CGE V2.2,ENGAGE,High-CDR,20
Full,2C,R10PAC_OECD,mortality_million_deaths,PM2.5 mortality,AIM,AIM/CGE V2.2,ENGAGE,High-RE,4
Full,2C,R10PAC_OECD,mortality_million_deaths,PM2.5 mortality,GCAM,GCAM 6.0 NGFS,NGFS Phase 5,High-RE,4
Full,2C,R10PAC_OECD,mortality_million_deaths,PM2.5 mortality,GCAM,GCAM 7.0,IAM,High-CDR,3
Full,2C,R10PAC_OECD,mortality_million_deaths,PM2.5 mortality,IMAGE,IMAGE 3.0,ENGAGE,High-CDR,20
Full,2C,R10PAC_OECD,mortality_million_deaths,PM2.5 mortality,IMAGE,IMAGE 3.2,SSP2021,High-CDR,8
Full,2C,R10PAC_OECD,mortality_million_deaths,PM2.5 mortality,IMAGE,IMAGE 3.2,SSP2021,High-RE,2
Full,2C,R10PAC_OECD,mortality_million_deaths,PM2.5 mortality,IMAGE,IMAGE 3.3,NAVIGATE,High-CDR,8
Full,2C,R10PAC_OECD,mortality_million_deaths,PM2.5 mortality,MESSAGEix,MESSAGEix-GLOBIOM 1.1,ENGAGE,High-CDR,60
Full,2C,R10PAC_OECD,mortality_million_deaths,PM2.5 mortality,MESSAGEix,MESSAGEix-GLOBIOM 1.1,ENGAGE,High-RE,17
Full,2C,R10PAC_OECD,mortality_million_deaths,PM2.5 mortality,MESSAGEix,MESSAGEix-GLOBIOM 1.1,NGFS Phase 2,High-CDR,1
Full,2C,R10PAC_OECD,mortality_million_deaths,PM2.5 mortality,MESSAGEix,MESSAGEix-GLOBIOM 1.1,NGFS Phase 2,High-RE,1
Full,2C,R10PAC_OECD,mortality_million_deaths,PM2.5 mortality,MESSAGEix,MESSAGEix-GLOBIOM 1.2,COVID,High-CDR,5
Full,2C,R10PAC_OECD,mortality_million_deaths,PM2.5 mortality,MESSAGEix,MESSAGEix-GLOBIOM 2.0-M-R12-NGFS,NGFS Phase 5,High-RE,2
Full,2C,R10PAC_OECD,mortality_million_deaths,PM2.5 mortality,MESSAGEix,MESSAGEix-GLOBIOM GEI 1.0,GEI,High-CDR,6
Full,2C,R10PAC_OECD,mortality_million_deaths,PM2.5 mortality,MESSAGEix,MESSAGEix-GLOBIOM GEI 1.0,GEI,High-RE,1
Full,2C,R10PAC_OECD,mortality_million_deaths,PM2.5 mortality,POLES,POLES-JRC ENGAGE,ENGAGE,High-CDR,56
Full,2C,R10PAC_OECD,mortality_million_deaths,PM2.5 mortality,REMIND,REMIND 2.1,CEMICS,High-RE,1
Full,2C,R10PAC_OECD,mortality_million_deaths,PM2.5 mortality,REMIND,REMIND 2.1,LeastTotalCost,High-RE,11
Full,2C,R10PAC_OECD,mortality_million_deaths,PM2.5 mortality,REMIND,REMIND 2.1,R2p1,High-RE,8
Full,2C,R10PAC_OECD,mortality_million_deaths,PM2.5 mortality,REMIND,REMIND 2.1,TechCost,High-RE,9
Full,2C,R10PAC_OECD,mortality_million_deaths,PM2.5 mortality,REMIND,REMIND 3.0,NAVIGATE,High-RE,3
Full,2C,R10PAC_OECD,mortality_million_deaths,PM2.5 mortality,REMIND,REMIND-MAgPIE 1.7-3.0,CD,High-RE,5
Full,2C,R10PAC_OECD,mortality_million_deaths,PM2.5 mortality,REMIND,REMIND-MAgPIE 1.7-3.0,COMMIT,High-RE,4
Full,2C,R10PAC_OECD,mortality_million_deaths,PM2.5 mortality,REMIND,REMIND-MAgPIE 1.7-3.0,PEP,High-RE,5
Full,2C,R10PAC_OECD,mortality_million_deaths,PM2.5 mortality,REMIND,REMIND-MAgPIE 2.1-4.2,CEMICS,High-RE,1
Full,2C,R10PAC_OECD,mortality_million_deaths,PM2.5 mortality,REMIND,REMIND-MAgPIE 2.1-4.2,ENGAGE,High-RE,59
Full,2C,R10PAC_OECD,mortality_million_deaths,PM2.5 mortality,REMIND,REMIND-MAgPIE 2.1-4.2,NGFS Phase 2,High-RE,2
Full,2C,R10PAC_OECD,mortality_million_deaths,PM2.5 mortality,REMIND,REMIND-MAgPIE 2.1-4.2,SusDev,High-RE,3
Full,2C,R10PAC_OECD,mortality_million_deaths,PM2.5 mortality,REMIND,REMIND-MAgPIE 2.1-4.3,DeepElectrification,High-RE,3
Full,2C,R10PAC_OECD,mortality_million_deaths,PM2.5 mortality,REMIND,REMIND-MAgPIE 3.2-4.6,SHAPE,High-RE,2
Full,2C,R10PAC_OECD,mortality_million_deaths,PM2.5 mortality,REMIND,REMIND-MAgPIE 3.2.0-4.8.0,RESCUE,High-RE,5
Full,2C,R10PAC_OECD,mortality_million_deaths,PM2.5 mortality,REMIND,REMIND-MAgPIE 3.3-4.8,NGFS Phase 5,High-RE,5
Full,2C,R10PAC_OECD,mortality_million_deaths,PM2.5 mortality,REMIND,REMIND-Transport 2.1,Transport,High-RE,8
Full,2C,R10PAC_OECD,mortality_million_deaths,PM2.5 mortality,WITCH,WITCH 5.0,COMMIT,High-CDR,2
Full,2C,R10PAC_OECD,mortality_million_deaths,PM2.5 mortality,WITCH,WITCH 5.0,COMMIT,High-RE,1
Full,2C,R10PAC_OECD,mortality_million_deaths,PM2.5 mortality,WITCH,WITCH 5.0,ENGAGE,High-RE,2
Full,2C,R10PAC_OECD,mortality_million_deaths,PM2.5 mortality,WITCH,WITCH 5.0,NAVIGATE,High-RE,4
Full,2C,R10PAC_OECD,total_energy_jobyears_per_1k,Employment,AIM,AIM/CGE V2.2,ENGAGE,High-CDR,20
Full,2C,R10PAC_OECD,total_energy_jobyears_per_1k,Employment,AIM,AIM/CGE V2.2,ENGAGE,High-RE,11
Full,2C,R10PAC_OECD,total_energy_jobyears_per_1k,Employment,COFFEE,COFFEE 1.1,ENGAGE,High-RE,8
Full,2C,R10PAC_OECD,total_energy_jobyears_per_1k,Employment,GCAM,GCAM 6.0 NGFS,NGFS Phase 5,High-RE,4
Full,2C,R10PAC_OECD,total_energy_jobyears_per_1k,Employment,GCAM,GCAM 7.0,IAM,High-CDR,3
Full,2C,R10PAC_OECD,total_energy_jobyears_per_1k,Employment,IMAGE,IMAGE 3.0,ENGAGE,High-CDR,20
Full,2C,R10PAC_OECD,total_energy_jobyears_per_1k,Employment,IMAGE,IMAGE 3.2,ENGAGE,High-CDR,9
Full,2C,R10PAC_OECD,total_energy_jobyears_per_1k,Employment,IMAGE,IMAGE 3.2,SSP2021,High-CDR,8
Full,2C,R10PAC_OECD,total_energy_jobyears_per_1k,Employment,IMAGE,IMAGE 3.2,SSP2021,High-RE,2
Full,2C,R10PAC_OECD,total_energy_jobyears_per_1k,Employment,IMAGE,IMAGE 3.3,NAVIGATE,High-CDR,8
Full,2C,R10PAC_OECD,total_energy_jobyears_per_1k,Employment,MESSAGEix,MESSAGEix-GLOBIOM 1.1,ENGAGE,High-CDR,62
Full,2C,R10PAC_OECD,total_energy_jobyears_per_1k,Employment,MESSAGEix,MESSAGEix-GLOBIOM 1.1,ENGAGE,High-RE,20
Full,2C,R10PAC_OECD,total_energy_jobyears_per_1k,Employment,MESSAGEix,MESSAGEix-GLOBIOM 1.1,NGFS Phase 2,High-CDR,1
Full,2C,R10PAC_OECD,total_energy_jobyears_per_1k,Employment,MESSAGEix,MESSAGEix-GLOBIOM 1.1,NGFS Phase 2,High-RE,1
Full,2C,R10PAC_OECD,total_energy_jobyears_per_1k,Employment,MESSAGEix,MESSAGEix-GLOBIOM 1.2,COVID,High-CDR,5
Full,2C,R10PAC_OECD,total_energy_jobyears_per_1k,Employment,MESSAGEix,MESSAGEix-GLOBIOM 2.0-M-R12-NGFS,NGFS Phase 5,High-RE,2
Full,2C,R10PAC_OECD,total_energy_jobyears_per_1k,Employment,MESSAGEix,MESSAGEix-GLOBIOM GEI 1.0,GEI,High-CDR,6
Full,2C,R10PAC_OECD,total_energy_jobyears_per_1k,Employment,MESSAGEix,MESSAGEix-GLOBIOM GEI 1.0,GEI,High-RE,1
Full,2C,R10PAC_OECD,total_energy_jobyears_per_1k,Employment,POLES,POLES-JRC ENGAGE,ENGAGE,High-CDR,56
Full,2C,R10PAC_OECD,total_energy_jobyears_per_1k,Employment,POLES,POLES-JRC ENGAGE,ENGAGE,High-RE,8
Full,2C,R10PAC_OECD,total_energy_jobyears_per_1k,Employment,REMIND,REMIND 2.1,CEMICS,High-RE,5
Full,2C,R10PAC_OECD,total_energy_jobyears_per_1k,Employment,REMIND,REMIND 2.1,LeastTotalCost,High-RE,11
Full,2C,R10PAC_OECD,total_energy_jobyears_per_1k,Employment,REMIND,REMIND 2.1,R2p1,High-RE,8
Full,2C,R10PAC_OECD,total_energy_jobyears_per_1k,Employment,REMIND,REMIND 2.1,TechCost,High-RE,9
Full,2C,R10PAC_OECD,total_energy_jobyears_per_1k,Employment,REMIND,REMIND 3.0,ENGAGE,High-RE,14
Full,2C,R10PAC_OECD,total_energy_jobyears_per_1k,Employment,REMIND,REMIND 3.0,NAVIGATE,High-RE,7
Full,2C,R10PAC_OECD,total_energy_jobyears_per_1k,Employment,REMIND,REMIND-MAgPIE 1.7-3.0,CD,High-RE,5
Full,2C,R10PAC_OECD,total_energy_jobyears_per_1k,Employment,REMIND,REMIND-MAgPIE 1.7-3.0,COMMIT,High-RE,4
Full,2C,R10PAC_OECD,total_energy_jobyears_per_1k,Employment,REMIND,REMIND-MAgPIE 1.7-3.0,PEP,High-RE,5
Full,2C,R10PAC_OECD,total_energy_jobyears_per_1k,Employment,REMIND,REMIND-MAgPIE 2.1-4.2,CEMICS,High-RE,3
Full,2C,R10PAC_OECD,total_energy_jobyears_per_1k,Employment,REMIND,REMIND-MAgPIE 2.1-4.2,ENGAGE,High-RE,59
Full,2C,R10PAC_OECD,total_energy_jobyears_per_1k,Employment,REMIND,REMIND-MAgPIE 2.1-4.2,NGFS Phase 2,High-RE,5
Full,2C,R10PAC_OECD,total_energy_jobyears_per_1k,Employment,REMIND,REMIND-MAgPIE 2.1-4.2,SusDev,High-RE,3
Full,2C,R10PAC_OECD,total_energy_jobyears_per_1k,Employment,REMIND,REMIND-MAgPIE 2.1-4.3,DeepElectrification,High-RE,3
Full,2C,R10PAC_OECD,total_energy_jobyears_per_1k,Employment,REMIND,REMIND-MAgPIE 3.2-4.6,SHAPE,High-RE,2
Full,2C,R10PAC_OECD,total_energy_jobyears_per_1k,Employment,REMIND,REMIND-MAgPIE 3.2.0-4.8.0,RESCUE,High-RE,5
Full,2C,R10PAC_OECD,total_energy_jobyears_per_1k,Employment,REMIND,REMIND-MAgPIE 3.3-4.8,NGFS Phase 5,High-RE,5
Full,2C,R10PAC_OECD,total_energy_jobyears_per_1k,Employment,REMIND,REMIND-Transport 2.1,Transport,High-RE,8
Full,2C,R10PAC_OECD,total_energy_jobyears_per_1k,Employment,TIAM,TIAM-ECN 1.1,ENGAGE,High-CDR,12
Full,2C,R10PAC_OECD,total_energy_jobyears_per_1k,Employment,WITCH,WITCH 5.0,COMMIT,High-CDR,2
Full,2C,R10PAC_OECD,total_energy_jobyears_per_1k,Employment,WITCH,WITCH 5.0,COMMIT,High-RE,1
Full,2C,R10PAC_OECD,total_energy_jobyears_per_1k,Employment,WITCH,WITCH 5.0,ENGAGE,High-RE,11
Full,2C,R10PAC_OECD,total_energy_jobyears_per_1k,Employment,WITCH,WITCH 5.0,NAVIGATE,High-RE,4
Full,2C,R10REF_ECON,gap_GJ_pc,DLE gap,AIM,AIM/CGE V2.2,ENGAGE,High-CDR,20
Full,2C,R10REF_ECON,gap_GJ_pc,DLE gap,AIM,AIM/CGE V2.2,ENGAGE,High-RE,11
Full,2C,R10REF_ECON,gap_GJ_pc,DLE gap,GCAM,GCAM 5.3,Deep,High-CDR,23
Full,2C,R10REF_ECON,gap_GJ_pc,DLE gap,GCAM,GCAM 6.0 NGFS,NGFS Phase 5,High-RE,4
Full,2C,R10REF_ECON,gap_GJ_pc,DLE gap,GCAM,GCAM 7.0,IAM,High-CDR,3
Full,2C,R10REF_ECON,gap_GJ_pc,DLE gap,IMAGE,IMAGE 3.0,COMMIT,High-CDR,3
Full,2C,R10REF_ECON,gap_GJ_pc,DLE gap,IMAGE,IMAGE 3.0,ENGAGE,High-CDR,20
Full,2C,R10REF_ECON,gap_GJ_pc,DLE gap,IMAGE,IMAGE 3.2,ENGAGE,High-CDR,9
Full,2C,R10REF_ECON,gap_GJ_pc,DLE gap,IMAGE,IMAGE 3.2,SSP2021,High-CDR,8
Full,2C,R10REF_ECON,gap_GJ_pc,DLE gap,IMAGE,IMAGE 3.2,SSP2021,High-RE,2
Full,2C,R10REF_ECON,gap_GJ_pc,DLE gap,IMAGE,IMAGE 3.3,NAVIGATE,High-CDR,8
Full,2C,R10REF_ECON,gap_GJ_pc,DLE gap,MESSAGEix,MESSAGEix-GLOBIOM 1.1,ENGAGE,High-CDR,62
Full,2C,R10REF_ECON,gap_GJ_pc,DLE gap,MESSAGEix,MESSAGEix-GLOBIOM 1.1,ENGAGE,High-RE,20
Full,2C,R10REF_ECON,gap_GJ_pc,DLE gap,MESSAGEix,MESSAGEix-GLOBIOM 1.1,NGFS Phase 2,High-CDR,1
Full,2C,R10REF_ECON,gap_GJ_pc,DLE gap,MESSAGEix,MESSAGEix-GLOBIOM 1.1,NGFS Phase 2,High-RE,1
Full,2C,R10REF_ECON,gap_GJ_pc,DLE gap,MESSAGEix,MESSAGEix-GLOBIOM 1.2,COVID,High-CDR,5
Full,2C,R10REF_ECON,gap_GJ_pc,DLE gap,MESSAGEix,MESSAGEix-GLOBIOM 2.0-M-R12-NGFS,NGFS Phase 5,High-RE,2
Full,2C,R10REF_ECON,gap_GJ_pc,DLE gap,MESSAGEix,MESSAGEix-GLOBIOM GEI 1.0,GEI,High-CDR,6
Full,2C,R10REF_ECON,gap_GJ_pc,DLE gap,MESSAGEix,MESSAGEix-GLOBIOM GEI 1.0,GEI,High-RE,1
Full,2C,R10REF_ECON,gap_GJ_pc,DLE gap,POLES,POLES-JRC ENGAGE,ENGAGE,High-CDR,56
Full,2C,R10REF_ECON,gap_GJ_pc,DLE gap,POLES,POLES-JRC ENGAGE,ENGAGE,High-RE,8
Full,2C,R10REF_ECON,gap_GJ_pc,DLE gap,REMIND,REMIND 2.1,CEMICS,High-RE,5
Full,2C,R10REF_ECON,gap_GJ_pc,DLE gap,REMIND,REMIND 2.1,LeastTotalCost,High-RE,11
Full,2C,R10REF_ECON,gap_GJ_pc,DLE gap,REMIND,REMIND 2.1,R2p1,High-RE,8
Full,2C,R10REF_ECON,gap_GJ_pc,DLE gap,REMIND,REMIND 2.1,TechCost,High-RE,9
Full,2C,R10REF_ECON,gap_GJ_pc,DLE gap,REMIND,REMIND 3.0,ENGAGE,High-RE,14
Full,2C,R10REF_ECON,gap_GJ_pc,DLE gap,REMIND,REMIND 3.0,NAVIGATE,High-RE,7
Full,2C,R10REF_ECON,gap_GJ_pc,DLE gap,REMIND,REMIND-MAgPIE 1.7-3.0,CD,High-RE,5
Full,2C,R10REF_ECON,gap_GJ_pc,DLE gap,REMIND,REMIND-MAgPIE 1.7-3.0,COMMIT,High-RE,4
Full,2C,R10REF_ECON,gap_GJ_pc,DLE gap,REMIND,REMIND-MAgPIE 1.7-3.0,PEP,High-RE,5
Full,2C,R10REF_ECON,gap_GJ_pc,DLE gap,REMIND,REMIND-MAgPIE 2.0-4.1,Diff,High-RE,4
Full,2C,R10REF_ECON,gap_GJ_pc,DLE gap,REMIND,REMIND-MAgPIE 2.1-4.2,CEMICS,High-RE,3
Full,2C,R10REF_ECON,gap_GJ_pc,DLE gap,REMIND,REMIND-MAgPIE 2.1-4.2,ENGAGE,High-RE,59
Full,2C,R10REF_ECON,gap_GJ_pc,DLE gap,REMIND,REMIND-MAgPIE 2.1-4.2,NGFS Phase 2,High-RE,5
Full,2C,R10REF_ECON,gap_GJ_pc,DLE gap,REMIND,REMIND-MAgPIE 2.1-4.2,SusDev,High-RE,3
Full,2C,R10REF_ECON,gap_GJ_pc,DLE gap,REMIND,REMIND-MAgPIE 2.1-4.3,DeepElectrification,High-RE,3
Full,2C,R10REF_ECON,gap_GJ_pc,DLE gap,REMIND,REMIND-MAgPIE 3.2-4.6,SHAPE,High-RE,2
Full,2C,R10REF_ECON,gap_GJ_pc,DLE gap,REMIND,REMIND-MAgPIE 3.2.0-4.8.0,RESCUE,High-RE,5
Full,2C,R10REF_ECON,gap_GJ_pc,DLE gap,REMIND,REMIND-MAgPIE 3.3-4.8,NGFS Phase 5,High-RE,5
Full,2C,R10REF_ECON,gap_GJ_pc,DLE gap,REMIND,REMIND-Transport 2.1,Transport,High-RE,8
Full,2C,R10REF_ECON,gap_GJ_pc,DLE gap,WITCH,WITCH 5.0,COMMIT,High-CDR,2
Full,2C,R10REF_ECON,gap_GJ_pc,DLE gap,WITCH,WITCH 5.0,COMMIT,High-RE,1
Full,2C,R10REF_ECON,gap_GJ_pc,DLE gap,WITCH,WITCH 5.0,ENGAGE,High-RE,11
Full,2C,R10REF_ECON,gap_GJ_pc,DLE gap,WITCH,WITCH 5.0,NAVIGATE,High-RE,4
Full,2C,R10REF_ECON,headcount_pct,Deprived headcount,AIM,AIM/CGE V2.2,ENGAGE,High-CDR,20
Full,2C,R10REF_ECON,headcount_pct,Deprived headcount,AIM,AIM/CGE V2.2,ENGAGE,High-RE,11
Full,2C,R10REF_ECON,headcount_pct,Deprived headcount,GCAM,GCAM 5.3,Deep,High-CDR,23
Full,2C,R10REF_ECON,headcount_pct,Deprived headcount,GCAM,GCAM 6.0 NGFS,NGFS Phase 5,High-RE,4
Full,2C,R10REF_ECON,headcount_pct,Deprived headcount,GCAM,GCAM 7.0,IAM,High-CDR,3
Full,2C,R10REF_ECON,headcount_pct,Deprived headcount,IMAGE,IMAGE 3.0,COMMIT,High-CDR,3
Full,2C,R10REF_ECON,headcount_pct,Deprived headcount,IMAGE,IMAGE 3.0,ENGAGE,High-CDR,20
Full,2C,R10REF_ECON,headcount_pct,Deprived headcount,IMAGE,IMAGE 3.2,ENGAGE,High-CDR,9
Full,2C,R10REF_ECON,headcount_pct,Deprived headcount,IMAGE,IMAGE 3.2,SSP2021,High-CDR,8
Full,2C,R10REF_ECON,headcount_pct,Deprived headcount,IMAGE,IMAGE 3.2,SSP2021,High-RE,2
Full,2C,R10REF_ECON,headcount_pct,Deprived headcount,IMAGE,IMAGE 3.3,NAVIGATE,High-CDR,8
Full,2C,R10REF_ECON,headcount_pct,Deprived headcount,MESSAGEix,MESSAGEix-GLOBIOM 1.1,ENGAGE,High-CDR,62
Full,2C,R10REF_ECON,headcount_pct,Deprived headcount,MESSAGEix,MESSAGEix-GLOBIOM 1.1,ENGAGE,High-RE,20
Full,2C,R10REF_ECON,headcount_pct,Deprived headcount,MESSAGEix,MESSAGEix-GLOBIOM 1.1,NGFS Phase 2,High-CDR,1
Full,2C,R10REF_ECON,headcount_pct,Deprived headcount,MESSAGEix,MESSAGEix-GLOBIOM 1.1,NGFS Phase 2,High-RE,1
Full,2C,R10REF_ECON,headcount_pct,Deprived headcount,MESSAGEix,MESSAGEix-GLOBIOM 1.2,COVID,High-CDR,5
Full,2C,R10REF_ECON,headcount_pct,Deprived headcount,MESSAGEix,MESSAGEix-GLOBIOM 2.0-M-R12-NGFS,NGFS Phase 5,High-RE,2
Full,2C,R10REF_ECON,headcount_pct,Deprived headcount,MESSAGEix,MESSAGEix-GLOBIOM GEI 1.0,GEI,High-CDR,6
Full,2C,R10REF_ECON,headcount_pct,Deprived headcount,MESSAGEix,MESSAGEix-GLOBIOM GEI 1.0,GEI,High-RE,1
Full,2C,R10REF_ECON,headcount_pct,Deprived headcount,POLES,POLES-JRC ENGAGE,ENGAGE,High-CDR,56
Full,2C,R10REF_ECON,headcount_pct,Deprived headcount,POLES,POLES-JRC ENGAGE,ENGAGE,High-RE,8
Full,2C,R10REF_ECON,headcount_pct,Deprived headcount,REMIND,REMIND 2.1,CEMICS,High-RE,5
Full,2C,R10REF_ECON,headcount_pct,Deprived headcount,REMIND,REMIND 2.1,LeastTotalCost,High-RE,11
Full,2C,R10REF_ECON,headcount_pct,Deprived headcount,REMIND,REMIND 2.1,R2p1,High-RE,8
Full,2C,R10REF_ECON,headcount_pct,Deprived headcount,REMIND,REMIND 2.1,TechCost,High-RE,9
Full,2C,R10REF_ECON,headcount_pct,Deprived headcount,REMIND,REMIND 3.0,ENGAGE,High-RE,14
Full,2C,R10REF_ECON,headcount_pct,Deprived headcount,REMIND,REMIND 3.0,NAVIGATE,High-RE,7
Full,2C,R10REF_ECON,headcount_pct,Deprived headcount,REMIND,REMIND-MAgPIE 1.7-3.0,CD,High-RE,5
Full,2C,R10REF_ECON,headcount_pct,Deprived headcount,REMIND,REMIND-MAgPIE 1.7-3.0,COMMIT,High-RE,4
Full,2C,R10REF_ECON,headcount_pct,Deprived headcount,REMIND,REMIND-MAgPIE 1.7-3.0,PEP,High-RE,5
Full,2C,R10REF_ECON,headcount_pct,Deprived headcount,REMIND,REMIND-MAgPIE 2.0-4.1,Diff,High-RE,4
Full,2C,R10REF_ECON,headcount_pct,Deprived headcount,REMIND,REMIND-MAgPIE 2.1-4.2,CEMICS,High-RE,3
Full,2C,R10REF_ECON,headcount_pct,Deprived headcount,REMIND,REMIND-MAgPIE 2.1-4.2,ENGAGE,High-RE,59
Full,2C,R10REF_ECON,headcount_pct,Deprived headcount,REMIND,REMIND-MAgPIE 2.1-4.2,NGFS Phase 2,High-RE,5
Full,2C,R10REF_ECON,headcount_pct,Deprived headcount,REMIND,REMIND-MAgPIE 2.1-4.2,SusDev,High-RE,3
Full,2C,R10REF_ECON,headcount_pct,Deprived headcount,REMIND,REMIND-MAgPIE 2.1-4.3,DeepElectrification,High-RE,3
Full,2C,R10REF_ECON,headcount_pct,Deprived headcount,REMIND,REMIND-MAgPIE 3.2-4.6,SHAPE,High-RE,2
Full,2C,R10REF_ECON,headcount_pct,Deprived headcount,REMIND,REMIND-MAgPIE 3.2.0-4.8.0,RESCUE,High-RE,5
Full,2C,R10REF_ECON,headcount_pct,Deprived headcount,REMIND,REMIND-MAgPIE 3.3-4.8,NGFS Phase 5,High-RE,5
Full,2C,R10REF_ECON,headcount_pct,Deprived headcount,REMIND,REMIND-Transport 2.1,Transport,High-RE,8
Full,2C,R10REF_ECON,headcount_pct,Deprived headcount,WITCH,WITCH 5.0,COMMIT,High-CDR,2
Full,2C,R10REF_ECON,headcount_pct,Deprived headcount,WITCH,WITCH 5.0,COMMIT,High-RE,1
Full,2C,R10REF_ECON,headcount_pct,Deprived headcount,WITCH,WITCH 5.0,ENGAGE,High-RE,11
Full,2C,R10REF_ECON,headcount_pct,Deprived headcount,WITCH,WITCH 5.0,NAVIGATE,High-RE,4
Full,2C,R10REF_ECON,mortality_million_deaths,PM2.5 mortality,AIM,AIM/CGE V2.2,ENGAGE,High-CDR,20
Full,2C,R10REF_ECON,mortality_million_deaths,PM2.5 mortality,AIM,AIM/CGE V2.2,ENGAGE,High-RE,4
Full,2C,R10REF_ECON,mortality_million_deaths,PM2.5 mortality,GCAM,GCAM 6.0 NGFS,NGFS Phase 5,High-RE,4
Full,2C,R10REF_ECON,mortality_million_deaths,PM2.5 mortality,GCAM,GCAM 7.0,IAM,High-CDR,3
Full,2C,R10REF_ECON,mortality_million_deaths,PM2.5 mortality,IMAGE,IMAGE 3.0,ENGAGE,High-CDR,20
Full,2C,R10REF_ECON,mortality_million_deaths,PM2.5 mortality,IMAGE,IMAGE 3.2,SSP2021,High-CDR,8
Full,2C,R10REF_ECON,mortality_million_deaths,PM2.5 mortality,IMAGE,IMAGE 3.2,SSP2021,High-RE,2
Full,2C,R10REF_ECON,mortality_million_deaths,PM2.5 mortality,IMAGE,IMAGE 3.3,NAVIGATE,High-CDR,8
Full,2C,R10REF_ECON,mortality_million_deaths,PM2.5 mortality,MESSAGEix,MESSAGEix-GLOBIOM 1.1,ENGAGE,High-CDR,60
Full,2C,R10REF_ECON,mortality_million_deaths,PM2.5 mortality,MESSAGEix,MESSAGEix-GLOBIOM 1.1,ENGAGE,High-RE,17
Full,2C,R10REF_ECON,mortality_million_deaths,PM2.5 mortality,MESSAGEix,MESSAGEix-GLOBIOM 1.1,NGFS Phase 2,High-CDR,1
Full,2C,R10REF_ECON,mortality_million_deaths,PM2.5 mortality,MESSAGEix,MESSAGEix-GLOBIOM 1.1,NGFS Phase 2,High-RE,1
Full,2C,R10REF_ECON,mortality_million_deaths,PM2.5 mortality,MESSAGEix,MESSAGEix-GLOBIOM 1.2,COVID,High-CDR,5
Full,2C,R10REF_ECON,mortality_million_deaths,PM2.5 mortality,MESSAGEix,MESSAGEix-GLOBIOM 2.0-M-R12-NGFS,NGFS Phase 5,High-RE,2
Full,2C,R10REF_ECON,mortality_million_deaths,PM2.5 mortality,MESSAGEix,MESSAGEix-GLOBIOM GEI 1.0,GEI,High-CDR,6
Full,2C,R10REF_ECON,mortality_million_deaths,PM2.5 mortality,MESSAGEix,MESSAGEix-GLOBIOM GEI 1.0,GEI,High-RE,1
Full,2C,R10REF_ECON,mortality_million_deaths,PM2.5 mortality,POLES,POLES-JRC ENGAGE,ENGAGE,High-CDR,56
Full,2C,R10REF_ECON,mortality_million_deaths,PM2.5 mortality,REMIND,REMIND 2.1,CEMICS,High-RE,1
Full,2C,R10REF_ECON,mortality_million_deaths,PM2.5 mortality,REMIND,REMIND 2.1,LeastTotalCost,High-RE,11
Full,2C,R10REF_ECON,mortality_million_deaths,PM2.5 mortality,REMIND,REMIND 2.1,R2p1,High-RE,8
Full,2C,R10REF_ECON,mortality_million_deaths,PM2.5 mortality,REMIND,REMIND 2.1,TechCost,High-RE,9
Full,2C,R10REF_ECON,mortality_million_deaths,PM2.5 mortality,REMIND,REMIND 3.0,NAVIGATE,High-RE,3
Full,2C,R10REF_ECON,mortality_million_deaths,PM2.5 mortality,REMIND,REMIND-MAgPIE 1.7-3.0,CD,High-RE,5
Full,2C,R10REF_ECON,mortality_million_deaths,PM2.5 mortality,REMIND,REMIND-MAgPIE 1.7-3.0,COMMIT,High-RE,4
Full,2C,R10REF_ECON,mortality_million_deaths,PM2.5 mortality,REMIND,REMIND-MAgPIE 1.7-3.0,PEP,High-RE,5
Full,2C,R10REF_ECON,mortality_million_deaths,PM2.5 mortality,REMIND,REMIND-MAgPIE 2.1-4.2,CEMICS,High-RE,1
Full,2C,R10REF_ECON,mortality_million_deaths,PM2.5 mortality,REMIND,REMIND-MAgPIE 2.1-4.2,ENGAGE,High-RE,59
Full,2C,R10REF_ECON,mortality_million_deaths,PM2.5 mortality,REMIND,REMIND-MAgPIE 2.1-4.2,NGFS Phase 2,High-RE,2
Full,2C,R10REF_ECON,mortality_million_deaths,PM2.5 mortality,REMIND,REMIND-MAgPIE 2.1-4.2,SusDev,High-RE,3
Full,2C,R10REF_ECON,mortality_million_deaths,PM2.5 mortality,REMIND,REMIND-MAgPIE 2.1-4.3,DeepElectrification,High-RE,3
Full,2C,R10REF_ECON,mortality_million_deaths,PM2.5 mortality,REMIND,REMIND-MAgPIE 3.2-4.6,SHAPE,High-RE,2
Full,2C,R10REF_ECON,mortality_million_deaths,PM2.5 mortality,REMIND,REMIND-MAgPIE 3.2.0-4.8.0,RESCUE,High-RE,5
Full,2C,R10REF_ECON,mortality_million_deaths,PM2.5 mortality,REMIND,REMIND-MAgPIE 3.3-4.8,NGFS Phase 5,High-RE,5
Full,2C,R10REF_ECON,mortality_million_deaths,PM2.5 mortality,REMIND,REMIND-Transport 2.1,Transport,High-RE,8
Full,2C,R10REF_ECON,mortality_million_deaths,PM2.5 mortality,WITCH,WITCH 5.0,COMMIT,High-CDR,2
Full,2C,R10REF_ECON,mortality_million_deaths,PM2.5 mortality,WITCH,WITCH 5.0,COMMIT,High-RE,1
Full,2C,R10REF_ECON,mortality_million_deaths,PM2.5 mortality,WITCH,WITCH 5.0,ENGAGE,High-RE,2
Full,2C,R10REF_ECON,mortality_million_deaths,PM2.5 mortality,WITCH,WITCH 5.0,NAVIGATE,High-RE,4
Full,2C,R10REF_ECON,total_energy_jobyears_per_1k,Employment,AIM,AIM/CGE V2.2,ENGAGE,High-CDR,20
Full,2C,R10REF_ECON,total_energy_jobyears_per_1k,Employment,AIM,AIM/CGE V2.2,ENGAGE,High-RE,11
Full,2C,R10REF_ECON,total_energy_jobyears_per_1k,Employment,COFFEE,COFFEE 1.1,ENGAGE,High-RE,8
Full,2C,R10REF_ECON,total_energy_jobyears_per_1k,Employment,GCAM,GCAM 6.0 NGFS,NGFS Phase 5,High-RE,4
Full,2C,R10REF_ECON,total_energy_jobyears_per_1k,Employment,GCAM,GCAM 7.0,IAM,High-CDR,3
Full,2C,R10REF_ECON,total_energy_jobyears_per_1k,Employment,IMAGE,IMAGE 3.0,COMMIT,High-CDR,3
Full,2C,R10REF_ECON,total_energy_jobyears_per_1k,Employment,IMAGE,IMAGE 3.0,ENGAGE,High-CDR,20
Full,2C,R10REF_ECON,total_energy_jobyears_per_1k,Employment,IMAGE,IMAGE 3.2,ENGAGE,High-CDR,9
Full,2C,R10REF_ECON,total_energy_jobyears_per_1k,Employment,IMAGE,IMAGE 3.2,SSP2021,High-CDR,8
Full,2C,R10REF_ECON,total_energy_jobyears_per_1k,Employment,IMAGE,IMAGE 3.2,SSP2021,High-RE,2
Full,2C,R10REF_ECON,total_energy_jobyears_per_1k,Employment,IMAGE,IMAGE 3.3,NAVIGATE,High-CDR,8
Full,2C,R10REF_ECON,total_energy_jobyears_per_1k,Employment,MESSAGEix,MESSAGEix-GLOBIOM 1.1,ENGAGE,High-CDR,62
Full,2C,R10REF_ECON,total_energy_jobyears_per_1k,Employment,MESSAGEix,MESSAGEix-GLOBIOM 1.1,ENGAGE,High-RE,20
Full,2C,R10REF_ECON,total_energy_jobyears_per_1k,Employment,MESSAGEix,MESSAGEix-GLOBIOM 1.1,NGFS Phase 2,High-CDR,1
Full,2C,R10REF_ECON,total_energy_jobyears_per_1k,Employment,MESSAGEix,MESSAGEix-GLOBIOM 1.1,NGFS Phase 2,High-RE,1
Full,2C,R10REF_ECON,total_energy_jobyears_per_1k,Employment,MESSAGEix,MESSAGEix-GLOBIOM 1.2,COVID,High-CDR,5
Full,2C,R10REF_ECON,total_energy_jobyears_per_1k,Employment,MESSAGEix,MESSAGEix-GLOBIOM 2.0-M-R12-NGFS,NGFS Phase 5,High-RE,2
Full,2C,R10REF_ECON,total_energy_jobyears_per_1k,Employment,MESSAGEix,MESSAGEix-GLOBIOM GEI 1.0,GEI,High-CDR,6
Full,2C,R10REF_ECON,total_energy_jobyears_per_1k,Employment,MESSAGEix,MESSAGEix-GLOBIOM GEI 1.0,GEI,High-RE,1
Full,2C,R10REF_ECON,total_energy_jobyears_per_1k,Employment,POLES,POLES-JRC ENGAGE,ENGAGE,High-CDR,56
Full,2C,R10REF_ECON,total_energy_jobyears_per_1k,Employment,POLES,POLES-JRC ENGAGE,ENGAGE,High-RE,8
Full,2C,R10REF_ECON,total_energy_jobyears_per_1k,Employment,REMIND,REMIND 2.1,CEMICS,High-RE,5
Full,2C,R10REF_ECON,total_energy_jobyears_per_1k,Employment,REMIND,REMIND 2.1,LeastTotalCost,High-RE,11
Full,2C,R10REF_ECON,total_energy_jobyears_per_1k,Employment,REMIND,REMIND 2.1,R2p1,High-RE,8
Full,2C,R10REF_ECON,total_energy_jobyears_per_1k,Employment,REMIND,REMIND 2.1,TechCost,High-RE,9
Full,2C,R10REF_ECON,total_energy_jobyears_per_1k,Employment,REMIND,REMIND 3.0,ENGAGE,High-RE,14
Full,2C,R10REF_ECON,total_energy_jobyears_per_1k,Employment,REMIND,REMIND 3.0,NAVIGATE,High-RE,7
Full,2C,R10REF_ECON,total_energy_jobyears_per_1k,Employment,REMIND,REMIND-MAgPIE 1.7-3.0,CD,High-RE,5
Full,2C,R10REF_ECON,total_energy_jobyears_per_1k,Employment,REMIND,REMIND-MAgPIE 1.7-3.0,COMMIT,High-RE,4
Full,2C,R10REF_ECON,total_energy_jobyears_per_1k,Employment,REMIND,REMIND-MAgPIE 1.7-3.0,PEP,High-RE,5
Full,2C,R10REF_ECON,total_energy_jobyears_per_1k,Employment,REMIND,REMIND-MAgPIE 2.0-4.1,Diff,High-RE,4
Full,2C,R10REF_ECON,total_energy_jobyears_per_1k,Employment,REMIND,REMIND-MAgPIE 2.1-4.2,CEMICS,High-RE,3
Full,2C,R10REF_ECON,total_energy_jobyears_per_1k,Employment,REMIND,REMIND-MAgPIE 2.1-4.2,ENGAGE,High-RE,59
Full,2C,R10REF_ECON,total_energy_jobyears_per_1k,Employment,REMIND,REMIND-MAgPIE 2.1-4.2,NGFS Phase 2,High-RE,5
Full,2C,R10REF_ECON,total_energy_jobyears_per_1k,Employment,REMIND,REMIND-MAgPIE 2.1-4.2,SusDev,High-RE,3
Full,2C,R10REF_ECON,total_energy_jobyears_per_1k,Employment,REMIND,REMIND-MAgPIE 2.1-4.3,DeepElectrification,High-RE,3
Full,2C,R10REF_ECON,total_energy_jobyears_per_1k,Employment,REMIND,REMIND-MAgPIE 3.2-4.6,SHAPE,High-RE,2
Full,2C,R10REF_ECON,total_energy_jobyears_per_1k,Employment,REMIND,REMIND-MAgPIE 3.2.0-4.8.0,RESCUE,High-RE,5
Full,2C,R10REF_ECON,total_energy_jobyears_per_1k,Employment,REMIND,REMIND-MAgPIE 3.3-4.8,NGFS Phase 5,High-RE,5
Full,2C,R10REF_ECON,total_energy_jobyears_per_1k,Employment,REMIND,REMIND-Transport 2.1,Transport,High-RE,8
Full,2C,R10REF_ECON,total_energy_jobyears_per_1k,Employment,TIAM,TIAM-ECN 1.1,ENGAGE,High-CDR,12
Full,2C,R10REF_ECON,total_energy_jobyears_per_1k,Employment,WITCH,WITCH 5.0,COMMIT,High-CDR,2
Full,2C,R10REF_ECON,total_energy_jobyears_per_1k,Employment,WITCH,WITCH 5.0,COMMIT,High-RE,1
Full,2C,R10REF_ECON,total_energy_jobyears_per_1k,Employment,WITCH,WITCH 5.0,ENGAGE,High-RE,11
Full,2C,R10REF_ECON,total_energy_jobyears_per_1k,Employment,WITCH,WITCH 5.0,NAVIGATE,High-RE,4
Full,2C,R10REST_ASIA,gap_GJ_pc,DLE gap,AIM,AIM/CGE V2.2,ENGAGE,High-CDR,20
Full,2C,R10REST_ASIA,gap_GJ_pc,DLE gap,AIM,AIM/CGE V2.2,ENGAGE,High-RE,11
Full,2C,R10REST_ASIA,gap_GJ_pc,DLE gap,GCAM,GCAM 5.3,Deep,High-CDR,23
Full,2C,R10REST_ASIA,gap_GJ_pc,DLE gap,GCAM,GCAM 6.0 NGFS,NGFS Phase 5,High-RE,4
Full,2C,R10REST_ASIA,gap_GJ_pc,DLE gap,GCAM,GCAM 7.0,IAM,High-CDR,3
Full,2C,R10REST_ASIA,gap_GJ_pc,DLE gap,IMAGE,IMAGE 3.0,ENGAGE,High-CDR,20
Full,2C,R10REST_ASIA,gap_GJ_pc,DLE gap,IMAGE,IMAGE 3.2,ENGAGE,High-CDR,9
Full,2C,R10REST_ASIA,gap_GJ_pc,DLE gap,IMAGE,IMAGE 3.2,SSP2021,High-CDR,8
Full,2C,R10REST_ASIA,gap_GJ_pc,DLE gap,IMAGE,IMAGE 3.2,SSP2021,High-RE,2
Full,2C,R10REST_ASIA,gap_GJ_pc,DLE gap,IMAGE,IMAGE 3.3,NAVIGATE,High-CDR,8
Full,2C,R10REST_ASIA,gap_GJ_pc,DLE gap,MESSAGEix,MESSAGEix-GLOBIOM 1.1,ENGAGE,High-CDR,62
Full,2C,R10REST_ASIA,gap_GJ_pc,DLE gap,MESSAGEix,MESSAGEix-GLOBIOM 1.1,ENGAGE,High-RE,20
Full,2C,R10REST_ASIA,gap_GJ_pc,DLE gap,MESSAGEix,MESSAGEix-GLOBIOM 1.1,NGFS Phase 2,High-CDR,1
Full,2C,R10REST_ASIA,gap_GJ_pc,DLE gap,MESSAGEix,MESSAGEix-GLOBIOM 1.1,NGFS Phase 2,High-RE,1
Full,2C,R10REST_ASIA,gap_GJ_pc,DLE gap,MESSAGEix,MESSAGEix-GLOBIOM 1.2,COVID,High-CDR,5
Full,2C,R10REST_ASIA,gap_GJ_pc,DLE gap,MESSAGEix,MESSAGEix-GLOBIOM 2.0-M-R12-NGFS,NGFS Phase 5,High-RE,2
Full,2C,R10REST_ASIA,gap_GJ_pc,DLE gap,MESSAGEix,MESSAGEix-GLOBIOM GEI 1.0,GEI,High-CDR,6
Full,2C,R10REST_ASIA,gap_GJ_pc,DLE gap,MESSAGEix,MESSAGEix-GLOBIOM GEI 1.0,GEI,High-RE,1
Full,2C,R10REST_ASIA,gap_GJ_pc,DLE gap,POLES,POLES-JRC ENGAGE,ENGAGE,High-CDR,56
Full,2C,R10REST_ASIA,gap_GJ_pc,DLE gap,POLES,POLES-JRC ENGAGE,ENGAGE,High-RE,8
Full,2C,R10REST_ASIA,gap_GJ_pc,DLE gap,REMIND,REMIND 2.1,CEMICS,High-RE,5
Full,2C,R10REST_ASIA,gap_GJ_pc,DLE gap,REMIND,REMIND 2.1,LeastTotalCost,High-RE,11
Full,2C,R10REST_ASIA,gap_GJ_pc,DLE gap,REMIND,REMIND 2.1,R2p1,High-RE,8
Full,2C,R10REST_ASIA,gap_GJ_pc,DLE gap,REMIND,REMIND 2.1,TechCost,High-RE,9
Full,2C,R10REST_ASIA,gap_GJ_pc,DLE gap,REMIND,REMIND 3.0,ENGAGE,High-RE,14
Full,2C,R10REST_ASIA,gap_GJ_pc,DLE gap,REMIND,REMIND 3.0,NAVIGATE,High-RE,7
Full,2C,R10REST_ASIA,gap_GJ_pc,DLE gap,REMIND,REMIND-MAgPIE 1.7-3.0,CD,High-RE,5
Full,2C,R10REST_ASIA,gap_GJ_pc,DLE gap,REMIND,REMIND-MAgPIE 1.7-3.0,COMMIT,High-RE,4
Full,2C,R10REST_ASIA,gap_GJ_pc,DLE gap,REMIND,REMIND-MAgPIE 1.7-3.0,PEP,High-RE,5
Full,2C,R10REST_ASIA,gap_GJ_pc,DLE gap,REMIND,REMIND-MAgPIE 2.0-4.1,Diff,High-RE,4
Full,2C,R10REST_ASIA,gap_GJ_pc,DLE gap,REMIND,REMIND-MAgPIE 2.1-4.2,CEMICS,High-RE,3
Full,2C,R10REST_ASIA,gap_GJ_pc,DLE gap,REMIND,REMIND-MAgPIE 2.1-4.2,ENGAGE,High-RE,59
Full,2C,R10REST_ASIA,gap_GJ_pc,DLE gap,REMIND,REMIND-MAgPIE 2.1-4.2,NGFS Phase 2,High-RE,5
Full,2C,R10REST_ASIA,gap_GJ_pc,DLE gap,REMIND,REMIND-MAgPIE 2.1-4.2,SusDev,High-RE,3
Full,2C,R10REST_ASIA,gap_GJ_pc,DLE gap,REMIND,REMIND-MAgPIE 2.1-4.3,DeepElectrification,High-RE,3
Full,2C,R10REST_ASIA,gap_GJ_pc,DLE gap,REMIND,REMIND-MAgPIE 3.2-4.6,SHAPE,High-RE,2
Full,2C,R10REST_ASIA,gap_GJ_pc,DLE gap,REMIND,REMIND-MAgPIE 3.2.0-4.8.0,RESCUE,High-RE,5
Full,2C,R10REST_ASIA,gap_GJ_pc,DLE gap,REMIND,REMIND-MAgPIE 3.3-4.8,NGFS Phase 5,High-RE,5
Full,2C,R10REST_ASIA,gap_GJ_pc,DLE gap,REMIND,REMIND-Transport 2.1,Transport,High-RE,8
Full,2C,R10REST_ASIA,gap_GJ_pc,DLE gap,WITCH,WITCH 5.0,COMMIT,High-CDR,2
Full,2C,R10REST_ASIA,gap_GJ_pc,DLE gap,WITCH,WITCH 5.0,COMMIT,High-RE,1
Full,2C,R10REST_ASIA,gap_GJ_pc,DLE gap,WITCH,WITCH 5.0,ENGAGE,High-RE,11
Full,2C,R10REST_ASIA,gap_GJ_pc,DLE gap,WITCH,WITCH 5.0,NAVIGATE,High-RE,4
Full,2C,R10REST_ASIA,headcount_pct,Deprived headcount,AIM,AIM/CGE V2.2,ENGAGE,High-CDR,20
Full,2C,R10REST_ASIA,headcount_pct,Deprived headcount,AIM,AIM/CGE V2.2,ENGAGE,High-RE,11
Full,2C,R10REST_ASIA,headcount_pct,Deprived headcount,GCAM,GCAM 5.3,Deep,High-CDR,23
Full,2C,R10REST_ASIA,headcount_pct,Deprived headcount,GCAM,GCAM 6.0 NGFS,NGFS Phase 5,High-RE,4
Full,2C,R10REST_ASIA,headcount_pct,Deprived headcount,GCAM,GCAM 7.0,IAM,High-CDR,3
Full,2C,R10REST_ASIA,headcount_pct,Deprived headcount,IMAGE,IMAGE 3.0,ENGAGE,High-CDR,20
Full,2C,R10REST_ASIA,headcount_pct,Deprived headcount,IMAGE,IMAGE 3.2,ENGAGE,High-CDR,9
Full,2C,R10REST_ASIA,headcount_pct,Deprived headcount,IMAGE,IMAGE 3.2,SSP2021,High-CDR,8
Full,2C,R10REST_ASIA,headcount_pct,Deprived headcount,IMAGE,IMAGE 3.2,SSP2021,High-RE,2
Full,2C,R10REST_ASIA,headcount_pct,Deprived headcount,IMAGE,IMAGE 3.3,NAVIGATE,High-CDR,8
Full,2C,R10REST_ASIA,headcount_pct,Deprived headcount,MESSAGEix,MESSAGEix-GLOBIOM 1.1,ENGAGE,High-CDR,62
Full,2C,R10REST_ASIA,headcount_pct,Deprived headcount,MESSAGEix,MESSAGEix-GLOBIOM 1.1,ENGAGE,High-RE,20
Full,2C,R10REST_ASIA,headcount_pct,Deprived headcount,MESSAGEix,MESSAGEix-GLOBIOM 1.1,NGFS Phase 2,High-CDR,1
Full,2C,R10REST_ASIA,headcount_pct,Deprived headcount,MESSAGEix,MESSAGEix-GLOBIOM 1.1,NGFS Phase 2,High-RE,1
Full,2C,R10REST_ASIA,headcount_pct,Deprived headcount,MESSAGEix,MESSAGEix-GLOBIOM 1.2,COVID,High-CDR,5
Full,2C,R10REST_ASIA,headcount_pct,Deprived headcount,MESSAGEix,MESSAGEix-GLOBIOM 2.0-M-R12-NGFS,NGFS Phase 5,High-RE,2
Full,2C,R10REST_ASIA,headcount_pct,Deprived headcount,MESSAGEix,MESSAGEix-GLOBIOM GEI 1.0,GEI,High-CDR,6
Full,2C,R10REST_ASIA,headcount_pct,Deprived headcount,MESSAGEix,MESSAGEix-GLOBIOM GEI 1.0,GEI,High-RE,1
Full,2C,R10REST_ASIA,headcount_pct,Deprived headcount,POLES,POLES-JRC ENGAGE,ENGAGE,High-CDR,56
Full,2C,R10REST_ASIA,headcount_pct,Deprived headcount,POLES,POLES-JRC ENGAGE,ENGAGE,High-RE,8
Full,2C,R10REST_ASIA,headcount_pct,Deprived headcount,REMIND,REMIND 2.1,CEMICS,High-RE,5
Full,2C,R10REST_ASIA,headcount_pct,Deprived headcount,REMIND,REMIND 2.1,LeastTotalCost,High-RE,11
Full,2C,R10REST_ASIA,headcount_pct,Deprived headcount,REMIND,REMIND 2.1,R2p1,High-RE,8
Full,2C,R10REST_ASIA,headcount_pct,Deprived headcount,REMIND,REMIND 2.1,TechCost,High-RE,9
Full,2C,R10REST_ASIA,headcount_pct,Deprived headcount,REMIND,REMIND 3.0,ENGAGE,High-RE,14
Full,2C,R10REST_ASIA,headcount_pct,Deprived headcount,REMIND,REMIND 3.0,NAVIGATE,High-RE,7
Full,2C,R10REST_ASIA,headcount_pct,Deprived headcount,REMIND,REMIND-MAgPIE 1.7-3.0,CD,High-RE,5
Full,2C,R10REST_ASIA,headcount_pct,Deprived headcount,REMIND,REMIND-MAgPIE 1.7-3.0,COMMIT,High-RE,4
Full,2C,R10REST_ASIA,headcount_pct,Deprived headcount,REMIND,REMIND-MAgPIE 1.7-3.0,PEP,High-RE,5
Full,2C,R10REST_ASIA,headcount_pct,Deprived headcount,REMIND,REMIND-MAgPIE 2.0-4.1,Diff,High-RE,4
Full,2C,R10REST_ASIA,headcount_pct,Deprived headcount,REMIND,REMIND-MAgPIE 2.1-4.2,CEMICS,High-RE,3
Full,2C,R10REST_ASIA,headcount_pct,Deprived headcount,REMIND,REMIND-MAgPIE 2.1-4.2,ENGAGE,High-RE,59
Full,2C,R10REST_ASIA,headcount_pct,Deprived headcount,REMIND,REMIND-MAgPIE 2.1-4.2,NGFS Phase 2,High-RE,5
Full,2C,R10REST_ASIA,headcount_pct,Deprived headcount,REMIND,REMIND-MAgPIE 2.1-4.2,SusDev,High-RE,3
Full,2C,R10REST_ASIA,headcount_pct,Deprived headcount,REMIND,REMIND-MAgPIE 2.1-4.3,DeepElectrification,High-RE,3
Full,2C,R10REST_ASIA,headcount_pct,Deprived headcount,REMIND,REMIND-MAgPIE 3.2-4.6,SHAPE,High-RE,2
Full,2C,R10REST_ASIA,headcount_pct,Deprived headcount,REMIND,REMIND-MAgPIE 3.2.0-4.8.0,RESCUE,High-RE,5
Full,2C,R10REST_ASIA,headcount_pct,Deprived headcount,REMIND,REMIND-MAgPIE 3.3-4.8,NGFS Phase 5,High-RE,5
Full,2C,R10REST_ASIA,headcount_pct,Deprived headcount,REMIND,REMIND-Transport 2.1,Transport,High-RE,8
Full,2C,R10REST_ASIA,headcount_pct,Deprived headcount,WITCH,WITCH 5.0,COMMIT,High-CDR,2
Full,2C,R10REST_ASIA,headcount_pct,Deprived headcount,WITCH,WITCH 5.0,COMMIT,High-RE,1
Full,2C,R10REST_ASIA,headcount_pct,Deprived headcount,WITCH,WITCH 5.0,ENGAGE,High-RE,11
Full,2C,R10REST_ASIA,headcount_pct,Deprived headcount,WITCH,WITCH 5.0,NAVIGATE,High-RE,4
Full,2C,R10REST_ASIA,mortality_million_deaths,PM2.5 mortality,AIM,AIM/CGE V2.2,ENGAGE,High-CDR,20
Full,2C,R10REST_ASIA,mortality_million_deaths,PM2.5 mortality,AIM,AIM/CGE V2.2,ENGAGE,High-RE,4
Full,2C,R10REST_ASIA,mortality_million_deaths,PM2.5 mortality,GCAM,GCAM 6.0 NGFS,NGFS Phase 5,High-RE,4
Full,2C,R10REST_ASIA,mortality_million_deaths,PM2.5 mortality,GCAM,GCAM 7.0,IAM,High-CDR,3
Full,2C,R10REST_ASIA,mortality_million_deaths,PM2.5 mortality,IMAGE,IMAGE 3.0,ENGAGE,High-CDR,20
Full,2C,R10REST_ASIA,mortality_million_deaths,PM2.5 mortality,IMAGE,IMAGE 3.2,SSP2021,High-CDR,8
Full,2C,R10REST_ASIA,mortality_million_deaths,PM2.5 mortality,IMAGE,IMAGE 3.2,SSP2021,High-RE,2
Full,2C,R10REST_ASIA,mortality_million_deaths,PM2.5 mortality,IMAGE,IMAGE 3.3,NAVIGATE,High-CDR,8
Full,2C,R10REST_ASIA,mortality_million_deaths,PM2.5 mortality,MESSAGEix,MESSAGEix-GLOBIOM 1.1,ENGAGE,High-CDR,60
Full,2C,R10REST_ASIA,mortality_million_deaths,PM2.5 mortality,MESSAGEix,MESSAGEix-GLOBIOM 1.1,ENGAGE,High-RE,17
Full,2C,R10REST_ASIA,mortality_million_deaths,PM2.5 mortality,MESSAGEix,MESSAGEix-GLOBIOM 1.1,NGFS Phase 2,High-CDR,1
Full,2C,R10REST_ASIA,mortality_million_deaths,PM2.5 mortality,MESSAGEix,MESSAGEix-GLOBIOM 1.1,NGFS Phase 2,High-RE,1
Full,2C,R10REST_ASIA,mortality_million_deaths,PM2.5 mortality,MESSAGEix,MESSAGEix-GLOBIOM 1.2,COVID,High-CDR,5
Full,2C,R10REST_ASIA,mortality_million_deaths,PM2.5 mortality,MESSAGEix,MESSAGEix-GLOBIOM 2.0-M-R12-NGFS,NGFS Phase 5,High-RE,2
Full,2C,R10REST_ASIA,mortality_million_deaths,PM2.5 mortality,MESSAGEix,MESSAGEix-GLOBIOM GEI 1.0,GEI,High-CDR,6
Full,2C,R10REST_ASIA,mortality_million_deaths,PM2.5 mortality,MESSAGEix,MESSAGEix-GLOBIOM GEI 1.0,GEI,High-RE,1
Full,2C,R10REST_ASIA,mortality_million_deaths,PM2.5 mortality,POLES,POLES-JRC ENGAGE,ENGAGE,High-CDR,56
Full,2C,R10REST_ASIA,mortality_million_deaths,PM2.5 mortality,REMIND,REMIND 2.1,CEMICS,High-RE,1
Full,2C,R10REST_ASIA,mortality_million_deaths,PM2.5 mortality,REMIND,REMIND 2.1,LeastTotalCost,High-RE,11
Full,2C,R10REST_ASIA,mortality_million_deaths,PM2.5 mortality,REMIND,REMIND 2.1,R2p1,High-RE,8
Full,2C,R10REST_ASIA,mortality_million_deaths,PM2.5 mortality,REMIND,REMIND 2.1,TechCost,High-RE,9
Full,2C,R10REST_ASIA,mortality_million_deaths,PM2.5 mortality,REMIND,REMIND 3.0,NAVIGATE,High-RE,3
Full,2C,R10REST_ASIA,mortality_million_deaths,PM2.5 mortality,REMIND,REMIND-MAgPIE 1.7-3.0,CD,High-RE,5
Full,2C,R10REST_ASIA,mortality_million_deaths,PM2.5 mortality,REMIND,REMIND-MAgPIE 1.7-3.0,COMMIT,High-RE,4
Full,2C,R10REST_ASIA,mortality_million_deaths,PM2.5 mortality,REMIND,REMIND-MAgPIE 1.7-3.0,PEP,High-RE,5
Full,2C,R10REST_ASIA,mortality_million_deaths,PM2.5 mortality,REMIND,REMIND-MAgPIE 2.1-4.2,CEMICS,High-RE,1
Full,2C,R10REST_ASIA,mortality_million_deaths,PM2.5 mortality,REMIND,REMIND-MAgPIE 2.1-4.2,ENGAGE,High-RE,59
Full,2C,R10REST_ASIA,mortality_million_deaths,PM2.5 mortality,REMIND,REMIND-MAgPIE 2.1-4.2,NGFS Phase 2,High-RE,2
Full,2C,R10REST_ASIA,mortality_million_deaths,PM2.5 mortality,REMIND,REMIND-MAgPIE 2.1-4.2,SusDev,High-RE,3
Full,2C,R10REST_ASIA,mortality_million_deaths,PM2.5 mortality,REMIND,REMIND-MAgPIE 2.1-4.3,DeepElectrification,High-RE,3
Full,2C,R10REST_ASIA,mortality_million_deaths,PM2.5 mortality,REMIND,REMIND-MAgPIE 3.2-4.6,SHAPE,High-RE,2
Full,2C,R10REST_ASIA,mortality_million_deaths,PM2.5 mortality,REMIND,REMIND-MAgPIE 3.2.0-4.8.0,RESCUE,High-RE,5
Full,2C,R10REST_ASIA,mortality_million_deaths,PM2.5 mortality,REMIND,REMIND-MAgPIE 3.3-4.8,NGFS Phase 5,High-RE,5
Full,2C,R10REST_ASIA,mortality_million_deaths,PM2.5 mortality,REMIND,REMIND-Transport 2.1,Transport,High-RE,8
Full,2C,R10REST_ASIA,mortality_million_deaths,PM2.5 mortality,WITCH,WITCH 5.0,COMMIT,High-CDR,2
Full,2C,R10REST_ASIA,mortality_million_deaths,PM2.5 mortality,WITCH,WITCH 5.0,COMMIT,High-RE,1
Full,2C,R10REST_ASIA,mortality_million_deaths,PM2.5 mortality,WITCH,WITCH 5.0,ENGAGE,High-RE,2
Full,2C,R10REST_ASIA,mortality_million_deaths,PM2.5 mortality,WITCH,WITCH 5.0,NAVIGATE,High-RE,4
Full,2C,R10REST_ASIA,total_energy_jobyears_per_1k,Employment,AIM,AIM/CGE V2.2,ENGAGE,High-CDR,20
Full,2C,R10REST_ASIA,total_energy_jobyears_per_1k,Employment,AIM,AIM/CGE V2.2,ENGAGE,High-RE,11
Full,2C,R10REST_ASIA,total_energy_jobyears_per_1k,Employment,COFFEE,COFFEE 1.1,ENGAGE,High-RE,8
Full,2C,R10REST_ASIA,total_energy_jobyears_per_1k,Employment,GCAM,GCAM 6.0 NGFS,NGFS Phase 5,High-RE,4
Full,2C,R10REST_ASIA,total_energy_jobyears_per_1k,Employment,GCAM,GCAM 7.0,IAM,High-CDR,3
Full,2C,R10REST_ASIA,total_energy_jobyears_per_1k,Employment,IMAGE,IMAGE 3.0,ENGAGE,High-CDR,20
Full,2C,R10REST_ASIA,total_energy_jobyears_per_1k,Employment,IMAGE,IMAGE 3.2,ENGAGE,High-CDR,9
Full,2C,R10REST_ASIA,total_energy_jobyears_per_1k,Employment,IMAGE,IMAGE 3.2,SSP2021,High-CDR,8
Full,2C,R10REST_ASIA,total_energy_jobyears_per_1k,Employment,IMAGE,IMAGE 3.2,SSP2021,High-RE,2
Full,2C,R10REST_ASIA,total_energy_jobyears_per_1k,Employment,IMAGE,IMAGE 3.3,NAVIGATE,High-CDR,8
Full,2C,R10REST_ASIA,total_energy_jobyears_per_1k,Employment,MESSAGEix,MESSAGEix-GLOBIOM 1.1,ENGAGE,High-CDR,62
Full,2C,R10REST_ASIA,total_energy_jobyears_per_1k,Employment,MESSAGEix,MESSAGEix-GLOBIOM 1.1,ENGAGE,High-RE,20
Full,2C,R10REST_ASIA,total_energy_jobyears_per_1k,Employment,MESSAGEix,MESSAGEix-GLOBIOM 1.1,NGFS Phase 2,High-CDR,1
Full,2C,R10REST_ASIA,total_energy_jobyears_per_1k,Employment,MESSAGEix,MESSAGEix-GLOBIOM 1.1,NGFS Phase 2,High-RE,1
Full,2C,R10REST_ASIA,total_energy_jobyears_per_1k,Employment,MESSAGEix,MESSAGEix-GLOBIOM 1.2,COVID,High-CDR,5
Full,2C,R10REST_ASIA,total_energy_jobyears_per_1k,Employment,MESSAGEix,MESSAGEix-GLOBIOM 2.0-M-R12-NGFS,NGFS Phase 5,High-RE,2
Full,2C,R10REST_ASIA,total_energy_jobyears_per_1k,Employment,MESSAGEix,MESSAGEix-GLOBIOM GEI 1.0,GEI,High-CDR,6
Full,2C,R10REST_ASIA,total_energy_jobyears_per_1k,Employment,MESSAGEix,MESSAGEix-GLOBIOM GEI 1.0,GEI,High-RE,1
Full,2C,R10REST_ASIA,total_energy_jobyears_per_1k,Employment,POLES,POLES-JRC ENGAGE,ENGAGE,High-CDR,56
Full,2C,R10REST_ASIA,total_energy_jobyears_per_1k,Employment,POLES,POLES-JRC ENGAGE,ENGAGE,High-RE,8
Full,2C,R10REST_ASIA,total_energy_jobyears_per_1k,Employment,REMIND,REMIND 2.1,CEMICS,High-RE,5
Full,2C,R10REST_ASIA,total_energy_jobyears_per_1k,Employment,REMIND,REMIND 2.1,LeastTotalCost,High-RE,11
Full,2C,R10REST_ASIA,total_energy_jobyears_per_1k,Employment,REMIND,REMIND 2.1,R2p1,High-RE,8
Full,2C,R10REST_ASIA,total_energy_jobyears_per_1k,Employment,REMIND,REMIND 2.1,TechCost,High-RE,9
Full,2C,R10REST_ASIA,total_energy_jobyears_per_1k,Employment,REMIND,REMIND 3.0,ENGAGE,High-RE,14
Full,2C,R10REST_ASIA,total_energy_jobyears_per_1k,Employment,REMIND,REMIND 3.0,NAVIGATE,High-RE,7
Full,2C,R10REST_ASIA,total_energy_jobyears_per_1k,Employment,REMIND,REMIND-MAgPIE 1.7-3.0,CD,High-RE,5
Full,2C,R10REST_ASIA,total_energy_jobyears_per_1k,Employment,REMIND,REMIND-MAgPIE 1.7-3.0,COMMIT,High-RE,4
Full,2C,R10REST_ASIA,total_energy_jobyears_per_1k,Employment,REMIND,REMIND-MAgPIE 1.7-3.0,PEP,High-RE,5
Full,2C,R10REST_ASIA,total_energy_jobyears_per_1k,Employment,REMIND,REMIND-MAgPIE 2.0-4.1,Diff,High-RE,4
Full,2C,R10REST_ASIA,total_energy_jobyears_per_1k,Employment,REMIND,REMIND-MAgPIE 2.1-4.2,CEMICS,High-RE,3
Full,2C,R10REST_ASIA,total_energy_jobyears_per_1k,Employment,REMIND,REMIND-MAgPIE 2.1-4.2,ENGAGE,High-RE,59
Full,2C,R10REST_ASIA,total_energy_jobyears_per_1k,Employment,REMIND,REMIND-MAgPIE 2.1-4.2,NGFS Phase 2,High-RE,5
Full,2C,R10REST_ASIA,total_energy_jobyears_per_1k,Employment,REMIND,REMIND-MAgPIE 2.1-4.2,SusDev,High-RE,3
Full,2C,R10REST_ASIA,total_energy_jobyears_per_1k,Employment,REMIND,REMIND-MAgPIE 2.1-4.3,DeepElectrification,High-RE,3
Full,2C,R10REST_ASIA,total_energy_jobyears_per_1k,Employment,REMIND,REMIND-MAgPIE 3.2-4.6,SHAPE,High-RE,2
Full,2C,R10REST_ASIA,total_energy_jobyears_per_1k,Employment,REMIND,REMIND-MAgPIE 3.2.0-4.8.0,RESCUE,High-RE,5
Full,2C,R10REST_ASIA,total_energy_jobyears_per_1k,Employment,REMIND,REMIND-MAgPIE 3.3-4.8,NGFS Phase 5,High-RE,5
Full,2C,R10REST_ASIA,total_energy_jobyears_per_1k,Employment,REMIND,REMIND-Transport 2.1,Transport,High-RE,8
Full,2C,R10REST_ASIA,total_energy_jobyears_per_1k,Employment,TIAM,TIAM-ECN 1.1,ENGAGE,High-CDR,12
Full,2C,R10REST_ASIA,total_energy_jobyears_per_1k,Employment,WITCH,WITCH 5.0,COMMIT,High-CDR,2
Full,2C,R10REST_ASIA,total_energy_jobyears_per_1k,Employment,WITCH,WITCH 5.0,COMMIT,High-RE,1
Full,2C,R10REST_ASIA,total_energy_jobyears_per_1k,Employment,WITCH,WITCH 5.0,ENGAGE,High-RE,11
Full,2C,R10REST_ASIA,total_energy_jobyears_per_1k,Employment,WITCH,WITCH 5.0,NAVIGATE,High-RE,4
SCI-vetted,1.5C,Aggregated R10 regions,gap_GJ_pc,DLE gap,GCAM,GCAM 6.0 NGFS,NGFS Phase 5,High-RE,2
SCI-vetted,1.5C,Aggregated R10 regions,gap_GJ_pc,DLE gap,IMAGE,IMAGE 3.2,SSP2021,High-CDR,4
SCI-vetted,1.5C,Aggregated R10 regions,gap_GJ_pc,DLE gap,IMAGE,IMAGE 3.2,SSP2021,High-RE,1
SCI-vetted,1.5C,Aggregated R10 regions,gap_GJ_pc,DLE gap,POLES,POLES-JRC ENGAGE,ENGAGE,High-CDR,2
SCI-vetted,1.5C,Aggregated R10 regions,gap_GJ_pc,DLE gap,REMIND,REMIND-MAgPIE 3.2.0-4.8.0,RESCUE,High-RE,2
SCI-vetted,1.5C,Aggregated R10 regions,gap_GJ_pc,DLE gap,REMIND,REMIND-MAgPIE 3.3-4.8,NGFS Phase 5,High-RE,1
SCI-vetted,1.5C,Aggregated R10 regions,headcount_pct,Deprived headcount,GCAM,GCAM 6.0 NGFS,NGFS Phase 5,High-RE,2
SCI-vetted,1.5C,Aggregated R10 regions,headcount_pct,Deprived headcount,IMAGE,IMAGE 3.2,SSP2021,High-CDR,4
SCI-vetted,1.5C,Aggregated R10 regions,headcount_pct,Deprived headcount,IMAGE,IMAGE 3.2,SSP2021,High-RE,1
SCI-vetted,1.5C,Aggregated R10 regions,headcount_pct,Deprived headcount,POLES,POLES-JRC ENGAGE,ENGAGE,High-CDR,2
SCI-vetted,1.5C,Aggregated R10 regions,headcount_pct,Deprived headcount,REMIND,REMIND-MAgPIE 3.2.0-4.8.0,RESCUE,High-RE,2
SCI-vetted,1.5C,Aggregated R10 regions,headcount_pct,Deprived headcount,REMIND,REMIND-MAgPIE 3.3-4.8,NGFS Phase 5,High-RE,1
SCI-vetted,1.5C,Aggregated R10 regions,mortality_million_deaths,PM2.5 mortality,GCAM,GCAM 6.0 NGFS,NGFS Phase 5,High-RE,2
SCI-vetted,1.5C,Aggregated R10 regions,mortality_million_deaths,PM2.5 mortality,IMAGE,IMAGE 3.2,SSP2021,High-CDR,4
SCI-vetted,1.5C,Aggregated R10 regions,mortality_million_deaths,PM2.5 mortality,IMAGE,IMAGE 3.2,SSP2021,High-RE,1
SCI-vetted,1.5C,Aggregated R10 regions,mortality_million_deaths,PM2.5 mortality,POLES,POLES-JRC ENGAGE,ENGAGE,High-CDR,2
SCI-vetted,1.5C,Aggregated R10 regions,mortality_million_deaths,PM2.5 mortality,REMIND,REMIND-MAgPIE 3.2.0-4.8.0,RESCUE,High-RE,2
SCI-vetted,1.5C,Aggregated R10 regions,mortality_million_deaths,PM2.5 mortality,REMIND,REMIND-MAgPIE 3.3-4.8,NGFS Phase 5,High-RE,1
SCI-vetted,1.5C,Aggregated R10 regions,total_energy_jobyears_per_1k,Employment,GCAM,GCAM 6.0 NGFS,NGFS Phase 5,High-RE,2
SCI-vetted,1.5C,Aggregated R10 regions,total_energy_jobyears_per_1k,Employment,IMAGE,IMAGE 3.2,SSP2021,High-CDR,4
SCI-vetted,1.5C,Aggregated R10 regions,total_energy_jobyears_per_1k,Employment,IMAGE,IMAGE 3.2,SSP2021,High-RE,1
SCI-vetted,1.5C,Aggregated R10 regions,total_energy_jobyears_per_1k,Employment,POLES,POLES-JRC ENGAGE,ENGAGE,High-CDR,2
SCI-vetted,1.5C,Aggregated R10 regions,total_energy_jobyears_per_1k,Employment,REMIND,REMIND-MAgPIE 3.2.0-4.8.0,RESCUE,High-RE,2
SCI-vetted,1.5C,Aggregated R10 regions,total_energy_jobyears_per_1k,Employment,REMIND,REMIND-MAgPIE 3.3-4.8,NGFS Phase 5,High-RE,1
SCI-vetted,1.5C,R10AFRICA,gap_GJ_pc,DLE gap,GCAM,GCAM 6.0 NGFS,NGFS Phase 5,High-RE,2
SCI-vetted,1.5C,R10AFRICA,gap_GJ_pc,DLE gap,IMAGE,IMAGE 3.2,SSP2021,High-CDR,4
SCI-vetted,1.5C,R10AFRICA,gap_GJ_pc,DLE gap,IMAGE,IMAGE 3.2,SSP2021,High-RE,1
SCI-vetted,1.5C,R10AFRICA,gap_GJ_pc,DLE gap,POLES,POLES-JRC ENGAGE,ENGAGE,High-CDR,2
SCI-vetted,1.5C,R10AFRICA,gap_GJ_pc,DLE gap,REMIND,REMIND-MAgPIE 3.2.0-4.8.0,RESCUE,High-RE,2
SCI-vetted,1.5C,R10AFRICA,gap_GJ_pc,DLE gap,REMIND,REMIND-MAgPIE 3.3-4.8,NGFS Phase 5,High-RE,1
SCI-vetted,1.5C,R10AFRICA,headcount_pct,Deprived headcount,GCAM,GCAM 6.0 NGFS,NGFS Phase 5,High-RE,2
SCI-vetted,1.5C,R10AFRICA,headcount_pct,Deprived headcount,IMAGE,IMAGE 3.2,SSP2021,High-CDR,4
SCI-vetted,1.5C,R10AFRICA,headcount_pct,Deprived headcount,IMAGE,IMAGE 3.2,SSP2021,High-RE,1
SCI-vetted,1.5C,R10AFRICA,headcount_pct,Deprived headcount,POLES,POLES-JRC ENGAGE,ENGAGE,High-CDR,2
SCI-vetted,1.5C,R10AFRICA,headcount_pct,Deprived headcount,REMIND,REMIND-MAgPIE 3.2.0-4.8.0,RESCUE,High-RE,2
SCI-vetted,1.5C,R10AFRICA,headcount_pct,Deprived headcount,REMIND,REMIND-MAgPIE 3.3-4.8,NGFS Phase 5,High-RE,1
SCI-vetted,1.5C,R10AFRICA,mortality_million_deaths,PM2.5 mortality,GCAM,GCAM 6.0 NGFS,NGFS Phase 5,High-RE,2
SCI-vetted,1.5C,R10AFRICA,mortality_million_deaths,PM2.5 mortality,IMAGE,IMAGE 3.2,SSP2021,High-CDR,4
SCI-vetted,1.5C,R10AFRICA,mortality_million_deaths,PM2.5 mortality,IMAGE,IMAGE 3.2,SSP2021,High-RE,1
SCI-vetted,1.5C,R10AFRICA,mortality_million_deaths,PM2.5 mortality,POLES,POLES-JRC ENGAGE,ENGAGE,High-CDR,2
SCI-vetted,1.5C,R10AFRICA,mortality_million_deaths,PM2.5 mortality,REMIND,REMIND-MAgPIE 3.2.0-4.8.0,RESCUE,High-RE,2
SCI-vetted,1.5C,R10AFRICA,mortality_million_deaths,PM2.5 mortality,REMIND,REMIND-MAgPIE 3.3-4.8,NGFS Phase 5,High-RE,1
SCI-vetted,1.5C,R10AFRICA,total_energy_jobyears_per_1k,Employment,GCAM,GCAM 6.0 NGFS,NGFS Phase 5,High-RE,2
SCI-vetted,1.5C,R10AFRICA,total_energy_jobyears_per_1k,Employment,IMAGE,IMAGE 3.2,SSP2021,High-CDR,4
SCI-vetted,1.5C,R10AFRICA,total_energy_jobyears_per_1k,Employment,IMAGE,IMAGE 3.2,SSP2021,High-RE,1
SCI-vetted,1.5C,R10AFRICA,total_energy_jobyears_per_1k,Employment,POLES,POLES-JRC ENGAGE,ENGAGE,High-CDR,2
SCI-vetted,1.5C,R10AFRICA,total_energy_jobyears_per_1k,Employment,REMIND,REMIND-MAgPIE 3.2.0-4.8.0,RESCUE,High-RE,2
SCI-vetted,1.5C,R10AFRICA,total_energy_jobyears_per_1k,Employment,REMIND,REMIND-MAgPIE 3.3-4.8,NGFS Phase 5,High-RE,1
SCI-vetted,1.5C,R10CHINA+,gap_GJ_pc,DLE gap,GCAM,GCAM 6.0 NGFS,NGFS Phase 5,High-RE,2
SCI-vetted,1.5C,R10CHINA+,gap_GJ_pc,DLE gap,IMAGE,IMAGE 3.2,SSP2021,High-CDR,4
SCI-vetted,1.5C,R10CHINA+,gap_GJ_pc,DLE gap,IMAGE,IMAGE 3.2,SSP2021,High-RE,1
SCI-vetted,1.5C,R10CHINA+,gap_GJ_pc,DLE gap,POLES,POLES-JRC ENGAGE,ENGAGE,High-CDR,2
SCI-vetted,1.5C,R10CHINA+,gap_GJ_pc,DLE gap,REMIND,REMIND-MAgPIE 3.2.0-4.8.0,RESCUE,High-RE,2
SCI-vetted,1.5C,R10CHINA+,gap_GJ_pc,DLE gap,REMIND,REMIND-MAgPIE 3.3-4.8,NGFS Phase 5,High-RE,1
SCI-vetted,1.5C,R10CHINA+,headcount_pct,Deprived headcount,GCAM,GCAM 6.0 NGFS,NGFS Phase 5,High-RE,2
SCI-vetted,1.5C,R10CHINA+,headcount_pct,Deprived headcount,IMAGE,IMAGE 3.2,SSP2021,High-CDR,4
SCI-vetted,1.5C,R10CHINA+,headcount_pct,Deprived headcount,IMAGE,IMAGE 3.2,SSP2021,High-RE,1
SCI-vetted,1.5C,R10CHINA+,headcount_pct,Deprived headcount,POLES,POLES-JRC ENGAGE,ENGAGE,High-CDR,2
SCI-vetted,1.5C,R10CHINA+,headcount_pct,Deprived headcount,REMIND,REMIND-MAgPIE 3.2.0-4.8.0,RESCUE,High-RE,2
SCI-vetted,1.5C,R10CHINA+,headcount_pct,Deprived headcount,REMIND,REMIND-MAgPIE 3.3-4.8,NGFS Phase 5,High-RE,1
SCI-vetted,1.5C,R10CHINA+,mortality_million_deaths,PM2.5 mortality,GCAM,GCAM 6.0 NGFS,NGFS Phase 5,High-RE,2
SCI-vetted,1.5C,R10CHINA+,mortality_million_deaths,PM2.5 mortality,IMAGE,IMAGE 3.2,SSP2021,High-CDR,4
SCI-vetted,1.5C,R10CHINA+,mortality_million_deaths,PM2.5 mortality,IMAGE,IMAGE 3.2,SSP2021,High-RE,1
SCI-vetted,1.5C,R10CHINA+,mortality_million_deaths,PM2.5 mortality,POLES,POLES-JRC ENGAGE,ENGAGE,High-CDR,2
SCI-vetted,1.5C,R10CHINA+,mortality_million_deaths,PM2.5 mortality,REMIND,REMIND-MAgPIE 3.2.0-4.8.0,RESCUE,High-RE,2
SCI-vetted,1.5C,R10CHINA+,mortality_million_deaths,PM2.5 mortality,REMIND,REMIND-MAgPIE 3.3-4.8,NGFS Phase 5,High-RE,1
SCI-vetted,1.5C,R10CHINA+,total_energy_jobyears_per_1k,Employment,GCAM,GCAM 6.0 NGFS,NGFS Phase 5,High-RE,2
SCI-vetted,1.5C,R10CHINA+,total_energy_jobyears_per_1k,Employment,IMAGE,IMAGE 3.2,SSP2021,High-CDR,4
SCI-vetted,1.5C,R10CHINA+,total_energy_jobyears_per_1k,Employment,IMAGE,IMAGE 3.2,SSP2021,High-RE,1
SCI-vetted,1.5C,R10CHINA+,total_energy_jobyears_per_1k,Employment,POLES,POLES-JRC ENGAGE,ENGAGE,High-CDR,2
SCI-vetted,1.5C,R10CHINA+,total_energy_jobyears_per_1k,Employment,REMIND,REMIND-MAgPIE 3.2.0-4.8.0,RESCUE,High-RE,2
SCI-vetted,1.5C,R10CHINA+,total_energy_jobyears_per_1k,Employment,REMIND,REMIND-MAgPIE 3.3-4.8,NGFS Phase 5,High-RE,1
SCI-vetted,1.5C,R10EUROPE,gap_GJ_pc,DLE gap,GCAM,GCAM 6.0 NGFS,NGFS Phase 5,High-RE,2
SCI-vetted,1.5C,R10EUROPE,gap_GJ_pc,DLE gap,IMAGE,IMAGE 3.2,SSP2021,High-CDR,4
SCI-vetted,1.5C,R10EUROPE,gap_GJ_pc,DLE gap,IMAGE,IMAGE 3.2,SSP2021,High-RE,1
SCI-vetted,1.5C,R10EUROPE,gap_GJ_pc,DLE gap,POLES,POLES-JRC ENGAGE,ENGAGE,High-CDR,2
SCI-vetted,1.5C,R10EUROPE,gap_GJ_pc,DLE gap,REMIND,REMIND-MAgPIE 3.2.0-4.8.0,RESCUE,High-RE,2
SCI-vetted,1.5C,R10EUROPE,gap_GJ_pc,DLE gap,REMIND,REMIND-MAgPIE 3.3-4.8,NGFS Phase 5,High-RE,1
SCI-vetted,1.5C,R10EUROPE,headcount_pct,Deprived headcount,GCAM,GCAM 6.0 NGFS,NGFS Phase 5,High-RE,2
SCI-vetted,1.5C,R10EUROPE,headcount_pct,Deprived headcount,IMAGE,IMAGE 3.2,SSP2021,High-CDR,4
SCI-vetted,1.5C,R10EUROPE,headcount_pct,Deprived headcount,IMAGE,IMAGE 3.2,SSP2021,High-RE,1
SCI-vetted,1.5C,R10EUROPE,headcount_pct,Deprived headcount,POLES,POLES-JRC ENGAGE,ENGAGE,High-CDR,2
SCI-vetted,1.5C,R10EUROPE,headcount_pct,Deprived headcount,REMIND,REMIND-MAgPIE 3.2.0-4.8.0,RESCUE,High-RE,2
SCI-vetted,1.5C,R10EUROPE,headcount_pct,Deprived headcount,REMIND,REMIND-MAgPIE 3.3-4.8,NGFS Phase 5,High-RE,1
SCI-vetted,1.5C,R10EUROPE,mortality_million_deaths,PM2.5 mortality,GCAM,GCAM 6.0 NGFS,NGFS Phase 5,High-RE,2
SCI-vetted,1.5C,R10EUROPE,mortality_million_deaths,PM2.5 mortality,IMAGE,IMAGE 3.2,SSP2021,High-CDR,4
SCI-vetted,1.5C,R10EUROPE,mortality_million_deaths,PM2.5 mortality,IMAGE,IMAGE 3.2,SSP2021,High-RE,1
SCI-vetted,1.5C,R10EUROPE,mortality_million_deaths,PM2.5 mortality,POLES,POLES-JRC ENGAGE,ENGAGE,High-CDR,2
SCI-vetted,1.5C,R10EUROPE,mortality_million_deaths,PM2.5 mortality,REMIND,REMIND-MAgPIE 3.2.0-4.8.0,RESCUE,High-RE,2
SCI-vetted,1.5C,R10EUROPE,mortality_million_deaths,PM2.5 mortality,REMIND,REMIND-MAgPIE 3.3-4.8,NGFS Phase 5,High-RE,1
SCI-vetted,1.5C,R10EUROPE,total_energy_jobyears_per_1k,Employment,GCAM,GCAM 6.0 NGFS,NGFS Phase 5,High-RE,2
SCI-vetted,1.5C,R10EUROPE,total_energy_jobyears_per_1k,Employment,IMAGE,IMAGE 3.2,SSP2021,High-CDR,4
SCI-vetted,1.5C,R10EUROPE,total_energy_jobyears_per_1k,Employment,IMAGE,IMAGE 3.2,SSP2021,High-RE,1
SCI-vetted,1.5C,R10EUROPE,total_energy_jobyears_per_1k,Employment,POLES,POLES-JRC ENGAGE,ENGAGE,High-CDR,2
SCI-vetted,1.5C,R10EUROPE,total_energy_jobyears_per_1k,Employment,REMIND,REMIND-MAgPIE 3.2.0-4.8.0,RESCUE,High-RE,2
SCI-vetted,1.5C,R10EUROPE,total_energy_jobyears_per_1k,Employment,REMIND,REMIND-MAgPIE 3.3-4.8,NGFS Phase 5,High-RE,1
SCI-vetted,1.5C,R10INDIA+,gap_GJ_pc,DLE gap,GCAM,GCAM 6.0 NGFS,NGFS Phase 5,High-RE,2
SCI-vetted,1.5C,R10INDIA+,gap_GJ_pc,DLE gap,IMAGE,IMAGE 3.2,SSP2021,High-CDR,4
SCI-vetted,1.5C,R10INDIA+,gap_GJ_pc,DLE gap,IMAGE,IMAGE 3.2,SSP2021,High-RE,1
SCI-vetted,1.5C,R10INDIA+,gap_GJ_pc,DLE gap,POLES,POLES-JRC ENGAGE,ENGAGE,High-CDR,2
SCI-vetted,1.5C,R10INDIA+,gap_GJ_pc,DLE gap,REMIND,REMIND-MAgPIE 3.2.0-4.8.0,RESCUE,High-RE,2
SCI-vetted,1.5C,R10INDIA+,gap_GJ_pc,DLE gap,REMIND,REMIND-MAgPIE 3.3-4.8,NGFS Phase 5,High-RE,1
SCI-vetted,1.5C,R10INDIA+,headcount_pct,Deprived headcount,GCAM,GCAM 6.0 NGFS,NGFS Phase 5,High-RE,2
SCI-vetted,1.5C,R10INDIA+,headcount_pct,Deprived headcount,IMAGE,IMAGE 3.2,SSP2021,High-CDR,4
SCI-vetted,1.5C,R10INDIA+,headcount_pct,Deprived headcount,IMAGE,IMAGE 3.2,SSP2021,High-RE,1
SCI-vetted,1.5C,R10INDIA+,headcount_pct,Deprived headcount,POLES,POLES-JRC ENGAGE,ENGAGE,High-CDR,2
SCI-vetted,1.5C,R10INDIA+,headcount_pct,Deprived headcount,REMIND,REMIND-MAgPIE 3.2.0-4.8.0,RESCUE,High-RE,2
SCI-vetted,1.5C,R10INDIA+,headcount_pct,Deprived headcount,REMIND,REMIND-MAgPIE 3.3-4.8,NGFS Phase 5,High-RE,1
SCI-vetted,1.5C,R10INDIA+,mortality_million_deaths,PM2.5 mortality,GCAM,GCAM 6.0 NGFS,NGFS Phase 5,High-RE,2
SCI-vetted,1.5C,R10INDIA+,mortality_million_deaths,PM2.5 mortality,IMAGE,IMAGE 3.2,SSP2021,High-CDR,4
SCI-vetted,1.5C,R10INDIA+,mortality_million_deaths,PM2.5 mortality,IMAGE,IMAGE 3.2,SSP2021,High-RE,1
SCI-vetted,1.5C,R10INDIA+,mortality_million_deaths,PM2.5 mortality,POLES,POLES-JRC ENGAGE,ENGAGE,High-CDR,2
SCI-vetted,1.5C,R10INDIA+,mortality_million_deaths,PM2.5 mortality,REMIND,REMIND-MAgPIE 3.2.0-4.8.0,RESCUE,High-RE,2
SCI-vetted,1.5C,R10INDIA+,mortality_million_deaths,PM2.5 mortality,REMIND,REMIND-MAgPIE 3.3-4.8,NGFS Phase 5,High-RE,1
SCI-vetted,1.5C,R10INDIA+,total_energy_jobyears_per_1k,Employment,GCAM,GCAM 6.0 NGFS,NGFS Phase 5,High-RE,2
SCI-vetted,1.5C,R10INDIA+,total_energy_jobyears_per_1k,Employment,IMAGE,IMAGE 3.2,SSP2021,High-CDR,4
SCI-vetted,1.5C,R10INDIA+,total_energy_jobyears_per_1k,Employment,IMAGE,IMAGE 3.2,SSP2021,High-RE,1
SCI-vetted,1.5C,R10INDIA+,total_energy_jobyears_per_1k,Employment,POLES,POLES-JRC ENGAGE,ENGAGE,High-CDR,2
SCI-vetted,1.5C,R10INDIA+,total_energy_jobyears_per_1k,Employment,REMIND,REMIND-MAgPIE 3.2.0-4.8.0,RESCUE,High-RE,2
SCI-vetted,1.5C,R10INDIA+,total_energy_jobyears_per_1k,Employment,REMIND,REMIND-MAgPIE 3.3-4.8,NGFS Phase 5,High-RE,1
SCI-vetted,1.5C,R10LATIN_AM,gap_GJ_pc,DLE gap,GCAM,GCAM 6.0 NGFS,NGFS Phase 5,High-RE,2
SCI-vetted,1.5C,R10LATIN_AM,gap_GJ_pc,DLE gap,IMAGE,IMAGE 3.2,SSP2021,High-CDR,4
SCI-vetted,1.5C,R10LATIN_AM,gap_GJ_pc,DLE gap,IMAGE,IMAGE 3.2,SSP2021,High-RE,1
SCI-vetted,1.5C,R10LATIN_AM,gap_GJ_pc,DLE gap,POLES,POLES-JRC ENGAGE,ENGAGE,High-CDR,2
SCI-vetted,1.5C,R10LATIN_AM,gap_GJ_pc,DLE gap,REMIND,REMIND-MAgPIE 3.2.0-4.8.0,RESCUE,High-RE,2
SCI-vetted,1.5C,R10LATIN_AM,gap_GJ_pc,DLE gap,REMIND,REMIND-MAgPIE 3.3-4.8,NGFS Phase 5,High-RE,1
SCI-vetted,1.5C,R10LATIN_AM,headcount_pct,Deprived headcount,GCAM,GCAM 6.0 NGFS,NGFS Phase 5,High-RE,2
SCI-vetted,1.5C,R10LATIN_AM,headcount_pct,Deprived headcount,IMAGE,IMAGE 3.2,SSP2021,High-CDR,4
SCI-vetted,1.5C,R10LATIN_AM,headcount_pct,Deprived headcount,IMAGE,IMAGE 3.2,SSP2021,High-RE,1
SCI-vetted,1.5C,R10LATIN_AM,headcount_pct,Deprived headcount,POLES,POLES-JRC ENGAGE,ENGAGE,High-CDR,2
SCI-vetted,1.5C,R10LATIN_AM,headcount_pct,Deprived headcount,REMIND,REMIND-MAgPIE 3.2.0-4.8.0,RESCUE,High-RE,2
SCI-vetted,1.5C,R10LATIN_AM,headcount_pct,Deprived headcount,REMIND,REMIND-MAgPIE 3.3-4.8,NGFS Phase 5,High-RE,1
SCI-vetted,1.5C,R10LATIN_AM,mortality_million_deaths,PM2.5 mortality,GCAM,GCAM 6.0 NGFS,NGFS Phase 5,High-RE,2
SCI-vetted,1.5C,R10LATIN_AM,mortality_million_deaths,PM2.5 mortality,IMAGE,IMAGE 3.2,SSP2021,High-CDR,4
SCI-vetted,1.5C,R10LATIN_AM,mortality_million_deaths,PM2.5 mortality,IMAGE,IMAGE 3.2,SSP2021,High-RE,1
SCI-vetted,1.5C,R10LATIN_AM,mortality_million_deaths,PM2.5 mortality,POLES,POLES-JRC ENGAGE,ENGAGE,High-CDR,2
SCI-vetted,1.5C,R10LATIN_AM,mortality_million_deaths,PM2.5 mortality,REMIND,REMIND-MAgPIE 3.2.0-4.8.0,RESCUE,High-RE,2
SCI-vetted,1.5C,R10LATIN_AM,mortality_million_deaths,PM2.5 mortality,REMIND,REMIND-MAgPIE 3.3-4.8,NGFS Phase 5,High-RE,1
SCI-vetted,1.5C,R10LATIN_AM,total_energy_jobyears_per_1k,Employment,GCAM,GCAM 6.0 NGFS,NGFS Phase 5,High-RE,2
SCI-vetted,1.5C,R10LATIN_AM,total_energy_jobyears_per_1k,Employment,IMAGE,IMAGE 3.2,SSP2021,High-CDR,4
SCI-vetted,1.5C,R10LATIN_AM,total_energy_jobyears_per_1k,Employment,IMAGE,IMAGE 3.2,SSP2021,High-RE,1
SCI-vetted,1.5C,R10LATIN_AM,total_energy_jobyears_per_1k,Employment,POLES,POLES-JRC ENGAGE,ENGAGE,High-CDR,2
SCI-vetted,1.5C,R10LATIN_AM,total_energy_jobyears_per_1k,Employment,REMIND,REMIND-MAgPIE 3.2.0-4.8.0,RESCUE,High-RE,2
SCI-vetted,1.5C,R10LATIN_AM,total_energy_jobyears_per_1k,Employment,REMIND,REMIND-MAgPIE 3.3-4.8,NGFS Phase 5,High-RE,1
SCI-vetted,1.5C,R10MIDDLE_EAST,gap_GJ_pc,DLE gap,GCAM,GCAM 6.0 NGFS,NGFS Phase 5,High-RE,2
SCI-vetted,1.5C,R10MIDDLE_EAST,gap_GJ_pc,DLE gap,IMAGE,IMAGE 3.2,SSP2021,High-CDR,4
SCI-vetted,1.5C,R10MIDDLE_EAST,gap_GJ_pc,DLE gap,IMAGE,IMAGE 3.2,SSP2021,High-RE,1
SCI-vetted,1.5C,R10MIDDLE_EAST,gap_GJ_pc,DLE gap,POLES,POLES-JRC ENGAGE,ENGAGE,High-CDR,2
SCI-vetted,1.5C,R10MIDDLE_EAST,gap_GJ_pc,DLE gap,REMIND,REMIND-MAgPIE 3.2.0-4.8.0,RESCUE,High-RE,2
SCI-vetted,1.5C,R10MIDDLE_EAST,gap_GJ_pc,DLE gap,REMIND,REMIND-MAgPIE 3.3-4.8,NGFS Phase 5,High-RE,1
SCI-vetted,1.5C,R10MIDDLE_EAST,headcount_pct,Deprived headcount,GCAM,GCAM 6.0 NGFS,NGFS Phase 5,High-RE,2
SCI-vetted,1.5C,R10MIDDLE_EAST,headcount_pct,Deprived headcount,IMAGE,IMAGE 3.2,SSP2021,High-CDR,4
SCI-vetted,1.5C,R10MIDDLE_EAST,headcount_pct,Deprived headcount,IMAGE,IMAGE 3.2,SSP2021,High-RE,1
SCI-vetted,1.5C,R10MIDDLE_EAST,headcount_pct,Deprived headcount,POLES,POLES-JRC ENGAGE,ENGAGE,High-CDR,2
SCI-vetted,1.5C,R10MIDDLE_EAST,headcount_pct,Deprived headcount,REMIND,REMIND-MAgPIE 3.2.0-4.8.0,RESCUE,High-RE,2
SCI-vetted,1.5C,R10MIDDLE_EAST,headcount_pct,Deprived headcount,REMIND,REMIND-MAgPIE 3.3-4.8,NGFS Phase 5,High-RE,1
SCI-vetted,1.5C,R10MIDDLE_EAST,mortality_million_deaths,PM2.5 mortality,GCAM,GCAM 6.0 NGFS,NGFS Phase 5,High-RE,2
SCI-vetted,1.5C,R10MIDDLE_EAST,mortality_million_deaths,PM2.5 mortality,IMAGE,IMAGE 3.2,SSP2021,High-CDR,4
SCI-vetted,1.5C,R10MIDDLE_EAST,mortality_million_deaths,PM2.5 mortality,IMAGE,IMAGE 3.2,SSP2021,High-RE,1
SCI-vetted,1.5C,R10MIDDLE_EAST,mortality_million_deaths,PM2.5 mortality,POLES,POLES-JRC ENGAGE,ENGAGE,High-CDR,2
SCI-vetted,1.5C,R10MIDDLE_EAST,mortality_million_deaths,PM2.5 mortality,REMIND,REMIND-MAgPIE 3.2.0-4.8.0,RESCUE,High-RE,2
SCI-vetted,1.5C,R10MIDDLE_EAST,mortality_million_deaths,PM2.5 mortality,REMIND,REMIND-MAgPIE 3.3-4.8,NGFS Phase 5,High-RE,1
SCI-vetted,1.5C,R10MIDDLE_EAST,total_energy_jobyears_per_1k,Employment,GCAM,GCAM 6.0 NGFS,NGFS Phase 5,High-RE,2
SCI-vetted,1.5C,R10MIDDLE_EAST,total_energy_jobyears_per_1k,Employment,IMAGE,IMAGE 3.2,SSP2021,High-CDR,4
SCI-vetted,1.5C,R10MIDDLE_EAST,total_energy_jobyears_per_1k,Employment,IMAGE,IMAGE 3.2,SSP2021,High-RE,1
SCI-vetted,1.5C,R10MIDDLE_EAST,total_energy_jobyears_per_1k,Employment,POLES,POLES-JRC ENGAGE,ENGAGE,High-CDR,2
SCI-vetted,1.5C,R10MIDDLE_EAST,total_energy_jobyears_per_1k,Employment,REMIND,REMIND-MAgPIE 3.2.0-4.8.0,RESCUE,High-RE,2
SCI-vetted,1.5C,R10MIDDLE_EAST,total_energy_jobyears_per_1k,Employment,REMIND,REMIND-MAgPIE 3.3-4.8,NGFS Phase 5,High-RE,1
SCI-vetted,1.5C,R10NORTH_AM,gap_GJ_pc,DLE gap,GCAM,GCAM 6.0 NGFS,NGFS Phase 5,High-RE,2
SCI-vetted,1.5C,R10NORTH_AM,gap_GJ_pc,DLE gap,IMAGE,IMAGE 3.2,SSP2021,High-CDR,4
SCI-vetted,1.5C,R10NORTH_AM,gap_GJ_pc,DLE gap,IMAGE,IMAGE 3.2,SSP2021,High-RE,1
SCI-vetted,1.5C,R10NORTH_AM,gap_GJ_pc,DLE gap,POLES,POLES-JRC ENGAGE,ENGAGE,High-CDR,2
SCI-vetted,1.5C,R10NORTH_AM,gap_GJ_pc,DLE gap,REMIND,REMIND-MAgPIE 3.2.0-4.8.0,RESCUE,High-RE,2
SCI-vetted,1.5C,R10NORTH_AM,gap_GJ_pc,DLE gap,REMIND,REMIND-MAgPIE 3.3-4.8,NGFS Phase 5,High-RE,1
SCI-vetted,1.5C,R10NORTH_AM,headcount_pct,Deprived headcount,GCAM,GCAM 6.0 NGFS,NGFS Phase 5,High-RE,2
SCI-vetted,1.5C,R10NORTH_AM,headcount_pct,Deprived headcount,IMAGE,IMAGE 3.2,SSP2021,High-CDR,4
SCI-vetted,1.5C,R10NORTH_AM,headcount_pct,Deprived headcount,IMAGE,IMAGE 3.2,SSP2021,High-RE,1
SCI-vetted,1.5C,R10NORTH_AM,headcount_pct,Deprived headcount,POLES,POLES-JRC ENGAGE,ENGAGE,High-CDR,2
SCI-vetted,1.5C,R10NORTH_AM,headcount_pct,Deprived headcount,REMIND,REMIND-MAgPIE 3.2.0-4.8.0,RESCUE,High-RE,2
SCI-vetted,1.5C,R10NORTH_AM,headcount_pct,Deprived headcount,REMIND,REMIND-MAgPIE 3.3-4.8,NGFS Phase 5,High-RE,1
SCI-vetted,1.5C,R10NORTH_AM,mortality_million_deaths,PM2.5 mortality,GCAM,GCAM 6.0 NGFS,NGFS Phase 5,High-RE,2
SCI-vetted,1.5C,R10NORTH_AM,mortality_million_deaths,PM2.5 mortality,IMAGE,IMAGE 3.2,SSP2021,High-CDR,4
SCI-vetted,1.5C,R10NORTH_AM,mortality_million_deaths,PM2.5 mortality,IMAGE,IMAGE 3.2,SSP2021,High-RE,1
SCI-vetted,1.5C,R10NORTH_AM,mortality_million_deaths,PM2.5 mortality,POLES,POLES-JRC ENGAGE,ENGAGE,High-CDR,2
SCI-vetted,1.5C,R10NORTH_AM,mortality_million_deaths,PM2.5 mortality,REMIND,REMIND-MAgPIE 3.2.0-4.8.0,RESCUE,High-RE,2
SCI-vetted,1.5C,R10NORTH_AM,mortality_million_deaths,PM2.5 mortality,REMIND,REMIND-MAgPIE 3.3-4.8,NGFS Phase 5,High-RE,1
SCI-vetted,1.5C,R10NORTH_AM,total_energy_jobyears_per_1k,Employment,GCAM,GCAM 6.0 NGFS,NGFS Phase 5,High-RE,2
SCI-vetted,1.5C,R10NORTH_AM,total_energy_jobyears_per_1k,Employment,IMAGE,IMAGE 3.2,SSP2021,High-CDR,4
SCI-vetted,1.5C,R10NORTH_AM,total_energy_jobyears_per_1k,Employment,IMAGE,IMAGE 3.2,SSP2021,High-RE,1
SCI-vetted,1.5C,R10NORTH_AM,total_energy_jobyears_per_1k,Employment,POLES,POLES-JRC ENGAGE,ENGAGE,High-CDR,2
SCI-vetted,1.5C,R10NORTH_AM,total_energy_jobyears_per_1k,Employment,REMIND,REMIND-MAgPIE 3.2.0-4.8.0,RESCUE,High-RE,2
SCI-vetted,1.5C,R10NORTH_AM,total_energy_jobyears_per_1k,Employment,REMIND,REMIND-MAgPIE 3.3-4.8,NGFS Phase 5,High-RE,1
SCI-vetted,1.5C,R10PAC_OECD,gap_GJ_pc,DLE gap,GCAM,GCAM 6.0 NGFS,NGFS Phase 5,High-RE,2
SCI-vetted,1.5C,R10PAC_OECD,gap_GJ_pc,DLE gap,IMAGE,IMAGE 3.2,SSP2021,High-CDR,4
SCI-vetted,1.5C,R10PAC_OECD,gap_GJ_pc,DLE gap,IMAGE,IMAGE 3.2,SSP2021,High-RE,1
SCI-vetted,1.5C,R10PAC_OECD,gap_GJ_pc,DLE gap,POLES,POLES-JRC ENGAGE,ENGAGE,High-CDR,2
SCI-vetted,1.5C,R10PAC_OECD,gap_GJ_pc,DLE gap,REMIND,REMIND-MAgPIE 3.2.0-4.8.0,RESCUE,High-RE,2
SCI-vetted,1.5C,R10PAC_OECD,gap_GJ_pc,DLE gap,REMIND,REMIND-MAgPIE 3.3-4.8,NGFS Phase 5,High-RE,1
SCI-vetted,1.5C,R10PAC_OECD,headcount_pct,Deprived headcount,GCAM,GCAM 6.0 NGFS,NGFS Phase 5,High-RE,2
SCI-vetted,1.5C,R10PAC_OECD,headcount_pct,Deprived headcount,IMAGE,IMAGE 3.2,SSP2021,High-CDR,4
SCI-vetted,1.5C,R10PAC_OECD,headcount_pct,Deprived headcount,IMAGE,IMAGE 3.2,SSP2021,High-RE,1
SCI-vetted,1.5C,R10PAC_OECD,headcount_pct,Deprived headcount,POLES,POLES-JRC ENGAGE,ENGAGE,High-CDR,2
SCI-vetted,1.5C,R10PAC_OECD,headcount_pct,Deprived headcount,REMIND,REMIND-MAgPIE 3.2.0-4.8.0,RESCUE,High-RE,2
SCI-vetted,1.5C,R10PAC_OECD,headcount_pct,Deprived headcount,REMIND,REMIND-MAgPIE 3.3-4.8,NGFS Phase 5,High-RE,1
SCI-vetted,1.5C,R10PAC_OECD,mortality_million_deaths,PM2.5 mortality,GCAM,GCAM 6.0 NGFS,NGFS Phase 5,High-RE,2
SCI-vetted,1.5C,R10PAC_OECD,mortality_million_deaths,PM2.5 mortality,IMAGE,IMAGE 3.2,SSP2021,High-CDR,4
SCI-vetted,1.5C,R10PAC_OECD,mortality_million_deaths,PM2.5 mortality,IMAGE,IMAGE 3.2,SSP2021,High-RE,1
SCI-vetted,1.5C,R10PAC_OECD,mortality_million_deaths,PM2.5 mortality,POLES,POLES-JRC ENGAGE,ENGAGE,High-CDR,2
SCI-vetted,1.5C,R10PAC_OECD,mortality_million_deaths,PM2.5 mortality,REMIND,REMIND-MAgPIE 3.2.0-4.8.0,RESCUE,High-RE,2
SCI-vetted,1.5C,R10PAC_OECD,mortality_million_deaths,PM2.5 mortality,REMIND,REMIND-MAgPIE 3.3-4.8,NGFS Phase 5,High-RE,1
SCI-vetted,1.5C,R10PAC_OECD,total_energy_jobyears_per_1k,Employment,GCAM,GCAM 6.0 NGFS,NGFS Phase 5,High-RE,2
SCI-vetted,1.5C,R10PAC_OECD,total_energy_jobyears_per_1k,Employment,IMAGE,IMAGE 3.2,SSP2021,High-CDR,4
SCI-vetted,1.5C,R10PAC_OECD,total_energy_jobyears_per_1k,Employment,IMAGE,IMAGE 3.2,SSP2021,High-RE,1
SCI-vetted,1.5C,R10PAC_OECD,total_energy_jobyears_per_1k,Employment,POLES,POLES-JRC ENGAGE,ENGAGE,High-CDR,2
SCI-vetted,1.5C,R10PAC_OECD,total_energy_jobyears_per_1k,Employment,REMIND,REMIND-MAgPIE 3.2.0-4.8.0,RESCUE,High-RE,2
SCI-vetted,1.5C,R10PAC_OECD,total_energy_jobyears_per_1k,Employment,REMIND,REMIND-MAgPIE 3.3-4.8,NGFS Phase 5,High-RE,1
SCI-vetted,1.5C,R10REF_ECON,gap_GJ_pc,DLE gap,GCAM,GCAM 6.0 NGFS,NGFS Phase 5,High-RE,2
SCI-vetted,1.5C,R10REF_ECON,gap_GJ_pc,DLE gap,IMAGE,IMAGE 3.2,SSP2021,High-CDR,4
SCI-vetted,1.5C,R10REF_ECON,gap_GJ_pc,DLE gap,IMAGE,IMAGE 3.2,SSP2021,High-RE,1
SCI-vetted,1.5C,R10REF_ECON,gap_GJ_pc,DLE gap,POLES,POLES-JRC ENGAGE,ENGAGE,High-CDR,2
SCI-vetted,1.5C,R10REF_ECON,gap_GJ_pc,DLE gap,REMIND,REMIND-MAgPIE 3.2.0-4.8.0,RESCUE,High-RE,2
SCI-vetted,1.5C,R10REF_ECON,gap_GJ_pc,DLE gap,REMIND,REMIND-MAgPIE 3.3-4.8,NGFS Phase 5,High-RE,1
SCI-vetted,1.5C,R10REF_ECON,headcount_pct,Deprived headcount,GCAM,GCAM 6.0 NGFS,NGFS Phase 5,High-RE,2
SCI-vetted,1.5C,R10REF_ECON,headcount_pct,Deprived headcount,IMAGE,IMAGE 3.2,SSP2021,High-CDR,4
SCI-vetted,1.5C,R10REF_ECON,headcount_pct,Deprived headcount,IMAGE,IMAGE 3.2,SSP2021,High-RE,1
SCI-vetted,1.5C,R10REF_ECON,headcount_pct,Deprived headcount,POLES,POLES-JRC ENGAGE,ENGAGE,High-CDR,2
SCI-vetted,1.5C,R10REF_ECON,headcount_pct,Deprived headcount,REMIND,REMIND-MAgPIE 3.2.0-4.8.0,RESCUE,High-RE,2
SCI-vetted,1.5C,R10REF_ECON,headcount_pct,Deprived headcount,REMIND,REMIND-MAgPIE 3.3-4.8,NGFS Phase 5,High-RE,1
SCI-vetted,1.5C,R10REF_ECON,mortality_million_deaths,PM2.5 mortality,GCAM,GCAM 6.0 NGFS,NGFS Phase 5,High-RE,2
SCI-vetted,1.5C,R10REF_ECON,mortality_million_deaths,PM2.5 mortality,IMAGE,IMAGE 3.2,SSP2021,High-CDR,4
SCI-vetted,1.5C,R10REF_ECON,mortality_million_deaths,PM2.5 mortality,IMAGE,IMAGE 3.2,SSP2021,High-RE,1
SCI-vetted,1.5C,R10REF_ECON,mortality_million_deaths,PM2.5 mortality,POLES,POLES-JRC ENGAGE,ENGAGE,High-CDR,2
SCI-vetted,1.5C,R10REF_ECON,mortality_million_deaths,PM2.5 mortality,REMIND,REMIND-MAgPIE 3.2.0-4.8.0,RESCUE,High-RE,2
SCI-vetted,1.5C,R10REF_ECON,mortality_million_deaths,PM2.5 mortality,REMIND,REMIND-MAgPIE 3.3-4.8,NGFS Phase 5,High-RE,1
SCI-vetted,1.5C,R10REF_ECON,total_energy_jobyears_per_1k,Employment,GCAM,GCAM 6.0 NGFS,NGFS Phase 5,High-RE,2
SCI-vetted,1.5C,R10REF_ECON,total_energy_jobyears_per_1k,Employment,IMAGE,IMAGE 3.2,SSP2021,High-CDR,4
SCI-vetted,1.5C,R10REF_ECON,total_energy_jobyears_per_1k,Employment,IMAGE,IMAGE 3.2,SSP2021,High-RE,1
SCI-vetted,1.5C,R10REF_ECON,total_energy_jobyears_per_1k,Employment,POLES,POLES-JRC ENGAGE,ENGAGE,High-CDR,2
SCI-vetted,1.5C,R10REF_ECON,total_energy_jobyears_per_1k,Employment,REMIND,REMIND-MAgPIE 3.2.0-4.8.0,RESCUE,High-RE,2
SCI-vetted,1.5C,R10REF_ECON,total_energy_jobyears_per_1k,Employment,REMIND,REMIND-MAgPIE 3.3-4.8,NGFS Phase 5,High-RE,1
SCI-vetted,1.5C,R10REST_ASIA,gap_GJ_pc,DLE gap,GCAM,GCAM 6.0 NGFS,NGFS Phase 5,High-RE,2
SCI-vetted,1.5C,R10REST_ASIA,gap_GJ_pc,DLE gap,IMAGE,IMAGE 3.2,SSP2021,High-CDR,4
SCI-vetted,1.5C,R10REST_ASIA,gap_GJ_pc,DLE gap,IMAGE,IMAGE 3.2,SSP2021,High-RE,1
SCI-vetted,1.5C,R10REST_ASIA,gap_GJ_pc,DLE gap,POLES,POLES-JRC ENGAGE,ENGAGE,High-CDR,2
SCI-vetted,1.5C,R10REST_ASIA,gap_GJ_pc,DLE gap,REMIND,REMIND-MAgPIE 3.2.0-4.8.0,RESCUE,High-RE,2
SCI-vetted,1.5C,R10REST_ASIA,gap_GJ_pc,DLE gap,REMIND,REMIND-MAgPIE 3.3-4.8,NGFS Phase 5,High-RE,1
SCI-vetted,1.5C,R10REST_ASIA,headcount_pct,Deprived headcount,GCAM,GCAM 6.0 NGFS,NGFS Phase 5,High-RE,2
SCI-vetted,1.5C,R10REST_ASIA,headcount_pct,Deprived headcount,IMAGE,IMAGE 3.2,SSP2021,High-CDR,4
SCI-vetted,1.5C,R10REST_ASIA,headcount_pct,Deprived headcount,IMAGE,IMAGE 3.2,SSP2021,High-RE,1
SCI-vetted,1.5C,R10REST_ASIA,headcount_pct,Deprived headcount,POLES,POLES-JRC ENGAGE,ENGAGE,High-CDR,2
SCI-vetted,1.5C,R10REST_ASIA,headcount_pct,Deprived headcount,REMIND,REMIND-MAgPIE 3.2.0-4.8.0,RESCUE,High-RE,2
SCI-vetted,1.5C,R10REST_ASIA,headcount_pct,Deprived headcount,REMIND,REMIND-MAgPIE 3.3-4.8,NGFS Phase 5,High-RE,1
SCI-vetted,1.5C,R10REST_ASIA,mortality_million_deaths,PM2.5 mortality,GCAM,GCAM 6.0 NGFS,NGFS Phase 5,High-RE,2
SCI-vetted,1.5C,R10REST_ASIA,mortality_million_deaths,PM2.5 mortality,IMAGE,IMAGE 3.2,SSP2021,High-CDR,4
SCI-vetted,1.5C,R10REST_ASIA,mortality_million_deaths,PM2.5 mortality,IMAGE,IMAGE 3.2,SSP2021,High-RE,1
SCI-vetted,1.5C,R10REST_ASIA,mortality_million_deaths,PM2.5 mortality,POLES,POLES-JRC ENGAGE,ENGAGE,High-CDR,2
SCI-vetted,1.5C,R10REST_ASIA,mortality_million_deaths,PM2.5 mortality,REMIND,REMIND-MAgPIE 3.2.0-4.8.0,RESCUE,High-RE,2
SCI-vetted,1.5C,R10REST_ASIA,mortality_million_deaths,PM2.5 mortality,REMIND,REMIND-MAgPIE 3.3-4.8,NGFS Phase 5,High-RE,1
SCI-vetted,1.5C,R10REST_ASIA,total_energy_jobyears_per_1k,Employment,GCAM,GCAM 6.0 NGFS,NGFS Phase 5,High-RE,2
SCI-vetted,1.5C,R10REST_ASIA,total_energy_jobyears_per_1k,Employment,IMAGE,IMAGE 3.2,SSP2021,High-CDR,4
SCI-vetted,1.5C,R10REST_ASIA,total_energy_jobyears_per_1k,Employment,IMAGE,IMAGE 3.2,SSP2021,High-RE,1
SCI-vetted,1.5C,R10REST_ASIA,total_energy_jobyears_per_1k,Employment,POLES,POLES-JRC ENGAGE,ENGAGE,High-CDR,2
SCI-vetted,1.5C,R10REST_ASIA,total_energy_jobyears_per_1k,Employment,REMIND,REMIND-MAgPIE 3.2.0-4.8.0,RESCUE,High-RE,2
SCI-vetted,1.5C,R10REST_ASIA,total_energy_jobyears_per_1k,Employment,REMIND,REMIND-MAgPIE 3.3-4.8,NGFS Phase 5,High-RE,1
SCI-vetted,2C,Aggregated R10 regions,gap_GJ_pc,DLE gap,GCAM,GCAM 5.3,NGFS Phase 2,High-RE,1
SCI-vetted,2C,Aggregated R10 regions,gap_GJ_pc,DLE gap,GCAM,GCAM 6.0 NGFS,NGFS Phase 5,High-RE,4
SCI-vetted,2C,Aggregated R10 regions,gap_GJ_pc,DLE gap,IMAGE,IMAGE 3.0,ENGAGE,High-CDR,15
SCI-vetted,2C,Aggregated R10 regions,gap_GJ_pc,DLE gap,IMAGE,IMAGE 3.2,SSP2021,High-CDR,6
SCI-vetted,2C,Aggregated R10 regions,gap_GJ_pc,DLE gap,IMAGE,IMAGE 3.2,SSP2021,High-RE,3
SCI-vetted,2C,Aggregated R10 regions,gap_GJ_pc,DLE gap,IMAGE,IMAGE 3.3,NAVIGATE,High-CDR,1
SCI-vetted,2C,Aggregated R10 regions,gap_GJ_pc,DLE gap,MESSAGEix,MESSAGEix-GLOBIOM 2.0-M-R12-NGFS,NGFS Phase 5,High-RE,3
SCI-vetted,2C,Aggregated R10 regions,gap_GJ_pc,DLE gap,POLES,POLES-JRC ENGAGE,ENGAGE,High-CDR,41
SCI-vetted,2C,Aggregated R10 regions,gap_GJ_pc,DLE gap,REMIND,REMIND 2.1,LeastTotalCost,High-RE,1
SCI-vetted,2C,Aggregated R10 regions,gap_GJ_pc,DLE gap,REMIND,REMIND 2.1,R2p1,High-RE,1
SCI-vetted,2C,Aggregated R10 regions,gap_GJ_pc,DLE gap,REMIND,REMIND-Buildings 2.0,BEG,High-RE,1
SCI-vetted,2C,Aggregated R10 regions,gap_GJ_pc,DLE gap,REMIND,REMIND-MAgPIE 1.7-3.0,CD,High-RE,1
SCI-vetted,2C,Aggregated R10 regions,gap_GJ_pc,DLE gap,REMIND,REMIND-MAgPIE 1.7-3.0,COMMIT,High-RE,2
SCI-vetted,2C,Aggregated R10 regions,gap_GJ_pc,DLE gap,REMIND,REMIND-MAgPIE 1.7-3.0,PEP,High-RE,2
SCI-vetted,2C,Aggregated R10 regions,gap_GJ_pc,DLE gap,REMIND,REMIND-MAgPIE 2.1-4.2,ENGAGE,High-RE,1
SCI-vetted,2C,Aggregated R10 regions,gap_GJ_pc,DLE gap,REMIND,REMIND-MAgPIE 2.1-4.2,NGFS Phase 2,High-RE,2
SCI-vetted,2C,Aggregated R10 regions,gap_GJ_pc,DLE gap,REMIND,REMIND-MAgPIE 2.1-4.3,DeepElectrification,High-RE,2
SCI-vetted,2C,Aggregated R10 regions,gap_GJ_pc,DLE gap,REMIND,REMIND-MAgPIE 3.2-4.6,SHAPE,High-RE,2
SCI-vetted,2C,Aggregated R10 regions,gap_GJ_pc,DLE gap,REMIND,REMIND-MAgPIE 3.2.0-4.8.0,RESCUE,High-RE,4
SCI-vetted,2C,Aggregated R10 regions,gap_GJ_pc,DLE gap,REMIND,REMIND-MAgPIE 3.3-4.8,NGFS Phase 5,High-RE,5
SCI-vetted,2C,Aggregated R10 regions,gap_GJ_pc,DLE gap,WITCH,WITCH 5.0,ENGAGE,High-RE,26
SCI-vetted,2C,Aggregated R10 regions,gap_GJ_pc,DLE gap,WITCH,WITCH 5.0,NAVIGATE,High-RE,2
SCI-vetted,2C,Aggregated R10 regions,headcount_pct,Deprived headcount,GCAM,GCAM 5.3,NGFS Phase 2,High-RE,1
SCI-vetted,2C,Aggregated R10 regions,headcount_pct,Deprived headcount,GCAM,GCAM 6.0 NGFS,NGFS Phase 5,High-RE,4
SCI-vetted,2C,Aggregated R10 regions,headcount_pct,Deprived headcount,IMAGE,IMAGE 3.0,ENGAGE,High-CDR,15
SCI-vetted,2C,Aggregated R10 regions,headcount_pct,Deprived headcount,IMAGE,IMAGE 3.2,SSP2021,High-CDR,6
SCI-vetted,2C,Aggregated R10 regions,headcount_pct,Deprived headcount,IMAGE,IMAGE 3.2,SSP2021,High-RE,3
SCI-vetted,2C,Aggregated R10 regions,headcount_pct,Deprived headcount,IMAGE,IMAGE 3.3,NAVIGATE,High-CDR,1
SCI-vetted,2C,Aggregated R10 regions,headcount_pct,Deprived headcount,MESSAGEix,MESSAGEix-GLOBIOM 2.0-M-R12-NGFS,NGFS Phase 5,High-RE,3
SCI-vetted,2C,Aggregated R10 regions,headcount_pct,Deprived headcount,POLES,POLES-JRC ENGAGE,ENGAGE,High-CDR,41
SCI-vetted,2C,Aggregated R10 regions,headcount_pct,Deprived headcount,REMIND,REMIND 2.1,LeastTotalCost,High-RE,1
SCI-vetted,2C,Aggregated R10 regions,headcount_pct,Deprived headcount,REMIND,REMIND 2.1,R2p1,High-RE,1
SCI-vetted,2C,Aggregated R10 regions,headcount_pct,Deprived headcount,REMIND,REMIND-Buildings 2.0,BEG,High-RE,1
SCI-vetted,2C,Aggregated R10 regions,headcount_pct,Deprived headcount,REMIND,REMIND-MAgPIE 1.7-3.0,CD,High-RE,1
SCI-vetted,2C,Aggregated R10 regions,headcount_pct,Deprived headcount,REMIND,REMIND-MAgPIE 1.7-3.0,COMMIT,High-RE,2
SCI-vetted,2C,Aggregated R10 regions,headcount_pct,Deprived headcount,REMIND,REMIND-MAgPIE 1.7-3.0,PEP,High-RE,2
SCI-vetted,2C,Aggregated R10 regions,headcount_pct,Deprived headcount,REMIND,REMIND-MAgPIE 2.1-4.2,ENGAGE,High-RE,1
SCI-vetted,2C,Aggregated R10 regions,headcount_pct,Deprived headcount,REMIND,REMIND-MAgPIE 2.1-4.2,NGFS Phase 2,High-RE,2
SCI-vetted,2C,Aggregated R10 regions,headcount_pct,Deprived headcount,REMIND,REMIND-MAgPIE 2.1-4.3,DeepElectrification,High-RE,2
SCI-vetted,2C,Aggregated R10 regions,headcount_pct,Deprived headcount,REMIND,REMIND-MAgPIE 3.2-4.6,SHAPE,High-RE,2
SCI-vetted,2C,Aggregated R10 regions,headcount_pct,Deprived headcount,REMIND,REMIND-MAgPIE 3.2.0-4.8.0,RESCUE,High-RE,4
SCI-vetted,2C,Aggregated R10 regions,headcount_pct,Deprived headcount,REMIND,REMIND-MAgPIE 3.3-4.8,NGFS Phase 5,High-RE,5
SCI-vetted,2C,Aggregated R10 regions,headcount_pct,Deprived headcount,WITCH,WITCH 5.0,ENGAGE,High-RE,26
SCI-vetted,2C,Aggregated R10 regions,headcount_pct,Deprived headcount,WITCH,WITCH 5.0,NAVIGATE,High-RE,2
SCI-vetted,2C,Aggregated R10 regions,mortality_million_deaths,PM2.5 mortality,GCAM,GCAM 5.3,NGFS Phase 2,High-RE,1
SCI-vetted,2C,Aggregated R10 regions,mortality_million_deaths,PM2.5 mortality,GCAM,GCAM 6.0 NGFS,NGFS Phase 5,High-RE,4
SCI-vetted,2C,Aggregated R10 regions,mortality_million_deaths,PM2.5 mortality,IMAGE,IMAGE 3.0,ENGAGE,High-CDR,15
SCI-vetted,2C,Aggregated R10 regions,mortality_million_deaths,PM2.5 mortality,IMAGE,IMAGE 3.2,SSP2021,High-CDR,6
SCI-vetted,2C,Aggregated R10 regions,mortality_million_deaths,PM2.5 mortality,IMAGE,IMAGE 3.2,SSP2021,High-RE,3
SCI-vetted,2C,Aggregated R10 regions,mortality_million_deaths,PM2.5 mortality,IMAGE,IMAGE 3.3,NAVIGATE,High-CDR,1
SCI-vetted,2C,Aggregated R10 regions,mortality_million_deaths,PM2.5 mortality,MESSAGEix,MESSAGEix-GLOBIOM 2.0-M-R12-NGFS,NGFS Phase 5,High-RE,3
SCI-vetted,2C,Aggregated R10 regions,mortality_million_deaths,PM2.5 mortality,POLES,POLES-JRC ENGAGE,ENGAGE,High-CDR,41
SCI-vetted,2C,Aggregated R10 regions,mortality_million_deaths,PM2.5 mortality,REMIND,REMIND 2.1,LeastTotalCost,High-RE,1
SCI-vetted,2C,Aggregated R10 regions,mortality_million_deaths,PM2.5 mortality,REMIND,REMIND 2.1,R2p1,High-RE,1
SCI-vetted,2C,Aggregated R10 regions,mortality_million_deaths,PM2.5 mortality,REMIND,REMIND-Buildings 2.0,BEG,High-RE,1
SCI-vetted,2C,Aggregated R10 regions,mortality_million_deaths,PM2.5 mortality,REMIND,REMIND-MAgPIE 1.7-3.0,CD,High-RE,1
SCI-vetted,2C,Aggregated R10 regions,mortality_million_deaths,PM2.5 mortality,REMIND,REMIND-MAgPIE 1.7-3.0,COMMIT,High-RE,2
SCI-vetted,2C,Aggregated R10 regions,mortality_million_deaths,PM2.5 mortality,REMIND,REMIND-MAgPIE 1.7-3.0,PEP,High-RE,2
SCI-vetted,2C,Aggregated R10 regions,mortality_million_deaths,PM2.5 mortality,REMIND,REMIND-MAgPIE 2.1-4.2,ENGAGE,High-RE,1
SCI-vetted,2C,Aggregated R10 regions,mortality_million_deaths,PM2.5 mortality,REMIND,REMIND-MAgPIE 2.1-4.2,NGFS Phase 2,High-RE,2
SCI-vetted,2C,Aggregated R10 regions,mortality_million_deaths,PM2.5 mortality,REMIND,REMIND-MAgPIE 2.1-4.3,DeepElectrification,High-RE,2
SCI-vetted,2C,Aggregated R10 regions,mortality_million_deaths,PM2.5 mortality,REMIND,REMIND-MAgPIE 3.2-4.6,SHAPE,High-RE,2
SCI-vetted,2C,Aggregated R10 regions,mortality_million_deaths,PM2.5 mortality,REMIND,REMIND-MAgPIE 3.2.0-4.8.0,RESCUE,High-RE,4
SCI-vetted,2C,Aggregated R10 regions,mortality_million_deaths,PM2.5 mortality,REMIND,REMIND-MAgPIE 3.3-4.8,NGFS Phase 5,High-RE,5
SCI-vetted,2C,Aggregated R10 regions,mortality_million_deaths,PM2.5 mortality,WITCH,WITCH 5.0,ENGAGE,High-RE,26
SCI-vetted,2C,Aggregated R10 regions,mortality_million_deaths,PM2.5 mortality,WITCH,WITCH 5.0,NAVIGATE,High-RE,2
SCI-vetted,2C,Aggregated R10 regions,total_energy_jobyears_per_1k,Employment,GCAM,GCAM 5.3,NGFS Phase 2,High-RE,1
SCI-vetted,2C,Aggregated R10 regions,total_energy_jobyears_per_1k,Employment,GCAM,GCAM 6.0 NGFS,NGFS Phase 5,High-RE,4
SCI-vetted,2C,Aggregated R10 regions,total_energy_jobyears_per_1k,Employment,IMAGE,IMAGE 3.0,ENGAGE,High-CDR,15
SCI-vetted,2C,Aggregated R10 regions,total_energy_jobyears_per_1k,Employment,IMAGE,IMAGE 3.2,SSP2021,High-CDR,6
SCI-vetted,2C,Aggregated R10 regions,total_energy_jobyears_per_1k,Employment,IMAGE,IMAGE 3.2,SSP2021,High-RE,3
SCI-vetted,2C,Aggregated R10 regions,total_energy_jobyears_per_1k,Employment,IMAGE,IMAGE 3.3,NAVIGATE,High-CDR,1
SCI-vetted,2C,Aggregated R10 regions,total_energy_jobyears_per_1k,Employment,MESSAGEix,MESSAGEix-GLOBIOM 2.0-M-R12-NGFS,NGFS Phase 5,High-RE,3
SCI-vetted,2C,Aggregated R10 regions,total_energy_jobyears_per_1k,Employment,POLES,POLES-JRC ENGAGE,ENGAGE,High-CDR,41
SCI-vetted,2C,Aggregated R10 regions,total_energy_jobyears_per_1k,Employment,REMIND,REMIND 2.1,LeastTotalCost,High-RE,1
SCI-vetted,2C,Aggregated R10 regions,total_energy_jobyears_per_1k,Employment,REMIND,REMIND 2.1,R2p1,High-RE,1
SCI-vetted,2C,Aggregated R10 regions,total_energy_jobyears_per_1k,Employment,REMIND,REMIND-Buildings 2.0,BEG,High-RE,1
SCI-vetted,2C,Aggregated R10 regions,total_energy_jobyears_per_1k,Employment,REMIND,REMIND-MAgPIE 1.7-3.0,CD,High-RE,1
SCI-vetted,2C,Aggregated R10 regions,total_energy_jobyears_per_1k,Employment,REMIND,REMIND-MAgPIE 1.7-3.0,COMMIT,High-RE,2
SCI-vetted,2C,Aggregated R10 regions,total_energy_jobyears_per_1k,Employment,REMIND,REMIND-MAgPIE 1.7-3.0,PEP,High-RE,2
SCI-vetted,2C,Aggregated R10 regions,total_energy_jobyears_per_1k,Employment,REMIND,REMIND-MAgPIE 2.1-4.2,ENGAGE,High-RE,1
SCI-vetted,2C,Aggregated R10 regions,total_energy_jobyears_per_1k,Employment,REMIND,REMIND-MAgPIE 2.1-4.2,NGFS Phase 2,High-RE,2
SCI-vetted,2C,Aggregated R10 regions,total_energy_jobyears_per_1k,Employment,REMIND,REMIND-MAgPIE 2.1-4.3,DeepElectrification,High-RE,2
SCI-vetted,2C,Aggregated R10 regions,total_energy_jobyears_per_1k,Employment,REMIND,REMIND-MAgPIE 3.2-4.6,SHAPE,High-RE,2
SCI-vetted,2C,Aggregated R10 regions,total_energy_jobyears_per_1k,Employment,REMIND,REMIND-MAgPIE 3.2.0-4.8.0,RESCUE,High-RE,4
SCI-vetted,2C,Aggregated R10 regions,total_energy_jobyears_per_1k,Employment,REMIND,REMIND-MAgPIE 3.3-4.8,NGFS Phase 5,High-RE,5
SCI-vetted,2C,Aggregated R10 regions,total_energy_jobyears_per_1k,Employment,WITCH,WITCH 5.0,ENGAGE,High-RE,26
SCI-vetted,2C,Aggregated R10 regions,total_energy_jobyears_per_1k,Employment,WITCH,WITCH 5.0,NAVIGATE,High-RE,2
SCI-vetted,2C,R10AFRICA,gap_GJ_pc,DLE gap,GCAM,GCAM 5.3,NGFS Phase 2,High-RE,1
SCI-vetted,2C,R10AFRICA,gap_GJ_pc,DLE gap,GCAM,GCAM 6.0 NGFS,NGFS Phase 5,High-RE,4
SCI-vetted,2C,R10AFRICA,gap_GJ_pc,DLE gap,IMAGE,IMAGE 3.0,ENGAGE,High-CDR,15
SCI-vetted,2C,R10AFRICA,gap_GJ_pc,DLE gap,IMAGE,IMAGE 3.2,SSP2021,High-CDR,6
SCI-vetted,2C,R10AFRICA,gap_GJ_pc,DLE gap,IMAGE,IMAGE 3.2,SSP2021,High-RE,3
SCI-vetted,2C,R10AFRICA,gap_GJ_pc,DLE gap,IMAGE,IMAGE 3.3,NAVIGATE,High-CDR,1
SCI-vetted,2C,R10AFRICA,gap_GJ_pc,DLE gap,MESSAGEix,MESSAGEix-GLOBIOM 2.0-M-R12-NGFS,NGFS Phase 5,High-RE,3
SCI-vetted,2C,R10AFRICA,gap_GJ_pc,DLE gap,POLES,POLES-JRC ENGAGE,ENGAGE,High-CDR,41
SCI-vetted,2C,R10AFRICA,gap_GJ_pc,DLE gap,REMIND,REMIND 2.1,LeastTotalCost,High-RE,1
SCI-vetted,2C,R10AFRICA,gap_GJ_pc,DLE gap,REMIND,REMIND 2.1,R2p1,High-RE,1
SCI-vetted,2C,R10AFRICA,gap_GJ_pc,DLE gap,REMIND,REMIND-Buildings 2.0,BEG,High-RE,1
SCI-vetted,2C,R10AFRICA,gap_GJ_pc,DLE gap,REMIND,REMIND-MAgPIE 1.7-3.0,CD,High-RE,1
SCI-vetted,2C,R10AFRICA,gap_GJ_pc,DLE gap,REMIND,REMIND-MAgPIE 1.7-3.0,COMMIT,High-RE,2
SCI-vetted,2C,R10AFRICA,gap_GJ_pc,DLE gap,REMIND,REMIND-MAgPIE 1.7-3.0,PEP,High-RE,2
SCI-vetted,2C,R10AFRICA,gap_GJ_pc,DLE gap,REMIND,REMIND-MAgPIE 2.0-4.1,Diff,High-RE,1
SCI-vetted,2C,R10AFRICA,gap_GJ_pc,DLE gap,REMIND,REMIND-MAgPIE 2.1-4.2,ENGAGE,High-RE,1
SCI-vetted,2C,R10AFRICA,gap_GJ_pc,DLE gap,REMIND,REMIND-MAgPIE 2.1-4.2,NGFS Phase 2,High-RE,2
SCI-vetted,2C,R10AFRICA,gap_GJ_pc,DLE gap,REMIND,REMIND-MAgPIE 2.1-4.3,DeepElectrification,High-RE,2
SCI-vetted,2C,R10AFRICA,gap_GJ_pc,DLE gap,REMIND,REMIND-MAgPIE 3.2-4.6,SHAPE,High-RE,2
SCI-vetted,2C,R10AFRICA,gap_GJ_pc,DLE gap,REMIND,REMIND-MAgPIE 3.2.0-4.8.0,RESCUE,High-RE,4
SCI-vetted,2C,R10AFRICA,gap_GJ_pc,DLE gap,REMIND,REMIND-MAgPIE 3.3-4.8,NGFS Phase 5,High-RE,5
SCI-vetted,2C,R10AFRICA,gap_GJ_pc,DLE gap,WITCH,WITCH 5.0,ENGAGE,High-RE,26
SCI-vetted,2C,R10AFRICA,gap_GJ_pc,DLE gap,WITCH,WITCH 5.0,NAVIGATE,High-RE,2
SCI-vetted,2C,R10AFRICA,headcount_pct,Deprived headcount,GCAM,GCAM 5.3,NGFS Phase 2,High-RE,1
SCI-vetted,2C,R10AFRICA,headcount_pct,Deprived headcount,GCAM,GCAM 6.0 NGFS,NGFS Phase 5,High-RE,4
SCI-vetted,2C,R10AFRICA,headcount_pct,Deprived headcount,IMAGE,IMAGE 3.0,ENGAGE,High-CDR,15
SCI-vetted,2C,R10AFRICA,headcount_pct,Deprived headcount,IMAGE,IMAGE 3.2,SSP2021,High-CDR,6
SCI-vetted,2C,R10AFRICA,headcount_pct,Deprived headcount,IMAGE,IMAGE 3.2,SSP2021,High-RE,3
SCI-vetted,2C,R10AFRICA,headcount_pct,Deprived headcount,IMAGE,IMAGE 3.3,NAVIGATE,High-CDR,1
SCI-vetted,2C,R10AFRICA,headcount_pct,Deprived headcount,MESSAGEix,MESSAGEix-GLOBIOM 2.0-M-R12-NGFS,NGFS Phase 5,High-RE,3
SCI-vetted,2C,R10AFRICA,headcount_pct,Deprived headcount,POLES,POLES-JRC ENGAGE,ENGAGE,High-CDR,41
SCI-vetted,2C,R10AFRICA,headcount_pct,Deprived headcount,REMIND,REMIND 2.1,LeastTotalCost,High-RE,1
SCI-vetted,2C,R10AFRICA,headcount_pct,Deprived headcount,REMIND,REMIND 2.1,R2p1,High-RE,1
SCI-vetted,2C,R10AFRICA,headcount_pct,Deprived headcount,REMIND,REMIND-Buildings 2.0,BEG,High-RE,1
SCI-vetted,2C,R10AFRICA,headcount_pct,Deprived headcount,REMIND,REMIND-MAgPIE 1.7-3.0,CD,High-RE,1
SCI-vetted,2C,R10AFRICA,headcount_pct,Deprived headcount,REMIND,REMIND-MAgPIE 1.7-3.0,COMMIT,High-RE,2
SCI-vetted,2C,R10AFRICA,headcount_pct,Deprived headcount,REMIND,REMIND-MAgPIE 1.7-3.0,PEP,High-RE,2
SCI-vetted,2C,R10AFRICA,headcount_pct,Deprived headcount,REMIND,REMIND-MAgPIE 2.0-4.1,Diff,High-RE,1
SCI-vetted,2C,R10AFRICA,headcount_pct,Deprived headcount,REMIND,REMIND-MAgPIE 2.1-4.2,ENGAGE,High-RE,1
SCI-vetted,2C,R10AFRICA,headcount_pct,Deprived headcount,REMIND,REMIND-MAgPIE 2.1-4.2,NGFS Phase 2,High-RE,2
SCI-vetted,2C,R10AFRICA,headcount_pct,Deprived headcount,REMIND,REMIND-MAgPIE 2.1-4.3,DeepElectrification,High-RE,2
SCI-vetted,2C,R10AFRICA,headcount_pct,Deprived headcount,REMIND,REMIND-MAgPIE 3.2-4.6,SHAPE,High-RE,2
SCI-vetted,2C,R10AFRICA,headcount_pct,Deprived headcount,REMIND,REMIND-MAgPIE 3.2.0-4.8.0,RESCUE,High-RE,4
SCI-vetted,2C,R10AFRICA,headcount_pct,Deprived headcount,REMIND,REMIND-MAgPIE 3.3-4.8,NGFS Phase 5,High-RE,5
SCI-vetted,2C,R10AFRICA,headcount_pct,Deprived headcount,WITCH,WITCH 5.0,ENGAGE,High-RE,26
SCI-vetted,2C,R10AFRICA,headcount_pct,Deprived headcount,WITCH,WITCH 5.0,NAVIGATE,High-RE,2
SCI-vetted,2C,R10AFRICA,mortality_million_deaths,PM2.5 mortality,GCAM,GCAM 5.3,NGFS Phase 2,High-RE,1
SCI-vetted,2C,R10AFRICA,mortality_million_deaths,PM2.5 mortality,GCAM,GCAM 6.0 NGFS,NGFS Phase 5,High-RE,4
SCI-vetted,2C,R10AFRICA,mortality_million_deaths,PM2.5 mortality,IMAGE,IMAGE 3.0,ENGAGE,High-CDR,15
SCI-vetted,2C,R10AFRICA,mortality_million_deaths,PM2.5 mortality,IMAGE,IMAGE 3.2,SSP2021,High-CDR,6
SCI-vetted,2C,R10AFRICA,mortality_million_deaths,PM2.5 mortality,IMAGE,IMAGE 3.2,SSP2021,High-RE,3
SCI-vetted,2C,R10AFRICA,mortality_million_deaths,PM2.5 mortality,IMAGE,IMAGE 3.3,NAVIGATE,High-CDR,1
SCI-vetted,2C,R10AFRICA,mortality_million_deaths,PM2.5 mortality,MESSAGEix,MESSAGEix-GLOBIOM 2.0-M-R12-NGFS,NGFS Phase 5,High-RE,3
SCI-vetted,2C,R10AFRICA,mortality_million_deaths,PM2.5 mortality,POLES,POLES-JRC ENGAGE,ENGAGE,High-CDR,41
SCI-vetted,2C,R10AFRICA,mortality_million_deaths,PM2.5 mortality,REMIND,REMIND 2.1,LeastTotalCost,High-RE,1
SCI-vetted,2C,R10AFRICA,mortality_million_deaths,PM2.5 mortality,REMIND,REMIND 2.1,R2p1,High-RE,1
SCI-vetted,2C,R10AFRICA,mortality_million_deaths,PM2.5 mortality,REMIND,REMIND-Buildings 2.0,BEG,High-RE,1
SCI-vetted,2C,R10AFRICA,mortality_million_deaths,PM2.5 mortality,REMIND,REMIND-MAgPIE 1.7-3.0,CD,High-RE,1
SCI-vetted,2C,R10AFRICA,mortality_million_deaths,PM2.5 mortality,REMIND,REMIND-MAgPIE 1.7-3.0,COMMIT,High-RE,2
SCI-vetted,2C,R10AFRICA,mortality_million_deaths,PM2.5 mortality,REMIND,REMIND-MAgPIE 1.7-3.0,PEP,High-RE,2
SCI-vetted,2C,R10AFRICA,mortality_million_deaths,PM2.5 mortality,REMIND,REMIND-MAgPIE 2.1-4.2,ENGAGE,High-RE,1
SCI-vetted,2C,R10AFRICA,mortality_million_deaths,PM2.5 mortality,REMIND,REMIND-MAgPIE 2.1-4.2,NGFS Phase 2,High-RE,2
SCI-vetted,2C,R10AFRICA,mortality_million_deaths,PM2.5 mortality,REMIND,REMIND-MAgPIE 2.1-4.3,DeepElectrification,High-RE,2
SCI-vetted,2C,R10AFRICA,mortality_million_deaths,PM2.5 mortality,REMIND,REMIND-MAgPIE 3.2-4.6,SHAPE,High-RE,2
SCI-vetted,2C,R10AFRICA,mortality_million_deaths,PM2.5 mortality,REMIND,REMIND-MAgPIE 3.2.0-4.8.0,RESCUE,High-RE,4
SCI-vetted,2C,R10AFRICA,mortality_million_deaths,PM2.5 mortality,REMIND,REMIND-MAgPIE 3.3-4.8,NGFS Phase 5,High-RE,5
SCI-vetted,2C,R10AFRICA,mortality_million_deaths,PM2.5 mortality,WITCH,WITCH 5.0,ENGAGE,High-RE,26
SCI-vetted,2C,R10AFRICA,mortality_million_deaths,PM2.5 mortality,WITCH,WITCH 5.0,NAVIGATE,High-RE,2
SCI-vetted,2C,R10AFRICA,total_energy_jobyears_per_1k,Employment,GCAM,GCAM 5.3,NGFS Phase 2,High-RE,1
SCI-vetted,2C,R10AFRICA,total_energy_jobyears_per_1k,Employment,GCAM,GCAM 6.0 NGFS,NGFS Phase 5,High-RE,4
SCI-vetted,2C,R10AFRICA,total_energy_jobyears_per_1k,Employment,IMAGE,IMAGE 3.0,ENGAGE,High-CDR,15
SCI-vetted,2C,R10AFRICA,total_energy_jobyears_per_1k,Employment,IMAGE,IMAGE 3.2,SSP2021,High-CDR,6
SCI-vetted,2C,R10AFRICA,total_energy_jobyears_per_1k,Employment,IMAGE,IMAGE 3.2,SSP2021,High-RE,3
SCI-vetted,2C,R10AFRICA,total_energy_jobyears_per_1k,Employment,IMAGE,IMAGE 3.3,NAVIGATE,High-CDR,1
SCI-vetted,2C,R10AFRICA,total_energy_jobyears_per_1k,Employment,MESSAGEix,MESSAGEix-GLOBIOM 2.0-M-R12-NGFS,NGFS Phase 5,High-RE,3
SCI-vetted,2C,R10AFRICA,total_energy_jobyears_per_1k,Employment,POLES,POLES-JRC ENGAGE,ENGAGE,High-CDR,41
SCI-vetted,2C,R10AFRICA,total_energy_jobyears_per_1k,Employment,REMIND,REMIND 2.1,LeastTotalCost,High-RE,1
SCI-vetted,2C,R10AFRICA,total_energy_jobyears_per_1k,Employment,REMIND,REMIND 2.1,R2p1,High-RE,1
SCI-vetted,2C,R10AFRICA,total_energy_jobyears_per_1k,Employment,REMIND,REMIND-Buildings 2.0,BEG,High-RE,1
SCI-vetted,2C,R10AFRICA,total_energy_jobyears_per_1k,Employment,REMIND,REMIND-MAgPIE 1.7-3.0,CD,High-RE,1
SCI-vetted,2C,R10AFRICA,total_energy_jobyears_per_1k,Employment,REMIND,REMIND-MAgPIE 1.7-3.0,COMMIT,High-RE,2
SCI-vetted,2C,R10AFRICA,total_energy_jobyears_per_1k,Employment,REMIND,REMIND-MAgPIE 1.7-3.0,PEP,High-RE,2
SCI-vetted,2C,R10AFRICA,total_energy_jobyears_per_1k,Employment,REMIND,REMIND-MAgPIE 2.0-4.1,Diff,High-RE,1
SCI-vetted,2C,R10AFRICA,total_energy_jobyears_per_1k,Employment,REMIND,REMIND-MAgPIE 2.1-4.2,ENGAGE,High-RE,1
SCI-vetted,2C,R10AFRICA,total_energy_jobyears_per_1k,Employment,REMIND,REMIND-MAgPIE 2.1-4.2,NGFS Phase 2,High-RE,2
SCI-vetted,2C,R10AFRICA,total_energy_jobyears_per_1k,Employment,REMIND,REMIND-MAgPIE 2.1-4.3,DeepElectrification,High-RE,2
SCI-vetted,2C,R10AFRICA,total_energy_jobyears_per_1k,Employment,REMIND,REMIND-MAgPIE 3.2-4.6,SHAPE,High-RE,2
SCI-vetted,2C,R10AFRICA,total_energy_jobyears_per_1k,Employment,REMIND,REMIND-MAgPIE 3.2.0-4.8.0,RESCUE,High-RE,4
SCI-vetted,2C,R10AFRICA,total_energy_jobyears_per_1k,Employment,REMIND,REMIND-MAgPIE 3.3-4.8,NGFS Phase 5,High-RE,5
SCI-vetted,2C,R10AFRICA,total_energy_jobyears_per_1k,Employment,WITCH,WITCH 5.0,ENGAGE,High-RE,26
SCI-vetted,2C,R10AFRICA,total_energy_jobyears_per_1k,Employment,WITCH,WITCH 5.0,NAVIGATE,High-RE,2
SCI-vetted,2C,R10CHINA+,gap_GJ_pc,DLE gap,GCAM,GCAM 5.3,NGFS Phase 2,High-RE,1
SCI-vetted,2C,R10CHINA+,gap_GJ_pc,DLE gap,GCAM,GCAM 6.0 NGFS,NGFS Phase 5,High-RE,4
SCI-vetted,2C,R10CHINA+,gap_GJ_pc,DLE gap,IMAGE,IMAGE 3.0,ENGAGE,High-CDR,15
SCI-vetted,2C,R10CHINA+,gap_GJ_pc,DLE gap,IMAGE,IMAGE 3.2,SSP2021,High-CDR,6
SCI-vetted,2C,R10CHINA+,gap_GJ_pc,DLE gap,IMAGE,IMAGE 3.2,SSP2021,High-RE,3
SCI-vetted,2C,R10CHINA+,gap_GJ_pc,DLE gap,IMAGE,IMAGE 3.3,NAVIGATE,High-CDR,1
SCI-vetted,2C,R10CHINA+,gap_GJ_pc,DLE gap,MESSAGEix,MESSAGEix-GLOBIOM 2.0-M-R12-NGFS,NGFS Phase 5,High-RE,3
SCI-vetted,2C,R10CHINA+,gap_GJ_pc,DLE gap,POLES,POLES-JRC ENGAGE,ENGAGE,High-CDR,41
SCI-vetted,2C,R10CHINA+,gap_GJ_pc,DLE gap,REMIND,REMIND 2.1,LeastTotalCost,High-RE,1
SCI-vetted,2C,R10CHINA+,gap_GJ_pc,DLE gap,REMIND,REMIND 2.1,R2p1,High-RE,1
SCI-vetted,2C,R10CHINA+,gap_GJ_pc,DLE gap,REMIND,REMIND-Buildings 2.0,BEG,High-RE,1
SCI-vetted,2C,R10CHINA+,gap_GJ_pc,DLE gap,REMIND,REMIND-MAgPIE 1.7-3.0,CD,High-RE,1
SCI-vetted,2C,R10CHINA+,gap_GJ_pc,DLE gap,REMIND,REMIND-MAgPIE 1.7-3.0,COMMIT,High-RE,2
SCI-vetted,2C,R10CHINA+,gap_GJ_pc,DLE gap,REMIND,REMIND-MAgPIE 1.7-3.0,PEP,High-RE,2
SCI-vetted,2C,R10CHINA+,gap_GJ_pc,DLE gap,REMIND,REMIND-MAgPIE 2.0-4.1,Diff,High-RE,1
SCI-vetted,2C,R10CHINA+,gap_GJ_pc,DLE gap,REMIND,REMIND-MAgPIE 2.1-4.2,ENGAGE,High-RE,1
SCI-vetted,2C,R10CHINA+,gap_GJ_pc,DLE gap,REMIND,REMIND-MAgPIE 2.1-4.2,NGFS Phase 2,High-RE,2
SCI-vetted,2C,R10CHINA+,gap_GJ_pc,DLE gap,REMIND,REMIND-MAgPIE 2.1-4.3,DeepElectrification,High-RE,2
SCI-vetted,2C,R10CHINA+,gap_GJ_pc,DLE gap,REMIND,REMIND-MAgPIE 3.2-4.6,SHAPE,High-RE,2
SCI-vetted,2C,R10CHINA+,gap_GJ_pc,DLE gap,REMIND,REMIND-MAgPIE 3.2.0-4.8.0,RESCUE,High-RE,4
SCI-vetted,2C,R10CHINA+,gap_GJ_pc,DLE gap,REMIND,REMIND-MAgPIE 3.3-4.8,NGFS Phase 5,High-RE,5
SCI-vetted,2C,R10CHINA+,gap_GJ_pc,DLE gap,WITCH,WITCH 5.0,ENGAGE,High-RE,26
SCI-vetted,2C,R10CHINA+,gap_GJ_pc,DLE gap,WITCH,WITCH 5.0,NAVIGATE,High-RE,2
SCI-vetted,2C,R10CHINA+,headcount_pct,Deprived headcount,GCAM,GCAM 5.3,NGFS Phase 2,High-RE,1
SCI-vetted,2C,R10CHINA+,headcount_pct,Deprived headcount,GCAM,GCAM 6.0 NGFS,NGFS Phase 5,High-RE,4
SCI-vetted,2C,R10CHINA+,headcount_pct,Deprived headcount,IMAGE,IMAGE 3.0,ENGAGE,High-CDR,15
SCI-vetted,2C,R10CHINA+,headcount_pct,Deprived headcount,IMAGE,IMAGE 3.2,SSP2021,High-CDR,6
SCI-vetted,2C,R10CHINA+,headcount_pct,Deprived headcount,IMAGE,IMAGE 3.2,SSP2021,High-RE,3
SCI-vetted,2C,R10CHINA+,headcount_pct,Deprived headcount,IMAGE,IMAGE 3.3,NAVIGATE,High-CDR,1
SCI-vetted,2C,R10CHINA+,headcount_pct,Deprived headcount,MESSAGEix,MESSAGEix-GLOBIOM 2.0-M-R12-NGFS,NGFS Phase 5,High-RE,3
SCI-vetted,2C,R10CHINA+,headcount_pct,Deprived headcount,POLES,POLES-JRC ENGAGE,ENGAGE,High-CDR,41
SCI-vetted,2C,R10CHINA+,headcount_pct,Deprived headcount,REMIND,REMIND 2.1,LeastTotalCost,High-RE,1
SCI-vetted,2C,R10CHINA+,headcount_pct,Deprived headcount,REMIND,REMIND 2.1,R2p1,High-RE,1
SCI-vetted,2C,R10CHINA+,headcount_pct,Deprived headcount,REMIND,REMIND-Buildings 2.0,BEG,High-RE,1
SCI-vetted,2C,R10CHINA+,headcount_pct,Deprived headcount,REMIND,REMIND-MAgPIE 1.7-3.0,CD,High-RE,1
SCI-vetted,2C,R10CHINA+,headcount_pct,Deprived headcount,REMIND,REMIND-MAgPIE 1.7-3.0,COMMIT,High-RE,2
SCI-vetted,2C,R10CHINA+,headcount_pct,Deprived headcount,REMIND,REMIND-MAgPIE 1.7-3.0,PEP,High-RE,2
SCI-vetted,2C,R10CHINA+,headcount_pct,Deprived headcount,REMIND,REMIND-MAgPIE 2.0-4.1,Diff,High-RE,1
SCI-vetted,2C,R10CHINA+,headcount_pct,Deprived headcount,REMIND,REMIND-MAgPIE 2.1-4.2,ENGAGE,High-RE,1
SCI-vetted,2C,R10CHINA+,headcount_pct,Deprived headcount,REMIND,REMIND-MAgPIE 2.1-4.2,NGFS Phase 2,High-RE,2
SCI-vetted,2C,R10CHINA+,headcount_pct,Deprived headcount,REMIND,REMIND-MAgPIE 2.1-4.3,DeepElectrification,High-RE,2
SCI-vetted,2C,R10CHINA+,headcount_pct,Deprived headcount,REMIND,REMIND-MAgPIE 3.2-4.6,SHAPE,High-RE,2
SCI-vetted,2C,R10CHINA+,headcount_pct,Deprived headcount,REMIND,REMIND-MAgPIE 3.2.0-4.8.0,RESCUE,High-RE,4
SCI-vetted,2C,R10CHINA+,headcount_pct,Deprived headcount,REMIND,REMIND-MAgPIE 3.3-4.8,NGFS Phase 5,High-RE,5
SCI-vetted,2C,R10CHINA+,headcount_pct,Deprived headcount,WITCH,WITCH 5.0,ENGAGE,High-RE,26
SCI-vetted,2C,R10CHINA+,headcount_pct,Deprived headcount,WITCH,WITCH 5.0,NAVIGATE,High-RE,2
SCI-vetted,2C,R10CHINA+,mortality_million_deaths,PM2.5 mortality,GCAM,GCAM 5.3,NGFS Phase 2,High-RE,1
SCI-vetted,2C,R10CHINA+,mortality_million_deaths,PM2.5 mortality,GCAM,GCAM 6.0 NGFS,NGFS Phase 5,High-RE,4
SCI-vetted,2C,R10CHINA+,mortality_million_deaths,PM2.5 mortality,IMAGE,IMAGE 3.0,ENGAGE,High-CDR,15
SCI-vetted,2C,R10CHINA+,mortality_million_deaths,PM2.5 mortality,IMAGE,IMAGE 3.2,SSP2021,High-CDR,6
SCI-vetted,2C,R10CHINA+,mortality_million_deaths,PM2.5 mortality,IMAGE,IMAGE 3.2,SSP2021,High-RE,3
SCI-vetted,2C,R10CHINA+,mortality_million_deaths,PM2.5 mortality,IMAGE,IMAGE 3.3,NAVIGATE,High-CDR,1
SCI-vetted,2C,R10CHINA+,mortality_million_deaths,PM2.5 mortality,MESSAGEix,MESSAGEix-GLOBIOM 2.0-M-R12-NGFS,NGFS Phase 5,High-RE,3
SCI-vetted,2C,R10CHINA+,mortality_million_deaths,PM2.5 mortality,POLES,POLES-JRC ENGAGE,ENGAGE,High-CDR,41
SCI-vetted,2C,R10CHINA+,mortality_million_deaths,PM2.5 mortality,REMIND,REMIND 2.1,LeastTotalCost,High-RE,1
SCI-vetted,2C,R10CHINA+,mortality_million_deaths,PM2.5 mortality,REMIND,REMIND 2.1,R2p1,High-RE,1
SCI-vetted,2C,R10CHINA+,mortality_million_deaths,PM2.5 mortality,REMIND,REMIND-Buildings 2.0,BEG,High-RE,1
SCI-vetted,2C,R10CHINA+,mortality_million_deaths,PM2.5 mortality,REMIND,REMIND-MAgPIE 1.7-3.0,CD,High-RE,1
SCI-vetted,2C,R10CHINA+,mortality_million_deaths,PM2.5 mortality,REMIND,REMIND-MAgPIE 1.7-3.0,COMMIT,High-RE,2
SCI-vetted,2C,R10CHINA+,mortality_million_deaths,PM2.5 mortality,REMIND,REMIND-MAgPIE 1.7-3.0,PEP,High-RE,2
SCI-vetted,2C,R10CHINA+,mortality_million_deaths,PM2.5 mortality,REMIND,REMIND-MAgPIE 2.1-4.2,ENGAGE,High-RE,1
SCI-vetted,2C,R10CHINA+,mortality_million_deaths,PM2.5 mortality,REMIND,REMIND-MAgPIE 2.1-4.2,NGFS Phase 2,High-RE,2
SCI-vetted,2C,R10CHINA+,mortality_million_deaths,PM2.5 mortality,REMIND,REMIND-MAgPIE 2.1-4.3,DeepElectrification,High-RE,2
SCI-vetted,2C,R10CHINA+,mortality_million_deaths,PM2.5 mortality,REMIND,REMIND-MAgPIE 3.2-4.6,SHAPE,High-RE,2
SCI-vetted,2C,R10CHINA+,mortality_million_deaths,PM2.5 mortality,REMIND,REMIND-MAgPIE 3.2.0-4.8.0,RESCUE,High-RE,4
SCI-vetted,2C,R10CHINA+,mortality_million_deaths,PM2.5 mortality,REMIND,REMIND-MAgPIE 3.3-4.8,NGFS Phase 5,High-RE,5
SCI-vetted,2C,R10CHINA+,mortality_million_deaths,PM2.5 mortality,WITCH,WITCH 5.0,ENGAGE,High-RE,26
SCI-vetted,2C,R10CHINA+,mortality_million_deaths,PM2.5 mortality,WITCH,WITCH 5.0,NAVIGATE,High-RE,2
SCI-vetted,2C,R10CHINA+,total_energy_jobyears_per_1k,Employment,GCAM,GCAM 5.3,NGFS Phase 2,High-RE,1
SCI-vetted,2C,R10CHINA+,total_energy_jobyears_per_1k,Employment,GCAM,GCAM 6.0 NGFS,NGFS Phase 5,High-RE,4
SCI-vetted,2C,R10CHINA+,total_energy_jobyears_per_1k,Employment,IMAGE,IMAGE 3.0,ENGAGE,High-CDR,15
SCI-vetted,2C,R10CHINA+,total_energy_jobyears_per_1k,Employment,IMAGE,IMAGE 3.2,SSP2021,High-CDR,6
SCI-vetted,2C,R10CHINA+,total_energy_jobyears_per_1k,Employment,IMAGE,IMAGE 3.2,SSP2021,High-RE,3
SCI-vetted,2C,R10CHINA+,total_energy_jobyears_per_1k,Employment,IMAGE,IMAGE 3.3,NAVIGATE,High-CDR,1
SCI-vetted,2C,R10CHINA+,total_energy_jobyears_per_1k,Employment,MESSAGEix,MESSAGEix-GLOBIOM 2.0-M-R12-NGFS,NGFS Phase 5,High-RE,3
SCI-vetted,2C,R10CHINA+,total_energy_jobyears_per_1k,Employment,POLES,POLES-JRC ENGAGE,ENGAGE,High-CDR,41
SCI-vetted,2C,R10CHINA+,total_energy_jobyears_per_1k,Employment,REMIND,REMIND 2.1,LeastTotalCost,High-RE,1
SCI-vetted,2C,R10CHINA+,total_energy_jobyears_per_1k,Employment,REMIND,REMIND 2.1,R2p1,High-RE,1
SCI-vetted,2C,R10CHINA+,total_energy_jobyears_per_1k,Employment,REMIND,REMIND-Buildings 2.0,BEG,High-RE,1
SCI-vetted,2C,R10CHINA+,total_energy_jobyears_per_1k,Employment,REMIND,REMIND-MAgPIE 1.7-3.0,CD,High-RE,1
SCI-vetted,2C,R10CHINA+,total_energy_jobyears_per_1k,Employment,REMIND,REMIND-MAgPIE 1.7-3.0,COMMIT,High-RE,2
SCI-vetted,2C,R10CHINA+,total_energy_jobyears_per_1k,Employment,REMIND,REMIND-MAgPIE 1.7-3.0,PEP,High-RE,2
SCI-vetted,2C,R10CHINA+,total_energy_jobyears_per_1k,Employment,REMIND,REMIND-MAgPIE 2.0-4.1,Diff,High-RE,1
SCI-vetted,2C,R10CHINA+,total_energy_jobyears_per_1k,Employment,REMIND,REMIND-MAgPIE 2.1-4.2,ENGAGE,High-RE,1
SCI-vetted,2C,R10CHINA+,total_energy_jobyears_per_1k,Employment,REMIND,REMIND-MAgPIE 2.1-4.2,NGFS Phase 2,High-RE,2
SCI-vetted,2C,R10CHINA+,total_energy_jobyears_per_1k,Employment,REMIND,REMIND-MAgPIE 2.1-4.3,DeepElectrification,High-RE,2
SCI-vetted,2C,R10CHINA+,total_energy_jobyears_per_1k,Employment,REMIND,REMIND-MAgPIE 3.2-4.6,SHAPE,High-RE,2
SCI-vetted,2C,R10CHINA+,total_energy_jobyears_per_1k,Employment,REMIND,REMIND-MAgPIE 3.2.0-4.8.0,RESCUE,High-RE,4
SCI-vetted,2C,R10CHINA+,total_energy_jobyears_per_1k,Employment,REMIND,REMIND-MAgPIE 3.3-4.8,NGFS Phase 5,High-RE,5
SCI-vetted,2C,R10CHINA+,total_energy_jobyears_per_1k,Employment,WITCH,WITCH 5.0,ENGAGE,High-RE,26
SCI-vetted,2C,R10CHINA+,total_energy_jobyears_per_1k,Employment,WITCH,WITCH 5.0,NAVIGATE,High-RE,2
SCI-vetted,2C,R10EUROPE,gap_GJ_pc,DLE gap,GCAM,GCAM 5.3,NGFS Phase 2,High-RE,1
SCI-vetted,2C,R10EUROPE,gap_GJ_pc,DLE gap,GCAM,GCAM 6.0 NGFS,NGFS Phase 5,High-RE,4
SCI-vetted,2C,R10EUROPE,gap_GJ_pc,DLE gap,IMAGE,IMAGE 3.0,ENGAGE,High-CDR,15
SCI-vetted,2C,R10EUROPE,gap_GJ_pc,DLE gap,IMAGE,IMAGE 3.2,SSP2021,High-CDR,6
SCI-vetted,2C,R10EUROPE,gap_GJ_pc,DLE gap,IMAGE,IMAGE 3.2,SSP2021,High-RE,3
SCI-vetted,2C,R10EUROPE,gap_GJ_pc,DLE gap,IMAGE,IMAGE 3.3,NAVIGATE,High-CDR,1
SCI-vetted,2C,R10EUROPE,gap_GJ_pc,DLE gap,MESSAGEix,MESSAGEix-GLOBIOM 2.0-M-R12-NGFS,NGFS Phase 5,High-RE,3
SCI-vetted,2C,R10EUROPE,gap_GJ_pc,DLE gap,POLES,POLES-JRC ENGAGE,ENGAGE,High-CDR,41
SCI-vetted,2C,R10EUROPE,gap_GJ_pc,DLE gap,REMIND,REMIND 2.1,LeastTotalCost,High-RE,1
SCI-vetted,2C,R10EUROPE,gap_GJ_pc,DLE gap,REMIND,REMIND 2.1,R2p1,High-RE,1
SCI-vetted,2C,R10EUROPE,gap_GJ_pc,DLE gap,REMIND,REMIND-Buildings 2.0,BEG,High-RE,1
SCI-vetted,2C,R10EUROPE,gap_GJ_pc,DLE gap,REMIND,REMIND-MAgPIE 1.7-3.0,CD,High-RE,1
SCI-vetted,2C,R10EUROPE,gap_GJ_pc,DLE gap,REMIND,REMIND-MAgPIE 1.7-3.0,COMMIT,High-RE,2
SCI-vetted,2C,R10EUROPE,gap_GJ_pc,DLE gap,REMIND,REMIND-MAgPIE 1.7-3.0,PEP,High-RE,2
SCI-vetted,2C,R10EUROPE,gap_GJ_pc,DLE gap,REMIND,REMIND-MAgPIE 2.0-4.1,Diff,High-RE,1
SCI-vetted,2C,R10EUROPE,gap_GJ_pc,DLE gap,REMIND,REMIND-MAgPIE 2.1-4.2,ENGAGE,High-RE,1
SCI-vetted,2C,R10EUROPE,gap_GJ_pc,DLE gap,REMIND,REMIND-MAgPIE 2.1-4.2,NGFS Phase 2,High-RE,2
SCI-vetted,2C,R10EUROPE,gap_GJ_pc,DLE gap,REMIND,REMIND-MAgPIE 2.1-4.3,DeepElectrification,High-RE,2
SCI-vetted,2C,R10EUROPE,gap_GJ_pc,DLE gap,REMIND,REMIND-MAgPIE 3.2-4.6,SHAPE,High-RE,2
SCI-vetted,2C,R10EUROPE,gap_GJ_pc,DLE gap,REMIND,REMIND-MAgPIE 3.2.0-4.8.0,RESCUE,High-RE,4
SCI-vetted,2C,R10EUROPE,gap_GJ_pc,DLE gap,REMIND,REMIND-MAgPIE 3.3-4.8,NGFS Phase 5,High-RE,5
SCI-vetted,2C,R10EUROPE,gap_GJ_pc,DLE gap,WITCH,WITCH 5.0,ENGAGE,High-RE,26
SCI-vetted,2C,R10EUROPE,gap_GJ_pc,DLE gap,WITCH,WITCH 5.0,NAVIGATE,High-RE,2
SCI-vetted,2C,R10EUROPE,headcount_pct,Deprived headcount,GCAM,GCAM 5.3,NGFS Phase 2,High-RE,1
SCI-vetted,2C,R10EUROPE,headcount_pct,Deprived headcount,GCAM,GCAM 6.0 NGFS,NGFS Phase 5,High-RE,4
SCI-vetted,2C,R10EUROPE,headcount_pct,Deprived headcount,IMAGE,IMAGE 3.0,ENGAGE,High-CDR,15
SCI-vetted,2C,R10EUROPE,headcount_pct,Deprived headcount,IMAGE,IMAGE 3.2,SSP2021,High-CDR,6
SCI-vetted,2C,R10EUROPE,headcount_pct,Deprived headcount,IMAGE,IMAGE 3.2,SSP2021,High-RE,3
SCI-vetted,2C,R10EUROPE,headcount_pct,Deprived headcount,IMAGE,IMAGE 3.3,NAVIGATE,High-CDR,1
SCI-vetted,2C,R10EUROPE,headcount_pct,Deprived headcount,MESSAGEix,MESSAGEix-GLOBIOM 2.0-M-R12-NGFS,NGFS Phase 5,High-RE,3
SCI-vetted,2C,R10EUROPE,headcount_pct,Deprived headcount,POLES,POLES-JRC ENGAGE,ENGAGE,High-CDR,41
SCI-vetted,2C,R10EUROPE,headcount_pct,Deprived headcount,REMIND,REMIND 2.1,LeastTotalCost,High-RE,1
SCI-vetted,2C,R10EUROPE,headcount_pct,Deprived headcount,REMIND,REMIND 2.1,R2p1,High-RE,1
SCI-vetted,2C,R10EUROPE,headcount_pct,Deprived headcount,REMIND,REMIND-Buildings 2.0,BEG,High-RE,1
SCI-vetted,2C,R10EUROPE,headcount_pct,Deprived headcount,REMIND,REMIND-MAgPIE 1.7-3.0,CD,High-RE,1
SCI-vetted,2C,R10EUROPE,headcount_pct,Deprived headcount,REMIND,REMIND-MAgPIE 1.7-3.0,COMMIT,High-RE,2
SCI-vetted,2C,R10EUROPE,headcount_pct,Deprived headcount,REMIND,REMIND-MAgPIE 1.7-3.0,PEP,High-RE,2
SCI-vetted,2C,R10EUROPE,headcount_pct,Deprived headcount,REMIND,REMIND-MAgPIE 2.0-4.1,Diff,High-RE,1
SCI-vetted,2C,R10EUROPE,headcount_pct,Deprived headcount,REMIND,REMIND-MAgPIE 2.1-4.2,ENGAGE,High-RE,1
SCI-vetted,2C,R10EUROPE,headcount_pct,Deprived headcount,REMIND,REMIND-MAgPIE 2.1-4.2,NGFS Phase 2,High-RE,2
SCI-vetted,2C,R10EUROPE,headcount_pct,Deprived headcount,REMIND,REMIND-MAgPIE 2.1-4.3,DeepElectrification,High-RE,2
SCI-vetted,2C,R10EUROPE,headcount_pct,Deprived headcount,REMIND,REMIND-MAgPIE 3.2-4.6,SHAPE,High-RE,2
SCI-vetted,2C,R10EUROPE,headcount_pct,Deprived headcount,REMIND,REMIND-MAgPIE 3.2.0-4.8.0,RESCUE,High-RE,4
SCI-vetted,2C,R10EUROPE,headcount_pct,Deprived headcount,REMIND,REMIND-MAgPIE 3.3-4.8,NGFS Phase 5,High-RE,5
SCI-vetted,2C,R10EUROPE,headcount_pct,Deprived headcount,WITCH,WITCH 5.0,ENGAGE,High-RE,26
SCI-vetted,2C,R10EUROPE,headcount_pct,Deprived headcount,WITCH,WITCH 5.0,NAVIGATE,High-RE,2
SCI-vetted,2C,R10EUROPE,mortality_million_deaths,PM2.5 mortality,GCAM,GCAM 5.3,NGFS Phase 2,High-RE,1
SCI-vetted,2C,R10EUROPE,mortality_million_deaths,PM2.5 mortality,GCAM,GCAM 6.0 NGFS,NGFS Phase 5,High-RE,4
SCI-vetted,2C,R10EUROPE,mortality_million_deaths,PM2.5 mortality,IMAGE,IMAGE 3.0,ENGAGE,High-CDR,15
SCI-vetted,2C,R10EUROPE,mortality_million_deaths,PM2.5 mortality,IMAGE,IMAGE 3.2,SSP2021,High-CDR,6
SCI-vetted,2C,R10EUROPE,mortality_million_deaths,PM2.5 mortality,IMAGE,IMAGE 3.2,SSP2021,High-RE,3
SCI-vetted,2C,R10EUROPE,mortality_million_deaths,PM2.5 mortality,IMAGE,IMAGE 3.3,NAVIGATE,High-CDR,1
SCI-vetted,2C,R10EUROPE,mortality_million_deaths,PM2.5 mortality,MESSAGEix,MESSAGEix-GLOBIOM 2.0-M-R12-NGFS,NGFS Phase 5,High-RE,3
SCI-vetted,2C,R10EUROPE,mortality_million_deaths,PM2.5 mortality,POLES,POLES-JRC ENGAGE,ENGAGE,High-CDR,41
SCI-vetted,2C,R10EUROPE,mortality_million_deaths,PM2.5 mortality,REMIND,REMIND 2.1,LeastTotalCost,High-RE,1
SCI-vetted,2C,R10EUROPE,mortality_million_deaths,PM2.5 mortality,REMIND,REMIND 2.1,R2p1,High-RE,1
SCI-vetted,2C,R10EUROPE,mortality_million_deaths,PM2.5 mortality,REMIND,REMIND-Buildings 2.0,BEG,High-RE,1
SCI-vetted,2C,R10EUROPE,mortality_million_deaths,PM2.5 mortality,REMIND,REMIND-MAgPIE 1.7-3.0,CD,High-RE,1
SCI-vetted,2C,R10EUROPE,mortality_million_deaths,PM2.5 mortality,REMIND,REMIND-MAgPIE 1.7-3.0,COMMIT,High-RE,2
SCI-vetted,2C,R10EUROPE,mortality_million_deaths,PM2.5 mortality,REMIND,REMIND-MAgPIE 1.7-3.0,PEP,High-RE,2
SCI-vetted,2C,R10EUROPE,mortality_million_deaths,PM2.5 mortality,REMIND,REMIND-MAgPIE 2.1-4.2,ENGAGE,High-RE,1
SCI-vetted,2C,R10EUROPE,mortality_million_deaths,PM2.5 mortality,REMIND,REMIND-MAgPIE 2.1-4.2,NGFS Phase 2,High-RE,2
SCI-vetted,2C,R10EUROPE,mortality_million_deaths,PM2.5 mortality,REMIND,REMIND-MAgPIE 2.1-4.3,DeepElectrification,High-RE,2
SCI-vetted,2C,R10EUROPE,mortality_million_deaths,PM2.5 mortality,REMIND,REMIND-MAgPIE 3.2-4.6,SHAPE,High-RE,2
SCI-vetted,2C,R10EUROPE,mortality_million_deaths,PM2.5 mortality,REMIND,REMIND-MAgPIE 3.2.0-4.8.0,RESCUE,High-RE,4
SCI-vetted,2C,R10EUROPE,mortality_million_deaths,PM2.5 mortality,REMIND,REMIND-MAgPIE 3.3-4.8,NGFS Phase 5,High-RE,5
SCI-vetted,2C,R10EUROPE,mortality_million_deaths,PM2.5 mortality,WITCH,WITCH 5.0,ENGAGE,High-RE,26
SCI-vetted,2C,R10EUROPE,mortality_million_deaths,PM2.5 mortality,WITCH,WITCH 5.0,NAVIGATE,High-RE,2
SCI-vetted,2C,R10EUROPE,total_energy_jobyears_per_1k,Employment,GCAM,GCAM 5.3,NGFS Phase 2,High-RE,1
SCI-vetted,2C,R10EUROPE,total_energy_jobyears_per_1k,Employment,GCAM,GCAM 6.0 NGFS,NGFS Phase 5,High-RE,4
SCI-vetted,2C,R10EUROPE,total_energy_jobyears_per_1k,Employment,IMAGE,IMAGE 3.0,ENGAGE,High-CDR,15
SCI-vetted,2C,R10EUROPE,total_energy_jobyears_per_1k,Employment,IMAGE,IMAGE 3.2,SSP2021,High-CDR,6
SCI-vetted,2C,R10EUROPE,total_energy_jobyears_per_1k,Employment,IMAGE,IMAGE 3.2,SSP2021,High-RE,3
SCI-vetted,2C,R10EUROPE,total_energy_jobyears_per_1k,Employment,IMAGE,IMAGE 3.3,NAVIGATE,High-CDR,1
SCI-vetted,2C,R10EUROPE,total_energy_jobyears_per_1k,Employment,MESSAGEix,MESSAGEix-GLOBIOM 2.0-M-R12-NGFS,NGFS Phase 5,High-RE,3
SCI-vetted,2C,R10EUROPE,total_energy_jobyears_per_1k,Employment,POLES,POLES-JRC ENGAGE,ENGAGE,High-CDR,41
SCI-vetted,2C,R10EUROPE,total_energy_jobyears_per_1k,Employment,REMIND,REMIND 2.1,LeastTotalCost,High-RE,1
SCI-vetted,2C,R10EUROPE,total_energy_jobyears_per_1k,Employment,REMIND,REMIND 2.1,R2p1,High-RE,1
SCI-vetted,2C,R10EUROPE,total_energy_jobyears_per_1k,Employment,REMIND,REMIND-Buildings 2.0,BEG,High-RE,1
SCI-vetted,2C,R10EUROPE,total_energy_jobyears_per_1k,Employment,REMIND,REMIND-MAgPIE 1.7-3.0,CD,High-RE,1
SCI-vetted,2C,R10EUROPE,total_energy_jobyears_per_1k,Employment,REMIND,REMIND-MAgPIE 1.7-3.0,COMMIT,High-RE,2
SCI-vetted,2C,R10EUROPE,total_energy_jobyears_per_1k,Employment,REMIND,REMIND-MAgPIE 1.7-3.0,PEP,High-RE,2
SCI-vetted,2C,R10EUROPE,total_energy_jobyears_per_1k,Employment,REMIND,REMIND-MAgPIE 2.0-4.1,Diff,High-RE,1
SCI-vetted,2C,R10EUROPE,total_energy_jobyears_per_1k,Employment,REMIND,REMIND-MAgPIE 2.1-4.2,ENGAGE,High-RE,1
SCI-vetted,2C,R10EUROPE,total_energy_jobyears_per_1k,Employment,REMIND,REMIND-MAgPIE 2.1-4.2,NGFS Phase 2,High-RE,2
SCI-vetted,2C,R10EUROPE,total_energy_jobyears_per_1k,Employment,REMIND,REMIND-MAgPIE 2.1-4.3,DeepElectrification,High-RE,2
SCI-vetted,2C,R10EUROPE,total_energy_jobyears_per_1k,Employment,REMIND,REMIND-MAgPIE 3.2-4.6,SHAPE,High-RE,2
SCI-vetted,2C,R10EUROPE,total_energy_jobyears_per_1k,Employment,REMIND,REMIND-MAgPIE 3.2.0-4.8.0,RESCUE,High-RE,4
SCI-vetted,2C,R10EUROPE,total_energy_jobyears_per_1k,Employment,REMIND,REMIND-MAgPIE 3.3-4.8,NGFS Phase 5,High-RE,5
SCI-vetted,2C,R10EUROPE,total_energy_jobyears_per_1k,Employment,WITCH,WITCH 5.0,ENGAGE,High-RE,26
SCI-vetted,2C,R10EUROPE,total_energy_jobyears_per_1k,Employment,WITCH,WITCH 5.0,NAVIGATE,High-RE,2
SCI-vetted,2C,R10INDIA+,gap_GJ_pc,DLE gap,GCAM,GCAM 5.3,NGFS Phase 2,High-RE,1
SCI-vetted,2C,R10INDIA+,gap_GJ_pc,DLE gap,GCAM,GCAM 6.0 NGFS,NGFS Phase 5,High-RE,4
SCI-vetted,2C,R10INDIA+,gap_GJ_pc,DLE gap,IMAGE,IMAGE 3.0,ENGAGE,High-CDR,15
SCI-vetted,2C,R10INDIA+,gap_GJ_pc,DLE gap,IMAGE,IMAGE 3.2,SSP2021,High-CDR,6
SCI-vetted,2C,R10INDIA+,gap_GJ_pc,DLE gap,IMAGE,IMAGE 3.2,SSP2021,High-RE,3
SCI-vetted,2C,R10INDIA+,gap_GJ_pc,DLE gap,IMAGE,IMAGE 3.3,NAVIGATE,High-CDR,1
SCI-vetted,2C,R10INDIA+,gap_GJ_pc,DLE gap,MESSAGEix,MESSAGEix-GLOBIOM 2.0-M-R12-NGFS,NGFS Phase 5,High-RE,3
SCI-vetted,2C,R10INDIA+,gap_GJ_pc,DLE gap,POLES,POLES-JRC ENGAGE,ENGAGE,High-CDR,41
SCI-vetted,2C,R10INDIA+,gap_GJ_pc,DLE gap,REMIND,REMIND 2.1,LeastTotalCost,High-RE,1
SCI-vetted,2C,R10INDIA+,gap_GJ_pc,DLE gap,REMIND,REMIND 2.1,R2p1,High-RE,1
SCI-vetted,2C,R10INDIA+,gap_GJ_pc,DLE gap,REMIND,REMIND-Buildings 2.0,BEG,High-RE,1
SCI-vetted,2C,R10INDIA+,gap_GJ_pc,DLE gap,REMIND,REMIND-MAgPIE 1.7-3.0,CD,High-RE,1
SCI-vetted,2C,R10INDIA+,gap_GJ_pc,DLE gap,REMIND,REMIND-MAgPIE 1.7-3.0,COMMIT,High-RE,2
SCI-vetted,2C,R10INDIA+,gap_GJ_pc,DLE gap,REMIND,REMIND-MAgPIE 1.7-3.0,PEP,High-RE,2
SCI-vetted,2C,R10INDIA+,gap_GJ_pc,DLE gap,REMIND,REMIND-MAgPIE 2.0-4.1,Diff,High-RE,1
SCI-vetted,2C,R10INDIA+,gap_GJ_pc,DLE gap,REMIND,REMIND-MAgPIE 2.1-4.2,ENGAGE,High-RE,1
SCI-vetted,2C,R10INDIA+,gap_GJ_pc,DLE gap,REMIND,REMIND-MAgPIE 2.1-4.2,NGFS Phase 2,High-RE,2
SCI-vetted,2C,R10INDIA+,gap_GJ_pc,DLE gap,REMIND,REMIND-MAgPIE 2.1-4.3,DeepElectrification,High-RE,2
SCI-vetted,2C,R10INDIA+,gap_GJ_pc,DLE gap,REMIND,REMIND-MAgPIE 3.2-4.6,SHAPE,High-RE,2
SCI-vetted,2C,R10INDIA+,gap_GJ_pc,DLE gap,REMIND,REMIND-MAgPIE 3.2.0-4.8.0,RESCUE,High-RE,4
SCI-vetted,2C,R10INDIA+,gap_GJ_pc,DLE gap,REMIND,REMIND-MAgPIE 3.3-4.8,NGFS Phase 5,High-RE,5
SCI-vetted,2C,R10INDIA+,gap_GJ_pc,DLE gap,WITCH,WITCH 5.0,ENGAGE,High-RE,26
SCI-vetted,2C,R10INDIA+,gap_GJ_pc,DLE gap,WITCH,WITCH 5.0,NAVIGATE,High-RE,2
SCI-vetted,2C,R10INDIA+,headcount_pct,Deprived headcount,GCAM,GCAM 5.3,NGFS Phase 2,High-RE,1
SCI-vetted,2C,R10INDIA+,headcount_pct,Deprived headcount,GCAM,GCAM 6.0 NGFS,NGFS Phase 5,High-RE,4
SCI-vetted,2C,R10INDIA+,headcount_pct,Deprived headcount,IMAGE,IMAGE 3.0,ENGAGE,High-CDR,15
SCI-vetted,2C,R10INDIA+,headcount_pct,Deprived headcount,IMAGE,IMAGE 3.2,SSP2021,High-CDR,6
SCI-vetted,2C,R10INDIA+,headcount_pct,Deprived headcount,IMAGE,IMAGE 3.2,SSP2021,High-RE,3
SCI-vetted,2C,R10INDIA+,headcount_pct,Deprived headcount,IMAGE,IMAGE 3.3,NAVIGATE,High-CDR,1
SCI-vetted,2C,R10INDIA+,headcount_pct,Deprived headcount,MESSAGEix,MESSAGEix-GLOBIOM 2.0-M-R12-NGFS,NGFS Phase 5,High-RE,3
SCI-vetted,2C,R10INDIA+,headcount_pct,Deprived headcount,POLES,POLES-JRC ENGAGE,ENGAGE,High-CDR,41
SCI-vetted,2C,R10INDIA+,headcount_pct,Deprived headcount,REMIND,REMIND 2.1,LeastTotalCost,High-RE,1
SCI-vetted,2C,R10INDIA+,headcount_pct,Deprived headcount,REMIND,REMIND 2.1,R2p1,High-RE,1
SCI-vetted,2C,R10INDIA+,headcount_pct,Deprived headcount,REMIND,REMIND-Buildings 2.0,BEG,High-RE,1
SCI-vetted,2C,R10INDIA+,headcount_pct,Deprived headcount,REMIND,REMIND-MAgPIE 1.7-3.0,CD,High-RE,1
SCI-vetted,2C,R10INDIA+,headcount_pct,Deprived headcount,REMIND,REMIND-MAgPIE 1.7-3.0,COMMIT,High-RE,2
SCI-vetted,2C,R10INDIA+,headcount_pct,Deprived headcount,REMIND,REMIND-MAgPIE 1.7-3.0,PEP,High-RE,2
SCI-vetted,2C,R10INDIA+,headcount_pct,Deprived headcount,REMIND,REMIND-MAgPIE 2.0-4.1,Diff,High-RE,1
SCI-vetted,2C,R10INDIA+,headcount_pct,Deprived headcount,REMIND,REMIND-MAgPIE 2.1-4.2,ENGAGE,High-RE,1
SCI-vetted,2C,R10INDIA+,headcount_pct,Deprived headcount,REMIND,REMIND-MAgPIE 2.1-4.2,NGFS Phase 2,High-RE,2
SCI-vetted,2C,R10INDIA+,headcount_pct,Deprived headcount,REMIND,REMIND-MAgPIE 2.1-4.3,DeepElectrification,High-RE,2
SCI-vetted,2C,R10INDIA+,headcount_pct,Deprived headcount,REMIND,REMIND-MAgPIE 3.2-4.6,SHAPE,High-RE,2
SCI-vetted,2C,R10INDIA+,headcount_pct,Deprived headcount,REMIND,REMIND-MAgPIE 3.2.0-4.8.0,RESCUE,High-RE,4
SCI-vetted,2C,R10INDIA+,headcount_pct,Deprived headcount,REMIND,REMIND-MAgPIE 3.3-4.8,NGFS Phase 5,High-RE,5
SCI-vetted,2C,R10INDIA+,headcount_pct,Deprived headcount,WITCH,WITCH 5.0,ENGAGE,High-RE,26
SCI-vetted,2C,R10INDIA+,headcount_pct,Deprived headcount,WITCH,WITCH 5.0,NAVIGATE,High-RE,2
SCI-vetted,2C,R10INDIA+,mortality_million_deaths,PM2.5 mortality,GCAM,GCAM 5.3,NGFS Phase 2,High-RE,1
SCI-vetted,2C,R10INDIA+,mortality_million_deaths,PM2.5 mortality,GCAM,GCAM 6.0 NGFS,NGFS Phase 5,High-RE,4
SCI-vetted,2C,R10INDIA+,mortality_million_deaths,PM2.5 mortality,IMAGE,IMAGE 3.0,ENGAGE,High-CDR,15
SCI-vetted,2C,R10INDIA+,mortality_million_deaths,PM2.5 mortality,IMAGE,IMAGE 3.2,SSP2021,High-CDR,6
SCI-vetted,2C,R10INDIA+,mortality_million_deaths,PM2.5 mortality,IMAGE,IMAGE 3.2,SSP2021,High-RE,3
SCI-vetted,2C,R10INDIA+,mortality_million_deaths,PM2.5 mortality,IMAGE,IMAGE 3.3,NAVIGATE,High-CDR,1
SCI-vetted,2C,R10INDIA+,mortality_million_deaths,PM2.5 mortality,MESSAGEix,MESSAGEix-GLOBIOM 2.0-M-R12-NGFS,NGFS Phase 5,High-RE,3
SCI-vetted,2C,R10INDIA+,mortality_million_deaths,PM2.5 mortality,POLES,POLES-JRC ENGAGE,ENGAGE,High-CDR,41
SCI-vetted,2C,R10INDIA+,mortality_million_deaths,PM2.5 mortality,REMIND,REMIND 2.1,LeastTotalCost,High-RE,1
SCI-vetted,2C,R10INDIA+,mortality_million_deaths,PM2.5 mortality,REMIND,REMIND 2.1,R2p1,High-RE,1
SCI-vetted,2C,R10INDIA+,mortality_million_deaths,PM2.5 mortality,REMIND,REMIND-Buildings 2.0,BEG,High-RE,1
SCI-vetted,2C,R10INDIA+,mortality_million_deaths,PM2.5 mortality,REMIND,REMIND-MAgPIE 1.7-3.0,CD,High-RE,1
SCI-vetted,2C,R10INDIA+,mortality_million_deaths,PM2.5 mortality,REMIND,REMIND-MAgPIE 1.7-3.0,COMMIT,High-RE,2
SCI-vetted,2C,R10INDIA+,mortality_million_deaths,PM2.5 mortality,REMIND,REMIND-MAgPIE 1.7-3.0,PEP,High-RE,2
SCI-vetted,2C,R10INDIA+,mortality_million_deaths,PM2.5 mortality,REMIND,REMIND-MAgPIE 2.1-4.2,ENGAGE,High-RE,1
SCI-vetted,2C,R10INDIA+,mortality_million_deaths,PM2.5 mortality,REMIND,REMIND-MAgPIE 2.1-4.2,NGFS Phase 2,High-RE,2
SCI-vetted,2C,R10INDIA+,mortality_million_deaths,PM2.5 mortality,REMIND,REMIND-MAgPIE 2.1-4.3,DeepElectrification,High-RE,2
SCI-vetted,2C,R10INDIA+,mortality_million_deaths,PM2.5 mortality,REMIND,REMIND-MAgPIE 3.2-4.6,SHAPE,High-RE,2
SCI-vetted,2C,R10INDIA+,mortality_million_deaths,PM2.5 mortality,REMIND,REMIND-MAgPIE 3.2.0-4.8.0,RESCUE,High-RE,4
SCI-vetted,2C,R10INDIA+,mortality_million_deaths,PM2.5 mortality,REMIND,REMIND-MAgPIE 3.3-4.8,NGFS Phase 5,High-RE,5
SCI-vetted,2C,R10INDIA+,mortality_million_deaths,PM2.5 mortality,WITCH,WITCH 5.0,ENGAGE,High-RE,26
SCI-vetted,2C,R10INDIA+,mortality_million_deaths,PM2.5 mortality,WITCH,WITCH 5.0,NAVIGATE,High-RE,2
SCI-vetted,2C,R10INDIA+,total_energy_jobyears_per_1k,Employment,GCAM,GCAM 5.3,NGFS Phase 2,High-RE,1
SCI-vetted,2C,R10INDIA+,total_energy_jobyears_per_1k,Employment,GCAM,GCAM 6.0 NGFS,NGFS Phase 5,High-RE,4
SCI-vetted,2C,R10INDIA+,total_energy_jobyears_per_1k,Employment,IMAGE,IMAGE 3.0,ENGAGE,High-CDR,15
SCI-vetted,2C,R10INDIA+,total_energy_jobyears_per_1k,Employment,IMAGE,IMAGE 3.2,SSP2021,High-CDR,6
SCI-vetted,2C,R10INDIA+,total_energy_jobyears_per_1k,Employment,IMAGE,IMAGE 3.2,SSP2021,High-RE,3
SCI-vetted,2C,R10INDIA+,total_energy_jobyears_per_1k,Employment,IMAGE,IMAGE 3.3,NAVIGATE,High-CDR,1
SCI-vetted,2C,R10INDIA+,total_energy_jobyears_per_1k,Employment,MESSAGEix,MESSAGEix-GLOBIOM 2.0-M-R12-NGFS,NGFS Phase 5,High-RE,3
SCI-vetted,2C,R10INDIA+,total_energy_jobyears_per_1k,Employment,POLES,POLES-JRC ENGAGE,ENGAGE,High-CDR,41
SCI-vetted,2C,R10INDIA+,total_energy_jobyears_per_1k,Employment,REMIND,REMIND 2.1,LeastTotalCost,High-RE,1
SCI-vetted,2C,R10INDIA+,total_energy_jobyears_per_1k,Employment,REMIND,REMIND 2.1,R2p1,High-RE,1
SCI-vetted,2C,R10INDIA+,total_energy_jobyears_per_1k,Employment,REMIND,REMIND-Buildings 2.0,BEG,High-RE,1
SCI-vetted,2C,R10INDIA+,total_energy_jobyears_per_1k,Employment,REMIND,REMIND-MAgPIE 1.7-3.0,CD,High-RE,1
SCI-vetted,2C,R10INDIA+,total_energy_jobyears_per_1k,Employment,REMIND,REMIND-MAgPIE 1.7-3.0,COMMIT,High-RE,2
SCI-vetted,2C,R10INDIA+,total_energy_jobyears_per_1k,Employment,REMIND,REMIND-MAgPIE 1.7-3.0,PEP,High-RE,2
SCI-vetted,2C,R10INDIA+,total_energy_jobyears_per_1k,Employment,REMIND,REMIND-MAgPIE 2.0-4.1,Diff,High-RE,1
SCI-vetted,2C,R10INDIA+,total_energy_jobyears_per_1k,Employment,REMIND,REMIND-MAgPIE 2.1-4.2,ENGAGE,High-RE,1
SCI-vetted,2C,R10INDIA+,total_energy_jobyears_per_1k,Employment,REMIND,REMIND-MAgPIE 2.1-4.2,NGFS Phase 2,High-RE,2
SCI-vetted,2C,R10INDIA+,total_energy_jobyears_per_1k,Employment,REMIND,REMIND-MAgPIE 2.1-4.3,DeepElectrification,High-RE,2
SCI-vetted,2C,R10INDIA+,total_energy_jobyears_per_1k,Employment,REMIND,REMIND-MAgPIE 3.2-4.6,SHAPE,High-RE,2
SCI-vetted,2C,R10INDIA+,total_energy_jobyears_per_1k,Employment,REMIND,REMIND-MAgPIE 3.2.0-4.8.0,RESCUE,High-RE,4
SCI-vetted,2C,R10INDIA+,total_energy_jobyears_per_1k,Employment,REMIND,REMIND-MAgPIE 3.3-4.8,NGFS Phase 5,High-RE,5
SCI-vetted,2C,R10INDIA+,total_energy_jobyears_per_1k,Employment,WITCH,WITCH 5.0,ENGAGE,High-RE,26
SCI-vetted,2C,R10INDIA+,total_energy_jobyears_per_1k,Employment,WITCH,WITCH 5.0,NAVIGATE,High-RE,2
SCI-vetted,2C,R10LATIN_AM,gap_GJ_pc,DLE gap,GCAM,GCAM 5.3,NGFS Phase 2,High-RE,1
SCI-vetted,2C,R10LATIN_AM,gap_GJ_pc,DLE gap,GCAM,GCAM 6.0 NGFS,NGFS Phase 5,High-RE,4
SCI-vetted,2C,R10LATIN_AM,gap_GJ_pc,DLE gap,IMAGE,IMAGE 3.0,ENGAGE,High-CDR,15
SCI-vetted,2C,R10LATIN_AM,gap_GJ_pc,DLE gap,IMAGE,IMAGE 3.2,SSP2021,High-CDR,6
SCI-vetted,2C,R10LATIN_AM,gap_GJ_pc,DLE gap,IMAGE,IMAGE 3.2,SSP2021,High-RE,3
SCI-vetted,2C,R10LATIN_AM,gap_GJ_pc,DLE gap,IMAGE,IMAGE 3.3,NAVIGATE,High-CDR,1
SCI-vetted,2C,R10LATIN_AM,gap_GJ_pc,DLE gap,MESSAGEix,MESSAGEix-GLOBIOM 2.0-M-R12-NGFS,NGFS Phase 5,High-RE,3
SCI-vetted,2C,R10LATIN_AM,gap_GJ_pc,DLE gap,POLES,POLES-JRC ENGAGE,ENGAGE,High-CDR,41
SCI-vetted,2C,R10LATIN_AM,gap_GJ_pc,DLE gap,REMIND,REMIND 2.1,LeastTotalCost,High-RE,1
SCI-vetted,2C,R10LATIN_AM,gap_GJ_pc,DLE gap,REMIND,REMIND 2.1,R2p1,High-RE,1
SCI-vetted,2C,R10LATIN_AM,gap_GJ_pc,DLE gap,REMIND,REMIND-Buildings 2.0,BEG,High-RE,1
SCI-vetted,2C,R10LATIN_AM,gap_GJ_pc,DLE gap,REMIND,REMIND-MAgPIE 1.7-3.0,CD,High-RE,1
SCI-vetted,2C,R10LATIN_AM,gap_GJ_pc,DLE gap,REMIND,REMIND-MAgPIE 1.7-3.0,COMMIT,High-RE,2
SCI-vetted,2C,R10LATIN_AM,gap_GJ_pc,DLE gap,REMIND,REMIND-MAgPIE 1.7-3.0,PEP,High-RE,2
SCI-vetted,2C,R10LATIN_AM,gap_GJ_pc,DLE gap,REMIND,REMIND-MAgPIE 2.0-4.1,Diff,High-RE,1
SCI-vetted,2C,R10LATIN_AM,gap_GJ_pc,DLE gap,REMIND,REMIND-MAgPIE 2.1-4.2,ENGAGE,High-RE,1
SCI-vetted,2C,R10LATIN_AM,gap_GJ_pc,DLE gap,REMIND,REMIND-MAgPIE 2.1-4.2,NGFS Phase 2,High-RE,2
SCI-vetted,2C,R10LATIN_AM,gap_GJ_pc,DLE gap,REMIND,REMIND-MAgPIE 2.1-4.3,DeepElectrification,High-RE,2
SCI-vetted,2C,R10LATIN_AM,gap_GJ_pc,DLE gap,REMIND,REMIND-MAgPIE 3.2-4.6,SHAPE,High-RE,2
SCI-vetted,2C,R10LATIN_AM,gap_GJ_pc,DLE gap,REMIND,REMIND-MAgPIE 3.2.0-4.8.0,RESCUE,High-RE,4
SCI-vetted,2C,R10LATIN_AM,gap_GJ_pc,DLE gap,REMIND,REMIND-MAgPIE 3.3-4.8,NGFS Phase 5,High-RE,5
SCI-vetted,2C,R10LATIN_AM,gap_GJ_pc,DLE gap,WITCH,WITCH 5.0,ENGAGE,High-RE,26
SCI-vetted,2C,R10LATIN_AM,gap_GJ_pc,DLE gap,WITCH,WITCH 5.0,NAVIGATE,High-RE,2
SCI-vetted,2C,R10LATIN_AM,headcount_pct,Deprived headcount,GCAM,GCAM 5.3,NGFS Phase 2,High-RE,1
SCI-vetted,2C,R10LATIN_AM,headcount_pct,Deprived headcount,GCAM,GCAM 6.0 NGFS,NGFS Phase 5,High-RE,4
SCI-vetted,2C,R10LATIN_AM,headcount_pct,Deprived headcount,IMAGE,IMAGE 3.0,ENGAGE,High-CDR,15
SCI-vetted,2C,R10LATIN_AM,headcount_pct,Deprived headcount,IMAGE,IMAGE 3.2,SSP2021,High-CDR,6
SCI-vetted,2C,R10LATIN_AM,headcount_pct,Deprived headcount,IMAGE,IMAGE 3.2,SSP2021,High-RE,3
SCI-vetted,2C,R10LATIN_AM,headcount_pct,Deprived headcount,IMAGE,IMAGE 3.3,NAVIGATE,High-CDR,1
SCI-vetted,2C,R10LATIN_AM,headcount_pct,Deprived headcount,MESSAGEix,MESSAGEix-GLOBIOM 2.0-M-R12-NGFS,NGFS Phase 5,High-RE,3
SCI-vetted,2C,R10LATIN_AM,headcount_pct,Deprived headcount,POLES,POLES-JRC ENGAGE,ENGAGE,High-CDR,41
SCI-vetted,2C,R10LATIN_AM,headcount_pct,Deprived headcount,REMIND,REMIND 2.1,LeastTotalCost,High-RE,1
SCI-vetted,2C,R10LATIN_AM,headcount_pct,Deprived headcount,REMIND,REMIND 2.1,R2p1,High-RE,1
SCI-vetted,2C,R10LATIN_AM,headcount_pct,Deprived headcount,REMIND,REMIND-Buildings 2.0,BEG,High-RE,1
SCI-vetted,2C,R10LATIN_AM,headcount_pct,Deprived headcount,REMIND,REMIND-MAgPIE 1.7-3.0,CD,High-RE,1
SCI-vetted,2C,R10LATIN_AM,headcount_pct,Deprived headcount,REMIND,REMIND-MAgPIE 1.7-3.0,COMMIT,High-RE,2
SCI-vetted,2C,R10LATIN_AM,headcount_pct,Deprived headcount,REMIND,REMIND-MAgPIE 1.7-3.0,PEP,High-RE,2
SCI-vetted,2C,R10LATIN_AM,headcount_pct,Deprived headcount,REMIND,REMIND-MAgPIE 2.0-4.1,Diff,High-RE,1
SCI-vetted,2C,R10LATIN_AM,headcount_pct,Deprived headcount,REMIND,REMIND-MAgPIE 2.1-4.2,ENGAGE,High-RE,1
SCI-vetted,2C,R10LATIN_AM,headcount_pct,Deprived headcount,REMIND,REMIND-MAgPIE 2.1-4.2,NGFS Phase 2,High-RE,2
SCI-vetted,2C,R10LATIN_AM,headcount_pct,Deprived headcount,REMIND,REMIND-MAgPIE 2.1-4.3,DeepElectrification,High-RE,2
SCI-vetted,2C,R10LATIN_AM,headcount_pct,Deprived headcount,REMIND,REMIND-MAgPIE 3.2-4.6,SHAPE,High-RE,2
SCI-vetted,2C,R10LATIN_AM,headcount_pct,Deprived headcount,REMIND,REMIND-MAgPIE 3.2.0-4.8.0,RESCUE,High-RE,4
SCI-vetted,2C,R10LATIN_AM,headcount_pct,Deprived headcount,REMIND,REMIND-MAgPIE 3.3-4.8,NGFS Phase 5,High-RE,5
SCI-vetted,2C,R10LATIN_AM,headcount_pct,Deprived headcount,WITCH,WITCH 5.0,ENGAGE,High-RE,26
SCI-vetted,2C,R10LATIN_AM,headcount_pct,Deprived headcount,WITCH,WITCH 5.0,NAVIGATE,High-RE,2
SCI-vetted,2C,R10LATIN_AM,mortality_million_deaths,PM2.5 mortality,GCAM,GCAM 5.3,NGFS Phase 2,High-RE,1
SCI-vetted,2C,R10LATIN_AM,mortality_million_deaths,PM2.5 mortality,GCAM,GCAM 6.0 NGFS,NGFS Phase 5,High-RE,4
SCI-vetted,2C,R10LATIN_AM,mortality_million_deaths,PM2.5 mortality,IMAGE,IMAGE 3.0,ENGAGE,High-CDR,15
SCI-vetted,2C,R10LATIN_AM,mortality_million_deaths,PM2.5 mortality,IMAGE,IMAGE 3.2,SSP2021,High-CDR,6
SCI-vetted,2C,R10LATIN_AM,mortality_million_deaths,PM2.5 mortality,IMAGE,IMAGE 3.2,SSP2021,High-RE,3
SCI-vetted,2C,R10LATIN_AM,mortality_million_deaths,PM2.5 mortality,IMAGE,IMAGE 3.3,NAVIGATE,High-CDR,1
SCI-vetted,2C,R10LATIN_AM,mortality_million_deaths,PM2.5 mortality,MESSAGEix,MESSAGEix-GLOBIOM 2.0-M-R12-NGFS,NGFS Phase 5,High-RE,3
SCI-vetted,2C,R10LATIN_AM,mortality_million_deaths,PM2.5 mortality,POLES,POLES-JRC ENGAGE,ENGAGE,High-CDR,41
SCI-vetted,2C,R10LATIN_AM,mortality_million_deaths,PM2.5 mortality,REMIND,REMIND 2.1,LeastTotalCost,High-RE,1
SCI-vetted,2C,R10LATIN_AM,mortality_million_deaths,PM2.5 mortality,REMIND,REMIND 2.1,R2p1,High-RE,1
SCI-vetted,2C,R10LATIN_AM,mortality_million_deaths,PM2.5 mortality,REMIND,REMIND-Buildings 2.0,BEG,High-RE,1
SCI-vetted,2C,R10LATIN_AM,mortality_million_deaths,PM2.5 mortality,REMIND,REMIND-MAgPIE 1.7-3.0,CD,High-RE,1
SCI-vetted,2C,R10LATIN_AM,mortality_million_deaths,PM2.5 mortality,REMIND,REMIND-MAgPIE 1.7-3.0,COMMIT,High-RE,2
SCI-vetted,2C,R10LATIN_AM,mortality_million_deaths,PM2.5 mortality,REMIND,REMIND-MAgPIE 1.7-3.0,PEP,High-RE,2
SCI-vetted,2C,R10LATIN_AM,mortality_million_deaths,PM2.5 mortality,REMIND,REMIND-MAgPIE 2.1-4.2,ENGAGE,High-RE,1
SCI-vetted,2C,R10LATIN_AM,mortality_million_deaths,PM2.5 mortality,REMIND,REMIND-MAgPIE 2.1-4.2,NGFS Phase 2,High-RE,2
SCI-vetted,2C,R10LATIN_AM,mortality_million_deaths,PM2.5 mortality,REMIND,REMIND-MAgPIE 2.1-4.3,DeepElectrification,High-RE,2
SCI-vetted,2C,R10LATIN_AM,mortality_million_deaths,PM2.5 mortality,REMIND,REMIND-MAgPIE 3.2-4.6,SHAPE,High-RE,2
SCI-vetted,2C,R10LATIN_AM,mortality_million_deaths,PM2.5 mortality,REMIND,REMIND-MAgPIE 3.2.0-4.8.0,RESCUE,High-RE,4
SCI-vetted,2C,R10LATIN_AM,mortality_million_deaths,PM2.5 mortality,REMIND,REMIND-MAgPIE 3.3-4.8,NGFS Phase 5,High-RE,5
SCI-vetted,2C,R10LATIN_AM,mortality_million_deaths,PM2.5 mortality,WITCH,WITCH 5.0,ENGAGE,High-RE,26
SCI-vetted,2C,R10LATIN_AM,mortality_million_deaths,PM2.5 mortality,WITCH,WITCH 5.0,NAVIGATE,High-RE,2
SCI-vetted,2C,R10LATIN_AM,total_energy_jobyears_per_1k,Employment,GCAM,GCAM 5.3,NGFS Phase 2,High-RE,1
SCI-vetted,2C,R10LATIN_AM,total_energy_jobyears_per_1k,Employment,GCAM,GCAM 6.0 NGFS,NGFS Phase 5,High-RE,4
SCI-vetted,2C,R10LATIN_AM,total_energy_jobyears_per_1k,Employment,IMAGE,IMAGE 3.0,ENGAGE,High-CDR,15
SCI-vetted,2C,R10LATIN_AM,total_energy_jobyears_per_1k,Employment,IMAGE,IMAGE 3.2,SSP2021,High-CDR,6
SCI-vetted,2C,R10LATIN_AM,total_energy_jobyears_per_1k,Employment,IMAGE,IMAGE 3.2,SSP2021,High-RE,3
SCI-vetted,2C,R10LATIN_AM,total_energy_jobyears_per_1k,Employment,IMAGE,IMAGE 3.3,NAVIGATE,High-CDR,1
SCI-vetted,2C,R10LATIN_AM,total_energy_jobyears_per_1k,Employment,MESSAGEix,MESSAGEix-GLOBIOM 2.0-M-R12-NGFS,NGFS Phase 5,High-RE,3
SCI-vetted,2C,R10LATIN_AM,total_energy_jobyears_per_1k,Employment,POLES,POLES-JRC ENGAGE,ENGAGE,High-CDR,41
SCI-vetted,2C,R10LATIN_AM,total_energy_jobyears_per_1k,Employment,REMIND,REMIND 2.1,LeastTotalCost,High-RE,1
SCI-vetted,2C,R10LATIN_AM,total_energy_jobyears_per_1k,Employment,REMIND,REMIND 2.1,R2p1,High-RE,1
SCI-vetted,2C,R10LATIN_AM,total_energy_jobyears_per_1k,Employment,REMIND,REMIND-Buildings 2.0,BEG,High-RE,1
SCI-vetted,2C,R10LATIN_AM,total_energy_jobyears_per_1k,Employment,REMIND,REMIND-MAgPIE 1.7-3.0,CD,High-RE,1
SCI-vetted,2C,R10LATIN_AM,total_energy_jobyears_per_1k,Employment,REMIND,REMIND-MAgPIE 1.7-3.0,COMMIT,High-RE,2
SCI-vetted,2C,R10LATIN_AM,total_energy_jobyears_per_1k,Employment,REMIND,REMIND-MAgPIE 1.7-3.0,PEP,High-RE,2
SCI-vetted,2C,R10LATIN_AM,total_energy_jobyears_per_1k,Employment,REMIND,REMIND-MAgPIE 2.0-4.1,Diff,High-RE,1
SCI-vetted,2C,R10LATIN_AM,total_energy_jobyears_per_1k,Employment,REMIND,REMIND-MAgPIE 2.1-4.2,ENGAGE,High-RE,1
SCI-vetted,2C,R10LATIN_AM,total_energy_jobyears_per_1k,Employment,REMIND,REMIND-MAgPIE 2.1-4.2,NGFS Phase 2,High-RE,2
SCI-vetted,2C,R10LATIN_AM,total_energy_jobyears_per_1k,Employment,REMIND,REMIND-MAgPIE 2.1-4.3,DeepElectrification,High-RE,2
SCI-vetted,2C,R10LATIN_AM,total_energy_jobyears_per_1k,Employment,REMIND,REMIND-MAgPIE 3.2-4.6,SHAPE,High-RE,2
SCI-vetted,2C,R10LATIN_AM,total_energy_jobyears_per_1k,Employment,REMIND,REMIND-MAgPIE 3.2.0-4.8.0,RESCUE,High-RE,4
SCI-vetted,2C,R10LATIN_AM,total_energy_jobyears_per_1k,Employment,REMIND,REMIND-MAgPIE 3.3-4.8,NGFS Phase 5,High-RE,5
SCI-vetted,2C,R10LATIN_AM,total_energy_jobyears_per_1k,Employment,WITCH,WITCH 5.0,ENGAGE,High-RE,26
SCI-vetted,2C,R10LATIN_AM,total_energy_jobyears_per_1k,Employment,WITCH,WITCH 5.0,NAVIGATE,High-RE,2
SCI-vetted,2C,R10MIDDLE_EAST,gap_GJ_pc,DLE gap,GCAM,GCAM 5.3,NGFS Phase 2,High-RE,1
SCI-vetted,2C,R10MIDDLE_EAST,gap_GJ_pc,DLE gap,GCAM,GCAM 6.0 NGFS,NGFS Phase 5,High-RE,4
SCI-vetted,2C,R10MIDDLE_EAST,gap_GJ_pc,DLE gap,IMAGE,IMAGE 3.0,ENGAGE,High-CDR,15
SCI-vetted,2C,R10MIDDLE_EAST,gap_GJ_pc,DLE gap,IMAGE,IMAGE 3.2,SSP2021,High-CDR,6
SCI-vetted,2C,R10MIDDLE_EAST,gap_GJ_pc,DLE gap,IMAGE,IMAGE 3.2,SSP2021,High-RE,3
SCI-vetted,2C,R10MIDDLE_EAST,gap_GJ_pc,DLE gap,IMAGE,IMAGE 3.3,NAVIGATE,High-CDR,1
SCI-vetted,2C,R10MIDDLE_EAST,gap_GJ_pc,DLE gap,MESSAGEix,MESSAGEix-GLOBIOM 2.0-M-R12-NGFS,NGFS Phase 5,High-RE,3
SCI-vetted,2C,R10MIDDLE_EAST,gap_GJ_pc,DLE gap,POLES,POLES-JRC ENGAGE,ENGAGE,High-CDR,41
SCI-vetted,2C,R10MIDDLE_EAST,gap_GJ_pc,DLE gap,REMIND,REMIND 2.1,LeastTotalCost,High-RE,1
SCI-vetted,2C,R10MIDDLE_EAST,gap_GJ_pc,DLE gap,REMIND,REMIND 2.1,R2p1,High-RE,1
SCI-vetted,2C,R10MIDDLE_EAST,gap_GJ_pc,DLE gap,REMIND,REMIND-Buildings 2.0,BEG,High-RE,1
SCI-vetted,2C,R10MIDDLE_EAST,gap_GJ_pc,DLE gap,REMIND,REMIND-MAgPIE 1.7-3.0,CD,High-RE,1
SCI-vetted,2C,R10MIDDLE_EAST,gap_GJ_pc,DLE gap,REMIND,REMIND-MAgPIE 1.7-3.0,COMMIT,High-RE,2
SCI-vetted,2C,R10MIDDLE_EAST,gap_GJ_pc,DLE gap,REMIND,REMIND-MAgPIE 1.7-3.0,PEP,High-RE,2
SCI-vetted,2C,R10MIDDLE_EAST,gap_GJ_pc,DLE gap,REMIND,REMIND-MAgPIE 2.0-4.1,Diff,High-RE,1
SCI-vetted,2C,R10MIDDLE_EAST,gap_GJ_pc,DLE gap,REMIND,REMIND-MAgPIE 2.1-4.2,ENGAGE,High-RE,1
SCI-vetted,2C,R10MIDDLE_EAST,gap_GJ_pc,DLE gap,REMIND,REMIND-MAgPIE 2.1-4.2,NGFS Phase 2,High-RE,2
SCI-vetted,2C,R10MIDDLE_EAST,gap_GJ_pc,DLE gap,REMIND,REMIND-MAgPIE 2.1-4.3,DeepElectrification,High-RE,2
SCI-vetted,2C,R10MIDDLE_EAST,gap_GJ_pc,DLE gap,REMIND,REMIND-MAgPIE 3.2-4.6,SHAPE,High-RE,2
SCI-vetted,2C,R10MIDDLE_EAST,gap_GJ_pc,DLE gap,REMIND,REMIND-MAgPIE 3.2.0-4.8.0,RESCUE,High-RE,4
SCI-vetted,2C,R10MIDDLE_EAST,gap_GJ_pc,DLE gap,REMIND,REMIND-MAgPIE 3.3-4.8,NGFS Phase 5,High-RE,5
SCI-vetted,2C,R10MIDDLE_EAST,gap_GJ_pc,DLE gap,WITCH,WITCH 5.0,ENGAGE,High-RE,26
SCI-vetted,2C,R10MIDDLE_EAST,gap_GJ_pc,DLE gap,WITCH,WITCH 5.0,NAVIGATE,High-RE,2
SCI-vetted,2C,R10MIDDLE_EAST,headcount_pct,Deprived headcount,GCAM,GCAM 5.3,NGFS Phase 2,High-RE,1
SCI-vetted,2C,R10MIDDLE_EAST,headcount_pct,Deprived headcount,GCAM,GCAM 6.0 NGFS,NGFS Phase 5,High-RE,4
SCI-vetted,2C,R10MIDDLE_EAST,headcount_pct,Deprived headcount,IMAGE,IMAGE 3.0,ENGAGE,High-CDR,15
SCI-vetted,2C,R10MIDDLE_EAST,headcount_pct,Deprived headcount,IMAGE,IMAGE 3.2,SSP2021,High-CDR,6
SCI-vetted,2C,R10MIDDLE_EAST,headcount_pct,Deprived headcount,IMAGE,IMAGE 3.2,SSP2021,High-RE,3
SCI-vetted,2C,R10MIDDLE_EAST,headcount_pct,Deprived headcount,IMAGE,IMAGE 3.3,NAVIGATE,High-CDR,1
SCI-vetted,2C,R10MIDDLE_EAST,headcount_pct,Deprived headcount,MESSAGEix,MESSAGEix-GLOBIOM 2.0-M-R12-NGFS,NGFS Phase 5,High-RE,3
SCI-vetted,2C,R10MIDDLE_EAST,headcount_pct,Deprived headcount,POLES,POLES-JRC ENGAGE,ENGAGE,High-CDR,41
SCI-vetted,2C,R10MIDDLE_EAST,headcount_pct,Deprived headcount,REMIND,REMIND 2.1,LeastTotalCost,High-RE,1
SCI-vetted,2C,R10MIDDLE_EAST,headcount_pct,Deprived headcount,REMIND,REMIND 2.1,R2p1,High-RE,1
SCI-vetted,2C,R10MIDDLE_EAST,headcount_pct,Deprived headcount,REMIND,REMIND-Buildings 2.0,BEG,High-RE,1
SCI-vetted,2C,R10MIDDLE_EAST,headcount_pct,Deprived headcount,REMIND,REMIND-MAgPIE 1.7-3.0,CD,High-RE,1
SCI-vetted,2C,R10MIDDLE_EAST,headcount_pct,Deprived headcount,REMIND,REMIND-MAgPIE 1.7-3.0,COMMIT,High-RE,2
SCI-vetted,2C,R10MIDDLE_EAST,headcount_pct,Deprived headcount,REMIND,REMIND-MAgPIE 1.7-3.0,PEP,High-RE,2
SCI-vetted,2C,R10MIDDLE_EAST,headcount_pct,Deprived headcount,REMIND,REMIND-MAgPIE 2.0-4.1,Diff,High-RE,1
SCI-vetted,2C,R10MIDDLE_EAST,headcount_pct,Deprived headcount,REMIND,REMIND-MAgPIE 2.1-4.2,ENGAGE,High-RE,1
SCI-vetted,2C,R10MIDDLE_EAST,headcount_pct,Deprived headcount,REMIND,REMIND-MAgPIE 2.1-4.2,NGFS Phase 2,High-RE,2
SCI-vetted,2C,R10MIDDLE_EAST,headcount_pct,Deprived headcount,REMIND,REMIND-MAgPIE 2.1-4.3,DeepElectrification,High-RE,2
SCI-vetted,2C,R10MIDDLE_EAST,headcount_pct,Deprived headcount,REMIND,REMIND-MAgPIE 3.2-4.6,SHAPE,High-RE,2
SCI-vetted,2C,R10MIDDLE_EAST,headcount_pct,Deprived headcount,REMIND,REMIND-MAgPIE 3.2.0-4.8.0,RESCUE,High-RE,4
SCI-vetted,2C,R10MIDDLE_EAST,headcount_pct,Deprived headcount,REMIND,REMIND-MAgPIE 3.3-4.8,NGFS Phase 5,High-RE,5
SCI-vetted,2C,R10MIDDLE_EAST,headcount_pct,Deprived headcount,WITCH,WITCH 5.0,ENGAGE,High-RE,26
SCI-vetted,2C,R10MIDDLE_EAST,headcount_pct,Deprived headcount,WITCH,WITCH 5.0,NAVIGATE,High-RE,2
SCI-vetted,2C,R10MIDDLE_EAST,mortality_million_deaths,PM2.5 mortality,GCAM,GCAM 5.3,NGFS Phase 2,High-RE,1
SCI-vetted,2C,R10MIDDLE_EAST,mortality_million_deaths,PM2.5 mortality,GCAM,GCAM 6.0 NGFS,NGFS Phase 5,High-RE,4
SCI-vetted,2C,R10MIDDLE_EAST,mortality_million_deaths,PM2.5 mortality,IMAGE,IMAGE 3.0,ENGAGE,High-CDR,15
SCI-vetted,2C,R10MIDDLE_EAST,mortality_million_deaths,PM2.5 mortality,IMAGE,IMAGE 3.2,SSP2021,High-CDR,6
SCI-vetted,2C,R10MIDDLE_EAST,mortality_million_deaths,PM2.5 mortality,IMAGE,IMAGE 3.2,SSP2021,High-RE,3
SCI-vetted,2C,R10MIDDLE_EAST,mortality_million_deaths,PM2.5 mortality,IMAGE,IMAGE 3.3,NAVIGATE,High-CDR,1
SCI-vetted,2C,R10MIDDLE_EAST,mortality_million_deaths,PM2.5 mortality,MESSAGEix,MESSAGEix-GLOBIOM 2.0-M-R12-NGFS,NGFS Phase 5,High-RE,3
SCI-vetted,2C,R10MIDDLE_EAST,mortality_million_deaths,PM2.5 mortality,POLES,POLES-JRC ENGAGE,ENGAGE,High-CDR,41
SCI-vetted,2C,R10MIDDLE_EAST,mortality_million_deaths,PM2.5 mortality,REMIND,REMIND 2.1,LeastTotalCost,High-RE,1
SCI-vetted,2C,R10MIDDLE_EAST,mortality_million_deaths,PM2.5 mortality,REMIND,REMIND 2.1,R2p1,High-RE,1
SCI-vetted,2C,R10MIDDLE_EAST,mortality_million_deaths,PM2.5 mortality,REMIND,REMIND-Buildings 2.0,BEG,High-RE,1
SCI-vetted,2C,R10MIDDLE_EAST,mortality_million_deaths,PM2.5 mortality,REMIND,REMIND-MAgPIE 1.7-3.0,CD,High-RE,1
SCI-vetted,2C,R10MIDDLE_EAST,mortality_million_deaths,PM2.5 mortality,REMIND,REMIND-MAgPIE 1.7-3.0,COMMIT,High-RE,2
SCI-vetted,2C,R10MIDDLE_EAST,mortality_million_deaths,PM2.5 mortality,REMIND,REMIND-MAgPIE 1.7-3.0,PEP,High-RE,2
SCI-vetted,2C,R10MIDDLE_EAST,mortality_million_deaths,PM2.5 mortality,REMIND,REMIND-MAgPIE 2.1-4.2,ENGAGE,High-RE,1
SCI-vetted,2C,R10MIDDLE_EAST,mortality_million_deaths,PM2.5 mortality,REMIND,REMIND-MAgPIE 2.1-4.2,NGFS Phase 2,High-RE,2
SCI-vetted,2C,R10MIDDLE_EAST,mortality_million_deaths,PM2.5 mortality,REMIND,REMIND-MAgPIE 2.1-4.3,DeepElectrification,High-RE,2
SCI-vetted,2C,R10MIDDLE_EAST,mortality_million_deaths,PM2.5 mortality,REMIND,REMIND-MAgPIE 3.2-4.6,SHAPE,High-RE,2
SCI-vetted,2C,R10MIDDLE_EAST,mortality_million_deaths,PM2.5 mortality,REMIND,REMIND-MAgPIE 3.2.0-4.8.0,RESCUE,High-RE,4
SCI-vetted,2C,R10MIDDLE_EAST,mortality_million_deaths,PM2.5 mortality,REMIND,REMIND-MAgPIE 3.3-4.8,NGFS Phase 5,High-RE,5
SCI-vetted,2C,R10MIDDLE_EAST,mortality_million_deaths,PM2.5 mortality,WITCH,WITCH 5.0,ENGAGE,High-RE,26
SCI-vetted,2C,R10MIDDLE_EAST,mortality_million_deaths,PM2.5 mortality,WITCH,WITCH 5.0,NAVIGATE,High-RE,2
SCI-vetted,2C,R10MIDDLE_EAST,total_energy_jobyears_per_1k,Employment,GCAM,GCAM 5.3,NGFS Phase 2,High-RE,1
SCI-vetted,2C,R10MIDDLE_EAST,total_energy_jobyears_per_1k,Employment,GCAM,GCAM 6.0 NGFS,NGFS Phase 5,High-RE,4
SCI-vetted,2C,R10MIDDLE_EAST,total_energy_jobyears_per_1k,Employment,IMAGE,IMAGE 3.0,ENGAGE,High-CDR,15
SCI-vetted,2C,R10MIDDLE_EAST,total_energy_jobyears_per_1k,Employment,IMAGE,IMAGE 3.2,SSP2021,High-CDR,6
SCI-vetted,2C,R10MIDDLE_EAST,total_energy_jobyears_per_1k,Employment,IMAGE,IMAGE 3.2,SSP2021,High-RE,3
SCI-vetted,2C,R10MIDDLE_EAST,total_energy_jobyears_per_1k,Employment,IMAGE,IMAGE 3.3,NAVIGATE,High-CDR,1
SCI-vetted,2C,R10MIDDLE_EAST,total_energy_jobyears_per_1k,Employment,MESSAGEix,MESSAGEix-GLOBIOM 2.0-M-R12-NGFS,NGFS Phase 5,High-RE,3
SCI-vetted,2C,R10MIDDLE_EAST,total_energy_jobyears_per_1k,Employment,POLES,POLES-JRC ENGAGE,ENGAGE,High-CDR,41
SCI-vetted,2C,R10MIDDLE_EAST,total_energy_jobyears_per_1k,Employment,REMIND,REMIND 2.1,LeastTotalCost,High-RE,1
SCI-vetted,2C,R10MIDDLE_EAST,total_energy_jobyears_per_1k,Employment,REMIND,REMIND 2.1,R2p1,High-RE,1
SCI-vetted,2C,R10MIDDLE_EAST,total_energy_jobyears_per_1k,Employment,REMIND,REMIND-Buildings 2.0,BEG,High-RE,1
SCI-vetted,2C,R10MIDDLE_EAST,total_energy_jobyears_per_1k,Employment,REMIND,REMIND-MAgPIE 1.7-3.0,CD,High-RE,1
SCI-vetted,2C,R10MIDDLE_EAST,total_energy_jobyears_per_1k,Employment,REMIND,REMIND-MAgPIE 1.7-3.0,COMMIT,High-RE,2
SCI-vetted,2C,R10MIDDLE_EAST,total_energy_jobyears_per_1k,Employment,REMIND,REMIND-MAgPIE 1.7-3.0,PEP,High-RE,2
SCI-vetted,2C,R10MIDDLE_EAST,total_energy_jobyears_per_1k,Employment,REMIND,REMIND-MAgPIE 2.0-4.1,Diff,High-RE,1
SCI-vetted,2C,R10MIDDLE_EAST,total_energy_jobyears_per_1k,Employment,REMIND,REMIND-MAgPIE 2.1-4.2,ENGAGE,High-RE,1
SCI-vetted,2C,R10MIDDLE_EAST,total_energy_jobyears_per_1k,Employment,REMIND,REMIND-MAgPIE 2.1-4.2,NGFS Phase 2,High-RE,2
SCI-vetted,2C,R10MIDDLE_EAST,total_energy_jobyears_per_1k,Employment,REMIND,REMIND-MAgPIE 2.1-4.3,DeepElectrification,High-RE,2
SCI-vetted,2C,R10MIDDLE_EAST,total_energy_jobyears_per_1k,Employment,REMIND,REMIND-MAgPIE 3.2-4.6,SHAPE,High-RE,2
SCI-vetted,2C,R10MIDDLE_EAST,total_energy_jobyears_per_1k,Employment,REMIND,REMIND-MAgPIE 3.2.0-4.8.0,RESCUE,High-RE,4
SCI-vetted,2C,R10MIDDLE_EAST,total_energy_jobyears_per_1k,Employment,REMIND,REMIND-MAgPIE 3.3-4.8,NGFS Phase 5,High-RE,5
SCI-vetted,2C,R10MIDDLE_EAST,total_energy_jobyears_per_1k,Employment,WITCH,WITCH 5.0,ENGAGE,High-RE,26
SCI-vetted,2C,R10MIDDLE_EAST,total_energy_jobyears_per_1k,Employment,WITCH,WITCH 5.0,NAVIGATE,High-RE,2
SCI-vetted,2C,R10NORTH_AM,gap_GJ_pc,DLE gap,GCAM,GCAM 5.3,NGFS Phase 2,High-RE,1
SCI-vetted,2C,R10NORTH_AM,gap_GJ_pc,DLE gap,GCAM,GCAM 6.0 NGFS,NGFS Phase 5,High-RE,4
SCI-vetted,2C,R10NORTH_AM,gap_GJ_pc,DLE gap,IMAGE,IMAGE 3.0,ENGAGE,High-CDR,15
SCI-vetted,2C,R10NORTH_AM,gap_GJ_pc,DLE gap,IMAGE,IMAGE 3.2,SSP2021,High-CDR,6
SCI-vetted,2C,R10NORTH_AM,gap_GJ_pc,DLE gap,IMAGE,IMAGE 3.2,SSP2021,High-RE,3
SCI-vetted,2C,R10NORTH_AM,gap_GJ_pc,DLE gap,IMAGE,IMAGE 3.3,NAVIGATE,High-CDR,1
SCI-vetted,2C,R10NORTH_AM,gap_GJ_pc,DLE gap,MESSAGEix,MESSAGEix-GLOBIOM 2.0-M-R12-NGFS,NGFS Phase 5,High-RE,3
SCI-vetted,2C,R10NORTH_AM,gap_GJ_pc,DLE gap,POLES,POLES-JRC ENGAGE,ENGAGE,High-CDR,41
SCI-vetted,2C,R10NORTH_AM,gap_GJ_pc,DLE gap,REMIND,REMIND 2.1,LeastTotalCost,High-RE,1
SCI-vetted,2C,R10NORTH_AM,gap_GJ_pc,DLE gap,REMIND,REMIND 2.1,R2p1,High-RE,1
SCI-vetted,2C,R10NORTH_AM,gap_GJ_pc,DLE gap,REMIND,REMIND-Buildings 2.0,BEG,High-RE,1
SCI-vetted,2C,R10NORTH_AM,gap_GJ_pc,DLE gap,REMIND,REMIND-MAgPIE 1.7-3.0,CD,High-RE,1
SCI-vetted,2C,R10NORTH_AM,gap_GJ_pc,DLE gap,REMIND,REMIND-MAgPIE 1.7-3.0,COMMIT,High-RE,2
SCI-vetted,2C,R10NORTH_AM,gap_GJ_pc,DLE gap,REMIND,REMIND-MAgPIE 1.7-3.0,PEP,High-RE,2
SCI-vetted,2C,R10NORTH_AM,gap_GJ_pc,DLE gap,REMIND,REMIND-MAgPIE 2.0-4.1,Diff,High-RE,1
SCI-vetted,2C,R10NORTH_AM,gap_GJ_pc,DLE gap,REMIND,REMIND-MAgPIE 2.1-4.2,ENGAGE,High-RE,1
SCI-vetted,2C,R10NORTH_AM,gap_GJ_pc,DLE gap,REMIND,REMIND-MAgPIE 2.1-4.2,NGFS Phase 2,High-RE,2
SCI-vetted,2C,R10NORTH_AM,gap_GJ_pc,DLE gap,REMIND,REMIND-MAgPIE 2.1-4.3,DeepElectrification,High-RE,2
SCI-vetted,2C,R10NORTH_AM,gap_GJ_pc,DLE gap,REMIND,REMIND-MAgPIE 3.2-4.6,SHAPE,High-RE,2
SCI-vetted,2C,R10NORTH_AM,gap_GJ_pc,DLE gap,REMIND,REMIND-MAgPIE 3.2.0-4.8.0,RESCUE,High-RE,4
SCI-vetted,2C,R10NORTH_AM,gap_GJ_pc,DLE gap,REMIND,REMIND-MAgPIE 3.3-4.8,NGFS Phase 5,High-RE,5
SCI-vetted,2C,R10NORTH_AM,gap_GJ_pc,DLE gap,WITCH,WITCH 5.0,ENGAGE,High-RE,26
SCI-vetted,2C,R10NORTH_AM,gap_GJ_pc,DLE gap,WITCH,WITCH 5.0,NAVIGATE,High-RE,2
SCI-vetted,2C,R10NORTH_AM,headcount_pct,Deprived headcount,GCAM,GCAM 5.3,NGFS Phase 2,High-RE,1
SCI-vetted,2C,R10NORTH_AM,headcount_pct,Deprived headcount,GCAM,GCAM 6.0 NGFS,NGFS Phase 5,High-RE,4
SCI-vetted,2C,R10NORTH_AM,headcount_pct,Deprived headcount,IMAGE,IMAGE 3.0,ENGAGE,High-CDR,15
SCI-vetted,2C,R10NORTH_AM,headcount_pct,Deprived headcount,IMAGE,IMAGE 3.2,SSP2021,High-CDR,6
SCI-vetted,2C,R10NORTH_AM,headcount_pct,Deprived headcount,IMAGE,IMAGE 3.2,SSP2021,High-RE,3
SCI-vetted,2C,R10NORTH_AM,headcount_pct,Deprived headcount,IMAGE,IMAGE 3.3,NAVIGATE,High-CDR,1
SCI-vetted,2C,R10NORTH_AM,headcount_pct,Deprived headcount,MESSAGEix,MESSAGEix-GLOBIOM 2.0-M-R12-NGFS,NGFS Phase 5,High-RE,3
SCI-vetted,2C,R10NORTH_AM,headcount_pct,Deprived headcount,POLES,POLES-JRC ENGAGE,ENGAGE,High-CDR,41
SCI-vetted,2C,R10NORTH_AM,headcount_pct,Deprived headcount,REMIND,REMIND 2.1,LeastTotalCost,High-RE,1
SCI-vetted,2C,R10NORTH_AM,headcount_pct,Deprived headcount,REMIND,REMIND 2.1,R2p1,High-RE,1
SCI-vetted,2C,R10NORTH_AM,headcount_pct,Deprived headcount,REMIND,REMIND-Buildings 2.0,BEG,High-RE,1
SCI-vetted,2C,R10NORTH_AM,headcount_pct,Deprived headcount,REMIND,REMIND-MAgPIE 1.7-3.0,CD,High-RE,1
SCI-vetted,2C,R10NORTH_AM,headcount_pct,Deprived headcount,REMIND,REMIND-MAgPIE 1.7-3.0,COMMIT,High-RE,2
SCI-vetted,2C,R10NORTH_AM,headcount_pct,Deprived headcount,REMIND,REMIND-MAgPIE 1.7-3.0,PEP,High-RE,2
SCI-vetted,2C,R10NORTH_AM,headcount_pct,Deprived headcount,REMIND,REMIND-MAgPIE 2.0-4.1,Diff,High-RE,1
SCI-vetted,2C,R10NORTH_AM,headcount_pct,Deprived headcount,REMIND,REMIND-MAgPIE 2.1-4.2,ENGAGE,High-RE,1
SCI-vetted,2C,R10NORTH_AM,headcount_pct,Deprived headcount,REMIND,REMIND-MAgPIE 2.1-4.2,NGFS Phase 2,High-RE,2
SCI-vetted,2C,R10NORTH_AM,headcount_pct,Deprived headcount,REMIND,REMIND-MAgPIE 2.1-4.3,DeepElectrification,High-RE,2
SCI-vetted,2C,R10NORTH_AM,headcount_pct,Deprived headcount,REMIND,REMIND-MAgPIE 3.2-4.6,SHAPE,High-RE,2
SCI-vetted,2C,R10NORTH_AM,headcount_pct,Deprived headcount,REMIND,REMIND-MAgPIE 3.2.0-4.8.0,RESCUE,High-RE,4
SCI-vetted,2C,R10NORTH_AM,headcount_pct,Deprived headcount,REMIND,REMIND-MAgPIE 3.3-4.8,NGFS Phase 5,High-RE,5
SCI-vetted,2C,R10NORTH_AM,headcount_pct,Deprived headcount,WITCH,WITCH 5.0,ENGAGE,High-RE,26
SCI-vetted,2C,R10NORTH_AM,headcount_pct,Deprived headcount,WITCH,WITCH 5.0,NAVIGATE,High-RE,2
SCI-vetted,2C,R10NORTH_AM,mortality_million_deaths,PM2.5 mortality,GCAM,GCAM 5.3,NGFS Phase 2,High-RE,1
SCI-vetted,2C,R10NORTH_AM,mortality_million_deaths,PM2.5 mortality,GCAM,GCAM 6.0 NGFS,NGFS Phase 5,High-RE,4
SCI-vetted,2C,R10NORTH_AM,mortality_million_deaths,PM2.5 mortality,IMAGE,IMAGE 3.0,ENGAGE,High-CDR,15
SCI-vetted,2C,R10NORTH_AM,mortality_million_deaths,PM2.5 mortality,IMAGE,IMAGE 3.2,SSP2021,High-CDR,6
SCI-vetted,2C,R10NORTH_AM,mortality_million_deaths,PM2.5 mortality,IMAGE,IMAGE 3.2,SSP2021,High-RE,3
SCI-vetted,2C,R10NORTH_AM,mortality_million_deaths,PM2.5 mortality,IMAGE,IMAGE 3.3,NAVIGATE,High-CDR,1
SCI-vetted,2C,R10NORTH_AM,mortality_million_deaths,PM2.5 mortality,MESSAGEix,MESSAGEix-GLOBIOM 2.0-M-R12-NGFS,NGFS Phase 5,High-RE,3
SCI-vetted,2C,R10NORTH_AM,mortality_million_deaths,PM2.5 mortality,POLES,POLES-JRC ENGAGE,ENGAGE,High-CDR,41
SCI-vetted,2C,R10NORTH_AM,mortality_million_deaths,PM2.5 mortality,REMIND,REMIND 2.1,LeastTotalCost,High-RE,1
SCI-vetted,2C,R10NORTH_AM,mortality_million_deaths,PM2.5 mortality,REMIND,REMIND 2.1,R2p1,High-RE,1
SCI-vetted,2C,R10NORTH_AM,mortality_million_deaths,PM2.5 mortality,REMIND,REMIND-Buildings 2.0,BEG,High-RE,1
SCI-vetted,2C,R10NORTH_AM,mortality_million_deaths,PM2.5 mortality,REMIND,REMIND-MAgPIE 1.7-3.0,CD,High-RE,1
SCI-vetted,2C,R10NORTH_AM,mortality_million_deaths,PM2.5 mortality,REMIND,REMIND-MAgPIE 1.7-3.0,COMMIT,High-RE,2
SCI-vetted,2C,R10NORTH_AM,mortality_million_deaths,PM2.5 mortality,REMIND,REMIND-MAgPIE 1.7-3.0,PEP,High-RE,2
SCI-vetted,2C,R10NORTH_AM,mortality_million_deaths,PM2.5 mortality,REMIND,REMIND-MAgPIE 2.1-4.2,ENGAGE,High-RE,1
SCI-vetted,2C,R10NORTH_AM,mortality_million_deaths,PM2.5 mortality,REMIND,REMIND-MAgPIE 2.1-4.2,NGFS Phase 2,High-RE,2
SCI-vetted,2C,R10NORTH_AM,mortality_million_deaths,PM2.5 mortality,REMIND,REMIND-MAgPIE 2.1-4.3,DeepElectrification,High-RE,2
SCI-vetted,2C,R10NORTH_AM,mortality_million_deaths,PM2.5 mortality,REMIND,REMIND-MAgPIE 3.2-4.6,SHAPE,High-RE,2
SCI-vetted,2C,R10NORTH_AM,mortality_million_deaths,PM2.5 mortality,REMIND,REMIND-MAgPIE 3.2.0-4.8.0,RESCUE,High-RE,4
SCI-vetted,2C,R10NORTH_AM,mortality_million_deaths,PM2.5 mortality,REMIND,REMIND-MAgPIE 3.3-4.8,NGFS Phase 5,High-RE,5
SCI-vetted,2C,R10NORTH_AM,mortality_million_deaths,PM2.5 mortality,WITCH,WITCH 5.0,ENGAGE,High-RE,26
SCI-vetted,2C,R10NORTH_AM,mortality_million_deaths,PM2.5 mortality,WITCH,WITCH 5.0,NAVIGATE,High-RE,2
SCI-vetted,2C,R10NORTH_AM,total_energy_jobyears_per_1k,Employment,GCAM,GCAM 5.3,NGFS Phase 2,High-RE,1
SCI-vetted,2C,R10NORTH_AM,total_energy_jobyears_per_1k,Employment,GCAM,GCAM 6.0 NGFS,NGFS Phase 5,High-RE,4
SCI-vetted,2C,R10NORTH_AM,total_energy_jobyears_per_1k,Employment,IMAGE,IMAGE 3.0,ENGAGE,High-CDR,15
SCI-vetted,2C,R10NORTH_AM,total_energy_jobyears_per_1k,Employment,IMAGE,IMAGE 3.2,SSP2021,High-CDR,6
SCI-vetted,2C,R10NORTH_AM,total_energy_jobyears_per_1k,Employment,IMAGE,IMAGE 3.2,SSP2021,High-RE,3
SCI-vetted,2C,R10NORTH_AM,total_energy_jobyears_per_1k,Employment,IMAGE,IMAGE 3.3,NAVIGATE,High-CDR,1
SCI-vetted,2C,R10NORTH_AM,total_energy_jobyears_per_1k,Employment,MESSAGEix,MESSAGEix-GLOBIOM 2.0-M-R12-NGFS,NGFS Phase 5,High-RE,3
SCI-vetted,2C,R10NORTH_AM,total_energy_jobyears_per_1k,Employment,POLES,POLES-JRC ENGAGE,ENGAGE,High-CDR,41
SCI-vetted,2C,R10NORTH_AM,total_energy_jobyears_per_1k,Employment,REMIND,REMIND 2.1,LeastTotalCost,High-RE,1
SCI-vetted,2C,R10NORTH_AM,total_energy_jobyears_per_1k,Employment,REMIND,REMIND 2.1,R2p1,High-RE,1
SCI-vetted,2C,R10NORTH_AM,total_energy_jobyears_per_1k,Employment,REMIND,REMIND-Buildings 2.0,BEG,High-RE,1
SCI-vetted,2C,R10NORTH_AM,total_energy_jobyears_per_1k,Employment,REMIND,REMIND-MAgPIE 1.7-3.0,CD,High-RE,1
SCI-vetted,2C,R10NORTH_AM,total_energy_jobyears_per_1k,Employment,REMIND,REMIND-MAgPIE 1.7-3.0,COMMIT,High-RE,2
SCI-vetted,2C,R10NORTH_AM,total_energy_jobyears_per_1k,Employment,REMIND,REMIND-MAgPIE 1.7-3.0,PEP,High-RE,2
SCI-vetted,2C,R10NORTH_AM,total_energy_jobyears_per_1k,Employment,REMIND,REMIND-MAgPIE 2.0-4.1,Diff,High-RE,1
SCI-vetted,2C,R10NORTH_AM,total_energy_jobyears_per_1k,Employment,REMIND,REMIND-MAgPIE 2.1-4.2,ENGAGE,High-RE,1
SCI-vetted,2C,R10NORTH_AM,total_energy_jobyears_per_1k,Employment,REMIND,REMIND-MAgPIE 2.1-4.2,NGFS Phase 2,High-RE,2
SCI-vetted,2C,R10NORTH_AM,total_energy_jobyears_per_1k,Employment,REMIND,REMIND-MAgPIE 2.1-4.3,DeepElectrification,High-RE,2
SCI-vetted,2C,R10NORTH_AM,total_energy_jobyears_per_1k,Employment,REMIND,REMIND-MAgPIE 3.2-4.6,SHAPE,High-RE,2
SCI-vetted,2C,R10NORTH_AM,total_energy_jobyears_per_1k,Employment,REMIND,REMIND-MAgPIE 3.2.0-4.8.0,RESCUE,High-RE,4
SCI-vetted,2C,R10NORTH_AM,total_energy_jobyears_per_1k,Employment,REMIND,REMIND-MAgPIE 3.3-4.8,NGFS Phase 5,High-RE,5
SCI-vetted,2C,R10NORTH_AM,total_energy_jobyears_per_1k,Employment,WITCH,WITCH 5.0,ENGAGE,High-RE,26
SCI-vetted,2C,R10NORTH_AM,total_energy_jobyears_per_1k,Employment,WITCH,WITCH 5.0,NAVIGATE,High-RE,2
SCI-vetted,2C,R10PAC_OECD,gap_GJ_pc,DLE gap,GCAM,GCAM 5.3,NGFS Phase 2,High-RE,1
SCI-vetted,2C,R10PAC_OECD,gap_GJ_pc,DLE gap,GCAM,GCAM 6.0 NGFS,NGFS Phase 5,High-RE,4
SCI-vetted,2C,R10PAC_OECD,gap_GJ_pc,DLE gap,IMAGE,IMAGE 3.0,ENGAGE,High-CDR,15
SCI-vetted,2C,R10PAC_OECD,gap_GJ_pc,DLE gap,IMAGE,IMAGE 3.2,SSP2021,High-CDR,6
SCI-vetted,2C,R10PAC_OECD,gap_GJ_pc,DLE gap,IMAGE,IMAGE 3.2,SSP2021,High-RE,3
SCI-vetted,2C,R10PAC_OECD,gap_GJ_pc,DLE gap,IMAGE,IMAGE 3.3,NAVIGATE,High-CDR,1
SCI-vetted,2C,R10PAC_OECD,gap_GJ_pc,DLE gap,MESSAGEix,MESSAGEix-GLOBIOM 2.0-M-R12-NGFS,NGFS Phase 5,High-RE,3
SCI-vetted,2C,R10PAC_OECD,gap_GJ_pc,DLE gap,POLES,POLES-JRC ENGAGE,ENGAGE,High-CDR,41
SCI-vetted,2C,R10PAC_OECD,gap_GJ_pc,DLE gap,REMIND,REMIND 2.1,LeastTotalCost,High-RE,1
SCI-vetted,2C,R10PAC_OECD,gap_GJ_pc,DLE gap,REMIND,REMIND 2.1,R2p1,High-RE,1
SCI-vetted,2C,R10PAC_OECD,gap_GJ_pc,DLE gap,REMIND,REMIND-Buildings 2.0,BEG,High-RE,1
SCI-vetted,2C,R10PAC_OECD,gap_GJ_pc,DLE gap,REMIND,REMIND-MAgPIE 1.7-3.0,CD,High-RE,1
SCI-vetted,2C,R10PAC_OECD,gap_GJ_pc,DLE gap,REMIND,REMIND-MAgPIE 1.7-3.0,COMMIT,High-RE,2
SCI-vetted,2C,R10PAC_OECD,gap_GJ_pc,DLE gap,REMIND,REMIND-MAgPIE 1.7-3.0,PEP,High-RE,2
SCI-vetted,2C,R10PAC_OECD,gap_GJ_pc,DLE gap,REMIND,REMIND-MAgPIE 2.1-4.2,ENGAGE,High-RE,1
SCI-vetted,2C,R10PAC_OECD,gap_GJ_pc,DLE gap,REMIND,REMIND-MAgPIE 2.1-4.2,NGFS Phase 2,High-RE,2
SCI-vetted,2C,R10PAC_OECD,gap_GJ_pc,DLE gap,REMIND,REMIND-MAgPIE 2.1-4.3,DeepElectrification,High-RE,2
SCI-vetted,2C,R10PAC_OECD,gap_GJ_pc,DLE gap,REMIND,REMIND-MAgPIE 3.2-4.6,SHAPE,High-RE,2
SCI-vetted,2C,R10PAC_OECD,gap_GJ_pc,DLE gap,REMIND,REMIND-MAgPIE 3.2.0-4.8.0,RESCUE,High-RE,4
SCI-vetted,2C,R10PAC_OECD,gap_GJ_pc,DLE gap,REMIND,REMIND-MAgPIE 3.3-4.8,NGFS Phase 5,High-RE,5
SCI-vetted,2C,R10PAC_OECD,gap_GJ_pc,DLE gap,WITCH,WITCH 5.0,ENGAGE,High-RE,26
SCI-vetted,2C,R10PAC_OECD,gap_GJ_pc,DLE gap,WITCH,WITCH 5.0,NAVIGATE,High-RE,2
SCI-vetted,2C,R10PAC_OECD,headcount_pct,Deprived headcount,GCAM,GCAM 5.3,NGFS Phase 2,High-RE,1
SCI-vetted,2C,R10PAC_OECD,headcount_pct,Deprived headcount,GCAM,GCAM 6.0 NGFS,NGFS Phase 5,High-RE,4
SCI-vetted,2C,R10PAC_OECD,headcount_pct,Deprived headcount,IMAGE,IMAGE 3.0,ENGAGE,High-CDR,15
SCI-vetted,2C,R10PAC_OECD,headcount_pct,Deprived headcount,IMAGE,IMAGE 3.2,SSP2021,High-CDR,6
SCI-vetted,2C,R10PAC_OECD,headcount_pct,Deprived headcount,IMAGE,IMAGE 3.2,SSP2021,High-RE,3
SCI-vetted,2C,R10PAC_OECD,headcount_pct,Deprived headcount,IMAGE,IMAGE 3.3,NAVIGATE,High-CDR,1
SCI-vetted,2C,R10PAC_OECD,headcount_pct,Deprived headcount,MESSAGEix,MESSAGEix-GLOBIOM 2.0-M-R12-NGFS,NGFS Phase 5,High-RE,3
SCI-vetted,2C,R10PAC_OECD,headcount_pct,Deprived headcount,POLES,POLES-JRC ENGAGE,ENGAGE,High-CDR,41
SCI-vetted,2C,R10PAC_OECD,headcount_pct,Deprived headcount,REMIND,REMIND 2.1,LeastTotalCost,High-RE,1
SCI-vetted,2C,R10PAC_OECD,headcount_pct,Deprived headcount,REMIND,REMIND 2.1,R2p1,High-RE,1
SCI-vetted,2C,R10PAC_OECD,headcount_pct,Deprived headcount,REMIND,REMIND-Buildings 2.0,BEG,High-RE,1
SCI-vetted,2C,R10PAC_OECD,headcount_pct,Deprived headcount,REMIND,REMIND-MAgPIE 1.7-3.0,CD,High-RE,1
SCI-vetted,2C,R10PAC_OECD,headcount_pct,Deprived headcount,REMIND,REMIND-MAgPIE 1.7-3.0,COMMIT,High-RE,2
SCI-vetted,2C,R10PAC_OECD,headcount_pct,Deprived headcount,REMIND,REMIND-MAgPIE 1.7-3.0,PEP,High-RE,2
SCI-vetted,2C,R10PAC_OECD,headcount_pct,Deprived headcount,REMIND,REMIND-MAgPIE 2.1-4.2,ENGAGE,High-RE,1
SCI-vetted,2C,R10PAC_OECD,headcount_pct,Deprived headcount,REMIND,REMIND-MAgPIE 2.1-4.2,NGFS Phase 2,High-RE,2
SCI-vetted,2C,R10PAC_OECD,headcount_pct,Deprived headcount,REMIND,REMIND-MAgPIE 2.1-4.3,DeepElectrification,High-RE,2
SCI-vetted,2C,R10PAC_OECD,headcount_pct,Deprived headcount,REMIND,REMIND-MAgPIE 3.2-4.6,SHAPE,High-RE,2
SCI-vetted,2C,R10PAC_OECD,headcount_pct,Deprived headcount,REMIND,REMIND-MAgPIE 3.2.0-4.8.0,RESCUE,High-RE,4
SCI-vetted,2C,R10PAC_OECD,headcount_pct,Deprived headcount,REMIND,REMIND-MAgPIE 3.3-4.8,NGFS Phase 5,High-RE,5
SCI-vetted,2C,R10PAC_OECD,headcount_pct,Deprived headcount,WITCH,WITCH 5.0,ENGAGE,High-RE,26
SCI-vetted,2C,R10PAC_OECD,headcount_pct,Deprived headcount,WITCH,WITCH 5.0,NAVIGATE,High-RE,2
SCI-vetted,2C,R10PAC_OECD,mortality_million_deaths,PM2.5 mortality,GCAM,GCAM 5.3,NGFS Phase 2,High-RE,1
SCI-vetted,2C,R10PAC_OECD,mortality_million_deaths,PM2.5 mortality,GCAM,GCAM 6.0 NGFS,NGFS Phase 5,High-RE,4
SCI-vetted,2C,R10PAC_OECD,mortality_million_deaths,PM2.5 mortality,IMAGE,IMAGE 3.0,ENGAGE,High-CDR,15
SCI-vetted,2C,R10PAC_OECD,mortality_million_deaths,PM2.5 mortality,IMAGE,IMAGE 3.2,SSP2021,High-CDR,6
SCI-vetted,2C,R10PAC_OECD,mortality_million_deaths,PM2.5 mortality,IMAGE,IMAGE 3.2,SSP2021,High-RE,3
SCI-vetted,2C,R10PAC_OECD,mortality_million_deaths,PM2.5 mortality,IMAGE,IMAGE 3.3,NAVIGATE,High-CDR,1
SCI-vetted,2C,R10PAC_OECD,mortality_million_deaths,PM2.5 mortality,MESSAGEix,MESSAGEix-GLOBIOM 2.0-M-R12-NGFS,NGFS Phase 5,High-RE,3
SCI-vetted,2C,R10PAC_OECD,mortality_million_deaths,PM2.5 mortality,POLES,POLES-JRC ENGAGE,ENGAGE,High-CDR,41
SCI-vetted,2C,R10PAC_OECD,mortality_million_deaths,PM2.5 mortality,REMIND,REMIND 2.1,LeastTotalCost,High-RE,1
SCI-vetted,2C,R10PAC_OECD,mortality_million_deaths,PM2.5 mortality,REMIND,REMIND 2.1,R2p1,High-RE,1
SCI-vetted,2C,R10PAC_OECD,mortality_million_deaths,PM2.5 mortality,REMIND,REMIND-Buildings 2.0,BEG,High-RE,1
SCI-vetted,2C,R10PAC_OECD,mortality_million_deaths,PM2.5 mortality,REMIND,REMIND-MAgPIE 1.7-3.0,CD,High-RE,1
SCI-vetted,2C,R10PAC_OECD,mortality_million_deaths,PM2.5 mortality,REMIND,REMIND-MAgPIE 1.7-3.0,COMMIT,High-RE,2
SCI-vetted,2C,R10PAC_OECD,mortality_million_deaths,PM2.5 mortality,REMIND,REMIND-MAgPIE 1.7-3.0,PEP,High-RE,2
SCI-vetted,2C,R10PAC_OECD,mortality_million_deaths,PM2.5 mortality,REMIND,REMIND-MAgPIE 2.1-4.2,ENGAGE,High-RE,1
SCI-vetted,2C,R10PAC_OECD,mortality_million_deaths,PM2.5 mortality,REMIND,REMIND-MAgPIE 2.1-4.2,NGFS Phase 2,High-RE,2
SCI-vetted,2C,R10PAC_OECD,mortality_million_deaths,PM2.5 mortality,REMIND,REMIND-MAgPIE 2.1-4.3,DeepElectrification,High-RE,2
SCI-vetted,2C,R10PAC_OECD,mortality_million_deaths,PM2.5 mortality,REMIND,REMIND-MAgPIE 3.2-4.6,SHAPE,High-RE,2
SCI-vetted,2C,R10PAC_OECD,mortality_million_deaths,PM2.5 mortality,REMIND,REMIND-MAgPIE 3.2.0-4.8.0,RESCUE,High-RE,4
SCI-vetted,2C,R10PAC_OECD,mortality_million_deaths,PM2.5 mortality,REMIND,REMIND-MAgPIE 3.3-4.8,NGFS Phase 5,High-RE,5
SCI-vetted,2C,R10PAC_OECD,mortality_million_deaths,PM2.5 mortality,WITCH,WITCH 5.0,ENGAGE,High-RE,26
SCI-vetted,2C,R10PAC_OECD,mortality_million_deaths,PM2.5 mortality,WITCH,WITCH 5.0,NAVIGATE,High-RE,2
SCI-vetted,2C,R10PAC_OECD,total_energy_jobyears_per_1k,Employment,GCAM,GCAM 5.3,NGFS Phase 2,High-RE,1
SCI-vetted,2C,R10PAC_OECD,total_energy_jobyears_per_1k,Employment,GCAM,GCAM 6.0 NGFS,NGFS Phase 5,High-RE,4
SCI-vetted,2C,R10PAC_OECD,total_energy_jobyears_per_1k,Employment,IMAGE,IMAGE 3.0,ENGAGE,High-CDR,15
SCI-vetted,2C,R10PAC_OECD,total_energy_jobyears_per_1k,Employment,IMAGE,IMAGE 3.2,SSP2021,High-CDR,6
SCI-vetted,2C,R10PAC_OECD,total_energy_jobyears_per_1k,Employment,IMAGE,IMAGE 3.2,SSP2021,High-RE,3
SCI-vetted,2C,R10PAC_OECD,total_energy_jobyears_per_1k,Employment,IMAGE,IMAGE 3.3,NAVIGATE,High-CDR,1
SCI-vetted,2C,R10PAC_OECD,total_energy_jobyears_per_1k,Employment,MESSAGEix,MESSAGEix-GLOBIOM 2.0-M-R12-NGFS,NGFS Phase 5,High-RE,3
SCI-vetted,2C,R10PAC_OECD,total_energy_jobyears_per_1k,Employment,POLES,POLES-JRC ENGAGE,ENGAGE,High-CDR,41
SCI-vetted,2C,R10PAC_OECD,total_energy_jobyears_per_1k,Employment,REMIND,REMIND 2.1,LeastTotalCost,High-RE,1
SCI-vetted,2C,R10PAC_OECD,total_energy_jobyears_per_1k,Employment,REMIND,REMIND 2.1,R2p1,High-RE,1
SCI-vetted,2C,R10PAC_OECD,total_energy_jobyears_per_1k,Employment,REMIND,REMIND-Buildings 2.0,BEG,High-RE,1
SCI-vetted,2C,R10PAC_OECD,total_energy_jobyears_per_1k,Employment,REMIND,REMIND-MAgPIE 1.7-3.0,CD,High-RE,1
SCI-vetted,2C,R10PAC_OECD,total_energy_jobyears_per_1k,Employment,REMIND,REMIND-MAgPIE 1.7-3.0,COMMIT,High-RE,2
SCI-vetted,2C,R10PAC_OECD,total_energy_jobyears_per_1k,Employment,REMIND,REMIND-MAgPIE 1.7-3.0,PEP,High-RE,2
SCI-vetted,2C,R10PAC_OECD,total_energy_jobyears_per_1k,Employment,REMIND,REMIND-MAgPIE 2.1-4.2,ENGAGE,High-RE,1
SCI-vetted,2C,R10PAC_OECD,total_energy_jobyears_per_1k,Employment,REMIND,REMIND-MAgPIE 2.1-4.2,NGFS Phase 2,High-RE,2
SCI-vetted,2C,R10PAC_OECD,total_energy_jobyears_per_1k,Employment,REMIND,REMIND-MAgPIE 2.1-4.3,DeepElectrification,High-RE,2
SCI-vetted,2C,R10PAC_OECD,total_energy_jobyears_per_1k,Employment,REMIND,REMIND-MAgPIE 3.2-4.6,SHAPE,High-RE,2
SCI-vetted,2C,R10PAC_OECD,total_energy_jobyears_per_1k,Employment,REMIND,REMIND-MAgPIE 3.2.0-4.8.0,RESCUE,High-RE,4
SCI-vetted,2C,R10PAC_OECD,total_energy_jobyears_per_1k,Employment,REMIND,REMIND-MAgPIE 3.3-4.8,NGFS Phase 5,High-RE,5
SCI-vetted,2C,R10PAC_OECD,total_energy_jobyears_per_1k,Employment,WITCH,WITCH 5.0,ENGAGE,High-RE,26
SCI-vetted,2C,R10PAC_OECD,total_energy_jobyears_per_1k,Employment,WITCH,WITCH 5.0,NAVIGATE,High-RE,2
SCI-vetted,2C,R10REF_ECON,gap_GJ_pc,DLE gap,GCAM,GCAM 5.3,NGFS Phase 2,High-RE,1
SCI-vetted,2C,R10REF_ECON,gap_GJ_pc,DLE gap,GCAM,GCAM 6.0 NGFS,NGFS Phase 5,High-RE,4
SCI-vetted,2C,R10REF_ECON,gap_GJ_pc,DLE gap,IMAGE,IMAGE 3.0,ENGAGE,High-CDR,15
SCI-vetted,2C,R10REF_ECON,gap_GJ_pc,DLE gap,IMAGE,IMAGE 3.2,SSP2021,High-CDR,6
SCI-vetted,2C,R10REF_ECON,gap_GJ_pc,DLE gap,IMAGE,IMAGE 3.2,SSP2021,High-RE,3
SCI-vetted,2C,R10REF_ECON,gap_GJ_pc,DLE gap,IMAGE,IMAGE 3.3,NAVIGATE,High-CDR,1
SCI-vetted,2C,R10REF_ECON,gap_GJ_pc,DLE gap,MESSAGEix,MESSAGEix-GLOBIOM 2.0-M-R12-NGFS,NGFS Phase 5,High-RE,3
SCI-vetted,2C,R10REF_ECON,gap_GJ_pc,DLE gap,POLES,POLES-JRC ENGAGE,ENGAGE,High-CDR,41
SCI-vetted,2C,R10REF_ECON,gap_GJ_pc,DLE gap,REMIND,REMIND 2.1,LeastTotalCost,High-RE,1
SCI-vetted,2C,R10REF_ECON,gap_GJ_pc,DLE gap,REMIND,REMIND 2.1,R2p1,High-RE,1
SCI-vetted,2C,R10REF_ECON,gap_GJ_pc,DLE gap,REMIND,REMIND-Buildings 2.0,BEG,High-RE,1
SCI-vetted,2C,R10REF_ECON,gap_GJ_pc,DLE gap,REMIND,REMIND-MAgPIE 1.7-3.0,CD,High-RE,1
SCI-vetted,2C,R10REF_ECON,gap_GJ_pc,DLE gap,REMIND,REMIND-MAgPIE 1.7-3.0,COMMIT,High-RE,2
SCI-vetted,2C,R10REF_ECON,gap_GJ_pc,DLE gap,REMIND,REMIND-MAgPIE 1.7-3.0,PEP,High-RE,2
SCI-vetted,2C,R10REF_ECON,gap_GJ_pc,DLE gap,REMIND,REMIND-MAgPIE 2.0-4.1,Diff,High-RE,1
SCI-vetted,2C,R10REF_ECON,gap_GJ_pc,DLE gap,REMIND,REMIND-MAgPIE 2.1-4.2,ENGAGE,High-RE,1
SCI-vetted,2C,R10REF_ECON,gap_GJ_pc,DLE gap,REMIND,REMIND-MAgPIE 2.1-4.2,NGFS Phase 2,High-RE,2
SCI-vetted,2C,R10REF_ECON,gap_GJ_pc,DLE gap,REMIND,REMIND-MAgPIE 2.1-4.3,DeepElectrification,High-RE,2
SCI-vetted,2C,R10REF_ECON,gap_GJ_pc,DLE gap,REMIND,REMIND-MAgPIE 3.2-4.6,SHAPE,High-RE,2
SCI-vetted,2C,R10REF_ECON,gap_GJ_pc,DLE gap,REMIND,REMIND-MAgPIE 3.2.0-4.8.0,RESCUE,High-RE,4
SCI-vetted,2C,R10REF_ECON,gap_GJ_pc,DLE gap,REMIND,REMIND-MAgPIE 3.3-4.8,NGFS Phase 5,High-RE,5
SCI-vetted,2C,R10REF_ECON,gap_GJ_pc,DLE gap,WITCH,WITCH 5.0,ENGAGE,High-RE,26
SCI-vetted,2C,R10REF_ECON,gap_GJ_pc,DLE gap,WITCH,WITCH 5.0,NAVIGATE,High-RE,2
SCI-vetted,2C,R10REF_ECON,headcount_pct,Deprived headcount,GCAM,GCAM 5.3,NGFS Phase 2,High-RE,1
SCI-vetted,2C,R10REF_ECON,headcount_pct,Deprived headcount,GCAM,GCAM 6.0 NGFS,NGFS Phase 5,High-RE,4
SCI-vetted,2C,R10REF_ECON,headcount_pct,Deprived headcount,IMAGE,IMAGE 3.0,ENGAGE,High-CDR,15
SCI-vetted,2C,R10REF_ECON,headcount_pct,Deprived headcount,IMAGE,IMAGE 3.2,SSP2021,High-CDR,6
SCI-vetted,2C,R10REF_ECON,headcount_pct,Deprived headcount,IMAGE,IMAGE 3.2,SSP2021,High-RE,3
SCI-vetted,2C,R10REF_ECON,headcount_pct,Deprived headcount,IMAGE,IMAGE 3.3,NAVIGATE,High-CDR,1
SCI-vetted,2C,R10REF_ECON,headcount_pct,Deprived headcount,MESSAGEix,MESSAGEix-GLOBIOM 2.0-M-R12-NGFS,NGFS Phase 5,High-RE,3
SCI-vetted,2C,R10REF_ECON,headcount_pct,Deprived headcount,POLES,POLES-JRC ENGAGE,ENGAGE,High-CDR,41
SCI-vetted,2C,R10REF_ECON,headcount_pct,Deprived headcount,REMIND,REMIND 2.1,LeastTotalCost,High-RE,1
SCI-vetted,2C,R10REF_ECON,headcount_pct,Deprived headcount,REMIND,REMIND 2.1,R2p1,High-RE,1
SCI-vetted,2C,R10REF_ECON,headcount_pct,Deprived headcount,REMIND,REMIND-Buildings 2.0,BEG,High-RE,1
SCI-vetted,2C,R10REF_ECON,headcount_pct,Deprived headcount,REMIND,REMIND-MAgPIE 1.7-3.0,CD,High-RE,1
SCI-vetted,2C,R10REF_ECON,headcount_pct,Deprived headcount,REMIND,REMIND-MAgPIE 1.7-3.0,COMMIT,High-RE,2
SCI-vetted,2C,R10REF_ECON,headcount_pct,Deprived headcount,REMIND,REMIND-MAgPIE 1.7-3.0,PEP,High-RE,2
SCI-vetted,2C,R10REF_ECON,headcount_pct,Deprived headcount,REMIND,REMIND-MAgPIE 2.0-4.1,Diff,High-RE,1
SCI-vetted,2C,R10REF_ECON,headcount_pct,Deprived headcount,REMIND,REMIND-MAgPIE 2.1-4.2,ENGAGE,High-RE,1
SCI-vetted,2C,R10REF_ECON,headcount_pct,Deprived headcount,REMIND,REMIND-MAgPIE 2.1-4.2,NGFS Phase 2,High-RE,2
SCI-vetted,2C,R10REF_ECON,headcount_pct,Deprived headcount,REMIND,REMIND-MAgPIE 2.1-4.3,DeepElectrification,High-RE,2
SCI-vetted,2C,R10REF_ECON,headcount_pct,Deprived headcount,REMIND,REMIND-MAgPIE 3.2-4.6,SHAPE,High-RE,2
SCI-vetted,2C,R10REF_ECON,headcount_pct,Deprived headcount,REMIND,REMIND-MAgPIE 3.2.0-4.8.0,RESCUE,High-RE,4
SCI-vetted,2C,R10REF_ECON,headcount_pct,Deprived headcount,REMIND,REMIND-MAgPIE 3.3-4.8,NGFS Phase 5,High-RE,5
SCI-vetted,2C,R10REF_ECON,headcount_pct,Deprived headcount,WITCH,WITCH 5.0,ENGAGE,High-RE,26
SCI-vetted,2C,R10REF_ECON,headcount_pct,Deprived headcount,WITCH,WITCH 5.0,NAVIGATE,High-RE,2
SCI-vetted,2C,R10REF_ECON,mortality_million_deaths,PM2.5 mortality,GCAM,GCAM 5.3,NGFS Phase 2,High-RE,1
SCI-vetted,2C,R10REF_ECON,mortality_million_deaths,PM2.5 mortality,GCAM,GCAM 6.0 NGFS,NGFS Phase 5,High-RE,4
SCI-vetted,2C,R10REF_ECON,mortality_million_deaths,PM2.5 mortality,IMAGE,IMAGE 3.0,ENGAGE,High-CDR,15
SCI-vetted,2C,R10REF_ECON,mortality_million_deaths,PM2.5 mortality,IMAGE,IMAGE 3.2,SSP2021,High-CDR,6
SCI-vetted,2C,R10REF_ECON,mortality_million_deaths,PM2.5 mortality,IMAGE,IMAGE 3.2,SSP2021,High-RE,3
SCI-vetted,2C,R10REF_ECON,mortality_million_deaths,PM2.5 mortality,IMAGE,IMAGE 3.3,NAVIGATE,High-CDR,1
SCI-vetted,2C,R10REF_ECON,mortality_million_deaths,PM2.5 mortality,MESSAGEix,MESSAGEix-GLOBIOM 2.0-M-R12-NGFS,NGFS Phase 5,High-RE,3
SCI-vetted,2C,R10REF_ECON,mortality_million_deaths,PM2.5 mortality,POLES,POLES-JRC ENGAGE,ENGAGE,High-CDR,41
SCI-vetted,2C,R10REF_ECON,mortality_million_deaths,PM2.5 mortality,REMIND,REMIND 2.1,LeastTotalCost,High-RE,1
SCI-vetted,2C,R10REF_ECON,mortality_million_deaths,PM2.5 mortality,REMIND,REMIND 2.1,R2p1,High-RE,1
SCI-vetted,2C,R10REF_ECON,mortality_million_deaths,PM2.5 mortality,REMIND,REMIND-Buildings 2.0,BEG,High-RE,1
SCI-vetted,2C,R10REF_ECON,mortality_million_deaths,PM2.5 mortality,REMIND,REMIND-MAgPIE 1.7-3.0,CD,High-RE,1
SCI-vetted,2C,R10REF_ECON,mortality_million_deaths,PM2.5 mortality,REMIND,REMIND-MAgPIE 1.7-3.0,COMMIT,High-RE,2
SCI-vetted,2C,R10REF_ECON,mortality_million_deaths,PM2.5 mortality,REMIND,REMIND-MAgPIE 1.7-3.0,PEP,High-RE,2
SCI-vetted,2C,R10REF_ECON,mortality_million_deaths,PM2.5 mortality,REMIND,REMIND-MAgPIE 2.1-4.2,ENGAGE,High-RE,1
SCI-vetted,2C,R10REF_ECON,mortality_million_deaths,PM2.5 mortality,REMIND,REMIND-MAgPIE 2.1-4.2,NGFS Phase 2,High-RE,2
SCI-vetted,2C,R10REF_ECON,mortality_million_deaths,PM2.5 mortality,REMIND,REMIND-MAgPIE 2.1-4.3,DeepElectrification,High-RE,2
SCI-vetted,2C,R10REF_ECON,mortality_million_deaths,PM2.5 mortality,REMIND,REMIND-MAgPIE 3.2-4.6,SHAPE,High-RE,2
SCI-vetted,2C,R10REF_ECON,mortality_million_deaths,PM2.5 mortality,REMIND,REMIND-MAgPIE 3.2.0-4.8.0,RESCUE,High-RE,4
SCI-vetted,2C,R10REF_ECON,mortality_million_deaths,PM2.5 mortality,REMIND,REMIND-MAgPIE 3.3-4.8,NGFS Phase 5,High-RE,5
SCI-vetted,2C,R10REF_ECON,mortality_million_deaths,PM2.5 mortality,WITCH,WITCH 5.0,ENGAGE,High-RE,26
SCI-vetted,2C,R10REF_ECON,mortality_million_deaths,PM2.5 mortality,WITCH,WITCH 5.0,NAVIGATE,High-RE,2
SCI-vetted,2C,R10REF_ECON,total_energy_jobyears_per_1k,Employment,GCAM,GCAM 5.3,NGFS Phase 2,High-RE,1
SCI-vetted,2C,R10REF_ECON,total_energy_jobyears_per_1k,Employment,GCAM,GCAM 6.0 NGFS,NGFS Phase 5,High-RE,4
SCI-vetted,2C,R10REF_ECON,total_energy_jobyears_per_1k,Employment,IMAGE,IMAGE 3.0,ENGAGE,High-CDR,15
SCI-vetted,2C,R10REF_ECON,total_energy_jobyears_per_1k,Employment,IMAGE,IMAGE 3.2,SSP2021,High-CDR,6
SCI-vetted,2C,R10REF_ECON,total_energy_jobyears_per_1k,Employment,IMAGE,IMAGE 3.2,SSP2021,High-RE,3
SCI-vetted,2C,R10REF_ECON,total_energy_jobyears_per_1k,Employment,IMAGE,IMAGE 3.3,NAVIGATE,High-CDR,1
SCI-vetted,2C,R10REF_ECON,total_energy_jobyears_per_1k,Employment,MESSAGEix,MESSAGEix-GLOBIOM 2.0-M-R12-NGFS,NGFS Phase 5,High-RE,3
SCI-vetted,2C,R10REF_ECON,total_energy_jobyears_per_1k,Employment,POLES,POLES-JRC ENGAGE,ENGAGE,High-CDR,41
SCI-vetted,2C,R10REF_ECON,total_energy_jobyears_per_1k,Employment,REMIND,REMIND 2.1,LeastTotalCost,High-RE,1
SCI-vetted,2C,R10REF_ECON,total_energy_jobyears_per_1k,Employment,REMIND,REMIND 2.1,R2p1,High-RE,1
SCI-vetted,2C,R10REF_ECON,total_energy_jobyears_per_1k,Employment,REMIND,REMIND-Buildings 2.0,BEG,High-RE,1
SCI-vetted,2C,R10REF_ECON,total_energy_jobyears_per_1k,Employment,REMIND,REMIND-MAgPIE 1.7-3.0,CD,High-RE,1
SCI-vetted,2C,R10REF_ECON,total_energy_jobyears_per_1k,Employment,REMIND,REMIND-MAgPIE 1.7-3.0,COMMIT,High-RE,2
SCI-vetted,2C,R10REF_ECON,total_energy_jobyears_per_1k,Employment,REMIND,REMIND-MAgPIE 1.7-3.0,PEP,High-RE,2
SCI-vetted,2C,R10REF_ECON,total_energy_jobyears_per_1k,Employment,REMIND,REMIND-MAgPIE 2.0-4.1,Diff,High-RE,1
SCI-vetted,2C,R10REF_ECON,total_energy_jobyears_per_1k,Employment,REMIND,REMIND-MAgPIE 2.1-4.2,ENGAGE,High-RE,1
SCI-vetted,2C,R10REF_ECON,total_energy_jobyears_per_1k,Employment,REMIND,REMIND-MAgPIE 2.1-4.2,NGFS Phase 2,High-RE,2
SCI-vetted,2C,R10REF_ECON,total_energy_jobyears_per_1k,Employment,REMIND,REMIND-MAgPIE 2.1-4.3,DeepElectrification,High-RE,2
SCI-vetted,2C,R10REF_ECON,total_energy_jobyears_per_1k,Employment,REMIND,REMIND-MAgPIE 3.2-4.6,SHAPE,High-RE,2
SCI-vetted,2C,R10REF_ECON,total_energy_jobyears_per_1k,Employment,REMIND,REMIND-MAgPIE 3.2.0-4.8.0,RESCUE,High-RE,4
SCI-vetted,2C,R10REF_ECON,total_energy_jobyears_per_1k,Employment,REMIND,REMIND-MAgPIE 3.3-4.8,NGFS Phase 5,High-RE,5
SCI-vetted,2C,R10REF_ECON,total_energy_jobyears_per_1k,Employment,WITCH,WITCH 5.0,ENGAGE,High-RE,26
SCI-vetted,2C,R10REF_ECON,total_energy_jobyears_per_1k,Employment,WITCH,WITCH 5.0,NAVIGATE,High-RE,2
SCI-vetted,2C,R10REST_ASIA,gap_GJ_pc,DLE gap,GCAM,GCAM 5.3,NGFS Phase 2,High-RE,1
SCI-vetted,2C,R10REST_ASIA,gap_GJ_pc,DLE gap,GCAM,GCAM 6.0 NGFS,NGFS Phase 5,High-RE,4
SCI-vetted,2C,R10REST_ASIA,gap_GJ_pc,DLE gap,IMAGE,IMAGE 3.0,ENGAGE,High-CDR,15
SCI-vetted,2C,R10REST_ASIA,gap_GJ_pc,DLE gap,IMAGE,IMAGE 3.2,SSP2021,High-CDR,6
SCI-vetted,2C,R10REST_ASIA,gap_GJ_pc,DLE gap,IMAGE,IMAGE 3.2,SSP2021,High-RE,3
SCI-vetted,2C,R10REST_ASIA,gap_GJ_pc,DLE gap,IMAGE,IMAGE 3.3,NAVIGATE,High-CDR,1
SCI-vetted,2C,R10REST_ASIA,gap_GJ_pc,DLE gap,MESSAGEix,MESSAGEix-GLOBIOM 2.0-M-R12-NGFS,NGFS Phase 5,High-RE,3
SCI-vetted,2C,R10REST_ASIA,gap_GJ_pc,DLE gap,POLES,POLES-JRC ENGAGE,ENGAGE,High-CDR,41
SCI-vetted,2C,R10REST_ASIA,gap_GJ_pc,DLE gap,REMIND,REMIND 2.1,LeastTotalCost,High-RE,1
SCI-vetted,2C,R10REST_ASIA,gap_GJ_pc,DLE gap,REMIND,REMIND 2.1,R2p1,High-RE,1
SCI-vetted,2C,R10REST_ASIA,gap_GJ_pc,DLE gap,REMIND,REMIND-Buildings 2.0,BEG,High-RE,1
SCI-vetted,2C,R10REST_ASIA,gap_GJ_pc,DLE gap,REMIND,REMIND-MAgPIE 1.7-3.0,CD,High-RE,1
SCI-vetted,2C,R10REST_ASIA,gap_GJ_pc,DLE gap,REMIND,REMIND-MAgPIE 1.7-3.0,COMMIT,High-RE,2
SCI-vetted,2C,R10REST_ASIA,gap_GJ_pc,DLE gap,REMIND,REMIND-MAgPIE 1.7-3.0,PEP,High-RE,2
SCI-vetted,2C,R10REST_ASIA,gap_GJ_pc,DLE gap,REMIND,REMIND-MAgPIE 2.0-4.1,Diff,High-RE,1
SCI-vetted,2C,R10REST_ASIA,gap_GJ_pc,DLE gap,REMIND,REMIND-MAgPIE 2.1-4.2,ENGAGE,High-RE,1
SCI-vetted,2C,R10REST_ASIA,gap_GJ_pc,DLE gap,REMIND,REMIND-MAgPIE 2.1-4.2,NGFS Phase 2,High-RE,2
SCI-vetted,2C,R10REST_ASIA,gap_GJ_pc,DLE gap,REMIND,REMIND-MAgPIE 2.1-4.3,DeepElectrification,High-RE,2
SCI-vetted,2C,R10REST_ASIA,gap_GJ_pc,DLE gap,REMIND,REMIND-MAgPIE 3.2-4.6,SHAPE,High-RE,2
SCI-vetted,2C,R10REST_ASIA,gap_GJ_pc,DLE gap,REMIND,REMIND-MAgPIE 3.2.0-4.8.0,RESCUE,High-RE,4
SCI-vetted,2C,R10REST_ASIA,gap_GJ_pc,DLE gap,REMIND,REMIND-MAgPIE 3.3-4.8,NGFS Phase 5,High-RE,5
SCI-vetted,2C,R10REST_ASIA,gap_GJ_pc,DLE gap,WITCH,WITCH 5.0,ENGAGE,High-RE,26
SCI-vetted,2C,R10REST_ASIA,gap_GJ_pc,DLE gap,WITCH,WITCH 5.0,NAVIGATE,High-RE,2
SCI-vetted,2C,R10REST_ASIA,headcount_pct,Deprived headcount,GCAM,GCAM 5.3,NGFS Phase 2,High-RE,1
SCI-vetted,2C,R10REST_ASIA,headcount_pct,Deprived headcount,GCAM,GCAM 6.0 NGFS,NGFS Phase 5,High-RE,4
SCI-vetted,2C,R10REST_ASIA,headcount_pct,Deprived headcount,IMAGE,IMAGE 3.0,ENGAGE,High-CDR,15
SCI-vetted,2C,R10REST_ASIA,headcount_pct,Deprived headcount,IMAGE,IMAGE 3.2,SSP2021,High-CDR,6
SCI-vetted,2C,R10REST_ASIA,headcount_pct,Deprived headcount,IMAGE,IMAGE 3.2,SSP2021,High-RE,3
SCI-vetted,2C,R10REST_ASIA,headcount_pct,Deprived headcount,IMAGE,IMAGE 3.3,NAVIGATE,High-CDR,1
SCI-vetted,2C,R10REST_ASIA,headcount_pct,Deprived headcount,MESSAGEix,MESSAGEix-GLOBIOM 2.0-M-R12-NGFS,NGFS Phase 5,High-RE,3
SCI-vetted,2C,R10REST_ASIA,headcount_pct,Deprived headcount,POLES,POLES-JRC ENGAGE,ENGAGE,High-CDR,41
SCI-vetted,2C,R10REST_ASIA,headcount_pct,Deprived headcount,REMIND,REMIND 2.1,LeastTotalCost,High-RE,1
SCI-vetted,2C,R10REST_ASIA,headcount_pct,Deprived headcount,REMIND,REMIND 2.1,R2p1,High-RE,1
SCI-vetted,2C,R10REST_ASIA,headcount_pct,Deprived headcount,REMIND,REMIND-Buildings 2.0,BEG,High-RE,1
SCI-vetted,2C,R10REST_ASIA,headcount_pct,Deprived headcount,REMIND,REMIND-MAgPIE 1.7-3.0,CD,High-RE,1
SCI-vetted,2C,R10REST_ASIA,headcount_pct,Deprived headcount,REMIND,REMIND-MAgPIE 1.7-3.0,COMMIT,High-RE,2
SCI-vetted,2C,R10REST_ASIA,headcount_pct,Deprived headcount,REMIND,REMIND-MAgPIE 1.7-3.0,PEP,High-RE,2
SCI-vetted,2C,R10REST_ASIA,headcount_pct,Deprived headcount,REMIND,REMIND-MAgPIE 2.0-4.1,Diff,High-RE,1
SCI-vetted,2C,R10REST_ASIA,headcount_pct,Deprived headcount,REMIND,REMIND-MAgPIE 2.1-4.2,ENGAGE,High-RE,1
SCI-vetted,2C,R10REST_ASIA,headcount_pct,Deprived headcount,REMIND,REMIND-MAgPIE 2.1-4.2,NGFS Phase 2,High-RE,2
SCI-vetted,2C,R10REST_ASIA,headcount_pct,Deprived headcount,REMIND,REMIND-MAgPIE 2.1-4.3,DeepElectrification,High-RE,2
SCI-vetted,2C,R10REST_ASIA,headcount_pct,Deprived headcount,REMIND,REMIND-MAgPIE 3.2-4.6,SHAPE,High-RE,2
SCI-vetted,2C,R10REST_ASIA,headcount_pct,Deprived headcount,REMIND,REMIND-MAgPIE 3.2.0-4.8.0,RESCUE,High-RE,4
SCI-vetted,2C,R10REST_ASIA,headcount_pct,Deprived headcount,REMIND,REMIND-MAgPIE 3.3-4.8,NGFS Phase 5,High-RE,5
SCI-vetted,2C,R10REST_ASIA,headcount_pct,Deprived headcount,WITCH,WITCH 5.0,ENGAGE,High-RE,26
SCI-vetted,2C,R10REST_ASIA,headcount_pct,Deprived headcount,WITCH,WITCH 5.0,NAVIGATE,High-RE,2
SCI-vetted,2C,R10REST_ASIA,mortality_million_deaths,PM2.5 mortality,GCAM,GCAM 5.3,NGFS Phase 2,High-RE,1
SCI-vetted,2C,R10REST_ASIA,mortality_million_deaths,PM2.5 mortality,GCAM,GCAM 6.0 NGFS,NGFS Phase 5,High-RE,4
SCI-vetted,2C,R10REST_ASIA,mortality_million_deaths,PM2.5 mortality,IMAGE,IMAGE 3.0,ENGAGE,High-CDR,15
SCI-vetted,2C,R10REST_ASIA,mortality_million_deaths,PM2.5 mortality,IMAGE,IMAGE 3.2,SSP2021,High-CDR,6
SCI-vetted,2C,R10REST_ASIA,mortality_million_deaths,PM2.5 mortality,IMAGE,IMAGE 3.2,SSP2021,High-RE,3
SCI-vetted,2C,R10REST_ASIA,mortality_million_deaths,PM2.5 mortality,IMAGE,IMAGE 3.3,NAVIGATE,High-CDR,1
SCI-vetted,2C,R10REST_ASIA,mortality_million_deaths,PM2.5 mortality,MESSAGEix,MESSAGEix-GLOBIOM 2.0-M-R12-NGFS,NGFS Phase 5,High-RE,3
SCI-vetted,2C,R10REST_ASIA,mortality_million_deaths,PM2.5 mortality,POLES,POLES-JRC ENGAGE,ENGAGE,High-CDR,41
SCI-vetted,2C,R10REST_ASIA,mortality_million_deaths,PM2.5 mortality,REMIND,REMIND 2.1,LeastTotalCost,High-RE,1
SCI-vetted,2C,R10REST_ASIA,mortality_million_deaths,PM2.5 mortality,REMIND,REMIND 2.1,R2p1,High-RE,1
SCI-vetted,2C,R10REST_ASIA,mortality_million_deaths,PM2.5 mortality,REMIND,REMIND-Buildings 2.0,BEG,High-RE,1
SCI-vetted,2C,R10REST_ASIA,mortality_million_deaths,PM2.5 mortality,REMIND,REMIND-MAgPIE 1.7-3.0,CD,High-RE,1
SCI-vetted,2C,R10REST_ASIA,mortality_million_deaths,PM2.5 mortality,REMIND,REMIND-MAgPIE 1.7-3.0,COMMIT,High-RE,2
SCI-vetted,2C,R10REST_ASIA,mortality_million_deaths,PM2.5 mortality,REMIND,REMIND-MAgPIE 1.7-3.0,PEP,High-RE,2
SCI-vetted,2C,R10REST_ASIA,mortality_million_deaths,PM2.5 mortality,REMIND,REMIND-MAgPIE 2.1-4.2,ENGAGE,High-RE,1
SCI-vetted,2C,R10REST_ASIA,mortality_million_deaths,PM2.5 mortality,REMIND,REMIND-MAgPIE 2.1-4.2,NGFS Phase 2,High-RE,2
SCI-vetted,2C,R10REST_ASIA,mortality_million_deaths,PM2.5 mortality,REMIND,REMIND-MAgPIE 2.1-4.3,DeepElectrification,High-RE,2
SCI-vetted,2C,R10REST_ASIA,mortality_million_deaths,PM2.5 mortality,REMIND,REMIND-MAgPIE 3.2-4.6,SHAPE,High-RE,2
SCI-vetted,2C,R10REST_ASIA,mortality_million_deaths,PM2.5 mortality,REMIND,REMIND-MAgPIE 3.2.0-4.8.0,RESCUE,High-RE,4
SCI-vetted,2C,R10REST_ASIA,mortality_million_deaths,PM2.5 mortality,REMIND,REMIND-MAgPIE 3.3-4.8,NGFS Phase 5,High-RE,5
SCI-vetted,2C,R10REST_ASIA,mortality_million_deaths,PM2.5 mortality,WITCH,WITCH 5.0,ENGAGE,High-RE,26
SCI-vetted,2C,R10REST_ASIA,mortality_million_deaths,PM2.5 mortality,WITCH,WITCH 5.0,NAVIGATE,High-RE,2
SCI-vetted,2C,R10REST_ASIA,total_energy_jobyears_per_1k,Employment,GCAM,GCAM 5.3,NGFS Phase 2,High-RE,1
SCI-vetted,2C,R10REST_ASIA,total_energy_jobyears_per_1k,Employment,GCAM,GCAM 6.0 NGFS,NGFS Phase 5,High-RE,4
SCI-vetted,2C,R10REST_ASIA,total_energy_jobyears_per_1k,Employment,IMAGE,IMAGE 3.0,ENGAGE,High-CDR,15
SCI-vetted,2C,R10REST_ASIA,total_energy_jobyears_per_1k,Employment,IMAGE,IMAGE 3.2,SSP2021,High-CDR,6
SCI-vetted,2C,R10REST_ASIA,total_energy_jobyears_per_1k,Employment,IMAGE,IMAGE 3.2,SSP2021,High-RE,3
SCI-vetted,2C,R10REST_ASIA,total_energy_jobyears_per_1k,Employment,IMAGE,IMAGE 3.3,NAVIGATE,High-CDR,1
SCI-vetted,2C,R10REST_ASIA,total_energy_jobyears_per_1k,Employment,MESSAGEix,MESSAGEix-GLOBIOM 2.0-M-R12-NGFS,NGFS Phase 5,High-RE,3
SCI-vetted,2C,R10REST_ASIA,total_energy_jobyears_per_1k,Employment,POLES,POLES-JRC ENGAGE,ENGAGE,High-CDR,41
SCI-vetted,2C,R10REST_ASIA,total_energy_jobyears_per_1k,Employment,REMIND,REMIND 2.1,LeastTotalCost,High-RE,1
SCI-vetted,2C,R10REST_ASIA,total_energy_jobyears_per_1k,Employment,REMIND,REMIND 2.1,R2p1,High-RE,1
SCI-vetted,2C,R10REST_ASIA,total_energy_jobyears_per_1k,Employment,REMIND,REMIND-Buildings 2.0,BEG,High-RE,1
SCI-vetted,2C,R10REST_ASIA,total_energy_jobyears_per_1k,Employment,REMIND,REMIND-MAgPIE 1.7-3.0,CD,High-RE,1
SCI-vetted,2C,R10REST_ASIA,total_energy_jobyears_per_1k,Employment,REMIND,REMIND-MAgPIE 1.7-3.0,COMMIT,High-RE,2
SCI-vetted,2C,R10REST_ASIA,total_energy_jobyears_per_1k,Employment,REMIND,REMIND-MAgPIE 1.7-3.0,PEP,High-RE,2
SCI-vetted,2C,R10REST_ASIA,total_energy_jobyears_per_1k,Employment,REMIND,REMIND-MAgPIE 2.0-4.1,Diff,High-RE,1
SCI-vetted,2C,R10REST_ASIA,total_energy_jobyears_per_1k,Employment,REMIND,REMIND-MAgPIE 2.1-4.2,ENGAGE,High-RE,1
SCI-vetted,2C,R10REST_ASIA,total_energy_jobyears_per_1k,Employment,REMIND,REMIND-MAgPIE 2.1-4.2,NGFS Phase 2,High-RE,2
SCI-vetted,2C,R10REST_ASIA,total_energy_jobyears_per_1k,Employment,REMIND,REMIND-MAgPIE 2.1-4.3,DeepElectrification,High-RE,2
SCI-vetted,2C,R10REST_ASIA,total_energy_jobyears_per_1k,Employment,REMIND,REMIND-MAgPIE 3.2-4.6,SHAPE,High-RE,2
SCI-vetted,2C,R10REST_ASIA,total_energy_jobyears_per_1k,Employment,REMIND,REMIND-MAgPIE 3.2.0-4.8.0,RESCUE,High-RE,4
SCI-vetted,2C,R10REST_ASIA,total_energy_jobyears_per_1k,Employment,REMIND,REMIND-MAgPIE 3.3-4.8,NGFS Phase 5,High-RE,5
SCI-vetted,2C,R10REST_ASIA,total_energy_jobyears_per_1k,Employment,WITCH,WITCH 5.0,ENGAGE,High-RE,26
SCI-vetted,2C,R10REST_ASIA,total_energy_jobyears_per_1k,Employment,WITCH,WITCH 5.0,NAVIGATE,High-RE,2
