database,Region,amb,outcome,outcome_label,outcome_unit,lower_is_better,family,Model,project,n_cdr,n_re,median_cdr,median_re,comparable,robust,direction_coded_difference,relative_effect_pct,favours,matched_unit,ambition_view,target_reason
Full,Aggregated R10 regions,2C,gap_GJ_pc,DLE gap,GJ per capita of cumulative DLE gap,TRUE,AIM,AIM/CGE V2.2,ENGAGE,20,11,38.65480930411022,40.97084835565156,TRUE,TRUE,-2.3160390515413383,-5.991593525453172,High-CDR,AIM/CGE V2.2 | ENGAGE | 2C,All ambitions,Robust family direction disagrees with pooled
Full,Aggregated R10 regions,1.5C,gap_GJ_pc,DLE gap,GJ per capita of cumulative DLE gap,TRUE,AIM,AIM/CGE V2.2,ENGAGE,1,3,44.604272313741184,41.89502176548781,TRUE,FALSE,2.7092505482533724,6.073970962236138,High-RE,AIM/CGE V2.2 | ENGAGE | 1.5C,All ambitions,Robust family direction disagrees with pooled
Full,Aggregated R10 regions,1.5C,gap_GJ_pc,DLE gap,GJ per capita of cumulative DLE gap,TRUE,GCAM,GCAM 5.3,Deep,7,0,19.46006019882995,NA,FALSE,FALSE,NA,NA,NA,GCAM 5.3 | Deep | 1.5C,All ambitions,Robust family direction disagrees with pooled
Full,Aggregated R10 regions,2C,gap_GJ_pc,DLE gap,GJ per capita of cumulative DLE gap,TRUE,GCAM,GCAM 5.3,Deep,23,0,17.22493804296657,NA,FALSE,FALSE,NA,NA,NA,GCAM 5.3 | Deep | 2C,All ambitions,Robust family direction disagrees with pooled
Full,Aggregated R10 regions,2C,gap_GJ_pc,DLE gap,GJ per capita of cumulative DLE gap,TRUE,GCAM,GCAM 7.0,IAM,3,0,16.504504633250672,NA,FALSE,FALSE,NA,NA,NA,GCAM 7.0 | IAM | 2C,All ambitions,Robust family direction disagrees with pooled
Full,Aggregated R10 regions,1.5C,gap_GJ_pc,DLE gap,GJ per capita of cumulative DLE gap,TRUE,GCAM,GCAM 6.0 NGFS,NGFS Phase 5,0,1,NA,25.279047006838784,FALSE,FALSE,NA,NA,NA,GCAM 6.0 NGFS | NGFS Phase 5 | 1.5C,All ambitions,Robust family direction disagrees with pooled
Full,Aggregated R10 regions,2C,gap_GJ_pc,DLE gap,GJ per capita of cumulative DLE gap,TRUE,GCAM,GCAM 6.0 NGFS,NGFS Phase 5,0,4,NA,20.2522837602978,FALSE,FALSE,NA,NA,NA,GCAM 6.0 NGFS | NGFS Phase 5 | 2C,All ambitions,Robust family direction disagrees with pooled
Full,Aggregated R10 regions,2C,gap_GJ_pc,DLE gap,GJ per capita of cumulative DLE gap,TRUE,POLES,POLES-JRC ENGAGE,ENGAGE,56,8,27.896491010426224,30.532512808929326,TRUE,TRUE,-2.6360217985031014,-9.449295244759982,High-CDR,POLES-JRC ENGAGE | ENGAGE | 2C,All ambitions,Robust family direction disagrees with pooled
Full,Aggregated R10 regions,1.5C,gap_GJ_pc,DLE gap,GJ per capita of cumulative DLE gap,TRUE,POLES,POLES-JRC ENGAGE,ENGAGE,4,1,34.28009617350072,34.96002436499173,TRUE,FALSE,-0.6799281914910082,-1.983448902971888,High-CDR,POLES-JRC ENGAGE | ENGAGE | 1.5C,All ambitions,Robust family direction disagrees with pooled
Full,Aggregated R10 regions,1.5C,gap_GJ_pc,DLE gap,GJ per capita of cumulative DLE gap,TRUE,REMIND,REMIND-Buildings 2.0,BEG,0,2,NA,27.625752339737687,FALSE,FALSE,NA,NA,NA,REMIND-Buildings 2.0 | BEG | 1.5C,All ambitions,Pooled direction flips when family is excluded
Full,Aggregated R10 regions,1.5C,gap_GJ_pc,DLE gap,GJ per capita of cumulative DLE gap,TRUE,REMIND,REMIND-MAgPIE 1.7-3.0,CD,0,4,NA,13.481856685200082,FALSE,FALSE,NA,NA,NA,REMIND-MAgPIE 1.7-3.0 | CD | 1.5C,All ambitions,Pooled direction flips when family is excluded
Full,Aggregated R10 regions,2C,gap_GJ_pc,DLE gap,GJ per capita of cumulative DLE gap,TRUE,REMIND,REMIND-MAgPIE 1.7-3.0,CD,0,5,NA,10.475629484989309,FALSE,FALSE,NA,NA,NA,REMIND-MAgPIE 1.7-3.0 | CD | 2C,All ambitions,Pooled direction flips when family is excluded
Full,Aggregated R10 regions,1.5C,gap_GJ_pc,DLE gap,GJ per capita of cumulative DLE gap,TRUE,REMIND,REMIND 2.1,CEMICS,0,4,NA,18.780757206287433,FALSE,FALSE,NA,NA,NA,REMIND 2.1 | CEMICS | 1.5C,All ambitions,Pooled direction flips when family is excluded
Full,Aggregated R10 regions,1.5C,gap_GJ_pc,DLE gap,GJ per capita of cumulative DLE gap,TRUE,REMIND,REMIND-MAgPIE 2.1-4.2,CEMICS,0,3,NA,20.837595007738063,FALSE,FALSE,NA,NA,NA,REMIND-MAgPIE 2.1-4.2 | CEMICS | 1.5C,All ambitions,Pooled direction flips when family is excluded
Full,Aggregated R10 regions,2C,gap_GJ_pc,DLE gap,GJ per capita of cumulative DLE gap,TRUE,REMIND,REMIND 2.1,CEMICS,0,5,NA,15.781682886898004,FALSE,FALSE,NA,NA,NA,REMIND 2.1 | CEMICS | 2C,All ambitions,Pooled direction flips when family is excluded
Full,Aggregated R10 regions,2C,gap_GJ_pc,DLE gap,GJ per capita of cumulative DLE gap,TRUE,REMIND,REMIND-MAgPIE 2.1-4.2,CEMICS,0,3,NA,15.569233690543465,FALSE,FALSE,NA,NA,NA,REMIND-MAgPIE 2.1-4.2 | CEMICS | 2C,All ambitions,Pooled direction flips when family is excluded
Full,Aggregated R10 regions,1.5C,gap_GJ_pc,DLE gap,GJ per capita of cumulative DLE gap,TRUE,REMIND,REMIND-MAgPIE 1.7-3.0,COMMIT,0,3,NA,12.719105028595338,FALSE,FALSE,NA,NA,NA,REMIND-MAgPIE 1.7-3.0 | COMMIT | 1.5C,All ambitions,Pooled direction flips when family is excluded
Full,Aggregated R10 regions,2C,gap_GJ_pc,DLE gap,GJ per capita of cumulative DLE gap,TRUE,REMIND,REMIND-MAgPIE 1.7-3.0,COMMIT,0,4,NA,10.107228702520862,FALSE,FALSE,NA,NA,NA,REMIND-MAgPIE 1.7-3.0 | COMMIT | 2C,All ambitions,Pooled direction flips when family is excluded
Full,Aggregated R10 regions,1.5C,gap_GJ_pc,DLE gap,GJ per capita of cumulative DLE gap,TRUE,REMIND,REMIND-MAgPIE 2.1-4.3,DeepElectrification,0,1,NA,22.583906728298658,FALSE,FALSE,NA,NA,NA,REMIND-MAgPIE 2.1-4.3 | DeepElectrification | 1.5C,All ambitions,Pooled direction flips when family is excluded
Full,Aggregated R10 regions,2C,gap_GJ_pc,DLE gap,GJ per capita of cumulative DLE gap,TRUE,REMIND,REMIND-MAgPIE 2.1-4.3,DeepElectrification,0,3,NA,17.64885758308446,FALSE,FALSE,NA,NA,NA,REMIND-MAgPIE 2.1-4.3 | DeepElectrification | 2C,All ambitions,Pooled direction flips when family is excluded
Full,Aggregated R10 regions,2C,gap_GJ_pc,DLE gap,GJ per capita of cumulative DLE gap,TRUE,REMIND,REMIND-MAgPIE 2.0-4.1,Diff,0,0,NA,NA,FALSE,FALSE,NA,NA,NA,REMIND-MAgPIE 2.0-4.1 | Diff | 2C,All ambitions,Pooled direction flips when family is excluded
Full,Aggregated R10 regions,1.5C,gap_GJ_pc,DLE gap,GJ per capita of cumulative DLE gap,TRUE,REMIND,REMIND 3.0,ENGAGE,0,2,NA,30.379059260965736,FALSE,FALSE,NA,NA,NA,REMIND 3.0 | ENGAGE | 1.5C,All ambitions,Pooled direction flips when family is excluded
Full,Aggregated R10 regions,1.5C,gap_GJ_pc,DLE gap,GJ per capita of cumulative DLE gap,TRUE,REMIND,REMIND-MAgPIE 2.1-4.2,ENGAGE,0,19,NA,18.10847593275085,FALSE,FALSE,NA,NA,NA,REMIND-MAgPIE 2.1-4.2 | ENGAGE | 1.5C,All ambitions,Pooled direction flips when family is excluded
Full,Aggregated R10 regions,2C,gap_GJ_pc,DLE gap,GJ per capita of cumulative DLE gap,TRUE,REMIND,REMIND 3.0,ENGAGE,0,14,NA,22.21998078397992,FALSE,FALSE,NA,NA,NA,REMIND 3.0 | ENGAGE | 2C,All ambitions,Pooled direction flips when family is excluded
Full,Aggregated R10 regions,2C,gap_GJ_pc,DLE gap,GJ per capita of cumulative DLE gap,TRUE,REMIND,REMIND-MAgPIE 2.1-4.2,ENGAGE,0,59,NA,15.484797590008526,FALSE,FALSE,NA,NA,NA,REMIND-MAgPIE 2.1-4.2 | ENGAGE | 2C,All ambitions,Pooled direction flips when family is excluded
Full,Aggregated R10 regions,2C,gap_GJ_pc,DLE gap,GJ per capita of cumulative DLE gap,TRUE,REMIND,REMIND 2.1,LeastTotalCost,0,11,NA,16.73556411940675,FALSE,FALSE,NA,NA,NA,REMIND 2.1 | LeastTotalCost | 2C,All ambitions,Pooled direction flips when family is excluded
Full,Aggregated R10 regions,1.5C,gap_GJ_pc,DLE gap,GJ per capita of cumulative DLE gap,TRUE,REMIND,REMIND 3.0,NAVIGATE,1,0,35.31549832227375,NA,FALSE,FALSE,NA,NA,NA,REMIND 3.0 | NAVIGATE | 1.5C,All ambitions,Pooled direction flips when family is excluded
Full,Aggregated R10 regions,2C,gap_GJ_pc,DLE gap,GJ per capita of cumulative DLE gap,TRUE,REMIND,REMIND 3.0,NAVIGATE,0,7,NA,22.159360193686226,FALSE,FALSE,NA,NA,NA,REMIND 3.0 | NAVIGATE | 2C,All ambitions,Pooled direction flips when family is excluded
Full,Aggregated R10 regions,2C,gap_GJ_pc,DLE gap,GJ per capita of cumulative DLE gap,TRUE,REMIND,REMIND-MAgPIE 2.1-4.2,NGFS Phase 2,0,5,NA,26.716599521506385,FALSE,FALSE,NA,NA,NA,REMIND-MAgPIE 2.1-4.2 | NGFS Phase 2 | 2C,All ambitions,Pooled direction flips when family is excluded
Full,Aggregated R10 regions,1.5C,gap_GJ_pc,DLE gap,GJ per capita of cumulative DLE gap,TRUE,REMIND,REMIND-MAgPIE 3.3-4.8,NGFS Phase 5,0,1,NA,27.74007785374581,FALSE,FALSE,NA,NA,NA,REMIND-MAgPIE 3.3-4.8 | NGFS Phase 5 | 1.5C,All ambitions,Pooled direction flips when family is excluded
Full,Aggregated R10 regions,2C,gap_GJ_pc,DLE gap,GJ per capita of cumulative DLE gap,TRUE,REMIND,REMIND-MAgPIE 3.3-4.8,NGFS Phase 5,0,5,NA,19.82641649542415,FALSE,FALSE,NA,NA,NA,REMIND-MAgPIE 3.3-4.8 | NGFS Phase 5 | 2C,All ambitions,Pooled direction flips when family is excluded
Full,Aggregated R10 regions,1.5C,gap_GJ_pc,DLE gap,GJ per capita of cumulative DLE gap,TRUE,REMIND,REMIND-MAgPIE 1.7-3.0,PEP,0,13,NA,13.6950749435597,FALSE,FALSE,NA,NA,NA,REMIND-MAgPIE 1.7-3.0 | PEP | 1.5C,All ambitions,Pooled direction flips when family is excluded
Full,Aggregated R10 regions,2C,gap_GJ_pc,DLE gap,GJ per capita of cumulative DLE gap,TRUE,REMIND,REMIND-MAgPIE 1.7-3.0,PEP,0,5,NA,10.250371884198955,FALSE,FALSE,NA,NA,NA,REMIND-MAgPIE 1.7-3.0 | PEP | 2C,All ambitions,Pooled direction flips when family is excluded
Full,Aggregated R10 regions,1.5C,gap_GJ_pc,DLE gap,GJ per capita of cumulative DLE gap,TRUE,REMIND,REMIND 2.1,R2p1,0,2,NA,14.873947814821392,FALSE,FALSE,NA,NA,NA,REMIND 2.1 | R2p1 | 1.5C,All ambitions,Pooled direction flips when family is excluded
Full,Aggregated R10 regions,2C,gap_GJ_pc,DLE gap,GJ per capita of cumulative DLE gap,TRUE,REMIND,REMIND 2.1,R2p1,0,8,NA,14.087747542590055,FALSE,FALSE,NA,NA,NA,REMIND 2.1 | R2p1 | 2C,All ambitions,Pooled direction flips when family is excluded
Full,Aggregated R10 regions,1.5C,gap_GJ_pc,DLE gap,GJ per capita of cumulative DLE gap,TRUE,REMIND,REMIND-MAgPIE 3.2.0-4.8.0,RESCUE,0,3,NA,19.41182776918485,FALSE,FALSE,NA,NA,NA,REMIND-MAgPIE 3.2.0-4.8.0 | RESCUE | 1.5C,All ambitions,Pooled direction flips when family is excluded
Full,Aggregated R10 regions,2C,gap_GJ_pc,DLE gap,GJ per capita of cumulative DLE gap,TRUE,REMIND,REMIND-MAgPIE 3.2.0-4.8.0,RESCUE,0,5,NA,19.847850732960097,FALSE,FALSE,NA,NA,NA,REMIND-MAgPIE 3.2.0-4.8.0 | RESCUE | 2C,All ambitions,Pooled direction flips when family is excluded
Full,Aggregated R10 regions,2C,gap_GJ_pc,DLE gap,GJ per capita of cumulative DLE gap,TRUE,REMIND,REMIND-MAgPIE 3.2-4.6,SHAPE,0,2,NA,15.769376371233015,FALSE,FALSE,NA,NA,NA,REMIND-MAgPIE 3.2-4.6 | SHAPE | 2C,All ambitions,Pooled direction flips when family is excluded
Full,Aggregated R10 regions,1.5C,gap_GJ_pc,DLE gap,GJ per capita of cumulative DLE gap,TRUE,REMIND,REMIND-MAgPIE 2.1-4.2,SusDev,0,2,NA,18.184442234500562,FALSE,FALSE,NA,NA,NA,REMIND-MAgPIE 2.1-4.2 | SusDev | 1.5C,All ambitions,Pooled direction flips when family is excluded
Full,Aggregated R10 regions,2C,gap_GJ_pc,DLE gap,GJ per capita of cumulative DLE gap,TRUE,REMIND,REMIND-MAgPIE 2.1-4.2,SusDev,0,3,NA,14.843851809675758,FALSE,FALSE,NA,NA,NA,REMIND-MAgPIE 2.1-4.2 | SusDev | 2C,All ambitions,Pooled direction flips when family is excluded
Full,Aggregated R10 regions,2C,gap_GJ_pc,DLE gap,GJ per capita of cumulative DLE gap,TRUE,REMIND,REMIND 2.1,TechCost,0,9,NA,16.18665800089918,FALSE,FALSE,NA,NA,NA,REMIND 2.1 | TechCost | 2C,All ambitions,Pooled direction flips when family is excluded
Full,Aggregated R10 regions,2C,gap_GJ_pc,DLE gap,GJ per capita of cumulative DLE gap,TRUE,REMIND,REMIND-Transport 2.1,Transport,0,8,NA,18.06405100632284,FALSE,FALSE,NA,NA,NA,REMIND-Transport 2.1 | Transport | 2C,All ambitions,Pooled direction flips when family is excluded
Full,Aggregated R10 regions,2C,headcount_pct,Deprived share,population-year-weighted mean % below the DLE threshold,TRUE,AIM,AIM/CGE V2.2,ENGAGE,20,11,11.798872553445864,12.29928455074346,TRUE,TRUE,-0.5004119972975953,-4.241184867713906,High-CDR,AIM/CGE V2.2 | ENGAGE | 2C,All ambitions,Robust family direction disagrees with pooled
Full,Aggregated R10 regions,1.5C,headcount_pct,Deprived share,population-year-weighted mean % below the DLE threshold,TRUE,AIM,AIM/CGE V2.2,ENGAGE,1,3,13.242193834081949,12.438604453756437,TRUE,FALSE,0.8035893803255121,6.068400677365731,High-RE,AIM/CGE V2.2 | ENGAGE | 1.5C,All ambitions,Robust family direction disagrees with pooled
Full,Aggregated R10 regions,1.5C,headcount_pct,Deprived share,population-year-weighted mean % below the DLE threshold,TRUE,GCAM,GCAM 5.3,Deep,7,0,4.769505163657984,NA,FALSE,FALSE,NA,NA,NA,GCAM 5.3 | Deep | 1.5C,All ambitions,Robust family direction disagrees with pooled
Full,Aggregated R10 regions,2C,headcount_pct,Deprived share,population-year-weighted mean % below the DLE threshold,TRUE,GCAM,GCAM 5.3,Deep,23,0,4.112237396846432,NA,FALSE,FALSE,NA,NA,NA,GCAM 5.3 | Deep | 2C,All ambitions,Robust family direction disagrees with pooled
Full,Aggregated R10 regions,2C,headcount_pct,Deprived share,population-year-weighted mean % below the DLE threshold,TRUE,GCAM,GCAM 7.0,IAM,3,0,4.185280560414822,NA,FALSE,FALSE,NA,NA,NA,GCAM 7.0 | IAM | 2C,All ambitions,Robust family direction disagrees with pooled
Full,Aggregated R10 regions,1.5C,headcount_pct,Deprived share,population-year-weighted mean % below the DLE threshold,TRUE,GCAM,GCAM 6.0 NGFS,NGFS Phase 5,0,1,NA,6.472583454576963,FALSE,FALSE,NA,NA,NA,GCAM 6.0 NGFS | NGFS Phase 5 | 1.5C,All ambitions,Robust family direction disagrees with pooled
Full,Aggregated R10 regions,2C,headcount_pct,Deprived share,population-year-weighted mean % below the DLE threshold,TRUE,GCAM,GCAM 6.0 NGFS,NGFS Phase 5,0,4,NA,4.972567756010526,FALSE,FALSE,NA,NA,NA,GCAM 6.0 NGFS | NGFS Phase 5 | 2C,All ambitions,Robust family direction disagrees with pooled
Full,Aggregated R10 regions,1.5C,headcount_pct,Deprived share,population-year-weighted mean % below the DLE threshold,TRUE,REMIND,REMIND-Buildings 2.0,BEG,0,2,NA,6.149378913384817,FALSE,FALSE,NA,NA,NA,REMIND-Buildings 2.0 | BEG | 1.5C,All ambitions,Pooled direction flips when family is excluded
Full,Aggregated R10 regions,1.5C,headcount_pct,Deprived share,population-year-weighted mean % below the DLE threshold,TRUE,REMIND,REMIND-MAgPIE 1.7-3.0,CD,0,4,NA,3.553287359949456,FALSE,FALSE,NA,NA,NA,REMIND-MAgPIE 1.7-3.0 | CD | 1.5C,All ambitions,Pooled direction flips when family is excluded
Full,Aggregated R10 regions,2C,headcount_pct,Deprived share,population-year-weighted mean % below the DLE threshold,TRUE,REMIND,REMIND-MAgPIE 1.7-3.0,CD,0,5,NA,2.5429944477289976,FALSE,FALSE,NA,NA,NA,REMIND-MAgPIE 1.7-3.0 | CD | 2C,All ambitions,Pooled direction flips when family is excluded
Full,Aggregated R10 regions,1.5C,headcount_pct,Deprived share,population-year-weighted mean % below the DLE threshold,TRUE,REMIND,REMIND 2.1,CEMICS,0,4,NA,4.872380461097679,FALSE,FALSE,NA,NA,NA,REMIND 2.1 | CEMICS | 1.5C,All ambitions,Pooled direction flips when family is excluded
Full,Aggregated R10 regions,1.5C,headcount_pct,Deprived share,population-year-weighted mean % below the DLE threshold,TRUE,REMIND,REMIND-MAgPIE 2.1-4.2,CEMICS,0,3,NA,5.558393240252902,FALSE,FALSE,NA,NA,NA,REMIND-MAgPIE 2.1-4.2 | CEMICS | 1.5C,All ambitions,Pooled direction flips when family is excluded
Full,Aggregated R10 regions,2C,headcount_pct,Deprived share,population-year-weighted mean % below the DLE threshold,TRUE,REMIND,REMIND 2.1,CEMICS,0,5,NA,4.046646654917228,FALSE,FALSE,NA,NA,NA,REMIND 2.1 | CEMICS | 2C,All ambitions,Pooled direction flips when family is excluded
Full,Aggregated R10 regions,2C,headcount_pct,Deprived share,population-year-weighted mean % below the DLE threshold,TRUE,REMIND,REMIND-MAgPIE 2.1-4.2,CEMICS,0,3,NA,4.007055267221463,FALSE,FALSE,NA,NA,NA,REMIND-MAgPIE 2.1-4.2 | CEMICS | 2C,All ambitions,Pooled direction flips when family is excluded
Full,Aggregated R10 regions,1.5C,headcount_pct,Deprived share,population-year-weighted mean % below the DLE threshold,TRUE,REMIND,REMIND-MAgPIE 1.7-3.0,COMMIT,0,3,NA,3.38653972816759,FALSE,FALSE,NA,NA,NA,REMIND-MAgPIE 1.7-3.0 | COMMIT | 1.5C,All ambitions,Pooled direction flips when family is excluded
Full,Aggregated R10 regions,2C,headcount_pct,Deprived share,population-year-weighted mean % below the DLE threshold,TRUE,REMIND,REMIND-MAgPIE 1.7-3.0,COMMIT,0,4,NA,2.488724863512383,FALSE,FALSE,NA,NA,NA,REMIND-MAgPIE 1.7-3.0 | COMMIT | 2C,All ambitions,Pooled direction flips when family is excluded
Full,Aggregated R10 regions,1.5C,headcount_pct,Deprived share,population-year-weighted mean % below the DLE threshold,TRUE,REMIND,REMIND-MAgPIE 2.1-4.3,DeepElectrification,0,1,NA,6.456037677173781,FALSE,FALSE,NA,NA,NA,REMIND-MAgPIE 2.1-4.3 | DeepElectrification | 1.5C,All ambitions,Pooled direction flips when family is excluded
Full,Aggregated R10 regions,2C,headcount_pct,Deprived share,population-year-weighted mean % below the DLE threshold,TRUE,REMIND,REMIND-MAgPIE 2.1-4.3,DeepElectrification,0,3,NA,4.998299565597186,FALSE,FALSE,NA,NA,NA,REMIND-MAgPIE 2.1-4.3 | DeepElectrification | 2C,All ambitions,Pooled direction flips when family is excluded
Full,Aggregated R10 regions,2C,headcount_pct,Deprived share,population-year-weighted mean % below the DLE threshold,TRUE,REMIND,REMIND-MAgPIE 2.0-4.1,Diff,0,0,NA,NA,FALSE,FALSE,NA,NA,NA,REMIND-MAgPIE 2.0-4.1 | Diff | 2C,All ambitions,Pooled direction flips when family is excluded
Full,Aggregated R10 regions,1.5C,headcount_pct,Deprived share,population-year-weighted mean % below the DLE threshold,TRUE,REMIND,REMIND 3.0,ENGAGE,0,2,NA,7.564119489996754,FALSE,FALSE,NA,NA,NA,REMIND 3.0 | ENGAGE | 1.5C,All ambitions,Pooled direction flips when family is excluded
Full,Aggregated R10 regions,1.5C,headcount_pct,Deprived share,population-year-weighted mean % below the DLE threshold,TRUE,REMIND,REMIND-MAgPIE 2.1-4.2,ENGAGE,0,19,NA,4.6127644092113185,FALSE,FALSE,NA,NA,NA,REMIND-MAgPIE 2.1-4.2 | ENGAGE | 1.5C,All ambitions,Pooled direction flips when family is excluded
Full,Aggregated R10 regions,2C,headcount_pct,Deprived share,population-year-weighted mean % below the DLE threshold,TRUE,REMIND,REMIND 3.0,ENGAGE,0,14,NA,5.584341407524386,FALSE,FALSE,NA,NA,NA,REMIND 3.0 | ENGAGE | 2C,All ambitions,Pooled direction flips when family is excluded
Full,Aggregated R10 regions,2C,headcount_pct,Deprived share,population-year-weighted mean % below the DLE threshold,TRUE,REMIND,REMIND-MAgPIE 2.1-4.2,ENGAGE,0,59,NA,3.956098522780365,FALSE,FALSE,NA,NA,NA,REMIND-MAgPIE 2.1-4.2 | ENGAGE | 2C,All ambitions,Pooled direction flips when family is excluded
Full,Aggregated R10 regions,2C,headcount_pct,Deprived share,population-year-weighted mean % below the DLE threshold,TRUE,REMIND,REMIND 2.1,LeastTotalCost,0,11,NA,4.374151118725021,FALSE,FALSE,NA,NA,NA,REMIND 2.1 | LeastTotalCost | 2C,All ambitions,Pooled direction flips when family is excluded
Full,Aggregated R10 regions,1.5C,headcount_pct,Deprived share,population-year-weighted mean % below the DLE threshold,TRUE,REMIND,REMIND 3.0,NAVIGATE,1,0,9.779781873561776,NA,FALSE,FALSE,NA,NA,NA,REMIND 3.0 | NAVIGATE | 1.5C,All ambitions,Pooled direction flips when family is excluded
Full,Aggregated R10 regions,2C,headcount_pct,Deprived share,population-year-weighted mean % below the DLE threshold,TRUE,REMIND,REMIND 3.0,NAVIGATE,0,7,NA,5.581602489154912,FALSE,FALSE,NA,NA,NA,REMIND 3.0 | NAVIGATE | 2C,All ambitions,Pooled direction flips when family is excluded
Full,Aggregated R10 regions,2C,headcount_pct,Deprived share,population-year-weighted mean % below the DLE threshold,TRUE,REMIND,REMIND-MAgPIE 2.1-4.2,NGFS Phase 2,0,5,NA,7.290737305865011,FALSE,FALSE,NA,NA,NA,REMIND-MAgPIE 2.1-4.2 | NGFS Phase 2 | 2C,All ambitions,Pooled direction flips when family is excluded
Full,Aggregated R10 regions,1.5C,headcount_pct,Deprived share,population-year-weighted mean % below the DLE threshold,TRUE,REMIND,REMIND-MAgPIE 3.3-4.8,NGFS Phase 5,0,1,NA,7.238107545580679,FALSE,FALSE,NA,NA,NA,REMIND-MAgPIE 3.3-4.8 | NGFS Phase 5 | 1.5C,All ambitions,Pooled direction flips when family is excluded
Full,Aggregated R10 regions,2C,headcount_pct,Deprived share,population-year-weighted mean % below the DLE threshold,TRUE,REMIND,REMIND-MAgPIE 3.3-4.8,NGFS Phase 5,0,5,NA,5.148481640713336,FALSE,FALSE,NA,NA,NA,REMIND-MAgPIE 3.3-4.8 | NGFS Phase 5 | 2C,All ambitions,Pooled direction flips when family is excluded
Full,Aggregated R10 regions,1.5C,headcount_pct,Deprived share,population-year-weighted mean % below the DLE threshold,TRUE,REMIND,REMIND-MAgPIE 1.7-3.0,PEP,0,13,NA,3.723072466426664,FALSE,FALSE,NA,NA,NA,REMIND-MAgPIE 1.7-3.0 | PEP | 1.5C,All ambitions,Pooled direction flips when family is excluded
Full,Aggregated R10 regions,2C,headcount_pct,Deprived share,population-year-weighted mean % below the DLE threshold,TRUE,REMIND,REMIND-MAgPIE 1.7-3.0,PEP,0,5,NA,2.541416772116991,FALSE,FALSE,NA,NA,NA,REMIND-MAgPIE 1.7-3.0 | PEP | 2C,All ambitions,Pooled direction flips when family is excluded
Full,Aggregated R10 regions,1.5C,headcount_pct,Deprived share,population-year-weighted mean % below the DLE threshold,TRUE,REMIND,REMIND 2.1,R2p1,0,2,NA,3.8069123778982075,FALSE,FALSE,NA,NA,NA,REMIND 2.1 | R2p1 | 1.5C,All ambitions,Pooled direction flips when family is excluded
Full,Aggregated R10 regions,2C,headcount_pct,Deprived share,population-year-weighted mean % below the DLE threshold,TRUE,REMIND,REMIND 2.1,R2p1,0,8,NA,3.4375474231308747,FALSE,FALSE,NA,NA,NA,REMIND 2.1 | R2p1 | 2C,All ambitions,Pooled direction flips when family is excluded
Full,Aggregated R10 regions,1.5C,headcount_pct,Deprived share,population-year-weighted mean % below the DLE threshold,TRUE,REMIND,REMIND-MAgPIE 3.2.0-4.8.0,RESCUE,0,3,NA,5.02612927009459,FALSE,FALSE,NA,NA,NA,REMIND-MAgPIE 3.2.0-4.8.0 | RESCUE | 1.5C,All ambitions,Pooled direction flips when family is excluded
Full,Aggregated R10 regions,2C,headcount_pct,Deprived share,population-year-weighted mean % below the DLE threshold,TRUE,REMIND,REMIND-MAgPIE 3.2.0-4.8.0,RESCUE,0,5,NA,4.89004047479526,FALSE,FALSE,NA,NA,NA,REMIND-MAgPIE 3.2.0-4.8.0 | RESCUE | 2C,All ambitions,Pooled direction flips when family is excluded
Full,Aggregated R10 regions,2C,headcount_pct,Deprived share,population-year-weighted mean % below the DLE threshold,TRUE,REMIND,REMIND-MAgPIE 3.2-4.6,SHAPE,0,2,NA,3.6051645275248436,FALSE,FALSE,NA,NA,NA,REMIND-MAgPIE 3.2-4.6 | SHAPE | 2C,All ambitions,Pooled direction flips when family is excluded
Full,Aggregated R10 regions,1.5C,headcount_pct,Deprived share,population-year-weighted mean % below the DLE threshold,TRUE,REMIND,REMIND-MAgPIE 2.1-4.2,SusDev,0,2,NA,5.005568744312942,FALSE,FALSE,NA,NA,NA,REMIND-MAgPIE 2.1-4.2 | SusDev | 1.5C,All ambitions,Pooled direction flips when family is excluded
Full,Aggregated R10 regions,2C,headcount_pct,Deprived share,population-year-weighted mean % below the DLE threshold,TRUE,REMIND,REMIND-MAgPIE 2.1-4.2,SusDev,0,3,NA,3.6876849237479385,FALSE,FALSE,NA,NA,NA,REMIND-MAgPIE 2.1-4.2 | SusDev | 2C,All ambitions,Pooled direction flips when family is excluded
Full,Aggregated R10 regions,2C,headcount_pct,Deprived share,population-year-weighted mean % below the DLE threshold,TRUE,REMIND,REMIND 2.1,TechCost,0,9,NA,4.173713829878857,FALSE,FALSE,NA,NA,NA,REMIND 2.1 | TechCost | 2C,All ambitions,Pooled direction flips when family is excluded
Full,Aggregated R10 regions,2C,headcount_pct,Deprived share,population-year-weighted mean % below the DLE threshold,TRUE,REMIND,REMIND-Transport 2.1,Transport,0,8,NA,4.831089457807806,FALSE,FALSE,NA,NA,NA,REMIND-Transport 2.1 | Transport | 2C,All ambitions,Pooled direction flips when family is excluded
Full,Aggregated R10 regions,2C,total_energy_jobyears_per_1k,Employment,"total energy-sector job-years per 1,000 people",FALSE,AIM,AIM/CGE V2.2,ENGAGE,20,11,462.0937709466265,437.088864357465,TRUE,TRUE,-25.004906589161465,-5.411219142369617,High-CDR,AIM/CGE V2.2 | ENGAGE | 2C,All ambitions,Robust family direction disagrees with pooled
Full,Aggregated R10 regions,1.5C,total_energy_jobyears_per_1k,Employment,"total energy-sector job-years per 1,000 people",FALSE,AIM,AIM/CGE V2.2,ENGAGE,1,3,547.3960570107322,427.7854205293323,TRUE,FALSE,-119.61063648139987,-21.850839981307136,High-CDR,AIM/CGE V2.2 | ENGAGE | 1.5C,All ambitions,Robust family direction disagrees with pooled
Full,Aggregated R10 regions,2C,total_energy_jobyears_per_1k,Employment,"total energy-sector job-years per 1,000 people",FALSE,MESSAGEix,MESSAGEix-GLOBIOM 1.1,ENGAGE,62,20,275.6231653103852,297.48478690153274,TRUE,TRUE,21.861621591147525,7.931706889197313,High-RE,MESSAGEix-GLOBIOM 1.1 | ENGAGE | 2C,All ambitions,Large leave-one-family-out magnitude shift
Full,Aggregated R10 regions,1.5C,total_energy_jobyears_per_1k,Employment,"total energy-sector job-years per 1,000 people",FALSE,MESSAGEix,MESSAGEix-GLOBIOM GEI 1.0,GEI,6,3,389.9821332528713,440.3862565281169,TRUE,TRUE,50.40412327524564,12.924726282925048,High-RE,MESSAGEix-GLOBIOM GEI 1.0 | GEI | 1.5C,All ambitions,Large leave-one-family-out magnitude shift
Full,Aggregated R10 regions,2C,total_energy_jobyears_per_1k,Employment,"total energy-sector job-years per 1,000 people",FALSE,MESSAGEix,MESSAGEix-GLOBIOM GEI 1.0,GEI,6,1,318.07293110918397,397.73833616983933,TRUE,FALSE,79.66540506065536,25.046269980550104,High-RE,MESSAGEix-GLOBIOM GEI 1.0 | GEI | 2C,All ambitions,Large leave-one-family-out magnitude shift
Full,Aggregated R10 regions,2C,total_energy_jobyears_per_1k,Employment,"total energy-sector job-years per 1,000 people",FALSE,MESSAGEix,MESSAGEix-GLOBIOM 1.1,NGFS Phase 2,1,1,267.03188492640766,289.58744420335063,TRUE,FALSE,22.555559276942972,8.446766304016146,High-RE,MESSAGEix-GLOBIOM 1.1 | NGFS Phase 2 | 2C,All ambitions,Large leave-one-family-out magnitude shift
Full,Aggregated R10 regions,1.5C,total_energy_jobyears_per_1k,Employment,"total energy-sector job-years per 1,000 people",FALSE,MESSAGEix,MESSAGEix-GLOBIOM 1.2,COVID,5,0,2.913626479053122,NA,FALSE,FALSE,NA,NA,NA,MESSAGEix-GLOBIOM 1.2 | COVID | 1.5C,All ambitions,Large leave-one-family-out magnitude shift
Full,Aggregated R10 regions,2C,total_energy_jobyears_per_1k,Employment,"total energy-sector job-years per 1,000 people",FALSE,MESSAGEix,MESSAGEix-GLOBIOM 1.2,COVID,5,0,5.132992081870203,NA,FALSE,FALSE,NA,NA,NA,MESSAGEix-GLOBIOM 1.2 | COVID | 2C,All ambitions,Large leave-one-family-out magnitude shift
Full,Aggregated R10 regions,1.5C,total_energy_jobyears_per_1k,Employment,"total energy-sector job-years per 1,000 people",FALSE,MESSAGEix,MESSAGEix-GLOBIOM 1.1,ENGAGE,13,0,295.36125574465535,NA,FALSE,FALSE,NA,NA,NA,MESSAGEix-GLOBIOM 1.1 | ENGAGE | 1.5C,All ambitions,Large leave-one-family-out magnitude shift
Full,Aggregated R10 regions,1.5C,total_energy_jobyears_per_1k,Employment,"total energy-sector job-years per 1,000 people",FALSE,MESSAGEix,MESSAGEix-GLOBIOM 1.1,NGFS Phase 2,1,0,280.35332609246854,NA,FALSE,FALSE,NA,NA,NA,MESSAGEix-GLOBIOM 1.1 | NGFS Phase 2 | 1.5C,All ambitions,Large leave-one-family-out magnitude shift
Full,Aggregated R10 regions,2C,total_energy_jobyears_per_1k,Employment,"total energy-sector job-years per 1,000 people",FALSE,MESSAGEix,MESSAGEix-GLOBIOM 2.0-M-R12-NGFS,NGFS Phase 5,0,2,NA,375.889254410553,FALSE,FALSE,NA,NA,NA,MESSAGEix-GLOBIOM 2.0-M-R12-NGFS | NGFS Phase 5 | 2C,All ambitions,Large leave-one-family-out magnitude shift
Full,Aggregated R10 regions,1.5C,total_energy_jobyears_per_1k,Employment,"total energy-sector job-years per 1,000 people",FALSE,REMIND,REMIND-Buildings 2.0,BEG,0,2,NA,795.1956797199126,FALSE,FALSE,NA,NA,NA,REMIND-Buildings 2.0 | BEG | 1.5C,All ambitions,Large leave-one-family-out magnitude shift
Full,Aggregated R10 regions,1.5C,total_energy_jobyears_per_1k,Employment,"total energy-sector job-years per 1,000 people",FALSE,REMIND,REMIND-MAgPIE 1.7-3.0,CD,0,4,NA,772.3389589594475,FALSE,FALSE,NA,NA,NA,REMIND-MAgPIE 1.7-3.0 | CD | 1.5C,All ambitions,Large leave-one-family-out magnitude shift
Full,Aggregated R10 regions,2C,total_energy_jobyears_per_1k,Employment,"total energy-sector job-years per 1,000 people",FALSE,REMIND,REMIND-MAgPIE 1.7-3.0,CD,0,5,NA,593.4638051107371,FALSE,FALSE,NA,NA,NA,REMIND-MAgPIE 1.7-3.0 | CD | 2C,All ambitions,Large leave-one-family-out magnitude shift
Full,Aggregated R10 regions,1.5C,total_energy_jobyears_per_1k,Employment,"total energy-sector job-years per 1,000 people",FALSE,REMIND,REMIND 2.1,CEMICS,0,4,NA,923.1428348003412,FALSE,FALSE,NA,NA,NA,REMIND 2.1 | CEMICS | 1.5C,All ambitions,Large leave-one-family-out magnitude shift
Full,Aggregated R10 regions,1.5C,total_energy_jobyears_per_1k,Employment,"total energy-sector job-years per 1,000 people",FALSE,REMIND,REMIND-MAgPIE 2.1-4.2,CEMICS,0,3,NA,740.0776022524219,FALSE,FALSE,NA,NA,NA,REMIND-MAgPIE 2.1-4.2 | CEMICS | 1.5C,All ambitions,Large leave-one-family-out magnitude shift
Full,Aggregated R10 regions,2C,total_energy_jobyears_per_1k,Employment,"total energy-sector job-years per 1,000 people",FALSE,REMIND,REMIND 2.1,CEMICS,0,5,NA,698.5234579523178,FALSE,FALSE,NA,NA,NA,REMIND 2.1 | CEMICS | 2C,All ambitions,Large leave-one-family-out magnitude shift
Full,Aggregated R10 regions,2C,total_energy_jobyears_per_1k,Employment,"total energy-sector job-years per 1,000 people",FALSE,REMIND,REMIND-MAgPIE 2.1-4.2,CEMICS,0,3,NA,702.703571388735,FALSE,FALSE,NA,NA,NA,REMIND-MAgPIE 2.1-4.2 | CEMICS | 2C,All ambitions,Large leave-one-family-out magnitude shift
Full,Aggregated R10 regions,1.5C,total_energy_jobyears_per_1k,Employment,"total energy-sector job-years per 1,000 people",FALSE,REMIND,REMIND-MAgPIE 1.7-3.0,COMMIT,0,3,NA,726.6588313199819,FALSE,FALSE,NA,NA,NA,REMIND-MAgPIE 1.7-3.0 | COMMIT | 1.5C,All ambitions,Large leave-one-family-out magnitude shift
Full,Aggregated R10 regions,2C,total_energy_jobyears_per_1k,Employment,"total energy-sector job-years per 1,000 people",FALSE,REMIND,REMIND-MAgPIE 1.7-3.0,COMMIT,0,4,NA,559.4191898893598,FALSE,FALSE,NA,NA,NA,REMIND-MAgPIE 1.7-3.0 | COMMIT | 2C,All ambitions,Large leave-one-family-out magnitude shift
Full,Aggregated R10 regions,1.5C,total_energy_jobyears_per_1k,Employment,"total energy-sector job-years per 1,000 people",FALSE,REMIND,REMIND-MAgPIE 2.1-4.3,DeepElectrification,0,1,NA,794.9548484829987,FALSE,FALSE,NA,NA,NA,REMIND-MAgPIE 2.1-4.3 | DeepElectrification | 1.5C,All ambitions,Large leave-one-family-out magnitude shift
Full,Aggregated R10 regions,2C,total_energy_jobyears_per_1k,Employment,"total energy-sector job-years per 1,000 people",FALSE,REMIND,REMIND-MAgPIE 2.1-4.3,DeepElectrification,0,3,NA,724.9705318583683,FALSE,FALSE,NA,NA,NA,REMIND-MAgPIE 2.1-4.3 | DeepElectrification | 2C,All ambitions,Large leave-one-family-out magnitude shift
Full,Aggregated R10 regions,2C,total_energy_jobyears_per_1k,Employment,"total energy-sector job-years per 1,000 people",FALSE,REMIND,REMIND-MAgPIE 2.0-4.1,Diff,0,0,NA,NA,FALSE,FALSE,NA,NA,NA,REMIND-MAgPIE 2.0-4.1 | Diff | 2C,All ambitions,Large leave-one-family-out magnitude shift
Full,Aggregated R10 regions,1.5C,total_energy_jobyears_per_1k,Employment,"total energy-sector job-years per 1,000 people",FALSE,REMIND,REMIND 3.0,ENGAGE,0,2,NA,523.1021012943252,FALSE,FALSE,NA,NA,NA,REMIND 3.0 | ENGAGE | 1.5C,All ambitions,Large leave-one-family-out magnitude shift
Full,Aggregated R10 regions,1.5C,total_energy_jobyears_per_1k,Employment,"total energy-sector job-years per 1,000 people",FALSE,REMIND,REMIND-MAgPIE 2.1-4.2,ENGAGE,0,19,NA,826.1326524680669,FALSE,FALSE,NA,NA,NA,REMIND-MAgPIE 2.1-4.2 | ENGAGE | 1.5C,All ambitions,Large leave-one-family-out magnitude shift
Full,Aggregated R10 regions,2C,total_energy_jobyears_per_1k,Employment,"total energy-sector job-years per 1,000 people",FALSE,REMIND,REMIND 3.0,ENGAGE,0,14,NA,516.6478032035893,FALSE,FALSE,NA,NA,NA,REMIND 3.0 | ENGAGE | 2C,All ambitions,Large leave-one-family-out magnitude shift
Full,Aggregated R10 regions,2C,total_energy_jobyears_per_1k,Employment,"total energy-sector job-years per 1,000 people",FALSE,REMIND,REMIND-MAgPIE 2.1-4.2,ENGAGE,0,59,NA,631.0178753212716,FALSE,FALSE,NA,NA,NA,REMIND-MAgPIE 2.1-4.2 | ENGAGE | 2C,All ambitions,Large leave-one-family-out magnitude shift
Full,Aggregated R10 regions,2C,total_energy_jobyears_per_1k,Employment,"total energy-sector job-years per 1,000 people",FALSE,REMIND,REMIND 2.1,LeastTotalCost,0,11,NA,609.8076946591709,FALSE,FALSE,NA,NA,NA,REMIND 2.1 | LeastTotalCost | 2C,All ambitions,Large leave-one-family-out magnitude shift
Full,Aggregated R10 regions,1.5C,total_energy_jobyears_per_1k,Employment,"total energy-sector job-years per 1,000 people",FALSE,REMIND,REMIND 3.0,NAVIGATE,1,0,369.0978178339944,NA,FALSE,FALSE,NA,NA,NA,REMIND 3.0 | NAVIGATE | 1.5C,All ambitions,Large leave-one-family-out magnitude shift
Full,Aggregated R10 regions,2C,total_energy_jobyears_per_1k,Employment,"total energy-sector job-years per 1,000 people",FALSE,REMIND,REMIND 3.0,NAVIGATE,0,7,NA,433.0884448586681,FALSE,FALSE,NA,NA,NA,REMIND 3.0 | NAVIGATE | 2C,All ambitions,Large leave-one-family-out magnitude shift
Full,Aggregated R10 regions,2C,total_energy_jobyears_per_1k,Employment,"total energy-sector job-years per 1,000 people",FALSE,REMIND,REMIND-MAgPIE 2.1-4.2,NGFS Phase 2,0,5,NA,373.79811327541336,FALSE,FALSE,NA,NA,NA,REMIND-MAgPIE 2.1-4.2 | NGFS Phase 2 | 2C,All ambitions,Large leave-one-family-out magnitude shift
Full,Aggregated R10 regions,1.5C,total_energy_jobyears_per_1k,Employment,"total energy-sector job-years per 1,000 people",FALSE,REMIND,REMIND-MAgPIE 3.3-4.8,NGFS Phase 5,0,1,NA,557.7723386894081,FALSE,FALSE,NA,NA,NA,REMIND-MAgPIE 3.3-4.8 | NGFS Phase 5 | 1.5C,All ambitions,Large leave-one-family-out magnitude shift
Full,Aggregated R10 regions,2C,total_energy_jobyears_per_1k,Employment,"total energy-sector job-years per 1,000 people",FALSE,REMIND,REMIND-MAgPIE 3.3-4.8,NGFS Phase 5,0,5,NA,485.136064910009,FALSE,FALSE,NA,NA,NA,REMIND-MAgPIE 3.3-4.8 | NGFS Phase 5 | 2C,All ambitions,Large leave-one-family-out magnitude shift
Full,Aggregated R10 regions,1.5C,total_energy_jobyears_per_1k,Employment,"total energy-sector job-years per 1,000 people",FALSE,REMIND,REMIND-MAgPIE 1.7-3.0,PEP,0,13,NA,803.5691107558773,FALSE,FALSE,NA,NA,NA,REMIND-MAgPIE 1.7-3.0 | PEP | 1.5C,All ambitions,Large leave-one-family-out magnitude shift
Full,Aggregated R10 regions,2C,total_energy_jobyears_per_1k,Employment,"total energy-sector job-years per 1,000 people",FALSE,REMIND,REMIND-MAgPIE 1.7-3.0,PEP,0,5,NA,569.182941876135,FALSE,FALSE,NA,NA,NA,REMIND-MAgPIE 1.7-3.0 | PEP | 2C,All ambitions,Large leave-one-family-out magnitude shift
Full,Aggregated R10 regions,1.5C,total_energy_jobyears_per_1k,Employment,"total energy-sector job-years per 1,000 people",FALSE,REMIND,REMIND 2.1,R2p1,0,2,NA,757.322860540341,FALSE,FALSE,NA,NA,NA,REMIND 2.1 | R2p1 | 1.5C,All ambitions,Large leave-one-family-out magnitude shift
Full,Aggregated R10 regions,2C,total_energy_jobyears_per_1k,Employment,"total energy-sector job-years per 1,000 people",FALSE,REMIND,REMIND 2.1,R2p1,0,8,NA,576.2169820002222,FALSE,FALSE,NA,NA,NA,REMIND 2.1 | R2p1 | 2C,All ambitions,Large leave-one-family-out magnitude shift
Full,Aggregated R10 regions,1.5C,total_energy_jobyears_per_1k,Employment,"total energy-sector job-years per 1,000 people",FALSE,REMIND,REMIND-MAgPIE 3.2.0-4.8.0,RESCUE,0,3,NA,712.2752291017148,FALSE,FALSE,NA,NA,NA,REMIND-MAgPIE 3.2.0-4.8.0 | RESCUE | 1.5C,All ambitions,Large leave-one-family-out magnitude shift
Full,Aggregated R10 regions,2C,total_energy_jobyears_per_1k,Employment,"total energy-sector job-years per 1,000 people",FALSE,REMIND,REMIND-MAgPIE 3.2.0-4.8.0,RESCUE,0,5,NA,719.5545572799476,FALSE,FALSE,NA,NA,NA,REMIND-MAgPIE 3.2.0-4.8.0 | RESCUE | 2C,All ambitions,Large leave-one-family-out magnitude shift
Full,Aggregated R10 regions,2C,total_energy_jobyears_per_1k,Employment,"total energy-sector job-years per 1,000 people",FALSE,REMIND,REMIND-MAgPIE 3.2-4.6,SHAPE,0,2,NA,580.0291114524703,FALSE,FALSE,NA,NA,NA,REMIND-MAgPIE 3.2-4.6 | SHAPE | 2C,All ambitions,Large leave-one-family-out magnitude shift
Full,Aggregated R10 regions,1.5C,total_energy_jobyears_per_1k,Employment,"total energy-sector job-years per 1,000 people",FALSE,REMIND,REMIND-MAgPIE 2.1-4.2,SusDev,0,2,NA,610.6272212421248,FALSE,FALSE,NA,NA,NA,REMIND-MAgPIE 2.1-4.2 | SusDev | 1.5C,All ambitions,Large leave-one-family-out magnitude shift
Full,Aggregated R10 regions,2C,total_energy_jobyears_per_1k,Employment,"total energy-sector job-years per 1,000 people",FALSE,REMIND,REMIND-MAgPIE 2.1-4.2,SusDev,0,3,NA,488.57114901925263,FALSE,FALSE,NA,NA,NA,REMIND-MAgPIE 2.1-4.2 | SusDev | 2C,All ambitions,Large leave-one-family-out magnitude shift
Full,Aggregated R10 regions,2C,total_energy_jobyears_per_1k,Employment,"total energy-sector job-years per 1,000 people",FALSE,REMIND,REMIND 2.1,TechCost,0,9,NA,772.9290415025217,FALSE,FALSE,NA,NA,NA,REMIND 2.1 | TechCost | 2C,All ambitions,Large leave-one-family-out magnitude shift
Full,Aggregated R10 regions,2C,total_energy_jobyears_per_1k,Employment,"total energy-sector job-years per 1,000 people",FALSE,REMIND,REMIND-Transport 2.1,Transport,0,8,NA,763.1248427537498,FALSE,FALSE,NA,NA,NA,REMIND-Transport 2.1 | Transport | 2C,All ambitions,Large leave-one-family-out magnitude shift
Full,Aggregated R10 regions,2C,total_energy_jobyears_per_1k,Employment,"total energy-sector job-years per 1,000 people",FALSE,WITCH,WITCH 5.0,COMMIT,2,1,383.2268810053613,728.1154780174771,TRUE,FALSE,344.88859701211584,89.99593037610818,High-RE,WITCH 5.0 | COMMIT | 2C,All ambitions,Robust family direction disagrees with pooled
Full,Aggregated R10 regions,1.5C,total_energy_jobyears_per_1k,Employment,"total energy-sector job-years per 1,000 people",FALSE,WITCH,WITCH 5.0,ENGAGE,6,0,443.8990093973391,NA,FALSE,FALSE,NA,NA,NA,WITCH 5.0 | ENGAGE | 1.5C,All ambitions,Robust family direction disagrees with pooled
Full,Aggregated R10 regions,2C,total_energy_jobyears_per_1k,Employment,"total energy-sector job-years per 1,000 people",FALSE,WITCH,WITCH 5.0,ENGAGE,0,11,NA,315.6949242584331,FALSE,FALSE,NA,NA,NA,WITCH 5.0 | ENGAGE | 2C,All ambitions,Robust family direction disagrees with pooled
Full,Aggregated R10 regions,2C,total_energy_jobyears_per_1k,Employment,"total energy-sector job-years per 1,000 people",FALSE,WITCH,WITCH 5.0,NAVIGATE,0,4,NA,504.36908522847,FALSE,FALSE,NA,NA,NA,WITCH 5.0 | NAVIGATE | 2C,All ambitions,Robust family direction disagrees with pooled
Full,Aggregated R10 regions,1.5C,mortality_million_deaths,PM2.5 mortality,million cumulative PM2.5-attributable deaths,TRUE,REMIND,REMIND-Buildings 2.0,BEG,0,2,NA,417.03394000000003,FALSE,FALSE,NA,NA,NA,REMIND-Buildings 2.0 | BEG | 1.5C,All ambitions,Pooled direction flips when family is excluded
Full,Aggregated R10 regions,1.5C,mortality_million_deaths,PM2.5 mortality,million cumulative PM2.5-attributable deaths,TRUE,REMIND,REMIND-MAgPIE 1.7-3.0,CD,0,4,NA,441.78067,FALSE,FALSE,NA,NA,NA,REMIND-MAgPIE 1.7-3.0 | CD | 1.5C,All ambitions,Pooled direction flips when family is excluded
Full,Aggregated R10 regions,2C,mortality_million_deaths,PM2.5 mortality,million cumulative PM2.5-attributable deaths,TRUE,REMIND,REMIND-MAgPIE 1.7-3.0,CD,0,5,NA,478.85721,FALSE,FALSE,NA,NA,NA,REMIND-MAgPIE 1.7-3.0 | CD | 2C,All ambitions,Pooled direction flips when family is excluded
Full,Aggregated R10 regions,2C,mortality_million_deaths,PM2.5 mortality,million cumulative PM2.5-attributable deaths,TRUE,REMIND,REMIND 2.1,CEMICS,0,1,NA,512.947945,FALSE,FALSE,NA,NA,NA,REMIND 2.1 | CEMICS | 2C,All ambitions,Pooled direction flips when family is excluded
Full,Aggregated R10 regions,2C,mortality_million_deaths,PM2.5 mortality,million cumulative PM2.5-attributable deaths,TRUE,REMIND,REMIND-MAgPIE 2.1-4.2,CEMICS,0,1,NA,512.93604,FALSE,FALSE,NA,NA,NA,REMIND-MAgPIE 2.1-4.2 | CEMICS | 2C,All ambitions,Pooled direction flips when family is excluded
Full,Aggregated R10 regions,1.5C,mortality_million_deaths,PM2.5 mortality,million cumulative PM2.5-attributable deaths,TRUE,REMIND,REMIND-MAgPIE 1.7-3.0,COMMIT,0,3,NA,440.058145,FALSE,FALSE,NA,NA,NA,REMIND-MAgPIE 1.7-3.0 | COMMIT | 1.5C,All ambitions,Pooled direction flips when family is excluded
Full,Aggregated R10 regions,2C,mortality_million_deaths,PM2.5 mortality,million cumulative PM2.5-attributable deaths,TRUE,REMIND,REMIND-MAgPIE 1.7-3.0,COMMIT,0,4,NA,477.70552,FALSE,FALSE,NA,NA,NA,REMIND-MAgPIE 1.7-3.0 | COMMIT | 2C,All ambitions,Pooled direction flips when family is excluded
Full,Aggregated R10 regions,1.5C,mortality_million_deaths,PM2.5 mortality,million cumulative PM2.5-attributable deaths,TRUE,REMIND,REMIND-MAgPIE 2.1-4.3,DeepElectrification,0,1,NA,400.847605,FALSE,FALSE,NA,NA,NA,REMIND-MAgPIE 2.1-4.3 | DeepElectrification | 1.5C,All ambitions,Pooled direction flips when family is excluded
Full,Aggregated R10 regions,2C,mortality_million_deaths,PM2.5 mortality,million cumulative PM2.5-attributable deaths,TRUE,REMIND,REMIND-MAgPIE 2.1-4.3,DeepElectrification,0,3,NA,410.815545,FALSE,FALSE,NA,NA,NA,REMIND-MAgPIE 2.1-4.3 | DeepElectrification | 2C,All ambitions,Pooled direction flips when family is excluded
Full,Aggregated R10 regions,1.5C,mortality_million_deaths,PM2.5 mortality,million cumulative PM2.5-attributable deaths,TRUE,REMIND,REMIND-MAgPIE 2.1-4.2,ENGAGE,0,19,NA,416.117865,FALSE,FALSE,NA,NA,NA,REMIND-MAgPIE 2.1-4.2 | ENGAGE | 1.5C,All ambitions,Pooled direction flips when family is excluded
Full,Aggregated R10 regions,2C,mortality_million_deaths,PM2.5 mortality,million cumulative PM2.5-attributable deaths,TRUE,REMIND,REMIND-MAgPIE 2.1-4.2,ENGAGE,0,59,NA,433.246875,FALSE,FALSE,NA,NA,NA,REMIND-MAgPIE 2.1-4.2 | ENGAGE | 2C,All ambitions,Pooled direction flips when family is excluded
Full,Aggregated R10 regions,2C,mortality_million_deaths,PM2.5 mortality,million cumulative PM2.5-attributable deaths,TRUE,REMIND,REMIND 2.1,LeastTotalCost,0,11,NA,425.981875,FALSE,FALSE,NA,NA,NA,REMIND 2.1 | LeastTotalCost | 2C,All ambitions,Pooled direction flips when family is excluded
Full,Aggregated R10 regions,2C,mortality_million_deaths,PM2.5 mortality,million cumulative PM2.5-attributable deaths,TRUE,REMIND,REMIND 3.0,NAVIGATE,0,3,NA,410.09969,FALSE,FALSE,NA,NA,NA,REMIND 3.0 | NAVIGATE | 2C,All ambitions,Pooled direction flips when family is excluded
Full,Aggregated R10 regions,2C,mortality_million_deaths,PM2.5 mortality,million cumulative PM2.5-attributable deaths,TRUE,REMIND,REMIND-MAgPIE 2.1-4.2,NGFS Phase 2,0,2,NA,428.7699675,FALSE,FALSE,NA,NA,NA,REMIND-MAgPIE 2.1-4.2 | NGFS Phase 2 | 2C,All ambitions,Pooled direction flips when family is excluded
Full,Aggregated R10 regions,1.5C,mortality_million_deaths,PM2.5 mortality,million cumulative PM2.5-attributable deaths,TRUE,REMIND,REMIND-MAgPIE 3.3-4.8,NGFS Phase 5,0,1,NA,412.991225,FALSE,FALSE,NA,NA,NA,REMIND-MAgPIE 3.3-4.8 | NGFS Phase 5 | 1.5C,All ambitions,Pooled direction flips when family is excluded
Full,Aggregated R10 regions,2C,mortality_million_deaths,PM2.5 mortality,million cumulative PM2.5-attributable deaths,TRUE,REMIND,REMIND-MAgPIE 3.3-4.8,NGFS Phase 5,0,5,NA,439.21914,FALSE,FALSE,NA,NA,NA,REMIND-MAgPIE 3.3-4.8 | NGFS Phase 5 | 2C,All ambitions,Pooled direction flips when family is excluded
Full,Aggregated R10 regions,1.5C,mortality_million_deaths,PM2.5 mortality,million cumulative PM2.5-attributable deaths,TRUE,REMIND,REMIND-MAgPIE 1.7-3.0,PEP,0,13,NA,430.661875,FALSE,FALSE,NA,NA,NA,REMIND-MAgPIE 1.7-3.0 | PEP | 1.5C,All ambitions,Pooled direction flips when family is excluded
Full,Aggregated R10 regions,2C,mortality_million_deaths,PM2.5 mortality,million cumulative PM2.5-attributable deaths,TRUE,REMIND,REMIND-MAgPIE 1.7-3.0,PEP,0,5,NA,474.68875,FALSE,FALSE,NA,NA,NA,REMIND-MAgPIE 1.7-3.0 | PEP | 2C,All ambitions,Pooled direction flips when family is excluded
Full,Aggregated R10 regions,1.5C,mortality_million_deaths,PM2.5 mortality,million cumulative PM2.5-attributable deaths,TRUE,REMIND,REMIND 2.1,R2p1,0,2,NA,410.176655,FALSE,FALSE,NA,NA,NA,REMIND 2.1 | R2p1 | 1.5C,All ambitions,Pooled direction flips when family is excluded
Full,Aggregated R10 regions,2C,mortality_million_deaths,PM2.5 mortality,million cumulative PM2.5-attributable deaths,TRUE,REMIND,REMIND 2.1,R2p1,0,8,NA,435.9601475,FALSE,FALSE,NA,NA,NA,REMIND 2.1 | R2p1 | 2C,All ambitions,Pooled direction flips when family is excluded
Full,Aggregated R10 regions,1.5C,mortality_million_deaths,PM2.5 mortality,million cumulative PM2.5-attributable deaths,TRUE,REMIND,REMIND-MAgPIE 3.2.0-4.8.0,RESCUE,0,3,NA,410.709315,FALSE,FALSE,NA,NA,NA,REMIND-MAgPIE 3.2.0-4.8.0 | RESCUE | 1.5C,All ambitions,Pooled direction flips when family is excluded
Full,Aggregated R10 regions,2C,mortality_million_deaths,PM2.5 mortality,million cumulative PM2.5-attributable deaths,TRUE,REMIND,REMIND-MAgPIE 3.2.0-4.8.0,RESCUE,0,5,NA,409.293365,FALSE,FALSE,NA,NA,NA,REMIND-MAgPIE 3.2.0-4.8.0 | RESCUE | 2C,All ambitions,Pooled direction flips when family is excluded
Full,Aggregated R10 regions,2C,mortality_million_deaths,PM2.5 mortality,million cumulative PM2.5-attributable deaths,TRUE,REMIND,REMIND-MAgPIE 3.2-4.6,SHAPE,0,2,NA,417.9216925,FALSE,FALSE,NA,NA,NA,REMIND-MAgPIE 3.2-4.6 | SHAPE | 2C,All ambitions,Pooled direction flips when family is excluded
Full,Aggregated R10 regions,1.5C,mortality_million_deaths,PM2.5 mortality,million cumulative PM2.5-attributable deaths,TRUE,REMIND,REMIND-MAgPIE 2.1-4.2,SusDev,0,2,NA,405.18654749999996,FALSE,FALSE,NA,NA,NA,REMIND-MAgPIE 2.1-4.2 | SusDev | 1.5C,All ambitions,Pooled direction flips when family is excluded
Full,Aggregated R10 regions,2C,mortality_million_deaths,PM2.5 mortality,million cumulative PM2.5-attributable deaths,TRUE,REMIND,REMIND-MAgPIE 2.1-4.2,SusDev,0,3,NA,444.001515,FALSE,FALSE,NA,NA,NA,REMIND-MAgPIE 2.1-4.2 | SusDev | 2C,All ambitions,Pooled direction flips when family is excluded
Full,Aggregated R10 regions,2C,mortality_million_deaths,PM2.5 mortality,million cumulative PM2.5-attributable deaths,TRUE,REMIND,REMIND 2.1,TechCost,0,9,NA,422.765695,FALSE,FALSE,NA,NA,NA,REMIND 2.1 | TechCost | 2C,All ambitions,Pooled direction flips when family is excluded
Full,Aggregated R10 regions,2C,mortality_million_deaths,PM2.5 mortality,million cumulative PM2.5-attributable deaths,TRUE,REMIND,REMIND-Transport 2.1,Transport,0,8,NA,412.7112475,FALSE,FALSE,NA,NA,NA,REMIND-Transport 2.1 | Transport | 2C,All ambitions,Pooled direction flips when family is excluded
Full,Aggregated R10 regions,2C,mortality_million_deaths,PM2.5 mortality,million cumulative PM2.5-attributable deaths,TRUE,WITCH,WITCH 5.0,COMMIT,2,1,426.51840749999997,427.702645,TRUE,FALSE,-1.1842375000000516,-0.27765214330170535,High-CDR,WITCH 5.0 | COMMIT | 2C,All ambitions,Robust family direction disagrees with pooled
Full,Aggregated R10 regions,1.5C,mortality_million_deaths,PM2.5 mortality,million cumulative PM2.5-attributable deaths,TRUE,WITCH,WITCH 5.0,ENGAGE,6,0,421.55897000000004,NA,FALSE,FALSE,NA,NA,NA,WITCH 5.0 | ENGAGE | 1.5C,All ambitions,Robust family direction disagrees with pooled
Full,Aggregated R10 regions,2C,mortality_million_deaths,PM2.5 mortality,million cumulative PM2.5-attributable deaths,TRUE,WITCH,WITCH 5.0,ENGAGE,0,2,NA,443.1141275,FALSE,FALSE,NA,NA,NA,WITCH 5.0 | ENGAGE | 2C,All ambitions,Robust family direction disagrees with pooled
Full,Aggregated R10 regions,2C,mortality_million_deaths,PM2.5 mortality,million cumulative PM2.5-attributable deaths,TRUE,WITCH,WITCH 5.0,NAVIGATE,0,4,NA,423.2416425,FALSE,FALSE,NA,NA,NA,WITCH 5.0 | NAVIGATE | 2C,All ambitions,Robust family direction disagrees with pooled
Full,Aggregated R10 regions,1.5C,gap_GJ_pc,DLE gap,GJ per capita of cumulative DLE gap,TRUE,REMIND,REMIND-Buildings 2.0,BEG,0,2,NA,27.625752339737687,FALSE,FALSE,NA,NA,NA,REMIND-Buildings 2.0 | BEG | 1.5C,1.5C,Pooled direction flips when family is excluded
Full,Aggregated R10 regions,1.5C,gap_GJ_pc,DLE gap,GJ per capita of cumulative DLE gap,TRUE,REMIND,REMIND-MAgPIE 1.7-3.0,CD,0,4,NA,13.481856685200082,FALSE,FALSE,NA,NA,NA,REMIND-MAgPIE 1.7-3.0 | CD | 1.5C,1.5C,Pooled direction flips when family is excluded
Full,Aggregated R10 regions,1.5C,gap_GJ_pc,DLE gap,GJ per capita of cumulative DLE gap,TRUE,REMIND,REMIND 2.1,CEMICS,0,4,NA,18.780757206287433,FALSE,FALSE,NA,NA,NA,REMIND 2.1 | CEMICS | 1.5C,1.5C,Pooled direction flips when family is excluded
Full,Aggregated R10 regions,1.5C,gap_GJ_pc,DLE gap,GJ per capita of cumulative DLE gap,TRUE,REMIND,REMIND-MAgPIE 2.1-4.2,CEMICS,0,3,NA,20.837595007738063,FALSE,FALSE,NA,NA,NA,REMIND-MAgPIE 2.1-4.2 | CEMICS | 1.5C,1.5C,Pooled direction flips when family is excluded
Full,Aggregated R10 regions,1.5C,gap_GJ_pc,DLE gap,GJ per capita of cumulative DLE gap,TRUE,REMIND,REMIND-MAgPIE 1.7-3.0,COMMIT,0,3,NA,12.719105028595338,FALSE,FALSE,NA,NA,NA,REMIND-MAgPIE 1.7-3.0 | COMMIT | 1.5C,1.5C,Pooled direction flips when family is excluded
Full,Aggregated R10 regions,1.5C,gap_GJ_pc,DLE gap,GJ per capita of cumulative DLE gap,TRUE,REMIND,REMIND-MAgPIE 2.1-4.3,DeepElectrification,0,1,NA,22.583906728298658,FALSE,FALSE,NA,NA,NA,REMIND-MAgPIE 2.1-4.3 | DeepElectrification | 1.5C,1.5C,Pooled direction flips when family is excluded
Full,Aggregated R10 regions,1.5C,gap_GJ_pc,DLE gap,GJ per capita of cumulative DLE gap,TRUE,REMIND,REMIND 3.0,ENGAGE,0,2,NA,30.379059260965736,FALSE,FALSE,NA,NA,NA,REMIND 3.0 | ENGAGE | 1.5C,1.5C,Pooled direction flips when family is excluded
Full,Aggregated R10 regions,1.5C,gap_GJ_pc,DLE gap,GJ per capita of cumulative DLE gap,TRUE,REMIND,REMIND-MAgPIE 2.1-4.2,ENGAGE,0,19,NA,18.10847593275085,FALSE,FALSE,NA,NA,NA,REMIND-MAgPIE 2.1-4.2 | ENGAGE | 1.5C,1.5C,Pooled direction flips when family is excluded
Full,Aggregated R10 regions,1.5C,gap_GJ_pc,DLE gap,GJ per capita of cumulative DLE gap,TRUE,REMIND,REMIND 3.0,NAVIGATE,1,0,35.31549832227375,NA,FALSE,FALSE,NA,NA,NA,REMIND 3.0 | NAVIGATE | 1.5C,1.5C,Pooled direction flips when family is excluded
Full,Aggregated R10 regions,1.5C,gap_GJ_pc,DLE gap,GJ per capita of cumulative DLE gap,TRUE,REMIND,REMIND-MAgPIE 3.3-4.8,NGFS Phase 5,0,1,NA,27.74007785374581,FALSE,FALSE,NA,NA,NA,REMIND-MAgPIE 3.3-4.8 | NGFS Phase 5 | 1.5C,1.5C,Pooled direction flips when family is excluded
Full,Aggregated R10 regions,1.5C,gap_GJ_pc,DLE gap,GJ per capita of cumulative DLE gap,TRUE,REMIND,REMIND-MAgPIE 1.7-3.0,PEP,0,13,NA,13.6950749435597,FALSE,FALSE,NA,NA,NA,REMIND-MAgPIE 1.7-3.0 | PEP | 1.5C,1.5C,Pooled direction flips when family is excluded
Full,Aggregated R10 regions,1.5C,gap_GJ_pc,DLE gap,GJ per capita of cumulative DLE gap,TRUE,REMIND,REMIND 2.1,R2p1,0,2,NA,14.873947814821392,FALSE,FALSE,NA,NA,NA,REMIND 2.1 | R2p1 | 1.5C,1.5C,Pooled direction flips when family is excluded
Full,Aggregated R10 regions,1.5C,gap_GJ_pc,DLE gap,GJ per capita of cumulative DLE gap,TRUE,REMIND,REMIND-MAgPIE 3.2.0-4.8.0,RESCUE,0,3,NA,19.41182776918485,FALSE,FALSE,NA,NA,NA,REMIND-MAgPIE 3.2.0-4.8.0 | RESCUE | 1.5C,1.5C,Pooled direction flips when family is excluded
Full,Aggregated R10 regions,1.5C,gap_GJ_pc,DLE gap,GJ per capita of cumulative DLE gap,TRUE,REMIND,REMIND-MAgPIE 2.1-4.2,SusDev,0,2,NA,18.184442234500562,FALSE,FALSE,NA,NA,NA,REMIND-MAgPIE 2.1-4.2 | SusDev | 1.5C,1.5C,Pooled direction flips when family is excluded
Full,Aggregated R10 regions,1.5C,headcount_pct,Deprived share,population-year-weighted mean % below the DLE threshold,TRUE,REMIND,REMIND-Buildings 2.0,BEG,0,2,NA,6.149378913384817,FALSE,FALSE,NA,NA,NA,REMIND-Buildings 2.0 | BEG | 1.5C,1.5C,Pooled direction flips when family is excluded
Full,Aggregated R10 regions,1.5C,headcount_pct,Deprived share,population-year-weighted mean % below the DLE threshold,TRUE,REMIND,REMIND-MAgPIE 1.7-3.0,CD,0,4,NA,3.553287359949456,FALSE,FALSE,NA,NA,NA,REMIND-MAgPIE 1.7-3.0 | CD | 1.5C,1.5C,Pooled direction flips when family is excluded
Full,Aggregated R10 regions,1.5C,headcount_pct,Deprived share,population-year-weighted mean % below the DLE threshold,TRUE,REMIND,REMIND 2.1,CEMICS,0,4,NA,4.872380461097679,FALSE,FALSE,NA,NA,NA,REMIND 2.1 | CEMICS | 1.5C,1.5C,Pooled direction flips when family is excluded
Full,Aggregated R10 regions,1.5C,headcount_pct,Deprived share,population-year-weighted mean % below the DLE threshold,TRUE,REMIND,REMIND-MAgPIE 2.1-4.2,CEMICS,0,3,NA,5.558393240252902,FALSE,FALSE,NA,NA,NA,REMIND-MAgPIE 2.1-4.2 | CEMICS | 1.5C,1.5C,Pooled direction flips when family is excluded
Full,Aggregated R10 regions,1.5C,headcount_pct,Deprived share,population-year-weighted mean % below the DLE threshold,TRUE,REMIND,REMIND-MAgPIE 1.7-3.0,COMMIT,0,3,NA,3.38653972816759,FALSE,FALSE,NA,NA,NA,REMIND-MAgPIE 1.7-3.0 | COMMIT | 1.5C,1.5C,Pooled direction flips when family is excluded
Full,Aggregated R10 regions,1.5C,headcount_pct,Deprived share,population-year-weighted mean % below the DLE threshold,TRUE,REMIND,REMIND-MAgPIE 2.1-4.3,DeepElectrification,0,1,NA,6.456037677173781,FALSE,FALSE,NA,NA,NA,REMIND-MAgPIE 2.1-4.3 | DeepElectrification | 1.5C,1.5C,Pooled direction flips when family is excluded
Full,Aggregated R10 regions,1.5C,headcount_pct,Deprived share,population-year-weighted mean % below the DLE threshold,TRUE,REMIND,REMIND 3.0,ENGAGE,0,2,NA,7.564119489996754,FALSE,FALSE,NA,NA,NA,REMIND 3.0 | ENGAGE | 1.5C,1.5C,Pooled direction flips when family is excluded
Full,Aggregated R10 regions,1.5C,headcount_pct,Deprived share,population-year-weighted mean % below the DLE threshold,TRUE,REMIND,REMIND-MAgPIE 2.1-4.2,ENGAGE,0,19,NA,4.6127644092113185,FALSE,FALSE,NA,NA,NA,REMIND-MAgPIE 2.1-4.2 | ENGAGE | 1.5C,1.5C,Pooled direction flips when family is excluded
Full,Aggregated R10 regions,1.5C,headcount_pct,Deprived share,population-year-weighted mean % below the DLE threshold,TRUE,REMIND,REMIND 3.0,NAVIGATE,1,0,9.779781873561776,NA,FALSE,FALSE,NA,NA,NA,REMIND 3.0 | NAVIGATE | 1.5C,1.5C,Pooled direction flips when family is excluded
Full,Aggregated R10 regions,1.5C,headcount_pct,Deprived share,population-year-weighted mean % below the DLE threshold,TRUE,REMIND,REMIND-MAgPIE 3.3-4.8,NGFS Phase 5,0,1,NA,7.238107545580679,FALSE,FALSE,NA,NA,NA,REMIND-MAgPIE 3.3-4.8 | NGFS Phase 5 | 1.5C,1.5C,Pooled direction flips when family is excluded
Full,Aggregated R10 regions,1.5C,headcount_pct,Deprived share,population-year-weighted mean % below the DLE threshold,TRUE,REMIND,REMIND-MAgPIE 1.7-3.0,PEP,0,13,NA,3.723072466426664,FALSE,FALSE,NA,NA,NA,REMIND-MAgPIE 1.7-3.0 | PEP | 1.5C,1.5C,Pooled direction flips when family is excluded
Full,Aggregated R10 regions,1.5C,headcount_pct,Deprived share,population-year-weighted mean % below the DLE threshold,TRUE,REMIND,REMIND 2.1,R2p1,0,2,NA,3.8069123778982075,FALSE,FALSE,NA,NA,NA,REMIND 2.1 | R2p1 | 1.5C,1.5C,Pooled direction flips when family is excluded
Full,Aggregated R10 regions,1.5C,headcount_pct,Deprived share,population-year-weighted mean % below the DLE threshold,TRUE,REMIND,REMIND-MAgPIE 3.2.0-4.8.0,RESCUE,0,3,NA,5.02612927009459,FALSE,FALSE,NA,NA,NA,REMIND-MAgPIE 3.2.0-4.8.0 | RESCUE | 1.5C,1.5C,Pooled direction flips when family is excluded
Full,Aggregated R10 regions,1.5C,headcount_pct,Deprived share,population-year-weighted mean % below the DLE threshold,TRUE,REMIND,REMIND-MAgPIE 2.1-4.2,SusDev,0,2,NA,5.005568744312942,FALSE,FALSE,NA,NA,NA,REMIND-MAgPIE 2.1-4.2 | SusDev | 1.5C,1.5C,Pooled direction flips when family is excluded
Full,Aggregated R10 regions,1.5C,total_energy_jobyears_per_1k,Employment,"total energy-sector job-years per 1,000 people",FALSE,IMAGE,IMAGE 3.3,SHAPE,9,0,342.4417888475211,NA,FALSE,FALSE,NA,NA,NA,IMAGE 3.3 | SHAPE | 1.5C,1.5C,Large leave-one-family-out magnitude shift
Full,Aggregated R10 regions,1.5C,total_energy_jobyears_per_1k,Employment,"total energy-sector job-years per 1,000 people",FALSE,IMAGE,IMAGE 3.2,SSP2021,12,0,459.3214241153022,NA,FALSE,FALSE,NA,NA,NA,IMAGE 3.2 | SSP2021 | 1.5C,1.5C,Large leave-one-family-out magnitude shift
Full,Aggregated R10 regions,1.5C,total_energy_jobyears_per_1k,Employment,"total energy-sector job-years per 1,000 people",FALSE,MESSAGEix,MESSAGEix-GLOBIOM GEI 1.0,GEI,6,3,389.9821332528713,440.3862565281169,TRUE,TRUE,50.40412327524564,12.924726282925048,High-RE,MESSAGEix-GLOBIOM GEI 1.0 | GEI | 1.5C,1.5C,Large leave-one-family-out magnitude shift
Full,Aggregated R10 regions,1.5C,total_energy_jobyears_per_1k,Employment,"total energy-sector job-years per 1,000 people",FALSE,MESSAGEix,MESSAGEix-GLOBIOM 1.2,COVID,5,0,2.913626479053122,NA,FALSE,FALSE,NA,NA,NA,MESSAGEix-GLOBIOM 1.2 | COVID | 1.5C,1.5C,Large leave-one-family-out magnitude shift
Full,Aggregated R10 regions,1.5C,total_energy_jobyears_per_1k,Employment,"total energy-sector job-years per 1,000 people",FALSE,MESSAGEix,MESSAGEix-GLOBIOM 1.1,ENGAGE,13,0,295.36125574465535,NA,FALSE,FALSE,NA,NA,NA,MESSAGEix-GLOBIOM 1.1 | ENGAGE | 1.5C,1.5C,Large leave-one-family-out magnitude shift
Full,Aggregated R10 regions,1.5C,total_energy_jobyears_per_1k,Employment,"total energy-sector job-years per 1,000 people",FALSE,MESSAGEix,MESSAGEix-GLOBIOM 1.1,NGFS Phase 2,1,0,280.35332609246854,NA,FALSE,FALSE,NA,NA,NA,MESSAGEix-GLOBIOM 1.1 | NGFS Phase 2 | 1.5C,1.5C,Large leave-one-family-out magnitude shift
Full,Aggregated R10 regions,1.5C,total_energy_jobyears_per_1k,Employment,"total energy-sector job-years per 1,000 people",FALSE,REMIND,REMIND-Buildings 2.0,BEG,0,2,NA,795.1956797199126,FALSE,FALSE,NA,NA,NA,REMIND-Buildings 2.0 | BEG | 1.5C,1.5C,Large leave-one-family-out magnitude shift
Full,Aggregated R10 regions,1.5C,total_energy_jobyears_per_1k,Employment,"total energy-sector job-years per 1,000 people",FALSE,REMIND,REMIND-MAgPIE 1.7-3.0,CD,0,4,NA,772.3389589594475,FALSE,FALSE,NA,NA,NA,REMIND-MAgPIE 1.7-3.0 | CD | 1.5C,1.5C,Large leave-one-family-out magnitude shift
Full,Aggregated R10 regions,1.5C,total_energy_jobyears_per_1k,Employment,"total energy-sector job-years per 1,000 people",FALSE,REMIND,REMIND 2.1,CEMICS,0,4,NA,923.1428348003412,FALSE,FALSE,NA,NA,NA,REMIND 2.1 | CEMICS | 1.5C,1.5C,Large leave-one-family-out magnitude shift
Full,Aggregated R10 regions,1.5C,total_energy_jobyears_per_1k,Employment,"total energy-sector job-years per 1,000 people",FALSE,REMIND,REMIND-MAgPIE 2.1-4.2,CEMICS,0,3,NA,740.0776022524219,FALSE,FALSE,NA,NA,NA,REMIND-MAgPIE 2.1-4.2 | CEMICS | 1.5C,1.5C,Large leave-one-family-out magnitude shift
Full,Aggregated R10 regions,1.5C,total_energy_jobyears_per_1k,Employment,"total energy-sector job-years per 1,000 people",FALSE,REMIND,REMIND-MAgPIE 1.7-3.0,COMMIT,0,3,NA,726.6588313199819,FALSE,FALSE,NA,NA,NA,REMIND-MAgPIE 1.7-3.0 | COMMIT | 1.5C,1.5C,Large leave-one-family-out magnitude shift
Full,Aggregated R10 regions,1.5C,total_energy_jobyears_per_1k,Employment,"total energy-sector job-years per 1,000 people",FALSE,REMIND,REMIND-MAgPIE 2.1-4.3,DeepElectrification,0,1,NA,794.9548484829987,FALSE,FALSE,NA,NA,NA,REMIND-MAgPIE 2.1-4.3 | DeepElectrification | 1.5C,1.5C,Large leave-one-family-out magnitude shift
Full,Aggregated R10 regions,1.5C,total_energy_jobyears_per_1k,Employment,"total energy-sector job-years per 1,000 people",FALSE,REMIND,REMIND 3.0,ENGAGE,0,2,NA,523.1021012943252,FALSE,FALSE,NA,NA,NA,REMIND 3.0 | ENGAGE | 1.5C,1.5C,Large leave-one-family-out magnitude shift
Full,Aggregated R10 regions,1.5C,total_energy_jobyears_per_1k,Employment,"total energy-sector job-years per 1,000 people",FALSE,REMIND,REMIND-MAgPIE 2.1-4.2,ENGAGE,0,19,NA,826.1326524680669,FALSE,FALSE,NA,NA,NA,REMIND-MAgPIE 2.1-4.2 | ENGAGE | 1.5C,1.5C,Large leave-one-family-out magnitude shift
Full,Aggregated R10 regions,1.5C,total_energy_jobyears_per_1k,Employment,"total energy-sector job-years per 1,000 people",FALSE,REMIND,REMIND 3.0,NAVIGATE,1,0,369.0978178339944,NA,FALSE,FALSE,NA,NA,NA,REMIND 3.0 | NAVIGATE | 1.5C,1.5C,Large leave-one-family-out magnitude shift
Full,Aggregated R10 regions,1.5C,total_energy_jobyears_per_1k,Employment,"total energy-sector job-years per 1,000 people",FALSE,REMIND,REMIND-MAgPIE 3.3-4.8,NGFS Phase 5,0,1,NA,557.7723386894081,FALSE,FALSE,NA,NA,NA,REMIND-MAgPIE 3.3-4.8 | NGFS Phase 5 | 1.5C,1.5C,Large leave-one-family-out magnitude shift
Full,Aggregated R10 regions,1.5C,total_energy_jobyears_per_1k,Employment,"total energy-sector job-years per 1,000 people",FALSE,REMIND,REMIND-MAgPIE 1.7-3.0,PEP,0,13,NA,803.5691107558773,FALSE,FALSE,NA,NA,NA,REMIND-MAgPIE 1.7-3.0 | PEP | 1.5C,1.5C,Large leave-one-family-out magnitude shift
Full,Aggregated R10 regions,1.5C,total_energy_jobyears_per_1k,Employment,"total energy-sector job-years per 1,000 people",FALSE,REMIND,REMIND 2.1,R2p1,0,2,NA,757.322860540341,FALSE,FALSE,NA,NA,NA,REMIND 2.1 | R2p1 | 1.5C,1.5C,Large leave-one-family-out magnitude shift
Full,Aggregated R10 regions,1.5C,total_energy_jobyears_per_1k,Employment,"total energy-sector job-years per 1,000 people",FALSE,REMIND,REMIND-MAgPIE 3.2.0-4.8.0,RESCUE,0,3,NA,712.2752291017148,FALSE,FALSE,NA,NA,NA,REMIND-MAgPIE 3.2.0-4.8.0 | RESCUE | 1.5C,1.5C,Large leave-one-family-out magnitude shift
Full,Aggregated R10 regions,1.5C,total_energy_jobyears_per_1k,Employment,"total energy-sector job-years per 1,000 people",FALSE,REMIND,REMIND-MAgPIE 2.1-4.2,SusDev,0,2,NA,610.6272212421248,FALSE,FALSE,NA,NA,NA,REMIND-MAgPIE 2.1-4.2 | SusDev | 1.5C,1.5C,Large leave-one-family-out magnitude shift
Full,Aggregated R10 regions,2C,gap_GJ_pc,DLE gap,GJ per capita of cumulative DLE gap,TRUE,AIM,AIM/CGE V2.2,ENGAGE,20,11,38.65480930411022,40.97084835565156,TRUE,TRUE,-2.3160390515413383,-5.991593525453172,High-CDR,AIM/CGE V2.2 | ENGAGE | 2C,2C,Robust family direction disagrees with pooled
Full,Aggregated R10 regions,2C,gap_GJ_pc,DLE gap,GJ per capita of cumulative DLE gap,TRUE,GCAM,GCAM 5.3,Deep,23,0,17.22493804296657,NA,FALSE,FALSE,NA,NA,NA,GCAM 5.3 | Deep | 2C,2C,Robust family direction disagrees with pooled
Full,Aggregated R10 regions,2C,gap_GJ_pc,DLE gap,GJ per capita of cumulative DLE gap,TRUE,GCAM,GCAM 7.0,IAM,3,0,16.504504633250672,NA,FALSE,FALSE,NA,NA,NA,GCAM 7.0 | IAM | 2C,2C,Robust family direction disagrees with pooled
Full,Aggregated R10 regions,2C,gap_GJ_pc,DLE gap,GJ per capita of cumulative DLE gap,TRUE,GCAM,GCAM 6.0 NGFS,NGFS Phase 5,0,4,NA,20.2522837602978,FALSE,FALSE,NA,NA,NA,GCAM 6.0 NGFS | NGFS Phase 5 | 2C,2C,Robust family direction disagrees with pooled
Full,Aggregated R10 regions,2C,gap_GJ_pc,DLE gap,GJ per capita of cumulative DLE gap,TRUE,POLES,POLES-JRC ENGAGE,ENGAGE,56,8,27.896491010426224,30.532512808929326,TRUE,TRUE,-2.6360217985031014,-9.449295244759982,High-CDR,POLES-JRC ENGAGE | ENGAGE | 2C,2C,Robust family direction disagrees with pooled
Full,Aggregated R10 regions,2C,gap_GJ_pc,DLE gap,GJ per capita of cumulative DLE gap,TRUE,REMIND,REMIND-MAgPIE 1.7-3.0,CD,0,5,NA,10.475629484989309,FALSE,FALSE,NA,NA,NA,REMIND-MAgPIE 1.7-3.0 | CD | 2C,2C,Pooled direction flips when family is excluded
Full,Aggregated R10 regions,2C,gap_GJ_pc,DLE gap,GJ per capita of cumulative DLE gap,TRUE,REMIND,REMIND 2.1,CEMICS,0,5,NA,15.781682886898004,FALSE,FALSE,NA,NA,NA,REMIND 2.1 | CEMICS | 2C,2C,Pooled direction flips when family is excluded
Full,Aggregated R10 regions,2C,gap_GJ_pc,DLE gap,GJ per capita of cumulative DLE gap,TRUE,REMIND,REMIND-MAgPIE 2.1-4.2,CEMICS,0,3,NA,15.569233690543465,FALSE,FALSE,NA,NA,NA,REMIND-MAgPIE 2.1-4.2 | CEMICS | 2C,2C,Pooled direction flips when family is excluded
Full,Aggregated R10 regions,2C,gap_GJ_pc,DLE gap,GJ per capita of cumulative DLE gap,TRUE,REMIND,REMIND-MAgPIE 1.7-3.0,COMMIT,0,4,NA,10.107228702520862,FALSE,FALSE,NA,NA,NA,REMIND-MAgPIE 1.7-3.0 | COMMIT | 2C,2C,Pooled direction flips when family is excluded
Full,Aggregated R10 regions,2C,gap_GJ_pc,DLE gap,GJ per capita of cumulative DLE gap,TRUE,REMIND,REMIND-MAgPIE 2.1-4.3,DeepElectrification,0,3,NA,17.64885758308446,FALSE,FALSE,NA,NA,NA,REMIND-MAgPIE 2.1-4.3 | DeepElectrification | 2C,2C,Pooled direction flips when family is excluded
Full,Aggregated R10 regions,2C,gap_GJ_pc,DLE gap,GJ per capita of cumulative DLE gap,TRUE,REMIND,REMIND-MAgPIE 2.0-4.1,Diff,0,0,NA,NA,FALSE,FALSE,NA,NA,NA,REMIND-MAgPIE 2.0-4.1 | Diff | 2C,2C,Pooled direction flips when family is excluded
Full,Aggregated R10 regions,2C,gap_GJ_pc,DLE gap,GJ per capita of cumulative DLE gap,TRUE,REMIND,REMIND 3.0,ENGAGE,0,14,NA,22.21998078397992,FALSE,FALSE,NA,NA,NA,REMIND 3.0 | ENGAGE | 2C,2C,Pooled direction flips when family is excluded
Full,Aggregated R10 regions,2C,gap_GJ_pc,DLE gap,GJ per capita of cumulative DLE gap,TRUE,REMIND,REMIND-MAgPIE 2.1-4.2,ENGAGE,0,59,NA,15.484797590008526,FALSE,FALSE,NA,NA,NA,REMIND-MAgPIE 2.1-4.2 | ENGAGE | 2C,2C,Pooled direction flips when family is excluded
Full,Aggregated R10 regions,2C,gap_GJ_pc,DLE gap,GJ per capita of cumulative DLE gap,TRUE,REMIND,REMIND 2.1,LeastTotalCost,0,11,NA,16.73556411940675,FALSE,FALSE,NA,NA,NA,REMIND 2.1 | LeastTotalCost | 2C,2C,Pooled direction flips when family is excluded
Full,Aggregated R10 regions,2C,gap_GJ_pc,DLE gap,GJ per capita of cumulative DLE gap,TRUE,REMIND,REMIND 3.0,NAVIGATE,0,7,NA,22.159360193686226,FALSE,FALSE,NA,NA,NA,REMIND 3.0 | NAVIGATE | 2C,2C,Pooled direction flips when family is excluded
Full,Aggregated R10 regions,2C,gap_GJ_pc,DLE gap,GJ per capita of cumulative DLE gap,TRUE,REMIND,REMIND-MAgPIE 2.1-4.2,NGFS Phase 2,0,5,NA,26.716599521506385,FALSE,FALSE,NA,NA,NA,REMIND-MAgPIE 2.1-4.2 | NGFS Phase 2 | 2C,2C,Pooled direction flips when family is excluded
Full,Aggregated R10 regions,2C,gap_GJ_pc,DLE gap,GJ per capita of cumulative DLE gap,TRUE,REMIND,REMIND-MAgPIE 3.3-4.8,NGFS Phase 5,0,5,NA,19.82641649542415,FALSE,FALSE,NA,NA,NA,REMIND-MAgPIE 3.3-4.8 | NGFS Phase 5 | 2C,2C,Pooled direction flips when family is excluded
Full,Aggregated R10 regions,2C,gap_GJ_pc,DLE gap,GJ per capita of cumulative DLE gap,TRUE,REMIND,REMIND-MAgPIE 1.7-3.0,PEP,0,5,NA,10.250371884198955,FALSE,FALSE,NA,NA,NA,REMIND-MAgPIE 1.7-3.0 | PEP | 2C,2C,Pooled direction flips when family is excluded
Full,Aggregated R10 regions,2C,gap_GJ_pc,DLE gap,GJ per capita of cumulative DLE gap,TRUE,REMIND,REMIND 2.1,R2p1,0,8,NA,14.087747542590055,FALSE,FALSE,NA,NA,NA,REMIND 2.1 | R2p1 | 2C,2C,Pooled direction flips when family is excluded
Full,Aggregated R10 regions,2C,gap_GJ_pc,DLE gap,GJ per capita of cumulative DLE gap,TRUE,REMIND,REMIND-MAgPIE 3.2.0-4.8.0,RESCUE,0,5,NA,19.847850732960097,FALSE,FALSE,NA,NA,NA,REMIND-MAgPIE 3.2.0-4.8.0 | RESCUE | 2C,2C,Pooled direction flips when family is excluded
Full,Aggregated R10 regions,2C,gap_GJ_pc,DLE gap,GJ per capita of cumulative DLE gap,TRUE,REMIND,REMIND-MAgPIE 3.2-4.6,SHAPE,0,2,NA,15.769376371233015,FALSE,FALSE,NA,NA,NA,REMIND-MAgPIE 3.2-4.6 | SHAPE | 2C,2C,Pooled direction flips when family is excluded
Full,Aggregated R10 regions,2C,gap_GJ_pc,DLE gap,GJ per capita of cumulative DLE gap,TRUE,REMIND,REMIND-MAgPIE 2.1-4.2,SusDev,0,3,NA,14.843851809675758,FALSE,FALSE,NA,NA,NA,REMIND-MAgPIE 2.1-4.2 | SusDev | 2C,2C,Pooled direction flips when family is excluded
Full,Aggregated R10 regions,2C,gap_GJ_pc,DLE gap,GJ per capita of cumulative DLE gap,TRUE,REMIND,REMIND 2.1,TechCost,0,9,NA,16.18665800089918,FALSE,FALSE,NA,NA,NA,REMIND 2.1 | TechCost | 2C,2C,Pooled direction flips when family is excluded
Full,Aggregated R10 regions,2C,gap_GJ_pc,DLE gap,GJ per capita of cumulative DLE gap,TRUE,REMIND,REMIND-Transport 2.1,Transport,0,8,NA,18.06405100632284,FALSE,FALSE,NA,NA,NA,REMIND-Transport 2.1 | Transport | 2C,2C,Pooled direction flips when family is excluded
Full,Aggregated R10 regions,2C,headcount_pct,Deprived share,population-year-weighted mean % below the DLE threshold,TRUE,AIM,AIM/CGE V2.2,ENGAGE,20,11,11.798872553445864,12.29928455074346,TRUE,TRUE,-0.5004119972975953,-4.241184867713906,High-CDR,AIM/CGE V2.2 | ENGAGE | 2C,2C,Robust family direction disagrees with pooled
Full,Aggregated R10 regions,2C,headcount_pct,Deprived share,population-year-weighted mean % below the DLE threshold,TRUE,GCAM,GCAM 5.3,Deep,23,0,4.112237396846432,NA,FALSE,FALSE,NA,NA,NA,GCAM 5.3 | Deep | 2C,2C,Robust family direction disagrees with pooled
Full,Aggregated R10 regions,2C,headcount_pct,Deprived share,population-year-weighted mean % below the DLE threshold,TRUE,GCAM,GCAM 7.0,IAM,3,0,4.185280560414822,NA,FALSE,FALSE,NA,NA,NA,GCAM 7.0 | IAM | 2C,2C,Robust family direction disagrees with pooled
Full,Aggregated R10 regions,2C,headcount_pct,Deprived share,population-year-weighted mean % below the DLE threshold,TRUE,GCAM,GCAM 6.0 NGFS,NGFS Phase 5,0,4,NA,4.972567756010526,FALSE,FALSE,NA,NA,NA,GCAM 6.0 NGFS | NGFS Phase 5 | 2C,2C,Robust family direction disagrees with pooled
Full,Aggregated R10 regions,2C,headcount_pct,Deprived share,population-year-weighted mean % below the DLE threshold,TRUE,IMAGE,IMAGE 3.2,SSP2021,8,2,6.742069746501002,5.468907358768796,TRUE,FALSE,1.2731623877322065,18.883850740241186,High-RE,IMAGE 3.2 | SSP2021 | 2C,2C,Large leave-one-family-out magnitude shift
Full,Aggregated R10 regions,2C,headcount_pct,Deprived share,population-year-weighted mean % below the DLE threshold,TRUE,IMAGE,IMAGE 3.0,COMMIT,0,0,NA,NA,FALSE,FALSE,NA,NA,NA,IMAGE 3.0 | COMMIT | 2C,2C,Large leave-one-family-out magnitude shift
Full,Aggregated R10 regions,2C,headcount_pct,Deprived share,population-year-weighted mean % below the DLE threshold,TRUE,IMAGE,IMAGE 3.0,ENGAGE,20,0,6.080961523394903,NA,FALSE,FALSE,NA,NA,NA,IMAGE 3.0 | ENGAGE | 2C,2C,Large leave-one-family-out magnitude shift
Full,Aggregated R10 regions,2C,headcount_pct,Deprived share,population-year-weighted mean % below the DLE threshold,TRUE,IMAGE,IMAGE 3.2,ENGAGE,9,0,6.624948504788401,NA,FALSE,FALSE,NA,NA,NA,IMAGE 3.2 | ENGAGE | 2C,2C,Large leave-one-family-out magnitude shift
Full,Aggregated R10 regions,2C,headcount_pct,Deprived share,population-year-weighted mean % below the DLE threshold,TRUE,IMAGE,IMAGE 3.3,NAVIGATE,8,0,9.271844996311685,NA,FALSE,FALSE,NA,NA,NA,IMAGE 3.3 | NAVIGATE | 2C,2C,Large leave-one-family-out magnitude shift
Full,Aggregated R10 regions,2C,headcount_pct,Deprived share,population-year-weighted mean % below the DLE threshold,TRUE,POLES,POLES-JRC ENGAGE,ENGAGE,56,8,7.555330670875446,7.56709713844244,TRUE,TRUE,-0.011766467566993732,-0.15573729436292608,High-CDR,POLES-JRC ENGAGE | ENGAGE | 2C,2C,Pooled direction flips when excluded; robust family also disagrees
Full,Aggregated R10 regions,2C,headcount_pct,Deprived share,population-year-weighted mean % below the DLE threshold,TRUE,REMIND,REMIND-MAgPIE 1.7-3.0,CD,0,5,NA,2.5429944477289976,FALSE,FALSE,NA,NA,NA,REMIND-MAgPIE 1.7-3.0 | CD | 2C,2C,Pooled direction flips when family is excluded
Full,Aggregated R10 regions,2C,headcount_pct,Deprived share,population-year-weighted mean % below the DLE threshold,TRUE,REMIND,REMIND 2.1,CEMICS,0,5,NA,4.046646654917228,FALSE,FALSE,NA,NA,NA,REMIND 2.1 | CEMICS | 2C,2C,Pooled direction flips when family is excluded
Full,Aggregated R10 regions,2C,headcount_pct,Deprived share,population-year-weighted mean % below the DLE threshold,TRUE,REMIND,REMIND-MAgPIE 2.1-4.2,CEMICS,0,3,NA,4.007055267221463,FALSE,FALSE,NA,NA,NA,REMIND-MAgPIE 2.1-4.2 | CEMICS | 2C,2C,Pooled direction flips when family is excluded
Full,Aggregated R10 regions,2C,headcount_pct,Deprived share,population-year-weighted mean % below the DLE threshold,TRUE,REMIND,REMIND-MAgPIE 1.7-3.0,COMMIT,0,4,NA,2.488724863512383,FALSE,FALSE,NA,NA,NA,REMIND-MAgPIE 1.7-3.0 | COMMIT | 2C,2C,Pooled direction flips when family is excluded
Full,Aggregated R10 regions,2C,headcount_pct,Deprived share,population-year-weighted mean % below the DLE threshold,TRUE,REMIND,REMIND-MAgPIE 2.1-4.3,DeepElectrification,0,3,NA,4.998299565597186,FALSE,FALSE,NA,NA,NA,REMIND-MAgPIE 2.1-4.3 | DeepElectrification | 2C,2C,Pooled direction flips when family is excluded
Full,Aggregated R10 regions,2C,headcount_pct,Deprived share,population-year-weighted mean % below the DLE threshold,TRUE,REMIND,REMIND-MAgPIE 2.0-4.1,Diff,0,0,NA,NA,FALSE,FALSE,NA,NA,NA,REMIND-MAgPIE 2.0-4.1 | Diff | 2C,2C,Pooled direction flips when family is excluded
Full,Aggregated R10 regions,2C,headcount_pct,Deprived share,population-year-weighted mean % below the DLE threshold,TRUE,REMIND,REMIND 3.0,ENGAGE,0,14,NA,5.584341407524386,FALSE,FALSE,NA,NA,NA,REMIND 3.0 | ENGAGE | 2C,2C,Pooled direction flips when family is excluded
Full,Aggregated R10 regions,2C,headcount_pct,Deprived share,population-year-weighted mean % below the DLE threshold,TRUE,REMIND,REMIND-MAgPIE 2.1-4.2,ENGAGE,0,59,NA,3.956098522780365,FALSE,FALSE,NA,NA,NA,REMIND-MAgPIE 2.1-4.2 | ENGAGE | 2C,2C,Pooled direction flips when family is excluded
Full,Aggregated R10 regions,2C,headcount_pct,Deprived share,population-year-weighted mean % below the DLE threshold,TRUE,REMIND,REMIND 2.1,LeastTotalCost,0,11,NA,4.374151118725021,FALSE,FALSE,NA,NA,NA,REMIND 2.1 | LeastTotalCost | 2C,2C,Pooled direction flips when family is excluded
Full,Aggregated R10 regions,2C,headcount_pct,Deprived share,population-year-weighted mean % below the DLE threshold,TRUE,REMIND,REMIND 3.0,NAVIGATE,0,7,NA,5.581602489154912,FALSE,FALSE,NA,NA,NA,REMIND 3.0 | NAVIGATE | 2C,2C,Pooled direction flips when family is excluded
Full,Aggregated R10 regions,2C,headcount_pct,Deprived share,population-year-weighted mean % below the DLE threshold,TRUE,REMIND,REMIND-MAgPIE 2.1-4.2,NGFS Phase 2,0,5,NA,7.290737305865011,FALSE,FALSE,NA,NA,NA,REMIND-MAgPIE 2.1-4.2 | NGFS Phase 2 | 2C,2C,Pooled direction flips when family is excluded
Full,Aggregated R10 regions,2C,headcount_pct,Deprived share,population-year-weighted mean % below the DLE threshold,TRUE,REMIND,REMIND-MAgPIE 3.3-4.8,NGFS Phase 5,0,5,NA,5.148481640713336,FALSE,FALSE,NA,NA,NA,REMIND-MAgPIE 3.3-4.8 | NGFS Phase 5 | 2C,2C,Pooled direction flips when family is excluded
Full,Aggregated R10 regions,2C,headcount_pct,Deprived share,population-year-weighted mean % below the DLE threshold,TRUE,REMIND,REMIND-MAgPIE 1.7-3.0,PEP,0,5,NA,2.541416772116991,FALSE,FALSE,NA,NA,NA,REMIND-MAgPIE 1.7-3.0 | PEP | 2C,2C,Pooled direction flips when family is excluded
Full,Aggregated R10 regions,2C,headcount_pct,Deprived share,population-year-weighted mean % below the DLE threshold,TRUE,REMIND,REMIND 2.1,R2p1,0,8,NA,3.4375474231308747,FALSE,FALSE,NA,NA,NA,REMIND 2.1 | R2p1 | 2C,2C,Pooled direction flips when family is excluded
Full,Aggregated R10 regions,2C,headcount_pct,Deprived share,population-year-weighted mean % below the DLE threshold,TRUE,REMIND,REMIND-MAgPIE 3.2.0-4.8.0,RESCUE,0,5,NA,4.89004047479526,FALSE,FALSE,NA,NA,NA,REMIND-MAgPIE 3.2.0-4.8.0 | RESCUE | 2C,2C,Pooled direction flips when family is excluded
Full,Aggregated R10 regions,2C,headcount_pct,Deprived share,population-year-weighted mean % below the DLE threshold,TRUE,REMIND,REMIND-MAgPIE 3.2-4.6,SHAPE,0,2,NA,3.6051645275248436,FALSE,FALSE,NA,NA,NA,REMIND-MAgPIE 3.2-4.6 | SHAPE | 2C,2C,Pooled direction flips when family is excluded
Full,Aggregated R10 regions,2C,headcount_pct,Deprived share,population-year-weighted mean % below the DLE threshold,TRUE,REMIND,REMIND-MAgPIE 2.1-4.2,SusDev,0,3,NA,3.6876849237479385,FALSE,FALSE,NA,NA,NA,REMIND-MAgPIE 2.1-4.2 | SusDev | 2C,2C,Pooled direction flips when family is excluded
Full,Aggregated R10 regions,2C,headcount_pct,Deprived share,population-year-weighted mean % below the DLE threshold,TRUE,REMIND,REMIND 2.1,TechCost,0,9,NA,4.173713829878857,FALSE,FALSE,NA,NA,NA,REMIND 2.1 | TechCost | 2C,2C,Pooled direction flips when family is excluded
Full,Aggregated R10 regions,2C,headcount_pct,Deprived share,population-year-weighted mean % below the DLE threshold,TRUE,REMIND,REMIND-Transport 2.1,Transport,0,8,NA,4.831089457807806,FALSE,FALSE,NA,NA,NA,REMIND-Transport 2.1 | Transport | 2C,2C,Pooled direction flips when family is excluded
Full,Aggregated R10 regions,2C,total_energy_jobyears_per_1k,Employment,"total energy-sector job-years per 1,000 people",FALSE,AIM,AIM/CGE V2.2,ENGAGE,20,11,462.0937709466265,437.088864357465,TRUE,TRUE,-25.004906589161465,-5.411219142369617,High-CDR,AIM/CGE V2.2 | ENGAGE | 2C,2C,Robust family direction disagrees with pooled
Full,Aggregated R10 regions,2C,total_energy_jobyears_per_1k,Employment,"total energy-sector job-years per 1,000 people",FALSE,MESSAGEix,MESSAGEix-GLOBIOM 1.1,ENGAGE,62,20,275.6231653103852,297.48478690153274,TRUE,TRUE,21.861621591147525,7.931706889197313,High-RE,MESSAGEix-GLOBIOM 1.1 | ENGAGE | 2C,2C,Large leave-one-family-out magnitude shift
Full,Aggregated R10 regions,2C,total_energy_jobyears_per_1k,Employment,"total energy-sector job-years per 1,000 people",FALSE,MESSAGEix,MESSAGEix-GLOBIOM GEI 1.0,GEI,6,1,318.07293110918397,397.73833616983933,TRUE,FALSE,79.66540506065536,25.046269980550104,High-RE,MESSAGEix-GLOBIOM GEI 1.0 | GEI | 2C,2C,Large leave-one-family-out magnitude shift
Full,Aggregated R10 regions,2C,total_energy_jobyears_per_1k,Employment,"total energy-sector job-years per 1,000 people",FALSE,MESSAGEix,MESSAGEix-GLOBIOM 1.1,NGFS Phase 2,1,1,267.03188492640766,289.58744420335063,TRUE,FALSE,22.555559276942972,8.446766304016146,High-RE,MESSAGEix-GLOBIOM 1.1 | NGFS Phase 2 | 2C,2C,Large leave-one-family-out magnitude shift
Full,Aggregated R10 regions,2C,total_energy_jobyears_per_1k,Employment,"total energy-sector job-years per 1,000 people",FALSE,MESSAGEix,MESSAGEix-GLOBIOM 1.2,COVID,5,0,5.132992081870203,NA,FALSE,FALSE,NA,NA,NA,MESSAGEix-GLOBIOM 1.2 | COVID | 2C,2C,Large leave-one-family-out magnitude shift
Full,Aggregated R10 regions,2C,total_energy_jobyears_per_1k,Employment,"total energy-sector job-years per 1,000 people",FALSE,MESSAGEix,MESSAGEix-GLOBIOM 2.0-M-R12-NGFS,NGFS Phase 5,0,2,NA,375.889254410553,FALSE,FALSE,NA,NA,NA,MESSAGEix-GLOBIOM 2.0-M-R12-NGFS | NGFS Phase 5 | 2C,2C,Large leave-one-family-out magnitude shift
Full,Aggregated R10 regions,2C,total_energy_jobyears_per_1k,Employment,"total energy-sector job-years per 1,000 people",FALSE,REMIND,REMIND-MAgPIE 1.7-3.0,CD,0,5,NA,593.4638051107371,FALSE,FALSE,NA,NA,NA,REMIND-MAgPIE 1.7-3.0 | CD | 2C,2C,Large leave-one-family-out magnitude shift
Full,Aggregated R10 regions,2C,total_energy_jobyears_per_1k,Employment,"total energy-sector job-years per 1,000 people",FALSE,REMIND,REMIND 2.1,CEMICS,0,5,NA,698.5234579523178,FALSE,FALSE,NA,NA,NA,REMIND 2.1 | CEMICS | 2C,2C,Large leave-one-family-out magnitude shift
Full,Aggregated R10 regions,2C,total_energy_jobyears_per_1k,Employment,"total energy-sector job-years per 1,000 people",FALSE,REMIND,REMIND-MAgPIE 2.1-4.2,CEMICS,0,3,NA,702.703571388735,FALSE,FALSE,NA,NA,NA,REMIND-MAgPIE 2.1-4.2 | CEMICS | 2C,2C,Large leave-one-family-out magnitude shift
Full,Aggregated R10 regions,2C,total_energy_jobyears_per_1k,Employment,"total energy-sector job-years per 1,000 people",FALSE,REMIND,REMIND-MAgPIE 1.7-3.0,COMMIT,0,4,NA,559.4191898893598,FALSE,FALSE,NA,NA,NA,REMIND-MAgPIE 1.7-3.0 | COMMIT | 2C,2C,Large leave-one-family-out magnitude shift
Full,Aggregated R10 regions,2C,total_energy_jobyears_per_1k,Employment,"total energy-sector job-years per 1,000 people",FALSE,REMIND,REMIND-MAgPIE 2.1-4.3,DeepElectrification,0,3,NA,724.9705318583683,FALSE,FALSE,NA,NA,NA,REMIND-MAgPIE 2.1-4.3 | DeepElectrification | 2C,2C,Large leave-one-family-out magnitude shift
Full,Aggregated R10 regions,2C,total_energy_jobyears_per_1k,Employment,"total energy-sector job-years per 1,000 people",FALSE,REMIND,REMIND-MAgPIE 2.0-4.1,Diff,0,0,NA,NA,FALSE,FALSE,NA,NA,NA,REMIND-MAgPIE 2.0-4.1 | Diff | 2C,2C,Large leave-one-family-out magnitude shift
Full,Aggregated R10 regions,2C,total_energy_jobyears_per_1k,Employment,"total energy-sector job-years per 1,000 people",FALSE,REMIND,REMIND 3.0,ENGAGE,0,14,NA,516.6478032035893,FALSE,FALSE,NA,NA,NA,REMIND 3.0 | ENGAGE | 2C,2C,Large leave-one-family-out magnitude shift
Full,Aggregated R10 regions,2C,total_energy_jobyears_per_1k,Employment,"total energy-sector job-years per 1,000 people",FALSE,REMIND,REMIND-MAgPIE 2.1-4.2,ENGAGE,0,59,NA,631.0178753212716,FALSE,FALSE,NA,NA,NA,REMIND-MAgPIE 2.1-4.2 | ENGAGE | 2C,2C,Large leave-one-family-out magnitude shift
Full,Aggregated R10 regions,2C,total_energy_jobyears_per_1k,Employment,"total energy-sector job-years per 1,000 people",FALSE,REMIND,REMIND 2.1,LeastTotalCost,0,11,NA,609.8076946591709,FALSE,FALSE,NA,NA,NA,REMIND 2.1 | LeastTotalCost | 2C,2C,Large leave-one-family-out magnitude shift
Full,Aggregated R10 regions,2C,total_energy_jobyears_per_1k,Employment,"total energy-sector job-years per 1,000 people",FALSE,REMIND,REMIND 3.0,NAVIGATE,0,7,NA,433.0884448586681,FALSE,FALSE,NA,NA,NA,REMIND 3.0 | NAVIGATE | 2C,2C,Large leave-one-family-out magnitude shift
Full,Aggregated R10 regions,2C,total_energy_jobyears_per_1k,Employment,"total energy-sector job-years per 1,000 people",FALSE,REMIND,REMIND-MAgPIE 2.1-4.2,NGFS Phase 2,0,5,NA,373.79811327541336,FALSE,FALSE,NA,NA,NA,REMIND-MAgPIE 2.1-4.2 | NGFS Phase 2 | 2C,2C,Large leave-one-family-out magnitude shift
Full,Aggregated R10 regions,2C,total_energy_jobyears_per_1k,Employment,"total energy-sector job-years per 1,000 people",FALSE,REMIND,REMIND-MAgPIE 3.3-4.8,NGFS Phase 5,0,5,NA,485.136064910009,FALSE,FALSE,NA,NA,NA,REMIND-MAgPIE 3.3-4.8 | NGFS Phase 5 | 2C,2C,Large leave-one-family-out magnitude shift
Full,Aggregated R10 regions,2C,total_energy_jobyears_per_1k,Employment,"total energy-sector job-years per 1,000 people",FALSE,REMIND,REMIND-MAgPIE 1.7-3.0,PEP,0,5,NA,569.182941876135,FALSE,FALSE,NA,NA,NA,REMIND-MAgPIE 1.7-3.0 | PEP | 2C,2C,Large leave-one-family-out magnitude shift
Full,Aggregated R10 regions,2C,total_energy_jobyears_per_1k,Employment,"total energy-sector job-years per 1,000 people",FALSE,REMIND,REMIND 2.1,R2p1,0,8,NA,576.2169820002222,FALSE,FALSE,NA,NA,NA,REMIND 2.1 | R2p1 | 2C,2C,Large leave-one-family-out magnitude shift
Full,Aggregated R10 regions,2C,total_energy_jobyears_per_1k,Employment,"total energy-sector job-years per 1,000 people",FALSE,REMIND,REMIND-MAgPIE 3.2.0-4.8.0,RESCUE,0,5,NA,719.5545572799476,FALSE,FALSE,NA,NA,NA,REMIND-MAgPIE 3.2.0-4.8.0 | RESCUE | 2C,2C,Large leave-one-family-out magnitude shift
Full,Aggregated R10 regions,2C,total_energy_jobyears_per_1k,Employment,"total energy-sector job-years per 1,000 people",FALSE,REMIND,REMIND-MAgPIE 3.2-4.6,SHAPE,0,2,NA,580.0291114524703,FALSE,FALSE,NA,NA,NA,REMIND-MAgPIE 3.2-4.6 | SHAPE | 2C,2C,Large leave-one-family-out magnitude shift
Full,Aggregated R10 regions,2C,total_energy_jobyears_per_1k,Employment,"total energy-sector job-years per 1,000 people",FALSE,REMIND,REMIND-MAgPIE 2.1-4.2,SusDev,0,3,NA,488.57114901925263,FALSE,FALSE,NA,NA,NA,REMIND-MAgPIE 2.1-4.2 | SusDev | 2C,2C,Large leave-one-family-out magnitude shift
Full,Aggregated R10 regions,2C,total_energy_jobyears_per_1k,Employment,"total energy-sector job-years per 1,000 people",FALSE,REMIND,REMIND 2.1,TechCost,0,9,NA,772.9290415025217,FALSE,FALSE,NA,NA,NA,REMIND 2.1 | TechCost | 2C,2C,Large leave-one-family-out magnitude shift
Full,Aggregated R10 regions,2C,total_energy_jobyears_per_1k,Employment,"total energy-sector job-years per 1,000 people",FALSE,REMIND,REMIND-Transport 2.1,Transport,0,8,NA,763.1248427537498,FALSE,FALSE,NA,NA,NA,REMIND-Transport 2.1 | Transport | 2C,2C,Large leave-one-family-out magnitude shift
Full,Aggregated R10 regions,2C,mortality_million_deaths,PM2.5 mortality,million cumulative PM2.5-attributable deaths,TRUE,IMAGE,IMAGE 3.2,SSP2021,8,2,512.43273,495.8393575,TRUE,FALSE,16.593372499999987,3.23815625516348,High-RE,IMAGE 3.2 | SSP2021 | 2C,2C,Pooled direction flips when family is excluded
Full,Aggregated R10 regions,2C,mortality_million_deaths,PM2.5 mortality,million cumulative PM2.5-attributable deaths,TRUE,IMAGE,IMAGE 3.0,ENGAGE,20,0,518.17866,NA,FALSE,FALSE,NA,NA,NA,IMAGE 3.0 | ENGAGE | 2C,2C,Pooled direction flips when family is excluded
Full,Aggregated R10 regions,2C,mortality_million_deaths,PM2.5 mortality,million cumulative PM2.5-attributable deaths,TRUE,IMAGE,IMAGE 3.3,NAVIGATE,8,0,504.2917175,NA,FALSE,FALSE,NA,NA,NA,IMAGE 3.3 | NAVIGATE | 2C,2C,Pooled direction flips when family is excluded
Full,Aggregated R10 regions,2C,mortality_million_deaths,PM2.5 mortality,million cumulative PM2.5-attributable deaths,TRUE,MESSAGEix,MESSAGEix-GLOBIOM 1.1,ENGAGE,60,17,460.0918725,442.89133,TRUE,TRUE,17.20054250000004,3.7385017054392846,High-RE,MESSAGEix-GLOBIOM 1.1 | ENGAGE | 2C,2C,Pooled direction flips when family is excluded
Full,Aggregated R10 regions,2C,mortality_million_deaths,PM2.5 mortality,million cumulative PM2.5-attributable deaths,TRUE,MESSAGEix,MESSAGEix-GLOBIOM GEI 1.0,GEI,6,1,473.08487,435.19535,TRUE,FALSE,37.889520000000005,8.009032290548628,High-RE,MESSAGEix-GLOBIOM GEI 1.0 | GEI | 2C,2C,Pooled direction flips when family is excluded
Full,Aggregated R10 regions,2C,mortality_million_deaths,PM2.5 mortality,million cumulative PM2.5-attributable deaths,TRUE,MESSAGEix,MESSAGEix-GLOBIOM 1.1,NGFS Phase 2,1,1,438.69743,443.28804,TRUE,FALSE,-4.5906100000000265,-1.0464182568837994,High-CDR,MESSAGEix-GLOBIOM 1.1 | NGFS Phase 2 | 2C,2C,Pooled direction flips when family is excluded
Full,Aggregated R10 regions,2C,mortality_million_deaths,PM2.5 mortality,million cumulative PM2.5-attributable deaths,TRUE,MESSAGEix,MESSAGEix-GLOBIOM 1.2,COVID,5,0,433.856535,NA,FALSE,FALSE,NA,NA,NA,MESSAGEix-GLOBIOM 1.2 | COVID | 2C,2C,Pooled direction flips when family is excluded
Full,Aggregated R10 regions,2C,mortality_million_deaths,PM2.5 mortality,million cumulative PM2.5-attributable deaths,TRUE,MESSAGEix,MESSAGEix-GLOBIOM 2.0-M-R12-NGFS,NGFS Phase 5,0,2,NA,444.47783000000004,FALSE,FALSE,NA,NA,NA,MESSAGEix-GLOBIOM 2.0-M-R12-NGFS | NGFS Phase 5 | 2C,2C,Pooled direction flips when family is excluded
Full,Aggregated R10 regions,2C,mortality_million_deaths,PM2.5 mortality,million cumulative PM2.5-attributable deaths,TRUE,REMIND,REMIND-MAgPIE 1.7-3.0,CD,0,5,NA,478.85721,FALSE,FALSE,NA,NA,NA,REMIND-MAgPIE 1.7-3.0 | CD | 2C,2C,Pooled direction flips when family is excluded
Full,Aggregated R10 regions,2C,mortality_million_deaths,PM2.5 mortality,million cumulative PM2.5-attributable deaths,TRUE,REMIND,REMIND 2.1,CEMICS,0,1,NA,512.947945,FALSE,FALSE,NA,NA,NA,REMIND 2.1 | CEMICS | 2C,2C,Pooled direction flips when family is excluded
Full,Aggregated R10 regions,2C,mortality_million_deaths,PM2.5 mortality,million cumulative PM2.5-attributable deaths,TRUE,REMIND,REMIND-MAgPIE 2.1-4.2,CEMICS,0,1,NA,512.93604,FALSE,FALSE,NA,NA,NA,REMIND-MAgPIE 2.1-4.2 | CEMICS | 2C,2C,Pooled direction flips when family is excluded
Full,Aggregated R10 regions,2C,mortality_million_deaths,PM2.5 mortality,million cumulative PM2.5-attributable deaths,TRUE,REMIND,REMIND-MAgPIE 1.7-3.0,COMMIT,0,4,NA,477.70552,FALSE,FALSE,NA,NA,NA,REMIND-MAgPIE 1.7-3.0 | COMMIT | 2C,2C,Pooled direction flips when family is excluded
Full,Aggregated R10 regions,2C,mortality_million_deaths,PM2.5 mortality,million cumulative PM2.5-attributable deaths,TRUE,REMIND,REMIND-MAgPIE 2.1-4.3,DeepElectrification,0,3,NA,410.815545,FALSE,FALSE,NA,NA,NA,REMIND-MAgPIE 2.1-4.3 | DeepElectrification | 2C,2C,Pooled direction flips when family is excluded
Full,Aggregated R10 regions,2C,mortality_million_deaths,PM2.5 mortality,million cumulative PM2.5-attributable deaths,TRUE,REMIND,REMIND-MAgPIE 2.1-4.2,ENGAGE,0,59,NA,433.246875,FALSE,FALSE,NA,NA,NA,REMIND-MAgPIE 2.1-4.2 | ENGAGE | 2C,2C,Pooled direction flips when family is excluded
Full,Aggregated R10 regions,2C,mortality_million_deaths,PM2.5 mortality,million cumulative PM2.5-attributable deaths,TRUE,REMIND,REMIND 2.1,LeastTotalCost,0,11,NA,425.981875,FALSE,FALSE,NA,NA,NA,REMIND 2.1 | LeastTotalCost | 2C,2C,Pooled direction flips when family is excluded
Full,Aggregated R10 regions,2C,mortality_million_deaths,PM2.5 mortality,million cumulative PM2.5-attributable deaths,TRUE,REMIND,REMIND 3.0,NAVIGATE,0,3,NA,410.09969,FALSE,FALSE,NA,NA,NA,REMIND 3.0 | NAVIGATE | 2C,2C,Pooled direction flips when family is excluded
Full,Aggregated R10 regions,2C,mortality_million_deaths,PM2.5 mortality,million cumulative PM2.5-attributable deaths,TRUE,REMIND,REMIND-MAgPIE 2.1-4.2,NGFS Phase 2,0,2,NA,428.7699675,FALSE,FALSE,NA,NA,NA,REMIND-MAgPIE 2.1-4.2 | NGFS Phase 2 | 2C,2C,Pooled direction flips when family is excluded
Full,Aggregated R10 regions,2C,mortality_million_deaths,PM2.5 mortality,million cumulative PM2.5-attributable deaths,TRUE,REMIND,REMIND-MAgPIE 3.3-4.8,NGFS Phase 5,0,5,NA,439.21914,FALSE,FALSE,NA,NA,NA,REMIND-MAgPIE 3.3-4.8 | NGFS Phase 5 | 2C,2C,Pooled direction flips when family is excluded
Full,Aggregated R10 regions,2C,mortality_million_deaths,PM2.5 mortality,million cumulative PM2.5-attributable deaths,TRUE,REMIND,REMIND-MAgPIE 1.7-3.0,PEP,0,5,NA,474.68875,FALSE,FALSE,NA,NA,NA,REMIND-MAgPIE 1.7-3.0 | PEP | 2C,2C,Pooled direction flips when family is excluded
Full,Aggregated R10 regions,2C,mortality_million_deaths,PM2.5 mortality,million cumulative PM2.5-attributable deaths,TRUE,REMIND,REMIND 2.1,R2p1,0,8,NA,435.9601475,FALSE,FALSE,NA,NA,NA,REMIND 2.1 | R2p1 | 2C,2C,Pooled direction flips when family is excluded
Full,Aggregated R10 regions,2C,mortality_million_deaths,PM2.5 mortality,million cumulative PM2.5-attributable deaths,TRUE,REMIND,REMIND-MAgPIE 3.2.0-4.8.0,RESCUE,0,5,NA,409.293365,FALSE,FALSE,NA,NA,NA,REMIND-MAgPIE 3.2.0-4.8.0 | RESCUE | 2C,2C,Pooled direction flips when family is excluded
Full,Aggregated R10 regions,2C,mortality_million_deaths,PM2.5 mortality,million cumulative PM2.5-attributable deaths,TRUE,REMIND,REMIND-MAgPIE 3.2-4.6,SHAPE,0,2,NA,417.9216925,FALSE,FALSE,NA,NA,NA,REMIND-MAgPIE 3.2-4.6 | SHAPE | 2C,2C,Pooled direction flips when family is excluded
Full,Aggregated R10 regions,2C,mortality_million_deaths,PM2.5 mortality,million cumulative PM2.5-attributable deaths,TRUE,REMIND,REMIND-MAgPIE 2.1-4.2,SusDev,0,3,NA,444.001515,FALSE,FALSE,NA,NA,NA,REMIND-MAgPIE 2.1-4.2 | SusDev | 2C,2C,Pooled direction flips when family is excluded
Full,Aggregated R10 regions,2C,mortality_million_deaths,PM2.5 mortality,million cumulative PM2.5-attributable deaths,TRUE,REMIND,REMIND 2.1,TechCost,0,9,NA,422.765695,FALSE,FALSE,NA,NA,NA,REMIND 2.1 | TechCost | 2C,2C,Pooled direction flips when family is excluded
Full,Aggregated R10 regions,2C,mortality_million_deaths,PM2.5 mortality,million cumulative PM2.5-attributable deaths,TRUE,REMIND,REMIND-Transport 2.1,Transport,0,8,NA,412.7112475,FALSE,FALSE,NA,NA,NA,REMIND-Transport 2.1 | Transport | 2C,2C,Pooled direction flips when family is excluded
SCI-vetted,Aggregated R10 regions,2C,gap_GJ_pc,DLE gap,GJ per capita of cumulative DLE gap,TRUE,IMAGE,IMAGE 3.2,SSP2021,6,3,24.423281716672996,22.17287284881805,TRUE,TRUE,2.250408867854947,9.214195266472583,High-RE,IMAGE 3.2 | SSP2021 | 2C,All ambitions,Robust family direction disagrees with pooled
SCI-vetted,Aggregated R10 regions,1.5C,gap_GJ_pc,DLE gap,GJ per capita of cumulative DLE gap,TRUE,IMAGE,IMAGE 3.2,SSP2021,4,1,28.042849380258914,26.429286645096077,TRUE,FALSE,1.6135627351628372,5.753918631031564,High-RE,IMAGE 3.2 | SSP2021 | 1.5C,All ambitions,Robust family direction disagrees with pooled
SCI-vetted,Aggregated R10 regions,2C,gap_GJ_pc,DLE gap,GJ per capita of cumulative DLE gap,TRUE,IMAGE,IMAGE 3.0,ENGAGE,15,0,20.657517469998012,NA,FALSE,FALSE,NA,NA,NA,IMAGE 3.0 | ENGAGE | 2C,All ambitions,Robust family direction disagrees with pooled
SCI-vetted,Aggregated R10 regions,2C,gap_GJ_pc,DLE gap,GJ per capita of cumulative DLE gap,TRUE,IMAGE,IMAGE 3.3,NAVIGATE,1,0,38.366243301723536,NA,FALSE,FALSE,NA,NA,NA,IMAGE 3.3 | NAVIGATE | 2C,All ambitions,Robust family direction disagrees with pooled
SCI-vetted,Aggregated R10 regions,2C,gap_GJ_pc,DLE gap,GJ per capita of cumulative DLE gap,TRUE,MESSAGEix,MESSAGEix-GLOBIOM 2.0-M-R12-NGFS,NGFS Phase 5,0,3,NA,33.37402261383221,FALSE,FALSE,NA,NA,NA,MESSAGEix-GLOBIOM 2.0-M-R12-NGFS | NGFS Phase 5 | 2C,All ambitions,Pooled direction flips when family is excluded
SCI-vetted,Aggregated R10 regions,2C,gap_GJ_pc,DLE gap,GJ per capita of cumulative DLE gap,TRUE,REMIND,REMIND-Buildings 2.0,BEG,0,1,NA,22.6491588939758,FALSE,FALSE,NA,NA,NA,REMIND-Buildings 2.0 | BEG | 2C,All ambitions,Large leave-one-family-out magnitude shift
SCI-vetted,Aggregated R10 regions,2C,gap_GJ_pc,DLE gap,GJ per capita of cumulative DLE gap,TRUE,REMIND,REMIND-MAgPIE 1.7-3.0,CD,0,1,NA,10.105358502151942,FALSE,FALSE,NA,NA,NA,REMIND-MAgPIE 1.7-3.0 | CD | 2C,All ambitions,Large leave-one-family-out magnitude shift
SCI-vetted,Aggregated R10 regions,2C,gap_GJ_pc,DLE gap,GJ per capita of cumulative DLE gap,TRUE,REMIND,REMIND-MAgPIE 1.7-3.0,COMMIT,0,2,NA,9.708329789073943,FALSE,FALSE,NA,NA,NA,REMIND-MAgPIE 1.7-3.0 | COMMIT | 2C,All ambitions,Large leave-one-family-out magnitude shift
SCI-vetted,Aggregated R10 regions,2C,gap_GJ_pc,DLE gap,GJ per capita of cumulative DLE gap,TRUE,REMIND,REMIND-MAgPIE 2.1-4.3,DeepElectrification,0,2,NA,12.14428834318456,FALSE,FALSE,NA,NA,NA,REMIND-MAgPIE 2.1-4.3 | DeepElectrification | 2C,All ambitions,Large leave-one-family-out magnitude shift
SCI-vetted,Aggregated R10 regions,2C,gap_GJ_pc,DLE gap,GJ per capita of cumulative DLE gap,TRUE,REMIND,REMIND-MAgPIE 2.0-4.1,Diff,0,0,NA,NA,FALSE,FALSE,NA,NA,NA,REMIND-MAgPIE 2.0-4.1 | Diff | 2C,All ambitions,Large leave-one-family-out magnitude shift
SCI-vetted,Aggregated R10 regions,2C,gap_GJ_pc,DLE gap,GJ per capita of cumulative DLE gap,TRUE,REMIND,REMIND-MAgPIE 2.1-4.2,ENGAGE,0,1,NA,12.79708214498455,FALSE,FALSE,NA,NA,NA,REMIND-MAgPIE 2.1-4.2 | ENGAGE | 2C,All ambitions,Large leave-one-family-out magnitude shift
SCI-vetted,Aggregated R10 regions,2C,gap_GJ_pc,DLE gap,GJ per capita of cumulative DLE gap,TRUE,REMIND,REMIND 2.1,LeastTotalCost,0,1,NA,13.2795365014873,FALSE,FALSE,NA,NA,NA,REMIND 2.1 | LeastTotalCost | 2C,All ambitions,Large leave-one-family-out magnitude shift
SCI-vetted,Aggregated R10 regions,2C,gap_GJ_pc,DLE gap,GJ per capita of cumulative DLE gap,TRUE,REMIND,REMIND-MAgPIE 2.1-4.2,NGFS Phase 2,0,2,NA,23.446643285117432,FALSE,FALSE,NA,NA,NA,REMIND-MAgPIE 2.1-4.2 | NGFS Phase 2 | 2C,All ambitions,Large leave-one-family-out magnitude shift
SCI-vetted,Aggregated R10 regions,1.5C,gap_GJ_pc,DLE gap,GJ per capita of cumulative DLE gap,TRUE,REMIND,REMIND-MAgPIE 3.3-4.8,NGFS Phase 5,0,1,NA,27.74007785374581,FALSE,FALSE,NA,NA,NA,REMIND-MAgPIE 3.3-4.8 | NGFS Phase 5 | 1.5C,All ambitions,Large leave-one-family-out magnitude shift
SCI-vetted,Aggregated R10 regions,2C,gap_GJ_pc,DLE gap,GJ per capita of cumulative DLE gap,TRUE,REMIND,REMIND-MAgPIE 3.3-4.8,NGFS Phase 5,0,5,NA,19.82641649542415,FALSE,FALSE,NA,NA,NA,REMIND-MAgPIE 3.3-4.8 | NGFS Phase 5 | 2C,All ambitions,Large leave-one-family-out magnitude shift
SCI-vetted,Aggregated R10 regions,2C,gap_GJ_pc,DLE gap,GJ per capita of cumulative DLE gap,TRUE,REMIND,REMIND-MAgPIE 1.7-3.0,PEP,0,2,NA,9.708329789073943,FALSE,FALSE,NA,NA,NA,REMIND-MAgPIE 1.7-3.0 | PEP | 2C,All ambitions,Large leave-one-family-out magnitude shift
SCI-vetted,Aggregated R10 regions,2C,gap_GJ_pc,DLE gap,GJ per capita of cumulative DLE gap,TRUE,REMIND,REMIND 2.1,R2p1,0,1,NA,12.810745254738675,FALSE,FALSE,NA,NA,NA,REMIND 2.1 | R2p1 | 2C,All ambitions,Large leave-one-family-out magnitude shift
SCI-vetted,Aggregated R10 regions,1.5C,gap_GJ_pc,DLE gap,GJ per capita of cumulative DLE gap,TRUE,REMIND,REMIND-MAgPIE 3.2.0-4.8.0,RESCUE,0,2,NA,19.266329090543863,FALSE,FALSE,NA,NA,NA,REMIND-MAgPIE 3.2.0-4.8.0 | RESCUE | 1.5C,All ambitions,Large leave-one-family-out magnitude shift
SCI-vetted,Aggregated R10 regions,2C,gap_GJ_pc,DLE gap,GJ per capita of cumulative DLE gap,TRUE,REMIND,REMIND-MAgPIE 3.2.0-4.8.0,RESCUE,0,4,NA,18.89557012805073,FALSE,FALSE,NA,NA,NA,REMIND-MAgPIE 3.2.0-4.8.0 | RESCUE | 2C,All ambitions,Large leave-one-family-out magnitude shift
SCI-vetted,Aggregated R10 regions,2C,gap_GJ_pc,DLE gap,GJ per capita of cumulative DLE gap,TRUE,REMIND,REMIND-MAgPIE 3.2-4.6,SHAPE,0,2,NA,15.769376371233015,FALSE,FALSE,NA,NA,NA,REMIND-MAgPIE 3.2-4.6 | SHAPE | 2C,All ambitions,Large leave-one-family-out magnitude shift
SCI-vetted,Aggregated R10 regions,2C,gap_GJ_pc,DLE gap,GJ per capita of cumulative DLE gap,TRUE,WITCH,WITCH 5.0,ENGAGE,0,26,NA,51.58149543611475,FALSE,FALSE,NA,NA,NA,WITCH 5.0 | ENGAGE | 2C,All ambitions,Pooled direction flips when family is excluded
SCI-vetted,Aggregated R10 regions,2C,gap_GJ_pc,DLE gap,GJ per capita of cumulative DLE gap,TRUE,WITCH,WITCH 5.0,NAVIGATE,0,2,NA,36.34215493646181,FALSE,FALSE,NA,NA,NA,WITCH 5.0 | NAVIGATE | 2C,All ambitions,Pooled direction flips when family is excluded
SCI-vetted,Aggregated R10 regions,2C,headcount_pct,Deprived share,population-year-weighted mean % below the DLE threshold,TRUE,IMAGE,IMAGE 3.2,SSP2021,6,3,6.50716275036441,5.319929595505111,TRUE,TRUE,1.1872331548592987,18.245020147879536,High-RE,IMAGE 3.2 | SSP2021 | 2C,All ambitions,Robust family direction disagrees with pooled
SCI-vetted,Aggregated R10 regions,1.5C,headcount_pct,Deprived share,population-year-weighted mean % below the DLE threshold,TRUE,IMAGE,IMAGE 3.2,SSP2021,4,1,7.2270208924923,7.168360966807078,TRUE,FALSE,0.05865992568522227,0.8116750533564999,High-RE,IMAGE 3.2 | SSP2021 | 1.5C,All ambitions,Robust family direction disagrees with pooled
SCI-vetted,Aggregated R10 regions,2C,headcount_pct,Deprived share,population-year-weighted mean % below the DLE threshold,TRUE,IMAGE,IMAGE 3.0,ENGAGE,15,0,5.668199412949101,NA,FALSE,FALSE,NA,NA,NA,IMAGE 3.0 | ENGAGE | 2C,All ambitions,Robust family direction disagrees with pooled
SCI-vetted,Aggregated R10 regions,2C,headcount_pct,Deprived share,population-year-weighted mean % below the DLE threshold,TRUE,IMAGE,IMAGE 3.3,NAVIGATE,1,0,10.365402704277903,NA,FALSE,FALSE,NA,NA,NA,IMAGE 3.3 | NAVIGATE | 2C,All ambitions,Robust family direction disagrees with pooled
SCI-vetted,Aggregated R10 regions,2C,headcount_pct,Deprived share,population-year-weighted mean % below the DLE threshold,TRUE,MESSAGEix,MESSAGEix-GLOBIOM 2.0-M-R12-NGFS,NGFS Phase 5,0,3,NA,8.255002375730827,FALSE,FALSE,NA,NA,NA,MESSAGEix-GLOBIOM 2.0-M-R12-NGFS | NGFS Phase 5 | 2C,All ambitions,Pooled direction flips when family is excluded
SCI-vetted,Aggregated R10 regions,2C,headcount_pct,Deprived share,population-year-weighted mean % below the DLE threshold,TRUE,REMIND,REMIND-Buildings 2.0,BEG,0,1,NA,4.702238339722254,FALSE,FALSE,NA,NA,NA,REMIND-Buildings 2.0 | BEG | 2C,All ambitions,Large leave-one-family-out magnitude shift
SCI-vetted,Aggregated R10 regions,2C,headcount_pct,Deprived share,population-year-weighted mean % below the DLE threshold,TRUE,REMIND,REMIND-MAgPIE 1.7-3.0,CD,0,1,NA,2.437000963005485,FALSE,FALSE,NA,NA,NA,REMIND-MAgPIE 1.7-3.0 | CD | 2C,All ambitions,Large leave-one-family-out magnitude shift
SCI-vetted,Aggregated R10 regions,2C,headcount_pct,Deprived share,population-year-weighted mean % below the DLE threshold,TRUE,REMIND,REMIND-MAgPIE 1.7-3.0,COMMIT,0,2,NA,2.3837866168410438,FALSE,FALSE,NA,NA,NA,REMIND-MAgPIE 1.7-3.0 | COMMIT | 2C,All ambitions,Large leave-one-family-out magnitude shift
SCI-vetted,Aggregated R10 regions,2C,headcount_pct,Deprived share,population-year-weighted mean % below the DLE threshold,TRUE,REMIND,REMIND-MAgPIE 2.1-4.3,DeepElectrification,0,2,NA,3.081275063308113,FALSE,FALSE,NA,NA,NA,REMIND-MAgPIE 2.1-4.3 | DeepElectrification | 2C,All ambitions,Large leave-one-family-out magnitude shift
SCI-vetted,Aggregated R10 regions,2C,headcount_pct,Deprived share,population-year-weighted mean % below the DLE threshold,TRUE,REMIND,REMIND-MAgPIE 2.0-4.1,Diff,0,0,NA,NA,FALSE,FALSE,NA,NA,NA,REMIND-MAgPIE 2.0-4.1 | Diff | 2C,All ambitions,Large leave-one-family-out magnitude shift
SCI-vetted,Aggregated R10 regions,2C,headcount_pct,Deprived share,population-year-weighted mean % below the DLE threshold,TRUE,REMIND,REMIND-MAgPIE 2.1-4.2,ENGAGE,0,1,NA,3.071359143864823,FALSE,FALSE,NA,NA,NA,REMIND-MAgPIE 2.1-4.2 | ENGAGE | 2C,All ambitions,Large leave-one-family-out magnitude shift
SCI-vetted,Aggregated R10 regions,2C,headcount_pct,Deprived share,population-year-weighted mean % below the DLE threshold,TRUE,REMIND,REMIND 2.1,LeastTotalCost,0,1,NA,3.2763406670291824,FALSE,FALSE,NA,NA,NA,REMIND 2.1 | LeastTotalCost | 2C,All ambitions,Large leave-one-family-out magnitude shift
SCI-vetted,Aggregated R10 regions,2C,headcount_pct,Deprived share,population-year-weighted mean % below the DLE threshold,TRUE,REMIND,REMIND-MAgPIE 2.1-4.2,NGFS Phase 2,0,2,NA,6.666495629501689,FALSE,FALSE,NA,NA,NA,REMIND-MAgPIE 2.1-4.2 | NGFS Phase 2 | 2C,All ambitions,Large leave-one-family-out magnitude shift
SCI-vetted,Aggregated R10 regions,1.5C,headcount_pct,Deprived share,population-year-weighted mean % below the DLE threshold,TRUE,REMIND,REMIND-MAgPIE 3.3-4.8,NGFS Phase 5,0,1,NA,7.238107545580679,FALSE,FALSE,NA,NA,NA,REMIND-MAgPIE 3.3-4.8 | NGFS Phase 5 | 1.5C,All ambitions,Large leave-one-family-out magnitude shift
SCI-vetted,Aggregated R10 regions,2C,headcount_pct,Deprived share,population-year-weighted mean % below the DLE threshold,TRUE,REMIND,REMIND-MAgPIE 3.3-4.8,NGFS Phase 5,0,5,NA,5.148481640713336,FALSE,FALSE,NA,NA,NA,REMIND-MAgPIE 3.3-4.8 | NGFS Phase 5 | 2C,All ambitions,Large leave-one-family-out magnitude shift
SCI-vetted,Aggregated R10 regions,2C,headcount_pct,Deprived share,population-year-weighted mean % below the DLE threshold,TRUE,REMIND,REMIND-MAgPIE 1.7-3.0,PEP,0,2,NA,2.3837866168410438,FALSE,FALSE,NA,NA,NA,REMIND-MAgPIE 1.7-3.0 | PEP | 2C,All ambitions,Large leave-one-family-out magnitude shift
SCI-vetted,Aggregated R10 regions,2C,headcount_pct,Deprived share,population-year-weighted mean % below the DLE threshold,TRUE,REMIND,REMIND 2.1,R2p1,0,1,NA,3.073145333137409,FALSE,FALSE,NA,NA,NA,REMIND 2.1 | R2p1 | 2C,All ambitions,Large leave-one-family-out magnitude shift
SCI-vetted,Aggregated R10 regions,1.5C,headcount_pct,Deprived share,population-year-weighted mean % below the DLE threshold,TRUE,REMIND,REMIND-MAgPIE 3.2.0-4.8.0,RESCUE,0,2,NA,4.968095514194317,FALSE,FALSE,NA,NA,NA,REMIND-MAgPIE 3.2.0-4.8.0 | RESCUE | 1.5C,All ambitions,Large leave-one-family-out magnitude shift
SCI-vetted,Aggregated R10 regions,2C,headcount_pct,Deprived share,population-year-weighted mean % below the DLE threshold,TRUE,REMIND,REMIND-MAgPIE 3.2.0-4.8.0,RESCUE,0,4,NA,4.660383057701155,FALSE,FALSE,NA,NA,NA,REMIND-MAgPIE 3.2.0-4.8.0 | RESCUE | 2C,All ambitions,Large leave-one-family-out magnitude shift
SCI-vetted,Aggregated R10 regions,2C,headcount_pct,Deprived share,population-year-weighted mean % below the DLE threshold,TRUE,REMIND,REMIND-MAgPIE 3.2-4.6,SHAPE,0,2,NA,3.6051645275248436,FALSE,FALSE,NA,NA,NA,REMIND-MAgPIE 3.2-4.6 | SHAPE | 2C,All ambitions,Large leave-one-family-out magnitude shift
SCI-vetted,Aggregated R10 regions,2C,headcount_pct,Deprived share,population-year-weighted mean % below the DLE threshold,TRUE,WITCH,WITCH 5.0,ENGAGE,0,26,NA,14.743820223136042,FALSE,FALSE,NA,NA,NA,WITCH 5.0 | ENGAGE | 2C,All ambitions,Pooled direction flips when family is excluded
SCI-vetted,Aggregated R10 regions,2C,headcount_pct,Deprived share,population-year-weighted mean % below the DLE threshold,TRUE,WITCH,WITCH 5.0,NAVIGATE,0,2,NA,8.649004829337935,FALSE,FALSE,NA,NA,NA,WITCH 5.0 | NAVIGATE | 2C,All ambitions,Pooled direction flips when family is excluded
SCI-vetted,Aggregated R10 regions,1.5C,total_energy_jobyears_per_1k,Employment,"total energy-sector job-years per 1,000 people",FALSE,POLES,POLES-JRC ENGAGE,ENGAGE,2,0,458.3544650528828,NA,FALSE,FALSE,NA,NA,NA,POLES-JRC ENGAGE | ENGAGE | 1.5C,All ambitions,Large leave-one-family-out magnitude shift
SCI-vetted,Aggregated R10 regions,2C,total_energy_jobyears_per_1k,Employment,"total energy-sector job-years per 1,000 people",FALSE,POLES,POLES-JRC ENGAGE,ENGAGE,41,0,366.3670355375131,NA,FALSE,FALSE,NA,NA,NA,POLES-JRC ENGAGE | ENGAGE | 2C,All ambitions,Large leave-one-family-out magnitude shift
SCI-vetted,Aggregated R10 regions,2C,total_energy_jobyears_per_1k,Employment,"total energy-sector job-years per 1,000 people",FALSE,WITCH,WITCH 5.0,ENGAGE,0,26,NA,402.4981610489026,FALSE,FALSE,NA,NA,NA,WITCH 5.0 | ENGAGE | 2C,All ambitions,Large leave-one-family-out magnitude shift
SCI-vetted,Aggregated R10 regions,2C,total_energy_jobyears_per_1k,Employment,"total energy-sector job-years per 1,000 people",FALSE,WITCH,WITCH 5.0,NAVIGATE,0,2,NA,415.5946356861092,FALSE,FALSE,NA,NA,NA,WITCH 5.0 | NAVIGATE | 2C,All ambitions,Large leave-one-family-out magnitude shift
SCI-vetted,Aggregated R10 regions,2C,mortality_million_deaths,PM2.5 mortality,million cumulative PM2.5-attributable deaths,TRUE,IMAGE,IMAGE 3.2,SSP2021,6,3,547.4050950000001,498.9329,TRUE,TRUE,48.472195000000056,8.854903880644379,High-RE,IMAGE 3.2 | SSP2021 | 2C,All ambitions,Robust family direction disagrees with pooled
SCI-vetted,Aggregated R10 regions,1.5C,mortality_million_deaths,PM2.5 mortality,million cumulative PM2.5-attributable deaths,TRUE,IMAGE,IMAGE 3.2,SSP2021,4,1,520.4065949999999,465.59645,TRUE,FALSE,54.81014499999992,10.532177248829816,High-RE,IMAGE 3.2 | SSP2021 | 1.5C,All ambitions,Robust family direction disagrees with pooled
SCI-vetted,Aggregated R10 regions,2C,mortality_million_deaths,PM2.5 mortality,million cumulative PM2.5-attributable deaths,TRUE,IMAGE,IMAGE 3.0,ENGAGE,15,0,520.91717,NA,FALSE,FALSE,NA,NA,NA,IMAGE 3.0 | ENGAGE | 2C,All ambitions,Robust family direction disagrees with pooled
SCI-vetted,Aggregated R10 regions,2C,mortality_million_deaths,PM2.5 mortality,million cumulative PM2.5-attributable deaths,TRUE,IMAGE,IMAGE 3.3,NAVIGATE,1,0,487.80983,NA,FALSE,FALSE,NA,NA,NA,IMAGE 3.3 | NAVIGATE | 2C,All ambitions,Robust family direction disagrees with pooled
SCI-vetted,Aggregated R10 regions,1.5C,mortality_million_deaths,PM2.5 mortality,million cumulative PM2.5-attributable deaths,TRUE,POLES,POLES-JRC ENGAGE,ENGAGE,2,0,393.3719225,NA,FALSE,FALSE,NA,NA,NA,POLES-JRC ENGAGE | ENGAGE | 1.5C,All ambitions,Pooled direction flips when family is excluded
SCI-vetted,Aggregated R10 regions,2C,mortality_million_deaths,PM2.5 mortality,million cumulative PM2.5-attributable deaths,TRUE,POLES,POLES-JRC ENGAGE,ENGAGE,41,0,410.06586,NA,FALSE,FALSE,NA,NA,NA,POLES-JRC ENGAGE | ENGAGE | 2C,All ambitions,Pooled direction flips when family is excluded
SCI-vetted,Aggregated R10 regions,1.5C,headcount_pct,Deprived share,population-year-weighted mean % below the DLE threshold,TRUE,IMAGE,IMAGE 3.2,SSP2021,4,1,7.2270208924923,7.168360966807078,TRUE,FALSE,0.05865992568522227,0.8116750533564999,High-RE,IMAGE 3.2 | SSP2021 | 1.5C,1.5C,Large leave-one-family-out magnitude shift
SCI-vetted,Aggregated R10 regions,1.5C,mortality_million_deaths,PM2.5 mortality,million cumulative PM2.5-attributable deaths,TRUE,IMAGE,IMAGE 3.2,SSP2021,4,1,520.4065949999999,465.59645,TRUE,FALSE,54.81014499999992,10.532177248829816,High-RE,IMAGE 3.2 | SSP2021 | 1.5C,1.5C,Pooled direction flips when family is excluded
SCI-vetted,Aggregated R10 regions,2C,gap_GJ_pc,DLE gap,GJ per capita of cumulative DLE gap,TRUE,GCAM,GCAM 5.3,NGFS Phase 2,0,1,NA,22.601515528553453,FALSE,FALSE,NA,NA,NA,GCAM 5.3 | NGFS Phase 2 | 2C,2C,Large leave-one-family-out magnitude shift
SCI-vetted,Aggregated R10 regions,2C,gap_GJ_pc,DLE gap,GJ per capita of cumulative DLE gap,TRUE,GCAM,GCAM 6.0 NGFS,NGFS Phase 5,0,4,NA,20.2522837602978,FALSE,FALSE,NA,NA,NA,GCAM 6.0 NGFS | NGFS Phase 5 | 2C,2C,Large leave-one-family-out magnitude shift
SCI-vetted,Aggregated R10 regions,2C,gap_GJ_pc,DLE gap,GJ per capita of cumulative DLE gap,TRUE,MESSAGEix,MESSAGEix-GLOBIOM 2.0-M-R12-NGFS,NGFS Phase 5,0,3,NA,33.37402261383221,FALSE,FALSE,NA,NA,NA,MESSAGEix-GLOBIOM 2.0-M-R12-NGFS | NGFS Phase 5 | 2C,2C,Pooled direction flips when family is excluded
SCI-vetted,Aggregated R10 regions,2C,gap_GJ_pc,DLE gap,GJ per capita of cumulative DLE gap,TRUE,REMIND,REMIND-Buildings 2.0,BEG,0,1,NA,22.6491588939758,FALSE,FALSE,NA,NA,NA,REMIND-Buildings 2.0 | BEG | 2C,2C,Large leave-one-family-out magnitude shift
SCI-vetted,Aggregated R10 regions,2C,gap_GJ_pc,DLE gap,GJ per capita of cumulative DLE gap,TRUE,REMIND,REMIND-MAgPIE 1.7-3.0,CD,0,1,NA,10.105358502151942,FALSE,FALSE,NA,NA,NA,REMIND-MAgPIE 1.7-3.0 | CD | 2C,2C,Large leave-one-family-out magnitude shift
SCI-vetted,Aggregated R10 regions,2C,gap_GJ_pc,DLE gap,GJ per capita of cumulative DLE gap,TRUE,REMIND,REMIND-MAgPIE 1.7-3.0,COMMIT,0,2,NA,9.708329789073943,FALSE,FALSE,NA,NA,NA,REMIND-MAgPIE 1.7-3.0 | COMMIT | 2C,2C,Large leave-one-family-out magnitude shift
SCI-vetted,Aggregated R10 regions,2C,gap_GJ_pc,DLE gap,GJ per capita of cumulative DLE gap,TRUE,REMIND,REMIND-MAgPIE 2.1-4.3,DeepElectrification,0,2,NA,12.14428834318456,FALSE,FALSE,NA,NA,NA,REMIND-MAgPIE 2.1-4.3 | DeepElectrification | 2C,2C,Large leave-one-family-out magnitude shift
SCI-vetted,Aggregated R10 regions,2C,gap_GJ_pc,DLE gap,GJ per capita of cumulative DLE gap,TRUE,REMIND,REMIND-MAgPIE 2.0-4.1,Diff,0,0,NA,NA,FALSE,FALSE,NA,NA,NA,REMIND-MAgPIE 2.0-4.1 | Diff | 2C,2C,Large leave-one-family-out magnitude shift
SCI-vetted,Aggregated R10 regions,2C,gap_GJ_pc,DLE gap,GJ per capita of cumulative DLE gap,TRUE,REMIND,REMIND-MAgPIE 2.1-4.2,ENGAGE,0,1,NA,12.79708214498455,FALSE,FALSE,NA,NA,NA,REMIND-MAgPIE 2.1-4.2 | ENGAGE | 2C,2C,Large leave-one-family-out magnitude shift
SCI-vetted,Aggregated R10 regions,2C,gap_GJ_pc,DLE gap,GJ per capita of cumulative DLE gap,TRUE,REMIND,REMIND 2.1,LeastTotalCost,0,1,NA,13.2795365014873,FALSE,FALSE,NA,NA,NA,REMIND 2.1 | LeastTotalCost | 2C,2C,Large leave-one-family-out magnitude shift
SCI-vetted,Aggregated R10 regions,2C,gap_GJ_pc,DLE gap,GJ per capita of cumulative DLE gap,TRUE,REMIND,REMIND-MAgPIE 2.1-4.2,NGFS Phase 2,0,2,NA,23.446643285117432,FALSE,FALSE,NA,NA,NA,REMIND-MAgPIE 2.1-4.2 | NGFS Phase 2 | 2C,2C,Large leave-one-family-out magnitude shift
SCI-vetted,Aggregated R10 regions,2C,gap_GJ_pc,DLE gap,GJ per capita of cumulative DLE gap,TRUE,REMIND,REMIND-MAgPIE 3.3-4.8,NGFS Phase 5,0,5,NA,19.82641649542415,FALSE,FALSE,NA,NA,NA,REMIND-MAgPIE 3.3-4.8 | NGFS Phase 5 | 2C,2C,Large leave-one-family-out magnitude shift
SCI-vetted,Aggregated R10 regions,2C,gap_GJ_pc,DLE gap,GJ per capita of cumulative DLE gap,TRUE,REMIND,REMIND-MAgPIE 1.7-3.0,PEP,0,2,NA,9.708329789073943,FALSE,FALSE,NA,NA,NA,REMIND-MAgPIE 1.7-3.0 | PEP | 2C,2C,Large leave-one-family-out magnitude shift
SCI-vetted,Aggregated R10 regions,2C,gap_GJ_pc,DLE gap,GJ per capita of cumulative DLE gap,TRUE,REMIND,REMIND 2.1,R2p1,0,1,NA,12.810745254738675,FALSE,FALSE,NA,NA,NA,REMIND 2.1 | R2p1 | 2C,2C,Large leave-one-family-out magnitude shift
SCI-vetted,Aggregated R10 regions,2C,gap_GJ_pc,DLE gap,GJ per capita of cumulative DLE gap,TRUE,REMIND,REMIND-MAgPIE 3.2.0-4.8.0,RESCUE,0,4,NA,18.89557012805073,FALSE,FALSE,NA,NA,NA,REMIND-MAgPIE 3.2.0-4.8.0 | RESCUE | 2C,2C,Large leave-one-family-out magnitude shift
SCI-vetted,Aggregated R10 regions,2C,gap_GJ_pc,DLE gap,GJ per capita of cumulative DLE gap,TRUE,REMIND,REMIND-MAgPIE 3.2-4.6,SHAPE,0,2,NA,15.769376371233015,FALSE,FALSE,NA,NA,NA,REMIND-MAgPIE 3.2-4.6 | SHAPE | 2C,2C,Large leave-one-family-out magnitude shift
SCI-vetted,Aggregated R10 regions,2C,gap_GJ_pc,DLE gap,GJ per capita of cumulative DLE gap,TRUE,WITCH,WITCH 5.0,ENGAGE,0,26,NA,51.58149543611475,FALSE,FALSE,NA,NA,NA,WITCH 5.0 | ENGAGE | 2C,2C,Pooled direction flips when family is excluded
SCI-vetted,Aggregated R10 regions,2C,gap_GJ_pc,DLE gap,GJ per capita of cumulative DLE gap,TRUE,WITCH,WITCH 5.0,NAVIGATE,0,2,NA,36.34215493646181,FALSE,FALSE,NA,NA,NA,WITCH 5.0 | NAVIGATE | 2C,2C,Pooled direction flips when family is excluded
SCI-vetted,Aggregated R10 regions,2C,headcount_pct,Deprived share,population-year-weighted mean % below the DLE threshold,TRUE,IMAGE,IMAGE 3.2,SSP2021,6,3,6.50716275036441,5.319929595505111,TRUE,TRUE,1.1872331548592987,18.245020147879536,High-RE,IMAGE 3.2 | SSP2021 | 2C,2C,Robust family direction disagrees with pooled
SCI-vetted,Aggregated R10 regions,2C,headcount_pct,Deprived share,population-year-weighted mean % below the DLE threshold,TRUE,IMAGE,IMAGE 3.0,ENGAGE,15,0,5.668199412949101,NA,FALSE,FALSE,NA,NA,NA,IMAGE 3.0 | ENGAGE | 2C,2C,Robust family direction disagrees with pooled
SCI-vetted,Aggregated R10 regions,2C,headcount_pct,Deprived share,population-year-weighted mean % below the DLE threshold,TRUE,IMAGE,IMAGE 3.3,NAVIGATE,1,0,10.365402704277903,NA,FALSE,FALSE,NA,NA,NA,IMAGE 3.3 | NAVIGATE | 2C,2C,Robust family direction disagrees with pooled
SCI-vetted,Aggregated R10 regions,2C,headcount_pct,Deprived share,population-year-weighted mean % below the DLE threshold,TRUE,MESSAGEix,MESSAGEix-GLOBIOM 2.0-M-R12-NGFS,NGFS Phase 5,0,3,NA,8.255002375730827,FALSE,FALSE,NA,NA,NA,MESSAGEix-GLOBIOM 2.0-M-R12-NGFS | NGFS Phase 5 | 2C,2C,Pooled direction flips when family is excluded
SCI-vetted,Aggregated R10 regions,2C,headcount_pct,Deprived share,population-year-weighted mean % below the DLE threshold,TRUE,REMIND,REMIND-Buildings 2.0,BEG,0,1,NA,4.702238339722254,FALSE,FALSE,NA,NA,NA,REMIND-Buildings 2.0 | BEG | 2C,2C,Large leave-one-family-out magnitude shift
SCI-vetted,Aggregated R10 regions,2C,headcount_pct,Deprived share,population-year-weighted mean % below the DLE threshold,TRUE,REMIND,REMIND-MAgPIE 1.7-3.0,CD,0,1,NA,2.437000963005485,FALSE,FALSE,NA,NA,NA,REMIND-MAgPIE 1.7-3.0 | CD | 2C,2C,Large leave-one-family-out magnitude shift
SCI-vetted,Aggregated R10 regions,2C,headcount_pct,Deprived share,population-year-weighted mean % below the DLE threshold,TRUE,REMIND,REMIND-MAgPIE 1.7-3.0,COMMIT,0,2,NA,2.3837866168410438,FALSE,FALSE,NA,NA,NA,REMIND-MAgPIE 1.7-3.0 | COMMIT | 2C,2C,Large leave-one-family-out magnitude shift
SCI-vetted,Aggregated R10 regions,2C,headcount_pct,Deprived share,population-year-weighted mean % below the DLE threshold,TRUE,REMIND,REMIND-MAgPIE 2.1-4.3,DeepElectrification,0,2,NA,3.081275063308113,FALSE,FALSE,NA,NA,NA,REMIND-MAgPIE 2.1-4.3 | DeepElectrification | 2C,2C,Large leave-one-family-out magnitude shift
SCI-vetted,Aggregated R10 regions,2C,headcount_pct,Deprived share,population-year-weighted mean % below the DLE threshold,TRUE,REMIND,REMIND-MAgPIE 2.0-4.1,Diff,0,0,NA,NA,FALSE,FALSE,NA,NA,NA,REMIND-MAgPIE 2.0-4.1 | Diff | 2C,2C,Large leave-one-family-out magnitude shift
SCI-vetted,Aggregated R10 regions,2C,headcount_pct,Deprived share,population-year-weighted mean % below the DLE threshold,TRUE,REMIND,REMIND-MAgPIE 2.1-4.2,ENGAGE,0,1,NA,3.071359143864823,FALSE,FALSE,NA,NA,NA,REMIND-MAgPIE 2.1-4.2 | ENGAGE | 2C,2C,Large leave-one-family-out magnitude shift
SCI-vetted,Aggregated R10 regions,2C,headcount_pct,Deprived share,population-year-weighted mean % below the DLE threshold,TRUE,REMIND,REMIND 2.1,LeastTotalCost,0,1,NA,3.2763406670291824,FALSE,FALSE,NA,NA,NA,REMIND 2.1 | LeastTotalCost | 2C,2C,Large leave-one-family-out magnitude shift
SCI-vetted,Aggregated R10 regions,2C,headcount_pct,Deprived share,population-year-weighted mean % below the DLE threshold,TRUE,REMIND,REMIND-MAgPIE 2.1-4.2,NGFS Phase 2,0,2,NA,6.666495629501689,FALSE,FALSE,NA,NA,NA,REMIND-MAgPIE 2.1-4.2 | NGFS Phase 2 | 2C,2C,Large leave-one-family-out magnitude shift
SCI-vetted,Aggregated R10 regions,2C,headcount_pct,Deprived share,population-year-weighted mean % below the DLE threshold,TRUE,REMIND,REMIND-MAgPIE 3.3-4.8,NGFS Phase 5,0,5,NA,5.148481640713336,FALSE,FALSE,NA,NA,NA,REMIND-MAgPIE 3.3-4.8 | NGFS Phase 5 | 2C,2C,Large leave-one-family-out magnitude shift
SCI-vetted,Aggregated R10 regions,2C,headcount_pct,Deprived share,population-year-weighted mean % below the DLE threshold,TRUE,REMIND,REMIND-MAgPIE 1.7-3.0,PEP,0,2,NA,2.3837866168410438,FALSE,FALSE,NA,NA,NA,REMIND-MAgPIE 1.7-3.0 | PEP | 2C,2C,Large leave-one-family-out magnitude shift
SCI-vetted,Aggregated R10 regions,2C,headcount_pct,Deprived share,population-year-weighted mean % below the DLE threshold,TRUE,REMIND,REMIND 2.1,R2p1,0,1,NA,3.073145333137409,FALSE,FALSE,NA,NA,NA,REMIND 2.1 | R2p1 | 2C,2C,Large leave-one-family-out magnitude shift
SCI-vetted,Aggregated R10 regions,2C,headcount_pct,Deprived share,population-year-weighted mean % below the DLE threshold,TRUE,REMIND,REMIND-MAgPIE 3.2.0-4.8.0,RESCUE,0,4,NA,4.660383057701155,FALSE,FALSE,NA,NA,NA,REMIND-MAgPIE 3.2.0-4.8.0 | RESCUE | 2C,2C,Large leave-one-family-out magnitude shift
SCI-vetted,Aggregated R10 regions,2C,headcount_pct,Deprived share,population-year-weighted mean % below the DLE threshold,TRUE,REMIND,REMIND-MAgPIE 3.2-4.6,SHAPE,0,2,NA,3.6051645275248436,FALSE,FALSE,NA,NA,NA,REMIND-MAgPIE 3.2-4.6 | SHAPE | 2C,2C,Large leave-one-family-out magnitude shift
SCI-vetted,Aggregated R10 regions,2C,headcount_pct,Deprived share,population-year-weighted mean % below the DLE threshold,TRUE,WITCH,WITCH 5.0,ENGAGE,0,26,NA,14.743820223136042,FALSE,FALSE,NA,NA,NA,WITCH 5.0 | ENGAGE | 2C,2C,Pooled direction flips when family is excluded
SCI-vetted,Aggregated R10 regions,2C,headcount_pct,Deprived share,population-year-weighted mean % below the DLE threshold,TRUE,WITCH,WITCH 5.0,NAVIGATE,0,2,NA,8.649004829337935,FALSE,FALSE,NA,NA,NA,WITCH 5.0 | NAVIGATE | 2C,2C,Pooled direction flips when family is excluded
SCI-vetted,Aggregated R10 regions,2C,total_energy_jobyears_per_1k,Employment,"total energy-sector job-years per 1,000 people",FALSE,POLES,POLES-JRC ENGAGE,ENGAGE,41,0,366.3670355375131,NA,FALSE,FALSE,NA,NA,NA,POLES-JRC ENGAGE | ENGAGE | 2C,2C,Large leave-one-family-out magnitude shift
SCI-vetted,Aggregated R10 regions,2C,total_energy_jobyears_per_1k,Employment,"total energy-sector job-years per 1,000 people",FALSE,WITCH,WITCH 5.0,ENGAGE,0,26,NA,402.4981610489026,FALSE,FALSE,NA,NA,NA,WITCH 5.0 | ENGAGE | 2C,2C,Large leave-one-family-out magnitude shift
SCI-vetted,Aggregated R10 regions,2C,total_energy_jobyears_per_1k,Employment,"total energy-sector job-years per 1,000 people",FALSE,WITCH,WITCH 5.0,NAVIGATE,0,2,NA,415.5946356861092,FALSE,FALSE,NA,NA,NA,WITCH 5.0 | NAVIGATE | 2C,2C,Large leave-one-family-out magnitude shift
SCI-vetted,Aggregated R10 regions,2C,mortality_million_deaths,PM2.5 mortality,million cumulative PM2.5-attributable deaths,TRUE,IMAGE,IMAGE 3.2,SSP2021,6,3,547.4050950000001,498.9329,TRUE,TRUE,48.472195000000056,8.854903880644379,High-RE,IMAGE 3.2 | SSP2021 | 2C,2C,Robust family direction disagrees with pooled
SCI-vetted,Aggregated R10 regions,2C,mortality_million_deaths,PM2.5 mortality,million cumulative PM2.5-attributable deaths,TRUE,IMAGE,IMAGE 3.0,ENGAGE,15,0,520.91717,NA,FALSE,FALSE,NA,NA,NA,IMAGE 3.0 | ENGAGE | 2C,2C,Robust family direction disagrees with pooled
SCI-vetted,Aggregated R10 regions,2C,mortality_million_deaths,PM2.5 mortality,million cumulative PM2.5-attributable deaths,TRUE,IMAGE,IMAGE 3.3,NAVIGATE,1,0,487.80983,NA,FALSE,FALSE,NA,NA,NA,IMAGE 3.3 | NAVIGATE | 2C,2C,Robust family direction disagrees with pooled
SCI-vetted,Aggregated R10 regions,2C,mortality_million_deaths,PM2.5 mortality,million cumulative PM2.5-attributable deaths,TRUE,POLES,POLES-JRC ENGAGE,ENGAGE,41,0,410.06586,NA,FALSE,FALSE,NA,NA,NA,POLES-JRC ENGAGE | ENGAGE | 2C,2C,Pooled direction flips when family is excluded
