database,ambition_view,Region,model_family,metric,label,unit,n_High-CMT,n_High-RE,median_High-CMT,median_High-RE,comparable,robust_3_per_arm,raw_difference_high_re_minus_high_cmt,favours_more_employment
Full,1.5C,Aggregated R10 regions,AIM,decommission_jobyears_per_1k,Decommissioning job-years,"job-years per 1,000",1,3,8.709876332397402,1.307644620099863,TRUE,FALSE,-7.402231712297539,High-CMT
Full,1.5C,Aggregated R10 regions,AIM,gross_plant_jobs_displaced_per_1k,Gross plant jobs displaced at retirement,"positions per 1,000",1,3,7.250051524710205,0.5407321475368047,TRUE,FALSE,-6.709319377173401,High-CMT
Full,1.5C,Aggregated R10 regions,AIM,gross_upstream_jobs_displaced_per_1k,Gross upstream jobs displaced at retirement,"positions per 1,000",1,3,0.44097354912385556,0.3564731450887742,TRUE,FALSE,-0.08450040403508136,High-CMT
Full,1.5C,Aggregated R10 regions,AIM,inferred_retirements_GW,Inferred retired capacity,GW,1,3,96754.32396,6597.6678,TRUE,FALSE,-90156.65616,High-CMT
Full,1.5C,Aggregated R10 regions,AIM,jobs_RE_minus_fossil_per_1k,Renewable minus fossil job-years (diagnostic),"job-years per 1,000",1,3,335.32061966974027,247.85799665498962,TRUE,FALSE,-87.46262301475065,High-CMT
Full,1.5C,Aggregated R10 regions,AIM,total_energy_jobyears_no_decommission_per_1k,"Total energy job-years, excluding decommissioning","job-years per 1,000",1,3,538.6861806783348,426.6613158440563,TRUE,FALSE,-112.02486483427856,High-CMT
Full,1.5C,Aggregated R10 regions,AIM,total_energy_jobyears_per_1k,"Total energy job-years, including decommissioning","job-years per 1,000",1,3,547.3960570107322,427.7854205293323,TRUE,FALSE,-119.61063648139987,High-CMT
Full,1.5C,Aggregated R10 regions,GCAM,decommission_jobyears_per_1k,Decommissioning job-years,"job-years per 1,000",0,1,NA,9.231580982060585,FALSE,FALSE,NA,NA
Full,1.5C,Aggregated R10 regions,GCAM,gross_plant_jobs_displaced_per_1k,Gross plant jobs displaced at retirement,"positions per 1,000",0,1,NA,6.796134144161018,FALSE,FALSE,NA,NA
Full,1.5C,Aggregated R10 regions,GCAM,gross_upstream_jobs_displaced_per_1k,Gross upstream jobs displaced at retirement,"positions per 1,000",0,1,NA,0.3218224285128792,FALSE,FALSE,NA,NA
Full,1.5C,Aggregated R10 regions,GCAM,inferred_retirements_GW,Inferred retired capacity,GW,0,1,NA,113372.42676993177,FALSE,FALSE,NA,NA
Full,1.5C,Aggregated R10 regions,GCAM,jobs_RE_minus_fossil_per_1k,Renewable minus fossil job-years (diagnostic),"job-years per 1,000",0,1,NA,576.9147309581708,FALSE,FALSE,NA,NA
Full,1.5C,Aggregated R10 regions,GCAM,total_energy_jobyears_no_decommission_per_1k,"Total energy job-years, excluding decommissioning","job-years per 1,000",0,1,NA,629.4963412427825,FALSE,FALSE,NA,NA
Full,1.5C,Aggregated R10 regions,GCAM,total_energy_jobyears_per_1k,"Total energy job-years, including decommissioning","job-years per 1,000",0,1,NA,638.7279222248432,FALSE,FALSE,NA,NA
Full,1.5C,Aggregated R10 regions,IMAGE,decommission_jobyears_per_1k,Decommissioning job-years,"job-years per 1,000",21,0,7.2093928877712905,NA,FALSE,FALSE,NA,NA
Full,1.5C,Aggregated R10 regions,IMAGE,gross_plant_jobs_displaced_per_1k,Gross plant jobs displaced at retirement,"positions per 1,000",21,0,4.604101608153554,NA,FALSE,FALSE,NA,NA
Full,1.5C,Aggregated R10 regions,IMAGE,gross_upstream_jobs_displaced_per_1k,Gross upstream jobs displaced at retirement,"positions per 1,000",21,0,0.5035967924158972,NA,FALSE,FALSE,NA,NA
Full,1.5C,Aggregated R10 regions,IMAGE,inferred_retirements_GW,Inferred retired capacity,GW,21,0,77843.11345518682,NA,FALSE,FALSE,NA,NA
Full,1.5C,Aggregated R10 regions,IMAGE,jobs_RE_minus_fossil_per_1k,Renewable minus fossil job-years (diagnostic),"job-years per 1,000",21,0,281.2928444224547,NA,FALSE,FALSE,NA,NA
Full,1.5C,Aggregated R10 regions,IMAGE,total_energy_jobyears_no_decommission_per_1k,"Total energy job-years, excluding decommissioning","job-years per 1,000",21,0,386.4319015304197,NA,FALSE,FALSE,NA,NA
Full,1.5C,Aggregated R10 regions,IMAGE,total_energy_jobyears_per_1k,"Total energy job-years, including decommissioning","job-years per 1,000",21,0,393.64129441819097,NA,FALSE,FALSE,NA,NA
Full,1.5C,Aggregated R10 regions,MESSAGEix,decommission_jobyears_per_1k,Decommissioning job-years,"job-years per 1,000",25,3,1.2818868698336354,4.624691505790383,TRUE,TRUE,3.342804635956748,High-RE
Full,1.5C,Aggregated R10 regions,MESSAGEix,gross_plant_jobs_displaced_per_1k,Gross plant jobs displaced at retirement,"positions per 1,000",25,3,0.6486046313965781,3.665017471627199,TRUE,TRUE,3.016412840230621,High-RE
Full,1.5C,Aggregated R10 regions,MESSAGEix,gross_upstream_jobs_displaced_per_1k,Gross upstream jobs displaced at retirement,"positions per 1,000",25,3,0.2502583125793428,0.22196122016147346,TRUE,TRUE,-0.02829709241786932,High-CMT
Full,1.5C,Aggregated R10 regions,MESSAGEix,inferred_retirements_GW,Inferred retired capacity,GW,25,3,8251.060780810369,64158.76499264434,TRUE,TRUE,55907.704211833974,High-RE
Full,1.5C,Aggregated R10 regions,MESSAGEix,jobs_RE_minus_fossil_per_1k,Renewable minus fossil job-years (diagnostic),"job-years per 1,000",25,3,210.64772253527855,336.5004628109177,TRUE,TRUE,125.85274027563918,High-RE
Full,1.5C,Aggregated R10 regions,MESSAGEix,total_energy_jobyears_no_decommission_per_1k,"Total energy job-years, excluding decommissioning","job-years per 1,000",25,3,294.1226111733909,435.7615650223265,TRUE,TRUE,141.6389538489356,High-RE
Full,1.5C,Aggregated R10 regions,MESSAGEix,total_energy_jobyears_per_1k,"Total energy job-years, including decommissioning","job-years per 1,000",25,3,295.36125574465535,440.3862565281169,TRUE,TRUE,145.02500078346156,High-RE
Full,1.5C,Aggregated R10 regions,POLES,decommission_jobyears_per_1k,Decommissioning job-years,"job-years per 1,000",4,1,5.605560969740801,1.60556928897884,TRUE,FALSE,-3.999991680761961,High-CMT
Full,1.5C,Aggregated R10 regions,POLES,gross_plant_jobs_displaced_per_1k,Gross plant jobs displaced at retirement,"positions per 1,000",4,1,4.390784201365546,1.0881556423953018,TRUE,FALSE,-3.3026285589702438,High-CMT
Full,1.5C,Aggregated R10 regions,POLES,gross_upstream_jobs_displaced_per_1k,Gross upstream jobs displaced at retirement,"positions per 1,000",4,1,0.398666493235015,0.2775633252999116,TRUE,FALSE,-0.1211031679351034,High-CMT
Full,1.5C,Aggregated R10 regions,POLES,inferred_retirements_GW,Inferred retired capacity,GW,4,1,63081.94474866183,12954.008148611014,TRUE,FALSE,-50127.936600050816,High-CMT
Full,1.5C,Aggregated R10 regions,POLES,jobs_RE_minus_fossil_per_1k,Renewable minus fossil job-years (diagnostic),"job-years per 1,000",4,1,260.9110656630321,261.35345564930424,TRUE,FALSE,0.4423899862721328,High-RE
Full,1.5C,Aggregated R10 regions,POLES,total_energy_jobyears_no_decommission_per_1k,"Total energy job-years, excluding decommissioning","job-years per 1,000",4,1,440.6390421911183,454.5190613389847,TRUE,FALSE,13.880019147866449,High-RE
Full,1.5C,Aggregated R10 regions,POLES,total_energy_jobyears_per_1k,"Total energy job-years, including decommissioning","job-years per 1,000",4,1,446.30488831787466,456.12463062796354,TRUE,FALSE,9.819742310088884,High-RE
Full,1.5C,Aggregated R10 regions,REMIND,decommission_jobyears_per_1k,Decommissioning job-years,"job-years per 1,000",1,59,4.567664641336618,7.614557143493024,TRUE,FALSE,3.046892502156406,High-RE
Full,1.5C,Aggregated R10 regions,REMIND,gross_plant_jobs_displaced_per_1k,Gross plant jobs displaced at retirement,"positions per 1,000",1,59,3.166869412154913,6.6009022846392,TRUE,FALSE,3.434032872484287,High-RE
Full,1.5C,Aggregated R10 regions,REMIND,gross_upstream_jobs_displaced_per_1k,Gross upstream jobs displaced at retirement,"positions per 1,000",1,59,0.28333146380498353,0.2451078942151064,TRUE,FALSE,-0.03822356958987713,High-CMT
Full,1.5C,Aggregated R10 regions,REMIND,inferred_retirements_GW,Inferred retired capacity,GW,1,59,52488.53908026,111048.25098000001,TRUE,FALSE,58559.71189974001,High-RE
Full,1.5C,Aggregated R10 regions,REMIND,jobs_RE_minus_fossil_per_1k,Renewable minus fossil job-years (diagnostic),"job-years per 1,000",1,59,327.3113397695073,708.0383569418038,TRUE,FALSE,380.72701717229654,High-RE
Full,1.5C,Aggregated R10 regions,REMIND,total_energy_jobyears_no_decommission_per_1k,"Total energy job-years, excluding decommissioning","job-years per 1,000",1,59,364.53015319265774,751.4479682604181,TRUE,FALSE,386.91781506776033,High-RE
Full,1.5C,Aggregated R10 regions,REMIND,total_energy_jobyears_per_1k,"Total energy job-years, including decommissioning","job-years per 1,000",1,59,369.0978178339944,757.5802846363026,TRUE,FALSE,388.48246680230824,High-RE
Full,1.5C,Aggregated R10 regions,WITCH,decommission_jobyears_per_1k,Decommissioning job-years,"job-years per 1,000",6,0,6.398678740891887,NA,FALSE,FALSE,NA,NA
Full,1.5C,Aggregated R10 regions,WITCH,gross_plant_jobs_displaced_per_1k,Gross plant jobs displaced at retirement,"positions per 1,000",6,0,6.6496189253657345,NA,FALSE,FALSE,NA,NA
Full,1.5C,Aggregated R10 regions,WITCH,gross_upstream_jobs_displaced_per_1k,Gross upstream jobs displaced at retirement,"positions per 1,000",6,0,0.3086157325929708,NA,FALSE,FALSE,NA,NA
Full,1.5C,Aggregated R10 regions,WITCH,inferred_retirements_GW,Inferred retired capacity,GW,6,0,83349.13592328856,NA,FALSE,FALSE,NA,NA
Full,1.5C,Aggregated R10 regions,WITCH,jobs_RE_minus_fossil_per_1k,Renewable minus fossil job-years (diagnostic),"job-years per 1,000",6,0,317.32907113966246,NA,FALSE,FALSE,NA,NA
Full,1.5C,Aggregated R10 regions,WITCH,total_energy_jobyears_no_decommission_per_1k,"Total energy job-years, excluding decommissioning","job-years per 1,000",6,0,437.5003306564473,NA,FALSE,FALSE,NA,NA
Full,1.5C,Aggregated R10 regions,WITCH,total_energy_jobyears_per_1k,"Total energy job-years, including decommissioning","job-years per 1,000",6,0,443.8990093973391,NA,FALSE,FALSE,NA,NA
Full,1.5C,R10AFRICA,AIM,decommission_jobyears_per_1k,Decommissioning job-years,"job-years per 1,000",1,3,2.3000772509911718,0.16045125361825074,TRUE,FALSE,-2.139625997372921,High-CMT
Full,1.5C,R10AFRICA,AIM,gross_plant_jobs_displaced_per_1k,Gross plant jobs displaced at retirement,"positions per 1,000",1,3,2.434284806902479,0.03858439387780064,TRUE,FALSE,-2.395700413024678,High-CMT
Full,1.5C,R10AFRICA,AIM,gross_upstream_jobs_displaced_per_1k,Gross upstream jobs displaced at retirement,"positions per 1,000",1,3,0.07515772750024415,0.014016110812751736,TRUE,FALSE,-0.061141616687492406,High-CMT
Full,1.5C,R10AFRICA,AIM,inferred_retirements_GW,Inferred retired capacity,GW,1,3,5575.915440000001,166.55270000000004,TRUE,FALSE,-5409.3627400000005,High-CMT
Full,1.5C,R10AFRICA,AIM,jobs_RE_minus_fossil_per_1k,Renewable minus fossil job-years (diagnostic),"job-years per 1,000",1,3,211.93813852368035,187.4636959543117,TRUE,FALSE,-24.474442569368648,High-CMT
Full,1.5C,R10AFRICA,AIM,total_energy_jobyears_no_decommission_per_1k,"Total energy job-years, excluding decommissioning","job-years per 1,000",1,3,247.2309388844374,193.61519138116145,TRUE,FALSE,-53.61574750327594,High-CMT
Full,1.5C,R10AFRICA,AIM,total_energy_jobyears_per_1k,"Total energy job-years, including decommissioning","job-years per 1,000",1,3,249.53101613542853,193.77241735653254,TRUE,FALSE,-55.75859877889599,High-CMT
Full,1.5C,R10AFRICA,GCAM,decommission_jobyears_per_1k,Decommissioning job-years,"job-years per 1,000",0,1,NA,7.839360765514298,FALSE,FALSE,NA,NA
Full,1.5C,R10AFRICA,GCAM,gross_plant_jobs_displaced_per_1k,Gross plant jobs displaced at retirement,"positions per 1,000",0,1,NA,7.982832923374217,FALSE,FALSE,NA,NA
Full,1.5C,R10AFRICA,GCAM,gross_upstream_jobs_displaced_per_1k,Gross upstream jobs displaced at retirement,"positions per 1,000",0,1,NA,0.0634176043865051,FALSE,FALSE,NA,NA
Full,1.5C,R10AFRICA,GCAM,inferred_retirements_GW,Inferred retired capacity,GW,0,1,NA,17317.985329901127,FALSE,FALSE,NA,NA
Full,1.5C,R10AFRICA,GCAM,jobs_RE_minus_fossil_per_1k,Renewable minus fossil job-years (diagnostic),"job-years per 1,000",0,1,NA,1058.8380598148808,FALSE,FALSE,NA,NA
Full,1.5C,R10AFRICA,GCAM,total_energy_jobyears_no_decommission_per_1k,"Total energy job-years, excluding decommissioning","job-years per 1,000",0,1,NA,1074.532867335656,FALSE,FALSE,NA,NA
Full,1.5C,R10AFRICA,GCAM,total_energy_jobyears_per_1k,"Total energy job-years, including decommissioning","job-years per 1,000",0,1,NA,1082.3722281011703,FALSE,FALSE,NA,NA
Full,1.5C,R10AFRICA,IMAGE,decommission_jobyears_per_1k,Decommissioning job-years,"job-years per 1,000",21,0,4.1007691888376385,NA,FALSE,FALSE,NA,NA
Full,1.5C,R10AFRICA,IMAGE,gross_plant_jobs_displaced_per_1k,Gross plant jobs displaced at retirement,"positions per 1,000",21,0,3.7940794916522287,NA,FALSE,FALSE,NA,NA
Full,1.5C,R10AFRICA,IMAGE,gross_upstream_jobs_displaced_per_1k,Gross upstream jobs displaced at retirement,"positions per 1,000",21,0,0.07852660653222057,NA,FALSE,FALSE,NA,NA
Full,1.5C,R10AFRICA,IMAGE,inferred_retirements_GW,Inferred retired capacity,GW,21,0,8077.6106251297915,NA,FALSE,FALSE,NA,NA
Full,1.5C,R10AFRICA,IMAGE,jobs_RE_minus_fossil_per_1k,Renewable minus fossil job-years (diagnostic),"job-years per 1,000",21,0,502.4926555735299,NA,FALSE,FALSE,NA,NA
Full,1.5C,R10AFRICA,IMAGE,total_energy_jobyears_no_decommission_per_1k,"Total energy job-years, excluding decommissioning","job-years per 1,000",21,0,539.606438257113,NA,FALSE,FALSE,NA,NA
Full,1.5C,R10AFRICA,IMAGE,total_energy_jobyears_per_1k,"Total energy job-years, including decommissioning","job-years per 1,000",21,0,544.169203098199,NA,FALSE,FALSE,NA,NA
Full,1.5C,R10AFRICA,MESSAGEix,decommission_jobyears_per_1k,Decommissioning job-years,"job-years per 1,000",25,3,0.1253819120229479,1.365421870007086,TRUE,TRUE,1.2400399579841381,High-RE
Full,1.5C,R10AFRICA,MESSAGEix,gross_plant_jobs_displaced_per_1k,Gross plant jobs displaced at retirement,"positions per 1,000",25,3,0.06498170870471102,1.2942636881295686,TRUE,TRUE,1.2292819794248575,High-RE
Full,1.5C,R10AFRICA,MESSAGEix,gross_upstream_jobs_displaced_per_1k,Gross upstream jobs displaced at retirement,"positions per 1,000",25,3,0.020218512037867137,0.035566961021878986,TRUE,TRUE,0.015348448984011848,High-RE
Full,1.5C,R10AFRICA,MESSAGEix,inferred_retirements_GW,Inferred retired capacity,GW,25,3,106.33317147738912,3167.3134042510756,TRUE,TRUE,3060.9802327736866,High-RE
Full,1.5C,R10AFRICA,MESSAGEix,jobs_RE_minus_fossil_per_1k,Renewable minus fossil job-years (diagnostic),"job-years per 1,000",25,3,252.54475182885233,278.58738092750093,TRUE,TRUE,26.042629098648604,High-RE
Full,1.5C,R10AFRICA,MESSAGEix,total_energy_jobyears_no_decommission_per_1k,"Total energy job-years, excluding decommissioning","job-years per 1,000",25,3,321.93221877733134,360.96087250428644,TRUE,TRUE,39.0286537269551,High-RE
Full,1.5C,R10AFRICA,MESSAGEix,total_energy_jobyears_per_1k,"Total energy job-years, including decommissioning","job-years per 1,000",25,3,322.30006407188057,362.3262943742936,TRUE,TRUE,40.02623030241301,High-RE
Full,1.5C,R10AFRICA,POLES,decommission_jobyears_per_1k,Decommissioning job-years,"job-years per 1,000",4,1,2.6914874054839704,0.19289370953319296,TRUE,FALSE,-2.4985936959507775,High-CMT
Full,1.5C,R10AFRICA,POLES,gross_plant_jobs_displaced_per_1k,Gross plant jobs displaced at retirement,"positions per 1,000",4,1,2.674689304409301,0.10666065237424859,TRUE,FALSE,-2.5680286520350526,High-CMT
Full,1.5C,R10AFRICA,POLES,gross_upstream_jobs_displaced_per_1k,Gross upstream jobs displaced at retirement,"positions per 1,000",4,1,0.11128611414160666,0.02507292494479703,TRUE,FALSE,-0.08621318919680963,High-CMT
Full,1.5C,R10AFRICA,POLES,inferred_retirements_GW,Inferred retired capacity,GW,4,1,5227.671779975039,125.69023871421814,TRUE,FALSE,-5101.98154126082,High-CMT
Full,1.5C,R10AFRICA,POLES,jobs_RE_minus_fossil_per_1k,Renewable minus fossil job-years (diagnostic),"job-years per 1,000",4,1,349.3863128864549,323.39269783091237,TRUE,FALSE,-25.993615055542534,High-CMT
Full,1.5C,R10AFRICA,POLES,total_energy_jobyears_no_decommission_per_1k,"Total energy job-years, excluding decommissioning","job-years per 1,000",4,1,451.47707153590625,398.1616693555493,TRUE,FALSE,-53.315402180356955,High-CMT
Full,1.5C,R10AFRICA,POLES,total_energy_jobyears_per_1k,"Total energy job-years, including decommissioning","job-years per 1,000",4,1,454.15652326007887,398.3545630650825,TRUE,FALSE,-55.801960194996354,High-CMT
Full,1.5C,R10AFRICA,REMIND,decommission_jobyears_per_1k,Decommissioning job-years,"job-years per 1,000",1,59,1.5718062679862652,4.581011636407215,TRUE,FALSE,3.00920536842095,High-RE
Full,1.5C,R10AFRICA,REMIND,gross_plant_jobs_displaced_per_1k,Gross plant jobs displaced at retirement,"positions per 1,000",1,59,1.637652019563249,5.385592416717345,TRUE,FALSE,3.747940397154096,High-RE
Full,1.5C,R10AFRICA,REMIND,gross_upstream_jobs_displaced_per_1k,Gross upstream jobs displaced at retirement,"positions per 1,000",1,59,0.013617448053206154,0.010974213775262398,TRUE,FALSE,-0.002643234277943756,High-CMT
Full,1.5C,R10AFRICA,REMIND,inferred_retirements_GW,Inferred retired capacity,GW,1,59,4005.8443237700017,12121.801180000008,TRUE,FALSE,8115.956856230006,High-RE
Full,1.5C,R10AFRICA,REMIND,jobs_RE_minus_fossil_per_1k,Renewable minus fossil job-years (diagnostic),"job-years per 1,000",1,59,485.1675157542864,1052.1761862195258,TRUE,FALSE,567.0086704652394,High-RE
Full,1.5C,R10AFRICA,REMIND,total_energy_jobyears_no_decommission_per_1k,"Total energy job-years, excluding decommissioning","job-years per 1,000",1,59,495.2983587937744,1056.1322851984162,TRUE,FALSE,560.8339264046417,High-RE
Full,1.5C,R10AFRICA,REMIND,total_energy_jobyears_per_1k,"Total energy job-years, including decommissioning","job-years per 1,000",1,59,496.87016506176064,1061.5729383635187,TRUE,FALSE,564.702773301758,High-RE
Full,1.5C,R10AFRICA,WITCH,decommission_jobyears_per_1k,Decommissioning job-years,"job-years per 1,000",6,0,2.07532207925356,NA,FALSE,FALSE,NA,NA
Full,1.5C,R10AFRICA,WITCH,gross_plant_jobs_displaced_per_1k,Gross plant jobs displaced at retirement,"positions per 1,000",6,0,2.174355640148142,NA,FALSE,FALSE,NA,NA
Full,1.5C,R10AFRICA,WITCH,gross_upstream_jobs_displaced_per_1k,Gross upstream jobs displaced at retirement,"positions per 1,000",6,0,0.079802180112384,NA,FALSE,FALSE,NA,NA
Full,1.5C,R10AFRICA,WITCH,inferred_retirements_GW,Inferred retired capacity,GW,6,0,4821.857261563277,NA,FALSE,FALSE,NA,NA
Full,1.5C,R10AFRICA,WITCH,jobs_RE_minus_fossil_per_1k,Renewable minus fossil job-years (diagnostic),"job-years per 1,000",6,0,191.33941984366624,NA,FALSE,FALSE,NA,NA
Full,1.5C,R10AFRICA,WITCH,total_energy_jobyears_no_decommission_per_1k,"Total energy job-years, excluding decommissioning","job-years per 1,000",6,0,224.9646016674305,NA,FALSE,FALSE,NA,NA
Full,1.5C,R10AFRICA,WITCH,total_energy_jobyears_per_1k,"Total energy job-years, including decommissioning","job-years per 1,000",6,0,227.03992374668402,NA,FALSE,FALSE,NA,NA
Full,1.5C,R10CHINA+,AIM,decommission_jobyears_per_1k,Decommissioning job-years,"job-years per 1,000",1,3,10.902167251828052,2.4020919281859774,TRUE,FALSE,-8.500075323642076,High-CMT
Full,1.5C,R10CHINA+,AIM,gross_plant_jobs_displaced_per_1k,Gross plant jobs displaced at retirement,"positions per 1,000",1,3,11.798169207825124,1.5117548488783938,TRUE,FALSE,-10.28641435894673,High-CMT
Full,1.5C,R10CHINA+,AIM,gross_upstream_jobs_displaced_per_1k,Gross upstream jobs displaced at retirement,"positions per 1,000",1,3,1.187364221323694,0.9486002469368525,TRUE,FALSE,-0.23876397438684138,High-CMT
Full,1.5C,R10CHINA+,AIM,inferred_retirements_GW,Inferred retired capacity,GW,1,3,30647.5235,2262.7635,TRUE,FALSE,-28384.76,High-CMT
Full,1.5C,R10CHINA+,AIM,jobs_RE_minus_fossil_per_1k,Renewable minus fossil job-years (diagnostic),"job-years per 1,000",1,3,400.8437634996819,173.24662913415025,TRUE,FALSE,-227.59713436553167,High-CMT
Full,1.5C,R10CHINA+,AIM,total_energy_jobyears_no_decommission_per_1k,"Total energy job-years, excluding decommissioning","job-years per 1,000",1,3,736.1565231425259,516.886426921848,TRUE,FALSE,-219.27009622067783,High-CMT
Full,1.5C,R10CHINA+,AIM,total_energy_jobyears_per_1k,"Total energy job-years, including decommissioning","job-years per 1,000",1,3,747.0586903943539,519.0304797794015,TRUE,FALSE,-228.0282106149524,High-CMT
Full,1.5C,R10CHINA+,GCAM,decommission_jobyears_per_1k,Decommissioning job-years,"job-years per 1,000",0,1,NA,7.849050071275895,FALSE,FALSE,NA,NA
Full,1.5C,R10CHINA+,GCAM,gross_plant_jobs_displaced_per_1k,Gross plant jobs displaced at retirement,"positions per 1,000",0,1,NA,5.071012818733348,FALSE,FALSE,NA,NA
Full,1.5C,R10CHINA+,GCAM,gross_upstream_jobs_displaced_per_1k,Gross upstream jobs displaced at retirement,"positions per 1,000",0,1,NA,0.8873308373261687,FALSE,FALSE,NA,NA
Full,1.5C,R10CHINA+,GCAM,inferred_retirements_GW,Inferred retired capacity,GW,0,1,NA,19021.124341949624,FALSE,FALSE,NA,NA
Full,1.5C,R10CHINA+,GCAM,jobs_RE_minus_fossil_per_1k,Renewable minus fossil job-years (diagnostic),"job-years per 1,000",0,1,NA,311.5141732076644,FALSE,FALSE,NA,NA
Full,1.5C,R10CHINA+,GCAM,total_energy_jobyears_no_decommission_per_1k,"Total energy job-years, excluding decommissioning","job-years per 1,000",0,1,NA,381.68289181153995,FALSE,FALSE,NA,NA
Full,1.5C,R10CHINA+,GCAM,total_energy_jobyears_per_1k,"Total energy job-years, including decommissioning","job-years per 1,000",0,1,NA,389.53194188281583,FALSE,FALSE,NA,NA
Full,1.5C,R10CHINA+,IMAGE,decommission_jobyears_per_1k,Decommissioning job-years,"job-years per 1,000",21,0,7.117554062389794,NA,FALSE,FALSE,NA,NA
Full,1.5C,R10CHINA+,IMAGE,gross_plant_jobs_displaced_per_1k,Gross plant jobs displaced at retirement,"positions per 1,000",21,0,5.466130580275508,NA,FALSE,FALSE,NA,NA
Full,1.5C,R10CHINA+,IMAGE,gross_upstream_jobs_displaced_per_1k,Gross upstream jobs displaced at retirement,"positions per 1,000",21,0,1.0111865085581178,NA,FALSE,FALSE,NA,NA
Full,1.5C,R10CHINA+,IMAGE,inferred_retirements_GW,Inferred retired capacity,GW,21,0,15292.716752047592,NA,FALSE,FALSE,NA,NA
Full,1.5C,R10CHINA+,IMAGE,jobs_RE_minus_fossil_per_1k,Renewable minus fossil job-years (diagnostic),"job-years per 1,000",21,0,186.73214303719777,NA,FALSE,FALSE,NA,NA
Full,1.5C,R10CHINA+,IMAGE,total_energy_jobyears_no_decommission_per_1k,"Total energy job-years, excluding decommissioning","job-years per 1,000",21,0,344.1379359353281,NA,FALSE,FALSE,NA,NA
Full,1.5C,R10CHINA+,IMAGE,total_energy_jobyears_per_1k,"Total energy job-years, including decommissioning","job-years per 1,000",21,0,351.25548999771786,NA,FALSE,FALSE,NA,NA
Full,1.5C,R10CHINA+,MESSAGEix,decommission_jobyears_per_1k,Decommissioning job-years,"job-years per 1,000",25,3,2.2284682135622993,5.874295482119742,TRUE,TRUE,3.645827268557443,High-RE
Full,1.5C,R10CHINA+,MESSAGEix,gross_plant_jobs_displaced_per_1k,Gross plant jobs displaced at retirement,"positions per 1,000",25,3,1.342387994489896,5.639879861883,TRUE,TRUE,4.297491867393104,High-RE
Full,1.5C,R10CHINA+,MESSAGEix,gross_upstream_jobs_displaced_per_1k,Gross upstream jobs displaced at retirement,"positions per 1,000",25,3,0.6865188367274506,0.6220887163212615,TRUE,TRUE,-0.06443012040618912,High-CMT
Full,1.5C,R10CHINA+,MESSAGEix,inferred_retirements_GW,Inferred retired capacity,GW,25,3,2555.609520535727,16646.134562897252,TRUE,TRUE,14090.525042361525,High-RE
Full,1.5C,R10CHINA+,MESSAGEix,jobs_RE_minus_fossil_per_1k,Renewable minus fossil job-years (diagnostic),"job-years per 1,000",25,3,170.81155863909532,369.662262101476,TRUE,TRUE,198.8507034623807,High-RE
Full,1.5C,R10CHINA+,MESSAGEix,total_energy_jobyears_no_decommission_per_1k,"Total energy job-years, excluding decommissioning","job-years per 1,000",25,3,237.41925347192364,443.90657209537846,TRUE,TRUE,206.48731862345483,High-RE
Full,1.5C,R10CHINA+,MESSAGEix,total_energy_jobyears_per_1k,"Total energy job-years, including decommissioning","job-years per 1,000",25,3,239.8147983014547,449.7109727788984,TRUE,TRUE,209.8961744774437,High-RE
Full,1.5C,R10CHINA+,POLES,decommission_jobyears_per_1k,Decommissioning job-years,"job-years per 1,000",4,1,7.008020081229907,4.474686670878222,TRUE,FALSE,-2.533333410351686,High-CMT
Full,1.5C,R10CHINA+,POLES,gross_plant_jobs_displaced_per_1k,Gross plant jobs displaced at retirement,"positions per 1,000",4,1,5.730634929459742,3.410261168063992,TRUE,FALSE,-2.3203737613957505,High-CMT
Full,1.5C,R10CHINA+,POLES,gross_upstream_jobs_displaced_per_1k,Gross upstream jobs displaced at retirement,"positions per 1,000",4,1,0.9963597068853607,0.9021475014461702,TRUE,FALSE,-0.09421220543919051,High-CMT
Full,1.5C,R10CHINA+,POLES,inferred_retirements_GW,Inferred retired capacity,GW,4,1,14058.50957348247,7750.5125291368395,TRUE,FALSE,-6307.9970443456305,High-CMT
Full,1.5C,R10CHINA+,POLES,jobs_RE_minus_fossil_per_1k,Renewable minus fossil job-years (diagnostic),"job-years per 1,000",4,1,194.6504841682489,263.4235142147354,TRUE,FALSE,68.7730300464865,High-RE
Full,1.5C,R10CHINA+,POLES,total_energy_jobyears_no_decommission_per_1k,"Total energy job-years, excluding decommissioning","job-years per 1,000",4,1,408.0016934451886,564.2214600477757,TRUE,FALSE,156.21976660258713,High-RE
Full,1.5C,R10CHINA+,POLES,total_energy_jobyears_per_1k,"Total energy job-years, including decommissioning","job-years per 1,000",4,1,415.00971352641847,568.696146718654,TRUE,FALSE,153.68643319223548,High-RE
Full,1.5C,R10CHINA+,REMIND,decommission_jobyears_per_1k,Decommissioning job-years,"job-years per 1,000",1,59,4.6886476830358275,6.5381005767585645,TRUE,FALSE,1.849452893722737,High-RE
Full,1.5C,R10CHINA+,REMIND,gross_plant_jobs_displaced_per_1k,Gross plant jobs displaced at retirement,"positions per 1,000",1,59,3.5728687772510694,5.554462932680328,TRUE,FALSE,1.9815941554292582,High-RE
Full,1.5C,R10CHINA+,REMIND,gross_upstream_jobs_displaced_per_1k,Gross upstream jobs displaced at retirement,"positions per 1,000",1,59,0.830046164237771,0.6028357178464878,TRUE,FALSE,-0.22721044639128318,High-CMT
Full,1.5C,R10CHINA+,REMIND,inferred_retirements_GW,Inferred retired capacity,GW,1,59,10746.02518924,18535.414079999995,TRUE,FALSE,7789.388890759996,High-RE
Full,1.5C,R10CHINA+,REMIND,jobs_RE_minus_fossil_per_1k,Renewable minus fossil job-years (diagnostic),"job-years per 1,000",1,59,180.5058164713049,378.18503623613157,TRUE,FALSE,197.67921976482666,High-RE
Full,1.5C,R10CHINA+,REMIND,total_energy_jobyears_no_decommission_per_1k,"Total energy job-years, excluding decommissioning","job-years per 1,000",1,59,242.89245937335542,442.7703475413924,TRUE,FALSE,199.877888168037,High-RE
Full,1.5C,R10CHINA+,REMIND,total_energy_jobyears_per_1k,"Total energy job-years, including decommissioning","job-years per 1,000",1,59,247.58110705639126,448.6349996285158,TRUE,FALSE,201.05389257212454,High-RE
Full,1.5C,R10CHINA+,WITCH,decommission_jobyears_per_1k,Decommissioning job-years,"job-years per 1,000",6,0,4.652072495602157,NA,FALSE,FALSE,NA,NA
Full,1.5C,R10CHINA+,WITCH,gross_plant_jobs_displaced_per_1k,Gross plant jobs displaced at retirement,"positions per 1,000",6,0,7.352797171191291,NA,FALSE,FALSE,NA,NA
Full,1.5C,R10CHINA+,WITCH,gross_upstream_jobs_displaced_per_1k,Gross upstream jobs displaced at retirement,"positions per 1,000",6,0,0.6588611564012683,NA,FALSE,FALSE,NA,NA
Full,1.5C,R10CHINA+,WITCH,inferred_retirements_GW,Inferred retired capacity,GW,6,0,16848.229813190646,NA,FALSE,FALSE,NA,NA
Full,1.5C,R10CHINA+,WITCH,jobs_RE_minus_fossil_per_1k,Renewable minus fossil job-years (diagnostic),"job-years per 1,000",6,0,304.44434809419045,NA,FALSE,FALSE,NA,NA
Full,1.5C,R10CHINA+,WITCH,total_energy_jobyears_no_decommission_per_1k,"Total energy job-years, excluding decommissioning","job-years per 1,000",6,0,424.3565339807243,NA,FALSE,FALSE,NA,NA
Full,1.5C,R10CHINA+,WITCH,total_energy_jobyears_per_1k,"Total energy job-years, including decommissioning","job-years per 1,000",6,0,429.00860647632646,NA,FALSE,FALSE,NA,NA
Full,1.5C,R10EUROPE,AIM,decommission_jobyears_per_1k,Decommissioning job-years,"job-years per 1,000",1,3,7.149904374923789,0.9512148554892621,TRUE,FALSE,-6.198689519434527,High-CMT
Full,1.5C,R10EUROPE,AIM,gross_plant_jobs_displaced_per_1k,Gross plant jobs displaced at retirement,"positions per 1,000",1,3,5.193262308234503,0.4234344408206833,TRUE,FALSE,-4.769827867413819,High-CMT
Full,1.5C,R10EUROPE,AIM,gross_upstream_jobs_displaced_per_1k,Gross upstream jobs displaced at retirement,"positions per 1,000",1,3,0.3326108892223156,0.34507557809981687,TRUE,FALSE,0.012464688877501295,High-RE
Full,1.5C,R10EUROPE,AIM,inferred_retirements_GW,Inferred retired capacity,GW,1,3,9625.419500000002,861.9302000000001,TRUE,FALSE,-8763.489300000001,High-CMT
Full,1.5C,R10EUROPE,AIM,jobs_RE_minus_fossil_per_1k,Renewable minus fossil job-years (diagnostic),"job-years per 1,000",1,3,111.59951859411039,96.93628627332284,TRUE,FALSE,-14.663232320787557,High-CMT
Full,1.5C,R10EUROPE,AIM,total_energy_jobyears_no_decommission_per_1k,"Total energy job-years, excluding decommissioning","job-years per 1,000",1,3,315.22267536412824,237.90643168628452,TRUE,FALSE,-77.31624367784372,High-CMT
Full,1.5C,R10EUROPE,AIM,total_energy_jobyears_per_1k,"Total energy job-years, including decommissioning","job-years per 1,000",1,3,322.372579739052,238.64031852732353,TRUE,FALSE,-83.73226121172848,High-CMT
Full,1.5C,R10EUROPE,GCAM,decommission_jobyears_per_1k,Decommissioning job-years,"job-years per 1,000",0,1,NA,6.023110485195349,FALSE,FALSE,NA,NA
Full,1.5C,R10EUROPE,GCAM,gross_plant_jobs_displaced_per_1k,Gross plant jobs displaced at retirement,"positions per 1,000",0,1,NA,3.066294551156157,FALSE,FALSE,NA,NA
Full,1.5C,R10EUROPE,GCAM,gross_upstream_jobs_displaced_per_1k,Gross upstream jobs displaced at retirement,"positions per 1,000",0,1,NA,0.3138720493458075,FALSE,FALSE,NA,NA
Full,1.5C,R10EUROPE,GCAM,inferred_retirements_GW,Inferred retired capacity,GW,0,1,NA,10740.646358334332,FALSE,FALSE,NA,NA
Full,1.5C,R10EUROPE,GCAM,jobs_RE_minus_fossil_per_1k,Renewable minus fossil job-years (diagnostic),"job-years per 1,000",0,1,NA,172.51143282792688,FALSE,FALSE,NA,NA
Full,1.5C,R10EUROPE,GCAM,total_energy_jobyears_no_decommission_per_1k,"Total energy job-years, excluding decommissioning","job-years per 1,000",0,1,NA,225.25261775396734,FALSE,FALSE,NA,NA
Full,1.5C,R10EUROPE,GCAM,total_energy_jobyears_per_1k,"Total energy job-years, including decommissioning","job-years per 1,000",0,1,NA,231.27572823916267,FALSE,FALSE,NA,NA
Full,1.5C,R10EUROPE,IMAGE,decommission_jobyears_per_1k,Decommissioning job-years,"job-years per 1,000",21,0,4.516442556265884,NA,FALSE,FALSE,NA,NA
Full,1.5C,R10EUROPE,IMAGE,gross_plant_jobs_displaced_per_1k,Gross plant jobs displaced at retirement,"positions per 1,000",21,0,2.0659079842544843,NA,FALSE,FALSE,NA,NA
Full,1.5C,R10EUROPE,IMAGE,gross_upstream_jobs_displaced_per_1k,Gross upstream jobs displaced at retirement,"positions per 1,000",21,0,0.8697748115475775,NA,FALSE,FALSE,NA,NA
Full,1.5C,R10EUROPE,IMAGE,inferred_retirements_GW,Inferred retired capacity,GW,21,0,5658.225268178685,NA,FALSE,FALSE,NA,NA
Full,1.5C,R10EUROPE,IMAGE,jobs_RE_minus_fossil_per_1k,Renewable minus fossil job-years (diagnostic),"job-years per 1,000",21,0,35.84067390052088,NA,FALSE,FALSE,NA,NA
Full,1.5C,R10EUROPE,IMAGE,total_energy_jobyears_no_decommission_per_1k,"Total energy job-years, excluding decommissioning","job-years per 1,000",21,0,156.5471470723932,NA,FALSE,FALSE,NA,NA
Full,1.5C,R10EUROPE,IMAGE,total_energy_jobyears_per_1k,"Total energy job-years, including decommissioning","job-years per 1,000",21,0,160.38172015346598,NA,FALSE,FALSE,NA,NA
Full,1.5C,R10EUROPE,MESSAGEix,decommission_jobyears_per_1k,Decommissioning job-years,"job-years per 1,000",25,3,0.7727968415884963,4.7269035155612125,TRUE,TRUE,3.954106673972716,High-RE
Full,1.5C,R10EUROPE,MESSAGEix,gross_plant_jobs_displaced_per_1k,Gross plant jobs displaced at retirement,"positions per 1,000",25,3,0.3057876202705853,3.004092119360352,TRUE,TRUE,2.6983044990897667,High-RE
Full,1.5C,R10EUROPE,MESSAGEix,gross_upstream_jobs_displaced_per_1k,Gross upstream jobs displaced at retirement,"positions per 1,000",25,3,0.27432523265710756,0.2204068389094339,TRUE,TRUE,-0.053918393747673654,High-CMT
Full,1.5C,R10EUROPE,MESSAGEix,inferred_retirements_GW,Inferred retired capacity,GW,25,3,696.4035902996854,10654.971258938798,TRUE,TRUE,9958.567668639113,High-RE
Full,1.5C,R10EUROPE,MESSAGEix,jobs_RE_minus_fossil_per_1k,Renewable minus fossil job-years (diagnostic),"job-years per 1,000",25,3,73.40644293940915,228.23525189135168,TRUE,TRUE,154.82880895194253,High-RE
Full,1.5C,R10EUROPE,MESSAGEix,total_energy_jobyears_no_decommission_per_1k,"Total energy job-years, excluding decommissioning","job-years per 1,000",25,3,150.30472430058052,269.3581483335675,TRUE,TRUE,119.05342403298698,High-RE
Full,1.5C,R10EUROPE,MESSAGEix,total_energy_jobyears_per_1k,"Total energy job-years, including decommissioning","job-years per 1,000",25,3,150.7845068737266,274.0937537405218,TRUE,TRUE,123.30924686679518,High-RE
Full,1.5C,R10EUROPE,POLES,decommission_jobyears_per_1k,Decommissioning job-years,"job-years per 1,000",4,1,5.184068302125988,0.9814102512441384,TRUE,FALSE,-4.202658050881849,High-CMT
Full,1.5C,R10EUROPE,POLES,gross_plant_jobs_displaced_per_1k,Gross plant jobs displaced at retirement,"positions per 1,000",4,1,3.783561269125718,0.4343448755524079,TRUE,FALSE,-3.34921639357331,High-CMT
Full,1.5C,R10EUROPE,POLES,gross_upstream_jobs_displaced_per_1k,Gross upstream jobs displaced at retirement,"positions per 1,000",4,1,0.47251972290637484,0.26552186662775074,TRUE,FALSE,-0.2069978562786241,High-CMT
Full,1.5C,R10EUROPE,POLES,inferred_retirements_GW,Inferred retired capacity,GW,4,1,8655.161005923152,1043.705822944642,TRUE,FALSE,-7611.45518297851,High-CMT
Full,1.5C,R10EUROPE,POLES,jobs_RE_minus_fossil_per_1k,Renewable minus fossil job-years (diagnostic),"job-years per 1,000",4,1,93.63832059884716,87.89183596777278,TRUE,FALSE,-5.746484631074381,High-CMT
Full,1.5C,R10EUROPE,POLES,total_energy_jobyears_no_decommission_per_1k,"Total energy job-years, excluding decommissioning","job-years per 1,000",4,1,259.0059245856952,240.23725961719538,TRUE,FALSE,-18.76866496849982,High-CMT
Full,1.5C,R10EUROPE,POLES,total_energy_jobyears_per_1k,"Total energy job-years, including decommissioning","job-years per 1,000",4,1,264.1899928878212,241.2186698684395,TRUE,FALSE,-22.971323019381686,High-CMT
Full,1.5C,R10EUROPE,REMIND,decommission_jobyears_per_1k,Decommissioning job-years,"job-years per 1,000",1,59,2.456190263190114,3.731548378905512,TRUE,FALSE,1.275358115715398,High-RE
Full,1.5C,R10EUROPE,REMIND,gross_plant_jobs_displaced_per_1k,Gross plant jobs displaced at retirement,"positions per 1,000",1,59,1.397057013140916,2.4955636120886715,TRUE,FALSE,1.0985065989477556,High-RE
Full,1.5C,R10EUROPE,REMIND,gross_upstream_jobs_displaced_per_1k,Gross upstream jobs displaced at retirement,"positions per 1,000",1,59,0.2696049272962985,0.2177590185279222,TRUE,FALSE,-0.051845908768376275,High-CMT
Full,1.5C,R10EUROPE,REMIND,inferred_retirements_GW,Inferred retired capacity,GW,1,59,4511.40740189,9358.97373,TRUE,FALSE,4847.56632811,High-RE
Full,1.5C,R10EUROPE,REMIND,jobs_RE_minus_fossil_per_1k,Renewable minus fossil job-years (diagnostic),"job-years per 1,000",1,59,70.4582762601122,171.1023029757663,TRUE,FALSE,100.64402671565409,High-RE
Full,1.5C,R10EUROPE,REMIND,total_energy_jobyears_no_decommission_per_1k,"Total energy job-years, excluding decommissioning","job-years per 1,000",1,59,86.1937669890837,188.9305236856251,TRUE,FALSE,102.7367566965414,High-RE
Full,1.5C,R10EUROPE,REMIND,total_energy_jobyears_per_1k,"Total energy job-years, including decommissioning","job-years per 1,000",1,59,88.64995725227382,192.62432270638394,TRUE,FALSE,103.97436545411011,High-RE
Full,1.5C,R10EUROPE,WITCH,decommission_jobyears_per_1k,Decommissioning job-years,"job-years per 1,000",6,0,4.545517543861644,NA,FALSE,FALSE,NA,NA
Full,1.5C,R10EUROPE,WITCH,gross_plant_jobs_displaced_per_1k,Gross plant jobs displaced at retirement,"positions per 1,000",6,0,3.3182333019346633,NA,FALSE,FALSE,NA,NA
Full,1.5C,R10EUROPE,WITCH,gross_upstream_jobs_displaced_per_1k,Gross upstream jobs displaced at retirement,"positions per 1,000",6,0,0.30820037604877315,NA,FALSE,FALSE,NA,NA
Full,1.5C,R10EUROPE,WITCH,inferred_retirements_GW,Inferred retired capacity,GW,6,0,9200.559223192713,NA,FALSE,FALSE,NA,NA
Full,1.5C,R10EUROPE,WITCH,jobs_RE_minus_fossil_per_1k,Renewable minus fossil job-years (diagnostic),"job-years per 1,000",6,0,138.0535024935425,NA,FALSE,FALSE,NA,NA
Full,1.5C,R10EUROPE,WITCH,total_energy_jobyears_no_decommission_per_1k,"Total energy job-years, excluding decommissioning","job-years per 1,000",6,0,203.9668967260581,NA,FALSE,FALSE,NA,NA
Full,1.5C,R10EUROPE,WITCH,total_energy_jobyears_per_1k,"Total energy job-years, including decommissioning","job-years per 1,000",6,0,208.51241426991976,NA,FALSE,FALSE,NA,NA
Full,1.5C,R10INDIA+,AIM,decommission_jobyears_per_1k,Decommissioning job-years,"job-years per 1,000",1,3,4.12055071161487,0.4984437913031554,TRUE,FALSE,-3.6221069203117144,High-CMT
Full,1.5C,R10INDIA+,AIM,gross_plant_jobs_displaced_per_1k,Gross plant jobs displaced at retirement,"positions per 1,000",1,3,5.088985230222028,0.1933773728614069,TRUE,FALSE,-4.895607857360622,High-CMT
Full,1.5C,R10INDIA+,AIM,gross_upstream_jobs_displaced_per_1k,Gross upstream jobs displaced at retirement,"positions per 1,000",1,3,0.23253304537361358,0.1441097499694417,TRUE,FALSE,-0.08842329540417188,High-CMT
Full,1.5C,R10INDIA+,AIM,inferred_retirements_GW,Inferred retired capacity,GW,1,3,11182.308860000001,410.8844000000001,TRUE,FALSE,-10771.42446,High-CMT
Full,1.5C,R10INDIA+,AIM,jobs_RE_minus_fossil_per_1k,Renewable minus fossil job-years (diagnostic),"job-years per 1,000",1,3,384.7858415083161,431.27530206922137,TRUE,FALSE,46.489460560905286,High-RE
Full,1.5C,R10INDIA+,AIM,total_energy_jobyears_no_decommission_per_1k,"Total energy job-years, excluding decommissioning","job-years per 1,000",1,3,469.8674824297922,476.7986066678551,TRUE,FALSE,6.931124238062921,High-RE
Full,1.5C,R10INDIA+,AIM,total_energy_jobyears_per_1k,"Total energy job-years, including decommissioning","job-years per 1,000",1,3,473.98803314140696,477.21848215916293,TRUE,FALSE,3.230449017755973,High-RE
Full,1.5C,R10INDIA+,GCAM,decommission_jobyears_per_1k,Decommissioning job-years,"job-years per 1,000",0,1,NA,6.307259398748574,FALSE,FALSE,NA,NA
Full,1.5C,R10INDIA+,GCAM,gross_plant_jobs_displaced_per_1k,Gross plant jobs displaced at retirement,"positions per 1,000",0,1,NA,7.6432446503928295,FALSE,FALSE,NA,NA
Full,1.5C,R10INDIA+,GCAM,gross_upstream_jobs_displaced_per_1k,Gross upstream jobs displaced at retirement,"positions per 1,000",0,1,NA,0.180285731273399,FALSE,FALSE,NA,NA
Full,1.5C,R10INDIA+,GCAM,inferred_retirements_GW,Inferred retired capacity,GW,0,1,NA,17194.67194812465,FALSE,FALSE,NA,NA
Full,1.5C,R10INDIA+,GCAM,jobs_RE_minus_fossil_per_1k,Renewable minus fossil job-years (diagnostic),"job-years per 1,000",0,1,NA,706.1113959808648,FALSE,FALSE,NA,NA
Full,1.5C,R10INDIA+,GCAM,total_energy_jobyears_no_decommission_per_1k,"Total energy job-years, excluding decommissioning","job-years per 1,000",0,1,NA,734.2217932962249,FALSE,FALSE,NA,NA
Full,1.5C,R10INDIA+,GCAM,total_energy_jobyears_per_1k,"Total energy job-years, including decommissioning","job-years per 1,000",0,1,NA,740.5290526949734,FALSE,FALSE,NA,NA
Full,1.5C,R10INDIA+,IMAGE,decommission_jobyears_per_1k,Decommissioning job-years,"job-years per 1,000",21,0,3.6445120666602153,NA,FALSE,FALSE,NA,NA
Full,1.5C,R10INDIA+,IMAGE,gross_plant_jobs_displaced_per_1k,Gross plant jobs displaced at retirement,"positions per 1,000",21,0,3.6819293499067727,NA,FALSE,FALSE,NA,NA
Full,1.5C,R10INDIA+,IMAGE,gross_upstream_jobs_displaced_per_1k,Gross upstream jobs displaced at retirement,"positions per 1,000",21,0,0.2351993919025854,NA,FALSE,FALSE,NA,NA
Full,1.5C,R10INDIA+,IMAGE,inferred_retirements_GW,Inferred retired capacity,GW,21,0,8743.337058916031,NA,FALSE,FALSE,NA,NA
Full,1.5C,R10INDIA+,IMAGE,jobs_RE_minus_fossil_per_1k,Renewable minus fossil job-years (diagnostic),"job-years per 1,000",21,0,281.1955708584935,NA,FALSE,FALSE,NA,NA
Full,1.5C,R10INDIA+,IMAGE,total_energy_jobyears_no_decommission_per_1k,"Total energy job-years, excluding decommissioning","job-years per 1,000",21,0,384.4679018880239,NA,FALSE,FALSE,NA,NA
Full,1.5C,R10INDIA+,IMAGE,total_energy_jobyears_per_1k,"Total energy job-years, including decommissioning","job-years per 1,000",21,0,388.1195251852032,NA,FALSE,FALSE,NA,NA
Full,1.5C,R10INDIA+,MESSAGEix,decommission_jobyears_per_1k,Decommissioning job-years,"job-years per 1,000",25,3,0.5954260550630328,2.8286680581302552,TRUE,TRUE,2.2332420030672226,High-RE
Full,1.5C,R10INDIA+,MESSAGEix,gross_plant_jobs_displaced_per_1k,Gross plant jobs displaced at retirement,"positions per 1,000",25,3,0.2931715114155735,3.086821101159604,TRUE,TRUE,2.7936495897440303,High-RE
Full,1.5C,R10INDIA+,MESSAGEix,gross_upstream_jobs_displaced_per_1k,Gross upstream jobs displaced at retirement,"positions per 1,000",25,3,0.1168170894517633,0.11521970770307194,TRUE,TRUE,-0.0015973817486913677,High-CMT
Full,1.5C,R10INDIA+,MESSAGEix,inferred_retirements_GW,Inferred retired capacity,GW,25,3,668.4354376726124,7210.720199921355,TRUE,TRUE,6542.2847622487425,High-RE
Full,1.5C,R10INDIA+,MESSAGEix,jobs_RE_minus_fossil_per_1k,Renewable minus fossil job-years (diagnostic),"job-years per 1,000",25,3,258.98967542793696,595.194324734602,TRUE,TRUE,336.20464930666503,High-RE
Full,1.5C,R10INDIA+,MESSAGEix,total_energy_jobyears_no_decommission_per_1k,"Total energy job-years, excluding decommissioning","job-years per 1,000",25,3,338.47894304460954,677.6052164121195,TRUE,TRUE,339.12627336750995,High-RE
Full,1.5C,R10INDIA+,MESSAGEix,total_energy_jobyears_per_1k,"Total energy job-years, including decommissioning","job-years per 1,000",25,3,339.0312339618879,680.3840631841778,TRUE,TRUE,341.35282922228987,High-RE
Full,1.5C,R10INDIA+,POLES,decommission_jobyears_per_1k,Decommissioning job-years,"job-years per 1,000",4,1,4.4322337476986675,0.3806999730814272,TRUE,FALSE,-4.051533774617241,High-CMT
Full,1.5C,R10INDIA+,POLES,gross_plant_jobs_displaced_per_1k,Gross plant jobs displaced at retirement,"positions per 1,000",4,1,5.609008318120056,0.19581083521594891,TRUE,FALSE,-5.413197482904107,High-CMT
Full,1.5C,R10INDIA+,POLES,gross_upstream_jobs_displaced_per_1k,Gross upstream jobs displaced at retirement,"positions per 1,000",4,1,0.24672428337766728,0.071389166141315,TRUE,FALSE,-0.17533511723635226,High-CMT
Full,1.5C,R10INDIA+,POLES,inferred_retirements_GW,Inferred retired capacity,GW,4,1,12891.861060460575,444.034116744995,TRUE,FALSE,-12447.82694371558,High-CMT
Full,1.5C,R10INDIA+,POLES,jobs_RE_minus_fossil_per_1k,Renewable minus fossil job-years (diagnostic),"job-years per 1,000",4,1,438.5082381687354,452.55360096507803,TRUE,FALSE,14.045362796342658,High-RE
Full,1.5C,R10INDIA+,POLES,total_energy_jobyears_no_decommission_per_1k,"Total energy job-years, excluding decommissioning","job-years per 1,000",4,1,632.6677241989468,638.7091275346376,TRUE,FALSE,6.041403335690802,High-RE
Full,1.5C,R10INDIA+,POLES,total_energy_jobyears_per_1k,"Total energy job-years, including decommissioning","job-years per 1,000",4,1,637.2770561048793,639.089827507719,TRUE,FALSE,1.812771402839644,High-RE
Full,1.5C,R10INDIA+,REMIND,decommission_jobyears_per_1k,Decommissioning job-years,"job-years per 1,000",1,59,2.79943105524194,6.371465535003451,TRUE,FALSE,3.572034479761511,High-RE
Full,1.5C,R10INDIA+,REMIND,gross_plant_jobs_displaced_per_1k,Gross plant jobs displaced at retirement,"positions per 1,000",1,59,3.209671563919955,8.570931476832893,TRUE,FALSE,5.361259912912939,High-RE
Full,1.5C,R10INDIA+,REMIND,gross_upstream_jobs_displaced_per_1k,Gross upstream jobs displaced at retirement,"positions per 1,000",1,59,0.14787249648186032,0.15251115867797,TRUE,FALSE,0.004638662196109672,High-RE
Full,1.5C,R10INDIA+,REMIND,inferred_retirements_GW,Inferred retired capacity,GW,1,59,7454.886804079998,20463.67871,TRUE,FALSE,13008.791905920003,High-RE
Full,1.5C,R10INDIA+,REMIND,jobs_RE_minus_fossil_per_1k,Renewable minus fossil job-years (diagnostic),"job-years per 1,000",1,59,408.35692194562836,1009.5539319150108,TRUE,FALSE,601.1970099693824,High-RE
Full,1.5C,R10INDIA+,REMIND,total_energy_jobyears_no_decommission_per_1k,"Total energy job-years, excluding decommissioning","job-years per 1,000",1,59,432.7124874677153,1070.9906795108789,TRUE,FALSE,638.2781920431636,High-RE
Full,1.5C,R10INDIA+,REMIND,total_energy_jobyears_per_1k,"Total energy job-years, including decommissioning","job-years per 1,000",1,59,435.5119185229572,1077.691243649376,TRUE,FALSE,642.1793251264188,High-RE
Full,1.5C,R10INDIA+,WITCH,decommission_jobyears_per_1k,Decommissioning job-years,"job-years per 1,000",6,0,2.0351644223566128,NA,FALSE,FALSE,NA,NA
Full,1.5C,R10INDIA+,WITCH,gross_plant_jobs_displaced_per_1k,Gross plant jobs displaced at retirement,"positions per 1,000",6,0,3.230647774550989,NA,FALSE,FALSE,NA,NA
Full,1.5C,R10INDIA+,WITCH,gross_upstream_jobs_displaced_per_1k,Gross upstream jobs displaced at retirement,"positions per 1,000",6,0,0.11583960858382171,NA,FALSE,FALSE,NA,NA
Full,1.5C,R10INDIA+,WITCH,inferred_retirements_GW,Inferred retired capacity,GW,6,0,7777.661863537387,NA,FALSE,FALSE,NA,NA
Full,1.5C,R10INDIA+,WITCH,jobs_RE_minus_fossil_per_1k,Renewable minus fossil job-years (diagnostic),"job-years per 1,000",6,0,259.5836121528081,NA,FALSE,FALSE,NA,NA
Full,1.5C,R10INDIA+,WITCH,total_energy_jobyears_no_decommission_per_1k,"Total energy job-years, excluding decommissioning","job-years per 1,000",6,0,278.36750385916315,NA,FALSE,FALSE,NA,NA
Full,1.5C,R10INDIA+,WITCH,total_energy_jobyears_per_1k,"Total energy job-years, including decommissioning","job-years per 1,000",6,0,280.40266828151977,NA,FALSE,FALSE,NA,NA
Full,1.5C,R10LATIN_AM,AIM,decommission_jobyears_per_1k,Decommissioning job-years,"job-years per 1,000",1,3,8.488359568468704,0.7238903271923637,TRUE,FALSE,-7.76446924127634,High-CMT
Full,1.5C,R10LATIN_AM,AIM,gross_plant_jobs_displaced_per_1k,Gross plant jobs displaced at retirement,"positions per 1,000",1,3,6.589248110170181,0.18631985095208864,TRUE,FALSE,-6.4029282592180925,High-CMT
Full,1.5C,R10LATIN_AM,AIM,gross_upstream_jobs_displaced_per_1k,Gross upstream jobs displaced at retirement,"positions per 1,000",1,3,0.10567777437787855,0.062475375348095726,TRUE,FALSE,-0.043202399029782824,High-CMT
Full,1.5C,R10LATIN_AM,AIM,inferred_retirements_GW,Inferred retired capacity,GW,1,3,4617.810260000001,210.25739999999996,TRUE,FALSE,-4407.552860000002,High-CMT
Full,1.5C,R10LATIN_AM,AIM,jobs_RE_minus_fossil_per_1k,Renewable minus fossil job-years (diagnostic),"job-years per 1,000",1,3,285.77114543506946,121.17049093385947,TRUE,FALSE,-164.60065450121,High-CMT
Full,1.5C,R10LATIN_AM,AIM,total_energy_jobyears_no_decommission_per_1k,"Total energy job-years, excluding decommissioning","job-years per 1,000",1,3,484.1740614282786,235.11050719161278,TRUE,FALSE,-249.06355423666582,High-CMT
Full,1.5C,R10LATIN_AM,AIM,total_energy_jobyears_per_1k,"Total energy job-years, including decommissioning","job-years per 1,000",1,3,492.6624209967473,235.77991491233195,TRUE,FALSE,-256.88250608441535,High-CMT
Full,1.5C,R10LATIN_AM,GCAM,decommission_jobyears_per_1k,Decommissioning job-years,"job-years per 1,000",0,1,NA,14.883378757480958,FALSE,FALSE,NA,NA
Full,1.5C,R10LATIN_AM,GCAM,gross_plant_jobs_displaced_per_1k,Gross plant jobs displaced at retirement,"positions per 1,000",0,1,NA,6.190165021640721,FALSE,FALSE,NA,NA
Full,1.5C,R10LATIN_AM,GCAM,gross_upstream_jobs_displaced_per_1k,Gross upstream jobs displaced at retirement,"positions per 1,000",0,1,NA,0.08764292157529473,FALSE,FALSE,NA,NA
Full,1.5C,R10LATIN_AM,GCAM,inferred_retirements_GW,Inferred retired capacity,GW,0,1,NA,8779.338478835329,FALSE,FALSE,NA,NA
Full,1.5C,R10LATIN_AM,GCAM,jobs_RE_minus_fossil_per_1k,Renewable minus fossil job-years (diagnostic),"job-years per 1,000",0,1,NA,508.9037680673845,FALSE,FALSE,NA,NA
Full,1.5C,R10LATIN_AM,GCAM,total_energy_jobyears_no_decommission_per_1k,"Total energy job-years, excluding decommissioning","job-years per 1,000",0,1,NA,587.3099880981657,FALSE,FALSE,NA,NA
Full,1.5C,R10LATIN_AM,GCAM,total_energy_jobyears_per_1k,"Total energy job-years, including decommissioning","job-years per 1,000",0,1,NA,602.1933668556466,FALSE,FALSE,NA,NA
Full,1.5C,R10LATIN_AM,IMAGE,decommission_jobyears_per_1k,Decommissioning job-years,"job-years per 1,000",21,0,8.862302944413864,NA,FALSE,FALSE,NA,NA
Full,1.5C,R10LATIN_AM,IMAGE,gross_plant_jobs_displaced_per_1k,Gross plant jobs displaced at retirement,"positions per 1,000",21,0,3.986901860688434,NA,FALSE,FALSE,NA,NA
Full,1.5C,R10LATIN_AM,IMAGE,gross_upstream_jobs_displaced_per_1k,Gross upstream jobs displaced at retirement,"positions per 1,000",21,0,0.20883943554751064,NA,FALSE,FALSE,NA,NA
Full,1.5C,R10LATIN_AM,IMAGE,inferred_retirements_GW,Inferred retired capacity,GW,21,0,4583.985656681838,NA,FALSE,FALSE,NA,NA
Full,1.5C,R10LATIN_AM,IMAGE,jobs_RE_minus_fossil_per_1k,Renewable minus fossil job-years (diagnostic),"job-years per 1,000",21,0,209.82773800953137,NA,FALSE,FALSE,NA,NA
Full,1.5C,R10LATIN_AM,IMAGE,total_energy_jobyears_no_decommission_per_1k,"Total energy job-years, excluding decommissioning","job-years per 1,000",21,0,371.1984314159113,NA,FALSE,FALSE,NA,NA
Full,1.5C,R10LATIN_AM,IMAGE,total_energy_jobyears_per_1k,"Total energy job-years, including decommissioning","job-years per 1,000",21,0,376.76369100055786,NA,FALSE,FALSE,NA,NA
Full,1.5C,R10LATIN_AM,MESSAGEix,decommission_jobyears_per_1k,Decommissioning job-years,"job-years per 1,000",25,3,0.5260410219342209,6.754786403700676,TRUE,TRUE,6.228745381766455,High-RE
Full,1.5C,R10LATIN_AM,MESSAGEix,gross_plant_jobs_displaced_per_1k,Gross plant jobs displaced at retirement,"positions per 1,000",25,3,0.3346537399355432,4.025795616106867,TRUE,TRUE,3.691141876171324,High-RE
Full,1.5C,R10LATIN_AM,MESSAGEix,gross_upstream_jobs_displaced_per_1k,Gross upstream jobs displaced at retirement,"positions per 1,000",25,3,0.05586942470808033,0.034507697770273536,TRUE,TRUE,-0.021361726937806795,High-CMT
Full,1.5C,R10LATIN_AM,MESSAGEix,inferred_retirements_GW,Inferred retired capacity,GW,25,3,232.76045649825417,3709.0390615985525,TRUE,TRUE,3476.278605100298,High-RE
Full,1.5C,R10LATIN_AM,MESSAGEix,jobs_RE_minus_fossil_per_1k,Renewable minus fossil job-years (diagnostic),"job-years per 1,000",25,3,214.8000217275267,309.66591289461593,TRUE,TRUE,94.86589116708922,High-RE
Full,1.5C,R10LATIN_AM,MESSAGEix,total_energy_jobyears_no_decommission_per_1k,"Total energy job-years, excluding decommissioning","job-years per 1,000",25,3,263.93603876251615,392.81675871274507,TRUE,TRUE,128.88071995022892,High-RE
Full,1.5C,R10LATIN_AM,MESSAGEix,total_energy_jobyears_per_1k,"Total energy job-years, including decommissioning","job-years per 1,000",25,3,264.39377898536395,399.57154511644575,TRUE,TRUE,135.1777661310818,High-RE
Full,1.5C,R10LATIN_AM,POLES,decommission_jobyears_per_1k,Decommissioning job-years,"job-years per 1,000",4,1,8.57289060023632,1.059367220046855,TRUE,FALSE,-7.513523380189465,High-CMT
Full,1.5C,R10LATIN_AM,POLES,gross_plant_jobs_displaced_per_1k,Gross plant jobs displaced at retirement,"positions per 1,000",4,1,5.407309265755293,0.750746091325105,TRUE,FALSE,-4.656563174430188,High-CMT
Full,1.5C,R10LATIN_AM,POLES,gross_upstream_jobs_displaced_per_1k,Gross upstream jobs displaced at retirement,"positions per 1,000",4,1,0.1810043832397874,0.0646120595783,TRUE,FALSE,-0.1163923236614874,High-CMT
Full,1.5C,R10LATIN_AM,POLES,inferred_retirements_GW,Inferred retired capacity,GW,4,1,4553.271427638642,191.76664352416987,TRUE,FALSE,-4361.504784114472,High-CMT
Full,1.5C,R10LATIN_AM,POLES,jobs_RE_minus_fossil_per_1k,Renewable minus fossil job-years (diagnostic),"job-years per 1,000",4,1,248.74334673563462,168.47050389558206,TRUE,FALSE,-80.27284284005256,High-CMT
Full,1.5C,R10LATIN_AM,POLES,total_energy_jobyears_no_decommission_per_1k,"Total energy job-years, excluding decommissioning","job-years per 1,000",4,1,522.803212929306,385.2858942709608,TRUE,FALSE,-137.51731865834523,High-CMT
Full,1.5C,R10LATIN_AM,POLES,total_energy_jobyears_per_1k,"Total energy job-years, including decommissioning","job-years per 1,000",4,1,531.3761035295423,386.34526149100765,TRUE,FALSE,-145.03084203853467,High-CMT
Full,1.5C,R10LATIN_AM,REMIND,decommission_jobyears_per_1k,Decommissioning job-years,"job-years per 1,000",1,59,6.351780189075997,9.635363261142551,TRUE,FALSE,3.2835830720665538,High-RE
Full,1.5C,R10LATIN_AM,REMIND,gross_plant_jobs_displaced_per_1k,Gross plant jobs displaced at retirement,"positions per 1,000",1,59,2.5942141766653886,5.034447068132937,TRUE,FALSE,2.440232891467548,High-RE
Full,1.5C,R10LATIN_AM,REMIND,gross_upstream_jobs_displaced_per_1k,Gross upstream jobs displaced at retirement,"positions per 1,000",1,59,0.06272616935857601,0.06400380277735843,TRUE,FALSE,0.0012776334187824118,High-RE
Full,1.5C,R10LATIN_AM,REMIND,inferred_retirements_GW,Inferred retired capacity,GW,1,59,3870.2904853299997,6777.412159999999,TRUE,FALSE,2907.1216746699993,High-RE
Full,1.5C,R10LATIN_AM,REMIND,jobs_RE_minus_fossil_per_1k,Renewable minus fossil job-years (diagnostic),"job-years per 1,000",1,59,235.33716432669394,516.1837237593921,TRUE,FALSE,280.8465594326982,High-RE
Full,1.5C,R10LATIN_AM,REMIND,total_energy_jobyears_no_decommission_per_1k,"Total energy job-years, excluding decommissioning","job-years per 1,000",1,59,297.77640809254314,582.9918832170046,TRUE,FALSE,285.2154751244614,High-RE
Full,1.5C,R10LATIN_AM,REMIND,total_energy_jobyears_per_1k,"Total energy job-years, including decommissioning","job-years per 1,000",1,59,304.1281882816191,593.6773793325028,TRUE,FALSE,289.54919105088373,High-RE
Full,1.5C,R10LATIN_AM,WITCH,decommission_jobyears_per_1k,Decommissioning job-years,"job-years per 1,000",6,0,9.054928958289473,NA,FALSE,FALSE,NA,NA
Full,1.5C,R10LATIN_AM,WITCH,gross_plant_jobs_displaced_per_1k,Gross plant jobs displaced at retirement,"positions per 1,000",6,0,11.866703844561961,NA,FALSE,FALSE,NA,NA
Full,1.5C,R10LATIN_AM,WITCH,gross_upstream_jobs_displaced_per_1k,Gross upstream jobs displaced at retirement,"positions per 1,000",6,0,0.15538420068692144,NA,FALSE,FALSE,NA,NA
Full,1.5C,R10LATIN_AM,WITCH,inferred_retirements_GW,Inferred retired capacity,GW,6,0,5009.93851853277,NA,FALSE,FALSE,NA,NA
Full,1.5C,R10LATIN_AM,WITCH,jobs_RE_minus_fossil_per_1k,Renewable minus fossil job-years (diagnostic),"job-years per 1,000",6,0,282.18584477700267,NA,FALSE,FALSE,NA,NA
Full,1.5C,R10LATIN_AM,WITCH,total_energy_jobyears_no_decommission_per_1k,"Total energy job-years, excluding decommissioning","job-years per 1,000",6,0,581.7700461699492,NA,FALSE,FALSE,NA,NA
Full,1.5C,R10LATIN_AM,WITCH,total_energy_jobyears_per_1k,"Total energy job-years, including decommissioning","job-years per 1,000",6,0,590.829208052083,NA,FALSE,FALSE,NA,NA
Full,1.5C,R10MIDDLE_EAST,AIM,decommission_jobyears_per_1k,Decommissioning job-years,"job-years per 1,000",1,3,5.944505902337994,0.8716830546413231,TRUE,FALSE,-5.072822847696671,High-CMT
Full,1.5C,R10MIDDLE_EAST,AIM,gross_plant_jobs_displaced_per_1k,Gross plant jobs displaced at retirement,"positions per 1,000",1,3,4.559184437471423,0.49121871718920296,TRUE,FALSE,-4.06796572028222,High-CMT
Full,1.5C,R10MIDDLE_EAST,AIM,gross_upstream_jobs_displaced_per_1k,Gross upstream jobs displaced at retirement,"positions per 1,000",1,3,0.023320700548167,0.040101935787266486,TRUE,FALSE,0.016781235239099485,High-RE
Full,1.5C,R10MIDDLE_EAST,AIM,inferred_retirements_GW,Inferred retired capacity,GW,1,3,6554.3502,433.5808,TRUE,FALSE,-6120.7694,High-CMT
Full,1.5C,R10MIDDLE_EAST,AIM,jobs_RE_minus_fossil_per_1k,Renewable minus fossil job-years (diagnostic),"job-years per 1,000",1,3,463.027295107788,420.6814959792686,TRUE,FALSE,-42.34579912851939,High-CMT
Full,1.5C,R10MIDDLE_EAST,AIM,total_energy_jobyears_no_decommission_per_1k,"Total energy job-years, excluding decommissioning","job-years per 1,000",1,3,561.1474813802434,496.04499829373594,TRUE,FALSE,-65.1024830865075,High-CMT
Full,1.5C,R10MIDDLE_EAST,AIM,total_energy_jobyears_per_1k,"Total energy job-years, including decommissioning","job-years per 1,000",1,3,567.0919872825815,496.7824351018834,TRUE,FALSE,-70.30955218069812,High-CMT
Full,1.5C,R10MIDDLE_EAST,GCAM,decommission_jobyears_per_1k,Decommissioning job-years,"job-years per 1,000",0,1,NA,7.78808269146481,FALSE,FALSE,NA,NA
Full,1.5C,R10MIDDLE_EAST,GCAM,gross_plant_jobs_displaced_per_1k,Gross plant jobs displaced at retirement,"positions per 1,000",0,1,NA,4.132128128189576,FALSE,FALSE,NA,NA
Full,1.5C,R10MIDDLE_EAST,GCAM,gross_upstream_jobs_displaced_per_1k,Gross upstream jobs displaced at retirement,"positions per 1,000",0,1,NA,0.014830109955389302,FALSE,FALSE,NA,NA
Full,1.5C,R10MIDDLE_EAST,GCAM,inferred_retirements_GW,Inferred retired capacity,GW,0,1,NA,6774.046953367943,FALSE,FALSE,NA,NA
Full,1.5C,R10MIDDLE_EAST,GCAM,jobs_RE_minus_fossil_per_1k,Renewable minus fossil job-years (diagnostic),"job-years per 1,000",0,1,NA,556.477742946636,FALSE,FALSE,NA,NA
Full,1.5C,R10MIDDLE_EAST,GCAM,total_energy_jobyears_no_decommission_per_1k,"Total energy job-years, excluding decommissioning","job-years per 1,000",0,1,NA,581.5976712662958,FALSE,FALSE,NA,NA
Full,1.5C,R10MIDDLE_EAST,GCAM,total_energy_jobyears_per_1k,"Total energy job-years, including decommissioning","job-years per 1,000",0,1,NA,589.3857539577606,FALSE,FALSE,NA,NA
Full,1.5C,R10MIDDLE_EAST,IMAGE,decommission_jobyears_per_1k,Decommissioning job-years,"job-years per 1,000",21,0,5.381180099555694,NA,FALSE,FALSE,NA,NA
Full,1.5C,R10MIDDLE_EAST,IMAGE,gross_plant_jobs_displaced_per_1k,Gross plant jobs displaced at retirement,"positions per 1,000",21,0,3.7885435723525043,NA,FALSE,FALSE,NA,NA
Full,1.5C,R10MIDDLE_EAST,IMAGE,gross_upstream_jobs_displaced_per_1k,Gross upstream jobs displaced at retirement,"positions per 1,000",21,0,0.03065197359397226,NA,FALSE,FALSE,NA,NA
Full,1.5C,R10MIDDLE_EAST,IMAGE,inferred_retirements_GW,Inferred retired capacity,GW,21,0,4644.8395181677215,NA,FALSE,FALSE,NA,NA
Full,1.5C,R10MIDDLE_EAST,IMAGE,jobs_RE_minus_fossil_per_1k,Renewable minus fossil job-years (diagnostic),"job-years per 1,000",21,0,302.5275332889051,NA,FALSE,FALSE,NA,NA
Full,1.5C,R10MIDDLE_EAST,IMAGE,total_energy_jobyears_no_decommission_per_1k,"Total energy job-years, excluding decommissioning","job-years per 1,000",21,0,444.3501511740887,NA,FALSE,FALSE,NA,NA
Full,1.5C,R10MIDDLE_EAST,IMAGE,total_energy_jobyears_per_1k,"Total energy job-years, including decommissioning","job-years per 1,000",21,0,449.7313312736444,NA,FALSE,FALSE,NA,NA
Full,1.5C,R10MIDDLE_EAST,MESSAGEix,decommission_jobyears_per_1k,Decommissioning job-years,"job-years per 1,000",25,3,1.4535938784099622,3.461418133162419,TRUE,TRUE,2.0078242547524567,High-RE
Full,1.5C,R10MIDDLE_EAST,MESSAGEix,gross_plant_jobs_displaced_per_1k,Gross plant jobs displaced at retirement,"positions per 1,000",25,3,1.189250324610628,3.663801228644252,TRUE,TRUE,2.4745509040336238,High-RE
Full,1.5C,R10MIDDLE_EAST,MESSAGEix,gross_upstream_jobs_displaced_per_1k,Gross upstream jobs displaced at retirement,"positions per 1,000",25,3,0.006943608304173378,0.01415939525741123,TRUE,TRUE,0.007215786953237852,High-RE
Full,1.5C,R10MIDDLE_EAST,MESSAGEix,inferred_retirements_GW,Inferred retired capacity,GW,25,3,1270.0177823584954,4943.227771847087,TRUE,TRUE,3673.2099894885914,High-RE
Full,1.5C,R10MIDDLE_EAST,MESSAGEix,jobs_RE_minus_fossil_per_1k,Renewable minus fossil job-years (diagnostic),"job-years per 1,000",25,3,329.56057813241216,326.8272814746286,TRUE,TRUE,-2.733296657783569,High-CMT
Full,1.5C,R10MIDDLE_EAST,MESSAGEix,total_energy_jobyears_no_decommission_per_1k,"Total energy job-years, excluding decommissioning","job-years per 1,000",25,3,473.5562412632146,474.4150717954547,TRUE,TRUE,0.8588305322401197,High-RE
Full,1.5C,R10MIDDLE_EAST,MESSAGEix,total_energy_jobyears_per_1k,"Total energy job-years, including decommissioning","job-years per 1,000",25,3,477.3819908736882,477.87648992861716,TRUE,TRUE,0.4944990549289514,High-RE
Full,1.5C,R10MIDDLE_EAST,POLES,decommission_jobyears_per_1k,Decommissioning job-years,"job-years per 1,000",4,1,3.143615561266877,1.238855534638892,TRUE,FALSE,-1.904760026627985,High-CMT
Full,1.5C,R10MIDDLE_EAST,POLES,gross_plant_jobs_displaced_per_1k,Gross plant jobs displaced at retirement,"positions per 1,000",4,1,2.0332588048501514,0.941246650691853,TRUE,FALSE,-1.0920121541582986,High-CMT
Full,1.5C,R10MIDDLE_EAST,POLES,gross_upstream_jobs_displaced_per_1k,Gross upstream jobs displaced at retirement,"positions per 1,000",4,1,0.058740681870752307,0.021806460032494836,TRUE,FALSE,-0.03693422183825747,High-CMT
Full,1.5C,R10MIDDLE_EAST,POLES,inferred_retirements_GW,Inferred retired capacity,GW,4,1,2457.806678294828,833.5864389969114,TRUE,FALSE,-1624.2202392979166,High-CMT
Full,1.5C,R10MIDDLE_EAST,POLES,jobs_RE_minus_fossil_per_1k,Renewable minus fossil job-years (diagnostic),"job-years per 1,000",4,1,170.242894383821,182.55263786023264,TRUE,FALSE,12.309743476411626,High-RE
Full,1.5C,R10MIDDLE_EAST,POLES,total_energy_jobyears_no_decommission_per_1k,"Total energy job-years, excluding decommissioning","job-years per 1,000",4,1,297.9622457955429,387.93288422140154,TRUE,FALSE,89.97063842585862,High-RE
Full,1.5C,R10MIDDLE_EAST,POLES,total_energy_jobyears_per_1k,"Total energy job-years, including decommissioning","job-years per 1,000",4,1,301.1037383963785,389.17173975604044,TRUE,FALSE,88.06800135966193,High-RE
Full,1.5C,R10MIDDLE_EAST,REMIND,decommission_jobyears_per_1k,Decommissioning job-years,"job-years per 1,000",1,59,5.659037116519767,8.23841794214397,TRUE,FALSE,2.5793808256242032,High-RE
Full,1.5C,R10MIDDLE_EAST,REMIND,gross_plant_jobs_displaced_per_1k,Gross plant jobs displaced at retirement,"positions per 1,000",1,59,3.495142634605175,5.329570414045338,TRUE,FALSE,1.8344277794401629,High-RE
Full,1.5C,R10MIDDLE_EAST,REMIND,gross_upstream_jobs_displaced_per_1k,Gross upstream jobs displaced at retirement,"positions per 1,000",1,59,0.01620121732777445,0.018816834410599417,TRUE,FALSE,0.0026156170828249663,High-RE
Full,1.5C,R10MIDDLE_EAST,REMIND,inferred_retirements_GW,Inferred retired capacity,GW,1,59,5497.474906349999,8740.41641,TRUE,FALSE,3242.9415036500004,High-RE
Full,1.5C,R10MIDDLE_EAST,REMIND,jobs_RE_minus_fossil_per_1k,Renewable minus fossil job-years (diagnostic),"job-years per 1,000",1,59,557.6524352774193,903.3534098119061,TRUE,FALSE,345.7009745344868,High-RE
Full,1.5C,R10MIDDLE_EAST,REMIND,total_energy_jobyears_no_decommission_per_1k,"Total energy job-years, excluding decommissioning","job-years per 1,000",1,59,596.6633665274668,939.3474404772519,TRUE,FALSE,342.6840739497851,High-RE
Full,1.5C,R10MIDDLE_EAST,REMIND,total_energy_jobyears_per_1k,"Total energy job-years, including decommissioning","job-years per 1,000",1,59,602.3224036439866,947.3459563989738,TRUE,FALSE,345.02355275498724,High-RE
Full,1.5C,R10MIDDLE_EAST,WITCH,decommission_jobyears_per_1k,Decommissioning job-years,"job-years per 1,000",6,0,7.143448224885871,NA,FALSE,FALSE,NA,NA
Full,1.5C,R10MIDDLE_EAST,WITCH,gross_plant_jobs_displaced_per_1k,Gross plant jobs displaced at retirement,"positions per 1,000",6,0,4.481692480965851,NA,FALSE,FALSE,NA,NA
Full,1.5C,R10MIDDLE_EAST,WITCH,gross_upstream_jobs_displaced_per_1k,Gross upstream jobs displaced at retirement,"positions per 1,000",6,0,0.06006991518884963,NA,FALSE,FALSE,NA,NA
Full,1.5C,R10MIDDLE_EAST,WITCH,inferred_retirements_GW,Inferred retired capacity,GW,6,0,8120.449749637654,NA,FALSE,FALSE,NA,NA
Full,1.5C,R10MIDDLE_EAST,WITCH,jobs_RE_minus_fossil_per_1k,Renewable minus fossil job-years (diagnostic),"job-years per 1,000",6,0,532.0715327789705,NA,FALSE,FALSE,NA,NA
Full,1.5C,R10MIDDLE_EAST,WITCH,total_energy_jobyears_no_decommission_per_1k,"Total energy job-years, excluding decommissioning","job-years per 1,000",6,0,567.4537252926888,NA,FALSE,FALSE,NA,NA
Full,1.5C,R10MIDDLE_EAST,WITCH,total_energy_jobyears_per_1k,"Total energy job-years, including decommissioning","job-years per 1,000",6,0,574.5300303799288,NA,FALSE,FALSE,NA,NA
Full,1.5C,R10NORTH_AM,AIM,decommission_jobyears_per_1k,Decommissioning job-years,"job-years per 1,000",1,3,12.856946299784283,1.59061652189814,TRUE,FALSE,-11.266329777886144,High-CMT
Full,1.5C,R10NORTH_AM,AIM,gross_plant_jobs_displaced_per_1k,Gross plant jobs displaced at retirement,"positions per 1,000",1,3,9.199854674142477,0.43865427619629005,TRUE,FALSE,-8.761200397946187,High-CMT
Full,1.5C,R10NORTH_AM,AIM,gross_upstream_jobs_displaced_per_1k,Gross upstream jobs displaced at retirement,"positions per 1,000",1,3,0.07218371696910254,0.05456012259634351,TRUE,FALSE,-0.01762359437275903,High-CMT
Full,1.5C,R10NORTH_AM,AIM,inferred_retirements_GW,Inferred retired capacity,GW,1,3,11537.548519999997,891.0930999999997,TRUE,FALSE,-10646.455419999997,High-CMT
Full,1.5C,R10NORTH_AM,AIM,jobs_RE_minus_fossil_per_1k,Renewable minus fossil job-years (diagnostic),"job-years per 1,000",1,3,261.11300607180476,199.4760008890832,TRUE,FALSE,-61.637005182721566,High-CMT
Full,1.5C,R10NORTH_AM,AIM,total_energy_jobyears_no_decommission_per_1k,"Total energy job-years, excluding decommissioning","job-years per 1,000",1,3,567.0611800150648,411.5305641643208,TRUE,FALSE,-155.53061585074397,High-CMT
Full,1.5C,R10NORTH_AM,AIM,total_energy_jobyears_per_1k,"Total energy job-years, including decommissioning","job-years per 1,000",1,3,579.918126314849,412.915037563369,TRUE,FALSE,-167.00308875148,High-CMT
Full,1.5C,R10NORTH_AM,GCAM,decommission_jobyears_per_1k,Decommissioning job-years,"job-years per 1,000",0,1,NA,11.528661715953048,FALSE,FALSE,NA,NA
Full,1.5C,R10NORTH_AM,GCAM,gross_plant_jobs_displaced_per_1k,Gross plant jobs displaced at retirement,"positions per 1,000",0,1,NA,6.473948572191515,FALSE,FALSE,NA,NA
Full,1.5C,R10NORTH_AM,GCAM,gross_upstream_jobs_displaced_per_1k,Gross upstream jobs displaced at retirement,"positions per 1,000",0,1,NA,0.060447593446628214,FALSE,FALSE,NA,NA
Full,1.5C,R10NORTH_AM,GCAM,inferred_retirements_GW,Inferred retired capacity,GW,0,1,NA,13170.205356095385,FALSE,FALSE,NA,NA
Full,1.5C,R10NORTH_AM,GCAM,jobs_RE_minus_fossil_per_1k,Renewable minus fossil job-years (diagnostic),"job-years per 1,000",0,1,NA,346.2139993869486,FALSE,FALSE,NA,NA
Full,1.5C,R10NORTH_AM,GCAM,total_energy_jobyears_no_decommission_per_1k,"Total energy job-years, excluding decommissioning","job-years per 1,000",0,1,NA,458.5781820501842,FALSE,FALSE,NA,NA
Full,1.5C,R10NORTH_AM,GCAM,total_energy_jobyears_per_1k,"Total energy job-years, including decommissioning","job-years per 1,000",0,1,NA,470.1068437661372,FALSE,FALSE,NA,NA
Full,1.5C,R10NORTH_AM,IMAGE,decommission_jobyears_per_1k,Decommissioning job-years,"job-years per 1,000",21,0,8.264233487748738,NA,FALSE,FALSE,NA,NA
Full,1.5C,R10NORTH_AM,IMAGE,gross_plant_jobs_displaced_per_1k,Gross plant jobs displaced at retirement,"positions per 1,000",21,0,6.118122098167893,NA,FALSE,FALSE,NA,NA
Full,1.5C,R10NORTH_AM,IMAGE,gross_upstream_jobs_displaced_per_1k,Gross upstream jobs displaced at retirement,"positions per 1,000",21,0,0.10376236943016312,NA,FALSE,FALSE,NA,NA
Full,1.5C,R10NORTH_AM,IMAGE,inferred_retirements_GW,Inferred retired capacity,GW,21,0,7460.014201426377,NA,FALSE,FALSE,NA,NA
Full,1.5C,R10NORTH_AM,IMAGE,jobs_RE_minus_fossil_per_1k,Renewable minus fossil job-years (diagnostic),"job-years per 1,000",21,0,133.2489289869257,NA,FALSE,FALSE,NA,NA
Full,1.5C,R10NORTH_AM,IMAGE,total_energy_jobyears_no_decommission_per_1k,"Total energy job-years, excluding decommissioning","job-years per 1,000",21,0,363.8680061677749,NA,FALSE,FALSE,NA,NA
Full,1.5C,R10NORTH_AM,IMAGE,total_energy_jobyears_per_1k,"Total energy job-years, including decommissioning","job-years per 1,000",21,0,375.322379749312,NA,FALSE,FALSE,NA,NA
Full,1.5C,R10NORTH_AM,MESSAGEix,decommission_jobyears_per_1k,Decommissioning job-years,"job-years per 1,000",25,3,2.156420833136349,8.639338463423046,TRUE,TRUE,6.482917630286697,High-RE
Full,1.5C,R10NORTH_AM,MESSAGEix,gross_plant_jobs_displaced_per_1k,Gross plant jobs displaced at retirement,"positions per 1,000",25,3,0.6858949688119409,4.118481662117988,TRUE,TRUE,3.432586693306047,High-RE
Full,1.5C,R10NORTH_AM,MESSAGEix,gross_upstream_jobs_displaced_per_1k,Gross upstream jobs displaced at retirement,"positions per 1,000",25,3,0.05327752361872482,0.06638876355727816,TRUE,TRUE,0.013111239938553336,High-RE
Full,1.5C,R10NORTH_AM,MESSAGEix,inferred_retirements_GW,Inferred retired capacity,GW,25,3,1224.0851989621224,8352.34673424645,TRUE,TRUE,7128.261535284328,High-RE
Full,1.5C,R10NORTH_AM,MESSAGEix,jobs_RE_minus_fossil_per_1k,Renewable minus fossil job-years (diagnostic),"job-years per 1,000",25,3,133.2738140256352,209.9037085079671,TRUE,TRUE,76.6298944823319,High-RE
Full,1.5C,R10NORTH_AM,MESSAGEix,total_energy_jobyears_no_decommission_per_1k,"Total energy job-years, excluding decommissioning","job-years per 1,000",25,3,234.91379650696598,356.9955640040705,TRUE,TRUE,122.08176749710452,High-RE
Full,1.5C,R10NORTH_AM,MESSAGEix,total_energy_jobyears_per_1k,"Total energy job-years, including decommissioning","job-years per 1,000",25,3,236.8343978767705,365.63490246749353,TRUE,TRUE,128.80050459072302,High-RE
Full,1.5C,R10NORTH_AM,POLES,decommission_jobyears_per_1k,Decommissioning job-years,"job-years per 1,000",4,1,6.325475954480841,2.350691509292665,TRUE,FALSE,-3.974784445188176,High-CMT
Full,1.5C,R10NORTH_AM,POLES,gross_plant_jobs_displaced_per_1k,Gross plant jobs displaced at retirement,"positions per 1,000",4,1,3.6203237777718864,1.436345973793388,TRUE,FALSE,-2.1839778039784985,High-CMT
Full,1.5C,R10NORTH_AM,POLES,gross_upstream_jobs_displaced_per_1k,Gross upstream jobs displaced at retirement,"positions per 1,000",4,1,0.07067447869250304,0.05545793487701825,TRUE,FALSE,-0.01521654381548479,High-CMT
Full,1.5C,R10NORTH_AM,POLES,inferred_retirements_GW,Inferred retired capacity,GW,4,1,5757.129034521803,957.7208528518682,TRUE,FALSE,-4799.4081816699345,High-CMT
Full,1.5C,R10NORTH_AM,POLES,jobs_RE_minus_fossil_per_1k,Renewable minus fossil job-years (diagnostic),"job-years per 1,000",4,1,141.64655464159716,100.55019237025533,TRUE,FALSE,-41.09636227134183,High-CMT
Full,1.5C,R10NORTH_AM,POLES,total_energy_jobyears_no_decommission_per_1k,"Total energy job-years, excluding decommissioning","job-years per 1,000",4,1,313.4122658721609,352.34324732799394,TRUE,FALSE,38.930981455833034,High-RE
Full,1.5C,R10NORTH_AM,POLES,total_energy_jobyears_per_1k,"Total energy job-years, including decommissioning","job-years per 1,000",4,1,319.7133338419069,354.69393883728657,TRUE,FALSE,34.98060499537968,High-RE
Full,1.5C,R10NORTH_AM,REMIND,decommission_jobyears_per_1k,Decommissioning job-years,"job-years per 1,000",1,59,5.37374169093406,9.39906306649662,TRUE,FALSE,4.02532137556256,High-RE
Full,1.5C,R10NORTH_AM,REMIND,gross_plant_jobs_displaced_per_1k,Gross plant jobs displaced at retirement,"positions per 1,000",1,59,2.44144659315777,4.621140773301846,TRUE,FALSE,2.179694180144076,High-RE
Full,1.5C,R10NORTH_AM,REMIND,gross_upstream_jobs_displaced_per_1k,Gross upstream jobs displaced at retirement,"positions per 1,000",1,59,0.05602820790808575,0.05069779489202156,TRUE,FALSE,-0.005330413016064191,High-CMT
Full,1.5C,R10NORTH_AM,REMIND,inferred_retirements_GW,Inferred retired capacity,GW,1,59,5735.81248511,11652.151570000002,TRUE,FALSE,5916.339084890002,High-RE
Full,1.5C,R10NORTH_AM,REMIND,jobs_RE_minus_fossil_per_1k,Renewable minus fossil job-years (diagnostic),"job-years per 1,000",1,59,138.77124313820386,341.6029736558429,TRUE,FALSE,202.83173051763904,High-RE
Full,1.5C,R10NORTH_AM,REMIND,total_energy_jobyears_no_decommission_per_1k,"Total energy job-years, excluding decommissioning","job-years per 1,000",1,59,165.06793335424155,368.0693484901758,TRUE,FALSE,203.00141513593425,High-RE
Full,1.5C,R10NORTH_AM,REMIND,total_energy_jobyears_per_1k,"Total energy job-years, including decommissioning","job-years per 1,000",1,59,170.4416750451756,376.15684005403574,TRUE,FALSE,205.71516500886014,High-RE
Full,1.5C,R10NORTH_AM,WITCH,decommission_jobyears_per_1k,Decommissioning job-years,"job-years per 1,000",6,0,11.647117814004481,NA,FALSE,FALSE,NA,NA
Full,1.5C,R10NORTH_AM,WITCH,gross_plant_jobs_displaced_per_1k,Gross plant jobs displaced at retirement,"positions per 1,000",6,0,12.172506887496676,NA,FALSE,FALSE,NA,NA
Full,1.5C,R10NORTH_AM,WITCH,gross_upstream_jobs_displaced_per_1k,Gross upstream jobs displaced at retirement,"positions per 1,000",6,0,0.12219486320271539,NA,FALSE,FALSE,NA,NA
Full,1.5C,R10NORTH_AM,WITCH,inferred_retirements_GW,Inferred retired capacity,GW,6,0,14564.586260991204,NA,FALSE,FALSE,NA,NA
Full,1.5C,R10NORTH_AM,WITCH,jobs_RE_minus_fossil_per_1k,Renewable minus fossil job-years (diagnostic),"job-years per 1,000",6,0,377.6477918689608,NA,FALSE,FALSE,NA,NA
Full,1.5C,R10NORTH_AM,WITCH,total_energy_jobyears_no_decommission_per_1k,"Total energy job-years, excluding decommissioning","job-years per 1,000",6,0,625.8004440331026,NA,FALSE,FALSE,NA,NA
Full,1.5C,R10NORTH_AM,WITCH,total_energy_jobyears_per_1k,"Total energy job-years, including decommissioning","job-years per 1,000",6,0,637.4670708148092,NA,FALSE,FALSE,NA,NA
Full,1.5C,R10PAC_OECD,AIM,decommission_jobyears_per_1k,Decommissioning job-years,"job-years per 1,000",1,3,5.814160074256905,1.3601503260898102,TRUE,FALSE,-4.454009748167095,High-CMT
Full,1.5C,R10PAC_OECD,AIM,gross_plant_jobs_displaced_per_1k,Gross plant jobs displaced at retirement,"positions per 1,000",1,3,3.0232988264329137,0.29193520599154255,TRUE,FALSE,-2.731363620441371,High-CMT
Full,1.5C,R10PAC_OECD,AIM,gross_upstream_jobs_displaced_per_1k,Gross upstream jobs displaced at retirement,"positions per 1,000",1,3,0.4111706067539397,0.35290231423100804,TRUE,FALSE,-0.05826829252293164,High-CMT
Full,1.5C,R10PAC_OECD,AIM,inferred_retirements_GW,Inferred retired capacity,GW,1,3,2270.3396799999996,238.8248,TRUE,FALSE,-2031.5148799999995,High-CMT
Full,1.5C,R10PAC_OECD,AIM,jobs_RE_minus_fossil_per_1k,Renewable minus fossil job-years (diagnostic),"job-years per 1,000",1,3,170.0669962111677,150.4272589572732,TRUE,FALSE,-19.63973725389448,High-CMT
Full,1.5C,R10PAC_OECD,AIM,total_energy_jobyears_no_decommission_per_1k,"Total energy job-years, excluding decommissioning","job-years per 1,000",1,3,294.7149205370041,240.82189450523023,TRUE,FALSE,-53.89302603177387,High-CMT
Full,1.5C,R10PAC_OECD,AIM,total_energy_jobyears_per_1k,"Total energy job-years, including decommissioning","job-years per 1,000",1,3,300.529080611261,242.10143894473765,TRUE,FALSE,-58.42764166652336,High-CMT
Full,1.5C,R10PAC_OECD,GCAM,decommission_jobyears_per_1k,Decommissioning job-years,"job-years per 1,000",0,1,NA,6.9772123871659915,FALSE,FALSE,NA,NA
Full,1.5C,R10PAC_OECD,GCAM,gross_plant_jobs_displaced_per_1k,Gross plant jobs displaced at retirement,"positions per 1,000",0,1,NA,2.9096962671722966,FALSE,FALSE,NA,NA
Full,1.5C,R10PAC_OECD,GCAM,gross_upstream_jobs_displaced_per_1k,Gross upstream jobs displaced at retirement,"positions per 1,000",0,1,NA,0.46479645668430736,FALSE,FALSE,NA,NA
Full,1.5C,R10PAC_OECD,GCAM,inferred_retirements_GW,Inferred retired capacity,GW,0,1,NA,2722.324838638281,FALSE,FALSE,NA,NA
Full,1.5C,R10PAC_OECD,GCAM,jobs_RE_minus_fossil_per_1k,Renewable minus fossil job-years (diagnostic),"job-years per 1,000",0,1,NA,248.56828086031865,FALSE,FALSE,NA,NA
Full,1.5C,R10PAC_OECD,GCAM,total_energy_jobyears_no_decommission_per_1k,"Total energy job-years, excluding decommissioning","job-years per 1,000",0,1,NA,309.5013888302503,FALSE,FALSE,NA,NA
Full,1.5C,R10PAC_OECD,GCAM,total_energy_jobyears_per_1k,"Total energy job-years, including decommissioning","job-years per 1,000",0,1,NA,316.47860121741627,FALSE,FALSE,NA,NA
Full,1.5C,R10PAC_OECD,IMAGE,decommission_jobyears_per_1k,Decommissioning job-years,"job-years per 1,000",21,0,4.820190008098884,NA,FALSE,FALSE,NA,NA
Full,1.5C,R10PAC_OECD,IMAGE,gross_plant_jobs_displaced_per_1k,Gross plant jobs displaced at retirement,"positions per 1,000",21,0,2.0915207835169327,NA,FALSE,FALSE,NA,NA
Full,1.5C,R10PAC_OECD,IMAGE,gross_upstream_jobs_displaced_per_1k,Gross upstream jobs displaced at retirement,"positions per 1,000",21,0,0.4720573329430133,NA,FALSE,FALSE,NA,NA
Full,1.5C,R10PAC_OECD,IMAGE,inferred_retirements_GW,Inferred retired capacity,GW,21,0,1419.0068174296173,NA,FALSE,FALSE,NA,NA
Full,1.5C,R10PAC_OECD,IMAGE,jobs_RE_minus_fossil_per_1k,Renewable minus fossil job-years (diagnostic),"job-years per 1,000",21,0,69.39314818240149,NA,FALSE,FALSE,NA,NA
Full,1.5C,R10PAC_OECD,IMAGE,total_energy_jobyears_no_decommission_per_1k,"Total energy job-years, excluding decommissioning","job-years per 1,000",21,0,179.8804731299292,NA,FALSE,FALSE,NA,NA
Full,1.5C,R10PAC_OECD,IMAGE,total_energy_jobyears_per_1k,"Total energy job-years, including decommissioning","job-years per 1,000",21,0,184.67504048944704,NA,FALSE,FALSE,NA,NA
Full,1.5C,R10PAC_OECD,MESSAGEix,decommission_jobyears_per_1k,Decommissioning job-years,"job-years per 1,000",25,3,1.1605913080057617,4.248719563424328,TRUE,TRUE,3.0881282554185665,High-RE
Full,1.5C,R10PAC_OECD,MESSAGEix,gross_plant_jobs_displaced_per_1k,Gross plant jobs displaced at retirement,"positions per 1,000",25,3,0.3836324616675538,2.0722302466098124,TRUE,TRUE,1.6885977849422584,High-RE
Full,1.5C,R10PAC_OECD,MESSAGEix,gross_upstream_jobs_displaced_per_1k,Gross upstream jobs displaced at retirement,"positions per 1,000",25,3,0.29187048610473143,0.3039991288623428,TRUE,TRUE,0.012128642757611385,High-RE
Full,1.5C,R10PAC_OECD,MESSAGEix,inferred_retirements_GW,Inferred retired capacity,GW,25,3,361.01946429084944,2168.646906437692,TRUE,TRUE,1807.6274421468424,High-RE
Full,1.5C,R10PAC_OECD,MESSAGEix,jobs_RE_minus_fossil_per_1k,Renewable minus fossil job-years (diagnostic),"job-years per 1,000",25,3,77.6910183744144,188.35974106354823,TRUE,TRUE,110.66872268913383,High-RE
Full,1.5C,R10PAC_OECD,MESSAGEix,total_energy_jobyears_no_decommission_per_1k,"Total energy job-years, excluding decommissioning","job-years per 1,000",25,3,158.84951601066254,252.97210327305686,TRUE,TRUE,94.12258726239432,High-RE
Full,1.5C,R10PAC_OECD,MESSAGEix,total_energy_jobyears_per_1k,"Total energy job-years, including decommissioning","job-years per 1,000",25,3,160.05344973616127,257.2208228364812,TRUE,TRUE,97.16737310031994,High-RE
Full,1.5C,R10PAC_OECD,POLES,decommission_jobyears_per_1k,Decommissioning job-years,"job-years per 1,000",4,1,7.05330013727092,2.414654975687002,TRUE,FALSE,-4.638645161583918,High-CMT
Full,1.5C,R10PAC_OECD,POLES,gross_plant_jobs_displaced_per_1k,Gross plant jobs displaced at retirement,"positions per 1,000",4,1,3.4400692309533802,0.906415253703135,TRUE,FALSE,-2.5336539772502453,High-CMT
Full,1.5C,R10PAC_OECD,POLES,gross_upstream_jobs_displaced_per_1k,Gross upstream jobs displaced at retirement,"positions per 1,000",4,1,0.6312450670426948,0.6262653568454973,TRUE,FALSE,-0.004979710197197451,High-CMT
Full,1.5C,R10PAC_OECD,POLES,inferred_retirements_GW,Inferred retired capacity,GW,4,1,3250.8073515193537,708.1324229240416,TRUE,FALSE,-2542.674928595312,High-CMT
Full,1.5C,R10PAC_OECD,POLES,jobs_RE_minus_fossil_per_1k,Renewable minus fossil job-years (diagnostic),"job-years per 1,000",4,1,242.2644429539988,115.57705243901337,TRUE,FALSE,-126.68739051498544,High-CMT
Full,1.5C,R10PAC_OECD,POLES,total_energy_jobyears_no_decommission_per_1k,"Total energy job-years, excluding decommissioning","job-years per 1,000",4,1,369.616213875015,247.31754925817796,TRUE,FALSE,-122.29866461683702,High-CMT
Full,1.5C,R10PAC_OECD,POLES,total_energy_jobyears_per_1k,"Total energy job-years, including decommissioning","job-years per 1,000",4,1,376.75068648849594,249.73220423386496,TRUE,FALSE,-127.01848225463098,High-CMT
Full,1.5C,R10PAC_OECD,REMIND,decommission_jobyears_per_1k,Decommissioning job-years,"job-years per 1,000",1,59,2.7022490037353912,3.0720085510972504,TRUE,FALSE,0.3697595473618591,High-RE
Full,1.5C,R10PAC_OECD,REMIND,gross_plant_jobs_displaced_per_1k,Gross plant jobs displaced at retirement,"positions per 1,000",1,59,1.1764233143748428,1.6689841355660153,TRUE,FALSE,0.4925608211911725,High-RE
Full,1.5C,R10PAC_OECD,REMIND,gross_upstream_jobs_displaced_per_1k,Gross upstream jobs displaced at retirement,"positions per 1,000",1,59,0.19755862502920818,0.21953001959562143,TRUE,FALSE,0.021971394566413255,High-RE
Full,1.5C,R10PAC_OECD,REMIND,inferred_retirements_GW,Inferred retired capacity,GW,1,59,1052.1399308399998,1501.94291,TRUE,FALSE,449.8029791600002,High-RE
Full,1.5C,R10PAC_OECD,REMIND,jobs_RE_minus_fossil_per_1k,Renewable minus fossil job-years (diagnostic),"job-years per 1,000",1,59,80.88625239329636,117.97424228771906,TRUE,FALSE,37.087989894422705,High-RE
Full,1.5C,R10PAC_OECD,REMIND,total_energy_jobyears_no_decommission_per_1k,"Total energy job-years, excluding decommissioning","job-years per 1,000",1,59,107.64712576749345,163.32707886403605,TRUE,FALSE,55.679953096542604,High-RE
Full,1.5C,R10PAC_OECD,REMIND,total_energy_jobyears_per_1k,"Total energy job-years, including decommissioning","job-years per 1,000",1,59,110.34937477122884,166.3505122817162,TRUE,FALSE,56.001137510487354,High-RE
Full,1.5C,R10PAC_OECD,WITCH,decommission_jobyears_per_1k,Decommissioning job-years,"job-years per 1,000",6,0,7.6850327936856235,NA,FALSE,FALSE,NA,NA
Full,1.5C,R10PAC_OECD,WITCH,gross_plant_jobs_displaced_per_1k,Gross plant jobs displaced at retirement,"positions per 1,000",6,0,4.806691247849493,NA,FALSE,FALSE,NA,NA
Full,1.5C,R10PAC_OECD,WITCH,gross_upstream_jobs_displaced_per_1k,Gross upstream jobs displaced at retirement,"positions per 1,000",6,0,0.48111789756577994,NA,FALSE,FALSE,NA,NA
Full,1.5C,R10PAC_OECD,WITCH,inferred_retirements_GW,Inferred retired capacity,GW,6,0,3653.870034328891,NA,FALSE,FALSE,NA,NA
Full,1.5C,R10PAC_OECD,WITCH,jobs_RE_minus_fossil_per_1k,Renewable minus fossil job-years (diagnostic),"job-years per 1,000",6,0,275.31269933844237,NA,FALSE,FALSE,NA,NA
Full,1.5C,R10PAC_OECD,WITCH,total_energy_jobyears_no_decommission_per_1k,"Total energy job-years, excluding decommissioning","job-years per 1,000",6,0,415.12648413425154,NA,FALSE,FALSE,NA,NA
Full,1.5C,R10PAC_OECD,WITCH,total_energy_jobyears_per_1k,"Total energy job-years, including decommissioning","job-years per 1,000",6,0,422.8729025404642,NA,FALSE,FALSE,NA,NA
Full,1.5C,R10REF_ECON,AIM,decommission_jobyears_per_1k,Decommissioning job-years,"job-years per 1,000",1,3,59.228010129229475,8.732079905108469,TRUE,FALSE,-50.495930224121004,High-CMT
Full,1.5C,R10REF_ECON,AIM,gross_plant_jobs_displaced_per_1k,Gross plant jobs displaced at retirement,"positions per 1,000",1,3,30.240950277269867,2.441214303746798,TRUE,FALSE,-27.79973597352307,High-CMT
Full,1.5C,R10REF_ECON,AIM,gross_upstream_jobs_displaced_per_1k,Gross upstream jobs displaced at retirement,"positions per 1,000",1,3,2.026593918127178,1.7395571187189482,TRUE,FALSE,-0.2870367994082297,High-CMT
Full,1.5C,R10REF_ECON,AIM,inferred_retirements_GW,Inferred retired capacity,GW,1,3,6657.11414,757.7248999999999,TRUE,FALSE,-5899.3892399999995,High-CMT
Full,1.5C,R10REF_ECON,AIM,jobs_RE_minus_fossil_per_1k,Renewable minus fossil job-years (diagnostic),"job-years per 1,000",1,3,1199.8513944605613,817.6918331599019,TRUE,FALSE,-382.15956130065945,High-CMT
Full,1.5C,R10REF_ECON,AIM,total_energy_jobyears_no_decommission_per_1k,"Total energy job-years, excluding decommissioning","job-years per 1,000",1,3,2339.669856220086,1827.8732988081892,TRUE,FALSE,-511.79655741189663,High-CMT
Full,1.5C,R10REF_ECON,AIM,total_energy_jobyears_per_1k,"Total energy job-years, including decommissioning","job-years per 1,000",1,3,2398.8978663493153,1834.7340234929927,TRUE,FALSE,-564.1638428563226,High-CMT
Full,1.5C,R10REF_ECON,GCAM,decommission_jobyears_per_1k,Decommissioning job-years,"job-years per 1,000",0,1,NA,29.56411902607383,FALSE,FALSE,NA,NA
Full,1.5C,R10REF_ECON,GCAM,gross_plant_jobs_displaced_per_1k,Gross plant jobs displaced at retirement,"positions per 1,000",0,1,NA,14.54367454314573,FALSE,FALSE,NA,NA
Full,1.5C,R10REF_ECON,GCAM,gross_upstream_jobs_displaced_per_1k,Gross upstream jobs displaced at retirement,"positions per 1,000",0,1,NA,0.9075884091982633,FALSE,FALSE,NA,NA
Full,1.5C,R10REF_ECON,GCAM,inferred_retirements_GW,Inferred retired capacity,GW,0,1,NA,4670.535295794592,FALSE,FALSE,NA,NA
Full,1.5C,R10REF_ECON,GCAM,jobs_RE_minus_fossil_per_1k,Renewable minus fossil job-years (diagnostic),"job-years per 1,000",0,1,NA,1044.723713502608,FALSE,FALSE,NA,NA
Full,1.5C,R10REF_ECON,GCAM,total_energy_jobyears_no_decommission_per_1k,"Total energy job-years, excluding decommissioning","job-years per 1,000",0,1,NA,1288.3203466329278,FALSE,FALSE,NA,NA
Full,1.5C,R10REF_ECON,GCAM,total_energy_jobyears_per_1k,"Total energy job-years, including decommissioning","job-years per 1,000",0,1,NA,1317.8844656590018,FALSE,FALSE,NA,NA
Full,1.5C,R10REF_ECON,IMAGE,decommission_jobyears_per_1k,Decommissioning job-years,"job-years per 1,000",21,0,27.083751859771542,NA,FALSE,FALSE,NA,NA
Full,1.5C,R10REF_ECON,IMAGE,gross_plant_jobs_displaced_per_1k,Gross plant jobs displaced at retirement,"positions per 1,000",21,0,10.356763630266645,NA,FALSE,FALSE,NA,NA
Full,1.5C,R10REF_ECON,IMAGE,gross_upstream_jobs_displaced_per_1k,Gross upstream jobs displaced at retirement,"positions per 1,000",21,0,2.535449317930298,NA,FALSE,FALSE,NA,NA
Full,1.5C,R10REF_ECON,IMAGE,inferred_retirements_GW,Inferred retired capacity,GW,21,0,3087.842357549551,NA,FALSE,FALSE,NA,NA
Full,1.5C,R10REF_ECON,IMAGE,jobs_RE_minus_fossil_per_1k,Renewable minus fossil job-years (diagnostic),"job-years per 1,000",21,0,218.10301594361948,NA,FALSE,FALSE,NA,NA
Full,1.5C,R10REF_ECON,IMAGE,total_energy_jobyears_no_decommission_per_1k,"Total energy job-years, excluding decommissioning","job-years per 1,000",21,0,803.689452039924,NA,FALSE,FALSE,NA,NA
Full,1.5C,R10REF_ECON,IMAGE,total_energy_jobyears_per_1k,"Total energy job-years, including decommissioning","job-years per 1,000",21,0,827.0103327471115,NA,FALSE,FALSE,NA,NA
Full,1.5C,R10REF_ECON,MESSAGEix,decommission_jobyears_per_1k,Decommissioning job-years,"job-years per 1,000",25,3,6.5496236010179025,13.767447776883214,TRUE,TRUE,7.217824175865312,High-RE
Full,1.5C,R10REF_ECON,MESSAGEix,gross_plant_jobs_displaced_per_1k,Gross plant jobs displaced at retirement,"positions per 1,000",25,3,2.052782818651732,10.360797412592706,TRUE,TRUE,8.308014593940975,High-RE
Full,1.5C,R10REF_ECON,MESSAGEix,gross_upstream_jobs_displaced_per_1k,Gross upstream jobs displaced at retirement,"positions per 1,000",25,3,1.1904037917595325,0.5979434931010552,TRUE,TRUE,-0.5924602986584773,High-CMT
Full,1.5C,R10REF_ECON,MESSAGEix,inferred_retirements_GW,Inferred retired capacity,GW,25,3,491.04854539125745,2488.352571745919,TRUE,TRUE,1997.3040263546613,High-RE
Full,1.5C,R10REF_ECON,MESSAGEix,jobs_RE_minus_fossil_per_1k,Renewable minus fossil job-years (diagnostic),"job-years per 1,000",25,3,557.6033773685424,543.2252331401965,TRUE,TRUE,-14.378144228345946,High-CMT
Full,1.5C,R10REF_ECON,MESSAGEix,total_energy_jobyears_no_decommission_per_1k,"Total energy job-years, excluding decommissioning","job-years per 1,000",25,3,793.9934396075705,835.9329242159803,TRUE,TRUE,41.93948460840977,High-RE
Full,1.5C,R10REF_ECON,MESSAGEix,total_energy_jobyears_per_1k,"Total energy job-years, including decommissioning","job-years per 1,000",25,3,807.1099323670222,849.5056376230506,TRUE,TRUE,42.39570525602835,High-RE
Full,1.5C,R10REF_ECON,POLES,decommission_jobyears_per_1k,Decommissioning job-years,"job-years per 1,000",4,1,20.42810266470798,3.3951515324247645,TRUE,FALSE,-17.032951132283213,High-CMT
Full,1.5C,R10REF_ECON,POLES,gross_plant_jobs_displaced_per_1k,Gross plant jobs displaced at retirement,"positions per 1,000",4,1,9.78165470147449,1.7639328502351554,TRUE,FALSE,-8.017721851239335,High-CMT
Full,1.5C,R10REF_ECON,POLES,gross_upstream_jobs_displaced_per_1k,Gross upstream jobs displaced at retirement,"positions per 1,000",4,1,1.282742942452678,0.8478889914577201,TRUE,FALSE,-0.4348539509949578,High-CMT
Full,1.5C,R10REF_ECON,POLES,inferred_retirements_GW,Inferred retired capacity,GW,4,1,2417.6409455457933,218.56884908676136,TRUE,FALSE,-2199.072096459032,High-CMT
Full,1.5C,R10REF_ECON,POLES,jobs_RE_minus_fossil_per_1k,Renewable minus fossil job-years (diagnostic),"job-years per 1,000",4,1,501.1353192833433,436.5342981213519,TRUE,FALSE,-64.60102116199135,High-CMT
Full,1.5C,R10REF_ECON,POLES,total_energy_jobyears_no_decommission_per_1k,"Total energy job-years, excluding decommissioning","job-years per 1,000",4,1,1133.086941193816,1012.3327352037892,TRUE,FALSE,-120.75420599002689,High-CMT
Full,1.5C,R10REF_ECON,POLES,total_energy_jobyears_per_1k,"Total energy job-years, including decommissioning","job-years per 1,000",4,1,1153.495973178192,1015.7278867362139,TRUE,FALSE,-137.76808644197797,High-CMT
Full,1.5C,R10REF_ECON,REMIND,decommission_jobyears_per_1k,Decommissioning job-years,"job-years per 1,000",1,59,21.05317429446903,19.423936945878623,TRUE,FALSE,-1.629237348590408,High-CMT
Full,1.5C,R10REF_ECON,REMIND,gross_plant_jobs_displaced_per_1k,Gross plant jobs displaced at retirement,"positions per 1,000",1,59,8.869424727733591,9.983192042587465,TRUE,FALSE,1.1137673148538738,High-RE
Full,1.5C,R10REF_ECON,REMIND,gross_upstream_jobs_displaced_per_1k,Gross upstream jobs displaced at retirement,"positions per 1,000",1,59,0.8482662497123334,1.0382190094237131,TRUE,FALSE,0.1899527597113797,High-RE
Full,1.5C,R10REF_ECON,REMIND,inferred_retirements_GW,Inferred retired capacity,GW,1,59,2970.5089607699997,2864.3807313900015,TRUE,FALSE,-106.12822937999817,High-CMT
Full,1.5C,R10REF_ECON,REMIND,jobs_RE_minus_fossil_per_1k,Renewable minus fossil job-years (diagnostic),"job-years per 1,000",1,59,616.1659668874,764.5576991480826,TRUE,FALSE,148.3917322606826,High-RE
Full,1.5C,R10REF_ECON,REMIND,total_energy_jobyears_no_decommission_per_1k,"Total energy job-years, excluding decommissioning","job-years per 1,000",1,59,761.130472920212,964.2796551535537,TRUE,FALSE,203.14918223334166,High-RE
Full,1.5C,R10REF_ECON,REMIND,total_energy_jobyears_per_1k,"Total energy job-years, including decommissioning","job-years per 1,000",1,59,782.1836472146811,984.1815702039995,TRUE,FALSE,201.99792298931845,High-RE
Full,1.5C,R10REF_ECON,WITCH,decommission_jobyears_per_1k,Decommissioning job-years,"job-years per 1,000",6,0,51.428145818171146,NA,FALSE,FALSE,NA,NA
Full,1.5C,R10REF_ECON,WITCH,gross_plant_jobs_displaced_per_1k,Gross plant jobs displaced at retirement,"positions per 1,000",6,0,39.91299483617908,NA,FALSE,FALSE,NA,NA
Full,1.5C,R10REF_ECON,WITCH,gross_upstream_jobs_displaced_per_1k,Gross upstream jobs displaced at retirement,"positions per 1,000",6,0,2.055294669582027,NA,FALSE,FALSE,NA,NA
Full,1.5C,R10REF_ECON,WITCH,inferred_retirements_GW,Inferred retired capacity,GW,6,0,7929.140249189768,NA,FALSE,FALSE,NA,NA
Full,1.5C,R10REF_ECON,WITCH,jobs_RE_minus_fossil_per_1k,Renewable minus fossil job-years (diagnostic),"job-years per 1,000",6,0,1614.9203036526212,NA,FALSE,FALSE,NA,NA
Full,1.5C,R10REF_ECON,WITCH,total_energy_jobyears_no_decommission_per_1k,"Total energy job-years, excluding decommissioning","job-years per 1,000",6,0,2529.845532438973,NA,FALSE,FALSE,NA,NA
Full,1.5C,R10REF_ECON,WITCH,total_energy_jobyears_per_1k,"Total energy job-years, including decommissioning","job-years per 1,000",6,0,2581.1295679673804,NA,FALSE,FALSE,NA,NA
Full,1.5C,R10REST_ASIA,AIM,decommission_jobyears_per_1k,Decommissioning job-years,"job-years per 1,000",1,3,6.108284575890372,0.7843210677362149,TRUE,FALSE,-5.323963508154157,High-CMT
Full,1.5C,R10REST_ASIA,AIM,gross_plant_jobs_displaced_per_1k,Gross plant jobs displaced at retirement,"positions per 1,000",1,3,5.563915087461181,0.10877376866737862,TRUE,FALSE,-5.455141318793802,High-CMT
Full,1.5C,R10REST_ASIA,AIM,gross_upstream_jobs_displaced_per_1k,Gross upstream jobs displaced at retirement,"positions per 1,000",1,3,0.26438129192874854,0.26166700804677623,TRUE,FALSE,-0.0027142838819723125,High-CMT
Full,1.5C,R10REST_ASIA,AIM,inferred_retirements_GW,Inferred retired capacity,GW,1,3,8085.993859999999,394.71450000000004,TRUE,FALSE,-7691.279359999999,High-CMT
Full,1.5C,R10REST_ASIA,AIM,jobs_RE_minus_fossil_per_1k,Renewable minus fossil job-years (diagnostic),"job-years per 1,000",1,3,232.32251856738293,202.23099143196237,TRUE,FALSE,-30.091527135420563,High-CMT
Full,1.5C,R10REST_ASIA,AIM,total_energy_jobyears_no_decommission_per_1k,"Total energy job-years, excluding decommissioning","job-years per 1,000",1,3,363.20347279461083,321.88915080833505,TRUE,FALSE,-41.314321986275786,High-CMT
Full,1.5C,R10REST_ASIA,AIM,total_energy_jobyears_per_1k,"Total energy job-years, including decommissioning","job-years per 1,000",1,3,369.3117573705012,322.5612884378998,TRUE,FALSE,-46.75046893260139,High-CMT
Full,1.5C,R10REST_ASIA,GCAM,decommission_jobyears_per_1k,Decommissioning job-years,"job-years per 1,000",0,1,NA,9.46152409959294,FALSE,FALSE,NA,NA
Full,1.5C,R10REST_ASIA,GCAM,gross_plant_jobs_displaced_per_1k,Gross plant jobs displaced at retirement,"positions per 1,000",0,1,NA,9.08658477247348,FALSE,FALSE,NA,NA
Full,1.5C,R10REST_ASIA,GCAM,gross_upstream_jobs_displaced_per_1k,Gross upstream jobs displaced at retirement,"positions per 1,000",0,1,NA,0.22069504755317604,FALSE,FALSE,NA,NA
Full,1.5C,R10REST_ASIA,GCAM,inferred_retirements_GW,Inferred retired capacity,GW,0,1,NA,12981.54786889051,FALSE,FALSE,NA,NA
Full,1.5C,R10REST_ASIA,GCAM,jobs_RE_minus_fossil_per_1k,Renewable minus fossil job-years (diagnostic),"job-years per 1,000",0,1,NA,572.1764024363276,FALSE,FALSE,NA,NA
Full,1.5C,R10REST_ASIA,GCAM,total_energy_jobyears_no_decommission_per_1k,"Total energy job-years, excluding decommissioning","job-years per 1,000",0,1,NA,595.7986970209229,FALSE,FALSE,NA,NA
Full,1.5C,R10REST_ASIA,GCAM,total_energy_jobyears_per_1k,"Total energy job-years, including decommissioning","job-years per 1,000",0,1,NA,605.2602211205158,FALSE,FALSE,NA,NA
Full,1.5C,R10REST_ASIA,IMAGE,decommission_jobyears_per_1k,Decommissioning job-years,"job-years per 1,000",21,0,5.043023017491962,NA,FALSE,FALSE,NA,NA
Full,1.5C,R10REST_ASIA,IMAGE,gross_plant_jobs_displaced_per_1k,Gross plant jobs displaced at retirement,"positions per 1,000",21,0,3.9172177282788843,NA,FALSE,FALSE,NA,NA
Full,1.5C,R10REST_ASIA,IMAGE,gross_upstream_jobs_displaced_per_1k,Gross upstream jobs displaced at retirement,"positions per 1,000",21,0,0.39724136113466807,NA,FALSE,FALSE,NA,NA
Full,1.5C,R10REST_ASIA,IMAGE,inferred_retirements_GW,Inferred retired capacity,GW,21,0,6071.468568144857,NA,FALSE,FALSE,NA,NA
Full,1.5C,R10REST_ASIA,IMAGE,jobs_RE_minus_fossil_per_1k,Renewable minus fossil job-years (diagnostic),"job-years per 1,000",21,0,176.31616431326407,NA,FALSE,FALSE,NA,NA
Full,1.5C,R10REST_ASIA,IMAGE,total_energy_jobyears_no_decommission_per_1k,"Total energy job-years, excluding decommissioning","job-years per 1,000",21,0,276.18442968330186,NA,FALSE,FALSE,NA,NA
Full,1.5C,R10REST_ASIA,IMAGE,total_energy_jobyears_per_1k,"Total energy job-years, including decommissioning","job-years per 1,000",21,0,281.4839469533128,NA,FALSE,FALSE,NA,NA
Full,1.5C,R10REST_ASIA,MESSAGEix,decommission_jobyears_per_1k,Decommissioning job-years,"job-years per 1,000",25,3,0.889244052608358,4.040310155077773,TRUE,TRUE,3.1510661024694144,High-RE
Full,1.5C,R10REST_ASIA,MESSAGEix,gross_plant_jobs_displaced_per_1k,Gross plant jobs displaced at retirement,"positions per 1,000",25,3,0.2983634590578879,2.6743251361539566,TRUE,TRUE,2.3759616770960688,High-RE
Full,1.5C,R10REST_ASIA,MESSAGEix,gross_upstream_jobs_displaced_per_1k,Gross upstream jobs displaced at retirement,"positions per 1,000",25,3,0.11985940959383998,0.16873030079385165,TRUE,TRUE,0.048870891200011674,High-RE
Full,1.5C,R10REST_ASIA,MESSAGEix,inferred_retirements_GW,Inferred retired capacity,GW,25,3,355.40896270929176,4803.228835252462,TRUE,TRUE,4447.81987254317,High-RE
Full,1.5C,R10REST_ASIA,MESSAGEix,jobs_RE_minus_fossil_per_1k,Renewable minus fossil job-years (diagnostic),"job-years per 1,000",25,3,142.76056676607206,121.37306245060896,TRUE,TRUE,-21.387504315463104,High-CMT
Full,1.5C,R10REST_ASIA,MESSAGEix,total_energy_jobyears_no_decommission_per_1k,"Total energy job-years, excluding decommissioning","job-years per 1,000",25,3,204.00361372374363,249.52443727329648,TRUE,TRUE,45.52082354955286,High-RE
Full,1.5C,R10REST_ASIA,MESSAGEix,total_energy_jobyears_per_1k,"Total energy job-years, including decommissioning","job-years per 1,000",25,3,204.79965404772915,253.56474742837423,TRUE,TRUE,48.765093380645084,High-RE
Full,1.5C,R10REST_ASIA,POLES,decommission_jobyears_per_1k,Decommissioning job-years,"job-years per 1,000",4,1,3.3225801545488074,0.8449485719575398,TRUE,FALSE,-2.4776315825912674,High-CMT
Full,1.5C,R10REST_ASIA,POLES,gross_plant_jobs_displaced_per_1k,Gross plant jobs displaced at retirement,"positions per 1,000",4,1,2.632774859989126,0.5474335444042706,TRUE,FALSE,-2.0853413155848557,High-CMT
Full,1.5C,R10REST_ASIA,POLES,gross_upstream_jobs_displaced_per_1k,Gross upstream jobs displaced at retirement,"positions per 1,000",4,1,0.18743333298539805,0.1059101422314797,TRUE,FALSE,-0.08152319075391835,High-CMT
Full,1.5C,R10REST_ASIA,POLES,inferred_retirements_GW,Inferred retired capacity,GW,4,1,3985.3473856609316,680.2902336865664,TRUE,FALSE,-3305.0571519743653,High-CMT
Full,1.5C,R10REST_ASIA,POLES,jobs_RE_minus_fossil_per_1k,Renewable minus fossil job-years (diagnostic),"job-years per 1,000",4,1,157.30747009742754,178.82308066176307,TRUE,FALSE,21.51561056433553,High-RE
Full,1.5C,R10REST_ASIA,POLES,total_energy_jobyears_no_decommission_per_1k,"Total energy job-years, excluding decommissioning","job-years per 1,000",4,1,223.44482570474958,253.0624300528904,TRUE,FALSE,29.617604348140816,High-RE
Full,1.5C,R10REST_ASIA,POLES,total_energy_jobyears_per_1k,"Total energy job-years, including decommissioning","job-years per 1,000",4,1,226.76630269883833,253.90737862484795,TRUE,FALSE,27.14107592600962,High-RE
Full,1.5C,R10REST_ASIA,REMIND,decommission_jobyears_per_1k,Decommissioning job-years,"job-years per 1,000",1,59,4.8879077395644375,8.955789158006768,TRUE,FALSE,4.06788141844233,High-RE
Full,1.5C,R10REST_ASIA,REMIND,gross_plant_jobs_displaced_per_1k,Gross plant jobs displaced at retirement,"positions per 1,000",1,59,4.273630005629334,9.610256564245093,TRUE,FALSE,5.336626558615759,High-RE
Full,1.5C,R10REST_ASIA,REMIND,gross_upstream_jobs_displaced_per_1k,Gross upstream jobs displaced at retirement,"positions per 1,000",1,59,0.21217839239618444,0.1889952094669936,TRUE,FALSE,-0.023183182929190832,High-CMT
Full,1.5C,R10REST_ASIA,REMIND,inferred_retirements_GW,Inferred retired capacity,GW,1,59,6644.148592880003,15698.47837,TRUE,FALSE,9054.329777119998,High-RE
Full,1.5C,R10REST_ASIA,REMIND,jobs_RE_minus_fossil_per_1k,Renewable minus fossil job-years (diagnostic),"job-years per 1,000",1,59,378.3099476305711,887.4043182537158,TRUE,FALSE,509.0943706231447,High-RE
Full,1.5C,R10REST_ASIA,REMIND,total_energy_jobyears_no_decommission_per_1k,"Total energy job-years, excluding decommissioning","job-years per 1,000",1,59,399.57094457144757,916.798927030205,TRUE,FALSE,517.2279824587574,High-RE
Full,1.5C,R10REST_ASIA,REMIND,total_energy_jobyears_per_1k,"Total energy job-years, including decommissioning","job-years per 1,000",1,59,404.458852311012,925.6130532942312,TRUE,FALSE,521.1542009832192,High-RE
Full,1.5C,R10REST_ASIA,WITCH,decommission_jobyears_per_1k,Decommissioning job-years,"job-years per 1,000",6,0,3.975073661861119,NA,FALSE,FALSE,NA,NA
Full,1.5C,R10REST_ASIA,WITCH,gross_plant_jobs_displaced_per_1k,Gross plant jobs displaced at retirement,"positions per 1,000",6,0,3.907630623133845,NA,FALSE,FALSE,NA,NA
Full,1.5C,R10REST_ASIA,WITCH,gross_upstream_jobs_displaced_per_1k,Gross upstream jobs displaced at retirement,"positions per 1,000",6,0,0.11364772088473972,NA,FALSE,FALSE,NA,NA
Full,1.5C,R10REST_ASIA,WITCH,inferred_retirements_GW,Inferred retired capacity,GW,6,0,5588.433669089737,NA,FALSE,FALSE,NA,NA
Full,1.5C,R10REST_ASIA,WITCH,jobs_RE_minus_fossil_per_1k,Renewable minus fossil job-years (diagnostic),"job-years per 1,000",6,0,199.87963977361565,NA,FALSE,FALSE,NA,NA
Full,1.5C,R10REST_ASIA,WITCH,total_energy_jobyears_no_decommission_per_1k,"Total energy job-years, excluding decommissioning","job-years per 1,000",6,0,240.47368703948183,NA,FALSE,FALSE,NA,NA
Full,1.5C,R10REST_ASIA,WITCH,total_energy_jobyears_per_1k,"Total energy job-years, including decommissioning","job-years per 1,000",6,0,244.44876070134296,NA,FALSE,FALSE,NA,NA
Full,2C,Aggregated R10 regions,AIM,decommission_jobyears_per_1k,Decommissioning job-years,"job-years per 1,000",20,11,7.480512001862544,1.4878880977876152,TRUE,TRUE,-5.992623904074929,High-CMT
Full,2C,Aggregated R10 regions,AIM,gross_plant_jobs_displaced_per_1k,Gross plant jobs displaced at retirement,"positions per 1,000",20,11,5.790736088563326,0.6238973446299568,TRUE,TRUE,-5.166838743933369,High-CMT
Full,2C,Aggregated R10 regions,AIM,gross_upstream_jobs_displaced_per_1k,Gross upstream jobs displaced at retirement,"positions per 1,000",20,11,0.5231172242663533,0.3727979983783659,TRUE,TRUE,-0.1503192258879874,High-CMT
Full,2C,Aggregated R10 regions,AIM,inferred_retirements_GW,Inferred retired capacity,GW,20,11,78906.90620999999,7879.488500000001,TRUE,TRUE,-71027.41770999998,High-CMT
Full,2C,Aggregated R10 regions,AIM,jobs_RE_minus_fossil_per_1k,Renewable minus fossil job-years (diagnostic),"job-years per 1,000",20,11,251.6321172971503,288.78968540765413,TRUE,TRUE,37.15756811050383,High-RE
Full,2C,Aggregated R10 regions,AIM,total_energy_jobyears_no_decommission_per_1k,"Total energy job-years, excluding decommissioning","job-years per 1,000",20,11,454.6132589447639,435.8868190892137,TRUE,TRUE,-18.72643985555021,High-CMT
Full,2C,Aggregated R10 regions,AIM,total_energy_jobyears_per_1k,"Total energy job-years, including decommissioning","job-years per 1,000",20,11,462.0937709466265,437.088864357465,TRUE,TRUE,-25.004906589161465,High-CMT
Full,2C,Aggregated R10 regions,COFFEE,decommission_jobyears_per_1k,Decommissioning job-years,"job-years per 1,000",0,8,NA,1.0898987621398621,FALSE,FALSE,NA,NA
Full,2C,Aggregated R10 regions,COFFEE,gross_plant_jobs_displaced_per_1k,Gross plant jobs displaced at retirement,"positions per 1,000",0,8,NA,0.5458466700380751,FALSE,FALSE,NA,NA
Full,2C,Aggregated R10 regions,COFFEE,gross_upstream_jobs_displaced_per_1k,Gross upstream jobs displaced at retirement,"positions per 1,000",0,8,NA,0.2690204131861008,FALSE,FALSE,NA,NA
Full,2C,Aggregated R10 regions,COFFEE,inferred_retirements_GW,Inferred retired capacity,GW,0,8,NA,7546.685179228627,FALSE,FALSE,NA,NA
Full,2C,Aggregated R10 regions,COFFEE,jobs_RE_minus_fossil_per_1k,Renewable minus fossil job-years (diagnostic),"job-years per 1,000",0,8,NA,166.39936955041935,FALSE,FALSE,NA,NA
Full,2C,Aggregated R10 regions,COFFEE,total_energy_jobyears_no_decommission_per_1k,"Total energy job-years, excluding decommissioning","job-years per 1,000",0,8,NA,208.57970799518944,FALSE,FALSE,NA,NA
Full,2C,Aggregated R10 regions,COFFEE,total_energy_jobyears_per_1k,"Total energy job-years, including decommissioning","job-years per 1,000",0,8,NA,209.7117364026971,FALSE,FALSE,NA,NA
Full,2C,Aggregated R10 regions,GCAM,decommission_jobyears_per_1k,Decommissioning job-years,"job-years per 1,000",3,4,8.09262326832654,8.925546525576097,TRUE,TRUE,0.8329232572495577,High-RE
Full,2C,Aggregated R10 regions,GCAM,gross_plant_jobs_displaced_per_1k,Gross plant jobs displaced at retirement,"positions per 1,000",3,4,6.178911763865099,6.238265326851028,TRUE,TRUE,0.059353562985928754,High-RE
Full,2C,Aggregated R10 regions,GCAM,gross_upstream_jobs_displaced_per_1k,Gross upstream jobs displaced at retirement,"positions per 1,000",3,4,0.5103893316935423,0.3359023484520173,TRUE,TRUE,-0.174486983241525,High-CMT
Full,2C,Aggregated R10 regions,GCAM,inferred_retirements_GW,Inferred retired capacity,GW,3,4,71440.5657393979,105323.1336206512,TRUE,TRUE,33882.5678812533,High-RE
Full,2C,Aggregated R10 regions,GCAM,jobs_RE_minus_fossil_per_1k,Renewable minus fossil job-years (diagnostic),"job-years per 1,000",3,4,187.4773062204174,474.4576911552121,TRUE,TRUE,286.9803849347947,High-RE
Full,2C,Aggregated R10 regions,GCAM,total_energy_jobyears_no_decommission_per_1k,"Total energy job-years, excluding decommissioning","job-years per 1,000",3,4,331.29072374052305,545.7341935723666,TRUE,TRUE,214.44346983184357,High-RE
Full,2C,Aggregated R10 regions,GCAM,total_energy_jobyears_per_1k,"Total energy job-years, including decommissioning","job-years per 1,000",3,4,339.3833470088495,554.6597400979427,TRUE,TRUE,215.27639308909323,High-RE
Full,2C,Aggregated R10 regions,IMAGE,decommission_jobyears_per_1k,Decommissioning job-years,"job-years per 1,000",45,2,3.160697529577076,8.44850489871225,TRUE,FALSE,5.287807369135173,High-RE
Full,2C,Aggregated R10 regions,IMAGE,gross_plant_jobs_displaced_per_1k,Gross plant jobs displaced at retirement,"positions per 1,000",45,2,2.50627383751076,4.999928346425749,TRUE,FALSE,2.493654508914989,High-RE
Full,2C,Aggregated R10 regions,IMAGE,gross_upstream_jobs_displaced_per_1k,Gross upstream jobs displaced at retirement,"positions per 1,000",45,2,0.41581342394254883,0.6885071601320388,TRUE,FALSE,0.27269373618949,High-RE
Full,2C,Aggregated R10 regions,IMAGE,inferred_retirements_GW,Inferred retired capacity,GW,45,2,28717.961925526473,89604.79968816425,TRUE,FALSE,60886.83776263778,High-RE
Full,2C,Aggregated R10 regions,IMAGE,jobs_RE_minus_fossil_per_1k,Renewable minus fossil job-years (diagnostic),"job-years per 1,000",45,2,77.44867688650885,333.5689907310173,TRUE,FALSE,256.1203138445085,High-RE
Full,2C,Aggregated R10 regions,IMAGE,total_energy_jobyears_no_decommission_per_1k,"Total energy job-years, excluding decommissioning","job-years per 1,000",45,2,251.3298576507713,522.3297855142857,TRUE,FALSE,270.9999278635145,High-RE
Full,2C,Aggregated R10 regions,IMAGE,total_energy_jobyears_per_1k,"Total energy job-years, including decommissioning","job-years per 1,000",45,2,254.3194472940188,530.7782904129981,TRUE,FALSE,276.4588431189793,High-RE
Full,2C,Aggregated R10 regions,MESSAGEix,decommission_jobyears_per_1k,Decommissioning job-years,"job-years per 1,000",74,24,1.1361280551941795,1.1763283260025372,TRUE,TRUE,0.04020027080835775,High-RE
Full,2C,Aggregated R10 regions,MESSAGEix,gross_plant_jobs_displaced_per_1k,Gross plant jobs displaced at retirement,"positions per 1,000",74,24,0.5216093562910695,0.5304871795438917,TRUE,TRUE,0.008877823252822159,High-RE
Full,2C,Aggregated R10 regions,MESSAGEix,gross_upstream_jobs_displaced_per_1k,Gross upstream jobs displaced at retirement,"positions per 1,000",74,24,0.25619374339072487,0.2570604005473175,TRUE,TRUE,8.666571565926207e-4,High-RE
Full,2C,Aggregated R10 regions,MESSAGEix,inferred_retirements_GW,Inferred retired capacity,GW,74,24,7017.550884122837,7916.149591812426,TRUE,TRUE,898.598707689589,High-RE
Full,2C,Aggregated R10 regions,MESSAGEix,jobs_RE_minus_fossil_per_1k,Renewable minus fossil job-years (diagnostic),"job-years per 1,000",74,24,181.5853455644348,215.33525826568092,TRUE,TRUE,33.74991270124613,High-RE
Full,2C,Aggregated R10 regions,MESSAGEix,total_energy_jobyears_no_decommission_per_1k,"Total energy job-years, excluding decommissioning","job-years per 1,000",74,24,274.5241127376788,298.38315448994376,TRUE,TRUE,23.859041752264943,High-RE
Full,2C,Aggregated R10 regions,MESSAGEix,total_energy_jobyears_per_1k,"Total energy job-years, including decommissioning","job-years per 1,000",74,24,275.6231653103852,299.70008068001795,TRUE,TRUE,24.07691536963273,High-RE
Full,2C,Aggregated R10 regions,POLES,decommission_jobyears_per_1k,Decommissioning job-years,"job-years per 1,000",56,8,5.091468189475982,1.8159784137366766,TRUE,TRUE,-3.275489775739306,High-CMT
Full,2C,Aggregated R10 regions,POLES,gross_plant_jobs_displaced_per_1k,Gross plant jobs displaced at retirement,"positions per 1,000",56,8,3.691399349609535,1.1125152327584804,TRUE,TRUE,-2.5788841168510546,High-CMT
Full,2C,Aggregated R10 regions,POLES,gross_upstream_jobs_displaced_per_1k,Gross upstream jobs displaced at retirement,"positions per 1,000",56,8,0.4202327079864409,0.29287189308676737,TRUE,TRUE,-0.12736081489967355,High-CMT
Full,2C,Aggregated R10 regions,POLES,inferred_retirements_GW,Inferred retired capacity,GW,56,8,56802.02242574553,12424.543542225334,TRUE,TRUE,-44377.47888352019,High-CMT
Full,2C,Aggregated R10 regions,POLES,jobs_RE_minus_fossil_per_1k,Renewable minus fossil job-years (diagnostic),"job-years per 1,000",56,8,205.54438135653749,212.30252688024785,TRUE,TRUE,6.758145523710368,High-RE
Full,2C,Aggregated R10 regions,POLES,total_energy_jobyears_no_decommission_per_1k,"Total energy job-years, excluding decommissioning","job-years per 1,000",56,8,367.78297517172666,421.02474085718995,TRUE,TRUE,53.24176568546329,High-RE
Full,2C,Aggregated R10 regions,POLES,total_energy_jobyears_per_1k,"Total energy job-years, including decommissioning","job-years per 1,000",56,8,372.85672065391867,422.930662292531,TRUE,TRUE,50.073941638612325,High-RE
Full,2C,Aggregated R10 regions,REMIND,decommission_jobyears_per_1k,Decommissioning job-years,"job-years per 1,000",0,161,NA,5.928717218459501,FALSE,FALSE,NA,NA
Full,2C,Aggregated R10 regions,REMIND,gross_plant_jobs_displaced_per_1k,Gross plant jobs displaced at retirement,"positions per 1,000",0,161,NA,5.2334053975761545,FALSE,FALSE,NA,NA
Full,2C,Aggregated R10 regions,REMIND,gross_upstream_jobs_displaced_per_1k,Gross upstream jobs displaced at retirement,"positions per 1,000",0,161,NA,0.2551589560156855,FALSE,FALSE,NA,NA
Full,2C,Aggregated R10 regions,REMIND,inferred_retirements_GW,Inferred retired capacity,GW,0,161,NA,89700.53465,FALSE,FALSE,NA,NA
Full,2C,Aggregated R10 regions,REMIND,jobs_RE_minus_fossil_per_1k,Renewable minus fossil job-years (diagnostic),"job-years per 1,000",0,161,NA,534.2542364427001,FALSE,FALSE,NA,NA
Full,2C,Aggregated R10 regions,REMIND,total_energy_jobyears_no_decommission_per_1k,"Total energy job-years, excluding decommissioning","job-years per 1,000",0,161,NA,596.6261443477628,FALSE,FALSE,NA,NA
Full,2C,Aggregated R10 regions,REMIND,total_energy_jobyears_per_1k,"Total energy job-years, including decommissioning","job-years per 1,000",0,161,NA,602.3275150662467,FALSE,FALSE,NA,NA
Full,2C,Aggregated R10 regions,TIAM,decommission_jobyears_per_1k,Decommissioning job-years,"job-years per 1,000",12,0,0.9655516952374246,NA,FALSE,FALSE,NA,NA
Full,2C,Aggregated R10 regions,TIAM,gross_plant_jobs_displaced_per_1k,Gross plant jobs displaced at retirement,"positions per 1,000",12,0,1.2819002305319347,NA,FALSE,FALSE,NA,NA
Full,2C,Aggregated R10 regions,TIAM,gross_upstream_jobs_displaced_per_1k,Gross upstream jobs displaced at retirement,"positions per 1,000",12,0,0.00329799763365565,NA,FALSE,FALSE,NA,NA
Full,2C,Aggregated R10 regions,TIAM,inferred_retirements_GW,Inferred retired capacity,GW,12,0,20058.48637635185,NA,FALSE,FALSE,NA,NA
Full,2C,Aggregated R10 regions,TIAM,jobs_RE_minus_fossil_per_1k,Renewable minus fossil job-years (diagnostic),"job-years per 1,000",12,0,81.41048718389027,NA,FALSE,FALSE,NA,NA
Full,2C,Aggregated R10 regions,TIAM,total_energy_jobyears_no_decommission_per_1k,"Total energy job-years, excluding decommissioning","job-years per 1,000",12,0,103.49540532038165,NA,FALSE,FALSE,NA,NA
Full,2C,Aggregated R10 regions,TIAM,total_energy_jobyears_per_1k,"Total energy job-years, including decommissioning","job-years per 1,000",12,0,104.45879686184061,NA,FALSE,FALSE,NA,NA
Full,2C,Aggregated R10 regions,WITCH,decommission_jobyears_per_1k,Decommissioning job-years,"job-years per 1,000",2,16,6.070547123708815,1.3778758531306796,TRUE,FALSE,-4.692671270578136,High-CMT
Full,2C,Aggregated R10 regions,WITCH,gross_plant_jobs_displaced_per_1k,Gross plant jobs displaced at retirement,"positions per 1,000",2,16,5.732172636188828,0.6607650657624216,TRUE,FALSE,-5.071407570426406,High-CMT
Full,2C,Aggregated R10 regions,WITCH,gross_upstream_jobs_displaced_per_1k,Gross upstream jobs displaced at retirement,"positions per 1,000",2,16,0.34383243889608534,0.2824314560529019,TRUE,FALSE,-0.06140098284318346,High-CMT
Full,2C,Aggregated R10 regions,WITCH,inferred_retirements_GW,Inferred retired capacity,GW,2,16,70129.30634774212,8870.969888592315,TRUE,FALSE,-61258.33645914981,High-CMT
Full,2C,Aggregated R10 regions,WITCH,jobs_RE_minus_fossil_per_1k,Renewable minus fossil job-years (diagnostic),"job-years per 1,000",2,16,248.94964123284188,240.1081177058487,TRUE,FALSE,-8.841523526993171,High-CMT
Full,2C,Aggregated R10 regions,WITCH,total_energy_jobyears_no_decommission_per_1k,"Total energy job-years, excluding decommissioning","job-years per 1,000",2,16,377.15633388165253,322.4367544590174,TRUE,FALSE,-54.71957942263515,High-CMT
Full,2C,Aggregated R10 regions,WITCH,total_energy_jobyears_per_1k,"Total energy job-years, including decommissioning","job-years per 1,000",2,16,383.2268810053613,323.555643218059,TRUE,FALSE,-59.67123778730229,High-CMT
Full,2C,R10AFRICA,AIM,decommission_jobyears_per_1k,Decommissioning job-years,"job-years per 1,000",20,11,1.969154395612966,0.16247282786667822,TRUE,TRUE,-1.8066815677462877,High-CMT
Full,2C,R10AFRICA,AIM,gross_plant_jobs_displaced_per_1k,Gross plant jobs displaced at retirement,"positions per 1,000",20,11,1.888569378895018,0.03658964062824593,TRUE,TRUE,-1.851979738266772,High-CMT
Full,2C,R10AFRICA,AIM,gross_upstream_jobs_displaced_per_1k,Gross upstream jobs displaced at retirement,"positions per 1,000",20,11,0.06921538040801184,0.01435173615815184,TRUE,TRUE,-0.05486364424986,High-CMT
Full,2C,R10AFRICA,AIM,inferred_retirements_GW,Inferred retired capacity,GW,20,11,4503.2737,160.7693,TRUE,TRUE,-4342.5044,High-CMT
Full,2C,R10AFRICA,AIM,jobs_RE_minus_fossil_per_1k,Renewable minus fossil job-years (diagnostic),"job-years per 1,000",20,11,169.64119416422358,197.4491322389337,TRUE,TRUE,27.80793807471011,High-RE
Full,2C,R10AFRICA,AIM,total_energy_jobyears_no_decommission_per_1k,"Total energy job-years, excluding decommissioning","job-years per 1,000",20,11,206.3212793782949,215.96699239914363,TRUE,TRUE,9.645713020848746,High-RE
Full,2C,R10AFRICA,AIM,total_energy_jobyears_per_1k,"Total energy job-years, including decommissioning","job-years per 1,000",20,11,208.28747040626146,216.12382736592258,TRUE,TRUE,7.836356959661117,High-RE
Full,2C,R10AFRICA,COFFEE,decommission_jobyears_per_1k,Decommissioning job-years,"job-years per 1,000",0,8,NA,0.28666997609644124,FALSE,FALSE,NA,NA
Full,2C,R10AFRICA,COFFEE,gross_plant_jobs_displaced_per_1k,Gross plant jobs displaced at retirement,"positions per 1,000",0,8,NA,0.09872646270851004,FALSE,FALSE,NA,NA
Full,2C,R10AFRICA,COFFEE,gross_upstream_jobs_displaced_per_1k,Gross upstream jobs displaced at retirement,"positions per 1,000",0,8,NA,0.017422799694460166,FALSE,FALSE,NA,NA
Full,2C,R10AFRICA,COFFEE,inferred_retirements_GW,Inferred retired capacity,GW,0,8,NA,321.53768117749996,FALSE,FALSE,NA,NA
Full,2C,R10AFRICA,COFFEE,jobs_RE_minus_fossil_per_1k,Renewable minus fossil job-years (diagnostic),"job-years per 1,000",0,8,NA,109.27225916449261,FALSE,FALSE,NA,NA
Full,2C,R10AFRICA,COFFEE,total_energy_jobyears_no_decommission_per_1k,"Total energy job-years, excluding decommissioning","job-years per 1,000",0,8,NA,112.54233732850926,FALSE,FALSE,NA,NA
Full,2C,R10AFRICA,COFFEE,total_energy_jobyears_per_1k,"Total energy job-years, including decommissioning","job-years per 1,000",0,8,NA,112.83411823428038,FALSE,FALSE,NA,NA
Full,2C,R10AFRICA,GCAM,decommission_jobyears_per_1k,Decommissioning job-years,"job-years per 1,000",3,4,4.583866203057201,8.337344007156787,TRUE,TRUE,3.753477804099586,High-RE
Full,2C,R10AFRICA,GCAM,gross_plant_jobs_displaced_per_1k,Gross plant jobs displaced at retirement,"positions per 1,000",3,4,2.7312576686363115,7.722515257343999,TRUE,TRUE,4.991257588707688,High-RE
Full,2C,R10AFRICA,GCAM,gross_upstream_jobs_displaced_per_1k,Gross upstream jobs displaced at retirement,"positions per 1,000",3,4,0.07531698559781398,0.05502068482541862,TRUE,TRUE,-0.02029630077239536,High-CMT
Full,2C,R10AFRICA,GCAM,inferred_retirements_GW,Inferred retired capacity,GW,3,4,7237.991860305705,16938.870169200156,TRUE,TRUE,9700.878308894451,High-RE
Full,2C,R10AFRICA,GCAM,jobs_RE_minus_fossil_per_1k,Renewable minus fossil job-years (diagnostic),"job-years per 1,000",3,4,230.4432050162031,921.3144887620213,TRUE,TRUE,690.8712837458181,High-RE
Full,2C,R10AFRICA,GCAM,total_energy_jobyears_no_decommission_per_1k,"Total energy job-years, excluding decommissioning","job-years per 1,000",3,4,318.0133027983541,948.2402959997312,TRUE,TRUE,630.2269932013771,High-RE
Full,2C,R10AFRICA,GCAM,total_energy_jobyears_per_1k,"Total energy job-years, including decommissioning","job-years per 1,000",3,4,322.59716900141126,956.577640006888,TRUE,TRUE,633.9804710054768,High-RE
Full,2C,R10AFRICA,IMAGE,decommission_jobyears_per_1k,Decommissioning job-years,"job-years per 1,000",45,2,1.4642165294237122,6.150617468868427,TRUE,FALSE,4.686400939444715,High-RE
Full,2C,R10AFRICA,IMAGE,gross_plant_jobs_displaced_per_1k,Gross plant jobs displaced at retirement,"positions per 1,000",45,2,1.1521396638581067,5.434789799279492,TRUE,FALSE,4.282650135421385,High-RE
Full,2C,R10AFRICA,IMAGE,gross_upstream_jobs_displaced_per_1k,Gross upstream jobs displaced at retirement,"positions per 1,000",45,2,0.07189931249906661,0.08343955629443747,TRUE,FALSE,0.011540243795370858,High-RE
Full,2C,R10AFRICA,IMAGE,inferred_retirements_GW,Inferred retired capacity,GW,45,2,2601.0859577823685,12463.972551601888,TRUE,FALSE,9862.88659381952,High-RE
Full,2C,R10AFRICA,IMAGE,jobs_RE_minus_fossil_per_1k,Renewable minus fossil job-years (diagnostic),"job-years per 1,000",45,2,120.70432841529595,711.5081403267297,TRUE,FALSE,590.8038119114337,High-RE
Full,2C,R10AFRICA,IMAGE,total_energy_jobyears_no_decommission_per_1k,"Total energy job-years, excluding decommissioning","job-years per 1,000",45,2,218.10461894310876,781.0432444892007,TRUE,FALSE,562.9386255460919,High-RE
Full,2C,R10AFRICA,IMAGE,total_energy_jobyears_per_1k,"Total energy job-years, including decommissioning","job-years per 1,000",45,2,219.30525283605692,787.1938619580692,TRUE,FALSE,567.8886091220122,High-RE
Full,2C,R10AFRICA,MESSAGEix,decommission_jobyears_per_1k,Decommissioning job-years,"job-years per 1,000",74,24,0.27044979564735894,0.24962265950168253,TRUE,TRUE,-0.02082713614567641,High-CMT
Full,2C,R10AFRICA,MESSAGEix,gross_plant_jobs_displaced_per_1k,Gross plant jobs displaced at retirement,"positions per 1,000",74,24,0.08857707587713162,0.06777986223916055,TRUE,TRUE,-0.020797213637971074,High-CMT
Full,2C,R10AFRICA,MESSAGEix,gross_upstream_jobs_displaced_per_1k,Gross upstream jobs displaced at retirement,"positions per 1,000",74,24,0.020729973242334707,0.019702814237189656,TRUE,TRUE,-0.0010271590051450508,High-CMT
Full,2C,R10AFRICA,MESSAGEix,inferred_retirements_GW,Inferred retired capacity,GW,74,24,318.1839279610515,285.8553092163259,TRUE,TRUE,-32.32861874472559,High-CMT
Full,2C,R10AFRICA,MESSAGEix,jobs_RE_minus_fossil_per_1k,Renewable minus fossil job-years (diagnostic),"job-years per 1,000",74,24,230.5531596201162,230.18753821806868,TRUE,TRUE,-0.36562140204750904,High-CMT
Full,2C,R10AFRICA,MESSAGEix,total_energy_jobyears_no_decommission_per_1k,"Total energy job-years, excluding decommissioning","job-years per 1,000",74,24,277.92875131535254,283.9998704812565,TRUE,TRUE,6.071119165903951,High-RE
Full,2C,R10AFRICA,MESSAGEix,total_energy_jobyears_per_1k,"Total energy job-years, including decommissioning","job-years per 1,000",74,24,278.7203485232954,284.2360933112783,TRUE,TRUE,5.5157447879828965,High-RE
Full,2C,R10AFRICA,POLES,decommission_jobyears_per_1k,Decommissioning job-years,"job-years per 1,000",56,8,2.520168944079896,0.24898773093779608,TRUE,TRUE,-2.2711812131421,High-CMT
Full,2C,R10AFRICA,POLES,gross_plant_jobs_displaced_per_1k,Gross plant jobs displaced at retirement,"positions per 1,000",56,8,2.1798922679716997,0.043853571058287494,TRUE,TRUE,-2.136038696913412,High-CMT
Full,2C,R10AFRICA,POLES,gross_upstream_jobs_displaced_per_1k,Gross upstream jobs displaced at retirement,"positions per 1,000",56,8,0.08844005422007589,0.011550213000610834,TRUE,TRUE,-0.07688984121946506,High-CMT
Full,2C,R10AFRICA,POLES,inferred_retirements_GW,Inferred retired capacity,GW,56,8,4966.172322265268,134.28665447235105,TRUE,TRUE,-4831.885667792917,High-CMT
Full,2C,R10AFRICA,POLES,jobs_RE_minus_fossil_per_1k,Renewable minus fossil job-years (diagnostic),"job-years per 1,000",56,8,310.0812297494937,318.1485541995454,TRUE,TRUE,8.067324450051728,High-RE
Full,2C,R10AFRICA,POLES,total_energy_jobyears_no_decommission_per_1k,"Total energy job-years, excluding decommissioning","job-years per 1,000",56,8,408.302374785551,388.02953374323846,TRUE,TRUE,-20.272841042312564,High-CMT
Full,2C,R10AFRICA,POLES,total_energy_jobyears_per_1k,"Total energy job-years, including decommissioning","job-years per 1,000",56,8,410.7495488927673,388.2758719981857,TRUE,TRUE,-22.47367689458156,High-CMT
Full,2C,R10AFRICA,REMIND,decommission_jobyears_per_1k,Decommissioning job-years,"job-years per 1,000",0,165,NA,3.4414410433153093,FALSE,FALSE,NA,NA
Full,2C,R10AFRICA,REMIND,gross_plant_jobs_displaced_per_1k,Gross plant jobs displaced at retirement,"positions per 1,000",0,165,NA,3.942357901704269,FALSE,FALSE,NA,NA
Full,2C,R10AFRICA,REMIND,gross_upstream_jobs_displaced_per_1k,Gross upstream jobs displaced at retirement,"positions per 1,000",0,165,NA,0.012550059461364798,FALSE,FALSE,NA,NA
Full,2C,R10AFRICA,REMIND,inferred_retirements_GW,Inferred retired capacity,GW,0,165,NA,9818.768527530001,FALSE,FALSE,NA,NA
Full,2C,R10AFRICA,REMIND,jobs_RE_minus_fossil_per_1k,Renewable minus fossil job-years (diagnostic),"job-years per 1,000",0,165,NA,822.0007723619939,FALSE,FALSE,NA,NA
Full,2C,R10AFRICA,REMIND,total_energy_jobyears_no_decommission_per_1k,"Total energy job-years, excluding decommissioning","job-years per 1,000",0,165,NA,855.6205701502475,FALSE,FALSE,NA,NA
Full,2C,R10AFRICA,REMIND,total_energy_jobyears_per_1k,"Total energy job-years, including decommissioning","job-years per 1,000",0,165,NA,859.1023162510386,FALSE,FALSE,NA,NA
Full,2C,R10AFRICA,TIAM,decommission_jobyears_per_1k,Decommissioning job-years,"job-years per 1,000",12,0,0.15358224999600967,NA,FALSE,FALSE,NA,NA
Full,2C,R10AFRICA,TIAM,gross_plant_jobs_displaced_per_1k,Gross plant jobs displaced at retirement,"positions per 1,000",12,0,0.43550670421988547,NA,FALSE,FALSE,NA,NA
Full,2C,R10AFRICA,TIAM,gross_upstream_jobs_displaced_per_1k,Gross upstream jobs displaced at retirement,"positions per 1,000",12,0,0,NA,FALSE,FALSE,NA,NA
Full,2C,R10AFRICA,TIAM,inferred_retirements_GW,Inferred retired capacity,GW,12,0,1316.9416941837612,NA,FALSE,FALSE,NA,NA
Full,2C,R10AFRICA,TIAM,jobs_RE_minus_fossil_per_1k,Renewable minus fossil job-years (diagnostic),"job-years per 1,000",12,0,50.32592827649492,NA,FALSE,FALSE,NA,NA
Full,2C,R10AFRICA,TIAM,total_energy_jobyears_no_decommission_per_1k,"Total energy job-years, excluding decommissioning","job-years per 1,000",12,0,51.73139806508661,NA,FALSE,FALSE,NA,NA
Full,2C,R10AFRICA,TIAM,total_energy_jobyears_per_1k,"Total energy job-years, including decommissioning","job-years per 1,000",12,0,51.858259836517064,NA,FALSE,FALSE,NA,NA
Full,2C,R10AFRICA,WITCH,decommission_jobyears_per_1k,Decommissioning job-years,"job-years per 1,000",2,16,1.9516969010444205,0.6033672085583468,TRUE,FALSE,-1.3483296924860737,High-CMT
Full,2C,R10AFRICA,WITCH,gross_plant_jobs_displaced_per_1k,Gross plant jobs displaced at retirement,"positions per 1,000",2,16,1.836623008166352,0.6892076913405921,TRUE,FALSE,-1.14741531682576,High-CMT
Full,2C,R10AFRICA,WITCH,gross_upstream_jobs_displaced_per_1k,Gross upstream jobs displaced at retirement,"positions per 1,000",2,16,0.10147385486631738,0.0432762802232867,TRUE,FALSE,-0.05819757464303068,High-CMT
Full,2C,R10AFRICA,WITCH,inferred_retirements_GW,Inferred retired capacity,GW,2,16,3893.913188312611,437.8324046536601,TRUE,FALSE,-3456.080783658951,High-CMT
Full,2C,R10AFRICA,WITCH,jobs_RE_minus_fossil_per_1k,Renewable minus fossil job-years (diagnostic),"job-years per 1,000",2,16,148.2012133510665,520.2958272976829,TRUE,FALSE,372.0946139466164,High-RE
Full,2C,R10AFRICA,WITCH,total_energy_jobyears_no_decommission_per_1k,"Total energy job-years, excluding decommissioning","job-years per 1,000",2,16,187.6345938192896,543.5560562732376,TRUE,FALSE,355.921462453948,High-RE
Full,2C,R10AFRICA,WITCH,total_energy_jobyears_per_1k,"Total energy job-years, including decommissioning","job-years per 1,000",2,16,189.58629072033398,543.799956464167,TRUE,FALSE,354.2136657438331,High-RE
Full,2C,R10CHINA+,AIM,decommission_jobyears_per_1k,Decommissioning job-years,"job-years per 1,000",20,11,9.751794387922931,2.825921961865905,TRUE,TRUE,-6.925872426057026,High-CMT
Full,2C,R10CHINA+,AIM,gross_plant_jobs_displaced_per_1k,Gross plant jobs displaced at retirement,"positions per 1,000",20,11,10.233656937195983,1.7546637718780855,TRUE,TRUE,-8.478993165317897,High-CMT
Full,2C,R10CHINA+,AIM,gross_upstream_jobs_displaced_per_1k,Gross upstream jobs displaced at retirement,"positions per 1,000",20,11,1.3685179144693254,0.9753044186812895,TRUE,TRUE,-0.3932134957880359,High-CMT
Full,2C,R10CHINA+,AIM,inferred_retirements_GW,Inferred retired capacity,GW,20,11,25744.66534,2919.8927,TRUE,TRUE,-22824.77264,High-CMT
Full,2C,R10CHINA+,AIM,jobs_RE_minus_fossil_per_1k,Renewable minus fossil job-years (diagnostic),"job-years per 1,000",20,11,299.67941267749273,179.02453169045333,TRUE,TRUE,-120.6548809870394,High-CMT
Full,2C,R10CHINA+,AIM,total_energy_jobyears_no_decommission_per_1k,"Total energy job-years, excluding decommissioning","job-years per 1,000",20,11,662.0388416467425,539.0114809727495,TRUE,TRUE,-123.02736067399303,High-CMT
Full,2C,R10CHINA+,AIM,total_energy_jobyears_per_1k,"Total energy job-years, including decommissioning","job-years per 1,000",20,11,671.8126994261942,541.3213443662719,TRUE,TRUE,-130.49135505992228,High-CMT
Full,2C,R10CHINA+,COFFEE,decommission_jobyears_per_1k,Decommissioning job-years,"job-years per 1,000",0,8,NA,1.3773635026650788,FALSE,FALSE,NA,NA
Full,2C,R10CHINA+,COFFEE,gross_plant_jobs_displaced_per_1k,Gross plant jobs displaced at retirement,"positions per 1,000",0,8,NA,1.185942883180009,FALSE,FALSE,NA,NA
Full,2C,R10CHINA+,COFFEE,gross_upstream_jobs_displaced_per_1k,Gross upstream jobs displaced at retirement,"positions per 1,000",0,8,NA,0.561455381154549,FALSE,FALSE,NA,NA
Full,2C,R10CHINA+,COFFEE,inferred_retirements_GW,Inferred retired capacity,GW,0,8,NA,1645.2889998250007,FALSE,FALSE,NA,NA
Full,2C,R10CHINA+,COFFEE,jobs_RE_minus_fossil_per_1k,Renewable minus fossil job-years (diagnostic),"job-years per 1,000",0,8,NA,276.78233581195065,FALSE,FALSE,NA,NA
Full,2C,R10CHINA+,COFFEE,total_energy_jobyears_no_decommission_per_1k,"Total energy job-years, excluding decommissioning","job-years per 1,000",0,8,NA,321.1745862350009,FALSE,FALSE,NA,NA
Full,2C,R10CHINA+,COFFEE,total_energy_jobyears_per_1k,"Total energy job-years, including decommissioning","job-years per 1,000",0,8,NA,322.54766038757487,FALSE,FALSE,NA,NA
Full,2C,R10CHINA+,GCAM,decommission_jobyears_per_1k,Decommissioning job-years,"job-years per 1,000",3,4,8.290543150877662,7.741516848199916,TRUE,TRUE,-0.5490263026777455,High-CMT
Full,2C,R10CHINA+,GCAM,gross_plant_jobs_displaced_per_1k,Gross plant jobs displaced at retirement,"positions per 1,000",3,4,14.282170511439233,4.798580270808076,TRUE,TRUE,-9.483590240631157,High-CMT
Full,2C,R10CHINA+,GCAM,gross_upstream_jobs_displaced_per_1k,Gross upstream jobs displaced at retirement,"positions per 1,000",3,4,1.175890303217314,0.9277516357550667,TRUE,TRUE,-0.24813866746224733,High-CMT
Full,2C,R10CHINA+,GCAM,inferred_retirements_GW,Inferred retired capacity,GW,3,4,14736.966414050328,18182.283117102073,TRUE,TRUE,3445.316703051745,High-RE
Full,2C,R10CHINA+,GCAM,jobs_RE_minus_fossil_per_1k,Renewable minus fossil job-years (diagnostic),"job-years per 1,000",3,4,110.5014074737362,258.75609492509085,TRUE,TRUE,148.25468745135464,High-RE
Full,2C,R10CHINA+,GCAM,total_energy_jobyears_no_decommission_per_1k,"Total energy job-years, excluding decommissioning","job-years per 1,000",3,4,295.40420460075103,368.797542584284,TRUE,TRUE,73.39333798353294,High-RE
Full,2C,R10CHINA+,GCAM,total_energy_jobyears_per_1k,"Total energy job-years, including decommissioning","job-years per 1,000",3,4,303.6828763720639,376.61387244297237,TRUE,TRUE,72.93099607090846,High-RE
Full,2C,R10CHINA+,IMAGE,decommission_jobyears_per_1k,Decommissioning job-years,"job-years per 1,000",48,2,3.1184581295733658,7.919841669779117,TRUE,FALSE,4.801383540205752,High-RE
Full,2C,R10CHINA+,IMAGE,gross_plant_jobs_displaced_per_1k,Gross plant jobs displaced at retirement,"positions per 1,000",48,2,2.814992113493276,5.457616930196767,TRUE,FALSE,2.6426248167034916,High-RE
Full,2C,R10CHINA+,IMAGE,gross_upstream_jobs_displaced_per_1k,Gross upstream jobs displaced at retirement,"positions per 1,000",48,2,0.8582722587576441,1.0957900326482648,TRUE,FALSE,0.23751777389062068,High-RE
Full,2C,R10CHINA+,IMAGE,inferred_retirements_GW,Inferred retired capacity,GW,48,2,5306.790041244231,17738.53767464125,TRUE,FALSE,12431.747633397019,High-RE
Full,2C,R10CHINA+,IMAGE,jobs_RE_minus_fossil_per_1k,Renewable minus fossil job-years (diagnostic),"job-years per 1,000",48,2,53.25429405553119,156.60304450755353,TRUE,FALSE,103.34875045202234,High-RE
Full,2C,R10CHINA+,IMAGE,total_energy_jobyears_no_decommission_per_1k,"Total energy job-years, excluding decommissioning","job-years per 1,000",48,2,237.89198638498476,390.53867962355685,TRUE,FALSE,152.64669323857208,High-RE
Full,2C,R10CHINA+,IMAGE,total_energy_jobyears_per_1k,"Total energy job-years, including decommissioning","job-years per 1,000",48,2,240.72394844476383,398.45852129333593,TRUE,FALSE,157.7345728485721,High-RE
Full,2C,R10CHINA+,MESSAGEix,decommission_jobyears_per_1k,Decommissioning job-years,"job-years per 1,000",74,24,1.7240183900590382,1.9028313336721214,TRUE,TRUE,0.1788129436130832,High-RE
Full,2C,R10CHINA+,MESSAGEix,gross_plant_jobs_displaced_per_1k,Gross plant jobs displaced at retirement,"positions per 1,000",74,24,1.0969038258109134,1.1355946121234275,TRUE,TRUE,0.0386907863125141,High-RE
Full,2C,R10CHINA+,MESSAGEix,gross_upstream_jobs_displaced_per_1k,Gross upstream jobs displaced at retirement,"positions per 1,000",74,24,0.6843300514954931,0.6825189371846107,TRUE,TRUE,-0.0018111143108824335,High-CMT
Full,2C,R10CHINA+,MESSAGEix,inferred_retirements_GW,Inferred retired capacity,GW,74,24,1632.1141394412584,1853.2344558399407,TRUE,TRUE,221.12031639868223,High-RE
Full,2C,R10CHINA+,MESSAGEix,jobs_RE_minus_fossil_per_1k,Renewable minus fossil job-years (diagnostic),"job-years per 1,000",74,24,114.5192620227682,144.2813500305936,TRUE,TRUE,29.762088007825383,High-RE
Full,2C,R10CHINA+,MESSAGEix,total_energy_jobyears_no_decommission_per_1k,"Total energy job-years, excluding decommissioning","job-years per 1,000",74,24,218.69063475915266,237.53379731591696,TRUE,TRUE,18.843162556764298,High-RE
Full,2C,R10CHINA+,MESSAGEix,total_energy_jobyears_per_1k,"Total energy job-years, including decommissioning","job-years per 1,000",74,24,220.35430213513936,239.45835381828095,TRUE,TRUE,19.10405168314159,High-RE
Full,2C,R10CHINA+,POLES,decommission_jobyears_per_1k,Decommissioning job-years,"job-years per 1,000",56,8,7.4704397474165045,3.987684069800729,TRUE,TRUE,-3.4827556776157755,High-CMT
Full,2C,R10CHINA+,POLES,gross_plant_jobs_displaced_per_1k,Gross plant jobs displaced at retirement,"positions per 1,000",56,8,5.879497486855482,3.2843186325905886,TRUE,TRUE,-2.5951788542648933,High-CMT
Full,2C,R10CHINA+,POLES,gross_upstream_jobs_displaced_per_1k,Gross upstream jobs displaced at retirement,"positions per 1,000",56,8,1.0933761121903645,0.9143313964471891,TRUE,TRUE,-0.17904471574317538,High-CMT
Full,2C,R10CHINA+,POLES,inferred_retirements_GW,Inferred retired capacity,GW,56,8,14788.5040433293,5997.0717833063045,TRUE,TRUE,-8791.432260022995,High-CMT
Full,2C,R10CHINA+,POLES,jobs_RE_minus_fossil_per_1k,Renewable minus fossil job-years (diagnostic),"job-years per 1,000",56,8,166.16414450054867,158.0723211284954,TRUE,TRUE,-8.091823372053284,High-CMT
Full,2C,R10CHINA+,POLES,total_energy_jobyears_no_decommission_per_1k,"Total energy job-years, excluding decommissioning","job-years per 1,000",56,8,433.0188337448485,518.3302785847723,TRUE,TRUE,85.31144483992375,High-RE
Full,2C,R10CHINA+,POLES,total_energy_jobyears_per_1k,"Total energy job-years, including decommissioning","job-years per 1,000",56,8,440.3950623592636,522.2827028399838,TRUE,TRUE,81.88764048072022,High-RE
Full,2C,R10CHINA+,REMIND,decommission_jobyears_per_1k,Decommissioning job-years,"job-years per 1,000",0,165,NA,5.441697904266213,FALSE,FALSE,NA,NA
Full,2C,R10CHINA+,REMIND,gross_plant_jobs_displaced_per_1k,Gross plant jobs displaced at retirement,"positions per 1,000",0,165,NA,4.975735146818143,FALSE,FALSE,NA,NA
Full,2C,R10CHINA+,REMIND,gross_upstream_jobs_displaced_per_1k,Gross upstream jobs displaced at retirement,"positions per 1,000",0,165,NA,0.6210464627751564,FALSE,FALSE,NA,NA
Full,2C,R10CHINA+,REMIND,inferred_retirements_GW,Inferred retired capacity,GW,0,165,NA,15823.337009999997,FALSE,FALSE,NA,NA
Full,2C,R10CHINA+,REMIND,jobs_RE_minus_fossil_per_1k,Renewable minus fossil job-years (diagnostic),"job-years per 1,000",0,165,NA,288.67306325049003,FALSE,FALSE,NA,NA
Full,2C,R10CHINA+,REMIND,total_energy_jobyears_no_decommission_per_1k,"Total energy job-years, excluding decommissioning","job-years per 1,000",0,165,NA,381.64279720673625,FALSE,FALSE,NA,NA
Full,2C,R10CHINA+,REMIND,total_energy_jobyears_per_1k,"Total energy job-years, including decommissioning","job-years per 1,000",0,165,NA,386.95580472217557,FALSE,FALSE,NA,NA
Full,2C,R10CHINA+,TIAM,decommission_jobyears_per_1k,Decommissioning job-years,"job-years per 1,000",12,0,1.2507300221941509,NA,FALSE,FALSE,NA,NA
Full,2C,R10CHINA+,TIAM,gross_plant_jobs_displaced_per_1k,Gross plant jobs displaced at retirement,"positions per 1,000",12,0,2.7767118550767114,NA,FALSE,FALSE,NA,NA
Full,2C,R10CHINA+,TIAM,gross_upstream_jobs_displaced_per_1k,Gross upstream jobs displaced at retirement,"positions per 1,000",12,0,0.009547789416359684,NA,FALSE,FALSE,NA,NA
Full,2C,R10CHINA+,TIAM,inferred_retirements_GW,Inferred retired capacity,GW,12,0,6391.637656124156,NA,FALSE,FALSE,NA,NA
Full,2C,R10CHINA+,TIAM,jobs_RE_minus_fossil_per_1k,Renewable minus fossil job-years (diagnostic),"job-years per 1,000",12,0,157.2263514974771,NA,FALSE,FALSE,NA,NA
Full,2C,R10CHINA+,TIAM,total_energy_jobyears_no_decommission_per_1k,"Total energy job-years, excluding decommissioning","job-years per 1,000",12,0,176.95509297455783,NA,FALSE,FALSE,NA,NA
Full,2C,R10CHINA+,TIAM,total_energy_jobyears_per_1k,"Total energy job-years, including decommissioning","job-years per 1,000",12,0,178.23220766875704,NA,FALSE,FALSE,NA,NA
Full,2C,R10CHINA+,WITCH,decommission_jobyears_per_1k,Decommissioning job-years,"job-years per 1,000",2,16,4.217215752326852,2.526057273821626,TRUE,FALSE,-1.6911584785052258,High-CMT
Full,2C,R10CHINA+,WITCH,gross_plant_jobs_displaced_per_1k,Gross plant jobs displaced at retirement,"positions per 1,000",2,16,6.282098910640247,1.602341253383504,TRUE,FALSE,-4.679757657256744,High-CMT
Full,2C,R10CHINA+,WITCH,gross_upstream_jobs_displaced_per_1k,Gross upstream jobs displaced at retirement,"positions per 1,000",2,16,0.6593912666361944,0.6694970594814398,TRUE,FALSE,0.010105792845245376,High-RE
Full,2C,R10CHINA+,WITCH,inferred_retirements_GW,Inferred retired capacity,GW,2,16,13618.951056767386,4210.210425298617,TRUE,FALSE,-9408.740631468769,High-CMT
Full,2C,R10CHINA+,WITCH,jobs_RE_minus_fossil_per_1k,Renewable minus fossil job-years (diagnostic),"job-years per 1,000",2,16,240.18755092620566,161.97887807614836,TRUE,FALSE,-78.2086728500573,High-CMT
Full,2C,R10CHINA+,WITCH,total_energy_jobyears_no_decommission_per_1k,"Total energy job-years, excluding decommissioning","job-years per 1,000",2,16,361.3839884180161,277.18537843682986,TRUE,FALSE,-84.19860998118622,High-CMT
Full,2C,R10CHINA+,WITCH,total_energy_jobyears_per_1k,"Total energy job-years, including decommissioning","job-years per 1,000",2,16,365.60120417034295,279.52807983253,TRUE,FALSE,-86.07312433781294,High-CMT
Full,2C,R10EUROPE,AIM,decommission_jobyears_per_1k,Decommissioning job-years,"job-years per 1,000",20,11,5.891238308119043,1.0744287262182382,TRUE,TRUE,-4.816809581900804,High-CMT
Full,2C,R10EUROPE,AIM,gross_plant_jobs_displaced_per_1k,Gross plant jobs displaced at retirement,"positions per 1,000",20,11,4.074047142289649,0.4071190483749662,TRUE,TRUE,-3.6669280939146827,High-CMT
Full,2C,R10EUROPE,AIM,gross_upstream_jobs_displaced_per_1k,Gross upstream jobs displaced at retirement,"positions per 1,000",20,11,0.337188429607464,0.3281694225696081,TRUE,TRUE,-0.009019007037855853,High-CMT
Full,2C,R10EUROPE,AIM,inferred_retirements_GW,Inferred retired capacity,GW,20,11,7800.637140000001,1026.9378000000004,TRUE,TRUE,-6773.69934,High-CMT
Full,2C,R10EUROPE,AIM,jobs_RE_minus_fossil_per_1k,Renewable minus fossil job-years (diagnostic),"job-years per 1,000",20,11,87.6433700602017,104.21386587578789,TRUE,TRUE,16.570495815586185,High-RE
Full,2C,R10EUROPE,AIM,total_energy_jobyears_no_decommission_per_1k,"Total energy job-years, excluding decommissioning","job-years per 1,000",20,11,260.75934908571946,256.493021983876,TRUE,TRUE,-4.266327101843444,High-CMT
Full,2C,R10EUROPE,AIM,total_energy_jobyears_per_1k,"Total energy job-years, including decommissioning","job-years per 1,000",20,11,266.61969300080955,257.2476554703245,TRUE,TRUE,-9.372037530485045,High-CMT
Full,2C,R10EUROPE,COFFEE,decommission_jobyears_per_1k,Decommissioning job-years,"job-years per 1,000",0,8,NA,1.155520973644383,FALSE,FALSE,NA,NA
Full,2C,R10EUROPE,COFFEE,gross_plant_jobs_displaced_per_1k,Gross plant jobs displaced at retirement,"positions per 1,000",0,8,NA,0.42462765627786003,FALSE,FALSE,NA,NA
Full,2C,R10EUROPE,COFFEE,gross_upstream_jobs_displaced_per_1k,Gross upstream jobs displaced at retirement,"positions per 1,000",0,8,NA,0.5298929735674018,FALSE,FALSE,NA,NA
Full,2C,R10EUROPE,COFFEE,inferred_retirements_GW,Inferred retired capacity,GW,0,8,NA,887.4479495000005,FALSE,FALSE,NA,NA
Full,2C,R10EUROPE,COFFEE,jobs_RE_minus_fossil_per_1k,Renewable minus fossil job-years (diagnostic),"job-years per 1,000",0,8,NA,160.0152032533711,FALSE,FALSE,NA,NA
Full,2C,R10EUROPE,COFFEE,total_energy_jobyears_no_decommission_per_1k,"Total energy job-years, excluding decommissioning","job-years per 1,000",0,8,NA,228.84388488626865,FALSE,FALSE,NA,NA
Full,2C,R10EUROPE,COFFEE,total_energy_jobyears_per_1k,"Total energy job-years, including decommissioning","job-years per 1,000",0,8,NA,230.1498973397804,FALSE,FALSE,NA,NA
Full,2C,R10EUROPE,GCAM,decommission_jobyears_per_1k,Decommissioning job-years,"job-years per 1,000",3,4,6.754769748628243,5.568144126576347,TRUE,TRUE,-1.1866256220518965,High-CMT
Full,2C,R10EUROPE,GCAM,gross_plant_jobs_displaced_per_1k,Gross plant jobs displaced at retirement,"positions per 1,000",3,4,3.9167685497250884,2.65903316207015,TRUE,TRUE,-1.2577353876549382,High-CMT
Full,2C,R10EUROPE,GCAM,gross_upstream_jobs_displaced_per_1k,Gross upstream jobs displaced at retirement,"positions per 1,000",3,4,0.4839092405812211,0.32345355246610547,TRUE,TRUE,-0.16045568811511562,High-CMT
Full,2C,R10EUROPE,GCAM,inferred_retirements_GW,Inferred retired capacity,GW,3,4,10176.494835453075,9611.475529549267,TRUE,TRUE,-565.0193059038083,High-CMT
Full,2C,R10EUROPE,GCAM,jobs_RE_minus_fossil_per_1k,Renewable minus fossil job-years (diagnostic),"job-years per 1,000",3,4,145.25228039358169,141.88413270832766,TRUE,TRUE,-3.36814768525403,High-CMT
Full,2C,R10EUROPE,GCAM,total_energy_jobyears_no_decommission_per_1k,"Total energy job-years, excluding decommissioning","job-years per 1,000",3,4,239.3730221976937,197.69320496639565,TRUE,TRUE,-41.679817231298045,High-CMT
Full,2C,R10EUROPE,GCAM,total_energy_jobyears_per_1k,"Total energy job-years, including decommissioning","job-years per 1,000",3,4,245.99541141446437,203.2426676054042,TRUE,TRUE,-42.75274380906018,High-CMT
Full,2C,R10EUROPE,IMAGE,decommission_jobyears_per_1k,Decommissioning job-years,"job-years per 1,000",48,2,2.7433389115965627,4.667103817811374,TRUE,FALSE,1.9237649062148114,High-RE
Full,2C,R10EUROPE,IMAGE,gross_plant_jobs_displaced_per_1k,Gross plant jobs displaced at retirement,"positions per 1,000",48,2,1.7156239831056403,1.9334846671989818,TRUE,FALSE,0.21786068409334147,High-RE
Full,2C,R10EUROPE,IMAGE,gross_upstream_jobs_displaced_per_1k,Gross upstream jobs displaced at retirement,"positions per 1,000",48,2,0.6454454226336679,1.0527249267451313,TRUE,FALSE,0.4072795041114634,High-RE
Full,2C,R10EUROPE,IMAGE,inferred_retirements_GW,Inferred retired capacity,GW,48,2,3306.4848751917825,6109.285218072184,TRUE,FALSE,2802.8003428804013,High-RE
Full,2C,R10EUROPE,IMAGE,jobs_RE_minus_fossil_per_1k,Renewable minus fossil job-years (diagnostic),"job-years per 1,000",48,2,10.792516430315573,22.6085933626398,TRUE,FALSE,11.81607693232423,High-RE
Full,2C,R10EUROPE,IMAGE,total_energy_jobyears_no_decommission_per_1k,"Total energy job-years, excluding decommissioning","job-years per 1,000",48,2,137.11819663034794,162.5746628499141,TRUE,FALSE,25.456466219566153,High-RE
Full,2C,R10EUROPE,IMAGE,total_energy_jobyears_per_1k,"Total energy job-years, including decommissioning","job-years per 1,000",48,2,140.73661153985893,167.24176666772547,TRUE,FALSE,26.505155127866544,High-RE
Full,2C,R10EUROPE,MESSAGEix,decommission_jobyears_per_1k,Decommissioning job-years,"job-years per 1,000",74,24,0.9109659175912883,0.8855078686001098,TRUE,TRUE,-0.02545804899117854,High-CMT
Full,2C,R10EUROPE,MESSAGEix,gross_plant_jobs_displaced_per_1k,Gross plant jobs displaced at retirement,"positions per 1,000",74,24,0.3565804390204279,0.42840467148286265,TRUE,TRUE,0.07182423246243475,High-RE
Full,2C,R10EUROPE,MESSAGEix,gross_upstream_jobs_displaced_per_1k,Gross upstream jobs displaced at retirement,"positions per 1,000",74,24,0.2820970615309199,0.3082336898645217,TRUE,TRUE,0.026136628333601808,High-RE
Full,2C,R10EUROPE,MESSAGEix,inferred_retirements_GW,Inferred retired capacity,GW,74,24,795.1936518823676,1118.6626308341968,TRUE,TRUE,323.4689789518292,High-RE
Full,2C,R10EUROPE,MESSAGEix,jobs_RE_minus_fossil_per_1k,Renewable minus fossil job-years (diagnostic),"job-years per 1,000",74,24,56.93819234763226,81.47007132431685,TRUE,TRUE,24.531878976684588,High-RE
Full,2C,R10EUROPE,MESSAGEix,total_energy_jobyears_no_decommission_per_1k,"Total energy job-years, excluding decommissioning","job-years per 1,000",74,24,139.7248421363271,150.0470799357135,TRUE,TRUE,10.322237799386386,High-RE
Full,2C,R10EUROPE,MESSAGEix,total_energy_jobyears_per_1k,"Total energy job-years, including decommissioning","job-years per 1,000",74,24,140.62166240998147,150.9117431119652,TRUE,TRUE,10.290080701983726,High-RE
Full,2C,R10EUROPE,POLES,decommission_jobyears_per_1k,Decommissioning job-years,"job-years per 1,000",56,8,4.5546279115435375,1.3737329011604915,TRUE,TRUE,-3.180895010383046,High-CMT
Full,2C,R10EUROPE,POLES,gross_plant_jobs_displaced_per_1k,Gross plant jobs displaced at retirement,"positions per 1,000",56,8,2.835643973326035,0.7937730670338434,TRUE,TRUE,-2.041870906292192,High-CMT
Full,2C,R10EUROPE,POLES,gross_upstream_jobs_displaced_per_1k,Gross upstream jobs displaced at retirement,"positions per 1,000",56,8,0.48652880240564994,0.2988111443757119,TRUE,TRUE,-0.18771765802993806,High-CMT
Full,2C,R10EUROPE,POLES,inferred_retirements_GW,Inferred retired capacity,GW,56,8,7462.123574954271,1374.0598955154423,TRUE,TRUE,-6088.063679438828,High-CMT
Full,2C,R10EUROPE,POLES,jobs_RE_minus_fossil_per_1k,Renewable minus fossil job-years (diagnostic),"job-years per 1,000",56,8,77.26474231974449,82.40597696872365,TRUE,TRUE,5.1412346489791645,High-RE
Full,2C,R10EUROPE,POLES,total_energy_jobyears_no_decommission_per_1k,"Total energy job-years, excluding decommissioning","job-years per 1,000",56,8,203.8503384584707,254.85583965493825,TRUE,TRUE,51.00550119646755,High-RE
Full,2C,R10EUROPE,POLES,total_energy_jobyears_per_1k,"Total energy job-years, including decommissioning","job-years per 1,000",56,8,208.40496637001422,256.14665525748535,TRUE,TRUE,47.74168888747113,High-RE
Full,2C,R10EUROPE,REMIND,decommission_jobyears_per_1k,Decommissioning job-years,"job-years per 1,000",0,165,NA,3.3202143909330464,FALSE,FALSE,NA,NA
Full,2C,R10EUROPE,REMIND,gross_plant_jobs_displaced_per_1k,Gross plant jobs displaced at retirement,"positions per 1,000",0,165,NA,2.1651990664195555,FALSE,FALSE,NA,NA
Full,2C,R10EUROPE,REMIND,gross_upstream_jobs_displaced_per_1k,Gross upstream jobs displaced at retirement,"positions per 1,000",0,165,NA,0.2385832273801257,FALSE,FALSE,NA,NA
Full,2C,R10EUROPE,REMIND,inferred_retirements_GW,Inferred retired capacity,GW,0,165,NA,7727.515090000001,FALSE,FALSE,NA,NA
Full,2C,R10EUROPE,REMIND,jobs_RE_minus_fossil_per_1k,Renewable minus fossil job-years (diagnostic),"job-years per 1,000",0,165,NA,124.50785546595992,FALSE,FALSE,NA,NA
Full,2C,R10EUROPE,REMIND,total_energy_jobyears_no_decommission_per_1k,"Total energy job-years, excluding decommissioning","job-years per 1,000",0,165,NA,150.71574748123393,FALSE,FALSE,NA,NA
Full,2C,R10EUROPE,REMIND,total_energy_jobyears_per_1k,"Total energy job-years, including decommissioning","job-years per 1,000",0,165,NA,153.93967375848496,FALSE,FALSE,NA,NA
Full,2C,R10EUROPE,TIAM,decommission_jobyears_per_1k,Decommissioning job-years,"job-years per 1,000",12,0,0.7438716225464735,NA,FALSE,FALSE,NA,NA
Full,2C,R10EUROPE,TIAM,gross_plant_jobs_displaced_per_1k,Gross plant jobs displaced at retirement,"positions per 1,000",12,0,1.025864784825641,NA,FALSE,FALSE,NA,NA
Full,2C,R10EUROPE,TIAM,gross_upstream_jobs_displaced_per_1k,Gross upstream jobs displaced at retirement,"positions per 1,000",12,0,0.005819838999925086,NA,FALSE,FALSE,NA,NA
Full,2C,R10EUROPE,TIAM,inferred_retirements_GW,Inferred retired capacity,GW,12,0,2360.1659141261657,NA,FALSE,FALSE,NA,NA
Full,2C,R10EUROPE,TIAM,jobs_RE_minus_fossil_per_1k,Renewable minus fossil job-years (diagnostic),"job-years per 1,000",12,0,49.872365598315014,NA,FALSE,FALSE,NA,NA
Full,2C,R10EUROPE,TIAM,total_energy_jobyears_no_decommission_per_1k,"Total energy job-years, excluding decommissioning","job-years per 1,000",12,0,60.97465852389084,NA,FALSE,FALSE,NA,NA
Full,2C,R10EUROPE,TIAM,total_energy_jobyears_per_1k,"Total energy job-years, including decommissioning","job-years per 1,000",12,0,61.710176400887306,NA,FALSE,FALSE,NA,NA
Full,2C,R10EUROPE,WITCH,decommission_jobyears_per_1k,Decommissioning job-years,"job-years per 1,000",2,16,4.614094436005697,0.9339460137832387,TRUE,FALSE,-3.6801484222224583,High-CMT
Full,2C,R10EUROPE,WITCH,gross_plant_jobs_displaced_per_1k,Gross plant jobs displaced at retirement,"positions per 1,000",2,16,3.049084623979998,0.3431006548646772,TRUE,FALSE,-2.7059839691153207,High-CMT
Full,2C,R10EUROPE,WITCH,gross_upstream_jobs_displaced_per_1k,Gross upstream jobs displaced at retirement,"positions per 1,000",2,16,0.30866634702289053,0.28837998616558674,TRUE,FALSE,-0.020286360857303787,High-CMT
Full,2C,R10EUROPE,WITCH,inferred_retirements_GW,Inferred retired capacity,GW,2,16,8314.767418813433,720.4065005659486,TRUE,FALSE,-7594.360918247485,High-CMT
Full,2C,R10EUROPE,WITCH,jobs_RE_minus_fossil_per_1k,Renewable minus fossil job-years (diagnostic),"job-years per 1,000",2,16,117.86997522759484,53.68585214392374,TRUE,FALSE,-64.1841230836711,High-CMT
Full,2C,R10EUROPE,WITCH,total_energy_jobyears_no_decommission_per_1k,"Total energy job-years, excluding decommissioning","job-years per 1,000",2,16,192.13303265159584,117.16055269768916,TRUE,FALSE,-74.97247995390669,High-CMT
Full,2C,R10EUROPE,WITCH,total_energy_jobyears_per_1k,"Total energy job-years, including decommissioning","job-years per 1,000",2,16,196.74712708760154,118.08520732893382,TRUE,FALSE,-78.66191975866772,High-CMT
Full,2C,R10INDIA+,AIM,decommission_jobyears_per_1k,Decommissioning job-years,"job-years per 1,000",20,11,3.5949713096422515,0.5431829892872402,TRUE,TRUE,-3.051788320355011,High-CMT
Full,2C,R10INDIA+,AIM,gross_plant_jobs_displaced_per_1k,Gross plant jobs displaced at retirement,"positions per 1,000",20,11,3.9942826590202802,0.20864491265608184,TRUE,TRUE,-3.7856377463641984,High-CMT
Full,2C,R10INDIA+,AIM,gross_upstream_jobs_displaced_per_1k,Gross upstream jobs displaced at retirement,"positions per 1,000",20,11,0.3352201502433146,0.1488654227642704,TRUE,TRUE,-0.1863547274790442,High-CMT
Full,2C,R10INDIA+,AIM,inferred_retirements_GW,Inferred retired capacity,GW,20,11,8926.22582,503.724,TRUE,TRUE,-8422.50182,High-CMT
Full,2C,R10INDIA+,AIM,jobs_RE_minus_fossil_per_1k,Renewable minus fossil job-years (diagnostic),"job-years per 1,000",20,11,283.465168514651,405.1963277505402,TRUE,TRUE,121.73115923588921,High-RE
Full,2C,R10INDIA+,AIM,total_energy_jobyears_no_decommission_per_1k,"Total energy job-years, excluding decommissioning","job-years per 1,000",20,11,398.0214088400927,467.798786443965,TRUE,TRUE,69.77737760387231,High-RE
Full,2C,R10INDIA+,AIM,total_energy_jobyears_per_1k,"Total energy job-years, including decommissioning","job-years per 1,000",20,11,401.62500352197253,471.9265340815369,TRUE,TRUE,70.30153055956436,High-RE
Full,2C,R10INDIA+,COFFEE,decommission_jobyears_per_1k,Decommissioning job-years,"job-years per 1,000",0,8,NA,0.3997704695913324,FALSE,FALSE,NA,NA
Full,2C,R10INDIA+,COFFEE,gross_plant_jobs_displaced_per_1k,Gross plant jobs displaced at retirement,"positions per 1,000",0,8,NA,0.3396181838520355,FALSE,FALSE,NA,NA
Full,2C,R10INDIA+,COFFEE,gross_upstream_jobs_displaced_per_1k,Gross upstream jobs displaced at retirement,"positions per 1,000",0,8,NA,0.09389426113412795,FALSE,FALSE,NA,NA
Full,2C,R10INDIA+,COFFEE,inferred_retirements_GW,Inferred retired capacity,GW,0,8,NA,902.232790325,FALSE,FALSE,NA,NA
Full,2C,R10INDIA+,COFFEE,jobs_RE_minus_fossil_per_1k,Renewable minus fossil job-years (diagnostic),"job-years per 1,000",0,8,NA,82.47650483753586,FALSE,FALSE,NA,NA
Full,2C,R10INDIA+,COFFEE,total_energy_jobyears_no_decommission_per_1k,"Total energy job-years, excluding decommissioning","job-years per 1,000",0,8,NA,117.61339379555741,FALSE,FALSE,NA,NA
Full,2C,R10INDIA+,COFFEE,total_energy_jobyears_per_1k,"Total energy job-years, including decommissioning","job-years per 1,000",0,8,NA,118.03836934910692,FALSE,FALSE,NA,NA
Full,2C,R10INDIA+,GCAM,decommission_jobyears_per_1k,Decommissioning job-years,"job-years per 1,000",3,4,3.5167633829741773,6.56730739238812,TRUE,TRUE,3.0505440094139424,High-RE
Full,2C,R10INDIA+,GCAM,gross_plant_jobs_displaced_per_1k,Gross plant jobs displaced at retirement,"positions per 1,000",3,4,2.9170946303516607,7.807749760479965,TRUE,TRUE,4.890655130128303,High-RE
Full,2C,R10INDIA+,GCAM,gross_upstream_jobs_displaced_per_1k,Gross upstream jobs displaced at retirement,"positions per 1,000",3,4,0.47237120340874633,0.19914707890558303,TRUE,TRUE,-0.2732241245031633,High-CMT
Full,2C,R10INDIA+,GCAM,inferred_retirements_GW,Inferred retired capacity,GW,3,4,6519.042491091861,17573.848930214073,TRUE,TRUE,11054.806439122212,High-RE
Full,2C,R10INDIA+,GCAM,jobs_RE_minus_fossil_per_1k,Renewable minus fossil job-years (diagnostic),"job-years per 1,000",3,4,96.83381812037602,678.6465835530175,TRUE,TRUE,581.8127654326415,High-RE
Full,2C,R10INDIA+,GCAM,total_energy_jobyears_no_decommission_per_1k,"Total energy job-years, excluding decommissioning","job-years per 1,000",3,4,242.99805944092168,716.9329345752883,TRUE,TRUE,473.9348751343666,High-RE
Full,2C,R10INDIA+,GCAM,total_energy_jobyears_per_1k,"Total energy job-years, including decommissioning","job-years per 1,000",3,4,246.51482282389583,723.6407341104399,TRUE,TRUE,477.12591128654407,High-RE
Full,2C,R10INDIA+,IMAGE,decommission_jobyears_per_1k,Decommissioning job-years,"job-years per 1,000",45,2,2.393008157554556,4.01455876675028,TRUE,FALSE,1.6215506091957241,High-RE
Full,2C,R10INDIA+,IMAGE,gross_plant_jobs_displaced_per_1k,Gross plant jobs displaced at retirement,"positions per 1,000",45,2,2.2810916398427645,3.5758444250181136,TRUE,FALSE,1.294752785175349,High-RE
Full,2C,R10INDIA+,IMAGE,gross_upstream_jobs_displaced_per_1k,Gross upstream jobs displaced at retirement,"positions per 1,000",45,2,0.25343084104328656,0.4516449720553225,TRUE,FALSE,0.19821413101203594,High-RE
Full,2C,R10INDIA+,IMAGE,inferred_retirements_GW,Inferred retired capacity,GW,45,2,4876.507789395829,8635.102977742414,TRUE,FALSE,3758.595188346585,High-RE
Full,2C,R10INDIA+,IMAGE,jobs_RE_minus_fossil_per_1k,Renewable minus fossil job-years (diagnostic),"job-years per 1,000",45,2,140.5797038212851,223.0261688276368,TRUE,FALSE,82.4464650063517,High-RE
Full,2C,R10INDIA+,IMAGE,total_energy_jobyears_no_decommission_per_1k,"Total energy job-years, excluding decommissioning","job-years per 1,000",45,2,308.1743244891178,416.02768850908114,TRUE,FALSE,107.85336401996335,High-RE
Full,2C,R10INDIA+,IMAGE,total_energy_jobyears_per_1k,"Total energy job-years, including decommissioning","job-years per 1,000",45,2,310.7910578838045,420.04224727583147,TRUE,FALSE,109.25118939202696,High-RE
Full,2C,R10INDIA+,MESSAGEix,decommission_jobyears_per_1k,Decommissioning job-years,"job-years per 1,000",74,24,0.5298744237066002,0.5811530798781951,TRUE,TRUE,0.05127865617159488,High-RE
Full,2C,R10INDIA+,MESSAGEix,gross_plant_jobs_displaced_per_1k,Gross plant jobs displaced at retirement,"positions per 1,000",74,24,0.1821712775382446,0.23076565145170025,TRUE,TRUE,0.04859437391345564,High-RE
Full,2C,R10INDIA+,MESSAGEix,gross_upstream_jobs_displaced_per_1k,Gross upstream jobs displaced at retirement,"positions per 1,000",74,24,0.1291701471523777,0.13623353016640166,TRUE,TRUE,0.007063383014023955,High-RE
Full,2C,R10INDIA+,MESSAGEix,inferred_retirements_GW,Inferred retired capacity,GW,74,24,458.02108913180933,566.302737450073,TRUE,TRUE,108.28164831826365,High-RE
Full,2C,R10INDIA+,MESSAGEix,jobs_RE_minus_fossil_per_1k,Renewable minus fossil job-years (diagnostic),"job-years per 1,000",74,24,238.70088697342734,281.00479435492724,TRUE,TRUE,42.3039073814999,High-RE
Full,2C,R10INDIA+,MESSAGEix,total_energy_jobyears_no_decommission_per_1k,"Total energy job-years, excluding decommissioning","job-years per 1,000",74,24,337.47441742656713,370.32065995685775,TRUE,TRUE,32.846242530290624,High-RE
Full,2C,R10INDIA+,MESSAGEix,total_energy_jobyears_per_1k,"Total energy job-years, including decommissioning","job-years per 1,000",74,24,338.0099938263396,370.90777049294695,TRUE,TRUE,32.89777666660734,High-RE
Full,2C,R10INDIA+,POLES,decommission_jobyears_per_1k,Decommissioning job-years,"job-years per 1,000",56,8,3.92811430447128,1.2108739648246805,TRUE,TRUE,-2.7172403396465996,High-CMT
Full,2C,R10INDIA+,POLES,gross_plant_jobs_displaced_per_1k,Gross plant jobs displaced at retirement,"positions per 1,000",56,8,4.536928757541686,0.6616626922689676,TRUE,TRUE,-3.875266065272718,High-CMT
Full,2C,R10INDIA+,POLES,gross_upstream_jobs_displaced_per_1k,Gross upstream jobs displaced at retirement,"positions per 1,000",56,8,0.2595236209899088,0.14467456876816692,TRUE,TRUE,-0.11484905222174185,High-CMT
Full,2C,R10INDIA+,POLES,inferred_retirements_GW,Inferred retired capacity,GW,56,8,10819.649426903123,1247.036683557079,TRUE,TRUE,-9572.612743346044,High-CMT
Full,2C,R10INDIA+,POLES,jobs_RE_minus_fossil_per_1k,Renewable minus fossil job-years (diagnostic),"job-years per 1,000",56,8,330.01072080041354,369.1300693988851,TRUE,TRUE,39.11934859847156,High-RE
Full,2C,R10INDIA+,POLES,total_energy_jobyears_no_decommission_per_1k,"Total energy job-years, excluding decommissioning","job-years per 1,000",56,8,510.33294831098885,620.511693657013,TRUE,TRUE,110.17874534602413,High-RE
Full,2C,R10INDIA+,POLES,total_energy_jobyears_per_1k,"Total energy job-years, including decommissioning","job-years per 1,000",56,8,514.2615458970422,622.5986228861473,TRUE,TRUE,108.33707698910507,High-RE
Full,2C,R10INDIA+,REMIND,decommission_jobyears_per_1k,Decommissioning job-years,"job-years per 1,000",0,165,NA,5.188032438528045,FALSE,FALSE,NA,NA
Full,2C,R10INDIA+,REMIND,gross_plant_jobs_displaced_per_1k,Gross plant jobs displaced at retirement,"positions per 1,000",0,165,NA,6.822358998345823,FALSE,FALSE,NA,NA
Full,2C,R10INDIA+,REMIND,gross_upstream_jobs_displaced_per_1k,Gross upstream jobs displaced at retirement,"positions per 1,000",0,165,NA,0.17203729216437005,FALSE,FALSE,NA,NA
Full,2C,R10INDIA+,REMIND,inferred_retirements_GW,Inferred retired capacity,GW,0,165,NA,16537.90949,FALSE,FALSE,NA,NA
Full,2C,R10INDIA+,REMIND,jobs_RE_minus_fossil_per_1k,Renewable minus fossil job-years (diagnostic),"job-years per 1,000",0,165,NA,811.4111600701249,FALSE,FALSE,NA,NA
Full,2C,R10INDIA+,REMIND,total_energy_jobyears_no_decommission_per_1k,"Total energy job-years, excluding decommissioning","job-years per 1,000",0,165,NA,904.4945314796541,FALSE,FALSE,NA,NA
Full,2C,R10INDIA+,REMIND,total_energy_jobyears_per_1k,"Total energy job-years, including decommissioning","job-years per 1,000",0,165,NA,909.4718109713623,FALSE,FALSE,NA,NA
Full,2C,R10INDIA+,TIAM,decommission_jobyears_per_1k,Decommissioning job-years,"job-years per 1,000",12,0,0.7163571752656461,NA,FALSE,FALSE,NA,NA
Full,2C,R10INDIA+,TIAM,gross_plant_jobs_displaced_per_1k,Gross plant jobs displaced at retirement,"positions per 1,000",12,0,0.9242613988360139,NA,FALSE,FALSE,NA,NA
Full,2C,R10INDIA+,TIAM,gross_upstream_jobs_displaced_per_1k,Gross upstream jobs displaced at retirement,"positions per 1,000",12,0,0,NA,FALSE,FALSE,NA,NA
Full,2C,R10INDIA+,TIAM,inferred_retirements_GW,Inferred retired capacity,GW,12,0,2007.4989675124211,NA,FALSE,FALSE,NA,NA
Full,2C,R10INDIA+,TIAM,jobs_RE_minus_fossil_per_1k,Renewable minus fossil job-years (diagnostic),"job-years per 1,000",12,0,53.63392023709826,NA,FALSE,FALSE,NA,NA
Full,2C,R10INDIA+,TIAM,total_energy_jobyears_no_decommission_per_1k,"Total energy job-years, excluding decommissioning","job-years per 1,000",12,0,95.23454398713343,NA,FALSE,FALSE,NA,NA
Full,2C,R10INDIA+,TIAM,total_energy_jobyears_per_1k,"Total energy job-years, including decommissioning","job-years per 1,000",12,0,95.93154987518511,NA,FALSE,FALSE,NA,NA
Full,2C,R10INDIA+,WITCH,decommission_jobyears_per_1k,Decommissioning job-years,"job-years per 1,000",2,16,1.8106611039952532,0.3796381756913989,TRUE,FALSE,-1.4310229283038542,High-CMT
Full,2C,R10INDIA+,WITCH,gross_plant_jobs_displaced_per_1k,Gross plant jobs displaced at retirement,"positions per 1,000",2,16,2.680726034676376,0.10403131501868498,TRUE,FALSE,-2.576694719657691,High-CMT
Full,2C,R10INDIA+,WITCH,gross_upstream_jobs_displaced_per_1k,Gross upstream jobs displaced at retirement,"positions per 1,000",2,16,0.12809711299447407,0.11126824750945928,TRUE,FALSE,-0.01682886548501479,High-CMT
Full,2C,R10INDIA+,WITCH,inferred_retirements_GW,Inferred retired capacity,GW,2,16,6422.142430541566,300.4524700624424,TRUE,FALSE,-6121.689960479123,High-CMT
Full,2C,R10INDIA+,WITCH,jobs_RE_minus_fossil_per_1k,Renewable minus fossil job-years (diagnostic),"job-years per 1,000",2,16,210.45510660654065,300.28058124390395,TRUE,FALSE,89.8254746373633,High-RE
Full,2C,R10INDIA+,WITCH,total_energy_jobyears_no_decommission_per_1k,"Total energy job-years, excluding decommissioning","job-years per 1,000",2,16,233.38165921336372,321.1983396447889,TRUE,FALSE,87.8166804314252,High-RE
Full,2C,R10INDIA+,WITCH,total_energy_jobyears_per_1k,"Total energy job-years, including decommissioning","job-years per 1,000",2,16,235.192320317359,321.5779181868135,TRUE,FALSE,86.38559786945453,High-RE
Full,2C,R10LATIN_AM,AIM,decommission_jobyears_per_1k,Decommissioning job-years,"job-years per 1,000",20,11,7.149529741298446,0.7044976586761581,TRUE,TRUE,-6.445032082622288,High-CMT
Full,2C,R10LATIN_AM,AIM,gross_plant_jobs_displaced_per_1k,Gross plant jobs displaced at retirement,"positions per 1,000",20,11,5.102254149569644,0.1913958570874477,TRUE,TRUE,-4.910858292482196,High-CMT
Full,2C,R10LATIN_AM,AIM,gross_upstream_jobs_displaced_per_1k,Gross upstream jobs displaced at retirement,"positions per 1,000",20,11,0.13027357060988842,0.0669277409770572,TRUE,TRUE,-0.06334582963283122,High-CMT
Full,2C,R10LATIN_AM,AIM,inferred_retirements_GW,Inferred retired capacity,GW,20,11,3750.465040000001,201.5101,TRUE,TRUE,-3548.954940000001,High-CMT
Full,2C,R10LATIN_AM,AIM,jobs_RE_minus_fossil_per_1k,Renewable minus fossil job-years (diagnostic),"job-years per 1,000",20,11,232.34179449169932,142.8244060402064,TRUE,TRUE,-89.5173884514929,High-CMT
Full,2C,R10LATIN_AM,AIM,total_energy_jobyears_no_decommission_per_1k,"Total energy job-years, excluding decommissioning","job-years per 1,000",20,11,395.0068193058744,226.81003531719756,TRUE,TRUE,-168.19678398867683,High-CMT
Full,2C,R10LATIN_AM,AIM,total_energy_jobyears_per_1k,"Total energy job-years, including decommissioning","job-years per 1,000",20,11,402.15634904717285,227.4744853602056,TRUE,TRUE,-174.68186368696726,High-CMT
Full,2C,R10LATIN_AM,COFFEE,decommission_jobyears_per_1k,Decommissioning job-years,"job-years per 1,000",0,8,NA,0.7728183522957577,FALSE,FALSE,NA,NA
Full,2C,R10LATIN_AM,COFFEE,gross_plant_jobs_displaced_per_1k,Gross plant jobs displaced at retirement,"positions per 1,000",0,8,NA,0.2760763189402946,FALSE,FALSE,NA,NA
Full,2C,R10LATIN_AM,COFFEE,gross_upstream_jobs_displaced_per_1k,Gross upstream jobs displaced at retirement,"positions per 1,000",0,8,NA,0.07078937387552528,FALSE,FALSE,NA,NA
Full,2C,R10LATIN_AM,COFFEE,inferred_retirements_GW,Inferred retired capacity,GW,0,8,NA,251.98621471249996,FALSE,FALSE,NA,NA
Full,2C,R10LATIN_AM,COFFEE,jobs_RE_minus_fossil_per_1k,Renewable minus fossil job-years (diagnostic),"job-years per 1,000",0,8,NA,148.78270163072517,FALSE,FALSE,NA,NA
Full,2C,R10LATIN_AM,COFFEE,total_energy_jobyears_no_decommission_per_1k,"Total energy job-years, excluding decommissioning","job-years per 1,000",0,8,NA,195.60992304139944,FALSE,FALSE,NA,NA
Full,2C,R10LATIN_AM,COFFEE,total_energy_jobyears_per_1k,"Total energy job-years, including decommissioning","job-years per 1,000",0,8,NA,196.38274139369517,FALSE,FALSE,NA,NA
Full,2C,R10LATIN_AM,GCAM,decommission_jobyears_per_1k,Decommissioning job-years,"job-years per 1,000",3,4,20.333276104940396,15.306412220000617,TRUE,TRUE,-5.026863884939779,High-CMT
Full,2C,R10LATIN_AM,GCAM,gross_plant_jobs_displaced_per_1k,Gross plant jobs displaced at retirement,"positions per 1,000",3,4,9.337996720871532,5.5529605318107595,TRUE,TRUE,-3.785036189060772,High-CMT
Full,2C,R10LATIN_AM,GCAM,gross_upstream_jobs_displaced_per_1k,Gross upstream jobs displaced at retirement,"positions per 1,000",3,4,0.15282679932706067,0.09528415228655338,TRUE,TRUE,-0.057542647040507294,High-CMT
Full,2C,R10LATIN_AM,GCAM,inferred_retirements_GW,Inferred retired capacity,GW,3,4,9419.608216078352,8486.463937966186,TRUE,TRUE,-933.1442781121659,High-CMT
Full,2C,R10LATIN_AM,GCAM,jobs_RE_minus_fossil_per_1k,Renewable minus fossil job-years (diagnostic),"job-years per 1,000",3,4,494.101297748395,433.79159106334066,TRUE,TRUE,-60.30970668505432,High-CMT
Full,2C,R10LATIN_AM,GCAM,total_energy_jobyears_no_decommission_per_1k,"Total energy job-years, excluding decommissioning","job-years per 1,000",3,4,661.0115964758128,517.4610105062815,TRUE,TRUE,-143.5505859695313,High-CMT
Full,2C,R10LATIN_AM,GCAM,total_energy_jobyears_per_1k,"Total energy job-years, including decommissioning","job-years per 1,000",3,4,681.3448725807531,532.4850980238502,TRUE,TRUE,-148.85977455690283,High-CMT
Full,2C,R10LATIN_AM,IMAGE,decommission_jobyears_per_1k,Decommissioning job-years,"job-years per 1,000",48,2,3.7627838234525948,11.987462337105883,TRUE,FALSE,8.224678513653288,High-RE
Full,2C,R10LATIN_AM,IMAGE,gross_plant_jobs_displaced_per_1k,Gross plant jobs displaced at retirement,"positions per 1,000",48,2,2.6859658675633566,4.2330484158406065,TRUE,FALSE,1.54708254827725,High-RE
Full,2C,R10LATIN_AM,IMAGE,gross_upstream_jobs_displaced_per_1k,Gross upstream jobs displaced at retirement,"positions per 1,000",48,2,0.2267464972720752,0.47845608231210796,TRUE,FALSE,0.25170958504003277,High-RE
Full,2C,R10LATIN_AM,IMAGE,inferred_retirements_GW,Inferred retired capacity,GW,48,2,1849.3272178682828,6160.460412906326,TRUE,FALSE,4311.133195038044,High-RE
Full,2C,R10LATIN_AM,IMAGE,jobs_RE_minus_fossil_per_1k,Renewable minus fossil job-years (diagnostic),"job-years per 1,000",48,2,76.63932931138157,282.3396377558065,TRUE,FALSE,205.70030844442493,High-RE
Full,2C,R10LATIN_AM,IMAGE,total_energy_jobyears_no_decommission_per_1k,"Total energy job-years, excluding decommissioning","job-years per 1,000",48,2,267.804942085398,427.481929913179,TRUE,FALSE,159.67698782778098,High-RE
Full,2C,R10LATIN_AM,IMAGE,total_energy_jobyears_per_1k,"Total energy job-years, including decommissioning","job-years per 1,000",48,2,273.01519267856395,439.46939225028484,TRUE,FALSE,166.4541995717209,High-RE
Full,2C,R10LATIN_AM,MESSAGEix,decommission_jobyears_per_1k,Decommissioning job-years,"job-years per 1,000",74,24,0.669804549690379,0.5948823282805208,TRUE,TRUE,-0.07492222140985816,High-CMT
Full,2C,R10LATIN_AM,MESSAGEix,gross_plant_jobs_displaced_per_1k,Gross plant jobs displaced at retirement,"positions per 1,000",74,24,0.2836794874252028,0.27694321458558036,TRUE,TRUE,-0.00673627283962247,High-CMT
Full,2C,R10LATIN_AM,MESSAGEix,gross_upstream_jobs_displaced_per_1k,Gross upstream jobs displaced at retirement,"positions per 1,000",74,24,0.0588185036186457,0.05837095130530078,TRUE,TRUE,-4.4755231334491635e-4,High-CMT
Full,2C,R10LATIN_AM,MESSAGEix,inferred_retirements_GW,Inferred retired capacity,GW,74,24,246.99685499691236,312.4574221162546,TRUE,TRUE,65.46056711934222,High-RE
Full,2C,R10LATIN_AM,MESSAGEix,jobs_RE_minus_fossil_per_1k,Renewable minus fossil job-years (diagnostic),"job-years per 1,000",74,24,183.23561360224733,231.35150639489777,TRUE,TRUE,48.11589279265044,High-RE
Full,2C,R10LATIN_AM,MESSAGEix,total_energy_jobyears_no_decommission_per_1k,"Total energy job-years, excluding decommissioning","job-years per 1,000",74,24,248.55579649379388,280.77584420468645,TRUE,TRUE,32.22004771089257,High-RE
Full,2C,R10LATIN_AM,MESSAGEix,total_energy_jobyears_per_1k,"Total energy job-years, including decommissioning","job-years per 1,000",74,24,249.28226193147893,281.3557089019009,TRUE,TRUE,32.073446970422,High-RE
Full,2C,R10LATIN_AM,POLES,decommission_jobyears_per_1k,Decommissioning job-years,"job-years per 1,000",56,8,6.544722744410338,1.0044614326906198,TRUE,TRUE,-5.540261311719718,High-CMT
Full,2C,R10LATIN_AM,POLES,gross_plant_jobs_displaced_per_1k,Gross plant jobs displaced at retirement,"positions per 1,000",56,8,3.537896491603876,0.3020922206661807,TRUE,TRUE,-3.2358042709376953,High-CMT
Full,2C,R10LATIN_AM,POLES,gross_upstream_jobs_displaced_per_1k,Gross upstream jobs displaced at retirement,"positions per 1,000",56,8,0.1627775838080361,0.05149200481126212,TRUE,TRUE,-0.11128557899677399,High-CMT
Full,2C,R10LATIN_AM,POLES,inferred_retirements_GW,Inferred retired capacity,GW,56,8,3446.664307540562,283.14386749267584,TRUE,TRUE,-3163.520440047886,High-CMT
Full,2C,R10LATIN_AM,POLES,jobs_RE_minus_fossil_per_1k,Renewable minus fossil job-years (diagnostic),"job-years per 1,000",56,8,187.87484982491637,137.49613111449543,TRUE,TRUE,-50.37871871042094,High-CMT
Full,2C,R10LATIN_AM,POLES,total_energy_jobyears_no_decommission_per_1k,"Total energy job-years, excluding decommissioning","job-years per 1,000",56,8,344.8083950793282,311.7877869260325,TRUE,TRUE,-33.02060815329571,High-CMT
Full,2C,R10LATIN_AM,POLES,total_energy_jobyears_per_1k,"Total energy job-years, including decommissioning","job-years per 1,000",56,8,351.40602462312984,312.4431845314248,TRUE,TRUE,-38.96284009170506,High-CMT
Full,2C,R10LATIN_AM,REMIND,decommission_jobyears_per_1k,Decommissioning job-years,"job-years per 1,000",0,165,NA,7.865543658838296,FALSE,FALSE,NA,NA
Full,2C,R10LATIN_AM,REMIND,gross_plant_jobs_displaced_per_1k,Gross plant jobs displaced at retirement,"positions per 1,000",0,165,NA,3.9784767796392337,FALSE,FALSE,NA,NA
Full,2C,R10LATIN_AM,REMIND,gross_upstream_jobs_displaced_per_1k,Gross upstream jobs displaced at retirement,"positions per 1,000",0,165,NA,0.06095069391914935,FALSE,FALSE,NA,NA
Full,2C,R10LATIN_AM,REMIND,inferred_retirements_GW,Inferred retired capacity,GW,0,165,NA,5759.020369999999,FALSE,FALSE,NA,NA
Full,2C,R10LATIN_AM,REMIND,jobs_RE_minus_fossil_per_1k,Renewable minus fossil job-years (diagnostic),"job-years per 1,000",0,165,NA,425.33556628876187,FALSE,FALSE,NA,NA
Full,2C,R10LATIN_AM,REMIND,total_energy_jobyears_no_decommission_per_1k,"Total energy job-years, excluding decommissioning","job-years per 1,000",0,165,NA,463.68896358927464,FALSE,FALSE,NA,NA
Full,2C,R10LATIN_AM,REMIND,total_energy_jobyears_per_1k,"Total energy job-years, including decommissioning","job-years per 1,000",0,165,NA,470.974642821946,FALSE,FALSE,NA,NA
Full,2C,R10LATIN_AM,TIAM,decommission_jobyears_per_1k,Decommissioning job-years,"job-years per 1,000",12,0,1.227924121664627,NA,FALSE,FALSE,NA,NA
Full,2C,R10LATIN_AM,TIAM,gross_plant_jobs_displaced_per_1k,Gross plant jobs displaced at retirement,"positions per 1,000",12,0,1.255967433622225,NA,FALSE,FALSE,NA,NA
Full,2C,R10LATIN_AM,TIAM,gross_upstream_jobs_displaced_per_1k,Gross upstream jobs displaced at retirement,"positions per 1,000",12,0,0.0038638250818943693,NA,FALSE,FALSE,NA,NA
Full,2C,R10LATIN_AM,TIAM,inferred_retirements_GW,Inferred retired capacity,GW,12,0,1237.9828654546816,NA,FALSE,FALSE,NA,NA
Full,2C,R10LATIN_AM,TIAM,jobs_RE_minus_fossil_per_1k,Renewable minus fossil job-years (diagnostic),"job-years per 1,000",12,0,106.93297695132928,NA,FALSE,FALSE,NA,NA
Full,2C,R10LATIN_AM,TIAM,total_energy_jobyears_no_decommission_per_1k,"Total energy job-years, excluding decommissioning","job-years per 1,000",12,0,137.1319249672052,NA,FALSE,FALSE,NA,NA
Full,2C,R10LATIN_AM,TIAM,total_energy_jobyears_per_1k,"Total energy job-years, including decommissioning","job-years per 1,000",12,0,138.35984908886985,NA,FALSE,FALSE,NA,NA
Full,2C,R10LATIN_AM,WITCH,decommission_jobyears_per_1k,Decommissioning job-years,"job-years per 1,000",2,16,9.09812052935927,1.4786120245195793,TRUE,FALSE,-7.6195085048396916,High-CMT
Full,2C,R10LATIN_AM,WITCH,gross_plant_jobs_displaced_per_1k,Gross plant jobs displaced at retirement,"positions per 1,000",2,16,11.256238449546231,0.9584376041717619,TRUE,FALSE,-10.29780084537447,High-CMT
Full,2C,R10LATIN_AM,WITCH,gross_upstream_jobs_displaced_per_1k,Gross upstream jobs displaced at retirement,"positions per 1,000",2,16,0.16011038233349878,0.08135547902332954,TRUE,FALSE,-0.07875490331016924,High-CMT
Full,2C,R10LATIN_AM,WITCH,inferred_retirements_GW,Inferred retired capacity,GW,2,16,4534.362599749393,347.31739428637263,TRUE,FALSE,-4187.0452054630205,High-CMT
Full,2C,R10LATIN_AM,WITCH,jobs_RE_minus_fossil_per_1k,Renewable minus fossil job-years (diagnostic),"job-years per 1,000",2,16,241.7030776688768,189.88938994260704,TRUE,FALSE,-51.81368772626976,High-CMT
Full,2C,R10LATIN_AM,WITCH,total_energy_jobyears_no_decommission_per_1k,"Total energy job-years, excluding decommissioning","job-years per 1,000",2,16,547.7227547322091,433.07611505963547,TRUE,FALSE,-114.6466396725736,High-CMT
Full,2C,R10LATIN_AM,WITCH,total_energy_jobyears_per_1k,"Total energy job-years, including decommissioning","job-years per 1,000",2,16,556.8208752615683,434.1942310910589,TRUE,FALSE,-122.6266441705094,High-CMT
Full,2C,R10MIDDLE_EAST,AIM,decommission_jobyears_per_1k,Decommissioning job-years,"job-years per 1,000",20,11,4.802975133402153,0.8727670242185243,TRUE,TRUE,-3.930208109183629,High-CMT
Full,2C,R10MIDDLE_EAST,AIM,gross_plant_jobs_displaced_per_1k,Gross plant jobs displaced at retirement,"positions per 1,000",20,11,3.429327952768996,0.5420280859322845,TRUE,TRUE,-2.8872998668367114,High-CMT
Full,2C,R10MIDDLE_EAST,AIM,gross_upstream_jobs_displaced_per_1k,Gross upstream jobs displaced at retirement,"positions per 1,000",20,11,0.023462073139977245,0.026867749774418474,TRUE,TRUE,0.0034056766344412286,High-RE
Full,2C,R10MIDDLE_EAST,AIM,inferred_retirements_GW,Inferred retired capacity,GW,20,11,5090.762479999999,440.7432,TRUE,TRUE,-4650.0192799999995,High-CMT
Full,2C,R10MIDDLE_EAST,AIM,jobs_RE_minus_fossil_per_1k,Renewable minus fossil job-years (diagnostic),"job-years per 1,000",20,11,358.9397947799416,424.73580546126743,TRUE,TRUE,65.79601068132581,High-RE
Full,2C,R10MIDDLE_EAST,AIM,total_energy_jobyears_no_decommission_per_1k,"Total energy job-years, excluding decommissioning","job-years per 1,000",20,11,444.5511300829022,525.5537443079623,TRUE,TRUE,81.00261422506014,High-RE
Full,2C,R10MIDDLE_EAST,AIM,total_energy_jobyears_per_1k,"Total energy job-years, including decommissioning","job-years per 1,000",20,11,449.3836735923786,530.8933578727349,TRUE,TRUE,81.50968428035628,High-RE
Full,2C,R10MIDDLE_EAST,COFFEE,decommission_jobyears_per_1k,Decommissioning job-years,"job-years per 1,000",0,8,NA,1.0247725900209526,FALSE,FALSE,NA,NA
Full,2C,R10MIDDLE_EAST,COFFEE,gross_plant_jobs_displaced_per_1k,Gross plant jobs displaced at retirement,"positions per 1,000",0,8,NA,0.5771580237146041,FALSE,FALSE,NA,NA
Full,2C,R10MIDDLE_EAST,COFFEE,gross_upstream_jobs_displaced_per_1k,Gross upstream jobs displaced at retirement,"positions per 1,000",0,8,NA,0.09007743793741504,FALSE,FALSE,NA,NA
Full,2C,R10MIDDLE_EAST,COFFEE,inferred_retirements_GW,Inferred retired capacity,GW,0,8,NA,935.3998316093753,FALSE,FALSE,NA,NA
Full,2C,R10MIDDLE_EAST,COFFEE,jobs_RE_minus_fossil_per_1k,Renewable minus fossil job-years (diagnostic),"job-years per 1,000",0,8,NA,139.81275943823,FALSE,FALSE,NA,NA
Full,2C,R10MIDDLE_EAST,COFFEE,total_energy_jobyears_no_decommission_per_1k,"Total energy job-years, excluding decommissioning","job-years per 1,000",0,8,NA,192.3666053477461,FALSE,FALSE,NA,NA
Full,2C,R10MIDDLE_EAST,COFFEE,total_energy_jobyears_per_1k,"Total energy job-years, including decommissioning","job-years per 1,000",0,8,NA,193.39236627079322,FALSE,FALSE,NA,NA
Full,2C,R10MIDDLE_EAST,GCAM,decommission_jobyears_per_1k,Decommissioning job-years,"job-years per 1,000",3,4,6.290307049186793,7.486974371856819,TRUE,TRUE,1.1966673226700264,High-RE
Full,2C,R10MIDDLE_EAST,GCAM,gross_plant_jobs_displaced_per_1k,Gross plant jobs displaced at retirement,"positions per 1,000",3,4,2.713750777204766,3.6390640662721276,TRUE,TRUE,0.9253132890673617,High-RE
Full,2C,R10MIDDLE_EAST,GCAM,gross_upstream_jobs_displaced_per_1k,Gross upstream jobs displaced at retirement,"positions per 1,000",3,4,0.030490714530440017,0.015611601298103236,TRUE,TRUE,-0.014879113232336781,High-CMT
Full,2C,R10MIDDLE_EAST,GCAM,inferred_retirements_GW,Inferred retired capacity,GW,3,4,3573.398728451137,5880.187785475213,TRUE,TRUE,2306.789057024076,High-RE
Full,2C,R10MIDDLE_EAST,GCAM,jobs_RE_minus_fossil_per_1k,Renewable minus fossil job-years (diagnostic),"job-years per 1,000",3,4,141.30480576608713,423.6972281341125,TRUE,TRUE,282.39242236802534,High-RE
Full,2C,R10MIDDLE_EAST,GCAM,total_energy_jobyears_no_decommission_per_1k,"Total energy job-years, excluding decommissioning","job-years per 1,000",3,4,244.93062389496703,464.2168850580845,TRUE,TRUE,219.28626116311744,High-RE
Full,2C,R10MIDDLE_EAST,GCAM,total_energy_jobyears_per_1k,"Total energy job-years, including decommissioning","job-years per 1,000",3,4,251.22093094415382,471.7038594299414,TRUE,TRUE,220.4829284857876,High-RE
Full,2C,R10MIDDLE_EAST,IMAGE,decommission_jobyears_per_1k,Decommissioning job-years,"job-years per 1,000",45,2,1.8478268756372984,15.467836199024724,TRUE,FALSE,13.620009323387425,High-RE
Full,2C,R10MIDDLE_EAST,IMAGE,gross_plant_jobs_displaced_per_1k,Gross plant jobs displaced at retirement,"positions per 1,000",45,2,1.4301214182513706,8.893648332720907,TRUE,FALSE,7.463526914469536,High-RE
Full,2C,R10MIDDLE_EAST,IMAGE,gross_upstream_jobs_displaced_per_1k,Gross upstream jobs displaced at retirement,"positions per 1,000",45,2,0.02760912467978017,0.021702687325221064,TRUE,FALSE,-0.005906437354559105,High-CMT
Full,2C,R10MIDDLE_EAST,IMAGE,inferred_retirements_GW,Inferred retired capacity,GW,45,2,1279.3035484735885,13283.490270989967,TRUE,FALSE,12004.186722516379,High-RE
Full,2C,R10MIDDLE_EAST,IMAGE,jobs_RE_minus_fossil_per_1k,Renewable minus fossil job-years (diagnostic),"job-years per 1,000",45,2,58.87928229800112,1131.7793944361192,TRUE,FALSE,1072.9001121381182,High-RE
Full,2C,R10MIDDLE_EAST,IMAGE,total_energy_jobyears_no_decommission_per_1k,"Total energy job-years, excluding decommissioning","job-years per 1,000",45,2,195.55715357708377,1316.3347670593603,TRUE,FALSE,1120.7776134822766,High-RE
Full,2C,R10MIDDLE_EAST,IMAGE,total_energy_jobyears_per_1k,"Total energy job-years, including decommissioning","job-years per 1,000",45,2,196.68445820583185,1331.8026032583848,TRUE,FALSE,1135.118145052553,High-RE
Full,2C,R10MIDDLE_EAST,MESSAGEix,decommission_jobyears_per_1k,Decommissioning job-years,"job-years per 1,000",74,24,1.3695173898561621,1.4497651120999357,TRUE,TRUE,0.08024772224377363,High-RE
Full,2C,R10MIDDLE_EAST,MESSAGEix,gross_plant_jobs_displaced_per_1k,Gross plant jobs displaced at retirement,"positions per 1,000",74,24,1.2995493537568095,1.1229327292502318,TRUE,TRUE,-0.17661662450657767,High-CMT
Full,2C,R10MIDDLE_EAST,MESSAGEix,gross_upstream_jobs_displaced_per_1k,Gross upstream jobs displaced at retirement,"positions per 1,000",74,24,0.005731069320518546,0.007140362994494301,TRUE,TRUE,0.0014092936739757552,High-RE
Full,2C,R10MIDDLE_EAST,MESSAGEix,inferred_retirements_GW,Inferred retired capacity,GW,74,24,1041.831650024532,1253.8841856800718,TRUE,TRUE,212.0525356555397,High-RE
Full,2C,R10MIDDLE_EAST,MESSAGEix,jobs_RE_minus_fossil_per_1k,Renewable minus fossil job-years (diagnostic),"job-years per 1,000",74,24,300.0552304930053,400.5405814892124,TRUE,TRUE,100.4853509962071,High-RE
Full,2C,R10MIDDLE_EAST,MESSAGEix,total_energy_jobyears_no_decommission_per_1k,"Total energy job-years, excluding decommissioning","job-years per 1,000",74,24,451.076188121707,501.8077198235594,TRUE,TRUE,50.73153170185242,High-RE
Full,2C,R10MIDDLE_EAST,MESSAGEix,total_energy_jobyears_per_1k,"Total energy job-years, including decommissioning","job-years per 1,000",74,24,452.79552258024967,503.06935384473826,TRUE,TRUE,50.27383126448859,High-RE
Full,2C,R10MIDDLE_EAST,POLES,decommission_jobyears_per_1k,Decommissioning job-years,"job-years per 1,000",56,8,2.9090368564191866,0.6695043900870585,TRUE,TRUE,-2.239532466332128,High-CMT
Full,2C,R10MIDDLE_EAST,POLES,gross_plant_jobs_displaced_per_1k,Gross plant jobs displaced at retirement,"positions per 1,000",56,8,1.8649886138678404,0.325715936686679,TRUE,TRUE,-1.5392726771811613,High-CMT
Full,2C,R10MIDDLE_EAST,POLES,gross_upstream_jobs_displaced_per_1k,Gross upstream jobs displaced at retirement,"positions per 1,000",56,8,0.05927341642303046,0.013262118377900985,TRUE,TRUE,-0.046011298045129476,High-CMT
Full,2C,R10MIDDLE_EAST,POLES,inferred_retirements_GW,Inferred retired capacity,GW,56,8,2291.7641375132553,197.59042107080666,TRUE,TRUE,-2094.1737164424485,High-CMT
Full,2C,R10MIDDLE_EAST,POLES,jobs_RE_minus_fossil_per_1k,Renewable minus fossil job-years (diagnostic),"job-years per 1,000",56,8,140.24201246019203,97.54312541041385,TRUE,TRUE,-42.69888704977818,High-CMT
Full,2C,R10MIDDLE_EAST,POLES,total_energy_jobyears_no_decommission_per_1k,"Total energy job-years, excluding decommissioning","job-years per 1,000",56,8,249.49503328906954,354.1105653497024,TRUE,TRUE,104.61553206063289,High-RE
Full,2C,R10MIDDLE_EAST,POLES,total_energy_jobyears_per_1k,"Total energy job-years, including decommissioning","job-years per 1,000",56,8,252.46900194092888,354.694904752524,TRUE,TRUE,102.22590281159512,High-RE
Full,2C,R10MIDDLE_EAST,REMIND,decommission_jobyears_per_1k,Decommissioning job-years,"job-years per 1,000",0,165,NA,5.869986090450236,FALSE,FALSE,NA,NA
Full,2C,R10MIDDLE_EAST,REMIND,gross_plant_jobs_displaced_per_1k,Gross plant jobs displaced at retirement,"positions per 1,000",0,165,NA,4.2692286848116705,FALSE,FALSE,NA,NA
Full,2C,R10MIDDLE_EAST,REMIND,gross_upstream_jobs_displaced_per_1k,Gross upstream jobs displaced at retirement,"positions per 1,000",0,165,NA,0.017775314079261643,FALSE,FALSE,NA,NA
Full,2C,R10MIDDLE_EAST,REMIND,inferred_retirements_GW,Inferred retired capacity,GW,0,165,NA,6908.25983,FALSE,FALSE,NA,NA
Full,2C,R10MIDDLE_EAST,REMIND,jobs_RE_minus_fossil_per_1k,Renewable minus fossil job-years (diagnostic),"job-years per 1,000",0,165,NA,646.1956729707991,FALSE,FALSE,NA,NA
Full,2C,R10MIDDLE_EAST,REMIND,total_energy_jobyears_no_decommission_per_1k,"Total energy job-years, excluding decommissioning","job-years per 1,000",0,165,NA,729.0802197758242,FALSE,FALSE,NA,NA
Full,2C,R10MIDDLE_EAST,REMIND,total_energy_jobyears_per_1k,"Total energy job-years, including decommissioning","job-years per 1,000",0,165,NA,735.1769244104829,FALSE,FALSE,NA,NA
Full,2C,R10MIDDLE_EAST,TIAM,decommission_jobyears_per_1k,Decommissioning job-years,"job-years per 1,000",12,0,0.2262995492300505,NA,FALSE,FALSE,NA,NA
Full,2C,R10MIDDLE_EAST,TIAM,gross_plant_jobs_displaced_per_1k,Gross plant jobs displaced at retirement,"positions per 1,000",12,0,0.3256809837824646,NA,FALSE,FALSE,NA,NA
Full,2C,R10MIDDLE_EAST,TIAM,gross_upstream_jobs_displaced_per_1k,Gross upstream jobs displaced at retirement,"positions per 1,000",12,0,3.7306504145050666e-4,NA,FALSE,FALSE,NA,NA
Full,2C,R10MIDDLE_EAST,TIAM,inferred_retirements_GW,Inferred retired capacity,GW,12,0,749.8291413518234,NA,FALSE,FALSE,NA,NA
Full,2C,R10MIDDLE_EAST,TIAM,jobs_RE_minus_fossil_per_1k,Renewable minus fossil job-years (diagnostic),"job-years per 1,000",12,0,31.928343908328998,NA,FALSE,FALSE,NA,NA
Full,2C,R10MIDDLE_EAST,TIAM,total_energy_jobyears_no_decommission_per_1k,"Total energy job-years, excluding decommissioning","job-years per 1,000",12,0,34.67339294410229,NA,FALSE,FALSE,NA,NA
Full,2C,R10MIDDLE_EAST,TIAM,total_energy_jobyears_per_1k,"Total energy job-years, including decommissioning","job-years per 1,000",12,0,34.891524178845884,NA,FALSE,FALSE,NA,NA
Full,2C,R10MIDDLE_EAST,WITCH,decommission_jobyears_per_1k,Decommissioning job-years,"job-years per 1,000",2,16,6.976116269904464,1.3148422331861709,TRUE,FALSE,-5.661274036718293,High-CMT
Full,2C,R10MIDDLE_EAST,WITCH,gross_plant_jobs_displaced_per_1k,Gross plant jobs displaced at retirement,"positions per 1,000",2,16,4.106591032998214,0.5496198622827299,TRUE,FALSE,-3.556971170715484,High-CMT
Full,2C,R10MIDDLE_EAST,WITCH,gross_upstream_jobs_displaced_per_1k,Gross upstream jobs displaced at retirement,"positions per 1,000",2,16,0.08236221169719632,0.025304618106451817,TRUE,FALSE,-0.0570575935907445,High-CMT
Full,2C,R10MIDDLE_EAST,WITCH,inferred_retirements_GW,Inferred retired capacity,GW,2,16,7259.680410637878,648.1031396188484,TRUE,FALSE,-6611.5772710190295,High-CMT
Full,2C,R10MIDDLE_EAST,WITCH,jobs_RE_minus_fossil_per_1k,Renewable minus fossil job-years (diagnostic),"job-years per 1,000",2,16,458.61687998795185,249.6504662523024,TRUE,FALSE,-208.96641373564944,High-CMT
Full,2C,R10MIDDLE_EAST,WITCH,total_energy_jobyears_no_decommission_per_1k,"Total energy job-years, excluding decommissioning","job-years per 1,000",2,16,507.42974865260055,273.883110981195,TRUE,FALSE,-233.54663767140556,High-CMT
Full,2C,R10MIDDLE_EAST,WITCH,total_energy_jobyears_per_1k,"Total energy job-years, including decommissioning","job-years per 1,000",2,16,514.4058649225051,275.19795321438113,TRUE,FALSE,-239.20791170812396,High-CMT
Full,2C,R10NORTH_AM,AIM,decommission_jobyears_per_1k,Decommissioning job-years,"job-years per 1,000",20,11,10.74965696111456,1.7029522701481368,TRUE,TRUE,-9.046704690966424,High-CMT
Full,2C,R10NORTH_AM,AIM,gross_plant_jobs_displaced_per_1k,Gross plant jobs displaced at retirement,"positions per 1,000",20,11,7.304372982423854,0.6906215580313138,TRUE,TRUE,-6.61375142439254,High-CMT
Full,2C,R10NORTH_AM,AIM,gross_upstream_jobs_displaced_per_1k,Gross upstream jobs displaced at retirement,"positions per 1,000",20,11,0.06512551919708714,0.05686241951265544,TRUE,TRUE,-0.008263099684431702,High-CMT
Full,2C,R10NORTH_AM,AIM,inferred_retirements_GW,Inferred retired capacity,GW,20,11,9516.456699999999,882.9140000000001,TRUE,TRUE,-8633.542699999998,High-CMT
Full,2C,R10NORTH_AM,AIM,jobs_RE_minus_fossil_per_1k,Renewable minus fossil job-years (diagnostic),"job-years per 1,000",20,11,210.38002961134003,198.00114524164655,TRUE,TRUE,-12.37888436969348,High-CMT
Full,2C,R10NORTH_AM,AIM,total_energy_jobyears_no_decommission_per_1k,"Total energy job-years, excluding decommissioning","job-years per 1,000",20,11,456.6623859075254,460.38448601735956,TRUE,TRUE,3.722100109834173,High-RE
Full,2C,R10NORTH_AM,AIM,total_energy_jobyears_per_1k,"Total energy job-years, including decommissioning","job-years per 1,000",20,11,467.36700998402455,462.1013733186159,TRUE,TRUE,-5.2656366654086355,High-CMT
Full,2C,R10NORTH_AM,COFFEE,decommission_jobyears_per_1k,Decommissioning job-years,"job-years per 1,000",0,8,NA,2.87276633413619,FALSE,FALSE,NA,NA
Full,2C,R10NORTH_AM,COFFEE,gross_plant_jobs_displaced_per_1k,Gross plant jobs displaced at retirement,"positions per 1,000",0,8,NA,0.9204969326901946,FALSE,FALSE,NA,NA
Full,2C,R10NORTH_AM,COFFEE,gross_upstream_jobs_displaced_per_1k,Gross upstream jobs displaced at retirement,"positions per 1,000",0,8,NA,0.10320357601019463,FALSE,FALSE,NA,NA
Full,2C,R10NORTH_AM,COFFEE,inferred_retirements_GW,Inferred retired capacity,GW,0,8,NA,1354.00370469375,FALSE,FALSE,NA,NA
Full,2C,R10NORTH_AM,COFFEE,jobs_RE_minus_fossil_per_1k,Renewable minus fossil job-years (diagnostic),"job-years per 1,000",0,8,NA,192.90415442195928,FALSE,FALSE,NA,NA
Full,2C,R10NORTH_AM,COFFEE,total_energy_jobyears_no_decommission_per_1k,"Total energy job-years, excluding decommissioning","job-years per 1,000",0,8,NA,277.033492227292,FALSE,FALSE,NA,NA
Full,2C,R10NORTH_AM,COFFEE,total_energy_jobyears_per_1k,"Total energy job-years, including decommissioning","job-years per 1,000",0,8,NA,280.02176002603153,FALSE,FALSE,NA,NA
Full,2C,R10NORTH_AM,GCAM,decommission_jobyears_per_1k,Decommissioning job-years,"job-years per 1,000",3,4,10.48644846533188,10.74400306837103,TRUE,TRUE,0.25755460303915,High-RE
Full,2C,R10NORTH_AM,GCAM,gross_plant_jobs_displaced_per_1k,Gross plant jobs displaced at retirement,"positions per 1,000",3,4,5.956787335659034,5.614885124193849,TRUE,TRUE,-0.34190221146518507,High-CMT
Full,2C,R10NORTH_AM,GCAM,gross_upstream_jobs_displaced_per_1k,Gross upstream jobs displaced at retirement,"positions per 1,000",3,4,0.062056267591811605,0.060018807620426544,TRUE,TRUE,-0.002037459971385061,High-CMT
Full,2C,R10NORTH_AM,GCAM,inferred_retirements_GW,Inferred retired capacity,GW,3,4,9588.16762203973,11981.253367887311,TRUE,TRUE,2393.085745847582,High-RE
Full,2C,R10NORTH_AM,GCAM,jobs_RE_minus_fossil_per_1k,Renewable minus fossil job-years (diagnostic),"job-years per 1,000",3,4,244.84991066511108,289.49338226885976,TRUE,TRUE,44.64347160374868,High-RE
Full,2C,R10NORTH_AM,GCAM,total_energy_jobyears_no_decommission_per_1k,"Total energy job-years, excluding decommissioning","job-years per 1,000",3,4,403.68557945630533,443.2615799253985,TRUE,TRUE,39.576000469093174,High-RE
Full,2C,R10NORTH_AM,GCAM,total_energy_jobyears_per_1k,"Total energy job-years, including decommissioning","job-years per 1,000",3,4,414.36869842440944,454.0055829937695,TRUE,TRUE,39.63688456936006,High-RE
Full,2C,R10NORTH_AM,IMAGE,decommission_jobyears_per_1k,Decommissioning job-years,"job-years per 1,000",48,2,5.457746564507544,11.483169321963658,TRUE,FALSE,6.025422757456114,High-RE
Full,2C,R10NORTH_AM,IMAGE,gross_plant_jobs_displaced_per_1k,Gross plant jobs displaced at retirement,"positions per 1,000",48,2,4.207335905123438,5.177344376976384,TRUE,FALSE,0.970008471852946,High-RE
Full,2C,R10NORTH_AM,IMAGE,gross_upstream_jobs_displaced_per_1k,Gross upstream jobs displaced at retirement,"positions per 1,000",48,2,0.08521982399312168,0.09393903854636634,TRUE,FALSE,0.008719214553244661,High-RE
Full,2C,R10NORTH_AM,IMAGE,inferred_retirements_GW,Inferred retired capacity,GW,48,2,5236.200420060091,11541.278537833805,TRUE,FALSE,6305.0781177737135,High-RE
Full,2C,R10NORTH_AM,IMAGE,jobs_RE_minus_fossil_per_1k,Renewable minus fossil job-years (diagnostic),"job-years per 1,000",48,2,68.02504456266439,221.3073990918147,TRUE,FALSE,153.2823545291503,High-RE
Full,2C,R10NORTH_AM,IMAGE,total_energy_jobyears_no_decommission_per_1k,"Total energy job-years, excluding decommissioning","job-years per 1,000",48,2,247.2767038791859,362.28911095975417,TRUE,FALSE,115.01240708056827,High-RE
Full,2C,R10NORTH_AM,IMAGE,total_energy_jobyears_per_1k,"Total energy job-years, including decommissioning","job-years per 1,000",48,2,254.4678198806605,373.7722802817178,TRUE,FALSE,119.30446040105733,High-RE
Full,2C,R10NORTH_AM,MESSAGEix,decommission_jobyears_per_1k,Decommissioning job-years,"job-years per 1,000",74,24,2.233914427786292,2.1665214196205236,TRUE,TRUE,-0.06739300816576854,High-CMT
Full,2C,R10NORTH_AM,MESSAGEix,gross_plant_jobs_displaced_per_1k,Gross plant jobs displaced at retirement,"positions per 1,000",74,24,0.7142133665012852,0.6936917228396797,TRUE,TRUE,-0.02052164366160547,High-CMT
Full,2C,R10NORTH_AM,MESSAGEix,gross_upstream_jobs_displaced_per_1k,Gross upstream jobs displaced at retirement,"positions per 1,000",74,24,0.05571378066545391,0.0586584184502729,TRUE,TRUE,0.0029446377848189875,High-RE
Full,2C,R10NORTH_AM,MESSAGEix,inferred_retirements_GW,Inferred retired capacity,GW,74,24,1313.8638778231389,1309.8607337105009,TRUE,TRUE,-4.003144112637983,High-CMT
Full,2C,R10NORTH_AM,MESSAGEix,jobs_RE_minus_fossil_per_1k,Renewable minus fossil job-years (diagnostic),"job-years per 1,000",74,24,87.72518239431776,117.98440876579411,TRUE,TRUE,30.25922637147636,High-RE
Full,2C,R10NORTH_AM,MESSAGEix,total_energy_jobyears_no_decommission_per_1k,"Total energy job-years, excluding decommissioning","job-years per 1,000",74,24,216.27503733228033,219.59613192547545,TRUE,TRUE,3.321094593195113,High-RE
Full,2C,R10NORTH_AM,MESSAGEix,total_energy_jobyears_per_1k,"Total energy job-years, including decommissioning","job-years per 1,000",74,24,218.57340882173736,221.75982846934207,TRUE,TRUE,3.1864196476047084,High-RE
Full,2C,R10NORTH_AM,POLES,decommission_jobyears_per_1k,Decommissioning job-years,"job-years per 1,000",56,8,5.725021085609954,3.1779073138968554,TRUE,TRUE,-2.5471137717130983,High-CMT
Full,2C,R10NORTH_AM,POLES,gross_plant_jobs_displaced_per_1k,Gross plant jobs displaced at retirement,"positions per 1,000",56,8,2.878848414839624,1.6366026403985818,TRUE,TRUE,-1.2422457744410422,High-CMT
Full,2C,R10NORTH_AM,POLES,gross_upstream_jobs_displaced_per_1k,Gross upstream jobs displaced at retirement,"positions per 1,000",56,8,0.06721400712248218,0.05622143510397491,TRUE,TRUE,-0.010992572018507271,High-CMT
Full,2C,R10NORTH_AM,POLES,inferred_retirements_GW,Inferred retired capacity,GW,56,8,5124.986089145299,1464.066752076149,TRUE,TRUE,-3660.91933706915,High-CMT
Full,2C,R10NORTH_AM,POLES,jobs_RE_minus_fossil_per_1k,Renewable minus fossil job-years (diagnostic),"job-years per 1,000",56,8,106.80697675968972,101.34573375847688,TRUE,TRUE,-5.461243001212836,High-CMT
Full,2C,R10NORTH_AM,POLES,total_energy_jobyears_no_decommission_per_1k,"Total energy job-years, excluding decommissioning","job-years per 1,000",56,8,217.88777697664779,368.71124435581123,TRUE,TRUE,150.82346737916345,High-RE
Full,2C,R10NORTH_AM,POLES,total_energy_jobyears_per_1k,"Total energy job-years, including decommissioning","job-years per 1,000",56,8,223.59620055997715,371.9505040621615,TRUE,TRUE,148.35430350218434,High-RE
Full,2C,R10NORTH_AM,REMIND,decommission_jobyears_per_1k,Decommissioning job-years,"job-years per 1,000",0,165,NA,7.051750154125175,FALSE,FALSE,NA,NA
Full,2C,R10NORTH_AM,REMIND,gross_plant_jobs_displaced_per_1k,Gross plant jobs displaced at retirement,"positions per 1,000",0,165,NA,4.039038193491624,FALSE,FALSE,NA,NA
Full,2C,R10NORTH_AM,REMIND,gross_upstream_jobs_displaced_per_1k,Gross upstream jobs displaced at retirement,"positions per 1,000",0,165,NA,0.04895892612947393,FALSE,FALSE,NA,NA
Full,2C,R10NORTH_AM,REMIND,inferred_retirements_GW,Inferred retired capacity,GW,0,165,NA,9442.89689,FALSE,FALSE,NA,NA
Full,2C,R10NORTH_AM,REMIND,jobs_RE_minus_fossil_per_1k,Renewable minus fossil job-years (diagnostic),"job-years per 1,000",0,165,NA,240.7413689475492,FALSE,FALSE,NA,NA
Full,2C,R10NORTH_AM,REMIND,total_energy_jobyears_no_decommission_per_1k,"Total energy job-years, excluding decommissioning","job-years per 1,000",0,165,NA,288.75445735990047,FALSE,FALSE,NA,NA
Full,2C,R10NORTH_AM,REMIND,total_energy_jobyears_per_1k,"Total energy job-years, including decommissioning","job-years per 1,000",0,165,NA,295.99494177316154,FALSE,FALSE,NA,NA
Full,2C,R10NORTH_AM,TIAM,decommission_jobyears_per_1k,Decommissioning job-years,"job-years per 1,000",12,0,2.1340815268376403,NA,FALSE,FALSE,NA,NA
Full,2C,R10NORTH_AM,TIAM,gross_plant_jobs_displaced_per_1k,Gross plant jobs displaced at retirement,"positions per 1,000",12,0,2.3722497781240914,NA,FALSE,FALSE,NA,NA
Full,2C,R10NORTH_AM,TIAM,gross_upstream_jobs_displaced_per_1k,Gross upstream jobs displaced at retirement,"positions per 1,000",12,0,0.0026393422986241296,NA,FALSE,FALSE,NA,NA
Full,2C,R10NORTH_AM,TIAM,inferred_retirements_GW,Inferred retired capacity,GW,12,0,3371.70878901196,NA,FALSE,FALSE,NA,NA
Full,2C,R10NORTH_AM,TIAM,jobs_RE_minus_fossil_per_1k,Renewable minus fossil job-years (diagnostic),"job-years per 1,000",12,0,114.97480928195336,NA,FALSE,FALSE,NA,NA
Full,2C,R10NORTH_AM,TIAM,total_energy_jobyears_no_decommission_per_1k,"Total energy job-years, excluding decommissioning","job-years per 1,000",12,0,160.71379008775466,NA,FALSE,FALSE,NA,NA
Full,2C,R10NORTH_AM,TIAM,total_energy_jobyears_per_1k,"Total energy job-years, including decommissioning","job-years per 1,000",12,0,162.8473805622387,NA,FALSE,FALSE,NA,NA
Full,2C,R10NORTH_AM,WITCH,decommission_jobyears_per_1k,Decommissioning job-years,"job-years per 1,000",2,16,11.055279296142224,2.640130727210443,TRUE,FALSE,-8.41514856893178,High-CMT
Full,2C,R10NORTH_AM,WITCH,gross_plant_jobs_displaced_per_1k,Gross plant jobs displaced at retirement,"positions per 1,000",2,16,10.536608940005287,0.9954681507579719,TRUE,FALSE,-9.541140789247315,High-CMT
Full,2C,R10NORTH_AM,WITCH,gross_upstream_jobs_displaced_per_1k,Gross upstream jobs displaced at retirement,"positions per 1,000",2,16,0.14113455417823031,0.05592410050700117,TRUE,FALSE,-0.08521045367122915,High-CMT
Full,2C,R10NORTH_AM,WITCH,inferred_retirements_GW,Inferred retired capacity,GW,2,16,12070.869617863937,1717.592651454342,TRUE,FALSE,-10353.276966409594,High-CMT
Full,2C,R10NORTH_AM,WITCH,jobs_RE_minus_fossil_per_1k,Renewable minus fossil job-years (diagnostic),"job-years per 1,000",2,16,292.3063584208652,97.28827111893949,TRUE,FALSE,-195.0180873019257,High-CMT
Full,2C,R10NORTH_AM,WITCH,total_energy_jobyears_no_decommission_per_1k,"Total energy job-years, excluding decommissioning","job-years per 1,000",2,16,547.9001332087897,295.35652000490416,TRUE,FALSE,-252.54361320388557,High-CMT
Full,2C,R10NORTH_AM,WITCH,total_energy_jobyears_per_1k,"Total energy job-years, including decommissioning","job-years per 1,000",2,16,558.9554125049319,300.052767348806,TRUE,FALSE,-258.9026451561259,High-CMT
Full,2C,R10PAC_OECD,AIM,decommission_jobyears_per_1k,Decommissioning job-years,"job-years per 1,000",20,11,5.1754244088357915,1.6450716372483971,TRUE,TRUE,-3.5303527715873946,High-CMT
Full,2C,R10PAC_OECD,AIM,gross_plant_jobs_displaced_per_1k,Gross plant jobs displaced at retirement,"positions per 1,000",20,11,2.307348415853654,0.41893714206585614,TRUE,TRUE,-1.8884112737877978,High-CMT
Full,2C,R10PAC_OECD,AIM,gross_upstream_jobs_displaced_per_1k,Gross upstream jobs displaced at retirement,"positions per 1,000",20,11,0.5061290318795958,0.36416378939051813,TRUE,TRUE,-0.14196524248907766,High-CMT
Full,2C,R10PAC_OECD,AIM,inferred_retirements_GW,Inferred retired capacity,GW,20,11,1998.6615100000004,341.67339999999996,TRUE,TRUE,-1656.9881100000005,High-CMT
Full,2C,R10PAC_OECD,AIM,jobs_RE_minus_fossil_per_1k,Renewable minus fossil job-years (diagnostic),"job-years per 1,000",20,11,136.34220451437807,163.82901200858984,TRUE,TRUE,27.486807494211774,High-RE
Full,2C,R10PAC_OECD,AIM,total_energy_jobyears_no_decommission_per_1k,"Total energy job-years, excluding decommissioning","job-years per 1,000",20,11,248.18253496901198,263.9580573635704,TRUE,TRUE,15.775522394558408,High-RE
Full,2C,R10PAC_OECD,AIM,total_energy_jobyears_per_1k,"Total energy job-years, including decommissioning","job-years per 1,000",20,11,253.34825397405402,265.34782987445664,TRUE,TRUE,11.999575900402618,High-RE
Full,2C,R10PAC_OECD,COFFEE,decommission_jobyears_per_1k,Decommissioning job-years,"job-years per 1,000",0,8,NA,2.1125203946893443,FALSE,FALSE,NA,NA
Full,2C,R10PAC_OECD,COFFEE,gross_plant_jobs_displaced_per_1k,Gross plant jobs displaced at retirement,"positions per 1,000",0,8,NA,0.5478775179155493,FALSE,FALSE,NA,NA
Full,2C,R10PAC_OECD,COFFEE,gross_upstream_jobs_displaced_per_1k,Gross upstream jobs displaced at retirement,"positions per 1,000",0,8,NA,0.5278568072537959,FALSE,FALSE,NA,NA
Full,2C,R10PAC_OECD,COFFEE,inferred_retirements_GW,Inferred retired capacity,GW,0,8,NA,443.2353058000001,FALSE,FALSE,NA,NA
Full,2C,R10PAC_OECD,COFFEE,jobs_RE_minus_fossil_per_1k,Renewable minus fossil job-years (diagnostic),"job-years per 1,000",0,8,NA,73.6575395918107,FALSE,FALSE,NA,NA
Full,2C,R10PAC_OECD,COFFEE,total_energy_jobyears_no_decommission_per_1k,"Total energy job-years, excluding decommissioning","job-years per 1,000",0,8,NA,166.77730108821402,FALSE,FALSE,NA,NA
Full,2C,R10PAC_OECD,COFFEE,total_energy_jobyears_per_1k,"Total energy job-years, including decommissioning","job-years per 1,000",0,8,NA,168.88982148290336,FALSE,FALSE,NA,NA
Full,2C,R10PAC_OECD,GCAM,decommission_jobyears_per_1k,Decommissioning job-years,"job-years per 1,000",3,4,5.967031362204389,6.812338443625452,TRUE,TRUE,0.8453070814210637,High-RE
Full,2C,R10PAC_OECD,GCAM,gross_plant_jobs_displaced_per_1k,Gross plant jobs displaced at retirement,"positions per 1,000",3,4,2.496894815802324,2.7454749161659233,TRUE,TRUE,0.24858010036359923,High-RE
Full,2C,R10PAC_OECD,GCAM,gross_upstream_jobs_displaced_per_1k,Gross upstream jobs displaced at retirement,"positions per 1,000",3,4,0.5869215021034981,0.481672033544263,TRUE,TRUE,-0.10524946855923512,High-CMT
Full,2C,R10PAC_OECD,GCAM,inferred_retirements_GW,Inferred retired capacity,GW,3,4,1901.639386496969,2568.9757316343057,TRUE,TRUE,667.3363451373366,High-RE
Full,2C,R10PAC_OECD,GCAM,jobs_RE_minus_fossil_per_1k,Renewable minus fossil job-years (diagnostic),"job-years per 1,000",3,4,110.99729921763254,216.44910395187043,TRUE,TRUE,105.45180473423788,High-RE
Full,2C,R10PAC_OECD,GCAM,total_energy_jobyears_no_decommission_per_1k,"Total energy job-years, excluding decommissioning","job-years per 1,000",3,4,196.5529213814307,283.7576442612567,TRUE,TRUE,87.204722879826,High-RE
Full,2C,R10PAC_OECD,GCAM,total_energy_jobyears_per_1k,"Total energy job-years, including decommissioning","job-years per 1,000",3,4,202.51995274363512,290.56998270488214,TRUE,TRUE,88.05002996124702,High-RE
Full,2C,R10PAC_OECD,IMAGE,decommission_jobyears_per_1k,Decommissioning job-years,"job-years per 1,000",45,2,3.505548530671757,5.518419458582091,TRUE,FALSE,2.0128709279103343,High-RE
Full,2C,R10PAC_OECD,IMAGE,gross_plant_jobs_displaced_per_1k,Gross plant jobs displaced at retirement,"positions per 1,000",45,2,1.4528120101073638,1.9704839675658694,TRUE,FALSE,0.5176719574585056,High-RE
Full,2C,R10PAC_OECD,IMAGE,gross_upstream_jobs_displaced_per_1k,Gross upstream jobs displaced at retirement,"positions per 1,000",45,2,0.41509847403418937,0.651444673340063,TRUE,FALSE,0.23634619930587358,High-RE
Full,2C,R10PAC_OECD,IMAGE,inferred_retirements_GW,Inferred retired capacity,GW,45,2,1051.183099230083,1807.4939459631055,TRUE,FALSE,756.3108467330226,High-RE
Full,2C,R10PAC_OECD,IMAGE,jobs_RE_minus_fossil_per_1k,Renewable minus fossil job-years (diagnostic),"job-years per 1,000",45,2,34.23044819602606,104.07470001269499,TRUE,FALSE,69.84425181666893,High-RE
Full,2C,R10PAC_OECD,IMAGE,total_energy_jobyears_no_decommission_per_1k,"Total energy job-years, excluding decommissioning","job-years per 1,000",45,2,117.78616651100907,224.17457472501957,TRUE,FALSE,106.3884082140105,High-RE
Full,2C,R10PAC_OECD,IMAGE,total_energy_jobyears_per_1k,"Total energy job-years, including decommissioning","job-years per 1,000",45,2,121.23744364903428,229.69299418360166,TRUE,FALSE,108.45555053456738,High-RE
Full,2C,R10PAC_OECD,MESSAGEix,decommission_jobyears_per_1k,Decommissioning job-years,"job-years per 1,000",74,24,1.2378718677058538,1.1602745516695465,TRUE,TRUE,-0.07759731603630726,High-CMT
Full,2C,R10PAC_OECD,MESSAGEix,gross_plant_jobs_displaced_per_1k,Gross plant jobs displaced at retirement,"positions per 1,000",74,24,0.30695811871389883,0.34565382679890905,TRUE,TRUE,0.038695708085010216,High-RE
Full,2C,R10PAC_OECD,MESSAGEix,gross_upstream_jobs_displaced_per_1k,Gross upstream jobs displaced at retirement,"positions per 1,000",74,24,0.29181440112257806,0.29177545625459256,TRUE,TRUE,-3.894486798550201e-5,High-CMT
Full,2C,R10PAC_OECD,MESSAGEix,inferred_retirements_GW,Inferred retired capacity,GW,74,24,316.23708347673835,374.1879415154043,TRUE,TRUE,57.950858038665956,High-RE
Full,2C,R10PAC_OECD,MESSAGEix,jobs_RE_minus_fossil_per_1k,Renewable minus fossil job-years (diagnostic),"job-years per 1,000",74,24,52.71799676842154,73.3806947382964,TRUE,TRUE,20.662697969874856,High-RE
Full,2C,R10PAC_OECD,MESSAGEix,total_energy_jobyears_no_decommission_per_1k,"Total energy job-years, excluding decommissioning","job-years per 1,000",74,24,149.3669416590175,145.6526461800006,TRUE,TRUE,-3.714295479016897,High-CMT
Full,2C,R10PAC_OECD,MESSAGEix,total_energy_jobyears_per_1k,"Total energy job-years, including decommissioning","job-years per 1,000",74,24,150.46451312888763,146.83851713000467,TRUE,TRUE,-3.6259959988829564,High-CMT
Full,2C,R10PAC_OECD,POLES,decommission_jobyears_per_1k,Decommissioning job-years,"job-years per 1,000",56,8,6.550877454909097,2.4948506363772744,TRUE,TRUE,-4.056026818531823,High-CMT
Full,2C,R10PAC_OECD,POLES,gross_plant_jobs_displaced_per_1k,Gross plant jobs displaced at retirement,"positions per 1,000",56,8,2.9031206137094374,0.9233610750710564,TRUE,TRUE,-1.979759538638381,High-CMT
Full,2C,R10PAC_OECD,POLES,gross_upstream_jobs_displaced_per_1k,Gross upstream jobs displaced at retirement,"positions per 1,000",56,8,0.6494822145072575,0.62166531691575,TRUE,TRUE,-0.027816897591507517,High-CMT
Full,2C,R10PAC_OECD,POLES,inferred_retirements_GW,Inferred retired capacity,GW,56,8,2591.150933072344,495.55251407623285,TRUE,TRUE,-2095.598418996111,High-CMT
Full,2C,R10PAC_OECD,POLES,jobs_RE_minus_fossil_per_1k,Renewable minus fossil job-years (diagnostic),"job-years per 1,000",56,8,173.3704410415445,97.10086618671065,TRUE,TRUE,-76.26957485483385,High-CMT
Full,2C,R10PAC_OECD,POLES,total_energy_jobyears_no_decommission_per_1k,"Total energy job-years, excluding decommissioning","job-years per 1,000",56,8,302.3151431520176,248.91241019837133,TRUE,TRUE,-53.40273295364625,High-CMT
Full,2C,R10PAC_OECD,POLES,total_energy_jobyears_per_1k,"Total energy job-years, including decommissioning","job-years per 1,000",56,8,308.99767422946593,251.07484801308243,TRUE,TRUE,-57.9228262163835,High-CMT
Full,2C,R10PAC_OECD,REMIND,decommission_jobyears_per_1k,Decommissioning job-years,"job-years per 1,000",0,161,NA,2.8175552460411306,FALSE,FALSE,NA,NA
Full,2C,R10PAC_OECD,REMIND,gross_plant_jobs_displaced_per_1k,Gross plant jobs displaced at retirement,"positions per 1,000",0,161,NA,1.438024636895154,FALSE,FALSE,NA,NA
Full,2C,R10PAC_OECD,REMIND,gross_upstream_jobs_displaced_per_1k,Gross upstream jobs displaced at retirement,"positions per 1,000",0,161,NA,0.21198264897619204,FALSE,FALSE,NA,NA
Full,2C,R10PAC_OECD,REMIND,inferred_retirements_GW,Inferred retired capacity,GW,0,161,NA,1281.43063,FALSE,FALSE,NA,NA
Full,2C,R10PAC_OECD,REMIND,jobs_RE_minus_fossil_per_1k,Renewable minus fossil job-years (diagnostic),"job-years per 1,000",0,161,NA,99.12294545888501,FALSE,FALSE,NA,NA
Full,2C,R10PAC_OECD,REMIND,total_energy_jobyears_no_decommission_per_1k,"Total energy job-years, excluding decommissioning","job-years per 1,000",0,161,NA,143.508604809596,FALSE,FALSE,NA,NA
Full,2C,R10PAC_OECD,REMIND,total_energy_jobyears_per_1k,"Total energy job-years, including decommissioning","job-years per 1,000",0,161,NA,146.25861885033152,FALSE,FALSE,NA,NA
Full,2C,R10PAC_OECD,TIAM,decommission_jobyears_per_1k,Decommissioning job-years,"job-years per 1,000",12,0,1.403316567794636,NA,FALSE,FALSE,NA,NA
Full,2C,R10PAC_OECD,TIAM,gross_plant_jobs_displaced_per_1k,Gross plant jobs displaced at retirement,"positions per 1,000",12,0,1.1298185929449978,NA,FALSE,FALSE,NA,NA
Full,2C,R10PAC_OECD,TIAM,gross_upstream_jobs_displaced_per_1k,Gross upstream jobs displaced at retirement,"positions per 1,000",12,0,0.0032497238500694076,NA,FALSE,FALSE,NA,NA
Full,2C,R10PAC_OECD,TIAM,inferred_retirements_GW,Inferred retired capacity,GW,12,0,959.7852671770479,NA,FALSE,FALSE,NA,NA
Full,2C,R10PAC_OECD,TIAM,jobs_RE_minus_fossil_per_1k,Renewable minus fossil job-years (diagnostic),"job-years per 1,000",12,0,77.22736266216988,NA,FALSE,FALSE,NA,NA
Full,2C,R10PAC_OECD,TIAM,total_energy_jobyears_no_decommission_per_1k,"Total energy job-years, excluding decommissioning","job-years per 1,000",12,0,122.87748997532728,NA,FALSE,FALSE,NA,NA
Full,2C,R10PAC_OECD,TIAM,total_energy_jobyears_per_1k,"Total energy job-years, including decommissioning","job-years per 1,000",12,0,124.25943029196917,NA,FALSE,FALSE,NA,NA
Full,2C,R10PAC_OECD,WITCH,decommission_jobyears_per_1k,Decommissioning job-years,"job-years per 1,000",2,16,7.463520034206074,2.282796031688454,TRUE,FALSE,-5.18072400251762,High-CMT
Full,2C,R10PAC_OECD,WITCH,gross_plant_jobs_displaced_per_1k,Gross plant jobs displaced at retirement,"positions per 1,000",2,16,4.381686483451162,0.9814392540386527,TRUE,FALSE,-3.4002472294125092,High-CMT
Full,2C,R10PAC_OECD,WITCH,gross_upstream_jobs_displaced_per_1k,Gross upstream jobs displaced at retirement,"positions per 1,000",2,16,0.4966482796838918,0.45745077839613857,TRUE,FALSE,-0.039197501287753234,High-CMT
Full,2C,R10PAC_OECD,WITCH,inferred_retirements_GW,Inferred retired capacity,GW,2,16,3186.522687530298,383.29065169766017,TRUE,FALSE,-2803.232035832638,High-CMT
Full,2C,R10PAC_OECD,WITCH,jobs_RE_minus_fossil_per_1k,Renewable minus fossil job-years (diagnostic),"job-years per 1,000",2,16,229.46647102375306,56.28675644544182,TRUE,FALSE,-173.17971457831123,High-CMT
Full,2C,R10PAC_OECD,WITCH,total_energy_jobyears_no_decommission_per_1k,"Total energy job-years, excluding decommissioning","job-years per 1,000",2,16,371.23599250490184,165.26434006745626,TRUE,FALSE,-205.97165243744558,High-CMT
Full,2C,R10PAC_OECD,WITCH,total_energy_jobyears_per_1k,"Total energy job-years, including decommissioning","job-years per 1,000",2,16,378.6995125391079,167.49951007562754,TRUE,FALSE,-211.20000246348036,High-CMT
Full,2C,R10REF_ECON,AIM,decommission_jobyears_per_1k,Decommissioning job-years,"job-years per 1,000",20,11,51.280204971435666,10.434980307722292,TRUE,TRUE,-40.845224663713374,High-CMT
Full,2C,R10REF_ECON,AIM,gross_plant_jobs_displaced_per_1k,Gross plant jobs displaced at retirement,"positions per 1,000",20,11,23.208910849787017,3.0652429769498,TRUE,TRUE,-20.143667872837216,High-CMT
Full,2C,R10REF_ECON,AIM,gross_upstream_jobs_displaced_per_1k,Gross upstream jobs displaced at retirement,"positions per 1,000",20,11,2.514143799432711,1.7476111816387252,TRUE,TRUE,-0.7665326177939857,High-CMT
Full,2C,R10REF_ECON,AIM,inferred_retirements_GW,Inferred retired capacity,GW,20,11,5566.584739999998,1013.9286999999996,TRUE,TRUE,-4552.656039999999,High-CMT
Full,2C,R10REF_ECON,AIM,jobs_RE_minus_fossil_per_1k,Renewable minus fossil job-years (diagnostic),"job-years per 1,000",20,11,862.6595262030474,980.8568976901163,TRUE,TRUE,118.19737148706884,High-RE
Full,2C,R10REF_ECON,AIM,total_energy_jobyears_no_decommission_per_1k,"Total energy job-years, excluding decommissioning","job-years per 1,000",20,11,1976.5959173605888,1851.6051413012538,TRUE,TRUE,-124.99077605933508,High-CMT
Full,2C,R10REF_ECON,AIM,total_energy_jobyears_per_1k,"Total energy job-years, including decommissioning","job-years per 1,000",20,11,2027.8415486502547,1859.0158626822938,TRUE,TRUE,-168.8256859679609,High-CMT
Full,2C,R10REF_ECON,COFFEE,decommission_jobyears_per_1k,Decommissioning job-years,"job-years per 1,000",0,8,NA,6.032659606456951,FALSE,FALSE,NA,NA
Full,2C,R10REF_ECON,COFFEE,gross_plant_jobs_displaced_per_1k,Gross plant jobs displaced at retirement,"positions per 1,000",0,8,NA,2.1072110985992634,FALSE,FALSE,NA,NA
Full,2C,R10REF_ECON,COFFEE,gross_upstream_jobs_displaced_per_1k,Gross upstream jobs displaced at retirement,"positions per 1,000",0,8,NA,1.478699163210079,FALSE,FALSE,NA,NA
Full,2C,R10REF_ECON,COFFEE,inferred_retirements_GW,Inferred retired capacity,GW,0,8,NA,421.52566445312505,FALSE,FALSE,NA,NA
Full,2C,R10REF_ECON,COFFEE,jobs_RE_minus_fossil_per_1k,Renewable minus fossil job-years (diagnostic),"job-years per 1,000",0,8,NA,855.9304846554949,FALSE,FALSE,NA,NA
Full,2C,R10REF_ECON,COFFEE,total_energy_jobyears_no_decommission_per_1k,"Total energy job-years, excluding decommissioning","job-years per 1,000",0,8,NA,1032.0972866216123,FALSE,FALSE,NA,NA
Full,2C,R10REF_ECON,COFFEE,total_energy_jobyears_per_1k,"Total energy job-years, including decommissioning","job-years per 1,000",0,8,NA,1038.3516030384683,FALSE,FALSE,NA,NA
Full,2C,R10REF_ECON,GCAM,decommission_jobyears_per_1k,Decommissioning job-years,"job-years per 1,000",3,4,28.30641956905639,23.725454654630056,TRUE,TRUE,-4.580964914426335,High-CMT
Full,2C,R10REF_ECON,GCAM,gross_plant_jobs_displaced_per_1k,Gross plant jobs displaced at retirement,"positions per 1,000",3,4,12.096808524383148,10.491448043511575,TRUE,TRUE,-1.605360480871573,High-CMT
Full,2C,R10REF_ECON,GCAM,gross_upstream_jobs_displaced_per_1k,Gross upstream jobs displaced at retirement,"positions per 1,000",3,4,1.0058093690080496,0.9549572907906596,TRUE,TRUE,-0.05085207821739002,High-CMT
Full,2C,R10REF_ECON,GCAM,inferred_retirements_GW,Inferred retired capacity,GW,3,4,2793.876823280636,3464.392954536516,TRUE,TRUE,670.5161312558798,High-RE
Full,2C,R10REF_ECON,GCAM,jobs_RE_minus_fossil_per_1k,Renewable minus fossil job-years (diagnostic),"job-years per 1,000",3,4,551.4272338854267,695.7271693287978,TRUE,TRUE,144.29993544337106,High-RE
Full,2C,R10REF_ECON,GCAM,total_energy_jobyears_no_decommission_per_1k,"Total energy job-years, excluding decommissioning","job-years per 1,000",3,4,918.1694644565232,923.411220908475,TRUE,TRUE,5.241756451951801,High-RE
Full,2C,R10REF_ECON,GCAM,total_energy_jobyears_per_1k,"Total energy job-years, including decommissioning","job-years per 1,000",3,4,946.4758840255796,947.136675563105,TRUE,TRUE,0.6607915375253697,High-RE
Full,2C,R10REF_ECON,IMAGE,decommission_jobyears_per_1k,Decommissioning job-years,"job-years per 1,000",48,2,15.194055060257565,28.52827754881082,TRUE,FALSE,13.334222488553255,High-RE
Full,2C,R10REF_ECON,IMAGE,gross_plant_jobs_displaced_per_1k,Gross plant jobs displaced at retirement,"positions per 1,000",48,2,8.012553865319832,10.154461162637968,TRUE,FALSE,2.141907297318136,High-RE
Full,2C,R10REF_ECON,IMAGE,gross_upstream_jobs_displaced_per_1k,Gross upstream jobs displaced at retirement,"positions per 1,000",48,2,1.9547206285086163,2.732807705341049,TRUE,FALSE,0.7780870768324326,High-RE
Full,2C,R10REF_ECON,IMAGE,inferred_retirements_GW,Inferred retired capacity,GW,48,2,1318.3528074419487,3364.107533501901,TRUE,FALSE,2045.7547260599522,High-RE
Full,2C,R10REF_ECON,IMAGE,jobs_RE_minus_fossil_per_1k,Renewable minus fossil job-years (diagnostic),"job-years per 1,000",48,2,-8.222829964161924,383.8147301120853,TRUE,FALSE,392.0375600762472,High-RE
Full,2C,R10REF_ECON,IMAGE,total_energy_jobyears_no_decommission_per_1k,"Total energy job-years, excluding decommissioning","job-years per 1,000",48,2,650.6053268117166,976.571024792175,TRUE,FALSE,325.96569798045834,High-RE
Full,2C,R10REF_ECON,IMAGE,total_energy_jobyears_per_1k,"Total energy job-years, including decommissioning","job-years per 1,000",48,2,668.6757714173918,1005.0993023409857,TRUE,FALSE,336.42353092359383,High-RE
Full,2C,R10REF_ECON,MESSAGEix,decommission_jobyears_per_1k,Decommissioning job-years,"job-years per 1,000",74,24,5.898668670861669,5.1364687508119555,TRUE,TRUE,-0.7621999200497136,High-CMT
Full,2C,R10REF_ECON,MESSAGEix,gross_plant_jobs_displaced_per_1k,Gross plant jobs displaced at retirement,"positions per 1,000",74,24,1.5763965926584171,1.4784370110028648,TRUE,TRUE,-0.0979595816555523,High-CMT
Full,2C,R10REF_ECON,MESSAGEix,gross_upstream_jobs_displaced_per_1k,Gross upstream jobs displaced at retirement,"positions per 1,000",74,24,1.1895188438455537,1.1892010188738755,TRUE,TRUE,-3.1782497167820445e-4,High-CMT
Full,2C,R10REF_ECON,MESSAGEix,inferred_retirements_GW,Inferred retired capacity,GW,74,24,427.7194562900776,430.91697058309404,TRUE,TRUE,3.197514293016468,High-RE
Full,2C,R10REF_ECON,MESSAGEix,jobs_RE_minus_fossil_per_1k,Renewable minus fossil job-years (diagnostic),"job-years per 1,000",74,24,489.21006801324205,634.6634547091154,TRUE,TRUE,145.45338669587335,High-RE
Full,2C,R10REF_ECON,MESSAGEix,total_energy_jobyears_no_decommission_per_1k,"Total energy job-years, excluding decommissioning","job-years per 1,000",74,24,746.5920348193954,926.8104908369523,TRUE,TRUE,180.21845601755695,High-RE
Full,2C,R10REF_ECON,MESSAGEix,total_energy_jobyears_per_1k,"Total energy job-years, including decommissioning","job-years per 1,000",74,24,751.5374408967746,931.2931762247167,TRUE,TRUE,179.75573532794215,High-RE
Full,2C,R10REF_ECON,POLES,decommission_jobyears_per_1k,Decommissioning job-years,"job-years per 1,000",56,8,18.443231641213707,4.257268671590674,TRUE,TRUE,-14.185962969623034,High-CMT
Full,2C,R10REF_ECON,POLES,gross_plant_jobs_displaced_per_1k,Gross plant jobs displaced at retirement,"positions per 1,000",56,8,7.452566563423011,1.2528607255109934,TRUE,TRUE,-6.199705837912018,High-CMT
Full,2C,R10REF_ECON,POLES,gross_upstream_jobs_displaced_per_1k,Gross upstream jobs displaced at retirement,"positions per 1,000",56,8,1.368895847645245,0.785237698895195,TRUE,TRUE,-0.5836581487500501,High-CMT
Full,2C,R10REF_ECON,POLES,inferred_retirements_GW,Inferred retired capacity,GW,56,8,2095.5129849997234,208.91466054320324,TRUE,TRUE,-1886.59832445652,High-CMT
Full,2C,R10REF_ECON,POLES,jobs_RE_minus_fossil_per_1k,Renewable minus fossil job-years (diagnostic),"job-years per 1,000",56,8,339.1424273144206,277.9806809830684,TRUE,TRUE,-61.16174633135222,High-CMT
Full,2C,R10REF_ECON,POLES,total_energy_jobyears_no_decommission_per_1k,"Total energy job-years, excluding decommissioning","job-years per 1,000",56,8,777.4987644390517,725.3491008608108,TRUE,TRUE,-52.14966357824085,High-CMT
Full,2C,R10REF_ECON,POLES,total_energy_jobyears_per_1k,"Total energy job-years, including decommissioning","job-years per 1,000",56,8,796.1104810802987,729.8761131063341,TRUE,TRUE,-66.2343679739646,High-CMT
Full,2C,R10REF_ECON,REMIND,decommission_jobyears_per_1k,Decommissioning job-years,"job-years per 1,000",0,165,NA,18.27140352923833,FALSE,FALSE,NA,NA
Full,2C,R10REF_ECON,REMIND,gross_plant_jobs_displaced_per_1k,Gross plant jobs displaced at retirement,"positions per 1,000",0,165,NA,9.546802164368431,FALSE,FALSE,NA,NA
Full,2C,R10REF_ECON,REMIND,gross_upstream_jobs_displaced_per_1k,Gross upstream jobs displaced at retirement,"positions per 1,000",0,165,NA,1.0489495396182753,FALSE,FALSE,NA,NA
Full,2C,R10REF_ECON,REMIND,inferred_retirements_GW,Inferred retired capacity,GW,0,165,NA,2718.39638497,FALSE,FALSE,NA,NA
Full,2C,R10REF_ECON,REMIND,jobs_RE_minus_fossil_per_1k,Renewable minus fossil job-years (diagnostic),"job-years per 1,000",0,165,NA,588.65162624687,FALSE,FALSE,NA,NA
Full,2C,R10REF_ECON,REMIND,total_energy_jobyears_no_decommission_per_1k,"Total energy job-years, excluding decommissioning","job-years per 1,000",0,165,NA,851.7207407075117,FALSE,FALSE,NA,NA
Full,2C,R10REF_ECON,REMIND,total_energy_jobyears_per_1k,"Total energy job-years, including decommissioning","job-years per 1,000",0,165,NA,870.5080253311173,FALSE,FALSE,NA,NA
Full,2C,R10REF_ECON,TIAM,decommission_jobyears_per_1k,Decommissioning job-years,"job-years per 1,000",12,0,5.016644562686029,NA,FALSE,FALSE,NA,NA
Full,2C,R10REF_ECON,TIAM,gross_plant_jobs_displaced_per_1k,Gross plant jobs displaced at retirement,"positions per 1,000",12,0,2.6312219359127287,NA,FALSE,FALSE,NA,NA
Full,2C,R10REF_ECON,TIAM,gross_upstream_jobs_displaced_per_1k,Gross upstream jobs displaced at retirement,"positions per 1,000",12,0,0.00505900417608181,NA,FALSE,FALSE,NA,NA
Full,2C,R10REF_ECON,TIAM,inferred_retirements_GW,Inferred retired capacity,GW,12,0,533.8951845902887,NA,FALSE,FALSE,NA,NA
Full,2C,R10REF_ECON,TIAM,jobs_RE_minus_fossil_per_1k,Renewable minus fossil job-years (diagnostic),"job-years per 1,000",12,0,157.6399749970983,NA,FALSE,FALSE,NA,NA
Full,2C,R10REF_ECON,TIAM,total_energy_jobyears_no_decommission_per_1k,"Total energy job-years, excluding decommissioning","job-years per 1,000",12,0,219.1736869914204,NA,FALSE,FALSE,NA,NA
Full,2C,R10REF_ECON,TIAM,total_energy_jobyears_per_1k,"Total energy job-years, including decommissioning","job-years per 1,000",12,0,224.5913192748883,NA,FALSE,FALSE,NA,NA
Full,2C,R10REF_ECON,WITCH,decommission_jobyears_per_1k,Decommissioning job-years,"job-years per 1,000",2,16,49.14373656976714,7.40026602124764,TRUE,FALSE,-41.743470548519504,High-CMT
Full,2C,R10REF_ECON,WITCH,gross_plant_jobs_displaced_per_1k,Gross plant jobs displaced at retirement,"positions per 1,000",2,16,33.40258587597292,1.9038544945084275,TRUE,FALSE,-31.49873138146449,High-CMT
Full,2C,R10REF_ECON,WITCH,gross_upstream_jobs_displaced_per_1k,Gross upstream jobs displaced at retirement,"positions per 1,000",2,16,2.71541229836577,1.3183501772525168,TRUE,FALSE,-1.3970621211132532,High-CMT
Full,2C,R10REF_ECON,WITCH,inferred_retirements_GW,Inferred retired capacity,GW,2,16,6330.34661065866,599.4844333074818,TRUE,FALSE,-5730.862177351179,High-CMT
Full,2C,R10REF_ECON,WITCH,jobs_RE_minus_fossil_per_1k,Renewable minus fossil job-years (diagnostic),"job-years per 1,000",2,16,1126.554421786987,475.68377664196464,TRUE,FALSE,-650.8706451450223,High-CMT
Full,2C,R10REF_ECON,WITCH,total_energy_jobyears_no_decommission_per_1k,"Total energy job-years, excluding decommissioning","job-years per 1,000",2,16,2157.525286996143,905.9286099923552,TRUE,FALSE,-1251.596677003788,High-CMT
Full,2C,R10REF_ECON,WITCH,total_energy_jobyears_per_1k,"Total energy job-years, including decommissioning","job-years per 1,000",2,16,2206.6690235659107,924.9512758971875,TRUE,FALSE,-1281.7177476687232,High-CMT
Full,2C,R10REST_ASIA,AIM,decommission_jobyears_per_1k,Decommissioning job-years,"job-years per 1,000",20,11,4.918887873080007,0.7942373143019485,TRUE,TRUE,-4.124650558778058,High-CMT
Full,2C,R10REST_ASIA,AIM,gross_plant_jobs_displaced_per_1k,Gross plant jobs displaced at retirement,"positions per 1,000",20,11,4.0661085877835514,0.1982912518695965,TRUE,TRUE,-3.867817335913955,High-CMT
Full,2C,R10REST_ASIA,AIM,gross_upstream_jobs_displaced_per_1k,Gross upstream jobs displaced at retirement,"positions per 1,000",20,11,0.3501763327326739,0.26031212307555884,TRUE,TRUE,-0.08986420965711506,High-CMT
Full,2C,R10REST_ASIA,AIM,inferred_retirements_GW,Inferred retired capacity,GW,20,11,6154.870680000001,367.5913,TRUE,TRUE,-5787.279380000001,High-CMT
Full,2C,R10REST_ASIA,AIM,jobs_RE_minus_fossil_per_1k,Renewable minus fossil job-years (diagnostic),"job-years per 1,000",20,11,162.92520059758914,216.2328476773603,TRUE,TRUE,53.30764707977116,High-RE
Full,2C,R10REST_ASIA,AIM,total_energy_jobyears_no_decommission_per_1k,"Total energy job-years, excluding decommissioning","job-years per 1,000",20,11,285.9480388518259,339.4972315785585,TRUE,TRUE,53.5491927267326,High-RE
Full,2C,R10REST_ASIA,AIM,total_energy_jobyears_per_1k,"Total energy job-years, including decommissioning","job-years per 1,000",20,11,290.86692672490597,345.4903710193112,TRUE,TRUE,54.62344429440526,High-RE
Full,2C,R10REST_ASIA,COFFEE,decommission_jobyears_per_1k,Decommissioning job-years,"job-years per 1,000",0,8,NA,0.5403346091016188,FALSE,FALSE,NA,NA
Full,2C,R10REST_ASIA,COFFEE,gross_plant_jobs_displaced_per_1k,Gross plant jobs displaced at retirement,"positions per 1,000",0,8,NA,0.12567870592308544,FALSE,FALSE,NA,NA
Full,2C,R10REST_ASIA,COFFEE,gross_upstream_jobs_displaced_per_1k,Gross upstream jobs displaced at retirement,"positions per 1,000",0,8,NA,0.10854543958544316,FALSE,FALSE,NA,NA
Full,2C,R10REST_ASIA,COFFEE,inferred_retirements_GW,Inferred retired capacity,GW,0,8,NA,358.41436532125,FALSE,FALSE,NA,NA
Full,2C,R10REST_ASIA,COFFEE,jobs_RE_minus_fossil_per_1k,Renewable minus fossil job-years (diagnostic),"job-years per 1,000",0,8,NA,45.12589233726817,FALSE,FALSE,NA,NA
Full,2C,R10REST_ASIA,COFFEE,total_energy_jobyears_no_decommission_per_1k,"Total energy job-years, excluding decommissioning","job-years per 1,000",0,8,NA,55.650994131935065,FALSE,FALSE,NA,NA
Full,2C,R10REST_ASIA,COFFEE,total_energy_jobyears_per_1k,"Total energy job-years, including decommissioning","job-years per 1,000",0,8,NA,56.21598446591932,FALSE,FALSE,NA,NA
Full,2C,R10REST_ASIA,GCAM,decommission_jobyears_per_1k,Decommissioning job-years,"job-years per 1,000",3,4,5.878148688981011,9.220957676781456,TRUE,TRUE,3.3428089878004448,High-RE
Full,2C,R10REST_ASIA,GCAM,gross_plant_jobs_displaced_per_1k,Gross plant jobs displaced at retirement,"positions per 1,000",3,4,3.3445225401335015,8.457657431811041,TRUE,TRUE,5.113134891677539,High-RE
Full,2C,R10REST_ASIA,GCAM,gross_upstream_jobs_displaced_per_1k,Gross upstream jobs displaced at retirement,"positions per 1,000",3,4,0.5887924748607865,0.23681231217019472,TRUE,TRUE,-0.35198016269059174,High-CMT
Full,2C,R10REST_ASIA,GCAM,inferred_retirements_GW,Inferred retired capacity,GW,3,4,5729.640722051897,12078.427751583038,TRUE,TRUE,6348.787029531141,High-RE
Full,2C,R10REST_ASIA,GCAM,jobs_RE_minus_fossil_per_1k,Renewable minus fossil job-years (diagnostic),"job-years per 1,000",3,4,124.02008515646418,453.8130872361013,TRUE,TRUE,329.7930020796371,High-RE
Full,2C,R10REST_ASIA,GCAM,total_energy_jobyears_no_decommission_per_1k,"Total energy job-years, excluding decommissioning","job-years per 1,000",3,4,246.4524612602266,489.3962775802476,TRUE,TRUE,242.943816320021,High-RE
Full,2C,R10REST_ASIA,GCAM,total_energy_jobyears_per_1k,"Total energy job-years, including decommissioning","job-years per 1,000",3,4,252.20978637993534,498.61723525702905,TRUE,TRUE,246.4074488770937,High-RE
Full,2C,R10REST_ASIA,IMAGE,decommission_jobyears_per_1k,Decommissioning job-years,"job-years per 1,000",45,2,2.4266168691319705,7.977263833667195,TRUE,FALSE,5.550646964535224,High-RE
Full,2C,R10REST_ASIA,IMAGE,gross_plant_jobs_displaced_per_1k,Gross plant jobs displaced at retirement,"positions per 1,000",45,2,1.4947155317010425,5.212455383066261,TRUE,FALSE,3.7177398513652182,High-RE
Full,2C,R10REST_ASIA,IMAGE,gross_upstream_jobs_displaced_per_1k,Gross upstream jobs displaced at retirement,"positions per 1,000",45,2,0.32579897078569486,0.9346842654132024,TRUE,FALSE,0.6088852946275075,High-RE
Full,2C,R10REST_ASIA,IMAGE,inferred_retirements_GW,Inferred retired capacity,GW,45,2,2173.0126372233026,8501.070564911402,TRUE,FALSE,6328.0579276881,High-RE
Full,2C,R10REST_ASIA,IMAGE,jobs_RE_minus_fossil_per_1k,Renewable minus fossil job-years (diagnostic),"job-years per 1,000",45,2,51.81812059321884,236.222422969129,TRUE,FALSE,184.40430237591016,High-RE
Full,2C,R10REST_ASIA,IMAGE,total_energy_jobyears_no_decommission_per_1k,"Total energy job-years, excluding decommissioning","job-years per 1,000",45,2,158.94001832495954,452.0768974376888,TRUE,FALSE,293.1368791127293,High-RE
Full,2C,R10REST_ASIA,IMAGE,total_energy_jobyears_per_1k,"Total energy job-years, including decommissioning","job-years per 1,000",45,2,161.15883231220462,460.05416127135595,TRUE,FALSE,298.89532895915136,High-RE
Full,2C,R10REST_ASIA,MESSAGEix,decommission_jobyears_per_1k,Decommissioning job-years,"job-years per 1,000",74,24,0.5996942119635102,0.7829249713945036,TRUE,TRUE,0.18323075943099332,High-RE
Full,2C,R10REST_ASIA,MESSAGEix,gross_plant_jobs_displaced_per_1k,Gross plant jobs displaced at retirement,"positions per 1,000",74,24,0.15859844228125525,0.24412786302591555,TRUE,TRUE,0.0855294207446603,High-RE
Full,2C,R10REST_ASIA,MESSAGEix,gross_upstream_jobs_displaced_per_1k,Gross upstream jobs displaced at retirement,"positions per 1,000",74,24,0.11668665752455581,0.11677321390255296,TRUE,TRUE,8.655637799714899e-5,High-RE
Full,2C,R10REST_ASIA,MESSAGEix,inferred_retirements_GW,Inferred retired capacity,GW,74,24,295.2029607467682,318.65885409027686,TRUE,TRUE,23.45589334350865,High-RE
Full,2C,R10REST_ASIA,MESSAGEix,jobs_RE_minus_fossil_per_1k,Renewable minus fossil job-years (diagnostic),"job-years per 1,000",74,24,133.37815638318375,151.77055151586384,TRUE,TRUE,18.392395132680093,High-RE
Full,2C,R10REST_ASIA,MESSAGEix,total_energy_jobyears_no_decommission_per_1k,"Total energy job-years, excluding decommissioning","job-years per 1,000",74,24,185.07049304543773,220.67014349418415,TRUE,TRUE,35.59965044874642,High-RE
Full,2C,R10REST_ASIA,MESSAGEix,total_energy_jobyears_per_1k,"Total energy job-years, including decommissioning","job-years per 1,000",74,24,185.6778498627213,221.42836218014327,TRUE,TRUE,35.750512317421965,High-RE
Full,2C,R10REST_ASIA,POLES,decommission_jobyears_per_1k,Decommissioning job-years,"job-years per 1,000",56,8,2.9306232725078014,0.9137531800627305,TRUE,TRUE,-2.016870092445071,High-CMT
Full,2C,R10REST_ASIA,POLES,gross_plant_jobs_displaced_per_1k,Gross plant jobs displaced at retirement,"positions per 1,000",56,8,2.1065147067505396,0.5891044825996055,TRUE,TRUE,-1.5174102241509342,High-CMT
Full,2C,R10REST_ASIA,POLES,gross_upstream_jobs_displaced_per_1k,Gross upstream jobs displaced at retirement,"positions per 1,000",56,8,0.19118560698789094,0.10332972422494036,TRUE,TRUE,-0.08785588276295059,High-CMT
Full,2C,R10REST_ASIA,POLES,inferred_retirements_GW,Inferred retired capacity,GW,56,8,3287.6900048837065,771.9747955524588,TRUE,TRUE,-2515.715209331248,High-CMT
Full,2C,R10REST_ASIA,POLES,jobs_RE_minus_fossil_per_1k,Renewable minus fossil job-years (diagnostic),"job-years per 1,000",56,8,122.13102511775489,164.37182048434713,TRUE,TRUE,42.24079536659224,High-RE
Full,2C,R10REST_ASIA,POLES,total_energy_jobyears_no_decommission_per_1k,"Total energy job-years, excluding decommissioning","job-years per 1,000",56,8,174.72500064216126,247.98686071347737,TRUE,TRUE,73.26186007131611,High-RE
Full,2C,R10REST_ASIA,POLES,total_energy_jobyears_per_1k,"Total energy job-years, including decommissioning","job-years per 1,000",56,8,177.60236267251972,248.80758304774338,TRUE,TRUE,71.20522037522366,High-RE
Full,2C,R10REST_ASIA,REMIND,decommission_jobyears_per_1k,Decommissioning job-years,"job-years per 1,000",0,165,NA,7.38050554900017,FALSE,FALSE,NA,NA
Full,2C,R10REST_ASIA,REMIND,gross_plant_jobs_displaced_per_1k,Gross plant jobs displaced at retirement,"positions per 1,000",0,165,NA,7.229777649807212,FALSE,FALSE,NA,NA
Full,2C,R10REST_ASIA,REMIND,gross_upstream_jobs_displaced_per_1k,Gross upstream jobs displaced at retirement,"positions per 1,000",0,165,NA,0.18727405009773948,FALSE,FALSE,NA,NA
Full,2C,R10REST_ASIA,REMIND,inferred_retirements_GW,Inferred retired capacity,GW,0,165,NA,12487.559910000002,FALSE,FALSE,NA,NA
Full,2C,R10REST_ASIA,REMIND,jobs_RE_minus_fossil_per_1k,Renewable minus fossil job-years (diagnostic),"job-years per 1,000",0,165,NA,651.4136584319066,FALSE,FALSE,NA,NA
Full,2C,R10REST_ASIA,REMIND,total_energy_jobyears_no_decommission_per_1k,"Total energy job-years, excluding decommissioning","job-years per 1,000",0,165,NA,681.6360827026817,FALSE,FALSE,NA,NA
Full,2C,R10REST_ASIA,REMIND,total_energy_jobyears_per_1k,"Total energy job-years, including decommissioning","job-years per 1,000",0,165,NA,688.7306553272064,FALSE,FALSE,NA,NA
Full,2C,R10REST_ASIA,TIAM,decommission_jobyears_per_1k,Decommissioning job-years,"job-years per 1,000",12,0,0.4593689467697505,NA,FALSE,FALSE,NA,NA
Full,2C,R10REST_ASIA,TIAM,gross_plant_jobs_displaced_per_1k,Gross plant jobs displaced at retirement,"positions per 1,000",12,0,0.5856414454077202,NA,FALSE,FALSE,NA,NA
Full,2C,R10REST_ASIA,TIAM,gross_upstream_jobs_displaced_per_1k,Gross upstream jobs displaced at retirement,"positions per 1,000",12,0,0.0015420934235983062,NA,FALSE,FALSE,NA,NA
Full,2C,R10REST_ASIA,TIAM,inferred_retirements_GW,Inferred retired capacity,GW,12,0,1217.915016260624,NA,FALSE,FALSE,NA,NA
Full,2C,R10REST_ASIA,TIAM,jobs_RE_minus_fossil_per_1k,Renewable minus fossil job-years (diagnostic),"job-years per 1,000",12,0,41.429240941122146,NA,FALSE,FALSE,NA,NA
Full,2C,R10REST_ASIA,TIAM,total_energy_jobyears_no_decommission_per_1k,"Total energy job-years, excluding decommissioning","job-years per 1,000",12,0,49.73959841023519,NA,FALSE,FALSE,NA,NA
Full,2C,R10REST_ASIA,TIAM,total_energy_jobyears_per_1k,"Total energy job-years, including decommissioning","job-years per 1,000",12,0,50.18526633410535,NA,FALSE,FALSE,NA,NA
Full,2C,R10REST_ASIA,WITCH,decommission_jobyears_per_1k,Decommissioning job-years,"job-years per 1,000",2,16,3.4589425893308237,0.4019862729966625,TRUE,FALSE,-3.056956316334161,High-CMT
Full,2C,R10REST_ASIA,WITCH,gross_plant_jobs_displaced_per_1k,Gross plant jobs displaced at retirement,"positions per 1,000",2,16,3.115706670176497,0.12573178169994917,TRUE,FALSE,-2.9899748884765476,High-CMT
Full,2C,R10REST_ASIA,WITCH,gross_upstream_jobs_displaced_per_1k,Gross upstream jobs displaced at retirement,"positions per 1,000",2,16,0.12659350588016044,0.10454977389940336,TRUE,FALSE,-0.022043731980757084,High-CMT
Full,2C,R10REST_ASIA,WITCH,inferred_retirements_GW,Inferred retired capacity,GW,2,16,4497.750326866962,219.48377193297716,TRUE,FALSE,-4278.2665549339845,High-CMT
Full,2C,R10REST_ASIA,WITCH,jobs_RE_minus_fossil_per_1k,Renewable minus fossil job-years (diagnostic),"job-years per 1,000",2,16,151.97677304185282,106.14303316654525,TRUE,FALSE,-45.83373987530757,High-CMT
Full,2C,R10REST_ASIA,WITCH,total_energy_jobyears_no_decommission_per_1k,"Total energy job-years, excluding decommissioning","job-years per 1,000",2,16,193.30273602365315,134.38015955890188,TRUE,FALSE,-58.92257646475127,High-CMT
Full,2C,R10REST_ASIA,WITCH,total_energy_jobyears_per_1k,"Total energy job-years, including decommissioning","job-years per 1,000",2,16,196.76167861298396,134.7258542850061,TRUE,FALSE,-62.03582432797785,High-CMT
Full,All ambitions pooled,Aggregated R10 regions,AIM,decommission_jobyears_per_1k,Decommissioning job-years,"job-years per 1,000",21,14,7.490011297059365,1.397766358943739,TRUE,TRUE,-6.092244938115625,High-CMT
Full,All ambitions pooled,Aggregated R10 regions,AIM,gross_plant_jobs_displaced_per_1k,Gross plant jobs displaced at retirement,"positions per 1,000",21,14,5.8183121456282025,0.5990829769424066,TRUE,TRUE,-5.219229168685796,High-CMT
Full,All ambitions pooled,Aggregated R10 regions,AIM,gross_upstream_jobs_displaced_per_1k,Gross upstream jobs displaced at retirement,"positions per 1,000",21,14,0.5231124135974548,0.3668329720401685,TRUE,TRUE,-0.15627944155728624,High-CMT
Full,All ambitions pooled,Aggregated R10 regions,AIM,inferred_retirements_GW,Inferred retired capacity,GW,21,14,79151.6993,7238.578150000001,TRUE,TRUE,-71913.12114999999,High-CMT
Full,All ambitions pooled,Aggregated R10 regions,AIM,jobs_RE_minus_fossil_per_1k,Renewable minus fossil job-years (diagnostic),"job-years per 1,000",21,14,253.4247442730721,279.0476061906088,TRUE,TRUE,25.62286191753671,High-RE
Full,All ambitions pooled,Aggregated R10 regions,AIM,total_energy_jobyears_no_decommission_per_1k,"Total energy job-years, excluding decommissioning","job-years per 1,000",21,14,456.1858063480932,431.5425562123543,TRUE,TRUE,-24.643250135738867,High-CMT
Full,All ambitions pooled,Aggregated R10 regions,AIM,total_energy_jobyears_per_1k,"Total energy job-years, including decommissioning","job-years per 1,000",21,14,463.67581764515256,432.74496252234877,TRUE,TRUE,-30.93085512280379,High-CMT
Full,All ambitions pooled,Aggregated R10 regions,COFFEE,decommission_jobyears_per_1k,Decommissioning job-years,"job-years per 1,000",0,8,NA,1.0898987621398621,FALSE,FALSE,NA,NA
Full,All ambitions pooled,Aggregated R10 regions,COFFEE,gross_plant_jobs_displaced_per_1k,Gross plant jobs displaced at retirement,"positions per 1,000",0,8,NA,0.5458466700380751,FALSE,FALSE,NA,NA
Full,All ambitions pooled,Aggregated R10 regions,COFFEE,gross_upstream_jobs_displaced_per_1k,Gross upstream jobs displaced at retirement,"positions per 1,000",0,8,NA,0.2690204131861008,FALSE,FALSE,NA,NA
Full,All ambitions pooled,Aggregated R10 regions,COFFEE,inferred_retirements_GW,Inferred retired capacity,GW,0,8,NA,7546.685179228627,FALSE,FALSE,NA,NA
Full,All ambitions pooled,Aggregated R10 regions,COFFEE,jobs_RE_minus_fossil_per_1k,Renewable minus fossil job-years (diagnostic),"job-years per 1,000",0,8,NA,166.39936955041935,FALSE,FALSE,NA,NA
Full,All ambitions pooled,Aggregated R10 regions,COFFEE,total_energy_jobyears_no_decommission_per_1k,"Total energy job-years, excluding decommissioning","job-years per 1,000",0,8,NA,208.57970799518944,FALSE,FALSE,NA,NA
Full,All ambitions pooled,Aggregated R10 regions,COFFEE,total_energy_jobyears_per_1k,"Total energy job-years, including decommissioning","job-years per 1,000",0,8,NA,209.7117364026971,FALSE,FALSE,NA,NA
Full,All ambitions pooled,Aggregated R10 regions,GCAM,decommission_jobyears_per_1k,Decommissioning job-years,"job-years per 1,000",3,5,8.09262326832654,9.192604130990459,TRUE,TRUE,1.0999808626639194,High-RE
Full,All ambitions pooled,Aggregated R10 regions,GCAM,gross_plant_jobs_displaced_per_1k,Gross plant jobs displaced at retirement,"positions per 1,000",3,5,6.178911763865099,6.606889106749331,TRUE,TRUE,0.4279773428842315,High-RE
Full,All ambitions pooled,Aggregated R10 regions,GCAM,gross_upstream_jobs_displaced_per_1k,Gross upstream jobs displaced at retirement,"positions per 1,000",3,5,0.5103893316935423,0.3291344602485463,TRUE,TRUE,-0.18125487144499597,High-CMT
Full,All ambitions pooled,Aggregated R10 regions,GCAM,inferred_retirements_GW,Inferred retired capacity,GW,3,5,71440.5657393979,110727.78972046456,TRUE,TRUE,39287.22398106665,High-RE
Full,All ambitions pooled,Aggregated R10 regions,GCAM,jobs_RE_minus_fossil_per_1k,Renewable minus fossil job-years (diagnostic),"job-years per 1,000",3,5,187.4773062204174,549.9934067714548,TRUE,TRUE,362.5161005510374,High-RE
Full,All ambitions pooled,Aggregated R10 regions,GCAM,total_energy_jobyears_no_decommission_per_1k,"Total energy job-years, excluding decommissioning","job-years per 1,000",3,5,331.29072374052305,610.5758246744714,TRUE,TRUE,279.28510093394834,High-RE
Full,All ambitions pooled,Aggregated R10 regions,GCAM,total_energy_jobyears_per_1k,"Total energy job-years, including decommissioning","job-years per 1,000",3,5,339.3833470088495,619.7684288054618,TRUE,TRUE,280.38508179661227,High-RE
Full,All ambitions pooled,Aggregated R10 regions,IMAGE,decommission_jobyears_per_1k,Decommissioning job-years,"job-years per 1,000",66,2,4.223270737291441,8.44850489871225,TRUE,FALSE,4.225234161420809,High-RE
Full,All ambitions pooled,Aggregated R10 regions,IMAGE,gross_plant_jobs_displaced_per_1k,Gross plant jobs displaced at retirement,"positions per 1,000",66,2,2.9056221913136993,4.999928346425749,TRUE,FALSE,2.09430615511205,High-RE
Full,All ambitions pooled,Aggregated R10 regions,IMAGE,gross_upstream_jobs_displaced_per_1k,Gross upstream jobs displaced at retirement,"positions per 1,000",66,2,0.4668561459787215,0.6885071601320388,TRUE,FALSE,0.22165101415331734,High-RE
Full,All ambitions pooled,Aggregated R10 regions,IMAGE,inferred_retirements_GW,Inferred retired capacity,GW,66,2,37386.57859317387,89604.79968816425,TRUE,FALSE,52218.221094990375,High-RE
Full,All ambitions pooled,Aggregated R10 regions,IMAGE,jobs_RE_minus_fossil_per_1k,Renewable minus fossil job-years (diagnostic),"job-years per 1,000",66,2,128.9879056322035,333.5689907310173,TRUE,FALSE,204.58108509881382,High-RE
Full,All ambitions pooled,Aggregated R10 regions,IMAGE,total_energy_jobyears_no_decommission_per_1k,"Total energy job-years, excluding decommissioning","job-years per 1,000",66,2,286.9030486416358,522.3297855142857,TRUE,FALSE,235.42673687264994,High-RE
Full,All ambitions pooled,Aggregated R10 regions,IMAGE,total_energy_jobyears_per_1k,"Total energy job-years, including decommissioning","job-years per 1,000",66,2,291.1634729947123,530.7782904129981,TRUE,FALSE,239.61481741828578,High-RE
Full,All ambitions pooled,Aggregated R10 regions,MESSAGEix,decommission_jobyears_per_1k,Decommissioning job-years,"job-years per 1,000",99,27,1.149501572302456,1.177935345442545,TRUE,TRUE,0.02843377314008899,High-RE
Full,All ambitions pooled,Aggregated R10 regions,MESSAGEix,gross_plant_jobs_displaced_per_1k,Gross plant jobs displaced at retirement,"positions per 1,000",99,27,0.5277778167131556,0.5450118962867386,TRUE,TRUE,0.017234079573583028,High-RE
Full,All ambitions pooled,Aggregated R10 regions,MESSAGEix,gross_upstream_jobs_displaced_per_1k,Gross upstream jobs displaced at retirement,"positions per 1,000",99,27,0.255269388518893,0.2569172277763357,TRUE,TRUE,0.0016478392574426626,High-RE
Full,All ambitions pooled,Aggregated R10 regions,MESSAGEix,inferred_retirements_GW,Inferred retired capacity,GW,99,27,7144.339574731317,8091.616897583365,TRUE,TRUE,947.2773228520482,High-RE
Full,All ambitions pooled,Aggregated R10 regions,MESSAGEix,jobs_RE_minus_fossil_per_1k,Renewable minus fossil job-years (diagnostic),"job-years per 1,000",99,27,186.61086789177673,217.19284330685014,TRUE,TRUE,30.5819754150734,High-RE
Full,All ambitions pooled,Aggregated R10 regions,MESSAGEix,total_energy_jobyears_no_decommission_per_1k,"Total energy job-years, excluding decommissioning","job-years per 1,000",99,27,279.21131403823875,305.7302089019079,TRUE,TRUE,26.518894863669118,High-RE
Full,All ambitions pooled,Aggregated R10 regions,MESSAGEix,total_energy_jobyears_per_1k,"Total energy job-years, including decommissioning","job-years per 1,000",99,27,280.35332609246854,306.8751917108435,TRUE,TRUE,26.52186561837499,High-RE
Full,All ambitions pooled,Aggregated R10 regions,POLES,decommission_jobyears_per_1k,Decommissioning job-years,"job-years per 1,000",60,9,5.151407911848112,1.8074116144129397,TRUE,TRUE,-3.3439962974351727,High-CMT
Full,All ambitions pooled,Aggregated R10 regions,POLES,gross_plant_jobs_displaced_per_1k,Gross plant jobs displaced at retirement,"positions per 1,000",60,9,3.742103917205468,1.0989947585150954,TRUE,TRUE,-2.6431091586903728,High-CMT
Full,All ambitions pooled,Aggregated R10 regions,POLES,gross_upstream_jobs_displaced_per_1k,Gross upstream jobs displaced at retirement,"positions per 1,000",60,9,0.41482119555093905,0.29233918939432024,TRUE,TRUE,-0.1224820061566188,High-CMT
Full,All ambitions pooled,Aggregated R10 regions,POLES,inferred_retirements_GW,Inferred retired capacity,GW,60,9,57162.49582215427,12878.56608887941,TRUE,TRUE,-44283.92973327486,High-CMT
Full,All ambitions pooled,Aggregated R10 regions,POLES,jobs_RE_minus_fossil_per_1k,Renewable minus fossil job-years (diagnostic),"job-years per 1,000",60,9,207.13785458381344,215.55877151973237,TRUE,TRUE,8.420916935918939,High-RE
Full,All ambitions pooled,Aggregated R10 regions,POLES,total_energy_jobyears_no_decommission_per_1k,"Total energy job-years, excluding decommissioning","job-years per 1,000",60,9,368.50109465223943,422.2327509203215,TRUE,TRUE,53.73165626808208,High-RE
Full,All ambitions pooled,Aggregated R10 regions,POLES,total_energy_jobyears_per_1k,"Total energy job-years, including decommissioning","job-years per 1,000",60,9,373.581713847144,424.0572961333819,TRUE,TRUE,50.47558228623791,High-RE
Full,All ambitions pooled,Aggregated R10 regions,REMIND,decommission_jobyears_per_1k,Decommissioning job-years,"job-years per 1,000",1,220,4.567664641336618,6.2243260086785615,TRUE,FALSE,1.6566613673419432,High-RE
Full,All ambitions pooled,Aggregated R10 regions,REMIND,gross_plant_jobs_displaced_per_1k,Gross plant jobs displaced at retirement,"positions per 1,000",1,220,3.166869412154913,5.576772632813198,TRUE,FALSE,2.4099032206582853,High-RE
Full,All ambitions pooled,Aggregated R10 regions,REMIND,gross_upstream_jobs_displaced_per_1k,Gross upstream jobs displaced at retirement,"positions per 1,000",1,220,0.28333146380498353,0.2514564295262727,TRUE,FALSE,-0.031875034278710856,High-CMT
Full,All ambitions pooled,Aggregated R10 regions,REMIND,inferred_retirements_GW,Inferred retired capacity,GW,1,220,52488.53908026,94753.31419,TRUE,FALSE,42264.77510974,High-RE
Full,All ambitions pooled,Aggregated R10 regions,REMIND,jobs_RE_minus_fossil_per_1k,Renewable minus fossil job-years (diagnostic),"job-years per 1,000",1,220,327.3113397695073,571.4287496099785,TRUE,FALSE,244.11740984047117,High-RE
Full,All ambitions pooled,Aggregated R10 regions,REMIND,total_energy_jobyears_no_decommission_per_1k,"Total energy job-years, excluding decommissioning","job-years per 1,000",1,220,364.53015319265774,641.1189632074642,TRUE,FALSE,276.5888100148064,High-RE
Full,All ambitions pooled,Aggregated R10 regions,REMIND,total_energy_jobyears_per_1k,"Total energy job-years, including decommissioning","job-years per 1,000",1,220,369.0978178339944,647.242109486104,TRUE,FALSE,278.14429165210964,High-RE
Full,All ambitions pooled,Aggregated R10 regions,TIAM,decommission_jobyears_per_1k,Decommissioning job-years,"job-years per 1,000",12,0,0.9655516952374246,NA,FALSE,FALSE,NA,NA
Full,All ambitions pooled,Aggregated R10 regions,TIAM,gross_plant_jobs_displaced_per_1k,Gross plant jobs displaced at retirement,"positions per 1,000",12,0,1.2819002305319347,NA,FALSE,FALSE,NA,NA
Full,All ambitions pooled,Aggregated R10 regions,TIAM,gross_upstream_jobs_displaced_per_1k,Gross upstream jobs displaced at retirement,"positions per 1,000",12,0,0.00329799763365565,NA,FALSE,FALSE,NA,NA
Full,All ambitions pooled,Aggregated R10 regions,TIAM,inferred_retirements_GW,Inferred retired capacity,GW,12,0,20058.48637635185,NA,FALSE,FALSE,NA,NA
Full,All ambitions pooled,Aggregated R10 regions,TIAM,jobs_RE_minus_fossil_per_1k,Renewable minus fossil job-years (diagnostic),"job-years per 1,000",12,0,81.41048718389027,NA,FALSE,FALSE,NA,NA
Full,All ambitions pooled,Aggregated R10 regions,TIAM,total_energy_jobyears_no_decommission_per_1k,"Total energy job-years, excluding decommissioning","job-years per 1,000",12,0,103.49540532038165,NA,FALSE,FALSE,NA,NA
Full,All ambitions pooled,Aggregated R10 regions,TIAM,total_energy_jobyears_per_1k,"Total energy job-years, including decommissioning","job-years per 1,000",12,0,104.45879686184061,NA,FALSE,FALSE,NA,NA
Full,All ambitions pooled,Aggregated R10 regions,WITCH,decommission_jobyears_per_1k,Decommissioning job-years,"job-years per 1,000",8,16,6.349758469567412,1.3778758531306796,TRUE,TRUE,-4.971882616436733,High-CMT
Full,All ambitions pooled,Aggregated R10 regions,WITCH,gross_plant_jobs_displaced_per_1k,Gross plant jobs displaced at retirement,"positions per 1,000",8,16,6.518078122922607,0.6607650657624216,TRUE,TRUE,-5.8573130571601855,High-CMT
Full,All ambitions pooled,Aggregated R10 regions,WITCH,gross_upstream_jobs_displaced_per_1k,Gross upstream jobs displaced at retirement,"positions per 1,000",8,16,0.30897305811648024,0.2824314560529019,TRUE,TRUE,-0.026541602063578362,High-CMT
Full,All ambitions pooled,Aggregated R10 regions,WITCH,inferred_retirements_GW,Inferred retired capacity,GW,8,16,82716.3188656127,8870.969888592315,TRUE,TRUE,-73845.34897702039,High-CMT
Full,All ambitions pooled,Aggregated R10 regions,WITCH,jobs_RE_minus_fossil_per_1k,Renewable minus fossil job-years (diagnostic),"job-years per 1,000",8,16,310.8101370478147,240.1081177058487,TRUE,TRUE,-70.70201934196598,High-CMT
Full,All ambitions pooled,Aggregated R10 regions,WITCH,total_energy_jobyears_no_decommission_per_1k,"Total energy job-years, excluding decommissioning","job-years per 1,000",8,16,428.8461704711664,322.4367544590174,TRUE,TRUE,-106.409416012149,High-CMT
Full,All ambitions pooled,Aggregated R10 regions,WITCH,total_energy_jobyears_per_1k,"Total energy job-years, including decommissioning","job-years per 1,000",8,16,435.1959289407338,323.555643218059,TRUE,TRUE,-111.64028572267478,High-CMT
Full,All ambitions pooled,R10AFRICA,AIM,decommission_jobyears_per_1k,Decommissioning job-years,"job-years per 1,000",21,14,1.9864312075179567,0.16146204074246448,TRUE,TRUE,-1.8249691667754921,High-CMT
Full,All ambitions pooled,R10AFRICA,AIM,gross_plant_jobs_displaced_per_1k,Gross plant jobs displaced at retirement,"positions per 1,000",21,14,1.8913000045786594,0.03678777348996874,TRUE,TRUE,-1.8545122310886908,High-CMT
Full,All ambitions pooled,R10AFRICA,AIM,gross_upstream_jobs_displaced_per_1k,Gross upstream jobs displaced at retirement,"positions per 1,000",21,14,0.0693037135032659,0.0143248929972099,TRUE,TRUE,-0.054978820506056,High-CMT
Full,All ambitions pooled,R10AFRICA,AIM,inferred_retirements_GW,Inferred retired capacity,GW,21,14,4521.51852,161.4818,TRUE,TRUE,-4360.03672,High-CMT
Full,All ambitions pooled,R10AFRICA,AIM,jobs_RE_minus_fossil_per_1k,Renewable minus fossil job-years (diagnostic),"job-years per 1,000",21,14,170.75733645606147,197.01168805486378,TRUE,TRUE,26.254351598802316,High-RE
Full,All ambitions pooled,R10AFRICA,AIM,total_energy_jobyears_no_decommission_per_1k,"Total energy job-years, excluding decommissioning","job-years per 1,000",21,14,208.2020779038232,203.94173027667725,TRUE,TRUE,-4.260347627145961,High-CMT
Full,All ambitions pooled,R10AFRICA,AIM,total_energy_jobyears_per_1k,"Total energy job-years, including decommissioning","job-years per 1,000",21,14,210.18850911134115,204.0993457114182,TRUE,TRUE,-6.089163399922938,High-CMT
Full,All ambitions pooled,R10AFRICA,COFFEE,decommission_jobyears_per_1k,Decommissioning job-years,"job-years per 1,000",0,8,NA,0.28666997609644124,FALSE,FALSE,NA,NA
Full,All ambitions pooled,R10AFRICA,COFFEE,gross_plant_jobs_displaced_per_1k,Gross plant jobs displaced at retirement,"positions per 1,000",0,8,NA,0.09872646270851004,FALSE,FALSE,NA,NA
Full,All ambitions pooled,R10AFRICA,COFFEE,gross_upstream_jobs_displaced_per_1k,Gross upstream jobs displaced at retirement,"positions per 1,000",0,8,NA,0.017422799694460166,FALSE,FALSE,NA,NA
Full,All ambitions pooled,R10AFRICA,COFFEE,inferred_retirements_GW,Inferred retired capacity,GW,0,8,NA,321.53768117749996,FALSE,FALSE,NA,NA
Full,All ambitions pooled,R10AFRICA,COFFEE,jobs_RE_minus_fossil_per_1k,Renewable minus fossil job-years (diagnostic),"job-years per 1,000",0,8,NA,109.27225916449261,FALSE,FALSE,NA,NA
Full,All ambitions pooled,R10AFRICA,COFFEE,total_energy_jobyears_no_decommission_per_1k,"Total energy job-years, excluding decommissioning","job-years per 1,000",0,8,NA,112.54233732850926,FALSE,FALSE,NA,NA
Full,All ambitions pooled,R10AFRICA,COFFEE,total_energy_jobyears_per_1k,"Total energy job-years, including decommissioning","job-years per 1,000",0,8,NA,112.83411823428038,FALSE,FALSE,NA,NA
Full,All ambitions pooled,R10AFRICA,GCAM,decommission_jobyears_per_1k,Decommissioning job-years,"job-years per 1,000",3,5,4.583866203057201,8.164439453389003,TRUE,TRUE,3.5805732503318017,High-RE
Full,All ambitions pooled,R10AFRICA,GCAM,gross_plant_jobs_displaced_per_1k,Gross plant jobs displaced at retirement,"positions per 1,000",3,5,2.7312576686363115,7.982832923374217,TRUE,TRUE,5.251575254737906,High-RE
Full,All ambitions pooled,R10AFRICA,GCAM,gross_upstream_jobs_displaced_per_1k,Gross upstream jobs displaced at retirement,"positions per 1,000",3,5,0.07531698559781398,0.058020529556605374,TRUE,TRUE,-0.017296456041208608,High-CMT
Full,All ambitions pooled,R10AFRICA,GCAM,inferred_retirements_GW,Inferred retired capacity,GW,3,5,7237.991860305705,17317.985329901127,TRUE,TRUE,10079.993469595422,High-RE
Full,All ambitions pooled,R10AFRICA,GCAM,jobs_RE_minus_fossil_per_1k,Renewable minus fossil job-years (diagnostic),"job-years per 1,000",3,5,230.4432050162031,1039.9152087160685,TRUE,TRUE,809.4720036998654,High-RE
Full,All ambitions pooled,R10AFRICA,GCAM,total_energy_jobyears_no_decommission_per_1k,"Total energy job-years, excluding decommissioning","job-years per 1,000",3,5,318.0133027983541,1057.2467829290629,TRUE,TRUE,739.2334801307088,High-RE
Full,All ambitions pooled,R10AFRICA,GCAM,total_energy_jobyears_per_1k,"Total energy job-years, including decommissioning","job-years per 1,000",3,5,322.59716900141126,1065.411222382452,TRUE,TRUE,742.8140533810408,High-RE
Full,All ambitions pooled,R10AFRICA,IMAGE,decommission_jobyears_per_1k,Decommissioning job-years,"job-years per 1,000",66,2,1.6426848540928534,6.150617468868427,TRUE,FALSE,4.507932614775574,High-RE
Full,All ambitions pooled,R10AFRICA,IMAGE,gross_plant_jobs_displaced_per_1k,Gross plant jobs displaced at retirement,"positions per 1,000",66,2,1.264477667282701,5.434789799279492,TRUE,FALSE,4.170312131996791,High-RE
Full,All ambitions pooled,R10AFRICA,IMAGE,gross_upstream_jobs_displaced_per_1k,Gross upstream jobs displaced at retirement,"positions per 1,000",66,2,0.07601912377812149,0.08343955629443747,TRUE,FALSE,0.007420432516315981,High-RE
Full,All ambitions pooled,R10AFRICA,IMAGE,inferred_retirements_GW,Inferred retired capacity,GW,66,2,2869.5609058925456,12463.972551601888,TRUE,FALSE,9594.411645709342,High-RE
Full,All ambitions pooled,R10AFRICA,IMAGE,jobs_RE_minus_fossil_per_1k,Renewable minus fossil job-years (diagnostic),"job-years per 1,000",66,2,181.37821805837706,711.5081403267297,TRUE,FALSE,530.1299222683526,High-RE
Full,All ambitions pooled,R10AFRICA,IMAGE,total_energy_jobyears_no_decommission_per_1k,"Total energy job-years, excluding decommissioning","job-years per 1,000",66,2,256.5379101089298,781.0432444892007,TRUE,FALSE,524.5053343802708,High-RE
Full,All ambitions pooled,R10AFRICA,IMAGE,total_energy_jobyears_per_1k,"Total energy job-years, including decommissioning","job-years per 1,000",66,2,258.0331475642134,787.1938619580692,TRUE,FALSE,529.1607143938559,High-RE
Full,All ambitions pooled,R10AFRICA,MESSAGEix,decommission_jobyears_per_1k,Decommissioning job-years,"job-years per 1,000",99,27,0.2545597887826645,0.2506029707352409,TRUE,TRUE,-0.003956818047423594,High-CMT
Full,All ambitions pooled,R10AFRICA,MESSAGEix,gross_plant_jobs_displaced_per_1k,Gross plant jobs displaced at retirement,"positions per 1,000",99,27,0.07929789639894301,0.06863640431783001,TRUE,TRUE,-0.010661492081113,High-CMT
Full,All ambitions pooled,R10AFRICA,MESSAGEix,gross_upstream_jobs_displaced_per_1k,Gross upstream jobs displaced at retirement,"positions per 1,000",99,27,0.02023479766362363,0.02077294285819119,TRUE,TRUE,5.381451945675603e-4,High-RE
Full,All ambitions pooled,R10AFRICA,MESSAGEix,inferred_retirements_GW,Inferred retired capacity,GW,99,27,284.73779050156986,320.15897299640005,TRUE,TRUE,35.42118249483019,High-RE
Full,All ambitions pooled,R10AFRICA,MESSAGEix,jobs_RE_minus_fossil_per_1k,Renewable minus fossil job-years (diagnostic),"job-years per 1,000",99,27,233.18635313481604,233.93069630905777,TRUE,TRUE,0.7443431742417204,High-RE
Full,All ambitions pooled,R10AFRICA,MESSAGEix,total_energy_jobyears_no_decommission_per_1k,"Total energy job-years, excluding decommissioning","job-years per 1,000",99,27,289.85176471304703,290.04751375803704,TRUE,TRUE,0.19574904499000922,High-RE
Full,All ambitions pooled,R10AFRICA,MESSAGEix,total_energy_jobyears_per_1k,"Total energy job-years, including decommissioning","job-years per 1,000",99,27,290.16311386136897,290.30136010908734,TRUE,TRUE,0.1382462477183708,High-RE
Full,All ambitions pooled,R10AFRICA,POLES,decommission_jobyears_per_1k,Decommissioning job-years,"job-years per 1,000",60,9,2.5263059994929518,0.24180106766034842,TRUE,TRUE,-2.284504931832603,High-CMT
Full,All ambitions pooled,R10AFRICA,POLES,gross_plant_jobs_displaced_per_1k,Gross plant jobs displaced at retirement,"positions per 1,000",60,9,2.208552242738288,0.05038663785607288,TRUE,TRUE,-2.1581656048822153,High-CMT
Full,All ambitions pooled,R10AFRICA,POLES,gross_upstream_jobs_displaced_per_1k,Gross upstream jobs displaced at retirement,"positions per 1,000",60,9,0.08890810811817931,0.011767064086709219,TRUE,TRUE,-0.0771410440314701,High-CMT
Full,All ambitions pooled,R10AFRICA,POLES,inferred_retirements_GW,Inferred retired capacity,GW,60,9,4994.654583348543,132.751877784729,TRUE,TRUE,-4861.902705563814,High-CMT
Full,All ambitions pooled,R10AFRICA,POLES,jobs_RE_minus_fossil_per_1k,Renewable minus fossil job-years (diagnostic),"job-years per 1,000",60,9,311.1791196222955,319.5647611516478,TRUE,TRUE,8.385641529352313,High-RE
Full,All ambitions pooled,R10AFRICA,POLES,total_energy_jobyears_no_decommission_per_1k,"Total energy job-years, excluding decommissioning","job-years per 1,000",60,9,411.940699914928,388.1725296206045,TRUE,TRUE,-23.76817029432351,High-CMT
Full,All ambitions pooled,R10AFRICA,POLES,total_energy_jobyears_per_1k,"Total energy job-years, including decommissioning","job-years per 1,000",60,9,414.3723988172095,388.4287040148198,TRUE,TRUE,-25.9436948023897,High-CMT
Full,All ambitions pooled,R10AFRICA,REMIND,decommission_jobyears_per_1k,Decommissioning job-years,"job-years per 1,000",1,224,1.5718062679862652,3.5878733103710103,TRUE,FALSE,2.016067042384745,High-RE
Full,All ambitions pooled,R10AFRICA,REMIND,gross_plant_jobs_displaced_per_1k,Gross plant jobs displaced at retirement,"positions per 1,000",1,224,1.637652019563249,4.194902797704934,TRUE,FALSE,2.557250778141685,High-RE
Full,All ambitions pooled,R10AFRICA,REMIND,gross_upstream_jobs_displaced_per_1k,Gross upstream jobs displaced at retirement,"positions per 1,000",1,224,0.013617448053206154,0.012539766596020957,TRUE,FALSE,-0.0010776814571851964,High-CMT
Full,All ambitions pooled,R10AFRICA,REMIND,inferred_retirements_GW,Inferred retired capacity,GW,1,224,4005.8443237700017,10348.695405,TRUE,FALSE,6342.851081229999,High-RE
Full,All ambitions pooled,R10AFRICA,REMIND,jobs_RE_minus_fossil_per_1k,Renewable minus fossil job-years (diagnostic),"job-years per 1,000",1,224,485.1675157542864,900.6468169106331,TRUE,FALSE,415.4793011563467,High-RE
Full,All ambitions pooled,R10AFRICA,REMIND,total_energy_jobyears_no_decommission_per_1k,"Total energy job-years, excluding decommissioning","job-years per 1,000",1,224,495.2983587937744,909.448320226062,TRUE,FALSE,414.1499614322876,High-RE
Full,All ambitions pooled,R10AFRICA,REMIND,total_energy_jobyears_per_1k,"Total energy job-years, including decommissioning","job-years per 1,000",1,224,496.87016506176064,911.2877894026217,TRUE,FALSE,414.41762434086104,High-RE
Full,All ambitions pooled,R10AFRICA,TIAM,decommission_jobyears_per_1k,Decommissioning job-years,"job-years per 1,000",12,0,0.15358224999600967,NA,FALSE,FALSE,NA,NA
Full,All ambitions pooled,R10AFRICA,TIAM,gross_plant_jobs_displaced_per_1k,Gross plant jobs displaced at retirement,"positions per 1,000",12,0,0.43550670421988547,NA,FALSE,FALSE,NA,NA
Full,All ambitions pooled,R10AFRICA,TIAM,gross_upstream_jobs_displaced_per_1k,Gross upstream jobs displaced at retirement,"positions per 1,000",12,0,0,NA,FALSE,FALSE,NA,NA
Full,All ambitions pooled,R10AFRICA,TIAM,inferred_retirements_GW,Inferred retired capacity,GW,12,0,1316.9416941837612,NA,FALSE,FALSE,NA,NA
Full,All ambitions pooled,R10AFRICA,TIAM,jobs_RE_minus_fossil_per_1k,Renewable minus fossil job-years (diagnostic),"job-years per 1,000",12,0,50.32592827649492,NA,FALSE,FALSE,NA,NA
Full,All ambitions pooled,R10AFRICA,TIAM,total_energy_jobyears_no_decommission_per_1k,"Total energy job-years, excluding decommissioning","job-years per 1,000",12,0,51.73139806508661,NA,FALSE,FALSE,NA,NA
Full,All ambitions pooled,R10AFRICA,TIAM,total_energy_jobyears_per_1k,"Total energy job-years, including decommissioning","job-years per 1,000",12,0,51.858259836517064,NA,FALSE,FALSE,NA,NA
Full,All ambitions pooled,R10AFRICA,WITCH,decommission_jobyears_per_1k,Decommissioning job-years,"job-years per 1,000",8,16,2.07532207925356,0.6033672085583468,TRUE,TRUE,-1.4719548706952132,High-CMT
Full,All ambitions pooled,R10AFRICA,WITCH,gross_plant_jobs_displaced_per_1k,Gross plant jobs displaced at retirement,"positions per 1,000",8,16,2.1569486679864323,0.6892076913405921,TRUE,TRUE,-1.4677409766458402,High-CMT
Full,All ambitions pooled,R10AFRICA,WITCH,gross_upstream_jobs_displaced_per_1k,Gross upstream jobs displaced at retirement,"positions per 1,000",8,16,0.08002157702737007,0.0432762802232867,TRUE,TRUE,-0.03674529680408337,High-CMT
Full,All ambitions pooled,R10AFRICA,WITCH,inferred_retirements_GW,Inferred retired capacity,GW,8,16,4661.407608169151,437.8324046536601,TRUE,TRUE,-4223.575203515491,High-CMT
Full,All ambitions pooled,R10AFRICA,WITCH,jobs_RE_minus_fossil_per_1k,Renewable minus fossil job-years (diagnostic),"job-years per 1,000",8,16,185.938671957529,520.2958272976829,TRUE,TRUE,334.3571553401539,High-RE
Full,All ambitions pooled,R10AFRICA,WITCH,total_energy_jobyears_no_decommission_per_1k,"Total energy job-years, excluding decommissioning","job-years per 1,000",8,16,221.98680312695575,543.5560562732376,TRUE,TRUE,321.5692531462818,High-RE
Full,All ambitions pooled,R10AFRICA,WITCH,total_energy_jobyears_per_1k,"Total energy job-years, including decommissioning","job-years per 1,000",8,16,224.08081036681415,543.799956464167,TRUE,TRUE,319.7191460973529,High-RE
Full,All ambitions pooled,R10CHINA+,AIM,decommission_jobyears_per_1k,Decommissioning job-years,"job-years per 1,000",21,14,9.75261292132832,2.5742577664227007,TRUE,TRUE,-7.178355154905619,High-CMT
Full,All ambitions pooled,R10CHINA+,AIM,gross_plant_jobs_displaced_per_1k,Gross plant jobs displaced at retirement,"positions per 1,000",21,14,10.242321061871472,1.6745453965167463,TRUE,TRUE,-8.567775665354725,High-CMT
Full,All ambitions pooled,R10CHINA+,AIM,gross_upstream_jobs_displaced_per_1k,Gross upstream jobs displaced at retirement,"positions per 1,000",21,14,1.3559248897736245,0.9733178963324657,TRUE,TRUE,-0.3826069934411588,High-CMT
Full,All ambitions pooled,R10CHINA+,AIM,inferred_retirements_GW,Inferred retired capacity,GW,21,14,25765.633179999997,2524.92245,TRUE,TRUE,-23240.71073,High-CMT
Full,All ambitions pooled,R10CHINA+,AIM,jobs_RE_minus_fossil_per_1k,Renewable minus fossil job-years (diagnostic),"job-years per 1,000",21,14,302.03333112626615,176.1355804123018,TRUE,TRUE,-125.89775071396434,High-CMT
Full,All ambitions pooled,R10CHINA+,AIM,total_energy_jobyears_no_decommission_per_1k,"Total energy job-years, excluding decommissioning","job-years per 1,000",21,14,662.4235667275213,530.6724589312491,TRUE,TRUE,-131.7511077962722,High-CMT
Full,All ambitions pooled,R10CHINA+,AIM,total_energy_jobyears_per_1k,"Total energy job-years, including decommissioning","job-years per 1,000",21,14,672.220306431907,532.9763123306018,TRUE,TRUE,-139.24399410130525,High-CMT
Full,All ambitions pooled,R10CHINA+,COFFEE,decommission_jobyears_per_1k,Decommissioning job-years,"job-years per 1,000",0,8,NA,1.3773635026650788,FALSE,FALSE,NA,NA
Full,All ambitions pooled,R10CHINA+,COFFEE,gross_plant_jobs_displaced_per_1k,Gross plant jobs displaced at retirement,"positions per 1,000",0,8,NA,1.185942883180009,FALSE,FALSE,NA,NA
Full,All ambitions pooled,R10CHINA+,COFFEE,gross_upstream_jobs_displaced_per_1k,Gross upstream jobs displaced at retirement,"positions per 1,000",0,8,NA,0.561455381154549,FALSE,FALSE,NA,NA
Full,All ambitions pooled,R10CHINA+,COFFEE,inferred_retirements_GW,Inferred retired capacity,GW,0,8,NA,1645.2889998250007,FALSE,FALSE,NA,NA
Full,All ambitions pooled,R10CHINA+,COFFEE,jobs_RE_minus_fossil_per_1k,Renewable minus fossil job-years (diagnostic),"job-years per 1,000",0,8,NA,276.78233581195065,FALSE,FALSE,NA,NA
Full,All ambitions pooled,R10CHINA+,COFFEE,total_energy_jobyears_no_decommission_per_1k,"Total energy job-years, excluding decommissioning","job-years per 1,000",0,8,NA,321.1745862350009,FALSE,FALSE,NA,NA
Full,All ambitions pooled,R10CHINA+,COFFEE,total_energy_jobyears_per_1k,"Total energy job-years, including decommissioning","job-years per 1,000",0,8,NA,322.54766038757487,FALSE,FALSE,NA,NA
Full,All ambitions pooled,R10CHINA+,GCAM,decommission_jobyears_per_1k,Decommissioning job-years,"job-years per 1,000",3,5,8.290543150877662,7.805141561760751,TRUE,TRUE,-0.4854015891169112,High-CMT
Full,All ambitions pooled,R10CHINA+,GCAM,gross_plant_jobs_displaced_per_1k,Gross plant jobs displaced at retirement,"positions per 1,000",3,5,14.282170511439233,4.885786562889123,TRUE,TRUE,-9.39638394855011,High-CMT
Full,All ambitions pooled,R10CHINA+,GCAM,gross_upstream_jobs_displaced_per_1k,Gross upstream jobs displaced at retirement,"positions per 1,000",3,5,1.175890303217314,0.9185122659845865,TRUE,TRUE,-0.25737803723272756,High-CMT
Full,All ambitions pooled,R10CHINA+,GCAM,inferred_retirements_GW,Inferred retired capacity,GW,3,5,14736.966414050328,18229.3670527685,TRUE,TRUE,3492.4006387181707,High-RE
Full,All ambitions pooled,R10CHINA+,GCAM,jobs_RE_minus_fossil_per_1k,Renewable minus fossil job-years (diagnostic),"job-years per 1,000",3,5,110.5014074737362,277.80784465480053,TRUE,TRUE,167.30643718106433,High-RE
Full,All ambitions pooled,R10CHINA+,GCAM,total_energy_jobyears_no_decommission_per_1k,"Total energy job-years, excluding decommissioning","job-years per 1,000",3,5,295.40420460075103,377.35377913233276,TRUE,TRUE,81.94957453158173,High-RE
Full,All ambitions pooled,R10CHINA+,GCAM,total_energy_jobyears_per_1k,"Total energy job-years, including decommissioning","job-years per 1,000",3,5,303.6828763720639,385.18129728794884,TRUE,TRUE,81.49842091588494,High-RE
Full,All ambitions pooled,R10CHINA+,IMAGE,decommission_jobyears_per_1k,Decommissioning job-years,"job-years per 1,000",69,2,4.983850711845927,7.919841669779117,TRUE,FALSE,2.93599095793319,High-RE
Full,All ambitions pooled,R10CHINA+,IMAGE,gross_plant_jobs_displaced_per_1k,Gross plant jobs displaced at retirement,"positions per 1,000",69,2,4.019361838455085,5.457616930196767,TRUE,FALSE,1.4382550917416825,High-RE
Full,All ambitions pooled,R10CHINA+,IMAGE,gross_upstream_jobs_displaced_per_1k,Gross upstream jobs displaced at retirement,"positions per 1,000",69,2,0.9318808450692669,1.0957900326482648,TRUE,FALSE,0.16390918757899786,High-RE
Full,All ambitions pooled,R10CHINA+,IMAGE,inferred_retirements_GW,Inferred retired capacity,GW,69,2,8848.94037299167,17738.53767464125,TRUE,FALSE,8889.597301649581,High-RE
Full,All ambitions pooled,R10CHINA+,IMAGE,jobs_RE_minus_fossil_per_1k,Renewable minus fossil job-years (diagnostic),"job-years per 1,000",69,2,115.16636846850571,156.60304450755353,TRUE,FALSE,41.436676039047825,High-RE
Full,All ambitions pooled,R10CHINA+,IMAGE,total_energy_jobyears_no_decommission_per_1k,"Total energy job-years, excluding decommissioning","job-years per 1,000",69,2,279.34153118043906,390.53867962355685,TRUE,FALSE,111.19714844311778,High-RE
Full,All ambitions pooled,R10CHINA+,IMAGE,total_energy_jobyears_per_1k,"Total energy job-years, including decommissioning","job-years per 1,000",69,2,284.27645017837733,398.45852129333593,TRUE,FALSE,114.1820711149586,High-RE
Full,All ambitions pooled,R10CHINA+,MESSAGEix,decommission_jobyears_per_1k,Decommissioning job-years,"job-years per 1,000",99,27,1.752981777326251,1.9334139501776566,TRUE,TRUE,0.18043217285140556,High-RE
Full,All ambitions pooled,R10CHINA+,MESSAGEix,gross_plant_jobs_displaced_per_1k,Gross plant jobs displaced at retirement,"positions per 1,000",99,27,1.116999780759075,1.1566403134400323,TRUE,TRUE,0.03964053268095724,High-RE
Full,All ambitions pooled,R10CHINA+,MESSAGEix,gross_upstream_jobs_displaced_per_1k,Gross upstream jobs displaced at retirement,"positions per 1,000",99,27,0.6846087574231939,0.6820366929470066,TRUE,TRUE,-0.002572064476187297,High-CMT
Full,All ambitions pooled,R10CHINA+,MESSAGEix,inferred_retirements_GW,Inferred retired capacity,GW,99,27,1661.3153423667122,1957.4673461083514,TRUE,TRUE,296.1520037416392,High-RE
Full,All ambitions pooled,R10CHINA+,MESSAGEix,jobs_RE_minus_fossil_per_1k,Renewable minus fossil job-years (diagnostic),"job-years per 1,000",99,27,119.61503812194974,147.02326699850968,TRUE,TRUE,27.408228876559946,High-RE
Full,All ambitions pooled,R10CHINA+,MESSAGEix,total_energy_jobyears_no_decommission_per_1k,"Total energy job-years, excluding decommissioning","job-years per 1,000",99,27,219.80434754237513,239.5871373604068,TRUE,TRUE,19.782789818031688,High-RE
Full,All ambitions pooled,R10CHINA+,MESSAGEix,total_energy_jobyears_per_1k,"Total energy job-years, including decommissioning","job-years per 1,000",99,27,221.52392107207572,241.54182256444008,TRUE,TRUE,20.01790149236436,High-RE
Full,All ambitions pooled,R10CHINA+,POLES,decommission_jobyears_per_1k,Decommissioning job-years,"job-years per 1,000",60,9,7.4704397474165045,4.040553019390086,TRUE,TRUE,-3.4298867280264185,High-CMT
Full,All ambitions pooled,R10CHINA+,POLES,gross_plant_jobs_displaced_per_1k,Gross plant jobs displaced at retirement,"positions per 1,000",60,9,5.879497486855482,3.304237531552514,TRUE,TRUE,-2.575259955302968,High-CMT
Full,All ambitions pooled,R10CHINA+,POLES,gross_upstream_jobs_displaced_per_1k,Gross upstream jobs displaced at retirement,"positions per 1,000",60,9,1.0913581533607557,0.9115660320726383,TRUE,TRUE,-0.1797921212881174,High-CMT
Full,All ambitions pooled,R10CHINA+,POLES,inferred_retirements_GW,Inferred retired capacity,GW,60,9,14788.5040433293,6062.041707756225,TRUE,TRUE,-8726.462335573075,High-CMT
Full,All ambitions pooled,R10CHINA+,POLES,jobs_RE_minus_fossil_per_1k,Renewable minus fossil job-years (diagnostic),"job-years per 1,000",60,9,168.31160267375185,158.255174161399,TRUE,TRUE,-10.056428512352852,High-CMT
Full,All ambitions pooled,R10CHINA+,POLES,total_energy_jobyears_no_decommission_per_1k,"Total energy job-years, excluding decommissioning","job-years per 1,000",60,9,432.4686354311365,518.4137178018536,TRUE,TRUE,85.94508237071716,High-RE
Full,All ambitions pooled,R10CHINA+,POLES,total_energy_jobyears_per_1k,"Total energy job-years, including decommissioning","job-years per 1,000",60,9,439.85904034965563,522.4542708212437,TRUE,TRUE,82.59523047158802,High-RE
Full,All ambitions pooled,R10CHINA+,REMIND,decommission_jobyears_per_1k,Decommissioning job-years,"job-years per 1,000",1,224,4.6886476830358275,5.526307405986742,TRUE,FALSE,0.8376597229509146,High-RE
Full,All ambitions pooled,R10CHINA+,REMIND,gross_plant_jobs_displaced_per_1k,Gross plant jobs displaced at retirement,"positions per 1,000",1,224,3.5728687772510694,5.121663268612428,TRUE,FALSE,1.5487944913613587,High-RE
Full,All ambitions pooled,R10CHINA+,REMIND,gross_upstream_jobs_displaced_per_1k,Gross upstream jobs displaced at retirement,"positions per 1,000",1,224,0.830046164237771,0.6204002440538803,TRUE,FALSE,-0.20964592018389072,High-CMT
Full,All ambitions pooled,R10CHINA+,REMIND,inferred_retirements_GW,Inferred retired capacity,GW,1,224,10746.02518924,16723.355215000003,TRUE,FALSE,5977.330025760004,High-RE
Full,All ambitions pooled,R10CHINA+,REMIND,jobs_RE_minus_fossil_per_1k,Renewable minus fossil job-years (diagnostic),"job-years per 1,000",1,224,180.5058164713049,306.54970624783334,TRUE,FALSE,126.04388977652843,High-RE
Full,All ambitions pooled,R10CHINA+,REMIND,total_energy_jobyears_no_decommission_per_1k,"Total energy job-years, excluding decommissioning","job-years per 1,000",1,224,242.89245937335542,395.3017870987484,TRUE,FALSE,152.40932772539296,High-RE
Full,All ambitions pooled,R10CHINA+,REMIND,total_energy_jobyears_per_1k,"Total energy job-years, including decommissioning","job-years per 1,000",1,224,247.58110705639126,400.8815290012018,TRUE,FALSE,153.30042194481052,High-RE
Full,All ambitions pooled,R10CHINA+,TIAM,decommission_jobyears_per_1k,Decommissioning job-years,"job-years per 1,000",12,0,1.2507300221941509,NA,FALSE,FALSE,NA,NA
Full,All ambitions pooled,R10CHINA+,TIAM,gross_plant_jobs_displaced_per_1k,Gross plant jobs displaced at retirement,"positions per 1,000",12,0,2.7767118550767114,NA,FALSE,FALSE,NA,NA
Full,All ambitions pooled,R10CHINA+,TIAM,gross_upstream_jobs_displaced_per_1k,Gross upstream jobs displaced at retirement,"positions per 1,000",12,0,0.009547789416359684,NA,FALSE,FALSE,NA,NA
Full,All ambitions pooled,R10CHINA+,TIAM,inferred_retirements_GW,Inferred retired capacity,GW,12,0,6391.637656124156,NA,FALSE,FALSE,NA,NA
Full,All ambitions pooled,R10CHINA+,TIAM,jobs_RE_minus_fossil_per_1k,Renewable minus fossil job-years (diagnostic),"job-years per 1,000",12,0,157.2263514974771,NA,FALSE,FALSE,NA,NA
Full,All ambitions pooled,R10CHINA+,TIAM,total_energy_jobyears_no_decommission_per_1k,"Total energy job-years, excluding decommissioning","job-years per 1,000",12,0,176.95509297455783,NA,FALSE,FALSE,NA,NA
Full,All ambitions pooled,R10CHINA+,TIAM,total_energy_jobyears_per_1k,"Total energy job-years, including decommissioning","job-years per 1,000",12,0,178.23220766875704,NA,FALSE,FALSE,NA,NA
Full,All ambitions pooled,R10CHINA+,WITCH,decommission_jobyears_per_1k,Decommissioning job-years,"job-years per 1,000",8,16,4.645192990579435,2.526057273821626,TRUE,TRUE,-2.119135716757809,High-CMT
Full,All ambitions pooled,R10CHINA+,WITCH,gross_plant_jobs_displaced_per_1k,Gross plant jobs displaced at retirement,"positions per 1,000",8,16,7.348050906961954,1.602341253383504,TRUE,TRUE,-5.74570965357845,High-CMT
Full,All ambitions pooled,R10CHINA+,WITCH,gross_upstream_jobs_displaced_per_1k,Gross upstream jobs displaced at retirement,"positions per 1,000",8,16,0.6588611564012683,0.6694970594814398,TRUE,TRUE,0.010635903080171483,High-RE
Full,All ambitions pooled,R10CHINA+,WITCH,inferred_retirements_GW,Inferred retired capacity,GW,8,16,16814.87195974299,4210.210425298617,TRUE,TRUE,-12604.661534444374,High-CMT
Full,All ambitions pooled,R10CHINA+,WITCH,jobs_RE_minus_fossil_per_1k,Renewable minus fossil job-years (diagnostic),"job-years per 1,000",8,16,304.2408186343339,161.97887807614836,TRUE,TRUE,-142.26194055818553,High-CMT
Full,All ambitions pooled,R10CHINA+,WITCH,total_energy_jobyears_no_decommission_per_1k,"Total energy job-years, excluding decommissioning","job-years per 1,000",8,16,423.8661234325209,277.18537843682986,TRUE,TRUE,-146.68074499569104,High-CMT
Full,All ambitions pooled,R10CHINA+,WITCH,total_energy_jobyears_per_1k,"Total energy job-years, including decommissioning","job-years per 1,000",8,16,428.5143386571075,279.52807983253,TRUE,TRUE,-148.98625882457748,High-CMT
Full,All ambitions pooled,R10EUROPE,AIM,decommission_jobyears_per_1k,Decommissioning job-years,"job-years per 1,000",21,14,5.911771129311774,1.0128217908537502,TRUE,TRUE,-4.898949338458023,High-CMT
Full,All ambitions pooled,R10EUROPE,AIM,gross_plant_jobs_displaced_per_1k,Gross plant jobs displaced at retirement,"positions per 1,000",21,14,4.0770646625427185,0.4085927409222963,TRUE,TRUE,-3.668471921620422,High-CMT
Full,All ambitions pooled,R10EUROPE,AIM,gross_upstream_jobs_displaced_per_1k,Gross upstream jobs displaced at retirement,"positions per 1,000",21,14,0.33646448057794265,0.32939043385060673,TRUE,TRUE,-0.007074046727335914,High-CMT
Full,All ambitions pooled,R10EUROPE,AIM,inferred_retirements_GW,Inferred retired capacity,GW,21,14,7806.89878,944.4340000000002,TRUE,TRUE,-6862.46478,High-CMT
Full,All ambitions pooled,R10EUROPE,AIM,jobs_RE_minus_fossil_per_1k,Renewable minus fossil job-years (diagnostic),"job-years per 1,000",21,14,88.0107615551126,101.08459947904228,TRUE,TRUE,13.073837923929688,High-RE
Full,All ambitions pooled,R10EUROPE,AIM,total_energy_jobyears_no_decommission_per_1k,"Total energy job-years, excluding decommissioning","job-years per 1,000",21,14,261.73692709839304,247.19972683508027,TRUE,TRUE,-14.53720026331277,High-CMT
Full,All ambitions pooled,R10EUROPE,AIM,total_energy_jobyears_per_1k,"Total energy job-years, including decommissioning","job-years per 1,000",21,14,267.6076325853194,247.94398699882402,TRUE,TRUE,-19.663645586495363,High-CMT
Full,All ambitions pooled,R10EUROPE,COFFEE,decommission_jobyears_per_1k,Decommissioning job-years,"job-years per 1,000",0,8,NA,1.155520973644383,FALSE,FALSE,NA,NA
Full,All ambitions pooled,R10EUROPE,COFFEE,gross_plant_jobs_displaced_per_1k,Gross plant jobs displaced at retirement,"positions per 1,000",0,8,NA,0.42462765627786003,FALSE,FALSE,NA,NA
Full,All ambitions pooled,R10EUROPE,COFFEE,gross_upstream_jobs_displaced_per_1k,Gross upstream jobs displaced at retirement,"positions per 1,000",0,8,NA,0.5298929735674018,FALSE,FALSE,NA,NA
Full,All ambitions pooled,R10EUROPE,COFFEE,inferred_retirements_GW,Inferred retired capacity,GW,0,8,NA,887.4479495000005,FALSE,FALSE,NA,NA
Full,All ambitions pooled,R10EUROPE,COFFEE,jobs_RE_minus_fossil_per_1k,Renewable minus fossil job-years (diagnostic),"job-years per 1,000",0,8,NA,160.0152032533711,FALSE,FALSE,NA,NA
Full,All ambitions pooled,R10EUROPE,COFFEE,total_energy_jobyears_no_decommission_per_1k,"Total energy job-years, excluding decommissioning","job-years per 1,000",0,8,NA,228.84388488626865,FALSE,FALSE,NA,NA
Full,All ambitions pooled,R10EUROPE,COFFEE,total_energy_jobyears_per_1k,"Total energy job-years, including decommissioning","job-years per 1,000",0,8,NA,230.1498973397804,FALSE,FALSE,NA,NA
Full,All ambitions pooled,R10EUROPE,GCAM,decommission_jobyears_per_1k,Decommissioning job-years,"job-years per 1,000",3,5,6.754769748628243,5.86499937375762,TRUE,TRUE,-0.8897703748706238,High-CMT
Full,All ambitions pooled,R10EUROPE,GCAM,gross_plant_jobs_displaced_per_1k,Gross plant jobs displaced at retirement,"positions per 1,000",3,5,3.9167685497250884,2.880901444192633,TRUE,TRUE,-1.0358671055324553,High-CMT
Full,All ambitions pooled,R10EUROPE,GCAM,gross_upstream_jobs_displaced_per_1k,Gross upstream jobs displaced at retirement,"positions per 1,000",3,5,0.4839092405812211,0.31904888645474894,TRUE,TRUE,-0.16486035412647215,High-CMT
Full,All ambitions pooled,R10EUROPE,GCAM,inferred_retirements_GW,Inferred retired capacity,GW,3,5,10176.494835453075,10338.81024070503,TRUE,TRUE,162.31540525195487,High-RE
Full,All ambitions pooled,R10EUROPE,GCAM,jobs_RE_minus_fossil_per_1k,Renewable minus fossil job-years (diagnostic),"job-years per 1,000",3,5,145.25228039358169,162.0577168420043,TRUE,TRUE,16.805436448422626,High-RE
Full,All ambitions pooled,R10EUROPE,GCAM,total_energy_jobyears_no_decommission_per_1k,"Total energy job-years, excluding decommissioning","job-years per 1,000",3,5,239.3730221976937,218.89904186504492,TRUE,TRUE,-20.47398033264878,High-CMT
Full,All ambitions pooled,R10EUROPE,GCAM,total_energy_jobyears_per_1k,"Total energy job-years, including decommissioning","job-years per 1,000",3,5,245.99541141446437,224.76404123880252,TRUE,TRUE,-21.23137017566185,High-CMT
Full,All ambitions pooled,R10EUROPE,IMAGE,decommission_jobyears_per_1k,Decommissioning job-years,"job-years per 1,000",69,2,3.35462020811388,4.667103817811374,TRUE,FALSE,1.3124836096974941,High-RE
Full,All ambitions pooled,R10EUROPE,IMAGE,gross_plant_jobs_displaced_per_1k,Gross plant jobs displaced at retirement,"positions per 1,000",69,2,1.8439752139642884,1.9334846671989818,TRUE,FALSE,0.08950945323469339,High-RE
Full,All ambitions pooled,R10EUROPE,IMAGE,gross_upstream_jobs_displaced_per_1k,Gross upstream jobs displaced at retirement,"positions per 1,000",69,2,0.7185492267324713,1.0527249267451313,TRUE,FALSE,0.33417570001265995,High-RE
Full,All ambitions pooled,R10EUROPE,IMAGE,inferred_retirements_GW,Inferred retired capacity,GW,69,2,4258.550138903871,6109.285218072184,TRUE,FALSE,1850.735079168313,High-RE
Full,All ambitions pooled,R10EUROPE,IMAGE,jobs_RE_minus_fossil_per_1k,Renewable minus fossil job-years (diagnostic),"job-years per 1,000",69,2,19.959398795232442,22.6085933626398,TRUE,FALSE,2.64919456740736,High-RE
Full,All ambitions pooled,R10EUROPE,IMAGE,total_energy_jobyears_no_decommission_per_1k,"Total energy job-years, excluding decommissioning","job-years per 1,000",69,2,147.79677141293743,162.5746628499141,TRUE,FALSE,14.77789143697666,High-RE
Full,All ambitions pooled,R10EUROPE,IMAGE,total_energy_jobyears_per_1k,"Total energy job-years, including decommissioning","job-years per 1,000",69,2,150.96182262369499,167.24176666772547,TRUE,FALSE,16.279944044030486,High-RE
Full,All ambitions pooled,R10EUROPE,MESSAGEix,decommission_jobyears_per_1k,Decommissioning job-years,"job-years per 1,000",99,27,0.8836665830228461,0.8911965767347797,TRUE,TRUE,0.007529993711933636,High-RE
Full,All ambitions pooled,R10EUROPE,MESSAGEix,gross_plant_jobs_displaced_per_1k,Gross plant jobs displaced at retirement,"positions per 1,000",99,27,0.35173112399042133,0.44000371884157385,TRUE,TRUE,0.08827259485115252,High-RE
Full,All ambitions pooled,R10EUROPE,MESSAGEix,gross_upstream_jobs_displaced_per_1k,Gross upstream jobs displaced at retirement,"positions per 1,000",99,27,0.2817513474299603,0.3081820462281927,TRUE,TRUE,0.0264306987982324,High-RE
Full,All ambitions pooled,R10EUROPE,MESSAGEix,inferred_retirements_GW,Inferred retired capacity,GW,99,27,747.0815829837267,1157.1710212835071,TRUE,TRUE,410.08943829978045,High-RE
Full,All ambitions pooled,R10EUROPE,MESSAGEix,jobs_RE_minus_fossil_per_1k,Renewable minus fossil job-years (diagnostic),"job-years per 1,000",99,27,59.027755894854515,82.84096885403805,TRUE,TRUE,23.813212959183538,High-RE
Full,All ambitions pooled,R10EUROPE,MESSAGEix,total_energy_jobyears_no_decommission_per_1k,"Total energy job-years, excluding decommissioning","job-years per 1,000",99,27,142.1834791211075,151.45781974279822,TRUE,TRUE,9.274340621690726,High-RE
Full,All ambitions pooled,R10EUROPE,MESSAGEix,total_energy_jobyears_per_1k,"Total energy job-years, including decommissioning","job-years per 1,000",99,27,143.2311162323639,152.2821563930543,TRUE,TRUE,9.051040160690405,High-RE
Full,All ambitions pooled,R10EUROPE,POLES,decommission_jobyears_per_1k,Decommissioning job-years,"job-years per 1,000",60,9,4.5767282846976345,1.3715835595673243,TRUE,TRUE,-3.2051447251303102,High-CMT
Full,All ambitions pooled,R10EUROPE,POLES,gross_plant_jobs_displaced_per_1k,Gross plant jobs displaced at retirement,"positions per 1,000",60,9,2.8983579613796664,0.7928977266682574,TRUE,TRUE,-2.105460234711409,High-CMT
Full,All ambitions pooled,R10EUROPE,POLES,gross_upstream_jobs_displaced_per_1k,Gross upstream jobs displaced at retirement,"positions per 1,000",60,9,0.48652880240564994,0.297891437435034,TRUE,TRUE,-0.18863736497061595,High-CMT
Full,All ambitions pooled,R10EUROPE,POLES,inferred_retirements_GW,Inferred retired capacity,GW,60,9,7468.638041727245,1354.300041198731,TRUE,TRUE,-6114.338000528514,High-CMT
Full,All ambitions pooled,R10EUROPE,POLES,jobs_RE_minus_fossil_per_1k,Renewable minus fossil job-years (diagnostic),"job-years per 1,000",60,9,77.98188819625504,84.01932333318709,TRUE,TRUE,6.0374351369320465,High-RE
Full,All ambitions pooled,R10EUROPE,POLES,total_energy_jobyears_no_decommission_per_1k,"Total energy job-years, excluding decommissioning","job-years per 1,000",60,9,206.76468560268503,254.47014389628634,TRUE,TRUE,47.70545829360131,High-RE
Full,All ambitions pooled,R10EUROPE,POLES,total_energy_jobyears_per_1k,"Total energy job-years, including decommissioning","job-years per 1,000",60,9,211.308606623778,255.96581200461412,TRUE,TRUE,44.65720538083613,High-RE
Full,All ambitions pooled,R10EUROPE,REMIND,decommission_jobyears_per_1k,Decommissioning job-years,"job-years per 1,000",1,224,2.456190263190114,3.4433962545897554,TRUE,FALSE,0.9872059913996414,High-RE
Full,All ambitions pooled,R10EUROPE,REMIND,gross_plant_jobs_displaced_per_1k,Gross plant jobs displaced at retirement,"positions per 1,000",1,224,1.397057013140916,2.260607702902626,TRUE,FALSE,0.8635506897617102,High-RE
Full,All ambitions pooled,R10EUROPE,REMIND,gross_upstream_jobs_displaced_per_1k,Gross upstream jobs displaced at retirement,"positions per 1,000",1,224,0.2696049272962985,0.2382837593589246,TRUE,FALSE,-0.031321167937373884,High-CMT
Full,All ambitions pooled,R10EUROPE,REMIND,inferred_retirements_GW,Inferred retired capacity,GW,1,224,4511.40740189,8074.30923,TRUE,FALSE,3562.9018281099998,High-RE
Full,All ambitions pooled,R10EUROPE,REMIND,jobs_RE_minus_fossil_per_1k,Renewable minus fossil job-years (diagnostic),"job-years per 1,000",1,224,70.4582762601122,134.85962312644406,TRUE,FALSE,64.40134686633186,High-RE
Full,All ambitions pooled,R10EUROPE,REMIND,total_energy_jobyears_no_decommission_per_1k,"Total energy job-years, excluding decommissioning","job-years per 1,000",1,224,86.1937669890837,159.85899735716973,TRUE,FALSE,73.66523036808603,High-RE
Full,All ambitions pooled,R10EUROPE,REMIND,total_energy_jobyears_per_1k,"Total energy job-years, including decommissioning","job-years per 1,000",1,224,88.64995725227382,163.44218418062522,TRUE,FALSE,74.7922269283514,High-RE
Full,All ambitions pooled,R10EUROPE,TIAM,decommission_jobyears_per_1k,Decommissioning job-years,"job-years per 1,000",12,0,0.7438716225464735,NA,FALSE,FALSE,NA,NA
Full,All ambitions pooled,R10EUROPE,TIAM,gross_plant_jobs_displaced_per_1k,Gross plant jobs displaced at retirement,"positions per 1,000",12,0,1.025864784825641,NA,FALSE,FALSE,NA,NA
Full,All ambitions pooled,R10EUROPE,TIAM,gross_upstream_jobs_displaced_per_1k,Gross upstream jobs displaced at retirement,"positions per 1,000",12,0,0.005819838999925086,NA,FALSE,FALSE,NA,NA
Full,All ambitions pooled,R10EUROPE,TIAM,inferred_retirements_GW,Inferred retired capacity,GW,12,0,2360.1659141261657,NA,FALSE,FALSE,NA,NA
Full,All ambitions pooled,R10EUROPE,TIAM,jobs_RE_minus_fossil_per_1k,Renewable minus fossil job-years (diagnostic),"job-years per 1,000",12,0,49.872365598315014,NA,FALSE,FALSE,NA,NA
Full,All ambitions pooled,R10EUROPE,TIAM,total_energy_jobyears_no_decommission_per_1k,"Total energy job-years, excluding decommissioning","job-years per 1,000",12,0,60.97465852389084,NA,FALSE,FALSE,NA,NA
Full,All ambitions pooled,R10EUROPE,TIAM,total_energy_jobyears_per_1k,"Total energy job-years, including decommissioning","job-years per 1,000",12,0,61.710176400887306,NA,FALSE,FALSE,NA,NA
Full,All ambitions pooled,R10EUROPE,WITCH,decommission_jobyears_per_1k,Decommissioning job-years,"job-years per 1,000",8,16,4.569096979042309,0.9339460137832387,TRUE,TRUE,-3.63515096525907,High-CMT
Full,All ambitions pooled,R10EUROPE,WITCH,gross_plant_jobs_displaced_per_1k,Gross plant jobs displaced at retirement,"positions per 1,000",8,16,3.240594709911301,0.3431006548646772,TRUE,TRUE,-2.8974940550466237,High-CMT
Full,All ambitions pooled,R10EUROPE,WITCH,gross_upstream_jobs_displaced_per_1k,Gross upstream jobs displaced at retirement,"positions per 1,000",8,16,0.30820037604877315,0.28837998616558674,TRUE,TRUE,-0.019820389883186407,High-CMT
Full,All ambitions pooled,R10EUROPE,WITCH,inferred_retirements_GW,Inferred retired capacity,GW,8,16,9145.23883467981,720.4065005659486,TRUE,TRUE,-8424.832334113862,High-CMT
Full,All ambitions pooled,R10EUROPE,WITCH,jobs_RE_minus_fossil_per_1k,Renewable minus fossil job-years (diagnostic),"job-years per 1,000",8,16,136.97209750961892,53.68585214392374,TRUE,TRUE,-83.28624536569518,High-CMT
Full,All ambitions pooled,R10EUROPE,WITCH,total_energy_jobyears_no_decommission_per_1k,"Total energy job-years, excluding decommissioning","job-years per 1,000",8,16,200.10457662405344,117.16055269768916,TRUE,TRUE,-82.94402392636428,High-CMT
Full,All ambitions pooled,R10EUROPE,WITCH,total_energy_jobyears_per_1k,"Total energy job-years, including decommissioning","job-years per 1,000",8,16,204.67918132543645,118.08520732893382,TRUE,TRUE,-86.59397399650263,High-CMT
Full,All ambitions pooled,R10INDIA+,AIM,decommission_jobyears_per_1k,Decommissioning job-years,"job-years per 1,000",21,14,3.598353470674765,0.5208133902951978,TRUE,TRUE,-3.077540080379567,High-CMT
Full,All ambitions pooled,R10INDIA+,AIM,gross_plant_jobs_displaced_per_1k,Gross plant jobs displaced at retirement,"positions per 1,000",21,14,4.009687592923347,0.20099900401069232,TRUE,TRUE,-3.808688588912655,High-CMT
Full,All ambitions pooled,R10INDIA+,AIM,gross_upstream_jobs_displaced_per_1k,Gross upstream jobs displaced at retirement,"positions per 1,000",21,14,0.33463312044598975,0.14715226162338585,TRUE,TRUE,-0.1874808588226039,High-CMT
Full,All ambitions pooled,R10INDIA+,AIM,inferred_retirements_GW,Inferred retired capacity,GW,21,14,8937.39078,457.30420000000004,TRUE,TRUE,-8480.08658,High-CMT
Full,All ambitions pooled,R10INDIA+,AIM,jobs_RE_minus_fossil_per_1k,Renewable minus fossil job-years (diagnostic),"job-years per 1,000",21,14,284.14568800948706,411.958109201678,TRUE,TRUE,127.81242119219093,High-RE
Full,All ambitions pooled,R10INDIA+,AIM,total_energy_jobyears_no_decommission_per_1k,"Total energy job-years, excluding decommissioning","job-years per 1,000",21,14,398.8955242961547,471.78046419549366,TRUE,TRUE,72.88493989933897,High-RE
Full,All ambitions pooled,R10INDIA+,AIM,total_energy_jobyears_per_1k,"Total energy job-years, including decommissioning","job-years per 1,000",21,14,402.4871134447645,474.5725081203499,TRUE,TRUE,72.0853946755854,High-RE
Full,All ambitions pooled,R10INDIA+,COFFEE,decommission_jobyears_per_1k,Decommissioning job-years,"job-years per 1,000",0,8,NA,0.3997704695913324,FALSE,FALSE,NA,NA
Full,All ambitions pooled,R10INDIA+,COFFEE,gross_plant_jobs_displaced_per_1k,Gross plant jobs displaced at retirement,"positions per 1,000",0,8,NA,0.3396181838520355,FALSE,FALSE,NA,NA
Full,All ambitions pooled,R10INDIA+,COFFEE,gross_upstream_jobs_displaced_per_1k,Gross upstream jobs displaced at retirement,"positions per 1,000",0,8,NA,0.09389426113412795,FALSE,FALSE,NA,NA
Full,All ambitions pooled,R10INDIA+,COFFEE,inferred_retirements_GW,Inferred retired capacity,GW,0,8,NA,902.232790325,FALSE,FALSE,NA,NA
Full,All ambitions pooled,R10INDIA+,COFFEE,jobs_RE_minus_fossil_per_1k,Renewable minus fossil job-years (diagnostic),"job-years per 1,000",0,8,NA,82.47650483753586,FALSE,FALSE,NA,NA
Full,All ambitions pooled,R10INDIA+,COFFEE,total_energy_jobyears_no_decommission_per_1k,"Total energy job-years, excluding decommissioning","job-years per 1,000",0,8,NA,117.61339379555741,FALSE,FALSE,NA,NA
Full,All ambitions pooled,R10INDIA+,COFFEE,total_energy_jobyears_per_1k,"Total energy job-years, including decommissioning","job-years per 1,000",0,8,NA,118.03836934910692,FALSE,FALSE,NA,NA
Full,All ambitions pooled,R10INDIA+,GCAM,decommission_jobyears_per_1k,Decommissioning job-years,"job-years per 1,000",3,5,3.5167633829741773,6.53972460895254,TRUE,TRUE,3.0229612259783623,High-RE
Full,All ambitions pooled,R10INDIA+,GCAM,gross_plant_jobs_displaced_per_1k,Gross plant jobs displaced at retirement,"positions per 1,000",3,5,2.9170946303516607,7.729379242237534,TRUE,TRUE,4.8122846118858735,High-RE
Full,All ambitions pooled,R10INDIA+,GCAM,gross_upstream_jobs_displaced_per_1k,Gross upstream jobs displaced at retirement,"positions per 1,000",3,5,0.47237120340874633,0.19546633320948753,TRUE,TRUE,-0.2769048701992588,High-CMT
Full,All ambitions pooled,R10INDIA+,GCAM,inferred_retirements_GW,Inferred retired capacity,GW,3,5,6519.042491091861,17443.178124276863,TRUE,TRUE,10924.135633185002,High-RE
Full,All ambitions pooled,R10INDIA+,GCAM,jobs_RE_minus_fossil_per_1k,Renewable minus fossil job-years (diagnostic),"job-years per 1,000",3,5,96.83381812037602,694.9927802606121,TRUE,TRUE,598.1589621402361,High-RE
Full,All ambitions pooled,R10INDIA+,GCAM,total_energy_jobyears_no_decommission_per_1k,"Total energy job-years, excluding decommissioning","job-years per 1,000",3,5,242.99805944092168,729.0224256557025,TRUE,TRUE,486.0243662147808,High-RE
Full,All ambitions pooled,R10INDIA+,GCAM,total_energy_jobyears_per_1k,"Total energy job-years, including decommissioning","job-years per 1,000",3,5,246.51482282389583,735.4998101880691,TRUE,TRUE,488.98498736417326,High-RE
Full,All ambitions pooled,R10INDIA+,IMAGE,decommission_jobyears_per_1k,Decommissioning job-years,"job-years per 1,000",66,2,2.6306977600855435,4.01455876675028,TRUE,FALSE,1.3838610066647368,High-RE
Full,All ambitions pooled,R10INDIA+,IMAGE,gross_plant_jobs_displaced_per_1k,Gross plant jobs displaced at retirement,"positions per 1,000",66,2,2.4146398493517403,3.5758444250181136,TRUE,FALSE,1.1612045756663734,High-RE
Full,All ambitions pooled,R10INDIA+,IMAGE,gross_upstream_jobs_displaced_per_1k,Gross upstream jobs displaced at retirement,"positions per 1,000",66,2,0.2447656045301539,0.4516449720553225,TRUE,FALSE,0.2068793675251686,High-RE
Full,All ambitions pooled,R10INDIA+,IMAGE,inferred_retirements_GW,Inferred retired capacity,GW,66,2,5545.064745262028,8635.102977742414,TRUE,FALSE,3090.038232480386,High-RE
Full,All ambitions pooled,R10INDIA+,IMAGE,jobs_RE_minus_fossil_per_1k,Renewable minus fossil job-years (diagnostic),"job-years per 1,000",66,2,196.2050410357941,223.0261688276368,TRUE,FALSE,26.821127791842713,High-RE
Full,All ambitions pooled,R10INDIA+,IMAGE,total_energy_jobyears_no_decommission_per_1k,"Total energy job-years, excluding decommissioning","job-years per 1,000",66,2,322.249280712709,416.02768850908114,TRUE,FALSE,93.77840779637216,High-RE
Full,All ambitions pooled,R10INDIA+,IMAGE,total_energy_jobyears_per_1k,"Total energy job-years, including decommissioning","job-years per 1,000",66,2,324.3344890140186,420.04224727583147,TRUE,FALSE,95.7077582618129,High-RE
Full,All ambitions pooled,R10INDIA+,MESSAGEix,decommission_jobyears_per_1k,Decommissioning job-years,"job-years per 1,000",99,27,0.5353495942233392,0.6409289317912653,TRUE,TRUE,0.10557933756792615,High-RE
Full,All ambitions pooled,R10INDIA+,MESSAGEix,gross_plant_jobs_displaced_per_1k,Gross plant jobs displaced at retirement,"positions per 1,000",99,27,0.19991887356246857,0.2355546671154243,TRUE,TRUE,0.035635793552955736,High-RE
Full,All ambitions pooled,R10INDIA+,MESSAGEix,gross_upstream_jobs_displaced_per_1k,Gross upstream jobs displaced at retirement,"positions per 1,000",99,27,0.12392495029582964,0.1362236201630847,TRUE,TRUE,0.012298669867255058,High-RE
Full,All ambitions pooled,R10INDIA+,MESSAGEix,inferred_retirements_GW,Inferred retired capacity,GW,99,27,483.2250591240883,593.9261537981581,TRUE,TRUE,110.7010946740698,High-RE
Full,All ambitions pooled,R10INDIA+,MESSAGEix,jobs_RE_minus_fossil_per_1k,Renewable minus fossil job-years (diagnostic),"job-years per 1,000",99,27,240.52305751276165,286.5258570213021,TRUE,TRUE,46.00279950854045,High-RE
Full,All ambitions pooled,R10INDIA+,MESSAGEix,total_energy_jobyears_no_decommission_per_1k,"Total energy job-years, excluding decommissioning","job-years per 1,000",99,27,337.8970989881066,370.61324142781245,TRUE,TRUE,32.716142439705834,High-RE
Full,All ambitions pooled,R10INDIA+,MESSAGEix,total_energy_jobyears_per_1k,"Total energy job-years, including decommissioning","job-years per 1,000",99,27,338.4582644113511,371.13241738058497,TRUE,TRUE,32.67415296923389,High-RE
Full,All ambitions pooled,R10INDIA+,POLES,decommission_jobyears_per_1k,Decommissioning job-years,"job-years per 1,000",60,9,3.95381159849672,1.1900028123091537,TRUE,TRUE,-2.7638087861875666,High-CMT
Full,All ambitions pooled,R10INDIA+,POLES,gross_plant_jobs_displaced_per_1k,Gross plant jobs displaced at retirement,"positions per 1,000",60,9,4.54914282549243,0.6554973527656272,TRUE,TRUE,-3.893645472726803,High-CMT
Full,All ambitions pooled,R10INDIA+,POLES,gross_upstream_jobs_displaced_per_1k,Gross upstream jobs displaced at retirement,"positions per 1,000",60,9,0.2595236209899088,0.1321540476804939,TRUE,TRUE,-0.12736957330941487,High-CMT
Full,All ambitions pooled,R10INDIA+,POLES,inferred_retirements_GW,Inferred retired capacity,GW,60,9,10891.20797822281,1175.7713351226303,TRUE,TRUE,-9715.43664310018,High-CMT
Full,All ambitions pooled,R10INDIA+,POLES,jobs_RE_minus_fossil_per_1k,Renewable minus fossil job-years (diagnostic),"job-years per 1,000",60,9,332.12131884731446,373.7783087510892,TRUE,TRUE,41.65698990377473,High-RE
Full,All ambitions pooled,R10INDIA+,POLES,total_energy_jobyears_no_decommission_per_1k,"Total energy job-years, excluding decommissioning","job-years per 1,000",60,9,511.75839215033704,638.7091275346376,TRUE,TRUE,126.95073538430051,High-RE
Full,All ambitions pooled,R10INDIA+,POLES,total_energy_jobyears_per_1k,"Total energy job-years, including decommissioning","job-years per 1,000",60,9,515.7454163038665,639.089827507719,TRUE,TRUE,123.34441120385247,High-RE
Full,All ambitions pooled,R10INDIA+,REMIND,decommission_jobyears_per_1k,Decommissioning job-years,"job-years per 1,000",1,224,2.79943105524194,5.520133205523443,TRUE,FALSE,2.720702150281503,High-RE
Full,All ambitions pooled,R10INDIA+,REMIND,gross_plant_jobs_displaced_per_1k,Gross plant jobs displaced at retirement,"positions per 1,000",1,224,3.209671563919955,7.423084366215992,TRUE,FALSE,4.2134128022960375,High-RE
Full,All ambitions pooled,R10INDIA+,REMIND,gross_upstream_jobs_displaced_per_1k,Gross upstream jobs displaced at retirement,"positions per 1,000",1,224,0.14787249648186032,0.1663167680193745,TRUE,FALSE,0.018444271537514184,High-RE
Full,All ambitions pooled,R10INDIA+,REMIND,inferred_retirements_GW,Inferred retired capacity,GW,1,224,7454.886804079998,18200.009130000002,TRUE,FALSE,10745.122325920005,High-RE
Full,All ambitions pooled,R10INDIA+,REMIND,jobs_RE_minus_fossil_per_1k,Renewable minus fossil job-years (diagnostic),"job-years per 1,000",1,224,408.35692194562836,863.0266302455219,TRUE,FALSE,454.66970829989356,High-RE
Full,All ambitions pooled,R10INDIA+,REMIND,total_energy_jobyears_no_decommission_per_1k,"Total energy job-years, excluding decommissioning","job-years per 1,000",1,224,432.7124874677153,955.1556165667284,TRUE,FALSE,522.4431290990132,High-RE
Full,All ambitions pooled,R10INDIA+,REMIND,total_energy_jobyears_per_1k,"Total energy job-years, including decommissioning","job-years per 1,000",1,224,435.5119185229572,960.620195007554,TRUE,FALSE,525.1082764845968,High-RE
Full,All ambitions pooled,R10INDIA+,TIAM,decommission_jobyears_per_1k,Decommissioning job-years,"job-years per 1,000",12,0,0.7163571752656461,NA,FALSE,FALSE,NA,NA
Full,All ambitions pooled,R10INDIA+,TIAM,gross_plant_jobs_displaced_per_1k,Gross plant jobs displaced at retirement,"positions per 1,000",12,0,0.9242613988360139,NA,FALSE,FALSE,NA,NA
Full,All ambitions pooled,R10INDIA+,TIAM,gross_upstream_jobs_displaced_per_1k,Gross upstream jobs displaced at retirement,"positions per 1,000",12,0,0,NA,FALSE,FALSE,NA,NA
Full,All ambitions pooled,R10INDIA+,TIAM,inferred_retirements_GW,Inferred retired capacity,GW,12,0,2007.4989675124211,NA,FALSE,FALSE,NA,NA
Full,All ambitions pooled,R10INDIA+,TIAM,jobs_RE_minus_fossil_per_1k,Renewable minus fossil job-years (diagnostic),"job-years per 1,000",12,0,53.63392023709826,NA,FALSE,FALSE,NA,NA
Full,All ambitions pooled,R10INDIA+,TIAM,total_energy_jobyears_no_decommission_per_1k,"Total energy job-years, excluding decommissioning","job-years per 1,000",12,0,95.23454398713343,NA,FALSE,FALSE,NA,NA
Full,All ambitions pooled,R10INDIA+,TIAM,total_energy_jobyears_per_1k,"Total energy job-years, including decommissioning","job-years per 1,000",12,0,95.93154987518511,NA,FALSE,FALSE,NA,NA
Full,All ambitions pooled,R10INDIA+,WITCH,decommission_jobyears_per_1k,Decommissioning job-years,"job-years per 1,000",8,16,2.0326023818526524,0.3796381756913989,TRUE,TRUE,-1.6529642061612535,High-CMT
Full,All ambitions pooled,R10INDIA+,WITCH,gross_plant_jobs_displaced_per_1k,Gross plant jobs displaced at retirement,"positions per 1,000",8,16,3.2170107855343972,0.10403131501868498,TRUE,TRUE,-3.1129794705157123,High-CMT
Full,All ambitions pooled,R10INDIA+,WITCH,gross_upstream_jobs_displaced_per_1k,Gross upstream jobs displaced at retirement,"positions per 1,000",8,16,0.11747975466398458,0.11126824750945928,TRUE,TRUE,-0.0062115071545253,High-CMT
Full,All ambitions pooled,R10INDIA+,WITCH,inferred_retirements_GW,Inferred retired capacity,GW,8,16,7721.87491148122,300.4524700624424,TRUE,TRUE,-7421.4224414187775,High-CMT
Full,All ambitions pooled,R10INDIA+,WITCH,jobs_RE_minus_fossil_per_1k,Renewable minus fossil job-years (diagnostic),"job-years per 1,000",8,16,256.1991671868129,300.28058124390395,TRUE,TRUE,44.08141405709108,High-RE
Full,All ambitions pooled,R10INDIA+,WITCH,total_energy_jobyears_no_decommission_per_1k,"Total energy job-years, excluding decommissioning","job-years per 1,000",8,16,274.7112888206518,321.1983396447889,TRUE,TRUE,46.4870508241371,High-RE
Full,All ambitions pooled,R10INDIA+,WITCH,total_energy_jobyears_per_1k,"Total energy job-years, including decommissioning","job-years per 1,000",8,16,276.73376623203757,321.5779181868135,TRUE,TRUE,44.84415195477595,High-RE
Full,All ambitions pooled,R10LATIN_AM,AIM,decommission_jobyears_per_1k,Decommissioning job-years,"job-years per 1,000",21,14,7.205779371961958,0.705499211350342,TRUE,TRUE,-6.500280160611616,High-CMT
Full,All ambitions pooled,R10LATIN_AM,AIM,gross_plant_jobs_displaced_per_1k,Gross plant jobs displaced at retirement,"positions per 1,000",21,14,5.205414596368066,0.18664053415741177,TRUE,TRUE,-5.018774062210655,High-CMT
Full,All ambitions pooled,R10LATIN_AM,AIM,gross_upstream_jobs_displaced_per_1k,Gross upstream jobs displaced at retirement,"positions per 1,000",21,14,0.13011658972776238,0.064647906647157,TRUE,TRUE,-0.06546868308060538,High-CMT
Full,All ambitions pooled,R10LATIN_AM,AIM,inferred_retirements_GW,Inferred retired capacity,GW,21,14,3796.1930800000005,201.98729999999998,TRUE,TRUE,-3594.2057800000007,High-CMT
Full,All ambitions pooled,R10LATIN_AM,AIM,jobs_RE_minus_fossil_per_1k,Renewable minus fossil job-years (diagnostic),"job-years per 1,000",21,14,235.3539041968693,130.36849815169987,TRUE,TRUE,-104.98540604516944,High-CMT
Full,All ambitions pooled,R10LATIN_AM,AIM,total_energy_jobyears_no_decommission_per_1k,"Total energy job-years, excluding decommissioning","job-years per 1,000",21,14,396.1323427087887,230.96027125440517,TRUE,TRUE,-165.17207145438354,High-CMT
Full,All ambitions pooled,R10LATIN_AM,AIM,total_energy_jobyears_per_1k,"Total energy job-years, including decommissioning","job-years per 1,000",21,14,403.2256228194237,231.62720013626875,TRUE,TRUE,-171.59842268315492,High-CMT
Full,All ambitions pooled,R10LATIN_AM,COFFEE,decommission_jobyears_per_1k,Decommissioning job-years,"job-years per 1,000",0,8,NA,0.7728183522957577,FALSE,FALSE,NA,NA
Full,All ambitions pooled,R10LATIN_AM,COFFEE,gross_plant_jobs_displaced_per_1k,Gross plant jobs displaced at retirement,"positions per 1,000",0,8,NA,0.2760763189402946,FALSE,FALSE,NA,NA
Full,All ambitions pooled,R10LATIN_AM,COFFEE,gross_upstream_jobs_displaced_per_1k,Gross upstream jobs displaced at retirement,"positions per 1,000",0,8,NA,0.07078937387552528,FALSE,FALSE,NA,NA
Full,All ambitions pooled,R10LATIN_AM,COFFEE,inferred_retirements_GW,Inferred retired capacity,GW,0,8,NA,251.98621471249996,FALSE,FALSE,NA,NA
Full,All ambitions pooled,R10LATIN_AM,COFFEE,jobs_RE_minus_fossil_per_1k,Renewable minus fossil job-years (diagnostic),"job-years per 1,000",0,8,NA,148.78270163072517,FALSE,FALSE,NA,NA
Full,All ambitions pooled,R10LATIN_AM,COFFEE,total_energy_jobyears_no_decommission_per_1k,"Total energy job-years, excluding decommissioning","job-years per 1,000",0,8,NA,195.60992304139944,FALSE,FALSE,NA,NA
Full,All ambitions pooled,R10LATIN_AM,COFFEE,total_energy_jobyears_per_1k,"Total energy job-years, including decommissioning","job-years per 1,000",0,8,NA,196.38274139369517,FALSE,FALSE,NA,NA
Full,All ambitions pooled,R10LATIN_AM,GCAM,decommission_jobyears_per_1k,Decommissioning job-years,"job-years per 1,000",3,5,20.333276104940396,15.184340241842069,TRUE,TRUE,-5.148935863098327,High-CMT
Full,All ambitions pooled,R10LATIN_AM,GCAM,gross_plant_jobs_displaced_per_1k,Gross plant jobs displaced at retirement,"positions per 1,000",3,5,9.337996720871532,5.870269272620356,TRUE,TRUE,-3.4677274482511757,High-CMT
Full,All ambitions pooled,R10LATIN_AM,GCAM,gross_upstream_jobs_displaced_per_1k,Gross upstream jobs displaced at retirement,"positions per 1,000",3,5,0.15282679932706067,0.09500554466172041,TRUE,TRUE,-0.05782125466534026,High-CMT
Full,All ambitions pooled,R10LATIN_AM,GCAM,inferred_retirements_GW,Inferred retired capacity,GW,3,5,9419.608216078352,8758.664836073613,TRUE,TRUE,-660.9433800047391,High-CMT
Full,All ambitions pooled,R10LATIN_AM,GCAM,jobs_RE_minus_fossil_per_1k,Renewable minus fossil job-years (diagnostic),"job-years per 1,000",3,5,494.101297748395,491.926063111411,TRUE,TRUE,-2.175234636983987,High-CMT
Full,All ambitions pooled,R10LATIN_AM,GCAM,total_energy_jobyears_no_decommission_per_1k,"Total energy job-years, excluding decommissioning","job-years per 1,000",3,5,661.0115964758128,568.3381856258383,TRUE,TRUE,-92.67341084997452,High-CMT
Full,All ambitions pooled,R10LATIN_AM,GCAM,total_energy_jobyears_per_1k,"Total energy job-years, including decommissioning","job-years per 1,000",3,5,681.3448725807531,583.5225258676803,TRUE,TRUE,-97.82234671307276,High-CMT
Full,All ambitions pooled,R10LATIN_AM,IMAGE,decommission_jobyears_per_1k,Decommissioning job-years,"job-years per 1,000",69,2,4.568877650986112,11.987462337105883,TRUE,FALSE,7.418584686119772,High-RE
Full,All ambitions pooled,R10LATIN_AM,IMAGE,gross_plant_jobs_displaced_per_1k,Gross plant jobs displaced at retirement,"positions per 1,000",69,2,2.866207788452641,4.2330484158406065,TRUE,FALSE,1.3668406273879654,High-RE
Full,All ambitions pooled,R10LATIN_AM,IMAGE,gross_upstream_jobs_displaced_per_1k,Gross upstream jobs displaced at retirement,"positions per 1,000",69,2,0.21101802454333313,0.47845608231210796,TRUE,FALSE,0.26743805776877483,High-RE
Full,All ambitions pooled,R10LATIN_AM,IMAGE,inferred_retirements_GW,Inferred retired capacity,GW,69,2,2325.960318125689,6160.460412906326,TRUE,FALSE,3834.5000947806375,High-RE
Full,All ambitions pooled,R10LATIN_AM,IMAGE,jobs_RE_minus_fossil_per_1k,Renewable minus fossil job-years (diagnostic),"job-years per 1,000",69,2,96.96623763005738,282.3396377558065,TRUE,FALSE,185.37340012574913,High-RE
Full,All ambitions pooled,R10LATIN_AM,IMAGE,total_energy_jobyears_no_decommission_per_1k,"Total energy job-years, excluding decommissioning","job-years per 1,000",69,2,283.9799271158993,427.481929913179,TRUE,FALSE,143.50200279727972,High-RE
Full,All ambitions pooled,R10LATIN_AM,IMAGE,total_energy_jobyears_per_1k,"Total energy job-years, including decommissioning","job-years per 1,000",69,2,290.37876576208834,439.46939225028484,TRUE,FALSE,149.0906264881965,High-RE
Full,All ambitions pooled,R10LATIN_AM,MESSAGEix,decommission_jobyears_per_1k,Decommissioning job-years,"job-years per 1,000",99,27,0.6559181477503243,0.6447598434815983,TRUE,TRUE,-0.011158304268725994,High-CMT
Full,All ambitions pooled,R10LATIN_AM,MESSAGEix,gross_plant_jobs_displaced_per_1k,Gross plant jobs displaced at retirement,"positions per 1,000",99,27,0.30483097339937587,0.30759002713556394,TRUE,TRUE,0.0027590537361880663,High-RE
Full,All ambitions pooled,R10LATIN_AM,MESSAGEix,gross_upstream_jobs_displaced_per_1k,Gross upstream jobs displaced at retirement,"positions per 1,000",99,27,0.057918763988761925,0.05817711033717889,TRUE,TRUE,2.5834634841696846e-4,High-RE
Full,All ambitions pooled,R10LATIN_AM,MESSAGEix,inferred_retirements_GW,Inferred retired capacity,GW,99,27,245.64003307089746,318.7308936439263,TRUE,TRUE,73.09086057302886,High-RE
Full,All ambitions pooled,R10LATIN_AM,MESSAGEix,jobs_RE_minus_fossil_per_1k,Renewable minus fossil job-years (diagnostic),"job-years per 1,000",99,27,185.32341905167434,236.72038324069098,TRUE,TRUE,51.39696418901664,High-RE
Full,All ambitions pooled,R10LATIN_AM,MESSAGEix,total_energy_jobyears_no_decommission_per_1k,"Total energy job-years, excluding decommissioning","job-years per 1,000",99,27,250.36348917769143,286.00912264464466,TRUE,TRUE,35.64563346695323,High-RE
Full,All ambitions pooled,R10LATIN_AM,MESSAGEix,total_energy_jobyears_per_1k,"Total energy job-years, including decommissioning","job-years per 1,000",99,27,251.01979409437436,286.482300715247,TRUE,TRUE,35.46250662087263,High-RE
Full,All ambitions pooled,R10LATIN_AM,POLES,decommission_jobyears_per_1k,Decommissioning job-years,"job-years per 1,000",60,9,6.625224232646939,1.0059449796941826,TRUE,TRUE,-5.619279252952756,High-CMT
Full,All ambitions pooled,R10LATIN_AM,POLES,gross_plant_jobs_displaced_per_1k,Gross plant jobs displaced at retirement,"positions per 1,000",60,9,3.613844007690174,0.3319743151869213,TRUE,TRUE,-3.281869692503253,High-CMT
Full,All ambitions pooled,R10LATIN_AM,POLES,gross_upstream_jobs_displaced_per_1k,Gross upstream jobs displaced at retirement,"positions per 1,000",60,9,0.16566686614521176,0.05488538026643079,TRUE,TRUE,-0.11078148587878096,High-CMT
Full,All ambitions pooled,R10LATIN_AM,POLES,inferred_retirements_GW,Inferred retired capacity,GW,60,9,3490.1102148974314,269.1789307594304,TRUE,TRUE,-3220.931284138001,High-CMT
Full,All ambitions pooled,R10LATIN_AM,POLES,jobs_RE_minus_fossil_per_1k,Renewable minus fossil job-years (diagnostic),"job-years per 1,000",60,9,189.61546315673826,141.49912406005205,TRUE,TRUE,-48.116339096686204,High-CMT
Full,All ambitions pooled,R10LATIN_AM,POLES,total_energy_jobyears_no_decommission_per_1k,"Total energy job-years, excluding decommissioning","job-years per 1,000",60,9,349.8783712361119,313.05627969457043,TRUE,TRUE,-36.822091541541454,High-CMT
Full,All ambitions pooled,R10LATIN_AM,POLES,total_energy_jobyears_per_1k,"Total energy job-years, including decommissioning","job-years per 1,000",60,9,356.42309398052225,313.609037350881,TRUE,TRUE,-42.81405662964124,High-CMT
Full,All ambitions pooled,R10LATIN_AM,REMIND,decommission_jobyears_per_1k,Decommissioning job-years,"job-years per 1,000",1,224,6.351780189075997,8.130860453198139,TRUE,FALSE,1.7790802641221415,High-RE
Full,All ambitions pooled,R10LATIN_AM,REMIND,gross_plant_jobs_displaced_per_1k,Gross plant jobs displaced at retirement,"positions per 1,000",1,224,2.5942141766653886,4.189003839415514,TRUE,FALSE,1.594789662750125,High-RE
Full,All ambitions pooled,R10LATIN_AM,REMIND,gross_upstream_jobs_displaced_per_1k,Gross upstream jobs displaced at retirement,"positions per 1,000",1,224,0.06272616935857601,0.06161657911142866,TRUE,FALSE,-0.0011095902471473518,High-CMT
Full,All ambitions pooled,R10LATIN_AM,REMIND,inferred_retirements_GW,Inferred retired capacity,GW,1,224,3870.2904853299997,6172.568950000001,TRUE,FALSE,2302.278464670001,High-RE
Full,All ambitions pooled,R10LATIN_AM,REMIND,jobs_RE_minus_fossil_per_1k,Renewable minus fossil job-years (diagnostic),"job-years per 1,000",1,224,235.33716432669394,438.168513624825,TRUE,FALSE,202.83134929813104,High-RE
Full,All ambitions pooled,R10LATIN_AM,REMIND,total_energy_jobyears_no_decommission_per_1k,"Total energy job-years, excluding decommissioning","job-years per 1,000",1,224,297.77640809254314,483.2352011272932,TRUE,FALSE,185.45879303475004,High-RE
Full,All ambitions pooled,R10LATIN_AM,REMIND,total_energy_jobyears_per_1k,"Total energy job-years, including decommissioning","job-years per 1,000",1,224,304.1281882816191,491.41691062471943,TRUE,FALSE,187.28872234310035,High-RE
Full,All ambitions pooled,R10LATIN_AM,TIAM,decommission_jobyears_per_1k,Decommissioning job-years,"job-years per 1,000",12,0,1.227924121664627,NA,FALSE,FALSE,NA,NA
Full,All ambitions pooled,R10LATIN_AM,TIAM,gross_plant_jobs_displaced_per_1k,Gross plant jobs displaced at retirement,"positions per 1,000",12,0,1.255967433622225,NA,FALSE,FALSE,NA,NA
Full,All ambitions pooled,R10LATIN_AM,TIAM,gross_upstream_jobs_displaced_per_1k,Gross upstream jobs displaced at retirement,"positions per 1,000",12,0,0.0038638250818943693,NA,FALSE,FALSE,NA,NA
Full,All ambitions pooled,R10LATIN_AM,TIAM,inferred_retirements_GW,Inferred retired capacity,GW,12,0,1237.9828654546816,NA,FALSE,FALSE,NA,NA
Full,All ambitions pooled,R10LATIN_AM,TIAM,jobs_RE_minus_fossil_per_1k,Renewable minus fossil job-years (diagnostic),"job-years per 1,000",12,0,106.93297695132928,NA,FALSE,FALSE,NA,NA
Full,All ambitions pooled,R10LATIN_AM,TIAM,total_energy_jobyears_no_decommission_per_1k,"Total energy job-years, excluding decommissioning","job-years per 1,000",12,0,137.1319249672052,NA,FALSE,FALSE,NA,NA
Full,All ambitions pooled,R10LATIN_AM,TIAM,total_energy_jobyears_per_1k,"Total energy job-years, including decommissioning","job-years per 1,000",12,0,138.35984908886985,NA,FALSE,FALSE,NA,NA
Full,All ambitions pooled,R10LATIN_AM,WITCH,decommission_jobyears_per_1k,Decommissioning job-years,"job-years per 1,000",8,16,9.054928958289473,1.4786120245195793,TRUE,TRUE,-7.576316933769894,High-CMT
Full,All ambitions pooled,R10LATIN_AM,WITCH,gross_plant_jobs_displaced_per_1k,Gross plant jobs displaced at retirement,"positions per 1,000",8,16,11.491042751148457,0.9584376041717619,TRUE,TRUE,-10.532605146976696,High-CMT
Full,All ambitions pooled,R10LATIN_AM,WITCH,gross_upstream_jobs_displaced_per_1k,Gross upstream jobs displaced at retirement,"positions per 1,000",8,16,0.1557426706033258,0.08135547902332954,TRUE,TRUE,-0.07438719157999626,High-CMT
Full,All ambitions pooled,R10LATIN_AM,WITCH,inferred_retirements_GW,Inferred retired capacity,GW,8,16,4923.48664060237,347.31739428637263,TRUE,TRUE,-4576.169246315998,High-CMT
Full,All ambitions pooled,R10LATIN_AM,WITCH,jobs_RE_minus_fossil_per_1k,Renewable minus fossil job-years (diagnostic),"job-years per 1,000",8,16,278.84305619263876,189.88938994260704,TRUE,TRUE,-88.95366625003172,High-CMT
Full,All ambitions pooled,R10LATIN_AM,WITCH,total_energy_jobyears_no_decommission_per_1k,"Total energy job-years, excluding decommissioning","job-years per 1,000",8,16,563.2549664430779,433.07611505963547,TRUE,TRUE,-130.17885138344246,High-CMT
Full,All ambitions pooled,R10LATIN_AM,WITCH,total_energy_jobyears_per_1k,"Total energy job-years, including decommissioning","job-years per 1,000",8,16,572.2218609144995,434.1942310910589,TRUE,TRUE,-138.02762982344063,High-CMT
Full,All ambitions pooled,R10MIDDLE_EAST,AIM,decommission_jobyears_per_1k,Decommissioning job-years,"job-years per 1,000",21,14,4.825574445954033,0.8723412562703367,TRUE,TRUE,-3.9532331896836967,High-CMT
Full,All ambitions pooled,R10MIDDLE_EAST,AIM,gross_plant_jobs_displaced_per_1k,Gross plant jobs displaced at retirement,"positions per 1,000",21,14,3.4663253154870723,0.5095629448756168,TRUE,TRUE,-2.9567623706114556,High-CMT
Full,All ambitions pooled,R10MIDDLE_EAST,AIM,gross_upstream_jobs_displaced_per_1k,Gross upstream jobs displaced at retirement,"positions per 1,000",21,14,0.023320700548167,0.02744565661195094,TRUE,TRUE,0.004124956063783939,High-RE
Full,All ambitions pooled,R10MIDDLE_EAST,AIM,inferred_retirements_GW,Inferred retired capacity,GW,21,14,5128.22084,440.48145,TRUE,TRUE,-4687.73939,High-CMT
Full,All ambitions pooled,R10MIDDLE_EAST,AIM,jobs_RE_minus_fossil_per_1k,Renewable minus fossil job-years (diagnostic),"job-years per 1,000",21,14,362.6536512810104,424.0969245238593,TRUE,TRUE,61.443273242848875,High-RE
Full,All ambitions pooled,R10MIDDLE_EAST,AIM,total_energy_jobyears_no_decommission_per_1k,"Total energy job-years, excluding decommissioning","job-years per 1,000",21,14,447.75531124427795,513.8001779582262,TRUE,TRUE,66.04486671394824,High-RE
Full,All ambitions pooled,R10MIDDLE_EAST,AIM,total_energy_jobyears_per_1k,"Total energy job-years, including decommissioning","job-years per 1,000",21,14,452.645172154997,515.0304928134592,TRUE,TRUE,62.385320658462206,High-RE
Full,All ambitions pooled,R10MIDDLE_EAST,COFFEE,decommission_jobyears_per_1k,Decommissioning job-years,"job-years per 1,000",0,8,NA,1.0247725900209526,FALSE,FALSE,NA,NA
Full,All ambitions pooled,R10MIDDLE_EAST,COFFEE,gross_plant_jobs_displaced_per_1k,Gross plant jobs displaced at retirement,"positions per 1,000",0,8,NA,0.5771580237146041,FALSE,FALSE,NA,NA
Full,All ambitions pooled,R10MIDDLE_EAST,COFFEE,gross_upstream_jobs_displaced_per_1k,Gross upstream jobs displaced at retirement,"positions per 1,000",0,8,NA,0.09007743793741504,FALSE,FALSE,NA,NA
Full,All ambitions pooled,R10MIDDLE_EAST,COFFEE,inferred_retirements_GW,Inferred retired capacity,GW,0,8,NA,935.3998316093753,FALSE,FALSE,NA,NA
Full,All ambitions pooled,R10MIDDLE_EAST,COFFEE,jobs_RE_minus_fossil_per_1k,Renewable minus fossil job-years (diagnostic),"job-years per 1,000",0,8,NA,139.81275943823,FALSE,FALSE,NA,NA
Full,All ambitions pooled,R10MIDDLE_EAST,COFFEE,total_energy_jobyears_no_decommission_per_1k,"Total energy job-years, excluding decommissioning","job-years per 1,000",0,8,NA,192.3666053477461,FALSE,FALSE,NA,NA
Full,All ambitions pooled,R10MIDDLE_EAST,COFFEE,total_energy_jobyears_per_1k,"Total energy job-years, including decommissioning","job-years per 1,000",0,8,NA,193.39236627079322,FALSE,FALSE,NA,NA
Full,All ambitions pooled,R10MIDDLE_EAST,GCAM,decommission_jobyears_per_1k,Decommissioning job-years,"job-years per 1,000",3,5,6.290307049186793,7.731797991615859,TRUE,TRUE,1.4414909424290663,High-RE
Full,All ambitions pooled,R10MIDDLE_EAST,GCAM,gross_plant_jobs_displaced_per_1k,Gross plant jobs displaced at retirement,"positions per 1,000",3,5,2.713750777204766,3.9085877858726814,TRUE,TRUE,1.1948370086679154,High-RE
Full,All ambitions pooled,R10MIDDLE_EAST,GCAM,gross_upstream_jobs_displaced_per_1k,Gross upstream jobs displaced at retirement,"positions per 1,000",3,5,0.030490714530440017,0.0155650740582197,TRUE,TRUE,-0.014925640472220317,High-CMT
Full,All ambitions pooled,R10MIDDLE_EAST,GCAM,inferred_retirements_GW,Inferred retired capacity,GW,3,5,3573.398728451137,6376.1504058690625,TRUE,TRUE,2802.7516774179257,High-RE
Full,All ambitions pooled,R10MIDDLE_EAST,GCAM,jobs_RE_minus_fossil_per_1k,Renewable minus fossil job-years (diagnostic),"job-years per 1,000",3,5,141.30480576608713,511.02145688343256,TRUE,TRUE,369.71665111734546,High-RE
Full,All ambitions pooled,R10MIDDLE_EAST,GCAM,total_energy_jobyears_no_decommission_per_1k,"Total energy job-years, excluding decommissioning","job-years per 1,000",3,5,244.93062389496703,541.1101703615885,TRUE,TRUE,296.1795464666215,High-RE
Full,All ambitions pooled,R10MIDDLE_EAST,GCAM,total_energy_jobyears_per_1k,"Total energy job-years, including decommissioning","job-years per 1,000",3,5,251.22093094415382,548.8419683532045,TRUE,TRUE,297.6210374090507,High-RE
Full,All ambitions pooled,R10MIDDLE_EAST,IMAGE,decommission_jobyears_per_1k,Decommissioning job-years,"job-years per 1,000",66,2,2.845594316802865,15.467836199024724,TRUE,FALSE,12.622241882221859,High-RE
Full,All ambitions pooled,R10MIDDLE_EAST,IMAGE,gross_plant_jobs_displaced_per_1k,Gross plant jobs displaced at retirement,"positions per 1,000",66,2,2.2553853497966063,8.893648332720907,TRUE,FALSE,6.638262982924301,High-RE
Full,All ambitions pooled,R10MIDDLE_EAST,IMAGE,gross_upstream_jobs_displaced_per_1k,Gross upstream jobs displaced at retirement,"positions per 1,000",66,2,0.028364378666164945,0.021702687325221064,TRUE,FALSE,-0.006661691340943882,High-CMT
Full,All ambitions pooled,R10MIDDLE_EAST,IMAGE,inferred_retirements_GW,Inferred retired capacity,GW,66,2,2180.5371638922934,13283.490270989967,TRUE,FALSE,11102.953107097674,High-RE
Full,All ambitions pooled,R10MIDDLE_EAST,IMAGE,jobs_RE_minus_fossil_per_1k,Renewable minus fossil job-years (diagnostic),"job-years per 1,000",66,2,136.38507491067242,1131.7793944361192,TRUE,FALSE,995.3943195254468,High-RE
Full,All ambitions pooled,R10MIDDLE_EAST,IMAGE,total_energy_jobyears_no_decommission_per_1k,"Total energy job-years, excluding decommissioning","job-years per 1,000",66,2,283.7670858357169,1316.3347670593603,TRUE,FALSE,1032.5676812236434,High-RE
Full,All ambitions pooled,R10MIDDLE_EAST,IMAGE,total_energy_jobyears_per_1k,"Total energy job-years, including decommissioning","job-years per 1,000",66,2,286.8710404387969,1331.8026032583848,TRUE,FALSE,1044.931562819588,High-RE
Full,All ambitions pooled,R10MIDDLE_EAST,MESSAGEix,decommission_jobyears_per_1k,Decommissioning job-years,"job-years per 1,000",99,27,1.3733449766984125,1.505405633027728,TRUE,TRUE,0.1320606563293154,High-RE
Full,All ambitions pooled,R10MIDDLE_EAST,MESSAGEix,gross_plant_jobs_displaced_per_1k,Gross plant jobs displaced at retirement,"positions per 1,000",99,27,1.2892488064973702,1.1592792457840724,TRUE,TRUE,-0.1299695607132978,High-CMT
Full,All ambitions pooled,R10MIDDLE_EAST,MESSAGEix,gross_upstream_jobs_displaced_per_1k,Gross upstream jobs displaced at retirement,"positions per 1,000",99,27,0.005752918897716885,0.009550175063799552,TRUE,TRUE,0.0037972561660826664,High-RE
Full,All ambitions pooled,R10MIDDLE_EAST,MESSAGEix,inferred_retirements_GW,Inferred retired capacity,GW,99,27,1052.2665085542963,1276.955195163145,TRUE,TRUE,224.68868660884868,High-RE
Full,All ambitions pooled,R10MIDDLE_EAST,MESSAGEix,jobs_RE_minus_fossil_per_1k,Renewable minus fossil job-years (diagnostic),"job-years per 1,000",99,27,300.33317779245874,394.57512044387914,TRUE,TRUE,94.2419426514204,High-RE
Full,All ambitions pooled,R10MIDDLE_EAST,MESSAGEix,total_energy_jobyears_no_decommission_per_1k,"Total energy job-years, excluding decommissioning","job-years per 1,000",99,27,455.2343856390921,483.6192640403385,TRUE,TRUE,28.384878401246397,High-RE
Full,All ambitions pooled,R10MIDDLE_EAST,MESSAGEix,total_energy_jobyears_per_1k,"Total energy job-years, including decommissioning","job-years per 1,000",99,27,458.28469989599495,484.6661819444618,TRUE,TRUE,26.381482048466864,High-RE
Full,All ambitions pooled,R10MIDDLE_EAST,POLES,decommission_jobyears_per_1k,Decommissioning job-years,"job-years per 1,000",60,9,2.924251803890391,0.719272809077456,TRUE,TRUE,-2.204978994812935,High-CMT
Full,All ambitions pooled,R10MIDDLE_EAST,POLES,gross_plant_jobs_displaced_per_1k,Gross plant jobs displaced at retirement,"positions per 1,000",60,9,1.883384961515651,0.3517261376832348,TRUE,TRUE,-1.5316588238324162,High-CMT
Full,All ambitions pooled,R10MIDDLE_EAST,POLES,gross_upstream_jobs_displaced_per_1k,Gross upstream jobs displaced at retirement,"positions per 1,000",60,9,0.05927341642303046,0.013821300398747443,TRUE,TRUE,-0.04545211602428302,High-CMT
Full,All ambitions pooled,R10MIDDLE_EAST,POLES,inferred_retirements_GW,Inferred retired capacity,GW,60,9,2307.099799379026,224.69918559726614,TRUE,TRUE,-2082.40061378176,High-CMT
Full,All ambitions pooled,R10MIDDLE_EAST,POLES,jobs_RE_minus_fossil_per_1k,Renewable minus fossil job-years (diagnostic),"job-years per 1,000",60,9,140.73437579495865,105.344264966194,TRUE,TRUE,-35.39011082876465,High-CMT
Full,All ambitions pooled,R10MIDDLE_EAST,POLES,total_energy_jobyears_no_decommission_per_1k,"Total energy job-years, excluding decommissioning","job-years per 1,000",60,9,250.4455143575281,355.8605355669909,TRUE,TRUE,105.4150212094628,High-RE
Full,All ambitions pooled,R10MIDDLE_EAST,POLES,total_energy_jobyears_per_1k,"Total energy job-years, including decommissioning","job-years per 1,000",60,9,253.3697661614185,356.4802715380876,TRUE,TRUE,103.1105053766691,High-RE
Full,All ambitions pooled,R10MIDDLE_EAST,REMIND,decommission_jobyears_per_1k,Decommissioning job-years,"job-years per 1,000",1,224,5.659037116519767,6.305661445366807,TRUE,FALSE,0.6466243288470404,High-RE
Full,All ambitions pooled,R10MIDDLE_EAST,REMIND,gross_plant_jobs_displaced_per_1k,Gross plant jobs displaced at retirement,"positions per 1,000",1,224,3.495142634605175,4.479373270188525,TRUE,FALSE,0.9842306355833497,High-RE
Full,All ambitions pooled,R10MIDDLE_EAST,REMIND,gross_upstream_jobs_displaced_per_1k,Gross upstream jobs displaced at retirement,"positions per 1,000",1,224,0.01620121732777445,0.01780826919200565,TRUE,FALSE,0.0016070518642311987,High-RE
Full,All ambitions pooled,R10MIDDLE_EAST,REMIND,inferred_retirements_GW,Inferred retired capacity,GW,1,224,5497.474906349999,7405.393365,TRUE,FALSE,1907.9184586500005,High-RE
Full,All ambitions pooled,R10MIDDLE_EAST,REMIND,jobs_RE_minus_fossil_per_1k,Renewable minus fossil job-years (diagnostic),"job-years per 1,000",1,224,557.6524352774193,742.5103069984364,TRUE,FALSE,184.8578717210171,High-RE
Full,All ambitions pooled,R10MIDDLE_EAST,REMIND,total_energy_jobyears_no_decommission_per_1k,"Total energy job-years, excluding decommissioning","job-years per 1,000",1,224,596.6633665274668,787.3951835604414,TRUE,FALSE,190.73181703297462,High-RE
Full,All ambitions pooled,R10MIDDLE_EAST,REMIND,total_energy_jobyears_per_1k,"Total energy job-years, including decommissioning","job-years per 1,000",1,224,602.3224036439866,792.8411764055634,TRUE,FALSE,190.51877276157677,High-RE
Full,All ambitions pooled,R10MIDDLE_EAST,TIAM,decommission_jobyears_per_1k,Decommissioning job-years,"job-years per 1,000",12,0,0.2262995492300505,NA,FALSE,FALSE,NA,NA
Full,All ambitions pooled,R10MIDDLE_EAST,TIAM,gross_plant_jobs_displaced_per_1k,Gross plant jobs displaced at retirement,"positions per 1,000",12,0,0.3256809837824646,NA,FALSE,FALSE,NA,NA
Full,All ambitions pooled,R10MIDDLE_EAST,TIAM,gross_upstream_jobs_displaced_per_1k,Gross upstream jobs displaced at retirement,"positions per 1,000",12,0,3.7306504145050666e-4,NA,FALSE,FALSE,NA,NA
Full,All ambitions pooled,R10MIDDLE_EAST,TIAM,inferred_retirements_GW,Inferred retired capacity,GW,12,0,749.8291413518234,NA,FALSE,FALSE,NA,NA
Full,All ambitions pooled,R10MIDDLE_EAST,TIAM,jobs_RE_minus_fossil_per_1k,Renewable minus fossil job-years (diagnostic),"job-years per 1,000",12,0,31.928343908328998,NA,FALSE,FALSE,NA,NA
Full,All ambitions pooled,R10MIDDLE_EAST,TIAM,total_energy_jobyears_no_decommission_per_1k,"Total energy job-years, excluding decommissioning","job-years per 1,000",12,0,34.67339294410229,NA,FALSE,FALSE,NA,NA
Full,All ambitions pooled,R10MIDDLE_EAST,TIAM,total_energy_jobyears_per_1k,"Total energy job-years, including decommissioning","job-years per 1,000",12,0,34.891524178845884,NA,FALSE,FALSE,NA,NA
Full,All ambitions pooled,R10MIDDLE_EAST,WITCH,decommission_jobyears_per_1k,Decommissioning job-years,"job-years per 1,000",8,16,7.143448224885871,1.3148422331861709,TRUE,TRUE,-5.8286059916997,High-CMT
Full,All ambitions pooled,R10MIDDLE_EAST,WITCH,gross_plant_jobs_displaced_per_1k,Gross plant jobs displaced at retirement,"positions per 1,000",8,16,4.468814076945904,0.5496198622827299,TRUE,TRUE,-3.919194214663174,High-CMT
Full,All ambitions pooled,R10MIDDLE_EAST,WITCH,gross_upstream_jobs_displaced_per_1k,Gross upstream jobs displaced at retirement,"positions per 1,000",8,16,0.06088353708354751,0.025304618106451817,TRUE,TRUE,-0.0355789189770957,High-CMT
Full,All ambitions pooled,R10MIDDLE_EAST,WITCH,inferred_retirements_GW,Inferred retired capacity,GW,8,16,8094.942973962889,648.1031396188484,TRUE,TRUE,-7446.83983434404,High-CMT
Full,All ambitions pooled,R10MIDDLE_EAST,WITCH,jobs_RE_minus_fossil_per_1k,Renewable minus fossil job-years (diagnostic),"job-years per 1,000",8,16,525.5913759239729,249.6504662523024,TRUE,TRUE,-275.9409096716705,High-CMT
Full,All ambitions pooled,R10MIDDLE_EAST,WITCH,total_energy_jobyears_no_decommission_per_1k,"Total energy job-years, excluding decommissioning","job-years per 1,000",8,16,561.2101050216882,273.883110981195,TRUE,TRUE,-287.32699404049316,High-CMT
Full,All ambitions pooled,R10MIDDLE_EAST,WITCH,total_energy_jobyears_per_1k,"Total energy job-years, including decommissioning","job-years per 1,000",8,16,568.3050172076645,275.19795321438113,TRUE,TRUE,-293.10706399328336,High-CMT
Full,All ambitions pooled,R10NORTH_AM,AIM,decommission_jobyears_per_1k,Decommissioning job-years,"job-years per 1,000",21,14,10.760370411262945,1.697057879975575,TRUE,TRUE,-9.063312531287371,High-CMT
Full,All ambitions pooled,R10NORTH_AM,AIM,gross_plant_jobs_displaced_per_1k,Gross plant jobs displaced at retirement,"positions per 1,000",21,14,7.337914898416247,0.5781072179415863,TRUE,TRUE,-6.75980768047466,High-CMT
Full,All ambitions pooled,R10NORTH_AM,AIM,gross_upstream_jobs_displaced_per_1k,Gross upstream jobs displaced at retirement,"positions per 1,000",21,14,0.06548451305181202,0.05572694069595015,TRUE,TRUE,-0.009757572355861874,High-CMT
Full,All ambitions pooled,R10NORTH_AM,AIM,inferred_retirements_GW,Inferred retired capacity,GW,21,14,9518.771619999998,887.0035499999999,TRUE,TRUE,-8631.768069999998,High-CMT
Full,All ambitions pooled,R10NORTH_AM,AIM,jobs_RE_minus_fossil_per_1k,Renewable minus fossil job-years (diagnostic),"job-years per 1,000",21,14,210.71602183999138,198.73857306536487,TRUE,TRUE,-11.97744877462651,High-CMT
Full,All ambitions pooled,R10NORTH_AM,AIM,total_energy_jobyears_no_decommission_per_1k,"Total energy job-years, excluding decommissioning","job-years per 1,000",21,14,457.6124300231915,442.04181673910944,TRUE,TRUE,-15.570613284082071,High-CMT
Full,All ambitions pooled,R10NORTH_AM,AIM,total_energy_jobyears_per_1k,"Total energy job-years, including decommissioning","job-years per 1,000",21,14,468.28273466522376,443.7517365248117,TRUE,TRUE,-24.530998140412066,High-CMT
Full,All ambitions pooled,R10NORTH_AM,COFFEE,decommission_jobyears_per_1k,Decommissioning job-years,"job-years per 1,000",0,8,NA,2.87276633413619,FALSE,FALSE,NA,NA
Full,All ambitions pooled,R10NORTH_AM,COFFEE,gross_plant_jobs_displaced_per_1k,Gross plant jobs displaced at retirement,"positions per 1,000",0,8,NA,0.9204969326901946,FALSE,FALSE,NA,NA
Full,All ambitions pooled,R10NORTH_AM,COFFEE,gross_upstream_jobs_displaced_per_1k,Gross upstream jobs displaced at retirement,"positions per 1,000",0,8,NA,0.10320357601019463,FALSE,FALSE,NA,NA
Full,All ambitions pooled,R10NORTH_AM,COFFEE,inferred_retirements_GW,Inferred retired capacity,GW,0,8,NA,1354.00370469375,FALSE,FALSE,NA,NA
Full,All ambitions pooled,R10NORTH_AM,COFFEE,jobs_RE_minus_fossil_per_1k,Renewable minus fossil job-years (diagnostic),"job-years per 1,000",0,8,NA,192.90415442195928,FALSE,FALSE,NA,NA
Full,All ambitions pooled,R10NORTH_AM,COFFEE,total_energy_jobyears_no_decommission_per_1k,"Total energy job-years, excluding decommissioning","job-years per 1,000",0,8,NA,277.033492227292,FALSE,FALSE,NA,NA
Full,All ambitions pooled,R10NORTH_AM,COFFEE,total_energy_jobyears_per_1k,"Total energy job-years, including decommissioning","job-years per 1,000",0,8,NA,280.02176002603153,FALSE,FALSE,NA,NA
Full,All ambitions pooled,R10NORTH_AM,GCAM,decommission_jobyears_per_1k,Decommissioning job-years,"job-years per 1,000",3,5,10.48644846533188,11.144261352909329,TRUE,TRUE,0.6578128875774478,High-RE
Full,All ambitions pooled,R10NORTH_AM,GCAM,gross_plant_jobs_displaced_per_1k,Gross plant jobs displaced at retirement,"positions per 1,000",3,5,5.956787335659034,6.122974789912473,TRUE,TRUE,0.16618745425343917,High-RE
Full,All ambitions pooled,R10NORTH_AM,GCAM,gross_upstream_jobs_displaced_per_1k,Gross upstream jobs displaced at retirement,"positions per 1,000",3,5,0.062056267591811605,0.06011672291632878,TRUE,TRUE,-0.0019395446754828238,High-CMT
Full,All ambitions pooled,R10NORTH_AM,GCAM,inferred_retirements_GW,Inferred retired capacity,GW,3,5,9588.16762203973,12576.264385816989,TRUE,TRUE,2988.096763777259,High-RE
Full,All ambitions pooled,R10NORTH_AM,GCAM,jobs_RE_minus_fossil_per_1k,Renewable minus fossil job-years (diagnostic),"job-years per 1,000",3,5,244.84991066511108,323.5346231115645,TRUE,TRUE,78.6847124464534,High-RE
Full,All ambitions pooled,R10NORTH_AM,GCAM,total_energy_jobyears_no_decommission_per_1k,"Total energy job-years, excluding decommissioning","job-years per 1,000",3,5,403.68557945630533,458.5781820501842,TRUE,TRUE,54.89260259387885,High-RE
Full,All ambitions pooled,R10NORTH_AM,GCAM,total_energy_jobyears_per_1k,"Total energy job-years, including decommissioning","job-years per 1,000",3,5,414.36869842440944,470.1068437661372,TRUE,TRUE,55.73814534172777,High-RE
Full,All ambitions pooled,R10NORTH_AM,IMAGE,decommission_jobyears_per_1k,Decommissioning job-years,"job-years per 1,000",69,2,6.422650138436063,11.483169321963658,TRUE,FALSE,5.060519183527595,High-RE
Full,All ambitions pooled,R10NORTH_AM,IMAGE,gross_plant_jobs_displaced_per_1k,Gross plant jobs displaced at retirement,"positions per 1,000",69,2,4.58560933958107,5.177344376976384,TRUE,FALSE,0.5917350373953143,High-RE
Full,All ambitions pooled,R10NORTH_AM,IMAGE,gross_upstream_jobs_displaced_per_1k,Gross upstream jobs displaced at retirement,"positions per 1,000",69,2,0.08792467751912131,0.09393903854636634,TRUE,FALSE,0.006014361027245035,High-RE
Full,All ambitions pooled,R10NORTH_AM,IMAGE,inferred_retirements_GW,Inferred retired capacity,GW,69,2,5727.875359479298,11541.278537833805,TRUE,FALSE,5813.403178354507,High-RE
Full,All ambitions pooled,R10NORTH_AM,IMAGE,jobs_RE_minus_fossil_per_1k,Renewable minus fossil job-years (diagnostic),"job-years per 1,000",69,2,84.42458255665825,221.3073990918147,TRUE,FALSE,136.88281653515645,High-RE
Full,All ambitions pooled,R10NORTH_AM,IMAGE,total_energy_jobyears_no_decommission_per_1k,"Total energy job-years, excluding decommissioning","job-years per 1,000",69,2,276.3710051112723,362.28911095975417,TRUE,FALSE,85.91810584848184,High-RE
Full,All ambitions pooled,R10NORTH_AM,IMAGE,total_energy_jobyears_per_1k,"Total energy job-years, including decommissioning","job-years per 1,000",69,2,282.77354793451104,373.7722802817178,TRUE,FALSE,90.99873234720678,High-RE
Full,All ambitions pooled,R10NORTH_AM,MESSAGEix,decommission_jobyears_per_1k,Decommissioning job-years,"job-years per 1,000",99,27,2.195900763186419,2.1759859405981397,TRUE,TRUE,-0.019914822588279257,High-CMT
Full,All ambitions pooled,R10NORTH_AM,MESSAGEix,gross_plant_jobs_displaced_per_1k,Gross plant jobs displaced at retirement,"positions per 1,000",99,27,0.7137120715676724,0.7111774526732829,TRUE,TRUE,-0.00253461889438944,High-CMT
Full,All ambitions pooled,R10NORTH_AM,MESSAGEix,gross_upstream_jobs_displaced_per_1k,Gross upstream jobs displaced at retirement,"positions per 1,000",99,27,0.05569324876963909,0.05891138359369104,TRUE,TRUE,0.003218134824051949,High-RE
Full,All ambitions pooled,R10NORTH_AM,MESSAGEix,inferred_retirements_GW,Inferred retired capacity,GW,99,27,1298.8631169799646,1342.0047581109538,TRUE,TRUE,43.14164113098923,High-RE
Full,All ambitions pooled,R10NORTH_AM,MESSAGEix,jobs_RE_minus_fossil_per_1k,Renewable minus fossil job-years (diagnostic),"job-years per 1,000",99,27,95.61573701097466,118.74895177115626,TRUE,TRUE,23.133214760181602,High-RE
Full,All ambitions pooled,R10NORTH_AM,MESSAGEix,total_energy_jobyears_no_decommission_per_1k,"Total energy job-years, excluding decommissioning","job-years per 1,000",99,27,220.11067701007806,222.2771678076418,TRUE,TRUE,2.166490797563739,High-RE
Full,All ambitions pooled,R10NORTH_AM,MESSAGEix,total_energy_jobyears_per_1k,"Total energy job-years, including decommissioning","job-years per 1,000",99,27,222.0568727585503,224.37287061535585,TRUE,TRUE,2.315997856805552,High-RE
Full,All ambitions pooled,R10NORTH_AM,POLES,decommission_jobyears_per_1k,Decommissioning job-years,"job-years per 1,000",60,9,5.741535846479545,2.7331977900157374,TRUE,TRUE,-3.0083380564638076,High-CMT
Full,All ambitions pooled,R10NORTH_AM,POLES,gross_plant_jobs_displaced_per_1k,Gross plant jobs displaced at retirement,"positions per 1,000",60,9,2.9314711874149113,1.5958375802853497,TRUE,TRUE,-1.3356336071295616,High-CMT
Full,All ambitions pooled,R10NORTH_AM,POLES,gross_upstream_jobs_displaced_per_1k,Gross upstream jobs displaced at retirement,"positions per 1,000",60,9,0.0673151225999988,0.05595066098388449,TRUE,TRUE,-0.011364461616114319,High-CMT
Full,All ambitions pooled,R10NORTH_AM,POLES,inferred_retirements_GW,Inferred retired capacity,GW,60,9,5154.234089811053,1260.807353258133,TRUE,TRUE,-3893.4267365529204,High-CMT
Full,All ambitions pooled,R10NORTH_AM,POLES,jobs_RE_minus_fossil_per_1k,Renewable minus fossil job-years (diagnostic),"job-years per 1,000",60,9,107.42222866067297,101.18479431538107,TRUE,TRUE,-6.237434345291902,High-CMT
Full,All ambitions pooled,R10NORTH_AM,POLES,total_energy_jobyears_no_decommission_per_1k,"Total energy job-years, excluding decommissioning","job-years per 1,000",60,9,218.3870048670732,366.12040107897917,TRUE,TRUE,147.73339621190598,High-RE
Full,All ambitions pooled,R10NORTH_AM,POLES,total_energy_jobyears_per_1k,"Total energy job-years, including decommissioning","job-years per 1,000",60,9,224.02745908623172,369.865722701664,TRUE,TRUE,145.8382636154323,High-RE
Full,All ambitions pooled,R10NORTH_AM,REMIND,decommission_jobyears_per_1k,Decommissioning job-years,"job-years per 1,000",1,224,5.37374169093406,7.293927511796529,TRUE,FALSE,1.9201858208624687,High-RE
Full,All ambitions pooled,R10NORTH_AM,REMIND,gross_plant_jobs_displaced_per_1k,Gross plant jobs displaced at retirement,"positions per 1,000",1,224,2.44144659315777,4.140217959146761,TRUE,FALSE,1.698771365988991,High-RE
Full,All ambitions pooled,R10NORTH_AM,REMIND,gross_upstream_jobs_displaced_per_1k,Gross upstream jobs displaced at retirement,"positions per 1,000",1,224,0.05602820790808575,0.049016302814042685,TRUE,FALSE,-0.007011905094043064,High-CMT
Full,All ambitions pooled,R10NORTH_AM,REMIND,inferred_retirements_GW,Inferred retired capacity,GW,1,224,5735.81248511,9831.56551,TRUE,FALSE,4095.7530248900002,High-RE
Full,All ambitions pooled,R10NORTH_AM,REMIND,jobs_RE_minus_fossil_per_1k,Renewable minus fossil job-years (diagnostic),"job-years per 1,000",1,224,138.77124313820386,260.09016595982894,TRUE,FALSE,121.31892282162508,High-RE
Full,All ambitions pooled,R10NORTH_AM,REMIND,total_energy_jobyears_no_decommission_per_1k,"Total energy job-years, excluding decommissioning","job-years per 1,000",1,224,165.06793335424155,296.5147477152202,TRUE,FALSE,131.44681436097866,High-RE
Full,All ambitions pooled,R10NORTH_AM,REMIND,total_energy_jobyears_per_1k,"Total energy job-years, including decommissioning","job-years per 1,000",1,224,170.4416750451756,303.0927449852169,TRUE,FALSE,132.65106994004128,High-RE
Full,All ambitions pooled,R10NORTH_AM,TIAM,decommission_jobyears_per_1k,Decommissioning job-years,"job-years per 1,000",12,0,2.1340815268376403,NA,FALSE,FALSE,NA,NA
Full,All ambitions pooled,R10NORTH_AM,TIAM,gross_plant_jobs_displaced_per_1k,Gross plant jobs displaced at retirement,"positions per 1,000",12,0,2.3722497781240914,NA,FALSE,FALSE,NA,NA
Full,All ambitions pooled,R10NORTH_AM,TIAM,gross_upstream_jobs_displaced_per_1k,Gross upstream jobs displaced at retirement,"positions per 1,000",12,0,0.0026393422986241296,NA,FALSE,FALSE,NA,NA
Full,All ambitions pooled,R10NORTH_AM,TIAM,inferred_retirements_GW,Inferred retired capacity,GW,12,0,3371.70878901196,NA,FALSE,FALSE,NA,NA
Full,All ambitions pooled,R10NORTH_AM,TIAM,jobs_RE_minus_fossil_per_1k,Renewable minus fossil job-years (diagnostic),"job-years per 1,000",12,0,114.97480928195336,NA,FALSE,FALSE,NA,NA
Full,All ambitions pooled,R10NORTH_AM,TIAM,total_energy_jobyears_no_decommission_per_1k,"Total energy job-years, excluding decommissioning","job-years per 1,000",12,0,160.71379008775466,NA,FALSE,FALSE,NA,NA
Full,All ambitions pooled,R10NORTH_AM,TIAM,total_energy_jobyears_per_1k,"Total energy job-years, including decommissioning","job-years per 1,000",12,0,162.8473805622387,NA,FALSE,FALSE,NA,NA
Full,All ambitions pooled,R10NORTH_AM,WITCH,decommission_jobyears_per_1k,Decommissioning job-years,"job-years per 1,000",8,16,11.622208091355962,2.640130727210443,TRUE,TRUE,-8.982077364145518,High-CMT
Full,All ambitions pooled,R10NORTH_AM,WITCH,gross_plant_jobs_displaced_per_1k,Gross plant jobs displaced at retirement,"positions per 1,000",8,16,11.864919390216084,0.9954681507579719,TRUE,TRUE,-10.869451239458112,High-CMT
Full,All ambitions pooled,R10NORTH_AM,WITCH,gross_upstream_jobs_displaced_per_1k,Gross upstream jobs displaced at retirement,"positions per 1,000",8,16,0.12362019033495913,0.05592410050700117,TRUE,TRUE,-0.06769608982795797,High-CMT
Full,All ambitions pooled,R10NORTH_AM,WITCH,inferred_retirements_GW,Inferred retired capacity,GW,8,16,14476.63808045808,1717.592651454342,TRUE,TRUE,-12759.045429003738,High-CMT
Full,All ambitions pooled,R10NORTH_AM,WITCH,jobs_RE_minus_fossil_per_1k,Renewable minus fossil job-years (diagnostic),"job-years per 1,000",8,16,371.1631404589433,97.28827111893949,TRUE,TRUE,-273.8748693400038,High-CMT
Full,All ambitions pooled,R10NORTH_AM,WITCH,total_energy_jobyears_no_decommission_per_1k,"Total energy job-years, excluding decommissioning","job-years per 1,000",8,16,611.0703559792887,295.35652000490416,TRUE,TRUE,-315.71383597438455,High-CMT
Full,All ambitions pooled,R10NORTH_AM,WITCH,total_energy_jobyears_per_1k,"Total energy job-years, including decommissioning","job-years per 1,000",8,16,622.6925640706446,300.052767348806,TRUE,TRUE,-322.6397967218386,High-CMT
Full,All ambitions pooled,R10PAC_OECD,AIM,decommission_jobyears_per_1k,Decommissioning job-years,"job-years per 1,000",21,14,5.1783835850767765,1.5435558470978124,TRUE,TRUE,-3.634827737978964,High-CMT
Full,All ambitions pooled,R10PAC_OECD,AIM,gross_plant_jobs_displaced_per_1k,Gross plant jobs displaced at retirement,"positions per 1,000",21,14,2.3161414286239332,0.3933983791318076,TRUE,TRUE,-1.9227430494921256,High-CMT
Full,All ambitions pooled,R10PAC_OECD,AIM,gross_upstream_jobs_displaced_per_1k,Gross upstream jobs displaced at retirement,"positions per 1,000",21,14,0.503109064882778,0.3575224058370603,TRUE,TRUE,-0.14558665904571766,High-CMT
Full,All ambitions pooled,R10PAC_OECD,AIM,inferred_retirements_GW,Inferred retired capacity,GW,21,14,2003.4902400000003,296.661,TRUE,TRUE,-1706.8292400000003,High-CMT
Full,All ambitions pooled,R10PAC_OECD,AIM,jobs_RE_minus_fossil_per_1k,Renewable minus fossil job-years (diagnostic),"job-years per 1,000",21,14,136.4208840588268,161.5515001176933,TRUE,TRUE,25.130616058866508,High-RE
Full,All ambitions pooled,R10PAC_OECD,AIM,total_energy_jobyears_no_decommission_per_1k,"Total energy job-years, excluding decommissioning","job-years per 1,000",21,14,249.62941893842182,262.1290412200632,TRUE,TRUE,12.499622281641365,High-RE
Full,All ambitions pooled,R10PAC_OECD,AIM,total_energy_jobyears_per_1k,"Total energy job-years, including decommissioning","job-years per 1,000",21,14,254.80188417101664,263.50840669091315,TRUE,TRUE,8.70652251989651,High-RE
Full,All ambitions pooled,R10PAC_OECD,COFFEE,decommission_jobyears_per_1k,Decommissioning job-years,"job-years per 1,000",0,8,NA,2.1125203946893443,FALSE,FALSE,NA,NA
Full,All ambitions pooled,R10PAC_OECD,COFFEE,gross_plant_jobs_displaced_per_1k,Gross plant jobs displaced at retirement,"positions per 1,000",0,8,NA,0.5478775179155493,FALSE,FALSE,NA,NA
Full,All ambitions pooled,R10PAC_OECD,COFFEE,gross_upstream_jobs_displaced_per_1k,Gross upstream jobs displaced at retirement,"positions per 1,000",0,8,NA,0.5278568072537959,FALSE,FALSE,NA,NA
Full,All ambitions pooled,R10PAC_OECD,COFFEE,inferred_retirements_GW,Inferred retired capacity,GW,0,8,NA,443.2353058000001,FALSE,FALSE,NA,NA
Full,All ambitions pooled,R10PAC_OECD,COFFEE,jobs_RE_minus_fossil_per_1k,Renewable minus fossil job-years (diagnostic),"job-years per 1,000",0,8,NA,73.6575395918107,FALSE,FALSE,NA,NA
Full,All ambitions pooled,R10PAC_OECD,COFFEE,total_energy_jobyears_no_decommission_per_1k,"Total energy job-years, excluding decommissioning","job-years per 1,000",0,8,NA,166.77730108821402,FALSE,FALSE,NA,NA
Full,All ambitions pooled,R10PAC_OECD,COFFEE,total_energy_jobyears_per_1k,"Total energy job-years, including decommissioning","job-years per 1,000",0,8,NA,168.88982148290336,FALSE,FALSE,NA,NA
Full,All ambitions pooled,R10PAC_OECD,GCAM,decommission_jobyears_per_1k,Decommissioning job-years,"job-years per 1,000",3,5,5.967031362204389,6.878471325576198,TRUE,TRUE,0.9114399633718095,High-RE
Full,All ambitions pooled,R10PAC_OECD,GCAM,gross_plant_jobs_displaced_per_1k,Gross plant jobs displaced at retirement,"positions per 1,000",3,5,2.496894815802324,2.829694982967463,TRUE,TRUE,0.3328001671651388,High-RE
Full,All ambitions pooled,R10PAC_OECD,GCAM,gross_upstream_jobs_displaced_per_1k,Gross upstream jobs displaced at retirement,"positions per 1,000",3,5,0.5869215021034981,0.4738719096592927,TRUE,TRUE,-0.11304959244420543,High-CMT
Full,All ambitions pooled,R10PAC_OECD,GCAM,inferred_retirements_GW,Inferred retired capacity,GW,3,5,1901.639386496969,2624.346969639704,TRUE,TRUE,722.7075831427351,High-RE
Full,All ambitions pooled,R10PAC_OECD,GCAM,jobs_RE_minus_fossil_per_1k,Renewable minus fossil job-years (diagnostic),"job-years per 1,000",3,5,110.99729921763254,233.5429245663256,TRUE,TRUE,122.54562534869306,High-RE
Full,All ambitions pooled,R10PAC_OECD,GCAM,total_energy_jobyears_no_decommission_per_1k,"Total energy job-years, excluding decommissioning","job-years per 1,000",3,5,196.5529213814307,300.99710522321345,TRUE,TRUE,104.44418384178275,High-RE
Full,All ambitions pooled,R10PAC_OECD,GCAM,total_energy_jobyears_per_1k,"Total energy job-years, including decommissioning","job-years per 1,000",3,5,202.51995274363512,307.87557654878964,TRUE,TRUE,105.35562380515452,High-RE
Full,All ambitions pooled,R10PAC_OECD,IMAGE,decommission_jobyears_per_1k,Decommissioning job-years,"job-years per 1,000",66,2,3.526856194374193,5.518419458582091,TRUE,FALSE,1.991563264207898,High-RE
Full,All ambitions pooled,R10PAC_OECD,IMAGE,gross_plant_jobs_displaced_per_1k,Gross plant jobs displaced at retirement,"positions per 1,000",66,2,1.4992307073623197,1.9704839675658694,TRUE,FALSE,0.47125326020354974,High-RE
Full,All ambitions pooled,R10PAC_OECD,IMAGE,gross_upstream_jobs_displaced_per_1k,Gross upstream jobs displaced at retirement,"positions per 1,000",66,2,0.4159495402001936,0.651444673340063,TRUE,FALSE,0.23549513313986936,High-RE
Full,All ambitions pooled,R10PAC_OECD,IMAGE,inferred_retirements_GW,Inferred retired capacity,GW,66,2,1082.3765039551267,1807.4939459631055,TRUE,FALSE,725.1174420079788,High-RE
Full,All ambitions pooled,R10PAC_OECD,IMAGE,jobs_RE_minus_fossil_per_1k,Renewable minus fossil job-years (diagnostic),"job-years per 1,000",66,2,43.54568522881271,104.07470001269499,TRUE,FALSE,60.52901478388228,High-RE
Full,All ambitions pooled,R10PAC_OECD,IMAGE,total_energy_jobyears_no_decommission_per_1k,"Total energy job-years, excluding decommissioning","job-years per 1,000",66,2,119.85719124175182,224.17457472501957,TRUE,FALSE,104.31738348326775,High-RE
Full,All ambitions pooled,R10PAC_OECD,IMAGE,total_energy_jobyears_per_1k,"Total energy job-years, including decommissioning","job-years per 1,000",66,2,123.4994103533835,229.69299418360166,TRUE,FALSE,106.19358383021816,High-RE
Full,All ambitions pooled,R10PAC_OECD,MESSAGEix,decommission_jobyears_per_1k,Decommissioning job-years,"job-years per 1,000",99,27,1.219302981446165,1.1736706859523192,TRUE,TRUE,-0.04563229549384573,High-CMT
Full,All ambitions pooled,R10PAC_OECD,MESSAGEix,gross_plant_jobs_displaced_per_1k,Gross plant jobs displaced at retirement,"positions per 1,000",99,27,0.31532446996650326,0.34927634487955533,TRUE,TRUE,0.03395187491305207,High-RE
Full,All ambitions pooled,R10PAC_OECD,MESSAGEix,gross_upstream_jobs_displaced_per_1k,Gross upstream jobs displaced at retirement,"positions per 1,000",99,27,0.2918247210440053,0.2917976069080394,TRUE,TRUE,-2.7114135965899955e-5,High-CMT
Full,All ambitions pooled,R10PAC_OECD,MESSAGEix,inferred_retirements_GW,Inferred retired capacity,GW,99,27,324.09214908451446,379.56060244934145,TRUE,TRUE,55.468453364826985,High-RE
Full,All ambitions pooled,R10PAC_OECD,MESSAGEix,jobs_RE_minus_fossil_per_1k,Renewable minus fossil job-years (diagnostic),"job-years per 1,000",99,27,54.590445755136834,78.3062947964272,TRUE,TRUE,23.71584904129036,High-RE
Full,All ambitions pooled,R10PAC_OECD,MESSAGEix,total_energy_jobyears_no_decommission_per_1k,"Total energy job-years, excluding decommissioning","job-years per 1,000",99,27,151.18792094952207,148.38898529360347,TRUE,TRUE,-2.798935655918598,High-CMT
Full,All ambitions pooled,R10PAC_OECD,MESSAGEix,total_energy_jobyears_per_1k,"Total energy job-years, including decommissioning","job-years per 1,000",99,27,152.40722393096823,149.48961304935372,TRUE,TRUE,-2.9176108816145074,High-CMT
Full,All ambitions pooled,R10PAC_OECD,POLES,decommission_jobyears_per_1k,Decommissioning job-years,"job-years per 1,000",60,9,6.601314444092291,2.414654975687002,TRUE,TRUE,-4.186659468405289,High-CMT
Full,All ambitions pooled,R10PAC_OECD,POLES,gross_plant_jobs_displaced_per_1k,Gross plant jobs displaced at retirement,"positions per 1,000",60,9,2.930300002086371,0.906415253703135,TRUE,TRUE,-2.023884748383236,High-CMT
Full,All ambitions pooled,R10PAC_OECD,POLES,gross_upstream_jobs_displaced_per_1k,Gross upstream jobs displaced at retirement,"positions per 1,000",60,9,0.6488595500198375,0.6241469558591521,TRUE,TRUE,-0.024712594160685386,High-CMT
Full,All ambitions pooled,R10PAC_OECD,POLES,inferred_retirements_GW,Inferred retired capacity,GW,60,9,2602.6244060352446,498.806757926941,TRUE,TRUE,-2103.8176481083037,High-CMT
Full,All ambitions pooled,R10PAC_OECD,POLES,jobs_RE_minus_fossil_per_1k,Renewable minus fossil job-years (diagnostic),"job-years per 1,000",60,9,176.86835024162642,99.39208691039673,TRUE,TRUE,-77.47626333122969,High-CMT
Full,All ambitions pooled,R10PAC_OECD,POLES,total_energy_jobyears_no_decommission_per_1k,"Total energy job-years, excluding decommissioning","job-years per 1,000",60,9,303.50659133076215,247.64795200927767,TRUE,TRUE,-55.858639321484475,High-CMT
Full,All ambitions pooled,R10PAC_OECD,POLES,total_energy_jobyears_per_1k,"Total energy job-years, including decommissioning","job-years per 1,000",60,9,310.15083149135154,249.73220423386496,TRUE,TRUE,-60.41862725748658,High-CMT
Full,All ambitions pooled,R10PAC_OECD,REMIND,decommission_jobyears_per_1k,Decommissioning job-years,"job-years per 1,000",1,220,2.7022490037353912,2.872607376679651,TRUE,FALSE,0.1703583729442597,High-RE
Full,All ambitions pooled,R10PAC_OECD,REMIND,gross_plant_jobs_displaced_per_1k,Gross plant jobs displaced at retirement,"positions per 1,000",1,220,1.1764233143748428,1.5010973003317267,TRUE,FALSE,0.3246739859568839,High-RE
Full,All ambitions pooled,R10PAC_OECD,REMIND,gross_upstream_jobs_displaced_per_1k,Gross upstream jobs displaced at retirement,"positions per 1,000",1,220,0.19755862502920818,0.21329241396898407,TRUE,FALSE,0.015733788939775895,High-RE
Full,All ambitions pooled,R10PAC_OECD,REMIND,inferred_retirements_GW,Inferred retired capacity,GW,1,220,1052.1399308399998,1337.725735,TRUE,FALSE,285.5858041600002,High-RE
Full,All ambitions pooled,R10PAC_OECD,REMIND,jobs_RE_minus_fossil_per_1k,Renewable minus fossil job-years (diagnostic),"job-years per 1,000",1,220,80.88625239329636,102.48162950086247,TRUE,FALSE,21.595377107566108,High-RE
Full,All ambitions pooled,R10PAC_OECD,REMIND,total_energy_jobyears_no_decommission_per_1k,"Total energy job-years, excluding decommissioning","job-years per 1,000",1,220,107.64712576749345,147.6634510544,TRUE,FALSE,40.016325286906564,High-RE
Full,All ambitions pooled,R10PAC_OECD,REMIND,total_energy_jobyears_per_1k,"Total energy job-years, including decommissioning","job-years per 1,000",1,220,110.34937477122884,150.7264545883562,TRUE,FALSE,40.37707981712737,High-RE
Full,All ambitions pooled,R10PAC_OECD,TIAM,decommission_jobyears_per_1k,Decommissioning job-years,"job-years per 1,000",12,0,1.403316567794636,NA,FALSE,FALSE,NA,NA
Full,All ambitions pooled,R10PAC_OECD,TIAM,gross_plant_jobs_displaced_per_1k,Gross plant jobs displaced at retirement,"positions per 1,000",12,0,1.1298185929449978,NA,FALSE,FALSE,NA,NA
Full,All ambitions pooled,R10PAC_OECD,TIAM,gross_upstream_jobs_displaced_per_1k,Gross upstream jobs displaced at retirement,"positions per 1,000",12,0,0.0032497238500694076,NA,FALSE,FALSE,NA,NA
Full,All ambitions pooled,R10PAC_OECD,TIAM,inferred_retirements_GW,Inferred retired capacity,GW,12,0,959.7852671770479,NA,FALSE,FALSE,NA,NA
Full,All ambitions pooled,R10PAC_OECD,TIAM,jobs_RE_minus_fossil_per_1k,Renewable minus fossil job-years (diagnostic),"job-years per 1,000",12,0,77.22736266216988,NA,FALSE,FALSE,NA,NA
Full,All ambitions pooled,R10PAC_OECD,TIAM,total_energy_jobyears_no_decommission_per_1k,"Total energy job-years, excluding decommissioning","job-years per 1,000",12,0,122.87748997532728,NA,FALSE,FALSE,NA,NA
Full,All ambitions pooled,R10PAC_OECD,TIAM,total_energy_jobyears_per_1k,"Total energy job-years, including decommissioning","job-years per 1,000",12,0,124.25943029196917,NA,FALSE,FALSE,NA,NA
Full,All ambitions pooled,R10PAC_OECD,WITCH,decommission_jobyears_per_1k,Decommissioning job-years,"job-years per 1,000",8,16,7.594419613701884,2.282796031688454,TRUE,TRUE,-5.31162358201343,High-CMT
Full,All ambitions pooled,R10PAC_OECD,WITCH,gross_plant_jobs_displaced_per_1k,Gross plant jobs displaced at retirement,"positions per 1,000",8,16,4.686001563558053,0.9814392540386527,TRUE,TRUE,-3.7045623095194,High-CMT
Full,All ambitions pooled,R10PAC_OECD,WITCH,gross_upstream_jobs_displaced_per_1k,Gross upstream jobs displaced at retirement,"positions per 1,000",8,16,0.4828859349326857,0.45745077839613857,TRUE,TRUE,-0.025435156536547154,High-CMT
Full,All ambitions pooled,R10PAC_OECD,WITCH,inferred_retirements_GW,Inferred retired capacity,GW,8,16,3650.35408617299,383.29065169766017,TRUE,TRUE,-3267.06343447533,High-CMT
Full,All ambitions pooled,R10PAC_OECD,WITCH,jobs_RE_minus_fossil_per_1k,Renewable minus fossil job-years (diagnostic),"job-years per 1,000",8,16,274.7025468096972,56.28675644544182,TRUE,TRUE,-218.41579036425537,High-CMT
Full,All ambitions pooled,R10PAC_OECD,WITCH,total_energy_jobyears_no_decommission_per_1k,"Total energy job-years, excluding decommissioning","job-years per 1,000",8,16,412.7544320405774,165.26434006745626,TRUE,TRUE,-247.49009197312114,High-CMT
Full,All ambitions pooled,R10PAC_OECD,WITCH,total_energy_jobyears_per_1k,"Total energy job-years, including decommissioning","job-years per 1,000",8,16,420.259994115792,167.49951007562754,TRUE,TRUE,-252.76048404016444,High-CMT
Full,All ambitions pooled,R10REF_ECON,AIM,decommission_jobyears_per_1k,Decommissioning job-years,"job-years per 1,000",21,14,51.49497492495522,9.379920576163414,TRUE,TRUE,-42.11505434879181,High-CMT
Full,All ambitions pooled,R10REF_ECON,AIM,gross_plant_jobs_displaced_per_1k,Gross plant jobs displaced at retirement,"positions per 1,000",21,14,23.42495022717448,2.7024311169812174,TRUE,TRUE,-20.722519110193264,High-CMT
Full,All ambitions pooled,R10REF_ECON,AIM,gross_upstream_jobs_displaced_per_1k,Gross upstream jobs displaced at retirement,"positions per 1,000",21,14,2.5015165268058444,1.7471813946173618,TRUE,TRUE,-0.7543351321884826,High-CMT
Full,All ambitions pooled,R10REF_ECON,AIM,inferred_retirements_GW,Inferred retired capacity,GW,21,14,5631.047619999999,853.29865,TRUE,TRUE,-4777.74897,High-CMT
Full,All ambitions pooled,R10REF_ECON,AIM,jobs_RE_minus_fossil_per_1k,Renewable minus fossil job-years (diagnostic),"job-years per 1,000",21,14,883.1310591342867,901.0200964265043,TRUE,TRUE,17.88903729221761,High-RE
Full,All ambitions pooled,R10REF_ECON,AIM,total_energy_jobyears_no_decommission_per_1k,"Total energy job-years, excluding decommissioning","job-years per 1,000",21,14,1989.9465708361117,1839.7392200547215,TRUE,TRUE,-150.20735078139023,High-CMT
Full,All ambitions pooled,R10REF_ECON,AIM,total_energy_jobyears_per_1k,"Total energy job-years, including decommissioning","job-years per 1,000",21,14,2040.942858490488,1846.8749430876433,TRUE,TRUE,-194.06791540284485,High-CMT
Full,All ambitions pooled,R10REF_ECON,COFFEE,decommission_jobyears_per_1k,Decommissioning job-years,"job-years per 1,000",0,8,NA,6.032659606456951,FALSE,FALSE,NA,NA
Full,All ambitions pooled,R10REF_ECON,COFFEE,gross_plant_jobs_displaced_per_1k,Gross plant jobs displaced at retirement,"positions per 1,000",0,8,NA,2.1072110985992634,FALSE,FALSE,NA,NA
Full,All ambitions pooled,R10REF_ECON,COFFEE,gross_upstream_jobs_displaced_per_1k,Gross upstream jobs displaced at retirement,"positions per 1,000",0,8,NA,1.478699163210079,FALSE,FALSE,NA,NA
Full,All ambitions pooled,R10REF_ECON,COFFEE,inferred_retirements_GW,Inferred retired capacity,GW,0,8,NA,421.52566445312505,FALSE,FALSE,NA,NA
Full,All ambitions pooled,R10REF_ECON,COFFEE,jobs_RE_minus_fossil_per_1k,Renewable minus fossil job-years (diagnostic),"job-years per 1,000",0,8,NA,855.9304846554949,FALSE,FALSE,NA,NA
Full,All ambitions pooled,R10REF_ECON,COFFEE,total_energy_jobyears_no_decommission_per_1k,"Total energy job-years, excluding decommissioning","job-years per 1,000",0,8,NA,1032.0972866216123,FALSE,FALSE,NA,NA
Full,All ambitions pooled,R10REF_ECON,COFFEE,total_energy_jobyears_per_1k,"Total energy job-years, including decommissioning","job-years per 1,000",0,8,NA,1038.3516030384683,FALSE,FALSE,NA,NA
Full,All ambitions pooled,R10REF_ECON,GCAM,decommission_jobyears_per_1k,Decommissioning job-years,"job-years per 1,000",3,5,28.30641956905639,27.581367781158743,TRUE,TRUE,-0.7250517878976481,High-CMT
Full,All ambitions pooled,R10REF_ECON,GCAM,gross_plant_jobs_displaced_per_1k,Gross plant jobs displaced at retirement,"positions per 1,000",3,5,12.096808524383148,12.663659585305266,TRUE,TRUE,0.5668510609221187,High-RE
Full,All ambitions pooled,R10REF_ECON,GCAM,gross_upstream_jobs_displaced_per_1k,Gross upstream jobs displaced at retirement,"positions per 1,000",3,5,1.0058093690080496,0.9436255423640214,TRUE,TRUE,-0.06218382664402822,High-CMT
Full,All ambitions pooled,R10REF_ECON,GCAM,inferred_retirements_GW,Inferred retired capacity,GW,3,5,2793.876823280636,4220.697038522123,TRUE,TRUE,1426.820215241487,High-RE
Full,All ambitions pooled,R10REF_ECON,GCAM,jobs_RE_minus_fossil_per_1k,Renewable minus fossil job-years (diagnostic),"job-years per 1,000",3,5,551.4272338854267,934.5646857375689,TRUE,TRUE,383.13745185214214,High-RE
Full,All ambitions pooled,R10REF_ECON,GCAM,total_energy_jobyears_no_decommission_per_1k,"Total energy job-years, excluding decommissioning","job-years per 1,000",3,5,918.1694644565232,1150.0405638059435,TRUE,TRUE,231.87109934942032,High-RE
Full,All ambitions pooled,R10REF_ECON,GCAM,total_energy_jobyears_per_1k,"Total energy job-years, including decommissioning","job-years per 1,000",3,5,946.4758840255796,1177.6219315871022,TRUE,TRUE,231.14604756152255,High-RE
Full,All ambitions pooled,R10REF_ECON,IMAGE,decommission_jobyears_per_1k,Decommissioning job-years,"job-years per 1,000",69,2,17.7163369924855,28.52827754881082,TRUE,FALSE,10.811940556325322,High-RE
Full,All ambitions pooled,R10REF_ECON,IMAGE,gross_plant_jobs_displaced_per_1k,Gross plant jobs displaced at retirement,"positions per 1,000",69,2,9.1108982558035585,10.154461162637968,TRUE,FALSE,1.0435629068344099,High-RE
Full,All ambitions pooled,R10REF_ECON,IMAGE,gross_upstream_jobs_displaced_per_1k,Gross upstream jobs displaced at retirement,"positions per 1,000",69,2,2.2199034086275047,2.732807705341049,TRUE,FALSE,0.5129042967135442,High-RE
Full,All ambitions pooled,R10REF_ECON,IMAGE,inferred_retirements_GW,Inferred retired capacity,GW,69,2,1691.6131101660883,3364.107533501901,TRUE,FALSE,1672.4944233358126,High-RE
Full,All ambitions pooled,R10REF_ECON,IMAGE,jobs_RE_minus_fossil_per_1k,Renewable minus fossil job-years (diagnostic),"job-years per 1,000",69,2,18.00164408731646,383.8147301120853,TRUE,FALSE,365.81308602476884,High-RE
Full,All ambitions pooled,R10REF_ECON,IMAGE,total_energy_jobyears_no_decommission_per_1k,"Total energy job-years, excluding decommissioning","job-years per 1,000",69,2,740.52907461224,976.571024792175,TRUE,FALSE,236.04195017993493,High-RE
Full,All ambitions pooled,R10REF_ECON,IMAGE,total_energy_jobyears_per_1k,"Total energy job-years, including decommissioning","job-years per 1,000",69,2,766.8688006881598,1005.0993023409857,TRUE,FALSE,238.23050165282586,High-RE
Full,All ambitions pooled,R10REF_ECON,MESSAGEix,decommission_jobyears_per_1k,Decommissioning job-years,"job-years per 1,000",99,27,6.021866512998826,5.417727682836129,TRUE,TRUE,-0.6041388301626966,High-CMT
Full,All ambitions pooled,R10REF_ECON,MESSAGEix,gross_plant_jobs_displaced_per_1k,Gross plant jobs displaced at retirement,"positions per 1,000",99,27,1.6316779661386636,1.6448878219005965,TRUE,TRUE,0.013209855761932898,High-RE
Full,All ambitions pooled,R10REF_ECON,MESSAGEix,gross_upstream_jobs_displaced_per_1k,Gross upstream jobs displaced at retirement,"positions per 1,000",99,27,1.1895372332507814,1.1891599098277765,TRUE,TRUE,-3.7732342300489385e-4,High-CMT
Full,All ambitions pooled,R10REF_ECON,MESSAGEix,inferred_retirements_GW,Inferred retired capacity,GW,99,27,434.2731337215465,458.54897449488817,TRUE,TRUE,24.275840773341656,High-RE
Full,All ambitions pooled,R10REF_ECON,MESSAGEix,jobs_RE_minus_fossil_per_1k,Renewable minus fossil job-years (diagnostic),"job-years per 1,000",99,27,490.85546740244206,628.768296934055,TRUE,TRUE,137.91282953161294,High-RE
Full,All ambitions pooled,R10REF_ECON,MESSAGEix,total_energy_jobyears_no_decommission_per_1k,"Total energy job-years, excluding decommissioning","job-years per 1,000",99,27,752.1740886665625,921.9261411242497,TRUE,TRUE,169.75205245768723,High-RE
Full,All ambitions pooled,R10REF_ECON,MESSAGEix,total_energy_jobyears_per_1k,"Total energy job-years, including decommissioning","job-years per 1,000",99,27,757.7919581086703,926.5483484566399,TRUE,TRUE,168.7563903479696,High-RE
Full,All ambitions pooled,R10REF_ECON,POLES,decommission_jobyears_per_1k,Decommissioning job-years,"job-years per 1,000",60,9,18.50456638367242,4.228684090506263,TRUE,TRUE,-14.275882293166156,High-CMT
Full,All ambitions pooled,R10REF_ECON,POLES,gross_plant_jobs_displaced_per_1k,Gross plant jobs displaced at retirement,"positions per 1,000",60,9,7.589556734031599,1.2849434220070708,TRUE,TRUE,-6.304613312024529,High-CMT
Full,All ambitions pooled,R10REF_ECON,POLES,gross_upstream_jobs_displaced_per_1k,Gross upstream jobs displaced at retirement,"positions per 1,000",60,9,1.3654959651391345,0.7857146935344684,TRUE,TRUE,-0.5797812716046661,High-CMT
Full,All ambitions pooled,R10REF_ECON,POLES,inferred_retirements_GW,Inferred retired capacity,GW,60,9,2103.98345421385,212.41809999942762,TRUE,TRUE,-1891.5653542144225,High-CMT
Full,All ambitions pooled,R10REF_ECON,POLES,jobs_RE_minus_fossil_per_1k,Renewable minus fossil job-years (diagnostic),"job-years per 1,000",60,9,342.28641185052,279.9061973107554,TRUE,TRUE,-62.38021453976461,High-CMT
Full,All ambitions pooled,R10REF_ECON,POLES,total_energy_jobyears_no_decommission_per_1k,"Total energy job-years, excluding decommissioning","job-years per 1,000",60,9,785.5873861191178,727.5810309031284,TRUE,TRUE,-58.0063552159894,High-CMT
Full,All ambitions pooled,R10REF_ECON,POLES,total_energy_jobyears_per_1k,"Total energy job-years, including decommissioning","job-years per 1,000",60,9,804.584808054552,732.0274406784293,TRUE,TRUE,-72.55736737612267,High-CMT
Full,All ambitions pooled,R10REF_ECON,REMIND,decommission_jobyears_per_1k,Decommissioning job-years,"job-years per 1,000",1,224,21.05317429446903,18.377525741941025,TRUE,FALSE,-2.6756485525280063,High-CMT
Full,All ambitions pooled,R10REF_ECON,REMIND,gross_plant_jobs_displaced_per_1k,Gross plant jobs displaced at retirement,"positions per 1,000",1,224,8.869424727733591,9.638683447535916,TRUE,FALSE,0.7692587198023251,High-RE
Full,All ambitions pooled,R10REF_ECON,REMIND,gross_upstream_jobs_displaced_per_1k,Gross upstream jobs displaced at retirement,"positions per 1,000",1,224,0.8482662497123334,1.0489061218338667,TRUE,FALSE,0.20063987212153322,High-RE
Full,All ambitions pooled,R10REF_ECON,REMIND,inferred_retirements_GW,Inferred retired capacity,GW,1,224,2970.5089607699997,2756.4837300000004,TRUE,FALSE,-214.02523076999933,High-CMT
Full,All ambitions pooled,R10REF_ECON,REMIND,jobs_RE_minus_fossil_per_1k,Renewable minus fossil job-years (diagnostic),"job-years per 1,000",1,224,616.1659668874,616.8468656615271,TRUE,FALSE,0.6808987741270585,High-RE
Full,All ambitions pooled,R10REF_ECON,REMIND,total_energy_jobyears_no_decommission_per_1k,"Total energy job-years, excluding decommissioning","job-years per 1,000",1,224,761.130472920212,857.2783055107459,TRUE,FALSE,96.14783259053388,High-RE
Full,All ambitions pooled,R10REF_ECON,REMIND,total_energy_jobyears_per_1k,"Total energy job-years, including decommissioning","job-years per 1,000",1,224,782.1836472146811,874.3239445573045,TRUE,FALSE,92.1402973426234,High-RE
Full,All ambitions pooled,R10REF_ECON,TIAM,decommission_jobyears_per_1k,Decommissioning job-years,"job-years per 1,000",12,0,5.016644562686029,NA,FALSE,FALSE,NA,NA
Full,All ambitions pooled,R10REF_ECON,TIAM,gross_plant_jobs_displaced_per_1k,Gross plant jobs displaced at retirement,"positions per 1,000",12,0,2.6312219359127287,NA,FALSE,FALSE,NA,NA
Full,All ambitions pooled,R10REF_ECON,TIAM,gross_upstream_jobs_displaced_per_1k,Gross upstream jobs displaced at retirement,"positions per 1,000",12,0,0.00505900417608181,NA,FALSE,FALSE,NA,NA
Full,All ambitions pooled,R10REF_ECON,TIAM,inferred_retirements_GW,Inferred retired capacity,GW,12,0,533.8951845902887,NA,FALSE,FALSE,NA,NA
Full,All ambitions pooled,R10REF_ECON,TIAM,jobs_RE_minus_fossil_per_1k,Renewable minus fossil job-years (diagnostic),"job-years per 1,000",12,0,157.6399749970983,NA,FALSE,FALSE,NA,NA
Full,All ambitions pooled,R10REF_ECON,TIAM,total_energy_jobyears_no_decommission_per_1k,"Total energy job-years, excluding decommissioning","job-years per 1,000",12,0,219.1736869914204,NA,FALSE,FALSE,NA,NA
Full,All ambitions pooled,R10REF_ECON,TIAM,total_energy_jobyears_per_1k,"Total energy job-years, including decommissioning","job-years per 1,000",12,0,224.5913192748883,NA,FALSE,FALSE,NA,NA
Full,All ambitions pooled,R10REF_ECON,WITCH,decommission_jobyears_per_1k,Decommissioning job-years,"job-years per 1,000",8,16,51.36392507198311,7.40026602124764,TRUE,TRUE,-43.96365905073547,High-CMT
Full,All ambitions pooled,R10REF_ECON,WITCH,gross_plant_jobs_displaced_per_1k,Gross plant jobs displaced at retirement,"positions per 1,000",8,16,39.876597796163146,1.9038544945084275,TRUE,TRUE,-37.97274330165472,High-CMT
Full,All ambitions pooled,R10REF_ECON,WITCH,gross_upstream_jobs_displaced_per_1k,Gross upstream jobs displaced at retirement,"positions per 1,000",8,16,2.0576163253013626,1.3183501772525168,TRUE,TRUE,-0.7392661480488458,High-CMT
Full,All ambitions pooled,R10REF_ECON,WITCH,inferred_retirements_GW,Inferred retired capacity,GW,8,16,7908.006848045086,599.4844333074818,TRUE,TRUE,-7308.522414737605,High-CMT
Full,All ambitions pooled,R10REF_ECON,WITCH,jobs_RE_minus_fossil_per_1k,Renewable minus fossil job-years (diagnostic),"job-years per 1,000",8,16,1592.0427072422983,475.68377664196464,TRUE,TRUE,-1116.3589306003337,High-CMT
Full,All ambitions pooled,R10REF_ECON,WITCH,total_energy_jobyears_no_decommission_per_1k,"Total energy job-years, excluding decommissioning","job-years per 1,000",8,16,2515.174861125205,905.9286099923552,TRUE,TRUE,-1609.24625113285,High-CMT
Full,All ambitions pooled,R10REF_ECON,WITCH,total_energy_jobyears_per_1k,"Total energy job-years, including decommissioning","job-years per 1,000",8,16,2566.563084404451,924.9512758971875,TRUE,TRUE,-1641.6118085072633,High-CMT
Full,All ambitions pooled,R10REST_ASIA,AIM,decommission_jobyears_per_1k,Decommissioning job-years,"job-years per 1,000",21,14,4.927191102585511,0.7937669475265525,TRUE,TRUE,-4.133424155058959,High-CMT
Full,All ambitions pooled,R10REST_ASIA,AIM,gross_plant_jobs_displaced_per_1k,Gross plant jobs displaced at retirement,"positions per 1,000",21,14,4.06874962740068,0.14962554604641973,TRUE,TRUE,-3.9191240813542607,High-CMT
Full,All ambitions pooled,R10REST_ASIA,AIM,gross_upstream_jobs_displaced_per_1k,Gross upstream jobs displaced at retirement,"positions per 1,000",21,14,0.3422219902210448,0.26098956556116754,TRUE,TRUE,-0.08123242465987729,High-CMT
Full,All ambitions pooled,R10REST_ASIA,AIM,inferred_retirements_GW,Inferred retired capacity,GW,21,14,6160.732000000001,381.15290000000005,TRUE,TRUE,-5779.579100000001,High-CMT
Full,All ambitions pooled,R10REST_ASIA,AIM,jobs_RE_minus_fossil_per_1k,Renewable minus fossil job-years (diagnostic),"job-years per 1,000",21,14,163.1339270384987,215.28127394963775,TRUE,TRUE,52.14734691113904,High-RE
Full,All ambitions pooled,R10REST_ASIA,AIM,total_energy_jobyears_no_decommission_per_1k,"Total energy job-years, excluding decommissioning","job-years per 1,000",21,14,286.03774638197126,334.32331059400656,TRUE,TRUE,48.2855642120353,High-RE
Full,All ambitions pooled,R10REST_ASIA,AIM,total_energy_jobyears_per_1k,"Total energy job-years, including decommissioning","job-years per 1,000",21,14,290.9649374845568,337.71652860475854,TRUE,TRUE,46.75159112020174,High-RE
Full,All ambitions pooled,R10REST_ASIA,COFFEE,decommission_jobyears_per_1k,Decommissioning job-years,"job-years per 1,000",0,8,NA,0.5403346091016188,FALSE,FALSE,NA,NA
Full,All ambitions pooled,R10REST_ASIA,COFFEE,gross_plant_jobs_displaced_per_1k,Gross plant jobs displaced at retirement,"positions per 1,000",0,8,NA,0.12567870592308544,FALSE,FALSE,NA,NA
Full,All ambitions pooled,R10REST_ASIA,COFFEE,gross_upstream_jobs_displaced_per_1k,Gross upstream jobs displaced at retirement,"positions per 1,000",0,8,NA,0.10854543958544316,FALSE,FALSE,NA,NA
Full,All ambitions pooled,R10REST_ASIA,COFFEE,inferred_retirements_GW,Inferred retired capacity,GW,0,8,NA,358.41436532125,FALSE,FALSE,NA,NA
Full,All ambitions pooled,R10REST_ASIA,COFFEE,jobs_RE_minus_fossil_per_1k,Renewable minus fossil job-years (diagnostic),"job-years per 1,000",0,8,NA,45.12589233726817,FALSE,FALSE,NA,NA
Full,All ambitions pooled,R10REST_ASIA,COFFEE,total_energy_jobyears_no_decommission_per_1k,"Total energy job-years, excluding decommissioning","job-years per 1,000",0,8,NA,55.650994131935065,FALSE,FALSE,NA,NA
Full,All ambitions pooled,R10REST_ASIA,COFFEE,total_energy_jobyears_per_1k,"Total energy job-years, including decommissioning","job-years per 1,000",0,8,NA,56.21598446591932,FALSE,FALSE,NA,NA
Full,All ambitions pooled,R10REST_ASIA,GCAM,decommission_jobyears_per_1k,Decommissioning job-years,"job-years per 1,000",3,5,5.878148688981011,9.46152409959294,TRUE,TRUE,3.5833754106119295,High-RE
Full,All ambitions pooled,R10REST_ASIA,GCAM,gross_plant_jobs_displaced_per_1k,Gross plant jobs displaced at retirement,"positions per 1,000",3,5,3.3445225401335015,8.891053854695791,TRUE,TRUE,5.546531314562289,High-RE
Full,All ambitions pooled,R10REST_ASIA,GCAM,gross_upstream_jobs_displaced_per_1k,Gross upstream jobs displaced at retirement,"positions per 1,000",3,5,0.5887924748607865,0.2297366815576698,TRUE,TRUE,-0.35905579330311665,High-CMT
Full,All ambitions pooled,R10REST_ASIA,GCAM,inferred_retirements_GW,Inferred retired capacity,GW,3,5,5729.640722051897,12749.781729142574,TRUE,TRUE,7020.141007090678,High-RE
Full,All ambitions pooled,R10REST_ASIA,GCAM,jobs_RE_minus_fossil_per_1k,Renewable minus fossil job-years (diagnostic),"job-years per 1,000",3,5,124.02008515646418,537.8675686292266,TRUE,TRUE,413.84748347276246,High-RE
Full,All ambitions pooled,R10REST_ASIA,GCAM,total_energy_jobyears_no_decommission_per_1k,"Total energy job-years, excluding decommissioning","job-years per 1,000",3,5,246.4524612602266,564.3382627706219,TRUE,TRUE,317.88580151039525,High-RE
Full,All ambitions pooled,R10REST_ASIA,GCAM,total_energy_jobyears_per_1k,"Total energy job-years, including decommissioning","job-years per 1,000",3,5,252.20978637993534,573.8191494054618,TRUE,TRUE,321.6093630255264,High-RE
Full,All ambitions pooled,R10REST_ASIA,IMAGE,decommission_jobyears_per_1k,Decommissioning job-years,"job-years per 1,000",66,2,3.553959065749256,7.977263833667195,TRUE,FALSE,4.423304767917939,High-RE
Full,All ambitions pooled,R10REST_ASIA,IMAGE,gross_plant_jobs_displaced_per_1k,Gross plant jobs displaced at retirement,"positions per 1,000",66,2,2.257009282299193,5.212455383066261,TRUE,FALSE,2.955446100767068,High-RE
Full,All ambitions pooled,R10REST_ASIA,IMAGE,gross_upstream_jobs_displaced_per_1k,Gross upstream jobs displaced at retirement,"positions per 1,000",66,2,0.3307343569934533,0.9346842654132024,TRUE,FALSE,0.603949908419749,High-RE
Full,All ambitions pooled,R10REST_ASIA,IMAGE,inferred_retirements_GW,Inferred retired capacity,GW,66,2,3434.9174761915383,8501.070564911402,TRUE,FALSE,5066.153088719864,High-RE
Full,All ambitions pooled,R10REST_ASIA,IMAGE,jobs_RE_minus_fossil_per_1k,Renewable minus fossil job-years (diagnostic),"job-years per 1,000",66,2,109.13026702522751,236.222422969129,TRUE,FALSE,127.0921559439015,High-RE
Full,All ambitions pooled,R10REST_ASIA,IMAGE,total_energy_jobyears_no_decommission_per_1k,"Total energy job-years, excluding decommissioning","job-years per 1,000",66,2,202.58546229682787,452.0768974376888,TRUE,FALSE,249.49143514086091,High-RE
Full,All ambitions pooled,R10REST_ASIA,IMAGE,total_energy_jobyears_per_1k,"Total energy job-years, including decommissioning","job-years per 1,000",66,2,206.7950549747406,460.05416127135595,TRUE,FALSE,253.25910629661536,High-RE
Full,All ambitions pooled,R10REST_ASIA,MESSAGEix,decommission_jobyears_per_1k,Decommissioning job-years,"job-years per 1,000",99,27,0.6062846233423442,0.7971907357727055,TRUE,TRUE,0.19090611243036126,High-RE
Full,All ambitions pooled,R10REST_ASIA,MESSAGEix,gross_plant_jobs_displaced_per_1k,Gross plant jobs displaced at retirement,"positions per 1,000",99,27,0.1687028443940042,0.25670401619306193,TRUE,TRUE,0.08800117179905773,High-RE
Full,All ambitions pooled,R10REST_ASIA,MESSAGEix,gross_upstream_jobs_displaced_per_1k,Gross upstream jobs displaced at retirement,"positions per 1,000",99,27,0.11676705088856547,0.11850497283671882,TRUE,TRUE,0.0017379219481533509,High-RE
Full,All ambitions pooled,R10REST_ASIA,MESSAGEix,inferred_retirements_GW,Inferred retired capacity,GW,99,27,301.7811409993346,329.3180939174725,TRUE,TRUE,27.5369529181379,High-RE
Full,All ambitions pooled,R10REST_ASIA,MESSAGEix,jobs_RE_minus_fossil_per_1k,Renewable minus fossil job-years (diagnostic),"job-years per 1,000",99,27,133.41776512457503,151.60183471339198,TRUE,TRUE,18.184069588816953,High-RE
Full,All ambitions pooled,R10REST_ASIA,MESSAGEix,total_energy_jobyears_no_decommission_per_1k,"Total energy job-years, excluding decommissioning","job-years per 1,000",99,27,189.83022742982038,222.16781799611033,TRUE,TRUE,32.33759056628995,High-RE
Full,All ambitions pooled,R10REST_ASIA,MESSAGEix,total_energy_jobyears_per_1k,"Total energy job-years, including decommissioning","job-years per 1,000",99,27,190.6656093409975,222.58010419494465,TRUE,TRUE,31.91449485394716,High-RE
Full,All ambitions pooled,R10REST_ASIA,POLES,decommission_jobyears_per_1k,Decommissioning job-years,"job-years per 1,000",60,9,2.939366966219343,0.9097142784706711,TRUE,TRUE,-2.029652687748672,High-CMT
Full,All ambitions pooled,R10REST_ASIA,POLES,gross_plant_jobs_displaced_per_1k,Gross plant jobs displaced at retirement,"positions per 1,000",60,9,2.1415889845137124,0.5693552573486144,TRUE,TRUE,-1.5722337271650981,High-CMT
Full,All ambitions pooled,R10REST_ASIA,POLES,gross_upstream_jobs_displaced_per_1k,Gross upstream jobs displaced at retirement,"positions per 1,000",60,9,0.19118560698789094,0.10340427154761503,TRUE,TRUE,-0.08778133544027591,High-CMT
Full,All ambitions pooled,R10REST_ASIA,POLES,inferred_retirements_GW,Inferred retired capacity,GW,60,9,3306.1169292271143,761.1828319751887,TRUE,TRUE,-2544.934097251926,High-CMT
Full,All ambitions pooled,R10REST_ASIA,POLES,jobs_RE_minus_fossil_per_1k,Renewable minus fossil job-years (diagnostic),"job-years per 1,000",60,9,123.30134130331044,164.52561365686083,TRUE,TRUE,41.22427235355039,High-RE
Full,All ambitions pooled,R10REST_ASIA,POLES,total_energy_jobyears_no_decommission_per_1k,"Total energy job-years, excluding decommissioning","job-years per 1,000",60,9,175.43584689498354,248.16776407133145,TRUE,TRUE,72.7319171763479,High-RE
Full,All ambitions pooled,R10REST_ASIA,POLES,total_energy_jobyears_per_1k,"Total energy job-years, including decommissioning","job-years per 1,000",60,9,178.34884604552195,248.8914166582087,TRUE,TRUE,70.54257061268675,High-RE
Full,All ambitions pooled,R10REST_ASIA,REMIND,decommission_jobyears_per_1k,Decommissioning job-years,"job-years per 1,000",1,224,4.8879077395644375,7.843946390062248,TRUE,FALSE,2.9560386504978107,High-RE
Full,All ambitions pooled,R10REST_ASIA,REMIND,gross_plant_jobs_displaced_per_1k,Gross plant jobs displaced at retirement,"positions per 1,000",1,224,4.273630005629334,7.887045085055272,TRUE,FALSE,3.6134150794259376,High-RE
Full,All ambitions pooled,R10REST_ASIA,REMIND,gross_upstream_jobs_displaced_per_1k,Gross upstream jobs displaced at retirement,"positions per 1,000",1,224,0.21217839239618444,0.18764862680309868,TRUE,FALSE,-0.024529765593085756,High-CMT
Full,All ambitions pooled,R10REST_ASIA,REMIND,inferred_retirements_GW,Inferred retired capacity,GW,1,224,6644.148592880003,13757.93513,TRUE,FALSE,7113.786537119997,High-RE
Full,All ambitions pooled,R10REST_ASIA,REMIND,jobs_RE_minus_fossil_per_1k,Renewable minus fossil job-years (diagnostic),"job-years per 1,000",1,224,378.3099476305711,699.3284618826603,TRUE,FALSE,321.01851425208923,High-RE
Full,All ambitions pooled,R10REST_ASIA,REMIND,total_energy_jobyears_no_decommission_per_1k,"Total energy job-years, excluding decommissioning","job-years per 1,000",1,224,399.57094457144757,752.9236507410858,TRUE,FALSE,353.3527061696382,High-RE
Full,All ambitions pooled,R10REST_ASIA,REMIND,total_energy_jobyears_per_1k,"Total energy job-years, including decommissioning","job-years per 1,000",1,224,404.458852311012,760.5726686152484,TRUE,FALSE,356.1138163042364,High-RE
Full,All ambitions pooled,R10REST_ASIA,TIAM,decommission_jobyears_per_1k,Decommissioning job-years,"job-years per 1,000",12,0,0.4593689467697505,NA,FALSE,FALSE,NA,NA
Full,All ambitions pooled,R10REST_ASIA,TIAM,gross_plant_jobs_displaced_per_1k,Gross plant jobs displaced at retirement,"positions per 1,000",12,0,0.5856414454077202,NA,FALSE,FALSE,NA,NA
Full,All ambitions pooled,R10REST_ASIA,TIAM,gross_upstream_jobs_displaced_per_1k,Gross upstream jobs displaced at retirement,"positions per 1,000",12,0,0.0015420934235983062,NA,FALSE,FALSE,NA,NA
Full,All ambitions pooled,R10REST_ASIA,TIAM,inferred_retirements_GW,Inferred retired capacity,GW,12,0,1217.915016260624,NA,FALSE,FALSE,NA,NA
Full,All ambitions pooled,R10REST_ASIA,TIAM,jobs_RE_minus_fossil_per_1k,Renewable minus fossil job-years (diagnostic),"job-years per 1,000",12,0,41.429240941122146,NA,FALSE,FALSE,NA,NA
Full,All ambitions pooled,R10REST_ASIA,TIAM,total_energy_jobyears_no_decommission_per_1k,"Total energy job-years, excluding decommissioning","job-years per 1,000",12,0,49.73959841023519,NA,FALSE,FALSE,NA,NA
Full,All ambitions pooled,R10REST_ASIA,TIAM,total_energy_jobyears_per_1k,"Total energy job-years, including decommissioning","job-years per 1,000",12,0,50.18526633410535,NA,FALSE,FALSE,NA,NA
Full,All ambitions pooled,R10REST_ASIA,WITCH,decommission_jobyears_per_1k,Decommissioning job-years,"job-years per 1,000",8,16,3.9220573611116762,0.4019862729966625,TRUE,TRUE,-3.5200710881150137,High-CMT
Full,All ambitions pooled,R10REST_ASIA,WITCH,gross_plant_jobs_displaced_per_1k,Gross plant jobs displaced at retirement,"positions per 1,000",8,16,3.837867142818814,0.12573178169994917,TRUE,TRUE,-3.7121353611188646,High-CMT
Full,All ambitions pooled,R10REST_ASIA,WITCH,gross_upstream_jobs_displaced_per_1k,Gross upstream jobs displaced at retirement,"positions per 1,000",8,16,0.11458414213976975,0.10454977389940336,TRUE,TRUE,-0.010034368240366395,High-CMT
Full,All ambitions pooled,R10REST_ASIA,WITCH,inferred_retirements_GW,Inferred retired capacity,GW,8,16,5511.97876505182,219.48377193297716,TRUE,TRUE,-5292.494993118843,High-CMT
Full,All ambitions pooled,R10REST_ASIA,WITCH,jobs_RE_minus_fossil_per_1k,Renewable minus fossil job-years (diagnostic),"job-years per 1,000",8,16,193.12349302221793,106.14303316654525,TRUE,TRUE,-86.98045985567268,High-CMT
Full,All ambitions pooled,R10REST_ASIA,WITCH,total_energy_jobyears_no_decommission_per_1k,"Total energy job-years, excluding decommissioning","job-years per 1,000",8,16,233.3240445841169,134.38015955890188,TRUE,TRUE,-98.94388502521502,High-CMT
Full,All ambitions pooled,R10REST_ASIA,WITCH,total_energy_jobyears_per_1k,"Total energy job-years, including decommissioning","job-years per 1,000",8,16,237.2461019452286,134.7258542850061,TRUE,TRUE,-102.52024766022248,High-CMT
SCI-vetted,1.5C,Aggregated R10 regions,GCAM,decommission_jobyears_per_1k,Decommissioning job-years,"job-years per 1,000",0,2,NA,8.722662707127267,FALSE,FALSE,NA,NA
SCI-vetted,1.5C,Aggregated R10 regions,GCAM,gross_plant_jobs_displaced_per_1k,Gross plant jobs displaced at retirement,"positions per 1,000",0,2,NA,6.375776684561069,FALSE,FALSE,NA,NA
SCI-vetted,1.5C,Aggregated R10 regions,GCAM,gross_upstream_jobs_displaced_per_1k,Gross upstream jobs displaced at retirement,"positions per 1,000",0,2,NA,0.31807028002895144,FALSE,FALSE,NA,NA
SCI-vetted,1.5C,Aggregated R10 regions,GCAM,inferred_retirements_GW,Inferred retired capacity,GW,0,2,NA,106486.00487046658,FALSE,FALSE,NA,NA
SCI-vetted,1.5C,Aggregated R10 regions,GCAM,jobs_RE_minus_fossil_per_1k,Renewable minus fossil job-years (diagnostic),"job-years per 1,000",0,2,NA,520.27455713265,FALSE,FALSE,NA,NA
SCI-vetted,1.5C,Aggregated R10 regions,GCAM,total_energy_jobyears_no_decommission_per_1k,"Total energy job-years, excluding decommissioning","job-years per 1,000",0,2,NA,570.9795752128271,FALSE,FALSE,NA,NA
SCI-vetted,1.5C,Aggregated R10 regions,GCAM,total_energy_jobyears_per_1k,"Total energy job-years, including decommissioning","job-years per 1,000",0,2,NA,579.7022379199543,FALSE,FALSE,NA,NA
SCI-vetted,1.5C,Aggregated R10 regions,IMAGE,decommission_jobyears_per_1k,Decommissioning job-years,"job-years per 1,000",4,1,6.324342040026661,9.452722940075867,TRUE,FALSE,3.1283809000492067,High-RE
SCI-vetted,1.5C,Aggregated R10 regions,IMAGE,gross_plant_jobs_displaced_per_1k,Gross plant jobs displaced at retirement,"positions per 1,000",4,1,4.157233395720459,6.163563705524315,TRUE,FALSE,2.0063303098038565,High-RE
SCI-vetted,1.5C,Aggregated R10 regions,IMAGE,gross_upstream_jobs_displaced_per_1k,Gross upstream jobs displaced at retirement,"positions per 1,000",4,1,0.560304492582609,0.5208326195566084,TRUE,FALSE,-0.039471873026000526,High-CMT
SCI-vetted,1.5C,Aggregated R10 regions,IMAGE,inferred_retirements_GW,Inferred retired capacity,GW,4,1,62608.11972173557,102509.44134456952,TRUE,FALSE,39901.32162283395,High-RE
SCI-vetted,1.5C,Aggregated R10 regions,IMAGE,jobs_RE_minus_fossil_per_1k,Renewable minus fossil job-years (diagnostic),"job-years per 1,000",4,1,220.311062976941,378.3247035768346,TRUE,FALSE,158.01364059989362,High-RE
SCI-vetted,1.5C,Aggregated R10 regions,IMAGE,total_energy_jobyears_no_decommission_per_1k,"Total energy job-years, excluding decommissioning","job-years per 1,000",4,1,420.7508402934842,553.8966695087146,TRUE,FALSE,133.14582921523038,High-RE
SCI-vetted,1.5C,Aggregated R10 regions,IMAGE,total_energy_jobyears_per_1k,"Total energy job-years, including decommissioning","job-years per 1,000",4,1,427.07518233351084,563.3493924487905,TRUE,FALSE,136.27421011527963,High-RE
SCI-vetted,1.5C,Aggregated R10 regions,POLES,decommission_jobyears_per_1k,Decommissioning job-years,"job-years per 1,000",2,0,5.513840615632901,NA,FALSE,FALSE,NA,NA
SCI-vetted,1.5C,Aggregated R10 regions,POLES,gross_plant_jobs_displaced_per_1k,Gross plant jobs displaced at retirement,"positions per 1,000",2,0,4.314766856710596,NA,FALSE,FALSE,NA,NA
SCI-vetted,1.5C,Aggregated R10 regions,POLES,gross_upstream_jobs_displaced_per_1k,Gross upstream jobs displaced at retirement,"positions per 1,000",2,0,0.4097580017379744,NA,FALSE,FALSE,NA,NA
SCI-vetted,1.5C,Aggregated R10 regions,POLES,inferred_retirements_GW,Inferred retired capacity,GW,2,0,62647.20473894474,NA,FALSE,FALSE,NA,NA
SCI-vetted,1.5C,Aggregated R10 regions,POLES,jobs_RE_minus_fossil_per_1k,Renewable minus fossil job-years (diagnostic),"job-years per 1,000",2,0,265.7963950032669,NA,FALSE,FALSE,NA,NA
SCI-vetted,1.5C,Aggregated R10 regions,POLES,total_energy_jobyears_no_decommission_per_1k,"Total energy job-years, excluding decommissioning","job-years per 1,000",2,0,452.84062443724986,NA,FALSE,FALSE,NA,NA
SCI-vetted,1.5C,Aggregated R10 regions,POLES,total_energy_jobyears_per_1k,"Total energy job-years, including decommissioning","job-years per 1,000",2,0,458.3544650528828,NA,FALSE,FALSE,NA,NA
SCI-vetted,1.5C,Aggregated R10 regions,REMIND,decommission_jobyears_per_1k,Decommissioning job-years,"job-years per 1,000",0,3,NA,5.944004370964575,FALSE,FALSE,NA,NA
SCI-vetted,1.5C,Aggregated R10 regions,REMIND,gross_plant_jobs_displaced_per_1k,Gross plant jobs displaced at retirement,"positions per 1,000",0,3,NA,4.4585152518912645,FALSE,FALSE,NA,NA
SCI-vetted,1.5C,Aggregated R10 regions,REMIND,gross_upstream_jobs_displaced_per_1k,Gross upstream jobs displaced at retirement,"positions per 1,000",0,3,NA,0.31626011205225846,FALSE,FALSE,NA,NA
SCI-vetted,1.5C,Aggregated R10 regions,REMIND,inferred_retirements_GW,Inferred retired capacity,GW,0,3,NA,72518.65346943999,FALSE,FALSE,NA,NA
SCI-vetted,1.5C,Aggregated R10 regions,REMIND,jobs_RE_minus_fossil_per_1k,Renewable minus fossil job-years (diagnostic),"job-years per 1,000",0,3,NA,662.8121605593865,FALSE,FALSE,NA,NA
SCI-vetted,1.5C,Aggregated R10 regions,REMIND,total_energy_jobyears_no_decommission_per_1k,"Total energy job-years, excluding decommissioning","job-years per 1,000",0,3,NA,706.3312247307501,FALSE,FALSE,NA,NA
SCI-vetted,1.5C,Aggregated R10 regions,REMIND,total_energy_jobyears_per_1k,"Total energy job-years, including decommissioning","job-years per 1,000",0,3,NA,712.2752291017148,FALSE,FALSE,NA,NA
SCI-vetted,1.5C,R10AFRICA,GCAM,decommission_jobyears_per_1k,Decommissioning job-years,"job-years per 1,000",0,2,NA,7.566660211426816,FALSE,FALSE,NA,NA
SCI-vetted,1.5C,R10AFRICA,GCAM,gross_plant_jobs_displaced_per_1k,Gross plant jobs displaced at retirement,"positions per 1,000",0,2,NA,7.637342483286014,FALSE,FALSE,NA,NA
SCI-vetted,1.5C,R10AFRICA,GCAM,gross_upstream_jobs_displaced_per_1k,Gross upstream jobs displaced at retirement,"positions per 1,000",0,2,NA,0.05229515043635251,FALSE,FALSE,NA,NA
SCI-vetted,1.5C,R10AFRICA,GCAM,inferred_retirements_GW,Inferred retired capacity,GW,0,2,NA,16676.34336450907,FALSE,FALSE,NA,NA
SCI-vetted,1.5C,R10AFRICA,GCAM,jobs_RE_minus_fossil_per_1k,Renewable minus fossil job-years (diagnostic),"job-years per 1,000",0,2,NA,967.0607942565232,FALSE,FALSE,NA,NA
SCI-vetted,1.5C,R10AFRICA,GCAM,total_energy_jobyears_no_decommission_per_1k,"Total energy job-years, excluding decommissioning","job-years per 1,000",0,2,NA,982.9255627149494,FALSE,FALSE,NA,NA
SCI-vetted,1.5C,R10AFRICA,GCAM,total_energy_jobyears_per_1k,"Total energy job-years, including decommissioning","job-years per 1,000",0,2,NA,990.4922229263763,FALSE,FALSE,NA,NA
SCI-vetted,1.5C,R10AFRICA,IMAGE,decommission_jobyears_per_1k,Decommissioning job-years,"job-years per 1,000",4,1,2.650723719338225,7.920451519295172,TRUE,FALSE,5.2697277999569465,High-RE
SCI-vetted,1.5C,R10AFRICA,IMAGE,gross_plant_jobs_displaced_per_1k,Gross plant jobs displaced at retirement,"positions per 1,000",4,1,2.426485678303024,7.061616463642088,TRUE,FALSE,4.635130785339064,High-RE
SCI-vetted,1.5C,R10AFRICA,IMAGE,gross_upstream_jobs_displaced_per_1k,Gross upstream jobs displaced at retirement,"positions per 1,000",4,1,0.07889564945711432,0.0904114492235001,TRUE,FALSE,0.011515799766385781,High-RE
SCI-vetted,1.5C,R10AFRICA,IMAGE,inferred_retirements_GW,Inferred retired capacity,GW,4,1,5748.034800308965,15667.888711325111,TRUE,FALSE,9919.853911016147,High-RE
SCI-vetted,1.5C,R10AFRICA,IMAGE,jobs_RE_minus_fossil_per_1k,Renewable minus fossil job-years (diagnostic),"job-years per 1,000",4,1,392.192055611499,680.4861771748721,TRUE,FALSE,288.2941215633731,High-RE
SCI-vetted,1.5C,R10AFRICA,IMAGE,total_energy_jobyears_no_decommission_per_1k,"Total energy job-years, excluding decommissioning","job-years per 1,000",4,1,502.4435380424971,787.5562556607831,TRUE,FALSE,285.112717618286,High-RE
SCI-vetted,1.5C,R10AFRICA,IMAGE,total_energy_jobyears_per_1k,"Total energy job-years, including decommissioning","job-years per 1,000",4,1,505.09426176183536,795.4767071800784,TRUE,FALSE,290.38244541824304,High-RE
SCI-vetted,1.5C,R10AFRICA,POLES,decommission_jobyears_per_1k,Decommissioning job-years,"job-years per 1,000",2,0,2.7044346031585293,NA,FALSE,FALSE,NA,NA
SCI-vetted,1.5C,R10AFRICA,POLES,gross_plant_jobs_displaced_per_1k,Gross plant jobs displaced at retirement,"positions per 1,000",2,0,2.699995257482808,NA,FALSE,FALSE,NA,NA
SCI-vetted,1.5C,R10AFRICA,POLES,gross_upstream_jobs_displaced_per_1k,Gross upstream jobs displaced at retirement,"positions per 1,000",2,0,0.11660409187898152,NA,FALSE,FALSE,NA,NA
SCI-vetted,1.5C,R10AFRICA,POLES,inferred_retirements_GW,Inferred retired capacity,GW,2,0,5309.54974907008,NA,FALSE,FALSE,NA,NA
SCI-vetted,1.5C,R10AFRICA,POLES,jobs_RE_minus_fossil_per_1k,Renewable minus fossil job-years (diagnostic),"job-years per 1,000",2,0,352.1491980380507,NA,FALSE,FALSE,NA,NA
SCI-vetted,1.5C,R10AFRICA,POLES,total_energy_jobyears_no_decommission_per_1k,"Total energy job-years, excluding decommissioning","job-years per 1,000",2,0,455.2450914072018,NA,FALSE,FALSE,NA,NA
SCI-vetted,1.5C,R10AFRICA,POLES,total_energy_jobyears_per_1k,"Total energy job-years, including decommissioning","job-years per 1,000",2,0,457.9495260103603,NA,FALSE,FALSE,NA,NA
SCI-vetted,1.5C,R10AFRICA,REMIND,decommission_jobyears_per_1k,Decommissioning job-years,"job-years per 1,000",0,3,NA,3.274468051317118,FALSE,FALSE,NA,NA
SCI-vetted,1.5C,R10AFRICA,REMIND,gross_plant_jobs_displaced_per_1k,Gross plant jobs displaced at retirement,"positions per 1,000",0,3,NA,3.587977074286663,FALSE,FALSE,NA,NA
SCI-vetted,1.5C,R10AFRICA,REMIND,gross_upstream_jobs_displaced_per_1k,Gross upstream jobs displaced at retirement,"positions per 1,000",0,3,NA,0.013615050163220654,FALSE,FALSE,NA,NA
SCI-vetted,1.5C,R10AFRICA,REMIND,inferred_retirements_GW,Inferred retired capacity,GW,0,3,NA,8352.784852480003,FALSE,FALSE,NA,NA
SCI-vetted,1.5C,R10AFRICA,REMIND,jobs_RE_minus_fossil_per_1k,Renewable minus fossil job-years (diagnostic),"job-years per 1,000",0,3,NA,1074.0423242589613,FALSE,FALSE,NA,NA
SCI-vetted,1.5C,R10AFRICA,REMIND,total_energy_jobyears_no_decommission_per_1k,"Total energy job-years, excluding decommissioning","job-years per 1,000",0,3,NA,1077.5633739165878,FALSE,FALSE,NA,NA
SCI-vetted,1.5C,R10AFRICA,REMIND,total_energy_jobyears_per_1k,"Total energy job-years, including decommissioning","job-years per 1,000",0,3,NA,1080.837841967905,FALSE,FALSE,NA,NA
SCI-vetted,1.5C,R10CHINA+,GCAM,decommission_jobyears_per_1k,Decommissioning job-years,"job-years per 1,000",0,2,NA,7.397338793278717,FALSE,FALSE,NA,NA
SCI-vetted,1.5C,R10CHINA+,GCAM,gross_plant_jobs_displaced_per_1k,Gross plant jobs displaced at retirement,"positions per 1,000",0,2,NA,4.796855093086826,FALSE,FALSE,NA,NA
SCI-vetted,1.5C,R10CHINA+,GCAM,gross_upstream_jobs_displaced_per_1k,Gross upstream jobs displaced at retirement,"positions per 1,000",0,2,NA,0.8857834190713274,FALSE,FALSE,NA,NA
SCI-vetted,1.5C,R10CHINA+,GCAM,inferred_retirements_GW,Inferred retired capacity,GW,0,2,NA,17690.863896288894,FALSE,FALSE,NA,NA
SCI-vetted,1.5C,R10CHINA+,GCAM,jobs_RE_minus_fossil_per_1k,Renewable minus fossil job-years (diagnostic),"job-years per 1,000",0,2,NA,279.2359503592122,FALSE,FALSE,NA,NA
SCI-vetted,1.5C,R10CHINA+,GCAM,total_energy_jobyears_no_decommission_per_1k,"Total energy job-years, excluding decommissioning","job-years per 1,000",0,2,NA,349.13889065866147,FALSE,FALSE,NA,NA
SCI-vetted,1.5C,R10CHINA+,GCAM,total_energy_jobyears_per_1k,"Total energy job-years, including decommissioning","job-years per 1,000",0,2,NA,356.5362294519402,FALSE,FALSE,NA,NA
SCI-vetted,1.5C,R10CHINA+,IMAGE,decommission_jobyears_per_1k,Decommissioning job-years,"job-years per 1,000",4,1,6.634217289734464,8.878278739934675,TRUE,FALSE,2.2440614502002116,High-RE
SCI-vetted,1.5C,R10CHINA+,IMAGE,gross_plant_jobs_displaced_per_1k,Gross plant jobs displaced at retirement,"positions per 1,000",4,1,4.986811385825927,6.2030769775209915,TRUE,FALSE,1.2162655916950644,High-RE
SCI-vetted,1.5C,R10CHINA+,IMAGE,gross_upstream_jobs_displaced_per_1k,Gross upstream jobs displaced at retirement,"positions per 1,000",4,1,0.9715895709490968,0.9517888710332231,TRUE,FALSE,-0.019800699915873743,High-CMT
SCI-vetted,1.5C,R10CHINA+,IMAGE,inferred_retirements_GW,Inferred retired capacity,GW,4,1,13703.236621594853,20644.907711787382,TRUE,FALSE,6941.671090192529,High-RE
SCI-vetted,1.5C,R10CHINA+,IMAGE,jobs_RE_minus_fossil_per_1k,Renewable minus fossil job-years (diagnostic),"job-years per 1,000",4,1,138.6071719248166,213.23267652186496,TRUE,FALSE,74.62550459704835,High-RE
SCI-vetted,1.5C,R10CHINA+,IMAGE,total_energy_jobyears_no_decommission_per_1k,"Total energy job-years, excluding decommissioning","job-years per 1,000",4,1,319.7017599736679,375.8600551011956,TRUE,FALSE,56.15829512752771,High-RE
SCI-vetted,1.5C,R10CHINA+,IMAGE,total_energy_jobyears_per_1k,"Total energy job-years, including decommissioning","job-years per 1,000",4,1,326.3329849280882,384.7383338411303,TRUE,FALSE,58.40534891304213,High-RE
SCI-vetted,1.5C,R10CHINA+,POLES,decommission_jobyears_per_1k,Decommissioning job-years,"job-years per 1,000",2,0,6.215607879392649,NA,FALSE,FALSE,NA,NA
SCI-vetted,1.5C,R10CHINA+,POLES,gross_plant_jobs_displaced_per_1k,Gross plant jobs displaced at retirement,"positions per 1,000",2,0,5.142479989550469,NA,FALSE,FALSE,NA,NA
SCI-vetted,1.5C,R10CHINA+,POLES,gross_upstream_jobs_displaced_per_1k,Gross upstream jobs displaced at retirement,"positions per 1,000",2,0,0.9712920931497758,NA,FALSE,FALSE,NA,NA
SCI-vetted,1.5C,R10CHINA+,POLES,inferred_retirements_GW,Inferred retired capacity,GW,2,0,12779.533222750415,NA,FALSE,FALSE,NA,NA
SCI-vetted,1.5C,R10CHINA+,POLES,jobs_RE_minus_fossil_per_1k,Renewable minus fossil job-years (diagnostic),"job-years per 1,000",2,0,191.45075279693526,NA,FALSE,FALSE,NA,NA
SCI-vetted,1.5C,R10CHINA+,POLES,total_energy_jobyears_no_decommission_per_1k,"Total energy job-years, excluding decommissioning","job-years per 1,000",2,0,382.5804032897607,NA,FALSE,FALSE,NA,NA
SCI-vetted,1.5C,R10CHINA+,POLES,total_energy_jobyears_per_1k,"Total energy job-years, including decommissioning","job-years per 1,000",2,0,388.7960111691533,NA,FALSE,FALSE,NA,NA
SCI-vetted,1.5C,R10CHINA+,REMIND,decommission_jobyears_per_1k,Decommissioning job-years,"job-years per 1,000",0,3,NA,5.532343148096661,FALSE,FALSE,NA,NA
SCI-vetted,1.5C,R10CHINA+,REMIND,gross_plant_jobs_displaced_per_1k,Gross plant jobs displaced at retirement,"positions per 1,000",0,3,NA,4.18132467783526,FALSE,FALSE,NA,NA
SCI-vetted,1.5C,R10CHINA+,REMIND,gross_upstream_jobs_displaced_per_1k,Gross upstream jobs displaced at retirement,"positions per 1,000",0,3,NA,0.9340013002167092,FALSE,FALSE,NA,NA
SCI-vetted,1.5C,R10CHINA+,REMIND,inferred_retirements_GW,Inferred retired capacity,GW,0,3,NA,13047.178851060005,FALSE,FALSE,NA,NA
SCI-vetted,1.5C,R10CHINA+,REMIND,jobs_RE_minus_fossil_per_1k,Renewable minus fossil job-years (diagnostic),"job-years per 1,000",0,3,NA,229.541879932725,FALSE,FALSE,NA,NA
SCI-vetted,1.5C,R10CHINA+,REMIND,total_energy_jobyears_no_decommission_per_1k,"Total energy job-years, excluding decommissioning","job-years per 1,000",0,3,NA,316.3235776132818,FALSE,FALSE,NA,NA
SCI-vetted,1.5C,R10CHINA+,REMIND,total_energy_jobyears_per_1k,"Total energy job-years, including decommissioning","job-years per 1,000",0,3,NA,322.13846834893315,FALSE,FALSE,NA,NA
SCI-vetted,1.5C,R10EUROPE,GCAM,decommission_jobyears_per_1k,Decommissioning job-years,"job-years per 1,000",0,2,NA,5.612676284625925,FALSE,FALSE,NA,NA
SCI-vetted,1.5C,R10EUROPE,GCAM,gross_plant_jobs_displaced_per_1k,Gross plant jobs displaced at retirement,"positions per 1,000",0,2,NA,2.8327516717452292,FALSE,FALSE,NA,NA
SCI-vetted,1.5C,R10EUROPE,GCAM,gross_upstream_jobs_displaced_per_1k,Gross upstream jobs displaced at retirement,"positions per 1,000",0,2,NA,0.31140950202427825,FALSE,FALSE,NA,NA
SCI-vetted,1.5C,R10EUROPE,GCAM,inferred_retirements_GW,Inferred retired capacity,GW,0,2,NA,9921.760302506586,FALSE,FALSE,NA,NA
SCI-vetted,1.5C,R10EUROPE,GCAM,jobs_RE_minus_fossil_per_1k,Renewable minus fossil job-years (diagnostic),"job-years per 1,000",0,2,NA,153.40229687130812,FALSE,FALSE,NA,NA
SCI-vetted,1.5C,R10EUROPE,GCAM,total_energy_jobyears_no_decommission_per_1k,"Total energy job-years, excluding decommissioning","job-years per 1,000",0,2,NA,202.6749754843995,FALSE,FALSE,NA,NA
SCI-vetted,1.5C,R10EUROPE,GCAM,total_energy_jobyears_per_1k,"Total energy job-years, including decommissioning","job-years per 1,000",0,2,NA,208.28765176902544,FALSE,FALSE,NA,NA
SCI-vetted,1.5C,R10EUROPE,IMAGE,decommission_jobyears_per_1k,Decommissioning job-years,"job-years per 1,000",4,1,4.459256254941645,4.98983167354776,TRUE,FALSE,0.5305754186061158,High-RE
SCI-vetted,1.5C,R10EUROPE,IMAGE,gross_plant_jobs_displaced_per_1k,Gross plant jobs displaced at retirement,"positions per 1,000",4,1,2.0518056836187792,2.290815382997473,TRUE,FALSE,0.23900969937869387,High-RE
SCI-vetted,1.5C,R10EUROPE,IMAGE,gross_upstream_jobs_displaced_per_1k,Gross upstream jobs displaced at retirement,"positions per 1,000",4,1,0.9853090412286503,0.90559583263986565,TRUE,FALSE,-0.07971320858878461,High-CMT
SCI-vetted,1.5C,R10EUROPE,IMAGE,inferred_retirements_GW,Inferred retired capacity,GW,4,1,5204.415346432986,6755.660898192938,TRUE,FALSE,1551.245551759952,High-RE
SCI-vetted,1.5C,R10EUROPE,IMAGE,jobs_RE_minus_fossil_per_1k,Renewable minus fossil job-years (diagnostic),"job-years per 1,000",4,1,18.737358188683814,41.136882570986344,TRUE,FALSE,22.39952438230253,High-RE
SCI-vetted,1.5C,R10EUROPE,IMAGE,total_energy_jobyears_no_decommission_per_1k,"Total energy job-years, excluding decommissioning","job-years per 1,000",4,1,169.88816600987212,177.49001814674676,TRUE,FALSE,7.601852136874641,High-RE
SCI-vetted,1.5C,R10EUROPE,IMAGE,total_energy_jobyears_per_1k,"Total energy job-years, including decommissioning","job-years per 1,000",4,1,174.2285297194981,182.47984982029453,TRUE,FALSE,8.25132010079642,High-RE
SCI-vetted,1.5C,R10EUROPE,POLES,decommission_jobyears_per_1k,Decommissioning job-years,"job-years per 1,000",2,0,5.34601317729317,NA,FALSE,FALSE,NA,NA
SCI-vetted,1.5C,R10EUROPE,POLES,gross_plant_jobs_displaced_per_1k,Gross plant jobs displaced at retirement,"positions per 1,000",2,0,3.846748707808616,NA,FALSE,FALSE,NA,NA
SCI-vetted,1.5C,R10EUROPE,POLES,gross_upstream_jobs_displaced_per_1k,Gross upstream jobs displaced at retirement,"positions per 1,000",2,0,0.49436733050035253,NA,FALSE,FALSE,NA,NA
SCI-vetted,1.5C,R10EUROPE,POLES,inferred_retirements_GW,Inferred retired capacity,GW,2,0,9095.120696309208,NA,FALSE,FALSE,NA,NA
SCI-vetted,1.5C,R10EUROPE,POLES,jobs_RE_minus_fossil_per_1k,Renewable minus fossil job-years (diagnostic),"job-years per 1,000",2,0,97.4004723312238,NA,FALSE,FALSE,NA,NA
SCI-vetted,1.5C,R10EUROPE,POLES,total_energy_jobyears_no_decommission_per_1k,"Total energy job-years, excluding decommissioning","job-years per 1,000",2,0,274.118706238955,NA,FALSE,FALSE,NA,NA
SCI-vetted,1.5C,R10EUROPE,POLES,total_energy_jobyears_per_1k,"Total energy job-years, including decommissioning","job-years per 1,000",2,0,279.46471941624816,NA,FALSE,FALSE,NA,NA
SCI-vetted,1.5C,R10EUROPE,REMIND,decommission_jobyears_per_1k,Decommissioning job-years,"job-years per 1,000",0,3,NA,3.346492597366904,FALSE,FALSE,NA,NA
SCI-vetted,1.5C,R10EUROPE,REMIND,gross_plant_jobs_displaced_per_1k,Gross plant jobs displaced at retirement,"positions per 1,000",0,3,NA,1.8896242269658312,FALSE,FALSE,NA,NA
SCI-vetted,1.5C,R10EUROPE,REMIND,gross_upstream_jobs_displaced_per_1k,Gross upstream jobs displaced at retirement,"positions per 1,000",0,3,NA,0.31269457875264295,FALSE,FALSE,NA,NA
SCI-vetted,1.5C,R10EUROPE,REMIND,inferred_retirements_GW,Inferred retired capacity,GW,0,3,NA,6605.193508280002,FALSE,FALSE,NA,NA
SCI-vetted,1.5C,R10EUROPE,REMIND,jobs_RE_minus_fossil_per_1k,Renewable minus fossil job-years (diagnostic),"job-years per 1,000",0,3,NA,118.72249954339517,FALSE,FALSE,NA,NA
SCI-vetted,1.5C,R10EUROPE,REMIND,total_energy_jobyears_no_decommission_per_1k,"Total energy job-years, excluding decommissioning","job-years per 1,000",0,3,NA,136.37173279228006,FALSE,FALSE,NA,NA
SCI-vetted,1.5C,R10EUROPE,REMIND,total_energy_jobyears_per_1k,"Total energy job-years, including decommissioning","job-years per 1,000",0,3,NA,139.71844428063548,FALSE,FALSE,NA,NA
SCI-vetted,1.5C,R10INDIA+,GCAM,decommission_jobyears_per_1k,Decommissioning job-years,"job-years per 1,000",0,2,NA,6.002226123228182,FALSE,FALSE,NA,NA
SCI-vetted,1.5C,R10INDIA+,GCAM,gross_plant_jobs_displaced_per_1k,Gross plant jobs displaced at retirement,"positions per 1,000",0,2,NA,7.238817665992133,FALSE,FALSE,NA,NA
SCI-vetted,1.5C,R10INDIA+,GCAM,gross_upstream_jobs_displaced_per_1k,Gross upstream jobs displaced at retirement,"positions per 1,000",0,2,NA,0.176717029224022,FALSE,FALSE,NA,NA
SCI-vetted,1.5C,R10INDIA+,GCAM,inferred_retirements_GW,Inferred retired capacity,GW,0,2,NA,16327.067338408982,FALSE,FALSE,NA,NA
SCI-vetted,1.5C,R10INDIA+,GCAM,jobs_RE_minus_fossil_per_1k,Renewable minus fossil job-years (diagnostic),"job-years per 1,000",0,2,NA,644.1174756282294,FALSE,FALSE,NA,NA
SCI-vetted,1.5C,R10INDIA+,GCAM,total_energy_jobyears_no_decommission_per_1k,"Total energy job-years, excluding decommissioning","job-years per 1,000",0,2,NA,670.6016432779759,FALSE,FALSE,NA,NA
SCI-vetted,1.5C,R10INDIA+,GCAM,total_energy_jobyears_per_1k,"Total energy job-years, including decommissioning","job-years per 1,000",0,2,NA,676.6038694012041,FALSE,FALSE,NA,NA
SCI-vetted,1.5C,R10INDIA+,IMAGE,decommission_jobyears_per_1k,Decommissioning job-years,"job-years per 1,000",4,1,3.1593210588314933,4.535679293068717,TRUE,FALSE,1.3763582342372236,High-RE
SCI-vetted,1.5C,R10INDIA+,IMAGE,gross_plant_jobs_displaced_per_1k,Gross plant jobs displaced at retirement,"positions per 1,000",4,1,2.9363252636379986,4.756617157691223,TRUE,FALSE,1.8202918940532244,High-RE
SCI-vetted,1.5C,R10INDIA+,IMAGE,gross_upstream_jobs_displaced_per_1k,Gross upstream jobs displaced at retirement,"positions per 1,000",4,1,0.2504948822362483,0.22859146145960382,TRUE,FALSE,-0.02190342077664445,High-CMT
SCI-vetted,1.5C,R10INDIA+,IMAGE,inferred_retirements_GW,Inferred retired capacity,GW,4,1,6953.336475070967,11323.573967863636,TRUE,FALSE,4370.237492792669,High-RE
SCI-vetted,1.5C,R10INDIA+,IMAGE,jobs_RE_minus_fossil_per_1k,Renewable minus fossil job-years (diagnostic),"job-years per 1,000",4,1,206.95896658621206,361.32500352029746,TRUE,FALSE,154.3660369340854,High-RE
SCI-vetted,1.5C,R10INDIA+,IMAGE,total_energy_jobyears_no_decommission_per_1k,"Total energy job-years, excluding decommissioning","job-years per 1,000",4,1,337.7747768875778,458.8575477722797,TRUE,FALSE,121.08277088470192,High-RE
SCI-vetted,1.5C,R10INDIA+,IMAGE,total_energy_jobyears_per_1k,"Total energy job-years, including decommissioning","job-years per 1,000",4,1,340.93409794640934,463.39322706534836,TRUE,FALSE,122.45912911893902,High-RE
SCI-vetted,1.5C,R10INDIA+,POLES,decommission_jobyears_per_1k,Decommissioning job-years,"job-years per 1,000",2,0,4.523238066827872,NA,FALSE,FALSE,NA,NA
SCI-vetted,1.5C,R10INDIA+,POLES,gross_plant_jobs_displaced_per_1k,Gross plant jobs displaced at retirement,"positions per 1,000",2,0,5.6016701140298775,NA,FALSE,FALSE,NA,NA
SCI-vetted,1.5C,R10INDIA+,POLES,gross_upstream_jobs_displaced_per_1k,Gross upstream jobs displaced at retirement,"positions per 1,000",2,0,0.2855982556583424,NA,FALSE,FALSE,NA,NA
SCI-vetted,1.5C,R10INDIA+,POLES,inferred_retirements_GW,Inferred retired capacity,GW,2,0,12549.57741117879,NA,FALSE,FALSE,NA,NA
SCI-vetted,1.5C,R10INDIA+,POLES,jobs_RE_minus_fossil_per_1k,Renewable minus fossil job-years (diagnostic),"job-years per 1,000",2,0,438.99043805956626,NA,FALSE,FALSE,NA,NA
SCI-vetted,1.5C,R10INDIA+,POLES,total_energy_jobyears_no_decommission_per_1k,"Total energy job-years, excluding decommissioning","job-years per 1,000",2,0,643.3386907028321,NA,FALSE,FALSE,NA,NA
SCI-vetted,1.5C,R10INDIA+,POLES,total_energy_jobyears_per_1k,"Total energy job-years, including decommissioning","job-years per 1,000",2,0,647.8619287696599,NA,FALSE,FALSE,NA,NA
SCI-vetted,1.5C,R10INDIA+,REMIND,decommission_jobyears_per_1k,Decommissioning job-years,"job-years per 1,000",0,3,NA,3.816542237839837,FALSE,FALSE,NA,NA
SCI-vetted,1.5C,R10INDIA+,REMIND,gross_plant_jobs_displaced_per_1k,Gross plant jobs displaced at retirement,"positions per 1,000",0,3,NA,4.633851315766372,FALSE,FALSE,NA,NA
SCI-vetted,1.5C,R10INDIA+,REMIND,gross_upstream_jobs_displaced_per_1k,Gross upstream jobs displaced at retirement,"positions per 1,000",0,3,NA,0.1692977955433519,FALSE,FALSE,NA,NA
SCI-vetted,1.5C,R10INDIA+,REMIND,inferred_retirements_GW,Inferred retired capacity,GW,0,3,NA,10744.017131539998,FALSE,FALSE,NA,NA
SCI-vetted,1.5C,R10INDIA+,REMIND,jobs_RE_minus_fossil_per_1k,Renewable minus fossil job-years (diagnostic),"job-years per 1,000",0,3,NA,774.8148287731531,FALSE,FALSE,NA,NA
SCI-vetted,1.5C,R10INDIA+,REMIND,total_energy_jobyears_no_decommission_per_1k,"Total energy job-years, excluding decommissioning","job-years per 1,000",0,3,NA,804.509103055982,FALSE,FALSE,NA,NA
SCI-vetted,1.5C,R10INDIA+,REMIND,total_energy_jobyears_per_1k,"Total energy job-years, including decommissioning","job-years per 1,000",0,3,NA,808.3164531733543,FALSE,FALSE,NA,NA
SCI-vetted,1.5C,R10LATIN_AM,GCAM,decommission_jobyears_per_1k,Decommissioning job-years,"job-years per 1,000",0,2,NA,13.81541331997368,FALSE,FALSE,NA,NA
SCI-vetted,1.5C,R10LATIN_AM,GCAM,gross_plant_jobs_displaced_per_1k,Gross plant jobs displaced at retirement,"positions per 1,000",0,2,NA,5.607282214676607,FALSE,FALSE,NA,NA
SCI-vetted,1.5C,R10LATIN_AM,GCAM,gross_upstream_jobs_displaced_per_1k,Gross upstream jobs displaced at retirement,"positions per 1,000",0,2,NA,0.0842872877603959,FALSE,FALSE,NA,NA
SCI-vetted,1.5C,R10LATIN_AM,GCAM,inferred_retirements_GW,Inferred retired capacity,GW,0,2,NA,8134.026276250261,FALSE,FALSE,NA,NA
SCI-vetted,1.5C,R10LATIN_AM,GCAM,jobs_RE_minus_fossil_per_1k,Renewable minus fossil job-years (diagnostic),"job-years per 1,000",0,2,NA,447.30528958544505,FALSE,FALSE,NA,NA
SCI-vetted,1.5C,R10LATIN_AM,GCAM,total_energy_jobyears_no_decommission_per_1k,"Total energy job-years, excluding decommissioning","job-years per 1,000",0,2,NA,520.7889757189043,FALSE,FALSE,NA,NA
SCI-vetted,1.5C,R10LATIN_AM,GCAM,total_energy_jobyears_per_1k,"Total energy job-years, including decommissioning","job-years per 1,000",0,2,NA,534.604389038878,FALSE,FALSE,NA,NA
SCI-vetted,1.5C,R10LATIN_AM,IMAGE,decommission_jobyears_per_1k,Decommissioning job-years,"job-years per 1,000",4,1,7.213781264530226,13.262691362536989,TRUE,FALSE,6.048910098006763,High-RE
SCI-vetted,1.5C,R10LATIN_AM,IMAGE,gross_plant_jobs_displaced_per_1k,Gross plant jobs displaced at retirement,"positions per 1,000",4,1,4.398761702917556,6.20829167165323,TRUE,FALSE,1.8095299687356743,High-RE
SCI-vetted,1.5C,R10LATIN_AM,IMAGE,gross_upstream_jobs_displaced_per_1k,Gross upstream jobs displaced at retirement,"positions per 1,000",4,1,0.2993316699759732,0.21101802454333313,TRUE,FALSE,-0.08831364543264009,High-CMT
SCI-vetted,1.5C,R10LATIN_AM,IMAGE,inferred_retirements_GW,Inferred retired capacity,GW,4,1,3480.4363506430664,6928.661413780506,TRUE,FALSE,3448.22506313744,High-RE
SCI-vetted,1.5C,R10LATIN_AM,IMAGE,jobs_RE_minus_fossil_per_1k,Renewable minus fossil job-years (diagnostic),"job-years per 1,000",4,1,152.67719140882502,291.81441257271393,TRUE,FALSE,139.1372211638889,High-RE
SCI-vetted,1.5C,R10LATIN_AM,IMAGE,total_energy_jobyears_no_decommission_per_1k,"Total energy job-years, excluding decommissioning","job-years per 1,000",4,1,450.0064281578843,526.2173485749618,TRUE,FALSE,76.21092041707749,High-RE
SCI-vetted,1.5C,R10LATIN_AM,IMAGE,total_energy_jobyears_per_1k,"Total energy job-years, including decommissioning","job-years per 1,000",4,1,457.2202094224145,539.4800399374988,TRUE,FALSE,82.25983051508427,High-RE
SCI-vetted,1.5C,R10LATIN_AM,POLES,decommission_jobyears_per_1k,Decommissioning job-years,"job-years per 1,000",2,0,9.34604487161352,NA,FALSE,FALSE,NA,NA
SCI-vetted,1.5C,R10LATIN_AM,POLES,gross_plant_jobs_displaced_per_1k,Gross plant jobs displaced at retirement,"positions per 1,000",2,0,5.996155028654609,NA,FALSE,FALSE,NA,NA
SCI-vetted,1.5C,R10LATIN_AM,POLES,gross_upstream_jobs_displaced_per_1k,Gross upstream jobs displaced at retirement,"positions per 1,000",2,0,0.19661902452386149,NA,FALSE,FALSE,NA,NA
SCI-vetted,1.5C,R10LATIN_AM,POLES,inferred_retirements_GW,Inferred retired capacity,GW,2,0,4965.091703377664,NA,FALSE,FALSE,NA,NA
SCI-vetted,1.5C,R10LATIN_AM,POLES,jobs_RE_minus_fossil_per_1k,Renewable minus fossil job-years (diagnostic),"job-years per 1,000",2,0,279.3575780079152,NA,FALSE,FALSE,NA,NA
SCI-vetted,1.5C,R10LATIN_AM,POLES,total_energy_jobyears_no_decommission_per_1k,"Total energy job-years, excluding decommissioning","job-years per 1,000",2,0,602.8156549339703,NA,FALSE,FALSE,NA,NA
SCI-vetted,1.5C,R10LATIN_AM,POLES,total_energy_jobyears_per_1k,"Total energy job-years, including decommissioning","job-years per 1,000",2,0,612.1616998055838,NA,FALSE,FALSE,NA,NA
SCI-vetted,1.5C,R10LATIN_AM,REMIND,decommission_jobyears_per_1k,Decommissioning job-years,"job-years per 1,000",0,3,NA,6.871458526528711,FALSE,FALSE,NA,NA
SCI-vetted,1.5C,R10LATIN_AM,REMIND,gross_plant_jobs_displaced_per_1k,Gross plant jobs displaced at retirement,"positions per 1,000",0,3,NA,2.803047029517336,FALSE,FALSE,NA,NA
SCI-vetted,1.5C,R10LATIN_AM,REMIND,gross_upstream_jobs_displaced_per_1k,Gross upstream jobs displaced at retirement,"positions per 1,000",0,3,NA,0.06400380277735843,FALSE,FALSE,NA,NA
SCI-vetted,1.5C,R10LATIN_AM,REMIND,inferred_retirements_GW,Inferred retired capacity,GW,0,3,NA,4202.372554640002,FALSE,FALSE,NA,NA
SCI-vetted,1.5C,R10LATIN_AM,REMIND,jobs_RE_minus_fossil_per_1k,Renewable minus fossil job-years (diagnostic),"job-years per 1,000",0,3,NA,341.07622576140335,FALSE,FALSE,NA,NA
SCI-vetted,1.5C,R10LATIN_AM,REMIND,total_energy_jobyears_no_decommission_per_1k,"Total energy job-years, excluding decommissioning","job-years per 1,000",0,3,NA,367.63399101210655,FALSE,FALSE,NA,NA
SCI-vetted,1.5C,R10LATIN_AM,REMIND,total_energy_jobyears_per_1k,"Total energy job-years, including decommissioning","job-years per 1,000",0,3,NA,374.3090887810496,FALSE,FALSE,NA,NA
SCI-vetted,1.5C,R10MIDDLE_EAST,GCAM,decommission_jobyears_per_1k,Decommissioning job-years,"job-years per 1,000",0,2,NA,7.4288200328414575,FALSE,FALSE,NA,NA
SCI-vetted,1.5C,R10MIDDLE_EAST,GCAM,gross_plant_jobs_displaced_per_1k,Gross plant jobs displaced at retirement,"positions per 1,000",0,2,NA,3.8874062445517104,FALSE,FALSE,NA,NA
SCI-vetted,1.5C,R10MIDDLE_EAST,GCAM,gross_upstream_jobs_displaced_per_1k,Gross upstream jobs displaced at retirement,"positions per 1,000",0,2,NA,0.014281669080016709,FALSE,FALSE,NA,NA
SCI-vetted,1.5C,R10MIDDLE_EAST,GCAM,inferred_retirements_GW,Inferred retired capacity,GW,0,2,NA,6406.613784757078,FALSE,FALSE,NA,NA
SCI-vetted,1.5C,R10MIDDLE_EAST,GCAM,jobs_RE_minus_fossil_per_1k,Renewable minus fossil job-years (diagnostic),"job-years per 1,000",0,2,NA,502.44604391882945,FALSE,FALSE,NA,NA
SCI-vetted,1.5C,R10MIDDLE_EAST,GCAM,total_energy_jobyears_no_decommission_per_1k,"Total energy job-years, excluding decommissioning","job-years per 1,000",0,2,NA,526.7714239698284,FALSE,FALSE,NA,NA
SCI-vetted,1.5C,R10MIDDLE_EAST,GCAM,total_energy_jobyears_per_1k,"Total energy job-years, including decommissioning","job-years per 1,000",0,2,NA,534.2002440026699,FALSE,FALSE,NA,NA
SCI-vetted,1.5C,R10MIDDLE_EAST,IMAGE,decommission_jobyears_per_1k,Decommissioning job-years,"job-years per 1,000",4,1,9.320206570748486,12.516002525741104,TRUE,FALSE,3.1957959549926187,High-RE
SCI-vetted,1.5C,R10MIDDLE_EAST,IMAGE,gross_plant_jobs_displaced_per_1k,Gross plant jobs displaced at retirement,"positions per 1,000",4,1,5.7952508962529965,8.126752976232549,TRUE,FALSE,2.3315020799795523,High-RE
SCI-vetted,1.5C,R10MIDDLE_EAST,IMAGE,gross_upstream_jobs_displaced_per_1k,Gross upstream jobs displaced at retirement,"positions per 1,000",4,1,0.036536314954356684,0.04249734394762235,TRUE,FALSE,0.005961028993265664,High-RE
SCI-vetted,1.5C,R10MIDDLE_EAST,IMAGE,inferred_retirements_GW,Inferred retired capacity,GW,4,1,7738.312020496929,10586.906185515087,TRUE,FALSE,2848.5941650181576,High-RE
SCI-vetted,1.5C,R10MIDDLE_EAST,IMAGE,jobs_RE_minus_fossil_per_1k,Renewable minus fossil job-years (diagnostic),"job-years per 1,000",4,1,631.7602399802178,1004.1724401869453,TRUE,FALSE,372.41220020672756,High-RE
SCI-vetted,1.5C,R10MIDDLE_EAST,IMAGE,total_energy_jobyears_no_decommission_per_1k,"Total energy job-years, excluding decommissioning","job-years per 1,000",4,1,858.5974444579339,1262.582734828076,TRUE,FALSE,403.985290370142,High-RE
SCI-vetted,1.5C,R10MIDDLE_EAST,IMAGE,total_energy_jobyears_per_1k,"Total energy job-years, including decommissioning","job-years per 1,000",4,1,867.9176510286824,1275.098737353817,TRUE,FALSE,407.1810863251345,High-RE
SCI-vetted,1.5C,R10MIDDLE_EAST,POLES,decommission_jobyears_per_1k,Decommissioning job-years,"job-years per 1,000",2,0,3.1091473617067757,NA,FALSE,FALSE,NA,NA
SCI-vetted,1.5C,R10MIDDLE_EAST,POLES,gross_plant_jobs_displaced_per_1k,Gross plant jobs displaced at retirement,"positions per 1,000",2,0,1.9339353157655566,NA,FALSE,FALSE,NA,NA
SCI-vetted,1.5C,R10MIDDLE_EAST,POLES,gross_upstream_jobs_displaced_per_1k,Gross upstream jobs displaced at retirement,"positions per 1,000",2,0,0.0696705446284246,NA,FALSE,FALSE,NA,NA
SCI-vetted,1.5C,R10MIDDLE_EAST,POLES,inferred_retirements_GW,Inferred retired capacity,GW,2,0,2412.5163099118226,NA,FALSE,FALSE,NA,NA
SCI-vetted,1.5C,R10MIDDLE_EAST,POLES,jobs_RE_minus_fossil_per_1k,Renewable minus fossil job-years (diagnostic),"job-years per 1,000",2,0,186.28541881046382,NA,FALSE,FALSE,NA,NA
SCI-vetted,1.5C,R10MIDDLE_EAST,POLES,total_energy_jobyears_no_decommission_per_1k,"Total energy job-years, excluding decommissioning","job-years per 1,000",2,0,333.47464205795757,NA,FALSE,FALSE,NA,NA
SCI-vetted,1.5C,R10MIDDLE_EAST,POLES,total_energy_jobyears_per_1k,"Total energy job-years, including decommissioning","job-years per 1,000",2,0,336.5837894196643,NA,FALSE,FALSE,NA,NA
SCI-vetted,1.5C,R10MIDDLE_EAST,REMIND,decommission_jobyears_per_1k,Decommissioning job-years,"job-years per 1,000",0,3,NA,8.754433245093523,FALSE,FALSE,NA,NA
SCI-vetted,1.5C,R10MIDDLE_EAST,REMIND,gross_plant_jobs_displaced_per_1k,Gross plant jobs displaced at retirement,"positions per 1,000",0,3,NA,5.3264638186836715,FALSE,FALSE,NA,NA
SCI-vetted,1.5C,R10MIDDLE_EAST,REMIND,gross_upstream_jobs_displaced_per_1k,Gross upstream jobs displaced at retirement,"positions per 1,000",0,3,NA,0.0162015710836092,FALSE,FALSE,NA,NA
SCI-vetted,1.5C,R10MIDDLE_EAST,REMIND,inferred_retirements_GW,Inferred retired capacity,GW,0,3,NA,8704.985844730003,FALSE,FALSE,NA,NA
SCI-vetted,1.5C,R10MIDDLE_EAST,REMIND,jobs_RE_minus_fossil_per_1k,Renewable minus fossil job-years (diagnostic),"job-years per 1,000",0,3,NA,1414.998449743228,FALSE,FALSE,NA,NA
SCI-vetted,1.5C,R10MIDDLE_EAST,REMIND,total_energy_jobyears_no_decommission_per_1k,"Total energy job-years, excluding decommissioning","job-years per 1,000",0,3,NA,1459.7760553899052,FALSE,FALSE,NA,NA
SCI-vetted,1.5C,R10MIDDLE_EAST,REMIND,total_energy_jobyears_per_1k,"Total energy job-years, including decommissioning","job-years per 1,000",0,3,NA,1468.5304886349986,FALSE,FALSE,NA,NA
SCI-vetted,1.5C,R10NORTH_AM,GCAM,decommission_jobyears_per_1k,Decommissioning job-years,"job-years per 1,000",0,2,NA,10.863098371257927,FALSE,FALSE,NA,NA
SCI-vetted,1.5C,R10NORTH_AM,GCAM,gross_plant_jobs_displaced_per_1k,Gross plant jobs displaced at retirement,"positions per 1,000",0,2,NA,5.992456554188275,FALSE,FALSE,NA,NA
SCI-vetted,1.5C,R10NORTH_AM,GCAM,gross_upstream_jobs_displaced_per_1k,Gross upstream jobs displaced at retirement,"positions per 1,000",0,2,NA,0.058862926496635,FALSE,FALSE,NA,NA
SCI-vetted,1.5C,R10NORTH_AM,GCAM,inferred_retirements_GW,Inferred retired capacity,GW,0,2,NA,12317.615122213982,FALSE,FALSE,NA,NA
SCI-vetted,1.5C,R10NORTH_AM,GCAM,jobs_RE_minus_fossil_per_1k,Renewable minus fossil job-years (diagnostic),"job-years per 1,000",0,2,NA,311.31657405244135,FALSE,FALSE,NA,NA
SCI-vetted,1.5C,R10NORTH_AM,GCAM,total_energy_jobyears_no_decommission_per_1k,"Total energy job-years, excluding decommissioning","job-years per 1,000",0,2,NA,425.4971552986783,FALSE,FALSE,NA,NA
SCI-vetted,1.5C,R10NORTH_AM,GCAM,total_energy_jobyears_per_1k,"Total energy job-years, including decommissioning","job-years per 1,000",0,2,NA,436.36025366993624,FALSE,FALSE,NA,NA
SCI-vetted,1.5C,R10NORTH_AM,IMAGE,decommission_jobyears_per_1k,Decommissioning job-years,"job-years per 1,000",4,1,9.5005778384877,13.21421944496007,TRUE,FALSE,3.71364160647237,High-RE
SCI-vetted,1.5C,R10NORTH_AM,IMAGE,gross_plant_jobs_displaced_per_1k,Gross plant jobs displaced at retirement,"positions per 1,000",4,1,6.179788937606961,6.734744506742264,TRUE,FALSE,0.554955569135303,High-RE
SCI-vetted,1.5C,R10NORTH_AM,IMAGE,gross_upstream_jobs_displaced_per_1k,Gross upstream jobs displaced at retirement,"positions per 1,000",4,1,0.1110349280905177,0.09578214291209708,TRUE,FALSE,-0.015252785178420616,High-CMT
SCI-vetted,1.5C,R10NORTH_AM,IMAGE,inferred_retirements_GW,Inferred retired capacity,GW,4,1,8553.48709185296,13452.054180793572,TRUE,FALSE,4898.567088940612,High-RE
SCI-vetted,1.5C,R10NORTH_AM,IMAGE,jobs_RE_minus_fossil_per_1k,Renewable minus fossil job-years (diagnostic),"job-years per 1,000",4,1,134.65018946872576,241.52613246772586,TRUE,FALSE,106.8759429990001,High-RE
SCI-vetted,1.5C,R10NORTH_AM,IMAGE,total_energy_jobyears_no_decommission_per_1k,"Total energy job-years, excluding decommissioning","job-years per 1,000",4,1,422.5806677600733,488.16182134127183,TRUE,FALSE,65.58115358119852,High-RE
SCI-vetted,1.5C,R10NORTH_AM,IMAGE,total_energy_jobyears_per_1k,"Total energy job-years, including decommissioning","job-years per 1,000",4,1,431.9507564940815,501.37604078623195,TRUE,FALSE,69.42528429215048,High-RE
SCI-vetted,1.5C,R10NORTH_AM,POLES,decommission_jobyears_per_1k,Decommissioning job-years,"job-years per 1,000",2,0,6.138459785985826,NA,FALSE,FALSE,NA,NA
SCI-vetted,1.5C,R10NORTH_AM,POLES,gross_plant_jobs_displaced_per_1k,Gross plant jobs displaced at retirement,"positions per 1,000",2,0,3.490973331182045,NA,FALSE,FALSE,NA,NA
SCI-vetted,1.5C,R10NORTH_AM,POLES,gross_upstream_jobs_displaced_per_1k,Gross upstream jobs displaced at retirement,"positions per 1,000",2,0,0.06942499921263881,NA,FALSE,FALSE,NA,NA
SCI-vetted,1.5C,R10NORTH_AM,POLES,inferred_retirements_GW,Inferred retired capacity,GW,2,0,5789.162420151104,NA,FALSE,FALSE,NA,NA
SCI-vetted,1.5C,R10NORTH_AM,POLES,jobs_RE_minus_fossil_per_1k,Renewable minus fossil job-years (diagnostic),"job-years per 1,000",2,0,157.17689253236767,NA,FALSE,FALSE,NA,NA
SCI-vetted,1.5C,R10NORTH_AM,POLES,total_energy_jobyears_no_decommission_per_1k,"Total energy job-years, excluding decommissioning","job-years per 1,000",2,0,339.3768331655564,NA,FALSE,FALSE,NA,NA
SCI-vetted,1.5C,R10NORTH_AM,POLES,total_energy_jobyears_per_1k,"Total energy job-years, including decommissioning","job-years per 1,000",2,0,345.5152929515423,NA,FALSE,FALSE,NA,NA
SCI-vetted,1.5C,R10NORTH_AM,REMIND,decommission_jobyears_per_1k,Decommissioning job-years,"job-years per 1,000",0,3,NA,6.468574908183227,FALSE,FALSE,NA,NA
SCI-vetted,1.5C,R10NORTH_AM,REMIND,gross_plant_jobs_displaced_per_1k,Gross plant jobs displaced at retirement,"positions per 1,000",0,3,NA,2.962315145663242,FALSE,FALSE,NA,NA
SCI-vetted,1.5C,R10NORTH_AM,REMIND,gross_upstream_jobs_displaced_per_1k,Gross upstream jobs displaced at retirement,"positions per 1,000",0,3,NA,0.05591251296771774,FALSE,FALSE,NA,NA
SCI-vetted,1.5C,R10NORTH_AM,REMIND,inferred_retirements_GW,Inferred retired capacity,GW,0,3,NA,7281.5352391100005,FALSE,FALSE,NA,NA
SCI-vetted,1.5C,R10NORTH_AM,REMIND,jobs_RE_minus_fossil_per_1k,Renewable minus fossil job-years (diagnostic),"job-years per 1,000",0,3,NA,212.10017242734236,FALSE,FALSE,NA,NA
SCI-vetted,1.5C,R10NORTH_AM,REMIND,total_energy_jobyears_no_decommission_per_1k,"Total energy job-years, excluding decommissioning","job-years per 1,000",0,3,NA,229.06231858459023,FALSE,FALSE,NA,NA
SCI-vetted,1.5C,R10NORTH_AM,REMIND,total_energy_jobyears_per_1k,"Total energy job-years, including decommissioning","job-years per 1,000",0,3,NA,235.08798671210485,FALSE,FALSE,NA,NA
SCI-vetted,1.5C,R10PAC_OECD,GCAM,decommission_jobyears_per_1k,Decommissioning job-years,"job-years per 1,000",0,2,NA,6.663245884352081,FALSE,FALSE,NA,NA
SCI-vetted,1.5C,R10PAC_OECD,GCAM,gross_plant_jobs_displaced_per_1k,Gross plant jobs displaced at retirement,"positions per 1,000",0,2,NA,2.7618430486012806,FALSE,FALSE,NA,NA
SCI-vetted,1.5C,R10PAC_OECD,GCAM,gross_upstream_jobs_displaced_per_1k,Gross upstream jobs displaced at retirement,"positions per 1,000",0,2,NA,0.4630429219442599,FALSE,FALSE,NA,NA
SCI-vetted,1.5C,R10PAC_OECD,GCAM,inferred_retirements_GW,Inferred retired capacity,GW,0,2,NA,2555.3268362942663,FALSE,FALSE,NA,NA
SCI-vetted,1.5C,R10PAC_OECD,GCAM,jobs_RE_minus_fossil_per_1k,Renewable minus fossil job-years (diagnostic),"job-years per 1,000",0,2,NA,222.23016234703272,FALSE,FALSE,NA,NA
SCI-vetted,1.5C,R10PAC_OECD,GCAM,total_energy_jobyears_no_decommission_per_1k,"Total energy job-years, excluding decommissioning","job-years per 1,000",0,2,NA,280.2529909010041,FALSE,FALSE,NA,NA
SCI-vetted,1.5C,R10PAC_OECD,GCAM,total_energy_jobyears_per_1k,"Total energy job-years, including decommissioning","job-years per 1,000",0,2,NA,286.9162367853562,FALSE,FALSE,NA,NA
SCI-vetted,1.5C,R10PAC_OECD,IMAGE,decommission_jobyears_per_1k,Decommissioning job-years,"job-years per 1,000",4,1,5.3947080308245905,6.406511594132095,TRUE,FALSE,1.0118035633075042,High-RE
SCI-vetted,1.5C,R10PAC_OECD,IMAGE,gross_plant_jobs_displaced_per_1k,Gross plant jobs displaced at retirement,"positions per 1,000",4,1,2.220094146974741,2.7325240746267165,TRUE,FALSE,0.5124299276519757,High-RE
SCI-vetted,1.5C,R10PAC_OECD,IMAGE,gross_upstream_jobs_displaced_per_1k,Gross upstream jobs displaced at retirement,"positions per 1,000",4,1,0.5066582157873364,0.5025051216670087,TRUE,FALSE,-0.004153094120327716,High-CMT
SCI-vetted,1.5C,R10PAC_OECD,IMAGE,inferred_retirements_GW,Inferred retired capacity,GW,4,1,1565.0338091150584,2175.164478907551,TRUE,FALSE,610.1306697924924,High-RE
SCI-vetted,1.5C,R10PAC_OECD,IMAGE,jobs_RE_minus_fossil_per_1k,Renewable minus fossil job-years (diagnostic),"job-years per 1,000",4,1,89.60062507788399,160.11910588277163,TRUE,FALSE,70.51848080488764,High-RE
SCI-vetted,1.5C,R10PAC_OECD,IMAGE,total_energy_jobyears_no_decommission_per_1k,"Total energy job-years, excluding decommissioning","job-years per 1,000",4,1,207.99125187604523,272.4521897033399,TRUE,FALSE,64.46093782729469,High-RE
SCI-vetted,1.5C,R10PAC_OECD,IMAGE,total_energy_jobyears_per_1k,"Total energy job-years, including decommissioning","job-years per 1,000",4,1,213.2112274339659,278.85870129747207,TRUE,FALSE,65.64747386350618,High-RE
SCI-vetted,1.5C,R10PAC_OECD,POLES,decommission_jobyears_per_1k,Decommissioning job-years,"job-years per 1,000",2,0,6.990679964131176,NA,FALSE,FALSE,NA,NA
SCI-vetted,1.5C,R10PAC_OECD,POLES,gross_plant_jobs_displaced_per_1k,Gross plant jobs displaced at retirement,"positions per 1,000",2,0,3.331997127672768,NA,FALSE,FALSE,NA,NA
SCI-vetted,1.5C,R10PAC_OECD,POLES,gross_upstream_jobs_displaced_per_1k,Gross upstream jobs displaced at retirement,"positions per 1,000",2,0,0.622596594798059,NA,FALSE,FALSE,NA,NA
SCI-vetted,1.5C,R10PAC_OECD,POLES,inferred_retirements_GW,Inferred retired capacity,GW,2,0,3255.459939822648,NA,FALSE,FALSE,NA,NA
SCI-vetted,1.5C,R10PAC_OECD,POLES,jobs_RE_minus_fossil_per_1k,Renewable minus fossil job-years (diagnostic),"job-years per 1,000",2,0,251.22580506301406,NA,FALSE,FALSE,NA,NA
SCI-vetted,1.5C,R10PAC_OECD,POLES,total_energy_jobyears_no_decommission_per_1k,"Total energy job-years, excluding decommissioning","job-years per 1,000",2,0,385.4019048043762,NA,FALSE,FALSE,NA,NA
SCI-vetted,1.5C,R10PAC_OECD,POLES,total_energy_jobyears_per_1k,"Total energy job-years, including decommissioning","job-years per 1,000",2,0,392.3925847685074,NA,FALSE,FALSE,NA,NA
SCI-vetted,1.5C,R10PAC_OECD,REMIND,decommission_jobyears_per_1k,Decommissioning job-years,"job-years per 1,000",0,3,NA,2.8384191825440404,FALSE,FALSE,NA,NA
SCI-vetted,1.5C,R10PAC_OECD,REMIND,gross_plant_jobs_displaced_per_1k,Gross plant jobs displaced at retirement,"positions per 1,000",0,3,NA,1.2318610780727062,FALSE,FALSE,NA,NA
SCI-vetted,1.5C,R10PAC_OECD,REMIND,gross_upstream_jobs_displaced_per_1k,Gross upstream jobs displaced at retirement,"positions per 1,000",0,3,NA,0.20874270186129626,FALSE,FALSE,NA,NA
SCI-vetted,1.5C,R10PAC_OECD,REMIND,inferred_retirements_GW,Inferred retired capacity,GW,0,3,NA,1154.5356840900001,FALSE,FALSE,NA,NA
SCI-vetted,1.5C,R10PAC_OECD,REMIND,jobs_RE_minus_fossil_per_1k,Renewable minus fossil job-years (diagnostic),"job-years per 1,000",0,3,NA,122.89740121971259,FALSE,FALSE,NA,NA
SCI-vetted,1.5C,R10PAC_OECD,REMIND,total_energy_jobyears_no_decommission_per_1k,"Total energy job-years, excluding decommissioning","job-years per 1,000",0,3,NA,147.4810494850102,FALSE,FALSE,NA,NA
SCI-vetted,1.5C,R10PAC_OECD,REMIND,total_energy_jobyears_per_1k,"Total energy job-years, including decommissioning","job-years per 1,000",0,3,NA,150.79468474481996,FALSE,FALSE,NA,NA
SCI-vetted,1.5C,R10REF_ECON,GCAM,decommission_jobyears_per_1k,Decommissioning job-years,"job-years per 1,000",0,2,NA,28.465182069737047,FALSE,FALSE,NA,NA
SCI-vetted,1.5C,R10REF_ECON,GCAM,gross_plant_jobs_displaced_per_1k,Gross plant jobs displaced at retirement,"positions per 1,000",0,2,NA,13.867856546012408,FALSE,FALSE,NA,NA
SCI-vetted,1.5C,R10REF_ECON,GCAM,gross_upstream_jobs_displaced_per_1k,Gross upstream jobs displaced at retirement,"positions per 1,000",0,2,NA,0.9042009408223465,FALSE,FALSE,NA,NA
SCI-vetted,1.5C,R10REF_ECON,GCAM,inferred_retirements_GW,Inferred retired capacity,GW,0,2,NA,4469.5265100360575,FALSE,FALSE,NA,NA
SCI-vetted,1.5C,R10REF_ECON,GCAM,jobs_RE_minus_fossil_per_1k,Renewable minus fossil job-years (diagnostic),"job-years per 1,000",0,2,NA,962.0792424743858,FALSE,FALSE,NA,NA
SCI-vetted,1.5C,R10REF_ECON,GCAM,total_energy_jobyears_no_decommission_per_1k,"Total energy job-years, excluding decommissioning","job-years per 1,000",0,2,NA,1188.230543962738,FALSE,FALSE,NA,NA
SCI-vetted,1.5C,R10REF_ECON,GCAM,total_energy_jobyears_per_1k,"Total energy job-years, including decommissioning","job-years per 1,000",0,2,NA,1216.6957260324752,FALSE,FALSE,NA,NA
SCI-vetted,1.5C,R10REF_ECON,IMAGE,decommission_jobyears_per_1k,Decommissioning job-years,"job-years per 1,000",4,1,28.220274941758873,38.47812588712077,TRUE,FALSE,10.257850945361895,High-RE
SCI-vetted,1.5C,R10REF_ECON,IMAGE,gross_plant_jobs_displaced_per_1k,Gross plant jobs displaced at retirement,"positions per 1,000",4,1,11.213439935343715,14.901752506124005,TRUE,FALSE,3.6883125707802904,High-RE
SCI-vetted,1.5C,R10REF_ECON,IMAGE,gross_upstream_jobs_displaced_per_1k,Gross upstream jobs displaced at retirement,"positions per 1,000",4,1,2.7324005408884107,2.4835891715074636,TRUE,FALSE,-0.24881136938094706,High-CMT
SCI-vetted,1.5C,R10REF_ECON,IMAGE,inferred_retirements_GW,Inferred retired capacity,GW,4,1,3225.7900006179807,4833.403797134617,TRUE,FALSE,1607.6137965166363,High-RE
SCI-vetted,1.5C,R10REF_ECON,IMAGE,jobs_RE_minus_fossil_per_1k,Renewable minus fossil job-years (diagnostic),"job-years per 1,000",4,1,204.76962692087028,503.92251709101544,TRUE,FALSE,299.15289017014516,High-RE
SCI-vetted,1.5C,R10REF_ECON,IMAGE,total_energy_jobyears_no_decommission_per_1k,"Total energy job-years, excluding decommissioning","job-years per 1,000",4,1,1053.2483337410865,1263.0824989659516,TRUE,FALSE,209.83416522486505,High-RE
SCI-vetted,1.5C,R10REF_ECON,IMAGE,total_energy_jobyears_per_1k,"Total energy job-years, including decommissioning","job-years per 1,000",4,1,1081.3661641902936,1301.5606248530723,TRUE,FALSE,220.19446066277874,High-RE
SCI-vetted,1.5C,R10REF_ECON,POLES,decommission_jobyears_per_1k,Decommissioning job-years,"job-years per 1,000",2,0,19.69133816775158,NA,FALSE,FALSE,NA,NA
SCI-vetted,1.5C,R10REF_ECON,POLES,gross_plant_jobs_displaced_per_1k,Gross plant jobs displaced at retirement,"positions per 1,000",2,0,9.249613032062683,NA,FALSE,FALSE,NA,NA
SCI-vetted,1.5C,R10REF_ECON,POLES,gross_upstream_jobs_displaced_per_1k,Gross upstream jobs displaced at retirement,"positions per 1,000",2,0,1.3821308602223434,NA,FALSE,FALSE,NA,NA
SCI-vetted,1.5C,R10REF_ECON,POLES,inferred_retirements_GW,Inferred retired capacity,GW,2,0,2351.9165195613286,NA,FALSE,FALSE,NA,NA
SCI-vetted,1.5C,R10REF_ECON,POLES,jobs_RE_minus_fossil_per_1k,Renewable minus fossil job-years (diagnostic),"job-years per 1,000",2,0,510.362861322218,NA,FALSE,FALSE,NA,NA
SCI-vetted,1.5C,R10REF_ECON,POLES,total_energy_jobyears_no_decommission_per_1k,"Total energy job-years, excluding decommissioning","job-years per 1,000",2,0,1188.9537241859946,NA,FALSE,FALSE,NA,NA
SCI-vetted,1.5C,R10REF_ECON,POLES,total_energy_jobyears_per_1k,"Total energy job-years, including decommissioning","job-years per 1,000",2,0,1208.6450623537462,NA,FALSE,FALSE,NA,NA
SCI-vetted,1.5C,R10REF_ECON,REMIND,decommission_jobyears_per_1k,Decommissioning job-years,"job-years per 1,000",0,3,NA,22.024243352239907,FALSE,FALSE,NA,NA
SCI-vetted,1.5C,R10REF_ECON,REMIND,gross_plant_jobs_displaced_per_1k,Gross plant jobs displaced at retirement,"positions per 1,000",0,3,NA,9.799517780718288,FALSE,FALSE,NA,NA
SCI-vetted,1.5C,R10REF_ECON,REMIND,gross_upstream_jobs_displaced_per_1k,Gross upstream jobs displaced at retirement,"positions per 1,000",0,3,NA,0.8709635010288332,FALSE,FALSE,NA,NA
SCI-vetted,1.5C,R10REF_ECON,REMIND,inferred_retirements_GW,Inferred retired capacity,GW,0,3,NA,3186.3710516399988,FALSE,FALSE,NA,NA
SCI-vetted,1.5C,R10REF_ECON,REMIND,jobs_RE_minus_fossil_per_1k,Renewable minus fossil job-years (diagnostic),"job-years per 1,000",0,3,NA,1915.8563604848994,FALSE,FALSE,NA,NA
SCI-vetted,1.5C,R10REF_ECON,REMIND,total_energy_jobyears_no_decommission_per_1k,"Total energy job-years, excluding decommissioning","job-years per 1,000",0,3,NA,2100.4899109823386,FALSE,FALSE,NA,NA
SCI-vetted,1.5C,R10REF_ECON,REMIND,total_energy_jobyears_per_1k,"Total energy job-years, including decommissioning","job-years per 1,000",0,3,NA,2122.012331788471,FALSE,FALSE,NA,NA
SCI-vetted,1.5C,R10REST_ASIA,GCAM,decommission_jobyears_per_1k,Decommissioning job-years,"job-years per 1,000",0,2,NA,8.781225343416407,FALSE,FALSE,NA,NA
SCI-vetted,1.5C,R10REST_ASIA,GCAM,gross_plant_jobs_displaced_per_1k,Gross plant jobs displaced at retirement,"positions per 1,000",0,2,NA,8.351158212044437,FALSE,FALSE,NA,NA
SCI-vetted,1.5C,R10REST_ASIA,GCAM,gross_upstream_jobs_displaced_per_1k,Gross upstream jobs displaced at retirement,"positions per 1,000",0,2,NA,0.2174499335018275,FALSE,FALSE,NA,NA
SCI-vetted,1.5C,R10REST_ASIA,GCAM,inferred_retirements_GW,Inferred retired capacity,GW,0,2,NA,11986.861439201408,FALSE,FALSE,NA,NA
SCI-vetted,1.5C,R10REST_ASIA,GCAM,jobs_RE_minus_fossil_per_1k,Renewable minus fossil job-years (diagnostic),"job-years per 1,000",0,2,NA,500.8165243688659,FALSE,FALSE,NA,NA
SCI-vetted,1.5C,R10REST_ASIA,GCAM,total_energy_jobyears_no_decommission_per_1k,"Total energy job-years, excluding decommissioning","job-years per 1,000",0,2,NA,523.3179753998738,FALSE,FALSE,NA,NA
SCI-vetted,1.5C,R10REST_ASIA,GCAM,total_energy_jobyears_per_1k,"Total energy job-years, including decommissioning","job-years per 1,000",0,2,NA,532.0992007432902,FALSE,FALSE,NA,NA
SCI-vetted,1.5C,R10REST_ASIA,IMAGE,decommission_jobyears_per_1k,Decommissioning job-years,"job-years per 1,000",4,1,6.308444731159048,8.411846139539945,TRUE,FALSE,2.103401408380897,High-RE
SCI-vetted,1.5C,R10REST_ASIA,IMAGE,gross_plant_jobs_displaced_per_1k,Gross plant jobs displaced at retirement,"positions per 1,000",4,1,4.387229566083572,6.3068879731922305,TRUE,FALSE,1.9196584071086589,High-RE
SCI-vetted,1.5C,R10REST_ASIA,IMAGE,gross_upstream_jobs_displaced_per_1k,Gross upstream jobs displaced at retirement,"positions per 1,000",4,1,0.5678834226045795,0.5650603730210815,TRUE,FALSE,-0.002823049583497994,High-CMT
SCI-vetted,1.5C,R10REST_ASIA,IMAGE,inferred_retirements_GW,Inferred retired capacity,GW,4,1,6677.392368074989,10141.219999269128,TRUE,FALSE,3463.827631194139,High-RE
SCI-vetted,1.5C,R10REST_ASIA,IMAGE,jobs_RE_minus_fossil_per_1k,Renewable minus fossil job-years (diagnostic),"job-years per 1,000",4,1,204.84855052100636,321.92688561050915,TRUE,FALSE,117.07833508950279,High-RE
SCI-vetted,1.5C,R10REST_ASIA,IMAGE,total_energy_jobyears_no_decommission_per_1k,"Total energy job-years, excluding decommissioning","job-years per 1,000",4,1,376.56114773943364,462.883305405352,TRUE,FALSE,86.32215766591838,High-RE
SCI-vetted,1.5C,R10REST_ASIA,IMAGE,total_energy_jobyears_per_1k,"Total energy job-years, including decommissioning","job-years per 1,000",4,1,382.8695924705927,471.29515154489195,TRUE,FALSE,88.42555907429926,High-RE
SCI-vetted,1.5C,R10REST_ASIA,POLES,decommission_jobyears_per_1k,Decommissioning job-years,"job-years per 1,000",2,0,3.472022567859537,NA,FALSE,FALSE,NA,NA
SCI-vetted,1.5C,R10REST_ASIA,POLES,gross_plant_jobs_displaced_per_1k,Gross plant jobs displaced at retirement,"positions per 1,000",2,0,2.7349236458129913,NA,FALSE,FALSE,NA,NA
SCI-vetted,1.5C,R10REST_ASIA,POLES,gross_upstream_jobs_displaced_per_1k,Gross upstream jobs displaced at retirement,"positions per 1,000",2,0,0.19509229038040432,NA,FALSE,FALSE,NA,NA
SCI-vetted,1.5C,R10REST_ASIA,POLES,inferred_retirements_GW,Inferred retired capacity,GW,2,0,4139.276766811684,NA,FALSE,FALSE,NA,NA
SCI-vetted,1.5C,R10REST_ASIA,POLES,jobs_RE_minus_fossil_per_1k,Renewable minus fossil job-years (diagnostic),"job-years per 1,000",2,0,162.4597656208428,NA,FALSE,FALSE,NA,NA
SCI-vetted,1.5C,R10REST_ASIA,POLES,total_energy_jobyears_no_decommission_per_1k,"Total energy job-years, excluding decommissioning","job-years per 1,000",2,0,232.26649753969653,NA,FALSE,FALSE,NA,NA
SCI-vetted,1.5C,R10REST_ASIA,POLES,total_energy_jobyears_per_1k,"Total energy job-years, including decommissioning","job-years per 1,000",2,0,235.73852010755604,NA,FALSE,FALSE,NA,NA
SCI-vetted,1.5C,R10REST_ASIA,REMIND,decommission_jobyears_per_1k,Decommissioning job-years,"job-years per 1,000",0,3,NA,7.95392335625977,FALSE,FALSE,NA,NA
SCI-vetted,1.5C,R10REST_ASIA,REMIND,gross_plant_jobs_displaced_per_1k,Gross plant jobs displaced at retirement,"positions per 1,000",0,3,NA,7.554871743783171,FALSE,FALSE,NA,NA
SCI-vetted,1.5C,R10REST_ASIA,REMIND,gross_upstream_jobs_displaced_per_1k,Gross upstream jobs displaced at retirement,"positions per 1,000",0,3,NA,0.24458337020156515,FALSE,FALSE,NA,NA
SCI-vetted,1.5C,R10REST_ASIA,REMIND,inferred_retirements_GW,Inferred retired capacity,GW,0,3,NA,11317.818236089995,FALSE,FALSE,NA,NA
SCI-vetted,1.5C,R10REST_ASIA,REMIND,jobs_RE_minus_fossil_per_1k,Renewable minus fossil job-years (diagnostic),"job-years per 1,000",0,3,NA,760.0188289668631,FALSE,FALSE,NA,NA
SCI-vetted,1.5C,R10REST_ASIA,REMIND,total_energy_jobyears_no_decommission_per_1k,"Total energy job-years, excluding decommissioning","job-years per 1,000",0,3,NA,784.2229512007847,FALSE,FALSE,NA,NA
SCI-vetted,1.5C,R10REST_ASIA,REMIND,total_energy_jobyears_per_1k,"Total energy job-years, including decommissioning","job-years per 1,000",0,3,NA,792.1768745570444,FALSE,FALSE,NA,NA
SCI-vetted,2C,Aggregated R10 regions,GCAM,decommission_jobyears_per_1k,Decommissioning job-years,"job-years per 1,000",0,5,NA,8.658488920161735,FALSE,FALSE,NA,NA
SCI-vetted,2C,Aggregated R10 regions,GCAM,gross_plant_jobs_displaced_per_1k,Gross plant jobs displaced at retirement,"positions per 1,000",0,5,NA,5.869641546952725,FALSE,FALSE,NA,NA
SCI-vetted,2C,Aggregated R10 regions,GCAM,gross_upstream_jobs_displaced_per_1k,Gross upstream jobs displaced at retirement,"positions per 1,000",0,5,NA,0.3426702366554882,FALSE,FALSE,NA,NA
SCI-vetted,2C,Aggregated R10 regions,GCAM,inferred_retirements_GW,Inferred retired capacity,GW,0,5,NA,99918.47752083787,FALSE,FALSE,NA,NA
SCI-vetted,2C,Aggregated R10 regions,GCAM,jobs_RE_minus_fossil_per_1k,Renewable minus fossil job-years (diagnostic),"job-years per 1,000",0,5,NA,398.9219755389694,FALSE,FALSE,NA,NA
SCI-vetted,2C,Aggregated R10 regions,GCAM,total_energy_jobyears_no_decommission_per_1k,"Total energy job-years, excluding decommissioning","job-years per 1,000",0,5,NA,480.8925624702619,FALSE,FALSE,NA,NA
SCI-vetted,2C,Aggregated R10 regions,GCAM,total_energy_jobyears_per_1k,"Total energy job-years, including decommissioning","job-years per 1,000",0,5,NA,489.5510513904237,FALSE,FALSE,NA,NA
SCI-vetted,2C,Aggregated R10 regions,IMAGE,decommission_jobyears_per_1k,Decommissioning job-years,"job-years per 1,000",22,3,3.1884542957396462,8.38699656716951,TRUE,TRUE,5.198542271429863,High-RE
SCI-vetted,2C,Aggregated R10 regions,IMAGE,gross_plant_jobs_displaced_per_1k,Gross plant jobs displaced at retirement,"positions per 1,000",22,3,2.5297509293677853,4.836321128826813,TRUE,TRUE,2.3065701994590277,High-RE
SCI-vetted,2C,Aggregated R10 regions,IMAGE,gross_upstream_jobs_displaced_per_1k,Gross upstream jobs displaced at retirement,"positions per 1,000",22,3,0.42976432144895804,0.7873582664010947,TRUE,TRUE,0.3575939449521367,High-RE
SCI-vetted,2C,Aggregated R10 regions,IMAGE,inferred_retirements_GW,Inferred retired capacity,GW,22,3,28530.200682632327,86467.31764400541,TRUE,TRUE,57937.11696137308,High-RE
SCI-vetted,2C,Aggregated R10 regions,IMAGE,jobs_RE_minus_fossil_per_1k,Renewable minus fossil job-years (diagnostic),"job-years per 1,000",22,3,57.08228559511697,308.61802919229706,TRUE,TRUE,251.5357435971801,High-RE
SCI-vetted,2C,Aggregated R10 regions,IMAGE,total_energy_jobyears_no_decommission_per_1k,"Total energy job-years, excluding decommissioning","job-years per 1,000",22,3,250.88896515992053,518.7368525282058,TRUE,TRUE,267.8478873682852,High-RE
SCI-vetted,2C,Aggregated R10 regions,IMAGE,total_energy_jobyears_per_1k,"Total energy job-years, including decommissioning","job-years per 1,000",22,3,254.10843832204267,527.1238490953752,TRUE,TRUE,273.0154107733326,High-RE
SCI-vetted,2C,Aggregated R10 regions,MESSAGEix,decommission_jobyears_per_1k,Decommissioning job-years,"job-years per 1,000",0,3,NA,4.222790152911344,FALSE,FALSE,NA,NA
SCI-vetted,2C,Aggregated R10 regions,MESSAGEix,gross_plant_jobs_displaced_per_1k,Gross plant jobs displaced at retirement,"positions per 1,000",0,3,NA,3.2838311291716993,FALSE,FALSE,NA,NA
SCI-vetted,2C,Aggregated R10 regions,MESSAGEix,gross_upstream_jobs_displaced_per_1k,Gross upstream jobs displaced at retirement,"positions per 1,000",0,3,NA,0.3847817531113086,FALSE,FALSE,NA,NA
SCI-vetted,2C,Aggregated R10 regions,MESSAGEix,inferred_retirements_GW,Inferred retired capacity,GW,0,3,NA,52772.83422818931,FALSE,FALSE,NA,NA
SCI-vetted,2C,Aggregated R10 regions,MESSAGEix,jobs_RE_minus_fossil_per_1k,Renewable minus fossil job-years (diagnostic),"job-years per 1,000",0,3,NA,322.2524611067888,FALSE,FALSE,NA,NA
SCI-vetted,2C,Aggregated R10 regions,MESSAGEix,total_energy_jobyears_no_decommission_per_1k,"Total energy job-years, excluding decommissioning","job-years per 1,000",0,3,NA,370.24064268825816,FALSE,FALSE,NA,NA
SCI-vetted,2C,Aggregated R10 regions,MESSAGEix,total_energy_jobyears_per_1k,"Total energy job-years, including decommissioning","job-years per 1,000",0,3,NA,374.4634328411695,FALSE,FALSE,NA,NA
SCI-vetted,2C,Aggregated R10 regions,POLES,decommission_jobyears_per_1k,Decommissioning job-years,"job-years per 1,000",41,0,5.049568518121696,NA,FALSE,FALSE,NA,NA
SCI-vetted,2C,Aggregated R10 regions,POLES,gross_plant_jobs_displaced_per_1k,Gross plant jobs displaced at retirement,"positions per 1,000",41,0,3.4999767558398194,NA,FALSE,FALSE,NA,NA
SCI-vetted,2C,Aggregated R10 regions,POLES,gross_upstream_jobs_displaced_per_1k,Gross upstream jobs displaced at retirement,"positions per 1,000",41,0,0.4358319282444745,NA,FALSE,FALSE,NA,NA
SCI-vetted,2C,Aggregated R10 regions,POLES,inferred_retirements_GW,Inferred retired capacity,GW,41,0,55902.243225551734,NA,FALSE,FALSE,NA,NA
SCI-vetted,2C,Aggregated R10 regions,POLES,jobs_RE_minus_fossil_per_1k,Renewable minus fossil job-years (diagnostic),"job-years per 1,000",41,0,197.9159487536588,NA,FALSE,FALSE,NA,NA
SCI-vetted,2C,Aggregated R10 regions,POLES,total_energy_jobyears_no_decommission_per_1k,"Total energy job-years, excluding decommissioning","job-years per 1,000",41,0,361.30912860385376,NA,FALSE,FALSE,NA,NA
SCI-vetted,2C,Aggregated R10 regions,POLES,total_energy_jobyears_per_1k,"Total energy job-years, including decommissioning","job-years per 1,000",41,0,366.3670355375131,NA,FALSE,FALSE,NA,NA
SCI-vetted,2C,Aggregated R10 regions,REMIND,decommission_jobyears_per_1k,Decommissioning job-years,"job-years per 1,000",0,24,NA,5.347664089293802,FALSE,FALSE,NA,NA
SCI-vetted,2C,Aggregated R10 regions,REMIND,gross_plant_jobs_displaced_per_1k,Gross plant jobs displaced at retirement,"positions per 1,000",0,24,NA,3.9125002415798478,FALSE,FALSE,NA,NA
SCI-vetted,2C,Aggregated R10 regions,REMIND,gross_upstream_jobs_displaced_per_1k,Gross upstream jobs displaced at retirement,"positions per 1,000",0,24,NA,0.31771510105172035,FALSE,FALSE,NA,NA
SCI-vetted,2C,Aggregated R10 regions,REMIND,inferred_retirements_GW,Inferred retired capacity,GW,0,24,NA,64935.47333476,FALSE,FALSE,NA,NA
SCI-vetted,2C,Aggregated R10 regions,REMIND,jobs_RE_minus_fossil_per_1k,Renewable minus fossil job-years (diagnostic),"job-years per 1,000",0,24,NA,443.24439947572955,FALSE,FALSE,NA,NA
SCI-vetted,2C,Aggregated R10 regions,REMIND,total_energy_jobyears_no_decommission_per_1k,"Total energy job-years, excluding decommissioning","job-years per 1,000",0,24,NA,531.4012089988188,FALSE,FALSE,NA,NA
SCI-vetted,2C,Aggregated R10 regions,REMIND,total_energy_jobyears_per_1k,"Total energy job-years, including decommissioning","job-years per 1,000",0,24,NA,537.0870928321551,FALSE,FALSE,NA,NA
SCI-vetted,2C,Aggregated R10 regions,WITCH,decommission_jobyears_per_1k,Decommissioning job-years,"job-years per 1,000",0,28,NA,6.106241507334113,FALSE,FALSE,NA,NA
SCI-vetted,2C,Aggregated R10 regions,WITCH,gross_plant_jobs_displaced_per_1k,Gross plant jobs displaced at retirement,"positions per 1,000",0,28,NA,5.891827957977181,FALSE,FALSE,NA,NA
SCI-vetted,2C,Aggregated R10 regions,WITCH,gross_upstream_jobs_displaced_per_1k,Gross upstream jobs displaced at retirement,"positions per 1,000",0,28,NA,0.33631756249375155,FALSE,FALSE,NA,NA
SCI-vetted,2C,Aggregated R10 regions,WITCH,inferred_retirements_GW,Inferred retired capacity,GW,0,28,NA,76942.0059518104,FALSE,FALSE,NA,NA
SCI-vetted,2C,Aggregated R10 regions,WITCH,jobs_RE_minus_fossil_per_1k,Renewable minus fossil job-years (diagnostic),"job-years per 1,000",0,28,NA,282.4574963461886,FALSE,FALSE,NA,NA
SCI-vetted,2C,Aggregated R10 regions,WITCH,total_energy_jobyears_no_decommission_per_1k,"Total energy job-years, excluding decommissioning","job-years per 1,000",0,28,NA,397.8122418842279,FALSE,FALSE,NA,NA
SCI-vetted,2C,Aggregated R10 regions,WITCH,total_energy_jobyears_per_1k,"Total energy job-years, including decommissioning","job-years per 1,000",0,28,NA,403.8972149067654,FALSE,FALSE,NA,NA
SCI-vetted,2C,R10AFRICA,GCAM,decommission_jobyears_per_1k,Decommissioning job-years,"job-years per 1,000",0,5,NA,8.164439453389003,FALSE,FALSE,NA,NA
SCI-vetted,2C,R10AFRICA,GCAM,gross_plant_jobs_displaced_per_1k,Gross plant jobs displaced at retirement,"positions per 1,000",0,5,NA,7.420714547085019,FALSE,FALSE,NA,NA
SCI-vetted,2C,R10AFRICA,GCAM,gross_upstream_jobs_displaced_per_1k,Gross upstream jobs displaced at retirement,"positions per 1,000",0,5,NA,0.058020529556605374,FALSE,FALSE,NA,NA
SCI-vetted,2C,R10AFRICA,GCAM,inferred_retirements_GW,Inferred retired capacity,GW,0,5,NA,16373.043529417368,FALSE,FALSE,NA,NA
SCI-vetted,2C,R10AFRICA,GCAM,jobs_RE_minus_fossil_per_1k,Renewable minus fossil job-years (diagnostic),"job-years per 1,000",0,5,NA,802.7137688079739,FALSE,FALSE,NA,NA
SCI-vetted,2C,R10AFRICA,GCAM,total_energy_jobyears_no_decommission_per_1k,"Total energy job-years, excluding decommissioning","job-years per 1,000",0,5,NA,839.2338090703995,FALSE,FALSE,NA,NA
SCI-vetted,2C,R10AFRICA,GCAM,total_energy_jobyears_per_1k,"Total energy job-years, including decommissioning","job-years per 1,000",0,5,NA,847.7440576313242,FALSE,FALSE,NA,NA
SCI-vetted,2C,R10AFRICA,IMAGE,decommission_jobyears_per_1k,Decommissioning job-years,"job-years per 1,000",22,3,1.5552369268571713,5.725769165885881,TRUE,TRUE,4.170532239028709,High-RE
SCI-vetted,2C,R10AFRICA,IMAGE,gross_plant_jobs_displaced_per_1k,Gross plant jobs displaced at retirement,"positions per 1,000",22,3,1.1632078627914453,4.884267366358904,TRUE,TRUE,3.7210595035674583,High-RE
SCI-vetted,2C,R10AFRICA,IMAGE,gross_upstream_jobs_displaced_per_1k,Gross upstream jobs displaced at retirement,"positions per 1,000",22,3,0.08569527648188854,0.09709903227852511,TRUE,TRUE,0.011403755796636564,High-RE
SCI-vetted,2C,R10AFRICA,IMAGE,inferred_retirements_GW,Inferred retired capacity,GW,22,3,2627.8550800085313,11499.026499632442,TRUE,TRUE,8871.171419623912,High-RE
SCI-vetted,2C,R10AFRICA,IMAGE,jobs_RE_minus_fossil_per_1k,Renewable minus fossil job-years (diagnostic),"job-years per 1,000",22,3,97.89961241669383,665.3867364779974,TRUE,TRUE,567.4871240613036,High-RE
SCI-vetted,2C,R10AFRICA,IMAGE,total_energy_jobyears_no_decommission_per_1k,"Total energy job-years, excluding decommissioning","job-years per 1,000",22,3,217.07897404005894,747.6976245791285,TRUE,TRUE,530.6186505390696,High-RE
SCI-vetted,2C,R10AFRICA,IMAGE,total_energy_jobyears_per_1k,"Total energy job-years, including decommissioning","job-years per 1,000",22,3,218.74250683633858,753.4233937450144,TRUE,TRUE,534.6808869086758,High-RE
SCI-vetted,2C,R10AFRICA,MESSAGEix,decommission_jobyears_per_1k,Decommissioning job-years,"job-years per 1,000",0,3,NA,1.1734816098934786,FALSE,FALSE,NA,NA
SCI-vetted,2C,R10AFRICA,MESSAGEix,gross_plant_jobs_displaced_per_1k,Gross plant jobs displaced at retirement,"positions per 1,000",0,3,NA,1.2003927625797954,FALSE,FALSE,NA,NA
SCI-vetted,2C,R10AFRICA,MESSAGEix,gross_upstream_jobs_displaced_per_1k,Gross upstream jobs displaced at retirement,"positions per 1,000",0,3,NA,0.01605396107304145,FALSE,FALSE,NA,NA
SCI-vetted,2C,R10AFRICA,MESSAGEix,inferred_retirements_GW,Inferred retired capacity,GW,0,3,NA,3083.787902229872,FALSE,FALSE,NA,NA
SCI-vetted,2C,R10AFRICA,MESSAGEix,jobs_RE_minus_fossil_per_1k,Renewable minus fossil job-years (diagnostic),"job-years per 1,000",0,3,NA,369.53771805878245,FALSE,FALSE,NA,NA
SCI-vetted,2C,R10AFRICA,MESSAGEix,total_energy_jobyears_no_decommission_per_1k,"Total energy job-years, excluding decommissioning","job-years per 1,000",0,3,NA,375.1985653381239,FALSE,FALSE,NA,NA
SCI-vetted,2C,R10AFRICA,MESSAGEix,total_energy_jobyears_per_1k,"Total energy job-years, including decommissioning","job-years per 1,000",0,3,NA,376.3720469480174,FALSE,FALSE,NA,NA
SCI-vetted,2C,R10AFRICA,POLES,decommission_jobyears_per_1k,Decommissioning job-years,"job-years per 1,000",41,0,2.5151763780125354,NA,FALSE,FALSE,NA,NA
SCI-vetted,2C,R10AFRICA,POLES,gross_plant_jobs_displaced_per_1k,Gross plant jobs displaced at retirement,"positions per 1,000",41,0,2.1454601279312464,NA,FALSE,FALSE,NA,NA
SCI-vetted,2C,R10AFRICA,POLES,gross_upstream_jobs_displaced_per_1k,Gross upstream jobs displaced at retirement,"positions per 1,000",41,0,0.08263499374949163,NA,FALSE,FALSE,NA,NA
SCI-vetted,2C,R10AFRICA,POLES,inferred_retirements_GW,Inferred retired capacity,GW,41,0,4947.900240533799,NA,FALSE,FALSE,NA,NA
SCI-vetted,2C,R10AFRICA,POLES,jobs_RE_minus_fossil_per_1k,Renewable minus fossil job-years (diagnostic),"job-years per 1,000",41,0,306.68972006925725,NA,FALSE,FALSE,NA,NA
SCI-vetted,2C,R10AFRICA,POLES,total_energy_jobyears_no_decommission_per_1k,"Total energy job-years, excluding decommissioning","job-years per 1,000",41,0,401.8629491721265,NA,FALSE,FALSE,NA,NA
SCI-vetted,2C,R10AFRICA,POLES,total_energy_jobyears_per_1k,"Total energy job-years, including decommissioning","job-years per 1,000",41,0,404.3831181162064,NA,FALSE,FALSE,NA,NA
SCI-vetted,2C,R10AFRICA,REMIND,decommission_jobyears_per_1k,Decommissioning job-years,"job-years per 1,000",0,25,NA,2.4102219033329018,FALSE,FALSE,NA,NA
SCI-vetted,2C,R10AFRICA,REMIND,gross_plant_jobs_displaced_per_1k,Gross plant jobs displaced at retirement,"positions per 1,000",0,25,NA,2.7188050554267034,FALSE,FALSE,NA,NA
SCI-vetted,2C,R10AFRICA,REMIND,gross_upstream_jobs_displaced_per_1k,Gross upstream jobs displaced at retirement,"positions per 1,000",0,25,NA,0.013556093273336059,FALSE,FALSE,NA,NA
SCI-vetted,2C,R10AFRICA,REMIND,inferred_retirements_GW,Inferred retired capacity,GW,0,25,NA,6877.679779999998,FALSE,FALSE,NA,NA
SCI-vetted,2C,R10AFRICA,REMIND,jobs_RE_minus_fossil_per_1k,Renewable minus fossil job-years (diagnostic),"job-years per 1,000",0,25,NA,673.866308654547,FALSE,FALSE,NA,NA
SCI-vetted,2C,R10AFRICA,REMIND,total_energy_jobyears_no_decommission_per_1k,"Total energy job-years, excluding decommissioning","job-years per 1,000",0,25,NA,700.8155958108092,FALSE,FALSE,NA,NA
SCI-vetted,2C,R10AFRICA,REMIND,total_energy_jobyears_per_1k,"Total energy job-years, including decommissioning","job-years per 1,000",0,25,NA,704.2717725368723,FALSE,FALSE,NA,NA
SCI-vetted,2C,R10AFRICA,WITCH,decommission_jobyears_per_1k,Decommissioning job-years,"job-years per 1,000",0,28,NA,1.9200901903719874,FALSE,FALSE,NA,NA
SCI-vetted,2C,R10AFRICA,WITCH,gross_plant_jobs_displaced_per_1k,Gross plant jobs displaced at retirement,"positions per 1,000",0,28,NA,1.5499183303701853,FALSE,FALSE,NA,NA
SCI-vetted,2C,R10AFRICA,WITCH,gross_upstream_jobs_displaced_per_1k,Gross upstream jobs displaced at retirement,"positions per 1,000",0,28,NA,0.08469885159783276,FALSE,FALSE,NA,NA
SCI-vetted,2C,R10AFRICA,WITCH,inferred_retirements_GW,Inferred retired capacity,GW,0,28,NA,3488.861463857724,FALSE,FALSE,NA,NA
SCI-vetted,2C,R10AFRICA,WITCH,jobs_RE_minus_fossil_per_1k,Renewable minus fossil job-years (diagnostic),"job-years per 1,000",0,28,NA,108.33672784574858,FALSE,FALSE,NA,NA
SCI-vetted,2C,R10AFRICA,WITCH,total_energy_jobyears_no_decommission_per_1k,"Total energy job-years, excluding decommissioning","job-years per 1,000",0,28,NA,153.55678529282045,FALSE,FALSE,NA,NA
SCI-vetted,2C,R10AFRICA,WITCH,total_energy_jobyears_per_1k,"Total energy job-years, including decommissioning","job-years per 1,000",0,28,NA,155.46917411499683,FALSE,FALSE,NA,NA
SCI-vetted,2C,R10CHINA+,GCAM,decommission_jobyears_per_1k,Decommissioning job-years,"job-years per 1,000",0,5,NA,7.677892134639081,FALSE,FALSE,NA,NA
SCI-vetted,2C,R10CHINA+,GCAM,gross_plant_jobs_displaced_per_1k,Gross plant jobs displaced at retirement,"positions per 1,000",0,5,NA,4.7113739787270275,FALSE,FALSE,NA,NA
SCI-vetted,2C,R10CHINA+,GCAM,gross_upstream_jobs_displaced_per_1k,Gross upstream jobs displaced at retirement,"positions per 1,000",0,5,NA,0.9369910055255469,FALSE,FALSE,NA,NA
SCI-vetted,2C,R10CHINA+,GCAM,inferred_retirements_GW,Inferred retired capacity,GW,0,5,NA,18135.19918143565,FALSE,FALSE,NA,NA
SCI-vetted,2C,R10CHINA+,GCAM,jobs_RE_minus_fossil_per_1k,Renewable minus fossil job-years (diagnostic),"job-years per 1,000",0,5,NA,239.70434519538117,FALSE,FALSE,NA,NA
SCI-vetted,2C,R10CHINA+,GCAM,total_energy_jobyears_no_decommission_per_1k,"Total energy job-years, excluding decommissioning","job-years per 1,000",0,5,NA,360.24130603623524,FALSE,FALSE,NA,NA
SCI-vetted,2C,R10CHINA+,GCAM,total_energy_jobyears_per_1k,"Total energy job-years, including decommissioning","job-years per 1,000",0,5,NA,368.04644759799595,FALSE,FALSE,NA,NA
SCI-vetted,2C,R10CHINA+,IMAGE,decommission_jobyears_per_1k,Decommissioning job-years,"job-years per 1,000",22,3,3.2414717178432486,7.543387559125853,TRUE,TRUE,4.301915841282605,High-RE
SCI-vetted,2C,R10CHINA+,IMAGE,gross_plant_jobs_displaced_per_1k,Gross plant jobs displaced at retirement,"positions per 1,000",22,3,2.867080255164405,5.265319739587305,TRUE,TRUE,2.3982394844229002,High-RE
SCI-vetted,2C,R10CHINA+,IMAGE,gross_upstream_jobs_displaced_per_1k,Gross upstream jobs displaced at retirement,"positions per 1,000",22,3,0.6574410351048775,1.2160750726381746,TRUE,TRUE,0.5586340375332971,High-RE
SCI-vetted,2C,R10CHINA+,IMAGE,inferred_retirements_GW,Inferred retired capacity,GW,22,3,5258.9336202150735,16184.97341031182,TRUE,TRUE,10926.039790096747,High-RE
SCI-vetted,2C,R10CHINA+,IMAGE,jobs_RE_minus_fossil_per_1k,Renewable minus fossil job-years (diagnostic),"job-years per 1,000",22,3,29.8903936958381,126.70987867411615,TRUE,TRUE,96.81948497827806,High-RE
SCI-vetted,2C,R10CHINA+,IMAGE,total_energy_jobyears_no_decommission_per_1k,"Total energy job-years, excluding decommissioning","job-years per 1,000",22,3,208.28245671503316,387.8133474169905,TRUE,TRUE,179.53089070195733,High-RE
SCI-vetted,2C,R10CHINA+,IMAGE,total_energy_jobyears_per_1k,"Total energy job-years, including decommissioning","job-years per 1,000",22,3,211.41937343188536,396.1096431974228,TRUE,TRUE,184.69026976553747,High-RE
SCI-vetted,2C,R10CHINA+,MESSAGEix,decommission_jobyears_per_1k,Decommissioning job-years,"job-years per 1,000",0,3,NA,5.126176873310396,FALSE,FALSE,NA,NA
SCI-vetted,2C,R10CHINA+,MESSAGEix,gross_plant_jobs_displaced_per_1k,Gross plant jobs displaced at retirement,"positions per 1,000",0,3,NA,4.920518063996087,FALSE,FALSE,NA,NA
SCI-vetted,2C,R10CHINA+,MESSAGEix,gross_upstream_jobs_displaced_per_1k,Gross upstream jobs displaced at retirement,"positions per 1,000",0,3,NA,1.085374028325142,FALSE,FALSE,NA,NA
SCI-vetted,2C,R10CHINA+,MESSAGEix,inferred_retirements_GW,Inferred retired capacity,GW,0,3,NA,12374.085987912611,FALSE,FALSE,NA,NA
SCI-vetted,2C,R10CHINA+,MESSAGEix,jobs_RE_minus_fossil_per_1k,Renewable minus fossil job-years (diagnostic),"job-years per 1,000",0,3,NA,227.5559815676823,FALSE,FALSE,NA,NA
SCI-vetted,2C,R10CHINA+,MESSAGEix,total_energy_jobyears_no_decommission_per_1k,"Total energy job-years, excluding decommissioning","job-years per 1,000",0,3,NA,347.8161065663823,FALSE,FALSE,NA,NA
SCI-vetted,2C,R10CHINA+,MESSAGEix,total_energy_jobyears_per_1k,"Total energy job-years, including decommissioning","job-years per 1,000",0,3,NA,352.9422834396927,FALSE,FALSE,NA,NA
SCI-vetted,2C,R10CHINA+,POLES,decommission_jobyears_per_1k,Decommissioning job-years,"job-years per 1,000",41,0,7.373340709316207,NA,FALSE,FALSE,NA,NA
SCI-vetted,2C,R10CHINA+,POLES,gross_plant_jobs_displaced_per_1k,Gross plant jobs displaced at retirement,"positions per 1,000",41,0,5.572476202738824,NA,FALSE,FALSE,NA,NA
SCI-vetted,2C,R10CHINA+,POLES,gross_upstream_jobs_displaced_per_1k,Gross upstream jobs displaced at retirement,"positions per 1,000",41,0,1.1495426083495204,NA,FALSE,FALSE,NA,NA
SCI-vetted,2C,R10CHINA+,POLES,inferred_retirements_GW,Inferred retired capacity,GW,41,0,14649.800322642715,NA,FALSE,FALSE,NA,NA
SCI-vetted,2C,R10CHINA+,POLES,jobs_RE_minus_fossil_per_1k,Renewable minus fossil job-years (diagnostic),"job-years per 1,000",41,0,145.64821013560362,NA,FALSE,FALSE,NA,NA
SCI-vetted,2C,R10CHINA+,POLES,total_energy_jobyears_no_decommission_per_1k,"Total energy job-years, excluding decommissioning","job-years per 1,000",41,0,431.8661067961319,NA,FALSE,FALSE,NA,NA
SCI-vetted,2C,R10CHINA+,POLES,total_energy_jobyears_per_1k,"Total energy job-years, including decommissioning","job-years per 1,000",41,0,439.2377089306109,NA,FALSE,FALSE,NA,NA
SCI-vetted,2C,R10CHINA+,REMIND,decommission_jobyears_per_1k,Decommissioning job-years,"job-years per 1,000",0,25,NA,5.341808666014082,FALSE,FALSE,NA,NA
SCI-vetted,2C,R10CHINA+,REMIND,gross_plant_jobs_displaced_per_1k,Gross plant jobs displaced at retirement,"positions per 1,000",0,25,NA,4.007724353503926,FALSE,FALSE,NA,NA
SCI-vetted,2C,R10CHINA+,REMIND,gross_upstream_jobs_displaced_per_1k,Gross upstream jobs displaced at retirement,"positions per 1,000",0,25,NA,0.8852002531951614,FALSE,FALSE,NA,NA
SCI-vetted,2C,R10CHINA+,REMIND,inferred_retirements_GW,Inferred retired capacity,GW,0,25,NA,12018.92151,FALSE,FALSE,NA,NA
SCI-vetted,2C,R10CHINA+,REMIND,jobs_RE_minus_fossil_per_1k,Renewable minus fossil job-years (diagnostic),"job-years per 1,000",0,25,NA,186.54129506212777,FALSE,FALSE,NA,NA
SCI-vetted,2C,R10CHINA+,REMIND,total_energy_jobyears_no_decommission_per_1k,"Total energy job-years, excluding decommissioning","job-years per 1,000",0,25,NA,323.41228055204624,FALSE,FALSE,NA,NA
SCI-vetted,2C,R10CHINA+,REMIND,total_energy_jobyears_per_1k,"Total energy job-years, including decommissioning","job-years per 1,000",0,25,NA,328.51230437698354,FALSE,FALSE,NA,NA
SCI-vetted,2C,R10CHINA+,WITCH,decommission_jobyears_per_1k,Decommissioning job-years,"job-years per 1,000",0,28,NA,4.566677911025163,FALSE,FALSE,NA,NA
SCI-vetted,2C,R10CHINA+,WITCH,gross_plant_jobs_displaced_per_1k,Gross plant jobs displaced at retirement,"positions per 1,000",0,28,NA,7.1901992538408095,FALSE,FALSE,NA,NA
SCI-vetted,2C,R10CHINA+,WITCH,gross_upstream_jobs_displaced_per_1k,Gross upstream jobs displaced at retirement,"positions per 1,000",0,28,NA,0.6572003114115198,FALSE,FALSE,NA,NA
SCI-vetted,2C,R10CHINA+,WITCH,inferred_retirements_GW,Inferred retired capacity,GW,0,28,NA,16549.247139481784,FALSE,FALSE,NA,NA
SCI-vetted,2C,R10CHINA+,WITCH,jobs_RE_minus_fossil_per_1k,Renewable minus fossil job-years (diagnostic),"job-years per 1,000",0,28,NA,299.9041261587953,FALSE,FALSE,NA,NA
SCI-vetted,2C,R10CHINA+,WITCH,total_energy_jobyears_no_decommission_per_1k,"Total energy job-years, excluding decommissioning","job-years per 1,000",0,28,NA,414.3769171537657,FALSE,FALSE,NA,NA
SCI-vetted,2C,R10CHINA+,WITCH,total_energy_jobyears_per_1k,"Total energy job-years, including decommissioning","job-years per 1,000",0,28,NA,418.96249717603007,FALSE,FALSE,NA,NA
SCI-vetted,2C,R10EUROPE,GCAM,decommission_jobyears_per_1k,Decommissioning job-years,"job-years per 1,000",0,5,NA,5.271288879395074,FALSE,FALSE,NA,NA
SCI-vetted,2C,R10EUROPE,GCAM,gross_plant_jobs_displaced_per_1k,Gross plant jobs displaced at retirement,"positions per 1,000",0,5,NA,2.600525643217962,FALSE,FALSE,NA,NA
SCI-vetted,2C,R10EUROPE,GCAM,gross_upstream_jobs_displaced_per_1k,Gross upstream jobs displaced at retirement,"positions per 1,000",0,5,NA,0.327858218477462,FALSE,FALSE,NA,NA
SCI-vetted,2C,R10EUROPE,GCAM,inferred_retirements_GW,Inferred retired capacity,GW,0,5,NA,8884.140818393504,FALSE,FALSE,NA,NA
SCI-vetted,2C,R10EUROPE,GCAM,jobs_RE_minus_fossil_per_1k,Renewable minus fossil job-years (diagnostic),"job-years per 1,000",0,5,NA,121.71054857465099,FALSE,FALSE,NA,NA
SCI-vetted,2C,R10EUROPE,GCAM,total_energy_jobyears_no_decommission_per_1k,"Total energy job-years, excluding decommissioning","job-years per 1,000",0,5,NA,176.4873680677464,FALSE,FALSE,NA,NA
SCI-vetted,2C,R10EUROPE,GCAM,total_energy_jobyears_per_1k,"Total energy job-years, including decommissioning","job-years per 1,000",0,5,NA,181.72129397200587,FALSE,FALSE,NA,NA
SCI-vetted,2C,R10EUROPE,IMAGE,decommission_jobyears_per_1k,Decommissioning job-years,"job-years per 1,000",22,3,2.77160973770863,4.609119428570241,TRUE,TRUE,1.8375096908616113,High-RE
SCI-vetted,2C,R10EUROPE,IMAGE,gross_plant_jobs_displaced_per_1k,Gross plant jobs displaced at retirement,"positions per 1,000",22,3,1.834347613431678,1.9292815602757858,TRUE,TRUE,0.09493394684410772,High-RE
SCI-vetted,2C,R10EUROPE,IMAGE,gross_upstream_jobs_displaced_per_1k,Gross upstream jobs displaced at retirement,"positions per 1,000",22,3,0.6644435617268177,1.1485969053620455,TRUE,TRUE,0.4841533436352278,High-RE
SCI-vetted,2C,R10EUROPE,IMAGE,inferred_retirements_GW,Inferred retired capacity,GW,22,3,3344.048922010148,6067.020558366051,TRUE,TRUE,2722.971636355903,High-RE
SCI-vetted,2C,R10EUROPE,IMAGE,jobs_RE_minus_fossil_per_1k,Renewable minus fossil job-years (diagnostic),"job-years per 1,000",22,3,5.906476957493407,15.444586530892815,TRUE,TRUE,9.538109573399408,High-RE
SCI-vetted,2C,R10EUROPE,IMAGE,total_energy_jobyears_no_decommission_per_1k,"Total energy job-years, excluding decommissioning","job-years per 1,000",22,3,148.26924841246293,166.84823374114129,TRUE,TRUE,18.578985328678357,High-RE
SCI-vetted,2C,R10EUROPE,IMAGE,total_energy_jobyears_per_1k,"Total energy job-years, including decommissioning","job-years per 1,000",22,3,151.1694068842117,171.5733219481938,TRUE,TRUE,20.40391506398211,High-RE
SCI-vetted,2C,R10EUROPE,MESSAGEix,decommission_jobyears_per_1k,Decommissioning job-years,"job-years per 1,000",0,3,NA,2.9332535903315384,FALSE,FALSE,NA,NA
SCI-vetted,2C,R10EUROPE,MESSAGEix,gross_plant_jobs_displaced_per_1k,Gross plant jobs displaced at retirement,"positions per 1,000",0,3,NA,1.526474290942604,FALSE,FALSE,NA,NA
SCI-vetted,2C,R10EUROPE,MESSAGEix,gross_upstream_jobs_displaced_per_1k,Gross upstream jobs displaced at retirement,"positions per 1,000",0,3,NA,0.4061601990125842,FALSE,FALSE,NA,NA
SCI-vetted,2C,R10EUROPE,MESSAGEix,inferred_retirements_GW,Inferred retired capacity,GW,0,3,NA,5007.2575690195545,FALSE,FALSE,NA,NA
SCI-vetted,2C,R10EUROPE,MESSAGEix,jobs_RE_minus_fossil_per_1k,Renewable minus fossil job-years (diagnostic),"job-years per 1,000",0,3,NA,93.0246250454612,FALSE,FALSE,NA,NA
SCI-vetted,2C,R10EUROPE,MESSAGEix,total_energy_jobyears_no_decommission_per_1k,"Total energy job-years, excluding decommissioning","job-years per 1,000",0,3,NA,119.44263843423296,FALSE,FALSE,NA,NA
SCI-vetted,2C,R10EUROPE,MESSAGEix,total_energy_jobyears_per_1k,"Total energy job-years, including decommissioning","job-years per 1,000",0,3,NA,122.41392438025157,FALSE,FALSE,NA,NA
SCI-vetted,2C,R10EUROPE,POLES,decommission_jobyears_per_1k,Decommissioning job-years,"job-years per 1,000",41,0,4.49303569047045,NA,FALSE,FALSE,NA,NA
SCI-vetted,2C,R10EUROPE,POLES,gross_plant_jobs_displaced_per_1k,Gross plant jobs displaced at retirement,"positions per 1,000",41,0,2.6203080099711276,NA,FALSE,FALSE,NA,NA
SCI-vetted,2C,R10EUROPE,POLES,gross_upstream_jobs_displaced_per_1k,Gross upstream jobs displaced at retirement,"positions per 1,000",41,0,0.4908736167785893,NA,FALSE,FALSE,NA,NA
SCI-vetted,2C,R10EUROPE,POLES,inferred_retirements_GW,Inferred retired capacity,GW,41,0,7381.533120460808,NA,FALSE,FALSE,NA,NA
SCI-vetted,2C,R10EUROPE,POLES,jobs_RE_minus_fossil_per_1k,Renewable minus fossil job-years (diagnostic),"job-years per 1,000",41,0,75.19482193619339,NA,FALSE,FALSE,NA,NA
SCI-vetted,2C,R10EUROPE,POLES,total_energy_jobyears_no_decommission_per_1k,"Total energy job-years, excluding decommissioning","job-years per 1,000",41,0,194.7424104783767,NA,FALSE,FALSE,NA,NA
SCI-vetted,2C,R10EUROPE,POLES,total_energy_jobyears_per_1k,"Total energy job-years, including decommissioning","job-years per 1,000",41,0,199.23544616884715,NA,FALSE,FALSE,NA,NA
SCI-vetted,2C,R10EUROPE,REMIND,decommission_jobyears_per_1k,Decommissioning job-years,"job-years per 1,000",0,25,NA,3.0135601086678223,FALSE,FALSE,NA,NA
SCI-vetted,2C,R10EUROPE,REMIND,gross_plant_jobs_displaced_per_1k,Gross plant jobs displaced at retirement,"positions per 1,000",0,25,NA,1.698296347155675,FALSE,FALSE,NA,NA
SCI-vetted,2C,R10EUROPE,REMIND,gross_upstream_jobs_displaced_per_1k,Gross upstream jobs displaced at retirement,"positions per 1,000",0,25,NA,0.30475649093925633,FALSE,FALSE,NA,NA
SCI-vetted,2C,R10EUROPE,REMIND,inferred_retirements_GW,Inferred retired capacity,GW,0,25,NA,5757.959193889999,FALSE,FALSE,NA,NA
SCI-vetted,2C,R10EUROPE,REMIND,jobs_RE_minus_fossil_per_1k,Renewable minus fossil job-years (diagnostic),"job-years per 1,000",0,25,NA,97.68942256592987,FALSE,FALSE,NA,NA
SCI-vetted,2C,R10EUROPE,REMIND,total_energy_jobyears_no_decommission_per_1k,"Total energy job-years, excluding decommissioning","job-years per 1,000",0,25,NA,121.85811392447195,FALSE,FALSE,NA,NA
SCI-vetted,2C,R10EUROPE,REMIND,total_energy_jobyears_per_1k,"Total energy job-years, including decommissioning","job-years per 1,000",0,25,NA,124.86422758223776,FALSE,FALSE,NA,NA
SCI-vetted,2C,R10EUROPE,WITCH,decommission_jobyears_per_1k,Decommissioning job-years,"job-years per 1,000",0,28,NA,4.110749144486213,FALSE,FALSE,NA,NA
SCI-vetted,2C,R10EUROPE,WITCH,gross_plant_jobs_displaced_per_1k,Gross plant jobs displaced at retirement,"positions per 1,000",0,28,NA,2.6493213205588146,FALSE,FALSE,NA,NA
SCI-vetted,2C,R10EUROPE,WITCH,gross_upstream_jobs_displaced_per_1k,Gross upstream jobs displaced at retirement,"positions per 1,000",0,28,NA,0.2987490166944643,FALSE,FALSE,NA,NA
SCI-vetted,2C,R10EUROPE,WITCH,inferred_retirements_GW,Inferred retired capacity,GW,0,28,NA,8634.381360576328,FALSE,FALSE,NA,NA
SCI-vetted,2C,R10EUROPE,WITCH,jobs_RE_minus_fossil_per_1k,Renewable minus fossil job-years (diagnostic),"job-years per 1,000",0,28,NA,132.93259429343843,FALSE,FALSE,NA,NA
SCI-vetted,2C,R10EUROPE,WITCH,total_energy_jobyears_no_decommission_per_1k,"Total energy job-years, excluding decommissioning","job-years per 1,000",0,28,NA,176.07075125223633,FALSE,FALSE,NA,NA
SCI-vetted,2C,R10EUROPE,WITCH,total_energy_jobyears_per_1k,"Total energy job-years, including decommissioning","job-years per 1,000",0,28,NA,180.18150039672253,FALSE,FALSE,NA,NA
SCI-vetted,2C,R10INDIA+,GCAM,decommission_jobyears_per_1k,Decommissioning job-years,"job-years per 1,000",0,5,NA,6.53972460895254,FALSE,FALSE,NA,NA
SCI-vetted,2C,R10INDIA+,GCAM,gross_plant_jobs_displaced_per_1k,Gross plant jobs displaced at retirement,"positions per 1,000",0,5,NA,7.729379242237534,FALSE,FALSE,NA,NA
SCI-vetted,2C,R10INDIA+,GCAM,gross_upstream_jobs_displaced_per_1k,Gross upstream jobs displaced at retirement,"positions per 1,000",0,5,NA,0.20282782460167856,FALSE,FALSE,NA,NA
SCI-vetted,2C,R10INDIA+,GCAM,inferred_retirements_GW,Inferred retired capacity,GW,0,5,NA,17443.178124276863,FALSE,FALSE,NA,NA
SCI-vetted,2C,R10INDIA+,GCAM,jobs_RE_minus_fossil_per_1k,Renewable minus fossil job-years (diagnostic),"job-years per 1,000",0,5,NA,662.300386845423,FALSE,FALSE,NA,NA
SCI-vetted,2C,R10INDIA+,GCAM,total_energy_jobyears_no_decommission_per_1k,"Total energy job-years, excluding decommissioning","job-years per 1,000",0,5,NA,704.8434434948741,FALSE,FALSE,NA,NA
SCI-vetted,2C,R10INDIA+,GCAM,total_energy_jobyears_per_1k,"Total energy job-years, including decommissioning","job-years per 1,000",0,5,NA,711.7816580328107,FALSE,FALSE,NA,NA
SCI-vetted,2C,R10INDIA+,IMAGE,decommission_jobyears_per_1k,Decommissioning job-years,"job-years per 1,000",22,3,2.50534467055171,3.7944360922003573,TRUE,TRUE,1.289091421648647,High-RE
SCI-vetted,2C,R10INDIA+,IMAGE,gross_plant_jobs_displaced_per_1k,Gross plant jobs displaced at retirement,"positions per 1,000",22,3,2.282319344366422,3.058629224978973,TRUE,TRUE,0.7763098806125512,High-RE
SCI-vetted,2C,R10INDIA+,IMAGE,gross_upstream_jobs_displaced_per_1k,Gross upstream jobs displaced at retirement,"positions per 1,000",22,3,0.2692867773127341,0.4818908757816708,TRUE,TRUE,0.2126040984689367,High-RE
SCI-vetted,2C,R10INDIA+,IMAGE,inferred_retirements_GW,Inferred retired capacity,GW,22,3,4876.6772945979155,7519.0131102875275,TRUE,TRUE,2642.335815689612,High-RE
SCI-vetted,2C,R10INDIA+,IMAGE,jobs_RE_minus_fossil_per_1k,Renewable minus fossil job-years (diagnostic),"job-years per 1,000",22,3,120.1572579939214,189.15095438533774,TRUE,TRUE,68.99369639141634,High-RE
SCI-vetted,2C,R10INDIA+,IMAGE,total_energy_jobyears_no_decommission_per_1k,"Total energy job-years, excluding decommissioning","job-years per 1,000",22,3,304.7009841139436,403.07717446891405,TRUE,TRUE,98.37619035497045,High-RE
SCI-vetted,2C,R10INDIA+,IMAGE,total_energy_jobyears_per_1k,"Total energy job-years, including decommissioning","job-years per 1,000",22,3,307.1689131092386,406.87161056111444,TRUE,TRUE,99.70269745187585,High-RE
SCI-vetted,2C,R10INDIA+,MESSAGEix,decommission_jobyears_per_1k,Decommissioning job-years,"job-years per 1,000",0,3,NA,3.6486528737053616,FALSE,FALSE,NA,NA
SCI-vetted,2C,R10INDIA+,MESSAGEix,gross_plant_jobs_displaced_per_1k,Gross plant jobs displaced at retirement,"positions per 1,000",0,3,NA,4.575096185812406,FALSE,FALSE,NA,NA
SCI-vetted,2C,R10INDIA+,MESSAGEix,gross_upstream_jobs_displaced_per_1k,Gross upstream jobs displaced at retirement,"positions per 1,000",0,3,NA,0.1813472069531833,FALSE,FALSE,NA,NA
SCI-vetted,2C,R10INDIA+,MESSAGEix,inferred_retirements_GW,Inferred retired capacity,GW,0,3,NA,10976.787073893505,FALSE,FALSE,NA,NA
SCI-vetted,2C,R10INDIA+,MESSAGEix,jobs_RE_minus_fossil_per_1k,Renewable minus fossil job-years (diagnostic),"job-years per 1,000",0,3,NA,537.9124934191987,FALSE,FALSE,NA,NA
SCI-vetted,2C,R10INDIA+,MESSAGEix,total_energy_jobyears_no_decommission_per_1k,"Total energy job-years, excluding decommissioning","job-years per 1,000",0,3,NA,572.0365063610518,FALSE,FALSE,NA,NA
SCI-vetted,2C,R10INDIA+,MESSAGEix,total_energy_jobyears_per_1k,"Total energy job-years, including decommissioning","job-years per 1,000",0,3,NA,575.7402104017526,FALSE,FALSE,NA,NA
SCI-vetted,2C,R10INDIA+,POLES,decommission_jobyears_per_1k,Decommissioning job-years,"job-years per 1,000",41,0,3.915713454528809,NA,FALSE,FALSE,NA,NA
SCI-vetted,2C,R10INDIA+,POLES,gross_plant_jobs_displaced_per_1k,Gross plant jobs displaced at retirement,"positions per 1,000",41,0,4.484219273274712,NA,FALSE,FALSE,NA,NA
SCI-vetted,2C,R10INDIA+,POLES,gross_upstream_jobs_displaced_per_1k,Gross upstream jobs displaced at retirement,"positions per 1,000",41,0,0.26508857342075465,NA,FALSE,FALSE,NA,NA
SCI-vetted,2C,R10INDIA+,POLES,inferred_retirements_GW,Inferred retired capacity,GW,41,0,10803.265717740647,NA,FALSE,FALSE,NA,NA
SCI-vetted,2C,R10INDIA+,POLES,jobs_RE_minus_fossil_per_1k,Renewable minus fossil job-years (diagnostic),"job-years per 1,000",41,0,319.2419757116991,NA,FALSE,FALSE,NA,NA
SCI-vetted,2C,R10INDIA+,POLES,total_energy_jobyears_no_decommission_per_1k,"Total energy job-years, excluding decommissioning","job-years per 1,000",41,0,504.86947275130086,NA,FALSE,FALSE,NA,NA
SCI-vetted,2C,R10INDIA+,POLES,total_energy_jobyears_per_1k,"Total energy job-years, including decommissioning","job-years per 1,000",41,0,508.68594512725474,NA,FALSE,FALSE,NA,NA
SCI-vetted,2C,R10INDIA+,REMIND,decommission_jobyears_per_1k,Decommissioning job-years,"job-years per 1,000",0,25,NA,3.9245748786749584,FALSE,FALSE,NA,NA
SCI-vetted,2C,R10INDIA+,REMIND,gross_plant_jobs_displaced_per_1k,Gross plant jobs displaced at retirement,"positions per 1,000",0,25,NA,4.621807909152011,FALSE,FALSE,NA,NA
SCI-vetted,2C,R10INDIA+,REMIND,gross_upstream_jobs_displaced_per_1k,Gross upstream jobs displaced at retirement,"positions per 1,000",0,25,NA,0.21357463147319206,FALSE,FALSE,NA,NA
SCI-vetted,2C,R10INDIA+,REMIND,inferred_retirements_GW,Inferred retired capacity,GW,0,25,NA,11123.833215299996,FALSE,FALSE,NA,NA
SCI-vetted,2C,R10INDIA+,REMIND,jobs_RE_minus_fossil_per_1k,Renewable minus fossil job-years (diagnostic),"job-years per 1,000",0,25,NA,646.199255283884,FALSE,FALSE,NA,NA
SCI-vetted,2C,R10INDIA+,REMIND,total_energy_jobyears_no_decommission_per_1k,"Total energy job-years, excluding decommissioning","job-years per 1,000",0,25,NA,738.8981546037382,FALSE,FALSE,NA,NA
SCI-vetted,2C,R10INDIA+,REMIND,total_energy_jobyears_per_1k,"Total energy job-years, including decommissioning","job-years per 1,000",0,25,NA,742.7345274155351,FALSE,FALSE,NA,NA
SCI-vetted,2C,R10INDIA+,WITCH,decommission_jobyears_per_1k,Decommissioning job-years,"job-years per 1,000",0,28,NA,1.935666629461669,FALSE,FALSE,NA,NA
SCI-vetted,2C,R10INDIA+,WITCH,gross_plant_jobs_displaced_per_1k,Gross plant jobs displaced at retirement,"positions per 1,000",0,28,NA,2.998346630955869,FALSE,FALSE,NA,NA
SCI-vetted,2C,R10INDIA+,WITCH,gross_upstream_jobs_displaced_per_1k,Gross upstream jobs displaced at retirement,"positions per 1,000",0,28,NA,0.12927998325179013,FALSE,FALSE,NA,NA
SCI-vetted,2C,R10INDIA+,WITCH,inferred_retirements_GW,Inferred retired capacity,GW,0,28,NA,7217.497388505944,FALSE,FALSE,NA,NA
SCI-vetted,2C,R10INDIA+,WITCH,jobs_RE_minus_fossil_per_1k,Renewable minus fossil job-years (diagnostic),"job-years per 1,000",0,28,NA,235.7047669775666,FALSE,FALSE,NA,NA
SCI-vetted,2C,R10INDIA+,WITCH,total_energy_jobyears_no_decommission_per_1k,"Total energy job-years, excluding decommissioning","job-years per 1,000",0,28,NA,259.0485198134031,FALSE,FALSE,NA,NA
SCI-vetted,2C,R10INDIA+,WITCH,total_energy_jobyears_per_1k,"Total energy job-years, including decommissioning","job-years per 1,000",0,28,NA,260.98418644286477,FALSE,FALSE,NA,NA
SCI-vetted,2C,R10LATIN_AM,GCAM,decommission_jobyears_per_1k,Decommissioning job-years,"job-years per 1,000",0,5,NA,15.184340241842069,FALSE,FALSE,NA,NA
SCI-vetted,2C,R10LATIN_AM,GCAM,gross_plant_jobs_displaced_per_1k,Gross plant jobs displaced at retirement,"positions per 1,000",0,5,NA,5.235651791001163,FALSE,FALSE,NA,NA
SCI-vetted,2C,R10LATIN_AM,GCAM,gross_upstream_jobs_displaced_per_1k,Gross upstream jobs displaced at retirement,"positions per 1,000",0,5,NA,0.09556275991138634,FALSE,FALSE,NA,NA
SCI-vetted,2C,R10LATIN_AM,GCAM,inferred_retirements_GW,Inferred retired capacity,GW,0,5,NA,8214.26303985876,FALSE,FALSE,NA,NA
SCI-vetted,2C,R10LATIN_AM,GCAM,jobs_RE_minus_fossil_per_1k,Renewable minus fossil job-years (diagnostic),"job-years per 1,000",0,5,NA,375.6571190152704,FALSE,FALSE,NA,NA
SCI-vetted,2C,R10LATIN_AM,GCAM,total_energy_jobyears_no_decommission_per_1k,"Total energy job-years, excluding decommissioning","job-years per 1,000",0,5,NA,466.5838353867246,FALSE,FALSE,NA,NA
SCI-vetted,2C,R10LATIN_AM,GCAM,total_energy_jobyears_per_1k,"Total energy job-years, including decommissioning","job-years per 1,000",0,5,NA,481.4476701800201,FALSE,FALSE,NA,NA
SCI-vetted,2C,R10LATIN_AM,IMAGE,decommission_jobyears_per_1k,Decommissioning job-years,"job-years per 1,000",22,3,3.817060458862578,11.938073983547756,TRUE,TRUE,8.121013524685178,High-RE
SCI-vetted,2C,R10LATIN_AM,IMAGE,gross_plant_jobs_displaced_per_1k,Gross plant jobs displaced at retirement,"positions per 1,000",22,3,2.881689567136978,4.215536725940419,TRUE,TRUE,1.333847158803441,High-RE
SCI-vetted,2C,R10LATIN_AM,IMAGE,gross_upstream_jobs_displaced_per_1k,Gross upstream jobs displaced at retirement,"positions per 1,000",22,3,0.3098497904167234,0.6223248574890258,TRUE,TRUE,0.3124750670723024,High-RE
SCI-vetted,2C,R10LATIN_AM,IMAGE,inferred_retirements_GW,Inferred retired capacity,GW,22,3,1855.5711958790798,6070.481573305378,TRUE,TRUE,4214.9103774262985,High-RE
SCI-vetted,2C,R10LATIN_AM,IMAGE,jobs_RE_minus_fossil_per_1k,Renewable minus fossil job-years (diagnostic),"job-years per 1,000",22,3,68.28451121226034,261.8338688884864,TRUE,TRUE,193.54935767622607,High-RE
SCI-vetted,2C,R10LATIN_AM,IMAGE,total_energy_jobyears_no_decommission_per_1k,"Total energy job-years, excluding decommissioning","job-years per 1,000",22,3,289.93170244919156,428.2785229065943,TRUE,TRUE,138.3468204574027,High-RE
SCI-vetted,2C,R10LATIN_AM,IMAGE,total_energy_jobyears_per_1k,"Total energy job-years, including decommissioning","job-years per 1,000",22,3,293.6112793994587,440.31537359725826,TRUE,TRUE,146.70409419779958,High-RE
SCI-vetted,2C,R10LATIN_AM,MESSAGEix,decommission_jobyears_per_1k,Decommissioning job-years,"job-years per 1,000",0,3,NA,6.451099253425765,FALSE,FALSE,NA,NA
SCI-vetted,2C,R10LATIN_AM,MESSAGEix,gross_plant_jobs_displaced_per_1k,Gross plant jobs displaced at retirement,"positions per 1,000",0,3,NA,2.920227212169134,FALSE,FALSE,NA,NA
SCI-vetted,2C,R10LATIN_AM,MESSAGEix,gross_upstream_jobs_displaced_per_1k,Gross upstream jobs displaced at retirement,"positions per 1,000",0,3,NA,0.07610832405427453,FALSE,FALSE,NA,NA
SCI-vetted,2C,R10LATIN_AM,MESSAGEix,inferred_retirements_GW,Inferred retired capacity,GW,0,3,NA,4002.416795403477,FALSE,FALSE,NA,NA
SCI-vetted,2C,R10LATIN_AM,MESSAGEix,jobs_RE_minus_fossil_per_1k,Renewable minus fossil job-years (diagnostic),"job-years per 1,000",0,3,NA,323.84062668072215,FALSE,FALSE,NA,NA
SCI-vetted,2C,R10LATIN_AM,MESSAGEix,total_energy_jobyears_no_decommission_per_1k,"Total energy job-years, excluding decommissioning","job-years per 1,000",0,3,NA,349.85747740372574,FALSE,FALSE,NA,NA
SCI-vetted,2C,R10LATIN_AM,MESSAGEix,total_energy_jobyears_per_1k,"Total energy job-years, including decommissioning","job-years per 1,000",0,3,NA,356.0582987497068,FALSE,FALSE,NA,NA
SCI-vetted,2C,R10LATIN_AM,POLES,decommission_jobyears_per_1k,Decommissioning job-years,"job-years per 1,000",41,0,6.394007945013936,NA,FALSE,FALSE,NA,NA
SCI-vetted,2C,R10LATIN_AM,POLES,gross_plant_jobs_displaced_per_1k,Gross plant jobs displaced at retirement,"positions per 1,000",41,0,3.235254922372159,NA,FALSE,FALSE,NA,NA
SCI-vetted,2C,R10LATIN_AM,POLES,gross_upstream_jobs_displaced_per_1k,Gross upstream jobs displaced at retirement,"positions per 1,000",41,0,0.169935977416464,NA,FALSE,FALSE,NA,NA
SCI-vetted,2C,R10LATIN_AM,POLES,inferred_retirements_GW,Inferred retired capacity,GW,41,0,3376.1674347862604,NA,FALSE,FALSE,NA,NA
SCI-vetted,2C,R10LATIN_AM,POLES,jobs_RE_minus_fossil_per_1k,Renewable minus fossil job-years (diagnostic),"job-years per 1,000",41,0,185.26269845692627,NA,FALSE,FALSE,NA,NA
SCI-vetted,2C,R10LATIN_AM,POLES,total_energy_jobyears_no_decommission_per_1k,"Total energy job-years, excluding decommissioning","job-years per 1,000",41,0,335.4174458458962,NA,FALSE,FALSE,NA,NA
SCI-vetted,2C,R10LATIN_AM,POLES,total_energy_jobyears_per_1k,"Total energy job-years, including decommissioning","job-years per 1,000",41,0,341.8114537909102,NA,FALSE,FALSE,NA,NA
SCI-vetted,2C,R10LATIN_AM,REMIND,decommission_jobyears_per_1k,Decommissioning job-years,"job-years per 1,000",0,25,NA,7.664109268135249,FALSE,FALSE,NA,NA
SCI-vetted,2C,R10LATIN_AM,REMIND,gross_plant_jobs_displaced_per_1k,Gross plant jobs displaced at retirement,"positions per 1,000",0,25,NA,3.084156909852071,FALSE,FALSE,NA,NA
SCI-vetted,2C,R10LATIN_AM,REMIND,gross_upstream_jobs_displaced_per_1k,Gross upstream jobs displaced at retirement,"positions per 1,000",0,25,NA,0.0659394943734567,FALSE,FALSE,NA,NA
SCI-vetted,2C,R10LATIN_AM,REMIND,inferred_retirements_GW,Inferred retired capacity,GW,0,25,NA,4637.08157,FALSE,FALSE,NA,NA
SCI-vetted,2C,R10LATIN_AM,REMIND,jobs_RE_minus_fossil_per_1k,Renewable minus fossil job-years (diagnostic),"job-years per 1,000",0,25,NA,339.51167954032456,FALSE,FALSE,NA,NA
SCI-vetted,2C,R10LATIN_AM,REMIND,total_energy_jobyears_no_decommission_per_1k,"Total energy job-years, excluding decommissioning","job-years per 1,000",0,25,NA,394.1205030094111,FALSE,FALSE,NA,NA
SCI-vetted,2C,R10LATIN_AM,REMIND,total_energy_jobyears_per_1k,"Total energy job-years, including decommissioning","job-years per 1,000",0,25,NA,399.8094521912434,FALSE,FALSE,NA,NA
SCI-vetted,2C,R10LATIN_AM,WITCH,decommission_jobyears_per_1k,Decommissioning job-years,"job-years per 1,000",0,28,NA,8.853108708829023,FALSE,FALSE,NA,NA
SCI-vetted,2C,R10LATIN_AM,WITCH,gross_plant_jobs_displaced_per_1k,Gross plant jobs displaced at retirement,"positions per 1,000",0,28,NA,11.423959034021347,FALSE,FALSE,NA,NA
SCI-vetted,2C,R10LATIN_AM,WITCH,gross_upstream_jobs_displaced_per_1k,Gross upstream jobs displaced at retirement,"positions per 1,000",0,28,NA,0.15441495294068858,FALSE,FALSE,NA,NA
SCI-vetted,2C,R10LATIN_AM,WITCH,inferred_retirements_GW,Inferred retired capacity,GW,0,28,NA,4838.2566773522485,FALSE,FALSE,NA,NA
SCI-vetted,2C,R10LATIN_AM,WITCH,jobs_RE_minus_fossil_per_1k,Renewable minus fossil job-years (diagnostic),"job-years per 1,000",0,28,NA,268.9029098778815,FALSE,FALSE,NA,NA
SCI-vetted,2C,R10LATIN_AM,WITCH,total_energy_jobyears_no_decommission_per_1k,"Total energy job-years, excluding decommissioning","job-years per 1,000",0,28,NA,544.9009081992201,FALSE,FALSE,NA,NA
SCI-vetted,2C,R10LATIN_AM,WITCH,total_energy_jobyears_per_1k,"Total energy job-years, including decommissioning","job-years per 1,000",0,28,NA,553.4921493155337,FALSE,FALSE,NA,NA
SCI-vetted,2C,R10MIDDLE_EAST,GCAM,decommission_jobyears_per_1k,Decommissioning job-years,"job-years per 1,000",0,5,NA,7.242150752097779,FALSE,FALSE,NA,NA
SCI-vetted,2C,R10MIDDLE_EAST,GCAM,gross_plant_jobs_displaced_per_1k,Gross plant jobs displaced at retirement,"positions per 1,000",0,5,NA,3.3695403466715743,FALSE,FALSE,NA,NA
SCI-vetted,2C,R10MIDDLE_EAST,GCAM,gross_upstream_jobs_displaced_per_1k,Gross upstream jobs displaced at retirement,"positions per 1,000",0,5,NA,0.015658128537986774,FALSE,FALSE,NA,NA
SCI-vetted,2C,R10MIDDLE_EAST,GCAM,inferred_retirements_GW,Inferred retired capacity,GW,0,5,NA,5384.225165081364,FALSE,FALSE,NA,NA
SCI-vetted,2C,R10MIDDLE_EAST,GCAM,jobs_RE_minus_fossil_per_1k,Renewable minus fossil job-years (diagnostic),"job-years per 1,000",0,5,NA,336.3729993847924,FALSE,FALSE,NA,NA
SCI-vetted,2C,R10MIDDLE_EAST,GCAM,total_energy_jobyears_no_decommission_per_1k,"Total energy job-years, excluding decommissioning","job-years per 1,000",0,5,NA,387.32359975458047,FALSE,FALSE,NA,NA
SCI-vetted,2C,R10MIDDLE_EAST,GCAM,total_energy_jobyears_per_1k,"Total energy job-years, including decommissioning","job-years per 1,000",0,5,NA,394.5657505066783,FALSE,FALSE,NA,NA
SCI-vetted,2C,R10MIDDLE_EAST,IMAGE,decommission_jobyears_per_1k,Decommissioning job-years,"job-years per 1,000",22,3,1.8486126983332303,15.106463889610959,TRUE,TRUE,13.257851191277728,High-RE
SCI-vetted,2C,R10MIDDLE_EAST,IMAGE,gross_plant_jobs_displaced_per_1k,Gross plant jobs displaced at retirement,"positions per 1,000",22,3,1.4242169872157877,8.434132477001793,TRUE,TRUE,7.009915489786005,High-RE
SCI-vetted,2C,R10MIDDLE_EAST,IMAGE,gross_upstream_jobs_displaced_per_1k,Gross upstream jobs displaced at retirement,"positions per 1,000",22,3,0.04570983107299618,0.021768216493958242,TRUE,TRUE,-0.023941614579037936,High-CMT
SCI-vetted,2C,R10MIDDLE_EAST,IMAGE,inferred_retirements_GW,Inferred retired capacity,GW,22,3,1273.0422962920186,12873.183551745151,TRUE,TRUE,11600.141255453133,High-RE
SCI-vetted,2C,R10MIDDLE_EAST,IMAGE,jobs_RE_minus_fossil_per_1k,Renewable minus fossil job-years (diagnostic),"job-years per 1,000",22,3,50.2958787790826,1092.887212148397,TRUE,TRUE,1042.5913333693145,High-RE
SCI-vetted,2C,R10MIDDLE_EAST,IMAGE,total_energy_jobyears_no_decommission_per_1k,"Total energy job-years, excluding decommissioning","job-years per 1,000",22,3,165.46186164629898,1306.439901427493,TRUE,TRUE,1140.978039781194,High-RE
SCI-vetted,2C,R10MIDDLE_EAST,IMAGE,total_energy_jobyears_per_1k,"Total energy job-years, including decommissioning","job-years per 1,000",22,3,167.25214513223477,1322.2691099359313,TRUE,TRUE,1155.0169648036965,High-RE
SCI-vetted,2C,R10MIDDLE_EAST,MESSAGEix,decommission_jobyears_per_1k,Decommissioning job-years,"job-years per 1,000",0,3,NA,4.388867745802352,FALSE,FALSE,NA,NA
SCI-vetted,2C,R10MIDDLE_EAST,MESSAGEix,gross_plant_jobs_displaced_per_1k,Gross plant jobs displaced at retirement,"positions per 1,000",0,3,NA,2.716724168980526,FALSE,FALSE,NA,NA
SCI-vetted,2C,R10MIDDLE_EAST,MESSAGEix,gross_upstream_jobs_displaced_per_1k,Gross upstream jobs displaced at retirement,"positions per 1,000",0,3,NA,0.022633013503819098,FALSE,FALSE,NA,NA
SCI-vetted,2C,R10MIDDLE_EAST,MESSAGEix,inferred_retirements_GW,Inferred retired capacity,GW,0,3,NA,4412.489674728802,FALSE,FALSE,NA,NA
SCI-vetted,2C,R10MIDDLE_EAST,MESSAGEix,jobs_RE_minus_fossil_per_1k,Renewable minus fossil job-years (diagnostic),"job-years per 1,000",0,3,NA,518.0041288499245,FALSE,FALSE,NA,NA
SCI-vetted,2C,R10MIDDLE_EAST,MESSAGEix,total_energy_jobyears_no_decommission_per_1k,"Total energy job-years, excluding decommissioning","job-years per 1,000",0,3,NA,563.6126724977623,FALSE,FALSE,NA,NA
SCI-vetted,2C,R10MIDDLE_EAST,MESSAGEix,total_energy_jobyears_per_1k,"Total energy job-years, including decommissioning","job-years per 1,000",0,3,NA,568.0015402435647,FALSE,FALSE,NA,NA
SCI-vetted,2C,R10MIDDLE_EAST,POLES,decommission_jobyears_per_1k,Decommissioning job-years,"job-years per 1,000",41,0,2.858969626892299,NA,FALSE,FALSE,NA,NA
SCI-vetted,2C,R10MIDDLE_EAST,POLES,gross_plant_jobs_displaced_per_1k,Gross plant jobs displaced at retirement,"positions per 1,000",41,0,1.7997655555019991,NA,FALSE,FALSE,NA,NA
SCI-vetted,2C,R10MIDDLE_EAST,POLES,gross_upstream_jobs_displaced_per_1k,Gross upstream jobs displaced at retirement,"positions per 1,000",41,0,0.06040749261635056,NA,FALSE,FALSE,NA,NA
SCI-vetted,2C,R10MIDDLE_EAST,POLES,inferred_retirements_GW,Inferred retired capacity,GW,41,0,2273.9496348407765,NA,FALSE,FALSE,NA,NA
SCI-vetted,2C,R10MIDDLE_EAST,POLES,jobs_RE_minus_fossil_per_1k,Renewable minus fossil job-years (diagnostic),"job-years per 1,000",41,0,136.72946235317056,NA,FALSE,FALSE,NA,NA
SCI-vetted,2C,R10MIDDLE_EAST,POLES,total_energy_jobyears_no_decommission_per_1k,"Total energy job-years, excluding decommissioning","job-years per 1,000",41,0,248.70399862133618,NA,FALSE,FALSE,NA,NA
SCI-vetted,2C,R10MIDDLE_EAST,POLES,total_energy_jobyears_per_1k,"Total energy job-years, including decommissioning","job-years per 1,000",41,0,251.59928338878166,NA,FALSE,FALSE,NA,NA
SCI-vetted,2C,R10MIDDLE_EAST,REMIND,decommission_jobyears_per_1k,Decommissioning job-years,"job-years per 1,000",0,25,NA,5.458831177599403,FALSE,FALSE,NA,NA
SCI-vetted,2C,R10MIDDLE_EAST,REMIND,gross_plant_jobs_displaced_per_1k,Gross plant jobs displaced at retirement,"positions per 1,000",0,25,NA,3.7443828361316784,FALSE,FALSE,NA,NA
SCI-vetted,2C,R10MIDDLE_EAST,REMIND,gross_upstream_jobs_displaced_per_1k,Gross upstream jobs displaced at retirement,"positions per 1,000",0,25,NA,0.016196312313370813,FALSE,FALSE,NA,NA
SCI-vetted,2C,R10MIDDLE_EAST,REMIND,inferred_retirements_GW,Inferred retired capacity,GW,0,25,NA,5081.948889999999,FALSE,FALSE,NA,NA
SCI-vetted,2C,R10MIDDLE_EAST,REMIND,jobs_RE_minus_fossil_per_1k,Renewable minus fossil job-years (diagnostic),"job-years per 1,000",0,25,NA,553.7936343905125,FALSE,FALSE,NA,NA
SCI-vetted,2C,R10MIDDLE_EAST,REMIND,total_energy_jobyears_no_decommission_per_1k,"Total energy job-years, excluding decommissioning","job-years per 1,000",0,25,NA,664.8274059790805,FALSE,FALSE,NA,NA
SCI-vetted,2C,R10MIDDLE_EAST,REMIND,total_energy_jobyears_per_1k,"Total energy job-years, including decommissioning","job-years per 1,000",0,25,NA,670.3821707242665,FALSE,FALSE,NA,NA
SCI-vetted,2C,R10MIDDLE_EAST,WITCH,decommission_jobyears_per_1k,Decommissioning job-years,"job-years per 1,000",0,28,NA,6.957686438768812,FALSE,FALSE,NA,NA
SCI-vetted,2C,R10MIDDLE_EAST,WITCH,gross_plant_jobs_displaced_per_1k,Gross plant jobs displaced at retirement,"positions per 1,000",0,28,NA,4.353002520246325,FALSE,FALSE,NA,NA
SCI-vetted,2C,R10MIDDLE_EAST,WITCH,gross_upstream_jobs_displaced_per_1k,Gross upstream jobs displaced at retirement,"positions per 1,000",0,28,NA,0.0659888439233277,FALSE,FALSE,NA,NA
SCI-vetted,2C,R10MIDDLE_EAST,WITCH,inferred_retirements_GW,Inferred retired capacity,GW,0,28,NA,7747.9711064647145,FALSE,FALSE,NA,NA
SCI-vetted,2C,R10MIDDLE_EAST,WITCH,jobs_RE_minus_fossil_per_1k,Renewable minus fossil job-years (diagnostic),"job-years per 1,000",0,28,NA,491.2646512918067,FALSE,FALSE,NA,NA
SCI-vetted,2C,R10MIDDLE_EAST,WITCH,total_energy_jobyears_no_decommission_per_1k,"Total energy job-years, excluding decommissioning","job-years per 1,000",0,28,NA,539.1526420852224,FALSE,FALSE,NA,NA
SCI-vetted,2C,R10MIDDLE_EAST,WITCH,total_energy_jobyears_per_1k,"Total energy job-years, including decommissioning","job-years per 1,000",0,28,NA,546.1103285239913,FALSE,FALSE,NA,NA
SCI-vetted,2C,R10NORTH_AM,GCAM,decommission_jobyears_per_1k,Decommissioning job-years,"job-years per 1,000",0,5,NA,10.343744783832733,FALSE,FALSE,NA,NA
SCI-vetted,2C,R10NORTH_AM,GCAM,gross_plant_jobs_displaced_per_1k,Gross plant jobs displaced at retirement,"positions per 1,000",0,5,NA,6.122974789912473,FALSE,FALSE,NA,NA
SCI-vetted,2C,R10NORTH_AM,GCAM,gross_upstream_jobs_displaced_per_1k,Gross upstream jobs displaced at retirement,"positions per 1,000",0,5,NA,0.06011672291632878,FALSE,FALSE,NA,NA
SCI-vetted,2C,R10NORTH_AM,GCAM,inferred_retirements_GW,Inferred retired capacity,GW,0,5,NA,11386.242349957634,FALSE,FALSE,NA,NA
SCI-vetted,2C,R10NORTH_AM,GCAM,jobs_RE_minus_fossil_per_1k,Renewable minus fossil job-years (diagnostic),"job-years per 1,000",0,5,NA,255.45214142615507,FALSE,FALSE,NA,NA
SCI-vetted,2C,R10NORTH_AM,GCAM,total_energy_jobyears_no_decommission_per_1k,"Total energy job-years, excluding decommissioning","job-years per 1,000",0,5,NA,426.11658552271956,FALSE,FALSE,NA,NA
SCI-vetted,2C,R10NORTH_AM,GCAM,total_energy_jobyears_per_1k,"Total energy job-years, including decommissioning","job-years per 1,000",0,5,NA,436.4603303065523,FALSE,FALSE,NA,NA
SCI-vetted,2C,R10NORTH_AM,IMAGE,decommission_jobyears_per_1k,Decommissioning job-years,"job-years per 1,000",22,3,5.434468960575632,11.383951598471496,TRUE,TRUE,5.949482637895864,High-RE
SCI-vetted,2C,R10NORTH_AM,IMAGE,gross_plant_jobs_displaced_per_1k,Gross plant jobs displaced at retirement,"positions per 1,000",22,3,4.525916496516017,5.159572411187146,TRUE,TRUE,0.6336559146711291,High-RE
SCI-vetted,2C,R10NORTH_AM,IMAGE,gross_upstream_jobs_displaced_per_1k,Gross upstream jobs displaced at retirement,"positions per 1,000",22,3,0.08728535184841218,0.09824150963359958,TRUE,TRUE,0.010956157785187395,High-RE
SCI-vetted,2C,R10NORTH_AM,IMAGE,inferred_retirements_GW,Inferred retired capacity,GW,22,3,5088.394933339756,11488.488514535577,TRUE,TRUE,6400.093581195821,High-RE
SCI-vetted,2C,R10NORTH_AM,IMAGE,jobs_RE_minus_fossil_per_1k,Renewable minus fossil job-years (diagnostic),"job-years per 1,000",22,3,61.09515770524539,218.05367761322285,TRUE,TRUE,156.95851990797746,High-RE
SCI-vetted,2C,R10NORTH_AM,IMAGE,total_energy_jobyears_no_decommission_per_1k,"Total energy job-years, excluding decommissioning","job-years per 1,000",22,3,275.5593543816745,361.19753955364985,TRUE,TRUE,85.63818517197535,High-RE
SCI-vetted,2C,R10NORTH_AM,IMAGE,total_energy_jobyears_per_1k,"Total energy job-years, including decommissioning","job-years per 1,000",22,3,281.42859877323576,372.5814911521214,TRUE,TRUE,91.15289237888561,High-RE
SCI-vetted,2C,R10NORTH_AM,MESSAGEix,decommission_jobyears_per_1k,Decommissioning job-years,"job-years per 1,000",0,3,NA,5.428672650298411,FALSE,FALSE,NA,NA
SCI-vetted,2C,R10NORTH_AM,MESSAGEix,gross_plant_jobs_displaced_per_1k,Gross plant jobs displaced at retirement,"positions per 1,000",0,3,NA,2.5678033385160983,FALSE,FALSE,NA,NA
SCI-vetted,2C,R10NORTH_AM,MESSAGEix,gross_upstream_jobs_displaced_per_1k,Gross upstream jobs displaced at retirement,"positions per 1,000",0,3,NA,0.05915057925194867,FALSE,FALSE,NA,NA
SCI-vetted,2C,R10NORTH_AM,MESSAGEix,inferred_retirements_GW,Inferred retired capacity,GW,0,3,NA,5489.794913478709,FALSE,FALSE,NA,NA
SCI-vetted,2C,R10NORTH_AM,MESSAGEix,jobs_RE_minus_fossil_per_1k,Renewable minus fossil job-years (diagnostic),"job-years per 1,000",0,3,NA,172.796102966218,FALSE,FALSE,NA,NA
SCI-vetted,2C,R10NORTH_AM,MESSAGEix,total_energy_jobyears_no_decommission_per_1k,"Total energy job-years, excluding decommissioning","job-years per 1,000",0,3,NA,209.58143782270076,FALSE,FALSE,NA,NA
SCI-vetted,2C,R10NORTH_AM,MESSAGEix,total_energy_jobyears_per_1k,"Total energy job-years, including decommissioning","job-years per 1,000",0,3,NA,215.01011047299917,FALSE,FALSE,NA,NA
SCI-vetted,2C,R10NORTH_AM,POLES,decommission_jobyears_per_1k,Decommissioning job-years,"job-years per 1,000",41,0,5.625373425723136,NA,FALSE,FALSE,NA,NA
SCI-vetted,2C,R10NORTH_AM,POLES,gross_plant_jobs_displaced_per_1k,Gross plant jobs displaced at retirement,"positions per 1,000",41,0,2.735182987839836,NA,FALSE,FALSE,NA,NA
SCI-vetted,2C,R10NORTH_AM,POLES,gross_upstream_jobs_displaced_per_1k,Gross upstream jobs displaced at retirement,"positions per 1,000",41,0,0.06705132513054131,NA,FALSE,FALSE,NA,NA
SCI-vetted,2C,R10NORTH_AM,POLES,inferred_retirements_GW,Inferred retired capacity,GW,41,0,5055.868317300919,NA,FALSE,FALSE,NA,NA
SCI-vetted,2C,R10NORTH_AM,POLES,jobs_RE_minus_fossil_per_1k,Renewable minus fossil job-years (diagnostic),"job-years per 1,000",41,0,105.3861235960433,NA,FALSE,FALSE,NA,NA
SCI-vetted,2C,R10NORTH_AM,POLES,total_energy_jobyears_no_decommission_per_1k,"Total energy job-years, excluding decommissioning","job-years per 1,000",41,0,213.15925943966826,NA,FALSE,FALSE,NA,NA
SCI-vetted,2C,R10NORTH_AM,POLES,total_energy_jobyears_per_1k,"Total energy job-years, including decommissioning","job-years per 1,000",41,0,218.84750191534593,NA,FALSE,FALSE,NA,NA
SCI-vetted,2C,R10NORTH_AM,REMIND,decommission_jobyears_per_1k,Decommissioning job-years,"job-years per 1,000",0,25,NA,5.9727164579013525,FALSE,FALSE,NA,NA
SCI-vetted,2C,R10NORTH_AM,REMIND,gross_plant_jobs_displaced_per_1k,Gross plant jobs displaced at retirement,"positions per 1,000",0,25,NA,2.8643963582916627,FALSE,FALSE,NA,NA
SCI-vetted,2C,R10NORTH_AM,REMIND,gross_upstream_jobs_displaced_per_1k,Gross upstream jobs displaced at retirement,"positions per 1,000",0,25,NA,0.05504838384233393,FALSE,FALSE,NA,NA
SCI-vetted,2C,R10NORTH_AM,REMIND,inferred_retirements_GW,Inferred retired capacity,GW,0,25,NA,6804.7544,FALSE,FALSE,NA,NA
SCI-vetted,2C,R10NORTH_AM,REMIND,jobs_RE_minus_fossil_per_1k,Renewable minus fossil job-years (diagnostic),"job-years per 1,000",0,25,NA,182.22790756890825,FALSE,FALSE,NA,NA
SCI-vetted,2C,R10NORTH_AM,REMIND,total_energy_jobyears_no_decommission_per_1k,"Total energy job-years, excluding decommissioning","job-years per 1,000",0,25,NA,221.93735260767673,FALSE,FALSE,NA,NA
SCI-vetted,2C,R10NORTH_AM,REMIND,total_energy_jobyears_per_1k,"Total energy job-years, including decommissioning","job-years per 1,000",0,25,NA,228.01528638516635,FALSE,FALSE,NA,NA
SCI-vetted,2C,R10NORTH_AM,WITCH,decommission_jobyears_per_1k,Decommissioning job-years,"job-years per 1,000",0,28,NA,9.684170639280463,FALSE,FALSE,NA,NA
SCI-vetted,2C,R10NORTH_AM,WITCH,gross_plant_jobs_displaced_per_1k,Gross plant jobs displaced at retirement,"positions per 1,000",0,28,NA,7.599460787615762,FALSE,FALSE,NA,NA
SCI-vetted,2C,R10NORTH_AM,WITCH,gross_upstream_jobs_displaced_per_1k,Gross upstream jobs displaced at retirement,"positions per 1,000",0,28,NA,0.07670216638800709,FALSE,FALSE,NA,NA
SCI-vetted,2C,R10NORTH_AM,WITCH,inferred_retirements_GW,Inferred retired capacity,GW,0,28,NA,12876.293009911737,FALSE,FALSE,NA,NA
SCI-vetted,2C,R10NORTH_AM,WITCH,jobs_RE_minus_fossil_per_1k,Renewable minus fossil job-years (diagnostic),"job-years per 1,000",0,28,NA,347.69218542794,FALSE,FALSE,NA,NA
SCI-vetted,2C,R10NORTH_AM,WITCH,total_energy_jobyears_no_decommission_per_1k,"Total energy job-years, excluding decommissioning","job-years per 1,000",0,28,NA,452.6738513153257,FALSE,FALSE,NA,NA
SCI-vetted,2C,R10NORTH_AM,WITCH,total_energy_jobyears_per_1k,"Total energy job-years, including decommissioning","job-years per 1,000",0,28,NA,462.3580219546062,FALSE,FALSE,NA,NA
SCI-vetted,2C,R10PAC_OECD,GCAM,decommission_jobyears_per_1k,Decommissioning job-years,"job-years per 1,000",0,5,NA,6.7462055616747065,FALSE,FALSE,NA,NA
SCI-vetted,2C,R10PAC_OECD,GCAM,gross_plant_jobs_displaced_per_1k,Gross plant jobs displaced at retirement,"positions per 1,000",0,5,NA,2.661254849364384,FALSE,FALSE,NA,NA
SCI-vetted,2C,R10PAC_OECD,GCAM,gross_upstream_jobs_displaced_per_1k,Gross upstream jobs displaced at retirement,"positions per 1,000",0,5,NA,0.48947215742923333,FALSE,FALSE,NA,NA
SCI-vetted,2C,R10PAC_OECD,GCAM,inferred_retirements_GW,Inferred retired capacity,GW,0,5,NA,2513.6044936289077,FALSE,FALSE,NA,NA
SCI-vetted,2C,R10PAC_OECD,GCAM,jobs_RE_minus_fossil_per_1k,Renewable minus fossil job-years (diagnostic),"job-years per 1,000",0,5,NA,199.35528333741524,FALSE,FALSE,NA,NA
SCI-vetted,2C,R10PAC_OECD,GCAM,total_energy_jobyears_no_decommission_per_1k,"Total energy job-years, excluding decommissioning","job-years per 1,000",0,5,NA,266.51818329929995,FALSE,FALSE,NA,NA
SCI-vetted,2C,R10PAC_OECD,GCAM,total_energy_jobyears_per_1k,"Total energy job-years, including decommissioning","job-years per 1,000",0,5,NA,273.2643888609747,FALSE,FALSE,NA,NA
SCI-vetted,2C,R10PAC_OECD,IMAGE,decommission_jobyears_per_1k,Decommissioning job-years,"job-years per 1,000",22,3,3.526856194374193,5.501087187614892,TRUE,TRUE,1.9742309932406985,High-RE
SCI-vetted,2C,R10PAC_OECD,IMAGE,gross_plant_jobs_displaced_per_1k,Gross plant jobs displaced at retirement,"positions per 1,000",22,3,1.510448242030261,1.9242006248774834,TRUE,TRUE,0.4137523828472225,High-RE
SCI-vetted,2C,R10PAC_OECD,IMAGE,gross_upstream_jobs_displaced_per_1k,Gross upstream jobs displaced at retirement,"positions per 1,000",22,3,0.4417171984580048,0.7069777128384687,TRUE,TRUE,0.2652605143804639,High-RE
SCI-vetted,2C,R10PAC_OECD,IMAGE,inferred_retirements_GW,Inferred retired capacity,GW,22,3,1062.486624367659,1790.9075491470724,TRUE,TRUE,728.4209247794133,High-RE
SCI-vetted,2C,R10PAC_OECD,IMAGE,jobs_RE_minus_fossil_per_1k,Renewable minus fossil job-years (diagnostic),"job-years per 1,000",22,3,34.29033436619618,98.02967788443155,TRUE,TRUE,63.73934351823537,High-RE
SCI-vetted,2C,R10PAC_OECD,IMAGE,total_energy_jobyears_no_decommission_per_1k,"Total energy job-years, excluding decommissioning","job-years per 1,000",22,3,114.85100806140139,224.18217007785623,TRUE,TRUE,109.33116201645484,High-RE
SCI-vetted,2C,R10PAC_OECD,IMAGE,total_energy_jobyears_per_1k,"Total energy job-years, including decommissioning","job-years per 1,000",22,3,118.37786425577556,229.7027311017322,TRUE,TRUE,111.32486684595665,High-RE
SCI-vetted,2C,R10PAC_OECD,MESSAGEix,decommission_jobyears_per_1k,Decommissioning job-years,"job-years per 1,000",0,3,NA,3.0409326422235057,FALSE,FALSE,NA,NA
SCI-vetted,2C,R10PAC_OECD,MESSAGEix,gross_plant_jobs_displaced_per_1k,Gross plant jobs displaced at retirement,"positions per 1,000",0,3,NA,1.1775481675719508,FALSE,FALSE,NA,NA
SCI-vetted,2C,R10PAC_OECD,MESSAGEix,gross_upstream_jobs_displaced_per_1k,Gross upstream jobs displaced at retirement,"positions per 1,000",0,3,NA,0.30499273490410467,FALSE,FALSE,NA,NA
SCI-vetted,2C,R10PAC_OECD,MESSAGEix,inferred_retirements_GW,Inferred retired capacity,GW,0,3,NA,985.2380121590558,FALSE,FALSE,NA,NA
SCI-vetted,2C,R10PAC_OECD,MESSAGEix,jobs_RE_minus_fossil_per_1k,Renewable minus fossil job-years (diagnostic),"job-years per 1,000",0,3,NA,94.87666369788022,FALSE,FALSE,NA,NA
SCI-vetted,2C,R10PAC_OECD,MESSAGEix,total_energy_jobyears_no_decommission_per_1k,"Total energy job-years, excluding decommissioning","job-years per 1,000",0,3,NA,115.09678591203445,FALSE,FALSE,NA,NA
SCI-vetted,2C,R10PAC_OECD,MESSAGEix,total_energy_jobyears_per_1k,"Total energy job-years, including decommissioning","job-years per 1,000",0,3,NA,118.13522524044373,FALSE,FALSE,NA,NA
SCI-vetted,2C,R10PAC_OECD,POLES,decommission_jobyears_per_1k,Decommissioning job-years,"job-years per 1,000",41,0,6.4879327175467445,NA,FALSE,FALSE,NA,NA
SCI-vetted,2C,R10PAC_OECD,POLES,gross_plant_jobs_displaced_per_1k,Gross plant jobs displaced at retirement,"positions per 1,000",41,0,2.7483086506973233,NA,FALSE,FALSE,NA,NA
SCI-vetted,2C,R10PAC_OECD,POLES,gross_upstream_jobs_displaced_per_1k,Gross upstream jobs displaced at retirement,"positions per 1,000",41,0,0.6532148518985794,NA,FALSE,FALSE,NA,NA
SCI-vetted,2C,R10PAC_OECD,POLES,inferred_retirements_GW,Inferred retired capacity,GW,41,0,2534.775566776842,NA,FALSE,FALSE,NA,NA
SCI-vetted,2C,R10PAC_OECD,POLES,jobs_RE_minus_fossil_per_1k,Renewable minus fossil job-years (diagnostic),"job-years per 1,000",41,0,169.75328249287782,NA,FALSE,FALSE,NA,NA
SCI-vetted,2C,R10PAC_OECD,POLES,total_energy_jobyears_no_decommission_per_1k,"Total energy job-years, excluding decommissioning","job-years per 1,000",41,0,297.447807252783,NA,FALSE,FALSE,NA,NA
SCI-vetted,2C,R10PAC_OECD,POLES,total_energy_jobyears_per_1k,"Total energy job-years, including decommissioning","job-years per 1,000",41,0,303.97310930949976,NA,FALSE,FALSE,NA,NA
SCI-vetted,2C,R10PAC_OECD,REMIND,decommission_jobyears_per_1k,Decommissioning job-years,"job-years per 1,000",0,24,NA,2.7071483549130426,FALSE,FALSE,NA,NA
SCI-vetted,2C,R10PAC_OECD,REMIND,gross_plant_jobs_displaced_per_1k,Gross plant jobs displaced at retirement,"positions per 1,000",0,24,NA,1.1789301406652846,FALSE,FALSE,NA,NA
SCI-vetted,2C,R10PAC_OECD,REMIND,gross_upstream_jobs_displaced_per_1k,Gross upstream jobs displaced at retirement,"positions per 1,000",0,24,NA,0.22162902277659063,FALSE,FALSE,NA,NA
SCI-vetted,2C,R10PAC_OECD,REMIND,inferred_retirements_GW,Inferred retired capacity,GW,0,24,NA,1074.99881568,FALSE,FALSE,NA,NA
SCI-vetted,2C,R10PAC_OECD,REMIND,jobs_RE_minus_fossil_per_1k,Renewable minus fossil job-years (diagnostic),"job-years per 1,000",0,24,NA,65.09043146409,FALSE,FALSE,NA,NA
SCI-vetted,2C,R10PAC_OECD,REMIND,total_energy_jobyears_no_decommission_per_1k,"Total energy job-years, excluding decommissioning","job-years per 1,000",0,24,NA,123.49889671780755,FALSE,FALSE,NA,NA
SCI-vetted,2C,R10PAC_OECD,REMIND,total_energy_jobyears_per_1k,"Total energy job-years, including decommissioning","job-years per 1,000",0,24,NA,126.29551045310683,FALSE,FALSE,NA,NA
SCI-vetted,2C,R10PAC_OECD,WITCH,decommission_jobyears_per_1k,Decommissioning job-years,"job-years per 1,000",0,28,NA,6.5973755588289045,FALSE,FALSE,NA,NA
SCI-vetted,2C,R10PAC_OECD,WITCH,gross_plant_jobs_displaced_per_1k,Gross plant jobs displaced at retirement,"positions per 1,000",0,28,NA,3.7392388760965343,FALSE,FALSE,NA,NA
SCI-vetted,2C,R10PAC_OECD,WITCH,gross_upstream_jobs_displaced_per_1k,Gross upstream jobs displaced at retirement,"positions per 1,000",0,28,NA,0.4671953062291429,FALSE,FALSE,NA,NA
SCI-vetted,2C,R10PAC_OECD,WITCH,inferred_retirements_GW,Inferred retired capacity,GW,0,28,NA,3466.970645716011,FALSE,FALSE,NA,NA
SCI-vetted,2C,R10PAC_OECD,WITCH,jobs_RE_minus_fossil_per_1k,Renewable minus fossil job-years (diagnostic),"job-years per 1,000",0,28,NA,270.00893976212063,FALSE,FALSE,NA,NA
SCI-vetted,2C,R10PAC_OECD,WITCH,total_energy_jobyears_no_decommission_per_1k,"Total energy job-years, excluding decommissioning","job-years per 1,000",0,28,NA,374.5697050196971,FALSE,FALSE,NA,NA
SCI-vetted,2C,R10PAC_OECD,WITCH,total_energy_jobyears_per_1k,"Total energy job-years, including decommissioning","job-years per 1,000",0,28,NA,381.167080578526,FALSE,FALSE,NA,NA
SCI-vetted,2C,R10REF_ECON,GCAM,decommission_jobyears_per_1k,Decommissioning job-years,"job-years per 1,000",0,5,NA,19.869541528101372,FALSE,FALSE,NA,NA
SCI-vetted,2C,R10REF_ECON,GCAM,gross_plant_jobs_displaced_per_1k,Gross plant jobs displaced at retirement,"positions per 1,000",0,5,NA,8.319236501717885,FALSE,FALSE,NA,NA
SCI-vetted,2C,R10REF_ECON,GCAM,gross_upstream_jobs_displaced_per_1k,Gross upstream jobs displaced at retirement,"positions per 1,000",0,5,NA,0.9436255423640214,FALSE,FALSE,NA,NA
SCI-vetted,2C,R10REF_ECON,GCAM,inferred_retirements_GW,Inferred retired capacity,GW,0,5,NA,2708.0888705509087,FALSE,FALSE,NA,NA
SCI-vetted,2C,R10REF_ECON,GCAM,jobs_RE_minus_fossil_per_1k,Renewable minus fossil job-years (diagnostic),"job-years per 1,000",0,5,NA,456.8896529200267,FALSE,FALSE,NA,NA
SCI-vetted,2C,R10REF_ECON,GCAM,total_energy_jobyears_no_decommission_per_1k,"Total energy job-years, excluding decommissioning","job-years per 1,000",0,5,NA,696.7818780110065,FALSE,FALSE,NA,NA
SCI-vetted,2C,R10REF_ECON,GCAM,total_energy_jobyears_per_1k,"Total energy job-years, including decommissioning","job-years per 1,000",0,5,NA,716.6514195391079,FALSE,FALSE,NA,NA
SCI-vetted,2C,R10REF_ECON,IMAGE,decommission_jobyears_per_1k,Decommissioning job-years,"job-years per 1,000",22,3,15.269955788379882,28.200622019882893,TRUE,TRUE,12.930666231503011,High-RE
SCI-vetted,2C,R10REF_ECON,IMAGE,gross_plant_jobs_displaced_per_1k,Gross plant jobs displaced at retirement,"positions per 1,000",22,3,7.906787540357776,10.008160276686853,TRUE,TRUE,2.1013727363290773,High-RE
SCI-vetted,2C,R10REF_ECON,IMAGE,gross_upstream_jobs_displaced_per_1k,Gross upstream jobs displaced at retirement,"positions per 1,000",22,3,2.204178752675321,2.953313643671507,TRUE,TRUE,0.7491348909961859,High-RE
SCI-vetted,2C,R10REF_ECON,IMAGE,inferred_retirements_GW,Inferred retired capacity,GW,22,3,1320.4334739668343,3361.756990808005,TRUE,TRUE,2041.3235168411707,High-RE
SCI-vetted,2C,R10REF_ECON,IMAGE,jobs_RE_minus_fossil_per_1k,Renewable minus fossil job-years (diagnostic),"job-years per 1,000",22,3,-79.87221411482903,364.1226511866076,TRUE,TRUE,443.9948653014366,High-RE
SCI-vetted,2C,R10REF_ECON,IMAGE,total_energy_jobyears_no_decommission_per_1k,"Total energy job-years, excluding decommissioning","job-years per 1,000",22,3,803.4231579937557,992.6504100882472,TRUE,TRUE,189.22725209449152,High-RE
SCI-vetted,2C,R10REF_ECON,IMAGE,total_energy_jobyears_per_1k,"Total energy job-years, including decommissioning","job-years per 1,000",22,3,819.3782398491801,1021.506343165986,TRUE,TRUE,202.1281033168059,High-RE
SCI-vetted,2C,R10REF_ECON,MESSAGEix,decommission_jobyears_per_1k,Decommissioning job-years,"job-years per 1,000",0,3,NA,14.067975481082973,FALSE,FALSE,NA,NA
SCI-vetted,2C,R10REF_ECON,MESSAGEix,gross_plant_jobs_displaced_per_1k,Gross plant jobs displaced at retirement,"positions per 1,000",0,3,NA,5.7273548541337655,FALSE,FALSE,NA,NA
SCI-vetted,2C,R10REF_ECON,MESSAGEix,gross_upstream_jobs_displaced_per_1k,Gross upstream jobs displaced at retirement,"positions per 1,000",0,3,NA,1.3645070750422714,FALSE,FALSE,NA,NA
SCI-vetted,2C,R10REF_ECON,MESSAGEix,inferred_retirements_GW,Inferred retired capacity,GW,0,3,NA,1565.1885858016406,FALSE,FALSE,NA,NA
SCI-vetted,2C,R10REF_ECON,MESSAGEix,jobs_RE_minus_fossil_per_1k,Renewable minus fossil job-years (diagnostic),"job-years per 1,000",0,3,NA,483.42340197375785,FALSE,FALSE,NA,NA
SCI-vetted,2C,R10REF_ECON,MESSAGEix,total_energy_jobyears_no_decommission_per_1k,"Total energy job-years, excluding decommissioning","job-years per 1,000",0,3,NA,585.179329484179,FALSE,FALSE,NA,NA
SCI-vetted,2C,R10REF_ECON,MESSAGEix,total_energy_jobyears_per_1k,"Total energy job-years, including decommissioning","job-years per 1,000",0,3,NA,599.247304965262,FALSE,FALSE,NA,NA
SCI-vetted,2C,R10REF_ECON,POLES,decommission_jobyears_per_1k,Decommissioning job-years,"job-years per 1,000",41,0,17.852266017366965,NA,FALSE,FALSE,NA,NA
SCI-vetted,2C,R10REF_ECON,POLES,gross_plant_jobs_displaced_per_1k,Gross plant jobs displaced at retirement,"positions per 1,000",41,0,7.340336262146665,NA,FALSE,FALSE,NA,NA
SCI-vetted,2C,R10REF_ECON,POLES,gross_upstream_jobs_displaced_per_1k,Gross upstream jobs displaced at retirement,"positions per 1,000",41,0,1.4012717764036482,NA,FALSE,FALSE,NA,NA
SCI-vetted,2C,R10REF_ECON,POLES,inferred_retirements_GW,Inferred retired capacity,GW,41,0,2036.3398361384868,NA,FALSE,FALSE,NA,NA
SCI-vetted,2C,R10REF_ECON,POLES,jobs_RE_minus_fossil_per_1k,Renewable minus fossil job-years (diagnostic),"job-years per 1,000",41,0,317.97052426538977,NA,FALSE,FALSE,NA,NA
SCI-vetted,2C,R10REF_ECON,POLES,total_energy_jobyears_no_decommission_per_1k,"Total energy job-years, excluding decommissioning","job-years per 1,000",41,0,744.0889198404,NA,FALSE,FALSE,NA,NA
SCI-vetted,2C,R10REF_ECON,POLES,total_energy_jobyears_per_1k,"Total energy job-years, including decommissioning","job-years per 1,000",41,0,761.7164595646412,NA,FALSE,FALSE,NA,NA
SCI-vetted,2C,R10REF_ECON,REMIND,decommission_jobyears_per_1k,Decommissioning job-years,"job-years per 1,000",0,25,NA,14.393096318081172,FALSE,FALSE,NA,NA
SCI-vetted,2C,R10REF_ECON,REMIND,gross_plant_jobs_displaced_per_1k,Gross plant jobs displaced at retirement,"positions per 1,000",0,25,NA,6.9025008800505905,FALSE,FALSE,NA,NA
SCI-vetted,2C,R10REF_ECON,REMIND,gross_upstream_jobs_displaced_per_1k,Gross upstream jobs displaced at retirement,"positions per 1,000",0,25,NA,0.8908114536554798,FALSE,FALSE,NA,NA
SCI-vetted,2C,R10REF_ECON,REMIND,inferred_retirements_GW,Inferred retired capacity,GW,0,25,NA,1718.66153,FALSE,FALSE,NA,NA
SCI-vetted,2C,R10REF_ECON,REMIND,jobs_RE_minus_fossil_per_1k,Renewable minus fossil job-years (diagnostic),"job-years per 1,000",0,25,NA,321.45921396235167,FALSE,FALSE,NA,NA
SCI-vetted,2C,R10REF_ECON,REMIND,total_energy_jobyears_no_decommission_per_1k,"Total energy job-years, excluding decommissioning","job-years per 1,000",0,25,NA,642.3608855310774,FALSE,FALSE,NA,NA
SCI-vetted,2C,R10REF_ECON,REMIND,total_energy_jobyears_per_1k,"Total energy job-years, including decommissioning","job-years per 1,000",0,25,NA,658.3222105280677,FALSE,FALSE,NA,NA
SCI-vetted,2C,R10REF_ECON,WITCH,decommission_jobyears_per_1k,Decommissioning job-years,"job-years per 1,000",0,28,NA,50.45859194191731,FALSE,FALSE,NA,NA
SCI-vetted,2C,R10REF_ECON,WITCH,gross_plant_jobs_displaced_per_1k,Gross plant jobs displaced at retirement,"positions per 1,000",0,28,NA,36.33543339662388,FALSE,FALSE,NA,NA
SCI-vetted,2C,R10REF_ECON,WITCH,gross_upstream_jobs_displaced_per_1k,Gross upstream jobs displaced at retirement,"positions per 1,000",0,28,NA,2.7644386799342335,FALSE,FALSE,NA,NA
SCI-vetted,2C,R10REF_ECON,WITCH,inferred_retirements_GW,Inferred retired capacity,GW,0,28,NA,7576.235340974886,FALSE,FALSE,NA,NA
SCI-vetted,2C,R10REF_ECON,WITCH,jobs_RE_minus_fossil_per_1k,Renewable minus fossil job-years (diagnostic),"job-years per 1,000",0,28,NA,1442.800137323386,FALSE,FALSE,NA,NA
SCI-vetted,2C,R10REF_ECON,WITCH,total_energy_jobyears_no_decommission_per_1k,"Total energy job-years, excluding decommissioning","job-years per 1,000",0,28,NA,2410.095786713866,FALSE,FALSE,NA,NA
SCI-vetted,2C,R10REF_ECON,WITCH,total_energy_jobyears_per_1k,"Total energy job-years, including decommissioning","job-years per 1,000",0,28,NA,2460.5543786557837,FALSE,FALSE,NA,NA
SCI-vetted,2C,R10REST_ASIA,GCAM,decommission_jobyears_per_1k,Decommissioning job-years,"job-years per 1,000",0,5,NA,8.961028718723094,FALSE,FALSE,NA,NA
SCI-vetted,2C,R10REST_ASIA,GCAM,gross_plant_jobs_displaced_per_1k,Gross plant jobs displaced at retirement,"positions per 1,000",0,5,NA,8.024261008926292,FALSE,FALSE,NA,NA
SCI-vetted,2C,R10REST_ASIA,GCAM,gross_upstream_jobs_displaced_per_1k,Gross upstream jobs displaced at retirement,"positions per 1,000",0,5,NA,0.24388794278271964,FALSE,FALSE,NA,NA
SCI-vetted,2C,R10REST_ASIA,GCAM,inferred_retirements_GW,Inferred retired capacity,GW,0,5,NA,11407.073774023502,FALSE,FALSE,NA,NA
SCI-vetted,2C,R10REST_ASIA,GCAM,jobs_RE_minus_fossil_per_1k,Renewable minus fossil job-years (diagnostic),"job-years per 1,000",0,5,NA,369.7586058429759,FALSE,FALSE,NA,NA
SCI-vetted,2C,R10REST_ASIA,GCAM,total_energy_jobyears_no_decommission_per_1k,"Total energy job-years, excluding decommissioning","job-years per 1,000",0,5,NA,414.45429238987333,FALSE,FALSE,NA,NA
SCI-vetted,2C,R10REST_ASIA,GCAM,total_energy_jobyears_per_1k,"Total energy job-years, including decommissioning","job-years per 1,000",0,5,NA,423.4153211085964,FALSE,FALSE,NA,NA
SCI-vetted,2C,R10REST_ASIA,IMAGE,decommission_jobyears_per_1k,Decommissioning job-years,"job-years per 1,000",22,3,2.4333643709589197,7.581616151050583,TRUE,TRUE,5.148251780091663,High-RE
SCI-vetted,2C,R10REST_ASIA,IMAGE,gross_plant_jobs_displaced_per_1k,Gross plant jobs displaced at retirement,"positions per 1,000",22,3,1.4610616307159947,5.0767404829362555,TRUE,TRUE,3.6156788522202605,High-RE
SCI-vetted,2C,R10REST_ASIA,IMAGE,gross_upstream_jobs_displaced_per_1k,Gross upstream jobs displaced at retirement,"positions per 1,000",22,3,0.3576675014042535,1.1230641634599867,TRUE,TRUE,0.7653966620557332,High-RE
SCI-vetted,2C,R10REST_ASIA,IMAGE,inferred_retirements_GW,Inferred retired capacity,GW,22,3,2118.3290878695457,8315.86872904251,TRUE,TRUE,6197.5396411729635,High-RE
SCI-vetted,2C,R10REST_ASIA,IMAGE,jobs_RE_minus_fossil_per_1k,Renewable minus fossil job-years (diagnostic),"job-years per 1,000",22,3,33.853237524829815,231.17085906855817,TRUE,TRUE,197.31762154372836,High-RE
SCI-vetted,2C,R10REST_ASIA,IMAGE,total_energy_jobyears_no_decommission_per_1k,"Total energy job-years, excluding decommissioning","job-years per 1,000",22,3,157.59458922882618,435.9753029880767,TRUE,TRUE,278.3807137592505,High-RE
SCI-vetted,2C,R10REST_ASIA,IMAGE,total_energy_jobyears_per_1k,"Total energy job-years, including decommissioning","job-years per 1,000",22,3,159.89862750688533,442.76908304412734,TRUE,TRUE,282.87045553724204,High-RE
SCI-vetted,2C,R10REST_ASIA,MESSAGEix,decommission_jobyears_per_1k,Decommissioning job-years,"job-years per 1,000",0,3,NA,3.180693124479881,FALSE,FALSE,NA,NA
SCI-vetted,2C,R10REST_ASIA,MESSAGEix,gross_plant_jobs_displaced_per_1k,Gross plant jobs displaced at retirement,"positions per 1,000",0,3,NA,2.716856072531708,FALSE,FALSE,NA,NA
SCI-vetted,2C,R10REST_ASIA,MESSAGEix,gross_upstream_jobs_displaced_per_1k,Gross upstream jobs displaced at retirement,"positions per 1,000",0,3,NA,0.3046133040935196,FALSE,FALSE,NA,NA
SCI-vetted,2C,R10REST_ASIA,MESSAGEix,inferred_retirements_GW,Inferred retired capacity,GW,0,3,NA,4875.787713562087,FALSE,FALSE,NA,NA
SCI-vetted,2C,R10REST_ASIA,MESSAGEix,jobs_RE_minus_fossil_per_1k,Renewable minus fossil job-years (diagnostic),"job-years per 1,000",0,3,NA,208.86476270319395,FALSE,FALSE,NA,NA
SCI-vetted,2C,R10REST_ASIA,MESSAGEix,total_energy_jobyears_no_decommission_per_1k,"Total energy job-years, excluding decommissioning","job-years per 1,000",0,3,NA,237.2766775475486,FALSE,FALSE,NA,NA
SCI-vetted,2C,R10REST_ASIA,MESSAGEix,total_energy_jobyears_per_1k,"Total energy job-years, including decommissioning","job-years per 1,000",0,3,NA,240.46721962843597,FALSE,FALSE,NA,NA
SCI-vetted,2C,R10REST_ASIA,POLES,decommission_jobyears_per_1k,Decommissioning job-years,"job-years per 1,000",41,0,2.891987583883304,NA,FALSE,FALSE,NA,NA
SCI-vetted,2C,R10REST_ASIA,POLES,gross_plant_jobs_displaced_per_1k,Gross plant jobs displaced at retirement,"positions per 1,000",41,0,2.0425287808555104,NA,FALSE,FALSE,NA,NA
SCI-vetted,2C,R10REST_ASIA,POLES,gross_upstream_jobs_displaced_per_1k,Gross upstream jobs displaced at retirement,"positions per 1,000",41,0,0.19320195259829293,NA,FALSE,FALSE,NA,NA
SCI-vetted,2C,R10REST_ASIA,POLES,inferred_retirements_GW,Inferred retired capacity,GW,41,0,3267.3504147648814,NA,FALSE,FALSE,NA,NA
SCI-vetted,2C,R10REST_ASIA,POLES,jobs_RE_minus_fossil_per_1k,Renewable minus fossil job-years (diagnostic),"job-years per 1,000",41,0,118.19056307053084,NA,FALSE,FALSE,NA,NA
SCI-vetted,2C,R10REST_ASIA,POLES,total_energy_jobyears_no_decommission_per_1k,"Total energy job-years, excluding decommissioning","job-years per 1,000",41,0,170.49143420442945,NA,FALSE,FALSE,NA,NA
SCI-vetted,2C,R10REST_ASIA,POLES,total_energy_jobyears_per_1k,"Total energy job-years, including decommissioning","job-years per 1,000",41,0,173.3293076660468,NA,FALSE,FALSE,NA,NA
SCI-vetted,2C,R10REST_ASIA,REMIND,decommission_jobyears_per_1k,Decommissioning job-years,"job-years per 1,000",0,25,NA,6.409236018177506,FALSE,FALSE,NA,NA
SCI-vetted,2C,R10REST_ASIA,REMIND,gross_plant_jobs_displaced_per_1k,Gross plant jobs displaced at retirement,"positions per 1,000",0,25,NA,5.6202437228533215,FALSE,FALSE,NA,NA
SCI-vetted,2C,R10REST_ASIA,REMIND,gross_upstream_jobs_displaced_per_1k,Gross upstream jobs displaced at retirement,"positions per 1,000",0,25,NA,0.2490043139636117,FALSE,FALSE,NA,NA
SCI-vetted,2C,R10REST_ASIA,REMIND,inferred_retirements_GW,Inferred retired capacity,GW,0,25,NA,8923.317969999998,FALSE,FALSE,NA,NA
SCI-vetted,2C,R10REST_ASIA,REMIND,jobs_RE_minus_fossil_per_1k,Renewable minus fossil job-years (diagnostic),"job-years per 1,000",0,25,NA,477.6475695064382,FALSE,FALSE,NA,NA
SCI-vetted,2C,R10REST_ASIA,REMIND,total_energy_jobyears_no_decommission_per_1k,"Total energy job-years, excluding decommissioning","job-years per 1,000",0,25,NA,594.8487839480831,FALSE,FALSE,NA,NA
SCI-vetted,2C,R10REST_ASIA,REMIND,total_energy_jobyears_per_1k,"Total energy job-years, including decommissioning","job-years per 1,000",0,25,NA,602.2849207980142,FALSE,FALSE,NA,NA
SCI-vetted,2C,R10REST_ASIA,WITCH,decommission_jobyears_per_1k,Decommissioning job-years,"job-years per 1,000",0,28,NA,3.335129708514218,FALSE,FALSE,NA,NA
SCI-vetted,2C,R10REST_ASIA,WITCH,gross_plant_jobs_displaced_per_1k,Gross plant jobs displaced at retirement,"positions per 1,000",0,28,NA,2.920008763995577,FALSE,FALSE,NA,NA
SCI-vetted,2C,R10REST_ASIA,WITCH,gross_upstream_jobs_displaced_per_1k,Gross upstream jobs displaced at retirement,"positions per 1,000",0,28,NA,0.10972943037945712,FALSE,FALSE,NA,NA
SCI-vetted,2C,R10REST_ASIA,WITCH,inferred_retirements_GW,Inferred retired capacity,GW,0,28,NA,4436.581922686684,FALSE,FALSE,NA,NA
SCI-vetted,2C,R10REST_ASIA,WITCH,jobs_RE_minus_fossil_per_1k,Renewable minus fossil job-years (diagnostic),"job-years per 1,000",0,28,NA,151.89197881376947,FALSE,FALSE,NA,NA
SCI-vetted,2C,R10REST_ASIA,WITCH,total_energy_jobyears_no_decommission_per_1k,"Total energy job-years, excluding decommissioning","job-years per 1,000",0,28,NA,187.45692389686,FALSE,FALSE,NA,NA
SCI-vetted,2C,R10REST_ASIA,WITCH,total_energy_jobyears_per_1k,"Total energy job-years, including decommissioning","job-years per 1,000",0,28,NA,190.7920536053742,FALSE,FALSE,NA,NA
SCI-vetted,All ambitions pooled,Aggregated R10 regions,GCAM,decommission_jobyears_per_1k,Decommissioning job-years,"job-years per 1,000",0,7,NA,8.658488920161735,FALSE,FALSE,NA,NA
SCI-vetted,All ambitions pooled,Aggregated R10 regions,GCAM,gross_plant_jobs_displaced_per_1k,Gross plant jobs displaced at retirement,"positions per 1,000",0,7,NA,5.955419224961121,FALSE,FALSE,NA,NA
SCI-vetted,All ambitions pooled,Aggregated R10 regions,GCAM,gross_upstream_jobs_displaced_per_1k,Gross upstream jobs displaced at retirement,"positions per 1,000",0,7,NA,0.3291344602485463,FALSE,FALSE,NA,NA
SCI-vetted,All ambitions pooled,Aggregated R10 regions,GCAM,inferred_retirements_GW,Inferred retired capacity,GW,0,7,NA,99918.47752083787,FALSE,FALSE,NA,NA
SCI-vetted,All ambitions pooled,Aggregated R10 regions,GCAM,jobs_RE_minus_fossil_per_1k,Renewable minus fossil job-years (diagnostic),"job-years per 1,000",0,7,NA,463.6343833071291,FALSE,FALSE,NA,NA
SCI-vetted,All ambitions pooled,Aggregated R10 regions,GCAM,total_energy_jobyears_no_decommission_per_1k,"Total energy job-years, excluding decommissioning","job-years per 1,000",0,7,NA,512.4628091828716,FALSE,FALSE,NA,NA
SCI-vetted,All ambitions pooled,Aggregated R10 regions,GCAM,total_energy_jobyears_per_1k,"Total energy job-years, including decommissioning","job-years per 1,000",0,7,NA,520.6765536150656,FALSE,FALSE,NA,NA
SCI-vetted,All ambitions pooled,Aggregated R10 regions,IMAGE,decommission_jobyears_per_1k,Decommissioning job-years,"job-years per 1,000",26,4,3.3983467776658314,8.44850489871225,TRUE,TRUE,5.050158121046418,High-RE
SCI-vetted,All ambitions pooled,Aggregated R10 regions,IMAGE,gross_plant_jobs_displaced_per_1k,Gross plant jobs displaced at retirement,"positions per 1,000",26,4,2.610121947216249,4.999928346425749,TRUE,TRUE,2.3898063992095,High-RE
SCI-vetted,All ambitions pooled,Aggregated R10 regions,IMAGE,gross_upstream_jobs_displaced_per_1k,Gross upstream jobs displaced at retirement,"positions per 1,000",26,4,0.4884670101734507,0.6885071601320388,TRUE,TRUE,0.20004014995858815,High-RE
SCI-vetted,All ambitions pooled,Aggregated R10 regions,IMAGE,inferred_retirements_GW,Inferred retired capacity,GW,26,4,31486.54215458403,89604.79968816425,TRUE,TRUE,58118.25753358022,High-RE
SCI-vetted,All ambitions pooled,Aggregated R10 regions,IMAGE,jobs_RE_minus_fossil_per_1k,Renewable minus fossil job-years (diagnostic),"job-years per 1,000",26,4,64.14114177397526,333.5689907310173,TRUE,TRUE,269.42784895704204,High-RE
SCI-vetted,All ambitions pooled,Aggregated R10 regions,IMAGE,total_energy_jobyears_no_decommission_per_1k,"Total energy job-years, excluding decommissioning","job-years per 1,000",26,4,253.92327500301042,522.3297855142857,TRUE,TRUE,268.4065105112753,High-RE
SCI-vetted,All ambitions pooled,Aggregated R10 regions,IMAGE,total_energy_jobyears_per_1k,"Total energy job-years, including decommissioning","job-years per 1,000",26,4,257.507829760795,530.7782904129981,TRUE,TRUE,273.2704606522031,High-RE
SCI-vetted,All ambitions pooled,Aggregated R10 regions,MESSAGEix,decommission_jobyears_per_1k,Decommissioning job-years,"job-years per 1,000",0,3,NA,4.222790152911344,FALSE,FALSE,NA,NA
SCI-vetted,All ambitions pooled,Aggregated R10 regions,MESSAGEix,gross_plant_jobs_displaced_per_1k,Gross plant jobs displaced at retirement,"positions per 1,000",0,3,NA,3.2838311291716993,FALSE,FALSE,NA,NA
SCI-vetted,All ambitions pooled,Aggregated R10 regions,MESSAGEix,gross_upstream_jobs_displaced_per_1k,Gross upstream jobs displaced at retirement,"positions per 1,000",0,3,NA,0.3847817531113086,FALSE,FALSE,NA,NA
SCI-vetted,All ambitions pooled,Aggregated R10 regions,MESSAGEix,inferred_retirements_GW,Inferred retired capacity,GW,0,3,NA,52772.83422818931,FALSE,FALSE,NA,NA
SCI-vetted,All ambitions pooled,Aggregated R10 regions,MESSAGEix,jobs_RE_minus_fossil_per_1k,Renewable minus fossil job-years (diagnostic),"job-years per 1,000",0,3,NA,322.2524611067888,FALSE,FALSE,NA,NA
SCI-vetted,All ambitions pooled,Aggregated R10 regions,MESSAGEix,total_energy_jobyears_no_decommission_per_1k,"Total energy job-years, excluding decommissioning","job-years per 1,000",0,3,NA,370.24064268825816,FALSE,FALSE,NA,NA
SCI-vetted,All ambitions pooled,Aggregated R10 regions,MESSAGEix,total_energy_jobyears_per_1k,"Total energy job-years, including decommissioning","job-years per 1,000",0,3,NA,374.4634328411695,FALSE,FALSE,NA,NA
SCI-vetted,All ambitions pooled,Aggregated R10 regions,POLES,decommission_jobyears_per_1k,Decommissioning job-years,"job-years per 1,000",43,0,5.049568518121696,NA,FALSE,FALSE,NA,NA
SCI-vetted,All ambitions pooled,Aggregated R10 regions,POLES,gross_plant_jobs_displaced_per_1k,Gross plant jobs displaced at retirement,"positions per 1,000",43,0,3.5342852866611234,NA,FALSE,FALSE,NA,NA
SCI-vetted,All ambitions pooled,Aggregated R10 regions,POLES,gross_upstream_jobs_displaced_per_1k,Gross upstream jobs displaced at retirement,"positions per 1,000",43,0,0.4345632272076385,NA,FALSE,FALSE,NA,NA
SCI-vetted,All ambitions pooled,Aggregated R10 regions,POLES,inferred_retirements_GW,Inferred retired capacity,GW,43,0,55902.243225551734,NA,FALSE,FALSE,NA,NA
SCI-vetted,All ambitions pooled,Aggregated R10 regions,POLES,jobs_RE_minus_fossil_per_1k,Renewable minus fossil job-years (diagnostic),"job-years per 1,000",43,0,197.9159487536588,NA,FALSE,FALSE,NA,NA
SCI-vetted,All ambitions pooled,Aggregated R10 regions,POLES,total_energy_jobyears_no_decommission_per_1k,"Total energy job-years, excluding decommissioning","job-years per 1,000",43,0,361.30912860385376,NA,FALSE,FALSE,NA,NA
SCI-vetted,All ambitions pooled,Aggregated R10 regions,POLES,total_energy_jobyears_per_1k,"Total energy job-years, including decommissioning","job-years per 1,000",43,0,366.3670355375131,NA,FALSE,FALSE,NA,NA
SCI-vetted,All ambitions pooled,Aggregated R10 regions,REMIND,decommission_jobyears_per_1k,Decommissioning job-years,"job-years per 1,000",0,27,NA,5.503481455762276,FALSE,FALSE,NA,NA
SCI-vetted,All ambitions pooled,Aggregated R10 regions,REMIND,gross_plant_jobs_displaced_per_1k,Gross plant jobs displaced at retirement,"positions per 1,000",0,27,NA,3.947154228199664,FALSE,FALSE,NA,NA
SCI-vetted,All ambitions pooled,Aggregated R10 regions,REMIND,gross_upstream_jobs_displaced_per_1k,Gross upstream jobs displaced at retirement,"positions per 1,000",0,27,NA,0.31626011205225846,FALSE,FALSE,NA,NA
SCI-vetted,All ambitions pooled,Aggregated R10 regions,REMIND,inferred_retirements_GW,Inferred retired capacity,GW,0,27,NA,65657.93801294999,FALSE,FALSE,NA,NA
SCI-vetted,All ambitions pooled,Aggregated R10 regions,REMIND,jobs_RE_minus_fossil_per_1k,Renewable minus fossil job-years (diagnostic),"job-years per 1,000",0,27,NA,445.48020450745753,FALSE,FALSE,NA,NA
SCI-vetted,All ambitions pooled,Aggregated R10 regions,REMIND,total_energy_jobyears_no_decommission_per_1k,"Total energy job-years, excluding decommissioning","job-years per 1,000",0,27,NA,542.5120770481691,FALSE,FALSE,NA,NA
SCI-vetted,All ambitions pooled,Aggregated R10 regions,REMIND,total_energy_jobyears_per_1k,"Total energy job-years, including decommissioning","job-years per 1,000",0,27,NA,548.4163730786662,FALSE,FALSE,NA,NA
SCI-vetted,All ambitions pooled,Aggregated R10 regions,WITCH,decommission_jobyears_per_1k,Decommissioning job-years,"job-years per 1,000",0,28,NA,6.106241507334113,FALSE,FALSE,NA,NA
SCI-vetted,All ambitions pooled,Aggregated R10 regions,WITCH,gross_plant_jobs_displaced_per_1k,Gross plant jobs displaced at retirement,"positions per 1,000",0,28,NA,5.891827957977181,FALSE,FALSE,NA,NA
SCI-vetted,All ambitions pooled,Aggregated R10 regions,WITCH,gross_upstream_jobs_displaced_per_1k,Gross upstream jobs displaced at retirement,"positions per 1,000",0,28,NA,0.33631756249375155,FALSE,FALSE,NA,NA
SCI-vetted,All ambitions pooled,Aggregated R10 regions,WITCH,inferred_retirements_GW,Inferred retired capacity,GW,0,28,NA,76942.0059518104,FALSE,FALSE,NA,NA
SCI-vetted,All ambitions pooled,Aggregated R10 regions,WITCH,jobs_RE_minus_fossil_per_1k,Renewable minus fossil job-years (diagnostic),"job-years per 1,000",0,28,NA,282.4574963461886,FALSE,FALSE,NA,NA
SCI-vetted,All ambitions pooled,Aggregated R10 regions,WITCH,total_energy_jobyears_no_decommission_per_1k,"Total energy job-years, excluding decommissioning","job-years per 1,000",0,28,NA,397.8122418842279,FALSE,FALSE,NA,NA
SCI-vetted,All ambitions pooled,Aggregated R10 regions,WITCH,total_energy_jobyears_per_1k,"Total energy job-years, including decommissioning","job-years per 1,000",0,28,NA,403.8972149067654,FALSE,FALSE,NA,NA
SCI-vetted,All ambitions pooled,R10AFRICA,GCAM,decommission_jobyears_per_1k,Decommissioning job-years,"job-years per 1,000",0,7,NA,8.164136100370614,FALSE,FALSE,NA,NA
SCI-vetted,All ambitions pooled,R10AFRICA,GCAM,gross_plant_jobs_displaced_per_1k,Gross plant jobs displaced at retirement,"positions per 1,000",0,7,NA,7.420714547085019,FALSE,FALSE,NA,NA
SCI-vetted,All ambitions pooled,R10AFRICA,GCAM,gross_upstream_jobs_displaced_per_1k,Gross upstream jobs displaced at retirement,"positions per 1,000",0,7,NA,0.058020529556605374,FALSE,FALSE,NA,NA
SCI-vetted,All ambitions pooled,R10AFRICA,GCAM,inferred_retirements_GW,Inferred retired capacity,GW,0,7,NA,16373.043529417368,FALSE,FALSE,NA,NA
SCI-vetted,All ambitions pooled,R10AFRICA,GCAM,jobs_RE_minus_fossil_per_1k,Renewable minus fossil job-years (diagnostic),"job-years per 1,000",0,7,NA,875.2835286981657,FALSE,FALSE,NA,NA
SCI-vetted,All ambitions pooled,R10AFRICA,GCAM,total_energy_jobyears_no_decommission_per_1k,"Total energy job-years, excluding decommissioning","job-years per 1,000",0,7,NA,891.3182580942428,FALSE,FALSE,NA,NA
SCI-vetted,All ambitions pooled,R10AFRICA,GCAM,total_energy_jobyears_per_1k,"Total energy job-years, including decommissioning","job-years per 1,000",0,7,NA,898.6122177515822,FALSE,FALSE,NA,NA
SCI-vetted,All ambitions pooled,R10AFRICA,IMAGE,decommission_jobyears_per_1k,Decommissioning job-years,"job-years per 1,000",26,4,1.607291403574905,6.150617468868427,TRUE,TRUE,4.543326065293522,High-RE
SCI-vetted,All ambitions pooled,R10AFRICA,IMAGE,gross_plant_jobs_displaced_per_1k,Gross plant jobs displaced at retirement,"positions per 1,000",26,4,1.1852715326316372,5.434789799279492,TRUE,TRUE,4.249518266647854,High-RE
SCI-vetted,All ambitions pooled,R10AFRICA,IMAGE,gross_upstream_jobs_displaced_per_1k,Gross upstream jobs displaced at retirement,"positions per 1,000",26,4,0.08437550094171953,0.0937552407510126,TRUE,TRUE,0.009379739809293075,High-RE
SCI-vetted,All ambitions pooled,R10AFRICA,IMAGE,inferred_retirements_GW,Inferred retired capacity,GW,26,4,2711.036795547333,12463.972551601888,TRUE,TRUE,9752.935756054554,High-RE
SCI-vetted,All ambitions pooled,R10AFRICA,IMAGE,jobs_RE_minus_fossil_per_1k,Renewable minus fossil job-years (diagnostic),"job-years per 1,000",26,4,112.19633606224096,672.9364568264348,TRUE,TRUE,560.7401207641938,High-RE
SCI-vetted,All ambitions pooled,R10AFRICA,IMAGE,total_energy_jobyears_no_decommission_per_1k,"Total energy job-years, excluding decommissioning","job-years per 1,000",26,4,218.7896657449177,767.6269401199559,TRUE,TRUE,548.8372743750382,High-RE
SCI-vetted,All ambitions pooled,R10AFRICA,IMAGE,total_energy_jobyears_per_1k,"Total energy job-years, including decommissioning","job-years per 1,000",26,4,220.433291822335,774.4500504625464,TRUE,TRUE,554.0167586402114,High-RE
SCI-vetted,All ambitions pooled,R10AFRICA,MESSAGEix,decommission_jobyears_per_1k,Decommissioning job-years,"job-years per 1,000",0,3,NA,1.1734816098934786,FALSE,FALSE,NA,NA
SCI-vetted,All ambitions pooled,R10AFRICA,MESSAGEix,gross_plant_jobs_displaced_per_1k,Gross plant jobs displaced at retirement,"positions per 1,000",0,3,NA,1.2003927625797954,FALSE,FALSE,NA,NA
SCI-vetted,All ambitions pooled,R10AFRICA,MESSAGEix,gross_upstream_jobs_displaced_per_1k,Gross upstream jobs displaced at retirement,"positions per 1,000",0,3,NA,0.01605396107304145,FALSE,FALSE,NA,NA
SCI-vetted,All ambitions pooled,R10AFRICA,MESSAGEix,inferred_retirements_GW,Inferred retired capacity,GW,0,3,NA,3083.787902229872,FALSE,FALSE,NA,NA
SCI-vetted,All ambitions pooled,R10AFRICA,MESSAGEix,jobs_RE_minus_fossil_per_1k,Renewable minus fossil job-years (diagnostic),"job-years per 1,000",0,3,NA,369.53771805878245,FALSE,FALSE,NA,NA
SCI-vetted,All ambitions pooled,R10AFRICA,MESSAGEix,total_energy_jobyears_no_decommission_per_1k,"Total energy job-years, excluding decommissioning","job-years per 1,000",0,3,NA,375.1985653381239,FALSE,FALSE,NA,NA
SCI-vetted,All ambitions pooled,R10AFRICA,MESSAGEix,total_energy_jobyears_per_1k,"Total energy job-years, including decommissioning","job-years per 1,000",0,3,NA,376.3720469480174,FALSE,FALSE,NA,NA
SCI-vetted,All ambitions pooled,R10AFRICA,POLES,decommission_jobyears_per_1k,Decommissioning job-years,"job-years per 1,000",43,0,2.520168944079896,NA,FALSE,FALSE,NA,NA
SCI-vetted,All ambitions pooled,R10AFRICA,POLES,gross_plant_jobs_displaced_per_1k,Gross plant jobs displaced at retirement,"positions per 1,000",43,0,2.1519569292777234,NA,FALSE,FALSE,NA,NA
SCI-vetted,All ambitions pooled,R10AFRICA,POLES,gross_upstream_jobs_displaced_per_1k,Gross upstream jobs displaced at retirement,"positions per 1,000",43,0,0.08282334049309294,NA,FALSE,FALSE,NA,NA
SCI-vetted,All ambitions pooled,R10AFRICA,POLES,inferred_retirements_GW,Inferred retired capacity,GW,43,0,4984.4444039967375,NA,FALSE,FALSE,NA,NA
SCI-vetted,All ambitions pooled,R10AFRICA,POLES,jobs_RE_minus_fossil_per_1k,Renewable minus fossil job-years (diagnostic),"job-years per 1,000",43,0,306.68972006925725,NA,FALSE,FALSE,NA,NA
SCI-vetted,All ambitions pooled,R10AFRICA,POLES,total_energy_jobyears_no_decommission_per_1k,"Total energy job-years, excluding decommissioning","job-years per 1,000",43,0,401.8629491721265,NA,FALSE,FALSE,NA,NA
SCI-vetted,All ambitions pooled,R10AFRICA,POLES,total_energy_jobyears_per_1k,"Total energy job-years, including decommissioning","job-years per 1,000",43,0,404.3831181162064,NA,FALSE,FALSE,NA,NA
SCI-vetted,All ambitions pooled,R10AFRICA,REMIND,decommission_jobyears_per_1k,Decommissioning job-years,"job-years per 1,000",0,28,NA,2.4842383084411326,FALSE,FALSE,NA,NA
SCI-vetted,All ambitions pooled,R10AFRICA,REMIND,gross_plant_jobs_displaced_per_1k,Gross plant jobs displaced at retirement,"positions per 1,000",0,28,NA,2.743805931564788,FALSE,FALSE,NA,NA
SCI-vetted,All ambitions pooled,R10AFRICA,REMIND,gross_upstream_jobs_displaced_per_1k,Gross upstream jobs displaced at retirement,"positions per 1,000",0,28,NA,0.013585571718278356,FALSE,FALSE,NA,NA
SCI-vetted,All ambitions pooled,R10AFRICA,REMIND,inferred_retirements_GW,Inferred retired capacity,GW,0,28,NA,7017.28219,FALSE,FALSE,NA,NA
SCI-vetted,All ambitions pooled,R10AFRICA,REMIND,jobs_RE_minus_fossil_per_1k,Renewable minus fossil job-years (diagnostic),"job-years per 1,000",0,28,NA,683.1622260176734,FALSE,FALSE,NA,NA
SCI-vetted,All ambitions pooled,R10AFRICA,REMIND,total_energy_jobyears_no_decommission_per_1k,"Total energy job-years, excluding decommissioning","job-years per 1,000",0,28,NA,703.6096779311813,FALSE,FALSE,NA,NA
SCI-vetted,All ambitions pooled,R10AFRICA,REMIND,total_energy_jobyears_per_1k,"Total energy job-years, including decommissioning","job-years per 1,000",0,28,NA,707.0375638004236,FALSE,FALSE,NA,NA
SCI-vetted,All ambitions pooled,R10AFRICA,WITCH,decommission_jobyears_per_1k,Decommissioning job-years,"job-years per 1,000",0,28,NA,1.9200901903719874,FALSE,FALSE,NA,NA
SCI-vetted,All ambitions pooled,R10AFRICA,WITCH,gross_plant_jobs_displaced_per_1k,Gross plant jobs displaced at retirement,"positions per 1,000",0,28,NA,1.5499183303701853,FALSE,FALSE,NA,NA
SCI-vetted,All ambitions pooled,R10AFRICA,WITCH,gross_upstream_jobs_displaced_per_1k,Gross upstream jobs displaced at retirement,"positions per 1,000",0,28,NA,0.08469885159783276,FALSE,FALSE,NA,NA
SCI-vetted,All ambitions pooled,R10AFRICA,WITCH,inferred_retirements_GW,Inferred retired capacity,GW,0,28,NA,3488.861463857724,FALSE,FALSE,NA,NA
SCI-vetted,All ambitions pooled,R10AFRICA,WITCH,jobs_RE_minus_fossil_per_1k,Renewable minus fossil job-years (diagnostic),"job-years per 1,000",0,28,NA,108.33672784574858,FALSE,FALSE,NA,NA
SCI-vetted,All ambitions pooled,R10AFRICA,WITCH,total_energy_jobyears_no_decommission_per_1k,"Total energy job-years, excluding decommissioning","job-years per 1,000",0,28,NA,153.55678529282045,FALSE,FALSE,NA,NA
SCI-vetted,All ambitions pooled,R10AFRICA,WITCH,total_energy_jobyears_per_1k,"Total energy job-years, including decommissioning","job-years per 1,000",0,28,NA,155.46917411499683,FALSE,FALSE,NA,NA
SCI-vetted,All ambitions pooled,R10CHINA+,GCAM,decommission_jobyears_per_1k,Decommissioning job-years,"job-years per 1,000",0,7,NA,7.677892134639081,FALSE,FALSE,NA,NA
SCI-vetted,All ambitions pooled,R10CHINA+,GCAM,gross_plant_jobs_displaced_per_1k,Gross plant jobs displaced at retirement,"positions per 1,000",0,7,NA,4.7113739787270275,FALSE,FALSE,NA,NA
SCI-vetted,All ambitions pooled,R10CHINA+,GCAM,gross_upstream_jobs_displaced_per_1k,Gross upstream jobs displaced at retirement,"positions per 1,000",0,7,NA,0.9185122659845865,FALSE,FALSE,NA,NA
SCI-vetted,All ambitions pooled,R10CHINA+,GCAM,inferred_retirements_GW,Inferred retired capacity,GW,0,7,NA,18135.19918143565,FALSE,FALSE,NA,NA
SCI-vetted,All ambitions pooled,R10CHINA+,GCAM,jobs_RE_minus_fossil_per_1k,Renewable minus fossil job-years (diagnostic),"job-years per 1,000",0,7,NA,246.95772751076004,FALSE,FALSE,NA,NA
SCI-vetted,All ambitions pooled,R10CHINA+,GCAM,total_energy_jobyears_no_decommission_per_1k,"Total energy job-years, excluding decommissioning","job-years per 1,000",0,7,NA,360.24130603623524,FALSE,FALSE,NA,NA
SCI-vetted,All ambitions pooled,R10CHINA+,GCAM,total_energy_jobyears_per_1k,"Total energy job-years, including decommissioning","job-years per 1,000",0,7,NA,368.04644759799595,FALSE,FALSE,NA,NA
SCI-vetted,All ambitions pooled,R10CHINA+,IMAGE,decommission_jobyears_per_1k,Decommissioning job-years,"job-years per 1,000",26,4,3.2844259737629433,7.919841669779117,TRUE,TRUE,4.6354156960161745,High-RE
SCI-vetted,All ambitions pooled,R10CHINA+,IMAGE,gross_plant_jobs_displaced_per_1k,Gross plant jobs displaced at retirement,"positions per 1,000",26,4,3.0395423632078358,5.457616930196767,TRUE,TRUE,2.4180745669889316,High-RE
SCI-vetted,All ambitions pooled,R10CHINA+,IMAGE,gross_upstream_jobs_displaced_per_1k,Gross upstream jobs displaced at retirement,"positions per 1,000",26,4,0.6688514093613196,1.0957900326482648,TRUE,TRUE,0.4269386232869452,High-RE
SCI-vetted,All ambitions pooled,R10CHINA+,IMAGE,inferred_retirements_GW,Inferred retired capacity,GW,26,4,5463.346850419262,17738.53767464125,TRUE,TRUE,12275.190824221989,High-RE
SCI-vetted,All ambitions pooled,R10CHINA+,IMAGE,jobs_RE_minus_fossil_per_1k,Renewable minus fossil job-years (diagnostic),"job-years per 1,000",26,4,35.60879480016071,156.60304450755353,TRUE,TRUE,120.99424970739283,High-RE
SCI-vetted,All ambitions pooled,R10CHINA+,IMAGE,total_energy_jobyears_no_decommission_per_1k,"Total energy job-years, excluding decommissioning","job-years per 1,000",26,4,210.48962392900586,385.5481187440522,TRUE,TRUE,175.05849481504634,High-RE
SCI-vetted,All ambitions pooled,R10CHINA+,IMAGE,total_energy_jobyears_per_1k,"Total energy job-years, including decommissioning","job-years per 1,000",26,4,213.76411632548187,392.77307731747123,TRUE,TRUE,179.00896099198937,High-RE
SCI-vetted,All ambitions pooled,R10CHINA+,MESSAGEix,decommission_jobyears_per_1k,Decommissioning job-years,"job-years per 1,000",0,3,NA,5.126176873310396,FALSE,FALSE,NA,NA
SCI-vetted,All ambitions pooled,R10CHINA+,MESSAGEix,gross_plant_jobs_displaced_per_1k,Gross plant jobs displaced at retirement,"positions per 1,000",0,3,NA,4.920518063996087,FALSE,FALSE,NA,NA
SCI-vetted,All ambitions pooled,R10CHINA+,MESSAGEix,gross_upstream_jobs_displaced_per_1k,Gross upstream jobs displaced at retirement,"positions per 1,000",0,3,NA,1.085374028325142,FALSE,FALSE,NA,NA
SCI-vetted,All ambitions pooled,R10CHINA+,MESSAGEix,inferred_retirements_GW,Inferred retired capacity,GW,0,3,NA,12374.085987912611,FALSE,FALSE,NA,NA
SCI-vetted,All ambitions pooled,R10CHINA+,MESSAGEix,jobs_RE_minus_fossil_per_1k,Renewable minus fossil job-years (diagnostic),"job-years per 1,000",0,3,NA,227.5559815676823,FALSE,FALSE,NA,NA
SCI-vetted,All ambitions pooled,R10CHINA+,MESSAGEix,total_energy_jobyears_no_decommission_per_1k,"Total energy job-years, excluding decommissioning","job-years per 1,000",0,3,NA,347.8161065663823,FALSE,FALSE,NA,NA
SCI-vetted,All ambitions pooled,R10CHINA+,MESSAGEix,total_energy_jobyears_per_1k,"Total energy job-years, including decommissioning","job-years per 1,000",0,3,NA,352.9422834396927,FALSE,FALSE,NA,NA
SCI-vetted,All ambitions pooled,R10CHINA+,POLES,decommission_jobyears_per_1k,Decommissioning job-years,"job-years per 1,000",43,0,7.371602134479003,NA,FALSE,FALSE,NA,NA
SCI-vetted,All ambitions pooled,R10CHINA+,POLES,gross_plant_jobs_displaced_per_1k,Gross plant jobs displaced at retirement,"positions per 1,000",43,0,5.572476202738824,NA,FALSE,FALSE,NA,NA
SCI-vetted,All ambitions pooled,R10CHINA+,POLES,gross_upstream_jobs_displaced_per_1k,Gross upstream jobs displaced at retirement,"positions per 1,000",43,0,1.145157332275367,NA,FALSE,FALSE,NA,NA
SCI-vetted,All ambitions pooled,R10CHINA+,POLES,inferred_retirements_GW,Inferred retired capacity,GW,43,0,14565.714809030087,NA,FALSE,FALSE,NA,NA
SCI-vetted,All ambitions pooled,R10CHINA+,POLES,jobs_RE_minus_fossil_per_1k,Renewable minus fossil job-years (diagnostic),"job-years per 1,000",43,0,159.26791131965842,NA,FALSE,FALSE,NA,NA
SCI-vetted,All ambitions pooled,R10CHINA+,POLES,total_energy_jobyears_no_decommission_per_1k,"Total energy job-years, excluding decommissioning","job-years per 1,000",43,0,429.1241106504717,NA,FALSE,FALSE,NA,NA
SCI-vetted,All ambitions pooled,R10CHINA+,POLES,total_energy_jobyears_per_1k,"Total energy job-years, including decommissioning","job-years per 1,000",43,0,436.1519425786547,NA,FALSE,FALSE,NA,NA
SCI-vetted,All ambitions pooled,R10CHINA+,REMIND,decommission_jobyears_per_1k,Decommissioning job-years,"job-years per 1,000",0,28,NA,5.371388055878784,FALSE,FALSE,NA,NA
SCI-vetted,All ambitions pooled,R10CHINA+,REMIND,gross_plant_jobs_displaced_per_1k,Gross plant jobs displaced at retirement,"positions per 1,000",0,28,NA,4.094524515669593,FALSE,FALSE,NA,NA
SCI-vetted,All ambitions pooled,R10CHINA+,REMIND,gross_upstream_jobs_displaced_per_1k,Gross upstream jobs displaced at retirement,"positions per 1,000",0,28,NA,0.8885639468929487,FALSE,FALSE,NA,NA
SCI-vetted,All ambitions pooled,R10CHINA+,REMIND,inferred_retirements_GW,Inferred retired capacity,GW,0,28,NA,12258.948214394997,FALSE,FALSE,NA,NA
SCI-vetted,All ambitions pooled,R10CHINA+,REMIND,jobs_RE_minus_fossil_per_1k,Renewable minus fossil job-years (diagnostic),"job-years per 1,000",0,28,NA,200.443604506575,FALSE,FALSE,NA,NA
SCI-vetted,All ambitions pooled,R10CHINA+,REMIND,total_energy_jobyears_no_decommission_per_1k,"Total energy job-years, excluding decommissioning","job-years per 1,000",0,28,NA,321.7454641625205,FALSE,FALSE,NA,NA
SCI-vetted,All ambitions pooled,R10CHINA+,REMIND,total_energy_jobyears_per_1k,"Total energy job-years, including decommissioning","job-years per 1,000",0,28,NA,327.09367762997203,FALSE,FALSE,NA,NA
SCI-vetted,All ambitions pooled,R10CHINA+,WITCH,decommission_jobyears_per_1k,Decommissioning job-years,"job-years per 1,000",0,28,NA,4.566677911025163,FALSE,FALSE,NA,NA
SCI-vetted,All ambitions pooled,R10CHINA+,WITCH,gross_plant_jobs_displaced_per_1k,Gross plant jobs displaced at retirement,"positions per 1,000",0,28,NA,7.1901992538408095,FALSE,FALSE,NA,NA
SCI-vetted,All ambitions pooled,R10CHINA+,WITCH,gross_upstream_jobs_displaced_per_1k,Gross upstream jobs displaced at retirement,"positions per 1,000",0,28,NA,0.6572003114115198,FALSE,FALSE,NA,NA
SCI-vetted,All ambitions pooled,R10CHINA+,WITCH,inferred_retirements_GW,Inferred retired capacity,GW,0,28,NA,16549.247139481784,FALSE,FALSE,NA,NA
SCI-vetted,All ambitions pooled,R10CHINA+,WITCH,jobs_RE_minus_fossil_per_1k,Renewable minus fossil job-years (diagnostic),"job-years per 1,000",0,28,NA,299.9041261587953,FALSE,FALSE,NA,NA
SCI-vetted,All ambitions pooled,R10CHINA+,WITCH,total_energy_jobyears_no_decommission_per_1k,"Total energy job-years, excluding decommissioning","job-years per 1,000",0,28,NA,414.3769171537657,FALSE,FALSE,NA,NA
SCI-vetted,All ambitions pooled,R10CHINA+,WITCH,total_energy_jobyears_per_1k,"Total energy job-years, including decommissioning","job-years per 1,000",0,28,NA,418.96249717603007,FALSE,FALSE,NA,NA
SCI-vetted,All ambitions pooled,R10EUROPE,GCAM,decommission_jobyears_per_1k,Decommissioning job-years,"job-years per 1,000",0,7,NA,5.271288879395074,FALSE,FALSE,NA,NA
SCI-vetted,All ambitions pooled,R10EUROPE,GCAM,gross_plant_jobs_displaced_per_1k,Gross plant jobs displaced at retirement,"positions per 1,000",0,7,NA,2.600525643217962,FALSE,FALSE,NA,NA
SCI-vetted,All ambitions pooled,R10EUROPE,GCAM,gross_upstream_jobs_displaced_per_1k,Gross upstream jobs displaced at retirement,"positions per 1,000",0,7,NA,0.31904888645474894,FALSE,FALSE,NA,NA
SCI-vetted,All ambitions pooled,R10EUROPE,GCAM,inferred_retirements_GW,Inferred retired capacity,GW,0,7,NA,9102.874246678839,FALSE,FALSE,NA,NA
SCI-vetted,All ambitions pooled,R10EUROPE,GCAM,jobs_RE_minus_fossil_per_1k,Renewable minus fossil job-years (diagnostic),"job-years per 1,000",0,7,NA,134.2931609146894,FALSE,FALSE,NA,NA
SCI-vetted,All ambitions pooled,R10EUROPE,GCAM,total_energy_jobyears_no_decommission_per_1k,"Total energy job-years, excluding decommissioning","job-years per 1,000",0,7,NA,180.0973332148317,FALSE,FALSE,NA,NA
SCI-vetted,All ambitions pooled,R10EUROPE,GCAM,total_energy_jobyears_per_1k,"Total energy job-years, including decommissioning","job-years per 1,000",0,7,NA,185.29957529888821,FALSE,FALSE,NA,NA
SCI-vetted,All ambitions pooled,R10EUROPE,IMAGE,decommission_jobyears_per_1k,Decommissioning job-years,"job-years per 1,000",26,4,2.8965280757697007,4.667103817811374,TRUE,TRUE,1.7705757420416735,High-RE
SCI-vetted,All ambitions pooled,R10EUROPE,IMAGE,gross_plant_jobs_displaced_per_1k,Gross plant jobs displaced at retirement,"positions per 1,000",26,4,1.860491706507566,1.9334846671989818,TRUE,TRUE,0.07299296069141592,High-RE
SCI-vetted,All ambitions pooled,R10EUROPE,IMAGE,gross_upstream_jobs_displaced_per_1k,Gross upstream jobs displaced at retirement,"positions per 1,000",26,4,0.7381144118563759,1.0527249267451313,TRUE,TRUE,0.31461051488875535,High-RE
SCI-vetted,All ambitions pooled,R10EUROPE,IMAGE,inferred_retirements_GW,Inferred retired capacity,GW,26,4,3493.6291906447486,6109.285218072184,TRUE,TRUE,2615.656027427435,High-RE
SCI-vetted,All ambitions pooled,R10EUROPE,IMAGE,jobs_RE_minus_fossil_per_1k,Renewable minus fossil job-years (diagnostic),"job-years per 1,000",26,4,6.320128827400611,22.6085933626398,TRUE,TRUE,16.288464535239193,High-RE
SCI-vetted,All ambitions pooled,R10EUROPE,IMAGE,total_energy_jobyears_no_decommission_per_1k,"Total energy job-years, excluding decommissioning","job-years per 1,000",26,4,150.1156164102669,172.16912594394404,TRUE,TRUE,22.05350953367713,High-RE
SCI-vetted,All ambitions pooled,R10EUROPE,IMAGE,total_energy_jobyears_per_1k,"Total energy job-years, including decommissioning","job-years per 1,000",26,4,153.36247460958012,177.02658588424418,TRUE,TRUE,23.664111274664066,High-RE
SCI-vetted,All ambitions pooled,R10EUROPE,MESSAGEix,decommission_jobyears_per_1k,Decommissioning job-years,"job-years per 1,000",0,3,NA,2.9332535903315384,FALSE,FALSE,NA,NA
SCI-vetted,All ambitions pooled,R10EUROPE,MESSAGEix,gross_plant_jobs_displaced_per_1k,Gross plant jobs displaced at retirement,"positions per 1,000",0,3,NA,1.526474290942604,FALSE,FALSE,NA,NA
SCI-vetted,All ambitions pooled,R10EUROPE,MESSAGEix,gross_upstream_jobs_displaced_per_1k,Gross upstream jobs displaced at retirement,"positions per 1,000",0,3,NA,0.4061601990125842,FALSE,FALSE,NA,NA
SCI-vetted,All ambitions pooled,R10EUROPE,MESSAGEix,inferred_retirements_GW,Inferred retired capacity,GW,0,3,NA,5007.2575690195545,FALSE,FALSE,NA,NA
SCI-vetted,All ambitions pooled,R10EUROPE,MESSAGEix,jobs_RE_minus_fossil_per_1k,Renewable minus fossil job-years (diagnostic),"job-years per 1,000",0,3,NA,93.0246250454612,FALSE,FALSE,NA,NA
SCI-vetted,All ambitions pooled,R10EUROPE,MESSAGEix,total_energy_jobyears_no_decommission_per_1k,"Total energy job-years, excluding decommissioning","job-years per 1,000",0,3,NA,119.44263843423296,FALSE,FALSE,NA,NA
SCI-vetted,All ambitions pooled,R10EUROPE,MESSAGEix,total_energy_jobyears_per_1k,"Total energy job-years, including decommissioning","job-years per 1,000",0,3,NA,122.41392438025157,FALSE,FALSE,NA,NA
SCI-vetted,All ambitions pooled,R10EUROPE,POLES,decommission_jobyears_per_1k,Decommissioning job-years,"job-years per 1,000",43,0,4.505519718011222,NA,FALSE,FALSE,NA,NA
SCI-vetted,All ambitions pooled,R10EUROPE,POLES,gross_plant_jobs_displaced_per_1k,Gross plant jobs displaced at retirement,"positions per 1,000",43,0,2.6366230335868854,NA,FALSE,FALSE,NA,NA
SCI-vetted,All ambitions pooled,R10EUROPE,POLES,gross_upstream_jobs_displaced_per_1k,Gross upstream jobs displaced at retirement,"positions per 1,000",43,0,0.4908736167785893,NA,FALSE,FALSE,NA,NA
SCI-vetted,All ambitions pooled,R10EUROPE,POLES,inferred_retirements_GW,Inferred retired capacity,GW,43,0,7388.568835741282,NA,FALSE,FALSE,NA,NA
SCI-vetted,All ambitions pooled,R10EUROPE,POLES,jobs_RE_minus_fossil_per_1k,Renewable minus fossil job-years (diagnostic),"job-years per 1,000",43,0,75.27599717234244,NA,FALSE,FALSE,NA,NA
SCI-vetted,All ambitions pooled,R10EUROPE,POLES,total_energy_jobyears_no_decommission_per_1k,"Total energy job-years, excluding decommissioning","job-years per 1,000",43,0,197.75534914252583,NA,FALSE,FALSE,NA,NA
SCI-vetted,All ambitions pooled,R10EUROPE,POLES,total_energy_jobyears_per_1k,"Total energy job-years, including decommissioning","job-years per 1,000",43,0,202.2462474328646,NA,FALSE,FALSE,NA,NA
SCI-vetted,All ambitions pooled,R10EUROPE,REMIND,decommission_jobyears_per_1k,Decommissioning job-years,"job-years per 1,000",0,28,NA,3.0622041962256343,FALSE,FALSE,NA,NA
SCI-vetted,All ambitions pooled,R10EUROPE,REMIND,gross_plant_jobs_displaced_per_1k,Gross plant jobs displaced at retirement,"positions per 1,000",0,28,NA,1.745032522352623,FALSE,FALSE,NA,NA
SCI-vetted,All ambitions pooled,R10EUROPE,REMIND,gross_upstream_jobs_displaced_per_1k,Gross upstream jobs displaced at retirement,"positions per 1,000",0,28,NA,0.30518930934935595,FALSE,FALSE,NA,NA
SCI-vetted,All ambitions pooled,R10EUROPE,REMIND,inferred_retirements_GW,Inferred retired capacity,GW,0,28,NA,6026.12665883,FALSE,FALSE,NA,NA
SCI-vetted,All ambitions pooled,R10EUROPE,REMIND,jobs_RE_minus_fossil_per_1k,Renewable minus fossil job-years (diagnostic),"job-years per 1,000",0,28,NA,100.39852223672219,FALSE,FALSE,NA,NA
SCI-vetted,All ambitions pooled,R10EUROPE,REMIND,total_energy_jobyears_no_decommission_per_1k,"Total energy job-years, excluding decommissioning","job-years per 1,000",0,28,NA,124.36141825490208,FALSE,FALSE,NA,NA
SCI-vetted,All ambitions pooled,R10EUROPE,REMIND,total_energy_jobyears_per_1k,"Total energy job-years, including decommissioning","job-years per 1,000",0,28,NA,127.39096402887003,FALSE,FALSE,NA,NA
SCI-vetted,All ambitions pooled,R10EUROPE,WITCH,decommission_jobyears_per_1k,Decommissioning job-years,"job-years per 1,000",0,28,NA,4.110749144486213,FALSE,FALSE,NA,NA
SCI-vetted,All ambitions pooled,R10EUROPE,WITCH,gross_plant_jobs_displaced_per_1k,Gross plant jobs displaced at retirement,"positions per 1,000",0,28,NA,2.6493213205588146,FALSE,FALSE,NA,NA
SCI-vetted,All ambitions pooled,R10EUROPE,WITCH,gross_upstream_jobs_displaced_per_1k,Gross upstream jobs displaced at retirement,"positions per 1,000",0,28,NA,0.2987490166944643,FALSE,FALSE,NA,NA
SCI-vetted,All ambitions pooled,R10EUROPE,WITCH,inferred_retirements_GW,Inferred retired capacity,GW,0,28,NA,8634.381360576328,FALSE,FALSE,NA,NA
SCI-vetted,All ambitions pooled,R10EUROPE,WITCH,jobs_RE_minus_fossil_per_1k,Renewable minus fossil job-years (diagnostic),"job-years per 1,000",0,28,NA,132.93259429343843,FALSE,FALSE,NA,NA
SCI-vetted,All ambitions pooled,R10EUROPE,WITCH,total_energy_jobyears_no_decommission_per_1k,"Total energy job-years, excluding decommissioning","job-years per 1,000",0,28,NA,176.07075125223633,FALSE,FALSE,NA,NA
SCI-vetted,All ambitions pooled,R10EUROPE,WITCH,total_energy_jobyears_per_1k,"Total energy job-years, including decommissioning","job-years per 1,000",0,28,NA,180.18150039672253,FALSE,FALSE,NA,NA
SCI-vetted,All ambitions pooled,R10INDIA+,GCAM,decommission_jobyears_per_1k,Decommissioning job-years,"job-years per 1,000",0,7,NA,6.477384532366653,FALSE,FALSE,NA,NA
SCI-vetted,All ambitions pooled,R10INDIA+,GCAM,gross_plant_jobs_displaced_per_1k,Gross plant jobs displaced at retirement,"positions per 1,000",0,7,NA,7.6432446503928295,FALSE,FALSE,NA,NA
SCI-vetted,All ambitions pooled,R10INDIA+,GCAM,gross_upstream_jobs_displaced_per_1k,Gross upstream jobs displaced at retirement,"positions per 1,000",0,7,NA,0.19546633320948753,FALSE,FALSE,NA,NA
SCI-vetted,All ambitions pooled,R10INDIA+,GCAM,inferred_retirements_GW,Inferred retired capacity,GW,0,7,NA,17194.67194812465,FALSE,FALSE,NA,NA
SCI-vetted,All ambitions pooled,R10INDIA+,GCAM,jobs_RE_minus_fossil_per_1k,Renewable minus fossil job-years (diagnostic),"job-years per 1,000",0,7,NA,662.300386845423,FALSE,FALSE,NA,NA
SCI-vetted,All ambitions pooled,R10INDIA+,GCAM,total_energy_jobyears_no_decommission_per_1k,"Total energy job-years, excluding decommissioning","job-years per 1,000",0,7,NA,704.8434434948741,FALSE,FALSE,NA,NA
SCI-vetted,All ambitions pooled,R10INDIA+,GCAM,total_energy_jobyears_per_1k,"Total energy job-years, including decommissioning","job-years per 1,000",0,7,NA,711.7816580328107,FALSE,FALSE,NA,NA
SCI-vetted,All ambitions pooled,R10INDIA+,IMAGE,decommission_jobyears_per_1k,Decommissioning job-years,"job-years per 1,000",26,4,2.511604111766272,4.01455876675028,TRUE,TRUE,1.5029546549840083,High-RE
SCI-vetted,All ambitions pooled,R10INDIA+,IMAGE,gross_plant_jobs_displaced_per_1k,Gross plant jobs displaced at retirement,"positions per 1,000",26,4,2.342956279031374,3.5758444250181136,TRUE,TRUE,1.2328881459867396,High-RE
SCI-vetted,All ambitions pooled,R10INDIA+,IMAGE,gross_upstream_jobs_displaced_per_1k,Gross upstream jobs displaced at retirement,"positions per 1,000",26,4,0.2668674501896978,0.42678173861755075,TRUE,TRUE,0.15991428842785294,High-RE
SCI-vetted,All ambitions pooled,R10INDIA+,IMAGE,inferred_retirements_GW,Inferred retired capacity,GW,26,4,4921.590851723151,8635.102977742414,TRUE,TRUE,3713.5121260192627,High-RE
SCI-vetted,All ambitions pooled,R10INDIA+,IMAGE,jobs_RE_minus_fossil_per_1k,Renewable minus fossil job-years (diagnostic),"job-years per 1,000",26,4,129.36809525231013,223.0261688276368,TRUE,TRUE,93.65807357532668,High-RE
SCI-vetted,All ambitions pooled,R10INDIA+,IMAGE,total_energy_jobyears_no_decommission_per_1k,"Total energy job-years, excluding decommissioning","job-years per 1,000",26,4,310.15524497858814,416.02768850908114,TRUE,TRUE,105.872443530493,High-RE
SCI-vetted,All ambitions pooled,R10INDIA+,IMAGE,total_energy_jobyears_per_1k,"Total energy job-years, including decommissioning","job-years per 1,000",26,4,312.7181452947842,420.04224727583147,TRUE,TRUE,107.32410198104725,High-RE
SCI-vetted,All ambitions pooled,R10INDIA+,MESSAGEix,decommission_jobyears_per_1k,Decommissioning job-years,"job-years per 1,000",0,3,NA,3.6486528737053616,FALSE,FALSE,NA,NA
SCI-vetted,All ambitions pooled,R10INDIA+,MESSAGEix,gross_plant_jobs_displaced_per_1k,Gross plant jobs displaced at retirement,"positions per 1,000",0,3,NA,4.575096185812406,FALSE,FALSE,NA,NA
SCI-vetted,All ambitions pooled,R10INDIA+,MESSAGEix,gross_upstream_jobs_displaced_per_1k,Gross upstream jobs displaced at retirement,"positions per 1,000",0,3,NA,0.1813472069531833,FALSE,FALSE,NA,NA
SCI-vetted,All ambitions pooled,R10INDIA+,MESSAGEix,inferred_retirements_GW,Inferred retired capacity,GW,0,3,NA,10976.787073893505,FALSE,FALSE,NA,NA
SCI-vetted,All ambitions pooled,R10INDIA+,MESSAGEix,jobs_RE_minus_fossil_per_1k,Renewable minus fossil job-years (diagnostic),"job-years per 1,000",0,3,NA,537.9124934191987,FALSE,FALSE,NA,NA
SCI-vetted,All ambitions pooled,R10INDIA+,MESSAGEix,total_energy_jobyears_no_decommission_per_1k,"Total energy job-years, excluding decommissioning","job-years per 1,000",0,3,NA,572.0365063610518,FALSE,FALSE,NA,NA
SCI-vetted,All ambitions pooled,R10INDIA+,MESSAGEix,total_energy_jobyears_per_1k,"Total energy job-years, including decommissioning","job-years per 1,000",0,3,NA,575.7402104017526,FALSE,FALSE,NA,NA
SCI-vetted,All ambitions pooled,R10INDIA+,POLES,decommission_jobyears_per_1k,Decommissioning job-years,"job-years per 1,000",43,0,3.915713454528809,NA,FALSE,FALSE,NA,NA
SCI-vetted,All ambitions pooled,R10INDIA+,POLES,gross_plant_jobs_displaced_per_1k,Gross plant jobs displaced at retirement,"positions per 1,000",43,0,4.484219273274712,NA,FALSE,FALSE,NA,NA
SCI-vetted,All ambitions pooled,R10INDIA+,POLES,gross_upstream_jobs_displaced_per_1k,Gross upstream jobs displaced at retirement,"positions per 1,000",43,0,0.26508857342075465,NA,FALSE,FALSE,NA,NA
SCI-vetted,All ambitions pooled,R10INDIA+,POLES,inferred_retirements_GW,Inferred retired capacity,GW,43,0,10805.39129817366,NA,FALSE,FALSE,NA,NA
SCI-vetted,All ambitions pooled,R10INDIA+,POLES,jobs_RE_minus_fossil_per_1k,Renewable minus fossil job-years (diagnostic),"job-years per 1,000",43,0,320.76300791608696,NA,FALSE,FALSE,NA,NA
SCI-vetted,All ambitions pooled,R10INDIA+,POLES,total_energy_jobyears_no_decommission_per_1k,"Total energy job-years, excluding decommissioning","job-years per 1,000",43,0,506.1169517861502,NA,FALSE,FALSE,NA,NA
SCI-vetted,All ambitions pooled,R10INDIA+,POLES,total_energy_jobyears_per_1k,"Total energy job-years, including decommissioning","job-years per 1,000",43,0,509.92457991070074,NA,FALSE,FALSE,NA,NA
SCI-vetted,All ambitions pooled,R10INDIA+,REMIND,decommission_jobyears_per_1k,Decommissioning job-years,"job-years per 1,000",0,28,NA,3.887634672353423,FALSE,FALSE,NA,NA
SCI-vetted,All ambitions pooled,R10INDIA+,REMIND,gross_plant_jobs_displaced_per_1k,Gross plant jobs displaced at retirement,"positions per 1,000",0,28,NA,4.627829612459191,FALSE,FALSE,NA,NA
SCI-vetted,All ambitions pooled,R10INDIA+,REMIND,gross_upstream_jobs_displaced_per_1k,Gross upstream jobs displaced at retirement,"positions per 1,000",0,28,NA,0.1876396880695566,FALSE,FALSE,NA,NA
SCI-vetted,All ambitions pooled,R10INDIA+,REMIND,inferred_retirements_GW,Inferred retired capacity,GW,0,28,NA,10810.476278935006,FALSE,FALSE,NA,NA
SCI-vetted,All ambitions pooled,R10INDIA+,REMIND,jobs_RE_minus_fossil_per_1k,Renewable minus fossil job-years (diagnostic),"job-years per 1,000",0,28,NA,657.9691534920013,FALSE,FALSE,NA,NA
SCI-vetted,All ambitions pooled,R10INDIA+,REMIND,total_energy_jobyears_no_decommission_per_1k,"Total energy job-years, excluding decommissioning","job-years per 1,000",0,28,NA,739.4769785256185,FALSE,FALSE,NA,NA
SCI-vetted,All ambitions pooled,R10INDIA+,REMIND,total_energy_jobyears_per_1k,"Total energy job-years, including decommissioning","job-years per 1,000",0,28,NA,743.3205121645328,FALSE,FALSE,NA,NA
SCI-vetted,All ambitions pooled,R10INDIA+,WITCH,decommission_jobyears_per_1k,Decommissioning job-years,"job-years per 1,000",0,28,NA,1.935666629461669,FALSE,FALSE,NA,NA
SCI-vetted,All ambitions pooled,R10INDIA+,WITCH,gross_plant_jobs_displaced_per_1k,Gross plant jobs displaced at retirement,"positions per 1,000",0,28,NA,2.998346630955869,FALSE,FALSE,NA,NA
SCI-vetted,All ambitions pooled,R10INDIA+,WITCH,gross_upstream_jobs_displaced_per_1k,Gross upstream jobs displaced at retirement,"positions per 1,000",0,28,NA,0.12927998325179013,FALSE,FALSE,NA,NA
SCI-vetted,All ambitions pooled,R10INDIA+,WITCH,inferred_retirements_GW,Inferred retired capacity,GW,0,28,NA,7217.497388505944,FALSE,FALSE,NA,NA
SCI-vetted,All ambitions pooled,R10INDIA+,WITCH,jobs_RE_minus_fossil_per_1k,Renewable minus fossil job-years (diagnostic),"job-years per 1,000",0,28,NA,235.7047669775666,FALSE,FALSE,NA,NA
SCI-vetted,All ambitions pooled,R10INDIA+,WITCH,total_energy_jobyears_no_decommission_per_1k,"Total energy job-years, excluding decommissioning","job-years per 1,000",0,28,NA,259.0485198134031,FALSE,FALSE,NA,NA
SCI-vetted,All ambitions pooled,R10INDIA+,WITCH,total_energy_jobyears_per_1k,"Total energy job-years, including decommissioning","job-years per 1,000",0,28,NA,260.98418644286477,FALSE,FALSE,NA,NA
SCI-vetted,All ambitions pooled,R10LATIN_AM,GCAM,decommission_jobyears_per_1k,Decommissioning job-years,"job-years per 1,000",0,7,NA,14.883378757480958,FALSE,FALSE,NA,NA
SCI-vetted,All ambitions pooled,R10LATIN_AM,GCAM,gross_plant_jobs_displaced_per_1k,Gross plant jobs displaced at retirement,"positions per 1,000",0,7,NA,5.235651791001163,FALSE,FALSE,NA,NA
SCI-vetted,All ambitions pooled,R10LATIN_AM,GCAM,gross_upstream_jobs_displaced_per_1k,Gross upstream jobs displaced at retirement,"positions per 1,000",0,7,NA,0.09500554466172041,FALSE,FALSE,NA,NA
SCI-vetted,All ambitions pooled,R10LATIN_AM,GCAM,inferred_retirements_GW,Inferred retired capacity,GW,0,7,NA,8214.26303985876,FALSE,FALSE,NA,NA
SCI-vetted,All ambitions pooled,R10LATIN_AM,GCAM,jobs_RE_minus_fossil_per_1k,Renewable minus fossil job-years (diagnostic),"job-years per 1,000",0,7,NA,385.7068111035057,FALSE,FALSE,NA,NA
SCI-vetted,All ambitions pooled,R10LATIN_AM,GCAM,total_energy_jobyears_no_decommission_per_1k,"Total energy job-years, excluding decommissioning","job-years per 1,000",0,7,NA,466.5838353867246,FALSE,FALSE,NA,NA
SCI-vetted,All ambitions pooled,R10LATIN_AM,GCAM,total_energy_jobyears_per_1k,"Total energy job-years, including decommissioning","job-years per 1,000",0,7,NA,481.4476701800201,FALSE,FALSE,NA,NA
SCI-vetted,All ambitions pooled,R10LATIN_AM,IMAGE,decommission_jobyears_per_1k,Decommissioning job-years,"job-years per 1,000",26,4,4.209071218416124,11.987462337105883,TRUE,TRUE,7.778391118689759,High-RE
SCI-vetted,All ambitions pooled,R10LATIN_AM,IMAGE,gross_plant_jobs_displaced_per_1k,Gross plant jobs displaced at retirement,"positions per 1,000",26,4,2.9062082683369397,4.2330484158406065,TRUE,TRUE,1.3268401475036669,High-RE
SCI-vetted,All ambitions pooled,R10LATIN_AM,IMAGE,gross_upstream_jobs_displaced_per_1k,Gross upstream jobs displaced at retirement,"positions per 1,000",26,4,0.3090054797216713,0.47845608231210796,TRUE,TRUE,0.16945060259043665,High-RE
SCI-vetted,All ambitions pooled,R10LATIN_AM,IMAGE,inferred_retirements_GW,Inferred retired capacity,GW,26,4,1923.4726705188446,6160.460412906326,TRUE,TRUE,4236.987742387482,High-RE
SCI-vetted,All ambitions pooled,R10LATIN_AM,IMAGE,jobs_RE_minus_fossil_per_1k,Renewable minus fossil job-years (diagnostic),"job-years per 1,000",26,4,70.29856008792981,276.82414073060016,TRUE,TRUE,206.52558064267035,High-RE
SCI-vetted,All ambitions pooled,R10LATIN_AM,IMAGE,total_energy_jobyears_no_decommission_per_1k,"Total energy job-years, excluding decommissioning","job-years per 1,000",26,4,290.5068134059868,444.7379141534378,TRUE,TRUE,154.23110074745102,High-RE
SCI-vetted,All ambitions pooled,R10LATIN_AM,IMAGE,total_energy_jobyears_per_1k,"Total energy job-years, including decommissioning","job-years per 1,000",26,4,294.32387386484936,455.15758550881367,TRUE,TRUE,160.8337116439643,High-RE
SCI-vetted,All ambitions pooled,R10LATIN_AM,MESSAGEix,decommission_jobyears_per_1k,Decommissioning job-years,"job-years per 1,000",0,3,NA,6.451099253425765,FALSE,FALSE,NA,NA
SCI-vetted,All ambitions pooled,R10LATIN_AM,MESSAGEix,gross_plant_jobs_displaced_per_1k,Gross plant jobs displaced at retirement,"positions per 1,000",0,3,NA,2.920227212169134,FALSE,FALSE,NA,NA
SCI-vetted,All ambitions pooled,R10LATIN_AM,MESSAGEix,gross_upstream_jobs_displaced_per_1k,Gross upstream jobs displaced at retirement,"positions per 1,000",0,3,NA,0.07610832405427453,FALSE,FALSE,NA,NA
SCI-vetted,All ambitions pooled,R10LATIN_AM,MESSAGEix,inferred_retirements_GW,Inferred retired capacity,GW,0,3,NA,4002.416795403477,FALSE,FALSE,NA,NA
SCI-vetted,All ambitions pooled,R10LATIN_AM,MESSAGEix,jobs_RE_minus_fossil_per_1k,Renewable minus fossil job-years (diagnostic),"job-years per 1,000",0,3,NA,323.84062668072215,FALSE,FALSE,NA,NA
SCI-vetted,All ambitions pooled,R10LATIN_AM,MESSAGEix,total_energy_jobyears_no_decommission_per_1k,"Total energy job-years, excluding decommissioning","job-years per 1,000",0,3,NA,349.85747740372574,FALSE,FALSE,NA,NA
SCI-vetted,All ambitions pooled,R10LATIN_AM,MESSAGEix,total_energy_jobyears_per_1k,"Total energy job-years, including decommissioning","job-years per 1,000",0,3,NA,356.0582987497068,FALSE,FALSE,NA,NA
SCI-vetted,All ambitions pooled,R10LATIN_AM,POLES,decommission_jobyears_per_1k,Decommissioning job-years,"job-years per 1,000",43,0,6.394007945013936,NA,FALSE,FALSE,NA,NA
SCI-vetted,All ambitions pooled,R10LATIN_AM,POLES,gross_plant_jobs_displaced_per_1k,Gross plant jobs displaced at retirement,"positions per 1,000",43,0,3.457633295729192,NA,FALSE,FALSE,NA,NA
SCI-vetted,All ambitions pooled,R10LATIN_AM,POLES,gross_upstream_jobs_displaced_per_1k,Gross upstream jobs displaced at retirement,"positions per 1,000",43,0,0.17380638527501394,NA,FALSE,FALSE,NA,NA
SCI-vetted,All ambitions pooled,R10LATIN_AM,POLES,inferred_retirements_GW,Inferred retired capacity,GW,43,0,3376.1674347862604,NA,FALSE,FALSE,NA,NA
SCI-vetted,All ambitions pooled,R10LATIN_AM,POLES,jobs_RE_minus_fossil_per_1k,Renewable minus fossil job-years (diagnostic),"job-years per 1,000",43,0,185.26269845692627,NA,FALSE,FALSE,NA,NA
SCI-vetted,All ambitions pooled,R10LATIN_AM,POLES,total_energy_jobyears_no_decommission_per_1k,"Total energy job-years, excluding decommissioning","job-years per 1,000",43,0,335.4174458458962,NA,FALSE,FALSE,NA,NA
SCI-vetted,All ambitions pooled,R10LATIN_AM,POLES,total_energy_jobyears_per_1k,"Total energy job-years, including decommissioning","job-years per 1,000",43,0,341.8114537909102,NA,FALSE,FALSE,NA,NA
SCI-vetted,All ambitions pooled,R10LATIN_AM,REMIND,decommission_jobyears_per_1k,Decommissioning job-years,"job-years per 1,000",0,28,NA,7.432976149130015,FALSE,FALSE,NA,NA
SCI-vetted,All ambitions pooled,R10LATIN_AM,REMIND,gross_plant_jobs_displaced_per_1k,Gross plant jobs displaced at retirement,"positions per 1,000",0,28,NA,3.0815420307646986,FALSE,FALSE,NA,NA
SCI-vetted,All ambitions pooled,R10LATIN_AM,REMIND,gross_upstream_jobs_displaced_per_1k,Gross upstream jobs displaced at retirement,"positions per 1,000",0,28,NA,0.0658018802765365,FALSE,FALSE,NA,NA
SCI-vetted,All ambitions pooled,R10LATIN_AM,REMIND,inferred_retirements_GW,Inferred retired capacity,GW,0,28,NA,4629.358225,FALSE,FALSE,NA,NA
SCI-vetted,All ambitions pooled,R10LATIN_AM,REMIND,jobs_RE_minus_fossil_per_1k,Renewable minus fossil job-years (diagnostic),"job-years per 1,000",0,28,NA,340.29395265086396,FALSE,FALSE,NA,NA
SCI-vetted,All ambitions pooled,R10LATIN_AM,REMIND,total_energy_jobyears_no_decommission_per_1k,"Total energy job-years, excluding decommissioning","job-years per 1,000",0,28,NA,387.9439024414788,FALSE,FALSE,NA,NA
SCI-vetted,All ambitions pooled,R10LATIN_AM,REMIND,total_energy_jobyears_per_1k,"Total energy job-years, including decommissioning","job-years per 1,000",0,28,NA,394.79203829589085,FALSE,FALSE,NA,NA
SCI-vetted,All ambitions pooled,R10LATIN_AM,WITCH,decommission_jobyears_per_1k,Decommissioning job-years,"job-years per 1,000",0,28,NA,8.853108708829023,FALSE,FALSE,NA,NA
SCI-vetted,All ambitions pooled,R10LATIN_AM,WITCH,gross_plant_jobs_displaced_per_1k,Gross plant jobs displaced at retirement,"positions per 1,000",0,28,NA,11.423959034021347,FALSE,FALSE,NA,NA
SCI-vetted,All ambitions pooled,R10LATIN_AM,WITCH,gross_upstream_jobs_displaced_per_1k,Gross upstream jobs displaced at retirement,"positions per 1,000",0,28,NA,0.15441495294068858,FALSE,FALSE,NA,NA
SCI-vetted,All ambitions pooled,R10LATIN_AM,WITCH,inferred_retirements_GW,Inferred retired capacity,GW,0,28,NA,4838.2566773522485,FALSE,FALSE,NA,NA
SCI-vetted,All ambitions pooled,R10LATIN_AM,WITCH,jobs_RE_minus_fossil_per_1k,Renewable minus fossil job-years (diagnostic),"job-years per 1,000",0,28,NA,268.9029098778815,FALSE,FALSE,NA,NA
SCI-vetted,All ambitions pooled,R10LATIN_AM,WITCH,total_energy_jobyears_no_decommission_per_1k,"Total energy job-years, excluding decommissioning","job-years per 1,000",0,28,NA,544.9009081992201,FALSE,FALSE,NA,NA
SCI-vetted,All ambitions pooled,R10LATIN_AM,WITCH,total_energy_jobyears_per_1k,"Total energy job-years, including decommissioning","job-years per 1,000",0,28,NA,553.4921493155337,FALSE,FALSE,NA,NA
SCI-vetted,All ambitions pooled,R10MIDDLE_EAST,GCAM,decommission_jobyears_per_1k,Decommissioning job-years,"job-years per 1,000",0,7,NA,7.242150752097779,FALSE,FALSE,NA,NA
SCI-vetted,All ambitions pooled,R10MIDDLE_EAST,GCAM,gross_plant_jobs_displaced_per_1k,Gross plant jobs displaced at retirement,"positions per 1,000",0,7,NA,3.6426843609138446,FALSE,FALSE,NA,NA
SCI-vetted,All ambitions pooled,R10MIDDLE_EAST,GCAM,gross_upstream_jobs_displaced_per_1k,Gross upstream jobs displaced at retirement,"positions per 1,000",0,7,NA,0.0155650740582197,FALSE,FALSE,NA,NA
SCI-vetted,All ambitions pooled,R10MIDDLE_EAST,GCAM,inferred_retirements_GW,Inferred retired capacity,GW,0,7,NA,6039.180616146213,FALSE,FALSE,NA,NA
SCI-vetted,All ambitions pooled,R10MIDDLE_EAST,GCAM,jobs_RE_minus_fossil_per_1k,Renewable minus fossil job-years (diagnostic),"job-years per 1,000",0,7,NA,448.41434489102295,FALSE,FALSE,NA,NA
SCI-vetted,All ambitions pooled,R10MIDDLE_EAST,GCAM,total_energy_jobyears_no_decommission_per_1k,"Total energy job-years, excluding decommissioning","job-years per 1,000",0,7,NA,471.9451766733611,FALSE,FALSE,NA,NA
SCI-vetted,All ambitions pooled,R10MIDDLE_EAST,GCAM,total_energy_jobyears_per_1k,"Total energy job-years, including decommissioning","job-years per 1,000",0,7,NA,479.01473404757917,FALSE,FALSE,NA,NA
SCI-vetted,All ambitions pooled,R10MIDDLE_EAST,IMAGE,decommission_jobyears_per_1k,Decommissioning job-years,"job-years per 1,000",26,4,2.090663403535956,13.811233207676032,TRUE,TRUE,11.720569804140077,High-RE
SCI-vetted,All ambitions pooled,R10MIDDLE_EAST,IMAGE,gross_plant_jobs_displaced_per_1k,Gross plant jobs displaced at retirement,"positions per 1,000",26,4,1.5277240281604456,8.28044272661717,TRUE,TRUE,6.752718698456725,High-RE
SCI-vetted,All ambitions pooled,R10MIDDLE_EAST,IMAGE,gross_upstream_jobs_displaced_per_1k,Gross upstream jobs displaced at retirement,"positions per 1,000",26,4,0.04536451477228373,0.032132780220790295,TRUE,TRUE,-0.013231734551493436,High-CMT
SCI-vetted,All ambitions pooled,R10MIDDLE_EAST,IMAGE,inferred_retirements_GW,Inferred retired capacity,GW,26,4,1503.5875221779565,11730.044868630119,TRUE,TRUE,10226.457346452162,High-RE
SCI-vetted,All ambitions pooled,R10MIDDLE_EAST,IMAGE,jobs_RE_minus_fossil_per_1k,Renewable minus fossil job-years (diagnostic),"job-years per 1,000",26,4,51.11046101637865,1048.5298261676712,TRUE,TRUE,997.4193651512926,High-RE
SCI-vetted,All ambitions pooled,R10MIDDLE_EAST,IMAGE,total_energy_jobyears_no_decommission_per_1k,"Total energy job-years, excluding decommissioning","job-years per 1,000",26,4,179.22333755412848,1284.5113181277843,TRUE,TRUE,1105.2879805736559,High-RE
SCI-vetted,All ambitions pooled,R10MIDDLE_EAST,IMAGE,total_energy_jobyears_per_1k,"Total energy job-years, including decommissioning","job-years per 1,000",26,4,181.17135991454853,1298.683923644874,TRUE,TRUE,1117.5125637303256,High-RE
SCI-vetted,All ambitions pooled,R10MIDDLE_EAST,MESSAGEix,decommission_jobyears_per_1k,Decommissioning job-years,"job-years per 1,000",0,3,NA,4.388867745802352,FALSE,FALSE,NA,NA
SCI-vetted,All ambitions pooled,R10MIDDLE_EAST,MESSAGEix,gross_plant_jobs_displaced_per_1k,Gross plant jobs displaced at retirement,"positions per 1,000",0,3,NA,2.716724168980526,FALSE,FALSE,NA,NA
SCI-vetted,All ambitions pooled,R10MIDDLE_EAST,MESSAGEix,gross_upstream_jobs_displaced_per_1k,Gross upstream jobs displaced at retirement,"positions per 1,000",0,3,NA,0.022633013503819098,FALSE,FALSE,NA,NA
SCI-vetted,All ambitions pooled,R10MIDDLE_EAST,MESSAGEix,inferred_retirements_GW,Inferred retired capacity,GW,0,3,NA,4412.489674728802,FALSE,FALSE,NA,NA
SCI-vetted,All ambitions pooled,R10MIDDLE_EAST,MESSAGEix,jobs_RE_minus_fossil_per_1k,Renewable minus fossil job-years (diagnostic),"job-years per 1,000",0,3,NA,518.0041288499245,FALSE,FALSE,NA,NA
SCI-vetted,All ambitions pooled,R10MIDDLE_EAST,MESSAGEix,total_energy_jobyears_no_decommission_per_1k,"Total energy job-years, excluding decommissioning","job-years per 1,000",0,3,NA,563.6126724977623,FALSE,FALSE,NA,NA
SCI-vetted,All ambitions pooled,R10MIDDLE_EAST,MESSAGEix,total_energy_jobyears_per_1k,"Total energy job-years, including decommissioning","job-years per 1,000",0,3,NA,568.0015402435647,FALSE,FALSE,NA,NA
SCI-vetted,All ambitions pooled,R10MIDDLE_EAST,POLES,decommission_jobyears_per_1k,Decommissioning job-years,"job-years per 1,000",43,0,2.8682365861750063,NA,FALSE,FALSE,NA,NA
SCI-vetted,All ambitions pooled,R10MIDDLE_EAST,POLES,gross_plant_jobs_displaced_per_1k,Gross plant jobs displaced at retirement,"positions per 1,000",43,0,1.8013651498038237,NA,FALSE,FALSE,NA,NA
SCI-vetted,All ambitions pooled,R10MIDDLE_EAST,POLES,gross_upstream_jobs_displaced_per_1k,Gross upstream jobs displaced at retirement,"positions per 1,000",43,0,0.06040749261635056,NA,FALSE,FALSE,NA,NA
SCI-vetted,All ambitions pooled,R10MIDDLE_EAST,POLES,inferred_retirements_GW,Inferred retired capacity,GW,43,0,2274.2054898750685,NA,FALSE,FALSE,NA,NA
SCI-vetted,All ambitions pooled,R10MIDDLE_EAST,POLES,jobs_RE_minus_fossil_per_1k,Renewable minus fossil job-years (diagnostic),"job-years per 1,000",43,0,137.514783935911,NA,FALSE,FALSE,NA,NA
SCI-vetted,All ambitions pooled,R10MIDDLE_EAST,POLES,total_energy_jobyears_no_decommission_per_1k,"Total energy job-years, excluding decommissioning","job-years per 1,000",43,0,248.79320823927782,NA,FALSE,FALSE,NA,NA
SCI-vetted,All ambitions pooled,R10MIDDLE_EAST,POLES,total_energy_jobyears_per_1k,"Total energy job-years, including decommissioning","job-years per 1,000",43,0,251.71318853464086,NA,FALSE,FALSE,NA,NA
SCI-vetted,All ambitions pooled,R10MIDDLE_EAST,REMIND,decommission_jobyears_per_1k,Decommissioning job-years,"job-years per 1,000",0,28,NA,5.554764745186009,FALSE,FALSE,NA,NA
SCI-vetted,All ambitions pooled,R10MIDDLE_EAST,REMIND,gross_plant_jobs_displaced_per_1k,Gross plant jobs displaced at retirement,"positions per 1,000",0,28,NA,3.7719975020203242,FALSE,FALSE,NA,NA
SCI-vetted,All ambitions pooled,R10MIDDLE_EAST,REMIND,gross_upstream_jobs_displaced_per_1k,Gross upstream jobs displaced at retirement,"positions per 1,000",0,28,NA,0.016197989779405696,FALSE,FALSE,NA,NA
SCI-vetted,All ambitions pooled,R10MIDDLE_EAST,REMIND,inferred_retirements_GW,Inferred retired capacity,GW,0,28,NA,5123.825229999999,FALSE,FALSE,NA,NA
SCI-vetted,All ambitions pooled,R10MIDDLE_EAST,REMIND,jobs_RE_minus_fossil_per_1k,Renewable minus fossil job-years (diagnostic),"job-years per 1,000",0,28,NA,611.4657479511652,FALSE,FALSE,NA,NA
SCI-vetted,All ambitions pooled,R10MIDDLE_EAST,REMIND,total_energy_jobyears_no_decommission_per_1k,"Total energy job-years, excluding decommissioning","job-years per 1,000",0,28,NA,703.5647741191381,FALSE,FALSE,NA,NA
SCI-vetted,All ambitions pooled,R10MIDDLE_EAST,REMIND,total_energy_jobyears_per_1k,"Total energy job-years, including decommissioning","job-years per 1,000",0,28,NA,709.1925968494802,FALSE,FALSE,NA,NA
SCI-vetted,All ambitions pooled,R10MIDDLE_EAST,WITCH,decommission_jobyears_per_1k,Decommissioning job-years,"job-years per 1,000",0,28,NA,6.957686438768812,FALSE,FALSE,NA,NA
SCI-vetted,All ambitions pooled,R10MIDDLE_EAST,WITCH,gross_plant_jobs_displaced_per_1k,Gross plant jobs displaced at retirement,"positions per 1,000",0,28,NA,4.353002520246325,FALSE,FALSE,NA,NA
SCI-vetted,All ambitions pooled,R10MIDDLE_EAST,WITCH,gross_upstream_jobs_displaced_per_1k,Gross upstream jobs displaced at retirement,"positions per 1,000",0,28,NA,0.0659888439233277,FALSE,FALSE,NA,NA
SCI-vetted,All ambitions pooled,R10MIDDLE_EAST,WITCH,inferred_retirements_GW,Inferred retired capacity,GW,0,28,NA,7747.9711064647145,FALSE,FALSE,NA,NA
SCI-vetted,All ambitions pooled,R10MIDDLE_EAST,WITCH,jobs_RE_minus_fossil_per_1k,Renewable minus fossil job-years (diagnostic),"job-years per 1,000",0,28,NA,491.2646512918067,FALSE,FALSE,NA,NA
SCI-vetted,All ambitions pooled,R10MIDDLE_EAST,WITCH,total_energy_jobyears_no_decommission_per_1k,"Total energy job-years, excluding decommissioning","job-years per 1,000",0,28,NA,539.1526420852224,FALSE,FALSE,NA,NA
SCI-vetted,All ambitions pooled,R10MIDDLE_EAST,WITCH,total_energy_jobyears_per_1k,"Total energy job-years, including decommissioning","job-years per 1,000",0,28,NA,546.1103285239913,FALSE,FALSE,NA,NA
SCI-vetted,All ambitions pooled,R10NORTH_AM,GCAM,decommission_jobyears_per_1k,Decommissioning job-years,"job-years per 1,000",0,7,NA,10.343744783832733,FALSE,FALSE,NA,NA
SCI-vetted,All ambitions pooled,R10NORTH_AM,GCAM,gross_plant_jobs_displaced_per_1k,Gross plant jobs displaced at retirement,"positions per 1,000",0,7,NA,6.122974789912473,FALSE,FALSE,NA,NA
SCI-vetted,All ambitions pooled,R10NORTH_AM,GCAM,gross_upstream_jobs_displaced_per_1k,Gross upstream jobs displaced at retirement,"positions per 1,000",0,7,NA,0.06011672291632878,FALSE,FALSE,NA,NA
SCI-vetted,All ambitions pooled,R10NORTH_AM,GCAM,inferred_retirements_GW,Inferred retired capacity,GW,0,7,NA,11465.02488833258,FALSE,FALSE,NA,NA
SCI-vetted,All ambitions pooled,R10NORTH_AM,GCAM,jobs_RE_minus_fossil_per_1k,Renewable minus fossil job-years (diagnostic),"job-years per 1,000",0,7,NA,276.4191487179341,FALSE,FALSE,NA,NA
SCI-vetted,All ambitions pooled,R10NORTH_AM,GCAM,total_energy_jobyears_no_decommission_per_1k,"Total energy job-years, excluding decommissioning","job-years per 1,000",0,7,NA,426.11658552271956,FALSE,FALSE,NA,NA
SCI-vetted,All ambitions pooled,R10NORTH_AM,GCAM,total_energy_jobyears_per_1k,"Total energy job-years, including decommissioning","job-years per 1,000",0,7,NA,436.4603303065523,FALSE,FALSE,NA,NA
SCI-vetted,All ambitions pooled,R10NORTH_AM,IMAGE,decommission_jobyears_per_1k,Decommissioning job-years,"job-years per 1,000",26,4,5.523305088791336,11.483169321963658,TRUE,TRUE,5.959864233172322,High-RE
SCI-vetted,All ambitions pooled,R10NORTH_AM,IMAGE,gross_plant_jobs_displaced_per_1k,Gross plant jobs displaced at retirement,"positions per 1,000",26,4,4.582694801100932,5.177344376976384,TRUE,TRUE,0.5946495758754518,High-RE
SCI-vetted,All ambitions pooled,R10NORTH_AM,IMAGE,gross_upstream_jobs_displaced_per_1k,Gross upstream jobs displaced at retirement,"positions per 1,000",26,4,0.08794905225532398,0.09701182627284832,TRUE,TRUE,0.009062774017524339,High-RE
SCI-vetted,All ambitions pooled,R10NORTH_AM,IMAGE,inferred_retirements_GW,Inferred retired capacity,GW,26,4,5323.630871011113,11541.278537833805,TRUE,TRUE,6217.6476668226915,High-RE
SCI-vetted,All ambitions pooled,R10NORTH_AM,IMAGE,jobs_RE_minus_fossil_per_1k,Renewable minus fossil job-years (diagnostic),"job-years per 1,000",26,4,63.42315763450209,221.3073990918147,TRUE,TRUE,157.8842414573126,High-RE
SCI-vetted,All ambitions pooled,R10NORTH_AM,IMAGE,total_energy_jobyears_no_decommission_per_1k,"Total energy job-years, excluding decommissioning","job-years per 1,000",26,4,281.8135692816842,362.28911095975417,TRUE,TRUE,80.47554167806999,High-RE
SCI-vetted,All ambitions pooled,R10NORTH_AM,IMAGE,total_energy_jobyears_per_1k,"Total energy job-years, including decommissioning","job-years per 1,000",26,4,287.7320084875572,373.7722802817178,TRUE,TRUE,86.04027179416062,High-RE
SCI-vetted,All ambitions pooled,R10NORTH_AM,MESSAGEix,decommission_jobyears_per_1k,Decommissioning job-years,"job-years per 1,000",0,3,NA,5.428672650298411,FALSE,FALSE,NA,NA
SCI-vetted,All ambitions pooled,R10NORTH_AM,MESSAGEix,gross_plant_jobs_displaced_per_1k,Gross plant jobs displaced at retirement,"positions per 1,000",0,3,NA,2.5678033385160983,FALSE,FALSE,NA,NA
SCI-vetted,All ambitions pooled,R10NORTH_AM,MESSAGEix,gross_upstream_jobs_displaced_per_1k,Gross upstream jobs displaced at retirement,"positions per 1,000",0,3,NA,0.05915057925194867,FALSE,FALSE,NA,NA
SCI-vetted,All ambitions pooled,R10NORTH_AM,MESSAGEix,inferred_retirements_GW,Inferred retired capacity,GW,0,3,NA,5489.794913478709,FALSE,FALSE,NA,NA
SCI-vetted,All ambitions pooled,R10NORTH_AM,MESSAGEix,jobs_RE_minus_fossil_per_1k,Renewable minus fossil job-years (diagnostic),"job-years per 1,000",0,3,NA,172.796102966218,FALSE,FALSE,NA,NA
SCI-vetted,All ambitions pooled,R10NORTH_AM,MESSAGEix,total_energy_jobyears_no_decommission_per_1k,"Total energy job-years, excluding decommissioning","job-years per 1,000",0,3,NA,209.58143782270076,FALSE,FALSE,NA,NA
SCI-vetted,All ambitions pooled,R10NORTH_AM,MESSAGEix,total_energy_jobyears_per_1k,"Total energy job-years, including decommissioning","job-years per 1,000",0,3,NA,215.01011047299917,FALSE,FALSE,NA,NA
SCI-vetted,All ambitions pooled,R10NORTH_AM,POLES,decommission_jobyears_per_1k,Decommissioning job-years,"job-years per 1,000",43,0,5.680750246660362,NA,FALSE,FALSE,NA,NA
SCI-vetted,All ambitions pooled,R10NORTH_AM,POLES,gross_plant_jobs_displaced_per_1k,Gross plant jobs displaced at retirement,"positions per 1,000",43,0,2.8104327473975017,NA,FALSE,FALSE,NA,NA
SCI-vetted,All ambitions pooled,R10NORTH_AM,POLES,gross_upstream_jobs_displaced_per_1k,Gross upstream jobs displaced at retirement,"positions per 1,000",43,0,0.06710480378846664,NA,FALSE,FALSE,NA,NA
SCI-vetted,All ambitions pooled,R10NORTH_AM,POLES,inferred_retirements_GW,Inferred retired capacity,GW,43,0,5075.284024852282,NA,FALSE,FALSE,NA,NA
SCI-vetted,All ambitions pooled,R10NORTH_AM,POLES,jobs_RE_minus_fossil_per_1k,Renewable minus fossil job-years (diagnostic),"job-years per 1,000",43,0,106.42260266821054,NA,FALSE,FALSE,NA,NA
SCI-vetted,All ambitions pooled,R10NORTH_AM,POLES,total_energy_jobyears_no_decommission_per_1k,"Total energy job-years, excluding decommissioning","job-years per 1,000",43,0,215.2403317350856,NA,FALSE,FALSE,NA,NA
SCI-vetted,All ambitions pooled,R10NORTH_AM,POLES,total_energy_jobyears_per_1k,"Total energy job-years, including decommissioning","job-years per 1,000",43,0,220.83543466817187,NA,FALSE,FALSE,NA,NA
SCI-vetted,All ambitions pooled,R10NORTH_AM,REMIND,decommission_jobyears_per_1k,Decommissioning job-years,"job-years per 1,000",0,28,NA,6.051800952502134,FALSE,FALSE,NA,NA
SCI-vetted,All ambitions pooled,R10NORTH_AM,REMIND,gross_plant_jobs_displaced_per_1k,Gross plant jobs displaced at retirement,"positions per 1,000",0,28,NA,2.9021184660906414,FALSE,FALSE,NA,NA
SCI-vetted,All ambitions pooled,R10NORTH_AM,REMIND,gross_upstream_jobs_displaced_per_1k,Gross upstream jobs displaced at retirement,"positions per 1,000",0,28,NA,0.05511169378695345,FALSE,FALSE,NA,NA
SCI-vetted,All ambitions pooled,R10NORTH_AM,REMIND,inferred_retirements_GW,Inferred retired capacity,GW,0,28,NA,6805.71465456,FALSE,FALSE,NA,NA
SCI-vetted,All ambitions pooled,R10NORTH_AM,REMIND,jobs_RE_minus_fossil_per_1k,Renewable minus fossil job-years (diagnostic),"job-years per 1,000",0,28,NA,185.84507060149627,FALSE,FALSE,NA,NA
SCI-vetted,All ambitions pooled,R10NORTH_AM,REMIND,total_energy_jobyears_no_decommission_per_1k,"Total energy job-years, excluding decommissioning","job-years per 1,000",0,28,NA,228.70722802702772,FALSE,FALSE,NA,NA
SCI-vetted,All ambitions pooled,R10NORTH_AM,REMIND,total_energy_jobyears_per_1k,"Total energy job-years, including decommissioning","job-years per 1,000",0,28,NA,234.9708820948825,FALSE,FALSE,NA,NA
SCI-vetted,All ambitions pooled,R10NORTH_AM,WITCH,decommission_jobyears_per_1k,Decommissioning job-years,"job-years per 1,000",0,28,NA,9.684170639280463,FALSE,FALSE,NA,NA
SCI-vetted,All ambitions pooled,R10NORTH_AM,WITCH,gross_plant_jobs_displaced_per_1k,Gross plant jobs displaced at retirement,"positions per 1,000",0,28,NA,7.599460787615762,FALSE,FALSE,NA,NA
SCI-vetted,All ambitions pooled,R10NORTH_AM,WITCH,gross_upstream_jobs_displaced_per_1k,Gross upstream jobs displaced at retirement,"positions per 1,000",0,28,NA,0.07670216638800709,FALSE,FALSE,NA,NA
SCI-vetted,All ambitions pooled,R10NORTH_AM,WITCH,inferred_retirements_GW,Inferred retired capacity,GW,0,28,NA,12876.293009911737,FALSE,FALSE,NA,NA
SCI-vetted,All ambitions pooled,R10NORTH_AM,WITCH,jobs_RE_minus_fossil_per_1k,Renewable minus fossil job-years (diagnostic),"job-years per 1,000",0,28,NA,347.69218542794,FALSE,FALSE,NA,NA
SCI-vetted,All ambitions pooled,R10NORTH_AM,WITCH,total_energy_jobyears_no_decommission_per_1k,"Total energy job-years, excluding decommissioning","job-years per 1,000",0,28,NA,452.6738513153257,FALSE,FALSE,NA,NA
SCI-vetted,All ambitions pooled,R10NORTH_AM,WITCH,total_energy_jobyears_per_1k,"Total energy job-years, including decommissioning","job-years per 1,000",0,28,NA,462.3580219546062,FALSE,FALSE,NA,NA
SCI-vetted,All ambitions pooled,R10PAC_OECD,GCAM,decommission_jobyears_per_1k,Decommissioning job-years,"job-years per 1,000",0,7,NA,6.7462055616747065,FALSE,FALSE,NA,NA
SCI-vetted,All ambitions pooled,R10PAC_OECD,GCAM,gross_plant_jobs_displaced_per_1k,Gross plant jobs displaced at retirement,"positions per 1,000",0,7,NA,2.661254849364384,FALSE,FALSE,NA,NA
SCI-vetted,All ambitions pooled,R10PAC_OECD,GCAM,gross_upstream_jobs_displaced_per_1k,Gross upstream jobs displaced at retirement,"positions per 1,000",0,7,NA,0.4738719096592927,FALSE,FALSE,NA,NA
SCI-vetted,All ambitions pooled,R10PAC_OECD,GCAM,inferred_retirements_GW,Inferred retired capacity,GW,0,7,NA,2513.6044936289077,FALSE,FALSE,NA,NA
SCI-vetted,All ambitions pooled,R10PAC_OECD,GCAM,jobs_RE_minus_fossil_per_1k,Renewable minus fossil job-years (diagnostic),"job-years per 1,000",0,7,NA,199.35528333741524,FALSE,FALSE,NA,NA
SCI-vetted,All ambitions pooled,R10PAC_OECD,GCAM,total_energy_jobyears_no_decommission_per_1k,"Total energy job-years, excluding decommissioning","job-years per 1,000",0,7,NA,266.51818329929995,FALSE,FALSE,NA,NA
SCI-vetted,All ambitions pooled,R10PAC_OECD,GCAM,total_energy_jobyears_per_1k,"Total energy job-years, including decommissioning","job-years per 1,000",0,7,NA,273.2643888609747,FALSE,FALSE,NA,NA
SCI-vetted,All ambitions pooled,R10PAC_OECD,IMAGE,decommission_jobyears_per_1k,Decommissioning job-years,"job-years per 1,000",26,4,3.6654450384366464,5.518419458582091,TRUE,TRUE,1.8529744201454448,High-RE
SCI-vetted,All ambitions pooled,R10PAC_OECD,IMAGE,gross_plant_jobs_displaced_per_1k,Gross plant jobs displaced at retirement,"positions per 1,000",26,4,1.5381667864031354,1.9704839675658694,TRUE,TRUE,0.432317181162734,High-RE
SCI-vetted,All ambitions pooled,R10PAC_OECD,IMAGE,gross_upstream_jobs_displaced_per_1k,Gross upstream jobs displaced at retirement,"positions per 1,000",26,4,0.45069554005126883,0.651444673340063,TRUE,TRUE,0.20074913328879412,High-RE
SCI-vetted,All ambitions pooled,R10PAC_OECD,IMAGE,inferred_retirements_GW,Inferred retired capacity,GW,26,4,1122.5636915709251,1807.4939459631055,TRUE,TRUE,684.9302543921804,High-RE
SCI-vetted,All ambitions pooled,R10PAC_OECD,IMAGE,jobs_RE_minus_fossil_per_1k,Renewable minus fossil job-years (diagnostic),"job-years per 1,000",26,4,39.77495235316843,104.07470001269499,TRUE,TRUE,64.29974765952656,High-RE
SCI-vetted,All ambitions pooled,R10PAC_OECD,IMAGE,total_energy_jobyears_no_decommission_per_1k,"Total energy job-years, excluding decommissioning","job-years per 1,000",26,4,123.68792385485366,228.55997359807992,TRUE,TRUE,104.87204974322626,High-RE
SCI-vetted,All ambitions pooled,R10PAC_OECD,IMAGE,total_energy_jobyears_per_1k,"Total energy job-years, including decommissioning","job-years per 1,000",26,4,127.35336889329031,233.96617435130366,TRUE,TRUE,106.61280545801336,High-RE
SCI-vetted,All ambitions pooled,R10PAC_OECD,MESSAGEix,decommission_jobyears_per_1k,Decommissioning job-years,"job-years per 1,000",0,3,NA,3.0409326422235057,FALSE,FALSE,NA,NA
SCI-vetted,All ambitions pooled,R10PAC_OECD,MESSAGEix,gross_plant_jobs_displaced_per_1k,Gross plant jobs displaced at retirement,"positions per 1,000",0,3,NA,1.1775481675719508,FALSE,FALSE,NA,NA
SCI-vetted,All ambitions pooled,R10PAC_OECD,MESSAGEix,gross_upstream_jobs_displaced_per_1k,Gross upstream jobs displaced at retirement,"positions per 1,000",0,3,NA,0.30499273490410467,FALSE,FALSE,NA,NA
SCI-vetted,All ambitions pooled,R10PAC_OECD,MESSAGEix,inferred_retirements_GW,Inferred retired capacity,GW,0,3,NA,985.2380121590558,FALSE,FALSE,NA,NA
SCI-vetted,All ambitions pooled,R10PAC_OECD,MESSAGEix,jobs_RE_minus_fossil_per_1k,Renewable minus fossil job-years (diagnostic),"job-years per 1,000",0,3,NA,94.87666369788022,FALSE,FALSE,NA,NA
SCI-vetted,All ambitions pooled,R10PAC_OECD,MESSAGEix,total_energy_jobyears_no_decommission_per_1k,"Total energy job-years, excluding decommissioning","job-years per 1,000",0,3,NA,115.09678591203445,FALSE,FALSE,NA,NA
SCI-vetted,All ambitions pooled,R10PAC_OECD,MESSAGEix,total_energy_jobyears_per_1k,"Total energy job-years, including decommissioning","job-years per 1,000",0,3,NA,118.13522524044373,FALSE,FALSE,NA,NA
SCI-vetted,All ambitions pooled,R10PAC_OECD,POLES,decommission_jobyears_per_1k,Decommissioning job-years,"job-years per 1,000",43,0,6.503093970585925,NA,FALSE,FALSE,NA,NA
SCI-vetted,All ambitions pooled,R10PAC_OECD,POLES,gross_plant_jobs_displaced_per_1k,Gross plant jobs displaced at retirement,"positions per 1,000",43,0,2.7574363145885594,NA,FALSE,FALSE,NA,NA
SCI-vetted,All ambitions pooled,R10PAC_OECD,POLES,gross_upstream_jobs_displaced_per_1k,Gross upstream jobs displaced at retirement,"positions per 1,000",43,0,0.6509876230628505,NA,FALSE,FALSE,NA,NA
SCI-vetted,All ambitions pooled,R10PAC_OECD,POLES,inferred_retirements_GW,Inferred retired capacity,GW,43,0,2554.307134538889,NA,FALSE,FALSE,NA,NA
SCI-vetted,All ambitions pooled,R10PAC_OECD,POLES,jobs_RE_minus_fossil_per_1k,Renewable minus fossil job-years (diagnostic),"job-years per 1,000",43,0,170.01631556527167,NA,FALSE,FALSE,NA,NA
SCI-vetted,All ambitions pooled,R10PAC_OECD,POLES,total_energy_jobyears_no_decommission_per_1k,"Total energy job-years, excluding decommissioning","job-years per 1,000",43,0,299.13523306571335,NA,FALSE,FALSE,NA,NA
SCI-vetted,All ambitions pooled,R10PAC_OECD,POLES,total_energy_jobyears_per_1k,"Total energy job-years, including decommissioning","job-years per 1,000",43,0,305.6231657832601,NA,FALSE,FALSE,NA,NA
SCI-vetted,All ambitions pooled,R10PAC_OECD,REMIND,decommission_jobyears_per_1k,Decommissioning job-years,"job-years per 1,000",0,27,NA,2.714700373090353,FALSE,FALSE,NA,NA
SCI-vetted,All ambitions pooled,R10PAC_OECD,REMIND,gross_plant_jobs_displaced_per_1k,Gross plant jobs displaced at retirement,"positions per 1,000",0,27,NA,1.1815474228732281,FALSE,FALSE,NA,NA
SCI-vetted,All ambitions pooled,R10PAC_OECD,REMIND,gross_upstream_jobs_displaced_per_1k,Gross upstream jobs displaced at retirement,"positions per 1,000",0,27,NA,0.22055854410601508,FALSE,FALSE,NA,NA
SCI-vetted,All ambitions pooled,R10PAC_OECD,REMIND,inferred_retirements_GW,Inferred retired capacity,GW,0,27,NA,1076.1760741299997,FALSE,FALSE,NA,NA
SCI-vetted,All ambitions pooled,R10PAC_OECD,REMIND,jobs_RE_minus_fossil_per_1k,Renewable minus fossil job-years (diagnostic),"job-years per 1,000",0,27,NA,72.24824058377632,FALSE,FALSE,NA,NA
SCI-vetted,All ambitions pooled,R10PAC_OECD,REMIND,total_energy_jobyears_no_decommission_per_1k,"Total energy job-years, excluding decommissioning","job-years per 1,000",0,27,NA,125.74100142336476,FALSE,FALSE,NA,NA
SCI-vetted,All ambitions pooled,R10PAC_OECD,REMIND,total_energy_jobyears_per_1k,"Total energy job-years, including decommissioning","job-years per 1,000",0,27,NA,128.45034240311256,FALSE,FALSE,NA,NA
SCI-vetted,All ambitions pooled,R10PAC_OECD,WITCH,decommission_jobyears_per_1k,Decommissioning job-years,"job-years per 1,000",0,28,NA,6.5973755588289045,FALSE,FALSE,NA,NA
SCI-vetted,All ambitions pooled,R10PAC_OECD,WITCH,gross_plant_jobs_displaced_per_1k,Gross plant jobs displaced at retirement,"positions per 1,000",0,28,NA,3.7392388760965343,FALSE,FALSE,NA,NA
SCI-vetted,All ambitions pooled,R10PAC_OECD,WITCH,gross_upstream_jobs_displaced_per_1k,Gross upstream jobs displaced at retirement,"positions per 1,000",0,28,NA,0.4671953062291429,FALSE,FALSE,NA,NA
SCI-vetted,All ambitions pooled,R10PAC_OECD,WITCH,inferred_retirements_GW,Inferred retired capacity,GW,0,28,NA,3466.970645716011,FALSE,FALSE,NA,NA
SCI-vetted,All ambitions pooled,R10PAC_OECD,WITCH,jobs_RE_minus_fossil_per_1k,Renewable minus fossil job-years (diagnostic),"job-years per 1,000",0,28,NA,270.00893976212063,FALSE,FALSE,NA,NA
SCI-vetted,All ambitions pooled,R10PAC_OECD,WITCH,total_energy_jobyears_no_decommission_per_1k,"Total energy job-years, excluding decommissioning","job-years per 1,000",0,28,NA,374.5697050196971,FALSE,FALSE,NA,NA
SCI-vetted,All ambitions pooled,R10PAC_OECD,WITCH,total_energy_jobyears_per_1k,"Total energy job-years, including decommissioning","job-years per 1,000",0,28,NA,381.167080578526,FALSE,FALSE,NA,NA
SCI-vetted,All ambitions pooled,R10REF_ECON,GCAM,decommission_jobyears_per_1k,Decommissioning job-years,"job-years per 1,000",0,7,NA,27.366245113400264,FALSE,FALSE,NA,NA
SCI-vetted,All ambitions pooled,R10REF_ECON,GCAM,gross_plant_jobs_displaced_per_1k,Gross plant jobs displaced at retirement,"positions per 1,000",0,7,NA,12.663659585305266,FALSE,FALSE,NA,NA
SCI-vetted,All ambitions pooled,R10REF_ECON,GCAM,gross_upstream_jobs_displaced_per_1k,Gross upstream jobs displaced at retirement,"positions per 1,000",0,7,NA,0.9291619394482611,FALSE,FALSE,NA,NA
SCI-vetted,All ambitions pooled,R10REF_ECON,GCAM,inferred_retirements_GW,Inferred retired capacity,GW,0,7,NA,4220.697038522123,FALSE,FALSE,NA,NA
SCI-vetted,All ambitions pooled,R10REF_ECON,GCAM,jobs_RE_minus_fossil_per_1k,Renewable minus fossil job-years (diagnostic),"job-years per 1,000",0,7,NA,879.4347714461635,FALSE,FALSE,NA,NA
SCI-vetted,All ambitions pooled,R10REF_ECON,GCAM,total_energy_jobyears_no_decommission_per_1k,"Total energy job-years, excluding decommissioning","job-years per 1,000",0,7,NA,1088.1407412925482,FALSE,FALSE,NA,NA
SCI-vetted,All ambitions pooled,R10REF_ECON,GCAM,total_energy_jobyears_per_1k,"Total energy job-years, including decommissioning","job-years per 1,000",0,7,NA,1115.5069864059487,FALSE,FALSE,NA,NA
SCI-vetted,All ambitions pooled,R10REF_ECON,IMAGE,decommission_jobyears_per_1k,Decommissioning job-years,"job-years per 1,000",26,4,16.094376895501355,28.52827754881082,TRUE,TRUE,12.433900653309465,High-RE
SCI-vetted,All ambitions pooled,R10REF_ECON,IMAGE,gross_plant_jobs_displaced_per_1k,Gross plant jobs displaced at retirement,"positions per 1,000",26,4,8.439197644660176,10.154461162637968,TRUE,TRUE,1.7152635179777924,High-RE
SCI-vetted,All ambitions pooled,R10REF_ECON,IMAGE,gross_upstream_jobs_displaced_per_1k,Gross upstream jobs displaced at retirement,"positions per 1,000",26,4,2.397608930920037,2.732807705341049,TRUE,TRUE,0.33519877442101187,High-RE
SCI-vetted,All ambitions pooled,R10REF_ECON,IMAGE,inferred_retirements_GW,Inferred retired capacity,GW,26,4,1521.8827868816497,3364.107533501901,TRUE,TRUE,1842.2247466202512,High-RE
SCI-vetted,All ambitions pooled,R10REF_ECON,IMAGE,jobs_RE_minus_fossil_per_1k,Renewable minus fossil job-years (diagnostic),"job-years per 1,000",26,4,-45.78470687982818,383.8147301120853,TRUE,TRUE,429.5994369919134,High-RE
SCI-vetted,All ambitions pooled,R10REF_ECON,IMAGE,total_energy_jobyears_no_decommission_per_1k,"Total energy job-years, excluding decommissioning","job-years per 1,000",26,4,837.5690267385437,1064.952339826931,TRUE,TRUE,227.38331308838724,High-RE
SCI-vetted,All ambitions pooled,R10REF_ECON,IMAGE,total_energy_jobyears_per_1k,"Total energy job-years, including decommissioning","job-years per 1,000",26,4,856.3263804513192,1093.1249575074235,TRUE,TRUE,236.79857705610425,High-RE
SCI-vetted,All ambitions pooled,R10REF_ECON,MESSAGEix,decommission_jobyears_per_1k,Decommissioning job-years,"job-years per 1,000",0,3,NA,14.067975481082973,FALSE,FALSE,NA,NA
SCI-vetted,All ambitions pooled,R10REF_ECON,MESSAGEix,gross_plant_jobs_displaced_per_1k,Gross plant jobs displaced at retirement,"positions per 1,000",0,3,NA,5.7273548541337655,FALSE,FALSE,NA,NA
SCI-vetted,All ambitions pooled,R10REF_ECON,MESSAGEix,gross_upstream_jobs_displaced_per_1k,Gross upstream jobs displaced at retirement,"positions per 1,000",0,3,NA,1.3645070750422714,FALSE,FALSE,NA,NA
SCI-vetted,All ambitions pooled,R10REF_ECON,MESSAGEix,inferred_retirements_GW,Inferred retired capacity,GW,0,3,NA,1565.1885858016406,FALSE,FALSE,NA,NA
SCI-vetted,All ambitions pooled,R10REF_ECON,MESSAGEix,jobs_RE_minus_fossil_per_1k,Renewable minus fossil job-years (diagnostic),"job-years per 1,000",0,3,NA,483.42340197375785,FALSE,FALSE,NA,NA
SCI-vetted,All ambitions pooled,R10REF_ECON,MESSAGEix,total_energy_jobyears_no_decommission_per_1k,"Total energy job-years, excluding decommissioning","job-years per 1,000",0,3,NA,585.179329484179,FALSE,FALSE,NA,NA
SCI-vetted,All ambitions pooled,R10REF_ECON,MESSAGEix,total_energy_jobyears_per_1k,"Total energy job-years, including decommissioning","job-years per 1,000",0,3,NA,599.247304965262,FALSE,FALSE,NA,NA
SCI-vetted,All ambitions pooled,R10REF_ECON,POLES,decommission_jobyears_per_1k,Decommissioning job-years,"job-years per 1,000",43,0,17.86013277405795,NA,FALSE,FALSE,NA,NA
SCI-vetted,All ambitions pooled,R10REF_ECON,POLES,gross_plant_jobs_displaced_per_1k,Gross plant jobs displaced at retirement,"positions per 1,000",43,0,7.361016504255492,NA,FALSE,FALSE,NA,NA
SCI-vetted,All ambitions pooled,R10REF_ECON,POLES,gross_upstream_jobs_displaced_per_1k,Gross upstream jobs displaced at retirement,"positions per 1,000",43,0,1.398945973419632,NA,FALSE,FALSE,NA,NA
SCI-vetted,All ambitions pooled,R10REF_ECON,POLES,inferred_retirements_GW,Inferred retired capacity,GW,43,0,2037.1780810121447,NA,FALSE,FALSE,NA,NA
SCI-vetted,All ambitions pooled,R10REF_ECON,POLES,jobs_RE_minus_fossil_per_1k,Renewable minus fossil job-years (diagnostic),"job-years per 1,000",43,0,320.37678075961554,NA,FALSE,FALSE,NA,NA
SCI-vetted,All ambitions pooled,R10REF_ECON,POLES,total_energy_jobyears_no_decommission_per_1k,"Total energy job-years, excluding decommissioning","job-years per 1,000",43,0,755.717794891765,NA,FALSE,FALSE,NA,NA
SCI-vetted,All ambitions pooled,R10REF_ECON,POLES,total_energy_jobyears_per_1k,"Total energy job-years, including decommissioning","job-years per 1,000",43,0,773.8223118614989,NA,FALSE,FALSE,NA,NA
SCI-vetted,All ambitions pooled,R10REF_ECON,REMIND,decommission_jobyears_per_1k,Decommissioning job-years,"job-years per 1,000",0,28,NA,15.50236759872545,FALSE,FALSE,NA,NA
SCI-vetted,All ambitions pooled,R10REF_ECON,REMIND,gross_plant_jobs_displaced_per_1k,Gross plant jobs displaced at retirement,"positions per 1,000",0,28,NA,7.267179005358004,FALSE,FALSE,NA,NA
SCI-vetted,All ambitions pooled,R10REF_ECON,REMIND,gross_upstream_jobs_displaced_per_1k,Gross upstream jobs displaced at retirement,"positions per 1,000",0,28,NA,0.8810481282139834,FALSE,FALSE,NA,NA
SCI-vetted,All ambitions pooled,R10REF_ECON,REMIND,inferred_retirements_GW,Inferred retired capacity,GW,0,28,NA,1976.187585,FALSE,FALSE,NA,NA
SCI-vetted,All ambitions pooled,R10REF_ECON,REMIND,jobs_RE_minus_fossil_per_1k,Renewable minus fossil job-years (diagnostic),"job-years per 1,000",0,28,NA,399.09290410385483,FALSE,FALSE,NA,NA
SCI-vetted,All ambitions pooled,R10REF_ECON,REMIND,total_energy_jobyears_no_decommission_per_1k,"Total energy job-years, excluding decommissioning","job-years per 1,000",0,28,NA,701.3248838663155,FALSE,FALSE,NA,NA
SCI-vetted,All ambitions pooled,R10REF_ECON,REMIND,total_energy_jobyears_per_1k,"Total energy job-years, including decommissioning","job-years per 1,000",0,28,NA,716.2773910942278,FALSE,FALSE,NA,NA
SCI-vetted,All ambitions pooled,R10REF_ECON,WITCH,decommission_jobyears_per_1k,Decommissioning job-years,"job-years per 1,000",0,28,NA,50.45859194191731,FALSE,FALSE,NA,NA
SCI-vetted,All ambitions pooled,R10REF_ECON,WITCH,gross_plant_jobs_displaced_per_1k,Gross plant jobs displaced at retirement,"positions per 1,000",0,28,NA,36.33543339662388,FALSE,FALSE,NA,NA
SCI-vetted,All ambitions pooled,R10REF_ECON,WITCH,gross_upstream_jobs_displaced_per_1k,Gross upstream jobs displaced at retirement,"positions per 1,000",0,28,NA,2.7644386799342335,FALSE,FALSE,NA,NA
SCI-vetted,All ambitions pooled,R10REF_ECON,WITCH,inferred_retirements_GW,Inferred retired capacity,GW,0,28,NA,7576.235340974886,FALSE,FALSE,NA,NA
SCI-vetted,All ambitions pooled,R10REF_ECON,WITCH,jobs_RE_minus_fossil_per_1k,Renewable minus fossil job-years (diagnostic),"job-years per 1,000",0,28,NA,1442.800137323386,FALSE,FALSE,NA,NA
SCI-vetted,All ambitions pooled,R10REF_ECON,WITCH,total_energy_jobyears_no_decommission_per_1k,"Total energy job-years, excluding decommissioning","job-years per 1,000",0,28,NA,2410.095786713866,FALSE,FALSE,NA,NA
SCI-vetted,All ambitions pooled,R10REF_ECON,WITCH,total_energy_jobyears_per_1k,"Total energy job-years, including decommissioning","job-years per 1,000",0,28,NA,2460.5543786557837,FALSE,FALSE,NA,NA
SCI-vetted,All ambitions pooled,R10REST_ASIA,GCAM,decommission_jobyears_per_1k,Decommissioning job-years,"job-years per 1,000",0,7,NA,8.961028718723094,FALSE,FALSE,NA,NA
SCI-vetted,All ambitions pooled,R10REST_ASIA,GCAM,gross_plant_jobs_displaced_per_1k,Gross plant jobs displaced at retirement,"positions per 1,000",0,7,NA,8.024261008926292,FALSE,FALSE,NA,NA
SCI-vetted,All ambitions pooled,R10REST_ASIA,GCAM,gross_upstream_jobs_displaced_per_1k,Gross upstream jobs displaced at retirement,"positions per 1,000",0,7,NA,0.2297366815576698,FALSE,FALSE,NA,NA
SCI-vetted,All ambitions pooled,R10REST_ASIA,GCAM,inferred_retirements_GW,Inferred retired capacity,GW,0,7,NA,11407.073774023502,FALSE,FALSE,NA,NA
SCI-vetted,All ambitions pooled,R10REST_ASIA,GCAM,jobs_RE_minus_fossil_per_1k,Renewable minus fossil job-years (diagnostic),"job-years per 1,000",0,7,NA,429.4566463014042,FALSE,FALSE,NA,NA
SCI-vetted,All ambitions pooled,R10REST_ASIA,GCAM,total_energy_jobyears_no_decommission_per_1k,"Total energy job-years, excluding decommissioning","job-years per 1,000",0,7,NA,450.83725377882485,FALSE,FALSE,NA,NA
SCI-vetted,All ambitions pooled,R10REST_ASIA,GCAM,total_energy_jobyears_per_1k,"Total energy job-years, including decommissioning","job-years per 1,000",0,7,NA,458.9381803660647,FALSE,FALSE,NA,NA
SCI-vetted,All ambitions pooled,R10REST_ASIA,IMAGE,decommission_jobyears_per_1k,Decommissioning job-years,"job-years per 1,000",26,4,2.6489355121487663,7.977263833667195,TRUE,TRUE,5.328328321518429,High-RE
SCI-vetted,All ambitions pooled,R10REST_ASIA,IMAGE,gross_plant_jobs_displaced_per_1k,Gross plant jobs displaced at retirement,"positions per 1,000",26,4,1.59287110356235,5.212455383066261,TRUE,TRUE,3.619584279503911,High-RE
SCI-vetted,All ambitions pooled,R10REST_ASIA,IMAGE,gross_upstream_jobs_displaced_per_1k,Gross upstream jobs displaced at retirement,"positions per 1,000",26,4,0.3773906566953372,0.9346842654132024,TRUE,TRUE,0.5572936087178652,High-RE
SCI-vetted,All ambitions pooled,R10REST_ASIA,IMAGE,inferred_retirements_GW,Inferred retired capacity,GW,26,4,2406.167269914251,8501.070564911402,TRUE,TRUE,6094.9032949971515,High-RE
SCI-vetted,All ambitions pooled,R10REST_ASIA,IMAGE,jobs_RE_minus_fossil_per_1k,Renewable minus fossil job-years (diagnostic),"job-years per 1,000",26,4,42.14289365553428,236.222422969129,TRUE,TRUE,194.07952931359472,High-RE
SCI-vetted,All ambitions pooled,R10REST_ASIA,IMAGE,total_energy_jobyears_no_decommission_per_1k,"Total energy job-years, excluding decommissioning","job-years per 1,000",26,4,167.28910078102274,449.4293041967144,TRUE,TRUE,282.14020341569164,High-RE
SCI-vetted,All ambitions pooled,R10REST_ASIA,IMAGE,total_energy_jobyears_per_1k,"Total energy job-years, including decommissioning","job-years per 1,000",26,4,169.9380362931715,457.03211729450965,TRUE,TRUE,287.09408100133817,High-RE
SCI-vetted,All ambitions pooled,R10REST_ASIA,MESSAGEix,decommission_jobyears_per_1k,Decommissioning job-years,"job-years per 1,000",0,3,NA,3.180693124479881,FALSE,FALSE,NA,NA
SCI-vetted,All ambitions pooled,R10REST_ASIA,MESSAGEix,gross_plant_jobs_displaced_per_1k,Gross plant jobs displaced at retirement,"positions per 1,000",0,3,NA,2.716856072531708,FALSE,FALSE,NA,NA
SCI-vetted,All ambitions pooled,R10REST_ASIA,MESSAGEix,gross_upstream_jobs_displaced_per_1k,Gross upstream jobs displaced at retirement,"positions per 1,000",0,3,NA,0.3046133040935196,FALSE,FALSE,NA,NA
SCI-vetted,All ambitions pooled,R10REST_ASIA,MESSAGEix,inferred_retirements_GW,Inferred retired capacity,GW,0,3,NA,4875.787713562087,FALSE,FALSE,NA,NA
SCI-vetted,All ambitions pooled,R10REST_ASIA,MESSAGEix,jobs_RE_minus_fossil_per_1k,Renewable minus fossil job-years (diagnostic),"job-years per 1,000",0,3,NA,208.86476270319395,FALSE,FALSE,NA,NA
SCI-vetted,All ambitions pooled,R10REST_ASIA,MESSAGEix,total_energy_jobyears_no_decommission_per_1k,"Total energy job-years, excluding decommissioning","job-years per 1,000",0,3,NA,237.2766775475486,FALSE,FALSE,NA,NA
SCI-vetted,All ambitions pooled,R10REST_ASIA,MESSAGEix,total_energy_jobyears_per_1k,"Total energy job-years, including decommissioning","job-years per 1,000",0,3,NA,240.46721962843597,FALSE,FALSE,NA,NA
SCI-vetted,All ambitions pooled,R10REST_ASIA,POLES,decommission_jobyears_per_1k,Decommissioning job-years,"job-years per 1,000",43,0,2.8922728655297867,NA,FALSE,FALSE,NA,NA
SCI-vetted,All ambitions pooled,R10REST_ASIA,POLES,gross_plant_jobs_displaced_per_1k,Gross plant jobs displaced at retirement,"positions per 1,000",43,0,2.0537122756808666,NA,FALSE,FALSE,NA,NA
SCI-vetted,All ambitions pooled,R10REST_ASIA,POLES,gross_upstream_jobs_displaced_per_1k,Gross upstream jobs displaced at retirement,"positions per 1,000",43,0,0.19320195259829293,NA,FALSE,FALSE,NA,NA
SCI-vetted,All ambitions pooled,R10REST_ASIA,POLES,inferred_retirements_GW,Inferred retired capacity,GW,43,0,3271.985351509973,NA,FALSE,FALSE,NA,NA
SCI-vetted,All ambitions pooled,R10REST_ASIA,POLES,jobs_RE_minus_fossil_per_1k,Renewable minus fossil job-years (diagnostic),"job-years per 1,000",43,0,118.27891618200978,NA,FALSE,FALSE,NA,NA
SCI-vetted,All ambitions pooled,R10REST_ASIA,POLES,total_energy_jobyears_no_decommission_per_1k,"Total energy job-years, excluding decommissioning","job-years per 1,000",43,0,170.49143420442945,NA,FALSE,FALSE,NA,NA
SCI-vetted,All ambitions pooled,R10REST_ASIA,POLES,total_energy_jobyears_per_1k,"Total energy job-years, including decommissioning","job-years per 1,000",43,0,173.3293076660468,NA,FALSE,FALSE,NA,NA
SCI-vetted,All ambitions pooled,R10REST_ASIA,REMIND,decommission_jobyears_per_1k,Decommissioning job-years,"job-years per 1,000",0,28,NA,6.593584977300113,FALSE,FALSE,NA,NA
SCI-vetted,All ambitions pooled,R10REST_ASIA,REMIND,gross_plant_jobs_displaced_per_1k,Gross plant jobs displaced at retirement,"positions per 1,000",0,28,NA,5.808735888862463,FALSE,FALSE,NA,NA
SCI-vetted,All ambitions pooled,R10REST_ASIA,REMIND,gross_upstream_jobs_displaced_per_1k,Gross upstream jobs displaced at retirement,"positions per 1,000",0,28,NA,0.2458630591659054,FALSE,FALSE,NA,NA
SCI-vetted,All ambitions pooled,R10REST_ASIA,REMIND,inferred_retirements_GW,Inferred retired capacity,GW,0,28,NA,8939.265849999998,FALSE,FALSE,NA,NA
SCI-vetted,All ambitions pooled,R10REST_ASIA,REMIND,jobs_RE_minus_fossil_per_1k,Renewable minus fossil job-years (diagnostic),"job-years per 1,000",0,28,NA,489.91564438574153,FALSE,FALSE,NA,NA
SCI-vetted,All ambitions pooled,R10REST_ASIA,REMIND,total_energy_jobyears_no_decommission_per_1k,"Total energy job-years, excluding decommissioning","job-years per 1,000",0,28,NA,595.8901353704968,FALSE,FALSE,NA,NA
SCI-vetted,All ambitions pooled,R10REST_ASIA,REMIND,total_energy_jobyears_per_1k,"Total energy job-years, including decommissioning","job-years per 1,000",0,28,NA,603.3303063439632,FALSE,FALSE,NA,NA
SCI-vetted,All ambitions pooled,R10REST_ASIA,WITCH,decommission_jobyears_per_1k,Decommissioning job-years,"job-years per 1,000",0,28,NA,3.335129708514218,FALSE,FALSE,NA,NA
SCI-vetted,All ambitions pooled,R10REST_ASIA,WITCH,gross_plant_jobs_displaced_per_1k,Gross plant jobs displaced at retirement,"positions per 1,000",0,28,NA,2.920008763995577,FALSE,FALSE,NA,NA
SCI-vetted,All ambitions pooled,R10REST_ASIA,WITCH,gross_upstream_jobs_displaced_per_1k,Gross upstream jobs displaced at retirement,"positions per 1,000",0,28,NA,0.10972943037945712,FALSE,FALSE,NA,NA
SCI-vetted,All ambitions pooled,R10REST_ASIA,WITCH,inferred_retirements_GW,Inferred retired capacity,GW,0,28,NA,4436.581922686684,FALSE,FALSE,NA,NA
SCI-vetted,All ambitions pooled,R10REST_ASIA,WITCH,jobs_RE_minus_fossil_per_1k,Renewable minus fossil job-years (diagnostic),"job-years per 1,000",0,28,NA,151.89197881376947,FALSE,FALSE,NA,NA
SCI-vetted,All ambitions pooled,R10REST_ASIA,WITCH,total_energy_jobyears_no_decommission_per_1k,"Total energy job-years, excluding decommissioning","job-years per 1,000",0,28,NA,187.45692389686,FALSE,FALSE,NA,NA
SCI-vetted,All ambitions pooled,R10REST_ASIA,WITCH,total_energy_jobyears_per_1k,"Total energy job-years, including decommissioning","job-years per 1,000",0,28,NA,190.7920536053742,FALSE,FALSE,NA,NA
