Model,Scenario,family,project,amb,Pathway,jobs_Renewables,jobs_Nuclear,jobs_Bioenergy,jobs_Fossil,jobs_Decommission,jobs_EnergyTotal
AIM/CGE V2.2,ENGAGE-Feasibility-1000/Cost-Effective,AIM,ENGAGE,2C,High-RE,288.1166321843837,18.196109611032274,55.68491528776294,51.89314153432781,1.1339650081732233,415.0247636256799
AIM/CGE V2.2,ENGAGE-Feasibility-1000/Enablers & Institutional,AIM,ENGAGE,2C,High-RE,224.22448098137156,16.578260660469937,49.883228166919004,49.54780421421436,1.4878880977876152,341.72166212076246
AIM/CGE V2.2,ENGAGE-Feasibility-1000/Institutional,AIM,ENGAGE,2C,High-RE,298.4332582433119,18.87318404158528,58.72453723804571,51.16731381255205,1.2027673517375863,428.40106068723253
AIM/CGE V2.2,ENGAGE-Feasibility-1000/Technology,AIM,ENGAGE,2C,High-RE,339.0821515608115,19.916528222868116,26.595673152376705,50.292466153157356,1.2020452682513048,437.088864357465
AIM/CGE V2.2,ENGAGE-Feasibility-1000/Technology & Enablers & Institutional,AIM,ENGAGE,1.5C,High-RE,255.98511000909576,17.489582355224904,29.032866524533308,47.59097977016958,1.5115351349818353,351.61007379400536
AIM/CGE V2.2,ENGAGE-Feasibility-1000/Technology & Institutional,AIM,ENGAGE,2C,High-RE,377.410586233484,22.452984215057292,25.379287662089254,47.76675340265901,1.2752299638826454,474.2848414771722
AIM/CGE V2.2,ENGAGE-Feasibility-Maximum-Effort/Cost-Effective,AIM,ENGAGE,1.5C,High-RE,297.3315823696822,18.439412217684946,61.41673554199644,49.47358571469264,1.1241046852760461,427.7854205293323
AIM/CGE V2.2,ENGAGE-Feasibility-Maximum-Effort/Enablers & Institutional,AIM,ENGAGE,2C,High-RE,225.5318479318706,16.63762613038165,50.27327142553035,49.351405334940424,1.4885014681866728,343.2826522909097
AIM/CGE V2.2,ENGAGE-Feasibility-Maximum-Effort/Institutional,AIM,ENGAGE,1.5C,High-RE,333.49331111864245,20.261393067559567,65.10805460209212,47.260997797051225,1.307644620099863,467.43140120544524
AIM/CGE V2.2,ENGAGE-Feasibility-Maximum-Effort/Technology,AIM,ENGAGE,2C,High-RE,323.2261604969687,18.983848102881613,25.9396324598866,51.363261437342366,1.1819591059841528,420.69486160306343
AIM/CGE V2.2,ENGAGE-INDCi2030-1200f,AIM,ENGAGE,2C,High-CDR,331.02848234609536,34.08262505079259,62.94871252398158,54.69518806977847,7.850707057454322,490.6057150481023
AIM/CGE V2.2,ENGAGE-INDCi2030-1400,AIM,ENGAGE,2C,High-CDR,309.788087703856,32.31868870876451,49.387863069467656,59.948597382627455,7.418560824027398,458.86179768874297
AIM/CGE V2.2,ENGAGE-INDCi2030-1400f,AIM,ENGAGE,2C,High-CDR,307.4951546722247,31.781673877040042,56.332052350117706,62.402786775491194,7.493039672422856,465.5047073472965
AIM/CGE V2.2,ENGAGE-INDCi2030-1600,AIM,ENGAGE,2C,High-CDR,297.8349061259951,31.003488131077358,45.69826596316008,62.992019558737404,7.194177651643199,444.72285743061315
AIM/CGE V2.2,ENGAGE-INDCi2030-1600f,AIM,ENGAGE,2C,High-CDR,299.9121541950086,30.694240337556383,47.36084770282378,63.22915685573395,7.245971721460053,448.4423708125828
AIM/CGE V2.2,ENGAGE-INDCi2030-1800,AIM,ENGAGE,2C,High-CDR,288.13240853983393,29.793240662669557,39.38977851910102,65.35451014473581,6.973138941336728,429.64307680767706
AIM/CGE V2.2,ENGAGE-INDCi2030-1800f,AIM,ENGAGE,2C,High-CDR,288.13240853983393,29.793240662669557,39.38977851910102,65.35451014473581,6.973138941336728,429.64307680767706
AIM/CGE V2.2,ENGAGE-INDCi2030-800f,AIM,ENGAGE,2C,High-RE,359.7477381217651,38.80096918991837,76.68861441012854,44.564123333525444,8.405720033560348,528.2071650888978
AIM/CGE V2.2,ENGAGE-INDCi2030-900f,AIM,ENGAGE,2C,High-RE,358.1507448417397,38.520149156186434,74.321318003887,44.68258418199691,8.373682730029257,524.0484789138393
AIM/CGE V2.2,ENGAGE-NPi2020-1000,AIM,ENGAGE,2C,High-CDR,347.13600318779385,36.11001885124321,58.69224327735522,48.296144428488354,8.136803869572462,498.3712136144531
AIM/CGE V2.2,ENGAGE-NPi2020-1000f,AIM,ENGAGE,2C,High-CDR,341.2022290345354,34.28347485837765,65.51300084573816,55.367470326863426,8.072511098475848,504.4386861639905
AIM/CGE V2.2,ENGAGE-NPi2020-1200,AIM,ENGAGE,2C,High-CDR,329.68731751933115,33.62554977952143,53.71201802893087,54.501893274579615,7.799342439522972,479.32612104188604
AIM/CGE V2.2,ENGAGE-NPi2020-1200f,AIM,ENGAGE,2C,High-CDR,322.43868192058636,32.57235102399042,59.899224710695805,57.022443703490346,7.6562778779334675,479.58897923669645
AIM/CGE V2.2,ENGAGE-NPi2020-1400,AIM,ENGAGE,2C,High-CDR,315.0847072824917,32.021080593594,47.86900804595019,58.06591561939876,7.471012706665723,460.5117242481004
AIM/CGE V2.2,ENGAGE-NPi2020-1400f,AIM,ENGAGE,2C,High-CDR,312.60362281873444,31.639200953304606,52.76410403039185,59.17887854566231,7.490011297059365,463.67581764515256
AIM/CGE V2.2,ENGAGE-NPi2020-1600,AIM,ENGAGE,2C,High-CDR,301.54805067440003,30.76520922332147,42.82878926954697,60.917440576150064,7.233789125562845,443.2932788689814
AIM/CGE V2.2,ENGAGE-NPi2020-1600f,AIM,ENGAGE,2C,High-CDR,301.8581909706027,30.78275064126938,43.46624804282357,60.881046850733384,7.238976958252579,444.22721346368155
AIM/CGE V2.2,ENGAGE-NPi2020-1800,AIM,ENGAGE,2C,High-CDR,292.3924604562748,30.063941734747477,36.73971329201954,63.50281286287416,7.087103890756671,429.78603223667267
AIM/CGE V2.2,ENGAGE-NPi2020-1800f,AIM,ENGAGE,2C,High-CDR,292.3924604562748,30.063941734747477,36.73971329201954,63.50281286287416,7.087103890756671,429.78603223667267
AIM/CGE V2.2,ENGAGE-NPi2020-600f,AIM,ENGAGE,1.5C,High-CDR,378.25090528620086,39.59405404091397,77.91093573475926,42.930285616460665,8.709876332397402,547.3960570107322
AIM/CGE V2.2,ENGAGE-NPi2020-700,AIM,ENGAGE,2C,High-RE,384.46098062886,40.11300981273469,67.79866257512872,35.42907903315468,8.805177124967933,536.606909174846
AIM/CGE V2.2,ENGAGE-NPi2020-800,AIM,ENGAGE,2C,High-RE,376.5526007030934,39.763266289046676,65.20958977956445,37.578803960942984,8.647523767259987,527.7517844999076
AIM/CGE V2.2,ENGAGE-NPi2020-800f,AIM,ENGAGE,2C,High-CDR,352.8411651249087,35.88493552625729,71.2137868328453,51.662137414852126,8.256750653284726,519.8587755521481
AIM/CGE V2.2,ENGAGE-NPi2020-900,AIM,ENGAGE,2C,High-CDR,359.1436941110887,38.109350042448185,60.45023462831892,43.387618509018075,8.272540345041028,509.3634376359148
AIM/CGE V2.2,ENGAGE-NPi2020-900f,AIM,ENGAGE,2C,High-CDR,349.0215666408154,35.22920822493096,67.43203156626475,53.28288540758937,8.178263873553394,513.143955713154
COFFEE 1.1,ENGAGE-INDCi2030-500,COFFEE,ENGAGE,2C,High-RE,183.8305127831772,15.93821015995496,4.567312808792412,10.702092555961213,1.2625760892054723,216.30070439709127
COFFEE 1.1,ENGAGE-INDCi2030-600,COFFEE,ENGAGE,2C,High-RE,175.51944587334575,14.431361002361,6.532110462128528,10.759483336586849,1.1426910989570334,208.38509177337914
COFFEE 1.1,ENGAGE-INDCi2030-600-NDCp,COFFEE,ENGAGE,2C,High-RE,178.4388842857897,14.579226731408905,5.958969716596832,10.939934582161342,1.1213657160582513,211.03838103201505
COFFEE 1.1,ENGAGE-INDCi2030-700,COFFEE,ENGAGE,2C,High-RE,170.41149409175742,14.201587401846762,6.5722688524295965,11.378181217065874,1.085422617881795,203.6489541809814
COFFEE 1.1,ENGAGE-NPi2020-400-lowBECCS,COFFEE,ENGAGE,2C,High-RE,205.0939972504343,16.08494155617648,0.7040951889687633,14.682245546909574,1.0172914720637942,237.5825710145529
COFFEE 1.1,ENGAGE-NPi2020-400f-lowBECCS,COFFEE,ENGAGE,2C,High-RE,216.56563878375582,22.22034594046802,1.895270728450182,12.530034073002211,0.9406195904039293,254.15190911608016
COFFEE 1.1,ENGAGE-NPi2020-500,COFFEE,ENGAGE,2C,High-RE,176.20357298488898,13.736594195955993,5.89179204930744,10.903783587678655,1.0943749063979291,207.83011772422898
COFFEE 1.1,ENGAGE-NPi2020-600,COFFEE,ENGAGE,2C,High-RE,170.00356258849948,13.276261309632623,5.813461739813231,11.230221560649474,1.0508668400682177,201.37437403866303
GCAM 6.0 NGFS,NGFS Phase 5-Below 2°C,GCAM,NGFS Phase 5,2C,High-RE,571.4305110359173,9.704941155368635,22.125519126498585,13.292902371869282,9.316830258786428,625.8707039484402
GCAM 6.0 NGFS,NGFS Phase 5-Delayed Transition,GCAM,NGFS Phase 5,2C,High-RE,565.8720496672985,9.616444118444118,19.208687992885338,15.878642895843543,9.192604130990459,619.7684288054618
GCAM 6.0 NGFS,NGFS Phase 5-Fragmented World,GCAM,NGFS Phase 5,2C,High-RE,427.0256811266256,6.160306862088349,18.116936164804795,28.10370558765624,8.49420261994211,487.9008323611171
GCAM 6.0 NGFS,NGFS Phase 5-Nationally Determined Contributions (NDCs),GCAM,NGFS Phase 5,2C,High-RE,428.16791411299647,5.27619439453616,12.274500525744035,35.17395343698529,8.658488920161735,489.5510513904237
GCAM 6.0 NGFS,NGFS Phase 5-Net-Zero 2050,GCAM,NGFS Phase 5,1.5C,High-RE,587.0797161466847,11.022500279935862,21.229139627648113,10.164985188513768,9.231580982060585,638.7279222248432
GCAM 7.0,IAM-COMPACT-Current-Policies-Emissions-Intensity,GCAM,IAM,2C,High-CDR,217.84401984108874,20.88409354985977,21.387103017401635,54.2077439279238,7.961172123349335,322.28413245962327
GCAM 7.0,IAM-COMPACT-NDC-Emissions-Intensity,GCAM,IAM,2C,High-CDR,231.777599142177,26.023389769626146,29.189441906960326,44.30029292175957,8.09262326832654,339.3833470088495
GCAM 7.0,IAM-COMPACT-NDC-Long-Term-Pledges,GCAM,IAM,2C,High-CDR,251.26447093848145,34.58219849675734,42.47001448699298,31.676321097996954,8.578533348634034,368.5715383688628
IMAGE 3.0,COMMIT-2°C-2020,IMAGE,COMMIT,2C,High-CDR,NA,NA,NA,NA,NA,NA
IMAGE 3.0,COMMIT-2°C-2030,IMAGE,COMMIT,2C,High-CDR,NA,NA,NA,NA,NA,NA
IMAGE 3.0,COMMIT-Bridge,IMAGE,COMMIT,2C,High-CDR,NA,NA,NA,NA,NA,NA
IMAGE 3.0,ENGAGE-INDCi2030-1000,IMAGE,ENGAGE,2C,High-CDR,117.45163828077318,13.033532762918632,61.043929026811846,59.370378114304415,3.354374860507976,254.25385304531605
IMAGE 3.0,ENGAGE-INDCi2030-1000f,IMAGE,ENGAGE,2C,High-CDR,138.2672381580176,20.798984083545378,53.78423234228102,57.507583983604164,3.442318694823687,273.8003572622718
IMAGE 3.0,ENGAGE-INDCi2030-1200,IMAGE,ENGAGE,2C,High-CDR,113.2887457435328,10.223152939211905,61.049486891657665,61.78978797832011,3.216211061902217,249.5673846146247
IMAGE 3.0,ENGAGE-INDCi2030-1200f,IMAGE,ENGAGE,2C,High-CDR,116.69455769361502,12.690557196803312,65.8551986173336,60.63911828809601,3.160697529577076,259.040129325425
IMAGE 3.0,ENGAGE-INDCi2030-1400,IMAGE,ENGAGE,2C,High-CDR,110.4090971754543,9.675709182651593,55.70798143024975,63.286206360059694,3.108422154197659,242.18741630261297
IMAGE 3.0,ENGAGE-INDCi2030-1400f,IMAGE,ENGAGE,2C,High-CDR,115.16954181105649,12.160388084355603,60.94549446472875,60.719171152401955,3.057628988077968,252.05222450062075
IMAGE 3.0,ENGAGE-INDCi2030-3000,IMAGE,ENGAGE,2C,High-CDR,111.96212871139845,5.698513712185082,9.075728511800218,96.02528036315168,3.0298817427334908,225.79153304126893
IMAGE 3.0,ENGAGE-INDCi2030-3000f,IMAGE,ENGAGE,2C,High-CDR,111.96212871139845,5.698513712185082,9.075728511800218,96.02528036315168,3.0298817427334908,225.79153304126893
IMAGE 3.0,ENGAGE-INDCi2030-800f,IMAGE,ENGAGE,2C,High-CDR,133.03672039050713,21.056961294028568,59.74558764408604,55.5880435039983,3.5077341880598096,272.93504702067986
IMAGE 3.0,ENGAGE-NPi2020-1000,IMAGE,ENGAGE,2C,High-CDR,113.51877377565673,12.041536471395782,72.09908865834524,53.21905322963528,3.0845714637363026,253.96302359876933
IMAGE 3.0,ENGAGE-NPi2020-1000f,IMAGE,ENGAGE,2C,High-CDR,114.62240436896438,12.414742254469132,71.6488982413517,52.643812785986064,2.9895896432475175,254.3194472940188
IMAGE 3.0,ENGAGE-NPi2020-1200,IMAGE,ENGAGE,2C,High-CDR,110.51616369205496,10.488618098695714,68.13045249805585,54.43285266828975,2.9817590083272965,246.54984596542357
IMAGE 3.0,ENGAGE-NPi2020-1200f,IMAGE,ENGAGE,2C,High-CDR,113.34505266734115,10.9159169519872,63.59042019336302,54.73069205317742,2.989349608791221,245.57143147466002
IMAGE 3.0,ENGAGE-NPi2020-1400,IMAGE,ENGAGE,2C,High-CDR,109.1992459615215,9.666508224382364,61.16064698118249,56.98724275609958,2.9170924025851677,239.9307363257711
IMAGE 3.0,ENGAGE-NPi2020-1400f,IMAGE,ENGAGE,2C,High-CDR,112.01863461838445,10.480510921855998,57.62592366310796,56.43865481616406,2.8708118915465533,239.43453591105902
IMAGE 3.0,ENGAGE-NPi2020-3000,IMAGE,ENGAGE,2C,High-CDR,113.14373501388322,5.723960253921491,11.544539101178609,93.39425686378216,3.0273541168156983,226.83384534958117
IMAGE 3.0,ENGAGE-NPi2020-3000f,IMAGE,ENGAGE,2C,High-CDR,113.14373501388322,5.723960253921491,11.544539101178609,93.39425686378216,3.0273541168156983,226.83384534958117
IMAGE 3.0,ENGAGE-NPi2020-600f,IMAGE,ENGAGE,2C,High-CDR,134.03939891195515,24.24663975762188,75.02516864086662,45.54130743570185,3.4279740266005785,282.2804887727461
IMAGE 3.0,ENGAGE-NPi2020-800,IMAGE,ENGAGE,2C,High-CDR,122.47542775112194,17.55118107090841,66.61876875373399,49.710569689520796,3.365515725908979,259.72146299119413
IMAGE 3.0,ENGAGE-NPi2020-800f,IMAGE,ENGAGE,2C,High-CDR,117.99240398098034,15.139166529010534,82.76195307121867,49.36437659046344,3.1153944697566316,268.37329464142965
IMAGE 3.2,ENGAGE-Feasibility-1000/Cost-Effective,IMAGE,ENGAGE,2C,High-CDR,109.95623354856642,27.865064536801622,31.19126218440412,40.58349380999493,1.460200053676854,211.05625413344393
IMAGE 3.2,ENGAGE-Feasibility-1000/Institutional,IMAGE,ENGAGE,2C,High-CDR,105.42883116308165,29.94694444082692,28.394348776891157,40.72138641865867,1.3809765969824375,205.87248739644085
IMAGE 3.2,ENGAGE-Feasibility-1000/Technology,IMAGE,ENGAGE,2C,High-CDR,177.80432621565834,15.543766343991699,20.013006700801316,29.25262845781205,1.510065881037571,244.12379359930097
IMAGE 3.2,ENGAGE-Feasibility-1000/Technology & Institutional,IMAGE,ENGAGE,2C,High-CDR,166.9354850665211,17.120561164763682,19.63725932832373,30.601868717031167,1.5184858249569937,235.8136601015967
IMAGE 3.2,ENGAGE-Feasibility-Maximum-Effort/Cost-Effective,IMAGE,ENGAGE,2C,High-CDR,130.09928237648268,26.290508000551903,34.050001748689034,35.50238120994015,1.5430645995921228,227.48523793525587
IMAGE 3.2,ENGAGE-Feasibility-Maximum-Effort/Enablers & Institutional,IMAGE,ENGAGE,2C,High-CDR,161.42252548851067,5.966185816840578,30.032669053941802,22.37889461944582,1.6177282956677277,221.41800327440657
IMAGE 3.2,ENGAGE-Feasibility-Maximum-Effort/Institutional,IMAGE,ENGAGE,2C,High-CDR,112.2523718051557,29.908615410011794,31.455956153573215,37.03378349262775,1.5398001959545524,212.190527057323
IMAGE 3.2,ENGAGE-Feasibility-Maximum-Effort/Technology,IMAGE,ENGAGE,2C,High-CDR,200.8940819094156,17.83533844184857,15.220106336257437,23.506853316704284,1.531452139274374,258.98783214350027
IMAGE 3.2,ENGAGE-Feasibility-Maximum-Effort/Technology & Institutional,IMAGE,ENGAGE,2C,High-CDR,184.7203304538016,17.776364220529373,15.404767126841973,27.92490143055186,1.5728865365267544,247.39924976825156
IMAGE 3.2,SSP2021-SSP1-SPA1-19-Default,IMAGE,SSP2021,1.5C,High-CDR,257.5380954003676,6.735362782983326,56.867364441679094,42.78245133763188,5.7808280358238395,369.7041019984857
IMAGE 3.2,SSP2021-SSP1-SPA1-19-Default-LowBiomass,IMAGE,SSP2021,1.5C,High-CDR,322.3616342538648,8.046855359415668,14.954622085729138,41.068789831410065,7.2093928877712905,393.64129441819097
IMAGE 3.2,SSP2021-SSP1-SPA1-19-Lifestyle,IMAGE,SSP2021,1.5C,High-CDR,243.9138554704082,5.8117893324152,44.861897250966734,40.94025915145265,5.6343443204982435,341.16214552574104
IMAGE 3.2,SSP2021-SSP1-SPA1-19-Lifestyle-Renewables,IMAGE,SSP2021,1.5C,High-CDR,375.8176441555329,20.87663211949814,54.31084584765318,66.43598602275944,7.560445666969766,525.0015538124134
IMAGE 3.2,SSP2021-SSP1-SPA1-19-Lifestyle-Renewables-LowBiomass,IMAGE,SSP2021,1.5C,High-CDR,444.6447510785453,22.245802414093713,16.990884631632838,63.83267909565829,9.135161134047792,556.849278353978
IMAGE 3.2,SSP2021-SSP1-SPA1-19-Renewables,IMAGE,SSP2021,1.5C,High-CDR,434.2847072025851,7.7316515368892444,55.920307143489794,55.96000362575047,9.452722940075867,563.3493924487905
IMAGE 3.2,SSP2021-SSP1-SPA1-26-Default,IMAGE,SSP2021,2C,High-CDR,244.27459824103659,6.014877886280533,39.39685005314913,48.28963733726243,5.490294956173507,343.4662584739022
IMAGE 3.2,SSP2021-SSP1-SPA1-26-Lifestyle,IMAGE,SSP2021,2C,High-CDR,221.03148985396297,4.891287277421537,26.98435676654315,48.15193157450472,5.0540040684276475,306.11306954086007
IMAGE 3.2,SSP2021-SSP1-SPA1-26-Lifestyle-Renewables,IMAGE,SSP2021,2C,High-CDR,320.95032726218506,17.369940788884957,37.10199707786059,75.17459287131186,5.991508820269099,456.58836682051157
IMAGE 3.2,SSP2021-SSP1-SPA1-34-Lifestyle-Renewables,IMAGE,SSP2021,2C,High-RE,404.25217217075505,3.6257649002387367,15.224772478753856,95.63414297845803,8.38699656716951,527.1238490953752
IMAGE 3.2,SSP2021-SSP1-SPA1-34-Renewables,IMAGE,SSP2021,2C,High-RE,431.29753449065197,4.865010882445985,16.982590906353426,72.77758222091444,8.51001323025499,534.4327317306208
IMAGE 3.2,SSP2021-SSP2-SPA0-26-Default,IMAGE,SSP2021,2C,High-CDR,146.83380877047608,25.007511162623302,59.25024945983295,55.49402823136354,4.0166334913920485,290.6022311156879
IMAGE 3.2,SSP2021-SSP2-SPA1-19-Default-LowBiomass,IMAGE,SSP2021,1.5C,High-CDR,191.88695753990626,30.730998186758967,11.56466337270916,60.646489718797675,5.07417278405075,299.9032816022228
IMAGE 3.2,SSP2021-SSP2-SPA1-19-Lifestyle-Renewables-LowBiomass,IMAGE,SSP2021,1.5C,High-CDR,441.65464530613605,25.00252724457568,15.735565473418232,66.10043063837702,9.213630950304973,557.706799612812
IMAGE 3.2,SSP2021-SSP2-SPA2-19-Default,IMAGE,SSP2021,1.5C,High-CDR,186.61416664734693,26.17317615439023,51.39440643573911,59.87882320404849,5.088238413083555,329.1488108546083
IMAGE 3.2,SSP2021-SSP2-SPA2-19-Lifestyle,IMAGE,SSP2021,1.5C,High-CDR,171.13920557998844,26.259147114987623,34.998170342095754,54.8239766219039,5.129231863443789,292.34973152241946
IMAGE 3.2,SSP2021-SSP2-SPA2-19-Lifestyle-Renewables,IMAGE,SSP2021,1.5C,High-CDR,447.8445181772867,31.92525079108218,60.374169263192194,70.31509523380225,9.284030793334843,619.7430642586983
IMAGE 3.2,SSP2021-SSP2-SPA2-19-Renewables,IMAGE,SSP2021,1.5C,High-CDR,466.6221597118447,31.971294680600927,60.92719775544142,68.55273866367578,9.533625457661138,637.607016269224
IMAGE 3.2,SSP2021-SSP2-SPA2-26-Default,IMAGE,SSP2021,2C,High-CDR,154.92544806951167,19.477270365335773,55.96750646189062,63.196874088114065,4.357181673342986,297.92428065819513
IMAGE 3.2,SSP2021-SSP2-SPA2-26-Lifestyle,IMAGE,SSP2021,2C,High-CDR,130.49710693671648,16.826037969600634,42.129429369068326,62.51454393478743,4.008411985992067,255.97553019616495
IMAGE 3.2,SSP2021-SSP2-SPA2-26-Lifestyle-Renewables,IMAGE,SSP2021,2C,High-CDR,312.7743162239566,18.620219572674397,46.63105093112619,77.45644012212918,6.4601885366360134,461.94221538652243
IMAGE 3.2,SSP2021-SSP2-SPA2-34-Default,IMAGE,SSP2021,2C,High-CDR,144.86535183511393,17.996768058501615,38.960686961758235,70.17447873086749,4.089359801239896,276.08664538748116
IMAGE 3.3,NAVIGATE Demand-1.5°C-act_u,IMAGE,NAVIGATE,2C,High-CDR,241.35792231112856,25.887195690852238,18.75178192605057,20.016403749038034,4.931189172795775,310.94449284986524
IMAGE 3.3,NAVIGATE Demand-1.5°C-all_u,IMAGE,NAVIGATE,2C,High-CDR,251.57117185750815,16.260342231514162,20.540616884702278,22.599681395384504,5.087330036369575,316.05914240547867
IMAGE 3.3,NAVIGATE Demand-1.5°C-ref,IMAGE,NAVIGATE,2C,High-CDR,272.1765473410795,31.241367912624295,15.532202714234513,19.90584656923667,5.415367555001932,344.2713320921769
IMAGE 3.3,NAVIGATE Demand-1.5°C-tec_u,IMAGE,NAVIGATE,2C,High-CDR,277.8264219040609,20.78712044405632,18.434367312109273,18.863058387019567,5.345493649894264,341.25646169714037
IMAGE 3.3,NAVIGATE Demand-2.0°C-act_u,IMAGE,NAVIGATE,2C,High-CDR,139.8963245173082,27.32812318177193,18.239980811595174,36.51234569030411,3.663742730404834,225.6405169313842
IMAGE 3.3,NAVIGATE Demand-2.0°C-ele_u,IMAGE,NAVIGATE,2C,High-CDR,245.76963890830376,26.66936629472629,15.158734348829475,44.82385484846636,4.992161582219855,337.41375598254575
IMAGE 3.3,NAVIGATE Demand-2.0°C-ref,IMAGE,NAVIGATE,2C,High-CDR,211.25683796266117,26.754104194352536,17.002025643441726,33.40560493046527,4.4981150974459645,292.91668782836666
IMAGE 3.3,NAVIGATE Demand-2.0°C-tec_u,IMAGE,NAVIGATE,2C,High-CDR,218.28671749678017,16.612390852890364,16.934512973084384,35.40232764825176,4.488765902730071,291.72471487373673
IMAGE 3.3,SHAPE-SDP-EI-1.5°C,IMAGE,SHAPE,1.5C,High-CDR,344.80458471504835,14.497351392493053,41.259194751465614,51.74896653485719,7.626361676808968,459.9364590706731
IMAGE 3.3,SHAPE-SDP-EI-1.5°C [with Climate Change Impacts],IMAGE,SHAPE,1.5C,High-CDR,339.1585957155845,14.36111150051408,43.67334154132845,52.04759667536923,7.505869144319277,456.74651457711553
IMAGE 3.3,SHAPE-SDP-MC-1.5°C,IMAGE,SHAPE,1.5C,High-CDR,407.29040858425014,5.298942478435362,29.419061865731095,44.11276406109511,8.056497621593572,494.1776746111053
IMAGE 3.3,SHAPE-SDP-MC-1.5°C [with Climate Change Impacts],IMAGE,SHAPE,1.5C,High-CDR,403.964787375959,5.611162893648287,43.387395515289505,41.34796535595765,7.858724947038503,502.170036087893
IMAGE 3.3,SHAPE-SDP-RC-1.5°C,IMAGE,SHAPE,1.5C,High-CDR,273.4396723069096,5.131829434115492,27.204719361563384,30.300078824918856,5.87308669505882,341.9493866225662
IMAGE 3.3,SHAPE-SDP-RC-1.5°C [with Climate Change Impacts],IMAGE,SHAPE,1.5C,High-CDR,248.7620622208415,5.57096027054443,35.640794731123805,31.026366185466514,5.688100844298526,326.68828425227474
IMAGE 3.3,SHAPE-SSP1-1.5°C,IMAGE,SHAPE,1.5C,High-CDR,243.13962808242024,8.167861843527294,46.00374278610943,39.7636410671731,5.366915068291049,342.4417888475211
IMAGE 3.3,SHAPE-SSP2-1.5°C,IMAGE,SHAPE,1.5C,High-CDR,165.2057583928026,33.31577280386852,44.378524928297935,50.43699982700697,4.388293691187559,297.7253496431636
IMAGE 3.3,SHAPE-SSP2-1.5°C [with Climate Change Impacts],IMAGE,SHAPE,1.5C,High-CDR,175.946622041213,34.72020602276974,39.50157880860241,50.13569244236702,4.533206743354139,304.8373060583063
MESSAGEix-GLOBIOM 1.1,ENGAGE-Feasibility-1000/Cost-Effective,MESSAGEix,ENGAGE,2C,High-CDR,220.5338311464093,27.824485686462147,0.7106486038985901,21.426475805651044,1.1126011082693466,271.6080423506904
MESSAGEix-GLOBIOM 1.1,ENGAGE-Feasibility-1000/Institutional,MESSAGEix,ENGAGE,2C,High-RE,235.96466776666279,35.868640825354106,0.4722217541579033,23.089198971147013,1.343325688331114,296.73805500565294
MESSAGEix-GLOBIOM 1.1,ENGAGE-Feasibility-1000/Technology & Institutional,MESSAGEix,ENGAGE,2C,High-RE,254.7613684049687,19.761189181655084,0.40928149332606667,22.110514920198163,1.1891647972645252,298.23151879741255
MESSAGEix-GLOBIOM 1.1,ENGAGE-Feasibility-Maximum-Effort/Cost-Effective,MESSAGEix,ENGAGE,1.5C,High-CDR,233.8597381429256,27.32218396230885,0.916948965759117,18.22662139117192,1.3090112626757617,281.63450372484124
MESSAGEix-GLOBIOM 1.1,ENGAGE-Feasibility-Maximum-Effort/Enablers & Institutional [Optimistic],MESSAGEix,ENGAGE,1.5C,High-CDR,91.02801012608266,7.409871250484339,1.1515243754649114,17.591028393345074,1.1950469962967825,118.37548114167379
MESSAGEix-GLOBIOM 1.1,ENGAGE-Feasibility-Maximum-Effort/Institutional [Pessimistic],MESSAGEix,ENGAGE,2C,High-CDR,202.53895147211003,22.711479489808767,1.8827022533640132,29.3643637379366,1.1650679020339298,257.6625648552533
MESSAGEix-GLOBIOM 1.1,ENGAGE-Feasibility-Maximum-Effort/Technology & Institutional [Optimistic],MESSAGEix,ENGAGE,2C,High-RE,235.11898715448964,19.181074330606265,0.7226790712725688,22.292547616915993,1.177935345442545,278.493223518727
MESSAGEix-GLOBIOM 1.1,ENGAGE-INDCi2030-1000f,MESSAGEix,ENGAGE,2C,High-RE,234.84420110534202,50.40362070851065,2.6873677237990927,17.7950193642561,1.1449828089356269,306.8751917108435
MESSAGEix-GLOBIOM 1.1,ENGAGE-INDCi2030-1000f-COV,MESSAGEix,ENGAGE,2C,High-RE,224.21181571189445,48.80063559468032,2.7402150643860166,18.483510045871753,1.0683352102044166,295.30451162703696
MESSAGEix-GLOBIOM 1.1,ENGAGE-INDCi2030-1000f-COV-NDCp,MESSAGEix,ENGAGE,2C,High-RE,224.60254607508412,48.705201195865996,2.7496525967456225,17.91504519571828,1.0766270038245125,295.0490720672385
MESSAGEix-GLOBIOM 1.1,ENGAGE-INDCi2030-1000f-NDCp,MESSAGEix,ENGAGE,2C,High-RE,235.04398153109216,50.44770932469471,2.6668293152429676,17.851138224242014,1.158364438085661,307.1680228333575
MESSAGEix-GLOBIOM 1.1,ENGAGE-INDCi2030-1200-COV,MESSAGEix,ENGAGE,2C,High-CDR,209.03488332173058,34.353301842864575,3.099258319084684,22.960003583928646,0.9688316662291201,270.4162787338376
MESSAGEix-GLOBIOM 1.1,ENGAGE-INDCi2030-1200-COV-NDCp,MESSAGEix,ENGAGE,2C,High-CDR,210.23771456573067,34.45870782021923,3.097553270042486,22.106145148112127,0.9895223300825466,270.88964313418705
MESSAGEix-GLOBIOM 1.1,ENGAGE-INDCi2030-1200f,MESSAGEix,ENGAGE,2C,High-RE,234.7040082402146,48.80585584863206,2.9379026310598073,21.082673449938667,1.175384156301855,308.70582432614697
MESSAGEix-GLOBIOM 1.1,ENGAGE-INDCi2030-1200f-NDCp,MESSAGEix,ENGAGE,2C,High-RE,233.998343284894,48.87845013616288,2.933429133758771,21.22878939074052,1.207524528359039,308.2465364739152
MESSAGEix-GLOBIOM 1.1,ENGAGE-INDCi2030-1400,MESSAGEix,ENGAGE,2C,High-CDR,217.78309946796668,38.49469588115704,3.2907947401942335,24.503171734290326,1.1344685880996503,285.20623041170796
MESSAGEix-GLOBIOM 1.1,ENGAGE-INDCi2030-1400-COV,MESSAGEix,ENGAGE,2C,High-CDR,203.61453713520942,33.33326804633043,3.2357032269876598,26.035100259107605,1.0346655986885946,267.25327426632373
MESSAGEix-GLOBIOM 1.1,ENGAGE-INDCi2030-1400-COV-NDCp,MESSAGEix,ENGAGE,2C,High-CDR,204.45311093836807,33.219714791412535,3.3001795162855325,25.678187757247954,1.0304124973372615,267.68160550065136
MESSAGEix-GLOBIOM 1.1,ENGAGE-INDCi2030-1400-NDCp,MESSAGEix,ENGAGE,2C,High-CDR,217.78009513200212,38.43537166493799,3.280553671135887,24.553702061605538,1.1426212731049088,285.1923438027864
MESSAGEix-GLOBIOM 1.1,ENGAGE-INDCi2030-1400f,MESSAGEix,ENGAGE,2C,High-CDR,228.7066698135016,47.142086035320006,2.831180666950607,24.854965448712285,1.2733441462495239,304.80824611073405
MESSAGEix-GLOBIOM 1.1,ENGAGE-INDCi2030-1400f-COV,MESSAGEix,ENGAGE,2C,High-CDR,212.4074034301056,43.072817285558614,2.831578689421886,25.79653553832885,1.1526163082474983,285.26095125166245
MESSAGEix-GLOBIOM 1.1,ENGAGE-INDCi2030-1400f-COV-NDCp,MESSAGEix,ENGAGE,2C,High-CDR,212.1301980446799,42.90999914679496,2.857053149878487,25.43083234344552,1.1456996574176925,284.47378234221657
MESSAGEix-GLOBIOM 1.1,ENGAGE-INDCi2030-1400f-NDCp,MESSAGEix,ENGAGE,2C,High-CDR,228.77813103577438,46.56975447295868,2.8148983411916197,24.938693001110664,1.2679350204766628,304.369411871512
MESSAGEix-GLOBIOM 1.1,ENGAGE-INDCi2030-1600,MESSAGEix,ENGAGE,2C,High-CDR,209.28923612929609,34.692364762367724,3.095586069768077,28.1458517955383,1.1092438036495853,276.3322825606198
MESSAGEix-GLOBIOM 1.1,ENGAGE-INDCi2030-1600-COV,MESSAGEix,ENGAGE,2C,High-CDR,195.6478234273973,31.71735387397277,3.358854562547266,28.787344087938443,1.0528744336164584,260.56425038547223
MESSAGEix-GLOBIOM 1.1,ENGAGE-INDCi2030-1600-COV-NDCp,MESSAGEix,ENGAGE,2C,High-CDR,196.75006489673086,31.776068277536886,3.407949321195253,28.27972712618627,1.0629110914538111,261.2767207131031
MESSAGEix-GLOBIOM 1.1,ENGAGE-INDCi2030-1600-NDCp,MESSAGEix,ENGAGE,2C,High-CDR,209.380530889724,34.75050879665748,3.1399113476156235,28.150475677664012,1.1120991500406765,276.5335258617018
MESSAGEix-GLOBIOM 1.1,ENGAGE-INDCi2030-1600f,MESSAGEix,ENGAGE,2C,High-CDR,220.69188605075823,42.673420546882454,2.8684482846035837,28.158606408648357,1.2219868348982765,295.6143481257909
MESSAGEix-GLOBIOM 1.1,ENGAGE-INDCi2030-1600f-COV,MESSAGEix,ENGAGE,2C,High-CDR,207.29257468563287,38.4244999591362,3.0761185631606662,28.21917927648993,1.1349150411180617,278.1472875255377
MESSAGEix-GLOBIOM 1.1,ENGAGE-INDCi2030-1600f-COV-NDCp,MESSAGEix,ENGAGE,2C,High-CDR,208.08151108752054,38.56013819473084,3.1017992773390977,27.474916124757254,1.1503775326752492,278.368742217023
MESSAGEix-GLOBIOM 1.1,ENGAGE-INDCi2030-1600f-NDCp,MESSAGEix,ENGAGE,2C,High-CDR,220.92692231283678,42.453824409397,2.8593967388657346,28.110032191777783,1.2265062166824159,295.5766818695597
MESSAGEix-GLOBIOM 1.1,ENGAGE-INDCi2030-1800,MESSAGEix,ENGAGE,2C,High-CDR,205.0313521527545,33.2328113722066,3.2124271107867526,30.87357539253302,1.186562138841557,273.5367281671224
MESSAGEix-GLOBIOM 1.1,ENGAGE-INDCi2030-1800-COV,MESSAGEix,ENGAGE,2C,High-CDR,195.60889604636532,28.467530083489123,3.1743903725276197,31.13944294829235,1.0752228030382975,259.4654822537127
MESSAGEix-GLOBIOM 1.1,ENGAGE-INDCi2030-1800-COV-NDCp,MESSAGEix,ENGAGE,2C,High-CDR,195.98251494122295,28.32401948761622,3.2303678421438944,30.818764989319344,1.0863777931156495,259.44204505341804
MESSAGEix-GLOBIOM 1.1,ENGAGE-INDCi2030-1800-NDCp,MESSAGEix,ENGAGE,2C,High-CDR,205.3937319467716,33.34656700123527,3.205917077400126,30.732105485083956,1.18198485458558,273.86030636507655
MESSAGEix-GLOBIOM 1.1,ENGAGE-INDCi2030-1800f,MESSAGEix,ENGAGE,2C,High-CDR,212.22126261084688,39.80259878149984,3.0076074271564073,30.280626694037302,1.257670085962603,286.56976559950306
MESSAGEix-GLOBIOM 1.1,ENGAGE-INDCi2030-1800f-COV,MESSAGEix,ENGAGE,2C,High-CDR,200.41925487730106,34.73119683646985,2.792956443422504,30.03118967713599,1.161388586972291,269.1359864213017
MESSAGEix-GLOBIOM 1.1,ENGAGE-INDCi2030-1800f-COV-NDCp,MESSAGEix,ENGAGE,2C,High-CDR,200.06965236579524,34.89238077644677,2.8464416589249497,29.724988457068346,1.176060444170015,268.7095237024053
MESSAGEix-GLOBIOM 1.1,ENGAGE-INDCi2030-1800f-NDCp,MESSAGEix,ENGAGE,2C,High-CDR,214.17082745566702,39.40300735973248,3.0356499084343955,30.227809924000685,1.264566020930973,288.1018606687655
MESSAGEix-GLOBIOM 1.1,ENGAGE-INDCi2030-2000,MESSAGEix,ENGAGE,2C,High-CDR,204.07410296085223,30.018700288407747,3.5306457716962534,32.94260618729907,1.206657460528617,271.7727126687839
MESSAGEix-GLOBIOM 1.1,ENGAGE-INDCi2030-2000-COV,MESSAGEix,ENGAGE,2C,High-CDR,192.78105020582018,26.49338722366093,3.484637256023942,32.342992265786364,1.0946828917612803,256.1967498430527
MESSAGEix-GLOBIOM 1.1,ENGAGE-INDCi2030-2000-COV-NDCp,MESSAGEix,ENGAGE,2C,High-CDR,193.6411992048702,26.35919304596707,3.5704109423151213,31.810669282554006,1.104427972823636,256.48590044853006
MESSAGEix-GLOBIOM 1.1,ENGAGE-INDCi2030-2000-NDCp,MESSAGEix,ENGAGE,2C,High-CDR,204.1108748542534,30.048742522889047,3.516981623413159,32.841456101827816,1.2104409080292815,271.7284960104127
MESSAGEix-GLOBIOM 1.1,ENGAGE-INDCi2030-2000f,MESSAGEix,ENGAGE,2C,High-CDR,210.16291129991484,33.56849767701376,3.3705752408191314,32.11500896339539,1.2629011540211368,280.4798943351643
MESSAGEix-GLOBIOM 1.1,ENGAGE-INDCi2030-800f,MESSAGEix,ENGAGE,2C,High-RE,242.07751407047627,48.80710045398974,2.6491654926435215,14.994333622483941,1.1902619493473037,309.7183755889408
MESSAGEix-GLOBIOM 1.1,ENGAGE-INDCi2030-800f-COV,MESSAGEix,ENGAGE,2C,High-RE,222.91970591826933,50.26484411188366,2.674535379880392,15.589793799031703,1.101621240521006,292.5505004495861
MESSAGEix-GLOBIOM 1.1,ENGAGE-INDCi2030-800f-COV-NDCp,MESSAGEix,ENGAGE,2C,High-RE,222.95485983321467,50.50502853745729,2.6779857631097976,15.145770420366768,1.1083168641334404,292.391961418282
MESSAGEix-GLOBIOM 1.1,ENGAGE-INDCi2030-800f-NDCp,MESSAGEix,ENGAGE,2C,High-RE,243.12980513380913,48.50284405290711,2.6466542412056895,14.879721778994183,1.2088681035869775,310.36789331050306
MESSAGEix-GLOBIOM 1.1,ENGAGE-INDCi2030-900f,MESSAGEix,ENGAGE,2C,High-RE,240.26034795374528,49.72854059873046,2.681526051851475,16.230886000351706,1.1772724957032192,310.07857310038213
MESSAGEix-GLOBIOM 1.1,ENGAGE-INDCi2030-900f-COV,MESSAGEix,ENGAGE,2C,High-RE,223.45348312365206,49.27736364129926,2.678646557044279,17.214188685649198,1.0639430484930343,293.68762505613785
MESSAGEix-GLOBIOM 1.1,ENGAGE-INDCi2030-900f-COV-NDCp,MESSAGEix,ENGAGE,2C,High-RE,224.86980175975745,49.331575750291954,2.6777584465291584,16.66583068142528,1.0687478339060166,294.6137144719099
MESSAGEix-GLOBIOM 1.1,ENGAGE-INDCi2030-900f-NDCp,MESSAGEix,ENGAGE,2C,High-RE,240.2727933281858,49.69559036062259,2.6671851139370637,16.327471781932854,1.1790185015876036,310.1420590862659
MESSAGEix-GLOBIOM 1.1,ENGAGE-INDCi2030-950f-COV,MESSAGEix,ENGAGE,2C,High-RE,225.20334364664822,49.14325194957939,2.7385086939573013,17.99590515255312,1.088161700290061,296.1691711430281
MESSAGEix-GLOBIOM 1.1,ENGAGE-INDCi2030-950f-COV-NDCp,MESSAGEix,ENGAGE,2C,High-RE,223.56216885826342,49.25449403057287,2.7599089610768845,17.520172973279937,1.080626061012954,294.1773708842061
MESSAGEix-GLOBIOM 1.1,ENGAGE-NPi2020-1000,MESSAGEix,ENGAGE,2C,High-CDR,220.4332202724342,37.972265248993885,1.9526314403281555,20.352534056681357,1.0778344188880764,281.7884854373257
MESSAGEix-GLOBIOM 1.1,ENGAGE-NPi2020-1000-COV,MESSAGEix,ENGAGE,2C,High-CDR,206.30511231300878,35.462013372682605,2.101075688113057,21.906207908876464,1.0234650004058434,266.79787428308674
MESSAGEix-GLOBIOM 1.1,ENGAGE-NPi2020-1000-DR2p,MESSAGEix,ENGAGE,2C,High-CDR,225.74109911541382,48.88659812160199,1.8404578250824692,16.023821204301665,1.307564138678421,293.79954040507835
MESSAGEix-GLOBIOM 1.1,ENGAGE-NPi2020-1000-DR3p,MESSAGEix,ENGAGE,2C,High-CDR,222.57388245640527,48.44927485351526,1.825627365151401,16.792793713676247,1.214584794029935,290.8561631827781
MESSAGEix-GLOBIOM 1.1,ENGAGE-NPi2020-1000-DR4p,MESSAGEix,ENGAGE,2C,High-CDR,217.12053180721622,47.118717679879374,1.9810739867374145,18.19327963146705,1.0151460784532855,285.4287491837533
MESSAGEix-GLOBIOM 1.1,ENGAGE-NPi2020-1000f-COV,MESSAGEix,ENGAGE,2C,High-CDR,221.61804281770307,48.44080124915312,1.6844195370618347,20.67616518902253,1.149501572302456,293.568930365243
MESSAGEix-GLOBIOM 1.1,ENGAGE-NPi2020-1000f-DR10p,MESSAGEix,ENGAGE,2C,High-RE,267.41173734028683,5.97036940978947,1.543271771129089,24.798576458534118,1.4446875828838384,301.16864256262335
MESSAGEix-GLOBIOM 1.1,ENGAGE-NPi2020-1000f-DR1p,MESSAGEix,ENGAGE,2C,High-CDR,227.76783575465188,49.46847765270871,1.7725738975308707,14.63439411219843,1.3743804662393289,295.0176618833292
MESSAGEix-GLOBIOM 1.1,ENGAGE-NPi2020-1000f-DR2p,MESSAGEix,ENGAGE,2C,High-CDR,235.55558215329202,48.607356933893435,1.4934505522596386,15.891759014467485,1.2097607557452548,302.7579094096578
MESSAGEix-GLOBIOM 1.1,ENGAGE-NPi2020-1200,MESSAGEix,ENGAGE,2C,High-CDR,217.96353524169172,36.04522494006495,1.9705439080138667,23.474218714825344,1.0743054086133912,280.52782821320926
MESSAGEix-GLOBIOM 1.1,ENGAGE-NPi2020-1200-COV,MESSAGEix,ENGAGE,2C,High-CDR,204.55255663105748,32.89949378373626,1.9915567310705926,24.195759406130815,1.03391830348303,264.6732848554782
MESSAGEix-GLOBIOM 1.1,ENGAGE-NPi2020-1200f,MESSAGEix,ENGAGE,2C,High-CDR,235.34158997420033,47.07034552476065,1.5957619257053124,22.985509425774897,1.2026101912677096,308.1958170417089
MESSAGEix-GLOBIOM 1.1,ENGAGE-NPi2020-1200f-COV,MESSAGEix,ENGAGE,2C,High-CDR,217.42672840523932,43.71826396961646,1.706352211752765,23.565001317288015,1.096762293446382,287.513108197343
MESSAGEix-GLOBIOM 1.1,ENGAGE-NPi2020-1400,MESSAGEix,ENGAGE,2C,High-CDR,212.95443659995914,33.43762739704258,2.0049864572115466,25.622297801902498,1.0607640761425754,275.0801123322583
MESSAGEix-GLOBIOM 1.1,ENGAGE-NPi2020-1400-COV,MESSAGEix,ENGAGE,2C,High-CDR,200.27942592304032,31.406507019612043,1.9728588184640847,26.81209162486815,1.019902434362519,261.4907858203471
MESSAGEix-GLOBIOM 1.1,ENGAGE-NPi2020-1400f,MESSAGEix,ENGAGE,2C,High-CDR,232.72955385059456,41.59822039609704,1.539717080666781,25.6738162303485,1.228298214174529,302.7696057718814
MESSAGEix-GLOBIOM 1.1,ENGAGE-NPi2020-1400f-COV,MESSAGEix,ENGAGE,2C,High-CDR,216.18836499328597,39.36766456528506,1.933924800971581,25.89273289870658,1.1131914103468472,284.49587866859605
MESSAGEix-GLOBIOM 1.1,ENGAGE-NPi2020-1600,MESSAGEix,ENGAGE,2C,High-CDR,208.84217881817568,31.818880070013243,2.131954950942971,28.371545092644237,1.1187197093669552,272.2832786411431
MESSAGEix-GLOBIOM 1.1,ENGAGE-NPi2020-1600-COV,MESSAGEix,ENGAGE,2C,High-CDR,198.20484697452812,28.648280475777778,1.9044001369093007,29.141840780684706,1.0355569113948313,258.93492527929476
MESSAGEix-GLOBIOM 1.1,ENGAGE-NPi2020-1600f,MESSAGEix,ENGAGE,2C,High-CDR,226.30369470132206,39.19140603309397,1.7268166926275377,27.539797130830884,1.2176306650219708,295.9793452228964
MESSAGEix-GLOBIOM 1.1,ENGAGE-NPi2020-1600f-COV,MESSAGEix,ENGAGE,2C,High-CDR,210.34932672674827,34.59678496280559,1.8590633173449878,28.223702212342985,1.1373410692702972,276.16621828851214
MESSAGEix-GLOBIOM 1.1,ENGAGE-NPi2020-1800,MESSAGEix,ENGAGE,2C,High-CDR,209.31226194673292,28.831002782547586,2.051021273180626,30.17816823474295,1.1420472172292688,271.51450145443334
MESSAGEix-GLOBIOM 1.1,ENGAGE-NPi2020-1800-COV,MESSAGEix,ENGAGE,2C,High-CDR,196.213744268539,26.989889663653862,2.3427582924010775,30.536527541689015,1.059056949306859,257.1419767155898
MESSAGEix-GLOBIOM 1.1,ENGAGE-NPi2020-1800f,MESSAGEix,ENGAGE,2C,High-CDR,217.57466676174286,34.24972086714515,1.7183381056735478,29.371443454766414,1.2074195755848864,284.1215887649128
MESSAGEix-GLOBIOM 1.1,ENGAGE-NPi2020-1800f-COV,MESSAGEix,ENGAGE,2C,High-CDR,205.52873392723808,31.468466330450575,1.6685204295777953,29.939304886792836,1.1576711634794037,269.7626967375387
MESSAGEix-GLOBIOM 1.1,ENGAGE-NPi2020-2000,MESSAGEix,ENGAGE,2C,High-CDR,206.8270568462206,29.256758735468026,2.319773784740966,31.577955016843923,1.1999422339217694,271.1814866171953
MESSAGEix-GLOBIOM 1.1,ENGAGE-NPi2020-2000-COV,MESSAGEix,ENGAGE,2C,High-CDR,194.28087079008154,27.324004458530386,2.072646283359055,32.00206056511058,1.1116895189819473,256.79127161606357
MESSAGEix-GLOBIOM 1.1,ENGAGE-NPi2020-450,MESSAGEix,ENGAGE,1.5C,High-CDR,237.23624962560586,38.606079687076864,2.502349945503963,15.777931915204183,1.2386445712644933,295.36125574465535
MESSAGEix-GLOBIOM 1.1,ENGAGE-NPi2020-500,MESSAGEix,ENGAGE,1.5C,High-CDR,239.05219521549105,39.23047915663755,1.906905108611132,17.42697386022999,1.2818868698336354,298.89844021080336
MESSAGEix-GLOBIOM 1.1,ENGAGE-NPi2020-600,MESSAGEix,ENGAGE,1.5C,High-CDR,237.1904084844895,40.281209041598956,1.958677524990634,17.464717109075707,1.3170031615131108,298.21201532166793
MESSAGEix-GLOBIOM 1.1,ENGAGE-NPi2020-600-COV,MESSAGEix,ENGAGE,1.5C,High-CDR,221.29584593697032,38.21331090673695,1.6388804467372364,18.482969963058203,1.1516205395351098,280.7826277930378
MESSAGEix-GLOBIOM 1.1,ENGAGE-NPi2020-600-DR10p,MESSAGEix,ENGAGE,1.5C,High-CDR,253.40551905008763,4.209703820785495,3.114008337951565,32.087681007364175,1.2464992323245812,294.0634114485135
MESSAGEix-GLOBIOM 1.1,ENGAGE-NPi2020-600-DR1p,MESSAGEix,ENGAGE,1.5C,High-CDR,246.59908870745753,53.26130835546929,1.6808914976657892,11.912851639813434,1.5238103306073318,314.97795053101333
MESSAGEix-GLOBIOM 1.1,ENGAGE-NPi2020-600-DR2p,MESSAGEix,ENGAGE,1.5C,High-CDR,241.58031193175105,52.791710765227975,1.7189754593436868,13.013130872209935,1.4644354725160862,310.5685645010488
MESSAGEix-GLOBIOM 1.1,ENGAGE-NPi2020-600-DR3p,MESSAGEix,ENGAGE,1.5C,High-CDR,240.7511622399627,51.20189864197856,1.7701039807576175,14.124174550419776,1.4102165886714066,309.25755600179
MESSAGEix-GLOBIOM 1.1,ENGAGE-NPi2020-600-DR4p,MESSAGEix,ENGAGE,1.5C,High-CDR,234.03716209909678,49.61712379378786,1.9780367804412526,15.48669386077621,1.2831776834773418,302.4021942175794
MESSAGEix-GLOBIOM 1.1,ENGAGE-NPi2020-700,MESSAGEix,ENGAGE,1.5C,High-CDR,228.74418439828813,39.56480332044,1.928675689895064,18.09646186300959,1.120190880660118,289.4543161522929
MESSAGEix-GLOBIOM 1.1,ENGAGE-NPi2020-700-COV,MESSAGEix,ENGAGE,1.5C,High-CDR,212.82655444835564,37.60576608964219,1.7796949300463338,19.847965204918093,1.021850908531453,273.0818315814937
MESSAGEix-GLOBIOM 1.1,ENGAGE-NPi2020-800-COV,MESSAGEix,ENGAGE,2C,High-CDR,210.27824451688048,37.77861290713629,1.9338023122320749,20.475036985914386,1.0420448994362994,271.5077416215995
MESSAGEix-GLOBIOM 1.1,ENGAGE-NPi2020-900-COV,MESSAGEix,ENGAGE,2C,High-CDR,208.17927690900476,36.621331431228086,2.059188266807432,21.16686187582622,1.0263553733673327,269.05301385623386
MESSAGEix-GLOBIOM 1.1,ENGAGE-NPi2020-900f-COV,MESSAGEix,ENGAGE,2C,High-CDR,224.18970194713071,49.4846357773175,1.6121811280797116,19.343920496914823,1.1317328428460693,295.76217219228886
MESSAGEix-GLOBIOM 1.1,NGFS Phase 2-Below 2°C,MESSAGEix,NGFS Phase 2,2C,High-CDR,206.5314398864246,35.44005112263082,2.108139928659586,21.934341393435854,1.0179125952567976,267.03188492640766
MESSAGEix-GLOBIOM 1.1,NGFS Phase 2-Delayed Transition,MESSAGEix,NGFS Phase 2,2C,High-RE,239.12199581847327,26.561934105122866,3.2499700714659037,19.723106335465605,0.9304378728230153,289.58744420335063
MESSAGEix-GLOBIOM 1.1,NGFS Phase 2-Net-Zero 2050,MESSAGEix,NGFS Phase 2,1.5C,High-CDR,221.15415052373356,38.06379755928964,1.5233935645769228,18.469972390638613,1.1420120542297871,280.35332609246854
MESSAGEix-GLOBIOM 1.2,COVID-Shift-GreenPush_1000,MESSAGEix,COVID,2C,High-CDR,0,0,0,4.579954644546672,0.5530374373235316,5.132992081870203
MESSAGEix-GLOBIOM 1.2,COVID-Shift-GreenPush_550,MESSAGEix,COVID,1.5C,High-CDR,0,0,0,2.239965128651028,0.5530374373235316,2.7930025659745596
MESSAGEix-GLOBIOM 1.2,COVID-Shift-NoPolicyNoCOVID_1000,MESSAGEix,COVID,2C,High-CDR,0,0,0,4.4970725472066695,0.5727849387757802,5.06985748598245
MESSAGEix-GLOBIOM 1.2,COVID-Shift-NoPolicyNoCOVID_550,MESSAGEix,COVID,1.5C,High-CDR,0,0,0,2.34056021384149,0.5730662652116322,2.913626479053122
MESSAGEix-GLOBIOM 1.2,COVID-Shift-Restore_1000,MESSAGEix,COVID,2C,High-CDR,0,0,0,4.344289026406994,0.5527750350403091,4.897064061447303
MESSAGEix-GLOBIOM 1.2,COVID-Shift-Restore_550,MESSAGEix,COVID,1.5C,High-CDR,0,0,0,2.292919917834493,0.5522425909191783,2.845162508753671
MESSAGEix-GLOBIOM 1.2,COVID-Shift-SelfReliance_1000,MESSAGEix,COVID,2C,High-CDR,0,0,0,4.944337981300313,0.5568560497627498,5.501194031063062
MESSAGEix-GLOBIOM 1.2,COVID-Shift-SelfReliance_550,MESSAGEix,COVID,1.5C,High-CDR,0,0,0,2.4383328737657535,0.5534685777526936,2.9918014515184472
MESSAGEix-GLOBIOM 1.2,COVID-Shift-SmartUse_1000,MESSAGEix,COVID,2C,High-CDR,0,0,0,4.645739263876516,0.5532258419480824,5.198965105824597
MESSAGEix-GLOBIOM 1.2,COVID-Shift-SmartUse_550,MESSAGEix,COVID,1.5C,High-CDR,0,0,0,2.403721708138648,0.5532258419480824,2.9569475500867304
MESSAGEix-GLOBIOM 2.0-M-R12-NGFS,NGFS Phase 5-Below 2°C,MESSAGEix,NGFS Phase 5,2C,High-RE,350.38726791744665,2.9716547510848597,0.23371152156922653,19.451426175521362,4.271015614314403,377.3150759799365
MESSAGEix-GLOBIOM 2.0-M-R12-NGFS,NGFS Phase 5-Delayed Transition,MESSAGEix,NGFS Phase 5,2C,High-RE,343.7899942101272,3.2712797125551027,1.641835662237545,21.53753310333835,4.222790152911344,374.4634328411695
MESSAGEix-GLOBIOM GEI 1.0,GEI-SSP2-int-lc-15,MESSAGEix,GEI,2C,High-CDR,284.12633657259204,6.886841147381523,2.9978690779906896,54.925002969369444,3.4590132893189693,352.39506305665265
MESSAGEix-GLOBIOM GEI 1.0,GEI-SSP2-int-mc-15,MESSAGEix,GEI,2C,High-CDR,175.2949392506556,56.060098277784135,2.770092376585734,56.15557074786428,3.3222157833698476,293.60291643625965
MESSAGEix-GLOBIOM GEI 1.0,GEI-SSP2-int-mc-50,MESSAGEix,GEI,1.5C,High-CDR,245.79243197970143,59.697801535943086,4.344250791859493,42.40611267534207,4.000969274519519,356.24156625736566
MESSAGEix-GLOBIOM GEI 1.0,GEI-SSP2-noint-lc-15,MESSAGEix,GEI,2C,High-CDR,285.0588584691148,6.866007435339484,3.176346380645323,55.063141334296304,3.474399050602537,353.63875266999844
MESSAGEix-GLOBIOM GEI 1.0,GEI-SSP2-noint-mc-15,MESSAGEix,GEI,2C,High-CDR,181.1893514587004,55.73136284871753,2.7755430258411993,55.791961077382545,3.367150361519636,298.8553687721613
MESSAGEix-GLOBIOM GEI 1.0,GEI-SSP2-noint-mc-50,MESSAGEix,GEI,1.5C,High-CDR,249.96288028151358,59.22442608243152,4.3826228176702875,42.270871008250026,4.037433956753907,359.8782341466193
MESSAGEix-GLOBIOM GEI 1.0,GEI-SSP2-openres-lc-100,MESSAGEix,GEI,1.5C,High-CDR,351.4048913859485,32.08834852731177,3.1024552324512977,34.54710103761877,4.323872671673488,425.4666688550038
MESSAGEix-GLOBIOM GEI 1.0,GEI-SSP2-openres-lc-120,MESSAGEix,GEI,1.5C,High-CDR,351.68053421469045,36.79448917420916,3.627645455725788,32.6811327883308,4.372613020973185,429.15641465392946
MESSAGEix-GLOBIOM GEI 1.0,GEI-SSP2-openres-lc-15,MESSAGEix,GEI,2C,High-CDR,268.0186170471286,6.824698946438286,3.0334848673403187,55.96893063739924,3.444761947900268,337.2904934462067
MESSAGEix-GLOBIOM GEI 1.0,GEI-SSP2-openres-lc-50,MESSAGEix,GEI,2C,High-RE,334.9752231831136,25.994875375773404,1.397501294450494,31.669448682424864,3.70128763407696,397.73833616983933
MESSAGEix-GLOBIOM GEI 1.0,GEI-SSP2-openres-lc-80,MESSAGEix,GEI,1.5C,High-CDR,345.8553147392277,27.915704814359305,2.7918213140036015,37.484573129451974,4.248176622802177,418.29559061984475
MESSAGEix-GLOBIOM GEI 1.0,GEI-SSP2-openres-lc-CB400,MESSAGEix,GEI,1.5C,High-RE,360.0700288293571,51.81551536975266,4.065732580249976,22.921892825548095,4.7858513355000625,443.6590209404079
MESSAGEix-GLOBIOM GEI 1.0,GEI-SSP2-openres-lc-CB500,MESSAGEix,GEI,1.5C,High-RE,360.4021938735182,47.50721679547336,3.950423290734562,23.90173106260043,4.624691505790383,440.3862565281169
MESSAGEix-GLOBIOM GEI 1.0,GEI-SSP2-openres-lc-CB550,MESSAGEix,GEI,1.5C,High-RE,360.0723849706378,45.83249725309016,3.8604176207652556,24.99146004123185,4.585078558938962,439.34183844466406
MESSAGEix-GLOBIOM GEI 1.0,GEI-SSP2-openres-mc-15,MESSAGEix,GEI,2C,High-CDR,180.42529672293816,52.68639023274618,2.7375822216096113,57.13257489514613,3.3460087837451367,296.3278528561852
MESSAGEix-GLOBIOM GEI 1.0,GEI-SSP2-openres-mc-50,MESSAGEix,GEI,1.5C,High-CDR,251.2314303859127,58.8135094412652,4.438920576199895,43.13603674341809,4.0487787391019365,361.6686758858978
POLES-JRC ENGAGE,ENGAGE-INDCi2030-1000,POLES,ENGAGE,2C,High-CDR,271.89102347296716,24.373257664278185,45.229403894455416,45.56596598351121,5.260473654810776,392.3201246700227
POLES-JRC ENGAGE,ENGAGE-INDCi2030-1000-COV,POLES,ENGAGE,2C,High-CDR,234.7099078711884,21.088620499330847,41.338004814316534,42.74855089234814,4.8127476333167865,344.69783171050074
POLES-JRC ENGAGE,ENGAGE-INDCi2030-1000-COV-NDCp,POLES,ENGAGE,2C,High-CDR,234.64644797009333,21.07745568495839,42.314508993676284,42.203754036644035,4.801940463132053,345.0441071485041
POLES-JRC ENGAGE,ENGAGE-INDCi2030-1000-NDCp,POLES,ENGAGE,2C,High-CDR,277.10361274994216,23.05070054470044,42.777896590157425,51.85738116388907,5.43655496112755,400.22614600981666
POLES-JRC ENGAGE,ENGAGE-INDCi2030-1000f,POLES,ENGAGE,2C,High-CDR,259.11127956546665,21.586318412831453,53.418561172041294,44.77661548504498,5.2135819353178965,384.1063565707023
POLES-JRC ENGAGE,ENGAGE-INDCi2030-1000f-COV,POLES,ENGAGE,2C,High-CDR,231.86259060510085,18.74803768068817,47.863104682775834,42.23623019368133,4.755795841098611,345.4657590033448
POLES-JRC ENGAGE,ENGAGE-INDCi2030-1000f-COV-NDCp,POLES,ENGAGE,2C,High-CDR,232.1470716367857,18.929861550965317,46.56443191342797,43.029171754420304,4.796508036399115,345.4670448919984
POLES-JRC ENGAGE,ENGAGE-INDCi2030-1000f-NDCp,POLES,ENGAGE,2C,High-CDR,268.83904616898064,20.988443181213498,50.22000822366396,50.356800233326425,5.2692143229966835,395.6735121301813
POLES-JRC ENGAGE,ENGAGE-INDCi2030-1200,POLES,ENGAGE,2C,High-CDR,256.7939455156557,22.699253171675803,41.421150994785116,48.56125845760358,5.159476393117663,374.6350845328379
POLES-JRC ENGAGE,ENGAGE-INDCi2030-1200f,POLES,ENGAGE,2C,High-CDR,255.3169253696596,21.30801506786374,44.167666178882286,48.66457049429476,5.159231764571066,374.6164088752715
POLES-JRC ENGAGE,ENGAGE-INDCi2030-1400,POLES,ENGAGE,2C,High-CDR,259.8281879987281,23.62354324257075,30.09802003151389,54.245567152528075,5.222821582270896,373.01814000761175
POLES-JRC ENGAGE,ENGAGE-INDCi2030-1400f,POLES,ENGAGE,2C,High-CDR,259.3802025792725,23.588826824761785,31.43215474024483,53.87406071239759,5.193461786986595,373.4687066436633
POLES-JRC ENGAGE,ENGAGE-INDCi2030-1600,POLES,ENGAGE,2C,High-CDR,256.7414192288514,24.407977335408816,21.334261564400915,58.825470475192624,5.057906933659339,366.3670355375131
POLES-JRC ENGAGE,ENGAGE-INDCi2030-1600f,POLES,ENGAGE,2C,High-CDR,256.7414192288514,24.407977335408816,21.334261564400915,58.825470475192624,5.057906933659339,366.3670355375131
POLES-JRC ENGAGE,ENGAGE-INDCi2030-1800,POLES,ENGAGE,2C,High-CDR,251.58242884500962,24.03003402708472,16.229060025791195,63.649386851904396,5.049568518121696,360.54047826791157
POLES-JRC ENGAGE,ENGAGE-INDCi2030-1800f,POLES,ENGAGE,2C,High-CDR,251.58242884500962,24.03003402708472,16.229060025791195,63.649386851904396,5.049568518121696,360.54047826791157
POLES-JRC ENGAGE,ENGAGE-INDCi2030-2000,POLES,ENGAGE,2C,High-CDR,247.2354119892139,23.279468108277648,15.358387112711151,65.6925195891533,5.009084494277101,356.57487129363307
POLES-JRC ENGAGE,ENGAGE-INDCi2030-2000f,POLES,ENGAGE,2C,High-CDR,247.2354119892139,23.279468108277648,15.358387112711151,65.6925195891533,5.009084494277101,356.57487129363307
POLES-JRC ENGAGE,ENGAGE-INDCi2030-2500,POLES,ENGAGE,2C,High-CDR,221.8833055937174,20.096955885877108,10.685942064330053,76.4604576683105,4.96258681116539,334.08924802340044
POLES-JRC ENGAGE,ENGAGE-INDCi2030-2500f,POLES,ENGAGE,2C,High-CDR,221.8833055937174,20.096955885877108,10.685942064330053,76.4604576683105,4.96258681116539,334.08924802340044
POLES-JRC ENGAGE,ENGAGE-INDCi2030-300f,POLES,ENGAGE,1.5C,High-CDR,310.84054384127904,31.239073588951747,71.3114995654129,43.60855428079591,5.4485821911031005,462.44825346754277
POLES-JRC ENGAGE,ENGAGE-INDCi2030-400f,POLES,ENGAGE,1.5C,High-CDR,307.0306225828437,30.15277832299299,68.8283545554305,42.669822136793016,5.579099040162701,454.2606766382229
POLES-JRC ENGAGE,ENGAGE-INDCi2030-500f,POLES,ENGAGE,2C,High-CDR,287.48841858231214,27.541651478973012,62.43856239234976,41.85893369700445,5.221983752759009,424.54954990339843
POLES-JRC ENGAGE,ENGAGE-INDCi2030-600f,POLES,ENGAGE,2C,High-CDR,281.8639076895426,25.9106442942669,59.72936744038986,40.71612949843746,5.271375861818302,413.4914247844551
POLES-JRC ENGAGE,ENGAGE-INDCi2030-600f-COV,POLES,ENGAGE,2C,High-CDR,249.5455612757286,20.816366691226875,60.24183013610066,37.166873815056384,4.924669382113083,372.6953013002256
POLES-JRC ENGAGE,ENGAGE-INDCi2030-600f-COV-NDCp,POLES,ENGAGE,2C,High-CDR,248.32439145698478,20.524106784611185,62.98867041251224,36.889775793693865,4.967776602822528,373.69472105062465
POLES-JRC ENGAGE,ENGAGE-INDCi2030-600f-NDCp,POLES,ENGAGE,2C,High-CDR,292.55477839539446,24.686815444935032,54.95311771144719,46.59119277369046,5.532404533795692,424.3183088592628
POLES-JRC ENGAGE,ENGAGE-INDCi2030-700f,POLES,ENGAGE,2C,High-CDR,271.7447993801451,24.563550727579027,58.768783160491964,40.73189696871023,5.242608793350461,401.05163903027676
POLES-JRC ENGAGE,ENGAGE-INDCi2030-800f,POLES,ENGAGE,2C,High-CDR,266.5571974992744,21.940585804881287,58.063327197455095,40.86033290844915,5.264913531129809,392.6863569411898
POLES-JRC ENGAGE,ENGAGE-INDCi2030-900f,POLES,ENGAGE,2C,High-CDR,260.7040817742446,21.44229399954563,54.10706615838856,43.019372451929875,5.282664763359152,384.5554791474679
POLES-JRC ENGAGE,ENGAGE-INDCi2100-COV-NDCp,POLES,ENGAGE,2C,High-CDR,193.71408090805457,16.320031336657458,8.964618248133853,85.07589924254022,4.369950510570146,308.4445802459562
POLES-JRC ENGAGE,ENGAGE-INDCi2100-NDCp,POLES,ENGAGE,2C,High-CDR,212.93718357462927,17.860250365417997,9.697104142343937,93.45883570299989,4.775966694391333,338.7293404797824
POLES-JRC ENGAGE,ENGAGE-NPi2020-1000,POLES,ENGAGE,2C,High-CDR,266.7585421179344,26.097530946783746,37.00601617005584,46.24318929260614,5.2975464494035585,381.4028249767837
POLES-JRC ENGAGE,ENGAGE-NPi2020-1000-COV,POLES,ENGAGE,2C,High-CDR,241.2800147558321,23.606505329133,29.253297909873183,45.7960871025339,4.891403021621119,344.8273081189933
POLES-JRC ENGAGE,ENGAGE-NPi2020-1000f,POLES,ENGAGE,2C,High-CDR,262.4020536805512,23.122777011171223,46.622166704308405,47.40919378870381,5.282478976482775,384.8386701612174
POLES-JRC ENGAGE,ENGAGE-NPi2020-1000f-COV,POLES,ENGAGE,2C,High-CDR,232.06780880701274,20.074156233889603,40.487617343981405,45.68767819721065,4.785493152427998,343.1027537345224
POLES-JRC ENGAGE,ENGAGE-NPi2020-1200,POLES,ENGAGE,2C,High-CDR,266.3191504161652,26.16843576163668,24.36830077503217,53.997431511155966,5.271007569364772,376.1243260333548
POLES-JRC ENGAGE,ENGAGE-NPi2020-1200f,POLES,ENGAGE,2C,High-CDR,255.66605367349175,22.915785822822585,39.73714632037817,51.62230144348775,5.143584059125159,375.0848713193054
POLES-JRC ENGAGE,ENGAGE-NPi2020-1400,POLES,ENGAGE,2C,High-CDR,259.12543104717554,25.54042516042736,23.271583461651595,57.519043561511694,5.095237693997338,370.5517209247635
POLES-JRC ENGAGE,ENGAGE-NPi2020-1400f,POLES,ENGAGE,2C,High-CDR,258.49445635374013,24.692708731292143,27.57811753790541,56.74508283500653,5.081063984124308,372.5914294420686
POLES-JRC ENGAGE,ENGAGE-NPi2020-1600,POLES,ENGAGE,2C,High-CDR,252.30162758973597,24.672809061930078,18.480084940738628,61.1420706524033,4.973940883960018,361.570533128768
POLES-JRC ENGAGE,ENGAGE-NPi2020-1600f,POLES,ENGAGE,2C,High-CDR,252.89629441933832,24.75466813606713,18.8844045729415,60.925420192961184,4.97337243187731,362.43415975318544
POLES-JRC ENGAGE,ENGAGE-NPi2020-1800,POLES,ENGAGE,2C,High-CDR,247.65422290637,23.690206312309726,16.22635985778842,64.50896923402995,4.93290868703271,357.0126669975308
POLES-JRC ENGAGE,ENGAGE-NPi2020-1800f,POLES,ENGAGE,2C,High-CDR,247.65422290637,23.690206312309726,16.22635985778842,64.50896923402995,4.93290868703271,357.0126669975308
POLES-JRC ENGAGE,ENGAGE-NPi2020-2000,POLES,ENGAGE,2C,High-CDR,240.61357681786038,22.732592960052443,14.636708439871269,67.84491379279751,4.911465521458534,350.7392575320401
POLES-JRC ENGAGE,ENGAGE-NPi2020-2000f,POLES,ENGAGE,2C,High-CDR,240.61357681786038,22.732592960052443,14.636708439871269,67.84491379279751,4.911465521458534,350.7392575320401
POLES-JRC ENGAGE,ENGAGE-NPi2020-2500,POLES,ENGAGE,2C,High-CDR,218.43778699880517,19.427440134898504,10.328938216958315,79.45074378185669,4.9176757034739635,332.5625848359926
POLES-JRC ENGAGE,ENGAGE-NPi2020-2500f,POLES,ENGAGE,2C,High-CDR,218.43778699880517,19.427440134898504,10.328938216958315,79.45074378185669,4.9176757034739635,332.5625848359926
POLES-JRC ENGAGE,ENGAGE-NPi2020-300f,POLES,ENGAGE,1.5C,High-CDR,293.89206223085426,31.48531993431045,70.78839326817086,36.4307313508408,5.752593213350054,438.3490999975265
POLES-JRC ENGAGE,ENGAGE-NPi2020-400f,POLES,ENGAGE,1.5C,High-CDR,283.9518667461626,29.125736178284615,67.4919898162388,35.95712821773152,5.632022899318901,422.15874385773645
POLES-JRC ENGAGE,ENGAGE-NPi2020-500f,POLES,ENGAGE,2C,High-CDR,276.2778097905073,25.89693429704784,65.18829890149831,36.19495083489274,5.591172573807676,409.1491663977539
POLES-JRC ENGAGE,ENGAGE-NPi2020-600,POLES,ENGAGE,2C,High-CDR,287.3203362035793,29.04529101155631,47.812130039993995,39.01322498706339,5.673767621749534,408.86474986394256
POLES-JRC ENGAGE,ENGAGE-NPi2020-600f,POLES,ENGAGE,2C,High-CDR,278.23360207314295,25.605099729305707,59.43907920564737,38.586493423817906,5.53509544275733,407.3993698746712
POLES-JRC ENGAGE,ENGAGE-NPi2020-600f-COV,POLES,ENGAGE,2C,High-CDR,242.98122801843186,19.982203799841447,58.21864255355582,35.3578737261698,5.087698684954628,361.62764678295355
POLES-JRC ENGAGE,ENGAGE-NPi2020-700,POLES,ENGAGE,2C,High-CDR,278.5918658432928,27.51610799391066,48.203899391930854,40.26074166445325,5.587514576272566,400.16012946986007
POLES-JRC ENGAGE,ENGAGE-NPi2020-700f,POLES,ENGAGE,2C,High-CDR,273.00407117493097,24.790192979283006,57.79464152281967,40.230330297346555,5.494807151541648,401.31404312592184
POLES-JRC ENGAGE,ENGAGE-NPi2020-800,POLES,ENGAGE,2C,High-CDR,275.7134889195501,27.284645146956365,46.75914934313557,42.15236382727998,5.495546446195598,397.40519368311755
POLES-JRC ENGAGE,ENGAGE-NPi2020-800f,POLES,ENGAGE,2C,High-CDR,268.79762135698206,23.15500676682454,56.96395773242545,42.35199395355456,5.429168693626107,396.6977485034127
POLES-JRC ENGAGE,ENGAGE-NPi2020-900,POLES,ENGAGE,2C,High-CDR,267.8723716627546,26.352907638390867,44.42168544242355,44.34391999958607,5.399993968367442,388.39087871152253
POLES-JRC ENGAGE,ENGAGE-NPi2020-900f,POLES,ENGAGE,2C,High-CDR,266.10145357060406,22.79862834537713,52.68396765011641,44.67518184675753,5.324276911932003,391.58350832478715
REMIND 2.1,CEMICS-GDPgrowth-1.5°C,REMIND,CEMICS,1.5C,High-RE,852.2307715155462,19.515192474268343,36.56941445322246,8.649752740434998,7.850243414147277,924.8153745976192
REMIND 2.1,CEMICS-GDPgrowth-2.0°C,REMIND,CEMICS,2C,High-RE,691.7592244763808,15.755419899029775,3.118172632603264,21.717406495655847,6.731313388342143,739.0815368920119
REMIND 2.1,CEMICS-HotellingConst-1.5°C,REMIND,CEMICS,1.5C,High-RE,896.2343114444215,17.430443941196465,50.400483213525746,7.897362317643512,8.859461560493399,980.8220624772805
REMIND 2.1,CEMICS-HotellingConst-2.0°C,REMIND,CEMICS,2C,High-RE,639.544765413143,14.66124267705577,17.70688935458876,20.120233597179656,6.490326910350747,698.5234579523178
REMIND 2.1,CEMICS-Linear-1.5°C,REMIND,CEMICS,1.5C,High-RE,844.3692855998733,17.12197804290223,43.83212379415863,8.200644850818296,7.946262715310987,921.4702950030634
REMIND 2.1,CEMICS-Linear-2.0°C,REMIND,CEMICS,2C,High-RE,629.7394288996568,14.73433266845742,8.20704715584213,22.12901192678813,6.442765560586131,681.2525862113307
REMIND 2.1,CEMICS-NPI,REMIND,CEMICS,2C,High-RE,424.48380066888853,5.509604627512372,5.537999793317101,81.52762640109965,5.210943528089233,522.2699750189068
REMIND 2.1,CEMICS-Optimal-1.5°C,REMIND,CEMICS,1.5C,High-RE,643.75131280553,18.972071846120574,32.29705583004167,16.413343664369055,6.73852672810672,718.1723108741681
REMIND 2.1,CEMICS-Optimal-2.0°C,REMIND,CEMICS,2C,High-RE,660.4904361235057,13.657377048343154,12.651432170963162,22.802909071737744,6.816616931907359,716.4187713464571
REMIND 2.1,LeastTotalCost-CBA-brkLR15-SSP2-P50,REMIND,LeastTotalCost,2C,High-RE,569.8348633810217,12.99775712631138,9.767456129611181,19.731540452306415,6.077916006687005,618.4095330959376
REMIND 2.1,LeastTotalCost-CBA-brkSR15-SSP2-P50,REMIND,LeastTotalCost,2C,High-RE,529.8847821841881,11.576591540091751,3.5056077519002136,26.664385208609676,5.8712183215161415,577.5025850063059
REMIND 2.1,LeastTotalCost-CEA-brkLR15-SSP2-P50,REMIND,LeastTotalCost,2C,High-RE,562.3480491898982,12.70410919216994,3.40412011485657,25.37180579253485,5.979610369711327,609.8076946591709
REMIND 2.1,LeastTotalCost-CEA-brkSR15-SSP2-P50,REMIND,LeastTotalCost,2C,High-RE,563.0918981989377,11.9106534795711,3.413388858947014,25.64136715719128,6.081421042200871,610.138728736848
REMIND 2.1,LeastTotalCost-LTC-brkLR15-SSP2-P50,REMIND,LeastTotalCost,2C,High-RE,570.8942406439046,12.984561893801196,9.840454820851473,18.51310503670321,6.037786910284285,618.2701493055448
REMIND 2.1,LeastTotalCost-LTC-brkLR15-SSP5-P50,REMIND,LeastTotalCost,2C,High-RE,579.8041903387833,27.301200482491218,55.88290438293003,26.620452927484894,6.499508262428977,696.1082563941184
REMIND 2.1,LeastTotalCost-LTC-brkSR15-SSP2-P50,REMIND,LeastTotalCost,2C,High-RE,550.7835508691375,11.87517390264461,3.698303711255584,24.44694632091899,6.046164761712824,596.8501395656695
REMIND 2.1,LeastTotalCost-LTC-brkSR15-SSP5-P50,REMIND,LeastTotalCost,2C,High-RE,540.5882247237821,25.551035558448156,35.96489175567265,27.46611005566548,6.48318552756319,636.0534476211317
REMIND 2.1,LeastTotalCost-NDC-brkLR15-SSP2-P50,REMIND,LeastTotalCost,2C,High-RE,467.19507264177025,11.340398061003745,3.6908365235749203,35.07517365144198,5.340312435536766,522.6417933133276
REMIND 2.1,LeastTotalCost-NDC-brkSR15-SSP2-P50,REMIND,LeastTotalCost,2C,High-RE,455.85610806208024,9.968813954295792,3.7268906554394845,36.874865692666965,5.356753635830004,511.78343200031253
REMIND 2.1,LeastTotalCost-NPi-brkLR15-SSP2-P50,REMIND,LeastTotalCost,2C,High-RE,350.8046307391222,4.667327357208879,5.566975428891064,68.03362542844107,4.75088508787569,433.8234440415389
REMIND 2.1,R2p1-SSP1-NDC,REMIND,R2p1,2C,High-RE,326.37732708962915,1.5136744495141248,3.4926595383151917,24.765729076438983,4.463946232606046,360.6133363865035
REMIND 2.1,R2p1-SSP2-1100,REMIND,R2p1,2C,High-RE,669.9715504998718,8.850830693833947,3.5852938213326406,17.719503958589705,6.721716229922351,706.8488952035505
REMIND 2.1,R2p1-SSP2-1300,REMIND,R2p1,2C,High-RE,630.392164273222,7.575971516077507,2.9361546896180384,24.67001557299694,6.502696397543456,672.0770024494581
REMIND 2.1,R2p1-SSP2-900,REMIND,R2p1,1.5C,High-RE,703.6848171787091,9.110749740674795,7.925536199675722,10.977685169229614,6.881775806394811,738.5805640946841
REMIND 2.1,R2p1-SSP2-NDC,REMIND,R2p1,2C,High-RE,543.0595170774654,5.675567465538772,3.3123536625294028,33.5541433597444,5.86161961246528,591.4632011777433
REMIND 2.1,R2p1-SSP2-NPi,REMIND,R2p1,2C,High-RE,416.93224134665206,6.874680981637511,4.764723802128581,48.11988969971225,4.754107016013564,481.445642846144
REMIND 2.1,R2p1-SSP5-1100,REMIND,R2p1,1.5C,High-RE,693.4059567132073,29.191691564596574,18.083458075951526,27.899056188501717,7.484994443740767,776.065156985998
REMIND 2.1,R2p1-SSP5-1300,REMIND,R2p1,2C,High-RE,674.7694478448966,28.386516691759535,14.332937981206342,30.42980316029666,7.259888755544732,755.1785944337039
REMIND 2.1,R2p1-SSP5-NDC,REMIND,R2p1,2C,High-RE,456.861961903692,9.206424659894713,4.353445696390061,84.73954519263336,5.809385370090946,560.9707628227011
REMIND 2.1,TechCost-SSP2-1100-bioH,REMIND,TechCost,2C,High-RE,713.5686606976644,13.301314514827064,6.606996499989256,21.491197055836654,7.14695209073349,762.115120859051
REMIND 2.1,TechCost-SSP2-1100-ccsH,REMIND,TechCost,2C,High-RE,660.6216334234044,11.498216108097768,5.672808919547616,15.134394389875567,6.842115270346127,699.7691681112714
REMIND 2.1,TechCost-SSP2-1100-coalH,REMIND,TechCost,2C,High-RE,729.6766241498444,14.420513717743054,5.028265439326323,18.28949671991224,7.249614095578787,774.6645141224047
REMIND 2.1,TechCost-SSP2-1100-elh2H,REMIND,TechCost,2C,High-RE,749.2755535622505,14.077907990962656,4.882565155868215,21.377459665711907,7.5350957986264655,797.1485821734196
REMIND 2.1,TechCost-SSP2-1100-gasH,REMIND,TechCost,2C,High-RE,725.134268887088,14.33947149758133,5.698174745106981,18.906406383405322,7.222607887521673,771.3009294007034
REMIND 2.1,TechCost-SSP2-1100-nucH,REMIND,TechCost,2C,High-RE,681.1545978565306,30.093212504352106,4.399852866839327,19.51436312333883,7.465575703662502,742.6276020547234
REMIND 2.1,TechCost-SSP2-1100-oilH,REMIND,TechCost,2C,High-RE,726.7473925881242,15.12280655874709,9.202848971662458,14.737562311493228,7.118431072494714,772.9290415025217
REMIND 2.1,TechCost-SSP2-1100-spvH,REMIND,TechCost,2C,High-RE,799.3528905699941,10.879525796854368,4.405325431821461,18.64004942514972,8.262159790244905,841.5399510140646
REMIND 2.1,TechCost-SSP2-1100-windH,REMIND,TechCost,2C,High-RE,811.6610324848999,9.259396074552495,3.775212405415844,18.351391748273674,6.997400909649303,850.0444336227913
REMIND 3.0,ENGAGE-Feasibility-1000/Cost-Effective,REMIND,ENGAGE,2C,High-RE,498.2005913733172,2.6080576050974833,2.5403664145615017,10.219964037286719,1.1897733669372286,514.7587527972001
REMIND 3.0,ENGAGE-Feasibility-1000/Enablers & Institutional,REMIND,ENGAGE,2C,High-RE,263.4632534702945,2.2288929079917543,3.574907883555008,12.045320847126797,1.1177190735801246,282.4300941825482
REMIND 3.0,ENGAGE-Feasibility-1000/Institutional,REMIND,ENGAGE,2C,High-RE,501.09513651600645,2.575192987846126,2.8255856569812723,11.013646426252674,1.2002336171694743,518.709795204256
REMIND 3.0,ENGAGE-Feasibility-1000/Technology,REMIND,ENGAGE,2C,High-RE,504.93614043292257,2.647779025347105,2.3921257113221097,9.252572041546475,1.261027748879039,520.4896449600172
REMIND 3.0,ENGAGE-Feasibility-1000/Technology & Enablers & Institutional,REMIND,ENGAGE,2C,High-RE,272.4331212121827,2.221136883259246,3.269596790467654,11.475396301664375,1.1085368704147336,290.50778805798876
REMIND 3.0,ENGAGE-Feasibility-1000/Technology & Institutional,REMIND,ENGAGE,2C,High-RE,496.9895480492564,2.6826070772769706,2.722094580669212,10.250034387016388,1.2823398339867962,513.9266239282058
REMIND 3.0,ENGAGE-Feasibility-Maximum-Effort/Cost-Effective,REMIND,ENGAGE,1.5C,High-RE,510.91218017469293,3.4635669485451657,4.345418410701425,5.019644254187682,1.2937399591267165,525.0345497472539
REMIND 3.0,ENGAGE-Feasibility-Maximum-Effort/Enablers & Institutional [Pessimistic],REMIND,ENGAGE,2C,High-RE,256.1082676985533,2.0761471934774938,11.616548055115471,17.685161416718028,1.1301820646568002,288.616306428521
REMIND 3.0,ENGAGE-Feasibility-Maximum-Effort/Institutional,REMIND,ENGAGE,2C,High-RE,500.13632080128195,2.7749473277563186,4.128298987211657,10.214507909306722,1.282778584421948,518.5368536099786
REMIND 3.0,ENGAGE-Feasibility-Maximum-Effort/Institutional [Optimistic],REMIND,ENGAGE,2C,High-RE,503.7031827396152,2.7534529471111076,4.384664484187548,9.80033058175958,1.3606418905140147,522.0022726431874
REMIND 3.0,ENGAGE-Feasibility-Maximum-Effort/Institutional [Pessimistic],REMIND,ENGAGE,2C,High-RE,502.77061188898944,2.357587936560681,4.673751552407546,16.519769350604644,1.2820451573976113,527.6037658859599
REMIND 3.0,ENGAGE-Feasibility-Maximum-Effort/Technology,REMIND,ENGAGE,1.5C,High-RE,508.247578564242,3.852052311635835,2.9480894414478453,4.793220972786165,1.3287115512847008,521.1696528413966
REMIND 3.0,ENGAGE-Feasibility-Maximum-Effort/Technology & Enablers & Institutional [Pessimistic],REMIND,ENGAGE,2C,High-RE,260.9646467851087,2.1163745230393145,4.377266549857197,17.139335817540093,1.1156032788349155,285.7132269543803
REMIND 3.0,ENGAGE-Feasibility-Maximum-Effort/Technology & Institutional,REMIND,ENGAGE,2C,High-RE,503.64304062780406,2.7606230887073795,2.6964346047348964,9.731713735660392,1.3482758275003899,520.1800878844072
REMIND 3.0,ENGAGE-Feasibility-Maximum-Effort/Technology & Institutional [Optimistic],REMIND,ENGAGE,2C,High-RE,502.5793072052246,2.7566615071834675,2.5690456029292448,9.283918845493595,1.3892554293313064,518.5781885901622
REMIND 3.0,ENGAGE-Feasibility-Maximum-Effort/Technology & Institutional [Pessimistic],REMIND,ENGAGE,2C,High-RE,491.29607741242916,2.356837502602304,2.7265259276273413,15.608598575989722,1.392228494731272,513.3802679133798
REMIND 3.0,NAVIGATE Demand-1.5°C-all_u,REMIND,NAVIGATE,1.5C,High-CDR,340.4009102521878,4.1832304372186115,6.856442020570761,13.089570482680545,4.567664641336618,369.0978178339944
REMIND 3.0,NAVIGATE Demand-2.0°C-act_u,REMIND,NAVIGATE,2C,High-RE,418.2780845042919,3.9902702807542054,2.7244920712642315,15.262998507938438,4.2618771934018715,444.51772255765064
REMIND 3.0,NAVIGATE Demand-2.0°C-all_u,REMIND,NAVIGATE,2C,High-RE,327.00409179607243,3.9162979520802677,3.2852183982559007,20.782046929022375,4.451823935731591,359.4394790111626
REMIND 3.0,NAVIGATE Demand-2.0°C-ele_u,REMIND,NAVIGATE,2C,High-RE,442.6306294104797,4.18135162879251,3.1183144789851793,22.295515530197513,5.312042396487353,477.53785344494224
REMIND 3.0,NAVIGATE Demand-2.0°C-tec_u,REMIND,NAVIGATE,2C,High-RE,408.7663048965062,4.024665911585389,2.716665677446495,15.186676538883463,4.309762386960061,435.00407541138156
REMIND 3.0,NAVIGATE Demand-NPi-act,REMIND,NAVIGATE,2C,High-RE,311.2647694353515,4.014368558366524,3.1687940286166465,24.574601479439323,3.581237127424379,346.6037706291984
REMIND 3.0,NAVIGATE Demand-NPi-ele,REMIND,NAVIGATE,2C,High-RE,390.55306464835945,4.201850417348026,3.4306176753065136,30.250819075932746,4.6520930417213275,433.0884448586681
REMIND 3.0,NAVIGATE Demand-NPi-ref,REMIND,NAVIGATE,2C,High-RE,369.7233382798013,4.127967348774793,3.042386953555802,25.81180249129848,3.7730970660623426,406.4785921394927
REMIND-Buildings 2.0,BEG-600,REMIND,BEG,1.5C,High-RE,769.5527306676123,22.076706153892513,20.63468411414496,14.373935716383908,7.713899251226857,834.3519559032607
REMIND-Buildings 2.0,BEG-600-Efficiency,REMIND,BEG,1.5C,High-RE,693.1286364868453,21.088750139570696,21.641544623359394,13.23324262836768,6.947229658421628,756.0394035365646
REMIND-MAgPIE 1.7-3.0,CD-LINKS-INDC2030i_1000,REMIND,CD,1.5C,High-RE,704.3227915362071,16.86502062842578,6.49665974556556,12.807356720612594,8.162914695233841,748.6547433260449
REMIND-MAgPIE 1.7-3.0,CD-LINKS-INDC2030i_1600,REMIND,CD,2C,High-RE,709.71977853841,16.341270529688902,1.1905026435644737,15.309079719240072,7.856970848132123,750.4176022790356
REMIND-MAgPIE 1.7-3.0,CD-LINKS-INDC2030i_400,REMIND,CD,1.5C,High-RE,764.8765794053368,17.851551397399938,22.02610652385732,11.338676298844668,8.866414141756495,824.9593277671952
REMIND-MAgPIE 1.7-3.0,CD-LINKS-INDCi,REMIND,CD,2C,High-RE,540.1335514009734,17.48461597428268,1.4740982663641575,27.989766482766537,6.381772986350352,593.4638051107371
REMIND-MAgPIE 1.7-3.0,CD-LINKS-NPi,REMIND,CD,2C,High-RE,504.0504620869445,15.276099932486431,1.5743185490286147,39.11755439114387,6.004025110259313,566.0224600698627
REMIND-MAgPIE 1.7-3.0,CD-LINKS-NPi2020_1000,REMIND,CD,1.5C,High-RE,760.3109348668944,16.610534144204482,2.0023595151652858,8.72377808557043,8.37556798101537,796.0231745928501
REMIND-MAgPIE 1.7-3.0,CD-LINKS-NPi2020_1600,REMIND,CD,2C,High-RE,668.4741901847302,15.504545905732003,1.160153253178892,12.32446171181697,7.837823134949633,705.3011741904078
REMIND-MAgPIE 1.7-3.0,CD-LINKS-NPi2020_400,REMIND,CD,1.5C,High-RE,692.4017232412189,16.55329660852536,8.98301742797688,5.621267540698317,7.953452262120273,731.5127570805398
REMIND-MAgPIE 1.7-3.0,CD-LINKS-No-Policy,REMIND,CD,2C,High-RE,504.18334014602584,16.543343413889485,1.03771386302504,41.32126491173513,6.058531747345817,569.1441940820214
REMIND-MAgPIE 1.7-3.0,COMMIT-2°C-2020,REMIND,COMMIT,1.5C,High-RE,691.1301614922332,16.147851454125252,2.04649137334518,9.395249548735789,7.939077451542396,726.6588313199819
REMIND-MAgPIE 1.7-3.0,COMMIT-2°C-2030,REMIND,COMMIT,1.5C,High-RE,686.7457104144379,16.497544251301274,6.877013176883927,14.185991892607749,7.934643873758276,732.2409036089891
REMIND-MAgPIE 1.7-3.0,COMMIT-Baseline,REMIND,COMMIT,2C,High-RE,485.16524630877535,15.658017007843132,1.0088531721137513,41.92084683304579,5.9024745808065315,549.6554379025845
REMIND-MAgPIE 1.7-3.0,COMMIT-Bridge,REMIND,COMMIT,1.5C,High-RE,676.1992775896817,16.84564148288633,1.1752126216506829,11.275086790632121,7.788767510116189,713.283985994967
REMIND-MAgPIE 1.7-3.0,COMMIT-Current-Policies,REMIND,COMMIT,2C,High-RE,485.975106978569,14.501984435200315,1.5400831632883805,40.4949024711114,5.90429603049711,548.4163730786662
REMIND-MAgPIE 1.7-3.0,COMMIT-GPP,REMIND,COMMIT,2C,High-RE,562.4061074746417,16.87866584688095,1.0398896722021285,19.02420937954066,6.657284468920683,606.006156842186
REMIND-MAgPIE 1.7-3.0,COMMIT-NDCplus,REMIND,COMMIT,2C,High-RE,515.8246809222509,16.754007815728553,1.4444907177701043,28.91644210272278,6.243320317662708,569.182941876135
REMIND-MAgPIE 1.7-3.0,PEP-1.5°C-Full-CDR-Cost-Effective,REMIND,PEP,1.5C,High-RE,714.686288910048,17.166539527510253,9.712716770340222,6.930206990689233,8.217468926987573,756.7132211255753
REMIND-MAgPIE 1.7-3.0,PEP-1.5°C-Full-CDR-Good-Practice,REMIND,PEP,1.5C,High-RE,747.025137891799,17.489914136702392,20.14037176358297,10.411296807441003,8.502390156351899,803.5691107558773
REMIND-MAgPIE 1.7-3.0,PEP-1.5°C-Full-CDR-NDC,REMIND,PEP,1.5C,High-RE,760.3423396089826,17.828586464413824,23.209668108443537,12.665352386711875,8.649844735274046,822.6957913038258
REMIND-MAgPIE 1.7-3.0,PEP-1.5°C-Full-CDR-NetZero,REMIND,PEP,1.5C,High-RE,730.8040215431038,17.393247172346538,14.02313939979684,8.735218205621969,8.273987983138579,779.2296143040077
REMIND-MAgPIE 1.7-3.0,PEP-1.5°C-Reduced-CDR-Cost-Effective,REMIND,PEP,1.5C,High-RE,865.6031308364873,19.25337714717005,12.274407512722508,5.843202296194722,9.816700090690274,912.7908178832649
REMIND-MAgPIE 1.7-3.0,PEP-2°C-Full-CDR-Cost-Effective,REMIND,PEP,1.5C,High-RE,691.1301614922332,16.147851454125252,2.04649137334518,9.395249548735789,7.939077451542396,726.6588313199819
REMIND-MAgPIE 1.7-3.0,PEP-2°C-Full-CDR-Good-Practice,REMIND,PEP,1.5C,High-RE,671.7982216150759,16.333874679275773,5.329589945669729,12.265591618304278,7.75870498648047,713.4859828448061
REMIND-MAgPIE 1.7-3.0,PEP-2°C-Full-CDR-NDC,REMIND,PEP,1.5C,High-RE,686.7457104144379,16.497544251301274,6.877013176883927,14.185991892607749,7.934643873758276,732.2409036089891
REMIND-MAgPIE 1.7-3.0,PEP-2°C-Full-CDR-NetZero,REMIND,PEP,1.5C,High-RE,671.1770263031799,16.502685953296567,3.903379805241994,9.724749108809371,7.614557143493024,708.9223983140208
REMIND-MAgPIE 1.7-3.0,PEP-2°C-Reduced-CDR-Cost-Effective,REMIND,PEP,1.5C,High-RE,779.3682703124945,16.92322740561913,1.421941925069364,7.737282804664541,8.776156251034411,814.2268786988819
REMIND-MAgPIE 1.7-3.0,PEP-2°C-Reduced-CDR-Good-Practice,REMIND,PEP,1.5C,High-RE,787.9574129701306,17.82920385160688,4.014042009327281,11.112240353386923,9.038933878361833,829.9518330628134
REMIND-MAgPIE 1.7-3.0,PEP-2°C-Reduced-CDR-NDC,REMIND,PEP,1.5C,High-RE,811.166588355427,18.345692933147582,8.489423272803776,13.354818499339473,9.233097854102226,860.5896209148202
REMIND-MAgPIE 1.7-3.0,PEP-2°C-Reduced-CDR-NetZero,REMIND,PEP,1.5C,High-RE,775.3646488349717,17.691227414196906,2.230133198734641,8.537069227090878,8.799587506654756,812.6226661816489
REMIND-MAgPIE 1.7-3.0,PEP-Good-Practice,REMIND,PEP,2C,High-RE,527.2888895230627,16.476109095213616,1.0813148560341612,21.99510866461923,6.376926469366793,573.2183486082965
REMIND-MAgPIE 1.7-3.0,PEP-NDC,REMIND,PEP,2C,High-RE,515.8246809222509,16.754007815728553,1.4444907177701043,28.91644210272278,6.243320317662708,569.182941876135
REMIND-MAgPIE 1.7-3.0,PEP-NPi,REMIND,PEP,2C,High-RE,485.975106978569,14.501984435200315,1.5400831632883805,40.4949024711114,5.90429603049711,548.4163730786662
REMIND-MAgPIE 1.7-3.0,PEP-NetZero,REMIND,PEP,2C,High-RE,553.9174151467797,15.512505826799893,1.117307636067372,11.257832500085923,6.342411008909505,588.1474721186423
REMIND-MAgPIE 1.7-3.0,PEP-NoPolicy,REMIND,PEP,2C,High-RE,485.16524630877535,15.658017007843132,1.0088531721137513,41.92084683304579,5.9024745808065315,549.6554379025845
REMIND-MAgPIE 2.0-4.1,Diff-1300Gt-hybrid-def,REMIND,Diff,2C,High-RE,NA,NA,NA,NA,NA,NA
REMIND-MAgPIE 2.0-4.1,Diff-1300Gt-no-transfer-def,REMIND,Diff,2C,High-RE,NA,NA,NA,NA,NA,NA
REMIND-MAgPIE 2.0-4.1,Diff-1300Gt-uniform-pricing-def,REMIND,Diff,2C,High-RE,NA,NA,NA,NA,NA,NA
REMIND-MAgPIE 2.1-4.2,CEMICS-SSP1-1.5°C-minCDR,REMIND,CEMICS,1.5C,High-RE,522.7515040562621,1.9326872878302297,3.363712744418258,6.8991587795196985,6.2562206541232355,541.2032835221535
REMIND-MAgPIE 2.1-4.2,CEMICS-SSP2-1.5°C-fullCDR,REMIND,CEMICS,1.5C,High-RE,692.3648221472369,13.525487150184862,8.572738579928554,18.575061324696872,7.039493050374779,740.0776022524219
REMIND-MAgPIE 2.1-4.2,CEMICS-SSP2-1.5°C-minCDR,REMIND,CEMICS,1.5C,High-RE,855.9915929739202,18.99738946450779,3.784637035378002,6.0813353092747215,8.291036677568133,893.1459914606489
REMIND-MAgPIE 2.1-4.2,CEMICS-SSP2-2.0°C-fullCDR,REMIND,CEMICS,2C,High-RE,651.988477670829,14.113898620799207,3.0033066347411124,26.854004195049928,6.74388426731573,702.703571388735
REMIND-MAgPIE 2.1-4.2,CEMICS-SSP2-2.0°C-minCDR,REMIND,CEMICS,2C,High-RE,774.0246736044553,17.758677415382323,3.7225731017089205,12.11296673595482,7.490302188144119,815.1091930456455
REMIND-MAgPIE 2.1-4.2,CEMICS-SSP2-Npi,REMIND,CEMICS,2C,High-RE,424.0786038652507,5.396563772101804,5.5237114213828855,81.63250375642238,5.2098369842351175,521.8412197993929
REMIND-MAgPIE 2.1-4.2,ENGAGE-INDCi2030-1000,REMIND,ENGAGE,2C,High-RE,692.3690782263603,7.812704846780807,3.517852591736037,18.340882096588537,6.711857947740158,728.7523757092059
REMIND-MAgPIE 2.1-4.2,ENGAGE-INDCi2030-1000-COV,REMIND,ENGAGE,2C,High-RE,566.0328403433926,5.4511108503485515,3.522963453458182,25.038717525635537,5.799388493522373,605.8450206663573
REMIND-MAgPIE 2.1-4.2,ENGAGE-INDCi2030-1000-COV-NDCp,REMIND,ENGAGE,2C,High-RE,565.8937487812007,5.435671859799076,3.56734486267072,25.11842336657703,5.806536253043546,605.821725123291
REMIND-MAgPIE 2.1-4.2,ENGAGE-INDCi2030-1000-NDCp,REMIND,ENGAGE,2C,High-RE,689.7600773430623,7.710090178529178,3.578504207619426,18.48439495574553,6.705738251756028,726.2388049367123
REMIND-MAgPIE 2.1-4.2,ENGAGE-INDCi2030-1000f,REMIND,ENGAGE,2C,High-RE,700.0244618732976,7.8196178190591725,3.4904280161583636,18.801271326630733,6.6963956105448545,736.8321746456908
REMIND-MAgPIE 2.1-4.2,ENGAGE-INDCi2030-1000f-COV,REMIND,ENGAGE,2C,High-RE,573.4560094568677,6.234441803014125,3.5219966721532097,22.96047489177403,5.7728242536612715,611.9457470774705
REMIND-MAgPIE 2.1-4.2,ENGAGE-INDCi2030-1000f-COV-NDCp,REMIND,ENGAGE,2C,High-RE,573.4402376015889,6.152451082034662,3.5704276759083737,23.071627116572532,5.778736280946893,612.0134797570514
REMIND-MAgPIE 2.1-4.2,ENGAGE-INDCi2030-1000f-NDCp,REMIND,ENGAGE,2C,High-RE,698.9058333327441,7.750406642025001,3.547051178772895,18.84509590704606,6.695594225571464,735.7439812861595
REMIND-MAgPIE 2.1-4.2,ENGAGE-INDCi2030-1200,REMIND,ENGAGE,2C,High-RE,653.5295741892905,7.185188018428065,3.332548365223107,23.79587964844249,6.486584776041308,694.3297749974256
REMIND-MAgPIE 2.1-4.2,ENGAGE-INDCi2030-1200f,REMIND,ENGAGE,2C,High-RE,652.4019051780137,7.168485152756197,3.328899708695594,23.895499393066473,6.477937742869237,693.2727271754012
REMIND-MAgPIE 2.1-4.2,ENGAGE-INDCi2030-1400,REMIND,ENGAGE,2C,High-RE,614.3429506346038,6.1073389827623705,3.441932279325306,29.490452037365948,6.306032745771971,659.6887066798294
REMIND-MAgPIE 2.1-4.2,ENGAGE-INDCi2030-1400f,REMIND,ENGAGE,2C,High-RE,614.3429506346038,6.1073389827623705,3.441932279325306,29.490452037365948,6.306032745771971,659.6887066798294
REMIND-MAgPIE 2.1-4.2,ENGAGE-INDCi2030-1600,REMIND,ENGAGE,2C,High-RE,587.6189823203791,5.910789008157783,3.40070283063694,32.278150302212275,6.143284261056311,635.3519087224424
REMIND-MAgPIE 2.1-4.2,ENGAGE-INDCi2030-1600f,REMIND,ENGAGE,2C,High-RE,587.6189823203791,5.910789008157783,3.40070283063694,32.278150302212275,6.143284261056311,635.3519087224424
REMIND-MAgPIE 2.1-4.2,ENGAGE-INDCi2030-1800,REMIND,ENGAGE,2C,High-RE,567.5826979607937,5.731593320379379,3.4370794186067997,33.32846151809357,5.958580767805871,616.0384129856793
REMIND-MAgPIE 2.1-4.2,ENGAGE-INDCi2030-1800f,REMIND,ENGAGE,2C,High-RE,567.5826979607937,5.731593320379379,3.4370794186067997,33.32846151809357,5.958580767805871,616.0384129856793
REMIND-MAgPIE 2.1-4.2,ENGAGE-INDCi2030-2000,REMIND,ENGAGE,2C,High-RE,571.8655823715799,6.239417704551914,3.454205362462112,31.47526612052745,5.8074968429714104,618.8419684020928
REMIND-MAgPIE 2.1-4.2,ENGAGE-INDCi2030-2000f,REMIND,ENGAGE,2C,High-RE,553.2368571459334,5.55425741777737,3.452992431656092,33.721351165083135,5.802290353467052,601.767748513917
REMIND-MAgPIE 2.1-4.2,ENGAGE-INDCi2030-2500,REMIND,ENGAGE,2C,High-RE,526.6653694370967,5.04050341781745,3.470719639037475,34.27093509273361,5.540196418363122,574.9877240050483
REMIND-MAgPIE 2.1-4.2,ENGAGE-INDCi2030-2500f,REMIND,ENGAGE,2C,High-RE,526.6738351662385,5.040237704821323,3.470729134092144,34.270399445864506,5.540128801223715,574.9953302522403
REMIND-MAgPIE 2.1-4.2,ENGAGE-INDCi2030-3000,REMIND,ENGAGE,2C,High-RE,501.18029021972086,4.469615139881995,3.7298350438388588,35.25991089171007,5.323475401426229,549.963126696578
REMIND-MAgPIE 2.1-4.2,ENGAGE-INDCi2030-3000f,REMIND,ENGAGE,2C,High-RE,501.7742568955603,4.4794988409294,3.724539084452581,35.25609980051957,5.327076390996632,550.5614710124586
REMIND-MAgPIE 2.1-4.2,ENGAGE-INDCi2030-300f,REMIND,ENGAGE,1.5C,High-RE,958.4278746802768,8.2774933001798,5.879214759944363,13.55282791090876,8.36805540045888,994.5054660517685
REMIND-MAgPIE 2.1-4.2,ENGAGE-INDCi2030-400f,REMIND,ENGAGE,1.5C,High-RE,927.301375715593,7.865286050377745,5.022039859314426,13.821392204389374,7.951650970514835,961.9617448001894
REMIND-MAgPIE 2.1-4.2,ENGAGE-INDCi2030-500f,REMIND,ENGAGE,1.5C,High-RE,883.293679226951,7.682104020907337,4.6483038939337025,14.231754681094129,7.477325417865587,917.3331672407518
REMIND-MAgPIE 2.1-4.2,ENGAGE-INDCi2030-600-COV,REMIND,ENGAGE,1.5C,High-RE,572.6006933581584,5.231339058331251,10.045642456672562,20.622837892120806,5.805259695259133,614.3057724605422
REMIND-MAgPIE 2.1-4.2,ENGAGE-INDCi2030-600-COV-NDCp,REMIND,ENGAGE,1.5C,High-RE,572.9033623812825,5.1990448020010485,10.34939039955104,20.918738053893986,5.818820387038197,615.1893560237668
REMIND-MAgPIE 2.1-4.2,ENGAGE-INDCi2030-600f,REMIND,ENGAGE,1.5C,High-RE,844.4279298599882,7.515554677955973,4.517094057922406,14.767178269595517,7.231187730838957,878.4589445963011
REMIND-MAgPIE 2.1-4.2,ENGAGE-INDCi2030-600f-COV,REMIND,ENGAGE,1.5C,High-RE,649.4573151530285,6.926596444840536,7.467275070146644,15.3964848497468,6.075176753674133,685.3228482714366
REMIND-MAgPIE 2.1-4.2,ENGAGE-INDCi2030-600f-COV-NDCp,REMIND,ENGAGE,1.5C,High-RE,647.5441410798687,6.907811560933033,6.887772781227264,15.397484738068462,6.082135946704997,682.8193461068024
REMIND-MAgPIE 2.1-4.2,ENGAGE-INDCi2030-600f-NDCp,REMIND,ENGAGE,1.5C,High-RE,845.5971040398708,7.476080843937331,4.556528142236074,14.594014757275426,7.24495573349736,879.468683516817
REMIND-MAgPIE 2.1-4.2,ENGAGE-INDCi2030-700,REMIND,ENGAGE,2C,High-RE,683.4198146356633,7.664696126266578,9.255325140940048,16.488646581659896,6.720582685062866,723.5490651695927
REMIND-MAgPIE 2.1-4.2,ENGAGE-INDCi2030-700f,REMIND,ENGAGE,2C,High-RE,807.392515733423,7.767700032662288,4.128941439668159,15.042811376003755,7.09663686419672,841.428605445954
REMIND-MAgPIE 2.1-4.2,ENGAGE-INDCi2030-800,REMIND,ENGAGE,2C,High-RE,685.3305988789667,7.588716110555067,7.374979133466893,16.86636114472446,6.7491130385720535,723.9097683062852
REMIND-MAgPIE 2.1-4.2,ENGAGE-INDCi2030-800f,REMIND,ENGAGE,2C,High-RE,770.8872876563995,7.8516461498005485,3.773576909541732,16.04082459257947,6.991255797743592,805.544591106065
REMIND-MAgPIE 2.1-4.2,ENGAGE-INDCi2030-900,REMIND,ENGAGE,2C,High-RE,699.0422121288854,7.913211692113967,4.1597369687893,16.428420281165554,6.763794833697878,734.3073759046521
REMIND-MAgPIE 2.1-4.2,ENGAGE-INDCi2030-900f,REMIND,ENGAGE,2C,High-RE,727.1355090431105,7.975736719855231,3.5852679993177916,17.349615555903345,6.828506206037577,762.8746355242243
REMIND-MAgPIE 2.1-4.2,ENGAGE-INDCi2100,REMIND,ENGAGE,2C,High-RE,552.337829917774,5.460762116583476,3.361653543908724,33.33093447832478,5.83506269770032,600.3262427542913
REMIND-MAgPIE 2.1-4.2,ENGAGE-INDCi2100-COV,REMIND,ENGAGE,2C,High-RE,491.05359536868355,4.731730581261712,3.5398863232836035,30.282955982883443,5.184801395995821,534.792969652108
REMIND-MAgPIE 2.1-4.2,ENGAGE-INDCi2100-COV-NDCp,REMIND,ENGAGE,2C,High-RE,489.13908524065545,4.704999031802123,3.614586475448147,30.35185632278068,5.170391489950243,532.9809185606366
REMIND-MAgPIE 2.1-4.2,ENGAGE-INDCi2100-NDCp,REMIND,ENGAGE,2C,High-RE,551.724928497617,5.365908230218876,3.5159632860964076,33.32875023701148,5.840079707505367,599.7756299584491
REMIND-MAgPIE 2.1-4.2,ENGAGE-NPi2020-1000,REMIND,ENGAGE,2C,High-RE,672.6951915946278,7.863399014703683,3.10517317549589,18.260636338380827,6.5847633339241645,708.5091634571324
REMIND-MAgPIE 2.1-4.2,ENGAGE-NPi2020-1000-COV,REMIND,ENGAGE,2C,High-RE,561.8214432845164,5.759052207283167,3.027429892553003,23.471113803309684,5.732828004731047,599.8118671923933
REMIND-MAgPIE 2.1-4.2,ENGAGE-NPi2020-1000f,REMIND,ENGAGE,2C,High-RE,672.9324238622238,7.937390547899472,3.0909605604945845,18.254608362217265,6.55233260813103,708.7677159409661
REMIND-MAgPIE 2.1-4.2,ENGAGE-NPi2020-1000f-COV,REMIND,ENGAGE,2C,High-RE,564.9287284778167,6.041493869509615,3.0418210394536267,22.61410096098273,5.7013707184840685,602.3275150662467
REMIND-MAgPIE 2.1-4.2,ENGAGE-NPi2020-1200,REMIND,ENGAGE,2C,High-RE,643.7458437002126,7.251928729139846,2.914537839036315,23.811848815694027,6.431929397069801,684.1560884811527
REMIND-MAgPIE 2.1-4.2,ENGAGE-NPi2020-1200f,REMIND,ENGAGE,2C,High-RE,637.5564067210855,6.852898844909595,2.9641600259805343,24.324211161237233,6.373402240483204,678.0710789936961
REMIND-MAgPIE 2.1-4.2,ENGAGE-NPi2020-1400,REMIND,ENGAGE,2C,High-RE,606.2377614163554,6.337015438989438,2.9629199824342654,29.055523534185077,6.229125177420264,650.8223455493845
REMIND-MAgPIE 2.1-4.2,ENGAGE-NPi2020-1400f,REMIND,ENGAGE,2C,High-RE,606.2377614163554,6.337015438989438,2.9629199824342654,29.055523534185077,6.229125177420264,650.8223455493845
REMIND-MAgPIE 2.1-4.2,ENGAGE-NPi2020-1600,REMIND,ENGAGE,2C,High-RE,583.9920050435481,5.992952697352824,3.2851204038049056,31.663491184691303,6.084305991874586,631.0178753212716
REMIND-MAgPIE 2.1-4.2,ENGAGE-NPi2020-1600f,REMIND,ENGAGE,2C,High-RE,583.9920050435481,5.992952697352824,3.2851204038049056,31.663491184691303,6.084305991874586,631.0178753212716
REMIND-MAgPIE 2.1-4.2,ENGAGE-NPi2020-1800,REMIND,ENGAGE,2C,High-RE,585.4959192069971,6.384576187645689,3.3730241402724093,30.52368993483746,5.928717218459501,631.7059266882121
REMIND-MAgPIE 2.1-4.2,ENGAGE-NPi2020-1800f,REMIND,ENGAGE,2C,High-RE,567.2691854407449,5.704221608412967,3.360618319633589,32.91953333225986,5.926546965908219,615.1801056669594
REMIND-MAgPIE 2.1-4.2,ENGAGE-NPi2020-2000,REMIND,ENGAGE,2C,High-RE,572.4403832956075,6.161052943111464,3.389460593976462,31.558581364687907,5.7907744914248145,619.3402526888082
REMIND-MAgPIE 2.1-4.2,ENGAGE-NPi2020-2000f,REMIND,ENGAGE,2C,High-RE,553.290050522539,5.502463387247584,3.3853935035229306,33.74164661226742,5.782686423474668,601.7022404490516
REMIND-MAgPIE 2.1-4.2,ENGAGE-NPi2020-200f,REMIND,ENGAGE,1.5C,High-RE,951.751200872537,8.307494444360993,4.756431015929924,8.874777109788536,8.271514475655966,981.9614179182723
REMIND-MAgPIE 2.1-4.2,ENGAGE-NPi2020-2500,REMIND,ENGAGE,2C,High-RE,528.1272981840025,4.8742533380732365,3.4173171501761694,34.88655718164527,5.524746868551094,576.8301727224483
REMIND-MAgPIE 2.1-4.2,ENGAGE-NPi2020-2500f,REMIND,ENGAGE,2C,High-RE,528.1103000235089,4.876365772511078,3.4173370277218345,34.88884461680041,5.524871274715532,576.8177187152578
REMIND-MAgPIE 2.1-4.2,ENGAGE-NPi2020-3000,REMIND,ENGAGE,2C,High-RE,502.75785868941813,4.175584957679994,3.5527427376842113,36.706632740477936,5.299055186533622,552.4918743117939
REMIND-MAgPIE 2.1-4.2,ENGAGE-NPi2020-3000f,REMIND,ENGAGE,2C,High-RE,503.30114661421425,4.161714249538764,3.5499770667668193,36.67274033095066,5.306820623821191,552.9923988852917
REMIND-MAgPIE 2.1-4.2,ENGAGE-NPi2020-300f,REMIND,ENGAGE,1.5C,High-RE,908.2626685671668,8.113426329811274,4.353192290747959,9.298529979905629,7.7513221599847215,937.7791393276163
REMIND-MAgPIE 2.1-4.2,ENGAGE-NPi2020-400,REMIND,ENGAGE,1.5C,High-RE,741.6365384317071,9.188930946359642,8.593791731320325,7.468425437179735,7.2249138524387755,774.1126003990055
REMIND-MAgPIE 2.1-4.2,ENGAGE-NPi2020-400f,REMIND,ENGAGE,1.5C,High-RE,874.1108852791477,8.0293876655867,3.907488239900901,9.965600156649463,7.507015054038494,903.5203763953233
REMIND-MAgPIE 2.1-4.2,ENGAGE-NPi2020-500,REMIND,ENGAGE,1.5C,High-RE,731.3011615754857,8.915012912916358,6.820510546247652,8.746882943149437,7.076378650898817,762.859946628698
REMIND-MAgPIE 2.1-4.2,ENGAGE-NPi2020-500f,REMIND,ENGAGE,1.5C,High-RE,832.5883458730407,8.163471440470886,3.636698195009934,10.45245618975592,7.2789229918083915,862.1198946900857
REMIND-MAgPIE 2.1-4.2,ENGAGE-NPi2020-600,REMIND,ENGAGE,1.5C,High-RE,725.7488846160645,8.452127075648141,4.715652015173635,8.775823095414061,6.992191112987924,754.6846779152883
REMIND-MAgPIE 2.1-4.2,ENGAGE-NPi2020-600-COV,REMIND,ENGAGE,1.5C,High-RE,584.0130372711662,5.8390285202181795,3.7138269398466472,18.337775933379493,5.9564333876854745,617.860102052296
REMIND-MAgPIE 2.1-4.2,ENGAGE-NPi2020-600f,REMIND,ENGAGE,1.5C,High-RE,795.9217658125749,8.235744842654828,3.3615810777959725,11.48553765559888,7.128023079442304,826.1326524680669
REMIND-MAgPIE 2.1-4.2,ENGAGE-NPi2020-600f-COV,REMIND,ENGAGE,1.5C,High-RE,613.1794795083308,7.3669494059987,3.402374410718108,13.695902717916487,6.017167379859406,643.6618734228235
REMIND-MAgPIE 2.1-4.2,ENGAGE-NPi2020-700,REMIND,ENGAGE,2C,High-RE,717.2308442458545,8.269809359968427,3.612596348792083,11.321567124373471,6.917974893033502,747.3527919720219
REMIND-MAgPIE 2.1-4.2,ENGAGE-NPi2020-700f,REMIND,ENGAGE,2C,High-RE,751.1756982521869,8.446312434558177,3.1001989901702105,13.001223415327576,6.968470557358486,782.6919036496013
REMIND-MAgPIE 2.1-4.2,ENGAGE-NPi2020-800,REMIND,ENGAGE,2C,High-RE,708.0299876357583,8.365884260490231,3.05375765967146,13.657403616921304,6.837446978312081,739.9444801511534
REMIND-MAgPIE 2.1-4.2,ENGAGE-NPi2020-800f,REMIND,ENGAGE,2C,High-RE,721.2323783668853,8.354004806051027,3.020512812719674,14.469071676855242,6.839920919325501,753.9158885818367
REMIND-MAgPIE 2.1-4.2,ENGAGE-NPi2020-900,REMIND,ENGAGE,2C,High-RE,695.3137134965131,8.149788155944368,3.0411951080635324,15.97068635197396,6.692552489282473,729.1679356017773
REMIND-MAgPIE 2.1-4.2,ENGAGE-NPi2020-900f,REMIND,ENGAGE,2C,High-RE,697.5052530909726,8.12433473058073,3.0378432655784575,16.16907177461508,6.694592551930298,731.5310954136771
REMIND-MAgPIE 2.1-4.2,ENGAGE-NPi2100,REMIND,ENGAGE,2C,High-RE,428.1093391067648,6.482644418574599,4.986327965965196,45.292036232890325,4.702640350328348,489.5729880745233
REMIND-MAgPIE 2.1-4.2,ENGAGE-NPi2100-COV,REMIND,ENGAGE,2C,High-RE,378.11939099652875,6.543609693702393,5.201433855254661,43.187996142327755,4.23810888420662,437.2905395720202
REMIND-MAgPIE 2.1-4.2,ENGAGE-NoPolicy,REMIND,ENGAGE,2C,High-RE,418.345994905134,3.8988599600870253,4.147062982341205,49.60119598448072,4.606327483026608,480.59944131506956
REMIND-MAgPIE 2.1-4.2,NGFS Phase 2-Below 2°C,REMIND,NGFS Phase 2,2C,High-RE,360.41556825192436,2.7356289634912057,3.1039966131856436,17.150054459299046,4.37325275201743,387.7785010399177
REMIND-MAgPIE 2.1-4.2,NGFS Phase 2-Below 2°C [IPD 95th],REMIND,NGFS Phase 2,2C,High-RE,338.5199677890053,2.905169501230416,3.0920596706175765,16.626159640184934,4.274312064507918,365.41766866554616
REMIND-MAgPIE 2.1-4.2,NGFS Phase 2-Below 2°C [IPD Median],REMIND,NGFS Phase 2,2C,High-RE,346.9190508702877,2.8812636658267716,3.0991874982980163,16.591920453119087,4.306690787881834,373.79811327541336
REMIND-MAgPIE 2.1-4.2,NGFS Phase 2-Delayed Transition,REMIND,NGFS Phase 2,2C,High-RE,424.06475855895616,3.336910325546313,5.786062153251869,16.698226619837847,4.6696540459773095,454.55561170356947
REMIND-MAgPIE 2.1-4.2,NGFS Phase 2-Nationally Determined Contributions (NDCs),REMIND,NGFS Phase 2,2C,High-RE,331.9827981663754,2.227203426084436,3.539444637554095,28.86022342580704,4.140896428818379,370.7505660846393
REMIND-MAgPIE 2.1-4.2,SusDev-SSP1-900,REMIND,SusDev,1.5C,High-RE,446.69585150369363,1.692178852927222,11.030845272358986,9.464756493706139,5.515536351169974,474.399168473856
REMIND-MAgPIE 2.1-4.2,SusDev-SSP1-NDC,REMIND,SusDev,2C,High-RE,329.3925274894674,1.5261801126622274,3.5204519844305007,24.410058850842244,4.502421219724473,363.3516396571269
REMIND-MAgPIE 2.1-4.2,SusDev-SSP2-900,REMIND,SusDev,1.5C,High-RE,713.06172365934,8.525318674283772,7.298049271629896,11.005104637452064,6.965077767687839,746.8552740103937
REMIND-MAgPIE 2.1-4.2,SusDev-SSP2-NDC,REMIND,SusDev,2C,High-RE,548.9920318077229,5.409611267057401,3.358008213619591,33.30120401665919,5.911488688396629,596.9723439934558
REMIND-MAgPIE 2.1-4.2,SusDev-SSP2-NPi,REMIND,SusDev,2C,High-RE,426.83595055648476,6.467634393754035,5.0349619922889115,45.43964716893714,4.792954907787748,488.57114901925263
REMIND-MAgPIE 2.1-4.3,DeepElectrification-SSP2-Default-1300,REMIND,DeepElectrification,2C,High-RE,413.0543426007653,2.600969186866652,3.5824720741157954,23.45938464601522,4.996881671354424,447.6940501791174
REMIND-MAgPIE 2.1-4.3,DeepElectrification-SSP2-HighRenewables-1100,REMIND,DeepElectrification,2C,High-RE,730.7956229142862,1.598003958047172,3.403986076517317,12.833800900604038,8.87753826418973,757.5089521136445
REMIND-MAgPIE 2.1-4.3,DeepElectrification-SSP2-HighRenewables-1300,REMIND,DeepElectrification,2C,High-RE,694.9315715849071,1.5740715296791141,3.18926717155413,16.658432665049517,8.617188907178408,724.9705318583683
REMIND-MAgPIE 2.1-4.3,DeepElectrification-SSP2-HighRenewables-900,REMIND,DeepElectrification,1.5C,High-RE,770.9426266269444,1.6617768781528854,4.085438311167586,9.059994780233325,9.205011886500541,794.9548484829987
REMIND-MAgPIE 3.2-4.6,SHAPE-SSP2-NPi,REMIND,SHAPE,2C,High-RE,535.7344947188462,3.8516757676538202,3.115369721251876,35.24117299466333,4.095914614882482,582.0386278172977
REMIND-MAgPIE 3.2-4.6,SHAPE-SSP2-NPi [with Climate Change Impacts],REMIND,SHAPE,2C,High-RE,532.2091580939199,3.849570658948127,3.114787309324461,34.735290664359994,4.110788361090234,578.0195950876428
REMIND-MAgPIE 3.2.0-4.8.0,RESCUE-End-of-Century-Budget-1150,REMIND,RESCUE,2C,High-RE,668.4358961911961,3.763401063045644,5.435149914938276,20.314126523117125,6.1069193732243585,704.0554930655214
REMIND-MAgPIE 3.2.0-4.8.0,RESCUE-End-of-Century-Budget-1150-with-OAE,REMIND,RESCUE,2C,High-RE,697.5156660847204,3.751929228077393,3.610906023069209,20.402037166272446,6.219526839936858,731.5000653420763
REMIND-MAgPIE 3.2.0-4.8.0,RESCUE-End-of-Century-Budget-500,REMIND,RESCUE,1.5C,High-RE,680.9220347648286,3.8692444179889374,3.430071342490664,18.109874205442114,5.944004370964575,712.2752291017148
REMIND-MAgPIE 3.2.0-4.8.0,RESCUE-End-of-Century-Budget-500-with-OAE,REMIND,RESCUE,1.5C,High-RE,726.2267620759732,3.841282891130743,3.1915181591450206,18.18840513416927,6.1323163758845975,757.5802846363026
REMIND-MAgPIE 3.2.0-4.8.0,RESCUE-Peak-Budget-1150,REMIND,RESCUE,2C,High-RE,690.4092729529343,3.8346035517715817,2.7414508318415924,15.970876350759754,6.662003870729397,719.6182075580367
REMIND-MAgPIE 3.2.0-4.8.0,RESCUE-Peak-Budget-1150-with-OAE,REMIND,RESCUE,2C,High-RE,690.3886830720184,3.8361086025111235,2.7325901095583585,15.94491735214551,6.652258143714337,719.5545572799476
REMIND-MAgPIE 3.2.0-4.8.0,RESCUE-Peak-Budget-500,REMIND,RESCUE,1.5C,High-RE,628.2511986427187,4.576314019570368,6.770316067390774,9.703921265708718,6.024081506052649,655.3258315014413
REMIND-MAgPIE 3.2.0-4.8.0,RESCUE-Peak-Budget-500-with-OAE,REMIND,RESCUE,2C,High-RE,625.5583742248616,4.5651881096739055,7.329751448256449,10.143608225619735,6.047982924643631,653.6449049330553
REMIND-MAgPIE 3.3-4.8,NGFS Phase 5-Below 2°C,REMIND,NGFS Phase 5,2C,High-RE,496.29344120007113,4.814923203156164,2.794929076057901,16.38704747018326,5.467471636175496,525.7578125856439
REMIND-MAgPIE 3.3-4.8,NGFS Phase 5-Current Policies,REMIND,NGFS Phase 5,2C,High-RE,379.94344108903016,4.4710723161237524,4.635985712297573,26.25112517005534,4.568715446242551,419.87033973374935
REMIND-MAgPIE 3.3-4.8,NGFS Phase 5-Delayed Transition,REMIND,NGFS Phase 5,2C,High-RE,520.4808423802381,4.6192402762319045,3.289533143106482,18.786942771216218,5.503481455762276,552.6800400265549
REMIND-MAgPIE 3.3-4.8,NGFS Phase 5-Fragmented World,REMIND,NGFS Phase 5,2C,High-RE,417.6247557416915,4.6665252788746265,3.1937420172058157,24.00358204040842,4.970374804302931,454.45897988248333
REMIND-MAgPIE 3.3-4.8,NGFS Phase 5-Nationally Determined Contributions (NDCs),REMIND,NGFS Phase 5,2C,High-RE,450.04256643631606,4.510315032924177,3.2146017390898973,22.140725159266722,5.227856542412107,485.136064910009
REMIND-MAgPIE 3.3-4.8,NGFS Phase 5-Net-Zero 2050,REMIND,NGFS Phase 5,1.5C,High-RE,535.0397160535149,5.616975963792319,2.646424064054884,8.689110333465397,5.78011227458057,557.7723386894081
REMIND-Transport 2.1,Transport-1100-Conventional,REMIND,Transport,2C,High-RE,732.6996464064251,11.244404529174071,13.995280842254765,9.097176665504197,7.003057174824343,774.0395656181825
REMIND-Transport 2.1,Transport-1100-Conventional-LowDemand,REMIND,Transport,2C,High-RE,725.5301302610399,11.304582182132856,13.452462636938709,9.88420902206268,6.990139867161841,767.161523969336
REMIND-Transport 2.1,Transport-1100-Conventional-SynFuel,REMIND,Transport,2C,High-RE,885.3584911016472,16.738327342077415,21.192435969675916,16.14347817954805,9.112439889613698,948.5451724825624
REMIND-Transport 2.1,Transport-1100-Electrification,REMIND,Transport,2C,High-RE,717.0723220987899,11.420643955091961,13.006397318871333,10.59434799734696,6.994450168063505,759.0881615381636
REMIND-Transport 2.1,Transport-1100-Electrification-LowDemand,REMIND,Transport,2C,High-RE,706.5965414514241,11.414104777068806,12.363701943968785,11.521964080401318,6.922954221920322,748.8192664747833
REMIND-Transport 2.1,Transport-1100-H2,REMIND,Transport,2C,High-RE,735.097119866043,11.510693410794408,15.111844292050169,10.474301828105332,7.237697803622789,779.4316572006157
REMIND-Transport 2.1,Transport-NDC-Conventional,REMIND,Transport,2C,High-RE,545.3354365215497,7.049611356393215,3.556035089831839,36.791298096570486,5.699128764914691,598.43150982926
REMIND-Transport 2.1,Transport-NPi-Conventional,REMIND,Transport,2C,High-RE,385.8958521405387,5.456203769525345,3.8216970220708535,74.18440850490097,4.811709123441593,474.1698705604775
TIAM-ECN 1.1,ENGAGE-INDCi2030-1000,TIAM,ENGAGE,2C,High-CDR,78.35342938758696,20.815977827611395,0,0,1.0020794476010721,100.17148666279942
TIAM-ECN 1.1,ENGAGE-INDCi2030-1000-COV,TIAM,ENGAGE,2C,High-CDR,82.79612977386108,21.836809030229123,0,0,0.9518516558801963,105.5847904599704
TIAM-ECN 1.1,ENGAGE-INDCi2030-1000-NDCp,TIAM,ENGAGE,2C,High-CDR,79.24244008053768,20.838772937795206,0,0,1.0044389364782909,101.08565195481115
TIAM-ECN 1.1,ENGAGE-INDCi2030-1000f,TIAM,ENGAGE,2C,High-CDR,79.7062923079913,21.87020688216484,0,0,0.9825943315996367,102.55909352175578
TIAM-ECN 1.1,ENGAGE-INDCi2030-1000f-COV,TIAM,ENGAGE,2C,High-CDR,80.2972954903865,23.034381026146384,0,0,0.926674580202735,104.25835109673562
TIAM-ECN 1.1,ENGAGE-INDCi2030-1000f-NDCp,TIAM,ENGAGE,2C,High-CDR,82.54094002564938,23.419643521867616,0,0,0.9462311302342541,106.90681467775124
TIAM-ECN 1.1,ENGAGE-INDCi2030-900,TIAM,ENGAGE,2C,High-CDR,81.4799311177942,21.778080622821815,0,0,1.0016832479723599,104.25969498858836
TIAM-ECN 1.1,ENGAGE-INDCi2030-900f,TIAM,ENGAGE,2C,High-CDR,81.34104324998634,23.782963983654675,0,0,0.9560576762521118,106.08006490989312
TIAM-ECN 1.1,ENGAGE-NPi2020-800,TIAM,ENGAGE,2C,High-CDR,82.01244562105417,21.646688503176286,0,0,0.9987646108624143,104.65789873509286
TIAM-ECN 1.1,ENGAGE-NPi2020-800f,TIAM,ENGAGE,2C,High-CDR,82.45959793729911,22.638614422459227,0,0,0.968138704402308,106.06635106416063
TIAM-ECN 1.1,ENGAGE-NPi2020-900,TIAM,ENGAGE,2C,High-CDR,79.62184658301993,21.621294214105816,0,0,0.9629646860725413,102.2061054831983
TIAM-ECN 1.1,ENGAGE-NPi2020-900f,TIAM,ENGAGE,2C,High-CDR,81.51664535947467,22.3189653594937,0,0,0.9359847629943794,104.77159548196275
WITCH 5.0,COMMIT-2°C-2020,WITCH,COMMIT,2C,High-CDR,266.80716979058644,15.276686998059507,63.297194500283695,23.748914190121464,5.894046970687967,375.0240124497391
WITCH 5.0,COMMIT-2°C-2030,WITCH,COMMIT,2C,High-CDR,283.50408440245747,15.387252295741186,57.62830804881657,28.66305753723873,6.247047276729663,391.42974956098357
WITCH 5.0,COMMIT-Bridge,WITCH,COMMIT,2C,High-RE,648.0380239251231,20.181684931158316,26.493083260802567,22.79433979485505,10.608346105538141,728.1154780174771
WITCH 5.0,ENGAGE-Feasibility-1000/Cost-Effective,WITCH,ENGAGE,2C,High-RE,237.3429684317852,6.180734994489105,58.25631518212869,17.899511645576638,1.1253662066011054,320.8048964605808
WITCH 5.0,ENGAGE-Feasibility-1000/Institutional,WITCH,ENGAGE,2C,High-RE,221.42944904944508,5.968919854667226,56.49245889671062,20.128006754024103,1.3635095941717792,305.38234414901876
WITCH 5.0,ENGAGE-Feasibility-1000/Technology,WITCH,ENGAGE,2C,High-RE,259.5834585084705,6.5094621857504,41.55342318988101,17.547634779953174,1.1124113114821643,326.3063899755373
WITCH 5.0,ENGAGE-Feasibility-1000/Technology & Institutional,WITCH,ENGAGE,2C,High-RE,257.93846521256256,6.306152248766553,30.395802513989754,19.758053529382458,1.2964507537318242,315.6949242584331
WITCH 5.0,ENGAGE-Feasibility-Maximum-Effort/Institutional,WITCH,ENGAGE,2C,High-RE,221.38428731731074,5.979872848549257,56.217873206922675,20.212269016957695,1.39224211208958,305.18654450182993
WITCH 5.0,ENGAGE-Feasibility-Maximum-Effort/Institutional [Optimistic],WITCH,ENGAGE,2C,High-RE,228.9290410554466,6.094230071981202,50.619837354954974,18.431321226400552,1.2031565036182985,305.27758621240156
WITCH 5.0,ENGAGE-Feasibility-Maximum-Effort/Technology & Institutional,WITCH,ENGAGE,2C,High-RE,257.93846521256256,6.306152248766553,30.395802513989754,19.758053529382458,1.2964507537318242,315.6949242584331
WITCH 5.0,ENGAGE-Feasibility-Maximum-Effort/Technology & Institutional [Optimistic],WITCH,ENGAGE,2C,High-RE,255.8118181966527,6.392804690155065,30.128127012504613,18.214687683434846,1.1909869734744047,311.7384245562216
WITCH 5.0,ENGAGE-Feasibility-Maximum-Effort/Technology & Institutional [Pessimistic],WITCH,ENGAGE,2C,High-RE,232.7033437961197,6.158718933825197,22.618101806533957,20.645439409869585,1.1887700770805991,283.3143740234291
WITCH 5.0,ENGAGE-INDCi2030-500f,WITCH,ENGAGE,1.5C,High-CDR,353.03230185157685,13.975509591489594,59.406982776679186,24.501691787917245,6.664568917665675,457.5810549253285
WITCH 5.0,ENGAGE-INDCi2100,WITCH,ENGAGE,2C,High-RE,325.37202325876353,13.541009341343894,23.728087010816395,32.83376529794611,6.856633994214386,402.3315189030843
WITCH 5.0,ENGAGE-NPi2020-400f,WITCH,ENGAGE,1.5C,High-CDR,341.57741156486924,13.727789022193045,66.44101773602803,20.167607863802353,6.45134349165415,448.3651696785468
WITCH 5.0,ENGAGE-NPi2020-450,WITCH,ENGAGE,1.5C,High-CDR,321.7927699209445,13.58753501286331,60.54640350387314,21.144969587559178,6.294897437261053,423.36657546250126
WITCH 5.0,ENGAGE-NPi2020-450f,WITCH,ENGAGE,1.5C,High-CDR,338.9532112885568,13.703918126869688,65.95845494844232,20.300594487749468,6.416953108902789,445.33313196052103
WITCH 5.0,ENGAGE-NPi2020-500,WITCH,ENGAGE,1.5C,High-CDR,326.3497188836567,13.569611257142228,60.95355807371274,20.73497026654484,6.319112566253842,427.9269710473103
WITCH 5.0,ENGAGE-NPi2020-500f,WITCH,ENGAGE,1.5C,High-CDR,336.44047462741304,13.682235105889289,65.52682357907848,20.434949148895512,6.380404372880983,442.46488683415726
WITCH 5.0,ENGAGE-NPi2020-900,WITCH,ENGAGE,2C,High-RE,315.22911678245265,13.141559392548729,60.06293582614113,20.94294956696353,6.073998369519197,415.4505599376252
WITCH 5.0,NAVIGATE Demand-1.5°C-ele_u,WITCH,NAVIGATE,2C,High-RE,465.22104983732555,10.560509915097157,23.01177373969773,20.822327953367324,8.790292262530919,528.4059537080187
WITCH 5.0,NAVIGATE Demand-1.5°C-ref,WITCH,NAVIGATE,2C,High-RE,447.57678524896005,9.584311700046957,24.653136340215312,20.32498893504452,8.299942162455233,510.43916438672204
WITCH 5.0,NAVIGATE Demand-2.0°C-ele_u,WITCH,NAVIGATE,2C,High-RE,433.26048700801374,10.838704959100525,24.65611137700556,21.457981550517857,8.08572117558027,498.2990060702179
WITCH 5.0,NAVIGATE Demand-2.0°C-ref,WITCH,NAVIGATE,2C,High-RE,414.24978880114,9.518034118861092,26.31683309131164,19.58477341845769,7.521773565094756,477.19120299486514
POLES-JRC ENGAGE,ENGAGE-Feasibility-1000/Cost-Effective,POLES,ENGAGE,2C,High-RE,277.4083279147169,11.181224392655727,112.78987569714613,57.71407701102206,1.5628383506959758,460.6563433662368
POLES-JRC ENGAGE,ENGAGE-Feasibility-1000/Institutional,POLES,ENGAGE,2C,High-RE,254.0368277658537,8.94506782584908,78.10922606621124,65.77127821161477,1.8074116144129397,408.6698114839417
POLES-JRC ENGAGE,ENGAGE-Feasibility-1000/Technology,POLES,ENGAGE,2C,High-RE,284.9155216272229,9.776476053336857,112.71190233575568,55.86712949971842,1.5694214246588938,464.8404509406928
POLES-JRC ENGAGE,ENGAGE-Feasibility-1000/Technology & Enablers & Institutional,POLES,ENGAGE,2C,High-RE,228.22765367878583,8.722263164679037,60.67069400116199,49.47945526977658,1.9508658632922473,349.05093197769565
POLES-JRC ENGAGE,ENGAGE-Feasibility-1000/Technology & Institutional,POLES,ENGAGE,2C,High-RE,277.3857596203194,9.478294470915749,73.54170872849936,61.826988100587016,1.8245452130604134,424.0572961333819
POLES-JRC ENGAGE,ENGAGE-Feasibility-Maximum-Effort/Cost-Effective,POLES,ENGAGE,2C,High-RE,308.47404160214836,12.7618504280168,111.22410080330525,59.47425307662376,1.7095055343671002,493.64375144446126
POLES-JRC ENGAGE,ENGAGE-Feasibility-Maximum-Effort/Institutional,POLES,ENGAGE,2C,High-RE,257.3286508654551,8.962906575952509,80.35953444293462,64.1887755334346,2.1988403127534077,413.0387077305302
POLES-JRC ENGAGE,ENGAGE-Feasibility-Maximum-Effort/Institutional [Optimistic],POLES,ENGAGE,2C,High-RE,268.2280392285225,9.511203396171528,82.89573118160524,59.1817569877591,1.9872976576217762,421.80402845168015
POLES-JRC ENGAGE,ENGAGE-Feasibility-Maximum-Effort/Technology,POLES,ENGAGE,1.5C,High-RE,308.8901613365418,10.55417601389214,87.53801830131341,47.53670568723746,1.60556928897884,456.12463062796354
REMIND 2.1,R2p1-SSP2-Baseline,REMIND,R2p1,2C,High-RE,402.5450013629775,3.8983674875106646,3.794191569909981,53.990491453934695,4.655814256635464,468.8838661309683
REMIND-MAgPIE 2.0-4.1,Diff-NoPolicy-Baseline,REMIND,Diff,2C,High-RE,NA,NA,NA,NA,NA,NA
