database,Model,Scenario,Pathway,amb,family,project,Region,mortality_million_deaths
Full,AIM/CGE V2.2,ENGAGE-INDCi2030-1200f,High-CDR,2C,AIM,ENGAGE,Aggregated R10 regions,430.64255000000003
Full,AIM/CGE V2.2,ENGAGE-INDCi2030-1200f,High-CDR,2C,AIM,ENGAGE,R10AFRICA,79.651575
Full,AIM/CGE V2.2,ENGAGE-INDCi2030-1200f,High-CDR,2C,AIM,ENGAGE,R10CHINA+,81.467685
Full,AIM/CGE V2.2,ENGAGE-INDCi2030-1200f,High-CDR,2C,AIM,ENGAGE,R10EUROPE,16.44384
Full,AIM/CGE V2.2,ENGAGE-INDCi2030-1200f,High-CDR,2C,AIM,ENGAGE,R10INDIA+,95.249525
Full,AIM/CGE V2.2,ENGAGE-INDCi2030-1200f,High-CDR,2C,AIM,ENGAGE,R10LATIN_AM,19.522305
Full,AIM/CGE V2.2,ENGAGE-INDCi2030-1200f,High-CDR,2C,AIM,ENGAGE,R10MIDDLE_EAST,43.41371
Full,AIM/CGE V2.2,ENGAGE-INDCi2030-1200f,High-CDR,2C,AIM,ENGAGE,R10NORTH_AM,10.930625
Full,AIM/CGE V2.2,ENGAGE-INDCi2030-1200f,High-CDR,2C,AIM,ENGAGE,R10PAC_OECD,6.372595
Full,AIM/CGE V2.2,ENGAGE-INDCi2030-1200f,High-CDR,2C,AIM,ENGAGE,R10REF_ECON,15.99073
Full,AIM/CGE V2.2,ENGAGE-INDCi2030-1200f,High-CDR,2C,AIM,ENGAGE,R10REST_ASIA,61.59996
Full,AIM/CGE V2.2,ENGAGE-INDCi2030-1400,High-CDR,2C,AIM,ENGAGE,Aggregated R10 regions,433.793265
Full,AIM/CGE V2.2,ENGAGE-INDCi2030-1400,High-CDR,2C,AIM,ENGAGE,R10AFRICA,79.605615
Full,AIM/CGE V2.2,ENGAGE-INDCi2030-1400,High-CDR,2C,AIM,ENGAGE,R10CHINA+,82.533755
Full,AIM/CGE V2.2,ENGAGE-INDCi2030-1400,High-CDR,2C,AIM,ENGAGE,R10EUROPE,16.846385
Full,AIM/CGE V2.2,ENGAGE-INDCi2030-1400,High-CDR,2C,AIM,ENGAGE,R10INDIA+,96.12506
Full,AIM/CGE V2.2,ENGAGE-INDCi2030-1400,High-CDR,2C,AIM,ENGAGE,R10LATIN_AM,19.5888
Full,AIM/CGE V2.2,ENGAGE-INDCi2030-1400,High-CDR,2C,AIM,ENGAGE,R10MIDDLE_EAST,43.59144
Full,AIM/CGE V2.2,ENGAGE-INDCi2030-1400,High-CDR,2C,AIM,ENGAGE,R10NORTH_AM,11.11874
Full,AIM/CGE V2.2,ENGAGE-INDCi2030-1400,High-CDR,2C,AIM,ENGAGE,R10PAC_OECD,6.402945
Full,AIM/CGE V2.2,ENGAGE-INDCi2030-1400,High-CDR,2C,AIM,ENGAGE,R10REF_ECON,16.05138
Full,AIM/CGE V2.2,ENGAGE-INDCi2030-1400,High-CDR,2C,AIM,ENGAGE,R10REST_ASIA,61.929145
Full,AIM/CGE V2.2,ENGAGE-INDCi2030-1400f,High-CDR,2C,AIM,ENGAGE,Aggregated R10 regions,434.60097
Full,AIM/CGE V2.2,ENGAGE-INDCi2030-1400f,High-CDR,2C,AIM,ENGAGE,R10AFRICA,79.28102
Full,AIM/CGE V2.2,ENGAGE-INDCi2030-1400f,High-CDR,2C,AIM,ENGAGE,R10CHINA+,83.027815
Full,AIM/CGE V2.2,ENGAGE-INDCi2030-1400f,High-CDR,2C,AIM,ENGAGE,R10EUROPE,16.820035
Full,AIM/CGE V2.2,ENGAGE-INDCi2030-1400f,High-CDR,2C,AIM,ENGAGE,R10INDIA+,96.676085
Full,AIM/CGE V2.2,ENGAGE-INDCi2030-1400f,High-CDR,2C,AIM,ENGAGE,R10LATIN_AM,19.574445
Full,AIM/CGE V2.2,ENGAGE-INDCi2030-1400f,High-CDR,2C,AIM,ENGAGE,R10MIDDLE_EAST,43.62415
Full,AIM/CGE V2.2,ENGAGE-INDCi2030-1400f,High-CDR,2C,AIM,ENGAGE,R10NORTH_AM,11.077935
Full,AIM/CGE V2.2,ENGAGE-INDCi2030-1400f,High-CDR,2C,AIM,ENGAGE,R10PAC_OECD,6.383545
Full,AIM/CGE V2.2,ENGAGE-INDCi2030-1400f,High-CDR,2C,AIM,ENGAGE,R10REF_ECON,16.07641
Full,AIM/CGE V2.2,ENGAGE-INDCi2030-1400f,High-CDR,2C,AIM,ENGAGE,R10REST_ASIA,62.05953
Full,AIM/CGE V2.2,ENGAGE-INDCi2030-1600,High-CDR,2C,AIM,ENGAGE,Aggregated R10 regions,436.70453
Full,AIM/CGE V2.2,ENGAGE-INDCi2030-1600,High-CDR,2C,AIM,ENGAGE,R10AFRICA,79.246905
Full,AIM/CGE V2.2,ENGAGE-INDCi2030-1600,High-CDR,2C,AIM,ENGAGE,R10CHINA+,83.739655
Full,AIM/CGE V2.2,ENGAGE-INDCi2030-1600,High-CDR,2C,AIM,ENGAGE,R10EUROPE,17.113785
Full,AIM/CGE V2.2,ENGAGE-INDCi2030-1600,High-CDR,2C,AIM,ENGAGE,R10INDIA+,97.16549
Full,AIM/CGE V2.2,ENGAGE-INDCi2030-1600,High-CDR,2C,AIM,ENGAGE,R10LATIN_AM,19.60146
Full,AIM/CGE V2.2,ENGAGE-INDCi2030-1600,High-CDR,2C,AIM,ENGAGE,R10MIDDLE_EAST,43.77239
Full,AIM/CGE V2.2,ENGAGE-INDCi2030-1600,High-CDR,2C,AIM,ENGAGE,R10NORTH_AM,11.19662
Full,AIM/CGE V2.2,ENGAGE-INDCi2030-1600,High-CDR,2C,AIM,ENGAGE,R10PAC_OECD,6.41471
Full,AIM/CGE V2.2,ENGAGE-INDCi2030-1600,High-CDR,2C,AIM,ENGAGE,R10REF_ECON,16.17682
Full,AIM/CGE V2.2,ENGAGE-INDCi2030-1600,High-CDR,2C,AIM,ENGAGE,R10REST_ASIA,62.276695
Full,AIM/CGE V2.2,ENGAGE-INDCi2030-1600f,High-CDR,2C,AIM,ENGAGE,Aggregated R10 regions,437.83973
Full,AIM/CGE V2.2,ENGAGE-INDCi2030-1600f,High-CDR,2C,AIM,ENGAGE,R10AFRICA,79.147055
Full,AIM/CGE V2.2,ENGAGE-INDCi2030-1600f,High-CDR,2C,AIM,ENGAGE,R10CHINA+,84.23573
Full,AIM/CGE V2.2,ENGAGE-INDCi2030-1600f,High-CDR,2C,AIM,ENGAGE,R10EUROPE,17.125545
Full,AIM/CGE V2.2,ENGAGE-INDCi2030-1600f,High-CDR,2C,AIM,ENGAGE,R10INDIA+,97.61955
Full,AIM/CGE V2.2,ENGAGE-INDCi2030-1600f,High-CDR,2C,AIM,ENGAGE,R10LATIN_AM,19.622575
Full,AIM/CGE V2.2,ENGAGE-INDCi2030-1600f,High-CDR,2C,AIM,ENGAGE,R10MIDDLE_EAST,43.82008
Full,AIM/CGE V2.2,ENGAGE-INDCi2030-1600f,High-CDR,2C,AIM,ENGAGE,R10NORTH_AM,11.214315
Full,AIM/CGE V2.2,ENGAGE-INDCi2030-1600f,High-CDR,2C,AIM,ENGAGE,R10PAC_OECD,6.42284
Full,AIM/CGE V2.2,ENGAGE-INDCi2030-1600f,High-CDR,2C,AIM,ENGAGE,R10REF_ECON,16.191045
Full,AIM/CGE V2.2,ENGAGE-INDCi2030-1600f,High-CDR,2C,AIM,ENGAGE,R10REST_ASIA,62.440995
Full,AIM/CGE V2.2,ENGAGE-INDCi2030-1800,High-CDR,2C,AIM,ENGAGE,Aggregated R10 regions,440.495065
Full,AIM/CGE V2.2,ENGAGE-INDCi2030-1800,High-CDR,2C,AIM,ENGAGE,R10AFRICA,78.944715
Full,AIM/CGE V2.2,ENGAGE-INDCi2030-1800,High-CDR,2C,AIM,ENGAGE,R10CHINA+,85.152385
Full,AIM/CGE V2.2,ENGAGE-INDCi2030-1800,High-CDR,2C,AIM,ENGAGE,R10EUROPE,17.416545
Full,AIM/CGE V2.2,ENGAGE-INDCi2030-1800,High-CDR,2C,AIM,ENGAGE,R10INDIA+,98.58277
Full,AIM/CGE V2.2,ENGAGE-INDCi2030-1800,High-CDR,2C,AIM,ENGAGE,R10LATIN_AM,19.646
Full,AIM/CGE V2.2,ENGAGE-INDCi2030-1800,High-CDR,2C,AIM,ENGAGE,R10MIDDLE_EAST,43.98241
Full,AIM/CGE V2.2,ENGAGE-INDCi2030-1800,High-CDR,2C,AIM,ENGAGE,R10NORTH_AM,11.321385
Full,AIM/CGE V2.2,ENGAGE-INDCi2030-1800,High-CDR,2C,AIM,ENGAGE,R10PAC_OECD,6.45586
Full,AIM/CGE V2.2,ENGAGE-INDCi2030-1800,High-CDR,2C,AIM,ENGAGE,R10REF_ECON,16.28149
Full,AIM/CGE V2.2,ENGAGE-INDCi2030-1800,High-CDR,2C,AIM,ENGAGE,R10REST_ASIA,62.711505
Full,AIM/CGE V2.2,ENGAGE-INDCi2030-1800f,High-CDR,2C,AIM,ENGAGE,Aggregated R10 regions,440.495065
Full,AIM/CGE V2.2,ENGAGE-INDCi2030-1800f,High-CDR,2C,AIM,ENGAGE,R10AFRICA,78.944715
Full,AIM/CGE V2.2,ENGAGE-INDCi2030-1800f,High-CDR,2C,AIM,ENGAGE,R10CHINA+,85.152385
Full,AIM/CGE V2.2,ENGAGE-INDCi2030-1800f,High-CDR,2C,AIM,ENGAGE,R10EUROPE,17.416545
Full,AIM/CGE V2.2,ENGAGE-INDCi2030-1800f,High-CDR,2C,AIM,ENGAGE,R10INDIA+,98.58277
Full,AIM/CGE V2.2,ENGAGE-INDCi2030-1800f,High-CDR,2C,AIM,ENGAGE,R10LATIN_AM,19.646
Full,AIM/CGE V2.2,ENGAGE-INDCi2030-1800f,High-CDR,2C,AIM,ENGAGE,R10MIDDLE_EAST,43.98241
Full,AIM/CGE V2.2,ENGAGE-INDCi2030-1800f,High-CDR,2C,AIM,ENGAGE,R10NORTH_AM,11.321385
Full,AIM/CGE V2.2,ENGAGE-INDCi2030-1800f,High-CDR,2C,AIM,ENGAGE,R10PAC_OECD,6.45586
Full,AIM/CGE V2.2,ENGAGE-INDCi2030-1800f,High-CDR,2C,AIM,ENGAGE,R10REF_ECON,16.28149
Full,AIM/CGE V2.2,ENGAGE-INDCi2030-1800f,High-CDR,2C,AIM,ENGAGE,R10REST_ASIA,62.711505
Full,AIM/CGE V2.2,ENGAGE-INDCi2030-800f,High-RE,2C,AIM,ENGAGE,Aggregated R10 regions,425.75151
Full,AIM/CGE V2.2,ENGAGE-INDCi2030-800f,High-RE,2C,AIM,ENGAGE,R10AFRICA,80.44207
Full,AIM/CGE V2.2,ENGAGE-INDCi2030-800f,High-RE,2C,AIM,ENGAGE,R10CHINA+,79.182205
Full,AIM/CGE V2.2,ENGAGE-INDCi2030-800f,High-RE,2C,AIM,ENGAGE,R10EUROPE,15.820495
Full,AIM/CGE V2.2,ENGAGE-INDCi2030-800f,High-RE,2C,AIM,ENGAGE,R10INDIA+,93.597475
Full,AIM/CGE V2.2,ENGAGE-INDCi2030-800f,High-RE,2C,AIM,ENGAGE,R10LATIN_AM,19.448675
Full,AIM/CGE V2.2,ENGAGE-INDCi2030-800f,High-RE,2C,AIM,ENGAGE,R10MIDDLE_EAST,43.17649
Full,AIM/CGE V2.2,ENGAGE-INDCi2030-800f,High-RE,2C,AIM,ENGAGE,R10NORTH_AM,10.735415
Full,AIM/CGE V2.2,ENGAGE-INDCi2030-800f,High-RE,2C,AIM,ENGAGE,R10PAC_OECD,6.36779
Full,AIM/CGE V2.2,ENGAGE-INDCi2030-800f,High-RE,2C,AIM,ENGAGE,R10REF_ECON,15.92193
Full,AIM/CGE V2.2,ENGAGE-INDCi2030-800f,High-RE,2C,AIM,ENGAGE,R10REST_ASIA,61.058965
Full,AIM/CGE V2.2,ENGAGE-INDCi2030-900f,High-RE,2C,AIM,ENGAGE,Aggregated R10 regions,426.465635
Full,AIM/CGE V2.2,ENGAGE-INDCi2030-900f,High-RE,2C,AIM,ENGAGE,R10AFRICA,80.172835
Full,AIM/CGE V2.2,ENGAGE-INDCi2030-900f,High-RE,2C,AIM,ENGAGE,R10CHINA+,79.611265
Full,AIM/CGE V2.2,ENGAGE-INDCi2030-900f,High-RE,2C,AIM,ENGAGE,R10EUROPE,16.01527
Full,AIM/CGE V2.2,ENGAGE-INDCi2030-900f,High-RE,2C,AIM,ENGAGE,R10INDIA+,93.803905
Full,AIM/CGE V2.2,ENGAGE-INDCi2030-900f,High-RE,2C,AIM,ENGAGE,R10LATIN_AM,19.460205
Full,AIM/CGE V2.2,ENGAGE-INDCi2030-900f,High-RE,2C,AIM,ENGAGE,R10MIDDLE_EAST,43.21861
Full,AIM/CGE V2.2,ENGAGE-INDCi2030-900f,High-RE,2C,AIM,ENGAGE,R10NORTH_AM,10.791815
Full,AIM/CGE V2.2,ENGAGE-INDCi2030-900f,High-RE,2C,AIM,ENGAGE,R10PAC_OECD,6.35896
Full,AIM/CGE V2.2,ENGAGE-INDCi2030-900f,High-RE,2C,AIM,ENGAGE,R10REF_ECON,15.91924
Full,AIM/CGE V2.2,ENGAGE-INDCi2030-900f,High-RE,2C,AIM,ENGAGE,R10REST_ASIA,61.11353
Full,AIM/CGE V2.2,ENGAGE-NPi2020-1000,High-CDR,2C,AIM,ENGAGE,Aggregated R10 regions,420.118705
Full,AIM/CGE V2.2,ENGAGE-NPi2020-1000,High-CDR,2C,AIM,ENGAGE,R10AFRICA,80.553605
Full,AIM/CGE V2.2,ENGAGE-NPi2020-1000,High-CDR,2C,AIM,ENGAGE,R10CHINA+,77.909995
Full,AIM/CGE V2.2,ENGAGE-NPi2020-1000,High-CDR,2C,AIM,ENGAGE,R10EUROPE,16.478195
Full,AIM/CGE V2.2,ENGAGE-NPi2020-1000,High-CDR,2C,AIM,ENGAGE,R10INDIA+,89.27774
Full,AIM/CGE V2.2,ENGAGE-NPi2020-1000,High-CDR,2C,AIM,ENGAGE,R10LATIN_AM,19.47843
Full,AIM/CGE V2.2,ENGAGE-NPi2020-1000,High-CDR,2C,AIM,ENGAGE,R10MIDDLE_EAST,43.16751
Full,AIM/CGE V2.2,ENGAGE-NPi2020-1000,High-CDR,2C,AIM,ENGAGE,R10NORTH_AM,10.99853
Full,AIM/CGE V2.2,ENGAGE-NPi2020-1000,High-CDR,2C,AIM,ENGAGE,R10PAC_OECD,6.343085
Full,AIM/CGE V2.2,ENGAGE-NPi2020-1000,High-CDR,2C,AIM,ENGAGE,R10REF_ECON,15.64455
Full,AIM/CGE V2.2,ENGAGE-NPi2020-1000,High-CDR,2C,AIM,ENGAGE,R10REST_ASIA,60.267065
Full,AIM/CGE V2.2,ENGAGE-NPi2020-1000f,High-CDR,2C,AIM,ENGAGE,Aggregated R10 regions,422.023185
Full,AIM/CGE V2.2,ENGAGE-NPi2020-1000f,High-CDR,2C,AIM,ENGAGE,R10AFRICA,80.02915
Full,AIM/CGE V2.2,ENGAGE-NPi2020-1000f,High-CDR,2C,AIM,ENGAGE,R10CHINA+,79.18242
Full,AIM/CGE V2.2,ENGAGE-NPi2020-1000f,High-CDR,2C,AIM,ENGAGE,R10EUROPE,16.41404
Full,AIM/CGE V2.2,ENGAGE-NPi2020-1000f,High-CDR,2C,AIM,ENGAGE,R10INDIA+,90.27064
Full,AIM/CGE V2.2,ENGAGE-NPi2020-1000f,High-CDR,2C,AIM,ENGAGE,R10LATIN_AM,19.467215
Full,AIM/CGE V2.2,ENGAGE-NPi2020-1000f,High-CDR,2C,AIM,ENGAGE,R10MIDDLE_EAST,43.277665
Full,AIM/CGE V2.2,ENGAGE-NPi2020-1000f,High-CDR,2C,AIM,ENGAGE,R10NORTH_AM,10.87298
Full,AIM/CGE V2.2,ENGAGE-NPi2020-1000f,High-CDR,2C,AIM,ENGAGE,R10PAC_OECD,6.31955
Full,AIM/CGE V2.2,ENGAGE-NPi2020-1000f,High-CDR,2C,AIM,ENGAGE,R10REF_ECON,15.64181
Full,AIM/CGE V2.2,ENGAGE-NPi2020-1000f,High-CDR,2C,AIM,ENGAGE,R10REST_ASIA,60.547715
Full,AIM/CGE V2.2,ENGAGE-NPi2020-1200,High-CDR,2C,AIM,ENGAGE,Aggregated R10 regions,423.62147
Full,AIM/CGE V2.2,ENGAGE-NPi2020-1200,High-CDR,2C,AIM,ENGAGE,R10AFRICA,80.12824
Full,AIM/CGE V2.2,ENGAGE-NPi2020-1200,High-CDR,2C,AIM,ENGAGE,R10CHINA+,79.464325
Full,AIM/CGE V2.2,ENGAGE-NPi2020-1200,High-CDR,2C,AIM,ENGAGE,R10EUROPE,16.750485
Full,AIM/CGE V2.2,ENGAGE-NPi2020-1200,High-CDR,2C,AIM,ENGAGE,R10INDIA+,90.56872
Full,AIM/CGE V2.2,ENGAGE-NPi2020-1200,High-CDR,2C,AIM,ENGAGE,R10LATIN_AM,19.52556
Full,AIM/CGE V2.2,ENGAGE-NPi2020-1200,High-CDR,2C,AIM,ENGAGE,R10MIDDLE_EAST,43.35664
Full,AIM/CGE V2.2,ENGAGE-NPi2020-1200,High-CDR,2C,AIM,ENGAGE,R10NORTH_AM,11.09035
Full,AIM/CGE V2.2,ENGAGE-NPi2020-1200,High-CDR,2C,AIM,ENGAGE,R10PAC_OECD,6.363485
Full,AIM/CGE V2.2,ENGAGE-NPi2020-1200,High-CDR,2C,AIM,ENGAGE,R10REF_ECON,15.72255
Full,AIM/CGE V2.2,ENGAGE-NPi2020-1200,High-CDR,2C,AIM,ENGAGE,R10REST_ASIA,60.651115
Full,AIM/CGE V2.2,ENGAGE-NPi2020-1200f,High-CDR,2C,AIM,ENGAGE,Aggregated R10 regions,425.859675
Full,AIM/CGE V2.2,ENGAGE-NPi2020-1200f,High-CDR,2C,AIM,ENGAGE,R10AFRICA,79.70528
Full,AIM/CGE V2.2,ENGAGE-NPi2020-1200f,High-CDR,2C,AIM,ENGAGE,R10CHINA+,80.68192
Full,AIM/CGE V2.2,ENGAGE-NPi2020-1200f,High-CDR,2C,AIM,ENGAGE,R10EUROPE,16.745315
Full,AIM/CGE V2.2,ENGAGE-NPi2020-1200f,High-CDR,2C,AIM,ENGAGE,R10INDIA+,91.593325
Full,AIM/CGE V2.2,ENGAGE-NPi2020-1200f,High-CDR,2C,AIM,ENGAGE,R10LATIN_AM,19.528535
Full,AIM/CGE V2.2,ENGAGE-NPi2020-1200f,High-CDR,2C,AIM,ENGAGE,R10MIDDLE_EAST,43.444
Full,AIM/CGE V2.2,ENGAGE-NPi2020-1200f,High-CDR,2C,AIM,ENGAGE,R10NORTH_AM,11.085735
Full,AIM/CGE V2.2,ENGAGE-NPi2020-1200f,High-CDR,2C,AIM,ENGAGE,R10PAC_OECD,6.341555
Full,AIM/CGE V2.2,ENGAGE-NPi2020-1200f,High-CDR,2C,AIM,ENGAGE,R10REF_ECON,15.76136
Full,AIM/CGE V2.2,ENGAGE-NPi2020-1200f,High-CDR,2C,AIM,ENGAGE,R10REST_ASIA,60.97265
Full,AIM/CGE V2.2,ENGAGE-NPi2020-1400,High-CDR,2C,AIM,ENGAGE,Aggregated R10 regions,427.896385
Full,AIM/CGE V2.2,ENGAGE-NPi2020-1400,High-CDR,2C,AIM,ENGAGE,R10AFRICA,79.751575
Full,AIM/CGE V2.2,ENGAGE-NPi2020-1400,High-CDR,2C,AIM,ENGAGE,R10CHINA+,81.251635
Full,AIM/CGE V2.2,ENGAGE-NPi2020-1400,High-CDR,2C,AIM,ENGAGE,R10EUROPE,17.0228
Full,AIM/CGE V2.2,ENGAGE-NPi2020-1400,High-CDR,2C,AIM,ENGAGE,R10INDIA+,92.12682
Full,AIM/CGE V2.2,ENGAGE-NPi2020-1400,High-CDR,2C,AIM,ENGAGE,R10LATIN_AM,19.5716
Full,AIM/CGE V2.2,ENGAGE-NPi2020-1400,High-CDR,2C,AIM,ENGAGE,R10MIDDLE_EAST,43.55509
Full,AIM/CGE V2.2,ENGAGE-NPi2020-1400,High-CDR,2C,AIM,ENGAGE,R10NORTH_AM,11.20758
Full,AIM/CGE V2.2,ENGAGE-NPi2020-1400,High-CDR,2C,AIM,ENGAGE,R10PAC_OECD,6.36894
Full,AIM/CGE V2.2,ENGAGE-NPi2020-1400,High-CDR,2C,AIM,ENGAGE,R10REF_ECON,15.85745
Full,AIM/CGE V2.2,ENGAGE-NPi2020-1400,High-CDR,2C,AIM,ENGAGE,R10REST_ASIA,61.182895
Full,AIM/CGE V2.2,ENGAGE-NPi2020-1400f,High-CDR,2C,AIM,ENGAGE,Aggregated R10 regions,428.344035
Full,AIM/CGE V2.2,ENGAGE-NPi2020-1400f,High-CDR,2C,AIM,ENGAGE,R10AFRICA,79.65405
Full,AIM/CGE V2.2,ENGAGE-NPi2020-1400f,High-CDR,2C,AIM,ENGAGE,R10CHINA+,81.461095
Full,AIM/CGE V2.2,ENGAGE-NPi2020-1400f,High-CDR,2C,AIM,ENGAGE,R10EUROPE,16.99013
Full,AIM/CGE V2.2,ENGAGE-NPi2020-1400f,High-CDR,2C,AIM,ENGAGE,R10INDIA+,92.492265
Full,AIM/CGE V2.2,ENGAGE-NPi2020-1400f,High-CDR,2C,AIM,ENGAGE,R10LATIN_AM,19.578505
Full,AIM/CGE V2.2,ENGAGE-NPi2020-1400f,High-CDR,2C,AIM,ENGAGE,R10MIDDLE_EAST,43.57767
Full,AIM/CGE V2.2,ENGAGE-NPi2020-1400f,High-CDR,2C,AIM,ENGAGE,R10NORTH_AM,11.159555
Full,AIM/CGE V2.2,ENGAGE-NPi2020-1400f,High-CDR,2C,AIM,ENGAGE,R10PAC_OECD,6.352315
Full,AIM/CGE V2.2,ENGAGE-NPi2020-1400f,High-CDR,2C,AIM,ENGAGE,R10REF_ECON,15.85002
Full,AIM/CGE V2.2,ENGAGE-NPi2020-1400f,High-CDR,2C,AIM,ENGAGE,R10REST_ASIA,61.22843
Full,AIM/CGE V2.2,ENGAGE-NPi2020-1600,High-CDR,2C,AIM,ENGAGE,Aggregated R10 regions,431.38931
Full,AIM/CGE V2.2,ENGAGE-NPi2020-1600,High-CDR,2C,AIM,ENGAGE,R10AFRICA,78.951895
Full,AIM/CGE V2.2,ENGAGE-NPi2020-1600,High-CDR,2C,AIM,ENGAGE,R10CHINA+,82.678035
Full,AIM/CGE V2.2,ENGAGE-NPi2020-1600,High-CDR,2C,AIM,ENGAGE,R10EUROPE,17.320915
Full,AIM/CGE V2.2,ENGAGE-NPi2020-1600,High-CDR,2C,AIM,ENGAGE,R10INDIA+,93.76981
Full,AIM/CGE V2.2,ENGAGE-NPi2020-1600,High-CDR,2C,AIM,ENGAGE,R10LATIN_AM,19.61576
Full,AIM/CGE V2.2,ENGAGE-NPi2020-1600,High-CDR,2C,AIM,ENGAGE,R10MIDDLE_EAST,43.73561
Full,AIM/CGE V2.2,ENGAGE-NPi2020-1600,High-CDR,2C,AIM,ENGAGE,R10NORTH_AM,11.33201
Full,AIM/CGE V2.2,ENGAGE-NPi2020-1600,High-CDR,2C,AIM,ENGAGE,R10PAC_OECD,6.36228
Full,AIM/CGE V2.2,ENGAGE-NPi2020-1600,High-CDR,2C,AIM,ENGAGE,R10REF_ECON,15.987120000000001
Full,AIM/CGE V2.2,ENGAGE-NPi2020-1600,High-CDR,2C,AIM,ENGAGE,R10REST_ASIA,61.635875
Full,AIM/CGE V2.2,ENGAGE-NPi2020-1600f,High-CDR,2C,AIM,ENGAGE,Aggregated R10 regions,431.277265
Full,AIM/CGE V2.2,ENGAGE-NPi2020-1600f,High-CDR,2C,AIM,ENGAGE,R10AFRICA,78.951895
Full,AIM/CGE V2.2,ENGAGE-NPi2020-1600f,High-CDR,2C,AIM,ENGAGE,R10CHINA+,82.617315
Full,AIM/CGE V2.2,ENGAGE-NPi2020-1600f,High-CDR,2C,AIM,ENGAGE,R10EUROPE,17.305205
Full,AIM/CGE V2.2,ENGAGE-NPi2020-1600f,High-CDR,2C,AIM,ENGAGE,R10INDIA+,93.76981
Full,AIM/CGE V2.2,ENGAGE-NPi2020-1600f,High-CDR,2C,AIM,ENGAGE,R10LATIN_AM,19.610515
Full,AIM/CGE V2.2,ENGAGE-NPi2020-1600f,High-CDR,2C,AIM,ENGAGE,R10MIDDLE_EAST,43.72073
Full,AIM/CGE V2.2,ENGAGE-NPi2020-1600f,High-CDR,2C,AIM,ENGAGE,R10NORTH_AM,11.33201
Full,AIM/CGE V2.2,ENGAGE-NPi2020-1600f,High-CDR,2C,AIM,ENGAGE,R10PAC_OECD,6.36228
Full,AIM/CGE V2.2,ENGAGE-NPi2020-1600f,High-CDR,2C,AIM,ENGAGE,R10REF_ECON,15.97333
Full,AIM/CGE V2.2,ENGAGE-NPi2020-1600f,High-CDR,2C,AIM,ENGAGE,R10REST_ASIA,61.634175
Full,AIM/CGE V2.2,ENGAGE-NPi2020-1800,High-CDR,2C,AIM,ENGAGE,Aggregated R10 regions,434.45461
Full,AIM/CGE V2.2,ENGAGE-NPi2020-1800,High-CDR,2C,AIM,ENGAGE,R10AFRICA,78.88075
Full,AIM/CGE V2.2,ENGAGE-NPi2020-1800,High-CDR,2C,AIM,ENGAGE,R10CHINA+,83.519955
Full,AIM/CGE V2.2,ENGAGE-NPi2020-1800,High-CDR,2C,AIM,ENGAGE,R10EUROPE,17.55352
Full,AIM/CGE V2.2,ENGAGE-NPi2020-1800,High-CDR,2C,AIM,ENGAGE,R10INDIA+,95.05221
Full,AIM/CGE V2.2,ENGAGE-NPi2020-1800,High-CDR,2C,AIM,ENGAGE,R10LATIN_AM,19.64677
Full,AIM/CGE V2.2,ENGAGE-NPi2020-1800,High-CDR,2C,AIM,ENGAGE,R10MIDDLE_EAST,43.875815
Full,AIM/CGE V2.2,ENGAGE-NPi2020-1800,High-CDR,2C,AIM,ENGAGE,R10NORTH_AM,11.409995
Full,AIM/CGE V2.2,ENGAGE-NPi2020-1800,High-CDR,2C,AIM,ENGAGE,R10PAC_OECD,6.380615
Full,AIM/CGE V2.2,ENGAGE-NPi2020-1800,High-CDR,2C,AIM,ENGAGE,R10REF_ECON,16.08898
Full,AIM/CGE V2.2,ENGAGE-NPi2020-1800,High-CDR,2C,AIM,ENGAGE,R10REST_ASIA,62.046
Full,AIM/CGE V2.2,ENGAGE-NPi2020-1800f,High-CDR,2C,AIM,ENGAGE,Aggregated R10 regions,434.45461
Full,AIM/CGE V2.2,ENGAGE-NPi2020-1800f,High-CDR,2C,AIM,ENGAGE,R10AFRICA,78.88075
Full,AIM/CGE V2.2,ENGAGE-NPi2020-1800f,High-CDR,2C,AIM,ENGAGE,R10CHINA+,83.519955
Full,AIM/CGE V2.2,ENGAGE-NPi2020-1800f,High-CDR,2C,AIM,ENGAGE,R10EUROPE,17.55352
Full,AIM/CGE V2.2,ENGAGE-NPi2020-1800f,High-CDR,2C,AIM,ENGAGE,R10INDIA+,95.05221
Full,AIM/CGE V2.2,ENGAGE-NPi2020-1800f,High-CDR,2C,AIM,ENGAGE,R10LATIN_AM,19.64677
Full,AIM/CGE V2.2,ENGAGE-NPi2020-1800f,High-CDR,2C,AIM,ENGAGE,R10MIDDLE_EAST,43.875815
Full,AIM/CGE V2.2,ENGAGE-NPi2020-1800f,High-CDR,2C,AIM,ENGAGE,R10NORTH_AM,11.409995
Full,AIM/CGE V2.2,ENGAGE-NPi2020-1800f,High-CDR,2C,AIM,ENGAGE,R10PAC_OECD,6.380615
Full,AIM/CGE V2.2,ENGAGE-NPi2020-1800f,High-CDR,2C,AIM,ENGAGE,R10REF_ECON,16.08898
Full,AIM/CGE V2.2,ENGAGE-NPi2020-1800f,High-CDR,2C,AIM,ENGAGE,R10REST_ASIA,62.046
Full,AIM/CGE V2.2,ENGAGE-NPi2020-600f,High-CDR,1.5C,AIM,ENGAGE,Aggregated R10 regions,414.809565
Full,AIM/CGE V2.2,ENGAGE-NPi2020-600f,High-CDR,1.5C,AIM,ENGAGE,R10AFRICA,80.6444
Full,AIM/CGE V2.2,ENGAGE-NPi2020-600f,High-CDR,1.5C,AIM,ENGAGE,R10CHINA+,76.056
Full,AIM/CGE V2.2,ENGAGE-NPi2020-600f,High-CDR,1.5C,AIM,ENGAGE,R10EUROPE,15.759125
Full,AIM/CGE V2.2,ENGAGE-NPi2020-600f,High-CDR,1.5C,AIM,ENGAGE,R10INDIA+,87.89164
Full,AIM/CGE V2.2,ENGAGE-NPi2020-600f,High-CDR,1.5C,AIM,ENGAGE,R10LATIN_AM,19.329555
Full,AIM/CGE V2.2,ENGAGE-NPi2020-600f,High-CDR,1.5C,AIM,ENGAGE,R10MIDDLE_EAST,42.889415
Full,AIM/CGE V2.2,ENGAGE-NPi2020-600f,High-CDR,1.5C,AIM,ENGAGE,R10NORTH_AM,10.61145
Full,AIM/CGE V2.2,ENGAGE-NPi2020-600f,High-CDR,1.5C,AIM,ENGAGE,R10PAC_OECD,6.275335
Full,AIM/CGE V2.2,ENGAGE-NPi2020-600f,High-CDR,1.5C,AIM,ENGAGE,R10REF_ECON,15.51442
Full,AIM/CGE V2.2,ENGAGE-NPi2020-600f,High-CDR,1.5C,AIM,ENGAGE,R10REST_ASIA,59.838225
Full,AIM/CGE V2.2,ENGAGE-NPi2020-700,High-RE,2C,AIM,ENGAGE,Aggregated R10 regions,415.136955
Full,AIM/CGE V2.2,ENGAGE-NPi2020-700,High-RE,2C,AIM,ENGAGE,R10AFRICA,81.430085
Full,AIM/CGE V2.2,ENGAGE-NPi2020-700,High-RE,2C,AIM,ENGAGE,R10CHINA+,75.417845
Full,AIM/CGE V2.2,ENGAGE-NPi2020-700,High-RE,2C,AIM,ENGAGE,R10EUROPE,15.96939
Full,AIM/CGE V2.2,ENGAGE-NPi2020-700,High-RE,2C,AIM,ENGAGE,R10INDIA+,87.37175
Full,AIM/CGE V2.2,ENGAGE-NPi2020-700,High-RE,2C,AIM,ENGAGE,R10LATIN_AM,19.43378
Full,AIM/CGE V2.2,ENGAGE-NPi2020-700,High-RE,2C,AIM,ENGAGE,R10MIDDLE_EAST,42.90232
Full,AIM/CGE V2.2,ENGAGE-NPi2020-700,High-RE,2C,AIM,ENGAGE,R10NORTH_AM,10.84551
Full,AIM/CGE V2.2,ENGAGE-NPi2020-700,High-RE,2C,AIM,ENGAGE,R10PAC_OECD,6.364235
Full,AIM/CGE V2.2,ENGAGE-NPi2020-700,High-RE,2C,AIM,ENGAGE,R10REF_ECON,15.64982
Full,AIM/CGE V2.2,ENGAGE-NPi2020-700,High-RE,2C,AIM,ENGAGE,R10REST_ASIA,59.75222
Full,AIM/CGE V2.2,ENGAGE-NPi2020-800,High-RE,2C,AIM,ENGAGE,Aggregated R10 regions,415.938025
Full,AIM/CGE V2.2,ENGAGE-NPi2020-800,High-RE,2C,AIM,ENGAGE,R10AFRICA,80.91966
Full,AIM/CGE V2.2,ENGAGE-NPi2020-800,High-RE,2C,AIM,ENGAGE,R10CHINA+,76.080975
Full,AIM/CGE V2.2,ENGAGE-NPi2020-800,High-RE,2C,AIM,ENGAGE,R10EUROPE,16.15719
Full,AIM/CGE V2.2,ENGAGE-NPi2020-800,High-RE,2C,AIM,ENGAGE,R10INDIA+,87.78826
Full,AIM/CGE V2.2,ENGAGE-NPi2020-800,High-RE,2C,AIM,ENGAGE,R10LATIN_AM,19.40817
Full,AIM/CGE V2.2,ENGAGE-NPi2020-800,High-RE,2C,AIM,ENGAGE,R10MIDDLE_EAST,42.9353
Full,AIM/CGE V2.2,ENGAGE-NPi2020-800,High-RE,2C,AIM,ENGAGE,R10NORTH_AM,10.86399
Full,AIM/CGE V2.2,ENGAGE-NPi2020-800,High-RE,2C,AIM,ENGAGE,R10PAC_OECD,6.345715
Full,AIM/CGE V2.2,ENGAGE-NPi2020-800,High-RE,2C,AIM,ENGAGE,R10REF_ECON,15.62817
Full,AIM/CGE V2.2,ENGAGE-NPi2020-800,High-RE,2C,AIM,ENGAGE,R10REST_ASIA,59.810595
Full,AIM/CGE V2.2,ENGAGE-NPi2020-800f,High-CDR,2C,AIM,ENGAGE,Aggregated R10 regions,418.305185
Full,AIM/CGE V2.2,ENGAGE-NPi2020-800f,High-CDR,2C,AIM,ENGAGE,R10AFRICA,80.28336
Full,AIM/CGE V2.2,ENGAGE-NPi2020-800f,High-CDR,2C,AIM,ENGAGE,R10CHINA+,77.64704
Full,AIM/CGE V2.2,ENGAGE-NPi2020-800f,High-CDR,2C,AIM,ENGAGE,R10EUROPE,16.04942
Full,AIM/CGE V2.2,ENGAGE-NPi2020-800f,High-CDR,2C,AIM,ENGAGE,R10INDIA+,89.10011
Full,AIM/CGE V2.2,ENGAGE-NPi2020-800f,High-CDR,2C,AIM,ENGAGE,R10LATIN_AM,19.402075
Full,AIM/CGE V2.2,ENGAGE-NPi2020-800f,High-CDR,2C,AIM,ENGAGE,R10MIDDLE_EAST,43.059005
Full,AIM/CGE V2.2,ENGAGE-NPi2020-800f,High-CDR,2C,AIM,ENGAGE,R10NORTH_AM,10.7474
Full,AIM/CGE V2.2,ENGAGE-NPi2020-800f,High-CDR,2C,AIM,ENGAGE,R10PAC_OECD,6.29269
Full,AIM/CGE V2.2,ENGAGE-NPi2020-800f,High-CDR,2C,AIM,ENGAGE,R10REF_ECON,15.51875
Full,AIM/CGE V2.2,ENGAGE-NPi2020-800f,High-CDR,2C,AIM,ENGAGE,R10REST_ASIA,60.205335
Full,AIM/CGE V2.2,ENGAGE-NPi2020-900,High-CDR,2C,AIM,ENGAGE,Aggregated R10 regions,417.992545
Full,AIM/CGE V2.2,ENGAGE-NPi2020-900,High-CDR,2C,AIM,ENGAGE,R10AFRICA,80.692905
Full,AIM/CGE V2.2,ENGAGE-NPi2020-900,High-CDR,2C,AIM,ENGAGE,R10CHINA+,77.021065
Full,AIM/CGE V2.2,ENGAGE-NPi2020-900,High-CDR,2C,AIM,ENGAGE,R10EUROPE,16.328765
Full,AIM/CGE V2.2,ENGAGE-NPi2020-900,High-CDR,2C,AIM,ENGAGE,R10INDIA+,88.47096
Full,AIM/CGE V2.2,ENGAGE-NPi2020-900,High-CDR,2C,AIM,ENGAGE,R10LATIN_AM,19.44774
Full,AIM/CGE V2.2,ENGAGE-NPi2020-900,High-CDR,2C,AIM,ENGAGE,R10MIDDLE_EAST,43.04488
Full,AIM/CGE V2.2,ENGAGE-NPi2020-900,High-CDR,2C,AIM,ENGAGE,R10NORTH_AM,10.92953
Full,AIM/CGE V2.2,ENGAGE-NPi2020-900,High-CDR,2C,AIM,ENGAGE,R10PAC_OECD,6.341505
Full,AIM/CGE V2.2,ENGAGE-NPi2020-900,High-CDR,2C,AIM,ENGAGE,R10REF_ECON,15.65054
Full,AIM/CGE V2.2,ENGAGE-NPi2020-900,High-CDR,2C,AIM,ENGAGE,R10REST_ASIA,60.064655
Full,AIM/CGE V2.2,ENGAGE-NPi2020-900f,High-CDR,2C,AIM,ENGAGE,Aggregated R10 regions,420.209785
Full,AIM/CGE V2.2,ENGAGE-NPi2020-900f,High-CDR,2C,AIM,ENGAGE,R10AFRICA,80.18745
Full,AIM/CGE V2.2,ENGAGE-NPi2020-900f,High-CDR,2C,AIM,ENGAGE,R10CHINA+,78.44602
Full,AIM/CGE V2.2,ENGAGE-NPi2020-900f,High-CDR,2C,AIM,ENGAGE,R10EUROPE,16.24215
Full,AIM/CGE V2.2,ENGAGE-NPi2020-900f,High-CDR,2C,AIM,ENGAGE,R10INDIA+,89.67665
Full,AIM/CGE V2.2,ENGAGE-NPi2020-900f,High-CDR,2C,AIM,ENGAGE,R10LATIN_AM,19.431455
Full,AIM/CGE V2.2,ENGAGE-NPi2020-900f,High-CDR,2C,AIM,ENGAGE,R10MIDDLE_EAST,43.163565
Full,AIM/CGE V2.2,ENGAGE-NPi2020-900f,High-CDR,2C,AIM,ENGAGE,R10NORTH_AM,10.82624
Full,AIM/CGE V2.2,ENGAGE-NPi2020-900f,High-CDR,2C,AIM,ENGAGE,R10PAC_OECD,6.30913
Full,AIM/CGE V2.2,ENGAGE-NPi2020-900f,High-CDR,2C,AIM,ENGAGE,R10REF_ECON,15.58602
Full,AIM/CGE V2.2,ENGAGE-NPi2020-900f,High-CDR,2C,AIM,ENGAGE,R10REST_ASIA,60.341105
Full,GCAM 6.0 NGFS,NGFS Phase 5-Below 2°C,High-RE,2C,GCAM,NGFS Phase 5,Aggregated R10 regions,456.750175
Full,GCAM 6.0 NGFS,NGFS Phase 5-Below 2°C,High-RE,2C,GCAM,NGFS Phase 5,R10AFRICA,81.976375
Full,GCAM 6.0 NGFS,NGFS Phase 5-Below 2°C,High-RE,2C,GCAM,NGFS Phase 5,R10CHINA+,93.36785
Full,GCAM 6.0 NGFS,NGFS Phase 5-Below 2°C,High-RE,2C,GCAM,NGFS Phase 5,R10EUROPE,19.24553
Full,GCAM 6.0 NGFS,NGFS Phase 5-Below 2°C,High-RE,2C,GCAM,NGFS Phase 5,R10INDIA+,108.388035
Full,GCAM 6.0 NGFS,NGFS Phase 5-Below 2°C,High-RE,2C,GCAM,NGFS Phase 5,R10LATIN_AM,15.593695
Full,GCAM 6.0 NGFS,NGFS Phase 5-Below 2°C,High-RE,2C,GCAM,NGFS Phase 5,R10MIDDLE_EAST,45.132005
Full,GCAM 6.0 NGFS,NGFS Phase 5-Below 2°C,High-RE,2C,GCAM,NGFS Phase 5,R10NORTH_AM,12.071495
Full,GCAM 6.0 NGFS,NGFS Phase 5-Below 2°C,High-RE,2C,GCAM,NGFS Phase 5,R10PAC_OECD,5.85177
Full,GCAM 6.0 NGFS,NGFS Phase 5-Below 2°C,High-RE,2C,GCAM,NGFS Phase 5,R10REF_ECON,15.32062
Full,GCAM 6.0 NGFS,NGFS Phase 5-Below 2°C,High-RE,2C,GCAM,NGFS Phase 5,R10REST_ASIA,59.8028
Full,GCAM 6.0 NGFS,NGFS Phase 5-Delayed Transition,High-RE,2C,GCAM,NGFS Phase 5,Aggregated R10 regions,461.47678
Full,GCAM 6.0 NGFS,NGFS Phase 5-Delayed Transition,High-RE,2C,GCAM,NGFS Phase 5,R10AFRICA,82.232155
Full,GCAM 6.0 NGFS,NGFS Phase 5-Delayed Transition,High-RE,2C,GCAM,NGFS Phase 5,R10CHINA+,92.840965
Full,GCAM 6.0 NGFS,NGFS Phase 5-Delayed Transition,High-RE,2C,GCAM,NGFS Phase 5,R10EUROPE,19.44191
Full,GCAM 6.0 NGFS,NGFS Phase 5-Delayed Transition,High-RE,2C,GCAM,NGFS Phase 5,R10INDIA+,111.833015
Full,GCAM 6.0 NGFS,NGFS Phase 5-Delayed Transition,High-RE,2C,GCAM,NGFS Phase 5,R10LATIN_AM,15.744395
Full,GCAM 6.0 NGFS,NGFS Phase 5-Delayed Transition,High-RE,2C,GCAM,NGFS Phase 5,R10MIDDLE_EAST,45.344695
Full,GCAM 6.0 NGFS,NGFS Phase 5-Delayed Transition,High-RE,2C,GCAM,NGFS Phase 5,R10NORTH_AM,11.801635
Full,GCAM 6.0 NGFS,NGFS Phase 5-Delayed Transition,High-RE,2C,GCAM,NGFS Phase 5,R10PAC_OECD,5.78071
Full,GCAM 6.0 NGFS,NGFS Phase 5-Delayed Transition,High-RE,2C,GCAM,NGFS Phase 5,R10REF_ECON,15.63072
Full,GCAM 6.0 NGFS,NGFS Phase 5-Delayed Transition,High-RE,2C,GCAM,NGFS Phase 5,R10REST_ASIA,60.82658
Full,GCAM 6.0 NGFS,NGFS Phase 5-Fragmented World,High-RE,2C,GCAM,NGFS Phase 5,Aggregated R10 regions,505.985
Full,GCAM 6.0 NGFS,NGFS Phase 5-Fragmented World,High-RE,2C,GCAM,NGFS Phase 5,R10AFRICA,86.109625
Full,GCAM 6.0 NGFS,NGFS Phase 5-Fragmented World,High-RE,2C,GCAM,NGFS Phase 5,R10CHINA+,99.145445
Full,GCAM 6.0 NGFS,NGFS Phase 5-Fragmented World,High-RE,2C,GCAM,NGFS Phase 5,R10EUROPE,21.85193
Full,GCAM 6.0 NGFS,NGFS Phase 5-Fragmented World,High-RE,2C,GCAM,NGFS Phase 5,R10INDIA+,128.17925
Full,GCAM 6.0 NGFS,NGFS Phase 5-Fragmented World,High-RE,2C,GCAM,NGFS Phase 5,R10LATIN_AM,16.759595
Full,GCAM 6.0 NGFS,NGFS Phase 5-Fragmented World,High-RE,2C,GCAM,NGFS Phase 5,R10MIDDLE_EAST,47.88724
Full,GCAM 6.0 NGFS,NGFS Phase 5-Fragmented World,High-RE,2C,GCAM,NGFS Phase 5,R10NORTH_AM,12.488075
Full,GCAM 6.0 NGFS,NGFS Phase 5-Fragmented World,High-RE,2C,GCAM,NGFS Phase 5,R10PAC_OECD,5.76056
Full,GCAM 6.0 NGFS,NGFS Phase 5-Fragmented World,High-RE,2C,GCAM,NGFS Phase 5,R10REF_ECON,17.261945
Full,GCAM 6.0 NGFS,NGFS Phase 5-Fragmented World,High-RE,2C,GCAM,NGFS Phase 5,R10REST_ASIA,70.541335
Full,GCAM 6.0 NGFS,NGFS Phase 5-Nationally Determined Contributions (NDCs),High-RE,2C,GCAM,NGFS Phase 5,Aggregated R10 regions,532.04869
Full,GCAM 6.0 NGFS,NGFS Phase 5-Nationally Determined Contributions (NDCs),High-RE,2C,GCAM,NGFS Phase 5,R10AFRICA,86.501515
Full,GCAM 6.0 NGFS,NGFS Phase 5-Nationally Determined Contributions (NDCs),High-RE,2C,GCAM,NGFS Phase 5,R10CHINA+,107.890485
Full,GCAM 6.0 NGFS,NGFS Phase 5-Nationally Determined Contributions (NDCs),High-RE,2C,GCAM,NGFS Phase 5,R10EUROPE,21.74241
Full,GCAM 6.0 NGFS,NGFS Phase 5-Nationally Determined Contributions (NDCs),High-RE,2C,GCAM,NGFS Phase 5,R10INDIA+,144.16779
Full,GCAM 6.0 NGFS,NGFS Phase 5-Nationally Determined Contributions (NDCs),High-RE,2C,GCAM,NGFS Phase 5,R10LATIN_AM,16.81486
Full,GCAM 6.0 NGFS,NGFS Phase 5-Nationally Determined Contributions (NDCs),High-RE,2C,GCAM,NGFS Phase 5,R10MIDDLE_EAST,46.342395
Full,GCAM 6.0 NGFS,NGFS Phase 5-Nationally Determined Contributions (NDCs),High-RE,2C,GCAM,NGFS Phase 5,R10NORTH_AM,14.288085
Full,GCAM 6.0 NGFS,NGFS Phase 5-Nationally Determined Contributions (NDCs),High-RE,2C,GCAM,NGFS Phase 5,R10PAC_OECD,6.15113
Full,GCAM 6.0 NGFS,NGFS Phase 5-Nationally Determined Contributions (NDCs),High-RE,2C,GCAM,NGFS Phase 5,R10REF_ECON,16.625905
Full,GCAM 6.0 NGFS,NGFS Phase 5-Nationally Determined Contributions (NDCs),High-RE,2C,GCAM,NGFS Phase 5,R10REST_ASIA,71.524115
Full,GCAM 6.0 NGFS,NGFS Phase 5-Net-Zero 2050,High-RE,1.5C,GCAM,NGFS Phase 5,Aggregated R10 regions,443.68606
Full,GCAM 6.0 NGFS,NGFS Phase 5-Net-Zero 2050,High-RE,1.5C,GCAM,NGFS Phase 5,R10AFRICA,81.344555
Full,GCAM 6.0 NGFS,NGFS Phase 5-Net-Zero 2050,High-RE,1.5C,GCAM,NGFS Phase 5,R10CHINA+,89.119805
Full,GCAM 6.0 NGFS,NGFS Phase 5-Net-Zero 2050,High-RE,1.5C,GCAM,NGFS Phase 5,R10EUROPE,18.6016
Full,GCAM 6.0 NGFS,NGFS Phase 5-Net-Zero 2050,High-RE,1.5C,GCAM,NGFS Phase 5,R10INDIA+,104.292145
Full,GCAM 6.0 NGFS,NGFS Phase 5-Net-Zero 2050,High-RE,1.5C,GCAM,NGFS Phase 5,R10LATIN_AM,15.379195
Full,GCAM 6.0 NGFS,NGFS Phase 5-Net-Zero 2050,High-RE,1.5C,GCAM,NGFS Phase 5,R10MIDDLE_EAST,44.78591
Full,GCAM 6.0 NGFS,NGFS Phase 5-Net-Zero 2050,High-RE,1.5C,GCAM,NGFS Phase 5,R10NORTH_AM,11.61245
Full,GCAM 6.0 NGFS,NGFS Phase 5-Net-Zero 2050,High-RE,1.5C,GCAM,NGFS Phase 5,R10PAC_OECD,5.82445
Full,GCAM 6.0 NGFS,NGFS Phase 5-Net-Zero 2050,High-RE,1.5C,GCAM,NGFS Phase 5,R10REF_ECON,15.03955
Full,GCAM 6.0 NGFS,NGFS Phase 5-Net-Zero 2050,High-RE,1.5C,GCAM,NGFS Phase 5,R10REST_ASIA,57.6864
Full,GCAM 7.0,IAM-COMPACT-Current-Policies-Emissions-Intensity,High-CDR,2C,GCAM,IAM,Aggregated R10 regions,571.20569
Full,GCAM 7.0,IAM-COMPACT-Current-Policies-Emissions-Intensity,High-CDR,2C,GCAM,IAM,R10AFRICA,101.115425
Full,GCAM 7.0,IAM-COMPACT-Current-Policies-Emissions-Intensity,High-CDR,2C,GCAM,IAM,R10CHINA+,101.47075
Full,GCAM 7.0,IAM-COMPACT-Current-Policies-Emissions-Intensity,High-CDR,2C,GCAM,IAM,R10EUROPE,24.5647
Full,GCAM 7.0,IAM-COMPACT-Current-Policies-Emissions-Intensity,High-CDR,2C,GCAM,IAM,R10INDIA+,160.55334
Full,GCAM 7.0,IAM-COMPACT-Current-Policies-Emissions-Intensity,High-CDR,2C,GCAM,IAM,R10LATIN_AM,17.701525
Full,GCAM 7.0,IAM-COMPACT-Current-Policies-Emissions-Intensity,High-CDR,2C,GCAM,IAM,R10MIDDLE_EAST,49.418005
Full,GCAM 7.0,IAM-COMPACT-Current-Policies-Emissions-Intensity,High-CDR,2C,GCAM,IAM,R10NORTH_AM,14.32803
Full,GCAM 7.0,IAM-COMPACT-Current-Policies-Emissions-Intensity,High-CDR,2C,GCAM,IAM,R10PAC_OECD,6.20468
Full,GCAM 7.0,IAM-COMPACT-Current-Policies-Emissions-Intensity,High-CDR,2C,GCAM,IAM,R10REF_ECON,17.31856
Full,GCAM 7.0,IAM-COMPACT-Current-Policies-Emissions-Intensity,High-CDR,2C,GCAM,IAM,R10REST_ASIA,78.530675
Full,GCAM 7.0,IAM-COMPACT-NDC-Emissions-Intensity,High-CDR,2C,GCAM,IAM,Aggregated R10 regions,543.8502
Full,GCAM 7.0,IAM-COMPACT-NDC-Emissions-Intensity,High-CDR,2C,GCAM,IAM,R10AFRICA,86.122715
Full,GCAM 7.0,IAM-COMPACT-NDC-Emissions-Intensity,High-CDR,2C,GCAM,IAM,R10CHINA+,98.47866
Full,GCAM 7.0,IAM-COMPACT-NDC-Emissions-Intensity,High-CDR,2C,GCAM,IAM,R10EUROPE,23.90131
Full,GCAM 7.0,IAM-COMPACT-NDC-Emissions-Intensity,High-CDR,2C,GCAM,IAM,R10INDIA+,156.848675
Full,GCAM 7.0,IAM-COMPACT-NDC-Emissions-Intensity,High-CDR,2C,GCAM,IAM,R10LATIN_AM,17.15655
Full,GCAM 7.0,IAM-COMPACT-NDC-Emissions-Intensity,High-CDR,2C,GCAM,IAM,R10MIDDLE_EAST,47.493905
Full,GCAM 7.0,IAM-COMPACT-NDC-Emissions-Intensity,High-CDR,2C,GCAM,IAM,R10NORTH_AM,14.701405
Full,GCAM 7.0,IAM-COMPACT-NDC-Emissions-Intensity,High-CDR,2C,GCAM,IAM,R10PAC_OECD,6.14643
Full,GCAM 7.0,IAM-COMPACT-NDC-Emissions-Intensity,High-CDR,2C,GCAM,IAM,R10REF_ECON,16.892915
Full,GCAM 7.0,IAM-COMPACT-NDC-Emissions-Intensity,High-CDR,2C,GCAM,IAM,R10REST_ASIA,76.107635
Full,GCAM 7.0,IAM-COMPACT-NDC-Long-Term-Pledges,High-CDR,2C,GCAM,IAM,Aggregated R10 regions,509.98317
Full,GCAM 7.0,IAM-COMPACT-NDC-Long-Term-Pledges,High-CDR,2C,GCAM,IAM,R10AFRICA,85.10699
Full,GCAM 7.0,IAM-COMPACT-NDC-Long-Term-Pledges,High-CDR,2C,GCAM,IAM,R10CHINA+,96.862265
Full,GCAM 7.0,IAM-COMPACT-NDC-Long-Term-Pledges,High-CDR,2C,GCAM,IAM,R10EUROPE,23.33136
Full,GCAM 7.0,IAM-COMPACT-NDC-Long-Term-Pledges,High-CDR,2C,GCAM,IAM,R10INDIA+,132.693085
Full,GCAM 7.0,IAM-COMPACT-NDC-Long-Term-Pledges,High-CDR,2C,GCAM,IAM,R10LATIN_AM,17.04013
Full,GCAM 7.0,IAM-COMPACT-NDC-Long-Term-Pledges,High-CDR,2C,GCAM,IAM,R10MIDDLE_EAST,47.02647
Full,GCAM 7.0,IAM-COMPACT-NDC-Long-Term-Pledges,High-CDR,2C,GCAM,IAM,R10NORTH_AM,14.881135
Full,GCAM 7.0,IAM-COMPACT-NDC-Long-Term-Pledges,High-CDR,2C,GCAM,IAM,R10PAC_OECD,6.17564
Full,GCAM 7.0,IAM-COMPACT-NDC-Long-Term-Pledges,High-CDR,2C,GCAM,IAM,R10REF_ECON,16.41888
Full,GCAM 7.0,IAM-COMPACT-NDC-Long-Term-Pledges,High-CDR,2C,GCAM,IAM,R10REST_ASIA,70.447215
Full,IMAGE 3.0,ENGAGE-INDCi2030-1000,High-CDR,2C,IMAGE,ENGAGE,Aggregated R10 regions,508.952605
Full,IMAGE 3.0,ENGAGE-INDCi2030-1000,High-CDR,2C,IMAGE,ENGAGE,R10AFRICA,76.02868
Full,IMAGE 3.0,ENGAGE-INDCi2030-1000,High-CDR,2C,IMAGE,ENGAGE,R10CHINA+,97.104685
Full,IMAGE 3.0,ENGAGE-INDCi2030-1000,High-CDR,2C,IMAGE,ENGAGE,R10EUROPE,21.64308
Full,IMAGE 3.0,ENGAGE-INDCi2030-1000,High-CDR,2C,IMAGE,ENGAGE,R10INDIA+,149.81929
Full,IMAGE 3.0,ENGAGE-INDCi2030-1000,High-CDR,2C,IMAGE,ENGAGE,R10LATIN_AM,21.675995
Full,IMAGE 3.0,ENGAGE-INDCi2030-1000,High-CDR,2C,IMAGE,ENGAGE,R10MIDDLE_EAST,47.056975
Full,IMAGE 3.0,ENGAGE-INDCi2030-1000,High-CDR,2C,IMAGE,ENGAGE,R10NORTH_AM,10.418195
Full,IMAGE 3.0,ENGAGE-INDCi2030-1000,High-CDR,2C,IMAGE,ENGAGE,R10PAC_OECD,6.047295
Full,IMAGE 3.0,ENGAGE-INDCi2030-1000,High-CDR,2C,IMAGE,ENGAGE,R10REF_ECON,14.628915
Full,IMAGE 3.0,ENGAGE-INDCi2030-1000,High-CDR,2C,IMAGE,ENGAGE,R10REST_ASIA,64.529495
Full,IMAGE 3.0,ENGAGE-INDCi2030-1000f,High-CDR,2C,IMAGE,ENGAGE,Aggregated R10 regions,506.95144
Full,IMAGE 3.0,ENGAGE-INDCi2030-1000f,High-CDR,2C,IMAGE,ENGAGE,R10AFRICA,75.854415
Full,IMAGE 3.0,ENGAGE-INDCi2030-1000f,High-CDR,2C,IMAGE,ENGAGE,R10CHINA+,98.69257
Full,IMAGE 3.0,ENGAGE-INDCi2030-1000f,High-CDR,2C,IMAGE,ENGAGE,R10EUROPE,21.53554
Full,IMAGE 3.0,ENGAGE-INDCi2030-1000f,High-CDR,2C,IMAGE,ENGAGE,R10INDIA+,145.48549
Full,IMAGE 3.0,ENGAGE-INDCi2030-1000f,High-CDR,2C,IMAGE,ENGAGE,R10LATIN_AM,22.402305
Full,IMAGE 3.0,ENGAGE-INDCi2030-1000f,High-CDR,2C,IMAGE,ENGAGE,R10MIDDLE_EAST,47.00574
Full,IMAGE 3.0,ENGAGE-INDCi2030-1000f,High-CDR,2C,IMAGE,ENGAGE,R10NORTH_AM,10.438625
Full,IMAGE 3.0,ENGAGE-INDCi2030-1000f,High-CDR,2C,IMAGE,ENGAGE,R10PAC_OECD,6.16042
Full,IMAGE 3.0,ENGAGE-INDCi2030-1000f,High-CDR,2C,IMAGE,ENGAGE,R10REF_ECON,14.61389
Full,IMAGE 3.0,ENGAGE-INDCi2030-1000f,High-CDR,2C,IMAGE,ENGAGE,R10REST_ASIA,64.762445
Full,IMAGE 3.0,ENGAGE-INDCi2030-1200,High-CDR,2C,IMAGE,ENGAGE,Aggregated R10 regions,519.076375
Full,IMAGE 3.0,ENGAGE-INDCi2030-1200,High-CDR,2C,IMAGE,ENGAGE,R10AFRICA,76.24009
Full,IMAGE 3.0,ENGAGE-INDCi2030-1200,High-CDR,2C,IMAGE,ENGAGE,R10CHINA+,98.911525
Full,IMAGE 3.0,ENGAGE-INDCi2030-1200,High-CDR,2C,IMAGE,ENGAGE,R10EUROPE,21.84519
Full,IMAGE 3.0,ENGAGE-INDCi2030-1200,High-CDR,2C,IMAGE,ENGAGE,R10INDIA+,154.57707
Full,IMAGE 3.0,ENGAGE-INDCi2030-1200,High-CDR,2C,IMAGE,ENGAGE,R10LATIN_AM,22.405635
Full,IMAGE 3.0,ENGAGE-INDCi2030-1200,High-CDR,2C,IMAGE,ENGAGE,R10MIDDLE_EAST,47.27277
Full,IMAGE 3.0,ENGAGE-INDCi2030-1200,High-CDR,2C,IMAGE,ENGAGE,R10NORTH_AM,10.548825
Full,IMAGE 3.0,ENGAGE-INDCi2030-1200,High-CDR,2C,IMAGE,ENGAGE,R10PAC_OECD,6.131675
Full,IMAGE 3.0,ENGAGE-INDCi2030-1200,High-CDR,2C,IMAGE,ENGAGE,R10REF_ECON,14.726645
Full,IMAGE 3.0,ENGAGE-INDCi2030-1200,High-CDR,2C,IMAGE,ENGAGE,R10REST_ASIA,66.41695
Full,IMAGE 3.0,ENGAGE-INDCi2030-1200f,High-CDR,2C,IMAGE,ENGAGE,Aggregated R10 regions,519.99852
Full,IMAGE 3.0,ENGAGE-INDCi2030-1200f,High-CDR,2C,IMAGE,ENGAGE,R10AFRICA,76.411605
Full,IMAGE 3.0,ENGAGE-INDCi2030-1200f,High-CDR,2C,IMAGE,ENGAGE,R10CHINA+,100.262315
Full,IMAGE 3.0,ENGAGE-INDCi2030-1200f,High-CDR,2C,IMAGE,ENGAGE,R10EUROPE,21.849515
Full,IMAGE 3.0,ENGAGE-INDCi2030-1200f,High-CDR,2C,IMAGE,ENGAGE,R10INDIA+,153.919615
Full,IMAGE 3.0,ENGAGE-INDCi2030-1200f,High-CDR,2C,IMAGE,ENGAGE,R10LATIN_AM,22.36339
Full,IMAGE 3.0,ENGAGE-INDCi2030-1200f,High-CDR,2C,IMAGE,ENGAGE,R10MIDDLE_EAST,47.263025
Full,IMAGE 3.0,ENGAGE-INDCi2030-1200f,High-CDR,2C,IMAGE,ENGAGE,R10NORTH_AM,10.556345
Full,IMAGE 3.0,ENGAGE-INDCi2030-1200f,High-CDR,2C,IMAGE,ENGAGE,R10PAC_OECD,6.17085
Full,IMAGE 3.0,ENGAGE-INDCi2030-1200f,High-CDR,2C,IMAGE,ENGAGE,R10REF_ECON,14.742155
Full,IMAGE 3.0,ENGAGE-INDCi2030-1200f,High-CDR,2C,IMAGE,ENGAGE,R10REST_ASIA,66.459705
Full,IMAGE 3.0,ENGAGE-INDCi2030-1400,High-CDR,2C,IMAGE,ENGAGE,Aggregated R10 regions,524.51773
Full,IMAGE 3.0,ENGAGE-INDCi2030-1400,High-CDR,2C,IMAGE,ENGAGE,R10AFRICA,76.289795
Full,IMAGE 3.0,ENGAGE-INDCi2030-1400,High-CDR,2C,IMAGE,ENGAGE,R10CHINA+,100.694735
Full,IMAGE 3.0,ENGAGE-INDCi2030-1400,High-CDR,2C,IMAGE,ENGAGE,R10EUROPE,21.98968
Full,IMAGE 3.0,ENGAGE-INDCi2030-1400,High-CDR,2C,IMAGE,ENGAGE,R10INDIA+,157.680235
Full,IMAGE 3.0,ENGAGE-INDCi2030-1400,High-CDR,2C,IMAGE,ENGAGE,R10LATIN_AM,22.4972
Full,IMAGE 3.0,ENGAGE-INDCi2030-1400,High-CDR,2C,IMAGE,ENGAGE,R10MIDDLE_EAST,47.39748
Full,IMAGE 3.0,ENGAGE-INDCi2030-1400,High-CDR,2C,IMAGE,ENGAGE,R10NORTH_AM,10.705015
Full,IMAGE 3.0,ENGAGE-INDCi2030-1400,High-CDR,2C,IMAGE,ENGAGE,R10PAC_OECD,6.21552
Full,IMAGE 3.0,ENGAGE-INDCi2030-1400,High-CDR,2C,IMAGE,ENGAGE,R10REF_ECON,14.806455
Full,IMAGE 3.0,ENGAGE-INDCi2030-1400,High-CDR,2C,IMAGE,ENGAGE,R10REST_ASIA,66.241615
Full,IMAGE 3.0,ENGAGE-INDCi2030-1400f,High-CDR,2C,IMAGE,ENGAGE,Aggregated R10 regions,526.56814
Full,IMAGE 3.0,ENGAGE-INDCi2030-1400f,High-CDR,2C,IMAGE,ENGAGE,R10AFRICA,76.620845
Full,IMAGE 3.0,ENGAGE-INDCi2030-1400f,High-CDR,2C,IMAGE,ENGAGE,R10CHINA+,101.64859
Full,IMAGE 3.0,ENGAGE-INDCi2030-1400f,High-CDR,2C,IMAGE,ENGAGE,R10EUROPE,21.989285
Full,IMAGE 3.0,ENGAGE-INDCi2030-1400f,High-CDR,2C,IMAGE,ENGAGE,R10INDIA+,157.85908
Full,IMAGE 3.0,ENGAGE-INDCi2030-1400f,High-CDR,2C,IMAGE,ENGAGE,R10LATIN_AM,22.432945
Full,IMAGE 3.0,ENGAGE-INDCi2030-1400f,High-CDR,2C,IMAGE,ENGAGE,R10MIDDLE_EAST,47.388405
Full,IMAGE 3.0,ENGAGE-INDCi2030-1400f,High-CDR,2C,IMAGE,ENGAGE,R10NORTH_AM,10.628565
Full,IMAGE 3.0,ENGAGE-INDCi2030-1400f,High-CDR,2C,IMAGE,ENGAGE,R10PAC_OECD,6.208355
Full,IMAGE 3.0,ENGAGE-INDCi2030-1400f,High-CDR,2C,IMAGE,ENGAGE,R10REF_ECON,14.836185
Full,IMAGE 3.0,ENGAGE-INDCi2030-1400f,High-CDR,2C,IMAGE,ENGAGE,R10REST_ASIA,66.955885
Full,IMAGE 3.0,ENGAGE-INDCi2030-3000,High-CDR,2C,IMAGE,ENGAGE,Aggregated R10 regions,560.69934
Full,IMAGE 3.0,ENGAGE-INDCi2030-3000,High-CDR,2C,IMAGE,ENGAGE,R10AFRICA,77.53419
Full,IMAGE 3.0,ENGAGE-INDCi2030-3000,High-CDR,2C,IMAGE,ENGAGE,R10CHINA+,107.1512
Full,IMAGE 3.0,ENGAGE-INDCi2030-3000,High-CDR,2C,IMAGE,ENGAGE,R10EUROPE,22.62747
Full,IMAGE 3.0,ENGAGE-INDCi2030-3000,High-CDR,2C,IMAGE,ENGAGE,R10INDIA+,181.39367
Full,IMAGE 3.0,ENGAGE-INDCi2030-3000,High-CDR,2C,IMAGE,ENGAGE,R10LATIN_AM,21.08955
Full,IMAGE 3.0,ENGAGE-INDCi2030-3000,High-CDR,2C,IMAGE,ENGAGE,R10MIDDLE_EAST,48.057455
Full,IMAGE 3.0,ENGAGE-INDCi2030-3000,High-CDR,2C,IMAGE,ENGAGE,R10NORTH_AM,10.95004
Full,IMAGE 3.0,ENGAGE-INDCi2030-3000,High-CDR,2C,IMAGE,ENGAGE,R10PAC_OECD,6.2511
Full,IMAGE 3.0,ENGAGE-INDCi2030-3000,High-CDR,2C,IMAGE,ENGAGE,R10REF_ECON,15.119465
Full,IMAGE 3.0,ENGAGE-INDCi2030-3000,High-CDR,2C,IMAGE,ENGAGE,R10REST_ASIA,70.5252
Full,IMAGE 3.0,ENGAGE-INDCi2030-3000f,High-CDR,2C,IMAGE,ENGAGE,Aggregated R10 regions,560.69934
Full,IMAGE 3.0,ENGAGE-INDCi2030-3000f,High-CDR,2C,IMAGE,ENGAGE,R10AFRICA,77.53419
Full,IMAGE 3.0,ENGAGE-INDCi2030-3000f,High-CDR,2C,IMAGE,ENGAGE,R10CHINA+,107.1512
Full,IMAGE 3.0,ENGAGE-INDCi2030-3000f,High-CDR,2C,IMAGE,ENGAGE,R10EUROPE,22.62747
Full,IMAGE 3.0,ENGAGE-INDCi2030-3000f,High-CDR,2C,IMAGE,ENGAGE,R10INDIA+,181.39367
Full,IMAGE 3.0,ENGAGE-INDCi2030-3000f,High-CDR,2C,IMAGE,ENGAGE,R10LATIN_AM,21.08955
Full,IMAGE 3.0,ENGAGE-INDCi2030-3000f,High-CDR,2C,IMAGE,ENGAGE,R10MIDDLE_EAST,48.057455
Full,IMAGE 3.0,ENGAGE-INDCi2030-3000f,High-CDR,2C,IMAGE,ENGAGE,R10NORTH_AM,10.95004
Full,IMAGE 3.0,ENGAGE-INDCi2030-3000f,High-CDR,2C,IMAGE,ENGAGE,R10PAC_OECD,6.2511
Full,IMAGE 3.0,ENGAGE-INDCi2030-3000f,High-CDR,2C,IMAGE,ENGAGE,R10REF_ECON,15.119465
Full,IMAGE 3.0,ENGAGE-INDCi2030-3000f,High-CDR,2C,IMAGE,ENGAGE,R10REST_ASIA,70.5252
Full,IMAGE 3.0,ENGAGE-INDCi2030-800f,High-CDR,2C,IMAGE,ENGAGE,Aggregated R10 regions,503.62006
Full,IMAGE 3.0,ENGAGE-INDCi2030-800f,High-CDR,2C,IMAGE,ENGAGE,R10AFRICA,75.720305
Full,IMAGE 3.0,ENGAGE-INDCi2030-800f,High-CDR,2C,IMAGE,ENGAGE,R10CHINA+,96.809635
Full,IMAGE 3.0,ENGAGE-INDCi2030-800f,High-CDR,2C,IMAGE,ENGAGE,R10EUROPE,21.378665
Full,IMAGE 3.0,ENGAGE-INDCi2030-800f,High-CDR,2C,IMAGE,ENGAGE,R10INDIA+,146.082005
Full,IMAGE 3.0,ENGAGE-INDCi2030-800f,High-CDR,2C,IMAGE,ENGAGE,R10LATIN_AM,21.803525
Full,IMAGE 3.0,ENGAGE-INDCi2030-800f,High-CDR,2C,IMAGE,ENGAGE,R10MIDDLE_EAST,46.89536
Full,IMAGE 3.0,ENGAGE-INDCi2030-800f,High-CDR,2C,IMAGE,ENGAGE,R10NORTH_AM,10.319865
Full,IMAGE 3.0,ENGAGE-INDCi2030-800f,High-CDR,2C,IMAGE,ENGAGE,R10PAC_OECD,6.056135
Full,IMAGE 3.0,ENGAGE-INDCi2030-800f,High-CDR,2C,IMAGE,ENGAGE,R10REF_ECON,14.55197
Full,IMAGE 3.0,ENGAGE-INDCi2030-800f,High-CDR,2C,IMAGE,ENGAGE,R10REST_ASIA,64.002595
Full,IMAGE 3.0,ENGAGE-NPi2020-1000,High-CDR,2C,IMAGE,ENGAGE,Aggregated R10 regions,511.164955
Full,IMAGE 3.0,ENGAGE-NPi2020-1000,High-CDR,2C,IMAGE,ENGAGE,R10AFRICA,76.226
Full,IMAGE 3.0,ENGAGE-NPi2020-1000,High-CDR,2C,IMAGE,ENGAGE,R10CHINA+,97.133345
Full,IMAGE 3.0,ENGAGE-NPi2020-1000,High-CDR,2C,IMAGE,ENGAGE,R10EUROPE,21.731845
Full,IMAGE 3.0,ENGAGE-NPi2020-1000,High-CDR,2C,IMAGE,ENGAGE,R10INDIA+,151.15746
Full,IMAGE 3.0,ENGAGE-NPi2020-1000,High-CDR,2C,IMAGE,ENGAGE,R10LATIN_AM,21.532835
Full,IMAGE 3.0,ENGAGE-NPi2020-1000,High-CDR,2C,IMAGE,ENGAGE,R10MIDDLE_EAST,47.158755
Full,IMAGE 3.0,ENGAGE-NPi2020-1000,High-CDR,2C,IMAGE,ENGAGE,R10NORTH_AM,10.593425
Full,IMAGE 3.0,ENGAGE-NPi2020-1000,High-CDR,2C,IMAGE,ENGAGE,R10PAC_OECD,6.05111
Full,IMAGE 3.0,ENGAGE-NPi2020-1000,High-CDR,2C,IMAGE,ENGAGE,R10REF_ECON,14.599695
Full,IMAGE 3.0,ENGAGE-NPi2020-1000,High-CDR,2C,IMAGE,ENGAGE,R10REST_ASIA,64.980485
Full,IMAGE 3.0,ENGAGE-NPi2020-1000f,High-CDR,2C,IMAGE,ENGAGE,Aggregated R10 regions,512.67568000000006
Full,IMAGE 3.0,ENGAGE-NPi2020-1000f,High-CDR,2C,IMAGE,ENGAGE,R10AFRICA,76.283935
Full,IMAGE 3.0,ENGAGE-NPi2020-1000f,High-CDR,2C,IMAGE,ENGAGE,R10CHINA+,97.858785
Full,IMAGE 3.0,ENGAGE-NPi2020-1000f,High-CDR,2C,IMAGE,ENGAGE,R10EUROPE,21.83152
Full,IMAGE 3.0,ENGAGE-NPi2020-1000f,High-CDR,2C,IMAGE,ENGAGE,R10INDIA+,151.5394
Full,IMAGE 3.0,ENGAGE-NPi2020-1000f,High-CDR,2C,IMAGE,ENGAGE,R10LATIN_AM,21.72679
Full,IMAGE 3.0,ENGAGE-NPi2020-1000f,High-CDR,2C,IMAGE,ENGAGE,R10MIDDLE_EAST,47.181165
Full,IMAGE 3.0,ENGAGE-NPi2020-1000f,High-CDR,2C,IMAGE,ENGAGE,R10NORTH_AM,10.634855
Full,IMAGE 3.0,ENGAGE-NPi2020-1000f,High-CDR,2C,IMAGE,ENGAGE,R10PAC_OECD,6.09748
Full,IMAGE 3.0,ENGAGE-NPi2020-1000f,High-CDR,2C,IMAGE,ENGAGE,R10REF_ECON,14.647615
Full,IMAGE 3.0,ENGAGE-NPi2020-1000f,High-CDR,2C,IMAGE,ENGAGE,R10REST_ASIA,64.874135
Full,IMAGE 3.0,ENGAGE-NPi2020-1200,High-CDR,2C,IMAGE,ENGAGE,Aggregated R10 regions,517.280945
Full,IMAGE 3.0,ENGAGE-NPi2020-1200,High-CDR,2C,IMAGE,ENGAGE,R10AFRICA,76.20122
Full,IMAGE 3.0,ENGAGE-NPi2020-1200,High-CDR,2C,IMAGE,ENGAGE,R10CHINA+,98.82802
Full,IMAGE 3.0,ENGAGE-NPi2020-1200,High-CDR,2C,IMAGE,ENGAGE,R10EUROPE,21.894155
Full,IMAGE 3.0,ENGAGE-NPi2020-1200,High-CDR,2C,IMAGE,ENGAGE,R10INDIA+,153.5296
Full,IMAGE 3.0,ENGAGE-NPi2020-1200,High-CDR,2C,IMAGE,ENGAGE,R10LATIN_AM,22.053545
Full,IMAGE 3.0,ENGAGE-NPi2020-1200,High-CDR,2C,IMAGE,ENGAGE,R10MIDDLE_EAST,47.2651
Full,IMAGE 3.0,ENGAGE-NPi2020-1200,High-CDR,2C,IMAGE,ENGAGE,R10NORTH_AM,10.682605
Full,IMAGE 3.0,ENGAGE-NPi2020-1200,High-CDR,2C,IMAGE,ENGAGE,R10PAC_OECD,6.131435
Full,IMAGE 3.0,ENGAGE-NPi2020-1200,High-CDR,2C,IMAGE,ENGAGE,R10REF_ECON,14.657325
Full,IMAGE 3.0,ENGAGE-NPi2020-1200,High-CDR,2C,IMAGE,ENGAGE,R10REST_ASIA,66.03794
Full,IMAGE 3.0,ENGAGE-NPi2020-1200f,High-CDR,2C,IMAGE,ENGAGE,Aggregated R10 regions,515.916745
Full,IMAGE 3.0,ENGAGE-NPi2020-1200f,High-CDR,2C,IMAGE,ENGAGE,R10AFRICA,76.061
Full,IMAGE 3.0,ENGAGE-NPi2020-1200f,High-CDR,2C,IMAGE,ENGAGE,R10CHINA+,98.9845
Full,IMAGE 3.0,ENGAGE-NPi2020-1200f,High-CDR,2C,IMAGE,ENGAGE,R10EUROPE,21.905735
Full,IMAGE 3.0,ENGAGE-NPi2020-1200f,High-CDR,2C,IMAGE,ENGAGE,R10INDIA+,153.06427
Full,IMAGE 3.0,ENGAGE-NPi2020-1200f,High-CDR,2C,IMAGE,ENGAGE,R10LATIN_AM,22.254455
Full,IMAGE 3.0,ENGAGE-NPi2020-1200f,High-CDR,2C,IMAGE,ENGAGE,R10MIDDLE_EAST,47.238765
Full,IMAGE 3.0,ENGAGE-NPi2020-1200f,High-CDR,2C,IMAGE,ENGAGE,R10NORTH_AM,10.655795
Full,IMAGE 3.0,ENGAGE-NPi2020-1200f,High-CDR,2C,IMAGE,ENGAGE,R10PAC_OECD,6.160575
Full,IMAGE 3.0,ENGAGE-NPi2020-1200f,High-CDR,2C,IMAGE,ENGAGE,R10REF_ECON,14.683265
Full,IMAGE 3.0,ENGAGE-NPi2020-1200f,High-CDR,2C,IMAGE,ENGAGE,R10REST_ASIA,64.908385
Full,IMAGE 3.0,ENGAGE-NPi2020-1400,High-CDR,2C,IMAGE,ENGAGE,Aggregated R10 regions,520.91717
Full,IMAGE 3.0,ENGAGE-NPi2020-1400,High-CDR,2C,IMAGE,ENGAGE,R10AFRICA,76.273615
Full,IMAGE 3.0,ENGAGE-NPi2020-1400,High-CDR,2C,IMAGE,ENGAGE,R10CHINA+,99.708625
Full,IMAGE 3.0,ENGAGE-NPi2020-1400,High-CDR,2C,IMAGE,ENGAGE,R10EUROPE,21.984375
Full,IMAGE 3.0,ENGAGE-NPi2020-1400,High-CDR,2C,IMAGE,ENGAGE,R10INDIA+,155.88667
Full,IMAGE 3.0,ENGAGE-NPi2020-1400,High-CDR,2C,IMAGE,ENGAGE,R10LATIN_AM,22.10622
Full,IMAGE 3.0,ENGAGE-NPi2020-1400,High-CDR,2C,IMAGE,ENGAGE,R10MIDDLE_EAST,47.35514
Full,IMAGE 3.0,ENGAGE-NPi2020-1400,High-CDR,2C,IMAGE,ENGAGE,R10NORTH_AM,10.730865
Full,IMAGE 3.0,ENGAGE-NPi2020-1400,High-CDR,2C,IMAGE,ENGAGE,R10PAC_OECD,6.180705
Full,IMAGE 3.0,ENGAGE-NPi2020-1400,High-CDR,2C,IMAGE,ENGAGE,R10REF_ECON,14.690235
Full,IMAGE 3.0,ENGAGE-NPi2020-1400,High-CDR,2C,IMAGE,ENGAGE,R10REST_ASIA,66.00072
Full,IMAGE 3.0,ENGAGE-NPi2020-1400f,High-CDR,2C,IMAGE,ENGAGE,Aggregated R10 regions,521.06608
Full,IMAGE 3.0,ENGAGE-NPi2020-1400f,High-CDR,2C,IMAGE,ENGAGE,R10AFRICA,76.32704
Full,IMAGE 3.0,ENGAGE-NPi2020-1400f,High-CDR,2C,IMAGE,ENGAGE,R10CHINA+,99.98506
Full,IMAGE 3.0,ENGAGE-NPi2020-1400f,High-CDR,2C,IMAGE,ENGAGE,R10EUROPE,22.000755
Full,IMAGE 3.0,ENGAGE-NPi2020-1400f,High-CDR,2C,IMAGE,ENGAGE,R10INDIA+,155.90617
Full,IMAGE 3.0,ENGAGE-NPi2020-1400f,High-CDR,2C,IMAGE,ENGAGE,R10LATIN_AM,22.181465
Full,IMAGE 3.0,ENGAGE-NPi2020-1400f,High-CDR,2C,IMAGE,ENGAGE,R10MIDDLE_EAST,47.358875
Full,IMAGE 3.0,ENGAGE-NPi2020-1400f,High-CDR,2C,IMAGE,ENGAGE,R10NORTH_AM,10.736715
Full,IMAGE 3.0,ENGAGE-NPi2020-1400f,High-CDR,2C,IMAGE,ENGAGE,R10PAC_OECD,6.242295
Full,IMAGE 3.0,ENGAGE-NPi2020-1400f,High-CDR,2C,IMAGE,ENGAGE,R10REF_ECON,14.693555
Full,IMAGE 3.0,ENGAGE-NPi2020-1400f,High-CDR,2C,IMAGE,ENGAGE,R10REST_ASIA,65.63415
Full,IMAGE 3.0,ENGAGE-NPi2020-3000,High-CDR,2C,IMAGE,ENGAGE,Aggregated R10 regions,556.89206
Full,IMAGE 3.0,ENGAGE-NPi2020-3000,High-CDR,2C,IMAGE,ENGAGE,R10AFRICA,77.36427
Full,IMAGE 3.0,ENGAGE-NPi2020-3000,High-CDR,2C,IMAGE,ENGAGE,R10CHINA+,106.48878
Full,IMAGE 3.0,ENGAGE-NPi2020-3000,High-CDR,2C,IMAGE,ENGAGE,R10EUROPE,22.622765
Full,IMAGE 3.0,ENGAGE-NPi2020-3000,High-CDR,2C,IMAGE,ENGAGE,R10INDIA+,178.81453
Full,IMAGE 3.0,ENGAGE-NPi2020-3000,High-CDR,2C,IMAGE,ENGAGE,R10LATIN_AM,21.26444
Full,IMAGE 3.0,ENGAGE-NPi2020-3000,High-CDR,2C,IMAGE,ENGAGE,R10MIDDLE_EAST,47.97193
Full,IMAGE 3.0,ENGAGE-NPi2020-3000,High-CDR,2C,IMAGE,ENGAGE,R10NORTH_AM,11.05197
Full,IMAGE 3.0,ENGAGE-NPi2020-3000,High-CDR,2C,IMAGE,ENGAGE,R10PAC_OECD,6.29845
Full,IMAGE 3.0,ENGAGE-NPi2020-3000,High-CDR,2C,IMAGE,ENGAGE,R10REF_ECON,15.1097
Full,IMAGE 3.0,ENGAGE-NPi2020-3000,High-CDR,2C,IMAGE,ENGAGE,R10REST_ASIA,69.905225
Full,IMAGE 3.0,ENGAGE-NPi2020-3000f,High-CDR,2C,IMAGE,ENGAGE,Aggregated R10 regions,556.89206
Full,IMAGE 3.0,ENGAGE-NPi2020-3000f,High-CDR,2C,IMAGE,ENGAGE,R10AFRICA,77.36427
Full,IMAGE 3.0,ENGAGE-NPi2020-3000f,High-CDR,2C,IMAGE,ENGAGE,R10CHINA+,106.48878
Full,IMAGE 3.0,ENGAGE-NPi2020-3000f,High-CDR,2C,IMAGE,ENGAGE,R10EUROPE,22.622765
Full,IMAGE 3.0,ENGAGE-NPi2020-3000f,High-CDR,2C,IMAGE,ENGAGE,R10INDIA+,178.81453
Full,IMAGE 3.0,ENGAGE-NPi2020-3000f,High-CDR,2C,IMAGE,ENGAGE,R10LATIN_AM,21.26444
Full,IMAGE 3.0,ENGAGE-NPi2020-3000f,High-CDR,2C,IMAGE,ENGAGE,R10MIDDLE_EAST,47.97193
Full,IMAGE 3.0,ENGAGE-NPi2020-3000f,High-CDR,2C,IMAGE,ENGAGE,R10NORTH_AM,11.05197
Full,IMAGE 3.0,ENGAGE-NPi2020-3000f,High-CDR,2C,IMAGE,ENGAGE,R10PAC_OECD,6.29845
Full,IMAGE 3.0,ENGAGE-NPi2020-3000f,High-CDR,2C,IMAGE,ENGAGE,R10REF_ECON,15.1097
Full,IMAGE 3.0,ENGAGE-NPi2020-3000f,High-CDR,2C,IMAGE,ENGAGE,R10REST_ASIA,69.905225
Full,IMAGE 3.0,ENGAGE-NPi2020-600f,High-CDR,2C,IMAGE,ENGAGE,Aggregated R10 regions,492.83354
Full,IMAGE 3.0,ENGAGE-NPi2020-600f,High-CDR,2C,IMAGE,ENGAGE,R10AFRICA,75.668685
Full,IMAGE 3.0,ENGAGE-NPi2020-600f,High-CDR,2C,IMAGE,ENGAGE,R10CHINA+,93.706185
Full,IMAGE 3.0,ENGAGE-NPi2020-600f,High-CDR,2C,IMAGE,ENGAGE,R10EUROPE,21.202335
Full,IMAGE 3.0,ENGAGE-NPi2020-600f,High-CDR,2C,IMAGE,ENGAGE,R10INDIA+,140.390045
Full,IMAGE 3.0,ENGAGE-NPi2020-600f,High-CDR,2C,IMAGE,ENGAGE,R10LATIN_AM,21.58414
Full,IMAGE 3.0,ENGAGE-NPi2020-600f,High-CDR,2C,IMAGE,ENGAGE,R10MIDDLE_EAST,46.73065
Full,IMAGE 3.0,ENGAGE-NPi2020-600f,High-CDR,2C,IMAGE,ENGAGE,R10NORTH_AM,10.316155
Full,IMAGE 3.0,ENGAGE-NPi2020-600f,High-CDR,2C,IMAGE,ENGAGE,R10PAC_OECD,5.988085
Full,IMAGE 3.0,ENGAGE-NPi2020-600f,High-CDR,2C,IMAGE,ENGAGE,R10REF_ECON,14.419835
Full,IMAGE 3.0,ENGAGE-NPi2020-600f,High-CDR,2C,IMAGE,ENGAGE,R10REST_ASIA,62.827425
Full,IMAGE 3.0,ENGAGE-NPi2020-800,High-CDR,2C,IMAGE,ENGAGE,Aggregated R10 regions,498.14137
Full,IMAGE 3.0,ENGAGE-NPi2020-800,High-CDR,2C,IMAGE,ENGAGE,R10AFRICA,75.923565
Full,IMAGE 3.0,ENGAGE-NPi2020-800,High-CDR,2C,IMAGE,ENGAGE,R10CHINA+,95.356445
Full,IMAGE 3.0,ENGAGE-NPi2020-800,High-CDR,2C,IMAGE,ENGAGE,R10EUROPE,21.42872
Full,IMAGE 3.0,ENGAGE-NPi2020-800,High-CDR,2C,IMAGE,ENGAGE,R10INDIA+,142.5733
Full,IMAGE 3.0,ENGAGE-NPi2020-800,High-CDR,2C,IMAGE,ENGAGE,R10LATIN_AM,21.78596
Full,IMAGE 3.0,ENGAGE-NPi2020-800,High-CDR,2C,IMAGE,ENGAGE,R10MIDDLE_EAST,46.892815
Full,IMAGE 3.0,ENGAGE-NPi2020-800,High-CDR,2C,IMAGE,ENGAGE,R10NORTH_AM,10.475485
Full,IMAGE 3.0,ENGAGE-NPi2020-800,High-CDR,2C,IMAGE,ENGAGE,R10PAC_OECD,6.058345
Full,IMAGE 3.0,ENGAGE-NPi2020-800,High-CDR,2C,IMAGE,ENGAGE,R10REF_ECON,14.485405
Full,IMAGE 3.0,ENGAGE-NPi2020-800,High-CDR,2C,IMAGE,ENGAGE,R10REST_ASIA,63.16133
Full,IMAGE 3.0,ENGAGE-NPi2020-800f,High-CDR,2C,IMAGE,ENGAGE,Aggregated R10 regions,506.20642
Full,IMAGE 3.0,ENGAGE-NPi2020-800f,High-CDR,2C,IMAGE,ENGAGE,R10AFRICA,76.015385
Full,IMAGE 3.0,ENGAGE-NPi2020-800f,High-CDR,2C,IMAGE,ENGAGE,R10CHINA+,96.584455
Full,IMAGE 3.0,ENGAGE-NPi2020-800f,High-CDR,2C,IMAGE,ENGAGE,R10EUROPE,21.60808
Full,IMAGE 3.0,ENGAGE-NPi2020-800f,High-CDR,2C,IMAGE,ENGAGE,R10INDIA+,147.848435
Full,IMAGE 3.0,ENGAGE-NPi2020-800f,High-CDR,2C,IMAGE,ENGAGE,R10LATIN_AM,21.739395
Full,IMAGE 3.0,ENGAGE-NPi2020-800f,High-CDR,2C,IMAGE,ENGAGE,R10MIDDLE_EAST,47.029085
Full,IMAGE 3.0,ENGAGE-NPi2020-800f,High-CDR,2C,IMAGE,ENGAGE,R10NORTH_AM,10.566615
Full,IMAGE 3.0,ENGAGE-NPi2020-800f,High-CDR,2C,IMAGE,ENGAGE,R10PAC_OECD,6.06215
Full,IMAGE 3.0,ENGAGE-NPi2020-800f,High-CDR,2C,IMAGE,ENGAGE,R10REF_ECON,14.582735
Full,IMAGE 3.0,ENGAGE-NPi2020-800f,High-CDR,2C,IMAGE,ENGAGE,R10REST_ASIA,64.170085
Full,IMAGE 3.2,SSP2021-SSP1-SPA1-19-Default,High-CDR,1.5C,IMAGE,SSP2021,Aggregated R10 regions,489.580325
Full,IMAGE 3.2,SSP2021-SSP1-SPA1-19-Default,High-CDR,1.5C,IMAGE,SSP2021,R10AFRICA,83.296265
Full,IMAGE 3.2,SSP2021-SSP1-SPA1-19-Default,High-CDR,1.5C,IMAGE,SSP2021,R10CHINA+,91.10759
Full,IMAGE 3.2,SSP2021-SSP1-SPA1-19-Default,High-CDR,1.5C,IMAGE,SSP2021,R10EUROPE,20.34164
Full,IMAGE 3.2,SSP2021-SSP1-SPA1-19-Default,High-CDR,1.5C,IMAGE,SSP2021,R10INDIA+,129.796805
Full,IMAGE 3.2,SSP2021-SSP1-SPA1-19-Default,High-CDR,1.5C,IMAGE,SSP2021,R10LATIN_AM,23.355065
Full,IMAGE 3.2,SSP2021-SSP1-SPA1-19-Default,High-CDR,1.5C,IMAGE,SSP2021,R10MIDDLE_EAST,44.35997
Full,IMAGE 3.2,SSP2021-SSP1-SPA1-19-Default,High-CDR,1.5C,IMAGE,SSP2021,R10NORTH_AM,10.057495
Full,IMAGE 3.2,SSP2021-SSP1-SPA1-19-Default,High-CDR,1.5C,IMAGE,SSP2021,R10PAC_OECD,5.985615
Full,IMAGE 3.2,SSP2021-SSP1-SPA1-19-Default,High-CDR,1.5C,IMAGE,SSP2021,R10REF_ECON,14.099975
Full,IMAGE 3.2,SSP2021-SSP1-SPA1-19-Default,High-CDR,1.5C,IMAGE,SSP2021,R10REST_ASIA,67.179905
Full,IMAGE 3.2,SSP2021-SSP1-SPA1-19-Default-LowBiomass,High-CDR,1.5C,IMAGE,SSP2021,Aggregated R10 regions,476.355575
Full,IMAGE 3.2,SSP2021-SSP1-SPA1-19-Default-LowBiomass,High-CDR,1.5C,IMAGE,SSP2021,R10AFRICA,83.8728
Full,IMAGE 3.2,SSP2021-SSP1-SPA1-19-Default-LowBiomass,High-CDR,1.5C,IMAGE,SSP2021,R10CHINA+,88.115715
Full,IMAGE 3.2,SSP2021-SSP1-SPA1-19-Default-LowBiomass,High-CDR,1.5C,IMAGE,SSP2021,R10EUROPE,19.686145
Full,IMAGE 3.2,SSP2021-SSP1-SPA1-19-Default-LowBiomass,High-CDR,1.5C,IMAGE,SSP2021,R10INDIA+,121.892885
Full,IMAGE 3.2,SSP2021-SSP1-SPA1-19-Default-LowBiomass,High-CDR,1.5C,IMAGE,SSP2021,R10LATIN_AM,22.45815
Full,IMAGE 3.2,SSP2021-SSP1-SPA1-19-Default-LowBiomass,High-CDR,1.5C,IMAGE,SSP2021,R10MIDDLE_EAST,44.0716
Full,IMAGE 3.2,SSP2021-SSP1-SPA1-19-Default-LowBiomass,High-CDR,1.5C,IMAGE,SSP2021,R10NORTH_AM,9.98393
Full,IMAGE 3.2,SSP2021-SSP1-SPA1-19-Default-LowBiomass,High-CDR,1.5C,IMAGE,SSP2021,R10PAC_OECD,5.717975
Full,IMAGE 3.2,SSP2021-SSP1-SPA1-19-Default-LowBiomass,High-CDR,1.5C,IMAGE,SSP2021,R10REF_ECON,13.85288
Full,IMAGE 3.2,SSP2021-SSP1-SPA1-19-Default-LowBiomass,High-CDR,1.5C,IMAGE,SSP2021,R10REST_ASIA,66.703495
Full,IMAGE 3.2,SSP2021-SSP1-SPA1-19-Lifestyle,High-CDR,1.5C,IMAGE,SSP2021,Aggregated R10 regions,463.390215
Full,IMAGE 3.2,SSP2021-SSP1-SPA1-19-Lifestyle,High-CDR,1.5C,IMAGE,SSP2021,R10AFRICA,80.383575
Full,IMAGE 3.2,SSP2021-SSP1-SPA1-19-Lifestyle,High-CDR,1.5C,IMAGE,SSP2021,R10CHINA+,86.750265
Full,IMAGE 3.2,SSP2021-SSP1-SPA1-19-Lifestyle,High-CDR,1.5C,IMAGE,SSP2021,R10EUROPE,16.203305
Full,IMAGE 3.2,SSP2021-SSP1-SPA1-19-Lifestyle,High-CDR,1.5C,IMAGE,SSP2021,R10INDIA+,123.6618
Full,IMAGE 3.2,SSP2021-SSP1-SPA1-19-Lifestyle,High-CDR,1.5C,IMAGE,SSP2021,R10LATIN_AM,21.533815
Full,IMAGE 3.2,SSP2021-SSP1-SPA1-19-Lifestyle,High-CDR,1.5C,IMAGE,SSP2021,R10MIDDLE_EAST,42.53422
Full,IMAGE 3.2,SSP2021-SSP1-SPA1-19-Lifestyle,High-CDR,1.5C,IMAGE,SSP2021,R10NORTH_AM,7.59563
Full,IMAGE 3.2,SSP2021-SSP1-SPA1-19-Lifestyle,High-CDR,1.5C,IMAGE,SSP2021,R10PAC_OECD,5.76963
Full,IMAGE 3.2,SSP2021-SSP1-SPA1-19-Lifestyle,High-CDR,1.5C,IMAGE,SSP2021,R10REF_ECON,13.422725
Full,IMAGE 3.2,SSP2021-SSP1-SPA1-19-Lifestyle,High-CDR,1.5C,IMAGE,SSP2021,R10REST_ASIA,65.53525
Full,IMAGE 3.2,SSP2021-SSP1-SPA1-19-Lifestyle-Renewables,High-CDR,1.5C,IMAGE,SSP2021,Aggregated R10 regions,469.738105
Full,IMAGE 3.2,SSP2021-SSP1-SPA1-19-Lifestyle-Renewables,High-CDR,1.5C,IMAGE,SSP2021,R10AFRICA,77.663555
Full,IMAGE 3.2,SSP2021-SSP1-SPA1-19-Lifestyle-Renewables,High-CDR,1.5C,IMAGE,SSP2021,R10CHINA+,87.08818
Full,IMAGE 3.2,SSP2021-SSP1-SPA1-19-Lifestyle-Renewables,High-CDR,1.5C,IMAGE,SSP2021,R10EUROPE,16.285520000000002
Full,IMAGE 3.2,SSP2021-SSP1-SPA1-19-Lifestyle-Renewables,High-CDR,1.5C,IMAGE,SSP2021,R10INDIA+,131.809015
Full,IMAGE 3.2,SSP2021-SSP1-SPA1-19-Lifestyle-Renewables,High-CDR,1.5C,IMAGE,SSP2021,R10LATIN_AM,21.513735
Full,IMAGE 3.2,SSP2021-SSP1-SPA1-19-Lifestyle-Renewables,High-CDR,1.5C,IMAGE,SSP2021,R10MIDDLE_EAST,42.5335
Full,IMAGE 3.2,SSP2021-SSP1-SPA1-19-Lifestyle-Renewables,High-CDR,1.5C,IMAGE,SSP2021,R10NORTH_AM,7.473765
Full,IMAGE 3.2,SSP2021-SSP1-SPA1-19-Lifestyle-Renewables,High-CDR,1.5C,IMAGE,SSP2021,R10PAC_OECD,5.743805
Full,IMAGE 3.2,SSP2021-SSP1-SPA1-19-Lifestyle-Renewables,High-CDR,1.5C,IMAGE,SSP2021,R10REF_ECON,13.410305
Full,IMAGE 3.2,SSP2021-SSP1-SPA1-19-Lifestyle-Renewables,High-CDR,1.5C,IMAGE,SSP2021,R10REST_ASIA,66.216725
Full,IMAGE 3.2,SSP2021-SSP1-SPA1-19-Lifestyle-Renewables-LowBiomass,High-CDR,1.5C,IMAGE,SSP2021,Aggregated R10 regions,468.814475
Full,IMAGE 3.2,SSP2021-SSP1-SPA1-19-Lifestyle-Renewables-LowBiomass,High-CDR,1.5C,IMAGE,SSP2021,R10AFRICA,77.69308
Full,IMAGE 3.2,SSP2021-SSP1-SPA1-19-Lifestyle-Renewables-LowBiomass,High-CDR,1.5C,IMAGE,SSP2021,R10CHINA+,84.027205
Full,IMAGE 3.2,SSP2021-SSP1-SPA1-19-Lifestyle-Renewables-LowBiomass,High-CDR,1.5C,IMAGE,SSP2021,R10EUROPE,15.946345
Full,IMAGE 3.2,SSP2021-SSP1-SPA1-19-Lifestyle-Renewables-LowBiomass,High-CDR,1.5C,IMAGE,SSP2021,R10INDIA+,135.371905
Full,IMAGE 3.2,SSP2021-SSP1-SPA1-19-Lifestyle-Renewables-LowBiomass,High-CDR,1.5C,IMAGE,SSP2021,R10LATIN_AM,21.01305
Full,IMAGE 3.2,SSP2021-SSP1-SPA1-19-Lifestyle-Renewables-LowBiomass,High-CDR,1.5C,IMAGE,SSP2021,R10MIDDLE_EAST,42.35246
Full,IMAGE 3.2,SSP2021-SSP1-SPA1-19-Lifestyle-Renewables-LowBiomass,High-CDR,1.5C,IMAGE,SSP2021,R10NORTH_AM,7.460075
Full,IMAGE 3.2,SSP2021-SSP1-SPA1-19-Lifestyle-Renewables-LowBiomass,High-CDR,1.5C,IMAGE,SSP2021,R10PAC_OECD,5.52038
Full,IMAGE 3.2,SSP2021-SSP1-SPA1-19-Lifestyle-Renewables-LowBiomass,High-CDR,1.5C,IMAGE,SSP2021,R10REF_ECON,13.24233
Full,IMAGE 3.2,SSP2021-SSP1-SPA1-19-Lifestyle-Renewables-LowBiomass,High-CDR,1.5C,IMAGE,SSP2021,R10REST_ASIA,66.187645
Full,IMAGE 3.2,SSP2021-SSP1-SPA1-19-Renewables,High-CDR,1.5C,IMAGE,SSP2021,Aggregated R10 regions,465.59645
Full,IMAGE 3.2,SSP2021-SSP1-SPA1-19-Renewables,High-CDR,1.5C,IMAGE,SSP2021,R10AFRICA,76.85588
Full,IMAGE 3.2,SSP2021-SSP1-SPA1-19-Renewables,High-CDR,1.5C,IMAGE,SSP2021,R10CHINA+,88.954105
Full,IMAGE 3.2,SSP2021-SSP1-SPA1-19-Renewables,High-CDR,1.5C,IMAGE,SSP2021,R10EUROPE,20.015275
Full,IMAGE 3.2,SSP2021-SSP1-SPA1-19-Renewables,High-CDR,1.5C,IMAGE,SSP2021,R10INDIA+,120.266935
Full,IMAGE 3.2,SSP2021-SSP1-SPA1-19-Renewables,High-CDR,1.5C,IMAGE,SSP2021,R10LATIN_AM,23.047795
Full,IMAGE 3.2,SSP2021-SSP1-SPA1-19-Renewables,High-CDR,1.5C,IMAGE,SSP2021,R10MIDDLE_EAST,44.21806
Full,IMAGE 3.2,SSP2021-SSP1-SPA1-19-Renewables,High-CDR,1.5C,IMAGE,SSP2021,R10NORTH_AM,9.933115
Full,IMAGE 3.2,SSP2021-SSP1-SPA1-19-Renewables,High-CDR,1.5C,IMAGE,SSP2021,R10PAC_OECD,5.882715
Full,IMAGE 3.2,SSP2021-SSP1-SPA1-19-Renewables,High-CDR,1.5C,IMAGE,SSP2021,R10REF_ECON,13.94082
Full,IMAGE 3.2,SSP2021-SSP1-SPA1-19-Renewables,High-CDR,1.5C,IMAGE,SSP2021,R10REST_ASIA,62.48175
Full,IMAGE 3.2,SSP2021-SSP1-SPA1-26-Default,High-CDR,2C,IMAGE,SSP2021,Aggregated R10 regions,499.40149
Full,IMAGE 3.2,SSP2021-SSP1-SPA1-26-Default,High-CDR,2C,IMAGE,SSP2021,R10AFRICA,83.355985
Full,IMAGE 3.2,SSP2021-SSP1-SPA1-26-Default,High-CDR,2C,IMAGE,SSP2021,R10CHINA+,92.526475
Full,IMAGE 3.2,SSP2021-SSP1-SPA1-26-Default,High-CDR,2C,IMAGE,SSP2021,R10EUROPE,20.09012
Full,IMAGE 3.2,SSP2021-SSP1-SPA1-26-Default,High-CDR,2C,IMAGE,SSP2021,R10INDIA+,137.66848
Full,IMAGE 3.2,SSP2021-SSP1-SPA1-26-Default,High-CDR,2C,IMAGE,SSP2021,R10LATIN_AM,23.29638
Full,IMAGE 3.2,SSP2021-SSP1-SPA1-26-Default,High-CDR,2C,IMAGE,SSP2021,R10MIDDLE_EAST,44.396935
Full,IMAGE 3.2,SSP2021-SSP1-SPA1-26-Default,High-CDR,2C,IMAGE,SSP2021,R10NORTH_AM,10.05347
Full,IMAGE 3.2,SSP2021-SSP1-SPA1-26-Default,High-CDR,2C,IMAGE,SSP2021,R10PAC_OECD,5.95669
Full,IMAGE 3.2,SSP2021-SSP1-SPA1-26-Default,High-CDR,2C,IMAGE,SSP2021,R10REF_ECON,14.143345
Full,IMAGE 3.2,SSP2021-SSP1-SPA1-26-Default,High-CDR,2C,IMAGE,SSP2021,R10REST_ASIA,67.91361
Full,IMAGE 3.2,SSP2021-SSP1-SPA1-26-Lifestyle,High-CDR,2C,IMAGE,SSP2021,Aggregated R10 regions,479.534385
Full,IMAGE 3.2,SSP2021-SSP1-SPA1-26-Lifestyle,High-CDR,2C,IMAGE,SSP2021,R10AFRICA,81.07021
Full,IMAGE 3.2,SSP2021-SSP1-SPA1-26-Lifestyle,High-CDR,2C,IMAGE,SSP2021,R10CHINA+,88.77628
Full,IMAGE 3.2,SSP2021-SSP1-SPA1-26-Lifestyle,High-CDR,2C,IMAGE,SSP2021,R10EUROPE,16.229385
Full,IMAGE 3.2,SSP2021-SSP1-SPA1-26-Lifestyle,High-CDR,2C,IMAGE,SSP2021,R10INDIA+,134.765595
Full,IMAGE 3.2,SSP2021-SSP1-SPA1-26-Lifestyle,High-CDR,2C,IMAGE,SSP2021,R10LATIN_AM,21.380655
Full,IMAGE 3.2,SSP2021-SSP1-SPA1-26-Lifestyle,High-CDR,2C,IMAGE,SSP2021,R10MIDDLE_EAST,42.82004
Full,IMAGE 3.2,SSP2021-SSP1-SPA1-26-Lifestyle,High-CDR,2C,IMAGE,SSP2021,R10NORTH_AM,7.522515
Full,IMAGE 3.2,SSP2021-SSP1-SPA1-26-Lifestyle,High-CDR,2C,IMAGE,SSP2021,R10PAC_OECD,5.76684
Full,IMAGE 3.2,SSP2021-SSP1-SPA1-26-Lifestyle,High-CDR,2C,IMAGE,SSP2021,R10REF_ECON,13.488265
Full,IMAGE 3.2,SSP2021-SSP1-SPA1-26-Lifestyle,High-CDR,2C,IMAGE,SSP2021,R10REST_ASIA,67.7146
Full,IMAGE 3.2,SSP2021-SSP1-SPA1-26-Lifestyle-Renewables,High-CDR,2C,IMAGE,SSP2021,Aggregated R10 regions,477.508955
Full,IMAGE 3.2,SSP2021-SSP1-SPA1-26-Lifestyle-Renewables,High-CDR,2C,IMAGE,SSP2021,R10AFRICA,78.183015
Full,IMAGE 3.2,SSP2021-SSP1-SPA1-26-Lifestyle-Renewables,High-CDR,2C,IMAGE,SSP2021,R10CHINA+,89.64103
Full,IMAGE 3.2,SSP2021-SSP1-SPA1-26-Lifestyle-Renewables,High-CDR,2C,IMAGE,SSP2021,R10EUROPE,16.432305
Full,IMAGE 3.2,SSP2021-SSP1-SPA1-26-Lifestyle-Renewables,High-CDR,2C,IMAGE,SSP2021,R10INDIA+,134.729905
Full,IMAGE 3.2,SSP2021-SSP1-SPA1-26-Lifestyle-Renewables,High-CDR,2C,IMAGE,SSP2021,R10LATIN_AM,21.467155
Full,IMAGE 3.2,SSP2021-SSP1-SPA1-26-Lifestyle-Renewables,High-CDR,2C,IMAGE,SSP2021,R10MIDDLE_EAST,42.71914
Full,IMAGE 3.2,SSP2021-SSP1-SPA1-26-Lifestyle-Renewables,High-CDR,2C,IMAGE,SSP2021,R10NORTH_AM,7.352245
Full,IMAGE 3.2,SSP2021-SSP1-SPA1-26-Lifestyle-Renewables,High-CDR,2C,IMAGE,SSP2021,R10PAC_OECD,5.743985
Full,IMAGE 3.2,SSP2021-SSP1-SPA1-26-Lifestyle-Renewables,High-CDR,2C,IMAGE,SSP2021,R10REF_ECON,13.485705
Full,IMAGE 3.2,SSP2021-SSP1-SPA1-26-Lifestyle-Renewables,High-CDR,2C,IMAGE,SSP2021,R10REST_ASIA,67.75447
Full,IMAGE 3.2,SSP2021-SSP1-SPA1-34-Lifestyle-Renewables,High-RE,2C,IMAGE,SSP2021,Aggregated R10 regions,498.9329
Full,IMAGE 3.2,SSP2021-SSP1-SPA1-34-Lifestyle-Renewables,High-RE,2C,IMAGE,SSP2021,R10AFRICA,78.281565
Full,IMAGE 3.2,SSP2021-SSP1-SPA1-34-Lifestyle-Renewables,High-RE,2C,IMAGE,SSP2021,R10CHINA+,92.18815
Full,IMAGE 3.2,SSP2021-SSP1-SPA1-34-Lifestyle-Renewables,High-RE,2C,IMAGE,SSP2021,R10EUROPE,16.345245
Full,IMAGE 3.2,SSP2021-SSP1-SPA1-34-Lifestyle-Renewables,High-RE,2C,IMAGE,SSP2021,R10INDIA+,148.93834
Full,IMAGE 3.2,SSP2021-SSP1-SPA1-34-Lifestyle-Renewables,High-RE,2C,IMAGE,SSP2021,R10LATIN_AM,21.45694
Full,IMAGE 3.2,SSP2021-SSP1-SPA1-34-Lifestyle-Renewables,High-RE,2C,IMAGE,SSP2021,R10MIDDLE_EAST,42.9441
Full,IMAGE 3.2,SSP2021-SSP1-SPA1-34-Lifestyle-Renewables,High-RE,2C,IMAGE,SSP2021,R10NORTH_AM,7.452245
Full,IMAGE 3.2,SSP2021-SSP1-SPA1-34-Lifestyle-Renewables,High-RE,2C,IMAGE,SSP2021,R10PAC_OECD,5.772485
Full,IMAGE 3.2,SSP2021-SSP1-SPA1-34-Lifestyle-Renewables,High-RE,2C,IMAGE,SSP2021,R10REF_ECON,13.558805
Full,IMAGE 3.2,SSP2021-SSP1-SPA1-34-Lifestyle-Renewables,High-RE,2C,IMAGE,SSP2021,R10REST_ASIA,71.995025
Full,IMAGE 3.2,SSP2021-SSP1-SPA1-34-Renewables,High-RE,2C,IMAGE,SSP2021,Aggregated R10 regions,492.745815
Full,IMAGE 3.2,SSP2021-SSP1-SPA1-34-Renewables,High-RE,2C,IMAGE,SSP2021,R10AFRICA,78.200205
Full,IMAGE 3.2,SSP2021-SSP1-SPA1-34-Renewables,High-RE,2C,IMAGE,SSP2021,R10CHINA+,91.649575
Full,IMAGE 3.2,SSP2021-SSP1-SPA1-34-Renewables,High-RE,2C,IMAGE,SSP2021,R10EUROPE,19.65049
Full,IMAGE 3.2,SSP2021-SSP1-SPA1-34-Renewables,High-RE,2C,IMAGE,SSP2021,R10INDIA+,138.345155
Full,IMAGE 3.2,SSP2021-SSP1-SPA1-34-Renewables,High-RE,2C,IMAGE,SSP2021,R10LATIN_AM,22.731065
Full,IMAGE 3.2,SSP2021-SSP1-SPA1-34-Renewables,High-RE,2C,IMAGE,SSP2021,R10MIDDLE_EAST,44.12581
Full,IMAGE 3.2,SSP2021-SSP1-SPA1-34-Renewables,High-RE,2C,IMAGE,SSP2021,R10NORTH_AM,9.850935
Full,IMAGE 3.2,SSP2021-SSP1-SPA1-34-Renewables,High-RE,2C,IMAGE,SSP2021,R10PAC_OECD,5.969735
Full,IMAGE 3.2,SSP2021-SSP1-SPA1-34-Renewables,High-RE,2C,IMAGE,SSP2021,R10REF_ECON,14.08833
Full,IMAGE 3.2,SSP2021-SSP1-SPA1-34-Renewables,High-RE,2C,IMAGE,SSP2021,R10REST_ASIA,68.134515
Full,IMAGE 3.2,SSP2021-SSP2-SPA0-26-Default,High-CDR,2C,IMAGE,SSP2021,Aggregated R10 regions,569.34622
Full,IMAGE 3.2,SSP2021-SSP2-SPA0-26-Default,High-CDR,2C,IMAGE,SSP2021,R10AFRICA,79.253475
Full,IMAGE 3.2,SSP2021-SSP2-SPA0-26-Default,High-CDR,2C,IMAGE,SSP2021,R10CHINA+,111.852115
Full,IMAGE 3.2,SSP2021-SSP2-SPA0-26-Default,High-CDR,2C,IMAGE,SSP2021,R10EUROPE,24.967175
Full,IMAGE 3.2,SSP2021-SSP2-SPA0-26-Default,High-CDR,2C,IMAGE,SSP2021,R10INDIA+,170.902255
Full,IMAGE 3.2,SSP2021-SSP2-SPA0-26-Default,High-CDR,2C,IMAGE,SSP2021,R10LATIN_AM,24.6965
Full,IMAGE 3.2,SSP2021-SSP2-SPA0-26-Default,High-CDR,2C,IMAGE,SSP2021,R10MIDDLE_EAST,46.1598
Full,IMAGE 3.2,SSP2021-SSP2-SPA0-26-Default,High-CDR,2C,IMAGE,SSP2021,R10NORTH_AM,12.7569
Full,IMAGE 3.2,SSP2021-SSP2-SPA0-26-Default,High-CDR,2C,IMAGE,SSP2021,R10PAC_OECD,6.56073
Full,IMAGE 3.2,SSP2021-SSP2-SPA0-26-Default,High-CDR,2C,IMAGE,SSP2021,R10REF_ECON,14.9562
Full,IMAGE 3.2,SSP2021-SSP2-SPA0-26-Default,High-CDR,2C,IMAGE,SSP2021,R10REST_ASIA,77.24107
Full,IMAGE 3.2,SSP2021-SSP2-SPA1-19-Default-LowBiomass,High-CDR,1.5C,IMAGE,SSP2021,Aggregated R10 regions,546.71062
Full,IMAGE 3.2,SSP2021-SSP2-SPA1-19-Default-LowBiomass,High-CDR,1.5C,IMAGE,SSP2021,R10AFRICA,89.016555
Full,IMAGE 3.2,SSP2021-SSP2-SPA1-19-Default-LowBiomass,High-CDR,1.5C,IMAGE,SSP2021,R10CHINA+,96.10781
Full,IMAGE 3.2,SSP2021-SSP2-SPA1-19-Default-LowBiomass,High-CDR,1.5C,IMAGE,SSP2021,R10EUROPE,24.196385
Full,IMAGE 3.2,SSP2021-SSP2-SPA1-19-Default-LowBiomass,High-CDR,1.5C,IMAGE,SSP2021,R10INDIA+,159.10394
Full,IMAGE 3.2,SSP2021-SSP2-SPA1-19-Default-LowBiomass,High-CDR,1.5C,IMAGE,SSP2021,R10LATIN_AM,23.166375
Full,IMAGE 3.2,SSP2021-SSP2-SPA1-19-Default-LowBiomass,High-CDR,1.5C,IMAGE,SSP2021,R10MIDDLE_EAST,45.85063
Full,IMAGE 3.2,SSP2021-SSP2-SPA1-19-Default-LowBiomass,High-CDR,1.5C,IMAGE,SSP2021,R10NORTH_AM,12.042995
Full,IMAGE 3.2,SSP2021-SSP2-SPA1-19-Default-LowBiomass,High-CDR,1.5C,IMAGE,SSP2021,R10PAC_OECD,5.99441
Full,IMAGE 3.2,SSP2021-SSP2-SPA1-19-Default-LowBiomass,High-CDR,1.5C,IMAGE,SSP2021,R10REF_ECON,14.538095
Full,IMAGE 3.2,SSP2021-SSP2-SPA1-19-Default-LowBiomass,High-CDR,1.5C,IMAGE,SSP2021,R10REST_ASIA,76.693425
Full,IMAGE 3.2,SSP2021-SSP2-SPA1-19-Lifestyle-Renewables-LowBiomass,High-CDR,1.5C,IMAGE,SSP2021,Aggregated R10 regions,480.604815
Full,IMAGE 3.2,SSP2021-SSP2-SPA1-19-Lifestyle-Renewables-LowBiomass,High-CDR,1.5C,IMAGE,SSP2021,R10AFRICA,78.52033
Full,IMAGE 3.2,SSP2021-SSP2-SPA1-19-Lifestyle-Renewables-LowBiomass,High-CDR,1.5C,IMAGE,SSP2021,R10CHINA+,87.5394
Full,IMAGE 3.2,SSP2021-SSP2-SPA1-19-Lifestyle-Renewables-LowBiomass,High-CDR,1.5C,IMAGE,SSP2021,R10EUROPE,16.51019
Full,IMAGE 3.2,SSP2021-SSP2-SPA1-19-Lifestyle-Renewables-LowBiomass,High-CDR,1.5C,IMAGE,SSP2021,R10INDIA+,138.07666
Full,IMAGE 3.2,SSP2021-SSP2-SPA1-19-Lifestyle-Renewables-LowBiomass,High-CDR,1.5C,IMAGE,SSP2021,R10LATIN_AM,21.770065
Full,IMAGE 3.2,SSP2021-SSP2-SPA1-19-Lifestyle-Renewables-LowBiomass,High-CDR,1.5C,IMAGE,SSP2021,R10MIDDLE_EAST,43.20443
Full,IMAGE 3.2,SSP2021-SSP2-SPA1-19-Lifestyle-Renewables-LowBiomass,High-CDR,1.5C,IMAGE,SSP2021,R10NORTH_AM,7.81756
Full,IMAGE 3.2,SSP2021-SSP2-SPA1-19-Lifestyle-Renewables-LowBiomass,High-CDR,1.5C,IMAGE,SSP2021,R10PAC_OECD,5.57828
Full,IMAGE 3.2,SSP2021-SSP2-SPA1-19-Lifestyle-Renewables-LowBiomass,High-CDR,1.5C,IMAGE,SSP2021,R10REF_ECON,13.41598
Full,IMAGE 3.2,SSP2021-SSP2-SPA1-19-Lifestyle-Renewables-LowBiomass,High-CDR,1.5C,IMAGE,SSP2021,R10REST_ASIA,68.17192
Full,IMAGE 3.2,SSP2021-SSP2-SPA2-19-Default,High-CDR,1.5C,IMAGE,SSP2021,Aggregated R10 regions,576.69
Full,IMAGE 3.2,SSP2021-SSP2-SPA2-19-Default,High-CDR,1.5C,IMAGE,SSP2021,R10AFRICA,92.777525
Full,IMAGE 3.2,SSP2021-SSP2-SPA2-19-Default,High-CDR,1.5C,IMAGE,SSP2021,R10CHINA+,100.151615
Full,IMAGE 3.2,SSP2021-SSP2-SPA2-19-Default,High-CDR,1.5C,IMAGE,SSP2021,R10EUROPE,25.02728
Full,IMAGE 3.2,SSP2021-SSP2-SPA2-19-Default,High-CDR,1.5C,IMAGE,SSP2021,R10INDIA+,167.546985
Full,IMAGE 3.2,SSP2021-SSP2-SPA2-19-Default,High-CDR,1.5C,IMAGE,SSP2021,R10LATIN_AM,24.331495
Full,IMAGE 3.2,SSP2021-SSP2-SPA2-19-Default,High-CDR,1.5C,IMAGE,SSP2021,R10MIDDLE_EAST,46.14518
Full,IMAGE 3.2,SSP2021-SSP2-SPA2-19-Default,High-CDR,1.5C,IMAGE,SSP2021,R10NORTH_AM,13.04031
Full,IMAGE 3.2,SSP2021-SSP2-SPA2-19-Default,High-CDR,1.5C,IMAGE,SSP2021,R10PAC_OECD,6.422335
Full,IMAGE 3.2,SSP2021-SSP2-SPA2-19-Default,High-CDR,1.5C,IMAGE,SSP2021,R10REF_ECON,14.84817
Full,IMAGE 3.2,SSP2021-SSP2-SPA2-19-Default,High-CDR,1.5C,IMAGE,SSP2021,R10REST_ASIA,86.399105
Full,IMAGE 3.2,SSP2021-SSP2-SPA2-19-Lifestyle,High-CDR,1.5C,IMAGE,SSP2021,Aggregated R10 regions,531.053135
Full,IMAGE 3.2,SSP2021-SSP2-SPA2-19-Lifestyle,High-CDR,1.5C,IMAGE,SSP2021,R10AFRICA,87.21079
Full,IMAGE 3.2,SSP2021-SSP2-SPA2-19-Lifestyle,High-CDR,1.5C,IMAGE,SSP2021,R10CHINA+,92.734615
Full,IMAGE 3.2,SSP2021-SSP2-SPA2-19-Lifestyle,High-CDR,1.5C,IMAGE,SSP2021,R10EUROPE,16.936705
Full,IMAGE 3.2,SSP2021-SSP2-SPA2-19-Lifestyle,High-CDR,1.5C,IMAGE,SSP2021,R10INDIA+,159.189505
Full,IMAGE 3.2,SSP2021-SSP2-SPA2-19-Lifestyle,High-CDR,1.5C,IMAGE,SSP2021,R10LATIN_AM,22.937565
Full,IMAGE 3.2,SSP2021-SSP2-SPA2-19-Lifestyle,High-CDR,1.5C,IMAGE,SSP2021,R10MIDDLE_EAST,43.42762
Full,IMAGE 3.2,SSP2021-SSP2-SPA2-19-Lifestyle,High-CDR,1.5C,IMAGE,SSP2021,R10NORTH_AM,8.2581
Full,IMAGE 3.2,SSP2021-SSP2-SPA2-19-Lifestyle,High-CDR,1.5C,IMAGE,SSP2021,R10PAC_OECD,6.008495
Full,IMAGE 3.2,SSP2021-SSP2-SPA2-19-Lifestyle,High-CDR,1.5C,IMAGE,SSP2021,R10REF_ECON,13.642695
Full,IMAGE 3.2,SSP2021-SSP2-SPA2-19-Lifestyle,High-CDR,1.5C,IMAGE,SSP2021,R10REST_ASIA,80.707045
Full,IMAGE 3.2,SSP2021-SSP2-SPA2-19-Lifestyle-Renewables,High-CDR,1.5C,IMAGE,SSP2021,Aggregated R10 regions,494.10257
Full,IMAGE 3.2,SSP2021-SSP2-SPA2-19-Lifestyle-Renewables,High-CDR,1.5C,IMAGE,SSP2021,R10AFRICA,79.59705
Full,IMAGE 3.2,SSP2021-SSP2-SPA2-19-Lifestyle-Renewables,High-CDR,1.5C,IMAGE,SSP2021,R10CHINA+,92.088175
Full,IMAGE 3.2,SSP2021-SSP2-SPA2-19-Lifestyle-Renewables,High-CDR,1.5C,IMAGE,SSP2021,R10EUROPE,17.065505
Full,IMAGE 3.2,SSP2021-SSP2-SPA2-19-Lifestyle-Renewables,High-CDR,1.5C,IMAGE,SSP2021,R10INDIA+,140.84605
Full,IMAGE 3.2,SSP2021-SSP2-SPA2-19-Lifestyle-Renewables,High-CDR,1.5C,IMAGE,SSP2021,R10LATIN_AM,23.21708
Full,IMAGE 3.2,SSP2021-SSP2-SPA2-19-Lifestyle-Renewables,High-CDR,1.5C,IMAGE,SSP2021,R10MIDDLE_EAST,43.48305
Full,IMAGE 3.2,SSP2021-SSP2-SPA2-19-Lifestyle-Renewables,High-CDR,1.5C,IMAGE,SSP2021,R10NORTH_AM,8.152975
Full,IMAGE 3.2,SSP2021-SSP2-SPA2-19-Lifestyle-Renewables,High-CDR,1.5C,IMAGE,SSP2021,R10PAC_OECD,6.031335
Full,IMAGE 3.2,SSP2021-SSP2-SPA2-19-Lifestyle-Renewables,High-CDR,1.5C,IMAGE,SSP2021,R10REF_ECON,13.672265
Full,IMAGE 3.2,SSP2021-SSP2-SPA2-19-Lifestyle-Renewables,High-CDR,1.5C,IMAGE,SSP2021,R10REST_ASIA,69.949085
Full,IMAGE 3.2,SSP2021-SSP2-SPA2-19-Renewables,High-CDR,1.5C,IMAGE,SSP2021,Aggregated R10 regions,511.68314
Full,IMAGE 3.2,SSP2021-SSP2-SPA2-19-Renewables,High-CDR,1.5C,IMAGE,SSP2021,R10AFRICA,78.92538
Full,IMAGE 3.2,SSP2021-SSP2-SPA2-19-Renewables,High-CDR,1.5C,IMAGE,SSP2021,R10CHINA+,95.31734
Full,IMAGE 3.2,SSP2021-SSP2-SPA2-19-Renewables,High-CDR,1.5C,IMAGE,SSP2021,R10EUROPE,24.390515
Full,IMAGE 3.2,SSP2021-SSP2-SPA2-19-Renewables,High-CDR,1.5C,IMAGE,SSP2021,R10INDIA+,141.544995
Full,IMAGE 3.2,SSP2021-SSP2-SPA2-19-Renewables,High-CDR,1.5C,IMAGE,SSP2021,R10LATIN_AM,23.430195
Full,IMAGE 3.2,SSP2021-SSP2-SPA2-19-Renewables,High-CDR,1.5C,IMAGE,SSP2021,R10MIDDLE_EAST,45.76191
Full,IMAGE 3.2,SSP2021-SSP2-SPA2-19-Renewables,High-CDR,1.5C,IMAGE,SSP2021,R10NORTH_AM,11.945145
Full,IMAGE 3.2,SSP2021-SSP2-SPA2-19-Renewables,High-CDR,1.5C,IMAGE,SSP2021,R10PAC_OECD,6.27207
Full,IMAGE 3.2,SSP2021-SSP2-SPA2-19-Renewables,High-CDR,1.5C,IMAGE,SSP2021,R10REF_ECON,14.69197
Full,IMAGE 3.2,SSP2021-SSP2-SPA2-19-Renewables,High-CDR,1.5C,IMAGE,SSP2021,R10REST_ASIA,69.40362
Full,IMAGE 3.2,SSP2021-SSP2-SPA2-26-Default,High-CDR,2C,IMAGE,SSP2021,Aggregated R10 regions,573.34894
Full,IMAGE 3.2,SSP2021-SSP2-SPA2-26-Default,High-CDR,2C,IMAGE,SSP2021,R10AFRICA,92.023485
Full,IMAGE 3.2,SSP2021-SSP2-SPA2-26-Default,High-CDR,2C,IMAGE,SSP2021,R10CHINA+,104.10131
Full,IMAGE 3.2,SSP2021-SSP2-SPA2-26-Default,High-CDR,2C,IMAGE,SSP2021,R10EUROPE,25.161255
Full,IMAGE 3.2,SSP2021-SSP2-SPA2-26-Default,High-CDR,2C,IMAGE,SSP2021,R10INDIA+,165.692885
Full,IMAGE 3.2,SSP2021-SSP2-SPA2-26-Default,High-CDR,2C,IMAGE,SSP2021,R10LATIN_AM,23.79461
Full,IMAGE 3.2,SSP2021-SSP2-SPA2-26-Default,High-CDR,2C,IMAGE,SSP2021,R10MIDDLE_EAST,46.32243
Full,IMAGE 3.2,SSP2021-SSP2-SPA2-26-Default,High-CDR,2C,IMAGE,SSP2021,R10NORTH_AM,12.70522
Full,IMAGE 3.2,SSP2021-SSP2-SPA2-26-Default,High-CDR,2C,IMAGE,SSP2021,R10PAC_OECD,6.427055
Full,IMAGE 3.2,SSP2021-SSP2-SPA2-26-Default,High-CDR,2C,IMAGE,SSP2021,R10REF_ECON,15.055895
Full,IMAGE 3.2,SSP2021-SSP2-SPA2-26-Default,High-CDR,2C,IMAGE,SSP2021,R10REST_ASIA,82.064795
Full,IMAGE 3.2,SSP2021-SSP2-SPA2-26-Lifestyle,High-CDR,2C,IMAGE,SSP2021,Aggregated R10 regions,525.46397
Full,IMAGE 3.2,SSP2021-SSP2-SPA2-26-Lifestyle,High-CDR,2C,IMAGE,SSP2021,R10AFRICA,88.092515
Full,IMAGE 3.2,SSP2021-SSP2-SPA2-26-Lifestyle,High-CDR,2C,IMAGE,SSP2021,R10CHINA+,96.68312
Full,IMAGE 3.2,SSP2021-SSP2-SPA2-26-Lifestyle,High-CDR,2C,IMAGE,SSP2021,R10EUROPE,17.288835
Full,IMAGE 3.2,SSP2021-SSP2-SPA2-26-Lifestyle,High-CDR,2C,IMAGE,SSP2021,R10INDIA+,152.610795
Full,IMAGE 3.2,SSP2021-SSP2-SPA2-26-Lifestyle,High-CDR,2C,IMAGE,SSP2021,R10LATIN_AM,23.27353
Full,IMAGE 3.2,SSP2021-SSP2-SPA2-26-Lifestyle,High-CDR,2C,IMAGE,SSP2021,R10MIDDLE_EAST,43.78331
Full,IMAGE 3.2,SSP2021-SSP2-SPA2-26-Lifestyle,High-CDR,2C,IMAGE,SSP2021,R10NORTH_AM,8.02958
Full,IMAGE 3.2,SSP2021-SSP2-SPA2-26-Lifestyle,High-CDR,2C,IMAGE,SSP2021,R10PAC_OECD,5.99789
Full,IMAGE 3.2,SSP2021-SSP2-SPA2-26-Lifestyle,High-CDR,2C,IMAGE,SSP2021,R10REF_ECON,13.798935
Full,IMAGE 3.2,SSP2021-SSP2-SPA2-26-Lifestyle,High-CDR,2C,IMAGE,SSP2021,R10REST_ASIA,75.90546
Full,IMAGE 3.2,SSP2021-SSP2-SPA2-26-Lifestyle-Renewables,High-CDR,2C,IMAGE,SSP2021,Aggregated R10 regions,485.65901
Full,IMAGE 3.2,SSP2021-SSP2-SPA2-26-Lifestyle-Renewables,High-CDR,2C,IMAGE,SSP2021,R10AFRICA,79.565895
Full,IMAGE 3.2,SSP2021-SSP2-SPA2-26-Lifestyle-Renewables,High-CDR,2C,IMAGE,SSP2021,R10CHINA+,92.234245
Full,IMAGE 3.2,SSP2021-SSP2-SPA2-26-Lifestyle-Renewables,High-CDR,2C,IMAGE,SSP2021,R10EUROPE,16.93616
Full,IMAGE 3.2,SSP2021-SSP2-SPA2-26-Lifestyle-Renewables,High-CDR,2C,IMAGE,SSP2021,R10INDIA+,134.440905
Full,IMAGE 3.2,SSP2021-SSP2-SPA2-26-Lifestyle-Renewables,High-CDR,2C,IMAGE,SSP2021,R10LATIN_AM,22.76083
Full,IMAGE 3.2,SSP2021-SSP2-SPA2-26-Lifestyle-Renewables,High-CDR,2C,IMAGE,SSP2021,R10MIDDLE_EAST,43.55061
Full,IMAGE 3.2,SSP2021-SSP2-SPA2-26-Lifestyle-Renewables,High-CDR,2C,IMAGE,SSP2021,R10NORTH_AM,7.85526
Full,IMAGE 3.2,SSP2021-SSP2-SPA2-26-Lifestyle-Renewables,High-CDR,2C,IMAGE,SSP2021,R10PAC_OECD,5.86569
Full,IMAGE 3.2,SSP2021-SSP2-SPA2-26-Lifestyle-Renewables,High-CDR,2C,IMAGE,SSP2021,R10REF_ECON,13.66769
Full,IMAGE 3.2,SSP2021-SSP2-SPA2-26-Lifestyle-Renewables,High-CDR,2C,IMAGE,SSP2021,R10REST_ASIA,68.781725
Full,IMAGE 3.2,SSP2021-SSP2-SPA2-34-Default,High-CDR,2C,IMAGE,SSP2021,Aggregated R10 regions,573.791995
Full,IMAGE 3.2,SSP2021-SSP2-SPA2-34-Default,High-CDR,2C,IMAGE,SSP2021,R10AFRICA,91.935815
Full,IMAGE 3.2,SSP2021-SSP2-SPA2-34-Default,High-CDR,2C,IMAGE,SSP2021,R10CHINA+,105.518215
Full,IMAGE 3.2,SSP2021-SSP2-SPA2-34-Default,High-CDR,2C,IMAGE,SSP2021,R10EUROPE,24.78292
Full,IMAGE 3.2,SSP2021-SSP2-SPA2-34-Default,High-CDR,2C,IMAGE,SSP2021,R10INDIA+,165.882195
Full,IMAGE 3.2,SSP2021-SSP2-SPA2-34-Default,High-CDR,2C,IMAGE,SSP2021,R10LATIN_AM,24.003075
Full,IMAGE 3.2,SSP2021-SSP2-SPA2-34-Default,High-CDR,2C,IMAGE,SSP2021,R10MIDDLE_EAST,46.297405
Full,IMAGE 3.2,SSP2021-SSP2-SPA2-34-Default,High-CDR,2C,IMAGE,SSP2021,R10NORTH_AM,12.189415
Full,IMAGE 3.2,SSP2021-SSP2-SPA2-34-Default,High-CDR,2C,IMAGE,SSP2021,R10PAC_OECD,6.39253
Full,IMAGE 3.2,SSP2021-SSP2-SPA2-34-Default,High-CDR,2C,IMAGE,SSP2021,R10REF_ECON,15.167125
Full,IMAGE 3.2,SSP2021-SSP2-SPA2-34-Default,High-CDR,2C,IMAGE,SSP2021,R10REST_ASIA,81.6233
Full,IMAGE 3.3,GEO7-Behavioural Focused Pathway,High-CDR,1.5C,IMAGE,GEO7,Aggregated R10 regions,438.52362
Full,IMAGE 3.3,GEO7-Behavioural Focused Pathway,High-CDR,1.5C,IMAGE,GEO7,R10AFRICA,75.286875
Full,IMAGE 3.3,GEO7-Behavioural Focused Pathway,High-CDR,1.5C,IMAGE,GEO7,R10CHINA+,79.068615
Full,IMAGE 3.3,GEO7-Behavioural Focused Pathway,High-CDR,1.5C,IMAGE,GEO7,R10EUROPE,16.146505
Full,IMAGE 3.3,GEO7-Behavioural Focused Pathway,High-CDR,1.5C,IMAGE,GEO7,R10INDIA+,120.848755
Full,IMAGE 3.3,GEO7-Behavioural Focused Pathway,High-CDR,1.5C,IMAGE,GEO7,R10LATIN_AM,21.63804
Full,IMAGE 3.3,GEO7-Behavioural Focused Pathway,High-CDR,1.5C,IMAGE,GEO7,R10MIDDLE_EAST,41.596005
Full,IMAGE 3.3,GEO7-Behavioural Focused Pathway,High-CDR,1.5C,IMAGE,GEO7,R10NORTH_AM,7.38507
Full,IMAGE 3.3,GEO7-Behavioural Focused Pathway,High-CDR,1.5C,IMAGE,GEO7,R10PAC_OECD,5.227465
Full,IMAGE 3.3,GEO7-Behavioural Focused Pathway,High-CDR,1.5C,IMAGE,GEO7,R10REF_ECON,13.10623
Full,IMAGE 3.3,GEO7-Behavioural Focused Pathway,High-CDR,1.5C,IMAGE,GEO7,R10REST_ASIA,58.22006
Full,IMAGE 3.3,GEO7-Technology Focused Pathway,High-CDR,1.5C,IMAGE,GEO7,Aggregated R10 regions,465.747895
Full,IMAGE 3.3,GEO7-Technology Focused Pathway,High-CDR,1.5C,IMAGE,GEO7,R10AFRICA,74.33145
Full,IMAGE 3.3,GEO7-Technology Focused Pathway,High-CDR,1.5C,IMAGE,GEO7,R10CHINA+,78.93552
Full,IMAGE 3.3,GEO7-Technology Focused Pathway,High-CDR,1.5C,IMAGE,GEO7,R10EUROPE,21.352075
Full,IMAGE 3.3,GEO7-Technology Focused Pathway,High-CDR,1.5C,IMAGE,GEO7,R10INDIA+,134.52086
Full,IMAGE 3.3,GEO7-Technology Focused Pathway,High-CDR,1.5C,IMAGE,GEO7,R10LATIN_AM,22.994395
Full,IMAGE 3.3,GEO7-Technology Focused Pathway,High-CDR,1.5C,IMAGE,GEO7,R10MIDDLE_EAST,43.02068
Full,IMAGE 3.3,GEO7-Technology Focused Pathway,High-CDR,1.5C,IMAGE,GEO7,R10NORTH_AM,9.92014
Full,IMAGE 3.3,GEO7-Technology Focused Pathway,High-CDR,1.5C,IMAGE,GEO7,R10PAC_OECD,5.579145
Full,IMAGE 3.3,GEO7-Technology Focused Pathway,High-CDR,1.5C,IMAGE,GEO7,R10REF_ECON,13.968145
Full,IMAGE 3.3,GEO7-Technology Focused Pathway,High-CDR,1.5C,IMAGE,GEO7,R10REST_ASIA,61.125485
Full,IMAGE 3.3,NAVIGATE Demand-1.5°C-act_u,High-CDR,2C,IMAGE,NAVIGATE,Aggregated R10 regions,489.61231
Full,IMAGE 3.3,NAVIGATE Demand-1.5°C-act_u,High-CDR,2C,IMAGE,NAVIGATE,R10AFRICA,77.140155
Full,IMAGE 3.3,NAVIGATE Demand-1.5°C-act_u,High-CDR,2C,IMAGE,NAVIGATE,R10CHINA+,92.792465000000007
Full,IMAGE 3.3,NAVIGATE Demand-1.5°C-act_u,High-CDR,2C,IMAGE,NAVIGATE,R10EUROPE,23.69843
Full,IMAGE 3.3,NAVIGATE Demand-1.5°C-act_u,High-CDR,2C,IMAGE,NAVIGATE,R10INDIA+,128.703775
Full,IMAGE 3.3,NAVIGATE Demand-1.5°C-act_u,High-CDR,2C,IMAGE,NAVIGATE,R10LATIN_AM,23.139
Full,IMAGE 3.3,NAVIGATE Demand-1.5°C-act_u,High-CDR,2C,IMAGE,NAVIGATE,R10MIDDLE_EAST,45.481835
Full,IMAGE 3.3,NAVIGATE Demand-1.5°C-act_u,High-CDR,2C,IMAGE,NAVIGATE,R10NORTH_AM,11.82299
Full,IMAGE 3.3,NAVIGATE Demand-1.5°C-act_u,High-CDR,2C,IMAGE,NAVIGATE,R10PAC_OECD,5.73446
Full,IMAGE 3.3,NAVIGATE Demand-1.5°C-act_u,High-CDR,2C,IMAGE,NAVIGATE,R10REF_ECON,14.2002
Full,IMAGE 3.3,NAVIGATE Demand-1.5°C-act_u,High-CDR,2C,IMAGE,NAVIGATE,R10REST_ASIA,66.899
Full,IMAGE 3.3,NAVIGATE Demand-1.5°C-all_u,High-CDR,2C,IMAGE,NAVIGATE,Aggregated R10 regions,476.81657
Full,IMAGE 3.3,NAVIGATE Demand-1.5°C-all_u,High-CDR,2C,IMAGE,NAVIGATE,R10AFRICA,75.74826
Full,IMAGE 3.3,NAVIGATE Demand-1.5°C-all_u,High-CDR,2C,IMAGE,NAVIGATE,R10CHINA+,93.557805
Full,IMAGE 3.3,NAVIGATE Demand-1.5°C-all_u,High-CDR,2C,IMAGE,NAVIGATE,R10EUROPE,23.471825
Full,IMAGE 3.3,NAVIGATE Demand-1.5°C-all_u,High-CDR,2C,IMAGE,NAVIGATE,R10INDIA+,116.7883
Full,IMAGE 3.3,NAVIGATE Demand-1.5°C-all_u,High-CDR,2C,IMAGE,NAVIGATE,R10LATIN_AM,23.092315
Full,IMAGE 3.3,NAVIGATE Demand-1.5°C-all_u,High-CDR,2C,IMAGE,NAVIGATE,R10MIDDLE_EAST,45.43667
Full,IMAGE 3.3,NAVIGATE Demand-1.5°C-all_u,High-CDR,2C,IMAGE,NAVIGATE,R10NORTH_AM,11.664155
Full,IMAGE 3.3,NAVIGATE Demand-1.5°C-all_u,High-CDR,2C,IMAGE,NAVIGATE,R10PAC_OECD,5.74101
Full,IMAGE 3.3,NAVIGATE Demand-1.5°C-all_u,High-CDR,2C,IMAGE,NAVIGATE,R10REF_ECON,14.17889
Full,IMAGE 3.3,NAVIGATE Demand-1.5°C-all_u,High-CDR,2C,IMAGE,NAVIGATE,R10REST_ASIA,67.13734
Full,IMAGE 3.3,NAVIGATE Demand-1.5°C-ref,High-CDR,2C,IMAGE,NAVIGATE,Aggregated R10 regions,491.606095
Full,IMAGE 3.3,NAVIGATE Demand-1.5°C-ref,High-CDR,2C,IMAGE,NAVIGATE,R10AFRICA,77.639855
Full,IMAGE 3.3,NAVIGATE Demand-1.5°C-ref,High-CDR,2C,IMAGE,NAVIGATE,R10CHINA+,92.298525
Full,IMAGE 3.3,NAVIGATE Demand-1.5°C-ref,High-CDR,2C,IMAGE,NAVIGATE,R10EUROPE,24.06304
Full,IMAGE 3.3,NAVIGATE Demand-1.5°C-ref,High-CDR,2C,IMAGE,NAVIGATE,R10INDIA+,129.72954
Full,IMAGE 3.3,NAVIGATE Demand-1.5°C-ref,High-CDR,2C,IMAGE,NAVIGATE,R10LATIN_AM,23.321055
Full,IMAGE 3.3,NAVIGATE Demand-1.5°C-ref,High-CDR,2C,IMAGE,NAVIGATE,R10MIDDLE_EAST,45.56388
Full,IMAGE 3.3,NAVIGATE Demand-1.5°C-ref,High-CDR,2C,IMAGE,NAVIGATE,R10NORTH_AM,12.04787
Full,IMAGE 3.3,NAVIGATE Demand-1.5°C-ref,High-CDR,2C,IMAGE,NAVIGATE,R10PAC_OECD,5.81895
Full,IMAGE 3.3,NAVIGATE Demand-1.5°C-ref,High-CDR,2C,IMAGE,NAVIGATE,R10REF_ECON,14.22844
Full,IMAGE 3.3,NAVIGATE Demand-1.5°C-ref,High-CDR,2C,IMAGE,NAVIGATE,R10REST_ASIA,66.89494
Full,IMAGE 3.3,NAVIGATE Demand-1.5°C-tec_u,High-CDR,2C,IMAGE,NAVIGATE,Aggregated R10 regions,487.80983
Full,IMAGE 3.3,NAVIGATE Demand-1.5°C-tec_u,High-CDR,2C,IMAGE,NAVIGATE,R10AFRICA,77.150045
Full,IMAGE 3.3,NAVIGATE Demand-1.5°C-tec_u,High-CDR,2C,IMAGE,NAVIGATE,R10CHINA+,92.097075
Full,IMAGE 3.3,NAVIGATE Demand-1.5°C-tec_u,High-CDR,2C,IMAGE,NAVIGATE,R10EUROPE,23.814865
Full,IMAGE 3.3,NAVIGATE Demand-1.5°C-tec_u,High-CDR,2C,IMAGE,NAVIGATE,R10INDIA+,128.059895
Full,IMAGE 3.3,NAVIGATE Demand-1.5°C-tec_u,High-CDR,2C,IMAGE,NAVIGATE,R10LATIN_AM,23.19729
Full,IMAGE 3.3,NAVIGATE Demand-1.5°C-tec_u,High-CDR,2C,IMAGE,NAVIGATE,R10MIDDLE_EAST,45.475005
Full,IMAGE 3.3,NAVIGATE Demand-1.5°C-tec_u,High-CDR,2C,IMAGE,NAVIGATE,R10NORTH_AM,11.93647
Full,IMAGE 3.3,NAVIGATE Demand-1.5°C-tec_u,High-CDR,2C,IMAGE,NAVIGATE,R10PAC_OECD,5.741105
Full,IMAGE 3.3,NAVIGATE Demand-1.5°C-tec_u,High-CDR,2C,IMAGE,NAVIGATE,R10REF_ECON,14.15577
Full,IMAGE 3.3,NAVIGATE Demand-1.5°C-tec_u,High-CDR,2C,IMAGE,NAVIGATE,R10REST_ASIA,66.18231
Full,IMAGE 3.3,NAVIGATE Demand-2.0°C-act_u,High-CDR,2C,IMAGE,NAVIGATE,Aggregated R10 regions,530.88351
Full,IMAGE 3.3,NAVIGATE Demand-2.0°C-act_u,High-CDR,2C,IMAGE,NAVIGATE,R10AFRICA,80.896585
Full,IMAGE 3.3,NAVIGATE Demand-2.0°C-act_u,High-CDR,2C,IMAGE,NAVIGATE,R10CHINA+,100.25758
Full,IMAGE 3.3,NAVIGATE Demand-2.0°C-act_u,High-CDR,2C,IMAGE,NAVIGATE,R10EUROPE,23.631925
Full,IMAGE 3.3,NAVIGATE Demand-2.0°C-act_u,High-CDR,2C,IMAGE,NAVIGATE,R10INDIA+,143.081015
Full,IMAGE 3.3,NAVIGATE Demand-2.0°C-act_u,High-CDR,2C,IMAGE,NAVIGATE,R10LATIN_AM,23.6337
Full,IMAGE 3.3,NAVIGATE Demand-2.0°C-act_u,High-CDR,2C,IMAGE,NAVIGATE,R10MIDDLE_EAST,45.55263
Full,IMAGE 3.3,NAVIGATE Demand-2.0°C-act_u,High-CDR,2C,IMAGE,NAVIGATE,R10NORTH_AM,11.94525
Full,IMAGE 3.3,NAVIGATE Demand-2.0°C-act_u,High-CDR,2C,IMAGE,NAVIGATE,R10PAC_OECD,5.83415
Full,IMAGE 3.3,NAVIGATE Demand-2.0°C-act_u,High-CDR,2C,IMAGE,NAVIGATE,R10REF_ECON,14.584305
Full,IMAGE 3.3,NAVIGATE Demand-2.0°C-act_u,High-CDR,2C,IMAGE,NAVIGATE,R10REST_ASIA,81.46637
Full,IMAGE 3.3,NAVIGATE Demand-2.0°C-ele_u,High-CDR,2C,IMAGE,NAVIGATE,Aggregated R10 regions,516.97734
Full,IMAGE 3.3,NAVIGATE Demand-2.0°C-ele_u,High-CDR,2C,IMAGE,NAVIGATE,R10AFRICA,79.83623
Full,IMAGE 3.3,NAVIGATE Demand-2.0°C-ele_u,High-CDR,2C,IMAGE,NAVIGATE,R10CHINA+,100.536635
Full,IMAGE 3.3,NAVIGATE Demand-2.0°C-ele_u,High-CDR,2C,IMAGE,NAVIGATE,R10EUROPE,23.695555
Full,IMAGE 3.3,NAVIGATE Demand-2.0°C-ele_u,High-CDR,2C,IMAGE,NAVIGATE,R10INDIA+,131.221835
Full,IMAGE 3.3,NAVIGATE Demand-2.0°C-ele_u,High-CDR,2C,IMAGE,NAVIGATE,R10LATIN_AM,23.727585
Full,IMAGE 3.3,NAVIGATE Demand-2.0°C-ele_u,High-CDR,2C,IMAGE,NAVIGATE,R10MIDDLE_EAST,45.4939
Full,IMAGE 3.3,NAVIGATE Demand-2.0°C-ele_u,High-CDR,2C,IMAGE,NAVIGATE,R10NORTH_AM,11.99924
Full,IMAGE 3.3,NAVIGATE Demand-2.0°C-ele_u,High-CDR,2C,IMAGE,NAVIGATE,R10PAC_OECD,6.014845
Full,IMAGE 3.3,NAVIGATE Demand-2.0°C-ele_u,High-CDR,2C,IMAGE,NAVIGATE,R10REF_ECON,14.63325
Full,IMAGE 3.3,NAVIGATE Demand-2.0°C-ele_u,High-CDR,2C,IMAGE,NAVIGATE,R10REST_ASIA,79.818265
Full,IMAGE 3.3,NAVIGATE Demand-2.0°C-ref,High-CDR,2C,IMAGE,NAVIGATE,Aggregated R10 regions,523.663215
Full,IMAGE 3.3,NAVIGATE Demand-2.0°C-ref,High-CDR,2C,IMAGE,NAVIGATE,R10AFRICA,80.134165
Full,IMAGE 3.3,NAVIGATE Demand-2.0°C-ref,High-CDR,2C,IMAGE,NAVIGATE,R10CHINA+,99.910025
Full,IMAGE 3.3,NAVIGATE Demand-2.0°C-ref,High-CDR,2C,IMAGE,NAVIGATE,R10EUROPE,23.937105
Full,IMAGE 3.3,NAVIGATE Demand-2.0°C-ref,High-CDR,2C,IMAGE,NAVIGATE,R10INDIA+,140.292385
Full,IMAGE 3.3,NAVIGATE Demand-2.0°C-ref,High-CDR,2C,IMAGE,NAVIGATE,R10LATIN_AM,23.808435
Full,IMAGE 3.3,NAVIGATE Demand-2.0°C-ref,High-CDR,2C,IMAGE,NAVIGATE,R10MIDDLE_EAST,45.55688
Full,IMAGE 3.3,NAVIGATE Demand-2.0°C-ref,High-CDR,2C,IMAGE,NAVIGATE,R10NORTH_AM,12.00812
Full,IMAGE 3.3,NAVIGATE Demand-2.0°C-ref,High-CDR,2C,IMAGE,NAVIGATE,R10PAC_OECD,5.860335
Full,IMAGE 3.3,NAVIGATE Demand-2.0°C-ref,High-CDR,2C,IMAGE,NAVIGATE,R10REF_ECON,14.638705
Full,IMAGE 3.3,NAVIGATE Demand-2.0°C-ref,High-CDR,2C,IMAGE,NAVIGATE,R10REST_ASIA,77.51706
Full,IMAGE 3.3,NAVIGATE Demand-2.0°C-tec_u,High-CDR,2C,IMAGE,NAVIGATE,Aggregated R10 regions,526.047595
Full,IMAGE 3.3,NAVIGATE Demand-2.0°C-tec_u,High-CDR,2C,IMAGE,NAVIGATE,R10AFRICA,80.481615
Full,IMAGE 3.3,NAVIGATE Demand-2.0°C-tec_u,High-CDR,2C,IMAGE,NAVIGATE,R10CHINA+,99.885715
Full,IMAGE 3.3,NAVIGATE Demand-2.0°C-tec_u,High-CDR,2C,IMAGE,NAVIGATE,R10EUROPE,23.748345
Full,IMAGE 3.3,NAVIGATE Demand-2.0°C-tec_u,High-CDR,2C,IMAGE,NAVIGATE,R10INDIA+,141.32209
Full,IMAGE 3.3,NAVIGATE Demand-2.0°C-tec_u,High-CDR,2C,IMAGE,NAVIGATE,R10LATIN_AM,23.70221
Full,IMAGE 3.3,NAVIGATE Demand-2.0°C-tec_u,High-CDR,2C,IMAGE,NAVIGATE,R10MIDDLE_EAST,45.54939
Full,IMAGE 3.3,NAVIGATE Demand-2.0°C-tec_u,High-CDR,2C,IMAGE,NAVIGATE,R10NORTH_AM,11.983459999999999
Full,IMAGE 3.3,NAVIGATE Demand-2.0°C-tec_u,High-CDR,2C,IMAGE,NAVIGATE,R10PAC_OECD,5.854865
Full,IMAGE 3.3,NAVIGATE Demand-2.0°C-tec_u,High-CDR,2C,IMAGE,NAVIGATE,R10REF_ECON,14.584585
Full,IMAGE 3.3,NAVIGATE Demand-2.0°C-tec_u,High-CDR,2C,IMAGE,NAVIGATE,R10REST_ASIA,78.93532
Full,IMAGE 3.3,SHAPE-SDP-EI-1.5°C,High-CDR,1.5C,IMAGE,SHAPE,Aggregated R10 regions,471.418065
Full,IMAGE 3.3,SHAPE-SDP-EI-1.5°C,High-CDR,1.5C,IMAGE,SHAPE,R10AFRICA,74.208955
Full,IMAGE 3.3,SHAPE-SDP-EI-1.5°C,High-CDR,1.5C,IMAGE,SHAPE,R10CHINA+,88.21999
Full,IMAGE 3.3,SHAPE-SDP-EI-1.5°C,High-CDR,1.5C,IMAGE,SHAPE,R10EUROPE,19.203655
Full,IMAGE 3.3,SHAPE-SDP-EI-1.5°C,High-CDR,1.5C,IMAGE,SHAPE,R10INDIA+,134.195905
Full,IMAGE 3.3,SHAPE-SDP-EI-1.5°C,High-CDR,1.5C,IMAGE,SHAPE,R10LATIN_AM,22.164925
Full,IMAGE 3.3,SHAPE-SDP-EI-1.5°C,High-CDR,1.5C,IMAGE,SHAPE,R10MIDDLE_EAST,43.637085
Full,IMAGE 3.3,SHAPE-SDP-EI-1.5°C,High-CDR,1.5C,IMAGE,SHAPE,R10NORTH_AM,9.38093
Full,IMAGE 3.3,SHAPE-SDP-EI-1.5°C,High-CDR,1.5C,IMAGE,SHAPE,R10PAC_OECD,5.24925
Full,IMAGE 3.3,SHAPE-SDP-EI-1.5°C,High-CDR,1.5C,IMAGE,SHAPE,R10REF_ECON,13.9673
Full,IMAGE 3.3,SHAPE-SDP-EI-1.5°C,High-CDR,1.5C,IMAGE,SHAPE,R10REST_ASIA,61.19007
Full,IMAGE 3.3,SHAPE-SDP-EI-1.5°C [with Climate Change Impacts],High-CDR,1.5C,IMAGE,SHAPE,Aggregated R10 regions,471.680905
Full,IMAGE 3.3,SHAPE-SDP-EI-1.5°C [with Climate Change Impacts],High-CDR,1.5C,IMAGE,SHAPE,R10AFRICA,74.337905
Full,IMAGE 3.3,SHAPE-SDP-EI-1.5°C [with Climate Change Impacts],High-CDR,1.5C,IMAGE,SHAPE,R10CHINA+,88.04516
Full,IMAGE 3.3,SHAPE-SDP-EI-1.5°C [with Climate Change Impacts],High-CDR,1.5C,IMAGE,SHAPE,R10EUROPE,19.354995
Full,IMAGE 3.3,SHAPE-SDP-EI-1.5°C [with Climate Change Impacts],High-CDR,1.5C,IMAGE,SHAPE,R10INDIA+,134.404705
Full,IMAGE 3.3,SHAPE-SDP-EI-1.5°C [with Climate Change Impacts],High-CDR,1.5C,IMAGE,SHAPE,R10LATIN_AM,22.193345
Full,IMAGE 3.3,SHAPE-SDP-EI-1.5°C [with Climate Change Impacts],High-CDR,1.5C,IMAGE,SHAPE,R10MIDDLE_EAST,43.628795
Full,IMAGE 3.3,SHAPE-SDP-EI-1.5°C [with Climate Change Impacts],High-CDR,1.5C,IMAGE,SHAPE,R10NORTH_AM,9.427765
Full,IMAGE 3.3,SHAPE-SDP-EI-1.5°C [with Climate Change Impacts],High-CDR,1.5C,IMAGE,SHAPE,R10PAC_OECD,5.2465
Full,IMAGE 3.3,SHAPE-SDP-EI-1.5°C [with Climate Change Impacts],High-CDR,1.5C,IMAGE,SHAPE,R10REF_ECON,14.00195
Full,IMAGE 3.3,SHAPE-SDP-EI-1.5°C [with Climate Change Impacts],High-CDR,1.5C,IMAGE,SHAPE,R10REST_ASIA,61.039785
Full,IMAGE 3.3,SHAPE-SDP-MC-1.5°C,High-CDR,1.5C,IMAGE,SHAPE,Aggregated R10 regions,450.635775
Full,IMAGE 3.3,SHAPE-SDP-MC-1.5°C,High-CDR,1.5C,IMAGE,SHAPE,R10AFRICA,75.358225
Full,IMAGE 3.3,SHAPE-SDP-MC-1.5°C,High-CDR,1.5C,IMAGE,SHAPE,R10CHINA+,86.491525
Full,IMAGE 3.3,SHAPE-SDP-MC-1.5°C,High-CDR,1.5C,IMAGE,SHAPE,R10EUROPE,15.74054
Full,IMAGE 3.3,SHAPE-SDP-MC-1.5°C,High-CDR,1.5C,IMAGE,SHAPE,R10INDIA+,124.47939
Full,IMAGE 3.3,SHAPE-SDP-MC-1.5°C,High-CDR,1.5C,IMAGE,SHAPE,R10LATIN_AM,21.468255
Full,IMAGE 3.3,SHAPE-SDP-MC-1.5°C,High-CDR,1.5C,IMAGE,SHAPE,R10MIDDLE_EAST,42.67502
Full,IMAGE 3.3,SHAPE-SDP-MC-1.5°C,High-CDR,1.5C,IMAGE,SHAPE,R10NORTH_AM,7.360255
Full,IMAGE 3.3,SHAPE-SDP-MC-1.5°C,High-CDR,1.5C,IMAGE,SHAPE,R10PAC_OECD,5.34951
Full,IMAGE 3.3,SHAPE-SDP-MC-1.5°C,High-CDR,1.5C,IMAGE,SHAPE,R10REF_ECON,13.218285
Full,IMAGE 3.3,SHAPE-SDP-MC-1.5°C,High-CDR,1.5C,IMAGE,SHAPE,R10REST_ASIA,58.49477
Full,IMAGE 3.3,SHAPE-SDP-MC-1.5°C [with Climate Change Impacts],High-CDR,1.5C,IMAGE,SHAPE,Aggregated R10 regions,452.360955
Full,IMAGE 3.3,SHAPE-SDP-MC-1.5°C [with Climate Change Impacts],High-CDR,1.5C,IMAGE,SHAPE,R10AFRICA,75.249735
Full,IMAGE 3.3,SHAPE-SDP-MC-1.5°C [with Climate Change Impacts],High-CDR,1.5C,IMAGE,SHAPE,R10CHINA+,87.414065
Full,IMAGE 3.3,SHAPE-SDP-MC-1.5°C [with Climate Change Impacts],High-CDR,1.5C,IMAGE,SHAPE,R10EUROPE,15.908295
Full,IMAGE 3.3,SHAPE-SDP-MC-1.5°C [with Climate Change Impacts],High-CDR,1.5C,IMAGE,SHAPE,R10INDIA+,125.14874
Full,IMAGE 3.3,SHAPE-SDP-MC-1.5°C [with Climate Change Impacts],High-CDR,1.5C,IMAGE,SHAPE,R10LATIN_AM,21.539015
Full,IMAGE 3.3,SHAPE-SDP-MC-1.5°C [with Climate Change Impacts],High-CDR,1.5C,IMAGE,SHAPE,R10MIDDLE_EAST,42.82773
Full,IMAGE 3.3,SHAPE-SDP-MC-1.5°C [with Climate Change Impacts],High-CDR,1.5C,IMAGE,SHAPE,R10NORTH_AM,7.480165
Full,IMAGE 3.3,SHAPE-SDP-MC-1.5°C [with Climate Change Impacts],High-CDR,1.5C,IMAGE,SHAPE,R10PAC_OECD,5.35671
Full,IMAGE 3.3,SHAPE-SDP-MC-1.5°C [with Climate Change Impacts],High-CDR,1.5C,IMAGE,SHAPE,R10REF_ECON,13.270795
Full,IMAGE 3.3,SHAPE-SDP-MC-1.5°C [with Climate Change Impacts],High-CDR,1.5C,IMAGE,SHAPE,R10REST_ASIA,58.165705
Full,IMAGE 3.3,SHAPE-SDP-RC-1.5°C,High-CDR,1.5C,IMAGE,SHAPE,Aggregated R10 regions,454.227195
Full,IMAGE 3.3,SHAPE-SDP-RC-1.5°C,High-CDR,1.5C,IMAGE,SHAPE,R10AFRICA,74.85136
Full,IMAGE 3.3,SHAPE-SDP-RC-1.5°C,High-CDR,1.5C,IMAGE,SHAPE,R10CHINA+,86.07214
Full,IMAGE 3.3,SHAPE-SDP-RC-1.5°C,High-CDR,1.5C,IMAGE,SHAPE,R10EUROPE,15.30766
Full,IMAGE 3.3,SHAPE-SDP-RC-1.5°C,High-CDR,1.5C,IMAGE,SHAPE,R10INDIA+,127.99141
Full,IMAGE 3.3,SHAPE-SDP-RC-1.5°C,High-CDR,1.5C,IMAGE,SHAPE,R10LATIN_AM,22.057145
Full,IMAGE 3.3,SHAPE-SDP-RC-1.5°C,High-CDR,1.5C,IMAGE,SHAPE,R10MIDDLE_EAST,42.130115
Full,IMAGE 3.3,SHAPE-SDP-RC-1.5°C,High-CDR,1.5C,IMAGE,SHAPE,R10NORTH_AM,7.519015
Full,IMAGE 3.3,SHAPE-SDP-RC-1.5°C,High-CDR,1.5C,IMAGE,SHAPE,R10PAC_OECD,5.366575
Full,IMAGE 3.3,SHAPE-SDP-RC-1.5°C,High-CDR,1.5C,IMAGE,SHAPE,R10REF_ECON,13.100695
Full,IMAGE 3.3,SHAPE-SDP-RC-1.5°C,High-CDR,1.5C,IMAGE,SHAPE,R10REST_ASIA,59.83108
Full,IMAGE 3.3,SHAPE-SDP-RC-1.5°C [with Climate Change Impacts],High-CDR,1.5C,IMAGE,SHAPE,Aggregated R10 regions,455.5278
Full,IMAGE 3.3,SHAPE-SDP-RC-1.5°C [with Climate Change Impacts],High-CDR,1.5C,IMAGE,SHAPE,R10AFRICA,74.930725
Full,IMAGE 3.3,SHAPE-SDP-RC-1.5°C [with Climate Change Impacts],High-CDR,1.5C,IMAGE,SHAPE,R10CHINA+,86.533675
Full,IMAGE 3.3,SHAPE-SDP-RC-1.5°C [with Climate Change Impacts],High-CDR,1.5C,IMAGE,SHAPE,R10EUROPE,15.391385
Full,IMAGE 3.3,SHAPE-SDP-RC-1.5°C [with Climate Change Impacts],High-CDR,1.5C,IMAGE,SHAPE,R10INDIA+,127.49053
Full,IMAGE 3.3,SHAPE-SDP-RC-1.5°C [with Climate Change Impacts],High-CDR,1.5C,IMAGE,SHAPE,R10LATIN_AM,22.6867
Full,IMAGE 3.3,SHAPE-SDP-RC-1.5°C [with Climate Change Impacts],High-CDR,1.5C,IMAGE,SHAPE,R10MIDDLE_EAST,42.132285
Full,IMAGE 3.3,SHAPE-SDP-RC-1.5°C [with Climate Change Impacts],High-CDR,1.5C,IMAGE,SHAPE,R10NORTH_AM,7.657635
Full,IMAGE 3.3,SHAPE-SDP-RC-1.5°C [with Climate Change Impacts],High-CDR,1.5C,IMAGE,SHAPE,R10PAC_OECD,5.4096
Full,IMAGE 3.3,SHAPE-SDP-RC-1.5°C [with Climate Change Impacts],High-CDR,1.5C,IMAGE,SHAPE,R10REF_ECON,13.151035
Full,IMAGE 3.3,SHAPE-SDP-RC-1.5°C [with Climate Change Impacts],High-CDR,1.5C,IMAGE,SHAPE,R10REST_ASIA,60.14423
Full,IMAGE 3.3,SHAPE-SSP1-1.5°C,High-CDR,1.5C,IMAGE,SHAPE,Aggregated R10 regions,483.00464
Full,IMAGE 3.3,SHAPE-SSP1-1.5°C,High-CDR,1.5C,IMAGE,SHAPE,R10AFRICA,80.02118
Full,IMAGE 3.3,SHAPE-SSP1-1.5°C,High-CDR,1.5C,IMAGE,SHAPE,R10CHINA+,90.387565
Full,IMAGE 3.3,SHAPE-SSP1-1.5°C,High-CDR,1.5C,IMAGE,SHAPE,R10EUROPE,21.753425
Full,IMAGE 3.3,SHAPE-SSP1-1.5°C,High-CDR,1.5C,IMAGE,SHAPE,R10INDIA+,132.139115
Full,IMAGE 3.3,SHAPE-SSP1-1.5°C,High-CDR,1.5C,IMAGE,SHAPE,R10LATIN_AM,22.66771
Full,IMAGE 3.3,SHAPE-SSP1-1.5°C,High-CDR,1.5C,IMAGE,SHAPE,R10MIDDLE_EAST,43.90531
Full,IMAGE 3.3,SHAPE-SSP1-1.5°C,High-CDR,1.5C,IMAGE,SHAPE,R10NORTH_AM,10.17609
Full,IMAGE 3.3,SHAPE-SSP1-1.5°C,High-CDR,1.5C,IMAGE,SHAPE,R10PAC_OECD,5.137805
Full,IMAGE 3.3,SHAPE-SSP1-1.5°C,High-CDR,1.5C,IMAGE,SHAPE,R10REF_ECON,13.917475
Full,IMAGE 3.3,SHAPE-SSP1-1.5°C,High-CDR,1.5C,IMAGE,SHAPE,R10REST_ASIA,62.898965
Full,IMAGE 3.3,SHAPE-SSP2-1.5°C,High-CDR,1.5C,IMAGE,SHAPE,Aggregated R10 regions,542.811985
Full,IMAGE 3.3,SHAPE-SSP2-1.5°C,High-CDR,1.5C,IMAGE,SHAPE,R10AFRICA,83.933645
Full,IMAGE 3.3,SHAPE-SSP2-1.5°C,High-CDR,1.5C,IMAGE,SHAPE,R10CHINA+,98.7421
Full,IMAGE 3.3,SHAPE-SSP2-1.5°C,High-CDR,1.5C,IMAGE,SHAPE,R10EUROPE,27.56776
Full,IMAGE 3.3,SHAPE-SSP2-1.5°C,High-CDR,1.5C,IMAGE,SHAPE,R10INDIA+,159.720465
Full,IMAGE 3.3,SHAPE-SSP2-1.5°C,High-CDR,1.5C,IMAGE,SHAPE,R10LATIN_AM,23.431705
Full,IMAGE 3.3,SHAPE-SSP2-1.5°C,High-CDR,1.5C,IMAGE,SHAPE,R10MIDDLE_EAST,44.715915
Full,IMAGE 3.3,SHAPE-SSP2-1.5°C,High-CDR,1.5C,IMAGE,SHAPE,R10NORTH_AM,12.778225
Full,IMAGE 3.3,SHAPE-SSP2-1.5°C,High-CDR,1.5C,IMAGE,SHAPE,R10PAC_OECD,5.3874
Full,IMAGE 3.3,SHAPE-SSP2-1.5°C,High-CDR,1.5C,IMAGE,SHAPE,R10REF_ECON,14.629635
Full,IMAGE 3.3,SHAPE-SSP2-1.5°C,High-CDR,1.5C,IMAGE,SHAPE,R10REST_ASIA,71.905135
Full,IMAGE 3.3,SHAPE-SSP2-1.5°C [with Climate Change Impacts],High-CDR,1.5C,IMAGE,SHAPE,Aggregated R10 regions,547.221095
Full,IMAGE 3.3,SHAPE-SSP2-1.5°C [with Climate Change Impacts],High-CDR,1.5C,IMAGE,SHAPE,R10AFRICA,84.398175
Full,IMAGE 3.3,SHAPE-SSP2-1.5°C [with Climate Change Impacts],High-CDR,1.5C,IMAGE,SHAPE,R10CHINA+,98.609335
Full,IMAGE 3.3,SHAPE-SSP2-1.5°C [with Climate Change Impacts],High-CDR,1.5C,IMAGE,SHAPE,R10EUROPE,27.893385
Full,IMAGE 3.3,SHAPE-SSP2-1.5°C [with Climate Change Impacts],High-CDR,1.5C,IMAGE,SHAPE,R10INDIA+,162.435215
Full,IMAGE 3.3,SHAPE-SSP2-1.5°C [with Climate Change Impacts],High-CDR,1.5C,IMAGE,SHAPE,R10LATIN_AM,23.49552
Full,IMAGE 3.3,SHAPE-SSP2-1.5°C [with Climate Change Impacts],High-CDR,1.5C,IMAGE,SHAPE,R10MIDDLE_EAST,44.72319
Full,IMAGE 3.3,SHAPE-SSP2-1.5°C [with Climate Change Impacts],High-CDR,1.5C,IMAGE,SHAPE,R10NORTH_AM,13.358345
Full,IMAGE 3.3,SHAPE-SSP2-1.5°C [with Climate Change Impacts],High-CDR,1.5C,IMAGE,SHAPE,R10PAC_OECD,5.38262
Full,IMAGE 3.3,SHAPE-SSP2-1.5°C [with Climate Change Impacts],High-CDR,1.5C,IMAGE,SHAPE,R10REF_ECON,14.80953
Full,IMAGE 3.3,SHAPE-SSP2-1.5°C [with Climate Change Impacts],High-CDR,1.5C,IMAGE,SHAPE,R10REST_ASIA,72.11578
Full,MESSAGEix-GLOBIOM 1.1,ENGAGE-INDCi2030-1000f,High-RE,2C,MESSAGEix,ENGAGE,Aggregated R10 regions,442.89133
Full,MESSAGEix-GLOBIOM 1.1,ENGAGE-INDCi2030-1000f,High-RE,2C,MESSAGEix,ENGAGE,R10AFRICA,75.89831
Full,MESSAGEix-GLOBIOM 1.1,ENGAGE-INDCi2030-1000f,High-RE,2C,MESSAGEix,ENGAGE,R10CHINA+,76.99603
Full,MESSAGEix-GLOBIOM 1.1,ENGAGE-INDCi2030-1000f,High-RE,2C,MESSAGEix,ENGAGE,R10EUROPE,14.513915
Full,MESSAGEix-GLOBIOM 1.1,ENGAGE-INDCi2030-1000f,High-RE,2C,MESSAGEix,ENGAGE,R10INDIA+,118.78444
Full,MESSAGEix-GLOBIOM 1.1,ENGAGE-INDCi2030-1000f,High-RE,2C,MESSAGEix,ENGAGE,R10LATIN_AM,13.933595
Full,MESSAGEix-GLOBIOM 1.1,ENGAGE-INDCi2030-1000f,High-RE,2C,MESSAGEix,ENGAGE,R10MIDDLE_EAST,58.14811
Full,MESSAGEix-GLOBIOM 1.1,ENGAGE-INDCi2030-1000f,High-RE,2C,MESSAGEix,ENGAGE,R10NORTH_AM,6.6818
Full,MESSAGEix-GLOBIOM 1.1,ENGAGE-INDCi2030-1000f,High-RE,2C,MESSAGEix,ENGAGE,R10PAC_OECD,5.45151
Full,MESSAGEix-GLOBIOM 1.1,ENGAGE-INDCi2030-1000f,High-RE,2C,MESSAGEix,ENGAGE,R10REF_ECON,14.64877
Full,MESSAGEix-GLOBIOM 1.1,ENGAGE-INDCi2030-1000f,High-RE,2C,MESSAGEix,ENGAGE,R10REST_ASIA,57.83485
Full,MESSAGEix-GLOBIOM 1.1,ENGAGE-INDCi2030-1000f-COV,High-RE,2C,MESSAGEix,ENGAGE,Aggregated R10 regions,447.6881
Full,MESSAGEix-GLOBIOM 1.1,ENGAGE-INDCi2030-1000f-COV,High-RE,2C,MESSAGEix,ENGAGE,R10AFRICA,75.89062
Full,MESSAGEix-GLOBIOM 1.1,ENGAGE-INDCi2030-1000f-COV,High-RE,2C,MESSAGEix,ENGAGE,R10CHINA+,76.41245
Full,MESSAGEix-GLOBIOM 1.1,ENGAGE-INDCi2030-1000f-COV,High-RE,2C,MESSAGEix,ENGAGE,R10EUROPE,14.84378
Full,MESSAGEix-GLOBIOM 1.1,ENGAGE-INDCi2030-1000f-COV,High-RE,2C,MESSAGEix,ENGAGE,R10INDIA+,122.42576
Full,MESSAGEix-GLOBIOM 1.1,ENGAGE-INDCi2030-1000f-COV,High-RE,2C,MESSAGEix,ENGAGE,R10LATIN_AM,14.040775
Full,MESSAGEix-GLOBIOM 1.1,ENGAGE-INDCi2030-1000f-COV,High-RE,2C,MESSAGEix,ENGAGE,R10MIDDLE_EAST,58.72971
Full,MESSAGEix-GLOBIOM 1.1,ENGAGE-INDCi2030-1000f-COV,High-RE,2C,MESSAGEix,ENGAGE,R10NORTH_AM,6.85217
Full,MESSAGEix-GLOBIOM 1.1,ENGAGE-INDCi2030-1000f-COV,High-RE,2C,MESSAGEix,ENGAGE,R10PAC_OECD,5.47442
Full,MESSAGEix-GLOBIOM 1.1,ENGAGE-INDCi2030-1000f-COV,High-RE,2C,MESSAGEix,ENGAGE,R10REF_ECON,14.552965
Full,MESSAGEix-GLOBIOM 1.1,ENGAGE-INDCi2030-1000f-COV,High-RE,2C,MESSAGEix,ENGAGE,R10REST_ASIA,58.46545
Full,MESSAGEix-GLOBIOM 1.1,ENGAGE-INDCi2030-1000f-COV-NDCp,High-RE,2C,MESSAGEix,ENGAGE,Aggregated R10 regions,447.792255
Full,MESSAGEix-GLOBIOM 1.1,ENGAGE-INDCi2030-1000f-COV-NDCp,High-RE,2C,MESSAGEix,ENGAGE,R10AFRICA,75.88747
Full,MESSAGEix-GLOBIOM 1.1,ENGAGE-INDCi2030-1000f-COV-NDCp,High-RE,2C,MESSAGEix,ENGAGE,R10CHINA+,76.09386
Full,MESSAGEix-GLOBIOM 1.1,ENGAGE-INDCi2030-1000f-COV-NDCp,High-RE,2C,MESSAGEix,ENGAGE,R10EUROPE,14.65579
Full,MESSAGEix-GLOBIOM 1.1,ENGAGE-INDCi2030-1000f-COV-NDCp,High-RE,2C,MESSAGEix,ENGAGE,R10INDIA+,122.7912
Full,MESSAGEix-GLOBIOM 1.1,ENGAGE-INDCi2030-1000f-COV-NDCp,High-RE,2C,MESSAGEix,ENGAGE,R10LATIN_AM,14.122125
Full,MESSAGEix-GLOBIOM 1.1,ENGAGE-INDCi2030-1000f-COV-NDCp,High-RE,2C,MESSAGEix,ENGAGE,R10MIDDLE_EAST,58.73073
Full,MESSAGEix-GLOBIOM 1.1,ENGAGE-INDCi2030-1000f-COV-NDCp,High-RE,2C,MESSAGEix,ENGAGE,R10NORTH_AM,6.85217
Full,MESSAGEix-GLOBIOM 1.1,ENGAGE-INDCi2030-1000f-COV-NDCp,High-RE,2C,MESSAGEix,ENGAGE,R10PAC_OECD,5.483575
Full,MESSAGEix-GLOBIOM 1.1,ENGAGE-INDCi2030-1000f-COV-NDCp,High-RE,2C,MESSAGEix,ENGAGE,R10REF_ECON,14.556205
Full,MESSAGEix-GLOBIOM 1.1,ENGAGE-INDCi2030-1000f-COV-NDCp,High-RE,2C,MESSAGEix,ENGAGE,R10REST_ASIA,58.61913
Full,MESSAGEix-GLOBIOM 1.1,ENGAGE-INDCi2030-1000f-NDCp,High-RE,2C,MESSAGEix,ENGAGE,Aggregated R10 regions,442.521375
Full,MESSAGEix-GLOBIOM 1.1,ENGAGE-INDCi2030-1000f-NDCp,High-RE,2C,MESSAGEix,ENGAGE,R10AFRICA,75.916965
Full,MESSAGEix-GLOBIOM 1.1,ENGAGE-INDCi2030-1000f-NDCp,High-RE,2C,MESSAGEix,ENGAGE,R10CHINA+,76.61714
Full,MESSAGEix-GLOBIOM 1.1,ENGAGE-INDCi2030-1000f-NDCp,High-RE,2C,MESSAGEix,ENGAGE,R10EUROPE,14.371045
Full,MESSAGEix-GLOBIOM 1.1,ENGAGE-INDCi2030-1000f-NDCp,High-RE,2C,MESSAGEix,ENGAGE,R10INDIA+,118.6956
Full,MESSAGEix-GLOBIOM 1.1,ENGAGE-INDCi2030-1000f-NDCp,High-RE,2C,MESSAGEix,ENGAGE,R10LATIN_AM,14.119345
Full,MESSAGEix-GLOBIOM 1.1,ENGAGE-INDCi2030-1000f-NDCp,High-RE,2C,MESSAGEix,ENGAGE,R10MIDDLE_EAST,58.16955
Full,MESSAGEix-GLOBIOM 1.1,ENGAGE-INDCi2030-1000f-NDCp,High-RE,2C,MESSAGEix,ENGAGE,R10NORTH_AM,6.6818
Full,MESSAGEix-GLOBIOM 1.1,ENGAGE-INDCi2030-1000f-NDCp,High-RE,2C,MESSAGEix,ENGAGE,R10PAC_OECD,5.45151
Full,MESSAGEix-GLOBIOM 1.1,ENGAGE-INDCi2030-1000f-NDCp,High-RE,2C,MESSAGEix,ENGAGE,R10REF_ECON,14.65629
Full,MESSAGEix-GLOBIOM 1.1,ENGAGE-INDCi2030-1000f-NDCp,High-RE,2C,MESSAGEix,ENGAGE,R10REST_ASIA,57.84213
Full,MESSAGEix-GLOBIOM 1.1,ENGAGE-INDCi2030-1200-COV,High-CDR,2C,MESSAGEix,ENGAGE,Aggregated R10 regions,455.65937
Full,MESSAGEix-GLOBIOM 1.1,ENGAGE-INDCi2030-1200-COV,High-CDR,2C,MESSAGEix,ENGAGE,R10AFRICA,76.95396
Full,MESSAGEix-GLOBIOM 1.1,ENGAGE-INDCi2030-1200-COV,High-CDR,2C,MESSAGEix,ENGAGE,R10CHINA+,77.174515
Full,MESSAGEix-GLOBIOM 1.1,ENGAGE-INDCi2030-1200-COV,High-CDR,2C,MESSAGEix,ENGAGE,R10EUROPE,15.08467
Full,MESSAGEix-GLOBIOM 1.1,ENGAGE-INDCi2030-1200-COV,High-CDR,2C,MESSAGEix,ENGAGE,R10INDIA+,126.548815
Full,MESSAGEix-GLOBIOM 1.1,ENGAGE-INDCi2030-1200-COV,High-CDR,2C,MESSAGEix,ENGAGE,R10LATIN_AM,14.110035
Full,MESSAGEix-GLOBIOM 1.1,ENGAGE-INDCi2030-1200-COV,High-CDR,2C,MESSAGEix,ENGAGE,R10MIDDLE_EAST,59.573465
Full,MESSAGEix-GLOBIOM 1.1,ENGAGE-INDCi2030-1200-COV,High-CDR,2C,MESSAGEix,ENGAGE,R10NORTH_AM,6.82216
Full,MESSAGEix-GLOBIOM 1.1,ENGAGE-INDCi2030-1200-COV,High-CDR,2C,MESSAGEix,ENGAGE,R10PAC_OECD,5.563325
Full,MESSAGEix-GLOBIOM 1.1,ENGAGE-INDCi2030-1200-COV,High-CDR,2C,MESSAGEix,ENGAGE,R10REF_ECON,14.506995
Full,MESSAGEix-GLOBIOM 1.1,ENGAGE-INDCi2030-1200-COV,High-CDR,2C,MESSAGEix,ENGAGE,R10REST_ASIA,59.32143
Full,MESSAGEix-GLOBIOM 1.1,ENGAGE-INDCi2030-1200-COV-NDCp,High-CDR,2C,MESSAGEix,ENGAGE,Aggregated R10 regions,455.84384
Full,MESSAGEix-GLOBIOM 1.1,ENGAGE-INDCi2030-1200-COV-NDCp,High-CDR,2C,MESSAGEix,ENGAGE,R10AFRICA,76.95652
Full,MESSAGEix-GLOBIOM 1.1,ENGAGE-INDCi2030-1200-COV-NDCp,High-CDR,2C,MESSAGEix,ENGAGE,R10CHINA+,76.730615
Full,MESSAGEix-GLOBIOM 1.1,ENGAGE-INDCi2030-1200-COV-NDCp,High-CDR,2C,MESSAGEix,ENGAGE,R10EUROPE,14.87884
Full,MESSAGEix-GLOBIOM 1.1,ENGAGE-INDCi2030-1200-COV-NDCp,High-CDR,2C,MESSAGEix,ENGAGE,R10INDIA+,127.181265
Full,MESSAGEix-GLOBIOM 1.1,ENGAGE-INDCi2030-1200-COV-NDCp,High-CDR,2C,MESSAGEix,ENGAGE,R10LATIN_AM,14.19325
Full,MESSAGEix-GLOBIOM 1.1,ENGAGE-INDCi2030-1200-COV-NDCp,High-CDR,2C,MESSAGEix,ENGAGE,R10MIDDLE_EAST,59.563585
Full,MESSAGEix-GLOBIOM 1.1,ENGAGE-INDCi2030-1200-COV-NDCp,High-CDR,2C,MESSAGEix,ENGAGE,R10NORTH_AM,6.79411
Full,MESSAGEix-GLOBIOM 1.1,ENGAGE-INDCi2030-1200-COV-NDCp,High-CDR,2C,MESSAGEix,ENGAGE,R10PAC_OECD,5.590485
Full,MESSAGEix-GLOBIOM 1.1,ENGAGE-INDCi2030-1200-COV-NDCp,High-CDR,2C,MESSAGEix,ENGAGE,R10REF_ECON,14.500135
Full,MESSAGEix-GLOBIOM 1.1,ENGAGE-INDCi2030-1200-COV-NDCp,High-CDR,2C,MESSAGEix,ENGAGE,R10REST_ASIA,59.455035
Full,MESSAGEix-GLOBIOM 1.1,ENGAGE-INDCi2030-1200f,High-RE,2C,MESSAGEix,ENGAGE,Aggregated R10 regions,450.074045
Full,MESSAGEix-GLOBIOM 1.1,ENGAGE-INDCi2030-1200f,High-RE,2C,MESSAGEix,ENGAGE,R10AFRICA,76.351165
Full,MESSAGEix-GLOBIOM 1.1,ENGAGE-INDCi2030-1200f,High-RE,2C,MESSAGEix,ENGAGE,R10CHINA+,77.767015
Full,MESSAGEix-GLOBIOM 1.1,ENGAGE-INDCi2030-1200f,High-RE,2C,MESSAGEix,ENGAGE,R10EUROPE,14.8381
Full,MESSAGEix-GLOBIOM 1.1,ENGAGE-INDCi2030-1200f,High-RE,2C,MESSAGEix,ENGAGE,R10INDIA+,122.458445
Full,MESSAGEix-GLOBIOM 1.1,ENGAGE-INDCi2030-1200f,High-RE,2C,MESSAGEix,ENGAGE,R10LATIN_AM,13.995095
Full,MESSAGEix-GLOBIOM 1.1,ENGAGE-INDCi2030-1200f,High-RE,2C,MESSAGEix,ENGAGE,R10MIDDLE_EAST,59.10205
Full,MESSAGEix-GLOBIOM 1.1,ENGAGE-INDCi2030-1200f,High-RE,2C,MESSAGEix,ENGAGE,R10NORTH_AM,6.79644
Full,MESSAGEix-GLOBIOM 1.1,ENGAGE-INDCi2030-1200f,High-RE,2C,MESSAGEix,ENGAGE,R10PAC_OECD,5.562085
Full,MESSAGEix-GLOBIOM 1.1,ENGAGE-INDCi2030-1200f,High-RE,2C,MESSAGEix,ENGAGE,R10REF_ECON,14.687735
Full,MESSAGEix-GLOBIOM 1.1,ENGAGE-INDCi2030-1200f,High-RE,2C,MESSAGEix,ENGAGE,R10REST_ASIA,58.515915
Full,MESSAGEix-GLOBIOM 1.1,ENGAGE-INDCi2030-1200f-NDCp,High-RE,2C,MESSAGEix,ENGAGE,Aggregated R10 regions,450.083335
Full,MESSAGEix-GLOBIOM 1.1,ENGAGE-INDCi2030-1200f-NDCp,High-RE,2C,MESSAGEix,ENGAGE,R10AFRICA,76.348475
Full,MESSAGEix-GLOBIOM 1.1,ENGAGE-INDCi2030-1200f-NDCp,High-RE,2C,MESSAGEix,ENGAGE,R10CHINA+,77.518785
Full,MESSAGEix-GLOBIOM 1.1,ENGAGE-INDCi2030-1200f-NDCp,High-RE,2C,MESSAGEix,ENGAGE,R10EUROPE,14.67439
Full,MESSAGEix-GLOBIOM 1.1,ENGAGE-INDCi2030-1200f-NDCp,High-RE,2C,MESSAGEix,ENGAGE,R10INDIA+,122.573735
Full,MESSAGEix-GLOBIOM 1.1,ENGAGE-INDCi2030-1200f-NDCp,High-RE,2C,MESSAGEix,ENGAGE,R10LATIN_AM,14.209005
Full,MESSAGEix-GLOBIOM 1.1,ENGAGE-INDCi2030-1200f-NDCp,High-RE,2C,MESSAGEix,ENGAGE,R10MIDDLE_EAST,59.11182
Full,MESSAGEix-GLOBIOM 1.1,ENGAGE-INDCi2030-1200f-NDCp,High-RE,2C,MESSAGEix,ENGAGE,R10NORTH_AM,6.79644
Full,MESSAGEix-GLOBIOM 1.1,ENGAGE-INDCi2030-1200f-NDCp,High-RE,2C,MESSAGEix,ENGAGE,R10PAC_OECD,5.554865
Full,MESSAGEix-GLOBIOM 1.1,ENGAGE-INDCi2030-1200f-NDCp,High-RE,2C,MESSAGEix,ENGAGE,R10REF_ECON,14.673165
Full,MESSAGEix-GLOBIOM 1.1,ENGAGE-INDCi2030-1200f-NDCp,High-RE,2C,MESSAGEix,ENGAGE,R10REST_ASIA,58.622655
Full,MESSAGEix-GLOBIOM 1.1,ENGAGE-INDCi2030-1400,High-CDR,2C,MESSAGEix,ENGAGE,Aggregated R10 regions,457.668625
Full,MESSAGEix-GLOBIOM 1.1,ENGAGE-INDCi2030-1400,High-CDR,2C,MESSAGEix,ENGAGE,R10AFRICA,77.136255
Full,MESSAGEix-GLOBIOM 1.1,ENGAGE-INDCi2030-1400,High-CDR,2C,MESSAGEix,ENGAGE,R10CHINA+,78.609535
Full,MESSAGEix-GLOBIOM 1.1,ENGAGE-INDCi2030-1400,High-CDR,2C,MESSAGEix,ENGAGE,R10EUROPE,15.08499
Full,MESSAGEix-GLOBIOM 1.1,ENGAGE-INDCi2030-1400,High-CDR,2C,MESSAGEix,ENGAGE,R10INDIA+,126.633685
Full,MESSAGEix-GLOBIOM 1.1,ENGAGE-INDCi2030-1400,High-CDR,2C,MESSAGEix,ENGAGE,R10LATIN_AM,14.065155
Full,MESSAGEix-GLOBIOM 1.1,ENGAGE-INDCi2030-1400,High-CDR,2C,MESSAGEix,ENGAGE,R10MIDDLE_EAST,59.75163
Full,MESSAGEix-GLOBIOM 1.1,ENGAGE-INDCi2030-1400,High-CDR,2C,MESSAGEix,ENGAGE,R10NORTH_AM,6.7293
Full,MESSAGEix-GLOBIOM 1.1,ENGAGE-INDCi2030-1400,High-CDR,2C,MESSAGEix,ENGAGE,R10PAC_OECD,5.658985
Full,MESSAGEix-GLOBIOM 1.1,ENGAGE-INDCi2030-1400,High-CDR,2C,MESSAGEix,ENGAGE,R10REF_ECON,14.61326
Full,MESSAGEix-GLOBIOM 1.1,ENGAGE-INDCi2030-1400,High-CDR,2C,MESSAGEix,ENGAGE,R10REST_ASIA,59.38583
Full,MESSAGEix-GLOBIOM 1.1,ENGAGE-INDCi2030-1400-COV,High-CDR,2C,MESSAGEix,ENGAGE,Aggregated R10 regions,460.953665
Full,MESSAGEix-GLOBIOM 1.1,ENGAGE-INDCi2030-1400-COV,High-CDR,2C,MESSAGEix,ENGAGE,R10AFRICA,77.18811
Full,MESSAGEix-GLOBIOM 1.1,ENGAGE-INDCi2030-1400-COV,High-CDR,2C,MESSAGEix,ENGAGE,R10CHINA+,77.91825
Full,MESSAGEix-GLOBIOM 1.1,ENGAGE-INDCi2030-1400-COV,High-CDR,2C,MESSAGEix,ENGAGE,R10EUROPE,15.282795
Full,MESSAGEix-GLOBIOM 1.1,ENGAGE-INDCi2030-1400-COV,High-CDR,2C,MESSAGEix,ENGAGE,R10INDIA+,129.62186
Full,MESSAGEix-GLOBIOM 1.1,ENGAGE-INDCi2030-1400-COV,High-CDR,2C,MESSAGEix,ENGAGE,R10LATIN_AM,14.139425
Full,MESSAGEix-GLOBIOM 1.1,ENGAGE-INDCi2030-1400-COV,High-CDR,2C,MESSAGEix,ENGAGE,R10MIDDLE_EAST,59.75957
Full,MESSAGEix-GLOBIOM 1.1,ENGAGE-INDCi2030-1400-COV,High-CDR,2C,MESSAGEix,ENGAGE,R10NORTH_AM,6.81857
Full,MESSAGEix-GLOBIOM 1.1,ENGAGE-INDCi2030-1400-COV,High-CDR,2C,MESSAGEix,ENGAGE,R10PAC_OECD,5.68316
Full,MESSAGEix-GLOBIOM 1.1,ENGAGE-INDCi2030-1400-COV,High-CDR,2C,MESSAGEix,ENGAGE,R10REF_ECON,14.5929
Full,MESSAGEix-GLOBIOM 1.1,ENGAGE-INDCi2030-1400-COV,High-CDR,2C,MESSAGEix,ENGAGE,R10REST_ASIA,59.949025
Full,MESSAGEix-GLOBIOM 1.1,ENGAGE-INDCi2030-1400-COV-NDCp,High-CDR,2C,MESSAGEix,ENGAGE,Aggregated R10 regions,461.009395
Full,MESSAGEix-GLOBIOM 1.1,ENGAGE-INDCi2030-1400-COV-NDCp,High-CDR,2C,MESSAGEix,ENGAGE,R10AFRICA,77.20956
Full,MESSAGEix-GLOBIOM 1.1,ENGAGE-INDCi2030-1400-COV-NDCp,High-CDR,2C,MESSAGEix,ENGAGE,R10CHINA+,77.53789
Full,MESSAGEix-GLOBIOM 1.1,ENGAGE-INDCi2030-1400-COV-NDCp,High-CDR,2C,MESSAGEix,ENGAGE,R10EUROPE,15.068825
Full,MESSAGEix-GLOBIOM 1.1,ENGAGE-INDCi2030-1400-COV-NDCp,High-CDR,2C,MESSAGEix,ENGAGE,R10INDIA+,130.04888
Full,MESSAGEix-GLOBIOM 1.1,ENGAGE-INDCi2030-1400-COV-NDCp,High-CDR,2C,MESSAGEix,ENGAGE,R10LATIN_AM,14.231925
Full,MESSAGEix-GLOBIOM 1.1,ENGAGE-INDCi2030-1400-COV-NDCp,High-CDR,2C,MESSAGEix,ENGAGE,R10MIDDLE_EAST,59.75885
Full,MESSAGEix-GLOBIOM 1.1,ENGAGE-INDCi2030-1400-COV-NDCp,High-CDR,2C,MESSAGEix,ENGAGE,R10NORTH_AM,6.81512
Full,MESSAGEix-GLOBIOM 1.1,ENGAGE-INDCi2030-1400-COV-NDCp,High-CDR,2C,MESSAGEix,ENGAGE,R10PAC_OECD,5.68316
Full,MESSAGEix-GLOBIOM 1.1,ENGAGE-INDCi2030-1400-COV-NDCp,High-CDR,2C,MESSAGEix,ENGAGE,R10REF_ECON,14.60244
Full,MESSAGEix-GLOBIOM 1.1,ENGAGE-INDCi2030-1400-COV-NDCp,High-CDR,2C,MESSAGEix,ENGAGE,R10REST_ASIA,60.052745
Full,MESSAGEix-GLOBIOM 1.1,ENGAGE-INDCi2030-1400-NDCp,High-CDR,2C,MESSAGEix,ENGAGE,Aggregated R10 regions,457.58381
Full,MESSAGEix-GLOBIOM 1.1,ENGAGE-INDCi2030-1400-NDCp,High-CDR,2C,MESSAGEix,ENGAGE,R10AFRICA,77.184765
Full,MESSAGEix-GLOBIOM 1.1,ENGAGE-INDCi2030-1400-NDCp,High-CDR,2C,MESSAGEix,ENGAGE,R10CHINA+,78.422275
Full,MESSAGEix-GLOBIOM 1.1,ENGAGE-INDCi2030-1400-NDCp,High-CDR,2C,MESSAGEix,ENGAGE,R10EUROPE,14.89073
Full,MESSAGEix-GLOBIOM 1.1,ENGAGE-INDCi2030-1400-NDCp,High-CDR,2C,MESSAGEix,ENGAGE,R10INDIA+,126.585435
Full,MESSAGEix-GLOBIOM 1.1,ENGAGE-INDCi2030-1400-NDCp,High-CDR,2C,MESSAGEix,ENGAGE,R10LATIN_AM,14.27981
Full,MESSAGEix-GLOBIOM 1.1,ENGAGE-INDCi2030-1400-NDCp,High-CDR,2C,MESSAGEix,ENGAGE,R10MIDDLE_EAST,59.80629
Full,MESSAGEix-GLOBIOM 1.1,ENGAGE-INDCi2030-1400-NDCp,High-CDR,2C,MESSAGEix,ENGAGE,R10NORTH_AM,6.7293
Full,MESSAGEix-GLOBIOM 1.1,ENGAGE-INDCi2030-1400-NDCp,High-CDR,2C,MESSAGEix,ENGAGE,R10PAC_OECD,5.642695
Full,MESSAGEix-GLOBIOM 1.1,ENGAGE-INDCi2030-1400-NDCp,High-CDR,2C,MESSAGEix,ENGAGE,R10REF_ECON,14.6103
Full,MESSAGEix-GLOBIOM 1.1,ENGAGE-INDCi2030-1400-NDCp,High-CDR,2C,MESSAGEix,ENGAGE,R10REST_ASIA,59.43221
Full,MESSAGEix-GLOBIOM 1.1,ENGAGE-INDCi2030-1400f,High-CDR,2C,MESSAGEix,ENGAGE,Aggregated R10 regions,455.549385
Full,MESSAGEix-GLOBIOM 1.1,ENGAGE-INDCi2030-1400f,High-CDR,2C,MESSAGEix,ENGAGE,R10AFRICA,76.69613
Full,MESSAGEix-GLOBIOM 1.1,ENGAGE-INDCi2030-1400f,High-CDR,2C,MESSAGEix,ENGAGE,R10CHINA+,78.537385
Full,MESSAGEix-GLOBIOM 1.1,ENGAGE-INDCi2030-1400f,High-CDR,2C,MESSAGEix,ENGAGE,R10EUROPE,15.030455
Full,MESSAGEix-GLOBIOM 1.1,ENGAGE-INDCi2030-1400f,High-CDR,2C,MESSAGEix,ENGAGE,R10INDIA+,125.36915
Full,MESSAGEix-GLOBIOM 1.1,ENGAGE-INDCi2030-1400f,High-CDR,2C,MESSAGEix,ENGAGE,R10LATIN_AM,14.056475
Full,MESSAGEix-GLOBIOM 1.1,ENGAGE-INDCi2030-1400f,High-CDR,2C,MESSAGEix,ENGAGE,R10MIDDLE_EAST,59.56815
Full,MESSAGEix-GLOBIOM 1.1,ENGAGE-INDCi2030-1400f,High-CDR,2C,MESSAGEix,ENGAGE,R10NORTH_AM,6.79918
Full,MESSAGEix-GLOBIOM 1.1,ENGAGE-INDCi2030-1400f,High-CDR,2C,MESSAGEix,ENGAGE,R10PAC_OECD,5.595905
Full,MESSAGEix-GLOBIOM 1.1,ENGAGE-INDCi2030-1400f,High-CDR,2C,MESSAGEix,ENGAGE,R10REF_ECON,14.682915
Full,MESSAGEix-GLOBIOM 1.1,ENGAGE-INDCi2030-1400f,High-CDR,2C,MESSAGEix,ENGAGE,R10REST_ASIA,59.21364
Full,MESSAGEix-GLOBIOM 1.1,ENGAGE-INDCi2030-1400f-COV,High-CDR,2C,MESSAGEix,ENGAGE,Aggregated R10 regions,460.307745
Full,MESSAGEix-GLOBIOM 1.1,ENGAGE-INDCi2030-1400f-COV,High-CDR,2C,MESSAGEix,ENGAGE,R10AFRICA,76.771555
Full,MESSAGEix-GLOBIOM 1.1,ENGAGE-INDCi2030-1400f-COV,High-CDR,2C,MESSAGEix,ENGAGE,R10CHINA+,77.898585
Full,MESSAGEix-GLOBIOM 1.1,ENGAGE-INDCi2030-1400f-COV,High-CDR,2C,MESSAGEix,ENGAGE,R10EUROPE,15.316955
Full,MESSAGEix-GLOBIOM 1.1,ENGAGE-INDCi2030-1400f-COV,High-CDR,2C,MESSAGEix,ENGAGE,R10INDIA+,129.52422
Full,MESSAGEix-GLOBIOM 1.1,ENGAGE-INDCi2030-1400f-COV,High-CDR,2C,MESSAGEix,ENGAGE,R10LATIN_AM,14.171915
Full,MESSAGEix-GLOBIOM 1.1,ENGAGE-INDCi2030-1400f-COV,High-CDR,2C,MESSAGEix,ENGAGE,R10MIDDLE_EAST,59.55856
Full,MESSAGEix-GLOBIOM 1.1,ENGAGE-INDCi2030-1400f-COV,High-CDR,2C,MESSAGEix,ENGAGE,R10NORTH_AM,6.91217
Full,MESSAGEix-GLOBIOM 1.1,ENGAGE-INDCi2030-1400f-COV,High-CDR,2C,MESSAGEix,ENGAGE,R10PAC_OECD,5.59684
Full,MESSAGEix-GLOBIOM 1.1,ENGAGE-INDCi2030-1400f-COV,High-CDR,2C,MESSAGEix,ENGAGE,R10REF_ECON,14.634985
Full,MESSAGEix-GLOBIOM 1.1,ENGAGE-INDCi2030-1400f-COV,High-CDR,2C,MESSAGEix,ENGAGE,R10REST_ASIA,59.92196
Full,MESSAGEix-GLOBIOM 1.1,ENGAGE-INDCi2030-1400f-COV-NDCp,High-CDR,2C,MESSAGEix,ENGAGE,Aggregated R10 regions,460.797265
Full,MESSAGEix-GLOBIOM 1.1,ENGAGE-INDCi2030-1400f-COV-NDCp,High-CDR,2C,MESSAGEix,ENGAGE,R10AFRICA,76.786415
Full,MESSAGEix-GLOBIOM 1.1,ENGAGE-INDCi2030-1400f-COV-NDCp,High-CDR,2C,MESSAGEix,ENGAGE,R10CHINA+,77.462085
Full,MESSAGEix-GLOBIOM 1.1,ENGAGE-INDCi2030-1400f-COV-NDCp,High-CDR,2C,MESSAGEix,ENGAGE,R10EUROPE,15.090355
Full,MESSAGEix-GLOBIOM 1.1,ENGAGE-INDCi2030-1400f-COV-NDCp,High-CDR,2C,MESSAGEix,ENGAGE,R10INDIA+,130.39387
Full,MESSAGEix-GLOBIOM 1.1,ENGAGE-INDCi2030-1400f-COV-NDCp,High-CDR,2C,MESSAGEix,ENGAGE,R10LATIN_AM,14.243505
Full,MESSAGEix-GLOBIOM 1.1,ENGAGE-INDCi2030-1400f-COV-NDCp,High-CDR,2C,MESSAGEix,ENGAGE,R10MIDDLE_EAST,59.55753
Full,MESSAGEix-GLOBIOM 1.1,ENGAGE-INDCi2030-1400f-COV-NDCp,High-CDR,2C,MESSAGEix,ENGAGE,R10NORTH_AM,6.91217
Full,MESSAGEix-GLOBIOM 1.1,ENGAGE-INDCi2030-1400f-COV-NDCp,High-CDR,2C,MESSAGEix,ENGAGE,R10PAC_OECD,5.59584
Full,MESSAGEix-GLOBIOM 1.1,ENGAGE-INDCi2030-1400f-COV-NDCp,High-CDR,2C,MESSAGEix,ENGAGE,R10REF_ECON,14.621055
Full,MESSAGEix-GLOBIOM 1.1,ENGAGE-INDCi2030-1400f-COV-NDCp,High-CDR,2C,MESSAGEix,ENGAGE,R10REST_ASIA,60.13444
Full,MESSAGEix-GLOBIOM 1.1,ENGAGE-INDCi2030-1400f-NDCp,High-CDR,2C,MESSAGEix,ENGAGE,Aggregated R10 regions,455.163095
Full,MESSAGEix-GLOBIOM 1.1,ENGAGE-INDCi2030-1400f-NDCp,High-CDR,2C,MESSAGEix,ENGAGE,R10AFRICA,76.67628
Full,MESSAGEix-GLOBIOM 1.1,ENGAGE-INDCi2030-1400f-NDCp,High-CDR,2C,MESSAGEix,ENGAGE,R10CHINA+,78.288985
Full,MESSAGEix-GLOBIOM 1.1,ENGAGE-INDCi2030-1400f-NDCp,High-CDR,2C,MESSAGEix,ENGAGE,R10EUROPE,14.872745
Full,MESSAGEix-GLOBIOM 1.1,ENGAGE-INDCi2030-1400f-NDCp,High-CDR,2C,MESSAGEix,ENGAGE,R10INDIA+,125.29499
Full,MESSAGEix-GLOBIOM 1.1,ENGAGE-INDCi2030-1400f-NDCp,High-CDR,2C,MESSAGEix,ENGAGE,R10LATIN_AM,14.240165
Full,MESSAGEix-GLOBIOM 1.1,ENGAGE-INDCi2030-1400f-NDCp,High-CDR,2C,MESSAGEix,ENGAGE,R10MIDDLE_EAST,59.57712
Full,MESSAGEix-GLOBIOM 1.1,ENGAGE-INDCi2030-1400f-NDCp,High-CDR,2C,MESSAGEix,ENGAGE,R10NORTH_AM,6.79918
Full,MESSAGEix-GLOBIOM 1.1,ENGAGE-INDCi2030-1400f-NDCp,High-CDR,2C,MESSAGEix,ENGAGE,R10PAC_OECD,5.590365
Full,MESSAGEix-GLOBIOM 1.1,ENGAGE-INDCi2030-1400f-NDCp,High-CDR,2C,MESSAGEix,ENGAGE,R10REF_ECON,14.686745
Full,MESSAGEix-GLOBIOM 1.1,ENGAGE-INDCi2030-1400f-NDCp,High-CDR,2C,MESSAGEix,ENGAGE,R10REST_ASIA,59.13652
Full,MESSAGEix-GLOBIOM 1.1,ENGAGE-INDCi2030-1600,High-CDR,2C,MESSAGEix,ENGAGE,Aggregated R10 regions,463.495355
Full,MESSAGEix-GLOBIOM 1.1,ENGAGE-INDCi2030-1600,High-CDR,2C,MESSAGEix,ENGAGE,R10AFRICA,77.318415
Full,MESSAGEix-GLOBIOM 1.1,ENGAGE-INDCi2030-1600,High-CDR,2C,MESSAGEix,ENGAGE,R10CHINA+,79.535885
Full,MESSAGEix-GLOBIOM 1.1,ENGAGE-INDCi2030-1600,High-CDR,2C,MESSAGEix,ENGAGE,R10EUROPE,15.269335
Full,MESSAGEix-GLOBIOM 1.1,ENGAGE-INDCi2030-1600,High-CDR,2C,MESSAGEix,ENGAGE,R10INDIA+,129.97004
Full,MESSAGEix-GLOBIOM 1.1,ENGAGE-INDCi2030-1600,High-CDR,2C,MESSAGEix,ENGAGE,R10LATIN_AM,14.11893
Full,MESSAGEix-GLOBIOM 1.1,ENGAGE-INDCi2030-1600,High-CDR,2C,MESSAGEix,ENGAGE,R10MIDDLE_EAST,59.986605
Full,MESSAGEix-GLOBIOM 1.1,ENGAGE-INDCi2030-1600,High-CDR,2C,MESSAGEix,ENGAGE,R10NORTH_AM,6.74809
Full,MESSAGEix-GLOBIOM 1.1,ENGAGE-INDCi2030-1600,High-CDR,2C,MESSAGEix,ENGAGE,R10PAC_OECD,5.71495
Full,MESSAGEix-GLOBIOM 1.1,ENGAGE-INDCi2030-1600,High-CDR,2C,MESSAGEix,ENGAGE,R10REF_ECON,14.69098
Full,MESSAGEix-GLOBIOM 1.1,ENGAGE-INDCi2030-1600,High-CDR,2C,MESSAGEix,ENGAGE,R10REST_ASIA,60.142125
Full,MESSAGEix-GLOBIOM 1.1,ENGAGE-INDCi2030-1600-COV,High-CDR,2C,MESSAGEix,ENGAGE,Aggregated R10 regions,467.38068
Full,MESSAGEix-GLOBIOM 1.1,ENGAGE-INDCi2030-1600-COV,High-CDR,2C,MESSAGEix,ENGAGE,R10AFRICA,77.680195
Full,MESSAGEix-GLOBIOM 1.1,ENGAGE-INDCi2030-1600-COV,High-CDR,2C,MESSAGEix,ENGAGE,R10CHINA+,78.96068
Full,MESSAGEix-GLOBIOM 1.1,ENGAGE-INDCi2030-1600-COV,High-CDR,2C,MESSAGEix,ENGAGE,R10EUROPE,15.507405
Full,MESSAGEix-GLOBIOM 1.1,ENGAGE-INDCi2030-1600-COV,High-CDR,2C,MESSAGEix,ENGAGE,R10INDIA+,133.12139
Full,MESSAGEix-GLOBIOM 1.1,ENGAGE-INDCi2030-1600-COV,High-CDR,2C,MESSAGEix,ENGAGE,R10LATIN_AM,14.232255
Full,MESSAGEix-GLOBIOM 1.1,ENGAGE-INDCi2030-1600-COV,High-CDR,2C,MESSAGEix,ENGAGE,R10MIDDLE_EAST,59.935705
Full,MESSAGEix-GLOBIOM 1.1,ENGAGE-INDCi2030-1600-COV,High-CDR,2C,MESSAGEix,ENGAGE,R10NORTH_AM,6.83158
Full,MESSAGEix-GLOBIOM 1.1,ENGAGE-INDCi2030-1600-COV,High-CDR,2C,MESSAGEix,ENGAGE,R10PAC_OECD,5.74378
Full,MESSAGEix-GLOBIOM 1.1,ENGAGE-INDCi2030-1600-COV,High-CDR,2C,MESSAGEix,ENGAGE,R10REF_ECON,14.64436
Full,MESSAGEix-GLOBIOM 1.1,ENGAGE-INDCi2030-1600-COV,High-CDR,2C,MESSAGEix,ENGAGE,R10REST_ASIA,60.72333
Full,MESSAGEix-GLOBIOM 1.1,ENGAGE-INDCi2030-1600-COV-NDCp,High-CDR,2C,MESSAGEix,ENGAGE,Aggregated R10 regions,467.83684
Full,MESSAGEix-GLOBIOM 1.1,ENGAGE-INDCi2030-1600-COV-NDCp,High-CDR,2C,MESSAGEix,ENGAGE,R10AFRICA,77.789255
Full,MESSAGEix-GLOBIOM 1.1,ENGAGE-INDCi2030-1600-COV-NDCp,High-CDR,2C,MESSAGEix,ENGAGE,R10CHINA+,78.80911
Full,MESSAGEix-GLOBIOM 1.1,ENGAGE-INDCi2030-1600-COV-NDCp,High-CDR,2C,MESSAGEix,ENGAGE,R10EUROPE,15.29394
Full,MESSAGEix-GLOBIOM 1.1,ENGAGE-INDCi2030-1600-COV-NDCp,High-CDR,2C,MESSAGEix,ENGAGE,R10INDIA+,133.56348
Full,MESSAGEix-GLOBIOM 1.1,ENGAGE-INDCi2030-1600-COV-NDCp,High-CDR,2C,MESSAGEix,ENGAGE,R10LATIN_AM,14.302335
Full,MESSAGEix-GLOBIOM 1.1,ENGAGE-INDCi2030-1600-COV-NDCp,High-CDR,2C,MESSAGEix,ENGAGE,R10MIDDLE_EAST,59.942145
Full,MESSAGEix-GLOBIOM 1.1,ENGAGE-INDCi2030-1600-COV-NDCp,High-CDR,2C,MESSAGEix,ENGAGE,R10NORTH_AM,6.86648
Full,MESSAGEix-GLOBIOM 1.1,ENGAGE-INDCi2030-1600-COV-NDCp,High-CDR,2C,MESSAGEix,ENGAGE,R10PAC_OECD,5.74378
Full,MESSAGEix-GLOBIOM 1.1,ENGAGE-INDCi2030-1600-COV-NDCp,High-CDR,2C,MESSAGEix,ENGAGE,R10REF_ECON,14.63901
Full,MESSAGEix-GLOBIOM 1.1,ENGAGE-INDCi2030-1600-COV-NDCp,High-CDR,2C,MESSAGEix,ENGAGE,R10REST_ASIA,60.887305
Full,MESSAGEix-GLOBIOM 1.1,ENGAGE-INDCi2030-1600-NDCp,High-CDR,2C,MESSAGEix,ENGAGE,Aggregated R10 regions,463.11339
Full,MESSAGEix-GLOBIOM 1.1,ENGAGE-INDCi2030-1600-NDCp,High-CDR,2C,MESSAGEix,ENGAGE,R10AFRICA,77.308885
Full,MESSAGEix-GLOBIOM 1.1,ENGAGE-INDCi2030-1600-NDCp,High-CDR,2C,MESSAGEix,ENGAGE,R10CHINA+,79.344325
Full,MESSAGEix-GLOBIOM 1.1,ENGAGE-INDCi2030-1600-NDCp,High-CDR,2C,MESSAGEix,ENGAGE,R10EUROPE,15.08619
Full,MESSAGEix-GLOBIOM 1.1,ENGAGE-INDCi2030-1600-NDCp,High-CDR,2C,MESSAGEix,ENGAGE,R10INDIA+,129.82081
Full,MESSAGEix-GLOBIOM 1.1,ENGAGE-INDCi2030-1600-NDCp,High-CDR,2C,MESSAGEix,ENGAGE,R10LATIN_AM,14.29926
Full,MESSAGEix-GLOBIOM 1.1,ENGAGE-INDCi2030-1600-NDCp,High-CDR,2C,MESSAGEix,ENGAGE,R10MIDDLE_EAST,59.993045
Full,MESSAGEix-GLOBIOM 1.1,ENGAGE-INDCi2030-1600-NDCp,High-CDR,2C,MESSAGEix,ENGAGE,R10NORTH_AM,6.74809
Full,MESSAGEix-GLOBIOM 1.1,ENGAGE-INDCi2030-1600-NDCp,High-CDR,2C,MESSAGEix,ENGAGE,R10PAC_OECD,5.71395
Full,MESSAGEix-GLOBIOM 1.1,ENGAGE-INDCi2030-1600-NDCp,High-CDR,2C,MESSAGEix,ENGAGE,R10REF_ECON,14.67726
Full,MESSAGEix-GLOBIOM 1.1,ENGAGE-INDCi2030-1600-NDCp,High-CDR,2C,MESSAGEix,ENGAGE,R10REST_ASIA,60.121575
Full,MESSAGEix-GLOBIOM 1.1,ENGAGE-INDCi2030-1600f,High-CDR,2C,MESSAGEix,ENGAGE,Aggregated R10 regions,462.732585
Full,MESSAGEix-GLOBIOM 1.1,ENGAGE-INDCi2030-1600f,High-CDR,2C,MESSAGEix,ENGAGE,R10AFRICA,77.223585
Full,MESSAGEix-GLOBIOM 1.1,ENGAGE-INDCi2030-1600f,High-CDR,2C,MESSAGEix,ENGAGE,R10CHINA+,79.83599
Full,MESSAGEix-GLOBIOM 1.1,ENGAGE-INDCi2030-1600f,High-CDR,2C,MESSAGEix,ENGAGE,R10EUROPE,15.27825
Full,MESSAGEix-GLOBIOM 1.1,ENGAGE-INDCi2030-1600f,High-CDR,2C,MESSAGEix,ENGAGE,R10INDIA+,129.11746
Full,MESSAGEix-GLOBIOM 1.1,ENGAGE-INDCi2030-1600f,High-CDR,2C,MESSAGEix,ENGAGE,R10LATIN_AM,14.106475
Full,MESSAGEix-GLOBIOM 1.1,ENGAGE-INDCi2030-1600f,High-CDR,2C,MESSAGEix,ENGAGE,R10MIDDLE_EAST,59.934615
Full,MESSAGEix-GLOBIOM 1.1,ENGAGE-INDCi2030-1600f,High-CDR,2C,MESSAGEix,ENGAGE,R10NORTH_AM,6.81797
Full,MESSAGEix-GLOBIOM 1.1,ENGAGE-INDCi2030-1600f,High-CDR,2C,MESSAGEix,ENGAGE,R10PAC_OECD,5.670485
Full,MESSAGEix-GLOBIOM 1.1,ENGAGE-INDCi2030-1600f,High-CDR,2C,MESSAGEix,ENGAGE,R10REF_ECON,14.719605
Full,MESSAGEix-GLOBIOM 1.1,ENGAGE-INDCi2030-1600f,High-CDR,2C,MESSAGEix,ENGAGE,R10REST_ASIA,60.02815
Full,MESSAGEix-GLOBIOM 1.1,ENGAGE-INDCi2030-1600f-COV,High-CDR,2C,MESSAGEix,ENGAGE,Aggregated R10 regions,467.839525
Full,MESSAGEix-GLOBIOM 1.1,ENGAGE-INDCi2030-1600f-COV,High-CDR,2C,MESSAGEix,ENGAGE,R10AFRICA,77.58011
Full,MESSAGEix-GLOBIOM 1.1,ENGAGE-INDCi2030-1600f-COV,High-CDR,2C,MESSAGEix,ENGAGE,R10CHINA+,79.657015
Full,MESSAGEix-GLOBIOM 1.1,ENGAGE-INDCi2030-1600f-COV,High-CDR,2C,MESSAGEix,ENGAGE,R10EUROPE,15.51168
Full,MESSAGEix-GLOBIOM 1.1,ENGAGE-INDCi2030-1600f-COV,High-CDR,2C,MESSAGEix,ENGAGE,R10INDIA+,132.88495
Full,MESSAGEix-GLOBIOM 1.1,ENGAGE-INDCi2030-1600f-COV,High-CDR,2C,MESSAGEix,ENGAGE,R10LATIN_AM,14.248665
Full,MESSAGEix-GLOBIOM 1.1,ENGAGE-INDCi2030-1600f-COV,High-CDR,2C,MESSAGEix,ENGAGE,R10MIDDLE_EAST,59.894755
Full,MESSAGEix-GLOBIOM 1.1,ENGAGE-INDCi2030-1600f-COV,High-CDR,2C,MESSAGEix,ENGAGE,R10NORTH_AM,6.93348
Full,MESSAGEix-GLOBIOM 1.1,ENGAGE-INDCi2030-1600f-COV,High-CDR,2C,MESSAGEix,ENGAGE,R10PAC_OECD,5.698615
Full,MESSAGEix-GLOBIOM 1.1,ENGAGE-INDCi2030-1600f-COV,High-CDR,2C,MESSAGEix,ENGAGE,R10REF_ECON,14.6835
Full,MESSAGEix-GLOBIOM 1.1,ENGAGE-INDCi2030-1600f-COV,High-CDR,2C,MESSAGEix,ENGAGE,R10REST_ASIA,60.746755
Full,MESSAGEix-GLOBIOM 1.1,ENGAGE-INDCi2030-1600f-COV-NDCp,High-CDR,2C,MESSAGEix,ENGAGE,Aggregated R10 regions,468.10844
Full,MESSAGEix-GLOBIOM 1.1,ENGAGE-INDCi2030-1600f-COV-NDCp,High-CDR,2C,MESSAGEix,ENGAGE,R10AFRICA,77.58241
Full,MESSAGEix-GLOBIOM 1.1,ENGAGE-INDCi2030-1600f-COV-NDCp,High-CDR,2C,MESSAGEix,ENGAGE,R10CHINA+,79.446195
Full,MESSAGEix-GLOBIOM 1.1,ENGAGE-INDCi2030-1600f-COV-NDCp,High-CDR,2C,MESSAGEix,ENGAGE,R10EUROPE,15.312485
Full,MESSAGEix-GLOBIOM 1.1,ENGAGE-INDCi2030-1600f-COV-NDCp,High-CDR,2C,MESSAGEix,ENGAGE,R10INDIA+,133.32299
Full,MESSAGEix-GLOBIOM 1.1,ENGAGE-INDCi2030-1600f-COV-NDCp,High-CDR,2C,MESSAGEix,ENGAGE,R10LATIN_AM,14.343565
Full,MESSAGEix-GLOBIOM 1.1,ENGAGE-INDCi2030-1600f-COV-NDCp,High-CDR,2C,MESSAGEix,ENGAGE,R10MIDDLE_EAST,59.886275
Full,MESSAGEix-GLOBIOM 1.1,ENGAGE-INDCi2030-1600f-COV-NDCp,High-CDR,2C,MESSAGEix,ENGAGE,R10NORTH_AM,6.93348
Full,MESSAGEix-GLOBIOM 1.1,ENGAGE-INDCi2030-1600f-COV-NDCp,High-CDR,2C,MESSAGEix,ENGAGE,R10PAC_OECD,5.704095
Full,MESSAGEix-GLOBIOM 1.1,ENGAGE-INDCi2030-1600f-COV-NDCp,High-CDR,2C,MESSAGEix,ENGAGE,R10REF_ECON,14.69488
Full,MESSAGEix-GLOBIOM 1.1,ENGAGE-INDCi2030-1600f-COV-NDCp,High-CDR,2C,MESSAGEix,ENGAGE,R10REST_ASIA,60.882065
Full,MESSAGEix-GLOBIOM 1.1,ENGAGE-INDCi2030-1600f-NDCp,High-CDR,2C,MESSAGEix,ENGAGE,Aggregated R10 regions,462.141045
Full,MESSAGEix-GLOBIOM 1.1,ENGAGE-INDCi2030-1600f-NDCp,High-CDR,2C,MESSAGEix,ENGAGE,R10AFRICA,77.177395
Full,MESSAGEix-GLOBIOM 1.1,ENGAGE-INDCi2030-1600f-NDCp,High-CDR,2C,MESSAGEix,ENGAGE,R10CHINA+,79.6431
Full,MESSAGEix-GLOBIOM 1.1,ENGAGE-INDCi2030-1600f-NDCp,High-CDR,2C,MESSAGEix,ENGAGE,R10EUROPE,15.08462
Full,MESSAGEix-GLOBIOM 1.1,ENGAGE-INDCi2030-1600f-NDCp,High-CDR,2C,MESSAGEix,ENGAGE,R10INDIA+,128.79994
Full,MESSAGEix-GLOBIOM 1.1,ENGAGE-INDCi2030-1600f-NDCp,High-CDR,2C,MESSAGEix,ENGAGE,R10LATIN_AM,14.322185
Full,MESSAGEix-GLOBIOM 1.1,ENGAGE-INDCi2030-1600f-NDCp,High-CDR,2C,MESSAGEix,ENGAGE,R10MIDDLE_EAST,59.937175
Full,MESSAGEix-GLOBIOM 1.1,ENGAGE-INDCi2030-1600f-NDCp,High-CDR,2C,MESSAGEix,ENGAGE,R10NORTH_AM,6.81797
Full,MESSAGEix-GLOBIOM 1.1,ENGAGE-INDCi2030-1600f-NDCp,High-CDR,2C,MESSAGEix,ENGAGE,R10PAC_OECD,5.670485
Full,MESSAGEix-GLOBIOM 1.1,ENGAGE-INDCi2030-1600f-NDCp,High-CDR,2C,MESSAGEix,ENGAGE,R10REF_ECON,14.69135
Full,MESSAGEix-GLOBIOM 1.1,ENGAGE-INDCi2030-1600f-NDCp,High-CDR,2C,MESSAGEix,ENGAGE,R10REST_ASIA,59.996825
Full,MESSAGEix-GLOBIOM 1.1,ENGAGE-INDCi2030-1800,High-CDR,2C,MESSAGEix,ENGAGE,Aggregated R10 regions,469.79685
Full,MESSAGEix-GLOBIOM 1.1,ENGAGE-INDCi2030-1800,High-CDR,2C,MESSAGEix,ENGAGE,R10AFRICA,78.0761
Full,MESSAGEix-GLOBIOM 1.1,ENGAGE-INDCi2030-1800,High-CDR,2C,MESSAGEix,ENGAGE,R10CHINA+,81.252035
Full,MESSAGEix-GLOBIOM 1.1,ENGAGE-INDCi2030-1800,High-CDR,2C,MESSAGEix,ENGAGE,R10EUROPE,15.437625
Full,MESSAGEix-GLOBIOM 1.1,ENGAGE-INDCi2030-1800,High-CDR,2C,MESSAGEix,ENGAGE,R10INDIA+,132.40224
Full,MESSAGEix-GLOBIOM 1.1,ENGAGE-INDCi2030-1800,High-CDR,2C,MESSAGEix,ENGAGE,R10LATIN_AM,14.21547
Full,MESSAGEix-GLOBIOM 1.1,ENGAGE-INDCi2030-1800,High-CDR,2C,MESSAGEix,ENGAGE,R10MIDDLE_EAST,60.288335
Full,MESSAGEix-GLOBIOM 1.1,ENGAGE-INDCi2030-1800,High-CDR,2C,MESSAGEix,ENGAGE,R10NORTH_AM,6.75097
Full,MESSAGEix-GLOBIOM 1.1,ENGAGE-INDCi2030-1800,High-CDR,2C,MESSAGEix,ENGAGE,R10PAC_OECD,5.78554
Full,MESSAGEix-GLOBIOM 1.1,ENGAGE-INDCi2030-1800,High-CDR,2C,MESSAGEix,ENGAGE,R10REF_ECON,14.737120000000001
Full,MESSAGEix-GLOBIOM 1.1,ENGAGE-INDCi2030-1800,High-CDR,2C,MESSAGEix,ENGAGE,R10REST_ASIA,60.851415
Full,MESSAGEix-GLOBIOM 1.1,ENGAGE-INDCi2030-1800-COV,High-CDR,2C,MESSAGEix,ENGAGE,Aggregated R10 regions,474.18096
Full,MESSAGEix-GLOBIOM 1.1,ENGAGE-INDCi2030-1800-COV,High-CDR,2C,MESSAGEix,ENGAGE,R10AFRICA,78.24346
Full,MESSAGEix-GLOBIOM 1.1,ENGAGE-INDCi2030-1800-COV,High-CDR,2C,MESSAGEix,ENGAGE,R10CHINA+,80.81204
Full,MESSAGEix-GLOBIOM 1.1,ENGAGE-INDCi2030-1800-COV,High-CDR,2C,MESSAGEix,ENGAGE,R10EUROPE,15.633145
Full,MESSAGEix-GLOBIOM 1.1,ENGAGE-INDCi2030-1800-COV,High-CDR,2C,MESSAGEix,ENGAGE,R10INDIA+,136.02169
Full,MESSAGEix-GLOBIOM 1.1,ENGAGE-INDCi2030-1800-COV,High-CDR,2C,MESSAGEix,ENGAGE,R10LATIN_AM,14.308905
Full,MESSAGEix-GLOBIOM 1.1,ENGAGE-INDCi2030-1800-COV,High-CDR,2C,MESSAGEix,ENGAGE,R10MIDDLE_EAST,60.266465
Full,MESSAGEix-GLOBIOM 1.1,ENGAGE-INDCi2030-1800-COV,High-CDR,2C,MESSAGEix,ENGAGE,R10NORTH_AM,6.87759
Full,MESSAGEix-GLOBIOM 1.1,ENGAGE-INDCi2030-1800-COV,High-CDR,2C,MESSAGEix,ENGAGE,R10PAC_OECD,5.8103
Full,MESSAGEix-GLOBIOM 1.1,ENGAGE-INDCi2030-1800-COV,High-CDR,2C,MESSAGEix,ENGAGE,R10REF_ECON,14.72353
Full,MESSAGEix-GLOBIOM 1.1,ENGAGE-INDCi2030-1800-COV,High-CDR,2C,MESSAGEix,ENGAGE,R10REST_ASIA,61.483835
Full,MESSAGEix-GLOBIOM 1.1,ENGAGE-INDCi2030-1800-COV-NDCp,High-CDR,2C,MESSAGEix,ENGAGE,Aggregated R10 regions,474.780165
Full,MESSAGEix-GLOBIOM 1.1,ENGAGE-INDCi2030-1800-COV-NDCp,High-CDR,2C,MESSAGEix,ENGAGE,R10AFRICA,78.25755
Full,MESSAGEix-GLOBIOM 1.1,ENGAGE-INDCi2030-1800-COV-NDCp,High-CDR,2C,MESSAGEix,ENGAGE,R10CHINA+,80.50646
Full,MESSAGEix-GLOBIOM 1.1,ENGAGE-INDCi2030-1800-COV-NDCp,High-CDR,2C,MESSAGEix,ENGAGE,R10EUROPE,15.41121
Full,MESSAGEix-GLOBIOM 1.1,ENGAGE-INDCi2030-1800-COV-NDCp,High-CDR,2C,MESSAGEix,ENGAGE,R10INDIA+,136.89976
Full,MESSAGEix-GLOBIOM 1.1,ENGAGE-INDCi2030-1800-COV-NDCp,High-CDR,2C,MESSAGEix,ENGAGE,R10LATIN_AM,14.378065
Full,MESSAGEix-GLOBIOM 1.1,ENGAGE-INDCi2030-1800-COV-NDCp,High-CDR,2C,MESSAGEix,ENGAGE,R10MIDDLE_EAST,60.265435
Full,MESSAGEix-GLOBIOM 1.1,ENGAGE-INDCi2030-1800-COV-NDCp,High-CDR,2C,MESSAGEix,ENGAGE,R10NORTH_AM,6.84642
Full,MESSAGEix-GLOBIOM 1.1,ENGAGE-INDCi2030-1800-COV-NDCp,High-CDR,2C,MESSAGEix,ENGAGE,R10PAC_OECD,5.80498
Full,MESSAGEix-GLOBIOM 1.1,ENGAGE-INDCi2030-1800-COV-NDCp,High-CDR,2C,MESSAGEix,ENGAGE,R10REF_ECON,14.73108
Full,MESSAGEix-GLOBIOM 1.1,ENGAGE-INDCi2030-1800-COV-NDCp,High-CDR,2C,MESSAGEix,ENGAGE,R10REST_ASIA,61.679205
Full,MESSAGEix-GLOBIOM 1.1,ENGAGE-INDCi2030-1800-NDCp,High-CDR,2C,MESSAGEix,ENGAGE,Aggregated R10 regions,469.60515
Full,MESSAGEix-GLOBIOM 1.1,ENGAGE-INDCi2030-1800-NDCp,High-CDR,2C,MESSAGEix,ENGAGE,R10AFRICA,78.03775
Full,MESSAGEix-GLOBIOM 1.1,ENGAGE-INDCi2030-1800-NDCp,High-CDR,2C,MESSAGEix,ENGAGE,R10CHINA+,80.941435
Full,MESSAGEix-GLOBIOM 1.1,ENGAGE-INDCi2030-1800-NDCp,High-CDR,2C,MESSAGEix,ENGAGE,R10EUROPE,15.254375
Full,MESSAGEix-GLOBIOM 1.1,ENGAGE-INDCi2030-1800-NDCp,High-CDR,2C,MESSAGEix,ENGAGE,R10INDIA+,132.46923
Full,MESSAGEix-GLOBIOM 1.1,ENGAGE-INDCi2030-1800-NDCp,High-CDR,2C,MESSAGEix,ENGAGE,R10LATIN_AM,14.40455
Full,MESSAGEix-GLOBIOM 1.1,ENGAGE-INDCi2030-1800-NDCp,High-CDR,2C,MESSAGEix,ENGAGE,R10MIDDLE_EAST,60.300525
Full,MESSAGEix-GLOBIOM 1.1,ENGAGE-INDCi2030-1800-NDCp,High-CDR,2C,MESSAGEix,ENGAGE,R10NORTH_AM,6.75097
Full,MESSAGEix-GLOBIOM 1.1,ENGAGE-INDCi2030-1800-NDCp,High-CDR,2C,MESSAGEix,ENGAGE,R10PAC_OECD,5.78554
Full,MESSAGEix-GLOBIOM 1.1,ENGAGE-INDCi2030-1800-NDCp,High-CDR,2C,MESSAGEix,ENGAGE,R10REF_ECON,14.74203
Full,MESSAGEix-GLOBIOM 1.1,ENGAGE-INDCi2030-1800-NDCp,High-CDR,2C,MESSAGEix,ENGAGE,R10REST_ASIA,60.918745
Full,MESSAGEix-GLOBIOM 1.1,ENGAGE-INDCi2030-1800f,High-CDR,2C,MESSAGEix,ENGAGE,Aggregated R10 regions,469.295245
Full,MESSAGEix-GLOBIOM 1.1,ENGAGE-INDCi2030-1800f,High-CDR,2C,MESSAGEix,ENGAGE,R10AFRICA,77.96459
Full,MESSAGEix-GLOBIOM 1.1,ENGAGE-INDCi2030-1800f,High-CDR,2C,MESSAGEix,ENGAGE,R10CHINA+,81.5609
Full,MESSAGEix-GLOBIOM 1.1,ENGAGE-INDCi2030-1800f,High-CDR,2C,MESSAGEix,ENGAGE,R10EUROPE,15.382605
Full,MESSAGEix-GLOBIOM 1.1,ENGAGE-INDCi2030-1800f,High-CDR,2C,MESSAGEix,ENGAGE,R10INDIA+,131.85345
Full,MESSAGEix-GLOBIOM 1.1,ENGAGE-INDCi2030-1800f,High-CDR,2C,MESSAGEix,ENGAGE,R10LATIN_AM,14.18784
Full,MESSAGEix-GLOBIOM 1.1,ENGAGE-INDCi2030-1800f,High-CDR,2C,MESSAGEix,ENGAGE,R10MIDDLE_EAST,60.2928
Full,MESSAGEix-GLOBIOM 1.1,ENGAGE-INDCi2030-1800f,High-CDR,2C,MESSAGEix,ENGAGE,R10NORTH_AM,6.76854
Full,MESSAGEix-GLOBIOM 1.1,ENGAGE-INDCi2030-1800f,High-CDR,2C,MESSAGEix,ENGAGE,R10PAC_OECD,5.742555
Full,MESSAGEix-GLOBIOM 1.1,ENGAGE-INDCi2030-1800f,High-CDR,2C,MESSAGEix,ENGAGE,R10REF_ECON,14.76892
Full,MESSAGEix-GLOBIOM 1.1,ENGAGE-INDCi2030-1800f,High-CDR,2C,MESSAGEix,ENGAGE,R10REST_ASIA,60.773045
Full,MESSAGEix-GLOBIOM 1.1,ENGAGE-INDCi2030-1800f-COV,High-CDR,2C,MESSAGEix,ENGAGE,Aggregated R10 regions,473.670185
Full,MESSAGEix-GLOBIOM 1.1,ENGAGE-INDCi2030-1800f-COV,High-CDR,2C,MESSAGEix,ENGAGE,R10AFRICA,78.21244
Full,MESSAGEix-GLOBIOM 1.1,ENGAGE-INDCi2030-1800f-COV,High-CDR,2C,MESSAGEix,ENGAGE,R10CHINA+,80.85475
Full,MESSAGEix-GLOBIOM 1.1,ENGAGE-INDCi2030-1800f-COV,High-CDR,2C,MESSAGEix,ENGAGE,R10EUROPE,15.65235
Full,MESSAGEix-GLOBIOM 1.1,ENGAGE-INDCi2030-1800f-COV,High-CDR,2C,MESSAGEix,ENGAGE,R10INDIA+,135.59823
Full,MESSAGEix-GLOBIOM 1.1,ENGAGE-INDCi2030-1800f-COV,High-CDR,2C,MESSAGEix,ENGAGE,R10LATIN_AM,14.299895
Full,MESSAGEix-GLOBIOM 1.1,ENGAGE-INDCi2030-1800f-COV,High-CDR,2C,MESSAGEix,ENGAGE,R10MIDDLE_EAST,60.22877
Full,MESSAGEix-GLOBIOM 1.1,ENGAGE-INDCi2030-1800f-COV,High-CDR,2C,MESSAGEix,ENGAGE,R10NORTH_AM,6.93582
Full,MESSAGEix-GLOBIOM 1.1,ENGAGE-INDCi2030-1800f-COV,High-CDR,2C,MESSAGEix,ENGAGE,R10PAC_OECD,5.77452
Full,MESSAGEix-GLOBIOM 1.1,ENGAGE-INDCi2030-1800f-COV,High-CDR,2C,MESSAGEix,ENGAGE,R10REF_ECON,14.72805
Full,MESSAGEix-GLOBIOM 1.1,ENGAGE-INDCi2030-1800f-COV,High-CDR,2C,MESSAGEix,ENGAGE,R10REST_ASIA,61.38536
Full,MESSAGEix-GLOBIOM 1.1,ENGAGE-INDCi2030-1800f-COV-NDCp,High-CDR,2C,MESSAGEix,ENGAGE,Aggregated R10 regions,473.902935
Full,MESSAGEix-GLOBIOM 1.1,ENGAGE-INDCi2030-1800f-COV-NDCp,High-CDR,2C,MESSAGEix,ENGAGE,R10AFRICA,78.21244
Full,MESSAGEix-GLOBIOM 1.1,ENGAGE-INDCi2030-1800f-COV-NDCp,High-CDR,2C,MESSAGEix,ENGAGE,R10CHINA+,80.47696
Full,MESSAGEix-GLOBIOM 1.1,ENGAGE-INDCi2030-1800f-COV-NDCp,High-CDR,2C,MESSAGEix,ENGAGE,R10EUROPE,15.45299
Full,MESSAGEix-GLOBIOM 1.1,ENGAGE-INDCi2030-1800f-COV-NDCp,High-CDR,2C,MESSAGEix,ENGAGE,R10INDIA+,136.24615
Full,MESSAGEix-GLOBIOM 1.1,ENGAGE-INDCi2030-1800f-COV-NDCp,High-CDR,2C,MESSAGEix,ENGAGE,R10LATIN_AM,14.369055
Full,MESSAGEix-GLOBIOM 1.1,ENGAGE-INDCi2030-1800f-COV-NDCp,High-CDR,2C,MESSAGEix,ENGAGE,R10MIDDLE_EAST,60.20909
Full,MESSAGEix-GLOBIOM 1.1,ENGAGE-INDCi2030-1800f-COV-NDCp,High-CDR,2C,MESSAGEix,ENGAGE,R10NORTH_AM,6.93759
Full,MESSAGEix-GLOBIOM 1.1,ENGAGE-INDCi2030-1800f-COV-NDCp,High-CDR,2C,MESSAGEix,ENGAGE,R10PAC_OECD,5.77452
Full,MESSAGEix-GLOBIOM 1.1,ENGAGE-INDCi2030-1800f-COV-NDCp,High-CDR,2C,MESSAGEix,ENGAGE,R10REF_ECON,14.73043
Full,MESSAGEix-GLOBIOM 1.1,ENGAGE-INDCi2030-1800f-COV-NDCp,High-CDR,2C,MESSAGEix,ENGAGE,R10REST_ASIA,61.49371
Full,MESSAGEix-GLOBIOM 1.1,ENGAGE-INDCi2030-1800f-NDCp,High-CDR,2C,MESSAGEix,ENGAGE,Aggregated R10 regions,468.98674
Full,MESSAGEix-GLOBIOM 1.1,ENGAGE-INDCi2030-1800f-NDCp,High-CDR,2C,MESSAGEix,ENGAGE,R10AFRICA,77.9529
Full,MESSAGEix-GLOBIOM 1.1,ENGAGE-INDCi2030-1800f-NDCp,High-CDR,2C,MESSAGEix,ENGAGE,R10CHINA+,81.31113
Full,MESSAGEix-GLOBIOM 1.1,ENGAGE-INDCi2030-1800f-NDCp,High-CDR,2C,MESSAGEix,ENGAGE,R10EUROPE,15.192585
Full,MESSAGEix-GLOBIOM 1.1,ENGAGE-INDCi2030-1800f-NDCp,High-CDR,2C,MESSAGEix,ENGAGE,R10INDIA+,131.78802
Full,MESSAGEix-GLOBIOM 1.1,ENGAGE-INDCi2030-1800f-NDCp,High-CDR,2C,MESSAGEix,ENGAGE,R10LATIN_AM,14.415685
Full,MESSAGEix-GLOBIOM 1.1,ENGAGE-INDCi2030-1800f-NDCp,High-CDR,2C,MESSAGEix,ENGAGE,R10MIDDLE_EAST,60.27783
Full,MESSAGEix-GLOBIOM 1.1,ENGAGE-INDCi2030-1800f-NDCp,High-CDR,2C,MESSAGEix,ENGAGE,R10NORTH_AM,6.76854
Full,MESSAGEix-GLOBIOM 1.1,ENGAGE-INDCi2030-1800f-NDCp,High-CDR,2C,MESSAGEix,ENGAGE,R10PAC_OECD,5.737055
Full,MESSAGEix-GLOBIOM 1.1,ENGAGE-INDCi2030-1800f-NDCp,High-CDR,2C,MESSAGEix,ENGAGE,R10REF_ECON,14.77117
Full,MESSAGEix-GLOBIOM 1.1,ENGAGE-INDCi2030-1800f-NDCp,High-CDR,2C,MESSAGEix,ENGAGE,R10REST_ASIA,60.771825
Full,MESSAGEix-GLOBIOM 1.1,ENGAGE-INDCi2030-2000,High-CDR,2C,MESSAGEix,ENGAGE,Aggregated R10 regions,475.061975
Full,MESSAGEix-GLOBIOM 1.1,ENGAGE-INDCi2030-2000,High-CDR,2C,MESSAGEix,ENGAGE,R10AFRICA,78.43378
Full,MESSAGEix-GLOBIOM 1.1,ENGAGE-INDCi2030-2000,High-CDR,2C,MESSAGEix,ENGAGE,R10CHINA+,82.40307
Full,MESSAGEix-GLOBIOM 1.1,ENGAGE-INDCi2030-2000,High-CDR,2C,MESSAGEix,ENGAGE,R10EUROPE,15.52597
Full,MESSAGEix-GLOBIOM 1.1,ENGAGE-INDCi2030-2000,High-CDR,2C,MESSAGEix,ENGAGE,R10INDIA+,135.07258
Full,MESSAGEix-GLOBIOM 1.1,ENGAGE-INDCi2030-2000,High-CDR,2C,MESSAGEix,ENGAGE,R10LATIN_AM,14.28291
Full,MESSAGEix-GLOBIOM 1.1,ENGAGE-INDCi2030-2000,High-CDR,2C,MESSAGEix,ENGAGE,R10MIDDLE_EAST,60.439155
Full,MESSAGEix-GLOBIOM 1.1,ENGAGE-INDCi2030-2000,High-CDR,2C,MESSAGEix,ENGAGE,R10NORTH_AM,6.73662
Full,MESSAGEix-GLOBIOM 1.1,ENGAGE-INDCi2030-2000,High-CDR,2C,MESSAGEix,ENGAGE,R10PAC_OECD,5.91756
Full,MESSAGEix-GLOBIOM 1.1,ENGAGE-INDCi2030-2000,High-CDR,2C,MESSAGEix,ENGAGE,R10REF_ECON,14.803475
Full,MESSAGEix-GLOBIOM 1.1,ENGAGE-INDCi2030-2000,High-CDR,2C,MESSAGEix,ENGAGE,R10REST_ASIA,61.446855
Full,MESSAGEix-GLOBIOM 1.1,ENGAGE-INDCi2030-2000-COV,High-CDR,2C,MESSAGEix,ENGAGE,Aggregated R10 regions,480.189585
Full,MESSAGEix-GLOBIOM 1.1,ENGAGE-INDCi2030-2000-COV,High-CDR,2C,MESSAGEix,ENGAGE,R10AFRICA,78.764705
Full,MESSAGEix-GLOBIOM 1.1,ENGAGE-INDCi2030-2000-COV,High-CDR,2C,MESSAGEix,ENGAGE,R10CHINA+,81.755425
Full,MESSAGEix-GLOBIOM 1.1,ENGAGE-INDCi2030-2000-COV,High-CDR,2C,MESSAGEix,ENGAGE,R10EUROPE,15.85806
Full,MESSAGEix-GLOBIOM 1.1,ENGAGE-INDCi2030-2000-COV,High-CDR,2C,MESSAGEix,ENGAGE,R10INDIA+,139.206795
Full,MESSAGEix-GLOBIOM 1.1,ENGAGE-INDCi2030-2000-COV,High-CDR,2C,MESSAGEix,ENGAGE,R10LATIN_AM,14.41842
Full,MESSAGEix-GLOBIOM 1.1,ENGAGE-INDCi2030-2000-COV,High-CDR,2C,MESSAGEix,ENGAGE,R10MIDDLE_EAST,60.349865
Full,MESSAGEix-GLOBIOM 1.1,ENGAGE-INDCi2030-2000-COV,High-CDR,2C,MESSAGEix,ENGAGE,R10NORTH_AM,6.90231
Full,MESSAGEix-GLOBIOM 1.1,ENGAGE-INDCi2030-2000-COV,High-CDR,2C,MESSAGEix,ENGAGE,R10PAC_OECD,5.937435
Full,MESSAGEix-GLOBIOM 1.1,ENGAGE-INDCi2030-2000-COV,High-CDR,2C,MESSAGEix,ENGAGE,R10REF_ECON,14.769635
Full,MESSAGEix-GLOBIOM 1.1,ENGAGE-INDCi2030-2000-COV,High-CDR,2C,MESSAGEix,ENGAGE,R10REST_ASIA,62.226935
Full,MESSAGEix-GLOBIOM 1.1,ENGAGE-INDCi2030-2000-COV-NDCp,High-CDR,2C,MESSAGEix,ENGAGE,Aggregated R10 regions,480.76165
Full,MESSAGEix-GLOBIOM 1.1,ENGAGE-INDCi2030-2000-COV-NDCp,High-CDR,2C,MESSAGEix,ENGAGE,R10AFRICA,78.788065
Full,MESSAGEix-GLOBIOM 1.1,ENGAGE-INDCi2030-2000-COV-NDCp,High-CDR,2C,MESSAGEix,ENGAGE,R10CHINA+,81.409795
Full,MESSAGEix-GLOBIOM 1.1,ENGAGE-INDCi2030-2000-COV-NDCp,High-CDR,2C,MESSAGEix,ENGAGE,R10EUROPE,15.65498
Full,MESSAGEix-GLOBIOM 1.1,ENGAGE-INDCi2030-2000-COV-NDCp,High-CDR,2C,MESSAGEix,ENGAGE,R10INDIA+,140.083195
Full,MESSAGEix-GLOBIOM 1.1,ENGAGE-INDCi2030-2000-COV-NDCp,High-CDR,2C,MESSAGEix,ENGAGE,R10LATIN_AM,14.49007
Full,MESSAGEix-GLOBIOM 1.1,ENGAGE-INDCi2030-2000-COV-NDCp,High-CDR,2C,MESSAGEix,ENGAGE,R10MIDDLE_EAST,60.341455
Full,MESSAGEix-GLOBIOM 1.1,ENGAGE-INDCi2030-2000-COV-NDCp,High-CDR,2C,MESSAGEix,ENGAGE,R10NORTH_AM,6.897325
Full,MESSAGEix-GLOBIOM 1.1,ENGAGE-INDCi2030-2000-COV-NDCp,High-CDR,2C,MESSAGEix,ENGAGE,R10PAC_OECD,5.910615
Full,MESSAGEix-GLOBIOM 1.1,ENGAGE-INDCi2030-2000-COV-NDCp,High-CDR,2C,MESSAGEix,ENGAGE,R10REF_ECON,14.778005
Full,MESSAGEix-GLOBIOM 1.1,ENGAGE-INDCi2030-2000-COV-NDCp,High-CDR,2C,MESSAGEix,ENGAGE,R10REST_ASIA,62.408145
Full,MESSAGEix-GLOBIOM 1.1,ENGAGE-INDCi2030-2000-NDCp,High-CDR,2C,MESSAGEix,ENGAGE,Aggregated R10 regions,474.35122
Full,MESSAGEix-GLOBIOM 1.1,ENGAGE-INDCi2030-2000-NDCp,High-CDR,2C,MESSAGEix,ENGAGE,R10AFRICA,78.40605
Full,MESSAGEix-GLOBIOM 1.1,ENGAGE-INDCi2030-2000-NDCp,High-CDR,2C,MESSAGEix,ENGAGE,R10CHINA+,82.08963
Full,MESSAGEix-GLOBIOM 1.1,ENGAGE-INDCi2030-2000-NDCp,High-CDR,2C,MESSAGEix,ENGAGE,R10EUROPE,15.35064
Full,MESSAGEix-GLOBIOM 1.1,ENGAGE-INDCi2030-2000-NDCp,High-CDR,2C,MESSAGEix,ENGAGE,R10INDIA+,134.73309
Full,MESSAGEix-GLOBIOM 1.1,ENGAGE-INDCi2030-2000-NDCp,High-CDR,2C,MESSAGEix,ENGAGE,R10LATIN_AM,14.48733
Full,MESSAGEix-GLOBIOM 1.1,ENGAGE-INDCi2030-2000-NDCp,High-CDR,2C,MESSAGEix,ENGAGE,R10MIDDLE_EAST,60.422475
Full,MESSAGEix-GLOBIOM 1.1,ENGAGE-INDCi2030-2000-NDCp,High-CDR,2C,MESSAGEix,ENGAGE,R10NORTH_AM,6.73662
Full,MESSAGEix-GLOBIOM 1.1,ENGAGE-INDCi2030-2000-NDCp,High-CDR,2C,MESSAGEix,ENGAGE,R10PAC_OECD,5.914855
Full,MESSAGEix-GLOBIOM 1.1,ENGAGE-INDCi2030-2000-NDCp,High-CDR,2C,MESSAGEix,ENGAGE,R10REF_ECON,14.803475
Full,MESSAGEix-GLOBIOM 1.1,ENGAGE-INDCi2030-2000-NDCp,High-CDR,2C,MESSAGEix,ENGAGE,R10REST_ASIA,61.407055
Full,MESSAGEix-GLOBIOM 1.1,ENGAGE-INDCi2030-2000f,High-CDR,2C,MESSAGEix,ENGAGE,Aggregated R10 regions,474.70894
Full,MESSAGEix-GLOBIOM 1.1,ENGAGE-INDCi2030-2000f,High-CDR,2C,MESSAGEix,ENGAGE,R10AFRICA,78.396685
Full,MESSAGEix-GLOBIOM 1.1,ENGAGE-INDCi2030-2000f,High-CDR,2C,MESSAGEix,ENGAGE,R10CHINA+,82.24238
Full,MESSAGEix-GLOBIOM 1.1,ENGAGE-INDCi2030-2000f,High-CDR,2C,MESSAGEix,ENGAGE,R10EUROPE,15.531945
Full,MESSAGEix-GLOBIOM 1.1,ENGAGE-INDCi2030-2000f,High-CDR,2C,MESSAGEix,ENGAGE,R10INDIA+,134.97547
Full,MESSAGEix-GLOBIOM 1.1,ENGAGE-INDCi2030-2000f,High-CDR,2C,MESSAGEix,ENGAGE,R10LATIN_AM,14.278105
Full,MESSAGEix-GLOBIOM 1.1,ENGAGE-INDCi2030-2000f,High-CDR,2C,MESSAGEix,ENGAGE,R10MIDDLE_EAST,60.456515
Full,MESSAGEix-GLOBIOM 1.1,ENGAGE-INDCi2030-2000f,High-CDR,2C,MESSAGEix,ENGAGE,R10NORTH_AM,6.75417
Full,MESSAGEix-GLOBIOM 1.1,ENGAGE-INDCi2030-2000f,High-CDR,2C,MESSAGEix,ENGAGE,R10PAC_OECD,5.809085
Full,MESSAGEix-GLOBIOM 1.1,ENGAGE-INDCi2030-2000f,High-CDR,2C,MESSAGEix,ENGAGE,R10REF_ECON,14.83776
Full,MESSAGEix-GLOBIOM 1.1,ENGAGE-INDCi2030-2000f,High-CDR,2C,MESSAGEix,ENGAGE,R10REST_ASIA,61.426825
Full,MESSAGEix-GLOBIOM 1.1,ENGAGE-INDCi2030-800f,High-RE,2C,MESSAGEix,ENGAGE,Aggregated R10 regions,435.543815
Full,MESSAGEix-GLOBIOM 1.1,ENGAGE-INDCi2030-800f,High-RE,2C,MESSAGEix,ENGAGE,R10AFRICA,75.192235
Full,MESSAGEix-GLOBIOM 1.1,ENGAGE-INDCi2030-800f,High-RE,2C,MESSAGEix,ENGAGE,R10CHINA+,76.35021
Full,MESSAGEix-GLOBIOM 1.1,ENGAGE-INDCi2030-800f,High-RE,2C,MESSAGEix,ENGAGE,R10EUROPE,14.232335
Full,MESSAGEix-GLOBIOM 1.1,ENGAGE-INDCi2030-800f,High-RE,2C,MESSAGEix,ENGAGE,R10INDIA+,115.865865
Full,MESSAGEix-GLOBIOM 1.1,ENGAGE-INDCi2030-800f,High-RE,2C,MESSAGEix,ENGAGE,R10LATIN_AM,13.901315
Full,MESSAGEix-GLOBIOM 1.1,ENGAGE-INDCi2030-800f,High-RE,2C,MESSAGEix,ENGAGE,R10MIDDLE_EAST,55.78266
Full,MESSAGEix-GLOBIOM 1.1,ENGAGE-INDCi2030-800f,High-RE,2C,MESSAGEix,ENGAGE,R10NORTH_AM,6.606575
Full,MESSAGEix-GLOBIOM 1.1,ENGAGE-INDCi2030-800f,High-RE,2C,MESSAGEix,ENGAGE,R10PAC_OECD,5.37218
Full,MESSAGEix-GLOBIOM 1.1,ENGAGE-INDCi2030-800f,High-RE,2C,MESSAGEix,ENGAGE,R10REF_ECON,14.8819
Full,MESSAGEix-GLOBIOM 1.1,ENGAGE-INDCi2030-800f,High-RE,2C,MESSAGEix,ENGAGE,R10REST_ASIA,57.35854
Full,MESSAGEix-GLOBIOM 1.1,ENGAGE-INDCi2030-800f-COV,High-RE,2C,MESSAGEix,ENGAGE,Aggregated R10 regions,438.881085
Full,MESSAGEix-GLOBIOM 1.1,ENGAGE-INDCi2030-800f-COV,High-RE,2C,MESSAGEix,ENGAGE,R10AFRICA,75.28466
Full,MESSAGEix-GLOBIOM 1.1,ENGAGE-INDCi2030-800f-COV,High-RE,2C,MESSAGEix,ENGAGE,R10CHINA+,75.474725
Full,MESSAGEix-GLOBIOM 1.1,ENGAGE-INDCi2030-800f-COV,High-RE,2C,MESSAGEix,ENGAGE,R10EUROPE,14.449995
Full,MESSAGEix-GLOBIOM 1.1,ENGAGE-INDCi2030-800f-COV,High-RE,2C,MESSAGEix,ENGAGE,R10INDIA+,118.33249
Full,MESSAGEix-GLOBIOM 1.1,ENGAGE-INDCi2030-800f-COV,High-RE,2C,MESSAGEix,ENGAGE,R10LATIN_AM,14.023155
Full,MESSAGEix-GLOBIOM 1.1,ENGAGE-INDCi2030-800f-COV,High-RE,2C,MESSAGEix,ENGAGE,R10MIDDLE_EAST,56.891255
Full,MESSAGEix-GLOBIOM 1.1,ENGAGE-INDCi2030-800f-COV,High-RE,2C,MESSAGEix,ENGAGE,R10NORTH_AM,6.745545
Full,MESSAGEix-GLOBIOM 1.1,ENGAGE-INDCi2030-800f-COV,High-RE,2C,MESSAGEix,ENGAGE,R10PAC_OECD,5.39602
Full,MESSAGEix-GLOBIOM 1.1,ENGAGE-INDCi2030-800f-COV,High-RE,2C,MESSAGEix,ENGAGE,R10REF_ECON,14.561645
Full,MESSAGEix-GLOBIOM 1.1,ENGAGE-INDCi2030-800f-COV,High-RE,2C,MESSAGEix,ENGAGE,R10REST_ASIA,57.721595
Full,MESSAGEix-GLOBIOM 1.1,ENGAGE-INDCi2030-800f-COV-NDCp,High-RE,2C,MESSAGEix,ENGAGE,Aggregated R10 regions,438.721315
Full,MESSAGEix-GLOBIOM 1.1,ENGAGE-INDCi2030-800f-COV-NDCp,High-RE,2C,MESSAGEix,ENGAGE,R10AFRICA,75.25087
Full,MESSAGEix-GLOBIOM 1.1,ENGAGE-INDCi2030-800f-COV-NDCp,High-RE,2C,MESSAGEix,ENGAGE,R10CHINA+,75.09404
Full,MESSAGEix-GLOBIOM 1.1,ENGAGE-INDCi2030-800f-COV-NDCp,High-RE,2C,MESSAGEix,ENGAGE,R10EUROPE,14.240785
Full,MESSAGEix-GLOBIOM 1.1,ENGAGE-INDCi2030-800f-COV-NDCp,High-RE,2C,MESSAGEix,ENGAGE,R10INDIA+,118.57975
Full,MESSAGEix-GLOBIOM 1.1,ENGAGE-INDCi2030-800f-COV-NDCp,High-RE,2C,MESSAGEix,ENGAGE,R10LATIN_AM,14.081305
Full,MESSAGEix-GLOBIOM 1.1,ENGAGE-INDCi2030-800f-COV-NDCp,High-RE,2C,MESSAGEix,ENGAGE,R10MIDDLE_EAST,56.894375
Full,MESSAGEix-GLOBIOM 1.1,ENGAGE-INDCi2030-800f-COV-NDCp,High-RE,2C,MESSAGEix,ENGAGE,R10NORTH_AM,6.720575
Full,MESSAGEix-GLOBIOM 1.1,ENGAGE-INDCi2030-800f-COV-NDCp,High-RE,2C,MESSAGEix,ENGAGE,R10PAC_OECD,5.40159
Full,MESSAGEix-GLOBIOM 1.1,ENGAGE-INDCi2030-800f-COV-NDCp,High-RE,2C,MESSAGEix,ENGAGE,R10REF_ECON,14.64907
Full,MESSAGEix-GLOBIOM 1.1,ENGAGE-INDCi2030-800f-COV-NDCp,High-RE,2C,MESSAGEix,ENGAGE,R10REST_ASIA,57.808955
Full,MESSAGEix-GLOBIOM 1.1,ENGAGE-INDCi2030-800f-NDCp,High-RE,2C,MESSAGEix,ENGAGE,Aggregated R10 regions,435.58103
Full,MESSAGEix-GLOBIOM 1.1,ENGAGE-INDCi2030-800f-NDCp,High-RE,2C,MESSAGEix,ENGAGE,R10AFRICA,75.189545
Full,MESSAGEix-GLOBIOM 1.1,ENGAGE-INDCi2030-800f-NDCp,High-RE,2C,MESSAGEix,ENGAGE,R10CHINA+,76.10997
Full,MESSAGEix-GLOBIOM 1.1,ENGAGE-INDCi2030-800f-NDCp,High-RE,2C,MESSAGEix,ENGAGE,R10EUROPE,14.08578
Full,MESSAGEix-GLOBIOM 1.1,ENGAGE-INDCi2030-800f-NDCp,High-RE,2C,MESSAGEix,ENGAGE,R10INDIA+,116.025305
Full,MESSAGEix-GLOBIOM 1.1,ENGAGE-INDCi2030-800f-NDCp,High-RE,2C,MESSAGEix,ENGAGE,R10LATIN_AM,14.101665
Full,MESSAGEix-GLOBIOM 1.1,ENGAGE-INDCi2030-800f-NDCp,High-RE,2C,MESSAGEix,ENGAGE,R10MIDDLE_EAST,55.80643
Full,MESSAGEix-GLOBIOM 1.1,ENGAGE-INDCi2030-800f-NDCp,High-RE,2C,MESSAGEix,ENGAGE,R10NORTH_AM,6.625725
Full,MESSAGEix-GLOBIOM 1.1,ENGAGE-INDCi2030-800f-NDCp,High-RE,2C,MESSAGEix,ENGAGE,R10PAC_OECD,5.38347
Full,MESSAGEix-GLOBIOM 1.1,ENGAGE-INDCi2030-800f-NDCp,High-RE,2C,MESSAGEix,ENGAGE,R10REF_ECON,14.85507
Full,MESSAGEix-GLOBIOM 1.1,ENGAGE-INDCi2030-800f-NDCp,High-RE,2C,MESSAGEix,ENGAGE,R10REST_ASIA,57.39807
Full,MESSAGEix-GLOBIOM 1.1,ENGAGE-INDCi2030-900f,High-RE,2C,MESSAGEix,ENGAGE,Aggregated R10 regions,439.535495
Full,MESSAGEix-GLOBIOM 1.1,ENGAGE-INDCi2030-900f,High-RE,2C,MESSAGEix,ENGAGE,R10AFRICA,75.565035
Full,MESSAGEix-GLOBIOM 1.1,ENGAGE-INDCi2030-900f,High-RE,2C,MESSAGEix,ENGAGE,R10CHINA+,76.70187
Full,MESSAGEix-GLOBIOM 1.1,ENGAGE-INDCi2030-900f,High-RE,2C,MESSAGEix,ENGAGE,R10EUROPE,14.395845
Full,MESSAGEix-GLOBIOM 1.1,ENGAGE-INDCi2030-900f,High-RE,2C,MESSAGEix,ENGAGE,R10INDIA+,117.406525
Full,MESSAGEix-GLOBIOM 1.1,ENGAGE-INDCi2030-900f,High-RE,2C,MESSAGEix,ENGAGE,R10LATIN_AM,13.930295
Full,MESSAGEix-GLOBIOM 1.1,ENGAGE-INDCi2030-900f,High-RE,2C,MESSAGEix,ENGAGE,R10MIDDLE_EAST,57.193565
Full,MESSAGEix-GLOBIOM 1.1,ENGAGE-INDCi2030-900f,High-RE,2C,MESSAGEix,ENGAGE,R10NORTH_AM,6.604655
Full,MESSAGEix-GLOBIOM 1.1,ENGAGE-INDCi2030-900f,High-RE,2C,MESSAGEix,ENGAGE,R10PAC_OECD,5.42446
Full,MESSAGEix-GLOBIOM 1.1,ENGAGE-INDCi2030-900f,High-RE,2C,MESSAGEix,ENGAGE,R10REF_ECON,14.69471
Full,MESSAGEix-GLOBIOM 1.1,ENGAGE-INDCi2030-900f,High-RE,2C,MESSAGEix,ENGAGE,R10REST_ASIA,57.618535
Full,MESSAGEix-GLOBIOM 1.1,ENGAGE-INDCi2030-900f-COV,High-RE,2C,MESSAGEix,ENGAGE,Aggregated R10 regions,442.971655
Full,MESSAGEix-GLOBIOM 1.1,ENGAGE-INDCi2030-900f-COV,High-RE,2C,MESSAGEix,ENGAGE,R10AFRICA,75.729155
Full,MESSAGEix-GLOBIOM 1.1,ENGAGE-INDCi2030-900f-COV,High-RE,2C,MESSAGEix,ENGAGE,R10CHINA+,75.71027
Full,MESSAGEix-GLOBIOM 1.1,ENGAGE-INDCi2030-900f-COV,High-RE,2C,MESSAGEix,ENGAGE,R10EUROPE,14.594245
Full,MESSAGEix-GLOBIOM 1.1,ENGAGE-INDCi2030-900f-COV,High-RE,2C,MESSAGEix,ENGAGE,R10INDIA+,120.172715
Full,MESSAGEix-GLOBIOM 1.1,ENGAGE-INDCi2030-900f-COV,High-RE,2C,MESSAGEix,ENGAGE,R10LATIN_AM,14.028055
Full,MESSAGEix-GLOBIOM 1.1,ENGAGE-INDCi2030-900f-COV,High-RE,2C,MESSAGEix,ENGAGE,R10MIDDLE_EAST,58.003275
Full,MESSAGEix-GLOBIOM 1.1,ENGAGE-INDCi2030-900f-COV,High-RE,2C,MESSAGEix,ENGAGE,R10NORTH_AM,6.783815
Full,MESSAGEix-GLOBIOM 1.1,ENGAGE-INDCi2030-900f-COV,High-RE,2C,MESSAGEix,ENGAGE,R10PAC_OECD,5.41948
Full,MESSAGEix-GLOBIOM 1.1,ENGAGE-INDCi2030-900f-COV,High-RE,2C,MESSAGEix,ENGAGE,R10REF_ECON,14.52862
Full,MESSAGEix-GLOBIOM 1.1,ENGAGE-INDCi2030-900f-COV,High-RE,2C,MESSAGEix,ENGAGE,R10REST_ASIA,58.002025
Full,MESSAGEix-GLOBIOM 1.1,ENGAGE-INDCi2030-900f-COV-NDCp,High-RE,2C,MESSAGEix,ENGAGE,Aggregated R10 regions,442.941625
Full,MESSAGEix-GLOBIOM 1.1,ENGAGE-INDCi2030-900f-COV-NDCp,High-RE,2C,MESSAGEix,ENGAGE,R10AFRICA,75.721505
Full,MESSAGEix-GLOBIOM 1.1,ENGAGE-INDCi2030-900f-COV-NDCp,High-RE,2C,MESSAGEix,ENGAGE,R10CHINA+,75.294395
Full,MESSAGEix-GLOBIOM 1.1,ENGAGE-INDCi2030-900f-COV-NDCp,High-RE,2C,MESSAGEix,ENGAGE,R10EUROPE,14.405944999999999
Full,MESSAGEix-GLOBIOM 1.1,ENGAGE-INDCi2030-900f-COV-NDCp,High-RE,2C,MESSAGEix,ENGAGE,R10INDIA+,120.554515
Full,MESSAGEix-GLOBIOM 1.1,ENGAGE-INDCi2030-900f-COV-NDCp,High-RE,2C,MESSAGEix,ENGAGE,R10LATIN_AM,14.090905
Full,MESSAGEix-GLOBIOM 1.1,ENGAGE-INDCi2030-900f-COV-NDCp,High-RE,2C,MESSAGEix,ENGAGE,R10MIDDLE_EAST,58.011635
Full,MESSAGEix-GLOBIOM 1.1,ENGAGE-INDCi2030-900f-COV-NDCp,High-RE,2C,MESSAGEix,ENGAGE,R10NORTH_AM,6.78568
Full,MESSAGEix-GLOBIOM 1.1,ENGAGE-INDCi2030-900f-COV-NDCp,High-RE,2C,MESSAGEix,ENGAGE,R10PAC_OECD,5.44051
Full,MESSAGEix-GLOBIOM 1.1,ENGAGE-INDCi2030-900f-COV-NDCp,High-RE,2C,MESSAGEix,ENGAGE,R10REF_ECON,14.57715
Full,MESSAGEix-GLOBIOM 1.1,ENGAGE-INDCi2030-900f-COV-NDCp,High-RE,2C,MESSAGEix,ENGAGE,R10REST_ASIA,58.059385
Full,MESSAGEix-GLOBIOM 1.1,ENGAGE-INDCi2030-900f-NDCp,High-RE,2C,MESSAGEix,ENGAGE,Aggregated R10 regions,439.53805
Full,MESSAGEix-GLOBIOM 1.1,ENGAGE-INDCi2030-900f-NDCp,High-RE,2C,MESSAGEix,ENGAGE,R10AFRICA,75.686565
Full,MESSAGEix-GLOBIOM 1.1,ENGAGE-INDCi2030-900f-NDCp,High-RE,2C,MESSAGEix,ENGAGE,R10CHINA+,76.50137
Full,MESSAGEix-GLOBIOM 1.1,ENGAGE-INDCi2030-900f-NDCp,High-RE,2C,MESSAGEix,ENGAGE,R10EUROPE,14.237665
Full,MESSAGEix-GLOBIOM 1.1,ENGAGE-INDCi2030-900f-NDCp,High-RE,2C,MESSAGEix,ENGAGE,R10INDIA+,117.427625
Full,MESSAGEix-GLOBIOM 1.1,ENGAGE-INDCi2030-900f-NDCp,High-RE,2C,MESSAGEix,ENGAGE,R10LATIN_AM,14.119345
Full,MESSAGEix-GLOBIOM 1.1,ENGAGE-INDCi2030-900f-NDCp,High-RE,2C,MESSAGEix,ENGAGE,R10MIDDLE_EAST,57.257425
Full,MESSAGEix-GLOBIOM 1.1,ENGAGE-INDCi2030-900f-NDCp,High-RE,2C,MESSAGEix,ENGAGE,R10NORTH_AM,6.604655
Full,MESSAGEix-GLOBIOM 1.1,ENGAGE-INDCi2030-900f-NDCp,High-RE,2C,MESSAGEix,ENGAGE,R10PAC_OECD,5.41363
Full,MESSAGEix-GLOBIOM 1.1,ENGAGE-INDCi2030-900f-NDCp,High-RE,2C,MESSAGEix,ENGAGE,R10REF_ECON,14.68874
Full,MESSAGEix-GLOBIOM 1.1,ENGAGE-INDCi2030-900f-NDCp,High-RE,2C,MESSAGEix,ENGAGE,R10REST_ASIA,57.60103
Full,MESSAGEix-GLOBIOM 1.1,ENGAGE-INDCi2030-950f-COV,High-RE,2C,MESSAGEix,ENGAGE,Aggregated R10 regions,445.6524
Full,MESSAGEix-GLOBIOM 1.1,ENGAGE-INDCi2030-950f-COV,High-RE,2C,MESSAGEix,ENGAGE,R10AFRICA,75.83852
Full,MESSAGEix-GLOBIOM 1.1,ENGAGE-INDCi2030-950f-COV,High-RE,2C,MESSAGEix,ENGAGE,R10CHINA+,76.036735
Full,MESSAGEix-GLOBIOM 1.1,ENGAGE-INDCi2030-950f-COV,High-RE,2C,MESSAGEix,ENGAGE,R10EUROPE,14.71692
Full,MESSAGEix-GLOBIOM 1.1,ENGAGE-INDCi2030-950f-COV,High-RE,2C,MESSAGEix,ENGAGE,R10INDIA+,121.530775
Full,MESSAGEix-GLOBIOM 1.1,ENGAGE-INDCi2030-950f-COV,High-RE,2C,MESSAGEix,ENGAGE,R10LATIN_AM,14.030565
Full,MESSAGEix-GLOBIOM 1.1,ENGAGE-INDCi2030-950f-COV,High-RE,2C,MESSAGEix,ENGAGE,R10MIDDLE_EAST,58.36824
Full,MESSAGEix-GLOBIOM 1.1,ENGAGE-INDCi2030-950f-COV,High-RE,2C,MESSAGEix,ENGAGE,R10NORTH_AM,6.81891
Full,MESSAGEix-GLOBIOM 1.1,ENGAGE-INDCi2030-950f-COV,High-RE,2C,MESSAGEix,ENGAGE,R10PAC_OECD,5.4473
Full,MESSAGEix-GLOBIOM 1.1,ENGAGE-INDCi2030-950f-COV,High-RE,2C,MESSAGEix,ENGAGE,R10REF_ECON,14.59058
Full,MESSAGEix-GLOBIOM 1.1,ENGAGE-INDCi2030-950f-COV,High-RE,2C,MESSAGEix,ENGAGE,R10REST_ASIA,58.273855
Full,MESSAGEix-GLOBIOM 1.1,ENGAGE-INDCi2030-950f-COV-NDCp,High-RE,2C,MESSAGEix,ENGAGE,Aggregated R10 regions,445.45767
Full,MESSAGEix-GLOBIOM 1.1,ENGAGE-INDCi2030-950f-COV-NDCp,High-RE,2C,MESSAGEix,ENGAGE,R10AFRICA,75.8638
Full,MESSAGEix-GLOBIOM 1.1,ENGAGE-INDCi2030-950f-COV-NDCp,High-RE,2C,MESSAGEix,ENGAGE,R10CHINA+,75.603705
Full,MESSAGEix-GLOBIOM 1.1,ENGAGE-INDCi2030-950f-COV-NDCp,High-RE,2C,MESSAGEix,ENGAGE,R10EUROPE,14.549255
Full,MESSAGEix-GLOBIOM 1.1,ENGAGE-INDCi2030-950f-COV-NDCp,High-RE,2C,MESSAGEix,ENGAGE,R10INDIA+,121.746485
Full,MESSAGEix-GLOBIOM 1.1,ENGAGE-INDCi2030-950f-COV-NDCp,High-RE,2C,MESSAGEix,ENGAGE,R10LATIN_AM,14.090905
Full,MESSAGEix-GLOBIOM 1.1,ENGAGE-INDCi2030-950f-COV-NDCp,High-RE,2C,MESSAGEix,ENGAGE,R10MIDDLE_EAST,58.37707
Full,MESSAGEix-GLOBIOM 1.1,ENGAGE-INDCi2030-950f-COV-NDCp,High-RE,2C,MESSAGEix,ENGAGE,R10NORTH_AM,6.8346
Full,MESSAGEix-GLOBIOM 1.1,ENGAGE-INDCi2030-950f-COV-NDCp,High-RE,2C,MESSAGEix,ENGAGE,R10PAC_OECD,5.45302
Full,MESSAGEix-GLOBIOM 1.1,ENGAGE-INDCi2030-950f-COV-NDCp,High-RE,2C,MESSAGEix,ENGAGE,R10REF_ECON,14.59382
Full,MESSAGEix-GLOBIOM 1.1,ENGAGE-INDCi2030-950f-COV-NDCp,High-RE,2C,MESSAGEix,ENGAGE,R10REST_ASIA,58.34501
Full,MESSAGEix-GLOBIOM 1.1,ENGAGE-NPi2020-1000,High-CDR,2C,MESSAGEix,ENGAGE,Aggregated R10 regions,433.941885
Full,MESSAGEix-GLOBIOM 1.1,ENGAGE-NPi2020-1000,High-CDR,2C,MESSAGEix,ENGAGE,R10AFRICA,76.345135
Full,MESSAGEix-GLOBIOM 1.1,ENGAGE-NPi2020-1000,High-CDR,2C,MESSAGEix,ENGAGE,R10CHINA+,72.391745
Full,MESSAGEix-GLOBIOM 1.1,ENGAGE-NPi2020-1000,High-CDR,2C,MESSAGEix,ENGAGE,R10EUROPE,14.13037
Full,MESSAGEix-GLOBIOM 1.1,ENGAGE-NPi2020-1000,High-CDR,2C,MESSAGEix,ENGAGE,R10INDIA+,115.309705
Full,MESSAGEix-GLOBIOM 1.1,ENGAGE-NPi2020-1000,High-CDR,2C,MESSAGEix,ENGAGE,R10LATIN_AM,13.441565
Full,MESSAGEix-GLOBIOM 1.1,ENGAGE-NPi2020-1000,High-CDR,2C,MESSAGEix,ENGAGE,R10MIDDLE_EAST,59.44157
Full,MESSAGEix-GLOBIOM 1.1,ENGAGE-NPi2020-1000,High-CDR,2C,MESSAGEix,ENGAGE,R10NORTH_AM,6.634465
Full,MESSAGEix-GLOBIOM 1.1,ENGAGE-NPi2020-1000,High-CDR,2C,MESSAGEix,ENGAGE,R10PAC_OECD,5.221815
Full,MESSAGEix-GLOBIOM 1.1,ENGAGE-NPi2020-1000,High-CDR,2C,MESSAGEix,ENGAGE,R10REF_ECON,13.94318
Full,MESSAGEix-GLOBIOM 1.1,ENGAGE-NPi2020-1000,High-CDR,2C,MESSAGEix,ENGAGE,R10REST_ASIA,57.082335
Full,MESSAGEix-GLOBIOM 1.1,ENGAGE-NPi2020-1000-COV,High-CDR,2C,MESSAGEix,ENGAGE,Aggregated R10 regions,437.579795
Full,MESSAGEix-GLOBIOM 1.1,ENGAGE-NPi2020-1000-COV,High-CDR,2C,MESSAGEix,ENGAGE,R10AFRICA,76.366365
Full,MESSAGEix-GLOBIOM 1.1,ENGAGE-NPi2020-1000-COV,High-CDR,2C,MESSAGEix,ENGAGE,R10CHINA+,71.80131
Full,MESSAGEix-GLOBIOM 1.1,ENGAGE-NPi2020-1000-COV,High-CDR,2C,MESSAGEix,ENGAGE,R10EUROPE,14.390285
Full,MESSAGEix-GLOBIOM 1.1,ENGAGE-NPi2020-1000-COV,High-CDR,2C,MESSAGEix,ENGAGE,R10INDIA+,118.667715
Full,MESSAGEix-GLOBIOM 1.1,ENGAGE-NPi2020-1000-COV,High-CDR,2C,MESSAGEix,ENGAGE,R10LATIN_AM,13.45184
Full,MESSAGEix-GLOBIOM 1.1,ENGAGE-NPi2020-1000-COV,High-CDR,2C,MESSAGEix,ENGAGE,R10MIDDLE_EAST,59.393025
Full,MESSAGEix-GLOBIOM 1.1,ENGAGE-NPi2020-1000-COV,High-CDR,2C,MESSAGEix,ENGAGE,R10NORTH_AM,6.68647
Full,MESSAGEix-GLOBIOM 1.1,ENGAGE-NPi2020-1000-COV,High-CDR,2C,MESSAGEix,ENGAGE,R10PAC_OECD,5.274115
Full,MESSAGEix-GLOBIOM 1.1,ENGAGE-NPi2020-1000-COV,High-CDR,2C,MESSAGEix,ENGAGE,R10REF_ECON,13.99354
Full,MESSAGEix-GLOBIOM 1.1,ENGAGE-NPi2020-1000-COV,High-CDR,2C,MESSAGEix,ENGAGE,R10REST_ASIA,57.55513
Full,MESSAGEix-GLOBIOM 1.1,ENGAGE-NPi2020-1000-DR2p,High-CDR,2C,MESSAGEix,ENGAGE,Aggregated R10 regions,432.76131
Full,MESSAGEix-GLOBIOM 1.1,ENGAGE-NPi2020-1000-DR2p,High-CDR,2C,MESSAGEix,ENGAGE,R10AFRICA,76.887215
Full,MESSAGEix-GLOBIOM 1.1,ENGAGE-NPi2020-1000-DR2p,High-CDR,2C,MESSAGEix,ENGAGE,R10CHINA+,70.792755
Full,MESSAGEix-GLOBIOM 1.1,ENGAGE-NPi2020-1000-DR2p,High-CDR,2C,MESSAGEix,ENGAGE,R10EUROPE,14.099365
Full,MESSAGEix-GLOBIOM 1.1,ENGAGE-NPi2020-1000-DR2p,High-CDR,2C,MESSAGEix,ENGAGE,R10INDIA+,115.07594
Full,MESSAGEix-GLOBIOM 1.1,ENGAGE-NPi2020-1000-DR2p,High-CDR,2C,MESSAGEix,ENGAGE,R10LATIN_AM,13.445275
Full,MESSAGEix-GLOBIOM 1.1,ENGAGE-NPi2020-1000-DR2p,High-CDR,2C,MESSAGEix,ENGAGE,R10MIDDLE_EAST,59.652065
Full,MESSAGEix-GLOBIOM 1.1,ENGAGE-NPi2020-1000-DR2p,High-CDR,2C,MESSAGEix,ENGAGE,R10NORTH_AM,6.496755
Full,MESSAGEix-GLOBIOM 1.1,ENGAGE-NPi2020-1000-DR2p,High-CDR,2C,MESSAGEix,ENGAGE,R10PAC_OECD,5.29839
Full,MESSAGEix-GLOBIOM 1.1,ENGAGE-NPi2020-1000-DR2p,High-CDR,2C,MESSAGEix,ENGAGE,R10REF_ECON,14.00888
Full,MESSAGEix-GLOBIOM 1.1,ENGAGE-NPi2020-1000-DR2p,High-CDR,2C,MESSAGEix,ENGAGE,R10REST_ASIA,57.00467
Full,MESSAGEix-GLOBIOM 1.1,ENGAGE-NPi2020-1000-DR3p,High-CDR,2C,MESSAGEix,ENGAGE,Aggregated R10 regions,433.918965
Full,MESSAGEix-GLOBIOM 1.1,ENGAGE-NPi2020-1000-DR3p,High-CDR,2C,MESSAGEix,ENGAGE,R10AFRICA,76.609565
Full,MESSAGEix-GLOBIOM 1.1,ENGAGE-NPi2020-1000-DR3p,High-CDR,2C,MESSAGEix,ENGAGE,R10CHINA+,71.51659
Full,MESSAGEix-GLOBIOM 1.1,ENGAGE-NPi2020-1000-DR3p,High-CDR,2C,MESSAGEix,ENGAGE,R10EUROPE,14.091685
Full,MESSAGEix-GLOBIOM 1.1,ENGAGE-NPi2020-1000-DR3p,High-CDR,2C,MESSAGEix,ENGAGE,R10INDIA+,115.66383
Full,MESSAGEix-GLOBIOM 1.1,ENGAGE-NPi2020-1000-DR3p,High-CDR,2C,MESSAGEix,ENGAGE,R10LATIN_AM,13.43725
Full,MESSAGEix-GLOBIOM 1.1,ENGAGE-NPi2020-1000-DR3p,High-CDR,2C,MESSAGEix,ENGAGE,R10MIDDLE_EAST,59.52126
Full,MESSAGEix-GLOBIOM 1.1,ENGAGE-NPi2020-1000-DR3p,High-CDR,2C,MESSAGEix,ENGAGE,R10NORTH_AM,6.56986
Full,MESSAGEix-GLOBIOM 1.1,ENGAGE-NPi2020-1000-DR3p,High-CDR,2C,MESSAGEix,ENGAGE,R10PAC_OECD,5.357785
Full,MESSAGEix-GLOBIOM 1.1,ENGAGE-NPi2020-1000-DR3p,High-CDR,2C,MESSAGEix,ENGAGE,R10REF_ECON,14.02206
Full,MESSAGEix-GLOBIOM 1.1,ENGAGE-NPi2020-1000-DR3p,High-CDR,2C,MESSAGEix,ENGAGE,R10REST_ASIA,57.12908
Full,MESSAGEix-GLOBIOM 1.1,ENGAGE-NPi2020-1000-DR4p,High-CDR,2C,MESSAGEix,ENGAGE,Aggregated R10 regions,434.14553
Full,MESSAGEix-GLOBIOM 1.1,ENGAGE-NPi2020-1000-DR4p,High-CDR,2C,MESSAGEix,ENGAGE,R10AFRICA,76.291185
Full,MESSAGEix-GLOBIOM 1.1,ENGAGE-NPi2020-1000-DR4p,High-CDR,2C,MESSAGEix,ENGAGE,R10CHINA+,71.40692
Full,MESSAGEix-GLOBIOM 1.1,ENGAGE-NPi2020-1000-DR4p,High-CDR,2C,MESSAGEix,ENGAGE,R10EUROPE,14.10018
Full,MESSAGEix-GLOBIOM 1.1,ENGAGE-NPi2020-1000-DR4p,High-CDR,2C,MESSAGEix,ENGAGE,R10INDIA+,116.126605
Full,MESSAGEix-GLOBIOM 1.1,ENGAGE-NPi2020-1000-DR4p,High-CDR,2C,MESSAGEix,ENGAGE,R10LATIN_AM,13.44259
Full,MESSAGEix-GLOBIOM 1.1,ENGAGE-NPi2020-1000-DR4p,High-CDR,2C,MESSAGEix,ENGAGE,R10MIDDLE_EAST,59.51488
Full,MESSAGEix-GLOBIOM 1.1,ENGAGE-NPi2020-1000-DR4p,High-CDR,2C,MESSAGEix,ENGAGE,R10NORTH_AM,6.645315
Full,MESSAGEix-GLOBIOM 1.1,ENGAGE-NPi2020-1000-DR4p,High-CDR,2C,MESSAGEix,ENGAGE,R10PAC_OECD,5.3222950000000004
Full,MESSAGEix-GLOBIOM 1.1,ENGAGE-NPi2020-1000-DR4p,High-CDR,2C,MESSAGEix,ENGAGE,R10REF_ECON,14.05623
Full,MESSAGEix-GLOBIOM 1.1,ENGAGE-NPi2020-1000-DR4p,High-CDR,2C,MESSAGEix,ENGAGE,R10REST_ASIA,57.23933
Full,MESSAGEix-GLOBIOM 1.1,ENGAGE-NPi2020-1000f-COV,High-CDR,2C,MESSAGEix,ENGAGE,Aggregated R10 regions,434.677415
Full,MESSAGEix-GLOBIOM 1.1,ENGAGE-NPi2020-1000f-COV,High-CDR,2C,MESSAGEix,ENGAGE,R10AFRICA,75.811845
Full,MESSAGEix-GLOBIOM 1.1,ENGAGE-NPi2020-1000f-COV,High-CDR,2C,MESSAGEix,ENGAGE,R10CHINA+,71.65307
Full,MESSAGEix-GLOBIOM 1.1,ENGAGE-NPi2020-1000f-COV,High-CDR,2C,MESSAGEix,ENGAGE,R10EUROPE,14.304565
Full,MESSAGEix-GLOBIOM 1.1,ENGAGE-NPi2020-1000f-COV,High-CDR,2C,MESSAGEix,ENGAGE,R10INDIA+,116.96577
Full,MESSAGEix-GLOBIOM 1.1,ENGAGE-NPi2020-1000f-COV,High-CDR,2C,MESSAGEix,ENGAGE,R10LATIN_AM,13.449105
Full,MESSAGEix-GLOBIOM 1.1,ENGAGE-NPi2020-1000f-COV,High-CDR,2C,MESSAGEix,ENGAGE,R10MIDDLE_EAST,59.158035
Full,MESSAGEix-GLOBIOM 1.1,ENGAGE-NPi2020-1000f-COV,High-CDR,2C,MESSAGEix,ENGAGE,R10NORTH_AM,6.78721
Full,MESSAGEix-GLOBIOM 1.1,ENGAGE-NPi2020-1000f-COV,High-CDR,2C,MESSAGEix,ENGAGE,R10PAC_OECD,5.237035
Full,MESSAGEix-GLOBIOM 1.1,ENGAGE-NPi2020-1000f-COV,High-CDR,2C,MESSAGEix,ENGAGE,R10REF_ECON,14.08622
Full,MESSAGEix-GLOBIOM 1.1,ENGAGE-NPi2020-1000f-COV,High-CDR,2C,MESSAGEix,ENGAGE,R10REST_ASIA,57.22456
Full,MESSAGEix-GLOBIOM 1.1,ENGAGE-NPi2020-1000f-DR10p,High-RE,2C,MESSAGEix,ENGAGE,Aggregated R10 regions,435.105015
Full,MESSAGEix-GLOBIOM 1.1,ENGAGE-NPi2020-1000f-DR10p,High-RE,2C,MESSAGEix,ENGAGE,R10AFRICA,74.83455
Full,MESSAGEix-GLOBIOM 1.1,ENGAGE-NPi2020-1000f-DR10p,High-RE,2C,MESSAGEix,ENGAGE,R10CHINA+,74.81923
Full,MESSAGEix-GLOBIOM 1.1,ENGAGE-NPi2020-1000f-DR10p,High-RE,2C,MESSAGEix,ENGAGE,R10EUROPE,14.235495
Full,MESSAGEix-GLOBIOM 1.1,ENGAGE-NPi2020-1000f-DR10p,High-RE,2C,MESSAGEix,ENGAGE,R10INDIA+,117.48342
Full,MESSAGEix-GLOBIOM 1.1,ENGAGE-NPi2020-1000f-DR10p,High-RE,2C,MESSAGEix,ENGAGE,R10LATIN_AM,13.633945
Full,MESSAGEix-GLOBIOM 1.1,ENGAGE-NPi2020-1000f-DR10p,High-RE,2C,MESSAGEix,ENGAGE,R10MIDDLE_EAST,55.50639
Full,MESSAGEix-GLOBIOM 1.1,ENGAGE-NPi2020-1000f-DR10p,High-RE,2C,MESSAGEix,ENGAGE,R10NORTH_AM,6.8344
Full,MESSAGEix-GLOBIOM 1.1,ENGAGE-NPi2020-1000f-DR10p,High-RE,2C,MESSAGEix,ENGAGE,R10PAC_OECD,5.296285
Full,MESSAGEix-GLOBIOM 1.1,ENGAGE-NPi2020-1000f-DR10p,High-RE,2C,MESSAGEix,ENGAGE,R10REF_ECON,14.652075
Full,MESSAGEix-GLOBIOM 1.1,ENGAGE-NPi2020-1000f-DR10p,High-RE,2C,MESSAGEix,ENGAGE,R10REST_ASIA,57.809225
Full,MESSAGEix-GLOBIOM 1.1,ENGAGE-NPi2020-1000f-DR1p,High-CDR,2C,MESSAGEix,ENGAGE,Aggregated R10 regions,432.59216
Full,MESSAGEix-GLOBIOM 1.1,ENGAGE-NPi2020-1000f-DR1p,High-CDR,2C,MESSAGEix,ENGAGE,R10AFRICA,77.283615
Full,MESSAGEix-GLOBIOM 1.1,ENGAGE-NPi2020-1000f-DR1p,High-CDR,2C,MESSAGEix,ENGAGE,R10CHINA+,70.45912
Full,MESSAGEix-GLOBIOM 1.1,ENGAGE-NPi2020-1000f-DR1p,High-CDR,2C,MESSAGEix,ENGAGE,R10EUROPE,14.132125
Full,MESSAGEix-GLOBIOM 1.1,ENGAGE-NPi2020-1000f-DR1p,High-CDR,2C,MESSAGEix,ENGAGE,R10INDIA+,114.74104
Full,MESSAGEix-GLOBIOM 1.1,ENGAGE-NPi2020-1000f-DR1p,High-CDR,2C,MESSAGEix,ENGAGE,R10LATIN_AM,13.48013
Full,MESSAGEix-GLOBIOM 1.1,ENGAGE-NPi2020-1000f-DR1p,High-CDR,2C,MESSAGEix,ENGAGE,R10MIDDLE_EAST,59.801425
Full,MESSAGEix-GLOBIOM 1.1,ENGAGE-NPi2020-1000f-DR1p,High-CDR,2C,MESSAGEix,ENGAGE,R10NORTH_AM,6.51782
Full,MESSAGEix-GLOBIOM 1.1,ENGAGE-NPi2020-1000f-DR1p,High-CDR,2C,MESSAGEix,ENGAGE,R10PAC_OECD,5.26527
Full,MESSAGEix-GLOBIOM 1.1,ENGAGE-NPi2020-1000f-DR1p,High-CDR,2C,MESSAGEix,ENGAGE,R10REF_ECON,13.99847
Full,MESSAGEix-GLOBIOM 1.1,ENGAGE-NPi2020-1000f-DR1p,High-CDR,2C,MESSAGEix,ENGAGE,R10REST_ASIA,56.913145
Full,MESSAGEix-GLOBIOM 1.1,ENGAGE-NPi2020-1000f-DR2p,High-CDR,2C,MESSAGEix,ENGAGE,Aggregated R10 regions,433.787815
Full,MESSAGEix-GLOBIOM 1.1,ENGAGE-NPi2020-1000f-DR2p,High-CDR,2C,MESSAGEix,ENGAGE,R10AFRICA,76.866195
Full,MESSAGEix-GLOBIOM 1.1,ENGAGE-NPi2020-1000f-DR2p,High-CDR,2C,MESSAGEix,ENGAGE,R10CHINA+,71.382735
Full,MESSAGEix-GLOBIOM 1.1,ENGAGE-NPi2020-1000f-DR2p,High-CDR,2C,MESSAGEix,ENGAGE,R10EUROPE,14.10139
Full,MESSAGEix-GLOBIOM 1.1,ENGAGE-NPi2020-1000f-DR2p,High-CDR,2C,MESSAGEix,ENGAGE,R10INDIA+,115.354105
Full,MESSAGEix-GLOBIOM 1.1,ENGAGE-NPi2020-1000f-DR2p,High-CDR,2C,MESSAGEix,ENGAGE,R10LATIN_AM,13.45543
Full,MESSAGEix-GLOBIOM 1.1,ENGAGE-NPi2020-1000f-DR2p,High-CDR,2C,MESSAGEix,ENGAGE,R10MIDDLE_EAST,59.656945
Full,MESSAGEix-GLOBIOM 1.1,ENGAGE-NPi2020-1000f-DR2p,High-CDR,2C,MESSAGEix,ENGAGE,R10NORTH_AM,6.576315
Full,MESSAGEix-GLOBIOM 1.1,ENGAGE-NPi2020-1000f-DR2p,High-CDR,2C,MESSAGEix,ENGAGE,R10PAC_OECD,5.31933
Full,MESSAGEix-GLOBIOM 1.1,ENGAGE-NPi2020-1000f-DR2p,High-CDR,2C,MESSAGEix,ENGAGE,R10REF_ECON,14.02373
Full,MESSAGEix-GLOBIOM 1.1,ENGAGE-NPi2020-1000f-DR2p,High-CDR,2C,MESSAGEix,ENGAGE,R10REST_ASIA,57.05164
Full,MESSAGEix-GLOBIOM 1.1,ENGAGE-NPi2020-1200,High-CDR,2C,MESSAGEix,ENGAGE,Aggregated R10 regions,439.633915
Full,MESSAGEix-GLOBIOM 1.1,ENGAGE-NPi2020-1200,High-CDR,2C,MESSAGEix,ENGAGE,R10AFRICA,76.503865
Full,MESSAGEix-GLOBIOM 1.1,ENGAGE-NPi2020-1200,High-CDR,2C,MESSAGEix,ENGAGE,R10CHINA+,73.31052
Full,MESSAGEix-GLOBIOM 1.1,ENGAGE-NPi2020-1200,High-CDR,2C,MESSAGEix,ENGAGE,R10EUROPE,14.30313
Full,MESSAGEix-GLOBIOM 1.1,ENGAGE-NPi2020-1200,High-CDR,2C,MESSAGEix,ENGAGE,R10INDIA+,118.4214
Full,MESSAGEix-GLOBIOM 1.1,ENGAGE-NPi2020-1200,High-CDR,2C,MESSAGEix,ENGAGE,R10LATIN_AM,13.50929
Full,MESSAGEix-GLOBIOM 1.1,ENGAGE-NPi2020-1200,High-CDR,2C,MESSAGEix,ENGAGE,R10MIDDLE_EAST,59.574555
Full,MESSAGEix-GLOBIOM 1.1,ENGAGE-NPi2020-1200,High-CDR,2C,MESSAGEix,ENGAGE,R10NORTH_AM,6.71765
Full,MESSAGEix-GLOBIOM 1.1,ENGAGE-NPi2020-1200,High-CDR,2C,MESSAGEix,ENGAGE,R10PAC_OECD,5.332535
Full,MESSAGEix-GLOBIOM 1.1,ENGAGE-NPi2020-1200,High-CDR,2C,MESSAGEix,ENGAGE,R10REF_ECON,14.1545
Full,MESSAGEix-GLOBIOM 1.1,ENGAGE-NPi2020-1200,High-CDR,2C,MESSAGEix,ENGAGE,R10REST_ASIA,57.80647
Full,MESSAGEix-GLOBIOM 1.1,ENGAGE-NPi2020-1200-COV,High-CDR,2C,MESSAGEix,ENGAGE,Aggregated R10 regions,442.411195
Full,MESSAGEix-GLOBIOM 1.1,ENGAGE-NPi2020-1200-COV,High-CDR,2C,MESSAGEix,ENGAGE,R10AFRICA,76.47872
Full,MESSAGEix-GLOBIOM 1.1,ENGAGE-NPi2020-1200-COV,High-CDR,2C,MESSAGEix,ENGAGE,R10CHINA+,72.39607
Full,MESSAGEix-GLOBIOM 1.1,ENGAGE-NPi2020-1200-COV,High-CDR,2C,MESSAGEix,ENGAGE,R10EUROPE,14.569745
Full,MESSAGEix-GLOBIOM 1.1,ENGAGE-NPi2020-1200-COV,High-CDR,2C,MESSAGEix,ENGAGE,R10INDIA+,121.652205
Full,MESSAGEix-GLOBIOM 1.1,ENGAGE-NPi2020-1200-COV,High-CDR,2C,MESSAGEix,ENGAGE,R10LATIN_AM,13.48842
Full,MESSAGEix-GLOBIOM 1.1,ENGAGE-NPi2020-1200-COV,High-CDR,2C,MESSAGEix,ENGAGE,R10MIDDLE_EAST,59.493425
Full,MESSAGEix-GLOBIOM 1.1,ENGAGE-NPi2020-1200-COV,High-CDR,2C,MESSAGEix,ENGAGE,R10NORTH_AM,6.69398
Full,MESSAGEix-GLOBIOM 1.1,ENGAGE-NPi2020-1200-COV,High-CDR,2C,MESSAGEix,ENGAGE,R10PAC_OECD,5.332685
Full,MESSAGEix-GLOBIOM 1.1,ENGAGE-NPi2020-1200-COV,High-CDR,2C,MESSAGEix,ENGAGE,R10REF_ECON,14.1126
Full,MESSAGEix-GLOBIOM 1.1,ENGAGE-NPi2020-1200-COV,High-CDR,2C,MESSAGEix,ENGAGE,R10REST_ASIA,58.193345
Full,MESSAGEix-GLOBIOM 1.1,ENGAGE-NPi2020-1200f,High-CDR,2C,MESSAGEix,ENGAGE,Aggregated R10 regions,437.45504
Full,MESSAGEix-GLOBIOM 1.1,ENGAGE-NPi2020-1200f,High-CDR,2C,MESSAGEix,ENGAGE,R10AFRICA,75.94284
Full,MESSAGEix-GLOBIOM 1.1,ENGAGE-NPi2020-1200f,High-CDR,2C,MESSAGEix,ENGAGE,R10CHINA+,73.64005
Full,MESSAGEix-GLOBIOM 1.1,ENGAGE-NPi2020-1200f,High-CDR,2C,MESSAGEix,ENGAGE,R10EUROPE,14.520475
Full,MESSAGEix-GLOBIOM 1.1,ENGAGE-NPi2020-1200f,High-CDR,2C,MESSAGEix,ENGAGE,R10INDIA+,116.79586
Full,MESSAGEix-GLOBIOM 1.1,ENGAGE-NPi2020-1200f,High-CDR,2C,MESSAGEix,ENGAGE,R10LATIN_AM,13.488835
Full,MESSAGEix-GLOBIOM 1.1,ENGAGE-NPi2020-1200f,High-CDR,2C,MESSAGEix,ENGAGE,R10MIDDLE_EAST,59.43065
Full,MESSAGEix-GLOBIOM 1.1,ENGAGE-NPi2020-1200f,High-CDR,2C,MESSAGEix,ENGAGE,R10NORTH_AM,6.80585
Full,MESSAGEix-GLOBIOM 1.1,ENGAGE-NPi2020-1200f,High-CDR,2C,MESSAGEix,ENGAGE,R10PAC_OECD,5.255935
Full,MESSAGEix-GLOBIOM 1.1,ENGAGE-NPi2020-1200f,High-CDR,2C,MESSAGEix,ENGAGE,R10REF_ECON,14.174975
Full,MESSAGEix-GLOBIOM 1.1,ENGAGE-NPi2020-1200f,High-CDR,2C,MESSAGEix,ENGAGE,R10REST_ASIA,57.39957
Full,MESSAGEix-GLOBIOM 1.1,ENGAGE-NPi2020-1200f-COV,High-CDR,2C,MESSAGEix,ENGAGE,Aggregated R10 regions,442.499495
Full,MESSAGEix-GLOBIOM 1.1,ENGAGE-NPi2020-1200f-COV,High-CDR,2C,MESSAGEix,ENGAGE,R10AFRICA,76.276875
Full,MESSAGEix-GLOBIOM 1.1,ENGAGE-NPi2020-1200f-COV,High-CDR,2C,MESSAGEix,ENGAGE,R10CHINA+,73.794705
Full,MESSAGEix-GLOBIOM 1.1,ENGAGE-NPi2020-1200f-COV,High-CDR,2C,MESSAGEix,ENGAGE,R10EUROPE,14.868525
Full,MESSAGEix-GLOBIOM 1.1,ENGAGE-NPi2020-1200f-COV,High-CDR,2C,MESSAGEix,ENGAGE,R10INDIA+,120.32802
Full,MESSAGEix-GLOBIOM 1.1,ENGAGE-NPi2020-1200f-COV,High-CDR,2C,MESSAGEix,ENGAGE,R10LATIN_AM,13.516415
Full,MESSAGEix-GLOBIOM 1.1,ENGAGE-NPi2020-1200f-COV,High-CDR,2C,MESSAGEix,ENGAGE,R10MIDDLE_EAST,59.36763
Full,MESSAGEix-GLOBIOM 1.1,ENGAGE-NPi2020-1200f-COV,High-CDR,2C,MESSAGEix,ENGAGE,R10NORTH_AM,6.84925
Full,MESSAGEix-GLOBIOM 1.1,ENGAGE-NPi2020-1200f-COV,High-CDR,2C,MESSAGEix,ENGAGE,R10PAC_OECD,5.319955
Full,MESSAGEix-GLOBIOM 1.1,ENGAGE-NPi2020-1200f-COV,High-CDR,2C,MESSAGEix,ENGAGE,R10REF_ECON,14.1488
Full,MESSAGEix-GLOBIOM 1.1,ENGAGE-NPi2020-1200f-COV,High-CDR,2C,MESSAGEix,ENGAGE,R10REST_ASIA,58.02932
Full,MESSAGEix-GLOBIOM 1.1,ENGAGE-NPi2020-1400,High-CDR,2C,MESSAGEix,ENGAGE,Aggregated R10 regions,446.097915
Full,MESSAGEix-GLOBIOM 1.1,ENGAGE-NPi2020-1400,High-CDR,2C,MESSAGEix,ENGAGE,R10AFRICA,76.945925
Full,MESSAGEix-GLOBIOM 1.1,ENGAGE-NPi2020-1400,High-CDR,2C,MESSAGEix,ENGAGE,R10CHINA+,74.497485
Full,MESSAGEix-GLOBIOM 1.1,ENGAGE-NPi2020-1400,High-CDR,2C,MESSAGEix,ENGAGE,R10EUROPE,14.81512
Full,MESSAGEix-GLOBIOM 1.1,ENGAGE-NPi2020-1400,High-CDR,2C,MESSAGEix,ENGAGE,R10INDIA+,121.72329
Full,MESSAGEix-GLOBIOM 1.1,ENGAGE-NPi2020-1400,High-CDR,2C,MESSAGEix,ENGAGE,R10LATIN_AM,13.60172
Full,MESSAGEix-GLOBIOM 1.1,ENGAGE-NPi2020-1400,High-CDR,2C,MESSAGEix,ENGAGE,R10MIDDLE_EAST,59.729055
Full,MESSAGEix-GLOBIOM 1.1,ENGAGE-NPi2020-1400,High-CDR,2C,MESSAGEix,ENGAGE,R10NORTH_AM,6.733195
Full,MESSAGEix-GLOBIOM 1.1,ENGAGE-NPi2020-1400,High-CDR,2C,MESSAGEix,ENGAGE,R10PAC_OECD,5.391405
Full,MESSAGEix-GLOBIOM 1.1,ENGAGE-NPi2020-1400,High-CDR,2C,MESSAGEix,ENGAGE,R10REF_ECON,14.18333
Full,MESSAGEix-GLOBIOM 1.1,ENGAGE-NPi2020-1400,High-CDR,2C,MESSAGEix,ENGAGE,R10REST_ASIA,58.47739
Full,MESSAGEix-GLOBIOM 1.1,ENGAGE-NPi2020-1400-COV,High-CDR,2C,MESSAGEix,ENGAGE,Aggregated R10 regions,449.904735
Full,MESSAGEix-GLOBIOM 1.1,ENGAGE-NPi2020-1400-COV,High-CDR,2C,MESSAGEix,ENGAGE,R10AFRICA,76.99336
Full,MESSAGEix-GLOBIOM 1.1,ENGAGE-NPi2020-1400-COV,High-CDR,2C,MESSAGEix,ENGAGE,R10CHINA+,74.86401
Full,MESSAGEix-GLOBIOM 1.1,ENGAGE-NPi2020-1400-COV,High-CDR,2C,MESSAGEix,ENGAGE,R10EUROPE,15.048835
Full,MESSAGEix-GLOBIOM 1.1,ENGAGE-NPi2020-1400-COV,High-CDR,2C,MESSAGEix,ENGAGE,R10INDIA+,124.285145
Full,MESSAGEix-GLOBIOM 1.1,ENGAGE-NPi2020-1400-COV,High-CDR,2C,MESSAGEix,ENGAGE,R10LATIN_AM,13.71598
Full,MESSAGEix-GLOBIOM 1.1,ENGAGE-NPi2020-1400-COV,High-CDR,2C,MESSAGEix,ENGAGE,R10MIDDLE_EAST,59.69214
Full,MESSAGEix-GLOBIOM 1.1,ENGAGE-NPi2020-1400-COV,High-CDR,2C,MESSAGEix,ENGAGE,R10NORTH_AM,6.85461
Full,MESSAGEix-GLOBIOM 1.1,ENGAGE-NPi2020-1400-COV,High-CDR,2C,MESSAGEix,ENGAGE,R10PAC_OECD,5.490055
Full,MESSAGEix-GLOBIOM 1.1,ENGAGE-NPi2020-1400-COV,High-CDR,2C,MESSAGEix,ENGAGE,R10REF_ECON,14.1405
Full,MESSAGEix-GLOBIOM 1.1,ENGAGE-NPi2020-1400-COV,High-CDR,2C,MESSAGEix,ENGAGE,R10REST_ASIA,58.8201
Full,MESSAGEix-GLOBIOM 1.1,ENGAGE-NPi2020-1400f,High-CDR,2C,MESSAGEix,ENGAGE,Aggregated R10 regions,446.6981
Full,MESSAGEix-GLOBIOM 1.1,ENGAGE-NPi2020-1400f,High-CDR,2C,MESSAGEix,ENGAGE,R10AFRICA,76.66056
Full,MESSAGEix-GLOBIOM 1.1,ENGAGE-NPi2020-1400f,High-CDR,2C,MESSAGEix,ENGAGE,R10CHINA+,75.73752
Full,MESSAGEix-GLOBIOM 1.1,ENGAGE-NPi2020-1400f,High-CDR,2C,MESSAGEix,ENGAGE,R10EUROPE,14.870315
Full,MESSAGEix-GLOBIOM 1.1,ENGAGE-NPi2020-1400f,High-CDR,2C,MESSAGEix,ENGAGE,R10INDIA+,121.008695
Full,MESSAGEix-GLOBIOM 1.1,ENGAGE-NPi2020-1400f,High-CDR,2C,MESSAGEix,ENGAGE,R10LATIN_AM,13.732885
Full,MESSAGEix-GLOBIOM 1.1,ENGAGE-NPi2020-1400f,High-CDR,2C,MESSAGEix,ENGAGE,R10MIDDLE_EAST,59.733735
Full,MESSAGEix-GLOBIOM 1.1,ENGAGE-NPi2020-1400f,High-CDR,2C,MESSAGEix,ENGAGE,R10NORTH_AM,6.98401
Full,MESSAGEix-GLOBIOM 1.1,ENGAGE-NPi2020-1400f,High-CDR,2C,MESSAGEix,ENGAGE,R10PAC_OECD,5.42832
Full,MESSAGEix-GLOBIOM 1.1,ENGAGE-NPi2020-1400f,High-CDR,2C,MESSAGEix,ENGAGE,R10REF_ECON,14.21024
Full,MESSAGEix-GLOBIOM 1.1,ENGAGE-NPi2020-1400f,High-CDR,2C,MESSAGEix,ENGAGE,R10REST_ASIA,58.33182
Full,MESSAGEix-GLOBIOM 1.1,ENGAGE-NPi2020-1400f-COV,High-CDR,2C,MESSAGEix,ENGAGE,Aggregated R10 regions,449.98323
Full,MESSAGEix-GLOBIOM 1.1,ENGAGE-NPi2020-1400f-COV,High-CDR,2C,MESSAGEix,ENGAGE,R10AFRICA,76.937
Full,MESSAGEix-GLOBIOM 1.1,ENGAGE-NPi2020-1400f-COV,High-CDR,2C,MESSAGEix,ENGAGE,R10CHINA+,75.244105
Full,MESSAGEix-GLOBIOM 1.1,ENGAGE-NPi2020-1400f-COV,High-CDR,2C,MESSAGEix,ENGAGE,R10EUROPE,15.032525
Full,MESSAGEix-GLOBIOM 1.1,ENGAGE-NPi2020-1400f-COV,High-CDR,2C,MESSAGEix,ENGAGE,R10INDIA+,124.00614
Full,MESSAGEix-GLOBIOM 1.1,ENGAGE-NPi2020-1400f-COV,High-CDR,2C,MESSAGEix,ENGAGE,R10LATIN_AM,13.713055
Full,MESSAGEix-GLOBIOM 1.1,ENGAGE-NPi2020-1400f-COV,High-CDR,2C,MESSAGEix,ENGAGE,R10MIDDLE_EAST,59.670405
Full,MESSAGEix-GLOBIOM 1.1,ENGAGE-NPi2020-1400f-COV,High-CDR,2C,MESSAGEix,ENGAGE,R10NORTH_AM,6.97025
Full,MESSAGEix-GLOBIOM 1.1,ENGAGE-NPi2020-1400f-COV,High-CDR,2C,MESSAGEix,ENGAGE,R10PAC_OECD,5.46295
Full,MESSAGEix-GLOBIOM 1.1,ENGAGE-NPi2020-1400f-COV,High-CDR,2C,MESSAGEix,ENGAGE,R10REF_ECON,14.19651
Full,MESSAGEix-GLOBIOM 1.1,ENGAGE-NPi2020-1400f-COV,High-CDR,2C,MESSAGEix,ENGAGE,R10REST_ASIA,58.75029
Full,MESSAGEix-GLOBIOM 1.1,ENGAGE-NPi2020-1600,High-CDR,2C,MESSAGEix,ENGAGE,Aggregated R10 regions,453.509985
Full,MESSAGEix-GLOBIOM 1.1,ENGAGE-NPi2020-1600,High-CDR,2C,MESSAGEix,ENGAGE,R10AFRICA,77.24521
Full,MESSAGEix-GLOBIOM 1.1,ENGAGE-NPi2020-1600,High-CDR,2C,MESSAGEix,ENGAGE,R10CHINA+,76.854625
Full,MESSAGEix-GLOBIOM 1.1,ENGAGE-NPi2020-1600,High-CDR,2C,MESSAGEix,ENGAGE,R10EUROPE,14.9451
Full,MESSAGEix-GLOBIOM 1.1,ENGAGE-NPi2020-1600,High-CDR,2C,MESSAGEix,ENGAGE,R10INDIA+,124.80792
Full,MESSAGEix-GLOBIOM 1.1,ENGAGE-NPi2020-1600,High-CDR,2C,MESSAGEix,ENGAGE,R10LATIN_AM,13.77743
Full,MESSAGEix-GLOBIOM 1.1,ENGAGE-NPi2020-1600,High-CDR,2C,MESSAGEix,ENGAGE,R10MIDDLE_EAST,59.996595
Full,MESSAGEix-GLOBIOM 1.1,ENGAGE-NPi2020-1600,High-CDR,2C,MESSAGEix,ENGAGE,R10NORTH_AM,6.91701
Full,MESSAGEix-GLOBIOM 1.1,ENGAGE-NPi2020-1600,High-CDR,2C,MESSAGEix,ENGAGE,R10PAC_OECD,5.539505
Full,MESSAGEix-GLOBIOM 1.1,ENGAGE-NPi2020-1600,High-CDR,2C,MESSAGEix,ENGAGE,R10REF_ECON,14.2534
Full,MESSAGEix-GLOBIOM 1.1,ENGAGE-NPi2020-1600,High-CDR,2C,MESSAGEix,ENGAGE,R10REST_ASIA,59.17319
Full,MESSAGEix-GLOBIOM 1.1,ENGAGE-NPi2020-1600-COV,High-CDR,2C,MESSAGEix,ENGAGE,Aggregated R10 regions,457.094155
Full,MESSAGEix-GLOBIOM 1.1,ENGAGE-NPi2020-1600-COV,High-CDR,2C,MESSAGEix,ENGAGE,R10AFRICA,77.404055
Full,MESSAGEix-GLOBIOM 1.1,ENGAGE-NPi2020-1600-COV,High-CDR,2C,MESSAGEix,ENGAGE,R10CHINA+,76.79211
Full,MESSAGEix-GLOBIOM 1.1,ENGAGE-NPi2020-1600-COV,High-CDR,2C,MESSAGEix,ENGAGE,R10EUROPE,15.154795
Full,MESSAGEix-GLOBIOM 1.1,ENGAGE-NPi2020-1600-COV,High-CDR,2C,MESSAGEix,ENGAGE,R10INDIA+,127.57478
Full,MESSAGEix-GLOBIOM 1.1,ENGAGE-NPi2020-1600-COV,High-CDR,2C,MESSAGEix,ENGAGE,R10LATIN_AM,13.75219
Full,MESSAGEix-GLOBIOM 1.1,ENGAGE-NPi2020-1600-COV,High-CDR,2C,MESSAGEix,ENGAGE,R10MIDDLE_EAST,60.045665
Full,MESSAGEix-GLOBIOM 1.1,ENGAGE-NPi2020-1600-COV,High-CDR,2C,MESSAGEix,ENGAGE,R10NORTH_AM,6.91701
Full,MESSAGEix-GLOBIOM 1.1,ENGAGE-NPi2020-1600-COV,High-CDR,2C,MESSAGEix,ENGAGE,R10PAC_OECD,5.56256
Full,MESSAGEix-GLOBIOM 1.1,ENGAGE-NPi2020-1600-COV,High-CDR,2C,MESSAGEix,ENGAGE,R10REF_ECON,14.24854
Full,MESSAGEix-GLOBIOM 1.1,ENGAGE-NPi2020-1600-COV,High-CDR,2C,MESSAGEix,ENGAGE,R10REST_ASIA,59.64245
Full,MESSAGEix-GLOBIOM 1.1,ENGAGE-NPi2020-1600f,High-CDR,2C,MESSAGEix,ENGAGE,Aggregated R10 regions,453.36089
Full,MESSAGEix-GLOBIOM 1.1,ENGAGE-NPi2020-1600f,High-CDR,2C,MESSAGEix,ENGAGE,R10AFRICA,77.083925
Full,MESSAGEix-GLOBIOM 1.1,ENGAGE-NPi2020-1600f,High-CDR,2C,MESSAGEix,ENGAGE,R10CHINA+,77.12734
Full,MESSAGEix-GLOBIOM 1.1,ENGAGE-NPi2020-1600f,High-CDR,2C,MESSAGEix,ENGAGE,R10EUROPE,14.923905
Full,MESSAGEix-GLOBIOM 1.1,ENGAGE-NPi2020-1600f,High-CDR,2C,MESSAGEix,ENGAGE,R10INDIA+,124.56844
Full,MESSAGEix-GLOBIOM 1.1,ENGAGE-NPi2020-1600f,High-CDR,2C,MESSAGEix,ENGAGE,R10LATIN_AM,13.788295
Full,MESSAGEix-GLOBIOM 1.1,ENGAGE-NPi2020-1600f,High-CDR,2C,MESSAGEix,ENGAGE,R10MIDDLE_EAST,59.922045
Full,MESSAGEix-GLOBIOM 1.1,ENGAGE-NPi2020-1600f,High-CDR,2C,MESSAGEix,ENGAGE,R10NORTH_AM,6.94962
Full,MESSAGEix-GLOBIOM 1.1,ENGAGE-NPi2020-1600f,High-CDR,2C,MESSAGEix,ENGAGE,R10PAC_OECD,5.48596
Full,MESSAGEix-GLOBIOM 1.1,ENGAGE-NPi2020-1600f,High-CDR,2C,MESSAGEix,ENGAGE,R10REF_ECON,14.34453
Full,MESSAGEix-GLOBIOM 1.1,ENGAGE-NPi2020-1600f,High-CDR,2C,MESSAGEix,ENGAGE,R10REST_ASIA,59.16683
Full,MESSAGEix-GLOBIOM 1.1,ENGAGE-NPi2020-1600f-COV,High-CDR,2C,MESSAGEix,ENGAGE,Aggregated R10 regions,456.59871
Full,MESSAGEix-GLOBIOM 1.1,ENGAGE-NPi2020-1600f-COV,High-CDR,2C,MESSAGEix,ENGAGE,R10AFRICA,77.227915
Full,MESSAGEix-GLOBIOM 1.1,ENGAGE-NPi2020-1600f-COV,High-CDR,2C,MESSAGEix,ENGAGE,R10CHINA+,77.00009
Full,MESSAGEix-GLOBIOM 1.1,ENGAGE-NPi2020-1600f-COV,High-CDR,2C,MESSAGEix,ENGAGE,R10EUROPE,15.15419
Full,MESSAGEix-GLOBIOM 1.1,ENGAGE-NPi2020-1600f-COV,High-CDR,2C,MESSAGEix,ENGAGE,R10INDIA+,126.98319
Full,MESSAGEix-GLOBIOM 1.1,ENGAGE-NPi2020-1600f-COV,High-CDR,2C,MESSAGEix,ENGAGE,R10LATIN_AM,13.783535
Full,MESSAGEix-GLOBIOM 1.1,ENGAGE-NPi2020-1600f-COV,High-CDR,2C,MESSAGEix,ENGAGE,R10MIDDLE_EAST,60.12279
Full,MESSAGEix-GLOBIOM 1.1,ENGAGE-NPi2020-1600f-COV,High-CDR,2C,MESSAGEix,ENGAGE,R10NORTH_AM,6.92082
Full,MESSAGEix-GLOBIOM 1.1,ENGAGE-NPi2020-1600f-COV,High-CDR,2C,MESSAGEix,ENGAGE,R10PAC_OECD,5.517585
Full,MESSAGEix-GLOBIOM 1.1,ENGAGE-NPi2020-1600f-COV,High-CDR,2C,MESSAGEix,ENGAGE,R10REF_ECON,14.367605
Full,MESSAGEix-GLOBIOM 1.1,ENGAGE-NPi2020-1600f-COV,High-CDR,2C,MESSAGEix,ENGAGE,R10REST_ASIA,59.52099
Full,MESSAGEix-GLOBIOM 1.1,ENGAGE-NPi2020-1800,High-CDR,2C,MESSAGEix,ENGAGE,Aggregated R10 regions,460.372425
Full,MESSAGEix-GLOBIOM 1.1,ENGAGE-NPi2020-1800,High-CDR,2C,MESSAGEix,ENGAGE,R10AFRICA,77.69886
Full,MESSAGEix-GLOBIOM 1.1,ENGAGE-NPi2020-1800,High-CDR,2C,MESSAGEix,ENGAGE,R10CHINA+,78.284745
Full,MESSAGEix-GLOBIOM 1.1,ENGAGE-NPi2020-1800,High-CDR,2C,MESSAGEix,ENGAGE,R10EUROPE,15.039775
Full,MESSAGEix-GLOBIOM 1.1,ENGAGE-NPi2020-1800,High-CDR,2C,MESSAGEix,ENGAGE,R10INDIA+,128.15554
Full,MESSAGEix-GLOBIOM 1.1,ENGAGE-NPi2020-1800,High-CDR,2C,MESSAGEix,ENGAGE,R10LATIN_AM,13.86277
Full,MESSAGEix-GLOBIOM 1.1,ENGAGE-NPi2020-1800,High-CDR,2C,MESSAGEix,ENGAGE,R10MIDDLE_EAST,60.318735
Full,MESSAGEix-GLOBIOM 1.1,ENGAGE-NPi2020-1800,High-CDR,2C,MESSAGEix,ENGAGE,R10NORTH_AM,6.93668
Full,MESSAGEix-GLOBIOM 1.1,ENGAGE-NPi2020-1800,High-CDR,2C,MESSAGEix,ENGAGE,R10PAC_OECD,5.60067
Full,MESSAGEix-GLOBIOM 1.1,ENGAGE-NPi2020-1800,High-CDR,2C,MESSAGEix,ENGAGE,R10REF_ECON,14.43849
Full,MESSAGEix-GLOBIOM 1.1,ENGAGE-NPi2020-1800,High-CDR,2C,MESSAGEix,ENGAGE,R10REST_ASIA,60.03616
Full,MESSAGEix-GLOBIOM 1.1,ENGAGE-NPi2020-1800-COV,High-CDR,2C,MESSAGEix,ENGAGE,Aggregated R10 regions,463.541345
Full,MESSAGEix-GLOBIOM 1.1,ENGAGE-NPi2020-1800-COV,High-CDR,2C,MESSAGEix,ENGAGE,R10AFRICA,78.27868
Full,MESSAGEix-GLOBIOM 1.1,ENGAGE-NPi2020-1800-COV,High-CDR,2C,MESSAGEix,ENGAGE,R10CHINA+,77.709295
Full,MESSAGEix-GLOBIOM 1.1,ENGAGE-NPi2020-1800-COV,High-CDR,2C,MESSAGEix,ENGAGE,R10EUROPE,15.27649
Full,MESSAGEix-GLOBIOM 1.1,ENGAGE-NPi2020-1800-COV,High-CDR,2C,MESSAGEix,ENGAGE,R10INDIA+,130.83271
Full,MESSAGEix-GLOBIOM 1.1,ENGAGE-NPi2020-1800-COV,High-CDR,2C,MESSAGEix,ENGAGE,R10LATIN_AM,13.84513
Full,MESSAGEix-GLOBIOM 1.1,ENGAGE-NPi2020-1800-COV,High-CDR,2C,MESSAGEix,ENGAGE,R10MIDDLE_EAST,60.230255
Full,MESSAGEix-GLOBIOM 1.1,ENGAGE-NPi2020-1800-COV,High-CDR,2C,MESSAGEix,ENGAGE,R10NORTH_AM,6.915835
Full,MESSAGEix-GLOBIOM 1.1,ENGAGE-NPi2020-1800-COV,High-CDR,2C,MESSAGEix,ENGAGE,R10PAC_OECD,5.684605
Full,MESSAGEix-GLOBIOM 1.1,ENGAGE-NPi2020-1800-COV,High-CDR,2C,MESSAGEix,ENGAGE,R10REF_ECON,14.3965
Full,MESSAGEix-GLOBIOM 1.1,ENGAGE-NPi2020-1800-COV,High-CDR,2C,MESSAGEix,ENGAGE,R10REST_ASIA,60.371845
Full,MESSAGEix-GLOBIOM 1.1,ENGAGE-NPi2020-1800f,High-CDR,2C,MESSAGEix,ENGAGE,Aggregated R10 regions,459.876
Full,MESSAGEix-GLOBIOM 1.1,ENGAGE-NPi2020-1800f,High-CDR,2C,MESSAGEix,ENGAGE,R10AFRICA,77.632085
Full,MESSAGEix-GLOBIOM 1.1,ENGAGE-NPi2020-1800f,High-CDR,2C,MESSAGEix,ENGAGE,R10CHINA+,78.110295
Full,MESSAGEix-GLOBIOM 1.1,ENGAGE-NPi2020-1800f,High-CDR,2C,MESSAGEix,ENGAGE,R10EUROPE,15.07653
Full,MESSAGEix-GLOBIOM 1.1,ENGAGE-NPi2020-1800f,High-CDR,2C,MESSAGEix,ENGAGE,R10INDIA+,127.91031
Full,MESSAGEix-GLOBIOM 1.1,ENGAGE-NPi2020-1800f,High-CDR,2C,MESSAGEix,ENGAGE,R10LATIN_AM,13.858825
Full,MESSAGEix-GLOBIOM 1.1,ENGAGE-NPi2020-1800f,High-CDR,2C,MESSAGEix,ENGAGE,R10MIDDLE_EAST,60.2737
Full,MESSAGEix-GLOBIOM 1.1,ENGAGE-NPi2020-1800f,High-CDR,2C,MESSAGEix,ENGAGE,R10NORTH_AM,7.02607
Full,MESSAGEix-GLOBIOM 1.1,ENGAGE-NPi2020-1800f,High-CDR,2C,MESSAGEix,ENGAGE,R10PAC_OECD,5.55546
Full,MESSAGEix-GLOBIOM 1.1,ENGAGE-NPi2020-1800f,High-CDR,2C,MESSAGEix,ENGAGE,R10REF_ECON,14.439415
Full,MESSAGEix-GLOBIOM 1.1,ENGAGE-NPi2020-1800f,High-CDR,2C,MESSAGEix,ENGAGE,R10REST_ASIA,59.99331
Full,MESSAGEix-GLOBIOM 1.1,ENGAGE-NPi2020-1800f-COV,High-CDR,2C,MESSAGEix,ENGAGE,Aggregated R10 regions,462.475255
Full,MESSAGEix-GLOBIOM 1.1,ENGAGE-NPi2020-1800f-COV,High-CDR,2C,MESSAGEix,ENGAGE,R10AFRICA,78.14922
Full,MESSAGEix-GLOBIOM 1.1,ENGAGE-NPi2020-1800f-COV,High-CDR,2C,MESSAGEix,ENGAGE,R10CHINA+,77.621475
Full,MESSAGEix-GLOBIOM 1.1,ENGAGE-NPi2020-1800f-COV,High-CDR,2C,MESSAGEix,ENGAGE,R10EUROPE,15.28537
Full,MESSAGEix-GLOBIOM 1.1,ENGAGE-NPi2020-1800f-COV,High-CDR,2C,MESSAGEix,ENGAGE,R10INDIA+,130.17979
Full,MESSAGEix-GLOBIOM 1.1,ENGAGE-NPi2020-1800f-COV,High-CDR,2C,MESSAGEix,ENGAGE,R10LATIN_AM,13.800635
Full,MESSAGEix-GLOBIOM 1.1,ENGAGE-NPi2020-1800f-COV,High-CDR,2C,MESSAGEix,ENGAGE,R10MIDDLE_EAST,60.20228
Full,MESSAGEix-GLOBIOM 1.1,ENGAGE-NPi2020-1800f-COV,High-CDR,2C,MESSAGEix,ENGAGE,R10NORTH_AM,6.95441
Full,MESSAGEix-GLOBIOM 1.1,ENGAGE-NPi2020-1800f-COV,High-CDR,2C,MESSAGEix,ENGAGE,R10PAC_OECD,5.620965
Full,MESSAGEix-GLOBIOM 1.1,ENGAGE-NPi2020-1800f-COV,High-CDR,2C,MESSAGEix,ENGAGE,R10REF_ECON,14.39159
Full,MESSAGEix-GLOBIOM 1.1,ENGAGE-NPi2020-1800f-COV,High-CDR,2C,MESSAGEix,ENGAGE,R10REST_ASIA,60.26952
Full,MESSAGEix-GLOBIOM 1.1,ENGAGE-NPi2020-2000,High-CDR,2C,MESSAGEix,ENGAGE,Aggregated R10 regions,468.16481
Full,MESSAGEix-GLOBIOM 1.1,ENGAGE-NPi2020-2000,High-CDR,2C,MESSAGEix,ENGAGE,R10AFRICA,78.533195
Full,MESSAGEix-GLOBIOM 1.1,ENGAGE-NPi2020-2000,High-CDR,2C,MESSAGEix,ENGAGE,R10CHINA+,78.6663
Full,MESSAGEix-GLOBIOM 1.1,ENGAGE-NPi2020-2000,High-CDR,2C,MESSAGEix,ENGAGE,R10EUROPE,15.250595
Full,MESSAGEix-GLOBIOM 1.1,ENGAGE-NPi2020-2000,High-CDR,2C,MESSAGEix,ENGAGE,R10INDIA+,133.00902
Full,MESSAGEix-GLOBIOM 1.1,ENGAGE-NPi2020-2000,High-CDR,2C,MESSAGEix,ENGAGE,R10LATIN_AM,13.98031
Full,MESSAGEix-GLOBIOM 1.1,ENGAGE-NPi2020-2000,High-CDR,2C,MESSAGEix,ENGAGE,R10MIDDLE_EAST,60.364785
Full,MESSAGEix-GLOBIOM 1.1,ENGAGE-NPi2020-2000,High-CDR,2C,MESSAGEix,ENGAGE,R10NORTH_AM,7.04869
Full,MESSAGEix-GLOBIOM 1.1,ENGAGE-NPi2020-2000,High-CDR,2C,MESSAGEix,ENGAGE,R10PAC_OECD,5.70902
Full,MESSAGEix-GLOBIOM 1.1,ENGAGE-NPi2020-2000,High-CDR,2C,MESSAGEix,ENGAGE,R10REF_ECON,14.50238
Full,MESSAGEix-GLOBIOM 1.1,ENGAGE-NPi2020-2000,High-CDR,2C,MESSAGEix,ENGAGE,R10REST_ASIA,61.100515
Full,MESSAGEix-GLOBIOM 1.1,ENGAGE-NPi2020-2000-COV,High-CDR,2C,MESSAGEix,ENGAGE,Aggregated R10 regions,472.143105
Full,MESSAGEix-GLOBIOM 1.1,ENGAGE-NPi2020-2000-COV,High-CDR,2C,MESSAGEix,ENGAGE,R10AFRICA,78.48619
Full,MESSAGEix-GLOBIOM 1.1,ENGAGE-NPi2020-2000-COV,High-CDR,2C,MESSAGEix,ENGAGE,R10CHINA+,78.976215
Full,MESSAGEix-GLOBIOM 1.1,ENGAGE-NPi2020-2000-COV,High-CDR,2C,MESSAGEix,ENGAGE,R10EUROPE,15.857855
Full,MESSAGEix-GLOBIOM 1.1,ENGAGE-NPi2020-2000-COV,High-CDR,2C,MESSAGEix,ENGAGE,R10INDIA+,135.49707
Full,MESSAGEix-GLOBIOM 1.1,ENGAGE-NPi2020-2000-COV,High-CDR,2C,MESSAGEix,ENGAGE,R10LATIN_AM,14.094395
Full,MESSAGEix-GLOBIOM 1.1,ENGAGE-NPi2020-2000-COV,High-CDR,2C,MESSAGEix,ENGAGE,R10MIDDLE_EAST,60.253425
Full,MESSAGEix-GLOBIOM 1.1,ENGAGE-NPi2020-2000-COV,High-CDR,2C,MESSAGEix,ENGAGE,R10NORTH_AM,7.143655
Full,MESSAGEix-GLOBIOM 1.1,ENGAGE-NPi2020-2000-COV,High-CDR,2C,MESSAGEix,ENGAGE,R10PAC_OECD,5.810995
Full,MESSAGEix-GLOBIOM 1.1,ENGAGE-NPi2020-2000-COV,High-CDR,2C,MESSAGEix,ENGAGE,R10REF_ECON,14.46799
Full,MESSAGEix-GLOBIOM 1.1,ENGAGE-NPi2020-2000-COV,High-CDR,2C,MESSAGEix,ENGAGE,R10REST_ASIA,61.555315
Full,MESSAGEix-GLOBIOM 1.1,ENGAGE-NPi2020-450,High-CDR,1.5C,MESSAGEix,ENGAGE,Aggregated R10 regions,414.737825
Full,MESSAGEix-GLOBIOM 1.1,ENGAGE-NPi2020-450,High-CDR,1.5C,MESSAGEix,ENGAGE,R10AFRICA,74.92753
Full,MESSAGEix-GLOBIOM 1.1,ENGAGE-NPi2020-450,High-CDR,1.5C,MESSAGEix,ENGAGE,R10CHINA+,68.69926
Full,MESSAGEix-GLOBIOM 1.1,ENGAGE-NPi2020-450,High-CDR,1.5C,MESSAGEix,ENGAGE,R10EUROPE,13.155405
Full,MESSAGEix-GLOBIOM 1.1,ENGAGE-NPi2020-450,High-CDR,1.5C,MESSAGEix,ENGAGE,R10INDIA+,107.77193
Full,MESSAGEix-GLOBIOM 1.1,ENGAGE-NPi2020-450,High-CDR,1.5C,MESSAGEix,ENGAGE,R10LATIN_AM,13.31249
Full,MESSAGEix-GLOBIOM 1.1,ENGAGE-NPi2020-450,High-CDR,1.5C,MESSAGEix,ENGAGE,R10MIDDLE_EAST,56.383085
Full,MESSAGEix-GLOBIOM 1.1,ENGAGE-NPi2020-450,High-CDR,1.5C,MESSAGEix,ENGAGE,R10NORTH_AM,6.415975
Full,MESSAGEix-GLOBIOM 1.1,ENGAGE-NPi2020-450,High-CDR,1.5C,MESSAGEix,ENGAGE,R10PAC_OECD,5.02253
Full,MESSAGEix-GLOBIOM 1.1,ENGAGE-NPi2020-450,High-CDR,1.5C,MESSAGEix,ENGAGE,R10REF_ECON,13.730865
Full,MESSAGEix-GLOBIOM 1.1,ENGAGE-NPi2020-450,High-CDR,1.5C,MESSAGEix,ENGAGE,R10REST_ASIA,55.318755
Full,MESSAGEix-GLOBIOM 1.1,ENGAGE-NPi2020-500,High-CDR,1.5C,MESSAGEix,ENGAGE,Aggregated R10 regions,415.770175
Full,MESSAGEix-GLOBIOM 1.1,ENGAGE-NPi2020-500,High-CDR,1.5C,MESSAGEix,ENGAGE,R10AFRICA,75.056685
Full,MESSAGEix-GLOBIOM 1.1,ENGAGE-NPi2020-500,High-CDR,1.5C,MESSAGEix,ENGAGE,R10CHINA+,68.847845
Full,MESSAGEix-GLOBIOM 1.1,ENGAGE-NPi2020-500,High-CDR,1.5C,MESSAGEix,ENGAGE,R10EUROPE,13.13635
Full,MESSAGEix-GLOBIOM 1.1,ENGAGE-NPi2020-500,High-CDR,1.5C,MESSAGEix,ENGAGE,R10INDIA+,107.92849
Full,MESSAGEix-GLOBIOM 1.1,ENGAGE-NPi2020-500,High-CDR,1.5C,MESSAGEix,ENGAGE,R10LATIN_AM,13.33001
Full,MESSAGEix-GLOBIOM 1.1,ENGAGE-NPi2020-500,High-CDR,1.5C,MESSAGEix,ENGAGE,R10MIDDLE_EAST,56.980215
Full,MESSAGEix-GLOBIOM 1.1,ENGAGE-NPi2020-500,High-CDR,1.5C,MESSAGEix,ENGAGE,R10NORTH_AM,6.399125
Full,MESSAGEix-GLOBIOM 1.1,ENGAGE-NPi2020-500,High-CDR,1.5C,MESSAGEix,ENGAGE,R10PAC_OECD,5.02653
Full,MESSAGEix-GLOBIOM 1.1,ENGAGE-NPi2020-500,High-CDR,1.5C,MESSAGEix,ENGAGE,R10REF_ECON,13.72153
Full,MESSAGEix-GLOBIOM 1.1,ENGAGE-NPi2020-500,High-CDR,1.5C,MESSAGEix,ENGAGE,R10REST_ASIA,55.343395
Full,MESSAGEix-GLOBIOM 1.1,ENGAGE-NPi2020-600,High-CDR,1.5C,MESSAGEix,ENGAGE,Aggregated R10 regions,420.491735
Full,MESSAGEix-GLOBIOM 1.1,ENGAGE-NPi2020-600,High-CDR,1.5C,MESSAGEix,ENGAGE,R10AFRICA,75.54374
Full,MESSAGEix-GLOBIOM 1.1,ENGAGE-NPi2020-600,High-CDR,1.5C,MESSAGEix,ENGAGE,R10CHINA+,69.225985
Full,MESSAGEix-GLOBIOM 1.1,ENGAGE-NPi2020-600,High-CDR,1.5C,MESSAGEix,ENGAGE,R10EUROPE,13.331835
Full,MESSAGEix-GLOBIOM 1.1,ENGAGE-NPi2020-600,High-CDR,1.5C,MESSAGEix,ENGAGE,R10INDIA+,109.290595
Full,MESSAGEix-GLOBIOM 1.1,ENGAGE-NPi2020-600,High-CDR,1.5C,MESSAGEix,ENGAGE,R10LATIN_AM,13.33001
Full,MESSAGEix-GLOBIOM 1.1,ENGAGE-NPi2020-600,High-CDR,1.5C,MESSAGEix,ENGAGE,R10MIDDLE_EAST,58.872965
Full,MESSAGEix-GLOBIOM 1.1,ENGAGE-NPi2020-600,High-CDR,1.5C,MESSAGEix,ENGAGE,R10NORTH_AM,6.395245
Full,MESSAGEix-GLOBIOM 1.1,ENGAGE-NPi2020-600,High-CDR,1.5C,MESSAGEix,ENGAGE,R10PAC_OECD,5.07988
Full,MESSAGEix-GLOBIOM 1.1,ENGAGE-NPi2020-600,High-CDR,1.5C,MESSAGEix,ENGAGE,R10REF_ECON,13.73428
Full,MESSAGEix-GLOBIOM 1.1,ENGAGE-NPi2020-600,High-CDR,1.5C,MESSAGEix,ENGAGE,R10REST_ASIA,55.6872
Full,MESSAGEix-GLOBIOM 1.1,ENGAGE-NPi2020-600-COV,High-CDR,1.5C,MESSAGEix,ENGAGE,Aggregated R10 regions,422.35523
Full,MESSAGEix-GLOBIOM 1.1,ENGAGE-NPi2020-600-COV,High-CDR,1.5C,MESSAGEix,ENGAGE,R10AFRICA,75.66909
Full,MESSAGEix-GLOBIOM 1.1,ENGAGE-NPi2020-600-COV,High-CDR,1.5C,MESSAGEix,ENGAGE,R10CHINA+,68.60622
Full,MESSAGEix-GLOBIOM 1.1,ENGAGE-NPi2020-600-COV,High-CDR,1.5C,MESSAGEix,ENGAGE,R10EUROPE,13.56021
Full,MESSAGEix-GLOBIOM 1.1,ENGAGE-NPi2020-600-COV,High-CDR,1.5C,MESSAGEix,ENGAGE,R10INDIA+,111.15866
Full,MESSAGEix-GLOBIOM 1.1,ENGAGE-NPi2020-600-COV,High-CDR,1.5C,MESSAGEix,ENGAGE,R10LATIN_AM,13.31314
Full,MESSAGEix-GLOBIOM 1.1,ENGAGE-NPi2020-600-COV,High-CDR,1.5C,MESSAGEix,ENGAGE,R10MIDDLE_EAST,58.915435
Full,MESSAGEix-GLOBIOM 1.1,ENGAGE-NPi2020-600-COV,High-CDR,1.5C,MESSAGEix,ENGAGE,R10NORTH_AM,6.468145
Full,MESSAGEix-GLOBIOM 1.1,ENGAGE-NPi2020-600-COV,High-CDR,1.5C,MESSAGEix,ENGAGE,R10PAC_OECD,5.09619
Full,MESSAGEix-GLOBIOM 1.1,ENGAGE-NPi2020-600-COV,High-CDR,1.5C,MESSAGEix,ENGAGE,R10REF_ECON,13.70808
Full,MESSAGEix-GLOBIOM 1.1,ENGAGE-NPi2020-600-COV,High-CDR,1.5C,MESSAGEix,ENGAGE,R10REST_ASIA,55.86006
Full,MESSAGEix-GLOBIOM 1.1,ENGAGE-NPi2020-600-DR10p,High-CDR,1.5C,MESSAGEix,ENGAGE,Aggregated R10 regions,424.7369
Full,MESSAGEix-GLOBIOM 1.1,ENGAGE-NPi2020-600-DR10p,High-CDR,1.5C,MESSAGEix,ENGAGE,R10AFRICA,75.106475
Full,MESSAGEix-GLOBIOM 1.1,ENGAGE-NPi2020-600-DR10p,High-CDR,1.5C,MESSAGEix,ENGAGE,R10CHINA+,70.2651
Full,MESSAGEix-GLOBIOM 1.1,ENGAGE-NPi2020-600-DR10p,High-CDR,1.5C,MESSAGEix,ENGAGE,R10EUROPE,13.338105
Full,MESSAGEix-GLOBIOM 1.1,ENGAGE-NPi2020-600-DR10p,High-CDR,1.5C,MESSAGEix,ENGAGE,R10INDIA+,113.22259
Full,MESSAGEix-GLOBIOM 1.1,ENGAGE-NPi2020-600-DR10p,High-CDR,1.5C,MESSAGEix,ENGAGE,R10LATIN_AM,13.3248
Full,MESSAGEix-GLOBIOM 1.1,ENGAGE-NPi2020-600-DR10p,High-CDR,1.5C,MESSAGEix,ENGAGE,R10MIDDLE_EAST,57.21411
Full,MESSAGEix-GLOBIOM 1.1,ENGAGE-NPi2020-600-DR10p,High-CDR,1.5C,MESSAGEix,ENGAGE,R10NORTH_AM,6.596165
Full,MESSAGEix-GLOBIOM 1.1,ENGAGE-NPi2020-600-DR10p,High-CDR,1.5C,MESSAGEix,ENGAGE,R10PAC_OECD,4.96329
Full,MESSAGEix-GLOBIOM 1.1,ENGAGE-NPi2020-600-DR10p,High-CDR,1.5C,MESSAGEix,ENGAGE,R10REF_ECON,14.01668
Full,MESSAGEix-GLOBIOM 1.1,ENGAGE-NPi2020-600-DR10p,High-CDR,1.5C,MESSAGEix,ENGAGE,R10REST_ASIA,56.689585
Full,MESSAGEix-GLOBIOM 1.1,ENGAGE-NPi2020-600-DR1p,High-CDR,1.5C,MESSAGEix,ENGAGE,Aggregated R10 regions,420.83527
Full,MESSAGEix-GLOBIOM 1.1,ENGAGE-NPi2020-600-DR1p,High-CDR,1.5C,MESSAGEix,ENGAGE,R10AFRICA,76.1064
Full,MESSAGEix-GLOBIOM 1.1,ENGAGE-NPi2020-600-DR1p,High-CDR,1.5C,MESSAGEix,ENGAGE,R10CHINA+,68.387845
Full,MESSAGEix-GLOBIOM 1.1,ENGAGE-NPi2020-600-DR1p,High-CDR,1.5C,MESSAGEix,ENGAGE,R10EUROPE,13.582715
Full,MESSAGEix-GLOBIOM 1.1,ENGAGE-NPi2020-600-DR1p,High-CDR,1.5C,MESSAGEix,ENGAGE,R10INDIA+,109.321595
Full,MESSAGEix-GLOBIOM 1.1,ENGAGE-NPi2020-600-DR1p,High-CDR,1.5C,MESSAGEix,ENGAGE,R10LATIN_AM,13.3487
Full,MESSAGEix-GLOBIOM 1.1,ENGAGE-NPi2020-600-DR1p,High-CDR,1.5C,MESSAGEix,ENGAGE,R10MIDDLE_EAST,59.193495
Full,MESSAGEix-GLOBIOM 1.1,ENGAGE-NPi2020-600-DR1p,High-CDR,1.5C,MESSAGEix,ENGAGE,R10NORTH_AM,6.344535
Full,MESSAGEix-GLOBIOM 1.1,ENGAGE-NPi2020-600-DR1p,High-CDR,1.5C,MESSAGEix,ENGAGE,R10PAC_OECD,5.08591
Full,MESSAGEix-GLOBIOM 1.1,ENGAGE-NPi2020-600-DR1p,High-CDR,1.5C,MESSAGEix,ENGAGE,R10REF_ECON,13.94093
Full,MESSAGEix-GLOBIOM 1.1,ENGAGE-NPi2020-600-DR1p,High-CDR,1.5C,MESSAGEix,ENGAGE,R10REST_ASIA,55.523145
Full,MESSAGEix-GLOBIOM 1.1,ENGAGE-NPi2020-600-DR2p,High-CDR,1.5C,MESSAGEix,ENGAGE,Aggregated R10 regions,420.122535
Full,MESSAGEix-GLOBIOM 1.1,ENGAGE-NPi2020-600-DR2p,High-CDR,1.5C,MESSAGEix,ENGAGE,R10AFRICA,75.98299
Full,MESSAGEix-GLOBIOM 1.1,ENGAGE-NPi2020-600-DR2p,High-CDR,1.5C,MESSAGEix,ENGAGE,R10CHINA+,68.49688
Full,MESSAGEix-GLOBIOM 1.1,ENGAGE-NPi2020-600-DR2p,High-CDR,1.5C,MESSAGEix,ENGAGE,R10EUROPE,13.42011
Full,MESSAGEix-GLOBIOM 1.1,ENGAGE-NPi2020-600-DR2p,High-CDR,1.5C,MESSAGEix,ENGAGE,R10INDIA+,109.05965
Full,MESSAGEix-GLOBIOM 1.1,ENGAGE-NPi2020-600-DR2p,High-CDR,1.5C,MESSAGEix,ENGAGE,R10LATIN_AM,13.32975
Full,MESSAGEix-GLOBIOM 1.1,ENGAGE-NPi2020-600-DR2p,High-CDR,1.5C,MESSAGEix,ENGAGE,R10MIDDLE_EAST,59.072465
Full,MESSAGEix-GLOBIOM 1.1,ENGAGE-NPi2020-600-DR2p,High-CDR,1.5C,MESSAGEix,ENGAGE,R10NORTH_AM,6.344535
Full,MESSAGEix-GLOBIOM 1.1,ENGAGE-NPi2020-600-DR2p,High-CDR,1.5C,MESSAGEix,ENGAGE,R10PAC_OECD,5.07496
Full,MESSAGEix-GLOBIOM 1.1,ENGAGE-NPi2020-600-DR2p,High-CDR,1.5C,MESSAGEix,ENGAGE,R10REF_ECON,13.84596
Full,MESSAGEix-GLOBIOM 1.1,ENGAGE-NPi2020-600-DR2p,High-CDR,1.5C,MESSAGEix,ENGAGE,R10REST_ASIA,55.495235
Full,MESSAGEix-GLOBIOM 1.1,ENGAGE-NPi2020-600-DR3p,High-CDR,1.5C,MESSAGEix,ENGAGE,Aggregated R10 regions,419.911885
Full,MESSAGEix-GLOBIOM 1.1,ENGAGE-NPi2020-600-DR3p,High-CDR,1.5C,MESSAGEix,ENGAGE,R10AFRICA,75.86602
Full,MESSAGEix-GLOBIOM 1.1,ENGAGE-NPi2020-600-DR3p,High-CDR,1.5C,MESSAGEix,ENGAGE,R10CHINA+,68.43569
Full,MESSAGEix-GLOBIOM 1.1,ENGAGE-NPi2020-600-DR3p,High-CDR,1.5C,MESSAGEix,ENGAGE,R10EUROPE,13.39995
Full,MESSAGEix-GLOBIOM 1.1,ENGAGE-NPi2020-600-DR3p,High-CDR,1.5C,MESSAGEix,ENGAGE,R10INDIA+,108.95462
Full,MESSAGEix-GLOBIOM 1.1,ENGAGE-NPi2020-600-DR3p,High-CDR,1.5C,MESSAGEix,ENGAGE,R10LATIN_AM,13.32975
Full,MESSAGEix-GLOBIOM 1.1,ENGAGE-NPi2020-600-DR3p,High-CDR,1.5C,MESSAGEix,ENGAGE,R10MIDDLE_EAST,59.01544
Full,MESSAGEix-GLOBIOM 1.1,ENGAGE-NPi2020-600-DR3p,High-CDR,1.5C,MESSAGEix,ENGAGE,R10NORTH_AM,6.34579
Full,MESSAGEix-GLOBIOM 1.1,ENGAGE-NPi2020-600-DR3p,High-CDR,1.5C,MESSAGEix,ENGAGE,R10PAC_OECD,5.072775
Full,MESSAGEix-GLOBIOM 1.1,ENGAGE-NPi2020-600-DR3p,High-CDR,1.5C,MESSAGEix,ENGAGE,R10REF_ECON,13.93168
Full,MESSAGEix-GLOBIOM 1.1,ENGAGE-NPi2020-600-DR3p,High-CDR,1.5C,MESSAGEix,ENGAGE,R10REST_ASIA,55.56017
Full,MESSAGEix-GLOBIOM 1.1,ENGAGE-NPi2020-600-DR4p,High-CDR,1.5C,MESSAGEix,ENGAGE,Aggregated R10 regions,420.31268
Full,MESSAGEix-GLOBIOM 1.1,ENGAGE-NPi2020-600-DR4p,High-CDR,1.5C,MESSAGEix,ENGAGE,R10AFRICA,75.6331
Full,MESSAGEix-GLOBIOM 1.1,ENGAGE-NPi2020-600-DR4p,High-CDR,1.5C,MESSAGEix,ENGAGE,R10CHINA+,68.85063
Full,MESSAGEix-GLOBIOM 1.1,ENGAGE-NPi2020-600-DR4p,High-CDR,1.5C,MESSAGEix,ENGAGE,R10EUROPE,13.355695
Full,MESSAGEix-GLOBIOM 1.1,ENGAGE-NPi2020-600-DR4p,High-CDR,1.5C,MESSAGEix,ENGAGE,R10INDIA+,109.23656
Full,MESSAGEix-GLOBIOM 1.1,ENGAGE-NPi2020-600-DR4p,High-CDR,1.5C,MESSAGEix,ENGAGE,R10LATIN_AM,13.3291
Full,MESSAGEix-GLOBIOM 1.1,ENGAGE-NPi2020-600-DR4p,High-CDR,1.5C,MESSAGEix,ENGAGE,R10MIDDLE_EAST,58.94052
Full,MESSAGEix-GLOBIOM 1.1,ENGAGE-NPi2020-600-DR4p,High-CDR,1.5C,MESSAGEix,ENGAGE,R10NORTH_AM,6.379545
Full,MESSAGEix-GLOBIOM 1.1,ENGAGE-NPi2020-600-DR4p,High-CDR,1.5C,MESSAGEix,ENGAGE,R10PAC_OECD,5.06464
Full,MESSAGEix-GLOBIOM 1.1,ENGAGE-NPi2020-600-DR4p,High-CDR,1.5C,MESSAGEix,ENGAGE,R10REF_ECON,13.88817
Full,MESSAGEix-GLOBIOM 1.1,ENGAGE-NPi2020-600-DR4p,High-CDR,1.5C,MESSAGEix,ENGAGE,R10REST_ASIA,55.63472
Full,MESSAGEix-GLOBIOM 1.1,ENGAGE-NPi2020-700,High-CDR,1.5C,MESSAGEix,ENGAGE,Aggregated R10 regions,423.13074
Full,MESSAGEix-GLOBIOM 1.1,ENGAGE-NPi2020-700,High-CDR,1.5C,MESSAGEix,ENGAGE,R10AFRICA,75.70663
Full,MESSAGEix-GLOBIOM 1.1,ENGAGE-NPi2020-700,High-CDR,1.5C,MESSAGEix,ENGAGE,R10CHINA+,69.64859
Full,MESSAGEix-GLOBIOM 1.1,ENGAGE-NPi2020-700,High-CDR,1.5C,MESSAGEix,ENGAGE,R10EUROPE,13.519505
Full,MESSAGEix-GLOBIOM 1.1,ENGAGE-NPi2020-700,High-CDR,1.5C,MESSAGEix,ENGAGE,R10INDIA+,110.43491
Full,MESSAGEix-GLOBIOM 1.1,ENGAGE-NPi2020-700,High-CDR,1.5C,MESSAGEix,ENGAGE,R10LATIN_AM,13.34105
Full,MESSAGEix-GLOBIOM 1.1,ENGAGE-NPi2020-700,High-CDR,1.5C,MESSAGEix,ENGAGE,R10MIDDLE_EAST,59.113265
Full,MESSAGEix-GLOBIOM 1.1,ENGAGE-NPi2020-700,High-CDR,1.5C,MESSAGEix,ENGAGE,R10NORTH_AM,6.470825
Full,MESSAGEix-GLOBIOM 1.1,ENGAGE-NPi2020-700,High-CDR,1.5C,MESSAGEix,ENGAGE,R10PAC_OECD,5.14671
Full,MESSAGEix-GLOBIOM 1.1,ENGAGE-NPi2020-700,High-CDR,1.5C,MESSAGEix,ENGAGE,R10REF_ECON,13.77682
Full,MESSAGEix-GLOBIOM 1.1,ENGAGE-NPi2020-700,High-CDR,1.5C,MESSAGEix,ENGAGE,R10REST_ASIA,55.972435
Full,MESSAGEix-GLOBIOM 1.1,ENGAGE-NPi2020-700-COV,High-CDR,1.5C,MESSAGEix,ENGAGE,Aggregated R10 regions,425.62912
Full,MESSAGEix-GLOBIOM 1.1,ENGAGE-NPi2020-700-COV,High-CDR,1.5C,MESSAGEix,ENGAGE,R10AFRICA,75.74898
Full,MESSAGEix-GLOBIOM 1.1,ENGAGE-NPi2020-700-COV,High-CDR,1.5C,MESSAGEix,ENGAGE,R10CHINA+,69.13606
Full,MESSAGEix-GLOBIOM 1.1,ENGAGE-NPi2020-700-COV,High-CDR,1.5C,MESSAGEix,ENGAGE,R10EUROPE,13.71109
Full,MESSAGEix-GLOBIOM 1.1,ENGAGE-NPi2020-700-COV,High-CDR,1.5C,MESSAGEix,ENGAGE,R10INDIA+,112.97992
Full,MESSAGEix-GLOBIOM 1.1,ENGAGE-NPi2020-700-COV,High-CDR,1.5C,MESSAGEix,ENGAGE,R10LATIN_AM,13.317295
Full,MESSAGEix-GLOBIOM 1.1,ENGAGE-NPi2020-700-COV,High-CDR,1.5C,MESSAGEix,ENGAGE,R10MIDDLE_EAST,59.1047
Full,MESSAGEix-GLOBIOM 1.1,ENGAGE-NPi2020-700-COV,High-CDR,1.5C,MESSAGEix,ENGAGE,R10NORTH_AM,6.474895
Full,MESSAGEix-GLOBIOM 1.1,ENGAGE-NPi2020-700-COV,High-CDR,1.5C,MESSAGEix,ENGAGE,R10PAC_OECD,5.13064
Full,MESSAGEix-GLOBIOM 1.1,ENGAGE-NPi2020-700-COV,High-CDR,1.5C,MESSAGEix,ENGAGE,R10REF_ECON,13.75431
Full,MESSAGEix-GLOBIOM 1.1,ENGAGE-NPi2020-700-COV,High-CDR,1.5C,MESSAGEix,ENGAGE,R10REST_ASIA,56.27123
Full,MESSAGEix-GLOBIOM 1.1,ENGAGE-NPi2020-800-COV,High-CDR,2C,MESSAGEix,ENGAGE,Aggregated R10 regions,429.506065
Full,MESSAGEix-GLOBIOM 1.1,ENGAGE-NPi2020-800-COV,High-CDR,2C,MESSAGEix,ENGAGE,R10AFRICA,75.92141
Full,MESSAGEix-GLOBIOM 1.1,ENGAGE-NPi2020-800-COV,High-CDR,2C,MESSAGEix,ENGAGE,R10CHINA+,70.477995
Full,MESSAGEix-GLOBIOM 1.1,ENGAGE-NPi2020-800-COV,High-CDR,2C,MESSAGEix,ENGAGE,R10EUROPE,13.85319
Full,MESSAGEix-GLOBIOM 1.1,ENGAGE-NPi2020-800-COV,High-CDR,2C,MESSAGEix,ENGAGE,R10INDIA+,114.55751
Full,MESSAGEix-GLOBIOM 1.1,ENGAGE-NPi2020-800-COV,High-CDR,2C,MESSAGEix,ENGAGE,R10LATIN_AM,13.34066
Full,MESSAGEix-GLOBIOM 1.1,ENGAGE-NPi2020-800-COV,High-CDR,2C,MESSAGEix,ENGAGE,R10MIDDLE_EAST,59.220435
Full,MESSAGEix-GLOBIOM 1.1,ENGAGE-NPi2020-800-COV,High-CDR,2C,MESSAGEix,ENGAGE,R10NORTH_AM,6.521695
Full,MESSAGEix-GLOBIOM 1.1,ENGAGE-NPi2020-800-COV,High-CDR,2C,MESSAGEix,ENGAGE,R10PAC_OECD,5.19834
Full,MESSAGEix-GLOBIOM 1.1,ENGAGE-NPi2020-800-COV,High-CDR,2C,MESSAGEix,ENGAGE,R10REF_ECON,13.84448
Full,MESSAGEix-GLOBIOM 1.1,ENGAGE-NPi2020-800-COV,High-CDR,2C,MESSAGEix,ENGAGE,R10REST_ASIA,56.57035
Full,MESSAGEix-GLOBIOM 1.1,ENGAGE-NPi2020-900-COV,High-CDR,2C,MESSAGEix,ENGAGE,Aggregated R10 regions,433.475155
Full,MESSAGEix-GLOBIOM 1.1,ENGAGE-NPi2020-900-COV,High-CDR,2C,MESSAGEix,ENGAGE,R10AFRICA,76.124145
Full,MESSAGEix-GLOBIOM 1.1,ENGAGE-NPi2020-900-COV,High-CDR,2C,MESSAGEix,ENGAGE,R10CHINA+,71.429975
Full,MESSAGEix-GLOBIOM 1.1,ENGAGE-NPi2020-900-COV,High-CDR,2C,MESSAGEix,ENGAGE,R10EUROPE,14.10742
Full,MESSAGEix-GLOBIOM 1.1,ENGAGE-NPi2020-900-COV,High-CDR,2C,MESSAGEix,ENGAGE,R10INDIA+,116.29774
Full,MESSAGEix-GLOBIOM 1.1,ENGAGE-NPi2020-900-COV,High-CDR,2C,MESSAGEix,ENGAGE,R10LATIN_AM,13.382
Full,MESSAGEix-GLOBIOM 1.1,ENGAGE-NPi2020-900-COV,High-CDR,2C,MESSAGEix,ENGAGE,R10MIDDLE_EAST,59.30854
Full,MESSAGEix-GLOBIOM 1.1,ENGAGE-NPi2020-900-COV,High-CDR,2C,MESSAGEix,ENGAGE,R10NORTH_AM,6.589435
Full,MESSAGEix-GLOBIOM 1.1,ENGAGE-NPi2020-900-COV,High-CDR,2C,MESSAGEix,ENGAGE,R10PAC_OECD,5.191965
Full,MESSAGEix-GLOBIOM 1.1,ENGAGE-NPi2020-900-COV,High-CDR,2C,MESSAGEix,ENGAGE,R10REF_ECON,13.91689
Full,MESSAGEix-GLOBIOM 1.1,ENGAGE-NPi2020-900-COV,High-CDR,2C,MESSAGEix,ENGAGE,R10REST_ASIA,57.127045
Full,MESSAGEix-GLOBIOM 1.1,ENGAGE-NPi2020-900f-COV,High-CDR,2C,MESSAGEix,ENGAGE,Aggregated R10 regions,432.223695
Full,MESSAGEix-GLOBIOM 1.1,ENGAGE-NPi2020-900f-COV,High-CDR,2C,MESSAGEix,ENGAGE,R10AFRICA,75.592635
Full,MESSAGEix-GLOBIOM 1.1,ENGAGE-NPi2020-900f-COV,High-CDR,2C,MESSAGEix,ENGAGE,R10CHINA+,71.135935
Full,MESSAGEix-GLOBIOM 1.1,ENGAGE-NPi2020-900f-COV,High-CDR,2C,MESSAGEix,ENGAGE,R10EUROPE,14.190485
Full,MESSAGEix-GLOBIOM 1.1,ENGAGE-NPi2020-900f-COV,High-CDR,2C,MESSAGEix,ENGAGE,R10INDIA+,115.86159
Full,MESSAGEix-GLOBIOM 1.1,ENGAGE-NPi2020-900f-COV,High-CDR,2C,MESSAGEix,ENGAGE,R10LATIN_AM,13.408425
Full,MESSAGEix-GLOBIOM 1.1,ENGAGE-NPi2020-900f-COV,High-CDR,2C,MESSAGEix,ENGAGE,R10MIDDLE_EAST,59.01177
Full,MESSAGEix-GLOBIOM 1.1,ENGAGE-NPi2020-900f-COV,High-CDR,2C,MESSAGEix,ENGAGE,R10NORTH_AM,6.77324
Full,MESSAGEix-GLOBIOM 1.1,ENGAGE-NPi2020-900f-COV,High-CDR,2C,MESSAGEix,ENGAGE,R10PAC_OECD,5.217465
Full,MESSAGEix-GLOBIOM 1.1,ENGAGE-NPi2020-900f-COV,High-CDR,2C,MESSAGEix,ENGAGE,R10REF_ECON,14.03586
Full,MESSAGEix-GLOBIOM 1.1,ENGAGE-NPi2020-900f-COV,High-CDR,2C,MESSAGEix,ENGAGE,R10REST_ASIA,56.99629
Full,MESSAGEix-GLOBIOM 1.1,NGFS Phase 2-Below 2°C,High-CDR,2C,MESSAGEix,NGFS Phase 2,Aggregated R10 regions,438.69743
Full,MESSAGEix-GLOBIOM 1.1,NGFS Phase 2-Below 2°C,High-CDR,2C,MESSAGEix,NGFS Phase 2,R10AFRICA,76.374835
Full,MESSAGEix-GLOBIOM 1.1,NGFS Phase 2-Below 2°C,High-CDR,2C,MESSAGEix,NGFS Phase 2,R10CHINA+,71.91095
Full,MESSAGEix-GLOBIOM 1.1,NGFS Phase 2-Below 2°C,High-CDR,2C,MESSAGEix,NGFS Phase 2,R10EUROPE,14.391015
Full,MESSAGEix-GLOBIOM 1.1,NGFS Phase 2-Below 2°C,High-CDR,2C,MESSAGEix,NGFS Phase 2,R10INDIA+,119.426605
Full,MESSAGEix-GLOBIOM 1.1,NGFS Phase 2-Below 2°C,High-CDR,2C,MESSAGEix,NGFS Phase 2,R10LATIN_AM,13.46261
Full,MESSAGEix-GLOBIOM 1.1,NGFS Phase 2-Below 2°C,High-CDR,2C,MESSAGEix,NGFS Phase 2,R10MIDDLE_EAST,59.393025
Full,MESSAGEix-GLOBIOM 1.1,NGFS Phase 2-Below 2°C,High-CDR,2C,MESSAGEix,NGFS Phase 2,R10NORTH_AM,6.70023
Full,MESSAGEix-GLOBIOM 1.1,NGFS Phase 2-Below 2°C,High-CDR,2C,MESSAGEix,NGFS Phase 2,R10PAC_OECD,5.279215
Full,MESSAGEix-GLOBIOM 1.1,NGFS Phase 2-Below 2°C,High-CDR,2C,MESSAGEix,NGFS Phase 2,R10REF_ECON,14.01515
Full,MESSAGEix-GLOBIOM 1.1,NGFS Phase 2-Below 2°C,High-CDR,2C,MESSAGEix,NGFS Phase 2,R10REST_ASIA,57.743795
Full,MESSAGEix-GLOBIOM 1.1,NGFS Phase 2-Delayed Transition,High-RE,2C,MESSAGEix,NGFS Phase 2,Aggregated R10 regions,443.28804
Full,MESSAGEix-GLOBIOM 1.1,NGFS Phase 2-Delayed Transition,High-RE,2C,MESSAGEix,NGFS Phase 2,R10AFRICA,76.511755
Full,MESSAGEix-GLOBIOM 1.1,NGFS Phase 2-Delayed Transition,High-RE,2C,MESSAGEix,NGFS Phase 2,R10CHINA+,76.377025
Full,MESSAGEix-GLOBIOM 1.1,NGFS Phase 2-Delayed Transition,High-RE,2C,MESSAGEix,NGFS Phase 2,R10EUROPE,14.40515
Full,MESSAGEix-GLOBIOM 1.1,NGFS Phase 2-Delayed Transition,High-RE,2C,MESSAGEix,NGFS Phase 2,R10INDIA+,119.57725
Full,MESSAGEix-GLOBIOM 1.1,NGFS Phase 2-Delayed Transition,High-RE,2C,MESSAGEix,NGFS Phase 2,R10LATIN_AM,14.104955
Full,MESSAGEix-GLOBIOM 1.1,NGFS Phase 2-Delayed Transition,High-RE,2C,MESSAGEix,NGFS Phase 2,R10MIDDLE_EAST,56.707175
Full,MESSAGEix-GLOBIOM 1.1,NGFS Phase 2-Delayed Transition,High-RE,2C,MESSAGEix,NGFS Phase 2,R10NORTH_AM,7.59302
Full,MESSAGEix-GLOBIOM 1.1,NGFS Phase 2-Delayed Transition,High-RE,2C,MESSAGEix,NGFS Phase 2,R10PAC_OECD,5.31387
Full,MESSAGEix-GLOBIOM 1.1,NGFS Phase 2-Delayed Transition,High-RE,2C,MESSAGEix,NGFS Phase 2,R10REF_ECON,14.3664
Full,MESSAGEix-GLOBIOM 1.1,NGFS Phase 2-Delayed Transition,High-RE,2C,MESSAGEix,NGFS Phase 2,R10REST_ASIA,58.33144
Full,MESSAGEix-GLOBIOM 1.1,NGFS Phase 2-Net-Zero 2050,High-CDR,1.5C,MESSAGEix,NGFS Phase 2,Aggregated R10 regions,423.65872
Full,MESSAGEix-GLOBIOM 1.1,NGFS Phase 2-Net-Zero 2050,High-CDR,1.5C,MESSAGEix,NGFS Phase 2,R10AFRICA,75.6144
Full,MESSAGEix-GLOBIOM 1.1,NGFS Phase 2-Net-Zero 2050,High-CDR,1.5C,MESSAGEix,NGFS Phase 2,R10CHINA+,68.6695
Full,MESSAGEix-GLOBIOM 1.1,NGFS Phase 2-Net-Zero 2050,High-CDR,1.5C,MESSAGEix,NGFS Phase 2,R10EUROPE,13.426255
Full,MESSAGEix-GLOBIOM 1.1,NGFS Phase 2-Net-Zero 2050,High-CDR,1.5C,MESSAGEix,NGFS Phase 2,R10INDIA+,112.295925
Full,MESSAGEix-GLOBIOM 1.1,NGFS Phase 2-Net-Zero 2050,High-CDR,1.5C,MESSAGEix,NGFS Phase 2,R10LATIN_AM,13.326655
Full,MESSAGEix-GLOBIOM 1.1,NGFS Phase 2-Net-Zero 2050,High-CDR,1.5C,MESSAGEix,NGFS Phase 2,R10MIDDLE_EAST,59.080045
Full,MESSAGEix-GLOBIOM 1.1,NGFS Phase 2-Net-Zero 2050,High-CDR,1.5C,MESSAGEix,NGFS Phase 2,R10NORTH_AM,6.395245
Full,MESSAGEix-GLOBIOM 1.1,NGFS Phase 2-Net-Zero 2050,High-CDR,1.5C,MESSAGEix,NGFS Phase 2,R10PAC_OECD,5.07434
Full,MESSAGEix-GLOBIOM 1.1,NGFS Phase 2-Net-Zero 2050,High-CDR,1.5C,MESSAGEix,NGFS Phase 2,R10REF_ECON,13.72029
Full,MESSAGEix-GLOBIOM 1.1,NGFS Phase 2-Net-Zero 2050,High-CDR,1.5C,MESSAGEix,NGFS Phase 2,R10REST_ASIA,56.056065
Full,MESSAGEix-GLOBIOM 1.2,COVID-Shift-GreenPush_1000,High-CDR,2C,MESSAGEix,COVID,Aggregated R10 regions,432.7339
Full,MESSAGEix-GLOBIOM 1.2,COVID-Shift-GreenPush_1000,High-CDR,2C,MESSAGEix,COVID,R10AFRICA,76.440645
Full,MESSAGEix-GLOBIOM 1.2,COVID-Shift-GreenPush_1000,High-CDR,2C,MESSAGEix,COVID,R10CHINA+,72.857885
Full,MESSAGEix-GLOBIOM 1.2,COVID-Shift-GreenPush_1000,High-CDR,2C,MESSAGEix,COVID,R10EUROPE,14.14695
Full,MESSAGEix-GLOBIOM 1.2,COVID-Shift-GreenPush_1000,High-CDR,2C,MESSAGEix,COVID,R10INDIA+,113.48106
Full,MESSAGEix-GLOBIOM 1.2,COVID-Shift-GreenPush_1000,High-CDR,2C,MESSAGEix,COVID,R10LATIN_AM,13.473545
Full,MESSAGEix-GLOBIOM 1.2,COVID-Shift-GreenPush_1000,High-CDR,2C,MESSAGEix,COVID,R10MIDDLE_EAST,59.465395
Full,MESSAGEix-GLOBIOM 1.2,COVID-Shift-GreenPush_1000,High-CDR,2C,MESSAGEix,COVID,R10NORTH_AM,6.60454
Full,MESSAGEix-GLOBIOM 1.2,COVID-Shift-GreenPush_1000,High-CDR,2C,MESSAGEix,COVID,R10PAC_OECD,5.39264
Full,MESSAGEix-GLOBIOM 1.2,COVID-Shift-GreenPush_1000,High-CDR,2C,MESSAGEix,COVID,R10REF_ECON,14.028265
Full,MESSAGEix-GLOBIOM 1.2,COVID-Shift-GreenPush_1000,High-CDR,2C,MESSAGEix,COVID,R10REST_ASIA,56.842975
Full,MESSAGEix-GLOBIOM 1.2,COVID-Shift-GreenPush_550,High-CDR,1.5C,MESSAGEix,COVID,Aggregated R10 regions,418.02803
Full,MESSAGEix-GLOBIOM 1.2,COVID-Shift-GreenPush_550,High-CDR,1.5C,MESSAGEix,COVID,R10AFRICA,75.61663
Full,MESSAGEix-GLOBIOM 1.2,COVID-Shift-GreenPush_550,High-CDR,1.5C,MESSAGEix,COVID,R10CHINA+,69.11295
Full,MESSAGEix-GLOBIOM 1.2,COVID-Shift-GreenPush_550,High-CDR,1.5C,MESSAGEix,COVID,R10EUROPE,13.352115
Full,MESSAGEix-GLOBIOM 1.2,COVID-Shift-GreenPush_550,High-CDR,1.5C,MESSAGEix,COVID,R10INDIA+,107.261535
Full,MESSAGEix-GLOBIOM 1.2,COVID-Shift-GreenPush_550,High-CDR,1.5C,MESSAGEix,COVID,R10LATIN_AM,13.326355
Full,MESSAGEix-GLOBIOM 1.2,COVID-Shift-GreenPush_550,High-CDR,1.5C,MESSAGEix,COVID,R10MIDDLE_EAST,58.92688
Full,MESSAGEix-GLOBIOM 1.2,COVID-Shift-GreenPush_550,High-CDR,1.5C,MESSAGEix,COVID,R10NORTH_AM,6.35563
Full,MESSAGEix-GLOBIOM 1.2,COVID-Shift-GreenPush_550,High-CDR,1.5C,MESSAGEix,COVID,R10PAC_OECD,5.08618
Full,MESSAGEix-GLOBIOM 1.2,COVID-Shift-GreenPush_550,High-CDR,1.5C,MESSAGEix,COVID,R10REF_ECON,13.726485
Full,MESSAGEix-GLOBIOM 1.2,COVID-Shift-GreenPush_550,High-CDR,1.5C,MESSAGEix,COVID,R10REST_ASIA,55.26327
Full,MESSAGEix-GLOBIOM 1.2,COVID-Shift-NoPolicyNoCOVID_1000,High-CDR,2C,MESSAGEix,COVID,Aggregated R10 regions,436.332005
Full,MESSAGEix-GLOBIOM 1.2,COVID-Shift-NoPolicyNoCOVID_1000,High-CDR,2C,MESSAGEix,COVID,R10AFRICA,76.35336
Full,MESSAGEix-GLOBIOM 1.2,COVID-Shift-NoPolicyNoCOVID_1000,High-CDR,2C,MESSAGEix,COVID,R10CHINA+,73.62675
Full,MESSAGEix-GLOBIOM 1.2,COVID-Shift-NoPolicyNoCOVID_1000,High-CDR,2C,MESSAGEix,COVID,R10EUROPE,14.25752
Full,MESSAGEix-GLOBIOM 1.2,COVID-Shift-NoPolicyNoCOVID_1000,High-CDR,2C,MESSAGEix,COVID,R10INDIA+,115.94388
Full,MESSAGEix-GLOBIOM 1.2,COVID-Shift-NoPolicyNoCOVID_1000,High-CDR,2C,MESSAGEix,COVID,R10LATIN_AM,13.453335
Full,MESSAGEix-GLOBIOM 1.2,COVID-Shift-NoPolicyNoCOVID_1000,High-CDR,2C,MESSAGEix,COVID,R10MIDDLE_EAST,59.49713
Full,MESSAGEix-GLOBIOM 1.2,COVID-Shift-NoPolicyNoCOVID_1000,High-CDR,2C,MESSAGEix,COVID,R10NORTH_AM,6.621125
Full,MESSAGEix-GLOBIOM 1.2,COVID-Shift-NoPolicyNoCOVID_1000,High-CDR,2C,MESSAGEix,COVID,R10PAC_OECD,5.33632
Full,MESSAGEix-GLOBIOM 1.2,COVID-Shift-NoPolicyNoCOVID_1000,High-CDR,2C,MESSAGEix,COVID,R10REF_ECON,13.985945
Full,MESSAGEix-GLOBIOM 1.2,COVID-Shift-NoPolicyNoCOVID_1000,High-CDR,2C,MESSAGEix,COVID,R10REST_ASIA,57.25664
Full,MESSAGEix-GLOBIOM 1.2,COVID-Shift-NoPolicyNoCOVID_550,High-CDR,1.5C,MESSAGEix,COVID,Aggregated R10 regions,418.161055
Full,MESSAGEix-GLOBIOM 1.2,COVID-Shift-NoPolicyNoCOVID_550,High-CDR,1.5C,MESSAGEix,COVID,R10AFRICA,75.30273
Full,MESSAGEix-GLOBIOM 1.2,COVID-Shift-NoPolicyNoCOVID_550,High-CDR,1.5C,MESSAGEix,COVID,R10CHINA+,69.293305
Full,MESSAGEix-GLOBIOM 1.2,COVID-Shift-NoPolicyNoCOVID_550,High-CDR,1.5C,MESSAGEix,COVID,R10EUROPE,13.272465
Full,MESSAGEix-GLOBIOM 1.2,COVID-Shift-NoPolicyNoCOVID_550,High-CDR,1.5C,MESSAGEix,COVID,R10INDIA+,108.34177
Full,MESSAGEix-GLOBIOM 1.2,COVID-Shift-NoPolicyNoCOVID_550,High-CDR,1.5C,MESSAGEix,COVID,R10LATIN_AM,13.32765
Full,MESSAGEix-GLOBIOM 1.2,COVID-Shift-NoPolicyNoCOVID_550,High-CDR,1.5C,MESSAGEix,COVID,R10MIDDLE_EAST,58.01452
Full,MESSAGEix-GLOBIOM 1.2,COVID-Shift-NoPolicyNoCOVID_550,High-CDR,1.5C,MESSAGEix,COVID,R10NORTH_AM,6.380195
Full,MESSAGEix-GLOBIOM 1.2,COVID-Shift-NoPolicyNoCOVID_550,High-CDR,1.5C,MESSAGEix,COVID,R10PAC_OECD,5.04248
Full,MESSAGEix-GLOBIOM 1.2,COVID-Shift-NoPolicyNoCOVID_550,High-CDR,1.5C,MESSAGEix,COVID,R10REF_ECON,13.752655
Full,MESSAGEix-GLOBIOM 1.2,COVID-Shift-NoPolicyNoCOVID_550,High-CDR,1.5C,MESSAGEix,COVID,R10REST_ASIA,55.433285
Full,MESSAGEix-GLOBIOM 1.2,COVID-Shift-Restore_1000,High-CDR,2C,MESSAGEix,COVID,Aggregated R10 regions,433.856535
Full,MESSAGEix-GLOBIOM 1.2,COVID-Shift-Restore_1000,High-CDR,2C,MESSAGEix,COVID,R10AFRICA,76.430125
Full,MESSAGEix-GLOBIOM 1.2,COVID-Shift-Restore_1000,High-CDR,2C,MESSAGEix,COVID,R10CHINA+,73.095945
Full,MESSAGEix-GLOBIOM 1.2,COVID-Shift-Restore_1000,High-CDR,2C,MESSAGEix,COVID,R10EUROPE,14.17847
Full,MESSAGEix-GLOBIOM 1.2,COVID-Shift-Restore_1000,High-CDR,2C,MESSAGEix,COVID,R10INDIA+,114.295735
Full,MESSAGEix-GLOBIOM 1.2,COVID-Shift-Restore_1000,High-CDR,2C,MESSAGEix,COVID,R10LATIN_AM,13.46161
Full,MESSAGEix-GLOBIOM 1.2,COVID-Shift-Restore_1000,High-CDR,2C,MESSAGEix,COVID,R10MIDDLE_EAST,59.465415
Full,MESSAGEix-GLOBIOM 1.2,COVID-Shift-Restore_1000,High-CDR,2C,MESSAGEix,COVID,R10NORTH_AM,6.60766
Full,MESSAGEix-GLOBIOM 1.2,COVID-Shift-Restore_1000,High-CDR,2C,MESSAGEix,COVID,R10PAC_OECD,5.38731
Full,MESSAGEix-GLOBIOM 1.2,COVID-Shift-Restore_1000,High-CDR,2C,MESSAGEix,COVID,R10REF_ECON,14.046075
Full,MESSAGEix-GLOBIOM 1.2,COVID-Shift-Restore_1000,High-CDR,2C,MESSAGEix,COVID,R10REST_ASIA,56.88819
Full,MESSAGEix-GLOBIOM 1.2,COVID-Shift-Restore_550,High-CDR,1.5C,MESSAGEix,COVID,Aggregated R10 regions,419.209285
Full,MESSAGEix-GLOBIOM 1.2,COVID-Shift-Restore_550,High-CDR,1.5C,MESSAGEix,COVID,R10AFRICA,75.436235
Full,MESSAGEix-GLOBIOM 1.2,COVID-Shift-Restore_550,High-CDR,1.5C,MESSAGEix,COVID,R10CHINA+,69.43567
Full,MESSAGEix-GLOBIOM 1.2,COVID-Shift-Restore_550,High-CDR,1.5C,MESSAGEix,COVID,R10EUROPE,13.32043
Full,MESSAGEix-GLOBIOM 1.2,COVID-Shift-Restore_550,High-CDR,1.5C,MESSAGEix,COVID,R10INDIA+,108.23107
Full,MESSAGEix-GLOBIOM 1.2,COVID-Shift-Restore_550,High-CDR,1.5C,MESSAGEix,COVID,R10LATIN_AM,13.32656
Full,MESSAGEix-GLOBIOM 1.2,COVID-Shift-Restore_550,High-CDR,1.5C,MESSAGEix,COVID,R10MIDDLE_EAST,58.88863
Full,MESSAGEix-GLOBIOM 1.2,COVID-Shift-Restore_550,High-CDR,1.5C,MESSAGEix,COVID,R10NORTH_AM,6.37577
Full,MESSAGEix-GLOBIOM 1.2,COVID-Shift-Restore_550,High-CDR,1.5C,MESSAGEix,COVID,R10PAC_OECD,5.08594
Full,MESSAGEix-GLOBIOM 1.2,COVID-Shift-Restore_550,High-CDR,1.5C,MESSAGEix,COVID,R10REF_ECON,13.733875
Full,MESSAGEix-GLOBIOM 1.2,COVID-Shift-Restore_550,High-CDR,1.5C,MESSAGEix,COVID,R10REST_ASIA,55.375105
Full,MESSAGEix-GLOBIOM 1.2,COVID-Shift-SelfReliance_1000,High-CDR,2C,MESSAGEix,COVID,Aggregated R10 regions,434.24572
Full,MESSAGEix-GLOBIOM 1.2,COVID-Shift-SelfReliance_1000,High-CDR,2C,MESSAGEix,COVID,R10AFRICA,76.432035
Full,MESSAGEix-GLOBIOM 1.2,COVID-Shift-SelfReliance_1000,High-CDR,2C,MESSAGEix,COVID,R10CHINA+,73.128605
Full,MESSAGEix-GLOBIOM 1.2,COVID-Shift-SelfReliance_1000,High-CDR,2C,MESSAGEix,COVID,R10EUROPE,14.19143
Full,MESSAGEix-GLOBIOM 1.2,COVID-Shift-SelfReliance_1000,High-CDR,2C,MESSAGEix,COVID,R10INDIA+,114.553865
Full,MESSAGEix-GLOBIOM 1.2,COVID-Shift-SelfReliance_1000,High-CDR,2C,MESSAGEix,COVID,R10LATIN_AM,13.47208
Full,MESSAGEix-GLOBIOM 1.2,COVID-Shift-SelfReliance_1000,High-CDR,2C,MESSAGEix,COVID,R10MIDDLE_EAST,59.4874
Full,MESSAGEix-GLOBIOM 1.2,COVID-Shift-SelfReliance_1000,High-CDR,2C,MESSAGEix,COVID,R10NORTH_AM,6.62165
Full,MESSAGEix-GLOBIOM 1.2,COVID-Shift-SelfReliance_1000,High-CDR,2C,MESSAGEix,COVID,R10PAC_OECD,5.371315
Full,MESSAGEix-GLOBIOM 1.2,COVID-Shift-SelfReliance_1000,High-CDR,2C,MESSAGEix,COVID,R10REF_ECON,14.035665
Full,MESSAGEix-GLOBIOM 1.2,COVID-Shift-SelfReliance_1000,High-CDR,2C,MESSAGEix,COVID,R10REST_ASIA,56.951675
Full,MESSAGEix-GLOBIOM 1.2,COVID-Shift-SelfReliance_550,High-CDR,1.5C,MESSAGEix,COVID,Aggregated R10 regions,419.59779
Full,MESSAGEix-GLOBIOM 1.2,COVID-Shift-SelfReliance_550,High-CDR,1.5C,MESSAGEix,COVID,R10AFRICA,75.46476
Full,MESSAGEix-GLOBIOM 1.2,COVID-Shift-SelfReliance_550,High-CDR,1.5C,MESSAGEix,COVID,R10CHINA+,69.35992
Full,MESSAGEix-GLOBIOM 1.2,COVID-Shift-SelfReliance_550,High-CDR,1.5C,MESSAGEix,COVID,R10EUROPE,13.32522
Full,MESSAGEix-GLOBIOM 1.2,COVID-Shift-SelfReliance_550,High-CDR,1.5C,MESSAGEix,COVID,R10INDIA+,108.51811
Full,MESSAGEix-GLOBIOM 1.2,COVID-Shift-SelfReliance_550,High-CDR,1.5C,MESSAGEix,COVID,R10LATIN_AM,13.326355
Full,MESSAGEix-GLOBIOM 1.2,COVID-Shift-SelfReliance_550,High-CDR,1.5C,MESSAGEix,COVID,R10MIDDLE_EAST,58.917735
Full,MESSAGEix-GLOBIOM 1.2,COVID-Shift-SelfReliance_550,High-CDR,1.5C,MESSAGEix,COVID,R10NORTH_AM,6.39215
Full,MESSAGEix-GLOBIOM 1.2,COVID-Shift-SelfReliance_550,High-CDR,1.5C,MESSAGEix,COVID,R10PAC_OECD,5.083755
Full,MESSAGEix-GLOBIOM 1.2,COVID-Shift-SelfReliance_550,High-CDR,1.5C,MESSAGEix,COVID,R10REF_ECON,13.751885
Full,MESSAGEix-GLOBIOM 1.2,COVID-Shift-SelfReliance_550,High-CDR,1.5C,MESSAGEix,COVID,R10REST_ASIA,55.4579
Full,MESSAGEix-GLOBIOM 1.2,COVID-Shift-SmartUse_1000,High-CDR,2C,MESSAGEix,COVID,Aggregated R10 regions,433.60415
Full,MESSAGEix-GLOBIOM 1.2,COVID-Shift-SmartUse_1000,High-CDR,2C,MESSAGEix,COVID,R10AFRICA,76.432035
Full,MESSAGEix-GLOBIOM 1.2,COVID-Shift-SmartUse_1000,High-CDR,2C,MESSAGEix,COVID,R10CHINA+,73.12171
Full,MESSAGEix-GLOBIOM 1.2,COVID-Shift-SmartUse_1000,High-CDR,2C,MESSAGEix,COVID,R10EUROPE,14.195855
Full,MESSAGEix-GLOBIOM 1.2,COVID-Shift-SmartUse_1000,High-CDR,2C,MESSAGEix,COVID,R10INDIA+,113.972865
Full,MESSAGEix-GLOBIOM 1.2,COVID-Shift-SmartUse_1000,High-CDR,2C,MESSAGEix,COVID,R10LATIN_AM,13.458005
Full,MESSAGEix-GLOBIOM 1.2,COVID-Shift-SmartUse_1000,High-CDR,2C,MESSAGEix,COVID,R10MIDDLE_EAST,59.48171
Full,MESSAGEix-GLOBIOM 1.2,COVID-Shift-SmartUse_1000,High-CDR,2C,MESSAGEix,COVID,R10NORTH_AM,6.62165
Full,MESSAGEix-GLOBIOM 1.2,COVID-Shift-SmartUse_1000,High-CDR,2C,MESSAGEix,COVID,R10PAC_OECD,5.39241
Full,MESSAGEix-GLOBIOM 1.2,COVID-Shift-SmartUse_1000,High-CDR,2C,MESSAGEix,COVID,R10REF_ECON,14.052095
Full,MESSAGEix-GLOBIOM 1.2,COVID-Shift-SmartUse_1000,High-CDR,2C,MESSAGEix,COVID,R10REST_ASIA,56.875815
Full,MESSAGEix-GLOBIOM 1.2,COVID-Shift-SmartUse_550,High-CDR,1.5C,MESSAGEix,COVID,Aggregated R10 regions,418.628815
Full,MESSAGEix-GLOBIOM 1.2,COVID-Shift-SmartUse_550,High-CDR,1.5C,MESSAGEix,COVID,R10AFRICA,75.463835
Full,MESSAGEix-GLOBIOM 1.2,COVID-Shift-SmartUse_550,High-CDR,1.5C,MESSAGEix,COVID,R10CHINA+,69.290255
Full,MESSAGEix-GLOBIOM 1.2,COVID-Shift-SmartUse_550,High-CDR,1.5C,MESSAGEix,COVID,R10EUROPE,13.326335
Full,MESSAGEix-GLOBIOM 1.2,COVID-Shift-SmartUse_550,High-CDR,1.5C,MESSAGEix,COVID,R10INDIA+,107.806945
Full,MESSAGEix-GLOBIOM 1.2,COVID-Shift-SmartUse_550,High-CDR,1.5C,MESSAGEix,COVID,R10LATIN_AM,13.326355
Full,MESSAGEix-GLOBIOM 1.2,COVID-Shift-SmartUse_550,High-CDR,1.5C,MESSAGEix,COVID,R10MIDDLE_EAST,58.889965
Full,MESSAGEix-GLOBIOM 1.2,COVID-Shift-SmartUse_550,High-CDR,1.5C,MESSAGEix,COVID,R10NORTH_AM,6.37309
Full,MESSAGEix-GLOBIOM 1.2,COVID-Shift-SmartUse_550,High-CDR,1.5C,MESSAGEix,COVID,R10PAC_OECD,5.08594
Full,MESSAGEix-GLOBIOM 1.2,COVID-Shift-SmartUse_550,High-CDR,1.5C,MESSAGEix,COVID,R10REF_ECON,13.733875
Full,MESSAGEix-GLOBIOM 1.2,COVID-Shift-SmartUse_550,High-CDR,1.5C,MESSAGEix,COVID,R10REST_ASIA,55.33222
Full,MESSAGEix-GLOBIOM 2.0-M-R12-NGFS,NGFS Phase 5-Below 2°C,High-RE,2C,MESSAGEix,NGFS Phase 5,Aggregated R10 regions,440.68178
Full,MESSAGEix-GLOBIOM 2.0-M-R12-NGFS,NGFS Phase 5-Below 2°C,High-RE,2C,MESSAGEix,NGFS Phase 5,R10AFRICA,74.69809
Full,MESSAGEix-GLOBIOM 2.0-M-R12-NGFS,NGFS Phase 5-Below 2°C,High-RE,2C,MESSAGEix,NGFS Phase 5,R10CHINA+,94.103665
Full,MESSAGEix-GLOBIOM 2.0-M-R12-NGFS,NGFS Phase 5-Below 2°C,High-RE,2C,MESSAGEix,NGFS Phase 5,R10EUROPE,15.30846
Full,MESSAGEix-GLOBIOM 2.0-M-R12-NGFS,NGFS Phase 5-Below 2°C,High-RE,2C,MESSAGEix,NGFS Phase 5,R10INDIA+,97.09577
Full,MESSAGEix-GLOBIOM 2.0-M-R12-NGFS,NGFS Phase 5-Below 2°C,High-RE,2C,MESSAGEix,NGFS Phase 5,R10LATIN_AM,14.346695
Full,MESSAGEix-GLOBIOM 2.0-M-R12-NGFS,NGFS Phase 5-Below 2°C,High-RE,2C,MESSAGEix,NGFS Phase 5,R10MIDDLE_EAST,58.249435
Full,MESSAGEix-GLOBIOM 2.0-M-R12-NGFS,NGFS Phase 5-Below 2°C,High-RE,2C,MESSAGEix,NGFS Phase 5,R10NORTH_AM,9.286685
Full,MESSAGEix-GLOBIOM 2.0-M-R12-NGFS,NGFS Phase 5-Below 2°C,High-RE,2C,MESSAGEix,NGFS Phase 5,R10PAC_OECD,6.206875
Full,MESSAGEix-GLOBIOM 2.0-M-R12-NGFS,NGFS Phase 5-Below 2°C,High-RE,2C,MESSAGEix,NGFS Phase 5,R10REF_ECON,14.895615
Full,MESSAGEix-GLOBIOM 2.0-M-R12-NGFS,NGFS Phase 5-Below 2°C,High-RE,2C,MESSAGEix,NGFS Phase 5,R10REST_ASIA,56.49049
Full,MESSAGEix-GLOBIOM 2.0-M-R12-NGFS,NGFS Phase 5-Delayed Transition,High-RE,2C,MESSAGEix,NGFS Phase 5,Aggregated R10 regions,448.27388
Full,MESSAGEix-GLOBIOM 2.0-M-R12-NGFS,NGFS Phase 5-Delayed Transition,High-RE,2C,MESSAGEix,NGFS Phase 5,R10AFRICA,74.78913
Full,MESSAGEix-GLOBIOM 2.0-M-R12-NGFS,NGFS Phase 5-Delayed Transition,High-RE,2C,MESSAGEix,NGFS Phase 5,R10CHINA+,97.574975
Full,MESSAGEix-GLOBIOM 2.0-M-R12-NGFS,NGFS Phase 5-Delayed Transition,High-RE,2C,MESSAGEix,NGFS Phase 5,R10EUROPE,15.768265
Full,MESSAGEix-GLOBIOM 2.0-M-R12-NGFS,NGFS Phase 5-Delayed Transition,High-RE,2C,MESSAGEix,NGFS Phase 5,R10INDIA+,99.45517
Full,MESSAGEix-GLOBIOM 2.0-M-R12-NGFS,NGFS Phase 5-Delayed Transition,High-RE,2C,MESSAGEix,NGFS Phase 5,R10LATIN_AM,14.510745
Full,MESSAGEix-GLOBIOM 2.0-M-R12-NGFS,NGFS Phase 5-Delayed Transition,High-RE,2C,MESSAGEix,NGFS Phase 5,R10MIDDLE_EAST,58.319075
Full,MESSAGEix-GLOBIOM 2.0-M-R12-NGFS,NGFS Phase 5-Delayed Transition,High-RE,2C,MESSAGEix,NGFS Phase 5,R10NORTH_AM,9.470455
Full,MESSAGEix-GLOBIOM 2.0-M-R12-NGFS,NGFS Phase 5-Delayed Transition,High-RE,2C,MESSAGEix,NGFS Phase 5,R10PAC_OECD,6.299755
Full,MESSAGEix-GLOBIOM 2.0-M-R12-NGFS,NGFS Phase 5-Delayed Transition,High-RE,2C,MESSAGEix,NGFS Phase 5,R10REF_ECON,14.9503
Full,MESSAGEix-GLOBIOM 2.0-M-R12-NGFS,NGFS Phase 5-Delayed Transition,High-RE,2C,MESSAGEix,NGFS Phase 5,R10REST_ASIA,57.13601
Full,MESSAGEix-GLOBIOM GEI 1.0,GEI-SSP2-int-lc-15,High-CDR,2C,MESSAGEix,GEI,Aggregated R10 regions,474.26617
Full,MESSAGEix-GLOBIOM GEI 1.0,GEI-SSP2-int-lc-15,High-CDR,2C,MESSAGEix,GEI,R10AFRICA,77.158125
Full,MESSAGEix-GLOBIOM GEI 1.0,GEI-SSP2-int-lc-15,High-CDR,2C,MESSAGEix,GEI,R10CHINA+,85.18027
Full,MESSAGEix-GLOBIOM GEI 1.0,GEI-SSP2-int-lc-15,High-CDR,2C,MESSAGEix,GEI,R10EUROPE,17.410565
Full,MESSAGEix-GLOBIOM GEI 1.0,GEI-SSP2-int-lc-15,High-CDR,2C,MESSAGEix,GEI,R10INDIA+,131.40548
Full,MESSAGEix-GLOBIOM GEI 1.0,GEI-SSP2-int-lc-15,High-CDR,2C,MESSAGEix,GEI,R10LATIN_AM,14.91302
Full,MESSAGEix-GLOBIOM GEI 1.0,GEI-SSP2-int-lc-15,High-CDR,2C,MESSAGEix,GEI,R10MIDDLE_EAST,60.57144
Full,MESSAGEix-GLOBIOM GEI 1.0,GEI-SSP2-int-lc-15,High-CDR,2C,MESSAGEix,GEI,R10NORTH_AM,8.016765
Full,MESSAGEix-GLOBIOM GEI 1.0,GEI-SSP2-int-lc-15,High-CDR,2C,MESSAGEix,GEI,R10PAC_OECD,6.19896
Full,MESSAGEix-GLOBIOM GEI 1.0,GEI-SSP2-int-lc-15,High-CDR,2C,MESSAGEix,GEI,R10REF_ECON,15.06632
Full,MESSAGEix-GLOBIOM GEI 1.0,GEI-SSP2-int-lc-15,High-CDR,2C,MESSAGEix,GEI,R10REST_ASIA,58.345225
Full,MESSAGEix-GLOBIOM GEI 1.0,GEI-SSP2-int-mc-15,High-CDR,2C,MESSAGEix,GEI,Aggregated R10 regions,472.94146
Full,MESSAGEix-GLOBIOM GEI 1.0,GEI-SSP2-int-mc-15,High-CDR,2C,MESSAGEix,GEI,R10AFRICA,77.130025
Full,MESSAGEix-GLOBIOM GEI 1.0,GEI-SSP2-int-mc-15,High-CDR,2C,MESSAGEix,GEI,R10CHINA+,86.01189
Full,MESSAGEix-GLOBIOM GEI 1.0,GEI-SSP2-int-mc-15,High-CDR,2C,MESSAGEix,GEI,R10EUROPE,17.412635
Full,MESSAGEix-GLOBIOM GEI 1.0,GEI-SSP2-int-mc-15,High-CDR,2C,MESSAGEix,GEI,R10INDIA+,129.78395
Full,MESSAGEix-GLOBIOM GEI 1.0,GEI-SSP2-int-mc-15,High-CDR,2C,MESSAGEix,GEI,R10LATIN_AM,14.919055
Full,MESSAGEix-GLOBIOM GEI 1.0,GEI-SSP2-int-mc-15,High-CDR,2C,MESSAGEix,GEI,R10MIDDLE_EAST,60.5708
Full,MESSAGEix-GLOBIOM GEI 1.0,GEI-SSP2-int-mc-15,High-CDR,2C,MESSAGEix,GEI,R10NORTH_AM,8.019905
Full,MESSAGEix-GLOBIOM GEI 1.0,GEI-SSP2-int-mc-15,High-CDR,2C,MESSAGEix,GEI,R10PAC_OECD,6.20963
Full,MESSAGEix-GLOBIOM GEI 1.0,GEI-SSP2-int-mc-15,High-CDR,2C,MESSAGEix,GEI,R10REF_ECON,15.081505
Full,MESSAGEix-GLOBIOM GEI 1.0,GEI-SSP2-int-mc-15,High-CDR,2C,MESSAGEix,GEI,R10REST_ASIA,57.802065
Full,MESSAGEix-GLOBIOM GEI 1.0,GEI-SSP2-int-mc-50,High-CDR,1.5C,MESSAGEix,GEI,Aggregated R10 regions,439.163585
Full,MESSAGEix-GLOBIOM GEI 1.0,GEI-SSP2-int-mc-50,High-CDR,1.5C,MESSAGEix,GEI,R10AFRICA,75.192085
Full,MESSAGEix-GLOBIOM GEI 1.0,GEI-SSP2-int-mc-50,High-CDR,1.5C,MESSAGEix,GEI,R10CHINA+,78.5803
Full,MESSAGEix-GLOBIOM GEI 1.0,GEI-SSP2-int-mc-50,High-CDR,1.5C,MESSAGEix,GEI,R10EUROPE,15.671795
Full,MESSAGEix-GLOBIOM GEI 1.0,GEI-SSP2-int-mc-50,High-CDR,1.5C,MESSAGEix,GEI,R10INDIA+,115.73779
Full,MESSAGEix-GLOBIOM GEI 1.0,GEI-SSP2-int-mc-50,High-CDR,1.5C,MESSAGEix,GEI,R10LATIN_AM,14.22286
Full,MESSAGEix-GLOBIOM GEI 1.0,GEI-SSP2-int-mc-50,High-CDR,1.5C,MESSAGEix,GEI,R10MIDDLE_EAST,57.758065
Full,MESSAGEix-GLOBIOM GEI 1.0,GEI-SSP2-int-mc-50,High-CDR,1.5C,MESSAGEix,GEI,R10NORTH_AM,7.42729
Full,MESSAGEix-GLOBIOM GEI 1.0,GEI-SSP2-int-mc-50,High-CDR,1.5C,MESSAGEix,GEI,R10PAC_OECD,5.498055
Full,MESSAGEix-GLOBIOM GEI 1.0,GEI-SSP2-int-mc-50,High-CDR,1.5C,MESSAGEix,GEI,R10REF_ECON,14.40131
Full,MESSAGEix-GLOBIOM GEI 1.0,GEI-SSP2-int-mc-50,High-CDR,1.5C,MESSAGEix,GEI,R10REST_ASIA,54.674035
Full,MESSAGEix-GLOBIOM GEI 1.0,GEI-SSP2-noint-lc-15,High-CDR,2C,MESSAGEix,GEI,Aggregated R10 regions,474.79906
Full,MESSAGEix-GLOBIOM GEI 1.0,GEI-SSP2-noint-lc-15,High-CDR,2C,MESSAGEix,GEI,R10AFRICA,77.203015
Full,MESSAGEix-GLOBIOM GEI 1.0,GEI-SSP2-noint-lc-15,High-CDR,2C,MESSAGEix,GEI,R10CHINA+,85.24384
Full,MESSAGEix-GLOBIOM GEI 1.0,GEI-SSP2-noint-lc-15,High-CDR,2C,MESSAGEix,GEI,R10EUROPE,17.403805
Full,MESSAGEix-GLOBIOM GEI 1.0,GEI-SSP2-noint-lc-15,High-CDR,2C,MESSAGEix,GEI,R10INDIA+,131.73381
Full,MESSAGEix-GLOBIOM GEI 1.0,GEI-SSP2-noint-lc-15,High-CDR,2C,MESSAGEix,GEI,R10LATIN_AM,14.91302
Full,MESSAGEix-GLOBIOM GEI 1.0,GEI-SSP2-noint-lc-15,High-CDR,2C,MESSAGEix,GEI,R10MIDDLE_EAST,60.57144
Full,MESSAGEix-GLOBIOM GEI 1.0,GEI-SSP2-noint-lc-15,High-CDR,2C,MESSAGEix,GEI,R10NORTH_AM,8.016765
Full,MESSAGEix-GLOBIOM GEI 1.0,GEI-SSP2-noint-lc-15,High-CDR,2C,MESSAGEix,GEI,R10PAC_OECD,6.19896
Full,MESSAGEix-GLOBIOM GEI 1.0,GEI-SSP2-noint-lc-15,High-CDR,2C,MESSAGEix,GEI,R10REF_ECON,15.06632
Full,MESSAGEix-GLOBIOM GEI 1.0,GEI-SSP2-noint-lc-15,High-CDR,2C,MESSAGEix,GEI,R10REST_ASIA,58.448085
Full,MESSAGEix-GLOBIOM GEI 1.0,GEI-SSP2-noint-mc-15,High-CDR,2C,MESSAGEix,GEI,Aggregated R10 regions,473.22828
Full,MESSAGEix-GLOBIOM GEI 1.0,GEI-SSP2-noint-mc-15,High-CDR,2C,MESSAGEix,GEI,R10AFRICA,77.127995
Full,MESSAGEix-GLOBIOM GEI 1.0,GEI-SSP2-noint-mc-15,High-CDR,2C,MESSAGEix,GEI,R10CHINA+,85.91699
Full,MESSAGEix-GLOBIOM GEI 1.0,GEI-SSP2-noint-mc-15,High-CDR,2C,MESSAGEix,GEI,R10EUROPE,17.436775
Full,MESSAGEix-GLOBIOM GEI 1.0,GEI-SSP2-noint-mc-15,High-CDR,2C,MESSAGEix,GEI,R10INDIA+,130.11159
Full,MESSAGEix-GLOBIOM GEI 1.0,GEI-SSP2-noint-mc-15,High-CDR,2C,MESSAGEix,GEI,R10LATIN_AM,14.919055
Full,MESSAGEix-GLOBIOM GEI 1.0,GEI-SSP2-noint-mc-15,High-CDR,2C,MESSAGEix,GEI,R10MIDDLE_EAST,60.5734
Full,MESSAGEix-GLOBIOM GEI 1.0,GEI-SSP2-noint-mc-15,High-CDR,2C,MESSAGEix,GEI,R10NORTH_AM,8.019905
Full,MESSAGEix-GLOBIOM GEI 1.0,GEI-SSP2-noint-mc-15,High-CDR,2C,MESSAGEix,GEI,R10PAC_OECD,6.20963
Full,MESSAGEix-GLOBIOM GEI 1.0,GEI-SSP2-noint-mc-15,High-CDR,2C,MESSAGEix,GEI,R10REF_ECON,15.078925
Full,MESSAGEix-GLOBIOM GEI 1.0,GEI-SSP2-noint-mc-15,High-CDR,2C,MESSAGEix,GEI,R10REST_ASIA,57.834015
Full,MESSAGEix-GLOBIOM GEI 1.0,GEI-SSP2-noint-mc-50,High-CDR,1.5C,MESSAGEix,GEI,Aggregated R10 regions,439.407425
Full,MESSAGEix-GLOBIOM GEI 1.0,GEI-SSP2-noint-mc-50,High-CDR,1.5C,MESSAGEix,GEI,R10AFRICA,75.192085
Full,MESSAGEix-GLOBIOM GEI 1.0,GEI-SSP2-noint-mc-50,High-CDR,1.5C,MESSAGEix,GEI,R10CHINA+,78.57867
Full,MESSAGEix-GLOBIOM GEI 1.0,GEI-SSP2-noint-mc-50,High-CDR,1.5C,MESSAGEix,GEI,R10EUROPE,15.678805
Full,MESSAGEix-GLOBIOM GEI 1.0,GEI-SSP2-noint-mc-50,High-CDR,1.5C,MESSAGEix,GEI,R10INDIA+,115.88404
Full,MESSAGEix-GLOBIOM GEI 1.0,GEI-SSP2-noint-mc-50,High-CDR,1.5C,MESSAGEix,GEI,R10LATIN_AM,14.22286
Full,MESSAGEix-GLOBIOM GEI 1.0,GEI-SSP2-noint-mc-50,High-CDR,1.5C,MESSAGEix,GEI,R10MIDDLE_EAST,57.766475
Full,MESSAGEix-GLOBIOM GEI 1.0,GEI-SSP2-noint-mc-50,High-CDR,1.5C,MESSAGEix,GEI,R10NORTH_AM,7.42729
Full,MESSAGEix-GLOBIOM GEI 1.0,GEI-SSP2-noint-mc-50,High-CDR,1.5C,MESSAGEix,GEI,R10PAC_OECD,5.498055
Full,MESSAGEix-GLOBIOM GEI 1.0,GEI-SSP2-noint-mc-50,High-CDR,1.5C,MESSAGEix,GEI,R10REF_ECON,14.43181
Full,MESSAGEix-GLOBIOM GEI 1.0,GEI-SSP2-noint-mc-50,High-CDR,1.5C,MESSAGEix,GEI,R10REST_ASIA,54.727335
Full,MESSAGEix-GLOBIOM GEI 1.0,GEI-SSP2-openres-lc-100,High-CDR,1.5C,MESSAGEix,GEI,Aggregated R10 regions,426.2276
Full,MESSAGEix-GLOBIOM GEI 1.0,GEI-SSP2-openres-lc-100,High-CDR,1.5C,MESSAGEix,GEI,R10AFRICA,73.929865
Full,MESSAGEix-GLOBIOM GEI 1.0,GEI-SSP2-openres-lc-100,High-CDR,1.5C,MESSAGEix,GEI,R10CHINA+,75.402435
Full,MESSAGEix-GLOBIOM GEI 1.0,GEI-SSP2-openres-lc-100,High-CDR,1.5C,MESSAGEix,GEI,R10EUROPE,15.03559
Full,MESSAGEix-GLOBIOM GEI 1.0,GEI-SSP2-openres-lc-100,High-CDR,1.5C,MESSAGEix,GEI,R10INDIA+,111.37831
Full,MESSAGEix-GLOBIOM GEI 1.0,GEI-SSP2-openres-lc-100,High-CDR,1.5C,MESSAGEix,GEI,R10LATIN_AM,14.03416
Full,MESSAGEix-GLOBIOM GEI 1.0,GEI-SSP2-openres-lc-100,High-CDR,1.5C,MESSAGEix,GEI,R10MIDDLE_EAST,56.13258
Full,MESSAGEix-GLOBIOM GEI 1.0,GEI-SSP2-openres-lc-100,High-CDR,1.5C,MESSAGEix,GEI,R10NORTH_AM,7.268865
Full,MESSAGEix-GLOBIOM GEI 1.0,GEI-SSP2-openres-lc-100,High-CDR,1.5C,MESSAGEix,GEI,R10PAC_OECD,5.136065
Full,MESSAGEix-GLOBIOM GEI 1.0,GEI-SSP2-openres-lc-100,High-CDR,1.5C,MESSAGEix,GEI,R10REF_ECON,14.2119
Full,MESSAGEix-GLOBIOM GEI 1.0,GEI-SSP2-openres-lc-100,High-CDR,1.5C,MESSAGEix,GEI,R10REST_ASIA,53.69783
Full,MESSAGEix-GLOBIOM GEI 1.0,GEI-SSP2-openres-lc-120,High-CDR,1.5C,MESSAGEix,GEI,Aggregated R10 regions,422.835675
Full,MESSAGEix-GLOBIOM GEI 1.0,GEI-SSP2-openres-lc-120,High-CDR,1.5C,MESSAGEix,GEI,R10AFRICA,73.874815
Full,MESSAGEix-GLOBIOM GEI 1.0,GEI-SSP2-openres-lc-120,High-CDR,1.5C,MESSAGEix,GEI,R10CHINA+,75.164025
Full,MESSAGEix-GLOBIOM GEI 1.0,GEI-SSP2-openres-lc-120,High-CDR,1.5C,MESSAGEix,GEI,R10EUROPE,14.896075
Full,MESSAGEix-GLOBIOM GEI 1.0,GEI-SSP2-openres-lc-120,High-CDR,1.5C,MESSAGEix,GEI,R10INDIA+,109.732395
Full,MESSAGEix-GLOBIOM GEI 1.0,GEI-SSP2-openres-lc-120,High-CDR,1.5C,MESSAGEix,GEI,R10LATIN_AM,14.00906
Full,MESSAGEix-GLOBIOM GEI 1.0,GEI-SSP2-openres-lc-120,High-CDR,1.5C,MESSAGEix,GEI,R10MIDDLE_EAST,55.288645
Full,MESSAGEix-GLOBIOM GEI 1.0,GEI-SSP2-openres-lc-120,High-CDR,1.5C,MESSAGEix,GEI,R10NORTH_AM,7.302855
Full,MESSAGEix-GLOBIOM GEI 1.0,GEI-SSP2-openres-lc-120,High-CDR,1.5C,MESSAGEix,GEI,R10PAC_OECD,5.042875
Full,MESSAGEix-GLOBIOM GEI 1.0,GEI-SSP2-openres-lc-120,High-CDR,1.5C,MESSAGEix,GEI,R10REF_ECON,14.14121
Full,MESSAGEix-GLOBIOM GEI 1.0,GEI-SSP2-openres-lc-120,High-CDR,1.5C,MESSAGEix,GEI,R10REST_ASIA,53.38372
Full,MESSAGEix-GLOBIOM GEI 1.0,GEI-SSP2-openres-lc-15,High-CDR,2C,MESSAGEix,GEI,Aggregated R10 regions,470.65561
Full,MESSAGEix-GLOBIOM GEI 1.0,GEI-SSP2-openres-lc-15,High-CDR,2C,MESSAGEix,GEI,R10AFRICA,77.075295
Full,MESSAGEix-GLOBIOM GEI 1.0,GEI-SSP2-openres-lc-15,High-CDR,2C,MESSAGEix,GEI,R10CHINA+,85.215705
Full,MESSAGEix-GLOBIOM GEI 1.0,GEI-SSP2-openres-lc-15,High-CDR,2C,MESSAGEix,GEI,R10EUROPE,17.29949
Full,MESSAGEix-GLOBIOM GEI 1.0,GEI-SSP2-openres-lc-15,High-CDR,2C,MESSAGEix,GEI,R10INDIA+,128.562215
Full,MESSAGEix-GLOBIOM GEI 1.0,GEI-SSP2-openres-lc-15,High-CDR,2C,MESSAGEix,GEI,R10LATIN_AM,14.913405
Full,MESSAGEix-GLOBIOM GEI 1.0,GEI-SSP2-openres-lc-15,High-CDR,2C,MESSAGEix,GEI,R10MIDDLE_EAST,60.48481
Full,MESSAGEix-GLOBIOM GEI 1.0,GEI-SSP2-openres-lc-15,High-CDR,2C,MESSAGEix,GEI,R10NORTH_AM,8.016765
Full,MESSAGEix-GLOBIOM GEI 1.0,GEI-SSP2-openres-lc-15,High-CDR,2C,MESSAGEix,GEI,R10PAC_OECD,6.19896
Full,MESSAGEix-GLOBIOM GEI 1.0,GEI-SSP2-openres-lc-15,High-CDR,2C,MESSAGEix,GEI,R10REF_ECON,15.1058
Full,MESSAGEix-GLOBIOM GEI 1.0,GEI-SSP2-openres-lc-15,High-CDR,2C,MESSAGEix,GEI,R10REST_ASIA,57.783165
Full,MESSAGEix-GLOBIOM GEI 1.0,GEI-SSP2-openres-lc-50,High-RE,2C,MESSAGEix,GEI,Aggregated R10 regions,435.19535
Full,MESSAGEix-GLOBIOM GEI 1.0,GEI-SSP2-openres-lc-50,High-RE,2C,MESSAGEix,GEI,R10AFRICA,75.049185
Full,MESSAGEix-GLOBIOM GEI 1.0,GEI-SSP2-openres-lc-50,High-RE,2C,MESSAGEix,GEI,R10CHINA+,77.765125
Full,MESSAGEix-GLOBIOM GEI 1.0,GEI-SSP2-openres-lc-50,High-RE,2C,MESSAGEix,GEI,R10EUROPE,15.34788
Full,MESSAGEix-GLOBIOM GEI 1.0,GEI-SSP2-openres-lc-50,High-RE,2C,MESSAGEix,GEI,R10INDIA+,113.53113
Full,MESSAGEix-GLOBIOM GEI 1.0,GEI-SSP2-openres-lc-50,High-RE,2C,MESSAGEix,GEI,R10LATIN_AM,14.1499
Full,MESSAGEix-GLOBIOM GEI 1.0,GEI-SSP2-openres-lc-50,High-RE,2C,MESSAGEix,GEI,R10MIDDLE_EAST,57.649875
Full,MESSAGEix-GLOBIOM GEI 1.0,GEI-SSP2-openres-lc-50,High-RE,2C,MESSAGEix,GEI,R10NORTH_AM,7.442065
Full,MESSAGEix-GLOBIOM GEI 1.0,GEI-SSP2-openres-lc-50,High-RE,2C,MESSAGEix,GEI,R10PAC_OECD,5.48878
Full,MESSAGEix-GLOBIOM GEI 1.0,GEI-SSP2-openres-lc-50,High-RE,2C,MESSAGEix,GEI,R10REF_ECON,14.32845
Full,MESSAGEix-GLOBIOM GEI 1.0,GEI-SSP2-openres-lc-50,High-RE,2C,MESSAGEix,GEI,R10REST_ASIA,54.44296
Full,MESSAGEix-GLOBIOM GEI 1.0,GEI-SSP2-openres-lc-80,High-CDR,1.5C,MESSAGEix,GEI,Aggregated R10 regions,430.48855
Full,MESSAGEix-GLOBIOM GEI 1.0,GEI-SSP2-openres-lc-80,High-CDR,1.5C,MESSAGEix,GEI,R10AFRICA,74.58509
Full,MESSAGEix-GLOBIOM GEI 1.0,GEI-SSP2-openres-lc-80,High-CDR,1.5C,MESSAGEix,GEI,R10CHINA+,76.1257
Full,MESSAGEix-GLOBIOM GEI 1.0,GEI-SSP2-openres-lc-80,High-CDR,1.5C,MESSAGEix,GEI,R10EUROPE,15.28234
Full,MESSAGEix-GLOBIOM GEI 1.0,GEI-SSP2-openres-lc-80,High-CDR,1.5C,MESSAGEix,GEI,R10INDIA+,112.90542
Full,MESSAGEix-GLOBIOM GEI 1.0,GEI-SSP2-openres-lc-80,High-CDR,1.5C,MESSAGEix,GEI,R10LATIN_AM,14.08434
Full,MESSAGEix-GLOBIOM GEI 1.0,GEI-SSP2-openres-lc-80,High-CDR,1.5C,MESSAGEix,GEI,R10MIDDLE_EAST,56.521555
Full,MESSAGEix-GLOBIOM GEI 1.0,GEI-SSP2-openres-lc-80,High-CDR,1.5C,MESSAGEix,GEI,R10NORTH_AM,7.31053
Full,MESSAGEix-GLOBIOM GEI 1.0,GEI-SSP2-openres-lc-80,High-CDR,1.5C,MESSAGEix,GEI,R10PAC_OECD,5.294925
Full,MESSAGEix-GLOBIOM GEI 1.0,GEI-SSP2-openres-lc-80,High-CDR,1.5C,MESSAGEix,GEI,R10REF_ECON,14.26337
Full,MESSAGEix-GLOBIOM GEI 1.0,GEI-SSP2-openres-lc-80,High-CDR,1.5C,MESSAGEix,GEI,R10REST_ASIA,54.11528
Full,MESSAGEix-GLOBIOM GEI 1.0,GEI-SSP2-openres-lc-CB400,High-RE,1.5C,MESSAGEix,GEI,Aggregated R10 regions,412.983255
Full,MESSAGEix-GLOBIOM GEI 1.0,GEI-SSP2-openres-lc-CB400,High-RE,1.5C,MESSAGEix,GEI,R10AFRICA,73.40873
Full,MESSAGEix-GLOBIOM GEI 1.0,GEI-SSP2-openres-lc-CB400,High-RE,1.5C,MESSAGEix,GEI,R10CHINA+,73.66799
Full,MESSAGEix-GLOBIOM GEI 1.0,GEI-SSP2-openres-lc-CB400,High-RE,1.5C,MESSAGEix,GEI,R10EUROPE,14.258915
Full,MESSAGEix-GLOBIOM GEI 1.0,GEI-SSP2-openres-lc-CB400,High-RE,1.5C,MESSAGEix,GEI,R10INDIA+,106.117115
Full,MESSAGEix-GLOBIOM GEI 1.0,GEI-SSP2-openres-lc-CB400,High-RE,1.5C,MESSAGEix,GEI,R10LATIN_AM,13.92004
Full,MESSAGEix-GLOBIOM GEI 1.0,GEI-SSP2-openres-lc-CB400,High-RE,1.5C,MESSAGEix,GEI,R10MIDDLE_EAST,53.02403
Full,MESSAGEix-GLOBIOM GEI 1.0,GEI-SSP2-openres-lc-CB400,High-RE,1.5C,MESSAGEix,GEI,R10NORTH_AM,7.129405
Full,MESSAGEix-GLOBIOM GEI 1.0,GEI-SSP2-openres-lc-CB400,High-RE,1.5C,MESSAGEix,GEI,R10PAC_OECD,4.935065
Full,MESSAGEix-GLOBIOM GEI 1.0,GEI-SSP2-openres-lc-CB400,High-RE,1.5C,MESSAGEix,GEI,R10REF_ECON,13.89289
Full,MESSAGEix-GLOBIOM GEI 1.0,GEI-SSP2-openres-lc-CB400,High-RE,1.5C,MESSAGEix,GEI,R10REST_ASIA,52.629075
Full,MESSAGEix-GLOBIOM GEI 1.0,GEI-SSP2-openres-lc-CB500,High-RE,1.5C,MESSAGEix,GEI,Aggregated R10 regions,414.700365
Full,MESSAGEix-GLOBIOM GEI 1.0,GEI-SSP2-openres-lc-CB500,High-RE,1.5C,MESSAGEix,GEI,R10AFRICA,73.48171
Full,MESSAGEix-GLOBIOM GEI 1.0,GEI-SSP2-openres-lc-CB500,High-RE,1.5C,MESSAGEix,GEI,R10CHINA+,73.84503
Full,MESSAGEix-GLOBIOM GEI 1.0,GEI-SSP2-openres-lc-CB500,High-RE,1.5C,MESSAGEix,GEI,R10EUROPE,14.420805
Full,MESSAGEix-GLOBIOM GEI 1.0,GEI-SSP2-openres-lc-CB500,High-RE,1.5C,MESSAGEix,GEI,R10INDIA+,106.783845
Full,MESSAGEix-GLOBIOM GEI 1.0,GEI-SSP2-openres-lc-CB500,High-RE,1.5C,MESSAGEix,GEI,R10LATIN_AM,13.94317
Full,MESSAGEix-GLOBIOM GEI 1.0,GEI-SSP2-openres-lc-CB500,High-RE,1.5C,MESSAGEix,GEI,R10MIDDLE_EAST,53.47191
Full,MESSAGEix-GLOBIOM GEI 1.0,GEI-SSP2-openres-lc-CB500,High-RE,1.5C,MESSAGEix,GEI,R10NORTH_AM,7.132085
Full,MESSAGEix-GLOBIOM GEI 1.0,GEI-SSP2-openres-lc-CB500,High-RE,1.5C,MESSAGEix,GEI,R10PAC_OECD,4.950955
Full,MESSAGEix-GLOBIOM GEI 1.0,GEI-SSP2-openres-lc-CB500,High-RE,1.5C,MESSAGEix,GEI,R10REF_ECON,13.97887
Full,MESSAGEix-GLOBIOM GEI 1.0,GEI-SSP2-openres-lc-CB500,High-RE,1.5C,MESSAGEix,GEI,R10REST_ASIA,52.691985
Full,MESSAGEix-GLOBIOM GEI 1.0,GEI-SSP2-openres-lc-CB550,High-RE,1.5C,MESSAGEix,GEI,Aggregated R10 regions,415.849955
Full,MESSAGEix-GLOBIOM GEI 1.0,GEI-SSP2-openres-lc-CB550,High-RE,1.5C,MESSAGEix,GEI,R10AFRICA,73.54901
Full,MESSAGEix-GLOBIOM GEI 1.0,GEI-SSP2-openres-lc-CB550,High-RE,1.5C,MESSAGEix,GEI,R10CHINA+,73.98366
Full,MESSAGEix-GLOBIOM GEI 1.0,GEI-SSP2-openres-lc-CB550,High-RE,1.5C,MESSAGEix,GEI,R10EUROPE,14.469635
Full,MESSAGEix-GLOBIOM GEI 1.0,GEI-SSP2-openres-lc-CB550,High-RE,1.5C,MESSAGEix,GEI,R10INDIA+,106.887185
Full,MESSAGEix-GLOBIOM GEI 1.0,GEI-SSP2-openres-lc-CB550,High-RE,1.5C,MESSAGEix,GEI,R10LATIN_AM,13.96633
Full,MESSAGEix-GLOBIOM GEI 1.0,GEI-SSP2-openres-lc-CB550,High-RE,1.5C,MESSAGEix,GEI,R10MIDDLE_EAST,54.07397
Full,MESSAGEix-GLOBIOM GEI 1.0,GEI-SSP2-openres-lc-CB550,High-RE,1.5C,MESSAGEix,GEI,R10NORTH_AM,7.145905
Full,MESSAGEix-GLOBIOM GEI 1.0,GEI-SSP2-openres-lc-CB550,High-RE,1.5C,MESSAGEix,GEI,R10PAC_OECD,4.956585
Full,MESSAGEix-GLOBIOM GEI 1.0,GEI-SSP2-openres-lc-CB550,High-RE,1.5C,MESSAGEix,GEI,R10REF_ECON,14.01142
Full,MESSAGEix-GLOBIOM GEI 1.0,GEI-SSP2-openres-lc-CB550,High-RE,1.5C,MESSAGEix,GEI,R10REST_ASIA,52.806255
Full,MESSAGEix-GLOBIOM GEI 1.0,GEI-SSP2-openres-mc-15,High-CDR,2C,MESSAGEix,GEI,Aggregated R10 regions,472.330435
Full,MESSAGEix-GLOBIOM GEI 1.0,GEI-SSP2-openres-mc-15,High-CDR,2C,MESSAGEix,GEI,R10AFRICA,77.143205
Full,MESSAGEix-GLOBIOM GEI 1.0,GEI-SSP2-openres-mc-15,High-CDR,2C,MESSAGEix,GEI,R10CHINA+,85.89654
Full,MESSAGEix-GLOBIOM GEI 1.0,GEI-SSP2-openres-mc-15,High-CDR,2C,MESSAGEix,GEI,R10EUROPE,17.37209
Full,MESSAGEix-GLOBIOM GEI 1.0,GEI-SSP2-openres-mc-15,High-CDR,2C,MESSAGEix,GEI,R10INDIA+,129.3241
Full,MESSAGEix-GLOBIOM GEI 1.0,GEI-SSP2-openres-mc-15,High-CDR,2C,MESSAGEix,GEI,R10LATIN_AM,14.923005
Full,MESSAGEix-GLOBIOM GEI 1.0,GEI-SSP2-openres-mc-15,High-CDR,2C,MESSAGEix,GEI,R10MIDDLE_EAST,60.555405
Full,MESSAGEix-GLOBIOM GEI 1.0,GEI-SSP2-openres-mc-15,High-CDR,2C,MESSAGEix,GEI,R10NORTH_AM,8.019905
Full,MESSAGEix-GLOBIOM GEI 1.0,GEI-SSP2-openres-mc-15,High-CDR,2C,MESSAGEix,GEI,R10PAC_OECD,6.20963
Full,MESSAGEix-GLOBIOM GEI 1.0,GEI-SSP2-openres-mc-15,High-CDR,2C,MESSAGEix,GEI,R10REF_ECON,15.11415
Full,MESSAGEix-GLOBIOM GEI 1.0,GEI-SSP2-openres-mc-15,High-CDR,2C,MESSAGEix,GEI,R10REST_ASIA,57.772405
Full,MESSAGEix-GLOBIOM GEI 1.0,GEI-SSP2-openres-mc-50,High-CDR,1.5C,MESSAGEix,GEI,Aggregated R10 regions,436.99725
Full,MESSAGEix-GLOBIOM GEI 1.0,GEI-SSP2-openres-mc-50,High-CDR,1.5C,MESSAGEix,GEI,R10AFRICA,75.126805
Full,MESSAGEix-GLOBIOM GEI 1.0,GEI-SSP2-openres-mc-50,High-CDR,1.5C,MESSAGEix,GEI,R10CHINA+,78.52936
Full,MESSAGEix-GLOBIOM GEI 1.0,GEI-SSP2-openres-mc-50,High-CDR,1.5C,MESSAGEix,GEI,R10EUROPE,15.600705
Full,MESSAGEix-GLOBIOM GEI 1.0,GEI-SSP2-openres-mc-50,High-CDR,1.5C,MESSAGEix,GEI,R10INDIA+,114.074675
Full,MESSAGEix-GLOBIOM GEI 1.0,GEI-SSP2-openres-mc-50,High-CDR,1.5C,MESSAGEix,GEI,R10LATIN_AM,14.22286
Full,MESSAGEix-GLOBIOM GEI 1.0,GEI-SSP2-openres-mc-50,High-CDR,1.5C,MESSAGEix,GEI,R10MIDDLE_EAST,57.724995
Full,MESSAGEix-GLOBIOM GEI 1.0,GEI-SSP2-openres-mc-50,High-CDR,1.5C,MESSAGEix,GEI,R10NORTH_AM,7.42729
Full,MESSAGEix-GLOBIOM GEI 1.0,GEI-SSP2-openres-mc-50,High-CDR,1.5C,MESSAGEix,GEI,R10PAC_OECD,5.498055
Full,MESSAGEix-GLOBIOM GEI 1.0,GEI-SSP2-openres-mc-50,High-CDR,1.5C,MESSAGEix,GEI,R10REF_ECON,14.44141
Full,MESSAGEix-GLOBIOM GEI 1.0,GEI-SSP2-openres-mc-50,High-CDR,1.5C,MESSAGEix,GEI,R10REST_ASIA,54.351095
Full,POLES-JRC ENGAGE,ENGAGE-INDCi2030-1000,High-CDR,2C,POLES,ENGAGE,Aggregated R10 regions,400.533215
Full,POLES-JRC ENGAGE,ENGAGE-INDCi2030-1000,High-CDR,2C,POLES,ENGAGE,R10AFRICA,72.15719
Full,POLES-JRC ENGAGE,ENGAGE-INDCi2030-1000,High-CDR,2C,POLES,ENGAGE,R10CHINA+,76.455915
Full,POLES-JRC ENGAGE,ENGAGE-INDCi2030-1000,High-CDR,2C,POLES,ENGAGE,R10EUROPE,11.88179
Full,POLES-JRC ENGAGE,ENGAGE-INDCi2030-1000,High-CDR,2C,POLES,ENGAGE,R10INDIA+,106.07393
Full,POLES-JRC ENGAGE,ENGAGE-INDCi2030-1000,High-CDR,2C,POLES,ENGAGE,R10LATIN_AM,13.201165
Full,POLES-JRC ENGAGE,ENGAGE-INDCi2030-1000,High-CDR,2C,POLES,ENGAGE,R10MIDDLE_EAST,43.143265
Full,POLES-JRC ENGAGE,ENGAGE-INDCi2030-1000,High-CDR,2C,POLES,ENGAGE,R10NORTH_AM,6.49625
Full,POLES-JRC ENGAGE,ENGAGE-INDCi2030-1000,High-CDR,2C,POLES,ENGAGE,R10PAC_OECD,4.37159
Full,POLES-JRC ENGAGE,ENGAGE-INDCi2030-1000,High-CDR,2C,POLES,ENGAGE,R10REF_ECON,13.039885
Full,POLES-JRC ENGAGE,ENGAGE-INDCi2030-1000,High-CDR,2C,POLES,ENGAGE,R10REST_ASIA,53.712235
Full,POLES-JRC ENGAGE,ENGAGE-INDCi2030-1000-COV,High-CDR,2C,POLES,ENGAGE,Aggregated R10 regions,398.789375
Full,POLES-JRC ENGAGE,ENGAGE-INDCi2030-1000-COV,High-CDR,2C,POLES,ENGAGE,R10AFRICA,71.921935
Full,POLES-JRC ENGAGE,ENGAGE-INDCi2030-1000-COV,High-CDR,2C,POLES,ENGAGE,R10CHINA+,76.767685
Full,POLES-JRC ENGAGE,ENGAGE-INDCi2030-1000-COV,High-CDR,2C,POLES,ENGAGE,R10EUROPE,11.889935
Full,POLES-JRC ENGAGE,ENGAGE-INDCi2030-1000-COV,High-CDR,2C,POLES,ENGAGE,R10INDIA+,104.76977
Full,POLES-JRC ENGAGE,ENGAGE-INDCi2030-1000-COV,High-CDR,2C,POLES,ENGAGE,R10LATIN_AM,13.20034
Full,POLES-JRC ENGAGE,ENGAGE-INDCi2030-1000-COV,High-CDR,2C,POLES,ENGAGE,R10MIDDLE_EAST,42.936475
Full,POLES-JRC ENGAGE,ENGAGE-INDCi2030-1000-COV,High-CDR,2C,POLES,ENGAGE,R10NORTH_AM,6.470435
Full,POLES-JRC ENGAGE,ENGAGE-INDCi2030-1000-COV,High-CDR,2C,POLES,ENGAGE,R10PAC_OECD,4.37035
Full,POLES-JRC ENGAGE,ENGAGE-INDCi2030-1000-COV,High-CDR,2C,POLES,ENGAGE,R10REF_ECON,13.01433
Full,POLES-JRC ENGAGE,ENGAGE-INDCi2030-1000-COV,High-CDR,2C,POLES,ENGAGE,R10REST_ASIA,53.44812
Full,POLES-JRC ENGAGE,ENGAGE-INDCi2030-1000-COV-NDCp,High-CDR,2C,POLES,ENGAGE,Aggregated R10 regions,398.525915
Full,POLES-JRC ENGAGE,ENGAGE-INDCi2030-1000-COV-NDCp,High-CDR,2C,POLES,ENGAGE,R10AFRICA,71.896975
Full,POLES-JRC ENGAGE,ENGAGE-INDCi2030-1000-COV-NDCp,High-CDR,2C,POLES,ENGAGE,R10CHINA+,76.797745
Full,POLES-JRC ENGAGE,ENGAGE-INDCi2030-1000-COV-NDCp,High-CDR,2C,POLES,ENGAGE,R10EUROPE,11.740955
Full,POLES-JRC ENGAGE,ENGAGE-INDCi2030-1000-COV-NDCp,High-CDR,2C,POLES,ENGAGE,R10INDIA+,104.74446
Full,POLES-JRC ENGAGE,ENGAGE-INDCi2030-1000-COV-NDCp,High-CDR,2C,POLES,ENGAGE,R10LATIN_AM,13.18212
Full,POLES-JRC ENGAGE,ENGAGE-INDCi2030-1000-COV-NDCp,High-CDR,2C,POLES,ENGAGE,R10MIDDLE_EAST,42.919925
Full,POLES-JRC ENGAGE,ENGAGE-INDCi2030-1000-COV-NDCp,High-CDR,2C,POLES,ENGAGE,R10NORTH_AM,6.439705
Full,POLES-JRC ENGAGE,ENGAGE-INDCi2030-1000-COV-NDCp,High-CDR,2C,POLES,ENGAGE,R10PAC_OECD,4.36428
Full,POLES-JRC ENGAGE,ENGAGE-INDCi2030-1000-COV-NDCp,High-CDR,2C,POLES,ENGAGE,R10REF_ECON,13.00144
Full,POLES-JRC ENGAGE,ENGAGE-INDCi2030-1000-COV-NDCp,High-CDR,2C,POLES,ENGAGE,R10REST_ASIA,53.43831
Full,POLES-JRC ENGAGE,ENGAGE-INDCi2030-1000-NDCp,High-CDR,2C,POLES,ENGAGE,Aggregated R10 regions,404.43513
Full,POLES-JRC ENGAGE,ENGAGE-INDCi2030-1000-NDCp,High-CDR,2C,POLES,ENGAGE,R10AFRICA,72.31442
Full,POLES-JRC ENGAGE,ENGAGE-INDCi2030-1000-NDCp,High-CDR,2C,POLES,ENGAGE,R10CHINA+,77.12169
Full,POLES-JRC ENGAGE,ENGAGE-INDCi2030-1000-NDCp,High-CDR,2C,POLES,ENGAGE,R10EUROPE,11.749925
Full,POLES-JRC ENGAGE,ENGAGE-INDCi2030-1000-NDCp,High-CDR,2C,POLES,ENGAGE,R10INDIA+,108.577665
Full,POLES-JRC ENGAGE,ENGAGE-INDCi2030-1000-NDCp,High-CDR,2C,POLES,ENGAGE,R10LATIN_AM,13.230795
Full,POLES-JRC ENGAGE,ENGAGE-INDCi2030-1000-NDCp,High-CDR,2C,POLES,ENGAGE,R10MIDDLE_EAST,43.281455
Full,POLES-JRC ENGAGE,ENGAGE-INDCi2030-1000-NDCp,High-CDR,2C,POLES,ENGAGE,R10NORTH_AM,6.4844
Full,POLES-JRC ENGAGE,ENGAGE-INDCi2030-1000-NDCp,High-CDR,2C,POLES,ENGAGE,R10PAC_OECD,4.380375
Full,POLES-JRC ENGAGE,ENGAGE-INDCi2030-1000-NDCp,High-CDR,2C,POLES,ENGAGE,R10REF_ECON,13.12624
Full,POLES-JRC ENGAGE,ENGAGE-INDCi2030-1000-NDCp,High-CDR,2C,POLES,ENGAGE,R10REST_ASIA,54.168165
Full,POLES-JRC ENGAGE,ENGAGE-INDCi2030-1000f,High-CDR,2C,POLES,ENGAGE,Aggregated R10 regions,402.705065
Full,POLES-JRC ENGAGE,ENGAGE-INDCi2030-1000f,High-CDR,2C,POLES,ENGAGE,R10AFRICA,72.090865
Full,POLES-JRC ENGAGE,ENGAGE-INDCi2030-1000f,High-CDR,2C,POLES,ENGAGE,R10CHINA+,77.391975
Full,POLES-JRC ENGAGE,ENGAGE-INDCi2030-1000f,High-CDR,2C,POLES,ENGAGE,R10EUROPE,11.97372
Full,POLES-JRC ENGAGE,ENGAGE-INDCi2030-1000f,High-CDR,2C,POLES,ENGAGE,R10INDIA+,107.051515
Full,POLES-JRC ENGAGE,ENGAGE-INDCi2030-1000f,High-CDR,2C,POLES,ENGAGE,R10LATIN_AM,13.23487
Full,POLES-JRC ENGAGE,ENGAGE-INDCi2030-1000f,High-CDR,2C,POLES,ENGAGE,R10MIDDLE_EAST,43.14028
Full,POLES-JRC ENGAGE,ENGAGE-INDCi2030-1000f,High-CDR,2C,POLES,ENGAGE,R10NORTH_AM,6.51302
Full,POLES-JRC ENGAGE,ENGAGE-INDCi2030-1000f,High-CDR,2C,POLES,ENGAGE,R10PAC_OECD,4.38501
Full,POLES-JRC ENGAGE,ENGAGE-INDCi2030-1000f,High-CDR,2C,POLES,ENGAGE,R10REF_ECON,13.092425
Full,POLES-JRC ENGAGE,ENGAGE-INDCi2030-1000f,High-CDR,2C,POLES,ENGAGE,R10REST_ASIA,53.831385
Full,POLES-JRC ENGAGE,ENGAGE-INDCi2030-1000f-COV,High-CDR,2C,POLES,ENGAGE,Aggregated R10 regions,399.75509
Full,POLES-JRC ENGAGE,ENGAGE-INDCi2030-1000f-COV,High-CDR,2C,POLES,ENGAGE,R10AFRICA,71.84613
Full,POLES-JRC ENGAGE,ENGAGE-INDCi2030-1000f-COV,High-CDR,2C,POLES,ENGAGE,R10CHINA+,77.15941
Full,POLES-JRC ENGAGE,ENGAGE-INDCi2030-1000f-COV,High-CDR,2C,POLES,ENGAGE,R10EUROPE,11.94123
Full,POLES-JRC ENGAGE,ENGAGE-INDCi2030-1000f-COV,High-CDR,2C,POLES,ENGAGE,R10INDIA+,105.23863
Full,POLES-JRC ENGAGE,ENGAGE-INDCi2030-1000f-COV,High-CDR,2C,POLES,ENGAGE,R10LATIN_AM,13.20903
Full,POLES-JRC ENGAGE,ENGAGE-INDCi2030-1000f-COV,High-CDR,2C,POLES,ENGAGE,R10MIDDLE_EAST,42.96139
Full,POLES-JRC ENGAGE,ENGAGE-INDCi2030-1000f-COV,High-CDR,2C,POLES,ENGAGE,R10NORTH_AM,6.485475
Full,POLES-JRC ENGAGE,ENGAGE-INDCi2030-1000f-COV,High-CDR,2C,POLES,ENGAGE,R10PAC_OECD,4.37891
Full,POLES-JRC ENGAGE,ENGAGE-INDCi2030-1000f-COV,High-CDR,2C,POLES,ENGAGE,R10REF_ECON,13.04015
Full,POLES-JRC ENGAGE,ENGAGE-INDCi2030-1000f-COV,High-CDR,2C,POLES,ENGAGE,R10REST_ASIA,53.494735
Full,POLES-JRC ENGAGE,ENGAGE-INDCi2030-1000f-COV-NDCp,High-CDR,2C,POLES,ENGAGE,Aggregated R10 regions,400.006655
Full,POLES-JRC ENGAGE,ENGAGE-INDCi2030-1000f-COV-NDCp,High-CDR,2C,POLES,ENGAGE,R10AFRICA,71.84256
Full,POLES-JRC ENGAGE,ENGAGE-INDCi2030-1000f-COV-NDCp,High-CDR,2C,POLES,ENGAGE,R10CHINA+,77.393515
Full,POLES-JRC ENGAGE,ENGAGE-INDCi2030-1000f-COV-NDCp,High-CDR,2C,POLES,ENGAGE,R10EUROPE,11.78661
Full,POLES-JRC ENGAGE,ENGAGE-INDCi2030-1000f-COV-NDCp,High-CDR,2C,POLES,ENGAGE,R10INDIA+,105.44636
Full,POLES-JRC ENGAGE,ENGAGE-INDCi2030-1000f-COV-NDCp,High-CDR,2C,POLES,ENGAGE,R10LATIN_AM,13.19468
Full,POLES-JRC ENGAGE,ENGAGE-INDCi2030-1000f-COV-NDCp,High-CDR,2C,POLES,ENGAGE,R10MIDDLE_EAST,42.95142
Full,POLES-JRC ENGAGE,ENGAGE-INDCi2030-1000f-COV-NDCp,High-CDR,2C,POLES,ENGAGE,R10NORTH_AM,6.456785
Full,POLES-JRC ENGAGE,ENGAGE-INDCi2030-1000f-COV-NDCp,High-CDR,2C,POLES,ENGAGE,R10PAC_OECD,4.37284
Full,POLES-JRC ENGAGE,ENGAGE-INDCi2030-1000f-COV-NDCp,High-CDR,2C,POLES,ENGAGE,R10REF_ECON,13.03148
Full,POLES-JRC ENGAGE,ENGAGE-INDCi2030-1000f-COV-NDCp,High-CDR,2C,POLES,ENGAGE,R10REST_ASIA,53.530405
Full,POLES-JRC ENGAGE,ENGAGE-INDCi2030-1000f-NDCp,High-CDR,2C,POLES,ENGAGE,Aggregated R10 regions,407.274885
Full,POLES-JRC ENGAGE,ENGAGE-INDCi2030-1000f-NDCp,High-CDR,2C,POLES,ENGAGE,R10AFRICA,72.208675
Full,POLES-JRC ENGAGE,ENGAGE-INDCi2030-1000f-NDCp,High-CDR,2C,POLES,ENGAGE,R10CHINA+,78.393495
Full,POLES-JRC ENGAGE,ENGAGE-INDCi2030-1000f-NDCp,High-CDR,2C,POLES,ENGAGE,R10EUROPE,11.847355
Full,POLES-JRC ENGAGE,ENGAGE-INDCi2030-1000f-NDCp,High-CDR,2C,POLES,ENGAGE,R10INDIA+,109.769475
Full,POLES-JRC ENGAGE,ENGAGE-INDCi2030-1000f-NDCp,High-CDR,2C,POLES,ENGAGE,R10LATIN_AM,13.275285
Full,POLES-JRC ENGAGE,ENGAGE-INDCi2030-1000f-NDCp,High-CDR,2C,POLES,ENGAGE,R10MIDDLE_EAST,43.3293
Full,POLES-JRC ENGAGE,ENGAGE-INDCi2030-1000f-NDCp,High-CDR,2C,POLES,ENGAGE,R10NORTH_AM,6.51991
Full,POLES-JRC ENGAGE,ENGAGE-INDCi2030-1000f-NDCp,High-CDR,2C,POLES,ENGAGE,R10PAC_OECD,4.411055
Full,POLES-JRC ENGAGE,ENGAGE-INDCi2030-1000f-NDCp,High-CDR,2C,POLES,ENGAGE,R10REF_ECON,13.135205
Full,POLES-JRC ENGAGE,ENGAGE-INDCi2030-1000f-NDCp,High-CDR,2C,POLES,ENGAGE,R10REST_ASIA,54.38513
Full,POLES-JRC ENGAGE,ENGAGE-INDCi2030-1200,High-CDR,2C,POLES,ENGAGE,Aggregated R10 regions,405.15918
Full,POLES-JRC ENGAGE,ENGAGE-INDCi2030-1200,High-CDR,2C,POLES,ENGAGE,R10AFRICA,72.45286
Full,POLES-JRC ENGAGE,ENGAGE-INDCi2030-1200,High-CDR,2C,POLES,ENGAGE,R10CHINA+,77.6596
Full,POLES-JRC ENGAGE,ENGAGE-INDCi2030-1200,High-CDR,2C,POLES,ENGAGE,R10EUROPE,11.990115
Full,POLES-JRC ENGAGE,ENGAGE-INDCi2030-1200,High-CDR,2C,POLES,ENGAGE,R10INDIA+,108.26836
Full,POLES-JRC ENGAGE,ENGAGE-INDCi2030-1200,High-CDR,2C,POLES,ENGAGE,R10LATIN_AM,13.269015
Full,POLES-JRC ENGAGE,ENGAGE-INDCi2030-1200,High-CDR,2C,POLES,ENGAGE,R10MIDDLE_EAST,43.2387
Full,POLES-JRC ENGAGE,ENGAGE-INDCi2030-1200,High-CDR,2C,POLES,ENGAGE,R10NORTH_AM,6.51506
Full,POLES-JRC ENGAGE,ENGAGE-INDCi2030-1200,High-CDR,2C,POLES,ENGAGE,R10PAC_OECD,4.39942
Full,POLES-JRC ENGAGE,ENGAGE-INDCi2030-1200,High-CDR,2C,POLES,ENGAGE,R10REF_ECON,13.132345
Full,POLES-JRC ENGAGE,ENGAGE-INDCi2030-1200,High-CDR,2C,POLES,ENGAGE,R10REST_ASIA,54.233705
Full,POLES-JRC ENGAGE,ENGAGE-INDCi2030-1200f,High-CDR,2C,POLES,ENGAGE,Aggregated R10 regions,406.660905
Full,POLES-JRC ENGAGE,ENGAGE-INDCi2030-1200f,High-CDR,2C,POLES,ENGAGE,R10AFRICA,72.464415
Full,POLES-JRC ENGAGE,ENGAGE-INDCi2030-1200f,High-CDR,2C,POLES,ENGAGE,R10CHINA+,78.21474
Full,POLES-JRC ENGAGE,ENGAGE-INDCi2030-1200f,High-CDR,2C,POLES,ENGAGE,R10EUROPE,12.036045
Full,POLES-JRC ENGAGE,ENGAGE-INDCi2030-1200f,High-CDR,2C,POLES,ENGAGE,R10INDIA+,108.870065
Full,POLES-JRC ENGAGE,ENGAGE-INDCi2030-1200f,High-CDR,2C,POLES,ENGAGE,R10LATIN_AM,13.307645
Full,POLES-JRC ENGAGE,ENGAGE-INDCi2030-1200f,High-CDR,2C,POLES,ENGAGE,R10MIDDLE_EAST,43.25912
Full,POLES-JRC ENGAGE,ENGAGE-INDCi2030-1200f,High-CDR,2C,POLES,ENGAGE,R10NORTH_AM,6.53187
Full,POLES-JRC ENGAGE,ENGAGE-INDCi2030-1200f,High-CDR,2C,POLES,ENGAGE,R10PAC_OECD,4.40497
Full,POLES-JRC ENGAGE,ENGAGE-INDCi2030-1200f,High-CDR,2C,POLES,ENGAGE,R10REF_ECON,13.156545
Full,POLES-JRC ENGAGE,ENGAGE-INDCi2030-1200f,High-CDR,2C,POLES,ENGAGE,R10REST_ASIA,54.41549
Full,POLES-JRC ENGAGE,ENGAGE-INDCi2030-1400,High-CDR,2C,POLES,ENGAGE,Aggregated R10 regions,410.06586
Full,POLES-JRC ENGAGE,ENGAGE-INDCi2030-1400,High-CDR,2C,POLES,ENGAGE,R10AFRICA,72.962
Full,POLES-JRC ENGAGE,ENGAGE-INDCi2030-1400,High-CDR,2C,POLES,ENGAGE,R10CHINA+,78.61779
Full,POLES-JRC ENGAGE,ENGAGE-INDCi2030-1400,High-CDR,2C,POLES,ENGAGE,R10EUROPE,12.066905
Full,POLES-JRC ENGAGE,ENGAGE-INDCi2030-1400,High-CDR,2C,POLES,ENGAGE,R10INDIA+,110.599235
Full,POLES-JRC ENGAGE,ENGAGE-INDCi2030-1400,High-CDR,2C,POLES,ENGAGE,R10LATIN_AM,13.312265
Full,POLES-JRC ENGAGE,ENGAGE-INDCi2030-1400,High-CDR,2C,POLES,ENGAGE,R10MIDDLE_EAST,43.363065
Full,POLES-JRC ENGAGE,ENGAGE-INDCi2030-1400,High-CDR,2C,POLES,ENGAGE,R10NORTH_AM,6.56489
Full,POLES-JRC ENGAGE,ENGAGE-INDCi2030-1400,High-CDR,2C,POLES,ENGAGE,R10PAC_OECD,4.42293
Full,POLES-JRC ENGAGE,ENGAGE-INDCi2030-1400,High-CDR,2C,POLES,ENGAGE,R10REF_ECON,13.201105
Full,POLES-JRC ENGAGE,ENGAGE-INDCi2030-1400,High-CDR,2C,POLES,ENGAGE,R10REST_ASIA,54.955675
Full,POLES-JRC ENGAGE,ENGAGE-INDCi2030-1400f,High-CDR,2C,POLES,ENGAGE,Aggregated R10 regions,410.48858
Full,POLES-JRC ENGAGE,ENGAGE-INDCi2030-1400f,High-CDR,2C,POLES,ENGAGE,R10AFRICA,72.94773
Full,POLES-JRC ENGAGE,ENGAGE-INDCi2030-1400f,High-CDR,2C,POLES,ENGAGE,R10CHINA+,78.76173
Full,POLES-JRC ENGAGE,ENGAGE-INDCi2030-1400f,High-CDR,2C,POLES,ENGAGE,R10EUROPE,12.076025
Full,POLES-JRC ENGAGE,ENGAGE-INDCi2030-1400f,High-CDR,2C,POLES,ENGAGE,R10INDIA+,110.87664
Full,POLES-JRC ENGAGE,ENGAGE-INDCi2030-1400f,High-CDR,2C,POLES,ENGAGE,R10LATIN_AM,13.312265
Full,POLES-JRC ENGAGE,ENGAGE-INDCi2030-1400f,High-CDR,2C,POLES,ENGAGE,R10MIDDLE_EAST,43.35673
Full,POLES-JRC ENGAGE,ENGAGE-INDCi2030-1400f,High-CDR,2C,POLES,ENGAGE,R10NORTH_AM,6.54919
Full,POLES-JRC ENGAGE,ENGAGE-INDCi2030-1400f,High-CDR,2C,POLES,ENGAGE,R10PAC_OECD,4.42293
Full,POLES-JRC ENGAGE,ENGAGE-INDCi2030-1400f,High-CDR,2C,POLES,ENGAGE,R10REF_ECON,13.201105
Full,POLES-JRC ENGAGE,ENGAGE-INDCi2030-1400f,High-CDR,2C,POLES,ENGAGE,R10REST_ASIA,54.984235
Full,POLES-JRC ENGAGE,ENGAGE-INDCi2030-1600,High-CDR,2C,POLES,ENGAGE,Aggregated R10 regions,413.697125
Full,POLES-JRC ENGAGE,ENGAGE-INDCi2030-1600,High-CDR,2C,POLES,ENGAGE,R10AFRICA,73.31629
Full,POLES-JRC ENGAGE,ENGAGE-INDCi2030-1600,High-CDR,2C,POLES,ENGAGE,R10CHINA+,79.579425
Full,POLES-JRC ENGAGE,ENGAGE-INDCi2030-1600,High-CDR,2C,POLES,ENGAGE,R10EUROPE,12.125835
Full,POLES-JRC ENGAGE,ENGAGE-INDCi2030-1600,High-CDR,2C,POLES,ENGAGE,R10INDIA+,112.161245
Full,POLES-JRC ENGAGE,ENGAGE-INDCi2030-1600,High-CDR,2C,POLES,ENGAGE,R10LATIN_AM,13.346925
Full,POLES-JRC ENGAGE,ENGAGE-INDCi2030-1600,High-CDR,2C,POLES,ENGAGE,R10MIDDLE_EAST,43.483235
Full,POLES-JRC ENGAGE,ENGAGE-INDCi2030-1600,High-CDR,2C,POLES,ENGAGE,R10NORTH_AM,6.61037
Full,POLES-JRC ENGAGE,ENGAGE-INDCi2030-1600,High-CDR,2C,POLES,ENGAGE,R10PAC_OECD,4.44092
Full,POLES-JRC ENGAGE,ENGAGE-INDCi2030-1600,High-CDR,2C,POLES,ENGAGE,R10REF_ECON,13.234685
Full,POLES-JRC ENGAGE,ENGAGE-INDCi2030-1600,High-CDR,2C,POLES,ENGAGE,R10REST_ASIA,55.398195
Full,POLES-JRC ENGAGE,ENGAGE-INDCi2030-1600f,High-CDR,2C,POLES,ENGAGE,Aggregated R10 regions,413.697125
Full,POLES-JRC ENGAGE,ENGAGE-INDCi2030-1600f,High-CDR,2C,POLES,ENGAGE,R10AFRICA,73.31629
Full,POLES-JRC ENGAGE,ENGAGE-INDCi2030-1600f,High-CDR,2C,POLES,ENGAGE,R10CHINA+,79.579425
Full,POLES-JRC ENGAGE,ENGAGE-INDCi2030-1600f,High-CDR,2C,POLES,ENGAGE,R10EUROPE,12.125835
Full,POLES-JRC ENGAGE,ENGAGE-INDCi2030-1600f,High-CDR,2C,POLES,ENGAGE,R10INDIA+,112.161245
Full,POLES-JRC ENGAGE,ENGAGE-INDCi2030-1600f,High-CDR,2C,POLES,ENGAGE,R10LATIN_AM,13.346925
Full,POLES-JRC ENGAGE,ENGAGE-INDCi2030-1600f,High-CDR,2C,POLES,ENGAGE,R10MIDDLE_EAST,43.483235
Full,POLES-JRC ENGAGE,ENGAGE-INDCi2030-1600f,High-CDR,2C,POLES,ENGAGE,R10NORTH_AM,6.61037
Full,POLES-JRC ENGAGE,ENGAGE-INDCi2030-1600f,High-CDR,2C,POLES,ENGAGE,R10PAC_OECD,4.44092
Full,POLES-JRC ENGAGE,ENGAGE-INDCi2030-1600f,High-CDR,2C,POLES,ENGAGE,R10REF_ECON,13.234685
Full,POLES-JRC ENGAGE,ENGAGE-INDCi2030-1600f,High-CDR,2C,POLES,ENGAGE,R10REST_ASIA,55.398195
Full,POLES-JRC ENGAGE,ENGAGE-INDCi2030-1800,High-CDR,2C,POLES,ENGAGE,Aggregated R10 regions,417.52523
Full,POLES-JRC ENGAGE,ENGAGE-INDCi2030-1800,High-CDR,2C,POLES,ENGAGE,R10AFRICA,73.67381
Full,POLES-JRC ENGAGE,ENGAGE-INDCi2030-1800,High-CDR,2C,POLES,ENGAGE,R10CHINA+,80.352225
Full,POLES-JRC ENGAGE,ENGAGE-INDCi2030-1800,High-CDR,2C,POLES,ENGAGE,R10EUROPE,12.184
Full,POLES-JRC ENGAGE,ENGAGE-INDCi2030-1800,High-CDR,2C,POLES,ENGAGE,R10INDIA+,114.01742
Full,POLES-JRC ENGAGE,ENGAGE-INDCi2030-1800,High-CDR,2C,POLES,ENGAGE,R10LATIN_AM,13.388285
Full,POLES-JRC ENGAGE,ENGAGE-INDCi2030-1800,High-CDR,2C,POLES,ENGAGE,R10MIDDLE_EAST,43.605375
Full,POLES-JRC ENGAGE,ENGAGE-INDCi2030-1800,High-CDR,2C,POLES,ENGAGE,R10NORTH_AM,6.67632
Full,POLES-JRC ENGAGE,ENGAGE-INDCi2030-1800,High-CDR,2C,POLES,ENGAGE,R10PAC_OECD,4.46123
Full,POLES-JRC ENGAGE,ENGAGE-INDCi2030-1800,High-CDR,2C,POLES,ENGAGE,R10REF_ECON,13.29234
Full,POLES-JRC ENGAGE,ENGAGE-INDCi2030-1800,High-CDR,2C,POLES,ENGAGE,R10REST_ASIA,55.874225
Full,POLES-JRC ENGAGE,ENGAGE-INDCi2030-1800f,High-CDR,2C,POLES,ENGAGE,Aggregated R10 regions,417.52523
Full,POLES-JRC ENGAGE,ENGAGE-INDCi2030-1800f,High-CDR,2C,POLES,ENGAGE,R10AFRICA,73.67381
Full,POLES-JRC ENGAGE,ENGAGE-INDCi2030-1800f,High-CDR,2C,POLES,ENGAGE,R10CHINA+,80.352225
Full,POLES-JRC ENGAGE,ENGAGE-INDCi2030-1800f,High-CDR,2C,POLES,ENGAGE,R10EUROPE,12.184
Full,POLES-JRC ENGAGE,ENGAGE-INDCi2030-1800f,High-CDR,2C,POLES,ENGAGE,R10INDIA+,114.01742
Full,POLES-JRC ENGAGE,ENGAGE-INDCi2030-1800f,High-CDR,2C,POLES,ENGAGE,R10LATIN_AM,13.388285
Full,POLES-JRC ENGAGE,ENGAGE-INDCi2030-1800f,High-CDR,2C,POLES,ENGAGE,R10MIDDLE_EAST,43.605375
Full,POLES-JRC ENGAGE,ENGAGE-INDCi2030-1800f,High-CDR,2C,POLES,ENGAGE,R10NORTH_AM,6.67632
Full,POLES-JRC ENGAGE,ENGAGE-INDCi2030-1800f,High-CDR,2C,POLES,ENGAGE,R10PAC_OECD,4.46123
Full,POLES-JRC ENGAGE,ENGAGE-INDCi2030-1800f,High-CDR,2C,POLES,ENGAGE,R10REF_ECON,13.29234
Full,POLES-JRC ENGAGE,ENGAGE-INDCi2030-1800f,High-CDR,2C,POLES,ENGAGE,R10REST_ASIA,55.874225
Full,POLES-JRC ENGAGE,ENGAGE-INDCi2030-2000,High-CDR,2C,POLES,ENGAGE,Aggregated R10 regions,420.124325
Full,POLES-JRC ENGAGE,ENGAGE-INDCi2030-2000,High-CDR,2C,POLES,ENGAGE,R10AFRICA,73.846365
Full,POLES-JRC ENGAGE,ENGAGE-INDCi2030-2000,High-CDR,2C,POLES,ENGAGE,R10CHINA+,80.952095
Full,POLES-JRC ENGAGE,ENGAGE-INDCi2030-2000,High-CDR,2C,POLES,ENGAGE,R10EUROPE,12.24968
Full,POLES-JRC ENGAGE,ENGAGE-INDCi2030-2000,High-CDR,2C,POLES,ENGAGE,R10INDIA+,115.212715
Full,POLES-JRC ENGAGE,ENGAGE-INDCi2030-2000,High-CDR,2C,POLES,ENGAGE,R10LATIN_AM,13.423695
Full,POLES-JRC ENGAGE,ENGAGE-INDCi2030-2000,High-CDR,2C,POLES,ENGAGE,R10MIDDLE_EAST,43.69435
Full,POLES-JRC ENGAGE,ENGAGE-INDCi2030-2000,High-CDR,2C,POLES,ENGAGE,R10NORTH_AM,6.69801
Full,POLES-JRC ENGAGE,ENGAGE-INDCi2030-2000,High-CDR,2C,POLES,ENGAGE,R10PAC_OECD,4.47825
Full,POLES-JRC ENGAGE,ENGAGE-INDCi2030-2000,High-CDR,2C,POLES,ENGAGE,R10REF_ECON,13.3208
Full,POLES-JRC ENGAGE,ENGAGE-INDCi2030-2000,High-CDR,2C,POLES,ENGAGE,R10REST_ASIA,56.248365
Full,POLES-JRC ENGAGE,ENGAGE-INDCi2030-2000f,High-CDR,2C,POLES,ENGAGE,Aggregated R10 regions,420.124325
Full,POLES-JRC ENGAGE,ENGAGE-INDCi2030-2000f,High-CDR,2C,POLES,ENGAGE,R10AFRICA,73.846365
Full,POLES-JRC ENGAGE,ENGAGE-INDCi2030-2000f,High-CDR,2C,POLES,ENGAGE,R10CHINA+,80.952095
Full,POLES-JRC ENGAGE,ENGAGE-INDCi2030-2000f,High-CDR,2C,POLES,ENGAGE,R10EUROPE,12.24968
Full,POLES-JRC ENGAGE,ENGAGE-INDCi2030-2000f,High-CDR,2C,POLES,ENGAGE,R10INDIA+,115.212715
Full,POLES-JRC ENGAGE,ENGAGE-INDCi2030-2000f,High-CDR,2C,POLES,ENGAGE,R10LATIN_AM,13.423695
Full,POLES-JRC ENGAGE,ENGAGE-INDCi2030-2000f,High-CDR,2C,POLES,ENGAGE,R10MIDDLE_EAST,43.69435
Full,POLES-JRC ENGAGE,ENGAGE-INDCi2030-2000f,High-CDR,2C,POLES,ENGAGE,R10NORTH_AM,6.69801
Full,POLES-JRC ENGAGE,ENGAGE-INDCi2030-2000f,High-CDR,2C,POLES,ENGAGE,R10PAC_OECD,4.47825
Full,POLES-JRC ENGAGE,ENGAGE-INDCi2030-2000f,High-CDR,2C,POLES,ENGAGE,R10REF_ECON,13.3208
Full,POLES-JRC ENGAGE,ENGAGE-INDCi2030-2000f,High-CDR,2C,POLES,ENGAGE,R10REST_ASIA,56.248365
Full,POLES-JRC ENGAGE,ENGAGE-INDCi2030-2500,High-CDR,2C,POLES,ENGAGE,Aggregated R10 regions,431.31202
Full,POLES-JRC ENGAGE,ENGAGE-INDCi2030-2500,High-CDR,2C,POLES,ENGAGE,R10AFRICA,74.668015
Full,POLES-JRC ENGAGE,ENGAGE-INDCi2030-2500,High-CDR,2C,POLES,ENGAGE,R10CHINA+,83.40762
Full,POLES-JRC ENGAGE,ENGAGE-INDCi2030-2500,High-CDR,2C,POLES,ENGAGE,R10EUROPE,12.45761
Full,POLES-JRC ENGAGE,ENGAGE-INDCi2030-2500,High-CDR,2C,POLES,ENGAGE,R10INDIA+,120.71229
Full,POLES-JRC ENGAGE,ENGAGE-INDCi2030-2500,High-CDR,2C,POLES,ENGAGE,R10LATIN_AM,13.54379
Full,POLES-JRC ENGAGE,ENGAGE-INDCi2030-2500,High-CDR,2C,POLES,ENGAGE,R10MIDDLE_EAST,44.083135
Full,POLES-JRC ENGAGE,ENGAGE-INDCi2030-2500,High-CDR,2C,POLES,ENGAGE,R10NORTH_AM,6.794725
Full,POLES-JRC ENGAGE,ENGAGE-INDCi2030-2500,High-CDR,2C,POLES,ENGAGE,R10PAC_OECD,4.5377
Full,POLES-JRC ENGAGE,ENGAGE-INDCi2030-2500,High-CDR,2C,POLES,ENGAGE,R10REF_ECON,13.44506
Full,POLES-JRC ENGAGE,ENGAGE-INDCi2030-2500,High-CDR,2C,POLES,ENGAGE,R10REST_ASIA,57.662075
Full,POLES-JRC ENGAGE,ENGAGE-INDCi2030-2500f,High-CDR,2C,POLES,ENGAGE,Aggregated R10 regions,431.31202
Full,POLES-JRC ENGAGE,ENGAGE-INDCi2030-2500f,High-CDR,2C,POLES,ENGAGE,R10AFRICA,74.668015
Full,POLES-JRC ENGAGE,ENGAGE-INDCi2030-2500f,High-CDR,2C,POLES,ENGAGE,R10CHINA+,83.40762
Full,POLES-JRC ENGAGE,ENGAGE-INDCi2030-2500f,High-CDR,2C,POLES,ENGAGE,R10EUROPE,12.45761
Full,POLES-JRC ENGAGE,ENGAGE-INDCi2030-2500f,High-CDR,2C,POLES,ENGAGE,R10INDIA+,120.71229
Full,POLES-JRC ENGAGE,ENGAGE-INDCi2030-2500f,High-CDR,2C,POLES,ENGAGE,R10LATIN_AM,13.54379
Full,POLES-JRC ENGAGE,ENGAGE-INDCi2030-2500f,High-CDR,2C,POLES,ENGAGE,R10MIDDLE_EAST,44.083135
Full,POLES-JRC ENGAGE,ENGAGE-INDCi2030-2500f,High-CDR,2C,POLES,ENGAGE,R10NORTH_AM,6.794725
Full,POLES-JRC ENGAGE,ENGAGE-INDCi2030-2500f,High-CDR,2C,POLES,ENGAGE,R10PAC_OECD,4.5377
Full,POLES-JRC ENGAGE,ENGAGE-INDCi2030-2500f,High-CDR,2C,POLES,ENGAGE,R10REF_ECON,13.44506
Full,POLES-JRC ENGAGE,ENGAGE-INDCi2030-2500f,High-CDR,2C,POLES,ENGAGE,R10REST_ASIA,57.662075
Full,POLES-JRC ENGAGE,ENGAGE-INDCi2030-300f,High-CDR,1.5C,POLES,ENGAGE,Aggregated R10 regions,393.078915
Full,POLES-JRC ENGAGE,ENGAGE-INDCi2030-300f,High-CDR,1.5C,POLES,ENGAGE,R10AFRICA,70.942735
Full,POLES-JRC ENGAGE,ENGAGE-INDCi2030-300f,High-CDR,1.5C,POLES,ENGAGE,R10CHINA+,74.91882
Full,POLES-JRC ENGAGE,ENGAGE-INDCi2030-300f,High-CDR,1.5C,POLES,ENGAGE,R10EUROPE,11.845705
Full,POLES-JRC ENGAGE,ENGAGE-INDCi2030-300f,High-CDR,1.5C,POLES,ENGAGE,R10INDIA+,103.07077
Full,POLES-JRC ENGAGE,ENGAGE-INDCi2030-300f,High-CDR,1.5C,POLES,ENGAGE,R10LATIN_AM,13.17923
Full,POLES-JRC ENGAGE,ENGAGE-INDCi2030-300f,High-CDR,1.5C,POLES,ENGAGE,R10MIDDLE_EAST,42.84298
Full,POLES-JRC ENGAGE,ENGAGE-INDCi2030-300f,High-CDR,1.5C,POLES,ENGAGE,R10NORTH_AM,6.46388
Full,POLES-JRC ENGAGE,ENGAGE-INDCi2030-300f,High-CDR,1.5C,POLES,ENGAGE,R10PAC_OECD,4.32122
Full,POLES-JRC ENGAGE,ENGAGE-INDCi2030-300f,High-CDR,1.5C,POLES,ENGAGE,R10REF_ECON,12.997095
Full,POLES-JRC ENGAGE,ENGAGE-INDCi2030-300f,High-CDR,1.5C,POLES,ENGAGE,R10REST_ASIA,52.49648
Full,POLES-JRC ENGAGE,ENGAGE-INDCi2030-400f,High-CDR,1.5C,POLES,ENGAGE,Aggregated R10 regions,393.66493
Full,POLES-JRC ENGAGE,ENGAGE-INDCi2030-400f,High-CDR,1.5C,POLES,ENGAGE,R10AFRICA,70.977145
Full,POLES-JRC ENGAGE,ENGAGE-INDCi2030-400f,High-CDR,1.5C,POLES,ENGAGE,R10CHINA+,75.03282
Full,POLES-JRC ENGAGE,ENGAGE-INDCi2030-400f,High-CDR,1.5C,POLES,ENGAGE,R10EUROPE,11.840175
Full,POLES-JRC ENGAGE,ENGAGE-INDCi2030-400f,High-CDR,1.5C,POLES,ENGAGE,R10INDIA+,103.28045
Full,POLES-JRC ENGAGE,ENGAGE-INDCi2030-400f,High-CDR,1.5C,POLES,ENGAGE,R10LATIN_AM,13.18335
Full,POLES-JRC ENGAGE,ENGAGE-INDCi2030-400f,High-CDR,1.5C,POLES,ENGAGE,R10MIDDLE_EAST,42.90812
Full,POLES-JRC ENGAGE,ENGAGE-INDCi2030-400f,High-CDR,1.5C,POLES,ENGAGE,R10NORTH_AM,6.46388
Full,POLES-JRC ENGAGE,ENGAGE-INDCi2030-400f,High-CDR,1.5C,POLES,ENGAGE,R10PAC_OECD,4.32122
Full,POLES-JRC ENGAGE,ENGAGE-INDCi2030-400f,High-CDR,1.5C,POLES,ENGAGE,R10REF_ECON,13.005865
Full,POLES-JRC ENGAGE,ENGAGE-INDCi2030-400f,High-CDR,1.5C,POLES,ENGAGE,R10REST_ASIA,52.651905
Full,POLES-JRC ENGAGE,ENGAGE-INDCi2030-500f,High-CDR,2C,POLES,ENGAGE,Aggregated R10 regions,394.056485
Full,POLES-JRC ENGAGE,ENGAGE-INDCi2030-500f,High-CDR,2C,POLES,ENGAGE,R10AFRICA,71.20539
Full,POLES-JRC ENGAGE,ENGAGE-INDCi2030-500f,High-CDR,2C,POLES,ENGAGE,R10CHINA+,75.38942
Full,POLES-JRC ENGAGE,ENGAGE-INDCi2030-500f,High-CDR,2C,POLES,ENGAGE,R10EUROPE,11.85547
Full,POLES-JRC ENGAGE,ENGAGE-INDCi2030-500f,High-CDR,2C,POLES,ENGAGE,R10INDIA+,102.967285
Full,POLES-JRC ENGAGE,ENGAGE-INDCi2030-500f,High-CDR,2C,POLES,ENGAGE,R10LATIN_AM,13.18501
Full,POLES-JRC ENGAGE,ENGAGE-INDCi2030-500f,High-CDR,2C,POLES,ENGAGE,R10MIDDLE_EAST,42.982055
Full,POLES-JRC ENGAGE,ENGAGE-INDCi2030-500f,High-CDR,2C,POLES,ENGAGE,R10NORTH_AM,6.46388
Full,POLES-JRC ENGAGE,ENGAGE-INDCi2030-500f,High-CDR,2C,POLES,ENGAGE,R10PAC_OECD,4.34917
Full,POLES-JRC ENGAGE,ENGAGE-INDCi2030-500f,High-CDR,2C,POLES,ENGAGE,R10REF_ECON,13.016675
Full,POLES-JRC ENGAGE,ENGAGE-INDCi2030-500f,High-CDR,2C,POLES,ENGAGE,R10REST_ASIA,52.64213
Full,POLES-JRC ENGAGE,ENGAGE-INDCi2030-600f,High-CDR,2C,POLES,ENGAGE,Aggregated R10 regions,395.04752
Full,POLES-JRC ENGAGE,ENGAGE-INDCi2030-600f,High-CDR,2C,POLES,ENGAGE,R10AFRICA,71.3289
Full,POLES-JRC ENGAGE,ENGAGE-INDCi2030-600f,High-CDR,2C,POLES,ENGAGE,R10CHINA+,75.664665
Full,POLES-JRC ENGAGE,ENGAGE-INDCi2030-600f,High-CDR,2C,POLES,ENGAGE,R10EUROPE,11.866235
Full,POLES-JRC ENGAGE,ENGAGE-INDCi2030-600f,High-CDR,2C,POLES,ENGAGE,R10INDIA+,103.402965
Full,POLES-JRC ENGAGE,ENGAGE-INDCi2030-600f,High-CDR,2C,POLES,ENGAGE,R10LATIN_AM,13.18906
Full,POLES-JRC ENGAGE,ENGAGE-INDCi2030-600f,High-CDR,2C,POLES,ENGAGE,R10MIDDLE_EAST,42.99188
Full,POLES-JRC ENGAGE,ENGAGE-INDCi2030-600f,High-CDR,2C,POLES,ENGAGE,R10NORTH_AM,6.48115
Full,POLES-JRC ENGAGE,ENGAGE-INDCi2030-600f,High-CDR,2C,POLES,ENGAGE,R10PAC_OECD,4.34331
Full,POLES-JRC ENGAGE,ENGAGE-INDCi2030-600f,High-CDR,2C,POLES,ENGAGE,R10REF_ECON,13.019375
Full,POLES-JRC ENGAGE,ENGAGE-INDCi2030-600f,High-CDR,2C,POLES,ENGAGE,R10REST_ASIA,52.75998
Full,POLES-JRC ENGAGE,ENGAGE-INDCi2030-600f-COV,High-CDR,2C,POLES,ENGAGE,Aggregated R10 regions,392.36593
Full,POLES-JRC ENGAGE,ENGAGE-INDCi2030-600f-COV,High-CDR,2C,POLES,ENGAGE,R10AFRICA,71.208875
Full,POLES-JRC ENGAGE,ENGAGE-INDCi2030-600f-COV,High-CDR,2C,POLES,ENGAGE,R10CHINA+,75.346190000000007
Full,POLES-JRC ENGAGE,ENGAGE-INDCi2030-600f-COV,High-CDR,2C,POLES,ENGAGE,R10EUROPE,11.80528
Full,POLES-JRC ENGAGE,ENGAGE-INDCi2030-600f-COV,High-CDR,2C,POLES,ENGAGE,R10INDIA+,101.841785
Full,POLES-JRC ENGAGE,ENGAGE-INDCi2030-600f-COV,High-CDR,2C,POLES,ENGAGE,R10LATIN_AM,13.139175
Full,POLES-JRC ENGAGE,ENGAGE-INDCi2030-600f-COV,High-CDR,2C,POLES,ENGAGE,R10MIDDLE_EAST,42.795595
Full,POLES-JRC ENGAGE,ENGAGE-INDCi2030-600f-COV,High-CDR,2C,POLES,ENGAGE,R10NORTH_AM,6.453605
Full,POLES-JRC ENGAGE,ENGAGE-INDCi2030-600f-COV,High-CDR,2C,POLES,ENGAGE,R10PAC_OECD,4.33068
Full,POLES-JRC ENGAGE,ENGAGE-INDCi2030-600f-COV,High-CDR,2C,POLES,ENGAGE,R10REF_ECON,12.9752
Full,POLES-JRC ENGAGE,ENGAGE-INDCi2030-600f-COV,High-CDR,2C,POLES,ENGAGE,R10REST_ASIA,52.469545
Full,POLES-JRC ENGAGE,ENGAGE-INDCi2030-600f-COV-NDCp,High-CDR,2C,POLES,ENGAGE,Aggregated R10 regions,391.754375
Full,POLES-JRC ENGAGE,ENGAGE-INDCi2030-600f-COV-NDCp,High-CDR,2C,POLES,ENGAGE,R10AFRICA,71.212185
Full,POLES-JRC ENGAGE,ENGAGE-INDCi2030-600f-COV-NDCp,High-CDR,2C,POLES,ENGAGE,R10CHINA+,75.367679999999993
Full,POLES-JRC ENGAGE,ENGAGE-INDCi2030-600f-COV-NDCp,High-CDR,2C,POLES,ENGAGE,R10EUROPE,11.68471
Full,POLES-JRC ENGAGE,ENGAGE-INDCi2030-600f-COV-NDCp,High-CDR,2C,POLES,ENGAGE,R10INDIA+,101.449465
Full,POLES-JRC ENGAGE,ENGAGE-INDCi2030-600f-COV-NDCp,High-CDR,2C,POLES,ENGAGE,R10LATIN_AM,13.133375
Full,POLES-JRC ENGAGE,ENGAGE-INDCi2030-600f-COV-NDCp,High-CDR,2C,POLES,ENGAGE,R10MIDDLE_EAST,42.775275
Full,POLES-JRC ENGAGE,ENGAGE-INDCi2030-600f-COV-NDCp,High-CDR,2C,POLES,ENGAGE,R10NORTH_AM,6.422875
Full,POLES-JRC ENGAGE,ENGAGE-INDCi2030-600f-COV-NDCp,High-CDR,2C,POLES,ENGAGE,R10PAC_OECD,4.32461
Full,POLES-JRC ENGAGE,ENGAGE-INDCi2030-600f-COV-NDCp,High-CDR,2C,POLES,ENGAGE,R10REF_ECON,12.96231
Full,POLES-JRC ENGAGE,ENGAGE-INDCi2030-600f-COV-NDCp,High-CDR,2C,POLES,ENGAGE,R10REST_ASIA,52.42189
Full,POLES-JRC ENGAGE,ENGAGE-INDCi2030-600f-NDCp,High-CDR,2C,POLES,ENGAGE,Aggregated R10 regions,396.718425
Full,POLES-JRC ENGAGE,ENGAGE-INDCi2030-600f-NDCp,High-CDR,2C,POLES,ENGAGE,R10AFRICA,71.33839
Full,POLES-JRC ENGAGE,ENGAGE-INDCi2030-600f-NDCp,High-CDR,2C,POLES,ENGAGE,R10CHINA+,75.454495
Full,POLES-JRC ENGAGE,ENGAGE-INDCi2030-600f-NDCp,High-CDR,2C,POLES,ENGAGE,R10EUROPE,11.715905
Full,POLES-JRC ENGAGE,ENGAGE-INDCi2030-600f-NDCp,High-CDR,2C,POLES,ENGAGE,R10INDIA+,105.06022
Full,POLES-JRC ENGAGE,ENGAGE-INDCi2030-600f-NDCp,High-CDR,2C,POLES,ENGAGE,R10LATIN_AM,13.18961
Full,POLES-JRC ENGAGE,ENGAGE-INDCi2030-600f-NDCp,High-CDR,2C,POLES,ENGAGE,R10MIDDLE_EAST,43.1038
Full,POLES-JRC ENGAGE,ENGAGE-INDCi2030-600f-NDCp,High-CDR,2C,POLES,ENGAGE,R10NORTH_AM,6.46697
Full,POLES-JRC ENGAGE,ENGAGE-INDCi2030-600f-NDCp,High-CDR,2C,POLES,ENGAGE,R10PAC_OECD,4.354305
Full,POLES-JRC ENGAGE,ENGAGE-INDCi2030-600f-NDCp,High-CDR,2C,POLES,ENGAGE,R10REF_ECON,13.040105
Full,POLES-JRC ENGAGE,ENGAGE-INDCi2030-600f-NDCp,High-CDR,2C,POLES,ENGAGE,R10REST_ASIA,52.994625
Full,POLES-JRC ENGAGE,ENGAGE-INDCi2030-700f,High-CDR,2C,POLES,ENGAGE,Aggregated R10 regions,396.617685
Full,POLES-JRC ENGAGE,ENGAGE-INDCi2030-700f,High-CDR,2C,POLES,ENGAGE,R10AFRICA,71.53
Full,POLES-JRC ENGAGE,ENGAGE-INDCi2030-700f,High-CDR,2C,POLES,ENGAGE,R10CHINA+,76.015825
Full,POLES-JRC ENGAGE,ENGAGE-INDCi2030-700f,High-CDR,2C,POLES,ENGAGE,R10EUROPE,11.878035
Full,POLES-JRC ENGAGE,ENGAGE-INDCi2030-700f,High-CDR,2C,POLES,ENGAGE,R10INDIA+,104.130545
Full,POLES-JRC ENGAGE,ENGAGE-INDCi2030-700f,High-CDR,2C,POLES,ENGAGE,R10LATIN_AM,13.18884
Full,POLES-JRC ENGAGE,ENGAGE-INDCi2030-700f,High-CDR,2C,POLES,ENGAGE,R10MIDDLE_EAST,43.0118
Full,POLES-JRC ENGAGE,ENGAGE-INDCi2030-700f,High-CDR,2C,POLES,ENGAGE,R10NORTH_AM,6.49625
Full,POLES-JRC ENGAGE,ENGAGE-INDCi2030-700f,High-CDR,2C,POLES,ENGAGE,R10PAC_OECD,4.35444
Full,POLES-JRC ENGAGE,ENGAGE-INDCi2030-700f,High-CDR,2C,POLES,ENGAGE,R10REF_ECON,13.023425
Full,POLES-JRC ENGAGE,ENGAGE-INDCi2030-700f,High-CDR,2C,POLES,ENGAGE,R10REST_ASIA,52.988525
Full,POLES-JRC ENGAGE,ENGAGE-INDCi2030-800f,High-CDR,2C,POLES,ENGAGE,Aggregated R10 regions,397.968305
Full,POLES-JRC ENGAGE,ENGAGE-INDCi2030-800f,High-CDR,2C,POLES,ENGAGE,R10AFRICA,71.793975
Full,POLES-JRC ENGAGE,ENGAGE-INDCi2030-800f,High-CDR,2C,POLES,ENGAGE,R10CHINA+,76.2455
Full,POLES-JRC ENGAGE,ENGAGE-INDCi2030-800f,High-CDR,2C,POLES,ENGAGE,R10EUROPE,11.91618
Full,POLES-JRC ENGAGE,ENGAGE-INDCi2030-800f,High-CDR,2C,POLES,ENGAGE,R10INDIA+,104.67088
Full,POLES-JRC ENGAGE,ENGAGE-INDCi2030-800f,High-CDR,2C,POLES,ENGAGE,R10LATIN_AM,13.196365
Full,POLES-JRC ENGAGE,ENGAGE-INDCi2030-800f,High-CDR,2C,POLES,ENGAGE,R10MIDDLE_EAST,43.07575
Full,POLES-JRC ENGAGE,ENGAGE-INDCi2030-800f,High-CDR,2C,POLES,ENGAGE,R10NORTH_AM,6.49798
Full,POLES-JRC ENGAGE,ENGAGE-INDCi2030-800f,High-CDR,2C,POLES,ENGAGE,R10PAC_OECD,4.36566
Full,POLES-JRC ENGAGE,ENGAGE-INDCi2030-800f,High-CDR,2C,POLES,ENGAGE,R10REF_ECON,13.057365
Full,POLES-JRC ENGAGE,ENGAGE-INDCi2030-800f,High-CDR,2C,POLES,ENGAGE,R10REST_ASIA,53.14865
Full,POLES-JRC ENGAGE,ENGAGE-INDCi2030-900f,High-CDR,2C,POLES,ENGAGE,Aggregated R10 regions,400.76828
Full,POLES-JRC ENGAGE,ENGAGE-INDCi2030-900f,High-CDR,2C,POLES,ENGAGE,R10AFRICA,71.946275
Full,POLES-JRC ENGAGE,ENGAGE-INDCi2030-900f,High-CDR,2C,POLES,ENGAGE,R10CHINA+,76.998895
Full,POLES-JRC ENGAGE,ENGAGE-INDCi2030-900f,High-CDR,2C,POLES,ENGAGE,R10EUROPE,11.95119
Full,POLES-JRC ENGAGE,ENGAGE-INDCi2030-900f,High-CDR,2C,POLES,ENGAGE,R10INDIA+,106.057745
Full,POLES-JRC ENGAGE,ENGAGE-INDCi2030-900f,High-CDR,2C,POLES,ENGAGE,R10LATIN_AM,13.21744
Full,POLES-JRC ENGAGE,ENGAGE-INDCi2030-900f,High-CDR,2C,POLES,ENGAGE,R10MIDDLE_EAST,43.0776
Full,POLES-JRC ENGAGE,ENGAGE-INDCi2030-900f,High-CDR,2C,POLES,ENGAGE,R10NORTH_AM,6.51302
Full,POLES-JRC ENGAGE,ENGAGE-INDCi2030-900f,High-CDR,2C,POLES,ENGAGE,R10PAC_OECD,4.3828
Full,POLES-JRC ENGAGE,ENGAGE-INDCi2030-900f,High-CDR,2C,POLES,ENGAGE,R10REF_ECON,13.072525
Full,POLES-JRC ENGAGE,ENGAGE-INDCi2030-900f,High-CDR,2C,POLES,ENGAGE,R10REST_ASIA,53.55079
Full,POLES-JRC ENGAGE,ENGAGE-INDCi2100-COV-NDCp,High-CDR,2C,POLES,ENGAGE,Aggregated R10 regions,451.45362
Full,POLES-JRC ENGAGE,ENGAGE-INDCi2100-COV-NDCp,High-CDR,2C,POLES,ENGAGE,R10AFRICA,73.4623
Full,POLES-JRC ENGAGE,ENGAGE-INDCi2100-COV-NDCp,High-CDR,2C,POLES,ENGAGE,R10CHINA+,85.11108
Full,POLES-JRC ENGAGE,ENGAGE-INDCi2100-COV-NDCp,High-CDR,2C,POLES,ENGAGE,R10EUROPE,12.232365
Full,POLES-JRC ENGAGE,ENGAGE-INDCi2100-COV-NDCp,High-CDR,2C,POLES,ENGAGE,R10INDIA+,136.07253
Full,POLES-JRC ENGAGE,ENGAGE-INDCi2100-COV-NDCp,High-CDR,2C,POLES,ENGAGE,R10LATIN_AM,13.704915
Full,POLES-JRC ENGAGE,ENGAGE-INDCi2100-COV-NDCp,High-CDR,2C,POLES,ENGAGE,R10MIDDLE_EAST,44.73491
Full,POLES-JRC ENGAGE,ENGAGE-INDCi2100-COV-NDCp,High-CDR,2C,POLES,ENGAGE,R10NORTH_AM,6.67743
Full,POLES-JRC ENGAGE,ENGAGE-INDCi2100-COV-NDCp,High-CDR,2C,POLES,ENGAGE,R10PAC_OECD,4.573705
Full,POLES-JRC ENGAGE,ENGAGE-INDCi2100-COV-NDCp,High-CDR,2C,POLES,ENGAGE,R10REF_ECON,13.69114
Full,POLES-JRC ENGAGE,ENGAGE-INDCi2100-COV-NDCp,High-CDR,2C,POLES,ENGAGE,R10REST_ASIA,61.193245
Full,POLES-JRC ENGAGE,ENGAGE-INDCi2100-NDCp,High-CDR,2C,POLES,ENGAGE,Aggregated R10 regions,460.736045
Full,POLES-JRC ENGAGE,ENGAGE-INDCi2100-NDCp,High-CDR,2C,POLES,ENGAGE,R10AFRICA,74.075035
Full,POLES-JRC ENGAGE,ENGAGE-INDCi2100-NDCp,High-CDR,2C,POLES,ENGAGE,R10CHINA+,85.03643
Full,POLES-JRC ENGAGE,ENGAGE-INDCi2100-NDCp,High-CDR,2C,POLES,ENGAGE,R10EUROPE,12.314685
Full,POLES-JRC ENGAGE,ENGAGE-INDCi2100-NDCp,High-CDR,2C,POLES,ENGAGE,R10INDIA+,142.58612
Full,POLES-JRC ENGAGE,ENGAGE-INDCi2100-NDCp,High-CDR,2C,POLES,ENGAGE,R10LATIN_AM,13.816455
Full,POLES-JRC ENGAGE,ENGAGE-INDCi2100-NDCp,High-CDR,2C,POLES,ENGAGE,R10MIDDLE_EAST,45.25755
Full,POLES-JRC ENGAGE,ENGAGE-INDCi2100-NDCp,High-CDR,2C,POLES,ENGAGE,R10NORTH_AM,6.723045
Full,POLES-JRC ENGAGE,ENGAGE-INDCi2100-NDCp,High-CDR,2C,POLES,ENGAGE,R10PAC_OECD,4.57981
Full,POLES-JRC ENGAGE,ENGAGE-INDCi2100-NDCp,High-CDR,2C,POLES,ENGAGE,R10REF_ECON,13.8715
Full,POLES-JRC ENGAGE,ENGAGE-INDCi2100-NDCp,High-CDR,2C,POLES,ENGAGE,R10REST_ASIA,62.475415
Full,POLES-JRC ENGAGE,ENGAGE-NPi2020-1000,High-CDR,2C,POLES,ENGAGE,Aggregated R10 regions,398.084545
Full,POLES-JRC ENGAGE,ENGAGE-NPi2020-1000,High-CDR,2C,POLES,ENGAGE,R10AFRICA,72.518035
Full,POLES-JRC ENGAGE,ENGAGE-NPi2020-1000,High-CDR,2C,POLES,ENGAGE,R10CHINA+,76.26359
Full,POLES-JRC ENGAGE,ENGAGE-NPi2020-1000,High-CDR,2C,POLES,ENGAGE,R10EUROPE,11.763675
Full,POLES-JRC ENGAGE,ENGAGE-NPi2020-1000,High-CDR,2C,POLES,ENGAGE,R10INDIA+,104.03906
Full,POLES-JRC ENGAGE,ENGAGE-NPi2020-1000,High-CDR,2C,POLES,ENGAGE,R10LATIN_AM,13.234765
Full,POLES-JRC ENGAGE,ENGAGE-NPi2020-1000,High-CDR,2C,POLES,ENGAGE,R10MIDDLE_EAST,43.11922
Full,POLES-JRC ENGAGE,ENGAGE-NPi2020-1000,High-CDR,2C,POLES,ENGAGE,R10NORTH_AM,6.49944
Full,POLES-JRC ENGAGE,ENGAGE-NPi2020-1000,High-CDR,2C,POLES,ENGAGE,R10PAC_OECD,4.359635
Full,POLES-JRC ENGAGE,ENGAGE-NPi2020-1000,High-CDR,2C,POLES,ENGAGE,R10REF_ECON,12.995815
Full,POLES-JRC ENGAGE,ENGAGE-NPi2020-1000,High-CDR,2C,POLES,ENGAGE,R10REST_ASIA,53.29131
Full,POLES-JRC ENGAGE,ENGAGE-NPi2020-1000-COV,High-CDR,2C,POLES,ENGAGE,Aggregated R10 regions,396.538045
Full,POLES-JRC ENGAGE,ENGAGE-NPi2020-1000-COV,High-CDR,2C,POLES,ENGAGE,R10AFRICA,72.309795
Full,POLES-JRC ENGAGE,ENGAGE-NPi2020-1000-COV,High-CDR,2C,POLES,ENGAGE,R10CHINA+,76.784895
Full,POLES-JRC ENGAGE,ENGAGE-NPi2020-1000-COV,High-CDR,2C,POLES,ENGAGE,R10EUROPE,11.769055
Full,POLES-JRC ENGAGE,ENGAGE-NPi2020-1000-COV,High-CDR,2C,POLES,ENGAGE,R10INDIA+,102.614775
Full,POLES-JRC ENGAGE,ENGAGE-NPi2020-1000-COV,High-CDR,2C,POLES,ENGAGE,R10LATIN_AM,13.19626
Full,POLES-JRC ENGAGE,ENGAGE-NPi2020-1000-COV,High-CDR,2C,POLES,ENGAGE,R10MIDDLE_EAST,42.954835
Full,POLES-JRC ENGAGE,ENGAGE-NPi2020-1000-COV,High-CDR,2C,POLES,ENGAGE,R10NORTH_AM,6.487795
Full,POLES-JRC ENGAGE,ENGAGE-NPi2020-1000-COV,High-CDR,2C,POLES,ENGAGE,R10PAC_OECD,4.37158
Full,POLES-JRC ENGAGE,ENGAGE-NPi2020-1000-COV,High-CDR,2C,POLES,ENGAGE,R10REF_ECON,12.93418
Full,POLES-JRC ENGAGE,ENGAGE-NPi2020-1000-COV,High-CDR,2C,POLES,ENGAGE,R10REST_ASIA,53.114875
Full,POLES-JRC ENGAGE,ENGAGE-NPi2020-1000f,High-CDR,2C,POLES,ENGAGE,Aggregated R10 regions,402.962955
Full,POLES-JRC ENGAGE,ENGAGE-NPi2020-1000f,High-CDR,2C,POLES,ENGAGE,R10AFRICA,72.362825
Full,POLES-JRC ENGAGE,ENGAGE-NPi2020-1000f,High-CDR,2C,POLES,ENGAGE,R10CHINA+,78.21826
Full,POLES-JRC ENGAGE,ENGAGE-NPi2020-1000f,High-CDR,2C,POLES,ENGAGE,R10EUROPE,11.940645
Full,POLES-JRC ENGAGE,ENGAGE-NPi2020-1000f,High-CDR,2C,POLES,ENGAGE,R10INDIA+,106.15304
Full,POLES-JRC ENGAGE,ENGAGE-NPi2020-1000f,High-CDR,2C,POLES,ENGAGE,R10LATIN_AM,13.291915
Full,POLES-JRC ENGAGE,ENGAGE-NPi2020-1000f,High-CDR,2C,POLES,ENGAGE,R10MIDDLE_EAST,43.209415
Full,POLES-JRC ENGAGE,ENGAGE-NPi2020-1000f,High-CDR,2C,POLES,ENGAGE,R10NORTH_AM,6.54834
Full,POLES-JRC ENGAGE,ENGAGE-NPi2020-1000f,High-CDR,2C,POLES,ENGAGE,R10PAC_OECD,4.395005
Full,POLES-JRC ENGAGE,ENGAGE-NPi2020-1000f,High-CDR,2C,POLES,ENGAGE,R10REF_ECON,13.074925
Full,POLES-JRC ENGAGE,ENGAGE-NPi2020-1000f,High-CDR,2C,POLES,ENGAGE,R10REST_ASIA,53.768585
Full,POLES-JRC ENGAGE,ENGAGE-NPi2020-1000f-COV,High-CDR,2C,POLES,ENGAGE,Aggregated R10 regions,400.952145
Full,POLES-JRC ENGAGE,ENGAGE-NPi2020-1000f-COV,High-CDR,2C,POLES,ENGAGE,R10AFRICA,72.11633
Full,POLES-JRC ENGAGE,ENGAGE-NPi2020-1000f-COV,High-CDR,2C,POLES,ENGAGE,R10CHINA+,78.594485
Full,POLES-JRC ENGAGE,ENGAGE-NPi2020-1000f-COV,High-CDR,2C,POLES,ENGAGE,R10EUROPE,11.93469
Full,POLES-JRC ENGAGE,ENGAGE-NPi2020-1000f-COV,High-CDR,2C,POLES,ENGAGE,R10INDIA+,104.62533
Full,POLES-JRC ENGAGE,ENGAGE-NPi2020-1000f-COV,High-CDR,2C,POLES,ENGAGE,R10LATIN_AM,13.24449
Full,POLES-JRC ENGAGE,ENGAGE-NPi2020-1000f-COV,High-CDR,2C,POLES,ENGAGE,R10MIDDLE_EAST,43.011935
Full,POLES-JRC ENGAGE,ENGAGE-NPi2020-1000f-COV,High-CDR,2C,POLES,ENGAGE,R10NORTH_AM,6.519645
Full,POLES-JRC ENGAGE,ENGAGE-NPi2020-1000f-COV,High-CDR,2C,POLES,ENGAGE,R10PAC_OECD,4.40602
Full,POLES-JRC ENGAGE,ENGAGE-NPi2020-1000f-COV,High-CDR,2C,POLES,ENGAGE,R10REF_ECON,13.02014
Full,POLES-JRC ENGAGE,ENGAGE-NPi2020-1000f-COV,High-CDR,2C,POLES,ENGAGE,R10REST_ASIA,53.47908
Full,POLES-JRC ENGAGE,ENGAGE-NPi2020-1200,High-CDR,2C,POLES,ENGAGE,Aggregated R10 regions,404.28235
Full,POLES-JRC ENGAGE,ENGAGE-NPi2020-1200,High-CDR,2C,POLES,ENGAGE,R10AFRICA,72.97925
Full,POLES-JRC ENGAGE,ENGAGE-NPi2020-1200,High-CDR,2C,POLES,ENGAGE,R10CHINA+,77.74853
Full,POLES-JRC ENGAGE,ENGAGE-NPi2020-1200,High-CDR,2C,POLES,ENGAGE,R10EUROPE,11.883205
Full,POLES-JRC ENGAGE,ENGAGE-NPi2020-1200,High-CDR,2C,POLES,ENGAGE,R10INDIA+,106.9935
Full,POLES-JRC ENGAGE,ENGAGE-NPi2020-1200,High-CDR,2C,POLES,ENGAGE,R10LATIN_AM,13.291375
Full,POLES-JRC ENGAGE,ENGAGE-NPi2020-1200,High-CDR,2C,POLES,ENGAGE,R10MIDDLE_EAST,43.28439
Full,POLES-JRC ENGAGE,ENGAGE-NPi2020-1200,High-CDR,2C,POLES,ENGAGE,R10NORTH_AM,6.55103
Full,POLES-JRC ENGAGE,ENGAGE-NPi2020-1200,High-CDR,2C,POLES,ENGAGE,R10PAC_OECD,4.392945
Full,POLES-JRC ENGAGE,ENGAGE-NPi2020-1200,High-CDR,2C,POLES,ENGAGE,R10REF_ECON,13.070505
Full,POLES-JRC ENGAGE,ENGAGE-NPi2020-1200,High-CDR,2C,POLES,ENGAGE,R10REST_ASIA,54.08762
Full,POLES-JRC ENGAGE,ENGAGE-NPi2020-1200f,High-CDR,2C,POLES,ENGAGE,Aggregated R10 regions,407.65341
Full,POLES-JRC ENGAGE,ENGAGE-NPi2020-1200f,High-CDR,2C,POLES,ENGAGE,R10AFRICA,72.75155
Full,POLES-JRC ENGAGE,ENGAGE-NPi2020-1200f,High-CDR,2C,POLES,ENGAGE,R10CHINA+,79.32405
Full,POLES-JRC ENGAGE,ENGAGE-NPi2020-1200f,High-CDR,2C,POLES,ENGAGE,R10EUROPE,12.02925
Full,POLES-JRC ENGAGE,ENGAGE-NPi2020-1200f,High-CDR,2C,POLES,ENGAGE,R10INDIA+,108.43636
Full,POLES-JRC ENGAGE,ENGAGE-NPi2020-1200f,High-CDR,2C,POLES,ENGAGE,R10LATIN_AM,13.310275
Full,POLES-JRC ENGAGE,ENGAGE-NPi2020-1200f,High-CDR,2C,POLES,ENGAGE,R10MIDDLE_EAST,43.294465
Full,POLES-JRC ENGAGE,ENGAGE-NPi2020-1200f,High-CDR,2C,POLES,ENGAGE,R10NORTH_AM,6.57954
Full,POLES-JRC ENGAGE,ENGAGE-NPi2020-1200f,High-CDR,2C,POLES,ENGAGE,R10PAC_OECD,4.429955
Full,POLES-JRC ENGAGE,ENGAGE-NPi2020-1200f,High-CDR,2C,POLES,ENGAGE,R10REF_ECON,13.140305
Full,POLES-JRC ENGAGE,ENGAGE-NPi2020-1200f,High-CDR,2C,POLES,ENGAGE,R10REST_ASIA,54.35766
Full,POLES-JRC ENGAGE,ENGAGE-NPi2020-1400,High-CDR,2C,POLES,ENGAGE,Aggregated R10 regions,411.33969
Full,POLES-JRC ENGAGE,ENGAGE-NPi2020-1400,High-CDR,2C,POLES,ENGAGE,R10AFRICA,73.12027
Full,POLES-JRC ENGAGE,ENGAGE-NPi2020-1400,High-CDR,2C,POLES,ENGAGE,R10CHINA+,79.973325
Full,POLES-JRC ENGAGE,ENGAGE-NPi2020-1400,High-CDR,2C,POLES,ENGAGE,R10EUROPE,12.076335
Full,POLES-JRC ENGAGE,ENGAGE-NPi2020-1400,High-CDR,2C,POLES,ENGAGE,R10INDIA+,110.227135
Full,POLES-JRC ENGAGE,ENGAGE-NPi2020-1400,High-CDR,2C,POLES,ENGAGE,R10LATIN_AM,13.351455
Full,POLES-JRC ENGAGE,ENGAGE-NPi2020-1400,High-CDR,2C,POLES,ENGAGE,R10MIDDLE_EAST,43.41336
Full,POLES-JRC ENGAGE,ENGAGE-NPi2020-1400,High-CDR,2C,POLES,ENGAGE,R10NORTH_AM,6.6146
Full,POLES-JRC ENGAGE,ENGAGE-NPi2020-1400,High-CDR,2C,POLES,ENGAGE,R10PAC_OECD,4.449335
Full,POLES-JRC ENGAGE,ENGAGE-NPi2020-1400,High-CDR,2C,POLES,ENGAGE,R10REF_ECON,13.188415000000001
Full,POLES-JRC ENGAGE,ENGAGE-NPi2020-1400,High-CDR,2C,POLES,ENGAGE,R10REST_ASIA,54.92546
Full,POLES-JRC ENGAGE,ENGAGE-NPi2020-1400f,High-CDR,2C,POLES,ENGAGE,Aggregated R10 regions,412.34551
Full,POLES-JRC ENGAGE,ENGAGE-NPi2020-1400f,High-CDR,2C,POLES,ENGAGE,R10AFRICA,73.15253
Full,POLES-JRC ENGAGE,ENGAGE-NPi2020-1400f,High-CDR,2C,POLES,ENGAGE,R10CHINA+,80.361185
Full,POLES-JRC ENGAGE,ENGAGE-NPi2020-1400f,High-CDR,2C,POLES,ENGAGE,R10EUROPE,12.093785
Full,POLES-JRC ENGAGE,ENGAGE-NPi2020-1400f,High-CDR,2C,POLES,ENGAGE,R10INDIA+,110.657605
Full,POLES-JRC ENGAGE,ENGAGE-NPi2020-1400f,High-CDR,2C,POLES,ENGAGE,R10LATIN_AM,13.357295
Full,POLES-JRC ENGAGE,ENGAGE-NPi2020-1400f,High-CDR,2C,POLES,ENGAGE,R10MIDDLE_EAST,43.43731
Full,POLES-JRC ENGAGE,ENGAGE-NPi2020-1400f,High-CDR,2C,POLES,ENGAGE,R10NORTH_AM,6.62958
Full,POLES-JRC ENGAGE,ENGAGE-NPi2020-1400f,High-CDR,2C,POLES,ENGAGE,R10PAC_OECD,4.461035
Full,POLES-JRC ENGAGE,ENGAGE-NPi2020-1400f,High-CDR,2C,POLES,ENGAGE,R10REF_ECON,13.188415000000001
Full,POLES-JRC ENGAGE,ENGAGE-NPi2020-1400f,High-CDR,2C,POLES,ENGAGE,R10REST_ASIA,55.00677
Full,POLES-JRC ENGAGE,ENGAGE-NPi2020-1600,High-CDR,2C,POLES,ENGAGE,Aggregated R10 regions,416.046455
Full,POLES-JRC ENGAGE,ENGAGE-NPi2020-1600,High-CDR,2C,POLES,ENGAGE,R10AFRICA,73.44734
Full,POLES-JRC ENGAGE,ENGAGE-NPi2020-1600,High-CDR,2C,POLES,ENGAGE,R10CHINA+,81.144235
Full,POLES-JRC ENGAGE,ENGAGE-NPi2020-1600,High-CDR,2C,POLES,ENGAGE,R10EUROPE,12.15087
Full,POLES-JRC ENGAGE,ENGAGE-NPi2020-1600,High-CDR,2C,POLES,ENGAGE,R10INDIA+,112.458585
Full,POLES-JRC ENGAGE,ENGAGE-NPi2020-1600,High-CDR,2C,POLES,ENGAGE,R10LATIN_AM,13.380465
Full,POLES-JRC ENGAGE,ENGAGE-NPi2020-1600,High-CDR,2C,POLES,ENGAGE,R10MIDDLE_EAST,43.55037
Full,POLES-JRC ENGAGE,ENGAGE-NPi2020-1600,High-CDR,2C,POLES,ENGAGE,R10NORTH_AM,6.70137
Full,POLES-JRC ENGAGE,ENGAGE-NPi2020-1600,High-CDR,2C,POLES,ENGAGE,R10PAC_OECD,4.472555
Full,POLES-JRC ENGAGE,ENGAGE-NPi2020-1600,High-CDR,2C,POLES,ENGAGE,R10REF_ECON,13.229275
Full,POLES-JRC ENGAGE,ENGAGE-NPi2020-1600,High-CDR,2C,POLES,ENGAGE,R10REST_ASIA,55.51139
Full,POLES-JRC ENGAGE,ENGAGE-NPi2020-1600f,High-CDR,2C,POLES,ENGAGE,Aggregated R10 regions,416.041275
Full,POLES-JRC ENGAGE,ENGAGE-NPi2020-1600f,High-CDR,2C,POLES,ENGAGE,R10AFRICA,73.44546
Full,POLES-JRC ENGAGE,ENGAGE-NPi2020-1600f,High-CDR,2C,POLES,ENGAGE,R10CHINA+,81.144235
Full,POLES-JRC ENGAGE,ENGAGE-NPi2020-1600f,High-CDR,2C,POLES,ENGAGE,R10EUROPE,12.15087
Full,POLES-JRC ENGAGE,ENGAGE-NPi2020-1600f,High-CDR,2C,POLES,ENGAGE,R10INDIA+,112.458585
Full,POLES-JRC ENGAGE,ENGAGE-NPi2020-1600f,High-CDR,2C,POLES,ENGAGE,R10LATIN_AM,13.380465
Full,POLES-JRC ENGAGE,ENGAGE-NPi2020-1600f,High-CDR,2C,POLES,ENGAGE,R10MIDDLE_EAST,43.54707
Full,POLES-JRC ENGAGE,ENGAGE-NPi2020-1600f,High-CDR,2C,POLES,ENGAGE,R10NORTH_AM,6.70137
Full,POLES-JRC ENGAGE,ENGAGE-NPi2020-1600f,High-CDR,2C,POLES,ENGAGE,R10PAC_OECD,4.472555
Full,POLES-JRC ENGAGE,ENGAGE-NPi2020-1600f,High-CDR,2C,POLES,ENGAGE,R10REF_ECON,13.229275
Full,POLES-JRC ENGAGE,ENGAGE-NPi2020-1600f,High-CDR,2C,POLES,ENGAGE,R10REST_ASIA,55.51139
Full,POLES-JRC ENGAGE,ENGAGE-NPi2020-1800,High-CDR,2C,POLES,ENGAGE,Aggregated R10 regions,419.717675
Full,POLES-JRC ENGAGE,ENGAGE-NPi2020-1800,High-CDR,2C,POLES,ENGAGE,R10AFRICA,73.7414
Full,POLES-JRC ENGAGE,ENGAGE-NPi2020-1800,High-CDR,2C,POLES,ENGAGE,R10CHINA+,81.837665
Full,POLES-JRC ENGAGE,ENGAGE-NPi2020-1800,High-CDR,2C,POLES,ENGAGE,R10EUROPE,12.21634
Full,POLES-JRC ENGAGE,ENGAGE-NPi2020-1800,High-CDR,2C,POLES,ENGAGE,R10INDIA+,114.354115
Full,POLES-JRC ENGAGE,ENGAGE-NPi2020-1800,High-CDR,2C,POLES,ENGAGE,R10LATIN_AM,13.419615
Full,POLES-JRC ENGAGE,ENGAGE-NPi2020-1800,High-CDR,2C,POLES,ENGAGE,R10MIDDLE_EAST,43.636585
Full,POLES-JRC ENGAGE,ENGAGE-NPi2020-1800,High-CDR,2C,POLES,ENGAGE,R10NORTH_AM,6.76038
Full,POLES-JRC ENGAGE,ENGAGE-NPi2020-1800,High-CDR,2C,POLES,ENGAGE,R10PAC_OECD,4.495145
Full,POLES-JRC ENGAGE,ENGAGE-NPi2020-1800,High-CDR,2C,POLES,ENGAGE,R10REF_ECON,13.2746
Full,POLES-JRC ENGAGE,ENGAGE-NPi2020-1800,High-CDR,2C,POLES,ENGAGE,R10REST_ASIA,55.98183
Full,POLES-JRC ENGAGE,ENGAGE-NPi2020-1800f,High-CDR,2C,POLES,ENGAGE,Aggregated R10 regions,419.717675
Full,POLES-JRC ENGAGE,ENGAGE-NPi2020-1800f,High-CDR,2C,POLES,ENGAGE,R10AFRICA,73.7414
Full,POLES-JRC ENGAGE,ENGAGE-NPi2020-1800f,High-CDR,2C,POLES,ENGAGE,R10CHINA+,81.837665
Full,POLES-JRC ENGAGE,ENGAGE-NPi2020-1800f,High-CDR,2C,POLES,ENGAGE,R10EUROPE,12.21634
Full,POLES-JRC ENGAGE,ENGAGE-NPi2020-1800f,High-CDR,2C,POLES,ENGAGE,R10INDIA+,114.354115
Full,POLES-JRC ENGAGE,ENGAGE-NPi2020-1800f,High-CDR,2C,POLES,ENGAGE,R10LATIN_AM,13.419615
Full,POLES-JRC ENGAGE,ENGAGE-NPi2020-1800f,High-CDR,2C,POLES,ENGAGE,R10MIDDLE_EAST,43.636585
Full,POLES-JRC ENGAGE,ENGAGE-NPi2020-1800f,High-CDR,2C,POLES,ENGAGE,R10NORTH_AM,6.76038
Full,POLES-JRC ENGAGE,ENGAGE-NPi2020-1800f,High-CDR,2C,POLES,ENGAGE,R10PAC_OECD,4.495145
Full,POLES-JRC ENGAGE,ENGAGE-NPi2020-1800f,High-CDR,2C,POLES,ENGAGE,R10REF_ECON,13.2746
Full,POLES-JRC ENGAGE,ENGAGE-NPi2020-1800f,High-CDR,2C,POLES,ENGAGE,R10REST_ASIA,55.98183
Full,POLES-JRC ENGAGE,ENGAGE-NPi2020-2000,High-CDR,2C,POLES,ENGAGE,Aggregated R10 regions,423.302215
Full,POLES-JRC ENGAGE,ENGAGE-NPi2020-2000,High-CDR,2C,POLES,ENGAGE,R10AFRICA,74.02244
Full,POLES-JRC ENGAGE,ENGAGE-NPi2020-2000,High-CDR,2C,POLES,ENGAGE,R10CHINA+,82.698685
Full,POLES-JRC ENGAGE,ENGAGE-NPi2020-2000,High-CDR,2C,POLES,ENGAGE,R10EUROPE,12.2643
Full,POLES-JRC ENGAGE,ENGAGE-NPi2020-2000,High-CDR,2C,POLES,ENGAGE,R10INDIA+,116.024895
Full,POLES-JRC ENGAGE,ENGAGE-NPi2020-2000,High-CDR,2C,POLES,ENGAGE,R10LATIN_AM,13.472455
Full,POLES-JRC ENGAGE,ENGAGE-NPi2020-2000,High-CDR,2C,POLES,ENGAGE,R10MIDDLE_EAST,43.77407
Full,POLES-JRC ENGAGE,ENGAGE-NPi2020-2000,High-CDR,2C,POLES,ENGAGE,R10NORTH_AM,6.78061
Full,POLES-JRC ENGAGE,ENGAGE-NPi2020-2000,High-CDR,2C,POLES,ENGAGE,R10PAC_OECD,4.504735
Full,POLES-JRC ENGAGE,ENGAGE-NPi2020-2000,High-CDR,2C,POLES,ENGAGE,R10REF_ECON,13.31229
Full,POLES-JRC ENGAGE,ENGAGE-NPi2020-2000,High-CDR,2C,POLES,ENGAGE,R10REST_ASIA,56.447735
Full,POLES-JRC ENGAGE,ENGAGE-NPi2020-2000f,High-CDR,2C,POLES,ENGAGE,Aggregated R10 regions,423.302215
Full,POLES-JRC ENGAGE,ENGAGE-NPi2020-2000f,High-CDR,2C,POLES,ENGAGE,R10AFRICA,74.02244
Full,POLES-JRC ENGAGE,ENGAGE-NPi2020-2000f,High-CDR,2C,POLES,ENGAGE,R10CHINA+,82.698685
Full,POLES-JRC ENGAGE,ENGAGE-NPi2020-2000f,High-CDR,2C,POLES,ENGAGE,R10EUROPE,12.2643
Full,POLES-JRC ENGAGE,ENGAGE-NPi2020-2000f,High-CDR,2C,POLES,ENGAGE,R10INDIA+,116.024895
Full,POLES-JRC ENGAGE,ENGAGE-NPi2020-2000f,High-CDR,2C,POLES,ENGAGE,R10LATIN_AM,13.472455
Full,POLES-JRC ENGAGE,ENGAGE-NPi2020-2000f,High-CDR,2C,POLES,ENGAGE,R10MIDDLE_EAST,43.77407
Full,POLES-JRC ENGAGE,ENGAGE-NPi2020-2000f,High-CDR,2C,POLES,ENGAGE,R10NORTH_AM,6.78061
Full,POLES-JRC ENGAGE,ENGAGE-NPi2020-2000f,High-CDR,2C,POLES,ENGAGE,R10PAC_OECD,4.504735
Full,POLES-JRC ENGAGE,ENGAGE-NPi2020-2000f,High-CDR,2C,POLES,ENGAGE,R10REF_ECON,13.31229
Full,POLES-JRC ENGAGE,ENGAGE-NPi2020-2000f,High-CDR,2C,POLES,ENGAGE,R10REST_ASIA,56.447735
Full,POLES-JRC ENGAGE,ENGAGE-NPi2020-2500,High-CDR,2C,POLES,ENGAGE,Aggregated R10 regions,435.021945
Full,POLES-JRC ENGAGE,ENGAGE-NPi2020-2500,High-CDR,2C,POLES,ENGAGE,R10AFRICA,74.694165
Full,POLES-JRC ENGAGE,ENGAGE-NPi2020-2500,High-CDR,2C,POLES,ENGAGE,R10CHINA+,85.720775
Full,POLES-JRC ENGAGE,ENGAGE-NPi2020-2500,High-CDR,2C,POLES,ENGAGE,R10EUROPE,12.5019
Full,POLES-JRC ENGAGE,ENGAGE-NPi2020-2500,High-CDR,2C,POLES,ENGAGE,R10INDIA+,121.542345
Full,POLES-JRC ENGAGE,ENGAGE-NPi2020-2500,High-CDR,2C,POLES,ENGAGE,R10LATIN_AM,13.57195
Full,POLES-JRC ENGAGE,ENGAGE-NPi2020-2500,High-CDR,2C,POLES,ENGAGE,R10MIDDLE_EAST,44.14543
Full,POLES-JRC ENGAGE,ENGAGE-NPi2020-2500,High-CDR,2C,POLES,ENGAGE,R10NORTH_AM,6.918255
Full,POLES-JRC ENGAGE,ENGAGE-NPi2020-2500,High-CDR,2C,POLES,ENGAGE,R10PAC_OECD,4.583365
Full,POLES-JRC ENGAGE,ENGAGE-NPi2020-2500,High-CDR,2C,POLES,ENGAGE,R10REF_ECON,13.45729
Full,POLES-JRC ENGAGE,ENGAGE-NPi2020-2500,High-CDR,2C,POLES,ENGAGE,R10REST_ASIA,57.88647
Full,POLES-JRC ENGAGE,ENGAGE-NPi2020-2500f,High-CDR,2C,POLES,ENGAGE,Aggregated R10 regions,435.021945
Full,POLES-JRC ENGAGE,ENGAGE-NPi2020-2500f,High-CDR,2C,POLES,ENGAGE,R10AFRICA,74.694165
Full,POLES-JRC ENGAGE,ENGAGE-NPi2020-2500f,High-CDR,2C,POLES,ENGAGE,R10CHINA+,85.720775
Full,POLES-JRC ENGAGE,ENGAGE-NPi2020-2500f,High-CDR,2C,POLES,ENGAGE,R10EUROPE,12.5019
Full,POLES-JRC ENGAGE,ENGAGE-NPi2020-2500f,High-CDR,2C,POLES,ENGAGE,R10INDIA+,121.542345
Full,POLES-JRC ENGAGE,ENGAGE-NPi2020-2500f,High-CDR,2C,POLES,ENGAGE,R10LATIN_AM,13.57195
Full,POLES-JRC ENGAGE,ENGAGE-NPi2020-2500f,High-CDR,2C,POLES,ENGAGE,R10MIDDLE_EAST,44.14543
Full,POLES-JRC ENGAGE,ENGAGE-NPi2020-2500f,High-CDR,2C,POLES,ENGAGE,R10NORTH_AM,6.918255
Full,POLES-JRC ENGAGE,ENGAGE-NPi2020-2500f,High-CDR,2C,POLES,ENGAGE,R10PAC_OECD,4.583365
Full,POLES-JRC ENGAGE,ENGAGE-NPi2020-2500f,High-CDR,2C,POLES,ENGAGE,R10REF_ECON,13.45729
Full,POLES-JRC ENGAGE,ENGAGE-NPi2020-2500f,High-CDR,2C,POLES,ENGAGE,R10REST_ASIA,57.88647
Full,POLES-JRC ENGAGE,ENGAGE-NPi2020-300f,High-CDR,1.5C,POLES,ENGAGE,Aggregated R10 regions,386.035705
Full,POLES-JRC ENGAGE,ENGAGE-NPi2020-300f,High-CDR,1.5C,POLES,ENGAGE,R10AFRICA,71.205435
Full,POLES-JRC ENGAGE,ENGAGE-NPi2020-300f,High-CDR,1.5C,POLES,ENGAGE,R10CHINA+,74.22641
Full,POLES-JRC ENGAGE,ENGAGE-NPi2020-300f,High-CDR,1.5C,POLES,ENGAGE,R10EUROPE,11.63428
Full,POLES-JRC ENGAGE,ENGAGE-NPi2020-300f,High-CDR,1.5C,POLES,ENGAGE,R10INDIA+,97.90282
Full,POLES-JRC ENGAGE,ENGAGE-NPi2020-300f,High-CDR,1.5C,POLES,ENGAGE,R10LATIN_AM,13.14041
Full,POLES-JRC ENGAGE,ENGAGE-NPi2020-300f,High-CDR,1.5C,POLES,ENGAGE,R10MIDDLE_EAST,42.850025
Full,POLES-JRC ENGAGE,ENGAGE-NPi2020-300f,High-CDR,1.5C,POLES,ENGAGE,R10NORTH_AM,6.43767
Full,POLES-JRC ENGAGE,ENGAGE-NPi2020-300f,High-CDR,1.5C,POLES,ENGAGE,R10PAC_OECD,4.305795
Full,POLES-JRC ENGAGE,ENGAGE-NPi2020-300f,High-CDR,1.5C,POLES,ENGAGE,R10REF_ECON,12.844745
Full,POLES-JRC ENGAGE,ENGAGE-NPi2020-300f,High-CDR,1.5C,POLES,ENGAGE,R10REST_ASIA,51.488115
Full,POLES-JRC ENGAGE,ENGAGE-NPi2020-400f,High-CDR,1.5C,POLES,ENGAGE,Aggregated R10 regions,387.5373
Full,POLES-JRC ENGAGE,ENGAGE-NPi2020-400f,High-CDR,1.5C,POLES,ENGAGE,R10AFRICA,71.37834
Full,POLES-JRC ENGAGE,ENGAGE-NPi2020-400f,High-CDR,1.5C,POLES,ENGAGE,R10CHINA+,74.41545
Full,POLES-JRC ENGAGE,ENGAGE-NPi2020-400f,High-CDR,1.5C,POLES,ENGAGE,R10EUROPE,11.663045
Full,POLES-JRC ENGAGE,ENGAGE-NPi2020-400f,High-CDR,1.5C,POLES,ENGAGE,R10INDIA+,98.66288
Full,POLES-JRC ENGAGE,ENGAGE-NPi2020-400f,High-CDR,1.5C,POLES,ENGAGE,R10LATIN_AM,13.15488
Full,POLES-JRC ENGAGE,ENGAGE-NPi2020-400f,High-CDR,1.5C,POLES,ENGAGE,R10MIDDLE_EAST,42.882105
Full,POLES-JRC ENGAGE,ENGAGE-NPi2020-400f,High-CDR,1.5C,POLES,ENGAGE,R10NORTH_AM,6.4394
Full,POLES-JRC ENGAGE,ENGAGE-NPi2020-400f,High-CDR,1.5C,POLES,ENGAGE,R10PAC_OECD,4.305405
Full,POLES-JRC ENGAGE,ENGAGE-NPi2020-400f,High-CDR,1.5C,POLES,ENGAGE,R10REF_ECON,12.861295
Full,POLES-JRC ENGAGE,ENGAGE-NPi2020-400f,High-CDR,1.5C,POLES,ENGAGE,R10REST_ASIA,51.7745
Full,POLES-JRC ENGAGE,ENGAGE-NPi2020-500f,High-CDR,2C,POLES,ENGAGE,Aggregated R10 regions,390.253695
Full,POLES-JRC ENGAGE,ENGAGE-NPi2020-500f,High-CDR,2C,POLES,ENGAGE,R10AFRICA,71.75658
Full,POLES-JRC ENGAGE,ENGAGE-NPi2020-500f,High-CDR,2C,POLES,ENGAGE,R10CHINA+,75.088
Full,POLES-JRC ENGAGE,ENGAGE-NPi2020-500f,High-CDR,2C,POLES,ENGAGE,R10EUROPE,11.693535
Full,POLES-JRC ENGAGE,ENGAGE-NPi2020-500f,High-CDR,2C,POLES,ENGAGE,R10INDIA+,99.935125
Full,POLES-JRC ENGAGE,ENGAGE-NPi2020-500f,High-CDR,2C,POLES,ENGAGE,R10LATIN_AM,13.16703
Full,POLES-JRC ENGAGE,ENGAGE-NPi2020-500f,High-CDR,2C,POLES,ENGAGE,R10MIDDLE_EAST,42.90068
Full,POLES-JRC ENGAGE,ENGAGE-NPi2020-500f,High-CDR,2C,POLES,ENGAGE,R10NORTH_AM,6.46843
Full,POLES-JRC ENGAGE,ENGAGE-NPi2020-500f,High-CDR,2C,POLES,ENGAGE,R10PAC_OECD,4.322315
Full,POLES-JRC ENGAGE,ENGAGE-NPi2020-500f,High-CDR,2C,POLES,ENGAGE,R10REF_ECON,12.896875
Full,POLES-JRC ENGAGE,ENGAGE-NPi2020-500f,High-CDR,2C,POLES,ENGAGE,R10REST_ASIA,52.025125
Full,POLES-JRC ENGAGE,ENGAGE-NPi2020-600,High-CDR,2C,POLES,ENGAGE,Aggregated R10 regions,387.612755
Full,POLES-JRC ENGAGE,ENGAGE-NPi2020-600,High-CDR,2C,POLES,ENGAGE,R10AFRICA,72.06538
Full,POLES-JRC ENGAGE,ENGAGE-NPi2020-600,High-CDR,2C,POLES,ENGAGE,R10CHINA+,73.287155
Full,POLES-JRC ENGAGE,ENGAGE-NPi2020-600,High-CDR,2C,POLES,ENGAGE,R10EUROPE,11.507455
Full,POLES-JRC ENGAGE,ENGAGE-NPi2020-600,High-CDR,2C,POLES,ENGAGE,R10INDIA+,99.24149
Full,POLES-JRC ENGAGE,ENGAGE-NPi2020-600,High-CDR,2C,POLES,ENGAGE,R10LATIN_AM,13.098145
Full,POLES-JRC ENGAGE,ENGAGE-NPi2020-600,High-CDR,2C,POLES,ENGAGE,R10MIDDLE_EAST,42.86109
Full,POLES-JRC ENGAGE,ENGAGE-NPi2020-600,High-CDR,2C,POLES,ENGAGE,R10NORTH_AM,6.37777
Full,POLES-JRC ENGAGE,ENGAGE-NPi2020-600,High-CDR,2C,POLES,ENGAGE,R10PAC_OECD,4.277125
Full,POLES-JRC ENGAGE,ENGAGE-NPi2020-600,High-CDR,2C,POLES,ENGAGE,R10REF_ECON,12.803465
Full,POLES-JRC ENGAGE,ENGAGE-NPi2020-600,High-CDR,2C,POLES,ENGAGE,R10REST_ASIA,52.09368
Full,POLES-JRC ENGAGE,ENGAGE-NPi2020-600f,High-CDR,2C,POLES,ENGAGE,Aggregated R10 regions,392.36698
Full,POLES-JRC ENGAGE,ENGAGE-NPi2020-600f,High-CDR,2C,POLES,ENGAGE,R10AFRICA,71.837895
Full,POLES-JRC ENGAGE,ENGAGE-NPi2020-600f,High-CDR,2C,POLES,ENGAGE,R10CHINA+,75.5986
Full,POLES-JRC ENGAGE,ENGAGE-NPi2020-600f,High-CDR,2C,POLES,ENGAGE,R10EUROPE,11.749715
Full,POLES-JRC ENGAGE,ENGAGE-NPi2020-600f,High-CDR,2C,POLES,ENGAGE,R10INDIA+,100.93833
Full,POLES-JRC ENGAGE,ENGAGE-NPi2020-600f,High-CDR,2C,POLES,ENGAGE,R10LATIN_AM,13.189195
Full,POLES-JRC ENGAGE,ENGAGE-NPi2020-600f,High-CDR,2C,POLES,ENGAGE,R10MIDDLE_EAST,42.94053
Full,POLES-JRC ENGAGE,ENGAGE-NPi2020-600f,High-CDR,2C,POLES,ENGAGE,R10NORTH_AM,6.48374
Full,POLES-JRC ENGAGE,ENGAGE-NPi2020-600f,High-CDR,2C,POLES,ENGAGE,R10PAC_OECD,4.338935
Full,POLES-JRC ENGAGE,ENGAGE-NPi2020-600f,High-CDR,2C,POLES,ENGAGE,R10REF_ECON,12.922685
Full,POLES-JRC ENGAGE,ENGAGE-NPi2020-600f,High-CDR,2C,POLES,ENGAGE,R10REST_ASIA,52.367355
Full,POLES-JRC ENGAGE,ENGAGE-NPi2020-600f-COV,High-CDR,2C,POLES,ENGAGE,Aggregated R10 regions,389.9498
Full,POLES-JRC ENGAGE,ENGAGE-NPi2020-600f-COV,High-CDR,2C,POLES,ENGAGE,R10AFRICA,71.56162
Full,POLES-JRC ENGAGE,ENGAGE-NPi2020-600f-COV,High-CDR,2C,POLES,ENGAGE,R10CHINA+,75.45599
Full,POLES-JRC ENGAGE,ENGAGE-NPi2020-600f-COV,High-CDR,2C,POLES,ENGAGE,R10EUROPE,11.70256
Full,POLES-JRC ENGAGE,ENGAGE-NPi2020-600f-COV,High-CDR,2C,POLES,ENGAGE,R10INDIA+,99.537185
Full,POLES-JRC ENGAGE,ENGAGE-NPi2020-600f-COV,High-CDR,2C,POLES,ENGAGE,R10LATIN_AM,13.136485
Full,POLES-JRC ENGAGE,ENGAGE-NPi2020-600f-COV,High-CDR,2C,POLES,ENGAGE,R10MIDDLE_EAST,42.780055
Full,POLES-JRC ENGAGE,ENGAGE-NPi2020-600f-COV,High-CDR,2C,POLES,ENGAGE,R10NORTH_AM,6.470055
Full,POLES-JRC ENGAGE,ENGAGE-NPi2020-600f-COV,High-CDR,2C,POLES,ENGAGE,R10PAC_OECD,4.33691
Full,POLES-JRC ENGAGE,ENGAGE-NPi2020-600f-COV,High-CDR,2C,POLES,ENGAGE,R10REF_ECON,12.89091
Full,POLES-JRC ENGAGE,ENGAGE-NPi2020-600f-COV,High-CDR,2C,POLES,ENGAGE,R10REST_ASIA,52.07803
Full,POLES-JRC ENGAGE,ENGAGE-NPi2020-700,High-CDR,2C,POLES,ENGAGE,Aggregated R10 regions,390.84758
Full,POLES-JRC ENGAGE,ENGAGE-NPi2020-700,High-CDR,2C,POLES,ENGAGE,R10AFRICA,72.109505
Full,POLES-JRC ENGAGE,ENGAGE-NPi2020-700,High-CDR,2C,POLES,ENGAGE,R10CHINA+,74.472555
Full,POLES-JRC ENGAGE,ENGAGE-NPi2020-700,High-CDR,2C,POLES,ENGAGE,R10EUROPE,11.62387
Full,POLES-JRC ENGAGE,ENGAGE-NPi2020-700,High-CDR,2C,POLES,ENGAGE,R10INDIA+,100.4798
Full,POLES-JRC ENGAGE,ENGAGE-NPi2020-700,High-CDR,2C,POLES,ENGAGE,R10LATIN_AM,13.137475
Full,POLES-JRC ENGAGE,ENGAGE-NPi2020-700,High-CDR,2C,POLES,ENGAGE,R10MIDDLE_EAST,42.96535
Full,POLES-JRC ENGAGE,ENGAGE-NPi2020-700,High-CDR,2C,POLES,ENGAGE,R10NORTH_AM,6.45188
Full,POLES-JRC ENGAGE,ENGAGE-NPi2020-700,High-CDR,2C,POLES,ENGAGE,R10PAC_OECD,4.315605
Full,POLES-JRC ENGAGE,ENGAGE-NPi2020-700,High-CDR,2C,POLES,ENGAGE,R10REF_ECON,12.87256
Full,POLES-JRC ENGAGE,ENGAGE-NPi2020-700,High-CDR,2C,POLES,ENGAGE,R10REST_ASIA,52.41898
Full,POLES-JRC ENGAGE,ENGAGE-NPi2020-700f,High-CDR,2C,POLES,ENGAGE,Aggregated R10 regions,394.80588
Full,POLES-JRC ENGAGE,ENGAGE-NPi2020-700f,High-CDR,2C,POLES,ENGAGE,R10AFRICA,71.916215
Full,POLES-JRC ENGAGE,ENGAGE-NPi2020-700f,High-CDR,2C,POLES,ENGAGE,R10CHINA+,76.31072
Full,POLES-JRC ENGAGE,ENGAGE-NPi2020-700f,High-CDR,2C,POLES,ENGAGE,R10EUROPE,11.79544
Full,POLES-JRC ENGAGE,ENGAGE-NPi2020-700f,High-CDR,2C,POLES,ENGAGE,R10INDIA+,102.085135
Full,POLES-JRC ENGAGE,ENGAGE-NPi2020-700f,High-CDR,2C,POLES,ENGAGE,R10LATIN_AM,13.20932
Full,POLES-JRC ENGAGE,ENGAGE-NPi2020-700f,High-CDR,2C,POLES,ENGAGE,R10MIDDLE_EAST,43.029895
Full,POLES-JRC ENGAGE,ENGAGE-NPi2020-700f,High-CDR,2C,POLES,ENGAGE,R10NORTH_AM,6.48374
Full,POLES-JRC ENGAGE,ENGAGE-NPi2020-700f,High-CDR,2C,POLES,ENGAGE,R10PAC_OECD,4.359605
Full,POLES-JRC ENGAGE,ENGAGE-NPi2020-700f,High-CDR,2C,POLES,ENGAGE,R10REF_ECON,12.969125
Full,POLES-JRC ENGAGE,ENGAGE-NPi2020-700f,High-CDR,2C,POLES,ENGAGE,R10REST_ASIA,52.646685
Full,POLES-JRC ENGAGE,ENGAGE-NPi2020-800,High-CDR,2C,POLES,ENGAGE,Aggregated R10 regions,394.111785
Full,POLES-JRC ENGAGE,ENGAGE-NPi2020-800,High-CDR,2C,POLES,ENGAGE,R10AFRICA,72.218575
Full,POLES-JRC ENGAGE,ENGAGE-NPi2020-800,High-CDR,2C,POLES,ENGAGE,R10CHINA+,75.42684
Full,POLES-JRC ENGAGE,ENGAGE-NPi2020-800,High-CDR,2C,POLES,ENGAGE,R10EUROPE,11.69153
Full,POLES-JRC ENGAGE,ENGAGE-NPi2020-800,High-CDR,2C,POLES,ENGAGE,R10INDIA+,102.03234
Full,POLES-JRC ENGAGE,ENGAGE-NPi2020-800,High-CDR,2C,POLES,ENGAGE,R10LATIN_AM,13.176445
Full,POLES-JRC ENGAGE,ENGAGE-NPi2020-800,High-CDR,2C,POLES,ENGAGE,R10MIDDLE_EAST,43.03959
Full,POLES-JRC ENGAGE,ENGAGE-NPi2020-800,High-CDR,2C,POLES,ENGAGE,R10NORTH_AM,6.46909
Full,POLES-JRC ENGAGE,ENGAGE-NPi2020-800,High-CDR,2C,POLES,ENGAGE,R10PAC_OECD,4.337055
Full,POLES-JRC ENGAGE,ENGAGE-NPi2020-800,High-CDR,2C,POLES,ENGAGE,R10REF_ECON,12.92656
Full,POLES-JRC ENGAGE,ENGAGE-NPi2020-800,High-CDR,2C,POLES,ENGAGE,R10REST_ASIA,52.79376
Full,POLES-JRC ENGAGE,ENGAGE-NPi2020-800f,High-CDR,2C,POLES,ENGAGE,Aggregated R10 regions,397.32915
Full,POLES-JRC ENGAGE,ENGAGE-NPi2020-800f,High-CDR,2C,POLES,ENGAGE,R10AFRICA,72.041415
Full,POLES-JRC ENGAGE,ENGAGE-NPi2020-800f,High-CDR,2C,POLES,ENGAGE,R10CHINA+,77.11572
Full,POLES-JRC ENGAGE,ENGAGE-NPi2020-800f,High-CDR,2C,POLES,ENGAGE,R10EUROPE,11.83083
Full,POLES-JRC ENGAGE,ENGAGE-NPi2020-800f,High-CDR,2C,POLES,ENGAGE,R10INDIA+,103.1734
Full,POLES-JRC ENGAGE,ENGAGE-NPi2020-800f,High-CDR,2C,POLES,ENGAGE,R10LATIN_AM,13.20857
Full,POLES-JRC ENGAGE,ENGAGE-NPi2020-800f,High-CDR,2C,POLES,ENGAGE,R10MIDDLE_EAST,43.080655
Full,POLES-JRC ENGAGE,ENGAGE-NPi2020-800f,High-CDR,2C,POLES,ENGAGE,R10NORTH_AM,6.51801
Full,POLES-JRC ENGAGE,ENGAGE-NPi2020-800f,High-CDR,2C,POLES,ENGAGE,R10PAC_OECD,4.372675
Full,POLES-JRC ENGAGE,ENGAGE-NPi2020-800f,High-CDR,2C,POLES,ENGAGE,R10REF_ECON,12.991415
Full,POLES-JRC ENGAGE,ENGAGE-NPi2020-800f,High-CDR,2C,POLES,ENGAGE,R10REST_ASIA,52.99646
Full,POLES-JRC ENGAGE,ENGAGE-NPi2020-900,High-CDR,2C,POLES,ENGAGE,Aggregated R10 regions,396.928935
Full,POLES-JRC ENGAGE,ENGAGE-NPi2020-900,High-CDR,2C,POLES,ENGAGE,R10AFRICA,72.36351
Full,POLES-JRC ENGAGE,ENGAGE-NPi2020-900,High-CDR,2C,POLES,ENGAGE,R10CHINA+,76.15379
Full,POLES-JRC ENGAGE,ENGAGE-NPi2020-900,High-CDR,2C,POLES,ENGAGE,R10EUROPE,11.762665
Full,POLES-JRC ENGAGE,ENGAGE-NPi2020-900,High-CDR,2C,POLES,ENGAGE,R10INDIA+,103.37197
Full,POLES-JRC ENGAGE,ENGAGE-NPi2020-900,High-CDR,2C,POLES,ENGAGE,R10LATIN_AM,13.204685
Full,POLES-JRC ENGAGE,ENGAGE-NPi2020-900,High-CDR,2C,POLES,ENGAGE,R10MIDDLE_EAST,43.10061
Full,POLES-JRC ENGAGE,ENGAGE-NPi2020-900,High-CDR,2C,POLES,ENGAGE,R10NORTH_AM,6.49944
Full,POLES-JRC ENGAGE,ENGAGE-NPi2020-900,High-CDR,2C,POLES,ENGAGE,R10PAC_OECD,4.354045
Full,POLES-JRC ENGAGE,ENGAGE-NPi2020-900,High-CDR,2C,POLES,ENGAGE,R10REF_ECON,12.97733
Full,POLES-JRC ENGAGE,ENGAGE-NPi2020-900,High-CDR,2C,POLES,ENGAGE,R10REST_ASIA,53.14089
Full,POLES-JRC ENGAGE,ENGAGE-NPi2020-900f,High-CDR,2C,POLES,ENGAGE,Aggregated R10 regions,399.976765
Full,POLES-JRC ENGAGE,ENGAGE-NPi2020-900f,High-CDR,2C,POLES,ENGAGE,R10AFRICA,72.141585
Full,POLES-JRC ENGAGE,ENGAGE-NPi2020-900f,High-CDR,2C,POLES,ENGAGE,R10CHINA+,77.63589
Full,POLES-JRC ENGAGE,ENGAGE-NPi2020-900f,High-CDR,2C,POLES,ENGAGE,R10EUROPE,11.89601
Full,POLES-JRC ENGAGE,ENGAGE-NPi2020-900f,High-CDR,2C,POLES,ENGAGE,R10INDIA+,104.67932
Full,POLES-JRC ENGAGE,ENGAGE-NPi2020-900f,High-CDR,2C,POLES,ENGAGE,R10LATIN_AM,13.23187
Full,POLES-JRC ENGAGE,ENGAGE-NPi2020-900f,High-CDR,2C,POLES,ENGAGE,R10MIDDLE_EAST,43.127175
Full,POLES-JRC ENGAGE,ENGAGE-NPi2020-900f,High-CDR,2C,POLES,ENGAGE,R10NORTH_AM,6.53187
Full,POLES-JRC ENGAGE,ENGAGE-NPi2020-900f,High-CDR,2C,POLES,ENGAGE,R10PAC_OECD,4.383465
Full,POLES-JRC ENGAGE,ENGAGE-NPi2020-900f,High-CDR,2C,POLES,ENGAGE,R10REF_ECON,13.040185
Full,POLES-JRC ENGAGE,ENGAGE-NPi2020-900f,High-CDR,2C,POLES,ENGAGE,R10REST_ASIA,53.309395
Full,REMIND 2.1,CEMICS-NPI,High-RE,2C,REMIND,CEMICS,Aggregated R10 regions,512.947945
Full,REMIND 2.1,CEMICS-NPI,High-RE,2C,REMIND,CEMICS,R10AFRICA,79.55564
Full,REMIND 2.1,CEMICS-NPI,High-RE,2C,REMIND,CEMICS,R10CHINA+,85.808845
Full,REMIND 2.1,CEMICS-NPI,High-RE,2C,REMIND,CEMICS,R10EUROPE,11.317645
Full,REMIND 2.1,CEMICS-NPI,High-RE,2C,REMIND,CEMICS,R10INDIA+,175.997325
Full,REMIND 2.1,CEMICS-NPI,High-RE,2C,REMIND,CEMICS,R10LATIN_AM,15.075735
Full,REMIND 2.1,CEMICS-NPI,High-RE,2C,REMIND,CEMICS,R10MIDDLE_EAST,47.047915
Full,REMIND 2.1,CEMICS-NPI,High-RE,2C,REMIND,CEMICS,R10NORTH_AM,8.19522
Full,REMIND 2.1,CEMICS-NPI,High-RE,2C,REMIND,CEMICS,R10PAC_OECD,3.70215
Full,REMIND 2.1,CEMICS-NPI,High-RE,2C,REMIND,CEMICS,R10REF_ECON,13.39711
Full,REMIND 2.1,CEMICS-NPI,High-RE,2C,REMIND,CEMICS,R10REST_ASIA,72.85036
Full,REMIND 2.1,LeastTotalCost-CBA-brkLR15-SSP2-P50,High-RE,2C,REMIND,LeastTotalCost,Aggregated R10 regions,422.784775
Full,REMIND 2.1,LeastTotalCost-CBA-brkLR15-SSP2-P50,High-RE,2C,REMIND,LeastTotalCost,R10AFRICA,78.616455
Full,REMIND 2.1,LeastTotalCost-CBA-brkLR15-SSP2-P50,High-RE,2C,REMIND,LeastTotalCost,R10CHINA+,77.88308
Full,REMIND 2.1,LeastTotalCost-CBA-brkLR15-SSP2-P50,High-RE,2C,REMIND,LeastTotalCost,R10EUROPE,11.23065
Full,REMIND 2.1,LeastTotalCost-CBA-brkLR15-SSP2-P50,High-RE,2C,REMIND,LeastTotalCost,R10INDIA+,109.68219
Full,REMIND 2.1,LeastTotalCost-CBA-brkLR15-SSP2-P50,High-RE,2C,REMIND,LeastTotalCost,R10LATIN_AM,15.977335
Full,REMIND 2.1,LeastTotalCost-CBA-brkLR15-SSP2-P50,High-RE,2C,REMIND,LeastTotalCost,R10MIDDLE_EAST,46.451735
Full,REMIND 2.1,LeastTotalCost-CBA-brkLR15-SSP2-P50,High-RE,2C,REMIND,LeastTotalCost,R10NORTH_AM,8.95518
Full,REMIND 2.1,LeastTotalCost-CBA-brkLR15-SSP2-P50,High-RE,2C,REMIND,LeastTotalCost,R10PAC_OECD,3.581325
Full,REMIND 2.1,LeastTotalCost-CBA-brkLR15-SSP2-P50,High-RE,2C,REMIND,LeastTotalCost,R10REF_ECON,13.11906
Full,REMIND 2.1,LeastTotalCost-CBA-brkLR15-SSP2-P50,High-RE,2C,REMIND,LeastTotalCost,R10REST_ASIA,57.287765
Full,REMIND 2.1,LeastTotalCost-CBA-brkSR15-SSP2-P50,High-RE,2C,REMIND,LeastTotalCost,Aggregated R10 regions,428.500155
Full,REMIND 2.1,LeastTotalCost-CBA-brkSR15-SSP2-P50,High-RE,2C,REMIND,LeastTotalCost,R10AFRICA,78.721005
Full,REMIND 2.1,LeastTotalCost-CBA-brkSR15-SSP2-P50,High-RE,2C,REMIND,LeastTotalCost,R10CHINA+,79.53171
Full,REMIND 2.1,LeastTotalCost-CBA-brkSR15-SSP2-P50,High-RE,2C,REMIND,LeastTotalCost,R10EUROPE,11.28575
Full,REMIND 2.1,LeastTotalCost-CBA-brkSR15-SSP2-P50,High-RE,2C,REMIND,LeastTotalCost,R10INDIA+,112.47252
Full,REMIND 2.1,LeastTotalCost-CBA-brkSR15-SSP2-P50,High-RE,2C,REMIND,LeastTotalCost,R10LATIN_AM,15.947655
Full,REMIND 2.1,LeastTotalCost-CBA-brkSR15-SSP2-P50,High-RE,2C,REMIND,LeastTotalCost,R10MIDDLE_EAST,46.64118
Full,REMIND 2.1,LeastTotalCost-CBA-brkSR15-SSP2-P50,High-RE,2C,REMIND,LeastTotalCost,R10NORTH_AM,9.003125
Full,REMIND 2.1,LeastTotalCost-CBA-brkSR15-SSP2-P50,High-RE,2C,REMIND,LeastTotalCost,R10PAC_OECD,3.604975
Full,REMIND 2.1,LeastTotalCost-CBA-brkSR15-SSP2-P50,High-RE,2C,REMIND,LeastTotalCost,R10REF_ECON,13.20568
Full,REMIND 2.1,LeastTotalCost-CBA-brkSR15-SSP2-P50,High-RE,2C,REMIND,LeastTotalCost,R10REST_ASIA,58.086555
Full,REMIND 2.1,LeastTotalCost-CEA-brkLR15-SSP2-P50,High-RE,2C,REMIND,LeastTotalCost,Aggregated R10 regions,426.97309
Full,REMIND 2.1,LeastTotalCost-CEA-brkLR15-SSP2-P50,High-RE,2C,REMIND,LeastTotalCost,R10AFRICA,78.667375
Full,REMIND 2.1,LeastTotalCost-CEA-brkLR15-SSP2-P50,High-RE,2C,REMIND,LeastTotalCost,R10CHINA+,79.4345
Full,REMIND 2.1,LeastTotalCost-CEA-brkLR15-SSP2-P50,High-RE,2C,REMIND,LeastTotalCost,R10EUROPE,11.261795
Full,REMIND 2.1,LeastTotalCost-CEA-brkLR15-SSP2-P50,High-RE,2C,REMIND,LeastTotalCost,R10INDIA+,111.43591
Full,REMIND 2.1,LeastTotalCost-CEA-brkLR15-SSP2-P50,High-RE,2C,REMIND,LeastTotalCost,R10LATIN_AM,15.984205
Full,REMIND 2.1,LeastTotalCost-CEA-brkLR15-SSP2-P50,High-RE,2C,REMIND,LeastTotalCost,R10MIDDLE_EAST,46.54161
Full,REMIND 2.1,LeastTotalCost-CEA-brkLR15-SSP2-P50,High-RE,2C,REMIND,LeastTotalCost,R10NORTH_AM,8.98769
Full,REMIND 2.1,LeastTotalCost-CEA-brkLR15-SSP2-P50,High-RE,2C,REMIND,LeastTotalCost,R10PAC_OECD,3.603705
Full,REMIND 2.1,LeastTotalCost-CEA-brkLR15-SSP2-P50,High-RE,2C,REMIND,LeastTotalCost,R10REF_ECON,13.1736
Full,REMIND 2.1,LeastTotalCost-CEA-brkLR15-SSP2-P50,High-RE,2C,REMIND,LeastTotalCost,R10REST_ASIA,57.8827
Full,REMIND 2.1,LeastTotalCost-CEA-brkSR15-SSP2-P50,High-RE,2C,REMIND,LeastTotalCost,Aggregated R10 regions,425.406575
Full,REMIND 2.1,LeastTotalCost-CEA-brkSR15-SSP2-P50,High-RE,2C,REMIND,LeastTotalCost,R10AFRICA,78.663955
Full,REMIND 2.1,LeastTotalCost-CEA-brkSR15-SSP2-P50,High-RE,2C,REMIND,LeastTotalCost,R10CHINA+,79.56602
Full,REMIND 2.1,LeastTotalCost-CEA-brkSR15-SSP2-P50,High-RE,2C,REMIND,LeastTotalCost,R10EUROPE,11.275125
Full,REMIND 2.1,LeastTotalCost-CEA-brkSR15-SSP2-P50,High-RE,2C,REMIND,LeastTotalCost,R10INDIA+,109.91734
Full,REMIND 2.1,LeastTotalCost-CEA-brkSR15-SSP2-P50,High-RE,2C,REMIND,LeastTotalCost,R10LATIN_AM,15.978665
Full,REMIND 2.1,LeastTotalCost-CEA-brkSR15-SSP2-P50,High-RE,2C,REMIND,LeastTotalCost,R10MIDDLE_EAST,46.54457
Full,REMIND 2.1,LeastTotalCost-CEA-brkSR15-SSP2-P50,High-RE,2C,REMIND,LeastTotalCost,R10NORTH_AM,8.98769
Full,REMIND 2.1,LeastTotalCost-CEA-brkSR15-SSP2-P50,High-RE,2C,REMIND,LeastTotalCost,R10PAC_OECD,3.609105
Full,REMIND 2.1,LeastTotalCost-CEA-brkSR15-SSP2-P50,High-RE,2C,REMIND,LeastTotalCost,R10REF_ECON,13.21154
Full,REMIND 2.1,LeastTotalCost-CEA-brkSR15-SSP2-P50,High-RE,2C,REMIND,LeastTotalCost,R10REST_ASIA,57.652565
Full,REMIND 2.1,LeastTotalCost-LTC-brkLR15-SSP2-P50,High-RE,2C,REMIND,LeastTotalCost,Aggregated R10 regions,422.510125
Full,REMIND 2.1,LeastTotalCost-LTC-brkLR15-SSP2-P50,High-RE,2C,REMIND,LeastTotalCost,R10AFRICA,78.616455
Full,REMIND 2.1,LeastTotalCost-LTC-brkLR15-SSP2-P50,High-RE,2C,REMIND,LeastTotalCost,R10CHINA+,77.82134
Full,REMIND 2.1,LeastTotalCost-LTC-brkLR15-SSP2-P50,High-RE,2C,REMIND,LeastTotalCost,R10EUROPE,11.23065
Full,REMIND 2.1,LeastTotalCost-LTC-brkLR15-SSP2-P50,High-RE,2C,REMIND,LeastTotalCost,R10INDIA+,109.50762
Full,REMIND 2.1,LeastTotalCost-LTC-brkLR15-SSP2-P50,High-RE,2C,REMIND,LeastTotalCost,R10LATIN_AM,15.986195
Full,REMIND 2.1,LeastTotalCost-LTC-brkLR15-SSP2-P50,High-RE,2C,REMIND,LeastTotalCost,R10MIDDLE_EAST,46.442345
Full,REMIND 2.1,LeastTotalCost-LTC-brkLR15-SSP2-P50,High-RE,2C,REMIND,LeastTotalCost,R10NORTH_AM,8.95518
Full,REMIND 2.1,LeastTotalCost-LTC-brkLR15-SSP2-P50,High-RE,2C,REMIND,LeastTotalCost,R10PAC_OECD,3.581325
Full,REMIND 2.1,LeastTotalCost-LTC-brkLR15-SSP2-P50,High-RE,2C,REMIND,LeastTotalCost,R10REF_ECON,13.11906
Full,REMIND 2.1,LeastTotalCost-LTC-brkLR15-SSP2-P50,High-RE,2C,REMIND,LeastTotalCost,R10REST_ASIA,57.249955
Full,REMIND 2.1,LeastTotalCost-LTC-brkLR15-SSP5-P50,High-RE,2C,REMIND,LeastTotalCost,Aggregated R10 regions,407.125615
Full,REMIND 2.1,LeastTotalCost-LTC-brkLR15-SSP5-P50,High-RE,2C,REMIND,LeastTotalCost,R10AFRICA,78.2517
Full,REMIND 2.1,LeastTotalCost-LTC-brkLR15-SSP5-P50,High-RE,2C,REMIND,LeastTotalCost,R10CHINA+,76.51188
Full,REMIND 2.1,LeastTotalCost-LTC-brkLR15-SSP5-P50,High-RE,2C,REMIND,LeastTotalCost,R10EUROPE,11.176905
Full,REMIND 2.1,LeastTotalCost-LTC-brkLR15-SSP5-P50,High-RE,2C,REMIND,LeastTotalCost,R10INDIA+,98.319125
Full,REMIND 2.1,LeastTotalCost-LTC-brkLR15-SSP5-P50,High-RE,2C,REMIND,LeastTotalCost,R10LATIN_AM,15.758665
Full,REMIND 2.1,LeastTotalCost-LTC-brkLR15-SSP5-P50,High-RE,2C,REMIND,LeastTotalCost,R10MIDDLE_EAST,46.270905
Full,REMIND 2.1,LeastTotalCost-LTC-brkLR15-SSP5-P50,High-RE,2C,REMIND,LeastTotalCost,R10NORTH_AM,8.97815
Full,REMIND 2.1,LeastTotalCost-LTC-brkLR15-SSP5-P50,High-RE,2C,REMIND,LeastTotalCost,R10PAC_OECD,3.575845
Full,REMIND 2.1,LeastTotalCost-LTC-brkLR15-SSP5-P50,High-RE,2C,REMIND,LeastTotalCost,R10REF_ECON,12.97842
Full,REMIND 2.1,LeastTotalCost-LTC-brkLR15-SSP5-P50,High-RE,2C,REMIND,LeastTotalCost,R10REST_ASIA,55.30402
Full,REMIND 2.1,LeastTotalCost-LTC-brkSR15-SSP2-P50,High-RE,2C,REMIND,LeastTotalCost,Aggregated R10 regions,425.981875
Full,REMIND 2.1,LeastTotalCost-LTC-brkSR15-SSP2-P50,High-RE,2C,REMIND,LeastTotalCost,R10AFRICA,78.641385
Full,REMIND 2.1,LeastTotalCost-LTC-brkSR15-SSP2-P50,High-RE,2C,REMIND,LeastTotalCost,R10CHINA+,79.09363
Full,REMIND 2.1,LeastTotalCost-LTC-brkSR15-SSP2-P50,High-RE,2C,REMIND,LeastTotalCost,R10EUROPE,11.261235
Full,REMIND 2.1,LeastTotalCost-LTC-brkSR15-SSP2-P50,High-RE,2C,REMIND,LeastTotalCost,R10INDIA+,110.963
Full,REMIND 2.1,LeastTotalCost-LTC-brkSR15-SSP2-P50,High-RE,2C,REMIND,LeastTotalCost,R10LATIN_AM,15.984335
Full,REMIND 2.1,LeastTotalCost-LTC-brkSR15-SSP2-P50,High-RE,2C,REMIND,LeastTotalCost,R10MIDDLE_EAST,46.56189
Full,REMIND 2.1,LeastTotalCost-LTC-brkSR15-SSP2-P50,High-RE,2C,REMIND,LeastTotalCost,R10NORTH_AM,8.97222
Full,REMIND 2.1,LeastTotalCost-LTC-brkSR15-SSP2-P50,High-RE,2C,REMIND,LeastTotalCost,R10PAC_OECD,3.604975
Full,REMIND 2.1,LeastTotalCost-LTC-brkSR15-SSP2-P50,High-RE,2C,REMIND,LeastTotalCost,R10REF_ECON,13.1767
Full,REMIND 2.1,LeastTotalCost-LTC-brkSR15-SSP2-P50,High-RE,2C,REMIND,LeastTotalCost,R10REST_ASIA,57.722505
Full,REMIND 2.1,LeastTotalCost-LTC-brkSR15-SSP5-P50,High-RE,2C,REMIND,LeastTotalCost,Aggregated R10 regions,407.88143
Full,REMIND 2.1,LeastTotalCost-LTC-brkSR15-SSP5-P50,High-RE,2C,REMIND,LeastTotalCost,R10AFRICA,78.23666
Full,REMIND 2.1,LeastTotalCost-LTC-brkSR15-SSP5-P50,High-RE,2C,REMIND,LeastTotalCost,R10CHINA+,77.05008
Full,REMIND 2.1,LeastTotalCost-LTC-brkSR15-SSP5-P50,High-RE,2C,REMIND,LeastTotalCost,R10EUROPE,11.195945
Full,REMIND 2.1,LeastTotalCost-LTC-brkSR15-SSP5-P50,High-RE,2C,REMIND,LeastTotalCost,R10INDIA+,98.317245
Full,REMIND 2.1,LeastTotalCost-LTC-brkSR15-SSP5-P50,High-RE,2C,REMIND,LeastTotalCost,R10LATIN_AM,15.771245
Full,REMIND 2.1,LeastTotalCost-LTC-brkSR15-SSP5-P50,High-RE,2C,REMIND,LeastTotalCost,R10MIDDLE_EAST,46.31602
Full,REMIND 2.1,LeastTotalCost-LTC-brkSR15-SSP5-P50,High-RE,2C,REMIND,LeastTotalCost,R10NORTH_AM,9.05158
Full,REMIND 2.1,LeastTotalCost-LTC-brkSR15-SSP5-P50,High-RE,2C,REMIND,LeastTotalCost,R10PAC_OECD,3.586935
Full,REMIND 2.1,LeastTotalCost-LTC-brkSR15-SSP5-P50,High-RE,2C,REMIND,LeastTotalCost,R10REF_ECON,13.00846
Full,REMIND 2.1,LeastTotalCost-LTC-brkSR15-SSP5-P50,High-RE,2C,REMIND,LeastTotalCost,R10REST_ASIA,55.34726
Full,REMIND 2.1,LeastTotalCost-NDC-brkLR15-SSP2-P50,High-RE,2C,REMIND,LeastTotalCost,Aggregated R10 regions,444.190215
Full,REMIND 2.1,LeastTotalCost-NDC-brkLR15-SSP2-P50,High-RE,2C,REMIND,LeastTotalCost,R10AFRICA,78.48602
Full,REMIND 2.1,LeastTotalCost-NDC-brkLR15-SSP2-P50,High-RE,2C,REMIND,LeastTotalCost,R10CHINA+,79.73163
Full,REMIND 2.1,LeastTotalCost-NDC-brkLR15-SSP2-P50,High-RE,2C,REMIND,LeastTotalCost,R10EUROPE,10.964375
Full,REMIND 2.1,LeastTotalCost-NDC-brkLR15-SSP2-P50,High-RE,2C,REMIND,LeastTotalCost,R10INDIA+,127.84241
Full,REMIND 2.1,LeastTotalCost-NDC-brkLR15-SSP2-P50,High-RE,2C,REMIND,LeastTotalCost,R10LATIN_AM,14.7982
Full,REMIND 2.1,LeastTotalCost-NDC-brkLR15-SSP2-P50,High-RE,2C,REMIND,LeastTotalCost,R10MIDDLE_EAST,46.5543
Full,REMIND 2.1,LeastTotalCost-NDC-brkLR15-SSP2-P50,High-RE,2C,REMIND,LeastTotalCost,R10NORTH_AM,8.11157
Full,REMIND 2.1,LeastTotalCost-NDC-brkLR15-SSP2-P50,High-RE,2C,REMIND,LeastTotalCost,R10PAC_OECD,3.65007
Full,REMIND 2.1,LeastTotalCost-NDC-brkLR15-SSP2-P50,High-RE,2C,REMIND,LeastTotalCost,R10REF_ECON,13.30469
Full,REMIND 2.1,LeastTotalCost-NDC-brkLR15-SSP2-P50,High-RE,2C,REMIND,LeastTotalCost,R10REST_ASIA,60.74695
Full,REMIND 2.1,LeastTotalCost-NDC-brkSR15-SSP2-P50,High-RE,2C,REMIND,LeastTotalCost,Aggregated R10 regions,441.05247
Full,REMIND 2.1,LeastTotalCost-NDC-brkSR15-SSP2-P50,High-RE,2C,REMIND,LeastTotalCost,R10AFRICA,78.500115
Full,REMIND 2.1,LeastTotalCost-NDC-brkSR15-SSP2-P50,High-RE,2C,REMIND,LeastTotalCost,R10CHINA+,80.19126
Full,REMIND 2.1,LeastTotalCost-NDC-brkSR15-SSP2-P50,High-RE,2C,REMIND,LeastTotalCost,R10EUROPE,10.99667
Full,REMIND 2.1,LeastTotalCost-NDC-brkSR15-SSP2-P50,High-RE,2C,REMIND,LeastTotalCost,R10INDIA+,124.73835
Full,REMIND 2.1,LeastTotalCost-NDC-brkSR15-SSP2-P50,High-RE,2C,REMIND,LeastTotalCost,R10LATIN_AM,14.7982
Full,REMIND 2.1,LeastTotalCost-NDC-brkSR15-SSP2-P50,High-RE,2C,REMIND,LeastTotalCost,R10MIDDLE_EAST,46.58401
Full,REMIND 2.1,LeastTotalCost-NDC-brkSR15-SSP2-P50,High-RE,2C,REMIND,LeastTotalCost,R10NORTH_AM,8.12708
Full,REMIND 2.1,LeastTotalCost-NDC-brkSR15-SSP2-P50,High-RE,2C,REMIND,LeastTotalCost,R10PAC_OECD,3.65231
Full,REMIND 2.1,LeastTotalCost-NDC-brkSR15-SSP2-P50,High-RE,2C,REMIND,LeastTotalCost,R10REF_ECON,13.35387
Full,REMIND 2.1,LeastTotalCost-NDC-brkSR15-SSP2-P50,High-RE,2C,REMIND,LeastTotalCost,R10REST_ASIA,60.110605
Full,REMIND 2.1,LeastTotalCost-NPi-brkLR15-SSP2-P50,High-RE,2C,REMIND,LeastTotalCost,Aggregated R10 regions,493.895055
Full,REMIND 2.1,LeastTotalCost-NPi-brkLR15-SSP2-P50,High-RE,2C,REMIND,LeastTotalCost,R10AFRICA,79.25826
Full,REMIND 2.1,LeastTotalCost-NPi-brkLR15-SSP2-P50,High-RE,2C,REMIND,LeastTotalCost,R10CHINA+,84.744215
Full,REMIND 2.1,LeastTotalCost-NPi-brkLR15-SSP2-P50,High-RE,2C,REMIND,LeastTotalCost,R10EUROPE,11.26285
Full,REMIND 2.1,LeastTotalCost-NPi-brkLR15-SSP2-P50,High-RE,2C,REMIND,LeastTotalCost,R10INDIA+,161.754075
Full,REMIND 2.1,LeastTotalCost-NPi-brkLR15-SSP2-P50,High-RE,2C,REMIND,LeastTotalCost,R10LATIN_AM,14.97575
Full,REMIND 2.1,LeastTotalCost-NPi-brkLR15-SSP2-P50,High-RE,2C,REMIND,LeastTotalCost,R10MIDDLE_EAST,46.892175
Full,REMIND 2.1,LeastTotalCost-NPi-brkLR15-SSP2-P50,High-RE,2C,REMIND,LeastTotalCost,R10NORTH_AM,8.19346
Full,REMIND 2.1,LeastTotalCost-NPi-brkLR15-SSP2-P50,High-RE,2C,REMIND,LeastTotalCost,R10PAC_OECD,3.6964
Full,REMIND 2.1,LeastTotalCost-NPi-brkLR15-SSP2-P50,High-RE,2C,REMIND,LeastTotalCost,R10REF_ECON,13.38357
Full,REMIND 2.1,LeastTotalCost-NPi-brkLR15-SSP2-P50,High-RE,2C,REMIND,LeastTotalCost,R10REST_ASIA,69.7343
Full,REMIND 2.1,R2p1-SSP1-NDC,High-RE,2C,REMIND,R2p1,Aggregated R10 regions,405.3167
Full,REMIND 2.1,R2p1-SSP1-NDC,High-RE,2C,REMIND,R2p1,R10AFRICA,77.866115
Full,REMIND 2.1,R2p1-SSP1-NDC,High-RE,2C,REMIND,R2p1,R10CHINA+,74.072225
Full,REMIND 2.1,R2p1-SSP1-NDC,High-RE,2C,REMIND,R2p1,R10EUROPE,10.71031
Full,REMIND 2.1,R2p1-SSP1-NDC,High-RE,2C,REMIND,R2p1,R10INDIA+,102.105515
Full,REMIND 2.1,R2p1-SSP1-NDC,High-RE,2C,REMIND,R2p1,R10LATIN_AM,14.424075
Full,REMIND 2.1,R2p1-SSP1-NDC,High-RE,2C,REMIND,R2p1,R10MIDDLE_EAST,45.762565
Full,REMIND 2.1,R2p1-SSP1-NDC,High-RE,2C,REMIND,R2p1,R10NORTH_AM,7.98239
Full,REMIND 2.1,R2p1-SSP1-NDC,High-RE,2C,REMIND,R2p1,R10PAC_OECD,3.593805
Full,REMIND 2.1,R2p1-SSP1-NDC,High-RE,2C,REMIND,R2p1,R10REF_ECON,13.04831
Full,REMIND 2.1,R2p1-SSP1-NDC,High-RE,2C,REMIND,R2p1,R10REST_ASIA,55.75139
Full,REMIND 2.1,R2p1-SSP2-1100,High-RE,2C,REMIND,R2p1,Aggregated R10 regions,420.909055
Full,REMIND 2.1,R2p1-SSP2-1100,High-RE,2C,REMIND,R2p1,R10AFRICA,78.714335
Full,REMIND 2.1,R2p1-SSP2-1100,High-RE,2C,REMIND,R2p1,R10CHINA+,77.729485
Full,REMIND 2.1,R2p1-SSP2-1100,High-RE,2C,REMIND,R2p1,R10EUROPE,11.14952
Full,REMIND 2.1,R2p1-SSP2-1100,High-RE,2C,REMIND,R2p1,R10INDIA+,108.32046
Full,REMIND 2.1,R2p1-SSP2-1100,High-RE,2C,REMIND,R2p1,R10LATIN_AM,15.707695
Full,REMIND 2.1,R2p1-SSP2-1100,High-RE,2C,REMIND,R2p1,R10MIDDLE_EAST,46.41388
Full,REMIND 2.1,R2p1-SSP2-1100,High-RE,2C,REMIND,R2p1,R10NORTH_AM,8.92639
Full,REMIND 2.1,R2p1-SSP2-1100,High-RE,2C,REMIND,R2p1,R10PAC_OECD,3.592555
Full,REMIND 2.1,R2p1-SSP2-1100,High-RE,2C,REMIND,R2p1,R10REF_ECON,13.096075
Full,REMIND 2.1,R2p1-SSP2-1100,High-RE,2C,REMIND,R2p1,R10REST_ASIA,57.25866
Full,REMIND 2.1,R2p1-SSP2-1300,High-RE,2C,REMIND,R2p1,Aggregated R10 regions,427.313105
Full,REMIND 2.1,R2p1-SSP2-1300,High-RE,2C,REMIND,R2p1,R10AFRICA,78.799515
Full,REMIND 2.1,R2p1-SSP2-1300,High-RE,2C,REMIND,R2p1,R10CHINA+,78.423605
Full,REMIND 2.1,R2p1-SSP2-1300,High-RE,2C,REMIND,R2p1,R10EUROPE,11.169785
Full,REMIND 2.1,R2p1-SSP2-1300,High-RE,2C,REMIND,R2p1,R10INDIA+,112.85608
Full,REMIND 2.1,R2p1-SSP2-1300,High-RE,2C,REMIND,R2p1,R10LATIN_AM,15.749315
Full,REMIND 2.1,R2p1-SSP2-1300,High-RE,2C,REMIND,R2p1,R10MIDDLE_EAST,46.51988
Full,REMIND 2.1,R2p1-SSP2-1300,High-RE,2C,REMIND,R2p1,R10NORTH_AM,8.92639
Full,REMIND 2.1,R2p1-SSP2-1300,High-RE,2C,REMIND,R2p1,R10PAC_OECD,3.598035
Full,REMIND 2.1,R2p1-SSP2-1300,High-RE,2C,REMIND,R2p1,R10REF_ECON,13.142715
Full,REMIND 2.1,R2p1-SSP2-1300,High-RE,2C,REMIND,R2p1,R10REST_ASIA,58.127785
Full,REMIND 2.1,R2p1-SSP2-900,High-RE,1.5C,REMIND,R2p1,Aggregated R10 regions,414.53964
Full,REMIND 2.1,R2p1-SSP2-900,High-RE,1.5C,REMIND,R2p1,R10AFRICA,78.59565
Full,REMIND 2.1,R2p1-SSP2-900,High-RE,1.5C,REMIND,R2p1,R10CHINA+,76.551045
Full,REMIND 2.1,R2p1-SSP2-900,High-RE,1.5C,REMIND,R2p1,R10EUROPE,11.12243
Full,REMIND 2.1,R2p1-SSP2-900,High-RE,1.5C,REMIND,R2p1,R10INDIA+,104.34483
Full,REMIND 2.1,R2p1-SSP2-900,High-RE,1.5C,REMIND,R2p1,R10LATIN_AM,15.699415
Full,REMIND 2.1,R2p1-SSP2-900,High-RE,1.5C,REMIND,R2p1,R10MIDDLE_EAST,46.22142
Full,REMIND 2.1,R2p1-SSP2-900,High-RE,1.5C,REMIND,R2p1,R10NORTH_AM,8.92464
Full,REMIND 2.1,R2p1-SSP2-900,High-RE,1.5C,REMIND,R2p1,R10PAC_OECD,3.581325
Full,REMIND 2.1,R2p1-SSP2-900,High-RE,1.5C,REMIND,R2p1,R10REF_ECON,13.078045
Full,REMIND 2.1,R2p1-SSP2-900,High-RE,1.5C,REMIND,R2p1,R10REST_ASIA,56.42084
Full,REMIND 2.1,R2p1-SSP2-NDC,High-RE,2C,REMIND,R2p1,Aggregated R10 regions,444.60719
Full,REMIND 2.1,R2p1-SSP2-NDC,High-RE,2C,REMIND,R2p1,R10AFRICA,78.70807
Full,REMIND 2.1,R2p1-SSP2-NDC,High-RE,2C,REMIND,R2p1,R10CHINA+,78.489705
Full,REMIND 2.1,R2p1-SSP2-NDC,High-RE,2C,REMIND,R2p1,R10EUROPE,10.83371
Full,REMIND 2.1,R2p1-SSP2-NDC,High-RE,2C,REMIND,R2p1,R10INDIA+,129.511045
Full,REMIND 2.1,R2p1-SSP2-NDC,High-RE,2C,REMIND,R2p1,R10LATIN_AM,14.58023
Full,REMIND 2.1,R2p1-SSP2-NDC,High-RE,2C,REMIND,R2p1,R10MIDDLE_EAST,46.602865
Full,REMIND 2.1,R2p1-SSP2-NDC,High-RE,2C,REMIND,R2p1,R10NORTH_AM,8.08278
Full,REMIND 2.1,R2p1-SSP2-NDC,High-RE,2C,REMIND,R2p1,R10PAC_OECD,3.63313
Full,REMIND 2.1,R2p1-SSP2-NDC,High-RE,2C,REMIND,R2p1,R10REF_ECON,13.279795
Full,REMIND 2.1,R2p1-SSP2-NDC,High-RE,2C,REMIND,R2p1,R10REST_ASIA,60.88586
Full,REMIND 2.1,R2p1-SSP2-NPi,High-RE,2C,REMIND,R2p1,Aggregated R10 regions,473.812975
Full,REMIND 2.1,R2p1-SSP2-NPi,High-RE,2C,REMIND,R2p1,R10AFRICA,79.11482
Full,REMIND 2.1,R2p1-SSP2-NPi,High-RE,2C,REMIND,R2p1,R10CHINA+,83.67946
Full,REMIND 2.1,R2p1-SSP2-NPi,High-RE,2C,REMIND,R2p1,R10EUROPE,11.232915
Full,REMIND 2.1,R2p1-SSP2-NPi,High-RE,2C,REMIND,R2p1,R10INDIA+,147.551605
Full,REMIND 2.1,R2p1-SSP2-NPi,High-RE,2C,REMIND,R2p1,R10LATIN_AM,14.805625
Full,REMIND 2.1,R2p1-SSP2-NPi,High-RE,2C,REMIND,R2p1,R10MIDDLE_EAST,46.916295
Full,REMIND 2.1,R2p1-SSP2-NPi,High-RE,2C,REMIND,R2p1,R10NORTH_AM,8.14756
Full,REMIND 2.1,R2p1-SSP2-NPi,High-RE,2C,REMIND,R2p1,R10PAC_OECD,3.69049
Full,REMIND 2.1,R2p1-SSP2-NPi,High-RE,2C,REMIND,R2p1,R10REF_ECON,13.378405
Full,REMIND 2.1,R2p1-SSP2-NPi,High-RE,2C,REMIND,R2p1,R10REST_ASIA,65.2958
Full,REMIND 2.1,R2p1-SSP5-1100,High-RE,1.5C,REMIND,R2p1,Aggregated R10 regions,405.81367
Full,REMIND 2.1,R2p1-SSP5-1100,High-RE,1.5C,REMIND,R2p1,R10AFRICA,78.238455
Full,REMIND 2.1,R2p1-SSP5-1100,High-RE,1.5C,REMIND,R2p1,R10CHINA+,75.963785
Full,REMIND 2.1,R2p1-SSP5-1100,High-RE,1.5C,REMIND,R2p1,R10EUROPE,11.10456
Full,REMIND 2.1,R2p1-SSP5-1100,High-RE,1.5C,REMIND,R2p1,R10INDIA+,97.98063
Full,REMIND 2.1,R2p1-SSP5-1100,High-RE,1.5C,REMIND,R2p1,R10LATIN_AM,15.599445
Full,REMIND 2.1,R2p1-SSP5-1100,High-RE,1.5C,REMIND,R2p1,R10MIDDLE_EAST,46.17937
Full,REMIND 2.1,R2p1-SSP5-1100,High-RE,1.5C,REMIND,R2p1,R10NORTH_AM,8.94773
Full,REMIND 2.1,R2p1-SSP5-1100,High-RE,1.5C,REMIND,R2p1,R10PAC_OECD,3.58849
Full,REMIND 2.1,R2p1-SSP5-1100,High-RE,1.5C,REMIND,R2p1,R10REF_ECON,12.961015
Full,REMIND 2.1,R2p1-SSP5-1100,High-RE,1.5C,REMIND,R2p1,R10REST_ASIA,55.25019
Full,REMIND 2.1,R2p1-SSP5-1300,High-RE,2C,REMIND,R2p1,Aggregated R10 regions,409.810455
Full,REMIND 2.1,R2p1-SSP5-1300,High-RE,2C,REMIND,R2p1,R10AFRICA,78.293295
Full,REMIND 2.1,R2p1-SSP5-1300,High-RE,2C,REMIND,R2p1,R10CHINA+,76.504035
Full,REMIND 2.1,R2p1-SSP5-1300,High-RE,2C,REMIND,R2p1,R10EUROPE,11.11297
Full,REMIND 2.1,R2p1-SSP5-1300,High-RE,2C,REMIND,R2p1,R10INDIA+,100.658065
Full,REMIND 2.1,R2p1-SSP5-1300,High-RE,2C,REMIND,R2p1,R10LATIN_AM,15.615305
Full,REMIND 2.1,R2p1-SSP5-1300,High-RE,2C,REMIND,R2p1,R10MIDDLE_EAST,46.26659
Full,REMIND 2.1,R2p1-SSP5-1300,High-RE,2C,REMIND,R2p1,R10NORTH_AM,8.94948
Full,REMIND 2.1,R2p1-SSP5-1300,High-RE,2C,REMIND,R2p1,R10PAC_OECD,3.58849
Full,REMIND 2.1,R2p1-SSP5-1300,High-RE,2C,REMIND,R2p1,R10REF_ECON,12.975915
Full,REMIND 2.1,R2p1-SSP5-1300,High-RE,2C,REMIND,R2p1,R10REST_ASIA,55.84631
Full,REMIND 2.1,R2p1-SSP5-NDC,High-RE,2C,REMIND,R2p1,Aggregated R10 regions,448.25326
Full,REMIND 2.1,R2p1-SSP5-NDC,High-RE,2C,REMIND,R2p1,R10AFRICA,78.588865
Full,REMIND 2.1,R2p1-SSP5-NDC,High-RE,2C,REMIND,R2p1,R10CHINA+,79.5087
Full,REMIND 2.1,R2p1-SSP5-NDC,High-RE,2C,REMIND,R2p1,R10EUROPE,10.78121
Full,REMIND 2.1,R2p1-SSP5-NDC,High-RE,2C,REMIND,R2p1,R10INDIA+,131.084155
Full,REMIND 2.1,R2p1-SSP5-NDC,High-RE,2C,REMIND,R2p1,R10LATIN_AM,14.56132
Full,REMIND 2.1,R2p1-SSP5-NDC,High-RE,2C,REMIND,R2p1,R10MIDDLE_EAST,46.711255
Full,REMIND 2.1,R2p1-SSP5-NDC,High-RE,2C,REMIND,R2p1,R10NORTH_AM,8.08282
Full,REMIND 2.1,R2p1-SSP5-NDC,High-RE,2C,REMIND,R2p1,R10PAC_OECD,3.65669
Full,REMIND 2.1,R2p1-SSP5-NDC,High-RE,2C,REMIND,R2p1,R10REF_ECON,13.16848
Full,REMIND 2.1,R2p1-SSP5-NDC,High-RE,2C,REMIND,R2p1,R10REST_ASIA,62.109765
Full,REMIND 2.1,TechCost-SSP2-1100-bioH,High-RE,2C,REMIND,TechCost,Aggregated R10 regions,424.076095
Full,REMIND 2.1,TechCost-SSP2-1100-bioH,High-RE,2C,REMIND,TechCost,R10AFRICA,78.69661
Full,REMIND 2.1,TechCost-SSP2-1100-bioH,High-RE,2C,REMIND,TechCost,R10CHINA+,78.54585
Full,REMIND 2.1,TechCost-SSP2-1100-bioH,High-RE,2C,REMIND,TechCost,R10EUROPE,11.241275
Full,REMIND 2.1,TechCost-SSP2-1100-bioH,High-RE,2C,REMIND,TechCost,R10INDIA+,109.95007
Full,REMIND 2.1,TechCost-SSP2-1100-bioH,High-RE,2C,REMIND,TechCost,R10LATIN_AM,15.921495
Full,REMIND 2.1,TechCost-SSP2-1100-bioH,High-RE,2C,REMIND,TechCost,R10MIDDLE_EAST,46.5104
Full,REMIND 2.1,TechCost-SSP2-1100-bioH,High-RE,2C,REMIND,TechCost,R10NORTH_AM,8.95518
Full,REMIND 2.1,TechCost-SSP2-1100-bioH,High-RE,2C,REMIND,TechCost,R10PAC_OECD,3.592555
Full,REMIND 2.1,TechCost-SSP2-1100-bioH,High-RE,2C,REMIND,TechCost,R10REF_ECON,13.13558
Full,REMIND 2.1,TechCost-SSP2-1100-bioH,High-RE,2C,REMIND,TechCost,R10REST_ASIA,57.52708
Full,REMIND 2.1,TechCost-SSP2-1100-ccsH,High-RE,2C,REMIND,TechCost,Aggregated R10 regions,425.137045
Full,REMIND 2.1,TechCost-SSP2-1100-ccsH,High-RE,2C,REMIND,TechCost,R10AFRICA,78.72158
Full,REMIND 2.1,TechCost-SSP2-1100-ccsH,High-RE,2C,REMIND,TechCost,R10CHINA+,78.696485
Full,REMIND 2.1,TechCost-SSP2-1100-ccsH,High-RE,2C,REMIND,TechCost,R10EUROPE,11.24327
Full,REMIND 2.1,TechCost-SSP2-1100-ccsH,High-RE,2C,REMIND,TechCost,R10INDIA+,110.53281
Full,REMIND 2.1,TechCost-SSP2-1100-ccsH,High-RE,2C,REMIND,TechCost,R10LATIN_AM,15.952515
Full,REMIND 2.1,TechCost-SSP2-1100-ccsH,High-RE,2C,REMIND,TechCost,R10MIDDLE_EAST,46.48689
Full,REMIND 2.1,TechCost-SSP2-1100-ccsH,High-RE,2C,REMIND,TechCost,R10NORTH_AM,8.95518
Full,REMIND 2.1,TechCost-SSP2-1100-ccsH,High-RE,2C,REMIND,TechCost,R10PAC_OECD,3.6005
Full,REMIND 2.1,TechCost-SSP2-1100-ccsH,High-RE,2C,REMIND,TechCost,R10REF_ECON,13.13346
Full,REMIND 2.1,TechCost-SSP2-1100-ccsH,High-RE,2C,REMIND,TechCost,R10REST_ASIA,57.814355
Full,REMIND 2.1,TechCost-SSP2-1100-coalH,High-RE,2C,REMIND,TechCost,Aggregated R10 regions,422.735305
Full,REMIND 2.1,TechCost-SSP2-1100-coalH,High-RE,2C,REMIND,TechCost,R10AFRICA,78.70081
Full,REMIND 2.1,TechCost-SSP2-1100-coalH,High-RE,2C,REMIND,TechCost,R10CHINA+,78.49301
Full,REMIND 2.1,TechCost-SSP2-1100-coalH,High-RE,2C,REMIND,TechCost,R10EUROPE,11.23549
Full,REMIND 2.1,TechCost-SSP2-1100-coalH,High-RE,2C,REMIND,TechCost,R10INDIA+,108.87909
Full,REMIND 2.1,TechCost-SSP2-1100-coalH,High-RE,2C,REMIND,TechCost,R10LATIN_AM,15.93246
Full,REMIND 2.1,TechCost-SSP2-1100-coalH,High-RE,2C,REMIND,TechCost,R10MIDDLE_EAST,46.45909
Full,REMIND 2.1,TechCost-SSP2-1100-coalH,High-RE,2C,REMIND,TechCost,R10NORTH_AM,8.95518
Full,REMIND 2.1,TechCost-SSP2-1100-coalH,High-RE,2C,REMIND,TechCost,R10PAC_OECD,3.59502
Full,REMIND 2.1,TechCost-SSP2-1100-coalH,High-RE,2C,REMIND,TechCost,R10REF_ECON,13.11247
Full,REMIND 2.1,TechCost-SSP2-1100-coalH,High-RE,2C,REMIND,TechCost,R10REST_ASIA,57.372685
Full,REMIND 2.1,TechCost-SSP2-1100-elh2H,High-RE,2C,REMIND,TechCost,Aggregated R10 regions,422.765695
Full,REMIND 2.1,TechCost-SSP2-1100-elh2H,High-RE,2C,REMIND,TechCost,R10AFRICA,78.71889
Full,REMIND 2.1,TechCost-SSP2-1100-elh2H,High-RE,2C,REMIND,TechCost,R10CHINA+,78.369965
Full,REMIND 2.1,TechCost-SSP2-1100-elh2H,High-RE,2C,REMIND,TechCost,R10EUROPE,11.233585
Full,REMIND 2.1,TechCost-SSP2-1100-elh2H,High-RE,2C,REMIND,TechCost,R10INDIA+,108.96173
Full,REMIND 2.1,TechCost-SSP2-1100-elh2H,High-RE,2C,REMIND,TechCost,R10LATIN_AM,15.94621
Full,REMIND 2.1,TechCost-SSP2-1100-elh2H,High-RE,2C,REMIND,TechCost,R10MIDDLE_EAST,46.40668
Full,REMIND 2.1,TechCost-SSP2-1100-elh2H,High-RE,2C,REMIND,TechCost,R10NORTH_AM,8.94789
Full,REMIND 2.1,TechCost-SSP2-1100-elh2H,High-RE,2C,REMIND,TechCost,R10PAC_OECD,3.592555
Full,REMIND 2.1,TechCost-SSP2-1100-elh2H,High-RE,2C,REMIND,TechCost,R10REF_ECON,13.13673
Full,REMIND 2.1,TechCost-SSP2-1100-elh2H,High-RE,2C,REMIND,TechCost,R10REST_ASIA,57.45146
Full,REMIND 2.1,TechCost-SSP2-1100-gasH,High-RE,2C,REMIND,TechCost,Aggregated R10 regions,422.59925
Full,REMIND 2.1,TechCost-SSP2-1100-gasH,High-RE,2C,REMIND,TechCost,R10AFRICA,78.710175
Full,REMIND 2.1,TechCost-SSP2-1100-gasH,High-RE,2C,REMIND,TechCost,R10CHINA+,78.42255
Full,REMIND 2.1,TechCost-SSP2-1100-gasH,High-RE,2C,REMIND,TechCost,R10EUROPE,11.24118
Full,REMIND 2.1,TechCost-SSP2-1100-gasH,High-RE,2C,REMIND,TechCost,R10INDIA+,108.77896
Full,REMIND 2.1,TechCost-SSP2-1100-gasH,High-RE,2C,REMIND,TechCost,R10LATIN_AM,15.926585
Full,REMIND 2.1,TechCost-SSP2-1100-gasH,High-RE,2C,REMIND,TechCost,R10MIDDLE_EAST,46.47228
Full,REMIND 2.1,TechCost-SSP2-1100-gasH,High-RE,2C,REMIND,TechCost,R10NORTH_AM,8.95518
Full,REMIND 2.1,TechCost-SSP2-1100-gasH,High-RE,2C,REMIND,TechCost,R10PAC_OECD,3.59502
Full,REMIND 2.1,TechCost-SSP2-1100-gasH,High-RE,2C,REMIND,TechCost,R10REF_ECON,13.15932
Full,REMIND 2.1,TechCost-SSP2-1100-gasH,High-RE,2C,REMIND,TechCost,R10REST_ASIA,57.338
Full,REMIND 2.1,TechCost-SSP2-1100-nucH,High-RE,2C,REMIND,TechCost,Aggregated R10 regions,422.97869
Full,REMIND 2.1,TechCost-SSP2-1100-nucH,High-RE,2C,REMIND,TechCost,R10AFRICA,78.71795
Full,REMIND 2.1,TechCost-SSP2-1100-nucH,High-RE,2C,REMIND,TechCost,R10CHINA+,78.455525
Full,REMIND 2.1,TechCost-SSP2-1100-nucH,High-RE,2C,REMIND,TechCost,R10EUROPE,11.23845
Full,REMIND 2.1,TechCost-SSP2-1100-nucH,High-RE,2C,REMIND,TechCost,R10INDIA+,109.03367
Full,REMIND 2.1,TechCost-SSP2-1100-nucH,High-RE,2C,REMIND,TechCost,R10LATIN_AM,15.941595
Full,REMIND 2.1,TechCost-SSP2-1100-nucH,High-RE,2C,REMIND,TechCost,R10MIDDLE_EAST,46.48481
Full,REMIND 2.1,TechCost-SSP2-1100-nucH,High-RE,2C,REMIND,TechCost,R10NORTH_AM,8.95518
Full,REMIND 2.1,TechCost-SSP2-1100-nucH,High-RE,2C,REMIND,TechCost,R10PAC_OECD,3.592555
Full,REMIND 2.1,TechCost-SSP2-1100-nucH,High-RE,2C,REMIND,TechCost,R10REF_ECON,13.12754
Full,REMIND 2.1,TechCost-SSP2-1100-nucH,High-RE,2C,REMIND,TechCost,R10REST_ASIA,57.431415
Full,REMIND 2.1,TechCost-SSP2-1100-oilH,High-RE,2C,REMIND,TechCost,Aggregated R10 regions,423.30927
Full,REMIND 2.1,TechCost-SSP2-1100-oilH,High-RE,2C,REMIND,TechCost,R10AFRICA,78.71018
Full,REMIND 2.1,TechCost-SSP2-1100-oilH,High-RE,2C,REMIND,TechCost,R10CHINA+,78.44835
Full,REMIND 2.1,TechCost-SSP2-1100-oilH,High-RE,2C,REMIND,TechCost,R10EUROPE,11.24017
Full,REMIND 2.1,TechCost-SSP2-1100-oilH,High-RE,2C,REMIND,TechCost,R10INDIA+,109.255595
Full,REMIND 2.1,TechCost-SSP2-1100-oilH,High-RE,2C,REMIND,TechCost,R10LATIN_AM,15.999565
Full,REMIND 2.1,TechCost-SSP2-1100-oilH,High-RE,2C,REMIND,TechCost,R10MIDDLE_EAST,46.5106
Full,REMIND 2.1,TechCost-SSP2-1100-oilH,High-RE,2C,REMIND,TechCost,R10NORTH_AM,8.95518
Full,REMIND 2.1,TechCost-SSP2-1100-oilH,High-RE,2C,REMIND,TechCost,R10PAC_OECD,3.592555
Full,REMIND 2.1,TechCost-SSP2-1100-oilH,High-RE,2C,REMIND,TechCost,R10REF_ECON,13.13558
Full,REMIND 2.1,TechCost-SSP2-1100-oilH,High-RE,2C,REMIND,TechCost,R10REST_ASIA,57.461495
Full,REMIND 2.1,TechCost-SSP2-1100-spvH,High-RE,2C,REMIND,TechCost,Aggregated R10 regions,422.589205
Full,REMIND 2.1,TechCost-SSP2-1100-spvH,High-RE,2C,REMIND,TechCost,R10AFRICA,78.70554
Full,REMIND 2.1,TechCost-SSP2-1100-spvH,High-RE,2C,REMIND,TechCost,R10CHINA+,78.406025
Full,REMIND 2.1,TechCost-SSP2-1100-spvH,High-RE,2C,REMIND,TechCost,R10EUROPE,11.23534
Full,REMIND 2.1,TechCost-SSP2-1100-spvH,High-RE,2C,REMIND,TechCost,R10INDIA+,108.8557
Full,REMIND 2.1,TechCost-SSP2-1100-spvH,High-RE,2C,REMIND,TechCost,R10LATIN_AM,15.928545
Full,REMIND 2.1,TechCost-SSP2-1100-spvH,High-RE,2C,REMIND,TechCost,R10MIDDLE_EAST,46.43693
Full,REMIND 2.1,TechCost-SSP2-1100-spvH,High-RE,2C,REMIND,TechCost,R10NORTH_AM,8.96177
Full,REMIND 2.1,TechCost-SSP2-1100-spvH,High-RE,2C,REMIND,TechCost,R10PAC_OECD,3.592555
Full,REMIND 2.1,TechCost-SSP2-1100-spvH,High-RE,2C,REMIND,TechCost,R10REF_ECON,13.11428
Full,REMIND 2.1,TechCost-SSP2-1100-spvH,High-RE,2C,REMIND,TechCost,R10REST_ASIA,57.35252
Full,REMIND 2.1,TechCost-SSP2-1100-windH,High-RE,2C,REMIND,TechCost,Aggregated R10 regions,422.435555
Full,REMIND 2.1,TechCost-SSP2-1100-windH,High-RE,2C,REMIND,TechCost,R10AFRICA,78.6987
Full,REMIND 2.1,TechCost-SSP2-1100-windH,High-RE,2C,REMIND,TechCost,R10CHINA+,78.449905
Full,REMIND 2.1,TechCost-SSP2-1100-windH,High-RE,2C,REMIND,TechCost,R10EUROPE,11.23241
Full,REMIND 2.1,TechCost-SSP2-1100-windH,High-RE,2C,REMIND,TechCost,R10INDIA+,108.706065
Full,REMIND 2.1,TechCost-SSP2-1100-windH,High-RE,2C,REMIND,TechCost,R10LATIN_AM,15.92999
Full,REMIND 2.1,TechCost-SSP2-1100-windH,High-RE,2C,REMIND,TechCost,R10MIDDLE_EAST,46.42694
Full,REMIND 2.1,TechCost-SSP2-1100-windH,High-RE,2C,REMIND,TechCost,R10NORTH_AM,8.96177
Full,REMIND 2.1,TechCost-SSP2-1100-windH,High-RE,2C,REMIND,TechCost,R10PAC_OECD,3.592555
Full,REMIND 2.1,TechCost-SSP2-1100-windH,High-RE,2C,REMIND,TechCost,R10REF_ECON,13.11428
Full,REMIND 2.1,TechCost-SSP2-1100-windH,High-RE,2C,REMIND,TechCost,R10REST_ASIA,57.32294
Full,REMIND 3.0,NAVIGATE Demand-NPi-act,High-RE,2C,REMIND,NAVIGATE,Aggregated R10 regions,410.09969
Full,REMIND 3.0,NAVIGATE Demand-NPi-act,High-RE,2C,REMIND,NAVIGATE,R10AFRICA,78.63461
Full,REMIND 3.0,NAVIGATE Demand-NPi-act,High-RE,2C,REMIND,NAVIGATE,R10CHINA+,79.90001
Full,REMIND 3.0,NAVIGATE Demand-NPi-act,High-RE,2C,REMIND,NAVIGATE,R10EUROPE,10.88852
Full,REMIND 3.0,NAVIGATE Demand-NPi-act,High-RE,2C,REMIND,NAVIGATE,R10INDIA+,98.76642
Full,REMIND 3.0,NAVIGATE Demand-NPi-act,High-RE,2C,REMIND,NAVIGATE,R10LATIN_AM,14.810745
Full,REMIND 3.0,NAVIGATE Demand-NPi-act,High-RE,2C,REMIND,NAVIGATE,R10MIDDLE_EAST,46.62598
Full,REMIND 3.0,NAVIGATE Demand-NPi-act,High-RE,2C,REMIND,NAVIGATE,R10NORTH_AM,8.02988
Full,REMIND 3.0,NAVIGATE Demand-NPi-act,High-RE,2C,REMIND,NAVIGATE,R10PAC_OECD,3.650295
Full,REMIND 3.0,NAVIGATE Demand-NPi-act,High-RE,2C,REMIND,NAVIGATE,R10REF_ECON,13.449355
Full,REMIND 3.0,NAVIGATE Demand-NPi-act,High-RE,2C,REMIND,NAVIGATE,R10REST_ASIA,55.343875
Full,REMIND 3.0,NAVIGATE Demand-NPi-ele,High-RE,2C,REMIND,NAVIGATE,Aggregated R10 regions,406.558395
Full,REMIND 3.0,NAVIGATE Demand-NPi-ele,High-RE,2C,REMIND,NAVIGATE,R10AFRICA,78.39602
Full,REMIND 3.0,NAVIGATE Demand-NPi-ele,High-RE,2C,REMIND,NAVIGATE,R10CHINA+,79.059365
Full,REMIND 3.0,NAVIGATE Demand-NPi-ele,High-RE,2C,REMIND,NAVIGATE,R10EUROPE,10.84766
Full,REMIND 3.0,NAVIGATE Demand-NPi-ele,High-RE,2C,REMIND,NAVIGATE,R10INDIA+,97.45195
Full,REMIND 3.0,NAVIGATE Demand-NPi-ele,High-RE,2C,REMIND,NAVIGATE,R10LATIN_AM,14.709915
Full,REMIND 3.0,NAVIGATE Demand-NPi-ele,High-RE,2C,REMIND,NAVIGATE,R10MIDDLE_EAST,46.097585
Full,REMIND 3.0,NAVIGATE Demand-NPi-ele,High-RE,2C,REMIND,NAVIGATE,R10NORTH_AM,7.95925
Full,REMIND 3.0,NAVIGATE Demand-NPi-ele,High-RE,2C,REMIND,NAVIGATE,R10PAC_OECD,3.639425
Full,REMIND 3.0,NAVIGATE Demand-NPi-ele,High-RE,2C,REMIND,NAVIGATE,R10REF_ECON,13.420795
Full,REMIND 3.0,NAVIGATE Demand-NPi-ele,High-RE,2C,REMIND,NAVIGATE,R10REST_ASIA,54.97643
Full,REMIND 3.0,NAVIGATE Demand-NPi-ref,High-RE,2C,REMIND,NAVIGATE,Aggregated R10 regions,412.171075
Full,REMIND 3.0,NAVIGATE Demand-NPi-ref,High-RE,2C,REMIND,NAVIGATE,R10AFRICA,78.64447
Full,REMIND 3.0,NAVIGATE Demand-NPi-ref,High-RE,2C,REMIND,NAVIGATE,R10CHINA+,80.566985
Full,REMIND 3.0,NAVIGATE Demand-NPi-ref,High-RE,2C,REMIND,NAVIGATE,R10EUROPE,10.914245
Full,REMIND 3.0,NAVIGATE Demand-NPi-ref,High-RE,2C,REMIND,NAVIGATE,R10INDIA+,99.609515
Full,REMIND 3.0,NAVIGATE Demand-NPi-ref,High-RE,2C,REMIND,NAVIGATE,R10LATIN_AM,14.836715
Full,REMIND 3.0,NAVIGATE Demand-NPi-ref,High-RE,2C,REMIND,NAVIGATE,R10MIDDLE_EAST,46.797755
Full,REMIND 3.0,NAVIGATE Demand-NPi-ref,High-RE,2C,REMIND,NAVIGATE,R10NORTH_AM,8.03251
Full,REMIND 3.0,NAVIGATE Demand-NPi-ref,High-RE,2C,REMIND,NAVIGATE,R10PAC_OECD,3.6547
Full,REMIND 3.0,NAVIGATE Demand-NPi-ref,High-RE,2C,REMIND,NAVIGATE,R10REF_ECON,13.46564
Full,REMIND 3.0,NAVIGATE Demand-NPi-ref,High-RE,2C,REMIND,NAVIGATE,R10REST_ASIA,55.64854
Full,REMIND-Buildings 2.0,BEG-600,High-RE,1.5C,REMIND,BEG,Aggregated R10 regions,417.19385
Full,REMIND-Buildings 2.0,BEG-600,High-RE,1.5C,REMIND,BEG,R10AFRICA,78.57743
Full,REMIND-Buildings 2.0,BEG-600,High-RE,1.5C,REMIND,BEG,R10CHINA+,77.85875
Full,REMIND-Buildings 2.0,BEG-600,High-RE,1.5C,REMIND,BEG,R10EUROPE,11.23068
Full,REMIND-Buildings 2.0,BEG-600,High-RE,1.5C,REMIND,BEG,R10INDIA+,104.832935
Full,REMIND-Buildings 2.0,BEG-600,High-RE,1.5C,REMIND,BEG,R10LATIN_AM,15.998525
Full,REMIND-Buildings 2.0,BEG-600,High-RE,1.5C,REMIND,BEG,R10MIDDLE_EAST,46.291705
Full,REMIND-Buildings 2.0,BEG-600,High-RE,1.5C,REMIND,BEG,R10NORTH_AM,8.91576
Full,REMIND-Buildings 2.0,BEG-600,High-RE,1.5C,REMIND,BEG,R10PAC_OECD,3.58933
Full,REMIND-Buildings 2.0,BEG-600,High-RE,1.5C,REMIND,BEG,R10REF_ECON,13.104965
Full,REMIND-Buildings 2.0,BEG-600,High-RE,1.5C,REMIND,BEG,R10REST_ASIA,56.79377
Full,REMIND-Buildings 2.0,BEG-600-Efficiency,High-RE,1.5C,REMIND,BEG,Aggregated R10 regions,416.87403
Full,REMIND-Buildings 2.0,BEG-600-Efficiency,High-RE,1.5C,REMIND,BEG,R10AFRICA,78.55852
Full,REMIND-Buildings 2.0,BEG-600-Efficiency,High-RE,1.5C,REMIND,BEG,R10CHINA+,77.8084
Full,REMIND-Buildings 2.0,BEG-600-Efficiency,High-RE,1.5C,REMIND,BEG,R10EUROPE,11.22883
Full,REMIND-Buildings 2.0,BEG-600-Efficiency,High-RE,1.5C,REMIND,BEG,R10INDIA+,104.60392
Full,REMIND-Buildings 2.0,BEG-600-Efficiency,High-RE,1.5C,REMIND,BEG,R10LATIN_AM,15.998525
Full,REMIND-Buildings 2.0,BEG-600-Efficiency,High-RE,1.5C,REMIND,BEG,R10MIDDLE_EAST,46.29858
Full,REMIND-Buildings 2.0,BEG-600-Efficiency,High-RE,1.5C,REMIND,BEG,R10NORTH_AM,8.91576
Full,REMIND-Buildings 2.0,BEG-600-Efficiency,High-RE,1.5C,REMIND,BEG,R10PAC_OECD,3.58933
Full,REMIND-Buildings 2.0,BEG-600-Efficiency,High-RE,1.5C,REMIND,BEG,R10REF_ECON,13.103395
Full,REMIND-Buildings 2.0,BEG-600-Efficiency,High-RE,1.5C,REMIND,BEG,R10REST_ASIA,56.76877
Full,REMIND-MAgPIE 1.7-3.0,CD-LINKS-INDC2030i_1000,High-RE,1.5C,REMIND,CD,Aggregated R10 regions,449.79913
Full,REMIND-MAgPIE 1.7-3.0,CD-LINKS-INDC2030i_1000,High-RE,1.5C,REMIND,CD,R10AFRICA,78.449945
Full,REMIND-MAgPIE 1.7-3.0,CD-LINKS-INDC2030i_1000,High-RE,1.5C,REMIND,CD,R10CHINA+,85.69358
Full,REMIND-MAgPIE 1.7-3.0,CD-LINKS-INDC2030i_1000,High-RE,1.5C,REMIND,CD,R10EUROPE,11.996995
Full,REMIND-MAgPIE 1.7-3.0,CD-LINKS-INDC2030i_1000,High-RE,1.5C,REMIND,CD,R10INDIA+,124.104305
Full,REMIND-MAgPIE 1.7-3.0,CD-LINKS-INDC2030i_1000,High-RE,1.5C,REMIND,CD,R10LATIN_AM,15.338935
Full,REMIND-MAgPIE 1.7-3.0,CD-LINKS-INDC2030i_1000,High-RE,1.5C,REMIND,CD,R10MIDDLE_EAST,47.044645
Full,REMIND-MAgPIE 1.7-3.0,CD-LINKS-INDC2030i_1000,High-RE,1.5C,REMIND,CD,R10NORTH_AM,13.221935
Full,REMIND-MAgPIE 1.7-3.0,CD-LINKS-INDC2030i_1000,High-RE,1.5C,REMIND,CD,R10PAC_OECD,3.68318
Full,REMIND-MAgPIE 1.7-3.0,CD-LINKS-INDC2030i_1000,High-RE,1.5C,REMIND,CD,R10REF_ECON,13.03814
Full,REMIND-MAgPIE 1.7-3.0,CD-LINKS-INDC2030i_1000,High-RE,1.5C,REMIND,CD,R10REST_ASIA,57.22747
Full,REMIND-MAgPIE 1.7-3.0,CD-LINKS-INDC2030i_1600,High-RE,2C,REMIND,CD,Aggregated R10 regions,457.119585
Full,REMIND-MAgPIE 1.7-3.0,CD-LINKS-INDC2030i_1600,High-RE,2C,REMIND,CD,R10AFRICA,78.74721
Full,REMIND-MAgPIE 1.7-3.0,CD-LINKS-INDC2030i_1600,High-RE,2C,REMIND,CD,R10CHINA+,86.81027
Full,REMIND-MAgPIE 1.7-3.0,CD-LINKS-INDC2030i_1600,High-RE,2C,REMIND,CD,R10EUROPE,12.08046
Full,REMIND-MAgPIE 1.7-3.0,CD-LINKS-INDC2030i_1600,High-RE,2C,REMIND,CD,R10INDIA+,129.76915
Full,REMIND-MAgPIE 1.7-3.0,CD-LINKS-INDC2030i_1600,High-RE,2C,REMIND,CD,R10LATIN_AM,15.217985
Full,REMIND-MAgPIE 1.7-3.0,CD-LINKS-INDC2030i_1600,High-RE,2C,REMIND,CD,R10MIDDLE_EAST,47.16947
Full,REMIND-MAgPIE 1.7-3.0,CD-LINKS-INDC2030i_1600,High-RE,2C,REMIND,CD,R10NORTH_AM,12.47619
Full,REMIND-MAgPIE 1.7-3.0,CD-LINKS-INDC2030i_1600,High-RE,2C,REMIND,CD,R10PAC_OECD,3.69698
Full,REMIND-MAgPIE 1.7-3.0,CD-LINKS-INDC2030i_1600,High-RE,2C,REMIND,CD,R10REF_ECON,13.05644
Full,REMIND-MAgPIE 1.7-3.0,CD-LINKS-INDC2030i_1600,High-RE,2C,REMIND,CD,R10REST_ASIA,58.09543
Full,REMIND-MAgPIE 1.7-3.0,CD-LINKS-INDC2030i_400,High-RE,1.5C,REMIND,CD,Aggregated R10 regions,439.60766
Full,REMIND-MAgPIE 1.7-3.0,CD-LINKS-INDC2030i_400,High-RE,1.5C,REMIND,CD,R10AFRICA,78.0711
Full,REMIND-MAgPIE 1.7-3.0,CD-LINKS-INDC2030i_400,High-RE,1.5C,REMIND,CD,R10CHINA+,84.53667
Full,REMIND-MAgPIE 1.7-3.0,CD-LINKS-INDC2030i_400,High-RE,1.5C,REMIND,CD,R10EUROPE,12.102615
Full,REMIND-MAgPIE 1.7-3.0,CD-LINKS-INDC2030i_400,High-RE,1.5C,REMIND,CD,R10INDIA+,116.087595
Full,REMIND-MAgPIE 1.7-3.0,CD-LINKS-INDC2030i_400,High-RE,1.5C,REMIND,CD,R10LATIN_AM,15.37909
Full,REMIND-MAgPIE 1.7-3.0,CD-LINKS-INDC2030i_400,High-RE,1.5C,REMIND,CD,R10MIDDLE_EAST,46.76826
Full,REMIND-MAgPIE 1.7-3.0,CD-LINKS-INDC2030i_400,High-RE,1.5C,REMIND,CD,R10NORTH_AM,13.845185
Full,REMIND-MAgPIE 1.7-3.0,CD-LINKS-INDC2030i_400,High-RE,1.5C,REMIND,CD,R10PAC_OECD,3.66829
Full,REMIND-MAgPIE 1.7-3.0,CD-LINKS-INDC2030i_400,High-RE,1.5C,REMIND,CD,R10REF_ECON,13.03391
Full,REMIND-MAgPIE 1.7-3.0,CD-LINKS-INDC2030i_400,High-RE,1.5C,REMIND,CD,R10REST_ASIA,56.114945
Full,REMIND-MAgPIE 1.7-3.0,CD-LINKS-INDCi,High-RE,2C,REMIND,CD,Aggregated R10 regions,478.85721
Full,REMIND-MAgPIE 1.7-3.0,CD-LINKS-INDCi,High-RE,2C,REMIND,CD,R10AFRICA,79.40675
Full,REMIND-MAgPIE 1.7-3.0,CD-LINKS-INDCi,High-RE,2C,REMIND,CD,R10CHINA+,88.95394
Full,REMIND-MAgPIE 1.7-3.0,CD-LINKS-INDCi,High-RE,2C,REMIND,CD,R10EUROPE,12.55494
Full,REMIND-MAgPIE 1.7-3.0,CD-LINKS-INDCi,High-RE,2C,REMIND,CD,R10INDIA+,145.26296
Full,REMIND-MAgPIE 1.7-3.0,CD-LINKS-INDCi,High-RE,2C,REMIND,CD,R10LATIN_AM,15.277785
Full,REMIND-MAgPIE 1.7-3.0,CD-LINKS-INDCi,High-RE,2C,REMIND,CD,R10MIDDLE_EAST,46.94728
Full,REMIND-MAgPIE 1.7-3.0,CD-LINKS-INDCi,High-RE,2C,REMIND,CD,R10NORTH_AM,11.85256
Full,REMIND-MAgPIE 1.7-3.0,CD-LINKS-INDCi,High-RE,2C,REMIND,CD,R10PAC_OECD,3.700365
Full,REMIND-MAgPIE 1.7-3.0,CD-LINKS-INDCi,High-RE,2C,REMIND,CD,R10REF_ECON,13.050985
Full,REMIND-MAgPIE 1.7-3.0,CD-LINKS-INDCi,High-RE,2C,REMIND,CD,R10REST_ASIA,61.849645
Full,REMIND-MAgPIE 1.7-3.0,CD-LINKS-NPi,High-RE,2C,REMIND,CD,Aggregated R10 regions,490.19253
Full,REMIND-MAgPIE 1.7-3.0,CD-LINKS-NPi,High-RE,2C,REMIND,CD,R10AFRICA,79.6188
Full,REMIND-MAgPIE 1.7-3.0,CD-LINKS-NPi,High-RE,2C,REMIND,CD,R10CHINA+,90.59299
Full,REMIND-MAgPIE 1.7-3.0,CD-LINKS-NPi,High-RE,2C,REMIND,CD,R10EUROPE,12.661285
Full,REMIND-MAgPIE 1.7-3.0,CD-LINKS-NPi,High-RE,2C,REMIND,CD,R10INDIA+,151.454135
Full,REMIND-MAgPIE 1.7-3.0,CD-LINKS-NPi,High-RE,2C,REMIND,CD,R10LATIN_AM,15.452305
Full,REMIND-MAgPIE 1.7-3.0,CD-LINKS-NPi,High-RE,2C,REMIND,CD,R10MIDDLE_EAST,46.96818
Full,REMIND-MAgPIE 1.7-3.0,CD-LINKS-NPi,High-RE,2C,REMIND,CD,R10NORTH_AM,12.146555
Full,REMIND-MAgPIE 1.7-3.0,CD-LINKS-NPi,High-RE,2C,REMIND,CD,R10PAC_OECD,3.72782
Full,REMIND-MAgPIE 1.7-3.0,CD-LINKS-NPi,High-RE,2C,REMIND,CD,R10REF_ECON,13.08579
Full,REMIND-MAgPIE 1.7-3.0,CD-LINKS-NPi,High-RE,2C,REMIND,CD,R10REST_ASIA,64.48467
Full,REMIND-MAgPIE 1.7-3.0,CD-LINKS-NPi2020_1000,High-RE,1.5C,REMIND,CD,Aggregated R10 regions,443.95368
Full,REMIND-MAgPIE 1.7-3.0,CD-LINKS-NPi2020_1000,High-RE,1.5C,REMIND,CD,R10AFRICA,78.398965
Full,REMIND-MAgPIE 1.7-3.0,CD-LINKS-NPi2020_1000,High-RE,1.5C,REMIND,CD,R10CHINA+,83.1015
Full,REMIND-MAgPIE 1.7-3.0,CD-LINKS-NPi2020_1000,High-RE,1.5C,REMIND,CD,R10EUROPE,11.98084
Full,REMIND-MAgPIE 1.7-3.0,CD-LINKS-NPi2020_1000,High-RE,1.5C,REMIND,CD,R10INDIA+,123.04301
Full,REMIND-MAgPIE 1.7-3.0,CD-LINKS-NPi2020_1000,High-RE,1.5C,REMIND,CD,R10LATIN_AM,15.041815
Full,REMIND-MAgPIE 1.7-3.0,CD-LINKS-NPi2020_1000,High-RE,1.5C,REMIND,CD,R10MIDDLE_EAST,46.915075
Full,REMIND-MAgPIE 1.7-3.0,CD-LINKS-NPi2020_1000,High-RE,1.5C,REMIND,CD,R10NORTH_AM,13.23361
Full,REMIND-MAgPIE 1.7-3.0,CD-LINKS-NPi2020_1000,High-RE,1.5C,REMIND,CD,R10PAC_OECD,3.66936
Full,REMIND-MAgPIE 1.7-3.0,CD-LINKS-NPi2020_1000,High-RE,1.5C,REMIND,CD,R10REF_ECON,12.97676
Full,REMIND-MAgPIE 1.7-3.0,CD-LINKS-NPi2020_1000,High-RE,1.5C,REMIND,CD,R10REST_ASIA,55.592745
Full,REMIND-MAgPIE 1.7-3.0,CD-LINKS-NPi2020_1600,High-RE,2C,REMIND,CD,Aggregated R10 regions,452.633835
Full,REMIND-MAgPIE 1.7-3.0,CD-LINKS-NPi2020_1600,High-RE,2C,REMIND,CD,R10AFRICA,78.62975
Full,REMIND-MAgPIE 1.7-3.0,CD-LINKS-NPi2020_1600,High-RE,2C,REMIND,CD,R10CHINA+,84.67863
Full,REMIND-MAgPIE 1.7-3.0,CD-LINKS-NPi2020_1600,High-RE,2C,REMIND,CD,R10EUROPE,12.040965
Full,REMIND-MAgPIE 1.7-3.0,CD-LINKS-NPi2020_1600,High-RE,2C,REMIND,CD,R10INDIA+,129.330915
Full,REMIND-MAgPIE 1.7-3.0,CD-LINKS-NPi2020_1600,High-RE,2C,REMIND,CD,R10LATIN_AM,14.96983
Full,REMIND-MAgPIE 1.7-3.0,CD-LINKS-NPi2020_1600,High-RE,2C,REMIND,CD,R10MIDDLE_EAST,46.99033
Full,REMIND-MAgPIE 1.7-3.0,CD-LINKS-NPi2020_1600,High-RE,2C,REMIND,CD,R10NORTH_AM,12.55768
Full,REMIND-MAgPIE 1.7-3.0,CD-LINKS-NPi2020_1600,High-RE,2C,REMIND,CD,R10PAC_OECD,3.67484
Full,REMIND-MAgPIE 1.7-3.0,CD-LINKS-NPi2020_1600,High-RE,2C,REMIND,CD,R10REF_ECON,12.99393
Full,REMIND-MAgPIE 1.7-3.0,CD-LINKS-NPi2020_1600,High-RE,2C,REMIND,CD,R10REST_ASIA,56.766965
Full,REMIND-MAgPIE 1.7-3.0,CD-LINKS-NPi2020_400,High-RE,1.5C,REMIND,CD,Aggregated R10 regions,435.294525
Full,REMIND-MAgPIE 1.7-3.0,CD-LINKS-NPi2020_400,High-RE,1.5C,REMIND,CD,R10AFRICA,78.216935
Full,REMIND-MAgPIE 1.7-3.0,CD-LINKS-NPi2020_400,High-RE,1.5C,REMIND,CD,R10CHINA+,82.402985
Full,REMIND-MAgPIE 1.7-3.0,CD-LINKS-NPi2020_400,High-RE,1.5C,REMIND,CD,R10EUROPE,12.01094
Full,REMIND-MAgPIE 1.7-3.0,CD-LINKS-NPi2020_400,High-RE,1.5C,REMIND,CD,R10INDIA+,115.86648
Full,REMIND-MAgPIE 1.7-3.0,CD-LINKS-NPi2020_400,High-RE,1.5C,REMIND,CD,R10LATIN_AM,14.997205
Full,REMIND-MAgPIE 1.7-3.0,CD-LINKS-NPi2020_400,High-RE,1.5C,REMIND,CD,R10MIDDLE_EAST,46.74609
Full,REMIND-MAgPIE 1.7-3.0,CD-LINKS-NPi2020_400,High-RE,1.5C,REMIND,CD,R10NORTH_AM,13.97109
Full,REMIND-MAgPIE 1.7-3.0,CD-LINKS-NPi2020_400,High-RE,1.5C,REMIND,CD,R10PAC_OECD,3.65544
Full,REMIND-MAgPIE 1.7-3.0,CD-LINKS-NPi2020_400,High-RE,1.5C,REMIND,CD,R10REF_ECON,12.94647
Full,REMIND-MAgPIE 1.7-3.0,CD-LINKS-NPi2020_400,High-RE,1.5C,REMIND,CD,R10REST_ASIA,54.48089
Full,REMIND-MAgPIE 1.7-3.0,CD-LINKS-No-Policy,High-RE,2C,REMIND,CD,Aggregated R10 regions,492.362645
Full,REMIND-MAgPIE 1.7-3.0,CD-LINKS-No-Policy,High-RE,2C,REMIND,CD,R10AFRICA,79.56119
Full,REMIND-MAgPIE 1.7-3.0,CD-LINKS-No-Policy,High-RE,2C,REMIND,CD,R10CHINA+,92.555285
Full,REMIND-MAgPIE 1.7-3.0,CD-LINKS-No-Policy,High-RE,2C,REMIND,CD,R10EUROPE,12.65058
Full,REMIND-MAgPIE 1.7-3.0,CD-LINKS-No-Policy,High-RE,2C,REMIND,CD,R10INDIA+,151.93706
Full,REMIND-MAgPIE 1.7-3.0,CD-LINKS-No-Policy,High-RE,2C,REMIND,CD,R10LATIN_AM,15.463985
Full,REMIND-MAgPIE 1.7-3.0,CD-LINKS-No-Policy,High-RE,2C,REMIND,CD,R10MIDDLE_EAST,47.01592
Full,REMIND-MAgPIE 1.7-3.0,CD-LINKS-No-Policy,High-RE,2C,REMIND,CD,R10NORTH_AM,12.18197
Full,REMIND-MAgPIE 1.7-3.0,CD-LINKS-No-Policy,High-RE,2C,REMIND,CD,R10PAC_OECD,3.742125
Full,REMIND-MAgPIE 1.7-3.0,CD-LINKS-No-Policy,High-RE,2C,REMIND,CD,R10REF_ECON,13.129065
Full,REMIND-MAgPIE 1.7-3.0,CD-LINKS-No-Policy,High-RE,2C,REMIND,CD,R10REST_ASIA,64.125465
Full,REMIND-MAgPIE 1.7-3.0,COMMIT-2°C-2020,High-RE,1.5C,REMIND,COMMIT,Aggregated R10 regions,440.058145
Full,REMIND-MAgPIE 1.7-3.0,COMMIT-2°C-2020,High-RE,1.5C,REMIND,COMMIT,R10AFRICA,78.456135
Full,REMIND-MAgPIE 1.7-3.0,COMMIT-2°C-2020,High-RE,1.5C,REMIND,COMMIT,R10CHINA+,82.49591
Full,REMIND-MAgPIE 1.7-3.0,COMMIT-2°C-2020,High-RE,1.5C,REMIND,COMMIT,R10EUROPE,11.899475
Full,REMIND-MAgPIE 1.7-3.0,COMMIT-2°C-2020,High-RE,1.5C,REMIND,COMMIT,R10INDIA+,120.194295
Full,REMIND-MAgPIE 1.7-3.0,COMMIT-2°C-2020,High-RE,1.5C,REMIND,COMMIT,R10LATIN_AM,15.037365
Full,REMIND-MAgPIE 1.7-3.0,COMMIT-2°C-2020,High-RE,1.5C,REMIND,COMMIT,R10MIDDLE_EAST,46.913505
Full,REMIND-MAgPIE 1.7-3.0,COMMIT-2°C-2020,High-RE,1.5C,REMIND,COMMIT,R10NORTH_AM,12.95861
Full,REMIND-MAgPIE 1.7-3.0,COMMIT-2°C-2020,High-RE,1.5C,REMIND,COMMIT,R10PAC_OECD,3.658745
Full,REMIND-MAgPIE 1.7-3.0,COMMIT-2°C-2020,High-RE,1.5C,REMIND,COMMIT,R10REF_ECON,12.960005
Full,REMIND-MAgPIE 1.7-3.0,COMMIT-2°C-2020,High-RE,1.5C,REMIND,COMMIT,R10REST_ASIA,55.4841
Full,REMIND-MAgPIE 1.7-3.0,COMMIT-2°C-2030,High-RE,1.5C,REMIND,COMMIT,Aggregated R10 regions,445.672825
Full,REMIND-MAgPIE 1.7-3.0,COMMIT-2°C-2030,High-RE,1.5C,REMIND,COMMIT,R10AFRICA,78.455095
Full,REMIND-MAgPIE 1.7-3.0,COMMIT-2°C-2030,High-RE,1.5C,REMIND,COMMIT,R10CHINA+,84.508885
Full,REMIND-MAgPIE 1.7-3.0,COMMIT-2°C-2030,High-RE,1.5C,REMIND,COMMIT,R10EUROPE,11.92699
Full,REMIND-MAgPIE 1.7-3.0,COMMIT-2°C-2030,High-RE,1.5C,REMIND,COMMIT,R10INDIA+,121.492935
Full,REMIND-MAgPIE 1.7-3.0,COMMIT-2°C-2030,High-RE,1.5C,REMIND,COMMIT,R10LATIN_AM,15.19603
Full,REMIND-MAgPIE 1.7-3.0,COMMIT-2°C-2030,High-RE,1.5C,REMIND,COMMIT,R10MIDDLE_EAST,46.925625
Full,REMIND-MAgPIE 1.7-3.0,COMMIT-2°C-2030,High-RE,1.5C,REMIND,COMMIT,R10NORTH_AM,13.34177
Full,REMIND-MAgPIE 1.7-3.0,COMMIT-2°C-2030,High-RE,1.5C,REMIND,COMMIT,R10PAC_OECD,3.667405
Full,REMIND-MAgPIE 1.7-3.0,COMMIT-2°C-2030,High-RE,1.5C,REMIND,COMMIT,R10REF_ECON,13.029325
Full,REMIND-MAgPIE 1.7-3.0,COMMIT-2°C-2030,High-RE,1.5C,REMIND,COMMIT,R10REST_ASIA,57.128765
Full,REMIND-MAgPIE 1.7-3.0,COMMIT-Baseline,High-RE,2C,REMIND,COMMIT,Aggregated R10 regions,489.639315
Full,REMIND-MAgPIE 1.7-3.0,COMMIT-Baseline,High-RE,2C,REMIND,COMMIT,R10AFRICA,79.56326
Full,REMIND-MAgPIE 1.7-3.0,COMMIT-Baseline,High-RE,2C,REMIND,COMMIT,R10CHINA+,91.30613
Full,REMIND-MAgPIE 1.7-3.0,COMMIT-Baseline,High-RE,2C,REMIND,COMMIT,R10EUROPE,12.651685
Full,REMIND-MAgPIE 1.7-3.0,COMMIT-Baseline,High-RE,2C,REMIND,COMMIT,R10INDIA+,150.936145
Full,REMIND-MAgPIE 1.7-3.0,COMMIT-Baseline,High-RE,2C,REMIND,COMMIT,R10LATIN_AM,15.48934
Full,REMIND-MAgPIE 1.7-3.0,COMMIT-Baseline,High-RE,2C,REMIND,COMMIT,R10MIDDLE_EAST,46.83738
Full,REMIND-MAgPIE 1.7-3.0,COMMIT-Baseline,High-RE,2C,REMIND,COMMIT,R10NORTH_AM,12.203085
Full,REMIND-MAgPIE 1.7-3.0,COMMIT-Baseline,High-RE,2C,REMIND,COMMIT,R10PAC_OECD,3.74459
Full,REMIND-MAgPIE 1.7-3.0,COMMIT-Baseline,High-RE,2C,REMIND,COMMIT,R10REF_ECON,13.131255
Full,REMIND-MAgPIE 1.7-3.0,COMMIT-Baseline,High-RE,2C,REMIND,COMMIT,R10REST_ASIA,63.776445
Full,REMIND-MAgPIE 1.7-3.0,COMMIT-Bridge,High-RE,1.5C,REMIND,COMMIT,Aggregated R10 regions,433.095985
Full,REMIND-MAgPIE 1.7-3.0,COMMIT-Bridge,High-RE,1.5C,REMIND,COMMIT,R10AFRICA,78.26883
Full,REMIND-MAgPIE 1.7-3.0,COMMIT-Bridge,High-RE,1.5C,REMIND,COMMIT,R10CHINA+,83.0879
Full,REMIND-MAgPIE 1.7-3.0,COMMIT-Bridge,High-RE,1.5C,REMIND,COMMIT,R10EUROPE,11.47772
Full,REMIND-MAgPIE 1.7-3.0,COMMIT-Bridge,High-RE,1.5C,REMIND,COMMIT,R10INDIA+,115.15519
Full,REMIND-MAgPIE 1.7-3.0,COMMIT-Bridge,High-RE,1.5C,REMIND,COMMIT,R10LATIN_AM,14.807055
Full,REMIND-MAgPIE 1.7-3.0,COMMIT-Bridge,High-RE,1.5C,REMIND,COMMIT,R10MIDDLE_EAST,46.180005
Full,REMIND-MAgPIE 1.7-3.0,COMMIT-Bridge,High-RE,1.5C,REMIND,COMMIT,R10NORTH_AM,11.702535
Full,REMIND-MAgPIE 1.7-3.0,COMMIT-Bridge,High-RE,1.5C,REMIND,COMMIT,R10PAC_OECD,3.663795
Full,REMIND-MAgPIE 1.7-3.0,COMMIT-Bridge,High-RE,1.5C,REMIND,COMMIT,R10REF_ECON,12.867385
Full,REMIND-MAgPIE 1.7-3.0,COMMIT-Bridge,High-RE,1.5C,REMIND,COMMIT,R10REST_ASIA,55.88557
Full,REMIND-MAgPIE 1.7-3.0,COMMIT-Current-Policies,High-RE,2C,REMIND,COMMIT,Aggregated R10 regions,480.72229
Full,REMIND-MAgPIE 1.7-3.0,COMMIT-Current-Policies,High-RE,2C,REMIND,COMMIT,R10AFRICA,79.27333
Full,REMIND-MAgPIE 1.7-3.0,COMMIT-Current-Policies,High-RE,2C,REMIND,COMMIT,R10CHINA+,88.20026
Full,REMIND-MAgPIE 1.7-3.0,COMMIT-Current-Policies,High-RE,2C,REMIND,COMMIT,R10EUROPE,12.09743
Full,REMIND-MAgPIE 1.7-3.0,COMMIT-Current-Policies,High-RE,2C,REMIND,COMMIT,R10INDIA+,147.49652
Full,REMIND-MAgPIE 1.7-3.0,COMMIT-Current-Policies,High-RE,2C,REMIND,COMMIT,R10LATIN_AM,15.277545
Full,REMIND-MAgPIE 1.7-3.0,COMMIT-Current-Policies,High-RE,2C,REMIND,COMMIT,R10MIDDLE_EAST,46.817945
Full,REMIND-MAgPIE 1.7-3.0,COMMIT-Current-Policies,High-RE,2C,REMIND,COMMIT,R10NORTH_AM,11.18911
Full,REMIND-MAgPIE 1.7-3.0,COMMIT-Current-Policies,High-RE,2C,REMIND,COMMIT,R10PAC_OECD,3.711455
Full,REMIND-MAgPIE 1.7-3.0,COMMIT-Current-Policies,High-RE,2C,REMIND,COMMIT,R10REF_ECON,12.963395
Full,REMIND-MAgPIE 1.7-3.0,COMMIT-Current-Policies,High-RE,2C,REMIND,COMMIT,R10REST_ASIA,63.6953
Full,REMIND-MAgPIE 1.7-3.0,COMMIT-GPP,High-RE,2C,REMIND,COMMIT,Aggregated R10 regions,441.807325
Full,REMIND-MAgPIE 1.7-3.0,COMMIT-GPP,High-RE,2C,REMIND,COMMIT,R10AFRICA,78.84618
Full,REMIND-MAgPIE 1.7-3.0,COMMIT-GPP,High-RE,2C,REMIND,COMMIT,R10CHINA+,84.34661
Full,REMIND-MAgPIE 1.7-3.0,COMMIT-GPP,High-RE,2C,REMIND,COMMIT,R10EUROPE,11.92107
Full,REMIND-MAgPIE 1.7-3.0,COMMIT-GPP,High-RE,2C,REMIND,COMMIT,R10INDIA+,120.14409
Full,REMIND-MAgPIE 1.7-3.0,COMMIT-GPP,High-RE,2C,REMIND,COMMIT,R10LATIN_AM,15.071085
Full,REMIND-MAgPIE 1.7-3.0,COMMIT-GPP,High-RE,2C,REMIND,COMMIT,R10MIDDLE_EAST,46.06203
Full,REMIND-MAgPIE 1.7-3.0,COMMIT-GPP,High-RE,2C,REMIND,COMMIT,R10NORTH_AM,11.21836
Full,REMIND-MAgPIE 1.7-3.0,COMMIT-GPP,High-RE,2C,REMIND,COMMIT,R10PAC_OECD,3.671685
Full,REMIND-MAgPIE 1.7-3.0,COMMIT-GPP,High-RE,2C,REMIND,COMMIT,R10REF_ECON,12.86921
Full,REMIND-MAgPIE 1.7-3.0,COMMIT-GPP,High-RE,2C,REMIND,COMMIT,R10REST_ASIA,57.657005
Full,REMIND-MAgPIE 1.7-3.0,COMMIT-NDCplus,High-RE,2C,REMIND,COMMIT,Aggregated R10 regions,474.68875
Full,REMIND-MAgPIE 1.7-3.0,COMMIT-NDCplus,High-RE,2C,REMIND,COMMIT,R10AFRICA,79.42682
Full,REMIND-MAgPIE 1.7-3.0,COMMIT-NDCplus,High-RE,2C,REMIND,COMMIT,R10CHINA+,87.89603
Full,REMIND-MAgPIE 1.7-3.0,COMMIT-NDCplus,High-RE,2C,REMIND,COMMIT,R10EUROPE,12.571795
Full,REMIND-MAgPIE 1.7-3.0,COMMIT-NDCplus,High-RE,2C,REMIND,COMMIT,R10INDIA+,142.306485
Full,REMIND-MAgPIE 1.7-3.0,COMMIT-NDCplus,High-RE,2C,REMIND,COMMIT,R10LATIN_AM,15.32301
Full,REMIND-MAgPIE 1.7-3.0,COMMIT-NDCplus,High-RE,2C,REMIND,COMMIT,R10MIDDLE_EAST,46.654
Full,REMIND-MAgPIE 1.7-3.0,COMMIT-NDCplus,High-RE,2C,REMIND,COMMIT,R10NORTH_AM,11.90544
Full,REMIND-MAgPIE 1.7-3.0,COMMIT-NDCplus,High-RE,2C,REMIND,COMMIT,R10PAC_OECD,3.699925
Full,REMIND-MAgPIE 1.7-3.0,COMMIT-NDCplus,High-RE,2C,REMIND,COMMIT,R10REF_ECON,13.057755
Full,REMIND-MAgPIE 1.7-3.0,COMMIT-NDCplus,High-RE,2C,REMIND,COMMIT,R10REST_ASIA,61.84749
Full,REMIND-MAgPIE 1.7-3.0,PEP-1.5°C-Full-CDR-Cost-Effective,High-RE,1.5C,REMIND,PEP,Aggregated R10 regions,431.73081
Full,REMIND-MAgPIE 1.7-3.0,PEP-1.5°C-Full-CDR-Cost-Effective,High-RE,1.5C,REMIND,PEP,R10AFRICA,78.16634
Full,REMIND-MAgPIE 1.7-3.0,PEP-1.5°C-Full-CDR-Cost-Effective,High-RE,1.5C,REMIND,PEP,R10CHINA+,81.176225
Full,REMIND-MAgPIE 1.7-3.0,PEP-1.5°C-Full-CDR-Cost-Effective,High-RE,1.5C,REMIND,PEP,R10EUROPE,11.91833
Full,REMIND-MAgPIE 1.7-3.0,PEP-1.5°C-Full-CDR-Cost-Effective,High-RE,1.5C,REMIND,PEP,R10INDIA+,113.975615
Full,REMIND-MAgPIE 1.7-3.0,PEP-1.5°C-Full-CDR-Cost-Effective,High-RE,1.5C,REMIND,PEP,R10LATIN_AM,14.95479
Full,REMIND-MAgPIE 1.7-3.0,PEP-1.5°C-Full-CDR-Cost-Effective,High-RE,1.5C,REMIND,PEP,R10MIDDLE_EAST,46.70181
Full,REMIND-MAgPIE 1.7-3.0,PEP-1.5°C-Full-CDR-Cost-Effective,High-RE,1.5C,REMIND,PEP,R10NORTH_AM,13.770035
Full,REMIND-MAgPIE 1.7-3.0,PEP-1.5°C-Full-CDR-Cost-Effective,High-RE,1.5C,REMIND,PEP,R10PAC_OECD,3.645435
Full,REMIND-MAgPIE 1.7-3.0,PEP-1.5°C-Full-CDR-Cost-Effective,High-RE,1.5C,REMIND,PEP,R10REF_ECON,12.933975
Full,REMIND-MAgPIE 1.7-3.0,PEP-1.5°C-Full-CDR-Cost-Effective,High-RE,1.5C,REMIND,PEP,R10REST_ASIA,54.488255
Full,REMIND-MAgPIE 1.7-3.0,PEP-1.5°C-Full-CDR-Good-Practice,High-RE,1.5C,REMIND,PEP,Aggregated R10 regions,427.54933
Full,REMIND-MAgPIE 1.7-3.0,PEP-1.5°C-Full-CDR-Good-Practice,High-RE,1.5C,REMIND,PEP,R10AFRICA,77.878415
Full,REMIND-MAgPIE 1.7-3.0,PEP-1.5°C-Full-CDR-Good-Practice,High-RE,1.5C,REMIND,PEP,R10CHINA+,81.126805
Full,REMIND-MAgPIE 1.7-3.0,PEP-1.5°C-Full-CDR-Good-Practice,High-RE,1.5C,REMIND,PEP,R10EUROPE,11.47005
Full,REMIND-MAgPIE 1.7-3.0,PEP-1.5°C-Full-CDR-Good-Practice,High-RE,1.5C,REMIND,PEP,R10INDIA+,111.541895
Full,REMIND-MAgPIE 1.7-3.0,PEP-1.5°C-Full-CDR-Good-Practice,High-RE,1.5C,REMIND,PEP,R10LATIN_AM,14.92325
Full,REMIND-MAgPIE 1.7-3.0,PEP-1.5°C-Full-CDR-Good-Practice,High-RE,1.5C,REMIND,PEP,R10MIDDLE_EAST,46.494155
Full,REMIND-MAgPIE 1.7-3.0,PEP-1.5°C-Full-CDR-Good-Practice,High-RE,1.5C,REMIND,PEP,R10NORTH_AM,12.2702
Full,REMIND-MAgPIE 1.7-3.0,PEP-1.5°C-Full-CDR-Good-Practice,High-RE,1.5C,REMIND,PEP,R10PAC_OECD,3.652265
Full,REMIND-MAgPIE 1.7-3.0,PEP-1.5°C-Full-CDR-Good-Practice,High-RE,1.5C,REMIND,PEP,R10REF_ECON,12.90609
Full,REMIND-MAgPIE 1.7-3.0,PEP-1.5°C-Full-CDR-Good-Practice,High-RE,1.5C,REMIND,PEP,R10REST_ASIA,55.286205
Full,REMIND-MAgPIE 1.7-3.0,PEP-1.5°C-Full-CDR-NDC,High-RE,1.5C,REMIND,PEP,Aggregated R10 regions,436.66555
Full,REMIND-MAgPIE 1.7-3.0,PEP-1.5°C-Full-CDR-NDC,High-RE,1.5C,REMIND,PEP,R10AFRICA,78.08258
Full,REMIND-MAgPIE 1.7-3.0,PEP-1.5°C-Full-CDR-NDC,High-RE,1.5C,REMIND,PEP,R10CHINA+,84.056
Full,REMIND-MAgPIE 1.7-3.0,PEP-1.5°C-Full-CDR-NDC,High-RE,1.5C,REMIND,PEP,R10EUROPE,11.963895
Full,REMIND-MAgPIE 1.7-3.0,PEP-1.5°C-Full-CDR-NDC,High-RE,1.5C,REMIND,PEP,R10INDIA+,113.892355
Full,REMIND-MAgPIE 1.7-3.0,PEP-1.5°C-Full-CDR-NDC,High-RE,1.5C,REMIND,PEP,R10LATIN_AM,15.134615
Full,REMIND-MAgPIE 1.7-3.0,PEP-1.5°C-Full-CDR-NDC,High-RE,1.5C,REMIND,PEP,R10MIDDLE_EAST,46.746345
Full,REMIND-MAgPIE 1.7-3.0,PEP-1.5°C-Full-CDR-NDC,High-RE,1.5C,REMIND,PEP,R10NORTH_AM,14.04455
Full,REMIND-MAgPIE 1.7-3.0,PEP-1.5°C-Full-CDR-NDC,High-RE,1.5C,REMIND,PEP,R10PAC_OECD,3.665825
Full,REMIND-MAgPIE 1.7-3.0,PEP-1.5°C-Full-CDR-NDC,High-RE,1.5C,REMIND,PEP,R10REF_ECON,13.023355
Full,REMIND-MAgPIE 1.7-3.0,PEP-1.5°C-Full-CDR-NDC,High-RE,1.5C,REMIND,PEP,R10REST_ASIA,56.05603
Full,REMIND-MAgPIE 1.7-3.0,PEP-1.5°C-Full-CDR-NetZero,High-RE,1.5C,REMIND,PEP,Aggregated R10 regions,427.63266
Full,REMIND-MAgPIE 1.7-3.0,PEP-1.5°C-Full-CDR-NetZero,High-RE,1.5C,REMIND,PEP,R10AFRICA,77.89278
Full,REMIND-MAgPIE 1.7-3.0,PEP-1.5°C-Full-CDR-NetZero,High-RE,1.5C,REMIND,PEP,R10CHINA+,80.68202
Full,REMIND-MAgPIE 1.7-3.0,PEP-1.5°C-Full-CDR-NetZero,High-RE,1.5C,REMIND,PEP,R10EUROPE,11.430035
Full,REMIND-MAgPIE 1.7-3.0,PEP-1.5°C-Full-CDR-NetZero,High-RE,1.5C,REMIND,PEP,R10INDIA+,112.73544
Full,REMIND-MAgPIE 1.7-3.0,PEP-1.5°C-Full-CDR-NetZero,High-RE,1.5C,REMIND,PEP,R10LATIN_AM,14.80426
Full,REMIND-MAgPIE 1.7-3.0,PEP-1.5°C-Full-CDR-NetZero,High-RE,1.5C,REMIND,PEP,R10MIDDLE_EAST,46.14054
Full,REMIND-MAgPIE 1.7-3.0,PEP-1.5°C-Full-CDR-NetZero,High-RE,1.5C,REMIND,PEP,R10NORTH_AM,12.2634
Full,REMIND-MAgPIE 1.7-3.0,PEP-1.5°C-Full-CDR-NetZero,High-RE,1.5C,REMIND,PEP,R10PAC_OECD,3.649205
Full,REMIND-MAgPIE 1.7-3.0,PEP-1.5°C-Full-CDR-NetZero,High-RE,1.5C,REMIND,PEP,R10REF_ECON,12.863005
Full,REMIND-MAgPIE 1.7-3.0,PEP-1.5°C-Full-CDR-NetZero,High-RE,1.5C,REMIND,PEP,R10REST_ASIA,55.171975
Full,REMIND-MAgPIE 1.7-3.0,PEP-1.5°C-Reduced-CDR-Cost-Effective,High-RE,1.5C,REMIND,PEP,Aggregated R10 regions,415.2441
Full,REMIND-MAgPIE 1.7-3.0,PEP-1.5°C-Reduced-CDR-Cost-Effective,High-RE,1.5C,REMIND,PEP,R10AFRICA,77.917055
Full,REMIND-MAgPIE 1.7-3.0,PEP-1.5°C-Reduced-CDR-Cost-Effective,High-RE,1.5C,REMIND,PEP,R10CHINA+,82.254955
Full,REMIND-MAgPIE 1.7-3.0,PEP-1.5°C-Reduced-CDR-Cost-Effective,High-RE,1.5C,REMIND,PEP,R10EUROPE,11.45925
Full,REMIND-MAgPIE 1.7-3.0,PEP-1.5°C-Reduced-CDR-Cost-Effective,High-RE,1.5C,REMIND,PEP,R10INDIA+,102.41387
Full,REMIND-MAgPIE 1.7-3.0,PEP-1.5°C-Reduced-CDR-Cost-Effective,High-RE,1.5C,REMIND,PEP,R10LATIN_AM,15.111565
Full,REMIND-MAgPIE 1.7-3.0,PEP-1.5°C-Reduced-CDR-Cost-Effective,High-RE,1.5C,REMIND,PEP,R10MIDDLE_EAST,44.50682
Full,REMIND-MAgPIE 1.7-3.0,PEP-1.5°C-Reduced-CDR-Cost-Effective,High-RE,1.5C,REMIND,PEP,R10NORTH_AM,12.36879
Full,REMIND-MAgPIE 1.7-3.0,PEP-1.5°C-Reduced-CDR-Cost-Effective,High-RE,1.5C,REMIND,PEP,R10PAC_OECD,3.636955
Full,REMIND-MAgPIE 1.7-3.0,PEP-1.5°C-Reduced-CDR-Cost-Effective,High-RE,1.5C,REMIND,PEP,R10REF_ECON,12.884625
Full,REMIND-MAgPIE 1.7-3.0,PEP-1.5°C-Reduced-CDR-Cost-Effective,High-RE,1.5C,REMIND,PEP,R10REST_ASIA,52.690215
Full,REMIND-MAgPIE 1.7-3.0,PEP-2°C-Full-CDR-Cost-Effective,High-RE,1.5C,REMIND,PEP,Aggregated R10 regions,440.058145
Full,REMIND-MAgPIE 1.7-3.0,PEP-2°C-Full-CDR-Cost-Effective,High-RE,1.5C,REMIND,PEP,R10AFRICA,78.456135
Full,REMIND-MAgPIE 1.7-3.0,PEP-2°C-Full-CDR-Cost-Effective,High-RE,1.5C,REMIND,PEP,R10CHINA+,82.49591
Full,REMIND-MAgPIE 1.7-3.0,PEP-2°C-Full-CDR-Cost-Effective,High-RE,1.5C,REMIND,PEP,R10EUROPE,11.899475
Full,REMIND-MAgPIE 1.7-3.0,PEP-2°C-Full-CDR-Cost-Effective,High-RE,1.5C,REMIND,PEP,R10INDIA+,120.194295
Full,REMIND-MAgPIE 1.7-3.0,PEP-2°C-Full-CDR-Cost-Effective,High-RE,1.5C,REMIND,PEP,R10LATIN_AM,15.037365
Full,REMIND-MAgPIE 1.7-3.0,PEP-2°C-Full-CDR-Cost-Effective,High-RE,1.5C,REMIND,PEP,R10MIDDLE_EAST,46.913505
Full,REMIND-MAgPIE 1.7-3.0,PEP-2°C-Full-CDR-Cost-Effective,High-RE,1.5C,REMIND,PEP,R10NORTH_AM,12.95861
Full,REMIND-MAgPIE 1.7-3.0,PEP-2°C-Full-CDR-Cost-Effective,High-RE,1.5C,REMIND,PEP,R10PAC_OECD,3.658745
Full,REMIND-MAgPIE 1.7-3.0,PEP-2°C-Full-CDR-Cost-Effective,High-RE,1.5C,REMIND,PEP,R10REF_ECON,12.960005
Full,REMIND-MAgPIE 1.7-3.0,PEP-2°C-Full-CDR-Cost-Effective,High-RE,1.5C,REMIND,PEP,R10REST_ASIA,55.4841
Full,REMIND-MAgPIE 1.7-3.0,PEP-2°C-Full-CDR-Good-Practice,High-RE,1.5C,REMIND,PEP,Aggregated R10 regions,433.805375
Full,REMIND-MAgPIE 1.7-3.0,PEP-2°C-Full-CDR-Good-Practice,High-RE,1.5C,REMIND,PEP,R10AFRICA,78.12817
Full,REMIND-MAgPIE 1.7-3.0,PEP-2°C-Full-CDR-Good-Practice,High-RE,1.5C,REMIND,PEP,R10CHINA+,82.069875
Full,REMIND-MAgPIE 1.7-3.0,PEP-2°C-Full-CDR-Good-Practice,High-RE,1.5C,REMIND,PEP,R10EUROPE,11.50815
Full,REMIND-MAgPIE 1.7-3.0,PEP-2°C-Full-CDR-Good-Practice,High-RE,1.5C,REMIND,PEP,R10INDIA+,116.40869000000001
Full,REMIND-MAgPIE 1.7-3.0,PEP-2°C-Full-CDR-Good-Practice,High-RE,1.5C,REMIND,PEP,R10LATIN_AM,14.923955
Full,REMIND-MAgPIE 1.7-3.0,PEP-2°C-Full-CDR-Good-Practice,High-RE,1.5C,REMIND,PEP,R10MIDDLE_EAST,46.27343
Full,REMIND-MAgPIE 1.7-3.0,PEP-2°C-Full-CDR-Good-Practice,High-RE,1.5C,REMIND,PEP,R10NORTH_AM,11.77771
Full,REMIND-MAgPIE 1.7-3.0,PEP-2°C-Full-CDR-Good-Practice,High-RE,1.5C,REMIND,PEP,R10PAC_OECD,3.658275
Full,REMIND-MAgPIE 1.7-3.0,PEP-2°C-Full-CDR-Good-Practice,High-RE,1.5C,REMIND,PEP,R10REF_ECON,12.91619
Full,REMIND-MAgPIE 1.7-3.0,PEP-2°C-Full-CDR-Good-Practice,High-RE,1.5C,REMIND,PEP,R10REST_ASIA,56.14093
Full,REMIND-MAgPIE 1.7-3.0,PEP-2°C-Full-CDR-NDC,High-RE,1.5C,REMIND,PEP,Aggregated R10 regions,445.672825
Full,REMIND-MAgPIE 1.7-3.0,PEP-2°C-Full-CDR-NDC,High-RE,1.5C,REMIND,PEP,R10AFRICA,78.455095
Full,REMIND-MAgPIE 1.7-3.0,PEP-2°C-Full-CDR-NDC,High-RE,1.5C,REMIND,PEP,R10CHINA+,84.508885
Full,REMIND-MAgPIE 1.7-3.0,PEP-2°C-Full-CDR-NDC,High-RE,1.5C,REMIND,PEP,R10EUROPE,11.92699
Full,REMIND-MAgPIE 1.7-3.0,PEP-2°C-Full-CDR-NDC,High-RE,1.5C,REMIND,PEP,R10INDIA+,121.492935
Full,REMIND-MAgPIE 1.7-3.0,PEP-2°C-Full-CDR-NDC,High-RE,1.5C,REMIND,PEP,R10LATIN_AM,15.19603
Full,REMIND-MAgPIE 1.7-3.0,PEP-2°C-Full-CDR-NDC,High-RE,1.5C,REMIND,PEP,R10MIDDLE_EAST,46.925625
Full,REMIND-MAgPIE 1.7-3.0,PEP-2°C-Full-CDR-NDC,High-RE,1.5C,REMIND,PEP,R10NORTH_AM,13.34177
Full,REMIND-MAgPIE 1.7-3.0,PEP-2°C-Full-CDR-NDC,High-RE,1.5C,REMIND,PEP,R10PAC_OECD,3.667405
Full,REMIND-MAgPIE 1.7-3.0,PEP-2°C-Full-CDR-NDC,High-RE,1.5C,REMIND,PEP,R10REF_ECON,13.029325
Full,REMIND-MAgPIE 1.7-3.0,PEP-2°C-Full-CDR-NDC,High-RE,1.5C,REMIND,PEP,R10REST_ASIA,57.128765
Full,REMIND-MAgPIE 1.7-3.0,PEP-2°C-Full-CDR-NetZero,High-RE,1.5C,REMIND,PEP,Aggregated R10 regions,433.262745
Full,REMIND-MAgPIE 1.7-3.0,PEP-2°C-Full-CDR-NetZero,High-RE,1.5C,REMIND,PEP,R10AFRICA,78.360015
Full,REMIND-MAgPIE 1.7-3.0,PEP-2°C-Full-CDR-NetZero,High-RE,1.5C,REMIND,PEP,R10CHINA+,81.76033
Full,REMIND-MAgPIE 1.7-3.0,PEP-2°C-Full-CDR-NetZero,High-RE,1.5C,REMIND,PEP,R10EUROPE,11.490255
Full,REMIND-MAgPIE 1.7-3.0,PEP-2°C-Full-CDR-NetZero,High-RE,1.5C,REMIND,PEP,R10INDIA+,116.42449
Full,REMIND-MAgPIE 1.7-3.0,PEP-2°C-Full-CDR-NetZero,High-RE,1.5C,REMIND,PEP,R10LATIN_AM,14.906915
Full,REMIND-MAgPIE 1.7-3.0,PEP-2°C-Full-CDR-NetZero,High-RE,1.5C,REMIND,PEP,R10MIDDLE_EAST,46.11845
Full,REMIND-MAgPIE 1.7-3.0,PEP-2°C-Full-CDR-NetZero,High-RE,1.5C,REMIND,PEP,R10NORTH_AM,11.71957
Full,REMIND-MAgPIE 1.7-3.0,PEP-2°C-Full-CDR-NetZero,High-RE,1.5C,REMIND,PEP,R10PAC_OECD,3.658275
Full,REMIND-MAgPIE 1.7-3.0,PEP-2°C-Full-CDR-NetZero,High-RE,1.5C,REMIND,PEP,R10REF_ECON,12.870075
Full,REMIND-MAgPIE 1.7-3.0,PEP-2°C-Full-CDR-NetZero,High-RE,1.5C,REMIND,PEP,R10REST_ASIA,55.95437
Full,REMIND-MAgPIE 1.7-3.0,PEP-2°C-Reduced-CDR-Cost-Effective,High-RE,1.5C,REMIND,PEP,Aggregated R10 regions,430.661875
Full,REMIND-MAgPIE 1.7-3.0,PEP-2°C-Reduced-CDR-Cost-Effective,High-RE,1.5C,REMIND,PEP,R10AFRICA,78.509135
Full,REMIND-MAgPIE 1.7-3.0,PEP-2°C-Reduced-CDR-Cost-Effective,High-RE,1.5C,REMIND,PEP,R10CHINA+,83.04234
Full,REMIND-MAgPIE 1.7-3.0,PEP-2°C-Reduced-CDR-Cost-Effective,High-RE,1.5C,REMIND,PEP,R10EUROPE,11.674415
Full,REMIND-MAgPIE 1.7-3.0,PEP-2°C-Reduced-CDR-Cost-Effective,High-RE,1.5C,REMIND,PEP,R10INDIA+,113.47707
Full,REMIND-MAgPIE 1.7-3.0,PEP-2°C-Reduced-CDR-Cost-Effective,High-RE,1.5C,REMIND,PEP,R10LATIN_AM,15.131835
Full,REMIND-MAgPIE 1.7-3.0,PEP-2°C-Reduced-CDR-Cost-Effective,High-RE,1.5C,REMIND,PEP,R10MIDDLE_EAST,45.62048
Full,REMIND-MAgPIE 1.7-3.0,PEP-2°C-Reduced-CDR-Cost-Effective,High-RE,1.5C,REMIND,PEP,R10NORTH_AM,12.155944999999999
Full,REMIND-MAgPIE 1.7-3.0,PEP-2°C-Reduced-CDR-Cost-Effective,High-RE,1.5C,REMIND,PEP,R10PAC_OECD,3.638225
Full,REMIND-MAgPIE 1.7-3.0,PEP-2°C-Reduced-CDR-Cost-Effective,High-RE,1.5C,REMIND,PEP,R10REF_ECON,12.90927
Full,REMIND-MAgPIE 1.7-3.0,PEP-2°C-Reduced-CDR-Cost-Effective,High-RE,1.5C,REMIND,PEP,R10REST_ASIA,54.50316
Full,REMIND-MAgPIE 1.7-3.0,PEP-2°C-Reduced-CDR-Good-Practice,High-RE,1.5C,REMIND,PEP,Aggregated R10 regions,424.130685
Full,REMIND-MAgPIE 1.7-3.0,PEP-2°C-Reduced-CDR-Good-Practice,High-RE,1.5C,REMIND,PEP,R10AFRICA,78.1802
Full,REMIND-MAgPIE 1.7-3.0,PEP-2°C-Reduced-CDR-Good-Practice,High-RE,1.5C,REMIND,PEP,R10CHINA+,83.11236
Full,REMIND-MAgPIE 1.7-3.0,PEP-2°C-Reduced-CDR-Good-Practice,High-RE,1.5C,REMIND,PEP,R10EUROPE,11.2657
Full,REMIND-MAgPIE 1.7-3.0,PEP-2°C-Reduced-CDR-Good-Practice,High-RE,1.5C,REMIND,PEP,R10INDIA+,108.94912
Full,REMIND-MAgPIE 1.7-3.0,PEP-2°C-Reduced-CDR-Good-Practice,High-RE,1.5C,REMIND,PEP,R10LATIN_AM,15.06096
Full,REMIND-MAgPIE 1.7-3.0,PEP-2°C-Reduced-CDR-Good-Practice,High-RE,1.5C,REMIND,PEP,R10MIDDLE_EAST,44.919445
Full,REMIND-MAgPIE 1.7-3.0,PEP-2°C-Reduced-CDR-Good-Practice,High-RE,1.5C,REMIND,PEP,R10NORTH_AM,11.07707
Full,REMIND-MAgPIE 1.7-3.0,PEP-2°C-Reduced-CDR-Good-Practice,High-RE,1.5C,REMIND,PEP,R10PAC_OECD,3.650995
Full,REMIND-MAgPIE 1.7-3.0,PEP-2°C-Reduced-CDR-Good-Practice,High-RE,1.5C,REMIND,PEP,R10REF_ECON,12.888135
Full,REMIND-MAgPIE 1.7-3.0,PEP-2°C-Reduced-CDR-Good-Practice,High-RE,1.5C,REMIND,PEP,R10REST_ASIA,55.0267
Full,REMIND-MAgPIE 1.7-3.0,PEP-2°C-Reduced-CDR-NDC,High-RE,1.5C,REMIND,PEP,Aggregated R10 regions,430.551975
Full,REMIND-MAgPIE 1.7-3.0,PEP-2°C-Reduced-CDR-NDC,High-RE,1.5C,REMIND,PEP,R10AFRICA,78.35096
Full,REMIND-MAgPIE 1.7-3.0,PEP-2°C-Reduced-CDR-NDC,High-RE,1.5C,REMIND,PEP,R10CHINA+,85.705615
Full,REMIND-MAgPIE 1.7-3.0,PEP-2°C-Reduced-CDR-NDC,High-RE,1.5C,REMIND,PEP,R10EUROPE,11.59546
Full,REMIND-MAgPIE 1.7-3.0,PEP-2°C-Reduced-CDR-NDC,High-RE,1.5C,REMIND,PEP,R10INDIA+,109.831665
Full,REMIND-MAgPIE 1.7-3.0,PEP-2°C-Reduced-CDR-NDC,High-RE,1.5C,REMIND,PEP,R10LATIN_AM,15.239715
Full,REMIND-MAgPIE 1.7-3.0,PEP-2°C-Reduced-CDR-NDC,High-RE,1.5C,REMIND,PEP,R10MIDDLE_EAST,45.314495
Full,REMIND-MAgPIE 1.7-3.0,PEP-2°C-Reduced-CDR-NDC,High-RE,1.5C,REMIND,PEP,R10NORTH_AM,12.252225
Full,REMIND-MAgPIE 1.7-3.0,PEP-2°C-Reduced-CDR-NDC,High-RE,1.5C,REMIND,PEP,R10PAC_OECD,3.664555
Full,REMIND-MAgPIE 1.7-3.0,PEP-2°C-Reduced-CDR-NDC,High-RE,1.5C,REMIND,PEP,R10REF_ECON,12.98159
Full,REMIND-MAgPIE 1.7-3.0,PEP-2°C-Reduced-CDR-NDC,High-RE,1.5C,REMIND,PEP,R10REST_ASIA,55.615695
Full,REMIND-MAgPIE 1.7-3.0,PEP-2°C-Reduced-CDR-NetZero,High-RE,1.5C,REMIND,PEP,Aggregated R10 regions,423.59518
Full,REMIND-MAgPIE 1.7-3.0,PEP-2°C-Reduced-CDR-NetZero,High-RE,1.5C,REMIND,PEP,R10AFRICA,78.213555
Full,REMIND-MAgPIE 1.7-3.0,PEP-2°C-Reduced-CDR-NetZero,High-RE,1.5C,REMIND,PEP,R10CHINA+,82.440605
Full,REMIND-MAgPIE 1.7-3.0,PEP-2°C-Reduced-CDR-NetZero,High-RE,1.5C,REMIND,PEP,R10EUROPE,11.26786
Full,REMIND-MAgPIE 1.7-3.0,PEP-2°C-Reduced-CDR-NetZero,High-RE,1.5C,REMIND,PEP,R10INDIA+,109.263105
Full,REMIND-MAgPIE 1.7-3.0,PEP-2°C-Reduced-CDR-NetZero,High-RE,1.5C,REMIND,PEP,R10LATIN_AM,15.03034
Full,REMIND-MAgPIE 1.7-3.0,PEP-2°C-Reduced-CDR-NetZero,High-RE,1.5C,REMIND,PEP,R10MIDDLE_EAST,44.959535
Full,REMIND-MAgPIE 1.7-3.0,PEP-2°C-Reduced-CDR-NetZero,High-RE,1.5C,REMIND,PEP,R10NORTH_AM,11.09054
Full,REMIND-MAgPIE 1.7-3.0,PEP-2°C-Reduced-CDR-NetZero,High-RE,1.5C,REMIND,PEP,R10PAC_OECD,3.646635
Full,REMIND-MAgPIE 1.7-3.0,PEP-2°C-Reduced-CDR-NetZero,High-RE,1.5C,REMIND,PEP,R10REF_ECON,12.8551
Full,REMIND-MAgPIE 1.7-3.0,PEP-2°C-Reduced-CDR-NetZero,High-RE,1.5C,REMIND,PEP,R10REST_ASIA,54.827905
Full,REMIND-MAgPIE 1.7-3.0,PEP-Good-Practice,High-RE,2C,REMIND,PEP,Aggregated R10 regions,447.306385
Full,REMIND-MAgPIE 1.7-3.0,PEP-Good-Practice,High-RE,2C,REMIND,PEP,R10AFRICA,79.043485
Full,REMIND-MAgPIE 1.7-3.0,PEP-Good-Practice,High-RE,2C,REMIND,PEP,R10CHINA+,84.584155
Full,REMIND-MAgPIE 1.7-3.0,PEP-Good-Practice,High-RE,2C,REMIND,PEP,R10EUROPE,11.96132
Full,REMIND-MAgPIE 1.7-3.0,PEP-Good-Practice,High-RE,2C,REMIND,PEP,R10INDIA+,123.728035
Full,REMIND-MAgPIE 1.7-3.0,PEP-Good-Practice,High-RE,2C,REMIND,PEP,R10LATIN_AM,15.09938
Full,REMIND-MAgPIE 1.7-3.0,PEP-Good-Practice,High-RE,2C,REMIND,PEP,R10MIDDLE_EAST,46.24635
Full,REMIND-MAgPIE 1.7-3.0,PEP-Good-Practice,High-RE,2C,REMIND,PEP,R10NORTH_AM,11.21836
Full,REMIND-MAgPIE 1.7-3.0,PEP-Good-Practice,High-RE,2C,REMIND,PEP,R10PAC_OECD,3.668685
Full,REMIND-MAgPIE 1.7-3.0,PEP-Good-Practice,High-RE,2C,REMIND,PEP,R10REF_ECON,12.92438
Full,REMIND-MAgPIE 1.7-3.0,PEP-Good-Practice,High-RE,2C,REMIND,PEP,R10REST_ASIA,58.832235
Full,REMIND-MAgPIE 1.7-3.0,PEP-NDC,High-RE,2C,REMIND,PEP,Aggregated R10 regions,474.68875
Full,REMIND-MAgPIE 1.7-3.0,PEP-NDC,High-RE,2C,REMIND,PEP,R10AFRICA,79.42682
Full,REMIND-MAgPIE 1.7-3.0,PEP-NDC,High-RE,2C,REMIND,PEP,R10CHINA+,87.89603
Full,REMIND-MAgPIE 1.7-3.0,PEP-NDC,High-RE,2C,REMIND,PEP,R10EUROPE,12.571795
Full,REMIND-MAgPIE 1.7-3.0,PEP-NDC,High-RE,2C,REMIND,PEP,R10INDIA+,142.306485
Full,REMIND-MAgPIE 1.7-3.0,PEP-NDC,High-RE,2C,REMIND,PEP,R10LATIN_AM,15.32301
Full,REMIND-MAgPIE 1.7-3.0,PEP-NDC,High-RE,2C,REMIND,PEP,R10MIDDLE_EAST,46.654
Full,REMIND-MAgPIE 1.7-3.0,PEP-NDC,High-RE,2C,REMIND,PEP,R10NORTH_AM,11.90544
Full,REMIND-MAgPIE 1.7-3.0,PEP-NDC,High-RE,2C,REMIND,PEP,R10PAC_OECD,3.699925
Full,REMIND-MAgPIE 1.7-3.0,PEP-NDC,High-RE,2C,REMIND,PEP,R10REF_ECON,13.057755
Full,REMIND-MAgPIE 1.7-3.0,PEP-NDC,High-RE,2C,REMIND,PEP,R10REST_ASIA,61.84749
Full,REMIND-MAgPIE 1.7-3.0,PEP-NPi,High-RE,2C,REMIND,PEP,Aggregated R10 regions,480.72229
Full,REMIND-MAgPIE 1.7-3.0,PEP-NPi,High-RE,2C,REMIND,PEP,R10AFRICA,79.27333
Full,REMIND-MAgPIE 1.7-3.0,PEP-NPi,High-RE,2C,REMIND,PEP,R10CHINA+,88.20026
Full,REMIND-MAgPIE 1.7-3.0,PEP-NPi,High-RE,2C,REMIND,PEP,R10EUROPE,12.09743
Full,REMIND-MAgPIE 1.7-3.0,PEP-NPi,High-RE,2C,REMIND,PEP,R10INDIA+,147.49652
Full,REMIND-MAgPIE 1.7-3.0,PEP-NPi,High-RE,2C,REMIND,PEP,R10LATIN_AM,15.277545
Full,REMIND-MAgPIE 1.7-3.0,PEP-NPi,High-RE,2C,REMIND,PEP,R10MIDDLE_EAST,46.817945
Full,REMIND-MAgPIE 1.7-3.0,PEP-NPi,High-RE,2C,REMIND,PEP,R10NORTH_AM,11.18911
Full,REMIND-MAgPIE 1.7-3.0,PEP-NPi,High-RE,2C,REMIND,PEP,R10PAC_OECD,3.711455
Full,REMIND-MAgPIE 1.7-3.0,PEP-NPi,High-RE,2C,REMIND,PEP,R10REF_ECON,12.963395
Full,REMIND-MAgPIE 1.7-3.0,PEP-NPi,High-RE,2C,REMIND,PEP,R10REST_ASIA,63.6953
Full,REMIND-MAgPIE 1.7-3.0,PEP-NetZero,High-RE,2C,REMIND,PEP,Aggregated R10 regions,440.04503
Full,REMIND-MAgPIE 1.7-3.0,PEP-NetZero,High-RE,2C,REMIND,PEP,R10AFRICA,78.80382
Full,REMIND-MAgPIE 1.7-3.0,PEP-NetZero,High-RE,2C,REMIND,PEP,R10CHINA+,83.323355
Full,REMIND-MAgPIE 1.7-3.0,PEP-NetZero,High-RE,2C,REMIND,PEP,R10EUROPE,11.896075
Full,REMIND-MAgPIE 1.7-3.0,PEP-NetZero,High-RE,2C,REMIND,PEP,R10INDIA+,119.799325
Full,REMIND-MAgPIE 1.7-3.0,PEP-NetZero,High-RE,2C,REMIND,PEP,R10LATIN_AM,15.045965
Full,REMIND-MAgPIE 1.7-3.0,PEP-NetZero,High-RE,2C,REMIND,PEP,R10MIDDLE_EAST,45.906685
Full,REMIND-MAgPIE 1.7-3.0,PEP-NetZero,High-RE,2C,REMIND,PEP,R10NORTH_AM,11.21836
Full,REMIND-MAgPIE 1.7-3.0,PEP-NetZero,High-RE,2C,REMIND,PEP,R10PAC_OECD,3.660515
Full,REMIND-MAgPIE 1.7-3.0,PEP-NetZero,High-RE,2C,REMIND,PEP,R10REF_ECON,12.87075
Full,REMIND-MAgPIE 1.7-3.0,PEP-NetZero,High-RE,2C,REMIND,PEP,R10REST_ASIA,57.52018
Full,REMIND-MAgPIE 1.7-3.0,PEP-NoPolicy,High-RE,2C,REMIND,PEP,Aggregated R10 regions,489.639315
Full,REMIND-MAgPIE 1.7-3.0,PEP-NoPolicy,High-RE,2C,REMIND,PEP,R10AFRICA,79.56326
Full,REMIND-MAgPIE 1.7-3.0,PEP-NoPolicy,High-RE,2C,REMIND,PEP,R10CHINA+,91.30613
Full,REMIND-MAgPIE 1.7-3.0,PEP-NoPolicy,High-RE,2C,REMIND,PEP,R10EUROPE,12.651685
Full,REMIND-MAgPIE 1.7-3.0,PEP-NoPolicy,High-RE,2C,REMIND,PEP,R10INDIA+,150.936145
Full,REMIND-MAgPIE 1.7-3.0,PEP-NoPolicy,High-RE,2C,REMIND,PEP,R10LATIN_AM,15.48934
Full,REMIND-MAgPIE 1.7-3.0,PEP-NoPolicy,High-RE,2C,REMIND,PEP,R10MIDDLE_EAST,46.83738
Full,REMIND-MAgPIE 1.7-3.0,PEP-NoPolicy,High-RE,2C,REMIND,PEP,R10NORTH_AM,12.203085
Full,REMIND-MAgPIE 1.7-3.0,PEP-NoPolicy,High-RE,2C,REMIND,PEP,R10PAC_OECD,3.74459
Full,REMIND-MAgPIE 1.7-3.0,PEP-NoPolicy,High-RE,2C,REMIND,PEP,R10REF_ECON,13.131255
Full,REMIND-MAgPIE 1.7-3.0,PEP-NoPolicy,High-RE,2C,REMIND,PEP,R10REST_ASIA,63.776445
Full,REMIND-MAgPIE 2.1-4.2,CEMICS-SSP2-Npi,High-RE,2C,REMIND,CEMICS,Aggregated R10 regions,512.93604
Full,REMIND-MAgPIE 2.1-4.2,CEMICS-SSP2-Npi,High-RE,2C,REMIND,CEMICS,R10AFRICA,79.569655
Full,REMIND-MAgPIE 2.1-4.2,CEMICS-SSP2-Npi,High-RE,2C,REMIND,CEMICS,R10CHINA+,85.747435
Full,REMIND-MAgPIE 2.1-4.2,CEMICS-SSP2-Npi,High-RE,2C,REMIND,CEMICS,R10EUROPE,11.255465
Full,REMIND-MAgPIE 2.1-4.2,CEMICS-SSP2-Npi,High-RE,2C,REMIND,CEMICS,R10INDIA+,176.06329
Full,REMIND-MAgPIE 2.1-4.2,CEMICS-SSP2-Npi,High-RE,2C,REMIND,CEMICS,R10LATIN_AM,15.08151
Full,REMIND-MAgPIE 2.1-4.2,CEMICS-SSP2-Npi,High-RE,2C,REMIND,CEMICS,R10MIDDLE_EAST,47.043815
Full,REMIND-MAgPIE 2.1-4.2,CEMICS-SSP2-Npi,High-RE,2C,REMIND,CEMICS,R10NORTH_AM,8.19346
Full,REMIND-MAgPIE 2.1-4.2,CEMICS-SSP2-Npi,High-RE,2C,REMIND,CEMICS,R10PAC_OECD,3.70215
Full,REMIND-MAgPIE 2.1-4.2,CEMICS-SSP2-Npi,High-RE,2C,REMIND,CEMICS,R10REF_ECON,13.39301
Full,REMIND-MAgPIE 2.1-4.2,CEMICS-SSP2-Npi,High-RE,2C,REMIND,CEMICS,R10REST_ASIA,72.88625
Full,REMIND-MAgPIE 2.1-4.2,ENGAGE-INDCi2030-1000,High-RE,2C,REMIND,ENGAGE,Aggregated R10 regions,423.186145
Full,REMIND-MAgPIE 2.1-4.2,ENGAGE-INDCi2030-1000,High-RE,2C,REMIND,ENGAGE,R10AFRICA,78.64757
Full,REMIND-MAgPIE 2.1-4.2,ENGAGE-INDCi2030-1000,High-RE,2C,REMIND,ENGAGE,R10CHINA+,78.84262
Full,REMIND-MAgPIE 2.1-4.2,ENGAGE-INDCi2030-1000,High-RE,2C,REMIND,ENGAGE,R10EUROPE,11.18013
Full,REMIND-MAgPIE 2.1-4.2,ENGAGE-INDCi2030-1000,High-RE,2C,REMIND,ENGAGE,R10INDIA+,109.044455
Full,REMIND-MAgPIE 2.1-4.2,ENGAGE-INDCi2030-1000,High-RE,2C,REMIND,ENGAGE,R10LATIN_AM,15.717465
Full,REMIND-MAgPIE 2.1-4.2,ENGAGE-INDCi2030-1000,High-RE,2C,REMIND,ENGAGE,R10MIDDLE_EAST,46.450445
Full,REMIND-MAgPIE 2.1-4.2,ENGAGE-INDCi2030-1000,High-RE,2C,REMIND,ENGAGE,R10NORTH_AM,8.92639
Full,REMIND-MAgPIE 2.1-4.2,ENGAGE-INDCi2030-1000,High-RE,2C,REMIND,ENGAGE,R10PAC_OECD,3.597845
Full,REMIND-MAgPIE 2.1-4.2,ENGAGE-INDCi2030-1000,High-RE,2C,REMIND,ENGAGE,R10REF_ECON,13.226735
Full,REMIND-MAgPIE 2.1-4.2,ENGAGE-INDCi2030-1000,High-RE,2C,REMIND,ENGAGE,R10REST_ASIA,57.55249
Full,REMIND-MAgPIE 2.1-4.2,ENGAGE-INDCi2030-1000-COV,High-RE,2C,REMIND,ENGAGE,Aggregated R10 regions,426.587395
Full,REMIND-MAgPIE 2.1-4.2,ENGAGE-INDCi2030-1000-COV,High-RE,2C,REMIND,ENGAGE,R10AFRICA,78.61378
Full,REMIND-MAgPIE 2.1-4.2,ENGAGE-INDCi2030-1000-COV,High-RE,2C,REMIND,ENGAGE,R10CHINA+,78.354655
Full,REMIND-MAgPIE 2.1-4.2,ENGAGE-INDCi2030-1000-COV,High-RE,2C,REMIND,ENGAGE,R10EUROPE,11.189935
Full,REMIND-MAgPIE 2.1-4.2,ENGAGE-INDCi2030-1000-COV,High-RE,2C,REMIND,ENGAGE,R10INDIA+,112.80883
Full,REMIND-MAgPIE 2.1-4.2,ENGAGE-INDCi2030-1000-COV,High-RE,2C,REMIND,ENGAGE,R10LATIN_AM,15.663805
Full,REMIND-MAgPIE 2.1-4.2,ENGAGE-INDCi2030-1000-COV,High-RE,2C,REMIND,ENGAGE,R10MIDDLE_EAST,46.331055
Full,REMIND-MAgPIE 2.1-4.2,ENGAGE-INDCi2030-1000-COV,High-RE,2C,REMIND,ENGAGE,R10NORTH_AM,8.92639
Full,REMIND-MAgPIE 2.1-4.2,ENGAGE-INDCi2030-1000-COV,High-RE,2C,REMIND,ENGAGE,R10PAC_OECD,3.603515
Full,REMIND-MAgPIE 2.1-4.2,ENGAGE-INDCi2030-1000-COV,High-RE,2C,REMIND,ENGAGE,R10REF_ECON,13.140815
Full,REMIND-MAgPIE 2.1-4.2,ENGAGE-INDCi2030-1000-COV,High-RE,2C,REMIND,ENGAGE,R10REST_ASIA,57.954615
Full,REMIND-MAgPIE 2.1-4.2,ENGAGE-INDCi2030-1000-COV-NDCp,High-RE,2C,REMIND,ENGAGE,Aggregated R10 regions,426.693635
Full,REMIND-MAgPIE 2.1-4.2,ENGAGE-INDCi2030-1000-COV-NDCp,High-RE,2C,REMIND,ENGAGE,R10AFRICA,78.61103
Full,REMIND-MAgPIE 2.1-4.2,ENGAGE-INDCi2030-1000-COV-NDCp,High-RE,2C,REMIND,ENGAGE,R10CHINA+,78.471025
Full,REMIND-MAgPIE 2.1-4.2,ENGAGE-INDCi2030-1000-COV-NDCp,High-RE,2C,REMIND,ENGAGE,R10EUROPE,11.139025
Full,REMIND-MAgPIE 2.1-4.2,ENGAGE-INDCi2030-1000-COV-NDCp,High-RE,2C,REMIND,ENGAGE,R10INDIA+,112.81562
Full,REMIND-MAgPIE 2.1-4.2,ENGAGE-INDCi2030-1000-COV-NDCp,High-RE,2C,REMIND,ENGAGE,R10LATIN_AM,15.673675
Full,REMIND-MAgPIE 2.1-4.2,ENGAGE-INDCi2030-1000-COV-NDCp,High-RE,2C,REMIND,ENGAGE,R10MIDDLE_EAST,46.345875
Full,REMIND-MAgPIE 2.1-4.2,ENGAGE-INDCi2030-1000-COV-NDCp,High-RE,2C,REMIND,ENGAGE,R10NORTH_AM,8.92639
Full,REMIND-MAgPIE 2.1-4.2,ENGAGE-INDCi2030-1000-COV-NDCp,High-RE,2C,REMIND,ENGAGE,R10PAC_OECD,3.603515
Full,REMIND-MAgPIE 2.1-4.2,ENGAGE-INDCi2030-1000-COV-NDCp,High-RE,2C,REMIND,ENGAGE,R10REF_ECON,13.140815
Full,REMIND-MAgPIE 2.1-4.2,ENGAGE-INDCi2030-1000-COV-NDCp,High-RE,2C,REMIND,ENGAGE,R10REST_ASIA,57.966665
Full,REMIND-MAgPIE 2.1-4.2,ENGAGE-INDCi2030-1000-NDCp,High-RE,2C,REMIND,ENGAGE,Aggregated R10 regions,423.265355
Full,REMIND-MAgPIE 2.1-4.2,ENGAGE-INDCi2030-1000-NDCp,High-RE,2C,REMIND,ENGAGE,R10AFRICA,78.64757
Full,REMIND-MAgPIE 2.1-4.2,ENGAGE-INDCi2030-1000-NDCp,High-RE,2C,REMIND,ENGAGE,R10CHINA+,78.89188
Full,REMIND-MAgPIE 2.1-4.2,ENGAGE-INDCi2030-1000-NDCp,High-RE,2C,REMIND,ENGAGE,R10EUROPE,11.15232
Full,REMIND-MAgPIE 2.1-4.2,ENGAGE-INDCi2030-1000-NDCp,High-RE,2C,REMIND,ENGAGE,R10INDIA+,109.091425
Full,REMIND-MAgPIE 2.1-4.2,ENGAGE-INDCi2030-1000-NDCp,High-RE,2C,REMIND,ENGAGE,R10LATIN_AM,15.722205
Full,REMIND-MAgPIE 2.1-4.2,ENGAGE-INDCi2030-1000-NDCp,High-RE,2C,REMIND,ENGAGE,R10MIDDLE_EAST,46.451095
Full,REMIND-MAgPIE 2.1-4.2,ENGAGE-INDCi2030-1000-NDCp,High-RE,2C,REMIND,ENGAGE,R10NORTH_AM,8.92639
Full,REMIND-MAgPIE 2.1-4.2,ENGAGE-INDCi2030-1000-NDCp,High-RE,2C,REMIND,ENGAGE,R10PAC_OECD,3.597845
Full,REMIND-MAgPIE 2.1-4.2,ENGAGE-INDCi2030-1000-NDCp,High-RE,2C,REMIND,ENGAGE,R10REF_ECON,13.222265
Full,REMIND-MAgPIE 2.1-4.2,ENGAGE-INDCi2030-1000-NDCp,High-RE,2C,REMIND,ENGAGE,R10REST_ASIA,57.56236
Full,REMIND-MAgPIE 2.1-4.2,ENGAGE-INDCi2030-1000f,High-RE,2C,REMIND,ENGAGE,Aggregated R10 regions,423.47321
Full,REMIND-MAgPIE 2.1-4.2,ENGAGE-INDCi2030-1000f,High-RE,2C,REMIND,ENGAGE,R10AFRICA,78.64757
Full,REMIND-MAgPIE 2.1-4.2,ENGAGE-INDCi2030-1000f,High-RE,2C,REMIND,ENGAGE,R10CHINA+,78.8422
Full,REMIND-MAgPIE 2.1-4.2,ENGAGE-INDCi2030-1000f,High-RE,2C,REMIND,ENGAGE,R10EUROPE,11.177975
Full,REMIND-MAgPIE 2.1-4.2,ENGAGE-INDCi2030-1000f,High-RE,2C,REMIND,ENGAGE,R10INDIA+,109.313325
Full,REMIND-MAgPIE 2.1-4.2,ENGAGE-INDCi2030-1000f,High-RE,2C,REMIND,ENGAGE,R10LATIN_AM,15.717465
Full,REMIND-MAgPIE 2.1-4.2,ENGAGE-INDCi2030-1000f,High-RE,2C,REMIND,ENGAGE,R10MIDDLE_EAST,46.453645
Full,REMIND-MAgPIE 2.1-4.2,ENGAGE-INDCi2030-1000f,High-RE,2C,REMIND,ENGAGE,R10NORTH_AM,8.92639
Full,REMIND-MAgPIE 2.1-4.2,ENGAGE-INDCi2030-1000f,High-RE,2C,REMIND,ENGAGE,R10PAC_OECD,3.597845
Full,REMIND-MAgPIE 2.1-4.2,ENGAGE-INDCi2030-1000f,High-RE,2C,REMIND,ENGAGE,R10REF_ECON,13.225755
Full,REMIND-MAgPIE 2.1-4.2,ENGAGE-INDCi2030-1000f,High-RE,2C,REMIND,ENGAGE,R10REST_ASIA,57.571040000000004
Full,REMIND-MAgPIE 2.1-4.2,ENGAGE-INDCi2030-1000f-COV,High-RE,2C,REMIND,ENGAGE,Aggregated R10 regions,426.197655
Full,REMIND-MAgPIE 2.1-4.2,ENGAGE-INDCi2030-1000f-COV,High-RE,2C,REMIND,ENGAGE,R10AFRICA,78.61378
Full,REMIND-MAgPIE 2.1-4.2,ENGAGE-INDCi2030-1000f-COV,High-RE,2C,REMIND,ENGAGE,R10CHINA+,78.405345
Full,REMIND-MAgPIE 2.1-4.2,ENGAGE-INDCi2030-1000f-COV,High-RE,2C,REMIND,ENGAGE,R10EUROPE,11.186135
Full,REMIND-MAgPIE 2.1-4.2,ENGAGE-INDCi2030-1000f-COV,High-RE,2C,REMIND,ENGAGE,R10INDIA+,112.419585
Full,REMIND-MAgPIE 2.1-4.2,ENGAGE-INDCi2030-1000f-COV,High-RE,2C,REMIND,ENGAGE,R10LATIN_AM,15.666555
Full,REMIND-MAgPIE 2.1-4.2,ENGAGE-INDCi2030-1000f-COV,High-RE,2C,REMIND,ENGAGE,R10MIDDLE_EAST,46.32949
Full,REMIND-MAgPIE 2.1-4.2,ENGAGE-INDCi2030-1000f-COV,High-RE,2C,REMIND,ENGAGE,R10NORTH_AM,8.92639
Full,REMIND-MAgPIE 2.1-4.2,ENGAGE-INDCi2030-1000f-COV,High-RE,2C,REMIND,ENGAGE,R10PAC_OECD,3.603515
Full,REMIND-MAgPIE 2.1-4.2,ENGAGE-INDCi2030-1000f-COV,High-RE,2C,REMIND,ENGAGE,R10REF_ECON,13.153165
Full,REMIND-MAgPIE 2.1-4.2,ENGAGE-INDCi2030-1000f-COV,High-RE,2C,REMIND,ENGAGE,R10REST_ASIA,57.893695
Full,REMIND-MAgPIE 2.1-4.2,ENGAGE-INDCi2030-1000f-COV-NDCp,High-RE,2C,REMIND,ENGAGE,Aggregated R10 regions,426.66119
Full,REMIND-MAgPIE 2.1-4.2,ENGAGE-INDCi2030-1000f-COV-NDCp,High-RE,2C,REMIND,ENGAGE,R10AFRICA,78.61103
Full,REMIND-MAgPIE 2.1-4.2,ENGAGE-INDCi2030-1000f-COV-NDCp,High-RE,2C,REMIND,ENGAGE,R10CHINA+,78.409285
Full,REMIND-MAgPIE 2.1-4.2,ENGAGE-INDCi2030-1000f-COV-NDCp,High-RE,2C,REMIND,ENGAGE,R10EUROPE,11.139025
Full,REMIND-MAgPIE 2.1-4.2,ENGAGE-INDCi2030-1000f-COV-NDCp,High-RE,2C,REMIND,ENGAGE,R10INDIA+,112.783445
Full,REMIND-MAgPIE 2.1-4.2,ENGAGE-INDCi2030-1000f-COV-NDCp,High-RE,2C,REMIND,ENGAGE,R10LATIN_AM,15.679405
Full,REMIND-MAgPIE 2.1-4.2,ENGAGE-INDCi2030-1000f-COV-NDCp,High-RE,2C,REMIND,ENGAGE,R10MIDDLE_EAST,46.342905
Full,REMIND-MAgPIE 2.1-4.2,ENGAGE-INDCi2030-1000f-COV-NDCp,High-RE,2C,REMIND,ENGAGE,R10NORTH_AM,8.9413
Full,REMIND-MAgPIE 2.1-4.2,ENGAGE-INDCi2030-1000f-COV-NDCp,High-RE,2C,REMIND,ENGAGE,R10PAC_OECD,3.603515
Full,REMIND-MAgPIE 2.1-4.2,ENGAGE-INDCi2030-1000f-COV-NDCp,High-RE,2C,REMIND,ENGAGE,R10REF_ECON,13.155825
Full,REMIND-MAgPIE 2.1-4.2,ENGAGE-INDCi2030-1000f-COV-NDCp,High-RE,2C,REMIND,ENGAGE,R10REST_ASIA,57.995455
Full,REMIND-MAgPIE 2.1-4.2,ENGAGE-INDCi2030-1000f-NDCp,High-RE,2C,REMIND,ENGAGE,Aggregated R10 regions,423.69978
Full,REMIND-MAgPIE 2.1-4.2,ENGAGE-INDCi2030-1000f-NDCp,High-RE,2C,REMIND,ENGAGE,R10AFRICA,78.64757
Full,REMIND-MAgPIE 2.1-4.2,ENGAGE-INDCi2030-1000f-NDCp,High-RE,2C,REMIND,ENGAGE,R10CHINA+,78.88991
Full,REMIND-MAgPIE 2.1-4.2,ENGAGE-INDCi2030-1000f-NDCp,High-RE,2C,REMIND,ENGAGE,R10EUROPE,11.151285
Full,REMIND-MAgPIE 2.1-4.2,ENGAGE-INDCi2030-1000f-NDCp,High-RE,2C,REMIND,ENGAGE,R10INDIA+,109.463715
Full,REMIND-MAgPIE 2.1-4.2,ENGAGE-INDCi2030-1000f-NDCp,High-RE,2C,REMIND,ENGAGE,R10LATIN_AM,15.717465
Full,REMIND-MAgPIE 2.1-4.2,ENGAGE-INDCi2030-1000f-NDCp,High-RE,2C,REMIND,ENGAGE,R10MIDDLE_EAST,46.455995
Full,REMIND-MAgPIE 2.1-4.2,ENGAGE-INDCi2030-1000f-NDCp,High-RE,2C,REMIND,ENGAGE,R10NORTH_AM,8.92639
Full,REMIND-MAgPIE 2.1-4.2,ENGAGE-INDCi2030-1000f-NDCp,High-RE,2C,REMIND,ENGAGE,R10PAC_OECD,3.603515
Full,REMIND-MAgPIE 2.1-4.2,ENGAGE-INDCi2030-1000f-NDCp,High-RE,2C,REMIND,ENGAGE,R10REF_ECON,13.221285
Full,REMIND-MAgPIE 2.1-4.2,ENGAGE-INDCi2030-1000f-NDCp,High-RE,2C,REMIND,ENGAGE,R10REST_ASIA,57.62265
Full,REMIND-MAgPIE 2.1-4.2,ENGAGE-INDCi2030-1200,High-RE,2C,REMIND,ENGAGE,Aggregated R10 regions,428.70355
Full,REMIND-MAgPIE 2.1-4.2,ENGAGE-INDCi2030-1200,High-RE,2C,REMIND,ENGAGE,R10AFRICA,78.73861
Full,REMIND-MAgPIE 2.1-4.2,ENGAGE-INDCi2030-1200,High-RE,2C,REMIND,ENGAGE,R10CHINA+,79.25968
Full,REMIND-MAgPIE 2.1-4.2,ENGAGE-INDCi2030-1200,High-RE,2C,REMIND,ENGAGE,R10EUROPE,11.18624
Full,REMIND-MAgPIE 2.1-4.2,ENGAGE-INDCi2030-1200,High-RE,2C,REMIND,ENGAGE,R10INDIA+,113.228935
Full,REMIND-MAgPIE 2.1-4.2,ENGAGE-INDCi2030-1200,High-RE,2C,REMIND,ENGAGE,R10LATIN_AM,15.709905
Full,REMIND-MAgPIE 2.1-4.2,ENGAGE-INDCi2030-1200,High-RE,2C,REMIND,ENGAGE,R10MIDDLE_EAST,46.537025
Full,REMIND-MAgPIE 2.1-4.2,ENGAGE-INDCi2030-1200,High-RE,2C,REMIND,ENGAGE,R10NORTH_AM,8.9413
Full,REMIND-MAgPIE 2.1-4.2,ENGAGE-INDCi2030-1200,High-RE,2C,REMIND,ENGAGE,R10PAC_OECD,3.609205
Full,REMIND-MAgPIE 2.1-4.2,ENGAGE-INDCi2030-1200,High-RE,2C,REMIND,ENGAGE,R10REF_ECON,13.234505
Full,REMIND-MAgPIE 2.1-4.2,ENGAGE-INDCi2030-1200,High-RE,2C,REMIND,ENGAGE,R10REST_ASIA,58.258145
Full,REMIND-MAgPIE 2.1-4.2,ENGAGE-INDCi2030-1200f,High-RE,2C,REMIND,ENGAGE,Aggregated R10 regions,428.661895
Full,REMIND-MAgPIE 2.1-4.2,ENGAGE-INDCi2030-1200f,High-RE,2C,REMIND,ENGAGE,R10AFRICA,78.759245
Full,REMIND-MAgPIE 2.1-4.2,ENGAGE-INDCi2030-1200f,High-RE,2C,REMIND,ENGAGE,R10CHINA+,79.25968
Full,REMIND-MAgPIE 2.1-4.2,ENGAGE-INDCi2030-1200f,High-RE,2C,REMIND,ENGAGE,R10EUROPE,11.18624
Full,REMIND-MAgPIE 2.1-4.2,ENGAGE-INDCi2030-1200f,High-RE,2C,REMIND,ENGAGE,R10INDIA+,113.186735
Full,REMIND-MAgPIE 2.1-4.2,ENGAGE-INDCi2030-1200f,High-RE,2C,REMIND,ENGAGE,R10LATIN_AM,15.709905
Full,REMIND-MAgPIE 2.1-4.2,ENGAGE-INDCi2030-1200f,High-RE,2C,REMIND,ENGAGE,R10MIDDLE_EAST,46.537025
Full,REMIND-MAgPIE 2.1-4.2,ENGAGE-INDCi2030-1200f,High-RE,2C,REMIND,ENGAGE,R10NORTH_AM,8.9413
Full,REMIND-MAgPIE 2.1-4.2,ENGAGE-INDCi2030-1200f,High-RE,2C,REMIND,ENGAGE,R10PAC_OECD,3.609205
Full,REMIND-MAgPIE 2.1-4.2,ENGAGE-INDCi2030-1200f,High-RE,2C,REMIND,ENGAGE,R10REF_ECON,13.234505
Full,REMIND-MAgPIE 2.1-4.2,ENGAGE-INDCi2030-1200f,High-RE,2C,REMIND,ENGAGE,R10REST_ASIA,58.238055
Full,REMIND-MAgPIE 2.1-4.2,ENGAGE-INDCi2030-1400,High-RE,2C,REMIND,ENGAGE,Aggregated R10 regions,434.137855
Full,REMIND-MAgPIE 2.1-4.2,ENGAGE-INDCi2030-1400,High-RE,2C,REMIND,ENGAGE,R10AFRICA,78.796635
Full,REMIND-MAgPIE 2.1-4.2,ENGAGE-INDCi2030-1400,High-RE,2C,REMIND,ENGAGE,R10CHINA+,79.83347
Full,REMIND-MAgPIE 2.1-4.2,ENGAGE-INDCi2030-1400,High-RE,2C,REMIND,ENGAGE,R10EUROPE,11.19978
Full,REMIND-MAgPIE 2.1-4.2,ENGAGE-INDCi2030-1400,High-RE,2C,REMIND,ENGAGE,R10INDIA+,117.198135
Full,REMIND-MAgPIE 2.1-4.2,ENGAGE-INDCi2030-1400,High-RE,2C,REMIND,ENGAGE,R10LATIN_AM,15.722175
Full,REMIND-MAgPIE 2.1-4.2,ENGAGE-INDCi2030-1400,High-RE,2C,REMIND,ENGAGE,R10MIDDLE_EAST,46.63565
Full,REMIND-MAgPIE 2.1-4.2,ENGAGE-INDCi2030-1400,High-RE,2C,REMIND,ENGAGE,R10NORTH_AM,8.95834
Full,REMIND-MAgPIE 2.1-4.2,ENGAGE-INDCi2030-1400,High-RE,2C,REMIND,ENGAGE,R10PAC_OECD,3.610475
Full,REMIND-MAgPIE 2.1-4.2,ENGAGE-INDCi2030-1400,High-RE,2C,REMIND,ENGAGE,R10REF_ECON,13.242305
Full,REMIND-MAgPIE 2.1-4.2,ENGAGE-INDCi2030-1400,High-RE,2C,REMIND,ENGAGE,R10REST_ASIA,58.94089
Full,REMIND-MAgPIE 2.1-4.2,ENGAGE-INDCi2030-1400f,High-RE,2C,REMIND,ENGAGE,Aggregated R10 regions,434.137855
Full,REMIND-MAgPIE 2.1-4.2,ENGAGE-INDCi2030-1400f,High-RE,2C,REMIND,ENGAGE,R10AFRICA,78.796635
Full,REMIND-MAgPIE 2.1-4.2,ENGAGE-INDCi2030-1400f,High-RE,2C,REMIND,ENGAGE,R10CHINA+,79.83347
Full,REMIND-MAgPIE 2.1-4.2,ENGAGE-INDCi2030-1400f,High-RE,2C,REMIND,ENGAGE,R10EUROPE,11.19978
Full,REMIND-MAgPIE 2.1-4.2,ENGAGE-INDCi2030-1400f,High-RE,2C,REMIND,ENGAGE,R10INDIA+,117.198135
Full,REMIND-MAgPIE 2.1-4.2,ENGAGE-INDCi2030-1400f,High-RE,2C,REMIND,ENGAGE,R10LATIN_AM,15.722175
Full,REMIND-MAgPIE 2.1-4.2,ENGAGE-INDCi2030-1400f,High-RE,2C,REMIND,ENGAGE,R10MIDDLE_EAST,46.63565
Full,REMIND-MAgPIE 2.1-4.2,ENGAGE-INDCi2030-1400f,High-RE,2C,REMIND,ENGAGE,R10NORTH_AM,8.95834
Full,REMIND-MAgPIE 2.1-4.2,ENGAGE-INDCi2030-1400f,High-RE,2C,REMIND,ENGAGE,R10PAC_OECD,3.610475
Full,REMIND-MAgPIE 2.1-4.2,ENGAGE-INDCi2030-1400f,High-RE,2C,REMIND,ENGAGE,R10REF_ECON,13.242305
Full,REMIND-MAgPIE 2.1-4.2,ENGAGE-INDCi2030-1400f,High-RE,2C,REMIND,ENGAGE,R10REST_ASIA,58.94089
Full,REMIND-MAgPIE 2.1-4.2,ENGAGE-INDCi2030-1600,High-RE,2C,REMIND,ENGAGE,Aggregated R10 regions,438.157805
Full,REMIND-MAgPIE 2.1-4.2,ENGAGE-INDCi2030-1600,High-RE,2C,REMIND,ENGAGE,R10AFRICA,78.857265
Full,REMIND-MAgPIE 2.1-4.2,ENGAGE-INDCi2030-1600,High-RE,2C,REMIND,ENGAGE,R10CHINA+,80.317235
Full,REMIND-MAgPIE 2.1-4.2,ENGAGE-INDCi2030-1600,High-RE,2C,REMIND,ENGAGE,R10EUROPE,11.275025
Full,REMIND-MAgPIE 2.1-4.2,ENGAGE-INDCi2030-1600,High-RE,2C,REMIND,ENGAGE,R10INDIA+,119.801655
Full,REMIND-MAgPIE 2.1-4.2,ENGAGE-INDCi2030-1600,High-RE,2C,REMIND,ENGAGE,R10LATIN_AM,15.736255
Full,REMIND-MAgPIE 2.1-4.2,ENGAGE-INDCi2030-1600,High-RE,2C,REMIND,ENGAGE,R10MIDDLE_EAST,46.70555
Full,REMIND-MAgPIE 2.1-4.2,ENGAGE-INDCi2030-1600,High-RE,2C,REMIND,ENGAGE,R10NORTH_AM,8.95834
Full,REMIND-MAgPIE 2.1-4.2,ENGAGE-INDCi2030-1600,High-RE,2C,REMIND,ENGAGE,R10PAC_OECD,3.621505
Full,REMIND-MAgPIE 2.1-4.2,ENGAGE-INDCi2030-1600,High-RE,2C,REMIND,ENGAGE,R10REF_ECON,13.262005
Full,REMIND-MAgPIE 2.1-4.2,ENGAGE-INDCi2030-1600,High-RE,2C,REMIND,ENGAGE,R10REST_ASIA,59.62297
Full,REMIND-MAgPIE 2.1-4.2,ENGAGE-INDCi2030-1600f,High-RE,2C,REMIND,ENGAGE,Aggregated R10 regions,438.157805
Full,REMIND-MAgPIE 2.1-4.2,ENGAGE-INDCi2030-1600f,High-RE,2C,REMIND,ENGAGE,R10AFRICA,78.857265
Full,REMIND-MAgPIE 2.1-4.2,ENGAGE-INDCi2030-1600f,High-RE,2C,REMIND,ENGAGE,R10CHINA+,80.317235
Full,REMIND-MAgPIE 2.1-4.2,ENGAGE-INDCi2030-1600f,High-RE,2C,REMIND,ENGAGE,R10EUROPE,11.275025
Full,REMIND-MAgPIE 2.1-4.2,ENGAGE-INDCi2030-1600f,High-RE,2C,REMIND,ENGAGE,R10INDIA+,119.801655
Full,REMIND-MAgPIE 2.1-4.2,ENGAGE-INDCi2030-1600f,High-RE,2C,REMIND,ENGAGE,R10LATIN_AM,15.736255
Full,REMIND-MAgPIE 2.1-4.2,ENGAGE-INDCi2030-1600f,High-RE,2C,REMIND,ENGAGE,R10MIDDLE_EAST,46.70555
Full,REMIND-MAgPIE 2.1-4.2,ENGAGE-INDCi2030-1600f,High-RE,2C,REMIND,ENGAGE,R10NORTH_AM,8.95834
Full,REMIND-MAgPIE 2.1-4.2,ENGAGE-INDCi2030-1600f,High-RE,2C,REMIND,ENGAGE,R10PAC_OECD,3.621505
Full,REMIND-MAgPIE 2.1-4.2,ENGAGE-INDCi2030-1600f,High-RE,2C,REMIND,ENGAGE,R10REF_ECON,13.262005
Full,REMIND-MAgPIE 2.1-4.2,ENGAGE-INDCi2030-1600f,High-RE,2C,REMIND,ENGAGE,R10REST_ASIA,59.62297
Full,REMIND-MAgPIE 2.1-4.2,ENGAGE-INDCi2030-1800,High-RE,2C,REMIND,ENGAGE,Aggregated R10 regions,445.4967
Full,REMIND-MAgPIE 2.1-4.2,ENGAGE-INDCi2030-1800,High-RE,2C,REMIND,ENGAGE,R10AFRICA,79.161205
Full,REMIND-MAgPIE 2.1-4.2,ENGAGE-INDCi2030-1800,High-RE,2C,REMIND,ENGAGE,R10CHINA+,81.113485
Full,REMIND-MAgPIE 2.1-4.2,ENGAGE-INDCi2030-1800,High-RE,2C,REMIND,ENGAGE,R10EUROPE,11.34789
Full,REMIND-MAgPIE 2.1-4.2,ENGAGE-INDCi2030-1800,High-RE,2C,REMIND,ENGAGE,R10INDIA+,124.658095
Full,REMIND-MAgPIE 2.1-4.2,ENGAGE-INDCi2030-1800,High-RE,2C,REMIND,ENGAGE,R10LATIN_AM,15.775295
Full,REMIND-MAgPIE 2.1-4.2,ENGAGE-INDCi2030-1800,High-RE,2C,REMIND,ENGAGE,R10MIDDLE_EAST,46.80578
Full,REMIND-MAgPIE 2.1-4.2,ENGAGE-INDCi2030-1800,High-RE,2C,REMIND,ENGAGE,R10NORTH_AM,8.9969
Full,REMIND-MAgPIE 2.1-4.2,ENGAGE-INDCi2030-1800,High-RE,2C,REMIND,ENGAGE,R10PAC_OECD,3.63127
Full,REMIND-MAgPIE 2.1-4.2,ENGAGE-INDCi2030-1800,High-RE,2C,REMIND,ENGAGE,R10REF_ECON,13.297865
Full,REMIND-MAgPIE 2.1-4.2,ENGAGE-INDCi2030-1800,High-RE,2C,REMIND,ENGAGE,R10REST_ASIA,60.708915
Full,REMIND-MAgPIE 2.1-4.2,ENGAGE-INDCi2030-1800f,High-RE,2C,REMIND,ENGAGE,Aggregated R10 regions,445.4967
Full,REMIND-MAgPIE 2.1-4.2,ENGAGE-INDCi2030-1800f,High-RE,2C,REMIND,ENGAGE,R10AFRICA,79.161205
Full,REMIND-MAgPIE 2.1-4.2,ENGAGE-INDCi2030-1800f,High-RE,2C,REMIND,ENGAGE,R10CHINA+,81.113485
Full,REMIND-MAgPIE 2.1-4.2,ENGAGE-INDCi2030-1800f,High-RE,2C,REMIND,ENGAGE,R10EUROPE,11.34789
Full,REMIND-MAgPIE 2.1-4.2,ENGAGE-INDCi2030-1800f,High-RE,2C,REMIND,ENGAGE,R10INDIA+,124.658095
Full,REMIND-MAgPIE 2.1-4.2,ENGAGE-INDCi2030-1800f,High-RE,2C,REMIND,ENGAGE,R10LATIN_AM,15.775295
Full,REMIND-MAgPIE 2.1-4.2,ENGAGE-INDCi2030-1800f,High-RE,2C,REMIND,ENGAGE,R10MIDDLE_EAST,46.80578
Full,REMIND-MAgPIE 2.1-4.2,ENGAGE-INDCi2030-1800f,High-RE,2C,REMIND,ENGAGE,R10NORTH_AM,8.9969
Full,REMIND-MAgPIE 2.1-4.2,ENGAGE-INDCi2030-1800f,High-RE,2C,REMIND,ENGAGE,R10PAC_OECD,3.63127
Full,REMIND-MAgPIE 2.1-4.2,ENGAGE-INDCi2030-1800f,High-RE,2C,REMIND,ENGAGE,R10REF_ECON,13.297865
Full,REMIND-MAgPIE 2.1-4.2,ENGAGE-INDCi2030-1800f,High-RE,2C,REMIND,ENGAGE,R10REST_ASIA,60.708915
Full,REMIND-MAgPIE 2.1-4.2,ENGAGE-INDCi2030-2000,High-RE,2C,REMIND,ENGAGE,Aggregated R10 regions,443.730545
Full,REMIND-MAgPIE 2.1-4.2,ENGAGE-INDCi2030-2000,High-RE,2C,REMIND,ENGAGE,R10AFRICA,78.892315
Full,REMIND-MAgPIE 2.1-4.2,ENGAGE-INDCi2030-2000,High-RE,2C,REMIND,ENGAGE,R10CHINA+,78.53772
Full,REMIND-MAgPIE 2.1-4.2,ENGAGE-INDCi2030-2000,High-RE,2C,REMIND,ENGAGE,R10EUROPE,10.904545
Full,REMIND-MAgPIE 2.1-4.2,ENGAGE-INDCi2030-2000,High-RE,2C,REMIND,ENGAGE,R10INDIA+,128.071345
Full,REMIND-MAgPIE 2.1-4.2,ENGAGE-INDCi2030-2000,High-RE,2C,REMIND,ENGAGE,R10LATIN_AM,14.64484
Full,REMIND-MAgPIE 2.1-4.2,ENGAGE-INDCi2030-2000,High-RE,2C,REMIND,ENGAGE,R10MIDDLE_EAST,46.59787
Full,REMIND-MAgPIE 2.1-4.2,ENGAGE-INDCi2030-2000,High-RE,2C,REMIND,ENGAGE,R10NORTH_AM,8.09769
Full,REMIND-MAgPIE 2.1-4.2,ENGAGE-INDCi2030-2000,High-RE,2C,REMIND,ENGAGE,R10PAC_OECD,3.636235
Full,REMIND-MAgPIE 2.1-4.2,ENGAGE-INDCi2030-2000,High-RE,2C,REMIND,ENGAGE,R10REF_ECON,13.302285
Full,REMIND-MAgPIE 2.1-4.2,ENGAGE-INDCi2030-2000,High-RE,2C,REMIND,ENGAGE,R10REST_ASIA,61.0457
Full,REMIND-MAgPIE 2.1-4.2,ENGAGE-INDCi2030-2000f,High-RE,2C,REMIND,ENGAGE,Aggregated R10 regions,443.3557
Full,REMIND-MAgPIE 2.1-4.2,ENGAGE-INDCi2030-2000f,High-RE,2C,REMIND,ENGAGE,R10AFRICA,78.889765
Full,REMIND-MAgPIE 2.1-4.2,ENGAGE-INDCi2030-2000f,High-RE,2C,REMIND,ENGAGE,R10CHINA+,78.55098
Full,REMIND-MAgPIE 2.1-4.2,ENGAGE-INDCi2030-2000f,High-RE,2C,REMIND,ENGAGE,R10EUROPE,10.907705
Full,REMIND-MAgPIE 2.1-4.2,ENGAGE-INDCi2030-2000f,High-RE,2C,REMIND,ENGAGE,R10INDIA+,127.79304
Full,REMIND-MAgPIE 2.1-4.2,ENGAGE-INDCi2030-2000f,High-RE,2C,REMIND,ENGAGE,R10LATIN_AM,14.63647
Full,REMIND-MAgPIE 2.1-4.2,ENGAGE-INDCi2030-2000f,High-RE,2C,REMIND,ENGAGE,R10MIDDLE_EAST,46.60767
Full,REMIND-MAgPIE 2.1-4.2,ENGAGE-INDCi2030-2000f,High-RE,2C,REMIND,ENGAGE,R10NORTH_AM,8.09769
Full,REMIND-MAgPIE 2.1-4.2,ENGAGE-INDCi2030-2000f,High-RE,2C,REMIND,ENGAGE,R10PAC_OECD,3.63313
Full,REMIND-MAgPIE 2.1-4.2,ENGAGE-INDCi2030-2000f,High-RE,2C,REMIND,ENGAGE,R10REF_ECON,13.302285
Full,REMIND-MAgPIE 2.1-4.2,ENGAGE-INDCi2030-2000f,High-RE,2C,REMIND,ENGAGE,R10REST_ASIA,60.936965
Full,REMIND-MAgPIE 2.1-4.2,ENGAGE-INDCi2030-2500,High-RE,2C,REMIND,ENGAGE,Aggregated R10 regions,451.09494
Full,REMIND-MAgPIE 2.1-4.2,ENGAGE-INDCi2030-2500,High-RE,2C,REMIND,ENGAGE,R10AFRICA,78.96409
Full,REMIND-MAgPIE 2.1-4.2,ENGAGE-INDCi2030-2500,High-RE,2C,REMIND,ENGAGE,R10CHINA+,79.539325
Full,REMIND-MAgPIE 2.1-4.2,ENGAGE-INDCi2030-2500,High-RE,2C,REMIND,ENGAGE,R10EUROPE,10.999415
Full,REMIND-MAgPIE 2.1-4.2,ENGAGE-INDCi2030-2500,High-RE,2C,REMIND,ENGAGE,R10INDIA+,133.03344
Full,REMIND-MAgPIE 2.1-4.2,ENGAGE-INDCi2030-2500,High-RE,2C,REMIND,ENGAGE,R10LATIN_AM,14.68934
Full,REMIND-MAgPIE 2.1-4.2,ENGAGE-INDCi2030-2500,High-RE,2C,REMIND,ENGAGE,R10MIDDLE_EAST,46.697465
Full,REMIND-MAgPIE 2.1-4.2,ENGAGE-INDCi2030-2500,High-RE,2C,REMIND,ENGAGE,R10NORTH_AM,8.13021
Full,REMIND-MAgPIE 2.1-4.2,ENGAGE-INDCi2030-2500,High-RE,2C,REMIND,ENGAGE,R10PAC_OECD,3.64679
Full,REMIND-MAgPIE 2.1-4.2,ENGAGE-INDCi2030-2500,High-RE,2C,REMIND,ENGAGE,R10REF_ECON,13.323755
Full,REMIND-MAgPIE 2.1-4.2,ENGAGE-INDCi2030-2500,High-RE,2C,REMIND,ENGAGE,R10REST_ASIA,62.07111
Full,REMIND-MAgPIE 2.1-4.2,ENGAGE-INDCi2030-2500f,High-RE,2C,REMIND,ENGAGE,Aggregated R10 regions,451.09494
Full,REMIND-MAgPIE 2.1-4.2,ENGAGE-INDCi2030-2500f,High-RE,2C,REMIND,ENGAGE,R10AFRICA,78.96409
Full,REMIND-MAgPIE 2.1-4.2,ENGAGE-INDCi2030-2500f,High-RE,2C,REMIND,ENGAGE,R10CHINA+,79.539325
Full,REMIND-MAgPIE 2.1-4.2,ENGAGE-INDCi2030-2500f,High-RE,2C,REMIND,ENGAGE,R10EUROPE,10.999415
Full,REMIND-MAgPIE 2.1-4.2,ENGAGE-INDCi2030-2500f,High-RE,2C,REMIND,ENGAGE,R10INDIA+,133.03344
Full,REMIND-MAgPIE 2.1-4.2,ENGAGE-INDCi2030-2500f,High-RE,2C,REMIND,ENGAGE,R10LATIN_AM,14.68934
Full,REMIND-MAgPIE 2.1-4.2,ENGAGE-INDCi2030-2500f,High-RE,2C,REMIND,ENGAGE,R10MIDDLE_EAST,46.697465
Full,REMIND-MAgPIE 2.1-4.2,ENGAGE-INDCi2030-2500f,High-RE,2C,REMIND,ENGAGE,R10NORTH_AM,8.13021
Full,REMIND-MAgPIE 2.1-4.2,ENGAGE-INDCi2030-2500f,High-RE,2C,REMIND,ENGAGE,R10PAC_OECD,3.64679
Full,REMIND-MAgPIE 2.1-4.2,ENGAGE-INDCi2030-2500f,High-RE,2C,REMIND,ENGAGE,R10REF_ECON,13.323755
Full,REMIND-MAgPIE 2.1-4.2,ENGAGE-INDCi2030-2500f,High-RE,2C,REMIND,ENGAGE,R10REST_ASIA,62.07111
Full,REMIND-MAgPIE 2.1-4.2,ENGAGE-INDCi2030-3000,High-RE,2C,REMIND,ENGAGE,Aggregated R10 regions,460.36252
Full,REMIND-MAgPIE 2.1-4.2,ENGAGE-INDCi2030-3000,High-RE,2C,REMIND,ENGAGE,R10AFRICA,79.03224
Full,REMIND-MAgPIE 2.1-4.2,ENGAGE-INDCi2030-3000,High-RE,2C,REMIND,ENGAGE,R10CHINA+,80.714825
Full,REMIND-MAgPIE 2.1-4.2,ENGAGE-INDCi2030-3000,High-RE,2C,REMIND,ENGAGE,R10EUROPE,11.1434
Full,REMIND-MAgPIE 2.1-4.2,ENGAGE-INDCi2030-3000,High-RE,2C,REMIND,ENGAGE,R10INDIA+,139.381695
Full,REMIND-MAgPIE 2.1-4.2,ENGAGE-INDCi2030-3000,High-RE,2C,REMIND,ENGAGE,R10LATIN_AM,14.73754
Full,REMIND-MAgPIE 2.1-4.2,ENGAGE-INDCi2030-3000,High-RE,2C,REMIND,ENGAGE,R10MIDDLE_EAST,46.780825
Full,REMIND-MAgPIE 2.1-4.2,ENGAGE-INDCi2030-3000,High-RE,2C,REMIND,ENGAGE,R10NORTH_AM,8.14921
Full,REMIND-MAgPIE 2.1-4.2,ENGAGE-INDCi2030-3000,High-RE,2C,REMIND,ENGAGE,R10PAC_OECD,3.65515
Full,REMIND-MAgPIE 2.1-4.2,ENGAGE-INDCi2030-3000,High-RE,2C,REMIND,ENGAGE,R10REF_ECON,13.350815
Full,REMIND-MAgPIE 2.1-4.2,ENGAGE-INDCi2030-3000,High-RE,2C,REMIND,ENGAGE,R10REST_ASIA,63.41682
Full,REMIND-MAgPIE 2.1-4.2,ENGAGE-INDCi2030-3000f,High-RE,2C,REMIND,ENGAGE,Aggregated R10 regions,460.35509
Full,REMIND-MAgPIE 2.1-4.2,ENGAGE-INDCi2030-3000f,High-RE,2C,REMIND,ENGAGE,R10AFRICA,79.03224
Full,REMIND-MAgPIE 2.1-4.2,ENGAGE-INDCi2030-3000f,High-RE,2C,REMIND,ENGAGE,R10CHINA+,80.711535
Full,REMIND-MAgPIE 2.1-4.2,ENGAGE-INDCi2030-3000f,High-RE,2C,REMIND,ENGAGE,R10EUROPE,11.1434
Full,REMIND-MAgPIE 2.1-4.2,ENGAGE-INDCi2030-3000f,High-RE,2C,REMIND,ENGAGE,R10INDIA+,139.381695
Full,REMIND-MAgPIE 2.1-4.2,ENGAGE-INDCi2030-3000f,High-RE,2C,REMIND,ENGAGE,R10LATIN_AM,14.73754
Full,REMIND-MAgPIE 2.1-4.2,ENGAGE-INDCi2030-3000f,High-RE,2C,REMIND,ENGAGE,R10MIDDLE_EAST,46.776685
Full,REMIND-MAgPIE 2.1-4.2,ENGAGE-INDCi2030-3000f,High-RE,2C,REMIND,ENGAGE,R10NORTH_AM,8.14921
Full,REMIND-MAgPIE 2.1-4.2,ENGAGE-INDCi2030-3000f,High-RE,2C,REMIND,ENGAGE,R10PAC_OECD,3.65515
Full,REMIND-MAgPIE 2.1-4.2,ENGAGE-INDCi2030-3000f,High-RE,2C,REMIND,ENGAGE,R10REF_ECON,13.350815
Full,REMIND-MAgPIE 2.1-4.2,ENGAGE-INDCi2030-3000f,High-RE,2C,REMIND,ENGAGE,R10REST_ASIA,63.41682
Full,REMIND-MAgPIE 2.1-4.2,ENGAGE-INDCi2030-300f,High-RE,1.5C,REMIND,ENGAGE,Aggregated R10 regions,418.15534
Full,REMIND-MAgPIE 2.1-4.2,ENGAGE-INDCi2030-300f,High-RE,1.5C,REMIND,ENGAGE,R10AFRICA,78.561475
Full,REMIND-MAgPIE 2.1-4.2,ENGAGE-INDCi2030-300f,High-RE,1.5C,REMIND,ENGAGE,R10CHINA+,78.45661
Full,REMIND-MAgPIE 2.1-4.2,ENGAGE-INDCi2030-300f,High-RE,1.5C,REMIND,ENGAGE,R10EUROPE,11.160875
Full,REMIND-MAgPIE 2.1-4.2,ENGAGE-INDCi2030-300f,High-RE,1.5C,REMIND,ENGAGE,R10INDIA+,105.35531
Full,REMIND-MAgPIE 2.1-4.2,ENGAGE-INDCi2030-300f,High-RE,1.5C,REMIND,ENGAGE,R10LATIN_AM,15.661335
Full,REMIND-MAgPIE 2.1-4.2,ENGAGE-INDCi2030-300f,High-RE,1.5C,REMIND,ENGAGE,R10MIDDLE_EAST,46.265675
Full,REMIND-MAgPIE 2.1-4.2,ENGAGE-INDCi2030-300f,High-RE,1.5C,REMIND,ENGAGE,R10NORTH_AM,8.92639
Full,REMIND-MAgPIE 2.1-4.2,ENGAGE-INDCi2030-300f,High-RE,1.5C,REMIND,ENGAGE,R10PAC_OECD,3.591945
Full,REMIND-MAgPIE 2.1-4.2,ENGAGE-INDCi2030-300f,High-RE,1.5C,REMIND,ENGAGE,R10REF_ECON,13.201975
Full,REMIND-MAgPIE 2.1-4.2,ENGAGE-INDCi2030-300f,High-RE,1.5C,REMIND,ENGAGE,R10REST_ASIA,56.97375
Full,REMIND-MAgPIE 2.1-4.2,ENGAGE-INDCi2030-400f,High-RE,1.5C,REMIND,ENGAGE,Aggregated R10 regions,418.778005
Full,REMIND-MAgPIE 2.1-4.2,ENGAGE-INDCi2030-400f,High-RE,1.5C,REMIND,ENGAGE,R10AFRICA,78.570785
Full,REMIND-MAgPIE 2.1-4.2,ENGAGE-INDCi2030-400f,High-RE,1.5C,REMIND,ENGAGE,R10CHINA+,78.51148
Full,REMIND-MAgPIE 2.1-4.2,ENGAGE-INDCi2030-400f,High-RE,1.5C,REMIND,ENGAGE,R10EUROPE,11.164985
Full,REMIND-MAgPIE 2.1-4.2,ENGAGE-INDCi2030-400f,High-RE,1.5C,REMIND,ENGAGE,R10INDIA+,105.749365
Full,REMIND-MAgPIE 2.1-4.2,ENGAGE-INDCi2030-400f,High-RE,1.5C,REMIND,ENGAGE,R10LATIN_AM,15.668795
Full,REMIND-MAgPIE 2.1-4.2,ENGAGE-INDCi2030-400f,High-RE,1.5C,REMIND,ENGAGE,R10MIDDLE_EAST,46.2839
Full,REMIND-MAgPIE 2.1-4.2,ENGAGE-INDCi2030-400f,High-RE,1.5C,REMIND,ENGAGE,R10NORTH_AM,8.92639
Full,REMIND-MAgPIE 2.1-4.2,ENGAGE-INDCi2030-400f,High-RE,1.5C,REMIND,ENGAGE,R10PAC_OECD,3.591945
Full,REMIND-MAgPIE 2.1-4.2,ENGAGE-INDCi2030-400f,High-RE,1.5C,REMIND,ENGAGE,R10REF_ECON,13.198115
Full,REMIND-MAgPIE 2.1-4.2,ENGAGE-INDCi2030-400f,High-RE,1.5C,REMIND,ENGAGE,R10REST_ASIA,57.112245
Full,REMIND-MAgPIE 2.1-4.2,ENGAGE-INDCi2030-500f,High-RE,1.5C,REMIND,ENGAGE,Aggregated R10 regions,419.198135
Full,REMIND-MAgPIE 2.1-4.2,ENGAGE-INDCi2030-500f,High-RE,1.5C,REMIND,ENGAGE,R10AFRICA,78.581785
Full,REMIND-MAgPIE 2.1-4.2,ENGAGE-INDCi2030-500f,High-RE,1.5C,REMIND,ENGAGE,R10CHINA+,78.5433
Full,REMIND-MAgPIE 2.1-4.2,ENGAGE-INDCi2030-500f,High-RE,1.5C,REMIND,ENGAGE,R10EUROPE,11.165615
Full,REMIND-MAgPIE 2.1-4.2,ENGAGE-INDCi2030-500f,High-RE,1.5C,REMIND,ENGAGE,R10INDIA+,106.061985
Full,REMIND-MAgPIE 2.1-4.2,ENGAGE-INDCi2030-500f,High-RE,1.5C,REMIND,ENGAGE,R10LATIN_AM,15.674525
Full,REMIND-MAgPIE 2.1-4.2,ENGAGE-INDCi2030-500f,High-RE,1.5C,REMIND,ENGAGE,R10MIDDLE_EAST,46.33015
Full,REMIND-MAgPIE 2.1-4.2,ENGAGE-INDCi2030-500f,High-RE,1.5C,REMIND,ENGAGE,R10NORTH_AM,8.92639
Full,REMIND-MAgPIE 2.1-4.2,ENGAGE-INDCi2030-500f,High-RE,1.5C,REMIND,ENGAGE,R10PAC_OECD,3.591945
Full,REMIND-MAgPIE 2.1-4.2,ENGAGE-INDCi2030-500f,High-RE,1.5C,REMIND,ENGAGE,R10REF_ECON,13.201975
Full,REMIND-MAgPIE 2.1-4.2,ENGAGE-INDCi2030-500f,High-RE,1.5C,REMIND,ENGAGE,R10REST_ASIA,57.120465
Full,REMIND-MAgPIE 2.1-4.2,ENGAGE-INDCi2030-600-COV,High-RE,1.5C,REMIND,ENGAGE,Aggregated R10 regions,417.481475
Full,REMIND-MAgPIE 2.1-4.2,ENGAGE-INDCi2030-600-COV,High-RE,1.5C,REMIND,ENGAGE,R10AFRICA,78.49101
Full,REMIND-MAgPIE 2.1-4.2,ENGAGE-INDCi2030-600-COV,High-RE,1.5C,REMIND,ENGAGE,R10CHINA+,77.312175
Full,REMIND-MAgPIE 2.1-4.2,ENGAGE-INDCi2030-600-COV,High-RE,1.5C,REMIND,ENGAGE,R10EUROPE,11.156995
Full,REMIND-MAgPIE 2.1-4.2,ENGAGE-INDCi2030-600-COV,High-RE,1.5C,REMIND,ENGAGE,R10INDIA+,106.439895
Full,REMIND-MAgPIE 2.1-4.2,ENGAGE-INDCi2030-600-COV,High-RE,1.5C,REMIND,ENGAGE,R10LATIN_AM,15.626225
Full,REMIND-MAgPIE 2.1-4.2,ENGAGE-INDCi2030-600-COV,High-RE,1.5C,REMIND,ENGAGE,R10MIDDLE_EAST,45.961485
Full,REMIND-MAgPIE 2.1-4.2,ENGAGE-INDCi2030-600-COV,High-RE,1.5C,REMIND,ENGAGE,R10NORTH_AM,8.90969
Full,REMIND-MAgPIE 2.1-4.2,ENGAGE-INDCi2030-600-COV,High-RE,1.5C,REMIND,ENGAGE,R10PAC_OECD,3.591195
Full,REMIND-MAgPIE 2.1-4.2,ENGAGE-INDCi2030-600-COV,High-RE,1.5C,REMIND,ENGAGE,R10REF_ECON,13.105485
Full,REMIND-MAgPIE 2.1-4.2,ENGAGE-INDCi2030-600-COV,High-RE,1.5C,REMIND,ENGAGE,R10REST_ASIA,56.88732
Full,REMIND-MAgPIE 2.1-4.2,ENGAGE-INDCi2030-600-COV-NDCp,High-RE,1.5C,REMIND,ENGAGE,Aggregated R10 regions,417.735205
Full,REMIND-MAgPIE 2.1-4.2,ENGAGE-INDCi2030-600-COV-NDCp,High-RE,1.5C,REMIND,ENGAGE,R10AFRICA,78.47372
Full,REMIND-MAgPIE 2.1-4.2,ENGAGE-INDCi2030-600-COV-NDCp,High-RE,1.5C,REMIND,ENGAGE,R10CHINA+,77.369715
Full,REMIND-MAgPIE 2.1-4.2,ENGAGE-INDCi2030-600-COV-NDCp,High-RE,1.5C,REMIND,ENGAGE,R10EUROPE,11.127125
Full,REMIND-MAgPIE 2.1-4.2,ENGAGE-INDCi2030-600-COV-NDCp,High-RE,1.5C,REMIND,ENGAGE,R10INDIA+,106.660135
Full,REMIND-MAgPIE 2.1-4.2,ENGAGE-INDCi2030-600-COV-NDCp,High-RE,1.5C,REMIND,ENGAGE,R10LATIN_AM,15.624595
Full,REMIND-MAgPIE 2.1-4.2,ENGAGE-INDCi2030-600-COV-NDCp,High-RE,1.5C,REMIND,ENGAGE,R10MIDDLE_EAST,45.980125
Full,REMIND-MAgPIE 2.1-4.2,ENGAGE-INDCi2030-600-COV-NDCp,High-RE,1.5C,REMIND,ENGAGE,R10NORTH_AM,8.90969
Full,REMIND-MAgPIE 2.1-4.2,ENGAGE-INDCi2030-600-COV-NDCp,High-RE,1.5C,REMIND,ENGAGE,R10PAC_OECD,3.596885
Full,REMIND-MAgPIE 2.1-4.2,ENGAGE-INDCi2030-600-COV-NDCp,High-RE,1.5C,REMIND,ENGAGE,R10REF_ECON,13.105485
Full,REMIND-MAgPIE 2.1-4.2,ENGAGE-INDCi2030-600-COV-NDCp,High-RE,1.5C,REMIND,ENGAGE,R10REST_ASIA,56.88773
Full,REMIND-MAgPIE 2.1-4.2,ENGAGE-INDCi2030-600f,High-RE,1.5C,REMIND,ENGAGE,Aggregated R10 regions,419.84346
Full,REMIND-MAgPIE 2.1-4.2,ENGAGE-INDCi2030-600f,High-RE,1.5C,REMIND,ENGAGE,R10AFRICA,78.62826
Full,REMIND-MAgPIE 2.1-4.2,ENGAGE-INDCi2030-600f,High-RE,1.5C,REMIND,ENGAGE,R10CHINA+,78.54578
Full,REMIND-MAgPIE 2.1-4.2,ENGAGE-INDCi2030-600f,High-RE,1.5C,REMIND,ENGAGE,R10EUROPE,11.166015
Full,REMIND-MAgPIE 2.1-4.2,ENGAGE-INDCi2030-600f,High-RE,1.5C,REMIND,ENGAGE,R10INDIA+,106.516975
Full,REMIND-MAgPIE 2.1-4.2,ENGAGE-INDCi2030-600f,High-RE,1.5C,REMIND,ENGAGE,R10LATIN_AM,15.683005
Full,REMIND-MAgPIE 2.1-4.2,ENGAGE-INDCi2030-600f,High-RE,1.5C,REMIND,ENGAGE,R10MIDDLE_EAST,46.34415
Full,REMIND-MAgPIE 2.1-4.2,ENGAGE-INDCi2030-600f,High-RE,1.5C,REMIND,ENGAGE,R10NORTH_AM,8.92411
Full,REMIND-MAgPIE 2.1-4.2,ENGAGE-INDCi2030-600f,High-RE,1.5C,REMIND,ENGAGE,R10PAC_OECD,3.597845
Full,REMIND-MAgPIE 2.1-4.2,ENGAGE-INDCi2030-600f,High-RE,1.5C,REMIND,ENGAGE,R10REF_ECON,13.201975
Full,REMIND-MAgPIE 2.1-4.2,ENGAGE-INDCi2030-600f,High-RE,1.5C,REMIND,ENGAGE,R10REST_ASIA,57.235345
Full,REMIND-MAgPIE 2.1-4.2,ENGAGE-INDCi2030-600f-COV,High-RE,1.5C,REMIND,ENGAGE,Aggregated R10 regions,420.23599
Full,REMIND-MAgPIE 2.1-4.2,ENGAGE-INDCi2030-600f-COV,High-RE,1.5C,REMIND,ENGAGE,R10AFRICA,78.514525
Full,REMIND-MAgPIE 2.1-4.2,ENGAGE-INDCi2030-600f-COV,High-RE,1.5C,REMIND,ENGAGE,R10CHINA+,77.939605
Full,REMIND-MAgPIE 2.1-4.2,ENGAGE-INDCi2030-600f-COV,High-RE,1.5C,REMIND,ENGAGE,R10EUROPE,11.172085
Full,REMIND-MAgPIE 2.1-4.2,ENGAGE-INDCi2030-600f-COV,High-RE,1.5C,REMIND,ENGAGE,R10INDIA+,107.910375
Full,REMIND-MAgPIE 2.1-4.2,ENGAGE-INDCi2030-600f-COV,High-RE,1.5C,REMIND,ENGAGE,R10LATIN_AM,15.668215
Full,REMIND-MAgPIE 2.1-4.2,ENGAGE-INDCi2030-600f-COV,High-RE,1.5C,REMIND,ENGAGE,R10MIDDLE_EAST,46.20578
Full,REMIND-MAgPIE 2.1-4.2,ENGAGE-INDCi2030-600f-COV,High-RE,1.5C,REMIND,ENGAGE,R10NORTH_AM,8.92639
Full,REMIND-MAgPIE 2.1-4.2,ENGAGE-INDCi2030-600f-COV,High-RE,1.5C,REMIND,ENGAGE,R10PAC_OECD,3.591945
Full,REMIND-MAgPIE 2.1-4.2,ENGAGE-INDCi2030-600f-COV,High-RE,1.5C,REMIND,ENGAGE,R10REF_ECON,13.135635
Full,REMIND-MAgPIE 2.1-4.2,ENGAGE-INDCi2030-600f-COV,High-RE,1.5C,REMIND,ENGAGE,R10REST_ASIA,57.171435
Full,REMIND-MAgPIE 2.1-4.2,ENGAGE-INDCi2030-600f-COV-NDCp,High-RE,1.5C,REMIND,ENGAGE,Aggregated R10 regions,420.5167
Full,REMIND-MAgPIE 2.1-4.2,ENGAGE-INDCi2030-600f-COV-NDCp,High-RE,1.5C,REMIND,ENGAGE,R10AFRICA,78.537395
Full,REMIND-MAgPIE 2.1-4.2,ENGAGE-INDCi2030-600f-COV-NDCp,High-RE,1.5C,REMIND,ENGAGE,R10CHINA+,77.994665
Full,REMIND-MAgPIE 2.1-4.2,ENGAGE-INDCi2030-600f-COV-NDCp,High-RE,1.5C,REMIND,ENGAGE,R10EUROPE,11.130855
Full,REMIND-MAgPIE 2.1-4.2,ENGAGE-INDCi2030-600f-COV-NDCp,High-RE,1.5C,REMIND,ENGAGE,R10INDIA+,108.137525
Full,REMIND-MAgPIE 2.1-4.2,ENGAGE-INDCi2030-600f-COV-NDCp,High-RE,1.5C,REMIND,ENGAGE,R10LATIN_AM,15.666265
Full,REMIND-MAgPIE 2.1-4.2,ENGAGE-INDCi2030-600f-COV-NDCp,High-RE,1.5C,REMIND,ENGAGE,R10MIDDLE_EAST,46.21254
Full,REMIND-MAgPIE 2.1-4.2,ENGAGE-INDCi2030-600f-COV-NDCp,High-RE,1.5C,REMIND,ENGAGE,R10NORTH_AM,8.92639
Full,REMIND-MAgPIE 2.1-4.2,ENGAGE-INDCi2030-600f-COV-NDCp,High-RE,1.5C,REMIND,ENGAGE,R10PAC_OECD,3.591945
Full,REMIND-MAgPIE 2.1-4.2,ENGAGE-INDCi2030-600f-COV-NDCp,High-RE,1.5C,REMIND,ENGAGE,R10REF_ECON,13.135635
Full,REMIND-MAgPIE 2.1-4.2,ENGAGE-INDCi2030-600f-COV-NDCp,High-RE,1.5C,REMIND,ENGAGE,R10REST_ASIA,57.183485
Full,REMIND-MAgPIE 2.1-4.2,ENGAGE-INDCi2030-600f-NDCp,High-RE,1.5C,REMIND,ENGAGE,Aggregated R10 regions,419.90564
Full,REMIND-MAgPIE 2.1-4.2,ENGAGE-INDCi2030-600f-NDCp,High-RE,1.5C,REMIND,ENGAGE,R10AFRICA,78.62826
Full,REMIND-MAgPIE 2.1-4.2,ENGAGE-INDCi2030-600f-NDCp,High-RE,1.5C,REMIND,ENGAGE,R10CHINA+,78.59349
Full,REMIND-MAgPIE 2.1-4.2,ENGAGE-INDCi2030-600f-NDCp,High-RE,1.5C,REMIND,ENGAGE,R10EUROPE,11.136325
Full,REMIND-MAgPIE 2.1-4.2,ENGAGE-INDCi2030-600f-NDCp,High-RE,1.5C,REMIND,ENGAGE,R10INDIA+,106.608055
Full,REMIND-MAgPIE 2.1-4.2,ENGAGE-INDCi2030-600f-NDCp,High-RE,1.5C,REMIND,ENGAGE,R10LATIN_AM,15.683005
Full,REMIND-MAgPIE 2.1-4.2,ENGAGE-INDCi2030-600f-NDCp,High-RE,1.5C,REMIND,ENGAGE,R10MIDDLE_EAST,46.3465
Full,REMIND-MAgPIE 2.1-4.2,ENGAGE-INDCi2030-600f-NDCp,High-RE,1.5C,REMIND,ENGAGE,R10NORTH_AM,8.92411
Full,REMIND-MAgPIE 2.1-4.2,ENGAGE-INDCi2030-600f-NDCp,High-RE,1.5C,REMIND,ENGAGE,R10PAC_OECD,3.597845
Full,REMIND-MAgPIE 2.1-4.2,ENGAGE-INDCi2030-600f-NDCp,High-RE,1.5C,REMIND,ENGAGE,R10REF_ECON,13.197505
Full,REMIND-MAgPIE 2.1-4.2,ENGAGE-INDCi2030-600f-NDCp,High-RE,1.5C,REMIND,ENGAGE,R10REST_ASIA,57.190545
Full,REMIND-MAgPIE 2.1-4.2,ENGAGE-INDCi2030-700,High-RE,2C,REMIND,ENGAGE,Aggregated R10 regions,417.356045
Full,REMIND-MAgPIE 2.1-4.2,ENGAGE-INDCi2030-700,High-RE,2C,REMIND,ENGAGE,R10AFRICA,78.58412
Full,REMIND-MAgPIE 2.1-4.2,ENGAGE-INDCi2030-700,High-RE,2C,REMIND,ENGAGE,R10CHINA+,78.15289
Full,REMIND-MAgPIE 2.1-4.2,ENGAGE-INDCi2030-700,High-RE,2C,REMIND,ENGAGE,R10EUROPE,11.16067
Full,REMIND-MAgPIE 2.1-4.2,ENGAGE-INDCi2030-700,High-RE,2C,REMIND,ENGAGE,R10INDIA+,104.9163
Full,REMIND-MAgPIE 2.1-4.2,ENGAGE-INDCi2030-700,High-RE,2C,REMIND,ENGAGE,R10LATIN_AM,15.708765
Full,REMIND-MAgPIE 2.1-4.2,ENGAGE-INDCi2030-700,High-RE,2C,REMIND,ENGAGE,R10MIDDLE_EAST,46.167755
Full,REMIND-MAgPIE 2.1-4.2,ENGAGE-INDCi2030-700,High-RE,2C,REMIND,ENGAGE,R10NORTH_AM,8.92464
Full,REMIND-MAgPIE 2.1-4.2,ENGAGE-INDCi2030-700,High-RE,2C,REMIND,ENGAGE,R10PAC_OECD,3.602545
Full,REMIND-MAgPIE 2.1-4.2,ENGAGE-INDCi2030-700,High-RE,2C,REMIND,ENGAGE,R10REF_ECON,13.195535
Full,REMIND-MAgPIE 2.1-4.2,ENGAGE-INDCi2030-700,High-RE,2C,REMIND,ENGAGE,R10REST_ASIA,56.942825
Full,REMIND-MAgPIE 2.1-4.2,ENGAGE-INDCi2030-700f,High-RE,2C,REMIND,ENGAGE,Aggregated R10 regions,420.229865
Full,REMIND-MAgPIE 2.1-4.2,ENGAGE-INDCi2030-700f,High-RE,2C,REMIND,ENGAGE,R10AFRICA,78.62826
Full,REMIND-MAgPIE 2.1-4.2,ENGAGE-INDCi2030-700f,High-RE,2C,REMIND,ENGAGE,R10CHINA+,78.52237
Full,REMIND-MAgPIE 2.1-4.2,ENGAGE-INDCi2030-700f,High-RE,2C,REMIND,ENGAGE,R10EUROPE,11.166515
Full,REMIND-MAgPIE 2.1-4.2,ENGAGE-INDCi2030-700f,High-RE,2C,REMIND,ENGAGE,R10INDIA+,106.853925
Full,REMIND-MAgPIE 2.1-4.2,ENGAGE-INDCi2030-700f,High-RE,2C,REMIND,ENGAGE,R10LATIN_AM,15.693215
Full,REMIND-MAgPIE 2.1-4.2,ENGAGE-INDCi2030-700f,High-RE,2C,REMIND,ENGAGE,R10MIDDLE_EAST,46.397735
Full,REMIND-MAgPIE 2.1-4.2,ENGAGE-INDCi2030-700f,High-RE,2C,REMIND,ENGAGE,R10NORTH_AM,8.92639
Full,REMIND-MAgPIE 2.1-4.2,ENGAGE-INDCi2030-700f,High-RE,2C,REMIND,ENGAGE,R10PAC_OECD,3.597845
Full,REMIND-MAgPIE 2.1-4.2,ENGAGE-INDCi2030-700f,High-RE,2C,REMIND,ENGAGE,R10REF_ECON,13.214325
Full,REMIND-MAgPIE 2.1-4.2,ENGAGE-INDCi2030-700f,High-RE,2C,REMIND,ENGAGE,R10REST_ASIA,57.229285
Full,REMIND-MAgPIE 2.1-4.2,ENGAGE-INDCi2030-800,High-RE,2C,REMIND,ENGAGE,Aggregated R10 regions,418.944635
Full,REMIND-MAgPIE 2.1-4.2,ENGAGE-INDCi2030-800,High-RE,2C,REMIND,ENGAGE,R10AFRICA,78.60954
Full,REMIND-MAgPIE 2.1-4.2,ENGAGE-INDCi2030-800,High-RE,2C,REMIND,ENGAGE,R10CHINA+,78.42745
Full,REMIND-MAgPIE 2.1-4.2,ENGAGE-INDCi2030-800,High-RE,2C,REMIND,ENGAGE,R10EUROPE,11.16538
Full,REMIND-MAgPIE 2.1-4.2,ENGAGE-INDCi2030-800,High-RE,2C,REMIND,ENGAGE,R10INDIA+,105.84384
Full,REMIND-MAgPIE 2.1-4.2,ENGAGE-INDCi2030-800,High-RE,2C,REMIND,ENGAGE,R10LATIN_AM,15.719255
Full,REMIND-MAgPIE 2.1-4.2,ENGAGE-INDCi2030-800,High-RE,2C,REMIND,ENGAGE,R10MIDDLE_EAST,46.313505
Full,REMIND-MAgPIE 2.1-4.2,ENGAGE-INDCi2030-800,High-RE,2C,REMIND,ENGAGE,R10NORTH_AM,8.92639
Full,REMIND-MAgPIE 2.1-4.2,ENGAGE-INDCi2030-800,High-RE,2C,REMIND,ENGAGE,R10PAC_OECD,3.603535
Full,REMIND-MAgPIE 2.1-4.2,ENGAGE-INDCi2030-800,High-RE,2C,REMIND,ENGAGE,R10REF_ECON,13.210125
Full,REMIND-MAgPIE 2.1-4.2,ENGAGE-INDCi2030-800,High-RE,2C,REMIND,ENGAGE,R10REST_ASIA,57.125615
Full,REMIND-MAgPIE 2.1-4.2,ENGAGE-INDCi2030-800f,High-RE,2C,REMIND,ENGAGE,Aggregated R10 regions,421.349135
Full,REMIND-MAgPIE 2.1-4.2,ENGAGE-INDCi2030-800f,High-RE,2C,REMIND,ENGAGE,R10AFRICA,78.63079
Full,REMIND-MAgPIE 2.1-4.2,ENGAGE-INDCi2030-800f,High-RE,2C,REMIND,ENGAGE,R10CHINA+,78.72665
Full,REMIND-MAgPIE 2.1-4.2,ENGAGE-INDCi2030-800f,High-RE,2C,REMIND,ENGAGE,R10EUROPE,11.167455
Full,REMIND-MAgPIE 2.1-4.2,ENGAGE-INDCi2030-800f,High-RE,2C,REMIND,ENGAGE,R10INDIA+,107.660995
Full,REMIND-MAgPIE 2.1-4.2,ENGAGE-INDCi2030-800f,High-RE,2C,REMIND,ENGAGE,R10LATIN_AM,15.705195
Full,REMIND-MAgPIE 2.1-4.2,ENGAGE-INDCi2030-800f,High-RE,2C,REMIND,ENGAGE,R10MIDDLE_EAST,46.405005
Full,REMIND-MAgPIE 2.1-4.2,ENGAGE-INDCi2030-800f,High-RE,2C,REMIND,ENGAGE,R10NORTH_AM,8.92639
Full,REMIND-MAgPIE 2.1-4.2,ENGAGE-INDCi2030-800f,High-RE,2C,REMIND,ENGAGE,R10PAC_OECD,3.597845
Full,REMIND-MAgPIE 2.1-4.2,ENGAGE-INDCi2030-800f,High-RE,2C,REMIND,ENGAGE,R10REF_ECON,13.214325
Full,REMIND-MAgPIE 2.1-4.2,ENGAGE-INDCi2030-800f,High-RE,2C,REMIND,ENGAGE,R10REST_ASIA,57.314485
Full,REMIND-MAgPIE 2.1-4.2,ENGAGE-INDCi2030-900,High-RE,2C,REMIND,ENGAGE,Aggregated R10 regions,420.927205
Full,REMIND-MAgPIE 2.1-4.2,ENGAGE-INDCi2030-900,High-RE,2C,REMIND,ENGAGE,R10AFRICA,78.62826
Full,REMIND-MAgPIE 2.1-4.2,ENGAGE-INDCi2030-900,High-RE,2C,REMIND,ENGAGE,R10CHINA+,78.61459
Full,REMIND-MAgPIE 2.1-4.2,ENGAGE-INDCi2030-900,High-RE,2C,REMIND,ENGAGE,R10EUROPE,11.17347
Full,REMIND-MAgPIE 2.1-4.2,ENGAGE-INDCi2030-900,High-RE,2C,REMIND,ENGAGE,R10INDIA+,107.372055
Full,REMIND-MAgPIE 2.1-4.2,ENGAGE-INDCi2030-900,High-RE,2C,REMIND,ENGAGE,R10LATIN_AM,15.728195
Full,REMIND-MAgPIE 2.1-4.2,ENGAGE-INDCi2030-900,High-RE,2C,REMIND,ENGAGE,R10MIDDLE_EAST,46.400995
Full,REMIND-MAgPIE 2.1-4.2,ENGAGE-INDCi2030-900,High-RE,2C,REMIND,ENGAGE,R10NORTH_AM,8.92411
Full,REMIND-MAgPIE 2.1-4.2,ENGAGE-INDCi2030-900,High-RE,2C,REMIND,ENGAGE,R10PAC_OECD,3.603535
Full,REMIND-MAgPIE 2.1-4.2,ENGAGE-INDCi2030-900,High-RE,2C,REMIND,ENGAGE,R10REF_ECON,13.215305
Full,REMIND-MAgPIE 2.1-4.2,ENGAGE-INDCi2030-900,High-RE,2C,REMIND,ENGAGE,R10REST_ASIA,57.26669
Full,REMIND-MAgPIE 2.1-4.2,ENGAGE-INDCi2030-900f,High-RE,2C,REMIND,ENGAGE,Aggregated R10 regions,422.168115
Full,REMIND-MAgPIE 2.1-4.2,ENGAGE-INDCi2030-900f,High-RE,2C,REMIND,ENGAGE,R10AFRICA,78.63079
Full,REMIND-MAgPIE 2.1-4.2,ENGAGE-INDCi2030-900f,High-RE,2C,REMIND,ENGAGE,R10CHINA+,78.78534
Full,REMIND-MAgPIE 2.1-4.2,ENGAGE-INDCi2030-900f,High-RE,2C,REMIND,ENGAGE,R10EUROPE,11.177105
Full,REMIND-MAgPIE 2.1-4.2,ENGAGE-INDCi2030-900f,High-RE,2C,REMIND,ENGAGE,R10INDIA+,108.25832
Full,REMIND-MAgPIE 2.1-4.2,ENGAGE-INDCi2030-900f,High-RE,2C,REMIND,ENGAGE,R10LATIN_AM,15.717465
Full,REMIND-MAgPIE 2.1-4.2,ENGAGE-INDCi2030-900f,High-RE,2C,REMIND,ENGAGE,R10MIDDLE_EAST,46.434925
Full,REMIND-MAgPIE 2.1-4.2,ENGAGE-INDCi2030-900f,High-RE,2C,REMIND,ENGAGE,R10NORTH_AM,8.92639
Full,REMIND-MAgPIE 2.1-4.2,ENGAGE-INDCi2030-900f,High-RE,2C,REMIND,ENGAGE,R10PAC_OECD,3.597845
Full,REMIND-MAgPIE 2.1-4.2,ENGAGE-INDCi2030-900f,High-RE,2C,REMIND,ENGAGE,R10REF_ECON,13.214325
Full,REMIND-MAgPIE 2.1-4.2,ENGAGE-INDCi2030-900f,High-RE,2C,REMIND,ENGAGE,R10REST_ASIA,57.42561
Full,REMIND-MAgPIE 2.1-4.2,ENGAGE-INDCi2100,High-RE,2C,REMIND,ENGAGE,Aggregated R10 regions,443.291285
Full,REMIND-MAgPIE 2.1-4.2,ENGAGE-INDCi2100,High-RE,2C,REMIND,ENGAGE,R10AFRICA,78.68945
Full,REMIND-MAgPIE 2.1-4.2,ENGAGE-INDCi2100,High-RE,2C,REMIND,ENGAGE,R10CHINA+,78.44153
Full,REMIND-MAgPIE 2.1-4.2,ENGAGE-INDCi2100,High-RE,2C,REMIND,ENGAGE,R10EUROPE,10.834505
Full,REMIND-MAgPIE 2.1-4.2,ENGAGE-INDCi2100,High-RE,2C,REMIND,ENGAGE,R10INDIA+,128.463545
Full,REMIND-MAgPIE 2.1-4.2,ENGAGE-INDCi2100,High-RE,2C,REMIND,ENGAGE,R10LATIN_AM,14.58609
Full,REMIND-MAgPIE 2.1-4.2,ENGAGE-INDCi2100,High-RE,2C,REMIND,ENGAGE,R10MIDDLE_EAST,46.58446
Full,REMIND-MAgPIE 2.1-4.2,ENGAGE-INDCi2100,High-RE,2C,REMIND,ENGAGE,R10NORTH_AM,8.08278
Full,REMIND-MAgPIE 2.1-4.2,ENGAGE-INDCi2100,High-RE,2C,REMIND,ENGAGE,R10PAC_OECD,3.63537
Full,REMIND-MAgPIE 2.1-4.2,ENGAGE-INDCi2100,High-RE,2C,REMIND,ENGAGE,R10REF_ECON,13.279795
Full,REMIND-MAgPIE 2.1-4.2,ENGAGE-INDCi2100,High-RE,2C,REMIND,ENGAGE,R10REST_ASIA,60.69376
Full,REMIND-MAgPIE 2.1-4.2,ENGAGE-INDCi2100-COV,High-RE,2C,REMIND,ENGAGE,Aggregated R10 regions,441.584705
Full,REMIND-MAgPIE 2.1-4.2,ENGAGE-INDCi2100-COV,High-RE,2C,REMIND,ENGAGE,R10AFRICA,78.422235
Full,REMIND-MAgPIE 2.1-4.2,ENGAGE-INDCi2100-COV,High-RE,2C,REMIND,ENGAGE,R10CHINA+,77.386295
Full,REMIND-MAgPIE 2.1-4.2,ENGAGE-INDCi2100-COV,High-RE,2C,REMIND,ENGAGE,R10EUROPE,10.82756
Full,REMIND-MAgPIE 2.1-4.2,ENGAGE-INDCi2100-COV,High-RE,2C,REMIND,ENGAGE,R10INDIA+,128.478195
Full,REMIND-MAgPIE 2.1-4.2,ENGAGE-INDCi2100-COV,High-RE,2C,REMIND,ENGAGE,R10LATIN_AM,14.55201
Full,REMIND-MAgPIE 2.1-4.2,ENGAGE-INDCi2100-COV,High-RE,2C,REMIND,ENGAGE,R10MIDDLE_EAST,46.330135
Full,REMIND-MAgPIE 2.1-4.2,ENGAGE-INDCi2100-COV,High-RE,2C,REMIND,ENGAGE,R10NORTH_AM,8.08278
Full,REMIND-MAgPIE 2.1-4.2,ENGAGE-INDCi2100-COV,High-RE,2C,REMIND,ENGAGE,R10PAC_OECD,3.630585
Full,REMIND-MAgPIE 2.1-4.2,ENGAGE-INDCi2100-COV,High-RE,2C,REMIND,ENGAGE,R10REF_ECON,13.214205
Full,REMIND-MAgPIE 2.1-4.2,ENGAGE-INDCi2100-COV,High-RE,2C,REMIND,ENGAGE,R10REST_ASIA,60.660705
Full,REMIND-MAgPIE 2.1-4.2,ENGAGE-INDCi2100-COV-NDCp,High-RE,2C,REMIND,ENGAGE,Aggregated R10 regions,442.2787
Full,REMIND-MAgPIE 2.1-4.2,ENGAGE-INDCi2100-COV-NDCp,High-RE,2C,REMIND,ENGAGE,R10AFRICA,78.456135
Full,REMIND-MAgPIE 2.1-4.2,ENGAGE-INDCi2100-COV-NDCp,High-RE,2C,REMIND,ENGAGE,R10CHINA+,77.507835
Full,REMIND-MAgPIE 2.1-4.2,ENGAGE-INDCi2100-COV-NDCp,High-RE,2C,REMIND,ENGAGE,R10EUROPE,10.71146
Full,REMIND-MAgPIE 2.1-4.2,ENGAGE-INDCi2100-COV-NDCp,High-RE,2C,REMIND,ENGAGE,R10INDIA+,129.013765
Full,REMIND-MAgPIE 2.1-4.2,ENGAGE-INDCi2100-COV-NDCp,High-RE,2C,REMIND,ENGAGE,R10LATIN_AM,14.55259
Full,REMIND-MAgPIE 2.1-4.2,ENGAGE-INDCi2100-COV-NDCp,High-RE,2C,REMIND,ENGAGE,R10MIDDLE_EAST,46.331005
Full,REMIND-MAgPIE 2.1-4.2,ENGAGE-INDCi2100-COV-NDCp,High-RE,2C,REMIND,ENGAGE,R10NORTH_AM,8.08278
Full,REMIND-MAgPIE 2.1-4.2,ENGAGE-INDCi2100-COV-NDCp,High-RE,2C,REMIND,ENGAGE,R10PAC_OECD,3.630585
Full,REMIND-MAgPIE 2.1-4.2,ENGAGE-INDCi2100-COV-NDCp,High-RE,2C,REMIND,ENGAGE,R10REF_ECON,13.200945
Full,REMIND-MAgPIE 2.1-4.2,ENGAGE-INDCi2100-COV-NDCp,High-RE,2C,REMIND,ENGAGE,R10REST_ASIA,60.7916
Full,REMIND-MAgPIE 2.1-4.2,ENGAGE-INDCi2100-NDCp,High-RE,2C,REMIND,ENGAGE,Aggregated R10 regions,443.963435
Full,REMIND-MAgPIE 2.1-4.2,ENGAGE-INDCi2100-NDCp,High-RE,2C,REMIND,ENGAGE,R10AFRICA,78.68564
Full,REMIND-MAgPIE 2.1-4.2,ENGAGE-INDCi2100-NDCp,High-RE,2C,REMIND,ENGAGE,R10CHINA+,78.60263
Full,REMIND-MAgPIE 2.1-4.2,ENGAGE-INDCi2100-NDCp,High-RE,2C,REMIND,ENGAGE,R10EUROPE,10.730955
Full,REMIND-MAgPIE 2.1-4.2,ENGAGE-INDCi2100-NDCp,High-RE,2C,REMIND,ENGAGE,R10INDIA+,128.957385
Full,REMIND-MAgPIE 2.1-4.2,ENGAGE-INDCi2100-NDCp,High-RE,2C,REMIND,ENGAGE,R10LATIN_AM,14.58609
Full,REMIND-MAgPIE 2.1-4.2,ENGAGE-INDCi2100-NDCp,High-RE,2C,REMIND,ENGAGE,R10MIDDLE_EAST,46.57146
Full,REMIND-MAgPIE 2.1-4.2,ENGAGE-INDCi2100-NDCp,High-RE,2C,REMIND,ENGAGE,R10NORTH_AM,8.08278
Full,REMIND-MAgPIE 2.1-4.2,ENGAGE-INDCi2100-NDCp,High-RE,2C,REMIND,ENGAGE,R10PAC_OECD,3.64102
Full,REMIND-MAgPIE 2.1-4.2,ENGAGE-INDCi2100-NDCp,High-RE,2C,REMIND,ENGAGE,R10REF_ECON,13.278335
Full,REMIND-MAgPIE 2.1-4.2,ENGAGE-INDCi2100-NDCp,High-RE,2C,REMIND,ENGAGE,R10REST_ASIA,60.82714
Full,REMIND-MAgPIE 2.1-4.2,ENGAGE-NPi2020-1000,High-RE,2C,REMIND,ENGAGE,Aggregated R10 regions,422.562235
Full,REMIND-MAgPIE 2.1-4.2,ENGAGE-NPi2020-1000,High-RE,2C,REMIND,ENGAGE,R10AFRICA,78.65194
Full,REMIND-MAgPIE 2.1-4.2,ENGAGE-NPi2020-1000,High-RE,2C,REMIND,ENGAGE,R10CHINA+,78.11619
Full,REMIND-MAgPIE 2.1-4.2,ENGAGE-NPi2020-1000,High-RE,2C,REMIND,ENGAGE,R10EUROPE,11.16084
Full,REMIND-MAgPIE 2.1-4.2,ENGAGE-NPi2020-1000,High-RE,2C,REMIND,ENGAGE,R10INDIA+,109.384635
Full,REMIND-MAgPIE 2.1-4.2,ENGAGE-NPi2020-1000,High-RE,2C,REMIND,ENGAGE,R10LATIN_AM,15.714125
Full,REMIND-MAgPIE 2.1-4.2,ENGAGE-NPi2020-1000,High-RE,2C,REMIND,ENGAGE,R10MIDDLE_EAST,46.458555
Full,REMIND-MAgPIE 2.1-4.2,ENGAGE-NPi2020-1000,High-RE,2C,REMIND,ENGAGE,R10NORTH_AM,8.9413
Full,REMIND-MAgPIE 2.1-4.2,ENGAGE-NPi2020-1000,High-RE,2C,REMIND,ENGAGE,R10PAC_OECD,3.598035
Full,REMIND-MAgPIE 2.1-4.2,ENGAGE-NPi2020-1000,High-RE,2C,REMIND,ENGAGE,R10REF_ECON,13.133825
Full,REMIND-MAgPIE 2.1-4.2,ENGAGE-NPi2020-1000,High-RE,2C,REMIND,ENGAGE,R10REST_ASIA,57.40279
Full,REMIND-MAgPIE 2.1-4.2,ENGAGE-NPi2020-1000-COV,High-RE,2C,REMIND,ENGAGE,Aggregated R10 regions,425.55955
Full,REMIND-MAgPIE 2.1-4.2,ENGAGE-NPi2020-1000-COV,High-RE,2C,REMIND,ENGAGE,R10AFRICA,78.60402
Full,REMIND-MAgPIE 2.1-4.2,ENGAGE-NPi2020-1000-COV,High-RE,2C,REMIND,ENGAGE,R10CHINA+,77.862555
Full,REMIND-MAgPIE 2.1-4.2,ENGAGE-NPi2020-1000-COV,High-RE,2C,REMIND,ENGAGE,R10EUROPE,11.18025
Full,REMIND-MAgPIE 2.1-4.2,ENGAGE-NPi2020-1000-COV,High-RE,2C,REMIND,ENGAGE,R10INDIA+,112.42346
Full,REMIND-MAgPIE 2.1-4.2,ENGAGE-NPi2020-1000-COV,High-RE,2C,REMIND,ENGAGE,R10LATIN_AM,15.698695
Full,REMIND-MAgPIE 2.1-4.2,ENGAGE-NPi2020-1000-COV,High-RE,2C,REMIND,ENGAGE,R10MIDDLE_EAST,46.322325
Full,REMIND-MAgPIE 2.1-4.2,ENGAGE-NPi2020-1000-COV,High-RE,2C,REMIND,ENGAGE,R10NORTH_AM,8.92639
Full,REMIND-MAgPIE 2.1-4.2,ENGAGE-NPi2020-1000-COV,High-RE,2C,REMIND,ENGAGE,R10PAC_OECD,3.603705
Full,REMIND-MAgPIE 2.1-4.2,ENGAGE-NPi2020-1000-COV,High-RE,2C,REMIND,ENGAGE,R10REF_ECON,13.108925
Full,REMIND-MAgPIE 2.1-4.2,ENGAGE-NPi2020-1000-COV,High-RE,2C,REMIND,ENGAGE,R10REST_ASIA,57.829225
Full,REMIND-MAgPIE 2.1-4.2,ENGAGE-NPi2020-1000f,High-RE,2C,REMIND,ENGAGE,Aggregated R10 regions,422.672035
Full,REMIND-MAgPIE 2.1-4.2,ENGAGE-NPi2020-1000f,High-RE,2C,REMIND,ENGAGE,R10AFRICA,78.64963
Full,REMIND-MAgPIE 2.1-4.2,ENGAGE-NPi2020-1000f,High-RE,2C,REMIND,ENGAGE,R10CHINA+,78.11749
Full,REMIND-MAgPIE 2.1-4.2,ENGAGE-NPi2020-1000f,High-RE,2C,REMIND,ENGAGE,R10EUROPE,11.16546
Full,REMIND-MAgPIE 2.1-4.2,ENGAGE-NPi2020-1000f,High-RE,2C,REMIND,ENGAGE,R10INDIA+,109.490475
Full,REMIND-MAgPIE 2.1-4.2,ENGAGE-NPi2020-1000f,High-RE,2C,REMIND,ENGAGE,R10LATIN_AM,15.714125
Full,REMIND-MAgPIE 2.1-4.2,ENGAGE-NPi2020-1000f,High-RE,2C,REMIND,ENGAGE,R10MIDDLE_EAST,46.458555
Full,REMIND-MAgPIE 2.1-4.2,ENGAGE-NPi2020-1000f,High-RE,2C,REMIND,ENGAGE,R10NORTH_AM,8.9413
Full,REMIND-MAgPIE 2.1-4.2,ENGAGE-NPi2020-1000f,High-RE,2C,REMIND,ENGAGE,R10PAC_OECD,3.592345
Full,REMIND-MAgPIE 2.1-4.2,ENGAGE-NPi2020-1000f,High-RE,2C,REMIND,ENGAGE,R10REF_ECON,13.133825
Full,REMIND-MAgPIE 2.1-4.2,ENGAGE-NPi2020-1000f,High-RE,2C,REMIND,ENGAGE,R10REST_ASIA,57.40883
Full,REMIND-MAgPIE 2.1-4.2,ENGAGE-NPi2020-1000f-COV,High-RE,2C,REMIND,ENGAGE,Aggregated R10 regions,425.62354
Full,REMIND-MAgPIE 2.1-4.2,ENGAGE-NPi2020-1000f-COV,High-RE,2C,REMIND,ENGAGE,R10AFRICA,78.60883
Full,REMIND-MAgPIE 2.1-4.2,ENGAGE-NPi2020-1000f-COV,High-RE,2C,REMIND,ENGAGE,R10CHINA+,77.846615
Full,REMIND-MAgPIE 2.1-4.2,ENGAGE-NPi2020-1000f-COV,High-RE,2C,REMIND,ENGAGE,R10EUROPE,11.178885
Full,REMIND-MAgPIE 2.1-4.2,ENGAGE-NPi2020-1000f-COV,High-RE,2C,REMIND,ENGAGE,R10INDIA+,112.531095
Full,REMIND-MAgPIE 2.1-4.2,ENGAGE-NPi2020-1000f-COV,High-RE,2C,REMIND,ENGAGE,R10LATIN_AM,15.698695
Full,REMIND-MAgPIE 2.1-4.2,ENGAGE-NPi2020-1000f-COV,High-RE,2C,REMIND,ENGAGE,R10MIDDLE_EAST,46.31157
Full,REMIND-MAgPIE 2.1-4.2,ENGAGE-NPi2020-1000f-COV,High-RE,2C,REMIND,ENGAGE,R10NORTH_AM,8.92639
Full,REMIND-MAgPIE 2.1-4.2,ENGAGE-NPi2020-1000f-COV,High-RE,2C,REMIND,ENGAGE,R10PAC_OECD,3.603705
Full,REMIND-MAgPIE 2.1-4.2,ENGAGE-NPi2020-1000f-COV,High-RE,2C,REMIND,ENGAGE,R10REF_ECON,13.108925
Full,REMIND-MAgPIE 2.1-4.2,ENGAGE-NPi2020-1000f-COV,High-RE,2C,REMIND,ENGAGE,R10REST_ASIA,57.80883
Full,REMIND-MAgPIE 2.1-4.2,ENGAGE-NPi2020-1200,High-RE,2C,REMIND,ENGAGE,Aggregated R10 regions,428.290165
Full,REMIND-MAgPIE 2.1-4.2,ENGAGE-NPi2020-1200,High-RE,2C,REMIND,ENGAGE,R10AFRICA,78.753245
Full,REMIND-MAgPIE 2.1-4.2,ENGAGE-NPi2020-1200,High-RE,2C,REMIND,ENGAGE,R10CHINA+,78.71372
Full,REMIND-MAgPIE 2.1-4.2,ENGAGE-NPi2020-1200,High-RE,2C,REMIND,ENGAGE,R10EUROPE,11.19406
Full,REMIND-MAgPIE 2.1-4.2,ENGAGE-NPi2020-1200,High-RE,2C,REMIND,ENGAGE,R10INDIA+,113.33837
Full,REMIND-MAgPIE 2.1-4.2,ENGAGE-NPi2020-1200,High-RE,2C,REMIND,ENGAGE,R10LATIN_AM,15.744805
Full,REMIND-MAgPIE 2.1-4.2,ENGAGE-NPi2020-1200,High-RE,2C,REMIND,ENGAGE,R10MIDDLE_EAST,46.550585
Full,REMIND-MAgPIE 2.1-4.2,ENGAGE-NPi2020-1200,High-RE,2C,REMIND,ENGAGE,R10NORTH_AM,8.95518
Full,REMIND-MAgPIE 2.1-4.2,ENGAGE-NPi2020-1200,High-RE,2C,REMIND,ENGAGE,R10PAC_OECD,3.604975
Full,REMIND-MAgPIE 2.1-4.2,ENGAGE-NPi2020-1200,High-RE,2C,REMIND,ENGAGE,R10REF_ECON,13.177545
Full,REMIND-MAgPIE 2.1-4.2,ENGAGE-NPi2020-1200,High-RE,2C,REMIND,ENGAGE,R10REST_ASIA,58.25768
Full,REMIND-MAgPIE 2.1-4.2,ENGAGE-NPi2020-1200f,High-RE,2C,REMIND,ENGAGE,Aggregated R10 regions,428.43347
Full,REMIND-MAgPIE 2.1-4.2,ENGAGE-NPi2020-1200f,High-RE,2C,REMIND,ENGAGE,R10AFRICA,78.751225
Full,REMIND-MAgPIE 2.1-4.2,ENGAGE-NPi2020-1200f,High-RE,2C,REMIND,ENGAGE,R10CHINA+,78.77073
Full,REMIND-MAgPIE 2.1-4.2,ENGAGE-NPi2020-1200f,High-RE,2C,REMIND,ENGAGE,R10EUROPE,11.19445
Full,REMIND-MAgPIE 2.1-4.2,ENGAGE-NPi2020-1200f,High-RE,2C,REMIND,ENGAGE,R10INDIA+,113.429315
Full,REMIND-MAgPIE 2.1-4.2,ENGAGE-NPi2020-1200f,High-RE,2C,REMIND,ENGAGE,R10LATIN_AM,15.744805
Full,REMIND-MAgPIE 2.1-4.2,ENGAGE-NPi2020-1200f,High-RE,2C,REMIND,ENGAGE,R10MIDDLE_EAST,46.547435
Full,REMIND-MAgPIE 2.1-4.2,ENGAGE-NPi2020-1200f,High-RE,2C,REMIND,ENGAGE,R10NORTH_AM,8.95518
Full,REMIND-MAgPIE 2.1-4.2,ENGAGE-NPi2020-1200f,High-RE,2C,REMIND,ENGAGE,R10PAC_OECD,3.604975
Full,REMIND-MAgPIE 2.1-4.2,ENGAGE-NPi2020-1200f,High-RE,2C,REMIND,ENGAGE,R10REF_ECON,13.173135
Full,REMIND-MAgPIE 2.1-4.2,ENGAGE-NPi2020-1200f,High-RE,2C,REMIND,ENGAGE,R10REST_ASIA,58.26222
Full,REMIND-MAgPIE 2.1-4.2,ENGAGE-NPi2020-1400,High-RE,2C,REMIND,ENGAGE,Aggregated R10 regions,433.246875
Full,REMIND-MAgPIE 2.1-4.2,ENGAGE-NPi2020-1400,High-RE,2C,REMIND,ENGAGE,R10AFRICA,78.820155
Full,REMIND-MAgPIE 2.1-4.2,ENGAGE-NPi2020-1400,High-RE,2C,REMIND,ENGAGE,R10CHINA+,79.458925
Full,REMIND-MAgPIE 2.1-4.2,ENGAGE-NPi2020-1400,High-RE,2C,REMIND,ENGAGE,R10EUROPE,11.222855
Full,REMIND-MAgPIE 2.1-4.2,ENGAGE-NPi2020-1400,High-RE,2C,REMIND,ENGAGE,R10INDIA+,116.64572
Full,REMIND-MAgPIE 2.1-4.2,ENGAGE-NPi2020-1400,High-RE,2C,REMIND,ENGAGE,R10LATIN_AM,15.763325
Full,REMIND-MAgPIE 2.1-4.2,ENGAGE-NPi2020-1400,High-RE,2C,REMIND,ENGAGE,R10MIDDLE_EAST,46.65608
Full,REMIND-MAgPIE 2.1-4.2,ENGAGE-NPi2020-1400,High-RE,2C,REMIND,ENGAGE,R10NORTH_AM,8.9737
Full,REMIND-MAgPIE 2.1-4.2,ENGAGE-NPi2020-1400,High-RE,2C,REMIND,ENGAGE,R10PAC_OECD,3.615875
Full,REMIND-MAgPIE 2.1-4.2,ENGAGE-NPi2020-1400,High-RE,2C,REMIND,ENGAGE,R10REF_ECON,13.210255
Full,REMIND-MAgPIE 2.1-4.2,ENGAGE-NPi2020-1400,High-RE,2C,REMIND,ENGAGE,R10REST_ASIA,58.879985
Full,REMIND-MAgPIE 2.1-4.2,ENGAGE-NPi2020-1400f,High-RE,2C,REMIND,ENGAGE,Aggregated R10 regions,433.246875
Full,REMIND-MAgPIE 2.1-4.2,ENGAGE-NPi2020-1400f,High-RE,2C,REMIND,ENGAGE,R10AFRICA,78.820155
Full,REMIND-MAgPIE 2.1-4.2,ENGAGE-NPi2020-1400f,High-RE,2C,REMIND,ENGAGE,R10CHINA+,79.458925
Full,REMIND-MAgPIE 2.1-4.2,ENGAGE-NPi2020-1400f,High-RE,2C,REMIND,ENGAGE,R10EUROPE,11.222855
Full,REMIND-MAgPIE 2.1-4.2,ENGAGE-NPi2020-1400f,High-RE,2C,REMIND,ENGAGE,R10INDIA+,116.64572
Full,REMIND-MAgPIE 2.1-4.2,ENGAGE-NPi2020-1400f,High-RE,2C,REMIND,ENGAGE,R10LATIN_AM,15.763325
Full,REMIND-MAgPIE 2.1-4.2,ENGAGE-NPi2020-1400f,High-RE,2C,REMIND,ENGAGE,R10MIDDLE_EAST,46.65608
Full,REMIND-MAgPIE 2.1-4.2,ENGAGE-NPi2020-1400f,High-RE,2C,REMIND,ENGAGE,R10NORTH_AM,8.9737
Full,REMIND-MAgPIE 2.1-4.2,ENGAGE-NPi2020-1400f,High-RE,2C,REMIND,ENGAGE,R10PAC_OECD,3.615875
Full,REMIND-MAgPIE 2.1-4.2,ENGAGE-NPi2020-1400f,High-RE,2C,REMIND,ENGAGE,R10REF_ECON,13.210255
Full,REMIND-MAgPIE 2.1-4.2,ENGAGE-NPi2020-1400f,High-RE,2C,REMIND,ENGAGE,R10REST_ASIA,58.879985
Full,REMIND-MAgPIE 2.1-4.2,ENGAGE-NPi2020-1600,High-RE,2C,REMIND,ENGAGE,Aggregated R10 regions,437.88298
Full,REMIND-MAgPIE 2.1-4.2,ENGAGE-NPi2020-1600,High-RE,2C,REMIND,ENGAGE,R10AFRICA,78.929635
Full,REMIND-MAgPIE 2.1-4.2,ENGAGE-NPi2020-1600,High-RE,2C,REMIND,ENGAGE,R10CHINA+,80.274985
Full,REMIND-MAgPIE 2.1-4.2,ENGAGE-NPi2020-1600,High-RE,2C,REMIND,ENGAGE,R10EUROPE,11.31095
Full,REMIND-MAgPIE 2.1-4.2,ENGAGE-NPi2020-1600,High-RE,2C,REMIND,ENGAGE,R10INDIA+,119.372985
Full,REMIND-MAgPIE 2.1-4.2,ENGAGE-NPi2020-1600,High-RE,2C,REMIND,ENGAGE,R10LATIN_AM,15.789965
Full,REMIND-MAgPIE 2.1-4.2,ENGAGE-NPi2020-1600,High-RE,2C,REMIND,ENGAGE,R10MIDDLE_EAST,46.73082
Full,REMIND-MAgPIE 2.1-4.2,ENGAGE-NPi2020-1600,High-RE,2C,REMIND,ENGAGE,R10NORTH_AM,8.9737
Full,REMIND-MAgPIE 2.1-4.2,ENGAGE-NPi2020-1600,High-RE,2C,REMIND,ENGAGE,R10PAC_OECD,3.621505
Full,REMIND-MAgPIE 2.1-4.2,ENGAGE-NPi2020-1600,High-RE,2C,REMIND,ENGAGE,R10REF_ECON,13.258825
Full,REMIND-MAgPIE 2.1-4.2,ENGAGE-NPi2020-1600,High-RE,2C,REMIND,ENGAGE,R10REST_ASIA,59.61961
Full,REMIND-MAgPIE 2.1-4.2,ENGAGE-NPi2020-1600f,High-RE,2C,REMIND,ENGAGE,Aggregated R10 regions,437.88298
Full,REMIND-MAgPIE 2.1-4.2,ENGAGE-NPi2020-1600f,High-RE,2C,REMIND,ENGAGE,R10AFRICA,78.929635
Full,REMIND-MAgPIE 2.1-4.2,ENGAGE-NPi2020-1600f,High-RE,2C,REMIND,ENGAGE,R10CHINA+,80.274985
Full,REMIND-MAgPIE 2.1-4.2,ENGAGE-NPi2020-1600f,High-RE,2C,REMIND,ENGAGE,R10EUROPE,11.31095
Full,REMIND-MAgPIE 2.1-4.2,ENGAGE-NPi2020-1600f,High-RE,2C,REMIND,ENGAGE,R10INDIA+,119.372985
Full,REMIND-MAgPIE 2.1-4.2,ENGAGE-NPi2020-1600f,High-RE,2C,REMIND,ENGAGE,R10LATIN_AM,15.789965
Full,REMIND-MAgPIE 2.1-4.2,ENGAGE-NPi2020-1600f,High-RE,2C,REMIND,ENGAGE,R10MIDDLE_EAST,46.73082
Full,REMIND-MAgPIE 2.1-4.2,ENGAGE-NPi2020-1600f,High-RE,2C,REMIND,ENGAGE,R10NORTH_AM,8.9737
Full,REMIND-MAgPIE 2.1-4.2,ENGAGE-NPi2020-1600f,High-RE,2C,REMIND,ENGAGE,R10PAC_OECD,3.621505
Full,REMIND-MAgPIE 2.1-4.2,ENGAGE-NPi2020-1600f,High-RE,2C,REMIND,ENGAGE,R10REF_ECON,13.258825
Full,REMIND-MAgPIE 2.1-4.2,ENGAGE-NPi2020-1600f,High-RE,2C,REMIND,ENGAGE,R10REST_ASIA,59.61961
Full,REMIND-MAgPIE 2.1-4.2,ENGAGE-NPi2020-1800,High-RE,2C,REMIND,ENGAGE,Aggregated R10 regions,444.91157
Full,REMIND-MAgPIE 2.1-4.2,ENGAGE-NPi2020-1800,High-RE,2C,REMIND,ENGAGE,R10AFRICA,79.284555
Full,REMIND-MAgPIE 2.1-4.2,ENGAGE-NPi2020-1800,High-RE,2C,REMIND,ENGAGE,R10CHINA+,81.241205
Full,REMIND-MAgPIE 2.1-4.2,ENGAGE-NPi2020-1800,High-RE,2C,REMIND,ENGAGE,R10EUROPE,11.36982
Full,REMIND-MAgPIE 2.1-4.2,ENGAGE-NPi2020-1800,High-RE,2C,REMIND,ENGAGE,R10INDIA+,123.88141
Full,REMIND-MAgPIE 2.1-4.2,ENGAGE-NPi2020-1800,High-RE,2C,REMIND,ENGAGE,R10LATIN_AM,15.829535
Full,REMIND-MAgPIE 2.1-4.2,ENGAGE-NPi2020-1800,High-RE,2C,REMIND,ENGAGE,R10MIDDLE_EAST,46.79777
Full,REMIND-MAgPIE 2.1-4.2,ENGAGE-NPi2020-1800,High-RE,2C,REMIND,ENGAGE,R10NORTH_AM,8.995
Full,REMIND-MAgPIE 2.1-4.2,ENGAGE-NPi2020-1800,High-RE,2C,REMIND,ENGAGE,R10PAC_OECD,3.63127
Full,REMIND-MAgPIE 2.1-4.2,ENGAGE-NPi2020-1800,High-RE,2C,REMIND,ENGAGE,R10REF_ECON,13.281365
Full,REMIND-MAgPIE 2.1-4.2,ENGAGE-NPi2020-1800,High-RE,2C,REMIND,ENGAGE,R10REST_ASIA,60.59964
Full,REMIND-MAgPIE 2.1-4.2,ENGAGE-NPi2020-1800f,High-RE,2C,REMIND,ENGAGE,Aggregated R10 regions,444.3992
Full,REMIND-MAgPIE 2.1-4.2,ENGAGE-NPi2020-1800f,High-RE,2C,REMIND,ENGAGE,R10AFRICA,79.240335
Full,REMIND-MAgPIE 2.1-4.2,ENGAGE-NPi2020-1800f,High-RE,2C,REMIND,ENGAGE,R10CHINA+,81.076655
Full,REMIND-MAgPIE 2.1-4.2,ENGAGE-NPi2020-1800f,High-RE,2C,REMIND,ENGAGE,R10EUROPE,11.36615
Full,REMIND-MAgPIE 2.1-4.2,ENGAGE-NPi2020-1800f,High-RE,2C,REMIND,ENGAGE,R10INDIA+,123.575525
Full,REMIND-MAgPIE 2.1-4.2,ENGAGE-NPi2020-1800f,High-RE,2C,REMIND,ENGAGE,R10LATIN_AM,15.829535
Full,REMIND-MAgPIE 2.1-4.2,ENGAGE-NPi2020-1800f,High-RE,2C,REMIND,ENGAGE,R10MIDDLE_EAST,46.80833
Full,REMIND-MAgPIE 2.1-4.2,ENGAGE-NPi2020-1800f,High-RE,2C,REMIND,ENGAGE,R10NORTH_AM,8.99096
Full,REMIND-MAgPIE 2.1-4.2,ENGAGE-NPi2020-1800f,High-RE,2C,REMIND,ENGAGE,R10PAC_OECD,3.63127
Full,REMIND-MAgPIE 2.1-4.2,ENGAGE-NPi2020-1800f,High-RE,2C,REMIND,ENGAGE,R10REF_ECON,13.281365
Full,REMIND-MAgPIE 2.1-4.2,ENGAGE-NPi2020-1800f,High-RE,2C,REMIND,ENGAGE,R10REST_ASIA,60.599075
Full,REMIND-MAgPIE 2.1-4.2,ENGAGE-NPi2020-2000,High-RE,2C,REMIND,ENGAGE,Aggregated R10 regions,442.48989
Full,REMIND-MAgPIE 2.1-4.2,ENGAGE-NPi2020-2000,High-RE,2C,REMIND,ENGAGE,R10AFRICA,78.954095
Full,REMIND-MAgPIE 2.1-4.2,ENGAGE-NPi2020-2000,High-RE,2C,REMIND,ENGAGE,R10CHINA+,78.47839
Full,REMIND-MAgPIE 2.1-4.2,ENGAGE-NPi2020-2000,High-RE,2C,REMIND,ENGAGE,R10EUROPE,10.91605
Full,REMIND-MAgPIE 2.1-4.2,ENGAGE-NPi2020-2000,High-RE,2C,REMIND,ENGAGE,R10INDIA+,126.924215
Full,REMIND-MAgPIE 2.1-4.2,ENGAGE-NPi2020-2000,High-RE,2C,REMIND,ENGAGE,R10LATIN_AM,14.7027
Full,REMIND-MAgPIE 2.1-4.2,ENGAGE-NPi2020-2000,High-RE,2C,REMIND,ENGAGE,R10MIDDLE_EAST,46.61035
Full,REMIND-MAgPIE 2.1-4.2,ENGAGE-NPi2020-2000,High-RE,2C,REMIND,ENGAGE,R10NORTH_AM,8.11305
Full,REMIND-MAgPIE 2.1-4.2,ENGAGE-NPi2020-2000,High-RE,2C,REMIND,ENGAGE,R10PAC_OECD,3.630585
Full,REMIND-MAgPIE 2.1-4.2,ENGAGE-NPi2020-2000,High-RE,2C,REMIND,ENGAGE,R10REF_ECON,13.293515
Full,REMIND-MAgPIE 2.1-4.2,ENGAGE-NPi2020-2000,High-RE,2C,REMIND,ENGAGE,R10REST_ASIA,60.86694
Full,REMIND-MAgPIE 2.1-4.2,ENGAGE-NPi2020-2000f,High-RE,2C,REMIND,ENGAGE,Aggregated R10 regions,442.05375
Full,REMIND-MAgPIE 2.1-4.2,ENGAGE-NPi2020-2000f,High-RE,2C,REMIND,ENGAGE,R10AFRICA,78.919005
Full,REMIND-MAgPIE 2.1-4.2,ENGAGE-NPi2020-2000f,High-RE,2C,REMIND,ENGAGE,R10CHINA+,78.4389
Full,REMIND-MAgPIE 2.1-4.2,ENGAGE-NPi2020-2000f,High-RE,2C,REMIND,ENGAGE,R10EUROPE,10.917905
Full,REMIND-MAgPIE 2.1-4.2,ENGAGE-NPi2020-2000f,High-RE,2C,REMIND,ENGAGE,R10INDIA+,126.62594
Full,REMIND-MAgPIE 2.1-4.2,ENGAGE-NPi2020-2000f,High-RE,2C,REMIND,ENGAGE,R10LATIN_AM,14.69752
Full,REMIND-MAgPIE 2.1-4.2,ENGAGE-NPi2020-2000f,High-RE,2C,REMIND,ENGAGE,R10MIDDLE_EAST,46.62573
Full,REMIND-MAgPIE 2.1-4.2,ENGAGE-NPi2020-2000f,High-RE,2C,REMIND,ENGAGE,R10NORTH_AM,8.11305
Full,REMIND-MAgPIE 2.1-4.2,ENGAGE-NPi2020-2000f,High-RE,2C,REMIND,ENGAGE,R10PAC_OECD,3.63313
Full,REMIND-MAgPIE 2.1-4.2,ENGAGE-NPi2020-2000f,High-RE,2C,REMIND,ENGAGE,R10REF_ECON,13.293515
Full,REMIND-MAgPIE 2.1-4.2,ENGAGE-NPi2020-2000f,High-RE,2C,REMIND,ENGAGE,R10REST_ASIA,60.789055
Full,REMIND-MAgPIE 2.1-4.2,ENGAGE-NPi2020-200f,High-RE,1.5C,REMIND,ENGAGE,Aggregated R10 regions,410.724535
Full,REMIND-MAgPIE 2.1-4.2,ENGAGE-NPi2020-200f,High-RE,1.5C,REMIND,ENGAGE,R10AFRICA,78.453325
Full,REMIND-MAgPIE 2.1-4.2,ENGAGE-NPi2020-200f,High-RE,1.5C,REMIND,ENGAGE,R10CHINA+,76.42669
Full,REMIND-MAgPIE 2.1-4.2,ENGAGE-NPi2020-200f,High-RE,1.5C,REMIND,ENGAGE,R10EUROPE,11.117655
Full,REMIND-MAgPIE 2.1-4.2,ENGAGE-NPi2020-200f,High-RE,1.5C,REMIND,ENGAGE,R10INDIA+,101.549965
Full,REMIND-MAgPIE 2.1-4.2,ENGAGE-NPi2020-200f,High-RE,1.5C,REMIND,ENGAGE,R10LATIN_AM,15.626235
Full,REMIND-MAgPIE 2.1-4.2,ENGAGE-NPi2020-200f,High-RE,1.5C,REMIND,ENGAGE,R10MIDDLE_EAST,46.15981
Full,REMIND-MAgPIE 2.1-4.2,ENGAGE-NPi2020-200f,High-RE,1.5C,REMIND,ENGAGE,R10NORTH_AM,8.92236
Full,REMIND-MAgPIE 2.1-4.2,ENGAGE-NPi2020-200f,High-RE,1.5C,REMIND,ENGAGE,R10PAC_OECD,3.575425
Full,REMIND-MAgPIE 2.1-4.2,ENGAGE-NPi2020-200f,High-RE,1.5C,REMIND,ENGAGE,R10REF_ECON,13.052295
Full,REMIND-MAgPIE 2.1-4.2,ENGAGE-NPi2020-200f,High-RE,1.5C,REMIND,ENGAGE,R10REST_ASIA,55.840775
Full,REMIND-MAgPIE 2.1-4.2,ENGAGE-NPi2020-2500,High-RE,2C,REMIND,ENGAGE,Aggregated R10 regions,449.56987
Full,REMIND-MAgPIE 2.1-4.2,ENGAGE-NPi2020-2500,High-RE,2C,REMIND,ENGAGE,R10AFRICA,79.00831
Full,REMIND-MAgPIE 2.1-4.2,ENGAGE-NPi2020-2500,High-RE,2C,REMIND,ENGAGE,R10CHINA+,79.403455
Full,REMIND-MAgPIE 2.1-4.2,ENGAGE-NPi2020-2500,High-RE,2C,REMIND,ENGAGE,R10EUROPE,11.002985
Full,REMIND-MAgPIE 2.1-4.2,ENGAGE-NPi2020-2500,High-RE,2C,REMIND,ENGAGE,R10INDIA+,131.72478
Full,REMIND-MAgPIE 2.1-4.2,ENGAGE-NPi2020-2500,High-RE,2C,REMIND,ENGAGE,R10LATIN_AM,14.7418
Full,REMIND-MAgPIE 2.1-4.2,ENGAGE-NPi2020-2500,High-RE,2C,REMIND,ENGAGE,R10MIDDLE_EAST,46.718325
Full,REMIND-MAgPIE 2.1-4.2,ENGAGE-NPi2020-2500,High-RE,2C,REMIND,ENGAGE,R10NORTH_AM,8.12856
Full,REMIND-MAgPIE 2.1-4.2,ENGAGE-NPi2020-2500,High-RE,2C,REMIND,ENGAGE,R10PAC_OECD,3.64679
Full,REMIND-MAgPIE 2.1-4.2,ENGAGE-NPi2020-2500,High-RE,2C,REMIND,ENGAGE,R10REF_ECON,13.323755
Full,REMIND-MAgPIE 2.1-4.2,ENGAGE-NPi2020-2500,High-RE,2C,REMIND,ENGAGE,R10REST_ASIA,61.87111
Full,REMIND-MAgPIE 2.1-4.2,ENGAGE-NPi2020-2500f,High-RE,2C,REMIND,ENGAGE,Aggregated R10 regions,449.56987
Full,REMIND-MAgPIE 2.1-4.2,ENGAGE-NPi2020-2500f,High-RE,2C,REMIND,ENGAGE,R10AFRICA,79.00831
Full,REMIND-MAgPIE 2.1-4.2,ENGAGE-NPi2020-2500f,High-RE,2C,REMIND,ENGAGE,R10CHINA+,79.403455
Full,REMIND-MAgPIE 2.1-4.2,ENGAGE-NPi2020-2500f,High-RE,2C,REMIND,ENGAGE,R10EUROPE,11.002985
Full,REMIND-MAgPIE 2.1-4.2,ENGAGE-NPi2020-2500f,High-RE,2C,REMIND,ENGAGE,R10INDIA+,131.72478
Full,REMIND-MAgPIE 2.1-4.2,ENGAGE-NPi2020-2500f,High-RE,2C,REMIND,ENGAGE,R10LATIN_AM,14.7418
Full,REMIND-MAgPIE 2.1-4.2,ENGAGE-NPi2020-2500f,High-RE,2C,REMIND,ENGAGE,R10MIDDLE_EAST,46.718325
Full,REMIND-MAgPIE 2.1-4.2,ENGAGE-NPi2020-2500f,High-RE,2C,REMIND,ENGAGE,R10NORTH_AM,8.12856
Full,REMIND-MAgPIE 2.1-4.2,ENGAGE-NPi2020-2500f,High-RE,2C,REMIND,ENGAGE,R10PAC_OECD,3.64679
Full,REMIND-MAgPIE 2.1-4.2,ENGAGE-NPi2020-2500f,High-RE,2C,REMIND,ENGAGE,R10REF_ECON,13.323755
Full,REMIND-MAgPIE 2.1-4.2,ENGAGE-NPi2020-2500f,High-RE,2C,REMIND,ENGAGE,R10REST_ASIA,61.87111
Full,REMIND-MAgPIE 2.1-4.2,ENGAGE-NPi2020-3000,High-RE,2C,REMIND,ENGAGE,Aggregated R10 regions,458.919365
Full,REMIND-MAgPIE 2.1-4.2,ENGAGE-NPi2020-3000,High-RE,2C,REMIND,ENGAGE,R10AFRICA,79.08563
Full,REMIND-MAgPIE 2.1-4.2,ENGAGE-NPi2020-3000,High-RE,2C,REMIND,ENGAGE,R10CHINA+,80.468325
Full,REMIND-MAgPIE 2.1-4.2,ENGAGE-NPi2020-3000,High-RE,2C,REMIND,ENGAGE,R10EUROPE,11.119855
Full,REMIND-MAgPIE 2.1-4.2,ENGAGE-NPi2020-3000,High-RE,2C,REMIND,ENGAGE,R10INDIA+,138.28586
Full,REMIND-MAgPIE 2.1-4.2,ENGAGE-NPi2020-3000,High-RE,2C,REMIND,ENGAGE,R10LATIN_AM,14.78166
Full,REMIND-MAgPIE 2.1-4.2,ENGAGE-NPi2020-3000,High-RE,2C,REMIND,ENGAGE,R10MIDDLE_EAST,46.799925
Full,REMIND-MAgPIE 2.1-4.2,ENGAGE-NPi2020-3000,High-RE,2C,REMIND,ENGAGE,R10NORTH_AM,8.16457
Full,REMIND-MAgPIE 2.1-4.2,ENGAGE-NPi2020-3000,High-RE,2C,REMIND,ENGAGE,R10PAC_OECD,3.64931
Full,REMIND-MAgPIE 2.1-4.2,ENGAGE-NPi2020-3000,High-RE,2C,REMIND,ENGAGE,R10REF_ECON,13.344385
Full,REMIND-MAgPIE 2.1-4.2,ENGAGE-NPi2020-3000,High-RE,2C,REMIND,ENGAGE,R10REST_ASIA,63.219845
Full,REMIND-MAgPIE 2.1-4.2,ENGAGE-NPi2020-3000f,High-RE,2C,REMIND,ENGAGE,Aggregated R10 regions,458.867555
Full,REMIND-MAgPIE 2.1-4.2,ENGAGE-NPi2020-3000f,High-RE,2C,REMIND,ENGAGE,R10AFRICA,79.08563
Full,REMIND-MAgPIE 2.1-4.2,ENGAGE-NPi2020-3000f,High-RE,2C,REMIND,ENGAGE,R10CHINA+,80.465095
Full,REMIND-MAgPIE 2.1-4.2,ENGAGE-NPi2020-3000f,High-RE,2C,REMIND,ENGAGE,R10EUROPE,11.119855
Full,REMIND-MAgPIE 2.1-4.2,ENGAGE-NPi2020-3000f,High-RE,2C,REMIND,ENGAGE,R10INDIA+,138.25126
Full,REMIND-MAgPIE 2.1-4.2,ENGAGE-NPi2020-3000f,High-RE,2C,REMIND,ENGAGE,R10LATIN_AM,14.78166
Full,REMIND-MAgPIE 2.1-4.2,ENGAGE-NPi2020-3000f,High-RE,2C,REMIND,ENGAGE,R10MIDDLE_EAST,46.799925
Full,REMIND-MAgPIE 2.1-4.2,ENGAGE-NPi2020-3000f,High-RE,2C,REMIND,ENGAGE,R10NORTH_AM,8.16457
Full,REMIND-MAgPIE 2.1-4.2,ENGAGE-NPi2020-3000f,High-RE,2C,REMIND,ENGAGE,R10PAC_OECD,3.64931
Full,REMIND-MAgPIE 2.1-4.2,ENGAGE-NPi2020-3000f,High-RE,2C,REMIND,ENGAGE,R10REF_ECON,13.344385
Full,REMIND-MAgPIE 2.1-4.2,ENGAGE-NPi2020-3000f,High-RE,2C,REMIND,ENGAGE,R10REST_ASIA,63.205865
Full,REMIND-MAgPIE 2.1-4.2,ENGAGE-NPi2020-300f,High-RE,1.5C,REMIND,ENGAGE,Aggregated R10 regions,411.60991
Full,REMIND-MAgPIE 2.1-4.2,ENGAGE-NPi2020-300f,High-RE,1.5C,REMIND,ENGAGE,R10AFRICA,78.50194
Full,REMIND-MAgPIE 2.1-4.2,ENGAGE-NPi2020-300f,High-RE,1.5C,REMIND,ENGAGE,R10CHINA+,76.56003
Full,REMIND-MAgPIE 2.1-4.2,ENGAGE-NPi2020-300f,High-RE,1.5C,REMIND,ENGAGE,R10EUROPE,11.120695
Full,REMIND-MAgPIE 2.1-4.2,ENGAGE-NPi2020-300f,High-RE,1.5C,REMIND,ENGAGE,R10INDIA+,102.089665
Full,REMIND-MAgPIE 2.1-4.2,ENGAGE-NPi2020-300f,High-RE,1.5C,REMIND,ENGAGE,R10LATIN_AM,15.633545
Full,REMIND-MAgPIE 2.1-4.2,ENGAGE-NPi2020-300f,High-RE,1.5C,REMIND,ENGAGE,R10MIDDLE_EAST,46.20705
Full,REMIND-MAgPIE 2.1-4.2,ENGAGE-NPi2020-300f,High-RE,1.5C,REMIND,ENGAGE,R10NORTH_AM,8.92411
Full,REMIND-MAgPIE 2.1-4.2,ENGAGE-NPi2020-300f,High-RE,1.5C,REMIND,ENGAGE,R10PAC_OECD,3.575425
Full,REMIND-MAgPIE 2.1-4.2,ENGAGE-NPi2020-300f,High-RE,1.5C,REMIND,ENGAGE,R10REF_ECON,13.054895
Full,REMIND-MAgPIE 2.1-4.2,ENGAGE-NPi2020-300f,High-RE,1.5C,REMIND,ENGAGE,R10REST_ASIA,55.942555
Full,REMIND-MAgPIE 2.1-4.2,ENGAGE-NPi2020-400,High-RE,1.5C,REMIND,ENGAGE,Aggregated R10 regions,405.620665
Full,REMIND-MAgPIE 2.1-4.2,ENGAGE-NPi2020-400,High-RE,1.5C,REMIND,ENGAGE,R10AFRICA,78.41756
Full,REMIND-MAgPIE 2.1-4.2,ENGAGE-NPi2020-400,High-RE,1.5C,REMIND,ENGAGE,R10CHINA+,75.07451
Full,REMIND-MAgPIE 2.1-4.2,ENGAGE-NPi2020-400,High-RE,1.5C,REMIND,ENGAGE,R10EUROPE,11.11031
Full,REMIND-MAgPIE 2.1-4.2,ENGAGE-NPi2020-400,High-RE,1.5C,REMIND,ENGAGE,R10INDIA+,98.746415
Full,REMIND-MAgPIE 2.1-4.2,ENGAGE-NPi2020-400,High-RE,1.5C,REMIND,ENGAGE,R10LATIN_AM,15.655405
Full,REMIND-MAgPIE 2.1-4.2,ENGAGE-NPi2020-400,High-RE,1.5C,REMIND,ENGAGE,R10MIDDLE_EAST,45.92325
Full,REMIND-MAgPIE 2.1-4.2,ENGAGE-NPi2020-400,High-RE,1.5C,REMIND,ENGAGE,R10NORTH_AM,8.90917
Full,REMIND-MAgPIE 2.1-4.2,ENGAGE-NPi2020-400,High-RE,1.5C,REMIND,ENGAGE,R10PAC_OECD,3.575005
Full,REMIND-MAgPIE 2.1-4.2,ENGAGE-NPi2020-400,High-RE,1.5C,REMIND,ENGAGE,R10REF_ECON,13.004665
Full,REMIND-MAgPIE 2.1-4.2,ENGAGE-NPi2020-400,High-RE,1.5C,REMIND,ENGAGE,R10REST_ASIA,55.204375
Full,REMIND-MAgPIE 2.1-4.2,ENGAGE-NPi2020-400f,High-RE,1.5C,REMIND,ENGAGE,Aggregated R10 regions,412.36922
Full,REMIND-MAgPIE 2.1-4.2,ENGAGE-NPi2020-400f,High-RE,1.5C,REMIND,ENGAGE,R10AFRICA,78.5115
Full,REMIND-MAgPIE 2.1-4.2,ENGAGE-NPi2020-400f,High-RE,1.5C,REMIND,ENGAGE,R10CHINA+,76.88254
Full,REMIND-MAgPIE 2.1-4.2,ENGAGE-NPi2020-400f,High-RE,1.5C,REMIND,ENGAGE,R10EUROPE,11.123495
Full,REMIND-MAgPIE 2.1-4.2,ENGAGE-NPi2020-400f,High-RE,1.5C,REMIND,ENGAGE,R10INDIA+,102.368105
Full,REMIND-MAgPIE 2.1-4.2,ENGAGE-NPi2020-400f,High-RE,1.5C,REMIND,ENGAGE,R10LATIN_AM,15.644555
Full,REMIND-MAgPIE 2.1-4.2,ENGAGE-NPi2020-400f,High-RE,1.5C,REMIND,ENGAGE,R10MIDDLE_EAST,46.24088
Full,REMIND-MAgPIE 2.1-4.2,ENGAGE-NPi2020-400f,High-RE,1.5C,REMIND,ENGAGE,R10NORTH_AM,8.92411
Full,REMIND-MAgPIE 2.1-4.2,ENGAGE-NPi2020-400f,High-RE,1.5C,REMIND,ENGAGE,R10PAC_OECD,3.581325
Full,REMIND-MAgPIE 2.1-4.2,ENGAGE-NPi2020-400f,High-RE,1.5C,REMIND,ENGAGE,R10REF_ECON,13.066205
Full,REMIND-MAgPIE 2.1-4.2,ENGAGE-NPi2020-400f,High-RE,1.5C,REMIND,ENGAGE,R10REST_ASIA,56.026505
Full,REMIND-MAgPIE 2.1-4.2,ENGAGE-NPi2020-500,High-RE,1.5C,REMIND,ENGAGE,Aggregated R10 regions,408.254435
Full,REMIND-MAgPIE 2.1-4.2,ENGAGE-NPi2020-500,High-RE,1.5C,REMIND,ENGAGE,R10AFRICA,78.43718
Full,REMIND-MAgPIE 2.1-4.2,ENGAGE-NPi2020-500,High-RE,1.5C,REMIND,ENGAGE,R10CHINA+,75.77307
Full,REMIND-MAgPIE 2.1-4.2,ENGAGE-NPi2020-500,High-RE,1.5C,REMIND,ENGAGE,R10EUROPE,11.11517
Full,REMIND-MAgPIE 2.1-4.2,ENGAGE-NPi2020-500,High-RE,1.5C,REMIND,ENGAGE,R10INDIA+,100.155785
Full,REMIND-MAgPIE 2.1-4.2,ENGAGE-NPi2020-500,High-RE,1.5C,REMIND,ENGAGE,R10LATIN_AM,15.665835
Full,REMIND-MAgPIE 2.1-4.2,ENGAGE-NPi2020-500,High-RE,1.5C,REMIND,ENGAGE,R10MIDDLE_EAST,46.083015
Full,REMIND-MAgPIE 2.1-4.2,ENGAGE-NPi2020-500,High-RE,1.5C,REMIND,ENGAGE,R10NORTH_AM,8.92315
Full,REMIND-MAgPIE 2.1-4.2,ENGAGE-NPi2020-500,High-RE,1.5C,REMIND,ENGAGE,R10PAC_OECD,3.581535
Full,REMIND-MAgPIE 2.1-4.2,ENGAGE-NPi2020-500,High-RE,1.5C,REMIND,ENGAGE,R10REF_ECON,13.034415
Full,REMIND-MAgPIE 2.1-4.2,ENGAGE-NPi2020-500,High-RE,1.5C,REMIND,ENGAGE,R10REST_ASIA,55.48528
Full,REMIND-MAgPIE 2.1-4.2,ENGAGE-NPi2020-500f,High-RE,1.5C,REMIND,ENGAGE,Aggregated R10 regions,413.125615
Full,REMIND-MAgPIE 2.1-4.2,ENGAGE-NPi2020-500f,High-RE,1.5C,REMIND,ENGAGE,R10AFRICA,78.5115
Full,REMIND-MAgPIE 2.1-4.2,ENGAGE-NPi2020-500f,High-RE,1.5C,REMIND,ENGAGE,R10CHINA+,76.95908
Full,REMIND-MAgPIE 2.1-4.2,ENGAGE-NPi2020-500f,High-RE,1.5C,REMIND,ENGAGE,R10EUROPE,11.123495
Full,REMIND-MAgPIE 2.1-4.2,ENGAGE-NPi2020-500f,High-RE,1.5C,REMIND,ENGAGE,R10INDIA+,102.890835
Full,REMIND-MAgPIE 2.1-4.2,ENGAGE-NPi2020-500f,High-RE,1.5C,REMIND,ENGAGE,R10LATIN_AM,15.674635
Full,REMIND-MAgPIE 2.1-4.2,ENGAGE-NPi2020-500f,High-RE,1.5C,REMIND,ENGAGE,R10MIDDLE_EAST,46.289015
Full,REMIND-MAgPIE 2.1-4.2,ENGAGE-NPi2020-500f,High-RE,1.5C,REMIND,ENGAGE,R10NORTH_AM,8.92411
Full,REMIND-MAgPIE 2.1-4.2,ENGAGE-NPi2020-500f,High-RE,1.5C,REMIND,ENGAGE,R10PAC_OECD,3.581325
Full,REMIND-MAgPIE 2.1-4.2,ENGAGE-NPi2020-500f,High-RE,1.5C,REMIND,ENGAGE,R10REF_ECON,13.078555
Full,REMIND-MAgPIE 2.1-4.2,ENGAGE-NPi2020-500f,High-RE,1.5C,REMIND,ENGAGE,R10REST_ASIA,56.093065
Full,REMIND-MAgPIE 2.1-4.2,ENGAGE-NPi2020-600,High-RE,1.5C,REMIND,ENGAGE,Aggregated R10 regions,411.493475
Full,REMIND-MAgPIE 2.1-4.2,ENGAGE-NPi2020-600,High-RE,1.5C,REMIND,ENGAGE,R10AFRICA,78.49031
Full,REMIND-MAgPIE 2.1-4.2,ENGAGE-NPi2020-600,High-RE,1.5C,REMIND,ENGAGE,R10CHINA+,76.53328
Full,REMIND-MAgPIE 2.1-4.2,ENGAGE-NPi2020-600,High-RE,1.5C,REMIND,ENGAGE,R10EUROPE,11.12283
Full,REMIND-MAgPIE 2.1-4.2,ENGAGE-NPi2020-600,High-RE,1.5C,REMIND,ENGAGE,R10INDIA+,102.061575
Full,REMIND-MAgPIE 2.1-4.2,ENGAGE-NPi2020-600,High-RE,1.5C,REMIND,ENGAGE,R10LATIN_AM,15.668725
Full,REMIND-MAgPIE 2.1-4.2,ENGAGE-NPi2020-600,High-RE,1.5C,REMIND,ENGAGE,R10MIDDLE_EAST,46.205485
Full,REMIND-MAgPIE 2.1-4.2,ENGAGE-NPi2020-600,High-RE,1.5C,REMIND,ENGAGE,R10NORTH_AM,8.92236
Full,REMIND-MAgPIE 2.1-4.2,ENGAGE-NPi2020-600,High-RE,1.5C,REMIND,ENGAGE,R10PAC_OECD,3.587015
Full,REMIND-MAgPIE 2.1-4.2,ENGAGE-NPi2020-600,High-RE,1.5C,REMIND,ENGAGE,R10REF_ECON,13.063915
Full,REMIND-MAgPIE 2.1-4.2,ENGAGE-NPi2020-600,High-RE,1.5C,REMIND,ENGAGE,R10REST_ASIA,55.83798
Full,REMIND-MAgPIE 2.1-4.2,ENGAGE-NPi2020-600-COV,High-RE,1.5C,REMIND,ENGAGE,Aggregated R10 regions,415.121345
Full,REMIND-MAgPIE 2.1-4.2,ENGAGE-NPi2020-600-COV,High-RE,1.5C,REMIND,ENGAGE,R10AFRICA,78.51001
Full,REMIND-MAgPIE 2.1-4.2,ENGAGE-NPi2020-600-COV,High-RE,1.5C,REMIND,ENGAGE,R10CHINA+,76.262345
Full,REMIND-MAgPIE 2.1-4.2,ENGAGE-NPi2020-600-COV,High-RE,1.5C,REMIND,ENGAGE,R10EUROPE,11.124135
Full,REMIND-MAgPIE 2.1-4.2,ENGAGE-NPi2020-600-COV,High-RE,1.5C,REMIND,ENGAGE,R10INDIA+,105.63749
Full,REMIND-MAgPIE 2.1-4.2,ENGAGE-NPi2020-600-COV,High-RE,1.5C,REMIND,ENGAGE,R10LATIN_AM,15.646435
Full,REMIND-MAgPIE 2.1-4.2,ENGAGE-NPi2020-600-COV,High-RE,1.5C,REMIND,ENGAGE,R10MIDDLE_EAST,46.121515
Full,REMIND-MAgPIE 2.1-4.2,ENGAGE-NPi2020-600-COV,High-RE,1.5C,REMIND,ENGAGE,R10NORTH_AM,8.92464
Full,REMIND-MAgPIE 2.1-4.2,ENGAGE-NPi2020-600-COV,High-RE,1.5C,REMIND,ENGAGE,R10PAC_OECD,3.587015
Full,REMIND-MAgPIE 2.1-4.2,ENGAGE-NPi2020-600-COV,High-RE,1.5C,REMIND,ENGAGE,R10REF_ECON,13.022275
Full,REMIND-MAgPIE 2.1-4.2,ENGAGE-NPi2020-600-COV,High-RE,1.5C,REMIND,ENGAGE,R10REST_ASIA,56.285485
Full,REMIND-MAgPIE 2.1-4.2,ENGAGE-NPi2020-600f,High-RE,1.5C,REMIND,ENGAGE,Aggregated R10 regions,414.616405
Full,REMIND-MAgPIE 2.1-4.2,ENGAGE-NPi2020-600f,High-RE,1.5C,REMIND,ENGAGE,R10AFRICA,78.51991
Full,REMIND-MAgPIE 2.1-4.2,ENGAGE-NPi2020-600f,High-RE,1.5C,REMIND,ENGAGE,R10CHINA+,77.22755
Full,REMIND-MAgPIE 2.1-4.2,ENGAGE-NPi2020-600f,High-RE,1.5C,REMIND,ENGAGE,R10EUROPE,11.130185
Full,REMIND-MAgPIE 2.1-4.2,ENGAGE-NPi2020-600f,High-RE,1.5C,REMIND,ENGAGE,R10INDIA+,103.847685
Full,REMIND-MAgPIE 2.1-4.2,ENGAGE-NPi2020-600f,High-RE,1.5C,REMIND,ENGAGE,R10LATIN_AM,15.687705
Full,REMIND-MAgPIE 2.1-4.2,ENGAGE-NPi2020-600f,High-RE,1.5C,REMIND,ENGAGE,R10MIDDLE_EAST,46.297085
Full,REMIND-MAgPIE 2.1-4.2,ENGAGE-NPi2020-600f,High-RE,1.5C,REMIND,ENGAGE,R10NORTH_AM,8.92639
Full,REMIND-MAgPIE 2.1-4.2,ENGAGE-NPi2020-600f,High-RE,1.5C,REMIND,ENGAGE,R10PAC_OECD,3.586865
Full,REMIND-MAgPIE 2.1-4.2,ENGAGE-NPi2020-600f,High-RE,1.5C,REMIND,ENGAGE,R10REF_ECON,13.090665
Full,REMIND-MAgPIE 2.1-4.2,ENGAGE-NPi2020-600f,High-RE,1.5C,REMIND,ENGAGE,R10REST_ASIA,56.302365
Full,REMIND-MAgPIE 2.1-4.2,ENGAGE-NPi2020-600f-COV,High-RE,1.5C,REMIND,ENGAGE,Aggregated R10 regions,416.117865
Full,REMIND-MAgPIE 2.1-4.2,ENGAGE-NPi2020-600f-COV,High-RE,1.5C,REMIND,ENGAGE,R10AFRICA,78.477675
Full,REMIND-MAgPIE 2.1-4.2,ENGAGE-NPi2020-600f-COV,High-RE,1.5C,REMIND,ENGAGE,R10CHINA+,76.948375
Full,REMIND-MAgPIE 2.1-4.2,ENGAGE-NPi2020-600f-COV,High-RE,1.5C,REMIND,ENGAGE,R10EUROPE,11.133295
Full,REMIND-MAgPIE 2.1-4.2,ENGAGE-NPi2020-600f-COV,High-RE,1.5C,REMIND,ENGAGE,R10INDIA+,105.70382
Full,REMIND-MAgPIE 2.1-4.2,ENGAGE-NPi2020-600f-COV,High-RE,1.5C,REMIND,ENGAGE,R10LATIN_AM,15.663645
Full,REMIND-MAgPIE 2.1-4.2,ENGAGE-NPi2020-600f-COV,High-RE,1.5C,REMIND,ENGAGE,R10MIDDLE_EAST,46.17223
Full,REMIND-MAgPIE 2.1-4.2,ENGAGE-NPi2020-600f-COV,High-RE,1.5C,REMIND,ENGAGE,R10NORTH_AM,8.92639
Full,REMIND-MAgPIE 2.1-4.2,ENGAGE-NPi2020-600f-COV,High-RE,1.5C,REMIND,ENGAGE,R10PAC_OECD,3.586865
Full,REMIND-MAgPIE 2.1-4.2,ENGAGE-NPi2020-600f-COV,High-RE,1.5C,REMIND,ENGAGE,R10REF_ECON,13.048575
Full,REMIND-MAgPIE 2.1-4.2,ENGAGE-NPi2020-600f-COV,High-RE,1.5C,REMIND,ENGAGE,R10REST_ASIA,56.456995
Full,REMIND-MAgPIE 2.1-4.2,ENGAGE-NPi2020-700,High-RE,2C,REMIND,ENGAGE,Aggregated R10 regions,414.028865
Full,REMIND-MAgPIE 2.1-4.2,ENGAGE-NPi2020-700,High-RE,2C,REMIND,ENGAGE,R10AFRICA,78.51991
Full,REMIND-MAgPIE 2.1-4.2,ENGAGE-NPi2020-700,High-RE,2C,REMIND,ENGAGE,R10CHINA+,77.16728
Full,REMIND-MAgPIE 2.1-4.2,ENGAGE-NPi2020-700,High-RE,2C,REMIND,ENGAGE,R10EUROPE,11.13045
Full,REMIND-MAgPIE 2.1-4.2,ENGAGE-NPi2020-700,High-RE,2C,REMIND,ENGAGE,R10INDIA+,103.413615
Full,REMIND-MAgPIE 2.1-4.2,ENGAGE-NPi2020-700,High-RE,2C,REMIND,ENGAGE,R10LATIN_AM,15.674635
Full,REMIND-MAgPIE 2.1-4.2,ENGAGE-NPi2020-700,High-RE,2C,REMIND,ENGAGE,R10MIDDLE_EAST,46.298955
Full,REMIND-MAgPIE 2.1-4.2,ENGAGE-NPi2020-700,High-RE,2C,REMIND,ENGAGE,R10NORTH_AM,8.92411
Full,REMIND-MAgPIE 2.1-4.2,ENGAGE-NPi2020-700,High-RE,2C,REMIND,ENGAGE,R10PAC_OECD,3.587015
Full,REMIND-MAgPIE 2.1-4.2,ENGAGE-NPi2020-700,High-RE,2C,REMIND,ENGAGE,R10REF_ECON,13.080395
Full,REMIND-MAgPIE 2.1-4.2,ENGAGE-NPi2020-700,High-RE,2C,REMIND,ENGAGE,R10REST_ASIA,56.2325
Full,REMIND-MAgPIE 2.1-4.2,ENGAGE-NPi2020-700f,High-RE,2C,REMIND,ENGAGE,Aggregated R10 regions,415.629555
Full,REMIND-MAgPIE 2.1-4.2,ENGAGE-NPi2020-700f,High-RE,2C,REMIND,ENGAGE,R10AFRICA,78.54246
Full,REMIND-MAgPIE 2.1-4.2,ENGAGE-NPi2020-700f,High-RE,2C,REMIND,ENGAGE,R10CHINA+,77.36721
Full,REMIND-MAgPIE 2.1-4.2,ENGAGE-NPi2020-700f,High-RE,2C,REMIND,ENGAGE,R10EUROPE,11.139905
Full,REMIND-MAgPIE 2.1-4.2,ENGAGE-NPi2020-700f,High-RE,2C,REMIND,ENGAGE,R10INDIA+,104.487845
Full,REMIND-MAgPIE 2.1-4.2,ENGAGE-NPi2020-700f,High-RE,2C,REMIND,ENGAGE,R10LATIN_AM,15.681685
Full,REMIND-MAgPIE 2.1-4.2,ENGAGE-NPi2020-700f,High-RE,2C,REMIND,ENGAGE,R10MIDDLE_EAST,46.352155
Full,REMIND-MAgPIE 2.1-4.2,ENGAGE-NPi2020-700f,High-RE,2C,REMIND,ENGAGE,R10NORTH_AM,8.92639
Full,REMIND-MAgPIE 2.1-4.2,ENGAGE-NPi2020-700f,High-RE,2C,REMIND,ENGAGE,R10PAC_OECD,3.586865
Full,REMIND-MAgPIE 2.1-4.2,ENGAGE-NPi2020-700f,High-RE,2C,REMIND,ENGAGE,R10REF_ECON,13.095095
Full,REMIND-MAgPIE 2.1-4.2,ENGAGE-NPi2020-700f,High-RE,2C,REMIND,ENGAGE,R10REST_ASIA,56.449945
Full,REMIND-MAgPIE 2.1-4.2,ENGAGE-NPi2020-800,High-RE,2C,REMIND,ENGAGE,Aggregated R10 regions,416.46059
Full,REMIND-MAgPIE 2.1-4.2,ENGAGE-NPi2020-800,High-RE,2C,REMIND,ENGAGE,R10AFRICA,78.54953
Full,REMIND-MAgPIE 2.1-4.2,ENGAGE-NPi2020-800,High-RE,2C,REMIND,ENGAGE,R10CHINA+,77.52306
Full,REMIND-MAgPIE 2.1-4.2,ENGAGE-NPi2020-800,High-RE,2C,REMIND,ENGAGE,R10EUROPE,11.1453
Full,REMIND-MAgPIE 2.1-4.2,ENGAGE-NPi2020-800,High-RE,2C,REMIND,ENGAGE,R10INDIA+,105.01833
Full,REMIND-MAgPIE 2.1-4.2,ENGAGE-NPi2020-800,High-RE,2C,REMIND,ENGAGE,R10LATIN_AM,15.678705
Full,REMIND-MAgPIE 2.1-4.2,ENGAGE-NPi2020-800,High-RE,2C,REMIND,ENGAGE,R10MIDDLE_EAST,46.361595
Full,REMIND-MAgPIE 2.1-4.2,ENGAGE-NPi2020-800,High-RE,2C,REMIND,ENGAGE,R10NORTH_AM,8.92639
Full,REMIND-MAgPIE 2.1-4.2,ENGAGE-NPi2020-800,High-RE,2C,REMIND,ENGAGE,R10PAC_OECD,3.586865
Full,REMIND-MAgPIE 2.1-4.2,ENGAGE-NPi2020-800,High-RE,2C,REMIND,ENGAGE,R10REF_ECON,13.096075
Full,REMIND-MAgPIE 2.1-4.2,ENGAGE-NPi2020-800,High-RE,2C,REMIND,ENGAGE,R10REST_ASIA,56.57474
Full,REMIND-MAgPIE 2.1-4.2,ENGAGE-NPi2020-800f,High-RE,2C,REMIND,ENGAGE,Aggregated R10 regions,416.96437
Full,REMIND-MAgPIE 2.1-4.2,ENGAGE-NPi2020-800f,High-RE,2C,REMIND,ENGAGE,R10AFRICA,78.54953
Full,REMIND-MAgPIE 2.1-4.2,ENGAGE-NPi2020-800f,High-RE,2C,REMIND,ENGAGE,R10CHINA+,77.57708
Full,REMIND-MAgPIE 2.1-4.2,ENGAGE-NPi2020-800f,High-RE,2C,REMIND,ENGAGE,R10EUROPE,11.143145
Full,REMIND-MAgPIE 2.1-4.2,ENGAGE-NPi2020-800f,High-RE,2C,REMIND,ENGAGE,R10INDIA+,105.370635
Full,REMIND-MAgPIE 2.1-4.2,ENGAGE-NPi2020-800f,High-RE,2C,REMIND,ENGAGE,R10LATIN_AM,15.697285
Full,REMIND-MAgPIE 2.1-4.2,ENGAGE-NPi2020-800f,High-RE,2C,REMIND,ENGAGE,R10MIDDLE_EAST,46.368235
Full,REMIND-MAgPIE 2.1-4.2,ENGAGE-NPi2020-800f,High-RE,2C,REMIND,ENGAGE,R10NORTH_AM,8.92639
Full,REMIND-MAgPIE 2.1-4.2,ENGAGE-NPi2020-800f,High-RE,2C,REMIND,ENGAGE,R10PAC_OECD,3.586865
Full,REMIND-MAgPIE 2.1-4.2,ENGAGE-NPi2020-800f,High-RE,2C,REMIND,ENGAGE,R10REF_ECON,13.100275
Full,REMIND-MAgPIE 2.1-4.2,ENGAGE-NPi2020-800f,High-RE,2C,REMIND,ENGAGE,R10REST_ASIA,56.64493
Full,REMIND-MAgPIE 2.1-4.2,ENGAGE-NPi2020-900,High-RE,2C,REMIND,ENGAGE,Aggregated R10 regions,419.50009
Full,REMIND-MAgPIE 2.1-4.2,ENGAGE-NPi2020-900,High-RE,2C,REMIND,ENGAGE,R10AFRICA,78.60926
Full,REMIND-MAgPIE 2.1-4.2,ENGAGE-NPi2020-900,High-RE,2C,REMIND,ENGAGE,R10CHINA+,77.73587
Full,REMIND-MAgPIE 2.1-4.2,ENGAGE-NPi2020-900,High-RE,2C,REMIND,ENGAGE,R10EUROPE,11.15341
Full,REMIND-MAgPIE 2.1-4.2,ENGAGE-NPi2020-900,High-RE,2C,REMIND,ENGAGE,R10INDIA+,107.2709
Full,REMIND-MAgPIE 2.1-4.2,ENGAGE-NPi2020-900,High-RE,2C,REMIND,ENGAGE,R10LATIN_AM,15.709205
Full,REMIND-MAgPIE 2.1-4.2,ENGAGE-NPi2020-900,High-RE,2C,REMIND,ENGAGE,R10MIDDLE_EAST,46.409395
Full,REMIND-MAgPIE 2.1-4.2,ENGAGE-NPi2020-900,High-RE,2C,REMIND,ENGAGE,R10NORTH_AM,8.92639
Full,REMIND-MAgPIE 2.1-4.2,ENGAGE-NPi2020-900,High-RE,2C,REMIND,ENGAGE,R10PAC_OECD,3.586865
Full,REMIND-MAgPIE 2.1-4.2,ENGAGE-NPi2020-900,High-RE,2C,REMIND,ENGAGE,R10REF_ECON,13.119675
Full,REMIND-MAgPIE 2.1-4.2,ENGAGE-NPi2020-900,High-RE,2C,REMIND,ENGAGE,R10REST_ASIA,56.97912
Full,REMIND-MAgPIE 2.1-4.2,ENGAGE-NPi2020-900f,High-RE,2C,REMIND,ENGAGE,Aggregated R10 regions,419.543815
Full,REMIND-MAgPIE 2.1-4.2,ENGAGE-NPi2020-900f,High-RE,2C,REMIND,ENGAGE,R10AFRICA,78.60926
Full,REMIND-MAgPIE 2.1-4.2,ENGAGE-NPi2020-900f,High-RE,2C,REMIND,ENGAGE,R10CHINA+,77.7339
Full,REMIND-MAgPIE 2.1-4.2,ENGAGE-NPi2020-900f,High-RE,2C,REMIND,ENGAGE,R10EUROPE,11.15391
Full,REMIND-MAgPIE 2.1-4.2,ENGAGE-NPi2020-900f,High-RE,2C,REMIND,ENGAGE,R10INDIA+,107.284255
Full,REMIND-MAgPIE 2.1-4.2,ENGAGE-NPi2020-900f,High-RE,2C,REMIND,ENGAGE,R10LATIN_AM,15.709205
Full,REMIND-MAgPIE 2.1-4.2,ENGAGE-NPi2020-900f,High-RE,2C,REMIND,ENGAGE,R10MIDDLE_EAST,46.409395
Full,REMIND-MAgPIE 2.1-4.2,ENGAGE-NPi2020-900f,High-RE,2C,REMIND,ENGAGE,R10NORTH_AM,8.92639
Full,REMIND-MAgPIE 2.1-4.2,ENGAGE-NPi2020-900f,High-RE,2C,REMIND,ENGAGE,R10PAC_OECD,3.586865
Full,REMIND-MAgPIE 2.1-4.2,ENGAGE-NPi2020-900f,High-RE,2C,REMIND,ENGAGE,R10REF_ECON,13.118695
Full,REMIND-MAgPIE 2.1-4.2,ENGAGE-NPi2020-900f,High-RE,2C,REMIND,ENGAGE,R10REST_ASIA,57.01194
Full,REMIND-MAgPIE 2.1-4.2,ENGAGE-NPi2100,High-RE,2C,REMIND,ENGAGE,Aggregated R10 regions,474.62521
Full,REMIND-MAgPIE 2.1-4.2,ENGAGE-NPi2100,High-RE,2C,REMIND,ENGAGE,R10AFRICA,79.12344
Full,REMIND-MAgPIE 2.1-4.2,ENGAGE-NPi2100,High-RE,2C,REMIND,ENGAGE,R10CHINA+,83.867405
Full,REMIND-MAgPIE 2.1-4.2,ENGAGE-NPi2100,High-RE,2C,REMIND,ENGAGE,R10EUROPE,11.21153
Full,REMIND-MAgPIE 2.1-4.2,ENGAGE-NPi2100,High-RE,2C,REMIND,ENGAGE,R10INDIA+,148.157265
Full,REMIND-MAgPIE 2.1-4.2,ENGAGE-NPi2100,High-RE,2C,REMIND,ENGAGE,R10LATIN_AM,14.809115
Full,REMIND-MAgPIE 2.1-4.2,ENGAGE-NPi2100,High-RE,2C,REMIND,ENGAGE,R10MIDDLE_EAST,46.910225
Full,REMIND-MAgPIE 2.1-4.2,ENGAGE-NPi2100,High-RE,2C,REMIND,ENGAGE,R10NORTH_AM,8.16457
Full,REMIND-MAgPIE 2.1-4.2,ENGAGE-NPi2100,High-RE,2C,REMIND,ENGAGE,R10PAC_OECD,3.68481
Full,REMIND-MAgPIE 2.1-4.2,ENGAGE-NPi2100,High-RE,2C,REMIND,ENGAGE,R10REF_ECON,13.378405
Full,REMIND-MAgPIE 2.1-4.2,ENGAGE-NPi2100,High-RE,2C,REMIND,ENGAGE,R10REST_ASIA,65.318445
Full,REMIND-MAgPIE 2.1-4.2,ENGAGE-NPi2100-COV,High-RE,2C,REMIND,ENGAGE,Aggregated R10 regions,472.04255
Full,REMIND-MAgPIE 2.1-4.2,ENGAGE-NPi2100-COV,High-RE,2C,REMIND,ENGAGE,R10AFRICA,78.898395
Full,REMIND-MAgPIE 2.1-4.2,ENGAGE-NPi2100-COV,High-RE,2C,REMIND,ENGAGE,R10CHINA+,82.61723
Full,REMIND-MAgPIE 2.1-4.2,ENGAGE-NPi2100-COV,High-RE,2C,REMIND,ENGAGE,R10EUROPE,11.18818
Full,REMIND-MAgPIE 2.1-4.2,ENGAGE-NPi2100-COV,High-RE,2C,REMIND,ENGAGE,R10INDIA+,147.641965
Full,REMIND-MAgPIE 2.1-4.2,ENGAGE-NPi2100-COV,High-RE,2C,REMIND,ENGAGE,R10LATIN_AM,14.75261
Full,REMIND-MAgPIE 2.1-4.2,ENGAGE-NPi2100-COV,High-RE,2C,REMIND,ENGAGE,R10MIDDLE_EAST,46.657335
Full,REMIND-MAgPIE 2.1-4.2,ENGAGE-NPi2100-COV,High-RE,2C,REMIND,ENGAGE,R10NORTH_AM,8.16457
Full,REMIND-MAgPIE 2.1-4.2,ENGAGE-NPi2100-COV,High-RE,2C,REMIND,ENGAGE,R10PAC_OECD,3.67929
Full,REMIND-MAgPIE 2.1-4.2,ENGAGE-NPi2100-COV,High-RE,2C,REMIND,ENGAGE,R10REF_ECON,13.291705
Full,REMIND-MAgPIE 2.1-4.2,ENGAGE-NPi2100-COV,High-RE,2C,REMIND,ENGAGE,R10REST_ASIA,65.15127
Full,REMIND-MAgPIE 2.1-4.2,ENGAGE-NoPolicy,High-RE,2C,REMIND,ENGAGE,Aggregated R10 regions,479.72188
Full,REMIND-MAgPIE 2.1-4.2,ENGAGE-NoPolicy,High-RE,2C,REMIND,ENGAGE,R10AFRICA,79.229
Full,REMIND-MAgPIE 2.1-4.2,ENGAGE-NoPolicy,High-RE,2C,REMIND,ENGAGE,R10CHINA+,84.18047
Full,REMIND-MAgPIE 2.1-4.2,ENGAGE-NoPolicy,High-RE,2C,REMIND,ENGAGE,R10EUROPE,11.14057
Full,REMIND-MAgPIE 2.1-4.2,ENGAGE-NoPolicy,High-RE,2C,REMIND,ENGAGE,R10INDIA+,151.828575
Full,REMIND-MAgPIE 2.1-4.2,ENGAGE-NoPolicy,High-RE,2C,REMIND,ENGAGE,R10LATIN_AM,14.748015
Full,REMIND-MAgPIE 2.1-4.2,ENGAGE-NoPolicy,High-RE,2C,REMIND,ENGAGE,R10MIDDLE_EAST,46.991675
Full,REMIND-MAgPIE 2.1-4.2,ENGAGE-NoPolicy,High-RE,2C,REMIND,ENGAGE,R10NORTH_AM,8.25964
Full,REMIND-MAgPIE 2.1-4.2,ENGAGE-NoPolicy,High-RE,2C,REMIND,ENGAGE,R10PAC_OECD,3.687275
Full,REMIND-MAgPIE 2.1-4.2,ENGAGE-NoPolicy,High-RE,2C,REMIND,ENGAGE,R10REF_ECON,13.365055
Full,REMIND-MAgPIE 2.1-4.2,ENGAGE-NoPolicy,High-RE,2C,REMIND,ENGAGE,R10REST_ASIA,66.291605
Full,REMIND-MAgPIE 2.1-4.2,NGFS Phase 2-Delayed Transition,High-RE,2C,REMIND,NGFS Phase 2,Aggregated R10 regions,418.176315
Full,REMIND-MAgPIE 2.1-4.2,NGFS Phase 2-Delayed Transition,High-RE,2C,REMIND,NGFS Phase 2,R10AFRICA,78.63205
Full,REMIND-MAgPIE 2.1-4.2,NGFS Phase 2-Delayed Transition,High-RE,2C,REMIND,NGFS Phase 2,R10CHINA+,77.63939
Full,REMIND-MAgPIE 2.1-4.2,NGFS Phase 2-Delayed Transition,High-RE,2C,REMIND,NGFS Phase 2,R10EUROPE,11.121815
Full,REMIND-MAgPIE 2.1-4.2,NGFS Phase 2-Delayed Transition,High-RE,2C,REMIND,NGFS Phase 2,R10INDIA+,106.02164
Full,REMIND-MAgPIE 2.1-4.2,NGFS Phase 2-Delayed Transition,High-RE,2C,REMIND,NGFS Phase 2,R10LATIN_AM,15.644565
Full,REMIND-MAgPIE 2.1-4.2,NGFS Phase 2-Delayed Transition,High-RE,2C,REMIND,NGFS Phase 2,R10MIDDLE_EAST,46.132715
Full,REMIND-MAgPIE 2.1-4.2,NGFS Phase 2-Delayed Transition,High-RE,2C,REMIND,NGFS Phase 2,R10NORTH_AM,8.90741
Full,REMIND-MAgPIE 2.1-4.2,NGFS Phase 2-Delayed Transition,High-RE,2C,REMIND,NGFS Phase 2,R10PAC_OECD,3.586175
Full,REMIND-MAgPIE 2.1-4.2,NGFS Phase 2-Delayed Transition,High-RE,2C,REMIND,NGFS Phase 2,R10REF_ECON,13.224615
Full,REMIND-MAgPIE 2.1-4.2,NGFS Phase 2-Delayed Transition,High-RE,2C,REMIND,NGFS Phase 2,R10REST_ASIA,57.26594
Full,REMIND-MAgPIE 2.1-4.2,NGFS Phase 2-Nationally Determined Contributions (NDCs),High-RE,2C,REMIND,NGFS Phase 2,Aggregated R10 regions,439.36362
Full,REMIND-MAgPIE 2.1-4.2,NGFS Phase 2-Nationally Determined Contributions (NDCs),High-RE,2C,REMIND,NGFS Phase 2,R10AFRICA,78.859505
Full,REMIND-MAgPIE 2.1-4.2,NGFS Phase 2-Nationally Determined Contributions (NDCs),High-RE,2C,REMIND,NGFS Phase 2,R10CHINA+,76.443285
Full,REMIND-MAgPIE 2.1-4.2,NGFS Phase 2-Nationally Determined Contributions (NDCs),High-RE,2C,REMIND,NGFS Phase 2,R10EUROPE,10.740555
Full,REMIND-MAgPIE 2.1-4.2,NGFS Phase 2-Nationally Determined Contributions (NDCs),High-RE,2C,REMIND,NGFS Phase 2,R10INDIA+,126.673115
Full,REMIND-MAgPIE 2.1-4.2,NGFS Phase 2-Nationally Determined Contributions (NDCs),High-RE,2C,REMIND,NGFS Phase 2,R10LATIN_AM,14.59145
Full,REMIND-MAgPIE 2.1-4.2,NGFS Phase 2-Nationally Determined Contributions (NDCs),High-RE,2C,REMIND,NGFS Phase 2,R10MIDDLE_EAST,46.34825
Full,REMIND-MAgPIE 2.1-4.2,NGFS Phase 2-Nationally Determined Contributions (NDCs),High-RE,2C,REMIND,NGFS Phase 2,R10NORTH_AM,8.08278
Full,REMIND-MAgPIE 2.1-4.2,NGFS Phase 2-Nationally Determined Contributions (NDCs),High-RE,2C,REMIND,NGFS Phase 2,R10PAC_OECD,3.617685
Full,REMIND-MAgPIE 2.1-4.2,NGFS Phase 2-Nationally Determined Contributions (NDCs),High-RE,2C,REMIND,NGFS Phase 2,R10REF_ECON,13.299585
Full,REMIND-MAgPIE 2.1-4.2,NGFS Phase 2-Nationally Determined Contributions (NDCs),High-RE,2C,REMIND,NGFS Phase 2,R10REST_ASIA,60.70741
Full,REMIND-MAgPIE 2.1-4.2,SusDev-SSP1-900,High-RE,1.5C,REMIND,SusDev,Aggregated R10 regions,396.11051
Full,REMIND-MAgPIE 2.1-4.2,SusDev-SSP1-900,High-RE,1.5C,REMIND,SusDev,R10AFRICA,78.052015
Full,REMIND-MAgPIE 2.1-4.2,SusDev-SSP1-900,High-RE,1.5C,REMIND,SusDev,R10CHINA+,74.512785
Full,REMIND-MAgPIE 2.1-4.2,SusDev-SSP1-900,High-RE,1.5C,REMIND,SusDev,R10EUROPE,11.02106
Full,REMIND-MAgPIE 2.1-4.2,SusDev-SSP1-900,High-RE,1.5C,REMIND,SusDev,R10INDIA+,92.04587
Full,REMIND-MAgPIE 2.1-4.2,SusDev-SSP1-900,High-RE,1.5C,REMIND,SusDev,R10LATIN_AM,15.602285
Full,REMIND-MAgPIE 2.1-4.2,SusDev-SSP1-900,High-RE,1.5C,REMIND,SusDev,R10MIDDLE_EAST,45.64873
Full,REMIND-MAgPIE 2.1-4.2,SusDev-SSP1-900,High-RE,1.5C,REMIND,SusDev,R10NORTH_AM,8.87797
Full,REMIND-MAgPIE 2.1-4.2,SusDev-SSP1-900,High-RE,1.5C,REMIND,SusDev,R10PAC_OECD,3.546295
Full,REMIND-MAgPIE 2.1-4.2,SusDev-SSP1-900,High-RE,1.5C,REMIND,SusDev,R10REF_ECON,12.923735
Full,REMIND-MAgPIE 2.1-4.2,SusDev-SSP1-900,High-RE,1.5C,REMIND,SusDev,R10REST_ASIA,53.879765
Full,REMIND-MAgPIE 2.1-4.2,SusDev-SSP1-NDC,High-RE,2C,REMIND,SusDev,Aggregated R10 regions,404.8323
Full,REMIND-MAgPIE 2.1-4.2,SusDev-SSP1-NDC,High-RE,2C,REMIND,SusDev,R10AFRICA,77.883035
Full,REMIND-MAgPIE 2.1-4.2,SusDev-SSP1-NDC,High-RE,2C,REMIND,SusDev,R10CHINA+,74.08881
Full,REMIND-MAgPIE 2.1-4.2,SusDev-SSP1-NDC,High-RE,2C,REMIND,SusDev,R10EUROPE,10.70559
Full,REMIND-MAgPIE 2.1-4.2,SusDev-SSP1-NDC,High-RE,2C,REMIND,SusDev,R10INDIA+,101.712085
Full,REMIND-MAgPIE 2.1-4.2,SusDev-SSP1-NDC,High-RE,2C,REMIND,SusDev,R10LATIN_AM,14.424075
Full,REMIND-MAgPIE 2.1-4.2,SusDev-SSP1-NDC,High-RE,2C,REMIND,SusDev,R10MIDDLE_EAST,45.772415
Full,REMIND-MAgPIE 2.1-4.2,SusDev-SSP1-NDC,High-RE,2C,REMIND,SusDev,R10NORTH_AM,7.98239
Full,REMIND-MAgPIE 2.1-4.2,SusDev-SSP1-NDC,High-RE,2C,REMIND,SusDev,R10PAC_OECD,3.588265
Full,REMIND-MAgPIE 2.1-4.2,SusDev-SSP1-NDC,High-RE,2C,REMIND,SusDev,R10REF_ECON,13.04918
Full,REMIND-MAgPIE 2.1-4.2,SusDev-SSP1-NDC,High-RE,2C,REMIND,SusDev,R10REST_ASIA,55.626455
Full,REMIND-MAgPIE 2.1-4.2,SusDev-SSP2-900,High-RE,1.5C,REMIND,SusDev,Aggregated R10 regions,414.262585
Full,REMIND-MAgPIE 2.1-4.2,SusDev-SSP2-900,High-RE,1.5C,REMIND,SusDev,R10AFRICA,78.618305
Full,REMIND-MAgPIE 2.1-4.2,SusDev-SSP2-900,High-RE,1.5C,REMIND,SusDev,R10CHINA+,76.6639
Full,REMIND-MAgPIE 2.1-4.2,SusDev-SSP2-900,High-RE,1.5C,REMIND,SusDev,R10EUROPE,11.12399
Full,REMIND-MAgPIE 2.1-4.2,SusDev-SSP2-900,High-RE,1.5C,REMIND,SusDev,R10INDIA+,104.0194
Full,REMIND-MAgPIE 2.1-4.2,SusDev-SSP2-900,High-RE,1.5C,REMIND,SusDev,R10LATIN_AM,15.699415
Full,REMIND-MAgPIE 2.1-4.2,SusDev-SSP2-900,High-RE,1.5C,REMIND,SusDev,R10MIDDLE_EAST,46.23511
Full,REMIND-MAgPIE 2.1-4.2,SusDev-SSP2-900,High-RE,1.5C,REMIND,SusDev,R10NORTH_AM,8.92464
Full,REMIND-MAgPIE 2.1-4.2,SusDev-SSP2-900,High-RE,1.5C,REMIND,SusDev,R10PAC_OECD,3.581325
Full,REMIND-MAgPIE 2.1-4.2,SusDev-SSP2-900,High-RE,1.5C,REMIND,SusDev,R10REF_ECON,13.063915
Full,REMIND-MAgPIE 2.1-4.2,SusDev-SSP2-900,High-RE,1.5C,REMIND,SusDev,R10REST_ASIA,56.332585
Full,REMIND-MAgPIE 2.1-4.2,SusDev-SSP2-NDC,High-RE,2C,REMIND,SusDev,Aggregated R10 regions,444.001515
Full,REMIND-MAgPIE 2.1-4.2,SusDev-SSP2-NDC,High-RE,2C,REMIND,SusDev,R10AFRICA,78.68237
Full,REMIND-MAgPIE 2.1-4.2,SusDev-SSP2-NDC,High-RE,2C,REMIND,SusDev,R10CHINA+,78.44153
Full,REMIND-MAgPIE 2.1-4.2,SusDev-SSP2-NDC,High-RE,2C,REMIND,SusDev,R10EUROPE,10.821565
Full,REMIND-MAgPIE 2.1-4.2,SusDev-SSP2-NDC,High-RE,2C,REMIND,SusDev,R10INDIA+,129.041905
Full,REMIND-MAgPIE 2.1-4.2,SusDev-SSP2-NDC,High-RE,2C,REMIND,SusDev,R10LATIN_AM,14.58609
Full,REMIND-MAgPIE 2.1-4.2,SusDev-SSP2-NDC,High-RE,2C,REMIND,SusDev,R10MIDDLE_EAST,46.591875
Full,REMIND-MAgPIE 2.1-4.2,SusDev-SSP2-NDC,High-RE,2C,REMIND,SusDev,R10NORTH_AM,8.08278
Full,REMIND-MAgPIE 2.1-4.2,SusDev-SSP2-NDC,High-RE,2C,REMIND,SusDev,R10PAC_OECD,3.63313
Full,REMIND-MAgPIE 2.1-4.2,SusDev-SSP2-NDC,High-RE,2C,REMIND,SusDev,R10REF_ECON,13.282805
Full,REMIND-MAgPIE 2.1-4.2,SusDev-SSP2-NDC,High-RE,2C,REMIND,SusDev,R10REST_ASIA,60.837465
Full,REMIND-MAgPIE 2.1-4.2,SusDev-SSP2-NPi,High-RE,2C,REMIND,SusDev,Aggregated R10 regions,474.627555
Full,REMIND-MAgPIE 2.1-4.2,SusDev-SSP2-NPi,High-RE,2C,REMIND,SusDev,R10AFRICA,79.12344
Full,REMIND-MAgPIE 2.1-4.2,SusDev-SSP2-NPi,High-RE,2C,REMIND,SusDev,R10CHINA+,83.867405
Full,REMIND-MAgPIE 2.1-4.2,SusDev-SSP2-NPi,High-RE,2C,REMIND,SusDev,R10EUROPE,11.209075
Full,REMIND-MAgPIE 2.1-4.2,SusDev-SSP2-NPi,High-RE,2C,REMIND,SusDev,R10INDIA+,148.157265
Full,REMIND-MAgPIE 2.1-4.2,SusDev-SSP2-NPi,High-RE,2C,REMIND,SusDev,R10LATIN_AM,14.813915
Full,REMIND-MAgPIE 2.1-4.2,SusDev-SSP2-NPi,High-RE,2C,REMIND,SusDev,R10MIDDLE_EAST,46.910225
Full,REMIND-MAgPIE 2.1-4.2,SusDev-SSP2-NPi,High-RE,2C,REMIND,SusDev,R10NORTH_AM,8.16457
Full,REMIND-MAgPIE 2.1-4.2,SusDev-SSP2-NPi,High-RE,2C,REMIND,SusDev,R10PAC_OECD,3.68481
Full,REMIND-MAgPIE 2.1-4.2,SusDev-SSP2-NPi,High-RE,2C,REMIND,SusDev,R10REF_ECON,13.378405
Full,REMIND-MAgPIE 2.1-4.2,SusDev-SSP2-NPi,High-RE,2C,REMIND,SusDev,R10REST_ASIA,65.318445
Full,REMIND-MAgPIE 2.1-4.3,DeepElectrification-SSP2-Default-1300,High-RE,2C,REMIND,DeepElectrification,Aggregated R10 regions,421.408885
Full,REMIND-MAgPIE 2.1-4.3,DeepElectrification-SSP2-Default-1300,High-RE,2C,REMIND,DeepElectrification,R10AFRICA,78.5774
Full,REMIND-MAgPIE 2.1-4.3,DeepElectrification-SSP2-Default-1300,High-RE,2C,REMIND,DeepElectrification,R10CHINA+,77.83666
Full,REMIND-MAgPIE 2.1-4.3,DeepElectrification-SSP2-Default-1300,High-RE,2C,REMIND,DeepElectrification,R10EUROPE,11.19344
Full,REMIND-MAgPIE 2.1-4.3,DeepElectrification-SSP2-Default-1300,High-RE,2C,REMIND,DeepElectrification,R10INDIA+,108.494635
Full,REMIND-MAgPIE 2.1-4.3,DeepElectrification-SSP2-Default-1300,High-RE,2C,REMIND,DeepElectrification,R10LATIN_AM,15.66286
Full,REMIND-MAgPIE 2.1-4.3,DeepElectrification-SSP2-Default-1300,High-RE,2C,REMIND,DeepElectrification,R10MIDDLE_EAST,46.475475
Full,REMIND-MAgPIE 2.1-4.3,DeepElectrification-SSP2-Default-1300,High-RE,2C,REMIND,DeepElectrification,R10NORTH_AM,8.89422
Full,REMIND-MAgPIE 2.1-4.3,DeepElectrification-SSP2-Default-1300,High-RE,2C,REMIND,DeepElectrification,R10PAC_OECD,3.59502
Full,REMIND-MAgPIE 2.1-4.3,DeepElectrification-SSP2-Default-1300,High-RE,2C,REMIND,DeepElectrification,R10REF_ECON,13.21453
Full,REMIND-MAgPIE 2.1-4.3,DeepElectrification-SSP2-Default-1300,High-RE,2C,REMIND,DeepElectrification,R10REST_ASIA,57.464645
Full,REMIND-MAgPIE 2.1-4.3,DeepElectrification-SSP2-HighRenewables-1100,High-RE,2C,REMIND,DeepElectrification,Aggregated R10 regions,406.01141
Full,REMIND-MAgPIE 2.1-4.3,DeepElectrification-SSP2-HighRenewables-1100,High-RE,2C,REMIND,DeepElectrification,R10AFRICA,78.25249
Full,REMIND-MAgPIE 2.1-4.3,DeepElectrification-SSP2-HighRenewables-1100,High-RE,2C,REMIND,DeepElectrification,R10CHINA+,76.36503
Full,REMIND-MAgPIE 2.1-4.3,DeepElectrification-SSP2-HighRenewables-1100,High-RE,2C,REMIND,DeepElectrification,R10EUROPE,11.11693
Full,REMIND-MAgPIE 2.1-4.3,DeepElectrification-SSP2-HighRenewables-1100,High-RE,2C,REMIND,DeepElectrification,R10INDIA+,97.69906
Full,REMIND-MAgPIE 2.1-4.3,DeepElectrification-SSP2-HighRenewables-1100,High-RE,2C,REMIND,DeepElectrification,R10LATIN_AM,15.57915
Full,REMIND-MAgPIE 2.1-4.3,DeepElectrification-SSP2-HighRenewables-1100,High-RE,2C,REMIND,DeepElectrification,R10MIDDLE_EAST,46.03793
Full,REMIND-MAgPIE 2.1-4.3,DeepElectrification-SSP2-HighRenewables-1100,High-RE,2C,REMIND,DeepElectrification,R10NORTH_AM,8.89194
Full,REMIND-MAgPIE 2.1-4.3,DeepElectrification-SSP2-HighRenewables-1100,High-RE,2C,REMIND,DeepElectrification,R10PAC_OECD,3.57142
Full,REMIND-MAgPIE 2.1-4.3,DeepElectrification-SSP2-HighRenewables-1100,High-RE,2C,REMIND,DeepElectrification,R10REF_ECON,13.11409
Full,REMIND-MAgPIE 2.1-4.3,DeepElectrification-SSP2-HighRenewables-1100,High-RE,2C,REMIND,DeepElectrification,R10REST_ASIA,55.38337
Full,REMIND-MAgPIE 2.1-4.3,DeepElectrification-SSP2-HighRenewables-1300,High-RE,2C,REMIND,DeepElectrification,Aggregated R10 regions,410.815545
Full,REMIND-MAgPIE 2.1-4.3,DeepElectrification-SSP2-HighRenewables-1300,High-RE,2C,REMIND,DeepElectrification,R10AFRICA,78.349245
Full,REMIND-MAgPIE 2.1-4.3,DeepElectrification-SSP2-HighRenewables-1300,High-RE,2C,REMIND,DeepElectrification,R10CHINA+,76.84807
Full,REMIND-MAgPIE 2.1-4.3,DeepElectrification-SSP2-HighRenewables-1300,High-RE,2C,REMIND,DeepElectrification,R10EUROPE,11.12681
Full,REMIND-MAgPIE 2.1-4.3,DeepElectrification-SSP2-HighRenewables-1300,High-RE,2C,REMIND,DeepElectrification,R10INDIA+,100.87819
Full,REMIND-MAgPIE 2.1-4.3,DeepElectrification-SSP2-HighRenewables-1300,High-RE,2C,REMIND,DeepElectrification,R10LATIN_AM,15.60589
Full,REMIND-MAgPIE 2.1-4.3,DeepElectrification-SSP2-HighRenewables-1300,High-RE,2C,REMIND,DeepElectrification,R10MIDDLE_EAST,46.14576
Full,REMIND-MAgPIE 2.1-4.3,DeepElectrification-SSP2-HighRenewables-1300,High-RE,2C,REMIND,DeepElectrification,R10NORTH_AM,8.89194
Full,REMIND-MAgPIE 2.1-4.3,DeepElectrification-SSP2-HighRenewables-1300,High-RE,2C,REMIND,DeepElectrification,R10PAC_OECD,3.57789
Full,REMIND-MAgPIE 2.1-4.3,DeepElectrification-SSP2-HighRenewables-1300,High-RE,2C,REMIND,DeepElectrification,R10REF_ECON,13.16291
Full,REMIND-MAgPIE 2.1-4.3,DeepElectrification-SSP2-HighRenewables-1300,High-RE,2C,REMIND,DeepElectrification,R10REST_ASIA,56.22884
Full,REMIND-MAgPIE 2.1-4.3,DeepElectrification-SSP2-HighRenewables-900,High-RE,1.5C,REMIND,DeepElectrification,Aggregated R10 regions,400.847605
Full,REMIND-MAgPIE 2.1-4.3,DeepElectrification-SSP2-HighRenewables-900,High-RE,1.5C,REMIND,DeepElectrification,R10AFRICA,78.10776
Full,REMIND-MAgPIE 2.1-4.3,DeepElectrification-SSP2-HighRenewables-900,High-RE,1.5C,REMIND,DeepElectrification,R10CHINA+,75.5771
Full,REMIND-MAgPIE 2.1-4.3,DeepElectrification-SSP2-HighRenewables-900,High-RE,1.5C,REMIND,DeepElectrification,R10EUROPE,11.08917
Full,REMIND-MAgPIE 2.1-4.3,DeepElectrification-SSP2-HighRenewables-900,High-RE,1.5C,REMIND,DeepElectrification,R10INDIA+,94.57652
Full,REMIND-MAgPIE 2.1-4.3,DeepElectrification-SSP2-HighRenewables-900,High-RE,1.5C,REMIND,DeepElectrification,R10LATIN_AM,15.54125
Full,REMIND-MAgPIE 2.1-4.3,DeepElectrification-SSP2-HighRenewables-900,High-RE,1.5C,REMIND,DeepElectrification,R10MIDDLE_EAST,45.8178
Full,REMIND-MAgPIE 2.1-4.3,DeepElectrification-SSP2-HighRenewables-900,High-RE,1.5C,REMIND,DeepElectrification,R10NORTH_AM,8.87797
Full,REMIND-MAgPIE 2.1-4.3,DeepElectrification-SSP2-HighRenewables-900,High-RE,1.5C,REMIND,DeepElectrification,R10PAC_OECD,3.56011
Full,REMIND-MAgPIE 2.1-4.3,DeepElectrification-SSP2-HighRenewables-900,High-RE,1.5C,REMIND,DeepElectrification,R10REF_ECON,13.08396
Full,REMIND-MAgPIE 2.1-4.3,DeepElectrification-SSP2-HighRenewables-900,High-RE,1.5C,REMIND,DeepElectrification,R10REST_ASIA,54.615965
Full,REMIND-MAgPIE 3.2-4.6,SHAPE-SSP2-NPi,High-RE,2C,REMIND,SHAPE,Aggregated R10 regions,417.842495
Full,REMIND-MAgPIE 3.2-4.6,SHAPE-SSP2-NPi,High-RE,2C,REMIND,SHAPE,R10AFRICA,78.71315
Full,REMIND-MAgPIE 3.2-4.6,SHAPE-SSP2-NPi,High-RE,2C,REMIND,SHAPE,R10CHINA+,82.47408
Full,REMIND-MAgPIE 3.2-4.6,SHAPE-SSP2-NPi,High-RE,2C,REMIND,SHAPE,R10EUROPE,10.910045
Full,REMIND-MAgPIE 3.2-4.6,SHAPE-SSP2-NPi,High-RE,2C,REMIND,SHAPE,R10INDIA+,101.96718
Full,REMIND-MAgPIE 3.2-4.6,SHAPE-SSP2-NPi,High-RE,2C,REMIND,SHAPE,R10LATIN_AM,14.88968
Full,REMIND-MAgPIE 3.2-4.6,SHAPE-SSP2-NPi,High-RE,2C,REMIND,SHAPE,R10MIDDLE_EAST,47.01195
Full,REMIND-MAgPIE 3.2-4.6,SHAPE-SSP2-NPi,High-RE,2C,REMIND,SHAPE,R10NORTH_AM,8.089405
Full,REMIND-MAgPIE 3.2-4.6,SHAPE-SSP2-NPi,High-RE,2C,REMIND,SHAPE,R10PAC_OECD,3.67087
Full,REMIND-MAgPIE 3.2-4.6,SHAPE-SSP2-NPi,High-RE,2C,REMIND,SHAPE,R10REF_ECON,13.554465
Full,REMIND-MAgPIE 3.2-4.6,SHAPE-SSP2-NPi,High-RE,2C,REMIND,SHAPE,R10REST_ASIA,56.56167
Full,REMIND-MAgPIE 3.2-4.6,SHAPE-SSP2-NPi [with Climate Change Impacts],High-RE,2C,REMIND,SHAPE,Aggregated R10 regions,418.00089
Full,REMIND-MAgPIE 3.2-4.6,SHAPE-SSP2-NPi [with Climate Change Impacts],High-RE,2C,REMIND,SHAPE,R10AFRICA,78.72965
Full,REMIND-MAgPIE 3.2-4.6,SHAPE-SSP2-NPi [with Climate Change Impacts],High-RE,2C,REMIND,SHAPE,R10CHINA+,82.47774
Full,REMIND-MAgPIE 3.2-4.6,SHAPE-SSP2-NPi [with Climate Change Impacts],High-RE,2C,REMIND,SHAPE,R10EUROPE,10.910045
Full,REMIND-MAgPIE 3.2-4.6,SHAPE-SSP2-NPi [with Climate Change Impacts],High-RE,2C,REMIND,SHAPE,R10INDIA+,102.08592
Full,REMIND-MAgPIE 3.2-4.6,SHAPE-SSP2-NPi [with Climate Change Impacts],High-RE,2C,REMIND,SHAPE,R10LATIN_AM,14.894375
Full,REMIND-MAgPIE 3.2-4.6,SHAPE-SSP2-NPi [with Climate Change Impacts],High-RE,2C,REMIND,SHAPE,R10MIDDLE_EAST,47.01195
Full,REMIND-MAgPIE 3.2-4.6,SHAPE-SSP2-NPi [with Climate Change Impacts],High-RE,2C,REMIND,SHAPE,R10NORTH_AM,8.089405
Full,REMIND-MAgPIE 3.2-4.6,SHAPE-SSP2-NPi [with Climate Change Impacts],High-RE,2C,REMIND,SHAPE,R10PAC_OECD,3.67087
Full,REMIND-MAgPIE 3.2-4.6,SHAPE-SSP2-NPi [with Climate Change Impacts],High-RE,2C,REMIND,SHAPE,R10REF_ECON,13.554465
Full,REMIND-MAgPIE 3.2-4.6,SHAPE-SSP2-NPi [with Climate Change Impacts],High-RE,2C,REMIND,SHAPE,R10REST_ASIA,56.57647
Full,REMIND-MAgPIE 3.2.0-4.8.0,RESCUE-End-of-Century-Budget-1150,High-RE,2C,REMIND,RESCUE,Aggregated R10 regions,413.82118
Full,REMIND-MAgPIE 3.2.0-4.8.0,RESCUE-End-of-Century-Budget-1150,High-RE,2C,REMIND,RESCUE,R10AFRICA,78.81995
Full,REMIND-MAgPIE 3.2.0-4.8.0,RESCUE-End-of-Century-Budget-1150,High-RE,2C,REMIND,RESCUE,R10CHINA+,81.61383
Full,REMIND-MAgPIE 3.2.0-4.8.0,RESCUE-End-of-Century-Budget-1150,High-RE,2C,REMIND,RESCUE,R10EUROPE,11.997035
Full,REMIND-MAgPIE 3.2.0-4.8.0,RESCUE-End-of-Century-Budget-1150,High-RE,2C,REMIND,RESCUE,R10INDIA+,97.31363
Full,REMIND-MAgPIE 3.2.0-4.8.0,RESCUE-End-of-Century-Budget-1150,High-RE,2C,REMIND,RESCUE,R10LATIN_AM,15.884595
Full,REMIND-MAgPIE 3.2.0-4.8.0,RESCUE-End-of-Century-Budget-1150,High-RE,2C,REMIND,RESCUE,R10MIDDLE_EAST,46.696485
Full,REMIND-MAgPIE 3.2.0-4.8.0,RESCUE-End-of-Century-Budget-1150,High-RE,2C,REMIND,RESCUE,R10NORTH_AM,8.93799
Full,REMIND-MAgPIE 3.2.0-4.8.0,RESCUE-End-of-Century-Budget-1150,High-RE,2C,REMIND,RESCUE,R10PAC_OECD,3.633605
Full,REMIND-MAgPIE 3.2.0-4.8.0,RESCUE-End-of-Century-Budget-1150,High-RE,2C,REMIND,RESCUE,R10REF_ECON,13.478345
Full,REMIND-MAgPIE 3.2.0-4.8.0,RESCUE-End-of-Century-Budget-1150,High-RE,2C,REMIND,RESCUE,R10REST_ASIA,55.445715
Full,REMIND-MAgPIE 3.2.0-4.8.0,RESCUE-End-of-Century-Budget-1150-with-OAE,High-RE,2C,REMIND,RESCUE,Aggregated R10 regions,414.09453
Full,REMIND-MAgPIE 3.2.0-4.8.0,RESCUE-End-of-Century-Budget-1150-with-OAE,High-RE,2C,REMIND,RESCUE,R10AFRICA,78.82282
Full,REMIND-MAgPIE 3.2.0-4.8.0,RESCUE-End-of-Century-Budget-1150-with-OAE,High-RE,2C,REMIND,RESCUE,R10CHINA+,81.66761
Full,REMIND-MAgPIE 3.2.0-4.8.0,RESCUE-End-of-Century-Budget-1150-with-OAE,High-RE,2C,REMIND,RESCUE,R10EUROPE,11.998435
Full,REMIND-MAgPIE 3.2.0-4.8.0,RESCUE-End-of-Century-Budget-1150-with-OAE,High-RE,2C,REMIND,RESCUE,R10INDIA+,97.486315
Full,REMIND-MAgPIE 3.2.0-4.8.0,RESCUE-End-of-Century-Budget-1150-with-OAE,High-RE,2C,REMIND,RESCUE,R10LATIN_AM,15.897785
Full,REMIND-MAgPIE 3.2.0-4.8.0,RESCUE-End-of-Century-Budget-1150-with-OAE,High-RE,2C,REMIND,RESCUE,R10MIDDLE_EAST,46.70461
Full,REMIND-MAgPIE 3.2.0-4.8.0,RESCUE-End-of-Century-Budget-1150-with-OAE,High-RE,2C,REMIND,RESCUE,R10NORTH_AM,8.93799
Full,REMIND-MAgPIE 3.2.0-4.8.0,RESCUE-End-of-Century-Budget-1150-with-OAE,High-RE,2C,REMIND,RESCUE,R10PAC_OECD,3.633605
Full,REMIND-MAgPIE 3.2.0-4.8.0,RESCUE-End-of-Century-Budget-1150-with-OAE,High-RE,2C,REMIND,RESCUE,R10REF_ECON,13.478345
Full,REMIND-MAgPIE 3.2.0-4.8.0,RESCUE-End-of-Century-Budget-1150-with-OAE,High-RE,2C,REMIND,RESCUE,R10REST_ASIA,55.467015
Full,REMIND-MAgPIE 3.2.0-4.8.0,RESCUE-End-of-Century-Budget-500,High-RE,1.5C,REMIND,RESCUE,Aggregated R10 regions,410.709315
Full,REMIND-MAgPIE 3.2.0-4.8.0,RESCUE-End-of-Century-Budget-500,High-RE,1.5C,REMIND,RESCUE,R10AFRICA,78.659675
Full,REMIND-MAgPIE 3.2.0-4.8.0,RESCUE-End-of-Century-Budget-500,High-RE,1.5C,REMIND,RESCUE,R10CHINA+,80.84708
Full,REMIND-MAgPIE 3.2.0-4.8.0,RESCUE-End-of-Century-Budget-500,High-RE,1.5C,REMIND,RESCUE,R10EUROPE,11.930575
Full,REMIND-MAgPIE 3.2.0-4.8.0,RESCUE-End-of-Century-Budget-500,High-RE,1.5C,REMIND,RESCUE,R10INDIA+,95.767725
Full,REMIND-MAgPIE 3.2.0-4.8.0,RESCUE-End-of-Century-Budget-500,High-RE,1.5C,REMIND,RESCUE,R10LATIN_AM,15.876035
Full,REMIND-MAgPIE 3.2.0-4.8.0,RESCUE-End-of-Century-Budget-500,High-RE,1.5C,REMIND,RESCUE,R10MIDDLE_EAST,46.55683
Full,REMIND-MAgPIE 3.2.0-4.8.0,RESCUE-End-of-Century-Budget-500,High-RE,1.5C,REMIND,RESCUE,R10NORTH_AM,8.93624
Full,REMIND-MAgPIE 3.2.0-4.8.0,RESCUE-End-of-Century-Budget-500,High-RE,1.5C,REMIND,RESCUE,R10PAC_OECD,3.626335
Full,REMIND-MAgPIE 3.2.0-4.8.0,RESCUE-End-of-Century-Budget-500,High-RE,1.5C,REMIND,RESCUE,R10REF_ECON,13.451825
Full,REMIND-MAgPIE 3.2.0-4.8.0,RESCUE-End-of-Century-Budget-500,High-RE,1.5C,REMIND,RESCUE,R10REST_ASIA,55.056995
Full,REMIND-MAgPIE 3.2.0-4.8.0,RESCUE-End-of-Century-Budget-500-with-OAE,High-RE,1.5C,REMIND,RESCUE,Aggregated R10 regions,410.989995
Full,REMIND-MAgPIE 3.2.0-4.8.0,RESCUE-End-of-Century-Budget-500-with-OAE,High-RE,1.5C,REMIND,RESCUE,R10AFRICA,78.659675
Full,REMIND-MAgPIE 3.2.0-4.8.0,RESCUE-End-of-Century-Budget-500-with-OAE,High-RE,1.5C,REMIND,RESCUE,R10CHINA+,80.84859
Full,REMIND-MAgPIE 3.2.0-4.8.0,RESCUE-End-of-Century-Budget-500-with-OAE,High-RE,1.5C,REMIND,RESCUE,R10EUROPE,11.935795
Full,REMIND-MAgPIE 3.2.0-4.8.0,RESCUE-End-of-Century-Budget-500-with-OAE,High-RE,1.5C,REMIND,RESCUE,R10INDIA+,95.959835
Full,REMIND-MAgPIE 3.2.0-4.8.0,RESCUE-End-of-Century-Budget-500-with-OAE,High-RE,1.5C,REMIND,RESCUE,R10LATIN_AM,15.869445
Full,REMIND-MAgPIE 3.2.0-4.8.0,RESCUE-End-of-Century-Budget-500-with-OAE,High-RE,1.5C,REMIND,RESCUE,R10MIDDLE_EAST,46.58873
Full,REMIND-MAgPIE 3.2.0-4.8.0,RESCUE-End-of-Century-Budget-500-with-OAE,High-RE,1.5C,REMIND,RESCUE,R10NORTH_AM,8.91179
Full,REMIND-MAgPIE 3.2.0-4.8.0,RESCUE-End-of-Century-Budget-500-with-OAE,High-RE,1.5C,REMIND,RESCUE,R10PAC_OECD,3.626335
Full,REMIND-MAgPIE 3.2.0-4.8.0,RESCUE-End-of-Century-Budget-500-with-OAE,High-RE,1.5C,REMIND,RESCUE,R10REF_ECON,13.451825
Full,REMIND-MAgPIE 3.2.0-4.8.0,RESCUE-End-of-Century-Budget-500-with-OAE,High-RE,1.5C,REMIND,RESCUE,R10REST_ASIA,55.137975
Full,REMIND-MAgPIE 3.2.0-4.8.0,RESCUE-Peak-Budget-1150,High-RE,2C,REMIND,RESCUE,Aggregated R10 regions,409.251245
Full,REMIND-MAgPIE 3.2.0-4.8.0,RESCUE-Peak-Budget-1150,High-RE,2C,REMIND,RESCUE,R10AFRICA,78.826575
Full,REMIND-MAgPIE 3.2.0-4.8.0,RESCUE-Peak-Budget-1150,High-RE,2C,REMIND,RESCUE,R10CHINA+,79.343565
Full,REMIND-MAgPIE 3.2.0-4.8.0,RESCUE-Peak-Budget-1150,High-RE,2C,REMIND,RESCUE,R10EUROPE,11.90242
Full,REMIND-MAgPIE 3.2.0-4.8.0,RESCUE-Peak-Budget-1150,High-RE,2C,REMIND,RESCUE,R10INDIA+,95.92536
Full,REMIND-MAgPIE 3.2.0-4.8.0,RESCUE-Peak-Budget-1150,High-RE,2C,REMIND,RESCUE,R10LATIN_AM,15.822505
Full,REMIND-MAgPIE 3.2.0-4.8.0,RESCUE-Peak-Budget-1150,High-RE,2C,REMIND,RESCUE,R10MIDDLE_EAST,46.51672
Full,REMIND-MAgPIE 3.2.0-4.8.0,RESCUE-Peak-Budget-1150,High-RE,2C,REMIND,RESCUE,R10NORTH_AM,8.92236
Full,REMIND-MAgPIE 3.2.0-4.8.0,RESCUE-Peak-Budget-1150,High-RE,2C,REMIND,RESCUE,R10PAC_OECD,3.615405
Full,REMIND-MAgPIE 3.2.0-4.8.0,RESCUE-Peak-Budget-1150,High-RE,2C,REMIND,RESCUE,R10REF_ECON,13.36632
Full,REMIND-MAgPIE 3.2.0-4.8.0,RESCUE-Peak-Budget-1150,High-RE,2C,REMIND,RESCUE,R10REST_ASIA,55.010015
Full,REMIND-MAgPIE 3.2.0-4.8.0,RESCUE-Peak-Budget-1150-with-OAE,High-RE,2C,REMIND,RESCUE,Aggregated R10 regions,409.293365
Full,REMIND-MAgPIE 3.2.0-4.8.0,RESCUE-Peak-Budget-1150-with-OAE,High-RE,2C,REMIND,RESCUE,R10AFRICA,78.826575
Full,REMIND-MAgPIE 3.2.0-4.8.0,RESCUE-Peak-Budget-1150-with-OAE,High-RE,2C,REMIND,RESCUE,R10CHINA+,79.345555
Full,REMIND-MAgPIE 3.2.0-4.8.0,RESCUE-Peak-Budget-1150-with-OAE,High-RE,2C,REMIND,RESCUE,R10EUROPE,11.90242
Full,REMIND-MAgPIE 3.2.0-4.8.0,RESCUE-Peak-Budget-1150-with-OAE,High-RE,2C,REMIND,RESCUE,R10INDIA+,95.97699
Full,REMIND-MAgPIE 3.2.0-4.8.0,RESCUE-Peak-Budget-1150-with-OAE,High-RE,2C,REMIND,RESCUE,R10LATIN_AM,15.822505
Full,REMIND-MAgPIE 3.2.0-4.8.0,RESCUE-Peak-Budget-1150-with-OAE,High-RE,2C,REMIND,RESCUE,R10MIDDLE_EAST,46.50847
Full,REMIND-MAgPIE 3.2.0-4.8.0,RESCUE-Peak-Budget-1150-with-OAE,High-RE,2C,REMIND,RESCUE,R10NORTH_AM,8.92236
Full,REMIND-MAgPIE 3.2.0-4.8.0,RESCUE-Peak-Budget-1150-with-OAE,High-RE,2C,REMIND,RESCUE,R10PAC_OECD,3.615405
Full,REMIND-MAgPIE 3.2.0-4.8.0,RESCUE-Peak-Budget-1150-with-OAE,High-RE,2C,REMIND,RESCUE,R10REF_ECON,13.36632
Full,REMIND-MAgPIE 3.2.0-4.8.0,RESCUE-Peak-Budget-1150-with-OAE,High-RE,2C,REMIND,RESCUE,R10REST_ASIA,55.006765
Full,REMIND-MAgPIE 3.2.0-4.8.0,RESCUE-Peak-Budget-500,High-RE,1.5C,REMIND,RESCUE,Aggregated R10 regions,400.59266
Full,REMIND-MAgPIE 3.2.0-4.8.0,RESCUE-Peak-Budget-500,High-RE,1.5C,REMIND,RESCUE,R10AFRICA,78.60241
Full,REMIND-MAgPIE 3.2.0-4.8.0,RESCUE-Peak-Budget-500,High-RE,1.5C,REMIND,RESCUE,R10CHINA+,77.019555
Full,REMIND-MAgPIE 3.2.0-4.8.0,RESCUE-Peak-Budget-500,High-RE,1.5C,REMIND,RESCUE,R10EUROPE,11.789885
Full,REMIND-MAgPIE 3.2.0-4.8.0,RESCUE-Peak-Budget-500,High-RE,1.5C,REMIND,RESCUE,R10INDIA+,91.60776
Full,REMIND-MAgPIE 3.2.0-4.8.0,RESCUE-Peak-Budget-500,High-RE,1.5C,REMIND,RESCUE,R10LATIN_AM,15.743305
Full,REMIND-MAgPIE 3.2.0-4.8.0,RESCUE-Peak-Budget-500,High-RE,1.5C,REMIND,RESCUE,R10MIDDLE_EAST,46.20829
Full,REMIND-MAgPIE 3.2.0-4.8.0,RESCUE-Peak-Budget-500,High-RE,1.5C,REMIND,RESCUE,R10NORTH_AM,8.89194
Full,REMIND-MAgPIE 3.2.0-4.8.0,RESCUE-Peak-Budget-500,High-RE,1.5C,REMIND,RESCUE,R10PAC_OECD,3.590955
Full,REMIND-MAgPIE 3.2.0-4.8.0,RESCUE-Peak-Budget-500,High-RE,1.5C,REMIND,RESCUE,R10REF_ECON,13.19187
Full,REMIND-MAgPIE 3.2.0-4.8.0,RESCUE-Peak-Budget-500,High-RE,1.5C,REMIND,RESCUE,R10REST_ASIA,53.94669
Full,REMIND-MAgPIE 3.2.0-4.8.0,RESCUE-Peak-Budget-500-with-OAE,High-RE,2C,REMIND,RESCUE,Aggregated R10 regions,400.8961
Full,REMIND-MAgPIE 3.2.0-4.8.0,RESCUE-Peak-Budget-500-with-OAE,High-RE,2C,REMIND,RESCUE,R10AFRICA,78.59322
Full,REMIND-MAgPIE 3.2.0-4.8.0,RESCUE-Peak-Budget-500-with-OAE,High-RE,2C,REMIND,RESCUE,R10CHINA+,77.173335
Full,REMIND-MAgPIE 3.2.0-4.8.0,RESCUE-Peak-Budget-500-with-OAE,High-RE,2C,REMIND,RESCUE,R10EUROPE,11.794845
Full,REMIND-MAgPIE 3.2.0-4.8.0,RESCUE-Peak-Budget-500-with-OAE,High-RE,2C,REMIND,RESCUE,R10INDIA+,91.68815
Full,REMIND-MAgPIE 3.2.0-4.8.0,RESCUE-Peak-Budget-500-with-OAE,High-RE,2C,REMIND,RESCUE,R10LATIN_AM,15.738465
Full,REMIND-MAgPIE 3.2.0-4.8.0,RESCUE-Peak-Budget-500-with-OAE,High-RE,2C,REMIND,RESCUE,R10MIDDLE_EAST,46.22354
Full,REMIND-MAgPIE 3.2.0-4.8.0,RESCUE-Peak-Budget-500-with-OAE,High-RE,2C,REMIND,RESCUE,R10NORTH_AM,8.89194
Full,REMIND-MAgPIE 3.2.0-4.8.0,RESCUE-Peak-Budget-500-with-OAE,High-RE,2C,REMIND,RESCUE,R10PAC_OECD,3.601895
Full,REMIND-MAgPIE 3.2.0-4.8.0,RESCUE-Peak-Budget-500-with-OAE,High-RE,2C,REMIND,RESCUE,R10REF_ECON,13.20494
Full,REMIND-MAgPIE 3.2.0-4.8.0,RESCUE-Peak-Budget-500-with-OAE,High-RE,2C,REMIND,RESCUE,R10REST_ASIA,53.98577
Full,REMIND-MAgPIE 3.3-4.8,NGFS Phase 5-Below 2°C,High-RE,2C,REMIND,NGFS Phase 5,Aggregated R10 regions,427.25563
Full,REMIND-MAgPIE 3.3-4.8,NGFS Phase 5-Below 2°C,High-RE,2C,REMIND,NGFS Phase 5,R10AFRICA,78.904725
Full,REMIND-MAgPIE 3.3-4.8,NGFS Phase 5-Below 2°C,High-RE,2C,REMIND,NGFS Phase 5,R10CHINA+,87.788065
Full,REMIND-MAgPIE 3.3-4.8,NGFS Phase 5-Below 2°C,High-RE,2C,REMIND,NGFS Phase 5,R10EUROPE,17.50266
Full,REMIND-MAgPIE 3.3-4.8,NGFS Phase 5-Below 2°C,High-RE,2C,REMIND,NGFS Phase 5,R10INDIA+,93.719515
Full,REMIND-MAgPIE 3.3-4.8,NGFS Phase 5-Below 2°C,High-RE,2C,REMIND,NGFS Phase 5,R10LATIN_AM,16.462585
Full,REMIND-MAgPIE 3.3-4.8,NGFS Phase 5-Below 2°C,High-RE,2C,REMIND,NGFS Phase 5,R10MIDDLE_EAST,49.796205
Full,REMIND-MAgPIE 3.3-4.8,NGFS Phase 5-Below 2°C,High-RE,2C,REMIND,NGFS Phase 5,R10NORTH_AM,10.447035
Full,REMIND-MAgPIE 3.3-4.8,NGFS Phase 5-Below 2°C,High-RE,2C,REMIND,NGFS Phase 5,R10PAC_OECD,3.79811
Full,REMIND-MAgPIE 3.3-4.8,NGFS Phase 5-Below 2°C,High-RE,2C,REMIND,NGFS Phase 5,R10REF_ECON,13.95218
Full,REMIND-MAgPIE 3.3-4.8,NGFS Phase 5-Below 2°C,High-RE,2C,REMIND,NGFS Phase 5,R10REST_ASIA,54.88455
Full,REMIND-MAgPIE 3.3-4.8,NGFS Phase 5-Current Policies,High-RE,2C,REMIND,NGFS Phase 5,Aggregated R10 regions,450.271695
Full,REMIND-MAgPIE 3.3-4.8,NGFS Phase 5-Current Policies,High-RE,2C,REMIND,NGFS Phase 5,R10AFRICA,79.244975
Full,REMIND-MAgPIE 3.3-4.8,NGFS Phase 5-Current Policies,High-RE,2C,REMIND,NGFS Phase 5,R10CHINA+,93.65256
Full,REMIND-MAgPIE 3.3-4.8,NGFS Phase 5-Current Policies,High-RE,2C,REMIND,NGFS Phase 5,R10EUROPE,19.452205
Full,REMIND-MAgPIE 3.3-4.8,NGFS Phase 5-Current Policies,High-RE,2C,REMIND,NGFS Phase 5,R10INDIA+,104.08179
Full,REMIND-MAgPIE 3.3-4.8,NGFS Phase 5-Current Policies,High-RE,2C,REMIND,NGFS Phase 5,R10LATIN_AM,15.87499
Full,REMIND-MAgPIE 3.3-4.8,NGFS Phase 5-Current Policies,High-RE,2C,REMIND,NGFS Phase 5,R10MIDDLE_EAST,52.054875
Full,REMIND-MAgPIE 3.3-4.8,NGFS Phase 5-Current Policies,High-RE,2C,REMIND,NGFS Phase 5,R10NORTH_AM,10.475965
Full,REMIND-MAgPIE 3.3-4.8,NGFS Phase 5-Current Policies,High-RE,2C,REMIND,NGFS Phase 5,R10PAC_OECD,3.88329
Full,REMIND-MAgPIE 3.3-4.8,NGFS Phase 5-Current Policies,High-RE,2C,REMIND,NGFS Phase 5,R10REF_ECON,14.5172
Full,REMIND-MAgPIE 3.3-4.8,NGFS Phase 5-Current Policies,High-RE,2C,REMIND,NGFS Phase 5,R10REST_ASIA,57.033845
Full,REMIND-MAgPIE 3.3-4.8,NGFS Phase 5-Delayed Transition,High-RE,2C,REMIND,NGFS Phase 5,Aggregated R10 regions,424.921765
Full,REMIND-MAgPIE 3.3-4.8,NGFS Phase 5-Delayed Transition,High-RE,2C,REMIND,NGFS Phase 5,R10AFRICA,78.917735
Full,REMIND-MAgPIE 3.3-4.8,NGFS Phase 5-Delayed Transition,High-RE,2C,REMIND,NGFS Phase 5,R10CHINA+,87.29762
Full,REMIND-MAgPIE 3.3-4.8,NGFS Phase 5-Delayed Transition,High-RE,2C,REMIND,NGFS Phase 5,R10EUROPE,15.92446
Full,REMIND-MAgPIE 3.3-4.8,NGFS Phase 5-Delayed Transition,High-RE,2C,REMIND,NGFS Phase 5,R10INDIA+,93.522775
Full,REMIND-MAgPIE 3.3-4.8,NGFS Phase 5-Delayed Transition,High-RE,2C,REMIND,NGFS Phase 5,R10LATIN_AM,16.528315
Full,REMIND-MAgPIE 3.3-4.8,NGFS Phase 5-Delayed Transition,High-RE,2C,REMIND,NGFS Phase 5,R10MIDDLE_EAST,50.07149
Full,REMIND-MAgPIE 3.3-4.8,NGFS Phase 5-Delayed Transition,High-RE,2C,REMIND,NGFS Phase 5,R10NORTH_AM,9.817225
Full,REMIND-MAgPIE 3.3-4.8,NGFS Phase 5-Delayed Transition,High-RE,2C,REMIND,NGFS Phase 5,R10PAC_OECD,3.78044
Full,REMIND-MAgPIE 3.3-4.8,NGFS Phase 5-Delayed Transition,High-RE,2C,REMIND,NGFS Phase 5,R10REF_ECON,13.972695
Full,REMIND-MAgPIE 3.3-4.8,NGFS Phase 5-Delayed Transition,High-RE,2C,REMIND,NGFS Phase 5,R10REST_ASIA,55.08901
Full,REMIND-MAgPIE 3.3-4.8,NGFS Phase 5-Fragmented World,High-RE,2C,REMIND,NGFS Phase 5,Aggregated R10 regions,440.193125
Full,REMIND-MAgPIE 3.3-4.8,NGFS Phase 5-Fragmented World,High-RE,2C,REMIND,NGFS Phase 5,R10AFRICA,79.486095
Full,REMIND-MAgPIE 3.3-4.8,NGFS Phase 5-Fragmented World,High-RE,2C,REMIND,NGFS Phase 5,R10CHINA+,93.664515
Full,REMIND-MAgPIE 3.3-4.8,NGFS Phase 5-Fragmented World,High-RE,2C,REMIND,NGFS Phase 5,R10EUROPE,17.89474
Full,REMIND-MAgPIE 3.3-4.8,NGFS Phase 5-Fragmented World,High-RE,2C,REMIND,NGFS Phase 5,R10INDIA+,96.08855
Full,REMIND-MAgPIE 3.3-4.8,NGFS Phase 5-Fragmented World,High-RE,2C,REMIND,NGFS Phase 5,R10LATIN_AM,16.73338
Full,REMIND-MAgPIE 3.3-4.8,NGFS Phase 5-Fragmented World,High-RE,2C,REMIND,NGFS Phase 5,R10MIDDLE_EAST,51.59405
Full,REMIND-MAgPIE 3.3-4.8,NGFS Phase 5-Fragmented World,High-RE,2C,REMIND,NGFS Phase 5,R10NORTH_AM,10.356625
Full,REMIND-MAgPIE 3.3-4.8,NGFS Phase 5-Fragmented World,High-RE,2C,REMIND,NGFS Phase 5,R10PAC_OECD,3.846295
Full,REMIND-MAgPIE 3.3-4.8,NGFS Phase 5-Fragmented World,High-RE,2C,REMIND,NGFS Phase 5,R10REF_ECON,14.185625
Full,REMIND-MAgPIE 3.3-4.8,NGFS Phase 5-Fragmented World,High-RE,2C,REMIND,NGFS Phase 5,R10REST_ASIA,56.34325
Full,REMIND-MAgPIE 3.3-4.8,NGFS Phase 5-Nationally Determined Contributions (NDCs),High-RE,2C,REMIND,NGFS Phase 5,Aggregated R10 regions,439.21914
Full,REMIND-MAgPIE 3.3-4.8,NGFS Phase 5-Nationally Determined Contributions (NDCs),High-RE,2C,REMIND,NGFS Phase 5,R10AFRICA,78.87384
Full,REMIND-MAgPIE 3.3-4.8,NGFS Phase 5-Nationally Determined Contributions (NDCs),High-RE,2C,REMIND,NGFS Phase 5,R10CHINA+,91.72005
Full,REMIND-MAgPIE 3.3-4.8,NGFS Phase 5-Nationally Determined Contributions (NDCs),High-RE,2C,REMIND,NGFS Phase 5,R10EUROPE,18.857365
Full,REMIND-MAgPIE 3.3-4.8,NGFS Phase 5-Nationally Determined Contributions (NDCs),High-RE,2C,REMIND,NGFS Phase 5,R10INDIA+,98.855105
Full,REMIND-MAgPIE 3.3-4.8,NGFS Phase 5-Nationally Determined Contributions (NDCs),High-RE,2C,REMIND,NGFS Phase 5,R10LATIN_AM,15.649335
Full,REMIND-MAgPIE 3.3-4.8,NGFS Phase 5-Nationally Determined Contributions (NDCs),High-RE,2C,REMIND,NGFS Phase 5,R10MIDDLE_EAST,51.31064
Full,REMIND-MAgPIE 3.3-4.8,NGFS Phase 5-Nationally Determined Contributions (NDCs),High-RE,2C,REMIND,NGFS Phase 5,R10NORTH_AM,10.288045
Full,REMIND-MAgPIE 3.3-4.8,NGFS Phase 5-Nationally Determined Contributions (NDCs),High-RE,2C,REMIND,NGFS Phase 5,R10PAC_OECD,3.87218
Full,REMIND-MAgPIE 3.3-4.8,NGFS Phase 5-Nationally Determined Contributions (NDCs),High-RE,2C,REMIND,NGFS Phase 5,R10REF_ECON,14.361635
Full,REMIND-MAgPIE 3.3-4.8,NGFS Phase 5-Nationally Determined Contributions (NDCs),High-RE,2C,REMIND,NGFS Phase 5,R10REST_ASIA,55.430945
Full,REMIND-MAgPIE 3.3-4.8,NGFS Phase 5-Net-Zero 2050,High-RE,1.5C,REMIND,NGFS Phase 5,Aggregated R10 regions,412.991225
Full,REMIND-MAgPIE 3.3-4.8,NGFS Phase 5-Net-Zero 2050,High-RE,1.5C,REMIND,NGFS Phase 5,R10AFRICA,78.522135
Full,REMIND-MAgPIE 3.3-4.8,NGFS Phase 5-Net-Zero 2050,High-RE,1.5C,REMIND,NGFS Phase 5,R10CHINA+,83.97431
Full,REMIND-MAgPIE 3.3-4.8,NGFS Phase 5-Net-Zero 2050,High-RE,1.5C,REMIND,NGFS Phase 5,R10EUROPE,15.693855
Full,REMIND-MAgPIE 3.3-4.8,NGFS Phase 5-Net-Zero 2050,High-RE,1.5C,REMIND,NGFS Phase 5,R10INDIA+,88.522445
Full,REMIND-MAgPIE 3.3-4.8,NGFS Phase 5-Net-Zero 2050,High-RE,1.5C,REMIND,NGFS Phase 5,R10LATIN_AM,16.270785
Full,REMIND-MAgPIE 3.3-4.8,NGFS Phase 5-Net-Zero 2050,High-RE,1.5C,REMIND,NGFS Phase 5,R10MIDDLE_EAST,48.691835
Full,REMIND-MAgPIE 3.3-4.8,NGFS Phase 5-Net-Zero 2050,High-RE,1.5C,REMIND,NGFS Phase 5,R10NORTH_AM,9.93086
Full,REMIND-MAgPIE 3.3-4.8,NGFS Phase 5-Net-Zero 2050,High-RE,1.5C,REMIND,NGFS Phase 5,R10PAC_OECD,3.74688
Full,REMIND-MAgPIE 3.3-4.8,NGFS Phase 5-Net-Zero 2050,High-RE,1.5C,REMIND,NGFS Phase 5,R10REF_ECON,13.722405
Full,REMIND-MAgPIE 3.3-4.8,NGFS Phase 5-Net-Zero 2050,High-RE,1.5C,REMIND,NGFS Phase 5,R10REST_ASIA,53.915715
Full,REMIND-Transport 2.1,Transport-1100-Conventional,High-RE,2C,REMIND,Transport,Aggregated R10 regions,410.786815
Full,REMIND-Transport 2.1,Transport-1100-Conventional,High-RE,2C,REMIND,Transport,R10AFRICA,78.514245
Full,REMIND-Transport 2.1,Transport-1100-Conventional,High-RE,2C,REMIND,Transport,R10CHINA+,76.611185
Full,REMIND-Transport 2.1,Transport-1100-Conventional,High-RE,2C,REMIND,Transport,R10EUROPE,11.15188
Full,REMIND-Transport 2.1,Transport-1100-Conventional,High-RE,2C,REMIND,Transport,R10INDIA+,100.738895
Full,REMIND-Transport 2.1,Transport-1100-Conventional,High-RE,2C,REMIND,Transport,R10LATIN_AM,15.705535
Full,REMIND-Transport 2.1,Transport-1100-Conventional,High-RE,2C,REMIND,Transport,R10MIDDLE_EAST,46.174785
Full,REMIND-Transport 2.1,Transport-1100-Conventional,High-RE,2C,REMIND,Transport,R10NORTH_AM,8.94027
Full,REMIND-Transport 2.1,Transport-1100-Conventional,High-RE,2C,REMIND,Transport,R10PAC_OECD,3.58948
Full,REMIND-Transport 2.1,Transport-1100-Conventional,High-RE,2C,REMIND,Transport,R10REF_ECON,13.105375
Full,REMIND-Transport 2.1,Transport-1100-Conventional,High-RE,2C,REMIND,Transport,R10REST_ASIA,56.255165
Full,REMIND-Transport 2.1,Transport-1100-Conventional-LowDemand,High-RE,2C,REMIND,Transport,Aggregated R10 regions,411.04511
Full,REMIND-Transport 2.1,Transport-1100-Conventional-LowDemand,High-RE,2C,REMIND,Transport,R10AFRICA,78.524235
Full,REMIND-Transport 2.1,Transport-1100-Conventional-LowDemand,High-RE,2C,REMIND,Transport,R10CHINA+,76.661085
Full,REMIND-Transport 2.1,Transport-1100-Conventional-LowDemand,High-RE,2C,REMIND,Transport,R10EUROPE,11.144785
Full,REMIND-Transport 2.1,Transport-1100-Conventional-LowDemand,High-RE,2C,REMIND,Transport,R10INDIA+,100.94174
Full,REMIND-Transport 2.1,Transport-1100-Conventional-LowDemand,High-RE,2C,REMIND,Transport,R10LATIN_AM,15.700385
Full,REMIND-Transport 2.1,Transport-1100-Conventional-LowDemand,High-RE,2C,REMIND,Transport,R10MIDDLE_EAST,46.128595
Full,REMIND-Transport 2.1,Transport-1100-Conventional-LowDemand,High-RE,2C,REMIND,Transport,R10NORTH_AM,8.94027
Full,REMIND-Transport 2.1,Transport-1100-Conventional-LowDemand,High-RE,2C,REMIND,Transport,R10PAC_OECD,3.58948
Full,REMIND-Transport 2.1,Transport-1100-Conventional-LowDemand,High-RE,2C,REMIND,Transport,R10REF_ECON,13.1062
Full,REMIND-Transport 2.1,Transport-1100-Conventional-LowDemand,High-RE,2C,REMIND,Transport,R10REST_ASIA,56.308335
Full,REMIND-Transport 2.1,Transport-1100-Conventional-SynFuel,High-RE,2C,REMIND,Transport,Aggregated R10 regions,415.866295
Full,REMIND-Transport 2.1,Transport-1100-Conventional-SynFuel,High-RE,2C,REMIND,Transport,R10AFRICA,78.634835
Full,REMIND-Transport 2.1,Transport-1100-Conventional-SynFuel,High-RE,2C,REMIND,Transport,R10CHINA+,77.249235
Full,REMIND-Transport 2.1,Transport-1100-Conventional-SynFuel,High-RE,2C,REMIND,Transport,R10EUROPE,11.21276
Full,REMIND-Transport 2.1,Transport-1100-Conventional-SynFuel,High-RE,2C,REMIND,Transport,R10INDIA+,104.03149
Full,REMIND-Transport 2.1,Transport-1100-Conventional-SynFuel,High-RE,2C,REMIND,Transport,R10LATIN_AM,15.760505
Full,REMIND-Transport 2.1,Transport-1100-Conventional-SynFuel,High-RE,2C,REMIND,Transport,R10MIDDLE_EAST,46.38441
Full,REMIND-Transport 2.1,Transport-1100-Conventional-SynFuel,High-RE,2C,REMIND,Transport,R10NORTH_AM,8.970615
Full,REMIND-Transport 2.1,Transport-1100-Conventional-SynFuel,High-RE,2C,REMIND,Transport,R10PAC_OECD,3.59502
Full,REMIND-Transport 2.1,Transport-1100-Conventional-SynFuel,High-RE,2C,REMIND,Transport,R10REF_ECON,13.131465
Full,REMIND-Transport 2.1,Transport-1100-Conventional-SynFuel,High-RE,2C,REMIND,Transport,R10REST_ASIA,56.89596
Full,REMIND-Transport 2.1,Transport-1100-Electrification,High-RE,2C,REMIND,Transport,Aggregated R10 regions,412.901975
Full,REMIND-Transport 2.1,Transport-1100-Electrification,High-RE,2C,REMIND,Transport,R10AFRICA,78.542395
Full,REMIND-Transport 2.1,Transport-1100-Electrification,High-RE,2C,REMIND,Transport,R10CHINA+,77.035065
Full,REMIND-Transport 2.1,Transport-1100-Electrification,High-RE,2C,REMIND,Transport,R10EUROPE,11.13576
Full,REMIND-Transport 2.1,Transport-1100-Electrification,High-RE,2C,REMIND,Transport,R10INDIA+,102.306695
Full,REMIND-Transport 2.1,Transport-1100-Electrification,High-RE,2C,REMIND,Transport,R10LATIN_AM,15.703425
Full,REMIND-Transport 2.1,Transport-1100-Electrification,High-RE,2C,REMIND,Transport,R10MIDDLE_EAST,46.02663
Full,REMIND-Transport 2.1,Transport-1100-Electrification,High-RE,2C,REMIND,Transport,R10NORTH_AM,8.94027
Full,REMIND-Transport 2.1,Transport-1100-Electrification,High-RE,2C,REMIND,Transport,R10PAC_OECD,3.58948
Full,REMIND-Transport 2.1,Transport-1100-Electrification,High-RE,2C,REMIND,Transport,R10REF_ECON,13.11831
Full,REMIND-Transport 2.1,Transport-1100-Electrification,High-RE,2C,REMIND,Transport,R10REST_ASIA,56.503945
Full,REMIND-Transport 2.1,Transport-1100-Electrification-LowDemand,High-RE,2C,REMIND,Transport,Aggregated R10 regions,412.52052
Full,REMIND-Transport 2.1,Transport-1100-Electrification-LowDemand,High-RE,2C,REMIND,Transport,R10AFRICA,78.570485
Full,REMIND-Transport 2.1,Transport-1100-Electrification-LowDemand,High-RE,2C,REMIND,Transport,R10CHINA+,76.978565
Full,REMIND-Transport 2.1,Transport-1100-Electrification-LowDemand,High-RE,2C,REMIND,Transport,R10EUROPE,11.126085
Full,REMIND-Transport 2.1,Transport-1100-Electrification-LowDemand,High-RE,2C,REMIND,Transport,R10INDIA+,102.02839
Full,REMIND-Transport 2.1,Transport-1100-Electrification-LowDemand,High-RE,2C,REMIND,Transport,R10LATIN_AM,15.702845
Full,REMIND-Transport 2.1,Transport-1100-Electrification-LowDemand,High-RE,2C,REMIND,Transport,R10MIDDLE_EAST,46.005375
Full,REMIND-Transport 2.1,Transport-1100-Electrification-LowDemand,High-RE,2C,REMIND,Transport,R10NORTH_AM,8.92639
Full,REMIND-Transport 2.1,Transport-1100-Electrification-LowDemand,High-RE,2C,REMIND,Transport,R10PAC_OECD,3.58948
Full,REMIND-Transport 2.1,Transport-1100-Electrification-LowDemand,High-RE,2C,REMIND,Transport,R10REF_ECON,13.11831
Full,REMIND-Transport 2.1,Transport-1100-Electrification-LowDemand,High-RE,2C,REMIND,Transport,R10REST_ASIA,56.474595
Full,REMIND-Transport 2.1,Transport-1100-H2,High-RE,2C,REMIND,Transport,Aggregated R10 regions,411.93444
Full,REMIND-Transport 2.1,Transport-1100-H2,High-RE,2C,REMIND,Transport,R10AFRICA,78.518605
Full,REMIND-Transport 2.1,Transport-1100-H2,High-RE,2C,REMIND,Transport,R10CHINA+,76.728355
Full,REMIND-Transport 2.1,Transport-1100-H2,High-RE,2C,REMIND,Transport,R10EUROPE,11.144515
Full,REMIND-Transport 2.1,Transport-1100-H2,High-RE,2C,REMIND,Transport,R10INDIA+,101.702825
Full,REMIND-Transport 2.1,Transport-1100-H2,High-RE,2C,REMIND,Transport,R10LATIN_AM,15.713945
Full,REMIND-Transport 2.1,Transport-1100-H2,High-RE,2C,REMIND,Transport,R10MIDDLE_EAST,46.06344
Full,REMIND-Transport 2.1,Transport-1100-H2,High-RE,2C,REMIND,Transport,R10NORTH_AM,8.94027
Full,REMIND-Transport 2.1,Transport-1100-H2,High-RE,2C,REMIND,Transport,R10PAC_OECD,3.58948
Full,REMIND-Transport 2.1,Transport-1100-H2,High-RE,2C,REMIND,Transport,R10REF_ECON,13.11067
Full,REMIND-Transport 2.1,Transport-1100-H2,High-RE,2C,REMIND,Transport,R10REST_ASIA,56.422335
Full,REMIND-Transport 2.1,Transport-NDC-Conventional,High-RE,2C,REMIND,Transport,Aggregated R10 regions,447.056655
Full,REMIND-Transport 2.1,Transport-NDC-Conventional,High-RE,2C,REMIND,Transport,R10AFRICA,78.778475
Full,REMIND-Transport 2.1,Transport-NDC-Conventional,High-RE,2C,REMIND,Transport,R10CHINA+,79.52124
Full,REMIND-Transport 2.1,Transport-NDC-Conventional,High-RE,2C,REMIND,Transport,R10EUROPE,10.909185
Full,REMIND-Transport 2.1,Transport-NDC-Conventional,High-RE,2C,REMIND,Transport,R10INDIA+,129.29075
Full,REMIND-Transport 2.1,Transport-NDC-Conventional,High-RE,2C,REMIND,Transport,R10LATIN_AM,14.6386
Full,REMIND-Transport 2.1,Transport-NDC-Conventional,High-RE,2C,REMIND,Transport,R10MIDDLE_EAST,46.651655
Full,REMIND-Transport 2.1,Transport-NDC-Conventional,High-RE,2C,REMIND,Transport,R10NORTH_AM,8.12856
Full,REMIND-Transport 2.1,Transport-NDC-Conventional,High-RE,2C,REMIND,Transport,R10PAC_OECD,3.654775
Full,REMIND-Transport 2.1,Transport-NDC-Conventional,High-RE,2C,REMIND,Transport,R10REF_ECON,13.306895
Full,REMIND-Transport 2.1,Transport-NDC-Conventional,High-RE,2C,REMIND,Transport,R10REST_ASIA,62.17652
Full,REMIND-Transport 2.1,Transport-NPi-Conventional,High-RE,2C,REMIND,Transport,Aggregated R10 regions,498.23071
Full,REMIND-Transport 2.1,Transport-NPi-Conventional,High-RE,2C,REMIND,Transport,R10AFRICA,79.52366
Full,REMIND-Transport 2.1,Transport-NPi-Conventional,High-RE,2C,REMIND,Transport,R10CHINA+,85.837075
Full,REMIND-Transport 2.1,Transport-NPi-Conventional,High-RE,2C,REMIND,Transport,R10EUROPE,11.3727
Full,REMIND-Transport 2.1,Transport-NPi-Conventional,High-RE,2C,REMIND,Transport,R10INDIA+,162.914335
Full,REMIND-Transport 2.1,Transport-NPi-Conventional,High-RE,2C,REMIND,Transport,R10LATIN_AM,14.82418
Full,REMIND-Transport 2.1,Transport-NPi-Conventional,High-RE,2C,REMIND,Transport,R10MIDDLE_EAST,47.07027
Full,REMIND-Transport 2.1,Transport-NPi-Conventional,High-RE,2C,REMIND,Transport,R10NORTH_AM,8.23055
Full,REMIND-Transport 2.1,Transport-NPi-Conventional,High-RE,2C,REMIND,Transport,R10PAC_OECD,3.709955
Full,REMIND-Transport 2.1,Transport-NPi-Conventional,High-RE,2C,REMIND,Transport,R10REF_ECON,13.382975
Full,REMIND-Transport 2.1,Transport-NPi-Conventional,High-RE,2C,REMIND,Transport,R10REST_ASIA,71.36501
Full,WITCH 5.0,COMMIT-2°C-2020,High-CDR,2C,WITCH,COMMIT,Aggregated R10 regions,425.975295
Full,WITCH 5.0,COMMIT-2°C-2020,High-CDR,2C,WITCH,COMMIT,R10AFRICA,67.00004
Full,WITCH 5.0,COMMIT-2°C-2020,High-CDR,2C,WITCH,COMMIT,R10CHINA+,90.245635
Full,WITCH 5.0,COMMIT-2°C-2020,High-CDR,2C,WITCH,COMMIT,R10EUROPE,17.747115
Full,WITCH 5.0,COMMIT-2°C-2020,High-CDR,2C,WITCH,COMMIT,R10INDIA+,85.636065
Full,WITCH 5.0,COMMIT-2°C-2020,High-CDR,2C,WITCH,COMMIT,R10LATIN_AM,15.267865
Full,WITCH 5.0,COMMIT-2°C-2020,High-CDR,2C,WITCH,COMMIT,R10MIDDLE_EAST,67.746665
Full,WITCH 5.0,COMMIT-2°C-2020,High-CDR,2C,WITCH,COMMIT,R10NORTH_AM,10.60021
Full,WITCH 5.0,COMMIT-2°C-2020,High-CDR,2C,WITCH,COMMIT,R10PAC_OECD,5.286555
Full,WITCH 5.0,COMMIT-2°C-2020,High-CDR,2C,WITCH,COMMIT,R10REF_ECON,16.21057
Full,WITCH 5.0,COMMIT-2°C-2020,High-CDR,2C,WITCH,COMMIT,R10REST_ASIA,50.234575
Full,WITCH 5.0,COMMIT-2°C-2030,High-CDR,2C,WITCH,COMMIT,Aggregated R10 regions,427.06152
Full,WITCH 5.0,COMMIT-2°C-2030,High-CDR,2C,WITCH,COMMIT,R10AFRICA,66.84799
Full,WITCH 5.0,COMMIT-2°C-2030,High-CDR,2C,WITCH,COMMIT,R10CHINA+,89.22596
Full,WITCH 5.0,COMMIT-2°C-2030,High-CDR,2C,WITCH,COMMIT,R10EUROPE,17.74707
Full,WITCH 5.0,COMMIT-2°C-2030,High-CDR,2C,WITCH,COMMIT,R10INDIA+,87.88005
Full,WITCH 5.0,COMMIT-2°C-2030,High-CDR,2C,WITCH,COMMIT,R10LATIN_AM,15.155645
Full,WITCH 5.0,COMMIT-2°C-2030,High-CDR,2C,WITCH,COMMIT,R10MIDDLE_EAST,67.34403
Full,WITCH 5.0,COMMIT-2°C-2030,High-CDR,2C,WITCH,COMMIT,R10NORTH_AM,10.60855
Full,WITCH 5.0,COMMIT-2°C-2030,High-CDR,2C,WITCH,COMMIT,R10PAC_OECD,5.276385
Full,WITCH 5.0,COMMIT-2°C-2030,High-CDR,2C,WITCH,COMMIT,R10REF_ECON,16.313985
Full,WITCH 5.0,COMMIT-2°C-2030,High-CDR,2C,WITCH,COMMIT,R10REST_ASIA,50.661855
Full,WITCH 5.0,COMMIT-Bridge,High-RE,2C,WITCH,COMMIT,Aggregated R10 regions,427.702645
Full,WITCH 5.0,COMMIT-Bridge,High-RE,2C,WITCH,COMMIT,R10AFRICA,67.031375
Full,WITCH 5.0,COMMIT-Bridge,High-RE,2C,WITCH,COMMIT,R10CHINA+,91.26728
Full,WITCH 5.0,COMMIT-Bridge,High-RE,2C,WITCH,COMMIT,R10EUROPE,17.34268
Full,WITCH 5.0,COMMIT-Bridge,High-RE,2C,WITCH,COMMIT,R10INDIA+,87.648465
Full,WITCH 5.0,COMMIT-Bridge,High-RE,2C,WITCH,COMMIT,R10LATIN_AM,15.030135
Full,WITCH 5.0,COMMIT-Bridge,High-RE,2C,WITCH,COMMIT,R10MIDDLE_EAST,66.764755
Full,WITCH 5.0,COMMIT-Bridge,High-RE,2C,WITCH,COMMIT,R10NORTH_AM,10.42442
Full,WITCH 5.0,COMMIT-Bridge,High-RE,2C,WITCH,COMMIT,R10PAC_OECD,5.19465
Full,WITCH 5.0,COMMIT-Bridge,High-RE,2C,WITCH,COMMIT,R10REF_ECON,16.109345
Full,WITCH 5.0,COMMIT-Bridge,High-RE,2C,WITCH,COMMIT,R10REST_ASIA,50.88954
Full,WITCH 5.0,ENGAGE-INDCi2030-500f,High-CDR,1.5C,WITCH,ENGAGE,Aggregated R10 regions,425.807625
Full,WITCH 5.0,ENGAGE-INDCi2030-500f,High-CDR,1.5C,WITCH,ENGAGE,R10AFRICA,66.807335
Full,WITCH 5.0,ENGAGE-INDCi2030-500f,High-CDR,1.5C,WITCH,ENGAGE,R10CHINA+,88.523615
Full,WITCH 5.0,ENGAGE-INDCi2030-500f,High-CDR,1.5C,WITCH,ENGAGE,R10EUROPE,17.642715
Full,WITCH 5.0,ENGAGE-INDCi2030-500f,High-CDR,1.5C,WITCH,ENGAGE,R10INDIA+,87.518275
Full,WITCH 5.0,ENGAGE-INDCi2030-500f,High-CDR,1.5C,WITCH,ENGAGE,R10LATIN_AM,15.19203
Full,WITCH 5.0,ENGAGE-INDCi2030-500f,High-CDR,1.5C,WITCH,ENGAGE,R10MIDDLE_EAST,67.21679
Full,WITCH 5.0,ENGAGE-INDCi2030-500f,High-CDR,1.5C,WITCH,ENGAGE,R10NORTH_AM,10.64329
Full,WITCH 5.0,ENGAGE-INDCi2030-500f,High-CDR,1.5C,WITCH,ENGAGE,R10PAC_OECD,5.260605
Full,WITCH 5.0,ENGAGE-INDCi2030-500f,High-CDR,1.5C,WITCH,ENGAGE,R10REF_ECON,16.36618
Full,WITCH 5.0,ENGAGE-INDCi2030-500f,High-CDR,1.5C,WITCH,ENGAGE,R10REST_ASIA,50.63679
Full,WITCH 5.0,ENGAGE-INDCi2100,High-RE,2C,WITCH,ENGAGE,Aggregated R10 regions,459.51812
Full,WITCH 5.0,ENGAGE-INDCi2100,High-RE,2C,WITCH,ENGAGE,R10AFRICA,67.888655
Full,WITCH 5.0,ENGAGE-INDCi2100,High-RE,2C,WITCH,ENGAGE,R10CHINA+,101.657435
Full,WITCH 5.0,ENGAGE-INDCi2100,High-RE,2C,WITCH,ENGAGE,R10EUROPE,18.167545
Full,WITCH 5.0,ENGAGE-INDCi2100,High-RE,2C,WITCH,ENGAGE,R10INDIA+,99.39487
Full,WITCH 5.0,ENGAGE-INDCi2100,High-RE,2C,WITCH,ENGAGE,R10LATIN_AM,15.351555
Full,WITCH 5.0,ENGAGE-INDCi2100,High-RE,2C,WITCH,ENGAGE,R10MIDDLE_EAST,69.69698
Full,WITCH 5.0,ENGAGE-INDCi2100,High-RE,2C,WITCH,ENGAGE,R10NORTH_AM,10.699265
Full,WITCH 5.0,ENGAGE-INDCi2100,High-RE,2C,WITCH,ENGAGE,R10PAC_OECD,5.34721
Full,WITCH 5.0,ENGAGE-INDCi2100,High-RE,2C,WITCH,ENGAGE,R10REF_ECON,17.26512
Full,WITCH 5.0,ENGAGE-INDCi2100,High-RE,2C,WITCH,ENGAGE,R10REST_ASIA,54.049485
Full,WITCH 5.0,ENGAGE-NPi2020-400f,High-CDR,1.5C,WITCH,ENGAGE,Aggregated R10 regions,421.1274
Full,WITCH 5.0,ENGAGE-NPi2020-400f,High-CDR,1.5C,WITCH,ENGAGE,R10AFRICA,66.80776
Full,WITCH 5.0,ENGAGE-NPi2020-400f,High-CDR,1.5C,WITCH,ENGAGE,R10CHINA+,88.533725
Full,WITCH 5.0,ENGAGE-NPi2020-400f,High-CDR,1.5C,WITCH,ENGAGE,R10EUROPE,17.560705
Full,WITCH 5.0,ENGAGE-NPi2020-400f,High-CDR,1.5C,WITCH,ENGAGE,R10INDIA+,83.787415
Full,WITCH 5.0,ENGAGE-NPi2020-400f,High-CDR,1.5C,WITCH,ENGAGE,R10LATIN_AM,15.238635
Full,WITCH 5.0,ENGAGE-NPi2020-400f,High-CDR,1.5C,WITCH,ENGAGE,R10MIDDLE_EAST,67.406125
Full,WITCH 5.0,ENGAGE-NPi2020-400f,High-CDR,1.5C,WITCH,ENGAGE,R10NORTH_AM,10.60813
Full,WITCH 5.0,ENGAGE-NPi2020-400f,High-CDR,1.5C,WITCH,ENGAGE,R10PAC_OECD,5.246515
Full,WITCH 5.0,ENGAGE-NPi2020-400f,High-CDR,1.5C,WITCH,ENGAGE,R10REF_ECON,16.1129
Full,WITCH 5.0,ENGAGE-NPi2020-400f,High-CDR,1.5C,WITCH,ENGAGE,R10REST_ASIA,49.82549
Full,WITCH 5.0,ENGAGE-NPi2020-450,High-CDR,1.5C,WITCH,ENGAGE,Aggregated R10 regions,419.42163
Full,WITCH 5.0,ENGAGE-NPi2020-450,High-CDR,1.5C,WITCH,ENGAGE,R10AFRICA,66.872745
Full,WITCH 5.0,ENGAGE-NPi2020-450,High-CDR,1.5C,WITCH,ENGAGE,R10CHINA+,87.660065
Full,WITCH 5.0,ENGAGE-NPi2020-450,High-CDR,1.5C,WITCH,ENGAGE,R10EUROPE,17.433155
Full,WITCH 5.0,ENGAGE-NPi2020-450,High-CDR,1.5C,WITCH,ENGAGE,R10INDIA+,83.128285
Full,WITCH 5.0,ENGAGE-NPi2020-450,High-CDR,1.5C,WITCH,ENGAGE,R10LATIN_AM,15.179025
Full,WITCH 5.0,ENGAGE-NPi2020-450,High-CDR,1.5C,WITCH,ENGAGE,R10MIDDLE_EAST,67.6342
Full,WITCH 5.0,ENGAGE-NPi2020-450,High-CDR,1.5C,WITCH,ENGAGE,R10NORTH_AM,10.58851
Full,WITCH 5.0,ENGAGE-NPi2020-450,High-CDR,1.5C,WITCH,ENGAGE,R10PAC_OECD,5.19216
Full,WITCH 5.0,ENGAGE-NPi2020-450,High-CDR,1.5C,WITCH,ENGAGE,R10REF_ECON,16.09086
Full,WITCH 5.0,ENGAGE-NPi2020-450,High-CDR,1.5C,WITCH,ENGAGE,R10REST_ASIA,49.642625
Full,WITCH 5.0,ENGAGE-NPi2020-450f,High-CDR,1.5C,WITCH,ENGAGE,Aggregated R10 regions,421.99054
Full,WITCH 5.0,ENGAGE-NPi2020-450f,High-CDR,1.5C,WITCH,ENGAGE,R10AFRICA,66.822905
Full,WITCH 5.0,ENGAGE-NPi2020-450f,High-CDR,1.5C,WITCH,ENGAGE,R10CHINA+,88.882095
Full,WITCH 5.0,ENGAGE-NPi2020-450f,High-CDR,1.5C,WITCH,ENGAGE,R10EUROPE,17.60332
Full,WITCH 5.0,ENGAGE-NPi2020-450f,High-CDR,1.5C,WITCH,ENGAGE,R10INDIA+,84.028315
Full,WITCH 5.0,ENGAGE-NPi2020-450f,High-CDR,1.5C,WITCH,ENGAGE,R10LATIN_AM,15.265835
Full,WITCH 5.0,ENGAGE-NPi2020-450f,High-CDR,1.5C,WITCH,ENGAGE,R10MIDDLE_EAST,67.457765
Full,WITCH 5.0,ENGAGE-NPi2020-450f,High-CDR,1.5C,WITCH,ENGAGE,R10NORTH_AM,10.61156
Full,WITCH 5.0,ENGAGE-NPi2020-450f,High-CDR,1.5C,WITCH,ENGAGE,R10PAC_OECD,5.270475
Full,WITCH 5.0,ENGAGE-NPi2020-450f,High-CDR,1.5C,WITCH,ENGAGE,R10REF_ECON,16.15347
Full,WITCH 5.0,ENGAGE-NPi2020-450f,High-CDR,1.5C,WITCH,ENGAGE,R10REST_ASIA,49.8948
Full,WITCH 5.0,ENGAGE-NPi2020-500,High-CDR,1.5C,WITCH,ENGAGE,Aggregated R10 regions,420.48736
Full,WITCH 5.0,ENGAGE-NPi2020-500,High-CDR,1.5C,WITCH,ENGAGE,R10AFRICA,66.88812
Full,WITCH 5.0,ENGAGE-NPi2020-500,High-CDR,1.5C,WITCH,ENGAGE,R10CHINA+,87.95462
Full,WITCH 5.0,ENGAGE-NPi2020-500,High-CDR,1.5C,WITCH,ENGAGE,R10EUROPE,17.47497
Full,WITCH 5.0,ENGAGE-NPi2020-500,High-CDR,1.5C,WITCH,ENGAGE,R10INDIA+,83.407935
Full,WITCH 5.0,ENGAGE-NPi2020-500,High-CDR,1.5C,WITCH,ENGAGE,R10LATIN_AM,15.185745
Full,WITCH 5.0,ENGAGE-NPi2020-500,High-CDR,1.5C,WITCH,ENGAGE,R10MIDDLE_EAST,67.628725
Full,WITCH 5.0,ENGAGE-NPi2020-500,High-CDR,1.5C,WITCH,ENGAGE,R10NORTH_AM,10.61156
Full,WITCH 5.0,ENGAGE-NPi2020-500,High-CDR,1.5C,WITCH,ENGAGE,R10PAC_OECD,5.301705
Full,WITCH 5.0,ENGAGE-NPi2020-500,High-CDR,1.5C,WITCH,ENGAGE,R10REF_ECON,16.147225
Full,WITCH 5.0,ENGAGE-NPi2020-500,High-CDR,1.5C,WITCH,ENGAGE,R10REST_ASIA,49.886755
Full,WITCH 5.0,ENGAGE-NPi2020-500f,High-CDR,1.5C,WITCH,ENGAGE,Aggregated R10 regions,422.89342
Full,WITCH 5.0,ENGAGE-NPi2020-500f,High-CDR,1.5C,WITCH,ENGAGE,R10AFRICA,66.851865
Full,WITCH 5.0,ENGAGE-NPi2020-500f,High-CDR,1.5C,WITCH,ENGAGE,R10CHINA+,89.19698
Full,WITCH 5.0,ENGAGE-NPi2020-500f,High-CDR,1.5C,WITCH,ENGAGE,R10EUROPE,17.625085
Full,WITCH 5.0,ENGAGE-NPi2020-500f,High-CDR,1.5C,WITCH,ENGAGE,R10INDIA+,84.36541
Full,WITCH 5.0,ENGAGE-NPi2020-500f,High-CDR,1.5C,WITCH,ENGAGE,R10LATIN_AM,15.273205
Full,WITCH 5.0,ENGAGE-NPi2020-500f,High-CDR,1.5C,WITCH,ENGAGE,R10MIDDLE_EAST,67.53851
Full,WITCH 5.0,ENGAGE-NPi2020-500f,High-CDR,1.5C,WITCH,ENGAGE,R10NORTH_AM,10.61331
Full,WITCH 5.0,ENGAGE-NPi2020-500f,High-CDR,1.5C,WITCH,ENGAGE,R10PAC_OECD,5.286625
Full,WITCH 5.0,ENGAGE-NPi2020-500f,High-CDR,1.5C,WITCH,ENGAGE,R10REF_ECON,16.16782
Full,WITCH 5.0,ENGAGE-NPi2020-500f,High-CDR,1.5C,WITCH,ENGAGE,R10REST_ASIA,49.97461
Full,WITCH 5.0,ENGAGE-NPi2020-900,High-RE,2C,WITCH,ENGAGE,Aggregated R10 regions,426.710135
Full,WITCH 5.0,ENGAGE-NPi2020-900,High-RE,2C,WITCH,ENGAGE,R10AFRICA,67.02862
Full,WITCH 5.0,ENGAGE-NPi2020-900,High-RE,2C,WITCH,ENGAGE,R10CHINA+,90.697605
Full,WITCH 5.0,ENGAGE-NPi2020-900,High-RE,2C,WITCH,ENGAGE,R10EUROPE,17.713045
Full,WITCH 5.0,ENGAGE-NPi2020-900,High-RE,2C,WITCH,ENGAGE,R10INDIA+,85.626125
Full,WITCH 5.0,ENGAGE-NPi2020-900,High-RE,2C,WITCH,ENGAGE,R10LATIN_AM,15.382685
Full,WITCH 5.0,ENGAGE-NPi2020-900,High-RE,2C,WITCH,ENGAGE,R10MIDDLE_EAST,67.86892
Full,WITCH 5.0,ENGAGE-NPi2020-900,High-RE,2C,WITCH,ENGAGE,R10NORTH_AM,10.551465
Full,WITCH 5.0,ENGAGE-NPi2020-900,High-RE,2C,WITCH,ENGAGE,R10PAC_OECD,5.304305
Full,WITCH 5.0,ENGAGE-NPi2020-900,High-RE,2C,WITCH,ENGAGE,R10REF_ECON,16.22767
Full,WITCH 5.0,ENGAGE-NPi2020-900,High-RE,2C,WITCH,ENGAGE,R10REST_ASIA,50.309695
Full,WITCH 5.0,NAVIGATE Demand-1.5°C-ele_u,High-RE,2C,WITCH,NAVIGATE,Aggregated R10 regions,418.899205
Full,WITCH 5.0,NAVIGATE Demand-1.5°C-ele_u,High-RE,2C,WITCH,NAVIGATE,R10AFRICA,66.77185
Full,WITCH 5.0,NAVIGATE Demand-1.5°C-ele_u,High-RE,2C,WITCH,NAVIGATE,R10CHINA+,87.96423
Full,WITCH 5.0,NAVIGATE Demand-1.5°C-ele_u,High-RE,2C,WITCH,NAVIGATE,R10EUROPE,17.282415
Full,WITCH 5.0,NAVIGATE Demand-1.5°C-ele_u,High-RE,2C,WITCH,NAVIGATE,R10INDIA+,83.886225
Full,WITCH 5.0,NAVIGATE Demand-1.5°C-ele_u,High-RE,2C,WITCH,NAVIGATE,R10LATIN_AM,14.932915
Full,WITCH 5.0,NAVIGATE Demand-1.5°C-ele_u,High-RE,2C,WITCH,NAVIGATE,R10MIDDLE_EAST,67.10432
Full,WITCH 5.0,NAVIGATE Demand-1.5°C-ele_u,High-RE,2C,WITCH,NAVIGATE,R10NORTH_AM,10.3127
Full,WITCH 5.0,NAVIGATE Demand-1.5°C-ele_u,High-RE,2C,WITCH,NAVIGATE,R10PAC_OECD,5.203695
Full,WITCH 5.0,NAVIGATE Demand-1.5°C-ele_u,High-RE,2C,WITCH,NAVIGATE,R10REF_ECON,15.798215
Full,WITCH 5.0,NAVIGATE Demand-1.5°C-ele_u,High-RE,2C,WITCH,NAVIGATE,R10REST_ASIA,49.64264
Full,WITCH 5.0,NAVIGATE Demand-1.5°C-ref,High-RE,2C,WITCH,NAVIGATE,Aggregated R10 regions,417.15684
Full,WITCH 5.0,NAVIGATE Demand-1.5°C-ref,High-RE,2C,WITCH,NAVIGATE,R10AFRICA,66.634225
Full,WITCH 5.0,NAVIGATE Demand-1.5°C-ref,High-RE,2C,WITCH,NAVIGATE,R10CHINA+,87.597695
Full,WITCH 5.0,NAVIGATE Demand-1.5°C-ref,High-RE,2C,WITCH,NAVIGATE,R10EUROPE,17.342305
Full,WITCH 5.0,NAVIGATE Demand-1.5°C-ref,High-RE,2C,WITCH,NAVIGATE,R10INDIA+,83.23275
Full,WITCH 5.0,NAVIGATE Demand-1.5°C-ref,High-RE,2C,WITCH,NAVIGATE,R10LATIN_AM,14.877725
Full,WITCH 5.0,NAVIGATE Demand-1.5°C-ref,High-RE,2C,WITCH,NAVIGATE,R10MIDDLE_EAST,66.749515
Full,WITCH 5.0,NAVIGATE Demand-1.5°C-ref,High-RE,2C,WITCH,NAVIGATE,R10NORTH_AM,10.32814
Full,WITCH 5.0,NAVIGATE Demand-1.5°C-ref,High-RE,2C,WITCH,NAVIGATE,R10PAC_OECD,5.186335
Full,WITCH 5.0,NAVIGATE Demand-1.5°C-ref,High-RE,2C,WITCH,NAVIGATE,R10REF_ECON,15.7795
Full,WITCH 5.0,NAVIGATE Demand-1.5°C-ref,High-RE,2C,WITCH,NAVIGATE,R10REST_ASIA,49.42865
Full,WITCH 5.0,NAVIGATE Demand-2.0°C-ele_u,High-RE,2C,WITCH,NAVIGATE,Aggregated R10 regions,428.47079
Full,WITCH 5.0,NAVIGATE Demand-2.0°C-ele_u,High-RE,2C,WITCH,NAVIGATE,R10AFRICA,67.422935
Full,WITCH 5.0,NAVIGATE Demand-2.0°C-ele_u,High-RE,2C,WITCH,NAVIGATE,R10CHINA+,91.900075
Full,WITCH 5.0,NAVIGATE Demand-2.0°C-ele_u,High-RE,2C,WITCH,NAVIGATE,R10EUROPE,17.581555
Full,WITCH 5.0,NAVIGATE Demand-2.0°C-ele_u,High-RE,2C,WITCH,NAVIGATE,R10INDIA+,86.625215
Full,WITCH 5.0,NAVIGATE Demand-2.0°C-ele_u,High-RE,2C,WITCH,NAVIGATE,R10LATIN_AM,15.135805
Full,WITCH 5.0,NAVIGATE Demand-2.0°C-ele_u,High-RE,2C,WITCH,NAVIGATE,R10MIDDLE_EAST,67.53668
Full,WITCH 5.0,NAVIGATE Demand-2.0°C-ele_u,High-RE,2C,WITCH,NAVIGATE,R10NORTH_AM,10.37175
Full,WITCH 5.0,NAVIGATE Demand-2.0°C-ele_u,High-RE,2C,WITCH,NAVIGATE,R10PAC_OECD,5.259845
Full,WITCH 5.0,NAVIGATE Demand-2.0°C-ele_u,High-RE,2C,WITCH,NAVIGATE,R10REF_ECON,16.038765
Full,WITCH 5.0,NAVIGATE Demand-2.0°C-ele_u,High-RE,2C,WITCH,NAVIGATE,R10REST_ASIA,50.598165
Full,WITCH 5.0,NAVIGATE Demand-2.0°C-ref,High-RE,2C,WITCH,NAVIGATE,Aggregated R10 regions,427.58408
Full,WITCH 5.0,NAVIGATE Demand-2.0°C-ref,High-RE,2C,WITCH,NAVIGATE,R10AFRICA,66.97752
Full,WITCH 5.0,NAVIGATE Demand-2.0°C-ref,High-RE,2C,WITCH,NAVIGATE,R10CHINA+,93.37026
Full,WITCH 5.0,NAVIGATE Demand-2.0°C-ref,High-RE,2C,WITCH,NAVIGATE,R10EUROPE,17.52549
Full,WITCH 5.0,NAVIGATE Demand-2.0°C-ref,High-RE,2C,WITCH,NAVIGATE,R10INDIA+,85.713095
Full,WITCH 5.0,NAVIGATE Demand-2.0°C-ref,High-RE,2C,WITCH,NAVIGATE,R10LATIN_AM,15.000815
Full,WITCH 5.0,NAVIGATE Demand-2.0°C-ref,High-RE,2C,WITCH,NAVIGATE,R10MIDDLE_EAST,67.154615
Full,WITCH 5.0,NAVIGATE Demand-2.0°C-ref,High-RE,2C,WITCH,NAVIGATE,R10NORTH_AM,10.41442
Full,WITCH 5.0,NAVIGATE Demand-2.0°C-ref,High-RE,2C,WITCH,NAVIGATE,R10PAC_OECD,5.265855
Full,WITCH 5.0,NAVIGATE Demand-2.0°C-ref,High-RE,2C,WITCH,NAVIGATE,R10REF_ECON,15.963175
Full,WITCH 5.0,NAVIGATE Demand-2.0°C-ref,High-RE,2C,WITCH,NAVIGATE,R10REST_ASIA,50.198835
Full,REMIND 2.1,R2p1-SSP2-Baseline,High-RE,2C,REMIND,R2p1,Aggregated R10 regions,482.88204
Full,REMIND 2.1,R2p1-SSP2-Baseline,High-RE,2C,REMIND,R2p1,R10AFRICA,79.25232
Full,REMIND 2.1,R2p1-SSP2-Baseline,High-RE,2C,REMIND,R2p1,R10CHINA+,84.548325
Full,REMIND 2.1,R2p1-SSP2-Baseline,High-RE,2C,REMIND,R2p1,R10EUROPE,11.160365
Full,REMIND 2.1,R2p1-SSP2-Baseline,High-RE,2C,REMIND,R2p1,R10INDIA+,153.975585
Full,REMIND 2.1,R2p1-SSP2-Baseline,High-RE,2C,REMIND,R2p1,R10LATIN_AM,14.751425
Full,REMIND 2.1,R2p1-SSP2-Baseline,High-RE,2C,REMIND,R2p1,R10MIDDLE_EAST,47.004355
Full,REMIND 2.1,R2p1-SSP2-Baseline,High-RE,2C,REMIND,R2p1,R10NORTH_AM,8.26623
Full,REMIND 2.1,R2p1-SSP2-Baseline,High-RE,2C,REMIND,R2p1,R10PAC_OECD,3.687275
Full,REMIND 2.1,R2p1-SSP2-Baseline,High-RE,2C,REMIND,R2p1,R10REF_ECON,13.370555
Full,REMIND 2.1,R2p1-SSP2-Baseline,High-RE,2C,REMIND,R2p1,R10REST_ASIA,66.865605
SCI-vetted,GCAM 5.3,NGFS Phase 2-Delayed Transition,High-RE,2C,GCAM,NGFS Phase 2,Aggregated R10 regions,458.142275
SCI-vetted,GCAM 5.3,NGFS Phase 2-Delayed Transition,High-RE,2C,GCAM,NGFS Phase 2,R10AFRICA,81.22196
SCI-vetted,GCAM 5.3,NGFS Phase 2-Delayed Transition,High-RE,2C,GCAM,NGFS Phase 2,R10CHINA+,93.22458
SCI-vetted,GCAM 5.3,NGFS Phase 2-Delayed Transition,High-RE,2C,GCAM,NGFS Phase 2,R10EUROPE,22.27415
SCI-vetted,GCAM 5.3,NGFS Phase 2-Delayed Transition,High-RE,2C,GCAM,NGFS Phase 2,R10INDIA+,102.53671
SCI-vetted,GCAM 5.3,NGFS Phase 2-Delayed Transition,High-RE,2C,GCAM,NGFS Phase 2,R10LATIN_AM,17.43474
SCI-vetted,GCAM 5.3,NGFS Phase 2-Delayed Transition,High-RE,2C,GCAM,NGFS Phase 2,R10MIDDLE_EAST,44.88778
SCI-vetted,GCAM 5.3,NGFS Phase 2-Delayed Transition,High-RE,2C,GCAM,NGFS Phase 2,R10NORTH_AM,13.212285
SCI-vetted,GCAM 5.3,NGFS Phase 2-Delayed Transition,High-RE,2C,GCAM,NGFS Phase 2,R10PAC_OECD,7.121735
SCI-vetted,GCAM 5.3,NGFS Phase 2-Delayed Transition,High-RE,2C,GCAM,NGFS Phase 2,R10REF_ECON,15.844605
SCI-vetted,GCAM 5.3,NGFS Phase 2-Delayed Transition,High-RE,2C,GCAM,NGFS Phase 2,R10REST_ASIA,60.38373
SCI-vetted,GCAM 6.0 NGFS,NGFS Phase 5-Below 2°C,High-RE,2C,GCAM,NGFS Phase 5,Aggregated R10 regions,456.750175
SCI-vetted,GCAM 6.0 NGFS,NGFS Phase 5-Below 2°C,High-RE,2C,GCAM,NGFS Phase 5,R10AFRICA,81.976375
SCI-vetted,GCAM 6.0 NGFS,NGFS Phase 5-Below 2°C,High-RE,2C,GCAM,NGFS Phase 5,R10CHINA+,93.36785
SCI-vetted,GCAM 6.0 NGFS,NGFS Phase 5-Below 2°C,High-RE,2C,GCAM,NGFS Phase 5,R10EUROPE,19.24553
SCI-vetted,GCAM 6.0 NGFS,NGFS Phase 5-Below 2°C,High-RE,2C,GCAM,NGFS Phase 5,R10INDIA+,108.388035
SCI-vetted,GCAM 6.0 NGFS,NGFS Phase 5-Below 2°C,High-RE,2C,GCAM,NGFS Phase 5,R10LATIN_AM,15.593695
SCI-vetted,GCAM 6.0 NGFS,NGFS Phase 5-Below 2°C,High-RE,2C,GCAM,NGFS Phase 5,R10MIDDLE_EAST,45.132005
SCI-vetted,GCAM 6.0 NGFS,NGFS Phase 5-Below 2°C,High-RE,2C,GCAM,NGFS Phase 5,R10NORTH_AM,12.071495
SCI-vetted,GCAM 6.0 NGFS,NGFS Phase 5-Below 2°C,High-RE,2C,GCAM,NGFS Phase 5,R10PAC_OECD,5.85177
SCI-vetted,GCAM 6.0 NGFS,NGFS Phase 5-Below 2°C,High-RE,2C,GCAM,NGFS Phase 5,R10REF_ECON,15.32062
SCI-vetted,GCAM 6.0 NGFS,NGFS Phase 5-Below 2°C,High-RE,2C,GCAM,NGFS Phase 5,R10REST_ASIA,59.8028
SCI-vetted,GCAM 6.0 NGFS,NGFS Phase 5-Delayed Transition,High-RE,2C,GCAM,NGFS Phase 5,Aggregated R10 regions,461.47678
SCI-vetted,GCAM 6.0 NGFS,NGFS Phase 5-Delayed Transition,High-RE,2C,GCAM,NGFS Phase 5,R10AFRICA,82.232155
SCI-vetted,GCAM 6.0 NGFS,NGFS Phase 5-Delayed Transition,High-RE,2C,GCAM,NGFS Phase 5,R10CHINA+,92.840965
SCI-vetted,GCAM 6.0 NGFS,NGFS Phase 5-Delayed Transition,High-RE,2C,GCAM,NGFS Phase 5,R10EUROPE,19.44191
SCI-vetted,GCAM 6.0 NGFS,NGFS Phase 5-Delayed Transition,High-RE,2C,GCAM,NGFS Phase 5,R10INDIA+,111.833015
SCI-vetted,GCAM 6.0 NGFS,NGFS Phase 5-Delayed Transition,High-RE,2C,GCAM,NGFS Phase 5,R10LATIN_AM,15.744395
SCI-vetted,GCAM 6.0 NGFS,NGFS Phase 5-Delayed Transition,High-RE,2C,GCAM,NGFS Phase 5,R10MIDDLE_EAST,45.344695
SCI-vetted,GCAM 6.0 NGFS,NGFS Phase 5-Delayed Transition,High-RE,2C,GCAM,NGFS Phase 5,R10NORTH_AM,11.801635
SCI-vetted,GCAM 6.0 NGFS,NGFS Phase 5-Delayed Transition,High-RE,2C,GCAM,NGFS Phase 5,R10PAC_OECD,5.78071
SCI-vetted,GCAM 6.0 NGFS,NGFS Phase 5-Delayed Transition,High-RE,2C,GCAM,NGFS Phase 5,R10REF_ECON,15.63072
SCI-vetted,GCAM 6.0 NGFS,NGFS Phase 5-Delayed Transition,High-RE,2C,GCAM,NGFS Phase 5,R10REST_ASIA,60.82658
SCI-vetted,GCAM 6.0 NGFS,NGFS Phase 5-Fragmented World,High-RE,2C,GCAM,NGFS Phase 5,Aggregated R10 regions,505.985
SCI-vetted,GCAM 6.0 NGFS,NGFS Phase 5-Fragmented World,High-RE,2C,GCAM,NGFS Phase 5,R10AFRICA,86.109625
SCI-vetted,GCAM 6.0 NGFS,NGFS Phase 5-Fragmented World,High-RE,2C,GCAM,NGFS Phase 5,R10CHINA+,99.145445
SCI-vetted,GCAM 6.0 NGFS,NGFS Phase 5-Fragmented World,High-RE,2C,GCAM,NGFS Phase 5,R10EUROPE,21.85193
SCI-vetted,GCAM 6.0 NGFS,NGFS Phase 5-Fragmented World,High-RE,2C,GCAM,NGFS Phase 5,R10INDIA+,128.17925
SCI-vetted,GCAM 6.0 NGFS,NGFS Phase 5-Fragmented World,High-RE,2C,GCAM,NGFS Phase 5,R10LATIN_AM,16.759595
SCI-vetted,GCAM 6.0 NGFS,NGFS Phase 5-Fragmented World,High-RE,2C,GCAM,NGFS Phase 5,R10MIDDLE_EAST,47.88724
SCI-vetted,GCAM 6.0 NGFS,NGFS Phase 5-Fragmented World,High-RE,2C,GCAM,NGFS Phase 5,R10NORTH_AM,12.488075
SCI-vetted,GCAM 6.0 NGFS,NGFS Phase 5-Fragmented World,High-RE,2C,GCAM,NGFS Phase 5,R10PAC_OECD,5.76056
SCI-vetted,GCAM 6.0 NGFS,NGFS Phase 5-Fragmented World,High-RE,2C,GCAM,NGFS Phase 5,R10REF_ECON,17.261945
SCI-vetted,GCAM 6.0 NGFS,NGFS Phase 5-Fragmented World,High-RE,2C,GCAM,NGFS Phase 5,R10REST_ASIA,70.541335
SCI-vetted,GCAM 6.0 NGFS,NGFS Phase 5-Low Demand,High-RE,1.5C,GCAM,NGFS Phase 5,Aggregated R10 regions,451.85919
SCI-vetted,GCAM 6.0 NGFS,NGFS Phase 5-Low Demand,High-RE,1.5C,GCAM,NGFS Phase 5,R10AFRICA,81.849175
SCI-vetted,GCAM 6.0 NGFS,NGFS Phase 5-Low Demand,High-RE,1.5C,GCAM,NGFS Phase 5,R10CHINA+,89.428205
SCI-vetted,GCAM 6.0 NGFS,NGFS Phase 5-Low Demand,High-RE,1.5C,GCAM,NGFS Phase 5,R10EUROPE,18.418855
SCI-vetted,GCAM 6.0 NGFS,NGFS Phase 5-Low Demand,High-RE,1.5C,GCAM,NGFS Phase 5,R10INDIA+,108.78237
SCI-vetted,GCAM 6.0 NGFS,NGFS Phase 5-Low Demand,High-RE,1.5C,GCAM,NGFS Phase 5,R10LATIN_AM,15.4533
SCI-vetted,GCAM 6.0 NGFS,NGFS Phase 5-Low Demand,High-RE,1.5C,GCAM,NGFS Phase 5,R10MIDDLE_EAST,44.95084
SCI-vetted,GCAM 6.0 NGFS,NGFS Phase 5-Low Demand,High-RE,1.5C,GCAM,NGFS Phase 5,R10NORTH_AM,12.05905
SCI-vetted,GCAM 6.0 NGFS,NGFS Phase 5-Low Demand,High-RE,1.5C,GCAM,NGFS Phase 5,R10PAC_OECD,5.88055
SCI-vetted,GCAM 6.0 NGFS,NGFS Phase 5-Low Demand,High-RE,1.5C,GCAM,NGFS Phase 5,R10REF_ECON,15.212805
SCI-vetted,GCAM 6.0 NGFS,NGFS Phase 5-Low Demand,High-RE,1.5C,GCAM,NGFS Phase 5,R10REST_ASIA,59.82404
SCI-vetted,GCAM 6.0 NGFS,NGFS Phase 5-Nationally Determined Contributions (NDCs),High-RE,2C,GCAM,NGFS Phase 5,Aggregated R10 regions,532.04869
SCI-vetted,GCAM 6.0 NGFS,NGFS Phase 5-Nationally Determined Contributions (NDCs),High-RE,2C,GCAM,NGFS Phase 5,R10AFRICA,86.501515
SCI-vetted,GCAM 6.0 NGFS,NGFS Phase 5-Nationally Determined Contributions (NDCs),High-RE,2C,GCAM,NGFS Phase 5,R10CHINA+,107.890485
SCI-vetted,GCAM 6.0 NGFS,NGFS Phase 5-Nationally Determined Contributions (NDCs),High-RE,2C,GCAM,NGFS Phase 5,R10EUROPE,21.74241
SCI-vetted,GCAM 6.0 NGFS,NGFS Phase 5-Nationally Determined Contributions (NDCs),High-RE,2C,GCAM,NGFS Phase 5,R10INDIA+,144.16779
SCI-vetted,GCAM 6.0 NGFS,NGFS Phase 5-Nationally Determined Contributions (NDCs),High-RE,2C,GCAM,NGFS Phase 5,R10LATIN_AM,16.81486
SCI-vetted,GCAM 6.0 NGFS,NGFS Phase 5-Nationally Determined Contributions (NDCs),High-RE,2C,GCAM,NGFS Phase 5,R10MIDDLE_EAST,46.342395
SCI-vetted,GCAM 6.0 NGFS,NGFS Phase 5-Nationally Determined Contributions (NDCs),High-RE,2C,GCAM,NGFS Phase 5,R10NORTH_AM,14.288085
SCI-vetted,GCAM 6.0 NGFS,NGFS Phase 5-Nationally Determined Contributions (NDCs),High-RE,2C,GCAM,NGFS Phase 5,R10PAC_OECD,6.15113
SCI-vetted,GCAM 6.0 NGFS,NGFS Phase 5-Nationally Determined Contributions (NDCs),High-RE,2C,GCAM,NGFS Phase 5,R10REF_ECON,16.625905
SCI-vetted,GCAM 6.0 NGFS,NGFS Phase 5-Nationally Determined Contributions (NDCs),High-RE,2C,GCAM,NGFS Phase 5,R10REST_ASIA,71.524115
SCI-vetted,GCAM 6.0 NGFS,NGFS Phase 5-Net-Zero 2050,High-RE,1.5C,GCAM,NGFS Phase 5,Aggregated R10 regions,443.68606
SCI-vetted,GCAM 6.0 NGFS,NGFS Phase 5-Net-Zero 2050,High-RE,1.5C,GCAM,NGFS Phase 5,R10AFRICA,81.344555
SCI-vetted,GCAM 6.0 NGFS,NGFS Phase 5-Net-Zero 2050,High-RE,1.5C,GCAM,NGFS Phase 5,R10CHINA+,89.119805
SCI-vetted,GCAM 6.0 NGFS,NGFS Phase 5-Net-Zero 2050,High-RE,1.5C,GCAM,NGFS Phase 5,R10EUROPE,18.6016
SCI-vetted,GCAM 6.0 NGFS,NGFS Phase 5-Net-Zero 2050,High-RE,1.5C,GCAM,NGFS Phase 5,R10INDIA+,104.292145
SCI-vetted,GCAM 6.0 NGFS,NGFS Phase 5-Net-Zero 2050,High-RE,1.5C,GCAM,NGFS Phase 5,R10LATIN_AM,15.379195
SCI-vetted,GCAM 6.0 NGFS,NGFS Phase 5-Net-Zero 2050,High-RE,1.5C,GCAM,NGFS Phase 5,R10MIDDLE_EAST,44.78591
SCI-vetted,GCAM 6.0 NGFS,NGFS Phase 5-Net-Zero 2050,High-RE,1.5C,GCAM,NGFS Phase 5,R10NORTH_AM,11.61245
SCI-vetted,GCAM 6.0 NGFS,NGFS Phase 5-Net-Zero 2050,High-RE,1.5C,GCAM,NGFS Phase 5,R10PAC_OECD,5.82445
SCI-vetted,GCAM 6.0 NGFS,NGFS Phase 5-Net-Zero 2050,High-RE,1.5C,GCAM,NGFS Phase 5,R10REF_ECON,15.03955
SCI-vetted,GCAM 6.0 NGFS,NGFS Phase 5-Net-Zero 2050,High-RE,1.5C,GCAM,NGFS Phase 5,R10REST_ASIA,57.6864
SCI-vetted,IMAGE 3.0,ENGAGE-INDCi2030-1000,High-CDR,2C,IMAGE,ENGAGE,Aggregated R10 regions,508.952605
SCI-vetted,IMAGE 3.0,ENGAGE-INDCi2030-1000,High-CDR,2C,IMAGE,ENGAGE,R10AFRICA,76.02868
SCI-vetted,IMAGE 3.0,ENGAGE-INDCi2030-1000,High-CDR,2C,IMAGE,ENGAGE,R10CHINA+,97.104685
SCI-vetted,IMAGE 3.0,ENGAGE-INDCi2030-1000,High-CDR,2C,IMAGE,ENGAGE,R10EUROPE,21.64308
SCI-vetted,IMAGE 3.0,ENGAGE-INDCi2030-1000,High-CDR,2C,IMAGE,ENGAGE,R10INDIA+,149.81929
SCI-vetted,IMAGE 3.0,ENGAGE-INDCi2030-1000,High-CDR,2C,IMAGE,ENGAGE,R10LATIN_AM,21.675995
SCI-vetted,IMAGE 3.0,ENGAGE-INDCi2030-1000,High-CDR,2C,IMAGE,ENGAGE,R10MIDDLE_EAST,47.056975
SCI-vetted,IMAGE 3.0,ENGAGE-INDCi2030-1000,High-CDR,2C,IMAGE,ENGAGE,R10NORTH_AM,10.418195
SCI-vetted,IMAGE 3.0,ENGAGE-INDCi2030-1000,High-CDR,2C,IMAGE,ENGAGE,R10PAC_OECD,6.047295
SCI-vetted,IMAGE 3.0,ENGAGE-INDCi2030-1000,High-CDR,2C,IMAGE,ENGAGE,R10REF_ECON,14.628915
SCI-vetted,IMAGE 3.0,ENGAGE-INDCi2030-1000,High-CDR,2C,IMAGE,ENGAGE,R10REST_ASIA,64.529495
SCI-vetted,IMAGE 3.0,ENGAGE-INDCi2030-1000f,High-CDR,2C,IMAGE,ENGAGE,Aggregated R10 regions,506.95144
SCI-vetted,IMAGE 3.0,ENGAGE-INDCi2030-1000f,High-CDR,2C,IMAGE,ENGAGE,R10AFRICA,75.854415
SCI-vetted,IMAGE 3.0,ENGAGE-INDCi2030-1000f,High-CDR,2C,IMAGE,ENGAGE,R10CHINA+,98.69257
SCI-vetted,IMAGE 3.0,ENGAGE-INDCi2030-1000f,High-CDR,2C,IMAGE,ENGAGE,R10EUROPE,21.53554
SCI-vetted,IMAGE 3.0,ENGAGE-INDCi2030-1000f,High-CDR,2C,IMAGE,ENGAGE,R10INDIA+,145.48549
SCI-vetted,IMAGE 3.0,ENGAGE-INDCi2030-1000f,High-CDR,2C,IMAGE,ENGAGE,R10LATIN_AM,22.402305
SCI-vetted,IMAGE 3.0,ENGAGE-INDCi2030-1000f,High-CDR,2C,IMAGE,ENGAGE,R10MIDDLE_EAST,47.00574
SCI-vetted,IMAGE 3.0,ENGAGE-INDCi2030-1000f,High-CDR,2C,IMAGE,ENGAGE,R10NORTH_AM,10.438625
SCI-vetted,IMAGE 3.0,ENGAGE-INDCi2030-1000f,High-CDR,2C,IMAGE,ENGAGE,R10PAC_OECD,6.16042
SCI-vetted,IMAGE 3.0,ENGAGE-INDCi2030-1000f,High-CDR,2C,IMAGE,ENGAGE,R10REF_ECON,14.61389
SCI-vetted,IMAGE 3.0,ENGAGE-INDCi2030-1000f,High-CDR,2C,IMAGE,ENGAGE,R10REST_ASIA,64.762445
SCI-vetted,IMAGE 3.0,ENGAGE-INDCi2030-1200,High-CDR,2C,IMAGE,ENGAGE,Aggregated R10 regions,519.076375
SCI-vetted,IMAGE 3.0,ENGAGE-INDCi2030-1200,High-CDR,2C,IMAGE,ENGAGE,R10AFRICA,76.24009
SCI-vetted,IMAGE 3.0,ENGAGE-INDCi2030-1200,High-CDR,2C,IMAGE,ENGAGE,R10CHINA+,98.911525
SCI-vetted,IMAGE 3.0,ENGAGE-INDCi2030-1200,High-CDR,2C,IMAGE,ENGAGE,R10EUROPE,21.84519
SCI-vetted,IMAGE 3.0,ENGAGE-INDCi2030-1200,High-CDR,2C,IMAGE,ENGAGE,R10INDIA+,154.57707
SCI-vetted,IMAGE 3.0,ENGAGE-INDCi2030-1200,High-CDR,2C,IMAGE,ENGAGE,R10LATIN_AM,22.405635
SCI-vetted,IMAGE 3.0,ENGAGE-INDCi2030-1200,High-CDR,2C,IMAGE,ENGAGE,R10MIDDLE_EAST,47.27277
SCI-vetted,IMAGE 3.0,ENGAGE-INDCi2030-1200,High-CDR,2C,IMAGE,ENGAGE,R10NORTH_AM,10.548825
SCI-vetted,IMAGE 3.0,ENGAGE-INDCi2030-1200,High-CDR,2C,IMAGE,ENGAGE,R10PAC_OECD,6.131675
SCI-vetted,IMAGE 3.0,ENGAGE-INDCi2030-1200,High-CDR,2C,IMAGE,ENGAGE,R10REF_ECON,14.726645
SCI-vetted,IMAGE 3.0,ENGAGE-INDCi2030-1200,High-CDR,2C,IMAGE,ENGAGE,R10REST_ASIA,66.41695
SCI-vetted,IMAGE 3.0,ENGAGE-INDCi2030-1200f,High-CDR,2C,IMAGE,ENGAGE,Aggregated R10 regions,519.99852
SCI-vetted,IMAGE 3.0,ENGAGE-INDCi2030-1200f,High-CDR,2C,IMAGE,ENGAGE,R10AFRICA,76.411605
SCI-vetted,IMAGE 3.0,ENGAGE-INDCi2030-1200f,High-CDR,2C,IMAGE,ENGAGE,R10CHINA+,100.262315
SCI-vetted,IMAGE 3.0,ENGAGE-INDCi2030-1200f,High-CDR,2C,IMAGE,ENGAGE,R10EUROPE,21.849515
SCI-vetted,IMAGE 3.0,ENGAGE-INDCi2030-1200f,High-CDR,2C,IMAGE,ENGAGE,R10INDIA+,153.919615
SCI-vetted,IMAGE 3.0,ENGAGE-INDCi2030-1200f,High-CDR,2C,IMAGE,ENGAGE,R10LATIN_AM,22.36339
SCI-vetted,IMAGE 3.0,ENGAGE-INDCi2030-1200f,High-CDR,2C,IMAGE,ENGAGE,R10MIDDLE_EAST,47.263025
SCI-vetted,IMAGE 3.0,ENGAGE-INDCi2030-1200f,High-CDR,2C,IMAGE,ENGAGE,R10NORTH_AM,10.556345
SCI-vetted,IMAGE 3.0,ENGAGE-INDCi2030-1200f,High-CDR,2C,IMAGE,ENGAGE,R10PAC_OECD,6.17085
SCI-vetted,IMAGE 3.0,ENGAGE-INDCi2030-1200f,High-CDR,2C,IMAGE,ENGAGE,R10REF_ECON,14.742155
SCI-vetted,IMAGE 3.0,ENGAGE-INDCi2030-1200f,High-CDR,2C,IMAGE,ENGAGE,R10REST_ASIA,66.459705
SCI-vetted,IMAGE 3.0,ENGAGE-INDCi2030-1400,High-CDR,2C,IMAGE,ENGAGE,Aggregated R10 regions,524.51773
SCI-vetted,IMAGE 3.0,ENGAGE-INDCi2030-1400,High-CDR,2C,IMAGE,ENGAGE,R10AFRICA,76.289795
SCI-vetted,IMAGE 3.0,ENGAGE-INDCi2030-1400,High-CDR,2C,IMAGE,ENGAGE,R10CHINA+,100.694735
SCI-vetted,IMAGE 3.0,ENGAGE-INDCi2030-1400,High-CDR,2C,IMAGE,ENGAGE,R10EUROPE,21.98968
SCI-vetted,IMAGE 3.0,ENGAGE-INDCi2030-1400,High-CDR,2C,IMAGE,ENGAGE,R10INDIA+,157.680235
SCI-vetted,IMAGE 3.0,ENGAGE-INDCi2030-1400,High-CDR,2C,IMAGE,ENGAGE,R10LATIN_AM,22.4972
SCI-vetted,IMAGE 3.0,ENGAGE-INDCi2030-1400,High-CDR,2C,IMAGE,ENGAGE,R10MIDDLE_EAST,47.39748
SCI-vetted,IMAGE 3.0,ENGAGE-INDCi2030-1400,High-CDR,2C,IMAGE,ENGAGE,R10NORTH_AM,10.705015
SCI-vetted,IMAGE 3.0,ENGAGE-INDCi2030-1400,High-CDR,2C,IMAGE,ENGAGE,R10PAC_OECD,6.21552
SCI-vetted,IMAGE 3.0,ENGAGE-INDCi2030-1400,High-CDR,2C,IMAGE,ENGAGE,R10REF_ECON,14.806455
SCI-vetted,IMAGE 3.0,ENGAGE-INDCi2030-1400,High-CDR,2C,IMAGE,ENGAGE,R10REST_ASIA,66.241615
SCI-vetted,IMAGE 3.0,ENGAGE-INDCi2030-1400f,High-CDR,2C,IMAGE,ENGAGE,Aggregated R10 regions,526.56814
SCI-vetted,IMAGE 3.0,ENGAGE-INDCi2030-1400f,High-CDR,2C,IMAGE,ENGAGE,R10AFRICA,76.620845
SCI-vetted,IMAGE 3.0,ENGAGE-INDCi2030-1400f,High-CDR,2C,IMAGE,ENGAGE,R10CHINA+,101.64859
SCI-vetted,IMAGE 3.0,ENGAGE-INDCi2030-1400f,High-CDR,2C,IMAGE,ENGAGE,R10EUROPE,21.989285
SCI-vetted,IMAGE 3.0,ENGAGE-INDCi2030-1400f,High-CDR,2C,IMAGE,ENGAGE,R10INDIA+,157.85908
SCI-vetted,IMAGE 3.0,ENGAGE-INDCi2030-1400f,High-CDR,2C,IMAGE,ENGAGE,R10LATIN_AM,22.432945
SCI-vetted,IMAGE 3.0,ENGAGE-INDCi2030-1400f,High-CDR,2C,IMAGE,ENGAGE,R10MIDDLE_EAST,47.388405
SCI-vetted,IMAGE 3.0,ENGAGE-INDCi2030-1400f,High-CDR,2C,IMAGE,ENGAGE,R10NORTH_AM,10.628565
SCI-vetted,IMAGE 3.0,ENGAGE-INDCi2030-1400f,High-CDR,2C,IMAGE,ENGAGE,R10PAC_OECD,6.208355
SCI-vetted,IMAGE 3.0,ENGAGE-INDCi2030-1400f,High-CDR,2C,IMAGE,ENGAGE,R10REF_ECON,14.836185
SCI-vetted,IMAGE 3.0,ENGAGE-INDCi2030-1400f,High-CDR,2C,IMAGE,ENGAGE,R10REST_ASIA,66.955885
SCI-vetted,IMAGE 3.0,ENGAGE-INDCi2030-3000,High-CDR,2C,IMAGE,ENGAGE,Aggregated R10 regions,560.69934
SCI-vetted,IMAGE 3.0,ENGAGE-INDCi2030-3000,High-CDR,2C,IMAGE,ENGAGE,R10AFRICA,77.53419
SCI-vetted,IMAGE 3.0,ENGAGE-INDCi2030-3000,High-CDR,2C,IMAGE,ENGAGE,R10CHINA+,107.1512
SCI-vetted,IMAGE 3.0,ENGAGE-INDCi2030-3000,High-CDR,2C,IMAGE,ENGAGE,R10EUROPE,22.62747
SCI-vetted,IMAGE 3.0,ENGAGE-INDCi2030-3000,High-CDR,2C,IMAGE,ENGAGE,R10INDIA+,181.39367
SCI-vetted,IMAGE 3.0,ENGAGE-INDCi2030-3000,High-CDR,2C,IMAGE,ENGAGE,R10LATIN_AM,21.08955
SCI-vetted,IMAGE 3.0,ENGAGE-INDCi2030-3000,High-CDR,2C,IMAGE,ENGAGE,R10MIDDLE_EAST,48.057455
SCI-vetted,IMAGE 3.0,ENGAGE-INDCi2030-3000,High-CDR,2C,IMAGE,ENGAGE,R10NORTH_AM,10.95004
SCI-vetted,IMAGE 3.0,ENGAGE-INDCi2030-3000,High-CDR,2C,IMAGE,ENGAGE,R10PAC_OECD,6.2511
SCI-vetted,IMAGE 3.0,ENGAGE-INDCi2030-3000,High-CDR,2C,IMAGE,ENGAGE,R10REF_ECON,15.119465
SCI-vetted,IMAGE 3.0,ENGAGE-INDCi2030-3000,High-CDR,2C,IMAGE,ENGAGE,R10REST_ASIA,70.5252
SCI-vetted,IMAGE 3.0,ENGAGE-INDCi2030-3000f,High-CDR,2C,IMAGE,ENGAGE,Aggregated R10 regions,560.69934
SCI-vetted,IMAGE 3.0,ENGAGE-INDCi2030-3000f,High-CDR,2C,IMAGE,ENGAGE,R10AFRICA,77.53419
SCI-vetted,IMAGE 3.0,ENGAGE-INDCi2030-3000f,High-CDR,2C,IMAGE,ENGAGE,R10CHINA+,107.1512
SCI-vetted,IMAGE 3.0,ENGAGE-INDCi2030-3000f,High-CDR,2C,IMAGE,ENGAGE,R10EUROPE,22.62747
SCI-vetted,IMAGE 3.0,ENGAGE-INDCi2030-3000f,High-CDR,2C,IMAGE,ENGAGE,R10INDIA+,181.39367
SCI-vetted,IMAGE 3.0,ENGAGE-INDCi2030-3000f,High-CDR,2C,IMAGE,ENGAGE,R10LATIN_AM,21.08955
SCI-vetted,IMAGE 3.0,ENGAGE-INDCi2030-3000f,High-CDR,2C,IMAGE,ENGAGE,R10MIDDLE_EAST,48.057455
SCI-vetted,IMAGE 3.0,ENGAGE-INDCi2030-3000f,High-CDR,2C,IMAGE,ENGAGE,R10NORTH_AM,10.95004
SCI-vetted,IMAGE 3.0,ENGAGE-INDCi2030-3000f,High-CDR,2C,IMAGE,ENGAGE,R10PAC_OECD,6.2511
SCI-vetted,IMAGE 3.0,ENGAGE-INDCi2030-3000f,High-CDR,2C,IMAGE,ENGAGE,R10REF_ECON,15.119465
SCI-vetted,IMAGE 3.0,ENGAGE-INDCi2030-3000f,High-CDR,2C,IMAGE,ENGAGE,R10REST_ASIA,70.5252
SCI-vetted,IMAGE 3.0,ENGAGE-INDCi2030-800f,High-CDR,2C,IMAGE,ENGAGE,Aggregated R10 regions,503.62006
SCI-vetted,IMAGE 3.0,ENGAGE-INDCi2030-800f,High-CDR,2C,IMAGE,ENGAGE,R10AFRICA,75.720305
SCI-vetted,IMAGE 3.0,ENGAGE-INDCi2030-800f,High-CDR,2C,IMAGE,ENGAGE,R10CHINA+,96.809635
SCI-vetted,IMAGE 3.0,ENGAGE-INDCi2030-800f,High-CDR,2C,IMAGE,ENGAGE,R10EUROPE,21.378665
SCI-vetted,IMAGE 3.0,ENGAGE-INDCi2030-800f,High-CDR,2C,IMAGE,ENGAGE,R10INDIA+,146.082005
SCI-vetted,IMAGE 3.0,ENGAGE-INDCi2030-800f,High-CDR,2C,IMAGE,ENGAGE,R10LATIN_AM,21.803525
SCI-vetted,IMAGE 3.0,ENGAGE-INDCi2030-800f,High-CDR,2C,IMAGE,ENGAGE,R10MIDDLE_EAST,46.89536
SCI-vetted,IMAGE 3.0,ENGAGE-INDCi2030-800f,High-CDR,2C,IMAGE,ENGAGE,R10NORTH_AM,10.319865
SCI-vetted,IMAGE 3.0,ENGAGE-INDCi2030-800f,High-CDR,2C,IMAGE,ENGAGE,R10PAC_OECD,6.056135
SCI-vetted,IMAGE 3.0,ENGAGE-INDCi2030-800f,High-CDR,2C,IMAGE,ENGAGE,R10REF_ECON,14.55197
SCI-vetted,IMAGE 3.0,ENGAGE-INDCi2030-800f,High-CDR,2C,IMAGE,ENGAGE,R10REST_ASIA,64.002595
SCI-vetted,IMAGE 3.0,ENGAGE-NPi2020-1000,High-CDR,2C,IMAGE,ENGAGE,Aggregated R10 regions,511.164955
SCI-vetted,IMAGE 3.0,ENGAGE-NPi2020-1000,High-CDR,2C,IMAGE,ENGAGE,R10AFRICA,76.226
SCI-vetted,IMAGE 3.0,ENGAGE-NPi2020-1000,High-CDR,2C,IMAGE,ENGAGE,R10CHINA+,97.133345
SCI-vetted,IMAGE 3.0,ENGAGE-NPi2020-1000,High-CDR,2C,IMAGE,ENGAGE,R10EUROPE,21.731845
SCI-vetted,IMAGE 3.0,ENGAGE-NPi2020-1000,High-CDR,2C,IMAGE,ENGAGE,R10INDIA+,151.15746
SCI-vetted,IMAGE 3.0,ENGAGE-NPi2020-1000,High-CDR,2C,IMAGE,ENGAGE,R10LATIN_AM,21.532835
SCI-vetted,IMAGE 3.0,ENGAGE-NPi2020-1000,High-CDR,2C,IMAGE,ENGAGE,R10MIDDLE_EAST,47.158755
SCI-vetted,IMAGE 3.0,ENGAGE-NPi2020-1000,High-CDR,2C,IMAGE,ENGAGE,R10NORTH_AM,10.593425
SCI-vetted,IMAGE 3.0,ENGAGE-NPi2020-1000,High-CDR,2C,IMAGE,ENGAGE,R10PAC_OECD,6.05111
SCI-vetted,IMAGE 3.0,ENGAGE-NPi2020-1000,High-CDR,2C,IMAGE,ENGAGE,R10REF_ECON,14.599695
SCI-vetted,IMAGE 3.0,ENGAGE-NPi2020-1000,High-CDR,2C,IMAGE,ENGAGE,R10REST_ASIA,64.980485
SCI-vetted,IMAGE 3.0,ENGAGE-NPi2020-1200,High-CDR,2C,IMAGE,ENGAGE,Aggregated R10 regions,517.280945
SCI-vetted,IMAGE 3.0,ENGAGE-NPi2020-1200,High-CDR,2C,IMAGE,ENGAGE,R10AFRICA,76.20122
SCI-vetted,IMAGE 3.0,ENGAGE-NPi2020-1200,High-CDR,2C,IMAGE,ENGAGE,R10CHINA+,98.82802
SCI-vetted,IMAGE 3.0,ENGAGE-NPi2020-1200,High-CDR,2C,IMAGE,ENGAGE,R10EUROPE,21.894155
SCI-vetted,IMAGE 3.0,ENGAGE-NPi2020-1200,High-CDR,2C,IMAGE,ENGAGE,R10INDIA+,153.5296
SCI-vetted,IMAGE 3.0,ENGAGE-NPi2020-1200,High-CDR,2C,IMAGE,ENGAGE,R10LATIN_AM,22.053545
SCI-vetted,IMAGE 3.0,ENGAGE-NPi2020-1200,High-CDR,2C,IMAGE,ENGAGE,R10MIDDLE_EAST,47.2651
SCI-vetted,IMAGE 3.0,ENGAGE-NPi2020-1200,High-CDR,2C,IMAGE,ENGAGE,R10NORTH_AM,10.682605
SCI-vetted,IMAGE 3.0,ENGAGE-NPi2020-1200,High-CDR,2C,IMAGE,ENGAGE,R10PAC_OECD,6.131435
SCI-vetted,IMAGE 3.0,ENGAGE-NPi2020-1200,High-CDR,2C,IMAGE,ENGAGE,R10REF_ECON,14.657325
SCI-vetted,IMAGE 3.0,ENGAGE-NPi2020-1200,High-CDR,2C,IMAGE,ENGAGE,R10REST_ASIA,66.03794
SCI-vetted,IMAGE 3.0,ENGAGE-NPi2020-1400,High-CDR,2C,IMAGE,ENGAGE,Aggregated R10 regions,520.91717
SCI-vetted,IMAGE 3.0,ENGAGE-NPi2020-1400,High-CDR,2C,IMAGE,ENGAGE,R10AFRICA,76.273615
SCI-vetted,IMAGE 3.0,ENGAGE-NPi2020-1400,High-CDR,2C,IMAGE,ENGAGE,R10CHINA+,99.708625
SCI-vetted,IMAGE 3.0,ENGAGE-NPi2020-1400,High-CDR,2C,IMAGE,ENGAGE,R10EUROPE,21.984375
SCI-vetted,IMAGE 3.0,ENGAGE-NPi2020-1400,High-CDR,2C,IMAGE,ENGAGE,R10INDIA+,155.88667
SCI-vetted,IMAGE 3.0,ENGAGE-NPi2020-1400,High-CDR,2C,IMAGE,ENGAGE,R10LATIN_AM,22.10622
SCI-vetted,IMAGE 3.0,ENGAGE-NPi2020-1400,High-CDR,2C,IMAGE,ENGAGE,R10MIDDLE_EAST,47.35514
SCI-vetted,IMAGE 3.0,ENGAGE-NPi2020-1400,High-CDR,2C,IMAGE,ENGAGE,R10NORTH_AM,10.730865
SCI-vetted,IMAGE 3.0,ENGAGE-NPi2020-1400,High-CDR,2C,IMAGE,ENGAGE,R10PAC_OECD,6.180705
SCI-vetted,IMAGE 3.0,ENGAGE-NPi2020-1400,High-CDR,2C,IMAGE,ENGAGE,R10REF_ECON,14.690235
SCI-vetted,IMAGE 3.0,ENGAGE-NPi2020-1400,High-CDR,2C,IMAGE,ENGAGE,R10REST_ASIA,66.00072
SCI-vetted,IMAGE 3.0,ENGAGE-NPi2020-1400f,High-CDR,2C,IMAGE,ENGAGE,Aggregated R10 regions,521.06608
SCI-vetted,IMAGE 3.0,ENGAGE-NPi2020-1400f,High-CDR,2C,IMAGE,ENGAGE,R10AFRICA,76.32704
SCI-vetted,IMAGE 3.0,ENGAGE-NPi2020-1400f,High-CDR,2C,IMAGE,ENGAGE,R10CHINA+,99.98506
SCI-vetted,IMAGE 3.0,ENGAGE-NPi2020-1400f,High-CDR,2C,IMAGE,ENGAGE,R10EUROPE,22.000755
SCI-vetted,IMAGE 3.0,ENGAGE-NPi2020-1400f,High-CDR,2C,IMAGE,ENGAGE,R10INDIA+,155.90617
SCI-vetted,IMAGE 3.0,ENGAGE-NPi2020-1400f,High-CDR,2C,IMAGE,ENGAGE,R10LATIN_AM,22.181465
SCI-vetted,IMAGE 3.0,ENGAGE-NPi2020-1400f,High-CDR,2C,IMAGE,ENGAGE,R10MIDDLE_EAST,47.358875
SCI-vetted,IMAGE 3.0,ENGAGE-NPi2020-1400f,High-CDR,2C,IMAGE,ENGAGE,R10NORTH_AM,10.736715
SCI-vetted,IMAGE 3.0,ENGAGE-NPi2020-1400f,High-CDR,2C,IMAGE,ENGAGE,R10PAC_OECD,6.242295
SCI-vetted,IMAGE 3.0,ENGAGE-NPi2020-1400f,High-CDR,2C,IMAGE,ENGAGE,R10REF_ECON,14.693555
SCI-vetted,IMAGE 3.0,ENGAGE-NPi2020-1400f,High-CDR,2C,IMAGE,ENGAGE,R10REST_ASIA,65.63415
SCI-vetted,IMAGE 3.0,ENGAGE-NPi2020-3000,High-CDR,2C,IMAGE,ENGAGE,Aggregated R10 regions,556.89206
SCI-vetted,IMAGE 3.0,ENGAGE-NPi2020-3000,High-CDR,2C,IMAGE,ENGAGE,R10AFRICA,77.36427
SCI-vetted,IMAGE 3.0,ENGAGE-NPi2020-3000,High-CDR,2C,IMAGE,ENGAGE,R10CHINA+,106.48878
SCI-vetted,IMAGE 3.0,ENGAGE-NPi2020-3000,High-CDR,2C,IMAGE,ENGAGE,R10EUROPE,22.622765
SCI-vetted,IMAGE 3.0,ENGAGE-NPi2020-3000,High-CDR,2C,IMAGE,ENGAGE,R10INDIA+,178.81453
SCI-vetted,IMAGE 3.0,ENGAGE-NPi2020-3000,High-CDR,2C,IMAGE,ENGAGE,R10LATIN_AM,21.26444
SCI-vetted,IMAGE 3.0,ENGAGE-NPi2020-3000,High-CDR,2C,IMAGE,ENGAGE,R10MIDDLE_EAST,47.97193
SCI-vetted,IMAGE 3.0,ENGAGE-NPi2020-3000,High-CDR,2C,IMAGE,ENGAGE,R10NORTH_AM,11.05197
SCI-vetted,IMAGE 3.0,ENGAGE-NPi2020-3000,High-CDR,2C,IMAGE,ENGAGE,R10PAC_OECD,6.29845
SCI-vetted,IMAGE 3.0,ENGAGE-NPi2020-3000,High-CDR,2C,IMAGE,ENGAGE,R10REF_ECON,15.1097
SCI-vetted,IMAGE 3.0,ENGAGE-NPi2020-3000,High-CDR,2C,IMAGE,ENGAGE,R10REST_ASIA,69.905225
SCI-vetted,IMAGE 3.0,ENGAGE-NPi2020-3000f,High-CDR,2C,IMAGE,ENGAGE,Aggregated R10 regions,556.89206
SCI-vetted,IMAGE 3.0,ENGAGE-NPi2020-3000f,High-CDR,2C,IMAGE,ENGAGE,R10AFRICA,77.36427
SCI-vetted,IMAGE 3.0,ENGAGE-NPi2020-3000f,High-CDR,2C,IMAGE,ENGAGE,R10CHINA+,106.48878
SCI-vetted,IMAGE 3.0,ENGAGE-NPi2020-3000f,High-CDR,2C,IMAGE,ENGAGE,R10EUROPE,22.622765
SCI-vetted,IMAGE 3.0,ENGAGE-NPi2020-3000f,High-CDR,2C,IMAGE,ENGAGE,R10INDIA+,178.81453
SCI-vetted,IMAGE 3.0,ENGAGE-NPi2020-3000f,High-CDR,2C,IMAGE,ENGAGE,R10LATIN_AM,21.26444
SCI-vetted,IMAGE 3.0,ENGAGE-NPi2020-3000f,High-CDR,2C,IMAGE,ENGAGE,R10MIDDLE_EAST,47.97193
SCI-vetted,IMAGE 3.0,ENGAGE-NPi2020-3000f,High-CDR,2C,IMAGE,ENGAGE,R10NORTH_AM,11.05197
SCI-vetted,IMAGE 3.0,ENGAGE-NPi2020-3000f,High-CDR,2C,IMAGE,ENGAGE,R10PAC_OECD,6.29845
SCI-vetted,IMAGE 3.0,ENGAGE-NPi2020-3000f,High-CDR,2C,IMAGE,ENGAGE,R10REF_ECON,15.1097
SCI-vetted,IMAGE 3.0,ENGAGE-NPi2020-3000f,High-CDR,2C,IMAGE,ENGAGE,R10REST_ASIA,69.905225
SCI-vetted,IMAGE 3.2,SSP2021-SSP1-SPA1-19-Lifestyle-Renewables,High-CDR,1.5C,IMAGE,SSP2021,Aggregated R10 regions,469.738105
SCI-vetted,IMAGE 3.2,SSP2021-SSP1-SPA1-19-Lifestyle-Renewables,High-CDR,1.5C,IMAGE,SSP2021,R10AFRICA,77.663555
SCI-vetted,IMAGE 3.2,SSP2021-SSP1-SPA1-19-Lifestyle-Renewables,High-CDR,1.5C,IMAGE,SSP2021,R10CHINA+,87.08818
SCI-vetted,IMAGE 3.2,SSP2021-SSP1-SPA1-19-Lifestyle-Renewables,High-CDR,1.5C,IMAGE,SSP2021,R10EUROPE,16.285520000000002
SCI-vetted,IMAGE 3.2,SSP2021-SSP1-SPA1-19-Lifestyle-Renewables,High-CDR,1.5C,IMAGE,SSP2021,R10INDIA+,131.809015
SCI-vetted,IMAGE 3.2,SSP2021-SSP1-SPA1-19-Lifestyle-Renewables,High-CDR,1.5C,IMAGE,SSP2021,R10LATIN_AM,21.513735
SCI-vetted,IMAGE 3.2,SSP2021-SSP1-SPA1-19-Lifestyle-Renewables,High-CDR,1.5C,IMAGE,SSP2021,R10MIDDLE_EAST,42.5335
SCI-vetted,IMAGE 3.2,SSP2021-SSP1-SPA1-19-Lifestyle-Renewables,High-CDR,1.5C,IMAGE,SSP2021,R10NORTH_AM,7.473765
SCI-vetted,IMAGE 3.2,SSP2021-SSP1-SPA1-19-Lifestyle-Renewables,High-CDR,1.5C,IMAGE,SSP2021,R10PAC_OECD,5.743805
SCI-vetted,IMAGE 3.2,SSP2021-SSP1-SPA1-19-Lifestyle-Renewables,High-CDR,1.5C,IMAGE,SSP2021,R10REF_ECON,13.410305
SCI-vetted,IMAGE 3.2,SSP2021-SSP1-SPA1-19-Lifestyle-Renewables,High-CDR,1.5C,IMAGE,SSP2021,R10REST_ASIA,66.216725
SCI-vetted,IMAGE 3.2,SSP2021-SSP1-SPA1-19-Renewables,High-RE,1.5C,IMAGE,SSP2021,Aggregated R10 regions,465.59645
SCI-vetted,IMAGE 3.2,SSP2021-SSP1-SPA1-19-Renewables,High-RE,1.5C,IMAGE,SSP2021,R10AFRICA,76.85588
SCI-vetted,IMAGE 3.2,SSP2021-SSP1-SPA1-19-Renewables,High-RE,1.5C,IMAGE,SSP2021,R10CHINA+,88.954105
SCI-vetted,IMAGE 3.2,SSP2021-SSP1-SPA1-19-Renewables,High-RE,1.5C,IMAGE,SSP2021,R10EUROPE,20.015275
SCI-vetted,IMAGE 3.2,SSP2021-SSP1-SPA1-19-Renewables,High-RE,1.5C,IMAGE,SSP2021,R10INDIA+,120.266935
SCI-vetted,IMAGE 3.2,SSP2021-SSP1-SPA1-19-Renewables,High-RE,1.5C,IMAGE,SSP2021,R10LATIN_AM,23.047795
SCI-vetted,IMAGE 3.2,SSP2021-SSP1-SPA1-19-Renewables,High-RE,1.5C,IMAGE,SSP2021,R10MIDDLE_EAST,44.21806
SCI-vetted,IMAGE 3.2,SSP2021-SSP1-SPA1-19-Renewables,High-RE,1.5C,IMAGE,SSP2021,R10NORTH_AM,9.933115
SCI-vetted,IMAGE 3.2,SSP2021-SSP1-SPA1-19-Renewables,High-RE,1.5C,IMAGE,SSP2021,R10PAC_OECD,5.882715
SCI-vetted,IMAGE 3.2,SSP2021-SSP1-SPA1-19-Renewables,High-RE,1.5C,IMAGE,SSP2021,R10REF_ECON,13.94082
SCI-vetted,IMAGE 3.2,SSP2021-SSP1-SPA1-19-Renewables,High-RE,1.5C,IMAGE,SSP2021,R10REST_ASIA,62.48175
SCI-vetted,IMAGE 3.2,SSP2021-SSP1-SPA1-26-Default,High-CDR,2C,IMAGE,SSP2021,Aggregated R10 regions,499.40149
SCI-vetted,IMAGE 3.2,SSP2021-SSP1-SPA1-26-Default,High-CDR,2C,IMAGE,SSP2021,R10AFRICA,83.355985
SCI-vetted,IMAGE 3.2,SSP2021-SSP1-SPA1-26-Default,High-CDR,2C,IMAGE,SSP2021,R10CHINA+,92.526475
SCI-vetted,IMAGE 3.2,SSP2021-SSP1-SPA1-26-Default,High-CDR,2C,IMAGE,SSP2021,R10EUROPE,20.09012
SCI-vetted,IMAGE 3.2,SSP2021-SSP1-SPA1-26-Default,High-CDR,2C,IMAGE,SSP2021,R10INDIA+,137.66848
SCI-vetted,IMAGE 3.2,SSP2021-SSP1-SPA1-26-Default,High-CDR,2C,IMAGE,SSP2021,R10LATIN_AM,23.29638
SCI-vetted,IMAGE 3.2,SSP2021-SSP1-SPA1-26-Default,High-CDR,2C,IMAGE,SSP2021,R10MIDDLE_EAST,44.396935
SCI-vetted,IMAGE 3.2,SSP2021-SSP1-SPA1-26-Default,High-CDR,2C,IMAGE,SSP2021,R10NORTH_AM,10.05347
SCI-vetted,IMAGE 3.2,SSP2021-SSP1-SPA1-26-Default,High-CDR,2C,IMAGE,SSP2021,R10PAC_OECD,5.95669
SCI-vetted,IMAGE 3.2,SSP2021-SSP1-SPA1-26-Default,High-CDR,2C,IMAGE,SSP2021,R10REF_ECON,14.143345
SCI-vetted,IMAGE 3.2,SSP2021-SSP1-SPA1-26-Default,High-CDR,2C,IMAGE,SSP2021,R10REST_ASIA,67.91361
SCI-vetted,IMAGE 3.2,SSP2021-SSP1-SPA1-26-Lifestyle,High-CDR,2C,IMAGE,SSP2021,Aggregated R10 regions,479.534385
SCI-vetted,IMAGE 3.2,SSP2021-SSP1-SPA1-26-Lifestyle,High-CDR,2C,IMAGE,SSP2021,R10AFRICA,81.07021
SCI-vetted,IMAGE 3.2,SSP2021-SSP1-SPA1-26-Lifestyle,High-CDR,2C,IMAGE,SSP2021,R10CHINA+,88.77628
SCI-vetted,IMAGE 3.2,SSP2021-SSP1-SPA1-26-Lifestyle,High-CDR,2C,IMAGE,SSP2021,R10EUROPE,16.229385
SCI-vetted,IMAGE 3.2,SSP2021-SSP1-SPA1-26-Lifestyle,High-CDR,2C,IMAGE,SSP2021,R10INDIA+,134.765595
SCI-vetted,IMAGE 3.2,SSP2021-SSP1-SPA1-26-Lifestyle,High-CDR,2C,IMAGE,SSP2021,R10LATIN_AM,21.380655
SCI-vetted,IMAGE 3.2,SSP2021-SSP1-SPA1-26-Lifestyle,High-CDR,2C,IMAGE,SSP2021,R10MIDDLE_EAST,42.82004
SCI-vetted,IMAGE 3.2,SSP2021-SSP1-SPA1-26-Lifestyle,High-CDR,2C,IMAGE,SSP2021,R10NORTH_AM,7.522515
SCI-vetted,IMAGE 3.2,SSP2021-SSP1-SPA1-26-Lifestyle,High-CDR,2C,IMAGE,SSP2021,R10PAC_OECD,5.76684
SCI-vetted,IMAGE 3.2,SSP2021-SSP1-SPA1-26-Lifestyle,High-CDR,2C,IMAGE,SSP2021,R10REF_ECON,13.488265
SCI-vetted,IMAGE 3.2,SSP2021-SSP1-SPA1-26-Lifestyle,High-CDR,2C,IMAGE,SSP2021,R10REST_ASIA,67.7146
SCI-vetted,IMAGE 3.2,SSP2021-SSP1-SPA1-34-Lifestyle-Renewables,High-RE,2C,IMAGE,SSP2021,Aggregated R10 regions,498.9329
SCI-vetted,IMAGE 3.2,SSP2021-SSP1-SPA1-34-Lifestyle-Renewables,High-RE,2C,IMAGE,SSP2021,R10AFRICA,78.281565
SCI-vetted,IMAGE 3.2,SSP2021-SSP1-SPA1-34-Lifestyle-Renewables,High-RE,2C,IMAGE,SSP2021,R10CHINA+,92.18815
SCI-vetted,IMAGE 3.2,SSP2021-SSP1-SPA1-34-Lifestyle-Renewables,High-RE,2C,IMAGE,SSP2021,R10EUROPE,16.345245
SCI-vetted,IMAGE 3.2,SSP2021-SSP1-SPA1-34-Lifestyle-Renewables,High-RE,2C,IMAGE,SSP2021,R10INDIA+,148.93834
SCI-vetted,IMAGE 3.2,SSP2021-SSP1-SPA1-34-Lifestyle-Renewables,High-RE,2C,IMAGE,SSP2021,R10LATIN_AM,21.45694
SCI-vetted,IMAGE 3.2,SSP2021-SSP1-SPA1-34-Lifestyle-Renewables,High-RE,2C,IMAGE,SSP2021,R10MIDDLE_EAST,42.9441
SCI-vetted,IMAGE 3.2,SSP2021-SSP1-SPA1-34-Lifestyle-Renewables,High-RE,2C,IMAGE,SSP2021,R10NORTH_AM,7.452245
SCI-vetted,IMAGE 3.2,SSP2021-SSP1-SPA1-34-Lifestyle-Renewables,High-RE,2C,IMAGE,SSP2021,R10PAC_OECD,5.772485
SCI-vetted,IMAGE 3.2,SSP2021-SSP1-SPA1-34-Lifestyle-Renewables,High-RE,2C,IMAGE,SSP2021,R10REF_ECON,13.558805
SCI-vetted,IMAGE 3.2,SSP2021-SSP1-SPA1-34-Lifestyle-Renewables,High-RE,2C,IMAGE,SSP2021,R10REST_ASIA,71.995025
SCI-vetted,IMAGE 3.2,SSP2021-SSP1-SPA1-34-Renewables,High-RE,2C,IMAGE,SSP2021,Aggregated R10 regions,492.745815
SCI-vetted,IMAGE 3.2,SSP2021-SSP1-SPA1-34-Renewables,High-RE,2C,IMAGE,SSP2021,R10AFRICA,78.200205
SCI-vetted,IMAGE 3.2,SSP2021-SSP1-SPA1-34-Renewables,High-RE,2C,IMAGE,SSP2021,R10CHINA+,91.649575
SCI-vetted,IMAGE 3.2,SSP2021-SSP1-SPA1-34-Renewables,High-RE,2C,IMAGE,SSP2021,R10EUROPE,19.65049
SCI-vetted,IMAGE 3.2,SSP2021-SSP1-SPA1-34-Renewables,High-RE,2C,IMAGE,SSP2021,R10INDIA+,138.345155
SCI-vetted,IMAGE 3.2,SSP2021-SSP1-SPA1-34-Renewables,High-RE,2C,IMAGE,SSP2021,R10LATIN_AM,22.731065
SCI-vetted,IMAGE 3.2,SSP2021-SSP1-SPA1-34-Renewables,High-RE,2C,IMAGE,SSP2021,R10MIDDLE_EAST,44.12581
SCI-vetted,IMAGE 3.2,SSP2021-SSP1-SPA1-34-Renewables,High-RE,2C,IMAGE,SSP2021,R10NORTH_AM,9.850935
SCI-vetted,IMAGE 3.2,SSP2021-SSP1-SPA1-34-Renewables,High-RE,2C,IMAGE,SSP2021,R10PAC_OECD,5.969735
SCI-vetted,IMAGE 3.2,SSP2021-SSP1-SPA1-34-Renewables,High-RE,2C,IMAGE,SSP2021,R10REF_ECON,14.08833
SCI-vetted,IMAGE 3.2,SSP2021-SSP1-SPA1-34-Renewables,High-RE,2C,IMAGE,SSP2021,R10REST_ASIA,68.134515
SCI-vetted,IMAGE 3.2,SSP2021-SSP2-SPA0-26-Default,High-CDR,2C,IMAGE,SSP2021,Aggregated R10 regions,569.34622
SCI-vetted,IMAGE 3.2,SSP2021-SSP2-SPA0-26-Default,High-CDR,2C,IMAGE,SSP2021,R10AFRICA,79.253475
SCI-vetted,IMAGE 3.2,SSP2021-SSP2-SPA0-26-Default,High-CDR,2C,IMAGE,SSP2021,R10CHINA+,111.852115
SCI-vetted,IMAGE 3.2,SSP2021-SSP2-SPA0-26-Default,High-CDR,2C,IMAGE,SSP2021,R10EUROPE,24.967175
SCI-vetted,IMAGE 3.2,SSP2021-SSP2-SPA0-26-Default,High-CDR,2C,IMAGE,SSP2021,R10INDIA+,170.902255
SCI-vetted,IMAGE 3.2,SSP2021-SSP2-SPA0-26-Default,High-CDR,2C,IMAGE,SSP2021,R10LATIN_AM,24.6965
SCI-vetted,IMAGE 3.2,SSP2021-SSP2-SPA0-26-Default,High-CDR,2C,IMAGE,SSP2021,R10MIDDLE_EAST,46.1598
SCI-vetted,IMAGE 3.2,SSP2021-SSP2-SPA0-26-Default,High-CDR,2C,IMAGE,SSP2021,R10NORTH_AM,12.7569
SCI-vetted,IMAGE 3.2,SSP2021-SSP2-SPA0-26-Default,High-CDR,2C,IMAGE,SSP2021,R10PAC_OECD,6.56073
SCI-vetted,IMAGE 3.2,SSP2021-SSP2-SPA0-26-Default,High-CDR,2C,IMAGE,SSP2021,R10REF_ECON,14.9562
SCI-vetted,IMAGE 3.2,SSP2021-SSP2-SPA0-26-Default,High-CDR,2C,IMAGE,SSP2021,R10REST_ASIA,77.24107
SCI-vetted,IMAGE 3.2,SSP2021-SSP2-SPA1-19-Default-LowBiomass,High-CDR,1.5C,IMAGE,SSP2021,Aggregated R10 regions,546.71062
SCI-vetted,IMAGE 3.2,SSP2021-SSP2-SPA1-19-Default-LowBiomass,High-CDR,1.5C,IMAGE,SSP2021,R10AFRICA,89.016555
SCI-vetted,IMAGE 3.2,SSP2021-SSP2-SPA1-19-Default-LowBiomass,High-CDR,1.5C,IMAGE,SSP2021,R10CHINA+,96.10781
SCI-vetted,IMAGE 3.2,SSP2021-SSP2-SPA1-19-Default-LowBiomass,High-CDR,1.5C,IMAGE,SSP2021,R10EUROPE,24.196385
SCI-vetted,IMAGE 3.2,SSP2021-SSP2-SPA1-19-Default-LowBiomass,High-CDR,1.5C,IMAGE,SSP2021,R10INDIA+,159.10394
SCI-vetted,IMAGE 3.2,SSP2021-SSP2-SPA1-19-Default-LowBiomass,High-CDR,1.5C,IMAGE,SSP2021,R10LATIN_AM,23.166375
SCI-vetted,IMAGE 3.2,SSP2021-SSP2-SPA1-19-Default-LowBiomass,High-CDR,1.5C,IMAGE,SSP2021,R10MIDDLE_EAST,45.85063
SCI-vetted,IMAGE 3.2,SSP2021-SSP2-SPA1-19-Default-LowBiomass,High-CDR,1.5C,IMAGE,SSP2021,R10NORTH_AM,12.042995
SCI-vetted,IMAGE 3.2,SSP2021-SSP2-SPA1-19-Default-LowBiomass,High-CDR,1.5C,IMAGE,SSP2021,R10PAC_OECD,5.99441
SCI-vetted,IMAGE 3.2,SSP2021-SSP2-SPA1-19-Default-LowBiomass,High-CDR,1.5C,IMAGE,SSP2021,R10REF_ECON,14.538095
SCI-vetted,IMAGE 3.2,SSP2021-SSP2-SPA1-19-Default-LowBiomass,High-CDR,1.5C,IMAGE,SSP2021,R10REST_ASIA,76.693425
SCI-vetted,IMAGE 3.2,SSP2021-SSP2-SPA2-19-Default,High-CDR,1.5C,IMAGE,SSP2021,Aggregated R10 regions,576.69
SCI-vetted,IMAGE 3.2,SSP2021-SSP2-SPA2-19-Default,High-CDR,1.5C,IMAGE,SSP2021,R10AFRICA,92.777525
SCI-vetted,IMAGE 3.2,SSP2021-SSP2-SPA2-19-Default,High-CDR,1.5C,IMAGE,SSP2021,R10CHINA+,100.151615
SCI-vetted,IMAGE 3.2,SSP2021-SSP2-SPA2-19-Default,High-CDR,1.5C,IMAGE,SSP2021,R10EUROPE,25.02728
SCI-vetted,IMAGE 3.2,SSP2021-SSP2-SPA2-19-Default,High-CDR,1.5C,IMAGE,SSP2021,R10INDIA+,167.546985
SCI-vetted,IMAGE 3.2,SSP2021-SSP2-SPA2-19-Default,High-CDR,1.5C,IMAGE,SSP2021,R10LATIN_AM,24.331495
SCI-vetted,IMAGE 3.2,SSP2021-SSP2-SPA2-19-Default,High-CDR,1.5C,IMAGE,SSP2021,R10MIDDLE_EAST,46.14518
SCI-vetted,IMAGE 3.2,SSP2021-SSP2-SPA2-19-Default,High-CDR,1.5C,IMAGE,SSP2021,R10NORTH_AM,13.04031
SCI-vetted,IMAGE 3.2,SSP2021-SSP2-SPA2-19-Default,High-CDR,1.5C,IMAGE,SSP2021,R10PAC_OECD,6.422335
SCI-vetted,IMAGE 3.2,SSP2021-SSP2-SPA2-19-Default,High-CDR,1.5C,IMAGE,SSP2021,R10REF_ECON,14.84817
SCI-vetted,IMAGE 3.2,SSP2021-SSP2-SPA2-19-Default,High-CDR,1.5C,IMAGE,SSP2021,R10REST_ASIA,86.399105
SCI-vetted,IMAGE 3.2,SSP2021-SSP2-SPA2-19-Lifestyle-Renewables,High-CDR,1.5C,IMAGE,SSP2021,Aggregated R10 regions,494.10257
SCI-vetted,IMAGE 3.2,SSP2021-SSP2-SPA2-19-Lifestyle-Renewables,High-CDR,1.5C,IMAGE,SSP2021,R10AFRICA,79.59705
SCI-vetted,IMAGE 3.2,SSP2021-SSP2-SPA2-19-Lifestyle-Renewables,High-CDR,1.5C,IMAGE,SSP2021,R10CHINA+,92.088175
SCI-vetted,IMAGE 3.2,SSP2021-SSP2-SPA2-19-Lifestyle-Renewables,High-CDR,1.5C,IMAGE,SSP2021,R10EUROPE,17.065505
SCI-vetted,IMAGE 3.2,SSP2021-SSP2-SPA2-19-Lifestyle-Renewables,High-CDR,1.5C,IMAGE,SSP2021,R10INDIA+,140.84605
SCI-vetted,IMAGE 3.2,SSP2021-SSP2-SPA2-19-Lifestyle-Renewables,High-CDR,1.5C,IMAGE,SSP2021,R10LATIN_AM,23.21708
SCI-vetted,IMAGE 3.2,SSP2021-SSP2-SPA2-19-Lifestyle-Renewables,High-CDR,1.5C,IMAGE,SSP2021,R10MIDDLE_EAST,43.48305
SCI-vetted,IMAGE 3.2,SSP2021-SSP2-SPA2-19-Lifestyle-Renewables,High-CDR,1.5C,IMAGE,SSP2021,R10NORTH_AM,8.152975
SCI-vetted,IMAGE 3.2,SSP2021-SSP2-SPA2-19-Lifestyle-Renewables,High-CDR,1.5C,IMAGE,SSP2021,R10PAC_OECD,6.031335
SCI-vetted,IMAGE 3.2,SSP2021-SSP2-SPA2-19-Lifestyle-Renewables,High-CDR,1.5C,IMAGE,SSP2021,R10REF_ECON,13.672265
SCI-vetted,IMAGE 3.2,SSP2021-SSP2-SPA2-19-Lifestyle-Renewables,High-CDR,1.5C,IMAGE,SSP2021,R10REST_ASIA,69.949085
SCI-vetted,IMAGE 3.2,SSP2021-SSP2-SPA2-26-Default,High-CDR,2C,IMAGE,SSP2021,Aggregated R10 regions,573.34894
SCI-vetted,IMAGE 3.2,SSP2021-SSP2-SPA2-26-Default,High-CDR,2C,IMAGE,SSP2021,R10AFRICA,92.023485
SCI-vetted,IMAGE 3.2,SSP2021-SSP2-SPA2-26-Default,High-CDR,2C,IMAGE,SSP2021,R10CHINA+,104.10131
SCI-vetted,IMAGE 3.2,SSP2021-SSP2-SPA2-26-Default,High-CDR,2C,IMAGE,SSP2021,R10EUROPE,25.161255
SCI-vetted,IMAGE 3.2,SSP2021-SSP2-SPA2-26-Default,High-CDR,2C,IMAGE,SSP2021,R10INDIA+,165.692885
SCI-vetted,IMAGE 3.2,SSP2021-SSP2-SPA2-26-Default,High-CDR,2C,IMAGE,SSP2021,R10LATIN_AM,23.79461
SCI-vetted,IMAGE 3.2,SSP2021-SSP2-SPA2-26-Default,High-CDR,2C,IMAGE,SSP2021,R10MIDDLE_EAST,46.32243
SCI-vetted,IMAGE 3.2,SSP2021-SSP2-SPA2-26-Default,High-CDR,2C,IMAGE,SSP2021,R10NORTH_AM,12.70522
SCI-vetted,IMAGE 3.2,SSP2021-SSP2-SPA2-26-Default,High-CDR,2C,IMAGE,SSP2021,R10PAC_OECD,6.427055
SCI-vetted,IMAGE 3.2,SSP2021-SSP2-SPA2-26-Default,High-CDR,2C,IMAGE,SSP2021,R10REF_ECON,15.055895
SCI-vetted,IMAGE 3.2,SSP2021-SSP2-SPA2-26-Default,High-CDR,2C,IMAGE,SSP2021,R10REST_ASIA,82.064795
SCI-vetted,IMAGE 3.2,SSP2021-SSP2-SPA2-26-Lifestyle,High-CDR,2C,IMAGE,SSP2021,Aggregated R10 regions,525.46397
SCI-vetted,IMAGE 3.2,SSP2021-SSP2-SPA2-26-Lifestyle,High-CDR,2C,IMAGE,SSP2021,R10AFRICA,88.092515
SCI-vetted,IMAGE 3.2,SSP2021-SSP2-SPA2-26-Lifestyle,High-CDR,2C,IMAGE,SSP2021,R10CHINA+,96.68312
SCI-vetted,IMAGE 3.2,SSP2021-SSP2-SPA2-26-Lifestyle,High-CDR,2C,IMAGE,SSP2021,R10EUROPE,17.288835
SCI-vetted,IMAGE 3.2,SSP2021-SSP2-SPA2-26-Lifestyle,High-CDR,2C,IMAGE,SSP2021,R10INDIA+,152.610795
SCI-vetted,IMAGE 3.2,SSP2021-SSP2-SPA2-26-Lifestyle,High-CDR,2C,IMAGE,SSP2021,R10LATIN_AM,23.27353
SCI-vetted,IMAGE 3.2,SSP2021-SSP2-SPA2-26-Lifestyle,High-CDR,2C,IMAGE,SSP2021,R10MIDDLE_EAST,43.78331
SCI-vetted,IMAGE 3.2,SSP2021-SSP2-SPA2-26-Lifestyle,High-CDR,2C,IMAGE,SSP2021,R10NORTH_AM,8.02958
SCI-vetted,IMAGE 3.2,SSP2021-SSP2-SPA2-26-Lifestyle,High-CDR,2C,IMAGE,SSP2021,R10PAC_OECD,5.99789
SCI-vetted,IMAGE 3.2,SSP2021-SSP2-SPA2-26-Lifestyle,High-CDR,2C,IMAGE,SSP2021,R10REF_ECON,13.798935
SCI-vetted,IMAGE 3.2,SSP2021-SSP2-SPA2-26-Lifestyle,High-CDR,2C,IMAGE,SSP2021,R10REST_ASIA,75.90546
SCI-vetted,IMAGE 3.2,SSP2021-SSP2-SPA2-34-Default,High-CDR,2C,IMAGE,SSP2021,Aggregated R10 regions,573.791995
SCI-vetted,IMAGE 3.2,SSP2021-SSP2-SPA2-34-Default,High-CDR,2C,IMAGE,SSP2021,R10AFRICA,91.935815
SCI-vetted,IMAGE 3.2,SSP2021-SSP2-SPA2-34-Default,High-CDR,2C,IMAGE,SSP2021,R10CHINA+,105.518215
SCI-vetted,IMAGE 3.2,SSP2021-SSP2-SPA2-34-Default,High-CDR,2C,IMAGE,SSP2021,R10EUROPE,24.78292
SCI-vetted,IMAGE 3.2,SSP2021-SSP2-SPA2-34-Default,High-CDR,2C,IMAGE,SSP2021,R10INDIA+,165.882195
SCI-vetted,IMAGE 3.2,SSP2021-SSP2-SPA2-34-Default,High-CDR,2C,IMAGE,SSP2021,R10LATIN_AM,24.003075
SCI-vetted,IMAGE 3.2,SSP2021-SSP2-SPA2-34-Default,High-CDR,2C,IMAGE,SSP2021,R10MIDDLE_EAST,46.297405
SCI-vetted,IMAGE 3.2,SSP2021-SSP2-SPA2-34-Default,High-CDR,2C,IMAGE,SSP2021,R10NORTH_AM,12.189415
SCI-vetted,IMAGE 3.2,SSP2021-SSP2-SPA2-34-Default,High-CDR,2C,IMAGE,SSP2021,R10PAC_OECD,6.39253
SCI-vetted,IMAGE 3.2,SSP2021-SSP2-SPA2-34-Default,High-CDR,2C,IMAGE,SSP2021,R10REF_ECON,15.167125
SCI-vetted,IMAGE 3.2,SSP2021-SSP2-SPA2-34-Default,High-CDR,2C,IMAGE,SSP2021,R10REST_ASIA,81.6233
SCI-vetted,IMAGE 3.2,SSP2021-SSP2-SPA2-45-Renewables,High-RE,2C,IMAGE,SSP2021,Aggregated R10 regions,549.318885
SCI-vetted,IMAGE 3.2,SSP2021-SSP2-SPA2-45-Renewables,High-RE,2C,IMAGE,SSP2021,R10AFRICA,82.24494
SCI-vetted,IMAGE 3.2,SSP2021-SSP2-SPA2-45-Renewables,High-RE,2C,IMAGE,SSP2021,R10CHINA+,103.722645
SCI-vetted,IMAGE 3.2,SSP2021-SSP2-SPA2-45-Renewables,High-RE,2C,IMAGE,SSP2021,R10EUROPE,23.562655
SCI-vetted,IMAGE 3.2,SSP2021-SSP2-SPA2-45-Renewables,High-RE,2C,IMAGE,SSP2021,R10INDIA+,159.046445
SCI-vetted,IMAGE 3.2,SSP2021-SSP2-SPA2-45-Renewables,High-RE,2C,IMAGE,SSP2021,R10LATIN_AM,24.781655
SCI-vetted,IMAGE 3.2,SSP2021-SSP2-SPA2-45-Renewables,High-RE,2C,IMAGE,SSP2021,R10MIDDLE_EAST,46.211695
SCI-vetted,IMAGE 3.2,SSP2021-SSP2-SPA2-45-Renewables,High-RE,2C,IMAGE,SSP2021,R10NORTH_AM,11.593515
SCI-vetted,IMAGE 3.2,SSP2021-SSP2-SPA2-45-Renewables,High-RE,2C,IMAGE,SSP2021,R10PAC_OECD,6.200055
SCI-vetted,IMAGE 3.2,SSP2021-SSP2-SPA2-45-Renewables,High-RE,2C,IMAGE,SSP2021,R10REF_ECON,15.02086
SCI-vetted,IMAGE 3.2,SSP2021-SSP2-SPA2-45-Renewables,High-RE,2C,IMAGE,SSP2021,R10REST_ASIA,76.93442
SCI-vetted,IMAGE 3.3,NAVIGATE Demand-1.5°C-tec_u,High-CDR,2C,IMAGE,NAVIGATE,Aggregated R10 regions,487.80983
SCI-vetted,IMAGE 3.3,NAVIGATE Demand-1.5°C-tec_u,High-CDR,2C,IMAGE,NAVIGATE,R10AFRICA,77.150045
SCI-vetted,IMAGE 3.3,NAVIGATE Demand-1.5°C-tec_u,High-CDR,2C,IMAGE,NAVIGATE,R10CHINA+,92.097075
SCI-vetted,IMAGE 3.3,NAVIGATE Demand-1.5°C-tec_u,High-CDR,2C,IMAGE,NAVIGATE,R10EUROPE,23.814865
SCI-vetted,IMAGE 3.3,NAVIGATE Demand-1.5°C-tec_u,High-CDR,2C,IMAGE,NAVIGATE,R10INDIA+,128.059895
SCI-vetted,IMAGE 3.3,NAVIGATE Demand-1.5°C-tec_u,High-CDR,2C,IMAGE,NAVIGATE,R10LATIN_AM,23.19729
SCI-vetted,IMAGE 3.3,NAVIGATE Demand-1.5°C-tec_u,High-CDR,2C,IMAGE,NAVIGATE,R10MIDDLE_EAST,45.475005
SCI-vetted,IMAGE 3.3,NAVIGATE Demand-1.5°C-tec_u,High-CDR,2C,IMAGE,NAVIGATE,R10NORTH_AM,11.93647
SCI-vetted,IMAGE 3.3,NAVIGATE Demand-1.5°C-tec_u,High-CDR,2C,IMAGE,NAVIGATE,R10PAC_OECD,5.741105
SCI-vetted,IMAGE 3.3,NAVIGATE Demand-1.5°C-tec_u,High-CDR,2C,IMAGE,NAVIGATE,R10REF_ECON,14.15577
SCI-vetted,IMAGE 3.3,NAVIGATE Demand-1.5°C-tec_u,High-CDR,2C,IMAGE,NAVIGATE,R10REST_ASIA,66.18231
SCI-vetted,MESSAGEix-GLOBIOM 2.0-M-R12-NGFS,NGFS Phase 5-Below 2°C,High-RE,2C,MESSAGEix,NGFS Phase 5,Aggregated R10 regions,440.68178
SCI-vetted,MESSAGEix-GLOBIOM 2.0-M-R12-NGFS,NGFS Phase 5-Below 2°C,High-RE,2C,MESSAGEix,NGFS Phase 5,R10AFRICA,74.69809
SCI-vetted,MESSAGEix-GLOBIOM 2.0-M-R12-NGFS,NGFS Phase 5-Below 2°C,High-RE,2C,MESSAGEix,NGFS Phase 5,R10CHINA+,94.103665
SCI-vetted,MESSAGEix-GLOBIOM 2.0-M-R12-NGFS,NGFS Phase 5-Below 2°C,High-RE,2C,MESSAGEix,NGFS Phase 5,R10EUROPE,15.30846
SCI-vetted,MESSAGEix-GLOBIOM 2.0-M-R12-NGFS,NGFS Phase 5-Below 2°C,High-RE,2C,MESSAGEix,NGFS Phase 5,R10INDIA+,97.09577
SCI-vetted,MESSAGEix-GLOBIOM 2.0-M-R12-NGFS,NGFS Phase 5-Below 2°C,High-RE,2C,MESSAGEix,NGFS Phase 5,R10LATIN_AM,14.346695
SCI-vetted,MESSAGEix-GLOBIOM 2.0-M-R12-NGFS,NGFS Phase 5-Below 2°C,High-RE,2C,MESSAGEix,NGFS Phase 5,R10MIDDLE_EAST,58.249435
SCI-vetted,MESSAGEix-GLOBIOM 2.0-M-R12-NGFS,NGFS Phase 5-Below 2°C,High-RE,2C,MESSAGEix,NGFS Phase 5,R10NORTH_AM,9.286685
SCI-vetted,MESSAGEix-GLOBIOM 2.0-M-R12-NGFS,NGFS Phase 5-Below 2°C,High-RE,2C,MESSAGEix,NGFS Phase 5,R10PAC_OECD,6.206875
SCI-vetted,MESSAGEix-GLOBIOM 2.0-M-R12-NGFS,NGFS Phase 5-Below 2°C,High-RE,2C,MESSAGEix,NGFS Phase 5,R10REF_ECON,14.895615
SCI-vetted,MESSAGEix-GLOBIOM 2.0-M-R12-NGFS,NGFS Phase 5-Below 2°C,High-RE,2C,MESSAGEix,NGFS Phase 5,R10REST_ASIA,56.49049
SCI-vetted,MESSAGEix-GLOBIOM 2.0-M-R12-NGFS,NGFS Phase 5-Delayed Transition,High-RE,2C,MESSAGEix,NGFS Phase 5,Aggregated R10 regions,448.27388
SCI-vetted,MESSAGEix-GLOBIOM 2.0-M-R12-NGFS,NGFS Phase 5-Delayed Transition,High-RE,2C,MESSAGEix,NGFS Phase 5,R10AFRICA,74.78913
SCI-vetted,MESSAGEix-GLOBIOM 2.0-M-R12-NGFS,NGFS Phase 5-Delayed Transition,High-RE,2C,MESSAGEix,NGFS Phase 5,R10CHINA+,97.574975
SCI-vetted,MESSAGEix-GLOBIOM 2.0-M-R12-NGFS,NGFS Phase 5-Delayed Transition,High-RE,2C,MESSAGEix,NGFS Phase 5,R10EUROPE,15.768265
SCI-vetted,MESSAGEix-GLOBIOM 2.0-M-R12-NGFS,NGFS Phase 5-Delayed Transition,High-RE,2C,MESSAGEix,NGFS Phase 5,R10INDIA+,99.45517
SCI-vetted,MESSAGEix-GLOBIOM 2.0-M-R12-NGFS,NGFS Phase 5-Delayed Transition,High-RE,2C,MESSAGEix,NGFS Phase 5,R10LATIN_AM,14.510745
SCI-vetted,MESSAGEix-GLOBIOM 2.0-M-R12-NGFS,NGFS Phase 5-Delayed Transition,High-RE,2C,MESSAGEix,NGFS Phase 5,R10MIDDLE_EAST,58.319075
SCI-vetted,MESSAGEix-GLOBIOM 2.0-M-R12-NGFS,NGFS Phase 5-Delayed Transition,High-RE,2C,MESSAGEix,NGFS Phase 5,R10NORTH_AM,9.470455
SCI-vetted,MESSAGEix-GLOBIOM 2.0-M-R12-NGFS,NGFS Phase 5-Delayed Transition,High-RE,2C,MESSAGEix,NGFS Phase 5,R10PAC_OECD,6.299755
SCI-vetted,MESSAGEix-GLOBIOM 2.0-M-R12-NGFS,NGFS Phase 5-Delayed Transition,High-RE,2C,MESSAGEix,NGFS Phase 5,R10REF_ECON,14.9503
SCI-vetted,MESSAGEix-GLOBIOM 2.0-M-R12-NGFS,NGFS Phase 5-Delayed Transition,High-RE,2C,MESSAGEix,NGFS Phase 5,R10REST_ASIA,57.13601
SCI-vetted,MESSAGEix-GLOBIOM 2.0-M-R12-NGFS,NGFS Phase 5-Nationally Determined Contributions (NDCs),High-RE,2C,MESSAGEix,NGFS Phase 5,Aggregated R10 regions,468.064365
SCI-vetted,MESSAGEix-GLOBIOM 2.0-M-R12-NGFS,NGFS Phase 5-Nationally Determined Contributions (NDCs),High-RE,2C,MESSAGEix,NGFS Phase 5,R10AFRICA,75.465185
SCI-vetted,MESSAGEix-GLOBIOM 2.0-M-R12-NGFS,NGFS Phase 5-Nationally Determined Contributions (NDCs),High-RE,2C,MESSAGEix,NGFS Phase 5,R10CHINA+,103.351675
SCI-vetted,MESSAGEix-GLOBIOM 2.0-M-R12-NGFS,NGFS Phase 5-Nationally Determined Contributions (NDCs),High-RE,2C,MESSAGEix,NGFS Phase 5,R10EUROPE,16.054985
SCI-vetted,MESSAGEix-GLOBIOM 2.0-M-R12-NGFS,NGFS Phase 5-Nationally Determined Contributions (NDCs),High-RE,2C,MESSAGEix,NGFS Phase 5,R10INDIA+,109.76271
SCI-vetted,MESSAGEix-GLOBIOM 2.0-M-R12-NGFS,NGFS Phase 5-Nationally Determined Contributions (NDCs),High-RE,2C,MESSAGEix,NGFS Phase 5,R10LATIN_AM,14.709825
SCI-vetted,MESSAGEix-GLOBIOM 2.0-M-R12-NGFS,NGFS Phase 5-Nationally Determined Contributions (NDCs),High-RE,2C,MESSAGEix,NGFS Phase 5,R10MIDDLE_EAST,58.476405
SCI-vetted,MESSAGEix-GLOBIOM 2.0-M-R12-NGFS,NGFS Phase 5-Nationally Determined Contributions (NDCs),High-RE,2C,MESSAGEix,NGFS Phase 5,R10NORTH_AM,9.335245
SCI-vetted,MESSAGEix-GLOBIOM 2.0-M-R12-NGFS,NGFS Phase 5-Nationally Determined Contributions (NDCs),High-RE,2C,MESSAGEix,NGFS Phase 5,R10PAC_OECD,6.532085
SCI-vetted,MESSAGEix-GLOBIOM 2.0-M-R12-NGFS,NGFS Phase 5-Nationally Determined Contributions (NDCs),High-RE,2C,MESSAGEix,NGFS Phase 5,R10REF_ECON,15.313405
SCI-vetted,MESSAGEix-GLOBIOM 2.0-M-R12-NGFS,NGFS Phase 5-Nationally Determined Contributions (NDCs),High-RE,2C,MESSAGEix,NGFS Phase 5,R10REST_ASIA,59.062845
SCI-vetted,POLES-JRC ENGAGE,ENGAGE-INDCi2030-1000,High-CDR,2C,POLES,ENGAGE,Aggregated R10 regions,400.533215
SCI-vetted,POLES-JRC ENGAGE,ENGAGE-INDCi2030-1000,High-CDR,2C,POLES,ENGAGE,R10AFRICA,72.15719
SCI-vetted,POLES-JRC ENGAGE,ENGAGE-INDCi2030-1000,High-CDR,2C,POLES,ENGAGE,R10CHINA+,76.455915
SCI-vetted,POLES-JRC ENGAGE,ENGAGE-INDCi2030-1000,High-CDR,2C,POLES,ENGAGE,R10EUROPE,11.88179
SCI-vetted,POLES-JRC ENGAGE,ENGAGE-INDCi2030-1000,High-CDR,2C,POLES,ENGAGE,R10INDIA+,106.07393
SCI-vetted,POLES-JRC ENGAGE,ENGAGE-INDCi2030-1000,High-CDR,2C,POLES,ENGAGE,R10LATIN_AM,13.201165
SCI-vetted,POLES-JRC ENGAGE,ENGAGE-INDCi2030-1000,High-CDR,2C,POLES,ENGAGE,R10MIDDLE_EAST,43.143265
SCI-vetted,POLES-JRC ENGAGE,ENGAGE-INDCi2030-1000,High-CDR,2C,POLES,ENGAGE,R10NORTH_AM,6.49625
SCI-vetted,POLES-JRC ENGAGE,ENGAGE-INDCi2030-1000,High-CDR,2C,POLES,ENGAGE,R10PAC_OECD,4.37159
SCI-vetted,POLES-JRC ENGAGE,ENGAGE-INDCi2030-1000,High-CDR,2C,POLES,ENGAGE,R10REF_ECON,13.039885
SCI-vetted,POLES-JRC ENGAGE,ENGAGE-INDCi2030-1000,High-CDR,2C,POLES,ENGAGE,R10REST_ASIA,53.712235
SCI-vetted,POLES-JRC ENGAGE,ENGAGE-INDCi2030-1000-COV,High-CDR,2C,POLES,ENGAGE,Aggregated R10 regions,398.789375
SCI-vetted,POLES-JRC ENGAGE,ENGAGE-INDCi2030-1000-COV,High-CDR,2C,POLES,ENGAGE,R10AFRICA,71.921935
SCI-vetted,POLES-JRC ENGAGE,ENGAGE-INDCi2030-1000-COV,High-CDR,2C,POLES,ENGAGE,R10CHINA+,76.767685
SCI-vetted,POLES-JRC ENGAGE,ENGAGE-INDCi2030-1000-COV,High-CDR,2C,POLES,ENGAGE,R10EUROPE,11.889935
SCI-vetted,POLES-JRC ENGAGE,ENGAGE-INDCi2030-1000-COV,High-CDR,2C,POLES,ENGAGE,R10INDIA+,104.76977
SCI-vetted,POLES-JRC ENGAGE,ENGAGE-INDCi2030-1000-COV,High-CDR,2C,POLES,ENGAGE,R10LATIN_AM,13.20034
SCI-vetted,POLES-JRC ENGAGE,ENGAGE-INDCi2030-1000-COV,High-CDR,2C,POLES,ENGAGE,R10MIDDLE_EAST,42.936475
SCI-vetted,POLES-JRC ENGAGE,ENGAGE-INDCi2030-1000-COV,High-CDR,2C,POLES,ENGAGE,R10NORTH_AM,6.470435
SCI-vetted,POLES-JRC ENGAGE,ENGAGE-INDCi2030-1000-COV,High-CDR,2C,POLES,ENGAGE,R10PAC_OECD,4.37035
SCI-vetted,POLES-JRC ENGAGE,ENGAGE-INDCi2030-1000-COV,High-CDR,2C,POLES,ENGAGE,R10REF_ECON,13.01433
SCI-vetted,POLES-JRC ENGAGE,ENGAGE-INDCi2030-1000-COV,High-CDR,2C,POLES,ENGAGE,R10REST_ASIA,53.44812
SCI-vetted,POLES-JRC ENGAGE,ENGAGE-INDCi2030-1000-COV-NDCp,High-CDR,2C,POLES,ENGAGE,Aggregated R10 regions,398.525915
SCI-vetted,POLES-JRC ENGAGE,ENGAGE-INDCi2030-1000-COV-NDCp,High-CDR,2C,POLES,ENGAGE,R10AFRICA,71.896975
SCI-vetted,POLES-JRC ENGAGE,ENGAGE-INDCi2030-1000-COV-NDCp,High-CDR,2C,POLES,ENGAGE,R10CHINA+,76.797745
SCI-vetted,POLES-JRC ENGAGE,ENGAGE-INDCi2030-1000-COV-NDCp,High-CDR,2C,POLES,ENGAGE,R10EUROPE,11.740955
SCI-vetted,POLES-JRC ENGAGE,ENGAGE-INDCi2030-1000-COV-NDCp,High-CDR,2C,POLES,ENGAGE,R10INDIA+,104.74446
SCI-vetted,POLES-JRC ENGAGE,ENGAGE-INDCi2030-1000-COV-NDCp,High-CDR,2C,POLES,ENGAGE,R10LATIN_AM,13.18212
SCI-vetted,POLES-JRC ENGAGE,ENGAGE-INDCi2030-1000-COV-NDCp,High-CDR,2C,POLES,ENGAGE,R10MIDDLE_EAST,42.919925
SCI-vetted,POLES-JRC ENGAGE,ENGAGE-INDCi2030-1000-COV-NDCp,High-CDR,2C,POLES,ENGAGE,R10NORTH_AM,6.439705
SCI-vetted,POLES-JRC ENGAGE,ENGAGE-INDCi2030-1000-COV-NDCp,High-CDR,2C,POLES,ENGAGE,R10PAC_OECD,4.36428
SCI-vetted,POLES-JRC ENGAGE,ENGAGE-INDCi2030-1000-COV-NDCp,High-CDR,2C,POLES,ENGAGE,R10REF_ECON,13.00144
SCI-vetted,POLES-JRC ENGAGE,ENGAGE-INDCi2030-1000-COV-NDCp,High-CDR,2C,POLES,ENGAGE,R10REST_ASIA,53.43831
SCI-vetted,POLES-JRC ENGAGE,ENGAGE-INDCi2030-1000-NDCp,High-CDR,2C,POLES,ENGAGE,Aggregated R10 regions,404.43513
SCI-vetted,POLES-JRC ENGAGE,ENGAGE-INDCi2030-1000-NDCp,High-CDR,2C,POLES,ENGAGE,R10AFRICA,72.31442
SCI-vetted,POLES-JRC ENGAGE,ENGAGE-INDCi2030-1000-NDCp,High-CDR,2C,POLES,ENGAGE,R10CHINA+,77.12169
SCI-vetted,POLES-JRC ENGAGE,ENGAGE-INDCi2030-1000-NDCp,High-CDR,2C,POLES,ENGAGE,R10EUROPE,11.749925
SCI-vetted,POLES-JRC ENGAGE,ENGAGE-INDCi2030-1000-NDCp,High-CDR,2C,POLES,ENGAGE,R10INDIA+,108.577665
SCI-vetted,POLES-JRC ENGAGE,ENGAGE-INDCi2030-1000-NDCp,High-CDR,2C,POLES,ENGAGE,R10LATIN_AM,13.230795
SCI-vetted,POLES-JRC ENGAGE,ENGAGE-INDCi2030-1000-NDCp,High-CDR,2C,POLES,ENGAGE,R10MIDDLE_EAST,43.281455
SCI-vetted,POLES-JRC ENGAGE,ENGAGE-INDCi2030-1000-NDCp,High-CDR,2C,POLES,ENGAGE,R10NORTH_AM,6.4844
SCI-vetted,POLES-JRC ENGAGE,ENGAGE-INDCi2030-1000-NDCp,High-CDR,2C,POLES,ENGAGE,R10PAC_OECD,4.380375
SCI-vetted,POLES-JRC ENGAGE,ENGAGE-INDCi2030-1000-NDCp,High-CDR,2C,POLES,ENGAGE,R10REF_ECON,13.12624
SCI-vetted,POLES-JRC ENGAGE,ENGAGE-INDCi2030-1000-NDCp,High-CDR,2C,POLES,ENGAGE,R10REST_ASIA,54.168165
SCI-vetted,POLES-JRC ENGAGE,ENGAGE-INDCi2030-1000f,High-CDR,2C,POLES,ENGAGE,Aggregated R10 regions,402.705065
SCI-vetted,POLES-JRC ENGAGE,ENGAGE-INDCi2030-1000f,High-CDR,2C,POLES,ENGAGE,R10AFRICA,72.090865
SCI-vetted,POLES-JRC ENGAGE,ENGAGE-INDCi2030-1000f,High-CDR,2C,POLES,ENGAGE,R10CHINA+,77.391975
SCI-vetted,POLES-JRC ENGAGE,ENGAGE-INDCi2030-1000f,High-CDR,2C,POLES,ENGAGE,R10EUROPE,11.97372
SCI-vetted,POLES-JRC ENGAGE,ENGAGE-INDCi2030-1000f,High-CDR,2C,POLES,ENGAGE,R10INDIA+,107.051515
SCI-vetted,POLES-JRC ENGAGE,ENGAGE-INDCi2030-1000f,High-CDR,2C,POLES,ENGAGE,R10LATIN_AM,13.23487
SCI-vetted,POLES-JRC ENGAGE,ENGAGE-INDCi2030-1000f,High-CDR,2C,POLES,ENGAGE,R10MIDDLE_EAST,43.14028
SCI-vetted,POLES-JRC ENGAGE,ENGAGE-INDCi2030-1000f,High-CDR,2C,POLES,ENGAGE,R10NORTH_AM,6.51302
SCI-vetted,POLES-JRC ENGAGE,ENGAGE-INDCi2030-1000f,High-CDR,2C,POLES,ENGAGE,R10PAC_OECD,4.38501
SCI-vetted,POLES-JRC ENGAGE,ENGAGE-INDCi2030-1000f,High-CDR,2C,POLES,ENGAGE,R10REF_ECON,13.092425
SCI-vetted,POLES-JRC ENGAGE,ENGAGE-INDCi2030-1000f,High-CDR,2C,POLES,ENGAGE,R10REST_ASIA,53.831385
SCI-vetted,POLES-JRC ENGAGE,ENGAGE-INDCi2030-1000f-COV,High-CDR,2C,POLES,ENGAGE,Aggregated R10 regions,399.75509
SCI-vetted,POLES-JRC ENGAGE,ENGAGE-INDCi2030-1000f-COV,High-CDR,2C,POLES,ENGAGE,R10AFRICA,71.84613
SCI-vetted,POLES-JRC ENGAGE,ENGAGE-INDCi2030-1000f-COV,High-CDR,2C,POLES,ENGAGE,R10CHINA+,77.15941
SCI-vetted,POLES-JRC ENGAGE,ENGAGE-INDCi2030-1000f-COV,High-CDR,2C,POLES,ENGAGE,R10EUROPE,11.94123
SCI-vetted,POLES-JRC ENGAGE,ENGAGE-INDCi2030-1000f-COV,High-CDR,2C,POLES,ENGAGE,R10INDIA+,105.23863
SCI-vetted,POLES-JRC ENGAGE,ENGAGE-INDCi2030-1000f-COV,High-CDR,2C,POLES,ENGAGE,R10LATIN_AM,13.20903
SCI-vetted,POLES-JRC ENGAGE,ENGAGE-INDCi2030-1000f-COV,High-CDR,2C,POLES,ENGAGE,R10MIDDLE_EAST,42.96139
SCI-vetted,POLES-JRC ENGAGE,ENGAGE-INDCi2030-1000f-COV,High-CDR,2C,POLES,ENGAGE,R10NORTH_AM,6.485475
SCI-vetted,POLES-JRC ENGAGE,ENGAGE-INDCi2030-1000f-COV,High-CDR,2C,POLES,ENGAGE,R10PAC_OECD,4.37891
SCI-vetted,POLES-JRC ENGAGE,ENGAGE-INDCi2030-1000f-COV,High-CDR,2C,POLES,ENGAGE,R10REF_ECON,13.04015
SCI-vetted,POLES-JRC ENGAGE,ENGAGE-INDCi2030-1000f-COV,High-CDR,2C,POLES,ENGAGE,R10REST_ASIA,53.494735
SCI-vetted,POLES-JRC ENGAGE,ENGAGE-INDCi2030-1000f-COV-NDCp,High-CDR,2C,POLES,ENGAGE,Aggregated R10 regions,400.006655
SCI-vetted,POLES-JRC ENGAGE,ENGAGE-INDCi2030-1000f-COV-NDCp,High-CDR,2C,POLES,ENGAGE,R10AFRICA,71.84256
SCI-vetted,POLES-JRC ENGAGE,ENGAGE-INDCi2030-1000f-COV-NDCp,High-CDR,2C,POLES,ENGAGE,R10CHINA+,77.393515
SCI-vetted,POLES-JRC ENGAGE,ENGAGE-INDCi2030-1000f-COV-NDCp,High-CDR,2C,POLES,ENGAGE,R10EUROPE,11.78661
SCI-vetted,POLES-JRC ENGAGE,ENGAGE-INDCi2030-1000f-COV-NDCp,High-CDR,2C,POLES,ENGAGE,R10INDIA+,105.44636
SCI-vetted,POLES-JRC ENGAGE,ENGAGE-INDCi2030-1000f-COV-NDCp,High-CDR,2C,POLES,ENGAGE,R10LATIN_AM,13.19468
SCI-vetted,POLES-JRC ENGAGE,ENGAGE-INDCi2030-1000f-COV-NDCp,High-CDR,2C,POLES,ENGAGE,R10MIDDLE_EAST,42.95142
SCI-vetted,POLES-JRC ENGAGE,ENGAGE-INDCi2030-1000f-COV-NDCp,High-CDR,2C,POLES,ENGAGE,R10NORTH_AM,6.456785
SCI-vetted,POLES-JRC ENGAGE,ENGAGE-INDCi2030-1000f-COV-NDCp,High-CDR,2C,POLES,ENGAGE,R10PAC_OECD,4.37284
SCI-vetted,POLES-JRC ENGAGE,ENGAGE-INDCi2030-1000f-COV-NDCp,High-CDR,2C,POLES,ENGAGE,R10REF_ECON,13.03148
SCI-vetted,POLES-JRC ENGAGE,ENGAGE-INDCi2030-1000f-COV-NDCp,High-CDR,2C,POLES,ENGAGE,R10REST_ASIA,53.530405
SCI-vetted,POLES-JRC ENGAGE,ENGAGE-INDCi2030-1000f-NDCp,High-CDR,2C,POLES,ENGAGE,Aggregated R10 regions,407.274885
SCI-vetted,POLES-JRC ENGAGE,ENGAGE-INDCi2030-1000f-NDCp,High-CDR,2C,POLES,ENGAGE,R10AFRICA,72.208675
SCI-vetted,POLES-JRC ENGAGE,ENGAGE-INDCi2030-1000f-NDCp,High-CDR,2C,POLES,ENGAGE,R10CHINA+,78.393495
SCI-vetted,POLES-JRC ENGAGE,ENGAGE-INDCi2030-1000f-NDCp,High-CDR,2C,POLES,ENGAGE,R10EUROPE,11.847355
SCI-vetted,POLES-JRC ENGAGE,ENGAGE-INDCi2030-1000f-NDCp,High-CDR,2C,POLES,ENGAGE,R10INDIA+,109.769475
SCI-vetted,POLES-JRC ENGAGE,ENGAGE-INDCi2030-1000f-NDCp,High-CDR,2C,POLES,ENGAGE,R10LATIN_AM,13.275285
SCI-vetted,POLES-JRC ENGAGE,ENGAGE-INDCi2030-1000f-NDCp,High-CDR,2C,POLES,ENGAGE,R10MIDDLE_EAST,43.3293
SCI-vetted,POLES-JRC ENGAGE,ENGAGE-INDCi2030-1000f-NDCp,High-CDR,2C,POLES,ENGAGE,R10NORTH_AM,6.51991
SCI-vetted,POLES-JRC ENGAGE,ENGAGE-INDCi2030-1000f-NDCp,High-CDR,2C,POLES,ENGAGE,R10PAC_OECD,4.411055
SCI-vetted,POLES-JRC ENGAGE,ENGAGE-INDCi2030-1000f-NDCp,High-CDR,2C,POLES,ENGAGE,R10REF_ECON,13.135205
SCI-vetted,POLES-JRC ENGAGE,ENGAGE-INDCi2030-1000f-NDCp,High-CDR,2C,POLES,ENGAGE,R10REST_ASIA,54.38513
SCI-vetted,POLES-JRC ENGAGE,ENGAGE-INDCi2030-1200,High-CDR,2C,POLES,ENGAGE,Aggregated R10 regions,405.15918
SCI-vetted,POLES-JRC ENGAGE,ENGAGE-INDCi2030-1200,High-CDR,2C,POLES,ENGAGE,R10AFRICA,72.45286
SCI-vetted,POLES-JRC ENGAGE,ENGAGE-INDCi2030-1200,High-CDR,2C,POLES,ENGAGE,R10CHINA+,77.6596
SCI-vetted,POLES-JRC ENGAGE,ENGAGE-INDCi2030-1200,High-CDR,2C,POLES,ENGAGE,R10EUROPE,11.990115
SCI-vetted,POLES-JRC ENGAGE,ENGAGE-INDCi2030-1200,High-CDR,2C,POLES,ENGAGE,R10INDIA+,108.26836
SCI-vetted,POLES-JRC ENGAGE,ENGAGE-INDCi2030-1200,High-CDR,2C,POLES,ENGAGE,R10LATIN_AM,13.269015
SCI-vetted,POLES-JRC ENGAGE,ENGAGE-INDCi2030-1200,High-CDR,2C,POLES,ENGAGE,R10MIDDLE_EAST,43.2387
SCI-vetted,POLES-JRC ENGAGE,ENGAGE-INDCi2030-1200,High-CDR,2C,POLES,ENGAGE,R10NORTH_AM,6.51506
SCI-vetted,POLES-JRC ENGAGE,ENGAGE-INDCi2030-1200,High-CDR,2C,POLES,ENGAGE,R10PAC_OECD,4.39942
SCI-vetted,POLES-JRC ENGAGE,ENGAGE-INDCi2030-1200,High-CDR,2C,POLES,ENGAGE,R10REF_ECON,13.132345
SCI-vetted,POLES-JRC ENGAGE,ENGAGE-INDCi2030-1200,High-CDR,2C,POLES,ENGAGE,R10REST_ASIA,54.233705
SCI-vetted,POLES-JRC ENGAGE,ENGAGE-INDCi2030-1200f,High-CDR,2C,POLES,ENGAGE,Aggregated R10 regions,406.660905
SCI-vetted,POLES-JRC ENGAGE,ENGAGE-INDCi2030-1200f,High-CDR,2C,POLES,ENGAGE,R10AFRICA,72.464415
SCI-vetted,POLES-JRC ENGAGE,ENGAGE-INDCi2030-1200f,High-CDR,2C,POLES,ENGAGE,R10CHINA+,78.21474
SCI-vetted,POLES-JRC ENGAGE,ENGAGE-INDCi2030-1200f,High-CDR,2C,POLES,ENGAGE,R10EUROPE,12.036045
SCI-vetted,POLES-JRC ENGAGE,ENGAGE-INDCi2030-1200f,High-CDR,2C,POLES,ENGAGE,R10INDIA+,108.870065
SCI-vetted,POLES-JRC ENGAGE,ENGAGE-INDCi2030-1200f,High-CDR,2C,POLES,ENGAGE,R10LATIN_AM,13.307645
SCI-vetted,POLES-JRC ENGAGE,ENGAGE-INDCi2030-1200f,High-CDR,2C,POLES,ENGAGE,R10MIDDLE_EAST,43.25912
SCI-vetted,POLES-JRC ENGAGE,ENGAGE-INDCi2030-1200f,High-CDR,2C,POLES,ENGAGE,R10NORTH_AM,6.53187
SCI-vetted,POLES-JRC ENGAGE,ENGAGE-INDCi2030-1200f,High-CDR,2C,POLES,ENGAGE,R10PAC_OECD,4.40497
SCI-vetted,POLES-JRC ENGAGE,ENGAGE-INDCi2030-1200f,High-CDR,2C,POLES,ENGAGE,R10REF_ECON,13.156545
SCI-vetted,POLES-JRC ENGAGE,ENGAGE-INDCi2030-1200f,High-CDR,2C,POLES,ENGAGE,R10REST_ASIA,54.41549
SCI-vetted,POLES-JRC ENGAGE,ENGAGE-INDCi2030-1400,High-CDR,2C,POLES,ENGAGE,Aggregated R10 regions,410.06586
SCI-vetted,POLES-JRC ENGAGE,ENGAGE-INDCi2030-1400,High-CDR,2C,POLES,ENGAGE,R10AFRICA,72.962
SCI-vetted,POLES-JRC ENGAGE,ENGAGE-INDCi2030-1400,High-CDR,2C,POLES,ENGAGE,R10CHINA+,78.61779
SCI-vetted,POLES-JRC ENGAGE,ENGAGE-INDCi2030-1400,High-CDR,2C,POLES,ENGAGE,R10EUROPE,12.066905
SCI-vetted,POLES-JRC ENGAGE,ENGAGE-INDCi2030-1400,High-CDR,2C,POLES,ENGAGE,R10INDIA+,110.599235
SCI-vetted,POLES-JRC ENGAGE,ENGAGE-INDCi2030-1400,High-CDR,2C,POLES,ENGAGE,R10LATIN_AM,13.312265
SCI-vetted,POLES-JRC ENGAGE,ENGAGE-INDCi2030-1400,High-CDR,2C,POLES,ENGAGE,R10MIDDLE_EAST,43.363065
SCI-vetted,POLES-JRC ENGAGE,ENGAGE-INDCi2030-1400,High-CDR,2C,POLES,ENGAGE,R10NORTH_AM,6.56489
SCI-vetted,POLES-JRC ENGAGE,ENGAGE-INDCi2030-1400,High-CDR,2C,POLES,ENGAGE,R10PAC_OECD,4.42293
SCI-vetted,POLES-JRC ENGAGE,ENGAGE-INDCi2030-1400,High-CDR,2C,POLES,ENGAGE,R10REF_ECON,13.201105
SCI-vetted,POLES-JRC ENGAGE,ENGAGE-INDCi2030-1400,High-CDR,2C,POLES,ENGAGE,R10REST_ASIA,54.955675
SCI-vetted,POLES-JRC ENGAGE,ENGAGE-INDCi2030-1400f,High-CDR,2C,POLES,ENGAGE,Aggregated R10 regions,410.48858
SCI-vetted,POLES-JRC ENGAGE,ENGAGE-INDCi2030-1400f,High-CDR,2C,POLES,ENGAGE,R10AFRICA,72.94773
SCI-vetted,POLES-JRC ENGAGE,ENGAGE-INDCi2030-1400f,High-CDR,2C,POLES,ENGAGE,R10CHINA+,78.76173
SCI-vetted,POLES-JRC ENGAGE,ENGAGE-INDCi2030-1400f,High-CDR,2C,POLES,ENGAGE,R10EUROPE,12.076025
SCI-vetted,POLES-JRC ENGAGE,ENGAGE-INDCi2030-1400f,High-CDR,2C,POLES,ENGAGE,R10INDIA+,110.87664
SCI-vetted,POLES-JRC ENGAGE,ENGAGE-INDCi2030-1400f,High-CDR,2C,POLES,ENGAGE,R10LATIN_AM,13.312265
SCI-vetted,POLES-JRC ENGAGE,ENGAGE-INDCi2030-1400f,High-CDR,2C,POLES,ENGAGE,R10MIDDLE_EAST,43.35673
SCI-vetted,POLES-JRC ENGAGE,ENGAGE-INDCi2030-1400f,High-CDR,2C,POLES,ENGAGE,R10NORTH_AM,6.54919
SCI-vetted,POLES-JRC ENGAGE,ENGAGE-INDCi2030-1400f,High-CDR,2C,POLES,ENGAGE,R10PAC_OECD,4.42293
SCI-vetted,POLES-JRC ENGAGE,ENGAGE-INDCi2030-1400f,High-CDR,2C,POLES,ENGAGE,R10REF_ECON,13.201105
SCI-vetted,POLES-JRC ENGAGE,ENGAGE-INDCi2030-1400f,High-CDR,2C,POLES,ENGAGE,R10REST_ASIA,54.984235
SCI-vetted,POLES-JRC ENGAGE,ENGAGE-INDCi2030-1600,High-CDR,2C,POLES,ENGAGE,Aggregated R10 regions,413.697125
SCI-vetted,POLES-JRC ENGAGE,ENGAGE-INDCi2030-1600,High-CDR,2C,POLES,ENGAGE,R10AFRICA,73.31629
SCI-vetted,POLES-JRC ENGAGE,ENGAGE-INDCi2030-1600,High-CDR,2C,POLES,ENGAGE,R10CHINA+,79.579425
SCI-vetted,POLES-JRC ENGAGE,ENGAGE-INDCi2030-1600,High-CDR,2C,POLES,ENGAGE,R10EUROPE,12.125835
SCI-vetted,POLES-JRC ENGAGE,ENGAGE-INDCi2030-1600,High-CDR,2C,POLES,ENGAGE,R10INDIA+,112.161245
SCI-vetted,POLES-JRC ENGAGE,ENGAGE-INDCi2030-1600,High-CDR,2C,POLES,ENGAGE,R10LATIN_AM,13.346925
SCI-vetted,POLES-JRC ENGAGE,ENGAGE-INDCi2030-1600,High-CDR,2C,POLES,ENGAGE,R10MIDDLE_EAST,43.483235
SCI-vetted,POLES-JRC ENGAGE,ENGAGE-INDCi2030-1600,High-CDR,2C,POLES,ENGAGE,R10NORTH_AM,6.61037
SCI-vetted,POLES-JRC ENGAGE,ENGAGE-INDCi2030-1600,High-CDR,2C,POLES,ENGAGE,R10PAC_OECD,4.44092
SCI-vetted,POLES-JRC ENGAGE,ENGAGE-INDCi2030-1600,High-CDR,2C,POLES,ENGAGE,R10REF_ECON,13.234685
SCI-vetted,POLES-JRC ENGAGE,ENGAGE-INDCi2030-1600,High-CDR,2C,POLES,ENGAGE,R10REST_ASIA,55.398195
SCI-vetted,POLES-JRC ENGAGE,ENGAGE-INDCi2030-1600f,High-CDR,2C,POLES,ENGAGE,Aggregated R10 regions,413.697125
SCI-vetted,POLES-JRC ENGAGE,ENGAGE-INDCi2030-1600f,High-CDR,2C,POLES,ENGAGE,R10AFRICA,73.31629
SCI-vetted,POLES-JRC ENGAGE,ENGAGE-INDCi2030-1600f,High-CDR,2C,POLES,ENGAGE,R10CHINA+,79.579425
SCI-vetted,POLES-JRC ENGAGE,ENGAGE-INDCi2030-1600f,High-CDR,2C,POLES,ENGAGE,R10EUROPE,12.125835
SCI-vetted,POLES-JRC ENGAGE,ENGAGE-INDCi2030-1600f,High-CDR,2C,POLES,ENGAGE,R10INDIA+,112.161245
SCI-vetted,POLES-JRC ENGAGE,ENGAGE-INDCi2030-1600f,High-CDR,2C,POLES,ENGAGE,R10LATIN_AM,13.346925
SCI-vetted,POLES-JRC ENGAGE,ENGAGE-INDCi2030-1600f,High-CDR,2C,POLES,ENGAGE,R10MIDDLE_EAST,43.483235
SCI-vetted,POLES-JRC ENGAGE,ENGAGE-INDCi2030-1600f,High-CDR,2C,POLES,ENGAGE,R10NORTH_AM,6.61037
SCI-vetted,POLES-JRC ENGAGE,ENGAGE-INDCi2030-1600f,High-CDR,2C,POLES,ENGAGE,R10PAC_OECD,4.44092
SCI-vetted,POLES-JRC ENGAGE,ENGAGE-INDCi2030-1600f,High-CDR,2C,POLES,ENGAGE,R10REF_ECON,13.234685
SCI-vetted,POLES-JRC ENGAGE,ENGAGE-INDCi2030-1600f,High-CDR,2C,POLES,ENGAGE,R10REST_ASIA,55.398195
SCI-vetted,POLES-JRC ENGAGE,ENGAGE-INDCi2030-1800,High-CDR,2C,POLES,ENGAGE,Aggregated R10 regions,417.52523
SCI-vetted,POLES-JRC ENGAGE,ENGAGE-INDCi2030-1800,High-CDR,2C,POLES,ENGAGE,R10AFRICA,73.67381
SCI-vetted,POLES-JRC ENGAGE,ENGAGE-INDCi2030-1800,High-CDR,2C,POLES,ENGAGE,R10CHINA+,80.352225
SCI-vetted,POLES-JRC ENGAGE,ENGAGE-INDCi2030-1800,High-CDR,2C,POLES,ENGAGE,R10EUROPE,12.184
SCI-vetted,POLES-JRC ENGAGE,ENGAGE-INDCi2030-1800,High-CDR,2C,POLES,ENGAGE,R10INDIA+,114.01742
SCI-vetted,POLES-JRC ENGAGE,ENGAGE-INDCi2030-1800,High-CDR,2C,POLES,ENGAGE,R10LATIN_AM,13.388285
SCI-vetted,POLES-JRC ENGAGE,ENGAGE-INDCi2030-1800,High-CDR,2C,POLES,ENGAGE,R10MIDDLE_EAST,43.605375
SCI-vetted,POLES-JRC ENGAGE,ENGAGE-INDCi2030-1800,High-CDR,2C,POLES,ENGAGE,R10NORTH_AM,6.67632
SCI-vetted,POLES-JRC ENGAGE,ENGAGE-INDCi2030-1800,High-CDR,2C,POLES,ENGAGE,R10PAC_OECD,4.46123
SCI-vetted,POLES-JRC ENGAGE,ENGAGE-INDCi2030-1800,High-CDR,2C,POLES,ENGAGE,R10REF_ECON,13.29234
SCI-vetted,POLES-JRC ENGAGE,ENGAGE-INDCi2030-1800,High-CDR,2C,POLES,ENGAGE,R10REST_ASIA,55.874225
SCI-vetted,POLES-JRC ENGAGE,ENGAGE-INDCi2030-1800f,High-CDR,2C,POLES,ENGAGE,Aggregated R10 regions,417.52523
SCI-vetted,POLES-JRC ENGAGE,ENGAGE-INDCi2030-1800f,High-CDR,2C,POLES,ENGAGE,R10AFRICA,73.67381
SCI-vetted,POLES-JRC ENGAGE,ENGAGE-INDCi2030-1800f,High-CDR,2C,POLES,ENGAGE,R10CHINA+,80.352225
SCI-vetted,POLES-JRC ENGAGE,ENGAGE-INDCi2030-1800f,High-CDR,2C,POLES,ENGAGE,R10EUROPE,12.184
SCI-vetted,POLES-JRC ENGAGE,ENGAGE-INDCi2030-1800f,High-CDR,2C,POLES,ENGAGE,R10INDIA+,114.01742
SCI-vetted,POLES-JRC ENGAGE,ENGAGE-INDCi2030-1800f,High-CDR,2C,POLES,ENGAGE,R10LATIN_AM,13.388285
SCI-vetted,POLES-JRC ENGAGE,ENGAGE-INDCi2030-1800f,High-CDR,2C,POLES,ENGAGE,R10MIDDLE_EAST,43.605375
SCI-vetted,POLES-JRC ENGAGE,ENGAGE-INDCi2030-1800f,High-CDR,2C,POLES,ENGAGE,R10NORTH_AM,6.67632
SCI-vetted,POLES-JRC ENGAGE,ENGAGE-INDCi2030-1800f,High-CDR,2C,POLES,ENGAGE,R10PAC_OECD,4.46123
SCI-vetted,POLES-JRC ENGAGE,ENGAGE-INDCi2030-1800f,High-CDR,2C,POLES,ENGAGE,R10REF_ECON,13.29234
SCI-vetted,POLES-JRC ENGAGE,ENGAGE-INDCi2030-1800f,High-CDR,2C,POLES,ENGAGE,R10REST_ASIA,55.874225
SCI-vetted,POLES-JRC ENGAGE,ENGAGE-INDCi2030-2000,High-CDR,2C,POLES,ENGAGE,Aggregated R10 regions,420.124325
SCI-vetted,POLES-JRC ENGAGE,ENGAGE-INDCi2030-2000,High-CDR,2C,POLES,ENGAGE,R10AFRICA,73.846365
SCI-vetted,POLES-JRC ENGAGE,ENGAGE-INDCi2030-2000,High-CDR,2C,POLES,ENGAGE,R10CHINA+,80.952095
SCI-vetted,POLES-JRC ENGAGE,ENGAGE-INDCi2030-2000,High-CDR,2C,POLES,ENGAGE,R10EUROPE,12.24968
SCI-vetted,POLES-JRC ENGAGE,ENGAGE-INDCi2030-2000,High-CDR,2C,POLES,ENGAGE,R10INDIA+,115.212715
SCI-vetted,POLES-JRC ENGAGE,ENGAGE-INDCi2030-2000,High-CDR,2C,POLES,ENGAGE,R10LATIN_AM,13.423695
SCI-vetted,POLES-JRC ENGAGE,ENGAGE-INDCi2030-2000,High-CDR,2C,POLES,ENGAGE,R10MIDDLE_EAST,43.69435
SCI-vetted,POLES-JRC ENGAGE,ENGAGE-INDCi2030-2000,High-CDR,2C,POLES,ENGAGE,R10NORTH_AM,6.69801
SCI-vetted,POLES-JRC ENGAGE,ENGAGE-INDCi2030-2000,High-CDR,2C,POLES,ENGAGE,R10PAC_OECD,4.47825
SCI-vetted,POLES-JRC ENGAGE,ENGAGE-INDCi2030-2000,High-CDR,2C,POLES,ENGAGE,R10REF_ECON,13.3208
SCI-vetted,POLES-JRC ENGAGE,ENGAGE-INDCi2030-2000,High-CDR,2C,POLES,ENGAGE,R10REST_ASIA,56.248365
SCI-vetted,POLES-JRC ENGAGE,ENGAGE-INDCi2030-2000f,High-CDR,2C,POLES,ENGAGE,Aggregated R10 regions,420.124325
SCI-vetted,POLES-JRC ENGAGE,ENGAGE-INDCi2030-2000f,High-CDR,2C,POLES,ENGAGE,R10AFRICA,73.846365
SCI-vetted,POLES-JRC ENGAGE,ENGAGE-INDCi2030-2000f,High-CDR,2C,POLES,ENGAGE,R10CHINA+,80.952095
SCI-vetted,POLES-JRC ENGAGE,ENGAGE-INDCi2030-2000f,High-CDR,2C,POLES,ENGAGE,R10EUROPE,12.24968
SCI-vetted,POLES-JRC ENGAGE,ENGAGE-INDCi2030-2000f,High-CDR,2C,POLES,ENGAGE,R10INDIA+,115.212715
SCI-vetted,POLES-JRC ENGAGE,ENGAGE-INDCi2030-2000f,High-CDR,2C,POLES,ENGAGE,R10LATIN_AM,13.423695
SCI-vetted,POLES-JRC ENGAGE,ENGAGE-INDCi2030-2000f,High-CDR,2C,POLES,ENGAGE,R10MIDDLE_EAST,43.69435
SCI-vetted,POLES-JRC ENGAGE,ENGAGE-INDCi2030-2000f,High-CDR,2C,POLES,ENGAGE,R10NORTH_AM,6.69801
SCI-vetted,POLES-JRC ENGAGE,ENGAGE-INDCi2030-2000f,High-CDR,2C,POLES,ENGAGE,R10PAC_OECD,4.47825
SCI-vetted,POLES-JRC ENGAGE,ENGAGE-INDCi2030-2000f,High-CDR,2C,POLES,ENGAGE,R10REF_ECON,13.3208
SCI-vetted,POLES-JRC ENGAGE,ENGAGE-INDCi2030-2000f,High-CDR,2C,POLES,ENGAGE,R10REST_ASIA,56.248365
SCI-vetted,POLES-JRC ENGAGE,ENGAGE-INDCi2030-2500,High-CDR,2C,POLES,ENGAGE,Aggregated R10 regions,431.31202
SCI-vetted,POLES-JRC ENGAGE,ENGAGE-INDCi2030-2500,High-CDR,2C,POLES,ENGAGE,R10AFRICA,74.668015
SCI-vetted,POLES-JRC ENGAGE,ENGAGE-INDCi2030-2500,High-CDR,2C,POLES,ENGAGE,R10CHINA+,83.40762
SCI-vetted,POLES-JRC ENGAGE,ENGAGE-INDCi2030-2500,High-CDR,2C,POLES,ENGAGE,R10EUROPE,12.45761
SCI-vetted,POLES-JRC ENGAGE,ENGAGE-INDCi2030-2500,High-CDR,2C,POLES,ENGAGE,R10INDIA+,120.71229
SCI-vetted,POLES-JRC ENGAGE,ENGAGE-INDCi2030-2500,High-CDR,2C,POLES,ENGAGE,R10LATIN_AM,13.54379
SCI-vetted,POLES-JRC ENGAGE,ENGAGE-INDCi2030-2500,High-CDR,2C,POLES,ENGAGE,R10MIDDLE_EAST,44.083135
SCI-vetted,POLES-JRC ENGAGE,ENGAGE-INDCi2030-2500,High-CDR,2C,POLES,ENGAGE,R10NORTH_AM,6.794725
SCI-vetted,POLES-JRC ENGAGE,ENGAGE-INDCi2030-2500,High-CDR,2C,POLES,ENGAGE,R10PAC_OECD,4.5377
SCI-vetted,POLES-JRC ENGAGE,ENGAGE-INDCi2030-2500,High-CDR,2C,POLES,ENGAGE,R10REF_ECON,13.44506
SCI-vetted,POLES-JRC ENGAGE,ENGAGE-INDCi2030-2500,High-CDR,2C,POLES,ENGAGE,R10REST_ASIA,57.662075
SCI-vetted,POLES-JRC ENGAGE,ENGAGE-INDCi2030-2500f,High-CDR,2C,POLES,ENGAGE,Aggregated R10 regions,431.31202
SCI-vetted,POLES-JRC ENGAGE,ENGAGE-INDCi2030-2500f,High-CDR,2C,POLES,ENGAGE,R10AFRICA,74.668015
SCI-vetted,POLES-JRC ENGAGE,ENGAGE-INDCi2030-2500f,High-CDR,2C,POLES,ENGAGE,R10CHINA+,83.40762
SCI-vetted,POLES-JRC ENGAGE,ENGAGE-INDCi2030-2500f,High-CDR,2C,POLES,ENGAGE,R10EUROPE,12.45761
SCI-vetted,POLES-JRC ENGAGE,ENGAGE-INDCi2030-2500f,High-CDR,2C,POLES,ENGAGE,R10INDIA+,120.71229
SCI-vetted,POLES-JRC ENGAGE,ENGAGE-INDCi2030-2500f,High-CDR,2C,POLES,ENGAGE,R10LATIN_AM,13.54379
SCI-vetted,POLES-JRC ENGAGE,ENGAGE-INDCi2030-2500f,High-CDR,2C,POLES,ENGAGE,R10MIDDLE_EAST,44.083135
SCI-vetted,POLES-JRC ENGAGE,ENGAGE-INDCi2030-2500f,High-CDR,2C,POLES,ENGAGE,R10NORTH_AM,6.794725
SCI-vetted,POLES-JRC ENGAGE,ENGAGE-INDCi2030-2500f,High-CDR,2C,POLES,ENGAGE,R10PAC_OECD,4.5377
SCI-vetted,POLES-JRC ENGAGE,ENGAGE-INDCi2030-2500f,High-CDR,2C,POLES,ENGAGE,R10REF_ECON,13.44506
SCI-vetted,POLES-JRC ENGAGE,ENGAGE-INDCi2030-2500f,High-CDR,2C,POLES,ENGAGE,R10REST_ASIA,57.662075
SCI-vetted,POLES-JRC ENGAGE,ENGAGE-INDCi2030-300f,High-CDR,1.5C,POLES,ENGAGE,Aggregated R10 regions,393.078915
SCI-vetted,POLES-JRC ENGAGE,ENGAGE-INDCi2030-300f,High-CDR,1.5C,POLES,ENGAGE,R10AFRICA,70.942735
SCI-vetted,POLES-JRC ENGAGE,ENGAGE-INDCi2030-300f,High-CDR,1.5C,POLES,ENGAGE,R10CHINA+,74.91882
SCI-vetted,POLES-JRC ENGAGE,ENGAGE-INDCi2030-300f,High-CDR,1.5C,POLES,ENGAGE,R10EUROPE,11.845705
SCI-vetted,POLES-JRC ENGAGE,ENGAGE-INDCi2030-300f,High-CDR,1.5C,POLES,ENGAGE,R10INDIA+,103.07077
SCI-vetted,POLES-JRC ENGAGE,ENGAGE-INDCi2030-300f,High-CDR,1.5C,POLES,ENGAGE,R10LATIN_AM,13.17923
SCI-vetted,POLES-JRC ENGAGE,ENGAGE-INDCi2030-300f,High-CDR,1.5C,POLES,ENGAGE,R10MIDDLE_EAST,42.84298
SCI-vetted,POLES-JRC ENGAGE,ENGAGE-INDCi2030-300f,High-CDR,1.5C,POLES,ENGAGE,R10NORTH_AM,6.46388
SCI-vetted,POLES-JRC ENGAGE,ENGAGE-INDCi2030-300f,High-CDR,1.5C,POLES,ENGAGE,R10PAC_OECD,4.32122
SCI-vetted,POLES-JRC ENGAGE,ENGAGE-INDCi2030-300f,High-CDR,1.5C,POLES,ENGAGE,R10REF_ECON,12.997095
SCI-vetted,POLES-JRC ENGAGE,ENGAGE-INDCi2030-300f,High-CDR,1.5C,POLES,ENGAGE,R10REST_ASIA,52.49648
SCI-vetted,POLES-JRC ENGAGE,ENGAGE-INDCi2030-400f,High-CDR,1.5C,POLES,ENGAGE,Aggregated R10 regions,393.66493
SCI-vetted,POLES-JRC ENGAGE,ENGAGE-INDCi2030-400f,High-CDR,1.5C,POLES,ENGAGE,R10AFRICA,70.977145
SCI-vetted,POLES-JRC ENGAGE,ENGAGE-INDCi2030-400f,High-CDR,1.5C,POLES,ENGAGE,R10CHINA+,75.03282
SCI-vetted,POLES-JRC ENGAGE,ENGAGE-INDCi2030-400f,High-CDR,1.5C,POLES,ENGAGE,R10EUROPE,11.840175
SCI-vetted,POLES-JRC ENGAGE,ENGAGE-INDCi2030-400f,High-CDR,1.5C,POLES,ENGAGE,R10INDIA+,103.28045
SCI-vetted,POLES-JRC ENGAGE,ENGAGE-INDCi2030-400f,High-CDR,1.5C,POLES,ENGAGE,R10LATIN_AM,13.18335
SCI-vetted,POLES-JRC ENGAGE,ENGAGE-INDCi2030-400f,High-CDR,1.5C,POLES,ENGAGE,R10MIDDLE_EAST,42.90812
SCI-vetted,POLES-JRC ENGAGE,ENGAGE-INDCi2030-400f,High-CDR,1.5C,POLES,ENGAGE,R10NORTH_AM,6.46388
SCI-vetted,POLES-JRC ENGAGE,ENGAGE-INDCi2030-400f,High-CDR,1.5C,POLES,ENGAGE,R10PAC_OECD,4.32122
SCI-vetted,POLES-JRC ENGAGE,ENGAGE-INDCi2030-400f,High-CDR,1.5C,POLES,ENGAGE,R10REF_ECON,13.005865
SCI-vetted,POLES-JRC ENGAGE,ENGAGE-INDCi2030-400f,High-CDR,1.5C,POLES,ENGAGE,R10REST_ASIA,52.651905
SCI-vetted,POLES-JRC ENGAGE,ENGAGE-INDCi2030-600f,High-CDR,2C,POLES,ENGAGE,Aggregated R10 regions,395.04752
SCI-vetted,POLES-JRC ENGAGE,ENGAGE-INDCi2030-600f,High-CDR,2C,POLES,ENGAGE,R10AFRICA,71.3289
SCI-vetted,POLES-JRC ENGAGE,ENGAGE-INDCi2030-600f,High-CDR,2C,POLES,ENGAGE,R10CHINA+,75.664665
SCI-vetted,POLES-JRC ENGAGE,ENGAGE-INDCi2030-600f,High-CDR,2C,POLES,ENGAGE,R10EUROPE,11.866235
SCI-vetted,POLES-JRC ENGAGE,ENGAGE-INDCi2030-600f,High-CDR,2C,POLES,ENGAGE,R10INDIA+,103.402965
SCI-vetted,POLES-JRC ENGAGE,ENGAGE-INDCi2030-600f,High-CDR,2C,POLES,ENGAGE,R10LATIN_AM,13.18906
SCI-vetted,POLES-JRC ENGAGE,ENGAGE-INDCi2030-600f,High-CDR,2C,POLES,ENGAGE,R10MIDDLE_EAST,42.99188
SCI-vetted,POLES-JRC ENGAGE,ENGAGE-INDCi2030-600f,High-CDR,2C,POLES,ENGAGE,R10NORTH_AM,6.48115
SCI-vetted,POLES-JRC ENGAGE,ENGAGE-INDCi2030-600f,High-CDR,2C,POLES,ENGAGE,R10PAC_OECD,4.34331
SCI-vetted,POLES-JRC ENGAGE,ENGAGE-INDCi2030-600f,High-CDR,2C,POLES,ENGAGE,R10REF_ECON,13.019375
SCI-vetted,POLES-JRC ENGAGE,ENGAGE-INDCi2030-600f,High-CDR,2C,POLES,ENGAGE,R10REST_ASIA,52.75998
SCI-vetted,POLES-JRC ENGAGE,ENGAGE-INDCi2030-600f-COV,High-CDR,2C,POLES,ENGAGE,Aggregated R10 regions,392.36593
SCI-vetted,POLES-JRC ENGAGE,ENGAGE-INDCi2030-600f-COV,High-CDR,2C,POLES,ENGAGE,R10AFRICA,71.208875
SCI-vetted,POLES-JRC ENGAGE,ENGAGE-INDCi2030-600f-COV,High-CDR,2C,POLES,ENGAGE,R10CHINA+,75.346190000000007
SCI-vetted,POLES-JRC ENGAGE,ENGAGE-INDCi2030-600f-COV,High-CDR,2C,POLES,ENGAGE,R10EUROPE,11.80528
SCI-vetted,POLES-JRC ENGAGE,ENGAGE-INDCi2030-600f-COV,High-CDR,2C,POLES,ENGAGE,R10INDIA+,101.841785
SCI-vetted,POLES-JRC ENGAGE,ENGAGE-INDCi2030-600f-COV,High-CDR,2C,POLES,ENGAGE,R10LATIN_AM,13.139175
SCI-vetted,POLES-JRC ENGAGE,ENGAGE-INDCi2030-600f-COV,High-CDR,2C,POLES,ENGAGE,R10MIDDLE_EAST,42.795595
SCI-vetted,POLES-JRC ENGAGE,ENGAGE-INDCi2030-600f-COV,High-CDR,2C,POLES,ENGAGE,R10NORTH_AM,6.453605
SCI-vetted,POLES-JRC ENGAGE,ENGAGE-INDCi2030-600f-COV,High-CDR,2C,POLES,ENGAGE,R10PAC_OECD,4.33068
SCI-vetted,POLES-JRC ENGAGE,ENGAGE-INDCi2030-600f-COV,High-CDR,2C,POLES,ENGAGE,R10REF_ECON,12.9752
SCI-vetted,POLES-JRC ENGAGE,ENGAGE-INDCi2030-600f-COV,High-CDR,2C,POLES,ENGAGE,R10REST_ASIA,52.469545
SCI-vetted,POLES-JRC ENGAGE,ENGAGE-INDCi2030-600f-COV-NDCp,High-CDR,2C,POLES,ENGAGE,Aggregated R10 regions,391.754375
SCI-vetted,POLES-JRC ENGAGE,ENGAGE-INDCi2030-600f-COV-NDCp,High-CDR,2C,POLES,ENGAGE,R10AFRICA,71.212185
SCI-vetted,POLES-JRC ENGAGE,ENGAGE-INDCi2030-600f-COV-NDCp,High-CDR,2C,POLES,ENGAGE,R10CHINA+,75.367679999999993
SCI-vetted,POLES-JRC ENGAGE,ENGAGE-INDCi2030-600f-COV-NDCp,High-CDR,2C,POLES,ENGAGE,R10EUROPE,11.68471
SCI-vetted,POLES-JRC ENGAGE,ENGAGE-INDCi2030-600f-COV-NDCp,High-CDR,2C,POLES,ENGAGE,R10INDIA+,101.449465
SCI-vetted,POLES-JRC ENGAGE,ENGAGE-INDCi2030-600f-COV-NDCp,High-CDR,2C,POLES,ENGAGE,R10LATIN_AM,13.133375
SCI-vetted,POLES-JRC ENGAGE,ENGAGE-INDCi2030-600f-COV-NDCp,High-CDR,2C,POLES,ENGAGE,R10MIDDLE_EAST,42.775275
SCI-vetted,POLES-JRC ENGAGE,ENGAGE-INDCi2030-600f-COV-NDCp,High-CDR,2C,POLES,ENGAGE,R10NORTH_AM,6.422875
SCI-vetted,POLES-JRC ENGAGE,ENGAGE-INDCi2030-600f-COV-NDCp,High-CDR,2C,POLES,ENGAGE,R10PAC_OECD,4.32461
SCI-vetted,POLES-JRC ENGAGE,ENGAGE-INDCi2030-600f-COV-NDCp,High-CDR,2C,POLES,ENGAGE,R10REF_ECON,12.96231
SCI-vetted,POLES-JRC ENGAGE,ENGAGE-INDCi2030-600f-COV-NDCp,High-CDR,2C,POLES,ENGAGE,R10REST_ASIA,52.42189
SCI-vetted,POLES-JRC ENGAGE,ENGAGE-INDCi2030-700f,High-CDR,2C,POLES,ENGAGE,Aggregated R10 regions,396.617685
SCI-vetted,POLES-JRC ENGAGE,ENGAGE-INDCi2030-700f,High-CDR,2C,POLES,ENGAGE,R10AFRICA,71.53
SCI-vetted,POLES-JRC ENGAGE,ENGAGE-INDCi2030-700f,High-CDR,2C,POLES,ENGAGE,R10CHINA+,76.015825
SCI-vetted,POLES-JRC ENGAGE,ENGAGE-INDCi2030-700f,High-CDR,2C,POLES,ENGAGE,R10EUROPE,11.878035
SCI-vetted,POLES-JRC ENGAGE,ENGAGE-INDCi2030-700f,High-CDR,2C,POLES,ENGAGE,R10INDIA+,104.130545
SCI-vetted,POLES-JRC ENGAGE,ENGAGE-INDCi2030-700f,High-CDR,2C,POLES,ENGAGE,R10LATIN_AM,13.18884
SCI-vetted,POLES-JRC ENGAGE,ENGAGE-INDCi2030-700f,High-CDR,2C,POLES,ENGAGE,R10MIDDLE_EAST,43.0118
SCI-vetted,POLES-JRC ENGAGE,ENGAGE-INDCi2030-700f,High-CDR,2C,POLES,ENGAGE,R10NORTH_AM,6.49625
SCI-vetted,POLES-JRC ENGAGE,ENGAGE-INDCi2030-700f,High-CDR,2C,POLES,ENGAGE,R10PAC_OECD,4.35444
SCI-vetted,POLES-JRC ENGAGE,ENGAGE-INDCi2030-700f,High-CDR,2C,POLES,ENGAGE,R10REF_ECON,13.023425
SCI-vetted,POLES-JRC ENGAGE,ENGAGE-INDCi2030-700f,High-CDR,2C,POLES,ENGAGE,R10REST_ASIA,52.988525
SCI-vetted,POLES-JRC ENGAGE,ENGAGE-INDCi2030-800f,High-CDR,2C,POLES,ENGAGE,Aggregated R10 regions,397.968305
SCI-vetted,POLES-JRC ENGAGE,ENGAGE-INDCi2030-800f,High-CDR,2C,POLES,ENGAGE,R10AFRICA,71.793975
SCI-vetted,POLES-JRC ENGAGE,ENGAGE-INDCi2030-800f,High-CDR,2C,POLES,ENGAGE,R10CHINA+,76.2455
SCI-vetted,POLES-JRC ENGAGE,ENGAGE-INDCi2030-800f,High-CDR,2C,POLES,ENGAGE,R10EUROPE,11.91618
SCI-vetted,POLES-JRC ENGAGE,ENGAGE-INDCi2030-800f,High-CDR,2C,POLES,ENGAGE,R10INDIA+,104.67088
SCI-vetted,POLES-JRC ENGAGE,ENGAGE-INDCi2030-800f,High-CDR,2C,POLES,ENGAGE,R10LATIN_AM,13.196365
SCI-vetted,POLES-JRC ENGAGE,ENGAGE-INDCi2030-800f,High-CDR,2C,POLES,ENGAGE,R10MIDDLE_EAST,43.07575
SCI-vetted,POLES-JRC ENGAGE,ENGAGE-INDCi2030-800f,High-CDR,2C,POLES,ENGAGE,R10NORTH_AM,6.49798
SCI-vetted,POLES-JRC ENGAGE,ENGAGE-INDCi2030-800f,High-CDR,2C,POLES,ENGAGE,R10PAC_OECD,4.36566
SCI-vetted,POLES-JRC ENGAGE,ENGAGE-INDCi2030-800f,High-CDR,2C,POLES,ENGAGE,R10REF_ECON,13.057365
SCI-vetted,POLES-JRC ENGAGE,ENGAGE-INDCi2030-800f,High-CDR,2C,POLES,ENGAGE,R10REST_ASIA,53.14865
SCI-vetted,POLES-JRC ENGAGE,ENGAGE-INDCi2030-900f,High-CDR,2C,POLES,ENGAGE,Aggregated R10 regions,400.76828
SCI-vetted,POLES-JRC ENGAGE,ENGAGE-INDCi2030-900f,High-CDR,2C,POLES,ENGAGE,R10AFRICA,71.946275
SCI-vetted,POLES-JRC ENGAGE,ENGAGE-INDCi2030-900f,High-CDR,2C,POLES,ENGAGE,R10CHINA+,76.998895
SCI-vetted,POLES-JRC ENGAGE,ENGAGE-INDCi2030-900f,High-CDR,2C,POLES,ENGAGE,R10EUROPE,11.95119
SCI-vetted,POLES-JRC ENGAGE,ENGAGE-INDCi2030-900f,High-CDR,2C,POLES,ENGAGE,R10INDIA+,106.057745
SCI-vetted,POLES-JRC ENGAGE,ENGAGE-INDCi2030-900f,High-CDR,2C,POLES,ENGAGE,R10LATIN_AM,13.21744
SCI-vetted,POLES-JRC ENGAGE,ENGAGE-INDCi2030-900f,High-CDR,2C,POLES,ENGAGE,R10MIDDLE_EAST,43.0776
SCI-vetted,POLES-JRC ENGAGE,ENGAGE-INDCi2030-900f,High-CDR,2C,POLES,ENGAGE,R10NORTH_AM,6.51302
SCI-vetted,POLES-JRC ENGAGE,ENGAGE-INDCi2030-900f,High-CDR,2C,POLES,ENGAGE,R10PAC_OECD,4.3828
SCI-vetted,POLES-JRC ENGAGE,ENGAGE-INDCi2030-900f,High-CDR,2C,POLES,ENGAGE,R10REF_ECON,13.072525
SCI-vetted,POLES-JRC ENGAGE,ENGAGE-INDCi2030-900f,High-CDR,2C,POLES,ENGAGE,R10REST_ASIA,53.55079
SCI-vetted,POLES-JRC ENGAGE,ENGAGE-INDCi2100-COV-NDCp,High-CDR,2C,POLES,ENGAGE,Aggregated R10 regions,451.45362
SCI-vetted,POLES-JRC ENGAGE,ENGAGE-INDCi2100-COV-NDCp,High-CDR,2C,POLES,ENGAGE,R10AFRICA,73.4623
SCI-vetted,POLES-JRC ENGAGE,ENGAGE-INDCi2100-COV-NDCp,High-CDR,2C,POLES,ENGAGE,R10CHINA+,85.11108
SCI-vetted,POLES-JRC ENGAGE,ENGAGE-INDCi2100-COV-NDCp,High-CDR,2C,POLES,ENGAGE,R10EUROPE,12.232365
SCI-vetted,POLES-JRC ENGAGE,ENGAGE-INDCi2100-COV-NDCp,High-CDR,2C,POLES,ENGAGE,R10INDIA+,136.07253
SCI-vetted,POLES-JRC ENGAGE,ENGAGE-INDCi2100-COV-NDCp,High-CDR,2C,POLES,ENGAGE,R10LATIN_AM,13.704915
SCI-vetted,POLES-JRC ENGAGE,ENGAGE-INDCi2100-COV-NDCp,High-CDR,2C,POLES,ENGAGE,R10MIDDLE_EAST,44.73491
SCI-vetted,POLES-JRC ENGAGE,ENGAGE-INDCi2100-COV-NDCp,High-CDR,2C,POLES,ENGAGE,R10NORTH_AM,6.67743
SCI-vetted,POLES-JRC ENGAGE,ENGAGE-INDCi2100-COV-NDCp,High-CDR,2C,POLES,ENGAGE,R10PAC_OECD,4.573705
SCI-vetted,POLES-JRC ENGAGE,ENGAGE-INDCi2100-COV-NDCp,High-CDR,2C,POLES,ENGAGE,R10REF_ECON,13.69114
SCI-vetted,POLES-JRC ENGAGE,ENGAGE-INDCi2100-COV-NDCp,High-CDR,2C,POLES,ENGAGE,R10REST_ASIA,61.193245
SCI-vetted,POLES-JRC ENGAGE,ENGAGE-NPi2020-1000f,High-CDR,2C,POLES,ENGAGE,Aggregated R10 regions,402.962955
SCI-vetted,POLES-JRC ENGAGE,ENGAGE-NPi2020-1000f,High-CDR,2C,POLES,ENGAGE,R10AFRICA,72.362825
SCI-vetted,POLES-JRC ENGAGE,ENGAGE-NPi2020-1000f,High-CDR,2C,POLES,ENGAGE,R10CHINA+,78.21826
SCI-vetted,POLES-JRC ENGAGE,ENGAGE-NPi2020-1000f,High-CDR,2C,POLES,ENGAGE,R10EUROPE,11.940645
SCI-vetted,POLES-JRC ENGAGE,ENGAGE-NPi2020-1000f,High-CDR,2C,POLES,ENGAGE,R10INDIA+,106.15304
SCI-vetted,POLES-JRC ENGAGE,ENGAGE-NPi2020-1000f,High-CDR,2C,POLES,ENGAGE,R10LATIN_AM,13.291915
SCI-vetted,POLES-JRC ENGAGE,ENGAGE-NPi2020-1000f,High-CDR,2C,POLES,ENGAGE,R10MIDDLE_EAST,43.209415
SCI-vetted,POLES-JRC ENGAGE,ENGAGE-NPi2020-1000f,High-CDR,2C,POLES,ENGAGE,R10NORTH_AM,6.54834
SCI-vetted,POLES-JRC ENGAGE,ENGAGE-NPi2020-1000f,High-CDR,2C,POLES,ENGAGE,R10PAC_OECD,4.395005
SCI-vetted,POLES-JRC ENGAGE,ENGAGE-NPi2020-1000f,High-CDR,2C,POLES,ENGAGE,R10REF_ECON,13.074925
SCI-vetted,POLES-JRC ENGAGE,ENGAGE-NPi2020-1000f,High-CDR,2C,POLES,ENGAGE,R10REST_ASIA,53.768585
SCI-vetted,POLES-JRC ENGAGE,ENGAGE-NPi2020-1000f-COV,High-CDR,2C,POLES,ENGAGE,Aggregated R10 regions,400.952145
SCI-vetted,POLES-JRC ENGAGE,ENGAGE-NPi2020-1000f-COV,High-CDR,2C,POLES,ENGAGE,R10AFRICA,72.11633
SCI-vetted,POLES-JRC ENGAGE,ENGAGE-NPi2020-1000f-COV,High-CDR,2C,POLES,ENGAGE,R10CHINA+,78.594485
SCI-vetted,POLES-JRC ENGAGE,ENGAGE-NPi2020-1000f-COV,High-CDR,2C,POLES,ENGAGE,R10EUROPE,11.93469
SCI-vetted,POLES-JRC ENGAGE,ENGAGE-NPi2020-1000f-COV,High-CDR,2C,POLES,ENGAGE,R10INDIA+,104.62533
SCI-vetted,POLES-JRC ENGAGE,ENGAGE-NPi2020-1000f-COV,High-CDR,2C,POLES,ENGAGE,R10LATIN_AM,13.24449
SCI-vetted,POLES-JRC ENGAGE,ENGAGE-NPi2020-1000f-COV,High-CDR,2C,POLES,ENGAGE,R10MIDDLE_EAST,43.011935
SCI-vetted,POLES-JRC ENGAGE,ENGAGE-NPi2020-1000f-COV,High-CDR,2C,POLES,ENGAGE,R10NORTH_AM,6.519645
SCI-vetted,POLES-JRC ENGAGE,ENGAGE-NPi2020-1000f-COV,High-CDR,2C,POLES,ENGAGE,R10PAC_OECD,4.40602
SCI-vetted,POLES-JRC ENGAGE,ENGAGE-NPi2020-1000f-COV,High-CDR,2C,POLES,ENGAGE,R10REF_ECON,13.02014
SCI-vetted,POLES-JRC ENGAGE,ENGAGE-NPi2020-1000f-COV,High-CDR,2C,POLES,ENGAGE,R10REST_ASIA,53.47908
SCI-vetted,POLES-JRC ENGAGE,ENGAGE-NPi2020-1200f,High-CDR,2C,POLES,ENGAGE,Aggregated R10 regions,407.65341
SCI-vetted,POLES-JRC ENGAGE,ENGAGE-NPi2020-1200f,High-CDR,2C,POLES,ENGAGE,R10AFRICA,72.75155
SCI-vetted,POLES-JRC ENGAGE,ENGAGE-NPi2020-1200f,High-CDR,2C,POLES,ENGAGE,R10CHINA+,79.32405
SCI-vetted,POLES-JRC ENGAGE,ENGAGE-NPi2020-1200f,High-CDR,2C,POLES,ENGAGE,R10EUROPE,12.02925
SCI-vetted,POLES-JRC ENGAGE,ENGAGE-NPi2020-1200f,High-CDR,2C,POLES,ENGAGE,R10INDIA+,108.43636
SCI-vetted,POLES-JRC ENGAGE,ENGAGE-NPi2020-1200f,High-CDR,2C,POLES,ENGAGE,R10LATIN_AM,13.310275
SCI-vetted,POLES-JRC ENGAGE,ENGAGE-NPi2020-1200f,High-CDR,2C,POLES,ENGAGE,R10MIDDLE_EAST,43.294465
SCI-vetted,POLES-JRC ENGAGE,ENGAGE-NPi2020-1200f,High-CDR,2C,POLES,ENGAGE,R10NORTH_AM,6.57954
SCI-vetted,POLES-JRC ENGAGE,ENGAGE-NPi2020-1200f,High-CDR,2C,POLES,ENGAGE,R10PAC_OECD,4.429955
SCI-vetted,POLES-JRC ENGAGE,ENGAGE-NPi2020-1200f,High-CDR,2C,POLES,ENGAGE,R10REF_ECON,13.140305
SCI-vetted,POLES-JRC ENGAGE,ENGAGE-NPi2020-1200f,High-CDR,2C,POLES,ENGAGE,R10REST_ASIA,54.35766
SCI-vetted,POLES-JRC ENGAGE,ENGAGE-NPi2020-1400,High-CDR,2C,POLES,ENGAGE,Aggregated R10 regions,411.33969
SCI-vetted,POLES-JRC ENGAGE,ENGAGE-NPi2020-1400,High-CDR,2C,POLES,ENGAGE,R10AFRICA,73.12027
SCI-vetted,POLES-JRC ENGAGE,ENGAGE-NPi2020-1400,High-CDR,2C,POLES,ENGAGE,R10CHINA+,79.973325
SCI-vetted,POLES-JRC ENGAGE,ENGAGE-NPi2020-1400,High-CDR,2C,POLES,ENGAGE,R10EUROPE,12.076335
SCI-vetted,POLES-JRC ENGAGE,ENGAGE-NPi2020-1400,High-CDR,2C,POLES,ENGAGE,R10INDIA+,110.227135
SCI-vetted,POLES-JRC ENGAGE,ENGAGE-NPi2020-1400,High-CDR,2C,POLES,ENGAGE,R10LATIN_AM,13.351455
SCI-vetted,POLES-JRC ENGAGE,ENGAGE-NPi2020-1400,High-CDR,2C,POLES,ENGAGE,R10MIDDLE_EAST,43.41336
SCI-vetted,POLES-JRC ENGAGE,ENGAGE-NPi2020-1400,High-CDR,2C,POLES,ENGAGE,R10NORTH_AM,6.6146
SCI-vetted,POLES-JRC ENGAGE,ENGAGE-NPi2020-1400,High-CDR,2C,POLES,ENGAGE,R10PAC_OECD,4.449335
SCI-vetted,POLES-JRC ENGAGE,ENGAGE-NPi2020-1400,High-CDR,2C,POLES,ENGAGE,R10REF_ECON,13.188415000000001
SCI-vetted,POLES-JRC ENGAGE,ENGAGE-NPi2020-1400,High-CDR,2C,POLES,ENGAGE,R10REST_ASIA,54.92546
SCI-vetted,POLES-JRC ENGAGE,ENGAGE-NPi2020-1400f,High-CDR,2C,POLES,ENGAGE,Aggregated R10 regions,412.34551
SCI-vetted,POLES-JRC ENGAGE,ENGAGE-NPi2020-1400f,High-CDR,2C,POLES,ENGAGE,R10AFRICA,73.15253
SCI-vetted,POLES-JRC ENGAGE,ENGAGE-NPi2020-1400f,High-CDR,2C,POLES,ENGAGE,R10CHINA+,80.361185
SCI-vetted,POLES-JRC ENGAGE,ENGAGE-NPi2020-1400f,High-CDR,2C,POLES,ENGAGE,R10EUROPE,12.093785
SCI-vetted,POLES-JRC ENGAGE,ENGAGE-NPi2020-1400f,High-CDR,2C,POLES,ENGAGE,R10INDIA+,110.657605
SCI-vetted,POLES-JRC ENGAGE,ENGAGE-NPi2020-1400f,High-CDR,2C,POLES,ENGAGE,R10LATIN_AM,13.357295
SCI-vetted,POLES-JRC ENGAGE,ENGAGE-NPi2020-1400f,High-CDR,2C,POLES,ENGAGE,R10MIDDLE_EAST,43.43731
SCI-vetted,POLES-JRC ENGAGE,ENGAGE-NPi2020-1400f,High-CDR,2C,POLES,ENGAGE,R10NORTH_AM,6.62958
SCI-vetted,POLES-JRC ENGAGE,ENGAGE-NPi2020-1400f,High-CDR,2C,POLES,ENGAGE,R10PAC_OECD,4.461035
SCI-vetted,POLES-JRC ENGAGE,ENGAGE-NPi2020-1400f,High-CDR,2C,POLES,ENGAGE,R10REF_ECON,13.188415000000001
SCI-vetted,POLES-JRC ENGAGE,ENGAGE-NPi2020-1400f,High-CDR,2C,POLES,ENGAGE,R10REST_ASIA,55.00677
SCI-vetted,POLES-JRC ENGAGE,ENGAGE-NPi2020-1600,High-CDR,2C,POLES,ENGAGE,Aggregated R10 regions,416.046455
SCI-vetted,POLES-JRC ENGAGE,ENGAGE-NPi2020-1600,High-CDR,2C,POLES,ENGAGE,R10AFRICA,73.44734
SCI-vetted,POLES-JRC ENGAGE,ENGAGE-NPi2020-1600,High-CDR,2C,POLES,ENGAGE,R10CHINA+,81.144235
SCI-vetted,POLES-JRC ENGAGE,ENGAGE-NPi2020-1600,High-CDR,2C,POLES,ENGAGE,R10EUROPE,12.15087
SCI-vetted,POLES-JRC ENGAGE,ENGAGE-NPi2020-1600,High-CDR,2C,POLES,ENGAGE,R10INDIA+,112.458585
SCI-vetted,POLES-JRC ENGAGE,ENGAGE-NPi2020-1600,High-CDR,2C,POLES,ENGAGE,R10LATIN_AM,13.380465
SCI-vetted,POLES-JRC ENGAGE,ENGAGE-NPi2020-1600,High-CDR,2C,POLES,ENGAGE,R10MIDDLE_EAST,43.55037
SCI-vetted,POLES-JRC ENGAGE,ENGAGE-NPi2020-1600,High-CDR,2C,POLES,ENGAGE,R10NORTH_AM,6.70137
SCI-vetted,POLES-JRC ENGAGE,ENGAGE-NPi2020-1600,High-CDR,2C,POLES,ENGAGE,R10PAC_OECD,4.472555
SCI-vetted,POLES-JRC ENGAGE,ENGAGE-NPi2020-1600,High-CDR,2C,POLES,ENGAGE,R10REF_ECON,13.229275
SCI-vetted,POLES-JRC ENGAGE,ENGAGE-NPi2020-1600,High-CDR,2C,POLES,ENGAGE,R10REST_ASIA,55.51139
SCI-vetted,POLES-JRC ENGAGE,ENGAGE-NPi2020-1600f,High-CDR,2C,POLES,ENGAGE,Aggregated R10 regions,416.041275
SCI-vetted,POLES-JRC ENGAGE,ENGAGE-NPi2020-1600f,High-CDR,2C,POLES,ENGAGE,R10AFRICA,73.44546
SCI-vetted,POLES-JRC ENGAGE,ENGAGE-NPi2020-1600f,High-CDR,2C,POLES,ENGAGE,R10CHINA+,81.144235
SCI-vetted,POLES-JRC ENGAGE,ENGAGE-NPi2020-1600f,High-CDR,2C,POLES,ENGAGE,R10EUROPE,12.15087
SCI-vetted,POLES-JRC ENGAGE,ENGAGE-NPi2020-1600f,High-CDR,2C,POLES,ENGAGE,R10INDIA+,112.458585
SCI-vetted,POLES-JRC ENGAGE,ENGAGE-NPi2020-1600f,High-CDR,2C,POLES,ENGAGE,R10LATIN_AM,13.380465
SCI-vetted,POLES-JRC ENGAGE,ENGAGE-NPi2020-1600f,High-CDR,2C,POLES,ENGAGE,R10MIDDLE_EAST,43.54707
SCI-vetted,POLES-JRC ENGAGE,ENGAGE-NPi2020-1600f,High-CDR,2C,POLES,ENGAGE,R10NORTH_AM,6.70137
SCI-vetted,POLES-JRC ENGAGE,ENGAGE-NPi2020-1600f,High-CDR,2C,POLES,ENGAGE,R10PAC_OECD,4.472555
SCI-vetted,POLES-JRC ENGAGE,ENGAGE-NPi2020-1600f,High-CDR,2C,POLES,ENGAGE,R10REF_ECON,13.229275
SCI-vetted,POLES-JRC ENGAGE,ENGAGE-NPi2020-1600f,High-CDR,2C,POLES,ENGAGE,R10REST_ASIA,55.51139
SCI-vetted,POLES-JRC ENGAGE,ENGAGE-NPi2020-1800,High-CDR,2C,POLES,ENGAGE,Aggregated R10 regions,419.717675
SCI-vetted,POLES-JRC ENGAGE,ENGAGE-NPi2020-1800,High-CDR,2C,POLES,ENGAGE,R10AFRICA,73.7414
SCI-vetted,POLES-JRC ENGAGE,ENGAGE-NPi2020-1800,High-CDR,2C,POLES,ENGAGE,R10CHINA+,81.837665
SCI-vetted,POLES-JRC ENGAGE,ENGAGE-NPi2020-1800,High-CDR,2C,POLES,ENGAGE,R10EUROPE,12.21634
SCI-vetted,POLES-JRC ENGAGE,ENGAGE-NPi2020-1800,High-CDR,2C,POLES,ENGAGE,R10INDIA+,114.354115
SCI-vetted,POLES-JRC ENGAGE,ENGAGE-NPi2020-1800,High-CDR,2C,POLES,ENGAGE,R10LATIN_AM,13.419615
SCI-vetted,POLES-JRC ENGAGE,ENGAGE-NPi2020-1800,High-CDR,2C,POLES,ENGAGE,R10MIDDLE_EAST,43.636585
SCI-vetted,POLES-JRC ENGAGE,ENGAGE-NPi2020-1800,High-CDR,2C,POLES,ENGAGE,R10NORTH_AM,6.76038
SCI-vetted,POLES-JRC ENGAGE,ENGAGE-NPi2020-1800,High-CDR,2C,POLES,ENGAGE,R10PAC_OECD,4.495145
SCI-vetted,POLES-JRC ENGAGE,ENGAGE-NPi2020-1800,High-CDR,2C,POLES,ENGAGE,R10REF_ECON,13.2746
SCI-vetted,POLES-JRC ENGAGE,ENGAGE-NPi2020-1800,High-CDR,2C,POLES,ENGAGE,R10REST_ASIA,55.98183
SCI-vetted,POLES-JRC ENGAGE,ENGAGE-NPi2020-1800f,High-CDR,2C,POLES,ENGAGE,Aggregated R10 regions,419.717675
SCI-vetted,POLES-JRC ENGAGE,ENGAGE-NPi2020-1800f,High-CDR,2C,POLES,ENGAGE,R10AFRICA,73.7414
SCI-vetted,POLES-JRC ENGAGE,ENGAGE-NPi2020-1800f,High-CDR,2C,POLES,ENGAGE,R10CHINA+,81.837665
SCI-vetted,POLES-JRC ENGAGE,ENGAGE-NPi2020-1800f,High-CDR,2C,POLES,ENGAGE,R10EUROPE,12.21634
SCI-vetted,POLES-JRC ENGAGE,ENGAGE-NPi2020-1800f,High-CDR,2C,POLES,ENGAGE,R10INDIA+,114.354115
SCI-vetted,POLES-JRC ENGAGE,ENGAGE-NPi2020-1800f,High-CDR,2C,POLES,ENGAGE,R10LATIN_AM,13.419615
SCI-vetted,POLES-JRC ENGAGE,ENGAGE-NPi2020-1800f,High-CDR,2C,POLES,ENGAGE,R10MIDDLE_EAST,43.636585
SCI-vetted,POLES-JRC ENGAGE,ENGAGE-NPi2020-1800f,High-CDR,2C,POLES,ENGAGE,R10NORTH_AM,6.76038
SCI-vetted,POLES-JRC ENGAGE,ENGAGE-NPi2020-1800f,High-CDR,2C,POLES,ENGAGE,R10PAC_OECD,4.495145
SCI-vetted,POLES-JRC ENGAGE,ENGAGE-NPi2020-1800f,High-CDR,2C,POLES,ENGAGE,R10REF_ECON,13.2746
SCI-vetted,POLES-JRC ENGAGE,ENGAGE-NPi2020-1800f,High-CDR,2C,POLES,ENGAGE,R10REST_ASIA,55.98183
SCI-vetted,POLES-JRC ENGAGE,ENGAGE-NPi2020-2000,High-CDR,2C,POLES,ENGAGE,Aggregated R10 regions,423.302215
SCI-vetted,POLES-JRC ENGAGE,ENGAGE-NPi2020-2000,High-CDR,2C,POLES,ENGAGE,R10AFRICA,74.02244
SCI-vetted,POLES-JRC ENGAGE,ENGAGE-NPi2020-2000,High-CDR,2C,POLES,ENGAGE,R10CHINA+,82.698685
SCI-vetted,POLES-JRC ENGAGE,ENGAGE-NPi2020-2000,High-CDR,2C,POLES,ENGAGE,R10EUROPE,12.2643
SCI-vetted,POLES-JRC ENGAGE,ENGAGE-NPi2020-2000,High-CDR,2C,POLES,ENGAGE,R10INDIA+,116.024895
SCI-vetted,POLES-JRC ENGAGE,ENGAGE-NPi2020-2000,High-CDR,2C,POLES,ENGAGE,R10LATIN_AM,13.472455
SCI-vetted,POLES-JRC ENGAGE,ENGAGE-NPi2020-2000,High-CDR,2C,POLES,ENGAGE,R10MIDDLE_EAST,43.77407
SCI-vetted,POLES-JRC ENGAGE,ENGAGE-NPi2020-2000,High-CDR,2C,POLES,ENGAGE,R10NORTH_AM,6.78061
SCI-vetted,POLES-JRC ENGAGE,ENGAGE-NPi2020-2000,High-CDR,2C,POLES,ENGAGE,R10PAC_OECD,4.504735
SCI-vetted,POLES-JRC ENGAGE,ENGAGE-NPi2020-2000,High-CDR,2C,POLES,ENGAGE,R10REF_ECON,13.31229
SCI-vetted,POLES-JRC ENGAGE,ENGAGE-NPi2020-2000,High-CDR,2C,POLES,ENGAGE,R10REST_ASIA,56.447735
SCI-vetted,POLES-JRC ENGAGE,ENGAGE-NPi2020-2000f,High-CDR,2C,POLES,ENGAGE,Aggregated R10 regions,423.302215
SCI-vetted,POLES-JRC ENGAGE,ENGAGE-NPi2020-2000f,High-CDR,2C,POLES,ENGAGE,R10AFRICA,74.02244
SCI-vetted,POLES-JRC ENGAGE,ENGAGE-NPi2020-2000f,High-CDR,2C,POLES,ENGAGE,R10CHINA+,82.698685
SCI-vetted,POLES-JRC ENGAGE,ENGAGE-NPi2020-2000f,High-CDR,2C,POLES,ENGAGE,R10EUROPE,12.2643
SCI-vetted,POLES-JRC ENGAGE,ENGAGE-NPi2020-2000f,High-CDR,2C,POLES,ENGAGE,R10INDIA+,116.024895
SCI-vetted,POLES-JRC ENGAGE,ENGAGE-NPi2020-2000f,High-CDR,2C,POLES,ENGAGE,R10LATIN_AM,13.472455
SCI-vetted,POLES-JRC ENGAGE,ENGAGE-NPi2020-2000f,High-CDR,2C,POLES,ENGAGE,R10MIDDLE_EAST,43.77407
SCI-vetted,POLES-JRC ENGAGE,ENGAGE-NPi2020-2000f,High-CDR,2C,POLES,ENGAGE,R10NORTH_AM,6.78061
SCI-vetted,POLES-JRC ENGAGE,ENGAGE-NPi2020-2000f,High-CDR,2C,POLES,ENGAGE,R10PAC_OECD,4.504735
SCI-vetted,POLES-JRC ENGAGE,ENGAGE-NPi2020-2000f,High-CDR,2C,POLES,ENGAGE,R10REF_ECON,13.31229
SCI-vetted,POLES-JRC ENGAGE,ENGAGE-NPi2020-2000f,High-CDR,2C,POLES,ENGAGE,R10REST_ASIA,56.447735
SCI-vetted,POLES-JRC ENGAGE,ENGAGE-NPi2020-2500,High-CDR,2C,POLES,ENGAGE,Aggregated R10 regions,435.021945
SCI-vetted,POLES-JRC ENGAGE,ENGAGE-NPi2020-2500,High-CDR,2C,POLES,ENGAGE,R10AFRICA,74.694165
SCI-vetted,POLES-JRC ENGAGE,ENGAGE-NPi2020-2500,High-CDR,2C,POLES,ENGAGE,R10CHINA+,85.720775
SCI-vetted,POLES-JRC ENGAGE,ENGAGE-NPi2020-2500,High-CDR,2C,POLES,ENGAGE,R10EUROPE,12.5019
SCI-vetted,POLES-JRC ENGAGE,ENGAGE-NPi2020-2500,High-CDR,2C,POLES,ENGAGE,R10INDIA+,121.542345
SCI-vetted,POLES-JRC ENGAGE,ENGAGE-NPi2020-2500,High-CDR,2C,POLES,ENGAGE,R10LATIN_AM,13.57195
SCI-vetted,POLES-JRC ENGAGE,ENGAGE-NPi2020-2500,High-CDR,2C,POLES,ENGAGE,R10MIDDLE_EAST,44.14543
SCI-vetted,POLES-JRC ENGAGE,ENGAGE-NPi2020-2500,High-CDR,2C,POLES,ENGAGE,R10NORTH_AM,6.918255
SCI-vetted,POLES-JRC ENGAGE,ENGAGE-NPi2020-2500,High-CDR,2C,POLES,ENGAGE,R10PAC_OECD,4.583365
SCI-vetted,POLES-JRC ENGAGE,ENGAGE-NPi2020-2500,High-CDR,2C,POLES,ENGAGE,R10REF_ECON,13.45729
SCI-vetted,POLES-JRC ENGAGE,ENGAGE-NPi2020-2500,High-CDR,2C,POLES,ENGAGE,R10REST_ASIA,57.88647
SCI-vetted,POLES-JRC ENGAGE,ENGAGE-NPi2020-2500f,High-CDR,2C,POLES,ENGAGE,Aggregated R10 regions,435.021945
SCI-vetted,POLES-JRC ENGAGE,ENGAGE-NPi2020-2500f,High-CDR,2C,POLES,ENGAGE,R10AFRICA,74.694165
SCI-vetted,POLES-JRC ENGAGE,ENGAGE-NPi2020-2500f,High-CDR,2C,POLES,ENGAGE,R10CHINA+,85.720775
SCI-vetted,POLES-JRC ENGAGE,ENGAGE-NPi2020-2500f,High-CDR,2C,POLES,ENGAGE,R10EUROPE,12.5019
SCI-vetted,POLES-JRC ENGAGE,ENGAGE-NPi2020-2500f,High-CDR,2C,POLES,ENGAGE,R10INDIA+,121.542345
SCI-vetted,POLES-JRC ENGAGE,ENGAGE-NPi2020-2500f,High-CDR,2C,POLES,ENGAGE,R10LATIN_AM,13.57195
SCI-vetted,POLES-JRC ENGAGE,ENGAGE-NPi2020-2500f,High-CDR,2C,POLES,ENGAGE,R10MIDDLE_EAST,44.14543
SCI-vetted,POLES-JRC ENGAGE,ENGAGE-NPi2020-2500f,High-CDR,2C,POLES,ENGAGE,R10NORTH_AM,6.918255
SCI-vetted,POLES-JRC ENGAGE,ENGAGE-NPi2020-2500f,High-CDR,2C,POLES,ENGAGE,R10PAC_OECD,4.583365
SCI-vetted,POLES-JRC ENGAGE,ENGAGE-NPi2020-2500f,High-CDR,2C,POLES,ENGAGE,R10REF_ECON,13.45729
SCI-vetted,POLES-JRC ENGAGE,ENGAGE-NPi2020-2500f,High-CDR,2C,POLES,ENGAGE,R10REST_ASIA,57.88647
SCI-vetted,POLES-JRC ENGAGE,ENGAGE-NPi2020-900f,High-CDR,2C,POLES,ENGAGE,Aggregated R10 regions,399.976765
SCI-vetted,POLES-JRC ENGAGE,ENGAGE-NPi2020-900f,High-CDR,2C,POLES,ENGAGE,R10AFRICA,72.141585
SCI-vetted,POLES-JRC ENGAGE,ENGAGE-NPi2020-900f,High-CDR,2C,POLES,ENGAGE,R10CHINA+,77.63589
SCI-vetted,POLES-JRC ENGAGE,ENGAGE-NPi2020-900f,High-CDR,2C,POLES,ENGAGE,R10EUROPE,11.89601
SCI-vetted,POLES-JRC ENGAGE,ENGAGE-NPi2020-900f,High-CDR,2C,POLES,ENGAGE,R10INDIA+,104.67932
SCI-vetted,POLES-JRC ENGAGE,ENGAGE-NPi2020-900f,High-CDR,2C,POLES,ENGAGE,R10LATIN_AM,13.23187
SCI-vetted,POLES-JRC ENGAGE,ENGAGE-NPi2020-900f,High-CDR,2C,POLES,ENGAGE,R10MIDDLE_EAST,43.127175
SCI-vetted,POLES-JRC ENGAGE,ENGAGE-NPi2020-900f,High-CDR,2C,POLES,ENGAGE,R10NORTH_AM,6.53187
SCI-vetted,POLES-JRC ENGAGE,ENGAGE-NPi2020-900f,High-CDR,2C,POLES,ENGAGE,R10PAC_OECD,4.383465
SCI-vetted,POLES-JRC ENGAGE,ENGAGE-NPi2020-900f,High-CDR,2C,POLES,ENGAGE,R10REF_ECON,13.040185
SCI-vetted,POLES-JRC ENGAGE,ENGAGE-NPi2020-900f,High-CDR,2C,POLES,ENGAGE,R10REST_ASIA,53.309395
SCI-vetted,REMIND-MAgPIE 1.7-3.0,CD-LINKS-No-Policy,High-RE,2C,REMIND,CD,Aggregated R10 regions,492.362645
SCI-vetted,REMIND-MAgPIE 1.7-3.0,CD-LINKS-No-Policy,High-RE,2C,REMIND,CD,R10AFRICA,79.56119
SCI-vetted,REMIND-MAgPIE 1.7-3.0,CD-LINKS-No-Policy,High-RE,2C,REMIND,CD,R10CHINA+,92.555285
SCI-vetted,REMIND-MAgPIE 1.7-3.0,CD-LINKS-No-Policy,High-RE,2C,REMIND,CD,R10EUROPE,12.65058
SCI-vetted,REMIND-MAgPIE 1.7-3.0,CD-LINKS-No-Policy,High-RE,2C,REMIND,CD,R10INDIA+,151.93706
SCI-vetted,REMIND-MAgPIE 1.7-3.0,CD-LINKS-No-Policy,High-RE,2C,REMIND,CD,R10LATIN_AM,15.463985
SCI-vetted,REMIND-MAgPIE 1.7-3.0,CD-LINKS-No-Policy,High-RE,2C,REMIND,CD,R10MIDDLE_EAST,47.01592
SCI-vetted,REMIND-MAgPIE 1.7-3.0,CD-LINKS-No-Policy,High-RE,2C,REMIND,CD,R10NORTH_AM,12.18197
SCI-vetted,REMIND-MAgPIE 1.7-3.0,CD-LINKS-No-Policy,High-RE,2C,REMIND,CD,R10PAC_OECD,3.742125
SCI-vetted,REMIND-MAgPIE 1.7-3.0,CD-LINKS-No-Policy,High-RE,2C,REMIND,CD,R10REF_ECON,13.129065
SCI-vetted,REMIND-MAgPIE 1.7-3.0,CD-LINKS-No-Policy,High-RE,2C,REMIND,CD,R10REST_ASIA,64.125465
SCI-vetted,REMIND-MAgPIE 1.7-3.0,COMMIT-Baseline,High-RE,2C,REMIND,COMMIT,Aggregated R10 regions,489.639315
SCI-vetted,REMIND-MAgPIE 1.7-3.0,COMMIT-Baseline,High-RE,2C,REMIND,COMMIT,R10AFRICA,79.56326
SCI-vetted,REMIND-MAgPIE 1.7-3.0,COMMIT-Baseline,High-RE,2C,REMIND,COMMIT,R10CHINA+,91.30613
SCI-vetted,REMIND-MAgPIE 1.7-3.0,COMMIT-Baseline,High-RE,2C,REMIND,COMMIT,R10EUROPE,12.651685
SCI-vetted,REMIND-MAgPIE 1.7-3.0,COMMIT-Baseline,High-RE,2C,REMIND,COMMIT,R10INDIA+,150.936145
SCI-vetted,REMIND-MAgPIE 1.7-3.0,COMMIT-Baseline,High-RE,2C,REMIND,COMMIT,R10LATIN_AM,15.48934
SCI-vetted,REMIND-MAgPIE 1.7-3.0,COMMIT-Baseline,High-RE,2C,REMIND,COMMIT,R10MIDDLE_EAST,46.83738
SCI-vetted,REMIND-MAgPIE 1.7-3.0,COMMIT-Baseline,High-RE,2C,REMIND,COMMIT,R10NORTH_AM,12.203085
SCI-vetted,REMIND-MAgPIE 1.7-3.0,COMMIT-Baseline,High-RE,2C,REMIND,COMMIT,R10PAC_OECD,3.74459
SCI-vetted,REMIND-MAgPIE 1.7-3.0,COMMIT-Baseline,High-RE,2C,REMIND,COMMIT,R10REF_ECON,13.131255
SCI-vetted,REMIND-MAgPIE 1.7-3.0,COMMIT-Baseline,High-RE,2C,REMIND,COMMIT,R10REST_ASIA,63.776445
SCI-vetted,REMIND-MAgPIE 1.7-3.0,COMMIT-Current-Policies,High-RE,2C,REMIND,COMMIT,Aggregated R10 regions,480.72229
SCI-vetted,REMIND-MAgPIE 1.7-3.0,COMMIT-Current-Policies,High-RE,2C,REMIND,COMMIT,R10AFRICA,79.27333
SCI-vetted,REMIND-MAgPIE 1.7-3.0,COMMIT-Current-Policies,High-RE,2C,REMIND,COMMIT,R10CHINA+,88.20026
SCI-vetted,REMIND-MAgPIE 1.7-3.0,COMMIT-Current-Policies,High-RE,2C,REMIND,COMMIT,R10EUROPE,12.09743
SCI-vetted,REMIND-MAgPIE 1.7-3.0,COMMIT-Current-Policies,High-RE,2C,REMIND,COMMIT,R10INDIA+,147.49652
SCI-vetted,REMIND-MAgPIE 1.7-3.0,COMMIT-Current-Policies,High-RE,2C,REMIND,COMMIT,R10LATIN_AM,15.277545
SCI-vetted,REMIND-MAgPIE 1.7-3.0,COMMIT-Current-Policies,High-RE,2C,REMIND,COMMIT,R10MIDDLE_EAST,46.817945
SCI-vetted,REMIND-MAgPIE 1.7-3.0,COMMIT-Current-Policies,High-RE,2C,REMIND,COMMIT,R10NORTH_AM,11.18911
SCI-vetted,REMIND-MAgPIE 1.7-3.0,COMMIT-Current-Policies,High-RE,2C,REMIND,COMMIT,R10PAC_OECD,3.711455
SCI-vetted,REMIND-MAgPIE 1.7-3.0,COMMIT-Current-Policies,High-RE,2C,REMIND,COMMIT,R10REF_ECON,12.963395
SCI-vetted,REMIND-MAgPIE 1.7-3.0,COMMIT-Current-Policies,High-RE,2C,REMIND,COMMIT,R10REST_ASIA,63.6953
SCI-vetted,REMIND-MAgPIE 1.7-3.0,PEP-NPi,High-RE,2C,REMIND,PEP,Aggregated R10 regions,480.72229
SCI-vetted,REMIND-MAgPIE 1.7-3.0,PEP-NPi,High-RE,2C,REMIND,PEP,R10AFRICA,79.27333
SCI-vetted,REMIND-MAgPIE 1.7-3.0,PEP-NPi,High-RE,2C,REMIND,PEP,R10CHINA+,88.20026
SCI-vetted,REMIND-MAgPIE 1.7-3.0,PEP-NPi,High-RE,2C,REMIND,PEP,R10EUROPE,12.09743
SCI-vetted,REMIND-MAgPIE 1.7-3.0,PEP-NPi,High-RE,2C,REMIND,PEP,R10INDIA+,147.49652
SCI-vetted,REMIND-MAgPIE 1.7-3.0,PEP-NPi,High-RE,2C,REMIND,PEP,R10LATIN_AM,15.277545
SCI-vetted,REMIND-MAgPIE 1.7-3.0,PEP-NPi,High-RE,2C,REMIND,PEP,R10MIDDLE_EAST,46.817945
SCI-vetted,REMIND-MAgPIE 1.7-3.0,PEP-NPi,High-RE,2C,REMIND,PEP,R10NORTH_AM,11.18911
SCI-vetted,REMIND-MAgPIE 1.7-3.0,PEP-NPi,High-RE,2C,REMIND,PEP,R10PAC_OECD,3.711455
SCI-vetted,REMIND-MAgPIE 1.7-3.0,PEP-NPi,High-RE,2C,REMIND,PEP,R10REF_ECON,12.963395
SCI-vetted,REMIND-MAgPIE 1.7-3.0,PEP-NPi,High-RE,2C,REMIND,PEP,R10REST_ASIA,63.6953
SCI-vetted,REMIND-MAgPIE 1.7-3.0,PEP-NoPolicy,High-RE,2C,REMIND,PEP,Aggregated R10 regions,489.639315
SCI-vetted,REMIND-MAgPIE 1.7-3.0,PEP-NoPolicy,High-RE,2C,REMIND,PEP,R10AFRICA,79.56326
SCI-vetted,REMIND-MAgPIE 1.7-3.0,PEP-NoPolicy,High-RE,2C,REMIND,PEP,R10CHINA+,91.30613
SCI-vetted,REMIND-MAgPIE 1.7-3.0,PEP-NoPolicy,High-RE,2C,REMIND,PEP,R10EUROPE,12.651685
SCI-vetted,REMIND-MAgPIE 1.7-3.0,PEP-NoPolicy,High-RE,2C,REMIND,PEP,R10INDIA+,150.936145
SCI-vetted,REMIND-MAgPIE 1.7-3.0,PEP-NoPolicy,High-RE,2C,REMIND,PEP,R10LATIN_AM,15.48934
SCI-vetted,REMIND-MAgPIE 1.7-3.0,PEP-NoPolicy,High-RE,2C,REMIND,PEP,R10MIDDLE_EAST,46.83738
SCI-vetted,REMIND-MAgPIE 1.7-3.0,PEP-NoPolicy,High-RE,2C,REMIND,PEP,R10NORTH_AM,12.203085
SCI-vetted,REMIND-MAgPIE 1.7-3.0,PEP-NoPolicy,High-RE,2C,REMIND,PEP,R10PAC_OECD,3.74459
SCI-vetted,REMIND-MAgPIE 1.7-3.0,PEP-NoPolicy,High-RE,2C,REMIND,PEP,R10REF_ECON,13.131255
SCI-vetted,REMIND-MAgPIE 1.7-3.0,PEP-NoPolicy,High-RE,2C,REMIND,PEP,R10REST_ASIA,63.776445
SCI-vetted,REMIND-MAgPIE 2.1-4.2,ENGAGE-NoPolicy,High-RE,2C,REMIND,ENGAGE,Aggregated R10 regions,479.72188
SCI-vetted,REMIND-MAgPIE 2.1-4.2,ENGAGE-NoPolicy,High-RE,2C,REMIND,ENGAGE,R10AFRICA,79.229
SCI-vetted,REMIND-MAgPIE 2.1-4.2,ENGAGE-NoPolicy,High-RE,2C,REMIND,ENGAGE,R10CHINA+,84.18047
SCI-vetted,REMIND-MAgPIE 2.1-4.2,ENGAGE-NoPolicy,High-RE,2C,REMIND,ENGAGE,R10EUROPE,11.14057
SCI-vetted,REMIND-MAgPIE 2.1-4.2,ENGAGE-NoPolicy,High-RE,2C,REMIND,ENGAGE,R10INDIA+,151.828575
SCI-vetted,REMIND-MAgPIE 2.1-4.2,ENGAGE-NoPolicy,High-RE,2C,REMIND,ENGAGE,R10LATIN_AM,14.748015
SCI-vetted,REMIND-MAgPIE 2.1-4.2,ENGAGE-NoPolicy,High-RE,2C,REMIND,ENGAGE,R10MIDDLE_EAST,46.991675
SCI-vetted,REMIND-MAgPIE 2.1-4.2,ENGAGE-NoPolicy,High-RE,2C,REMIND,ENGAGE,R10NORTH_AM,8.25964
SCI-vetted,REMIND-MAgPIE 2.1-4.2,ENGAGE-NoPolicy,High-RE,2C,REMIND,ENGAGE,R10PAC_OECD,3.687275
SCI-vetted,REMIND-MAgPIE 2.1-4.2,ENGAGE-NoPolicy,High-RE,2C,REMIND,ENGAGE,R10REF_ECON,13.365055
SCI-vetted,REMIND-MAgPIE 2.1-4.2,ENGAGE-NoPolicy,High-RE,2C,REMIND,ENGAGE,R10REST_ASIA,66.291605
SCI-vetted,REMIND-MAgPIE 2.1-4.2,NGFS Phase 2-Delayed Transition,High-RE,2C,REMIND,NGFS Phase 2,Aggregated R10 regions,418.176315
SCI-vetted,REMIND-MAgPIE 2.1-4.2,NGFS Phase 2-Delayed Transition,High-RE,2C,REMIND,NGFS Phase 2,R10AFRICA,78.63205
SCI-vetted,REMIND-MAgPIE 2.1-4.2,NGFS Phase 2-Delayed Transition,High-RE,2C,REMIND,NGFS Phase 2,R10CHINA+,77.63939
SCI-vetted,REMIND-MAgPIE 2.1-4.2,NGFS Phase 2-Delayed Transition,High-RE,2C,REMIND,NGFS Phase 2,R10EUROPE,11.121815
SCI-vetted,REMIND-MAgPIE 2.1-4.2,NGFS Phase 2-Delayed Transition,High-RE,2C,REMIND,NGFS Phase 2,R10INDIA+,106.02164
SCI-vetted,REMIND-MAgPIE 2.1-4.2,NGFS Phase 2-Delayed Transition,High-RE,2C,REMIND,NGFS Phase 2,R10LATIN_AM,15.644565
SCI-vetted,REMIND-MAgPIE 2.1-4.2,NGFS Phase 2-Delayed Transition,High-RE,2C,REMIND,NGFS Phase 2,R10MIDDLE_EAST,46.132715
SCI-vetted,REMIND-MAgPIE 2.1-4.2,NGFS Phase 2-Delayed Transition,High-RE,2C,REMIND,NGFS Phase 2,R10NORTH_AM,8.90741
SCI-vetted,REMIND-MAgPIE 2.1-4.2,NGFS Phase 2-Delayed Transition,High-RE,2C,REMIND,NGFS Phase 2,R10PAC_OECD,3.586175
SCI-vetted,REMIND-MAgPIE 2.1-4.2,NGFS Phase 2-Delayed Transition,High-RE,2C,REMIND,NGFS Phase 2,R10REF_ECON,13.224615
SCI-vetted,REMIND-MAgPIE 2.1-4.2,NGFS Phase 2-Delayed Transition,High-RE,2C,REMIND,NGFS Phase 2,R10REST_ASIA,57.26594
SCI-vetted,REMIND-MAgPIE 2.1-4.2,NGFS Phase 2-Nationally Determined Contributions (NDCs),High-RE,2C,REMIND,NGFS Phase 2,Aggregated R10 regions,439.36362
SCI-vetted,REMIND-MAgPIE 2.1-4.2,NGFS Phase 2-Nationally Determined Contributions (NDCs),High-RE,2C,REMIND,NGFS Phase 2,R10AFRICA,78.859505
SCI-vetted,REMIND-MAgPIE 2.1-4.2,NGFS Phase 2-Nationally Determined Contributions (NDCs),High-RE,2C,REMIND,NGFS Phase 2,R10CHINA+,76.443285
SCI-vetted,REMIND-MAgPIE 2.1-4.2,NGFS Phase 2-Nationally Determined Contributions (NDCs),High-RE,2C,REMIND,NGFS Phase 2,R10EUROPE,10.740555
SCI-vetted,REMIND-MAgPIE 2.1-4.2,NGFS Phase 2-Nationally Determined Contributions (NDCs),High-RE,2C,REMIND,NGFS Phase 2,R10INDIA+,126.673115
SCI-vetted,REMIND-MAgPIE 2.1-4.2,NGFS Phase 2-Nationally Determined Contributions (NDCs),High-RE,2C,REMIND,NGFS Phase 2,R10LATIN_AM,14.59145
SCI-vetted,REMIND-MAgPIE 2.1-4.2,NGFS Phase 2-Nationally Determined Contributions (NDCs),High-RE,2C,REMIND,NGFS Phase 2,R10MIDDLE_EAST,46.34825
SCI-vetted,REMIND-MAgPIE 2.1-4.2,NGFS Phase 2-Nationally Determined Contributions (NDCs),High-RE,2C,REMIND,NGFS Phase 2,R10NORTH_AM,8.08278
SCI-vetted,REMIND-MAgPIE 2.1-4.2,NGFS Phase 2-Nationally Determined Contributions (NDCs),High-RE,2C,REMIND,NGFS Phase 2,R10PAC_OECD,3.617685
SCI-vetted,REMIND-MAgPIE 2.1-4.2,NGFS Phase 2-Nationally Determined Contributions (NDCs),High-RE,2C,REMIND,NGFS Phase 2,R10REF_ECON,13.299585
SCI-vetted,REMIND-MAgPIE 2.1-4.2,NGFS Phase 2-Nationally Determined Contributions (NDCs),High-RE,2C,REMIND,NGFS Phase 2,R10REST_ASIA,60.70741
SCI-vetted,REMIND-MAgPIE 2.1-4.3,DeepElectrification-SSP2-Baseline,High-RE,2C,REMIND,DeepElectrification,Aggregated R10 regions,456.22911
SCI-vetted,REMIND-MAgPIE 2.1-4.3,DeepElectrification-SSP2-Baseline,High-RE,2C,REMIND,DeepElectrification,R10AFRICA,78.79415
SCI-vetted,REMIND-MAgPIE 2.1-4.3,DeepElectrification-SSP2-Baseline,High-RE,2C,REMIND,DeepElectrification,R10CHINA+,81.310815
SCI-vetted,REMIND-MAgPIE 2.1-4.3,DeepElectrification-SSP2-Baseline,High-RE,2C,REMIND,DeepElectrification,R10EUROPE,11.143655
SCI-vetted,REMIND-MAgPIE 2.1-4.3,DeepElectrification-SSP2-Baseline,High-RE,2C,REMIND,DeepElectrification,R10INDIA+,135.46973499999999
SCI-vetted,REMIND-MAgPIE 2.1-4.3,DeepElectrification-SSP2-Baseline,High-RE,2C,REMIND,DeepElectrification,R10LATIN_AM,14.5701
SCI-vetted,REMIND-MAgPIE 2.1-4.3,DeepElectrification-SSP2-Baseline,High-RE,2C,REMIND,DeepElectrification,R10MIDDLE_EAST,46.70259
SCI-vetted,REMIND-MAgPIE 2.1-4.3,DeepElectrification-SSP2-Baseline,High-RE,2C,REMIND,DeepElectrification,R10NORTH_AM,8.17316
SCI-vetted,REMIND-MAgPIE 2.1-4.3,DeepElectrification-SSP2-Baseline,High-RE,2C,REMIND,DeepElectrification,R10PAC_OECD,3.666295
SCI-vetted,REMIND-MAgPIE 2.1-4.3,DeepElectrification-SSP2-Baseline,High-RE,2C,REMIND,DeepElectrification,R10REF_ECON,13.44941
SCI-vetted,REMIND-MAgPIE 2.1-4.3,DeepElectrification-SSP2-Baseline,High-RE,2C,REMIND,DeepElectrification,R10REST_ASIA,62.9492
SCI-vetted,REMIND-MAgPIE 2.1-4.3,DeepElectrification-SSP2-NPi,High-RE,2C,REMIND,DeepElectrification,Aggregated R10 regions,448.338605
SCI-vetted,REMIND-MAgPIE 2.1-4.3,DeepElectrification-SSP2-NPi,High-RE,2C,REMIND,DeepElectrification,R10AFRICA,78.67941
SCI-vetted,REMIND-MAgPIE 2.1-4.3,DeepElectrification-SSP2-NPi,High-RE,2C,REMIND,DeepElectrification,R10CHINA+,80.520685
SCI-vetted,REMIND-MAgPIE 2.1-4.3,DeepElectrification-SSP2-NPi,High-RE,2C,REMIND,DeepElectrification,R10EUROPE,11.107085
SCI-vetted,REMIND-MAgPIE 2.1-4.3,DeepElectrification-SSP2-NPi,High-RE,2C,REMIND,DeepElectrification,R10INDIA+,129.766095
SCI-vetted,REMIND-MAgPIE 2.1-4.3,DeepElectrification-SSP2-NPi,High-RE,2C,REMIND,DeepElectrification,R10LATIN_AM,14.688305
SCI-vetted,REMIND-MAgPIE 2.1-4.3,DeepElectrification-SSP2-NPi,High-RE,2C,REMIND,DeepElectrification,R10MIDDLE_EAST,46.70965
SCI-vetted,REMIND-MAgPIE 2.1-4.3,DeepElectrification-SSP2-NPi,High-RE,2C,REMIND,DeepElectrification,R10NORTH_AM,8.1153
SCI-vetted,REMIND-MAgPIE 2.1-4.3,DeepElectrification-SSP2-NPi,High-RE,2C,REMIND,DeepElectrification,R10PAC_OECD,3.660455
SCI-vetted,REMIND-MAgPIE 2.1-4.3,DeepElectrification-SSP2-NPi,High-RE,2C,REMIND,DeepElectrification,R10REF_ECON,13.43612
SCI-vetted,REMIND-MAgPIE 2.1-4.3,DeepElectrification-SSP2-NPi,High-RE,2C,REMIND,DeepElectrification,R10REST_ASIA,61.6555
SCI-vetted,REMIND-MAgPIE 3.2-4.6,SHAPE-SSP2-NPi,High-RE,2C,REMIND,SHAPE,Aggregated R10 regions,417.842495
SCI-vetted,REMIND-MAgPIE 3.2-4.6,SHAPE-SSP2-NPi,High-RE,2C,REMIND,SHAPE,R10AFRICA,78.71315
SCI-vetted,REMIND-MAgPIE 3.2-4.6,SHAPE-SSP2-NPi,High-RE,2C,REMIND,SHAPE,R10CHINA+,82.47408
SCI-vetted,REMIND-MAgPIE 3.2-4.6,SHAPE-SSP2-NPi,High-RE,2C,REMIND,SHAPE,R10EUROPE,10.910045
SCI-vetted,REMIND-MAgPIE 3.2-4.6,SHAPE-SSP2-NPi,High-RE,2C,REMIND,SHAPE,R10INDIA+,101.96718
SCI-vetted,REMIND-MAgPIE 3.2-4.6,SHAPE-SSP2-NPi,High-RE,2C,REMIND,SHAPE,R10LATIN_AM,14.88968
SCI-vetted,REMIND-MAgPIE 3.2-4.6,SHAPE-SSP2-NPi,High-RE,2C,REMIND,SHAPE,R10MIDDLE_EAST,47.01195
SCI-vetted,REMIND-MAgPIE 3.2-4.6,SHAPE-SSP2-NPi,High-RE,2C,REMIND,SHAPE,R10NORTH_AM,8.089405
SCI-vetted,REMIND-MAgPIE 3.2-4.6,SHAPE-SSP2-NPi,High-RE,2C,REMIND,SHAPE,R10PAC_OECD,3.67087
SCI-vetted,REMIND-MAgPIE 3.2-4.6,SHAPE-SSP2-NPi,High-RE,2C,REMIND,SHAPE,R10REF_ECON,13.554465
SCI-vetted,REMIND-MAgPIE 3.2-4.6,SHAPE-SSP2-NPi,High-RE,2C,REMIND,SHAPE,R10REST_ASIA,56.56167
SCI-vetted,REMIND-MAgPIE 3.2-4.6,SHAPE-SSP2-NPi [with Climate Change Impacts],High-RE,2C,REMIND,SHAPE,Aggregated R10 regions,418.00089
SCI-vetted,REMIND-MAgPIE 3.2-4.6,SHAPE-SSP2-NPi [with Climate Change Impacts],High-RE,2C,REMIND,SHAPE,R10AFRICA,78.72965
SCI-vetted,REMIND-MAgPIE 3.2-4.6,SHAPE-SSP2-NPi [with Climate Change Impacts],High-RE,2C,REMIND,SHAPE,R10CHINA+,82.47774
SCI-vetted,REMIND-MAgPIE 3.2-4.6,SHAPE-SSP2-NPi [with Climate Change Impacts],High-RE,2C,REMIND,SHAPE,R10EUROPE,10.910045
SCI-vetted,REMIND-MAgPIE 3.2-4.6,SHAPE-SSP2-NPi [with Climate Change Impacts],High-RE,2C,REMIND,SHAPE,R10INDIA+,102.08592
SCI-vetted,REMIND-MAgPIE 3.2-4.6,SHAPE-SSP2-NPi [with Climate Change Impacts],High-RE,2C,REMIND,SHAPE,R10LATIN_AM,14.894375
SCI-vetted,REMIND-MAgPIE 3.2-4.6,SHAPE-SSP2-NPi [with Climate Change Impacts],High-RE,2C,REMIND,SHAPE,R10MIDDLE_EAST,47.01195
SCI-vetted,REMIND-MAgPIE 3.2-4.6,SHAPE-SSP2-NPi [with Climate Change Impacts],High-RE,2C,REMIND,SHAPE,R10NORTH_AM,8.089405
SCI-vetted,REMIND-MAgPIE 3.2-4.6,SHAPE-SSP2-NPi [with Climate Change Impacts],High-RE,2C,REMIND,SHAPE,R10PAC_OECD,3.67087
SCI-vetted,REMIND-MAgPIE 3.2-4.6,SHAPE-SSP2-NPi [with Climate Change Impacts],High-RE,2C,REMIND,SHAPE,R10REF_ECON,13.554465
SCI-vetted,REMIND-MAgPIE 3.2-4.6,SHAPE-SSP2-NPi [with Climate Change Impacts],High-RE,2C,REMIND,SHAPE,R10REST_ASIA,56.57647
SCI-vetted,REMIND-MAgPIE 3.2.0-4.8.0,RESCUE-End-of-Century-Budget-1150,High-RE,2C,REMIND,RESCUE,Aggregated R10 regions,413.82118
SCI-vetted,REMIND-MAgPIE 3.2.0-4.8.0,RESCUE-End-of-Century-Budget-1150,High-RE,2C,REMIND,RESCUE,R10AFRICA,78.81995
SCI-vetted,REMIND-MAgPIE 3.2.0-4.8.0,RESCUE-End-of-Century-Budget-1150,High-RE,2C,REMIND,RESCUE,R10CHINA+,81.61383
SCI-vetted,REMIND-MAgPIE 3.2.0-4.8.0,RESCUE-End-of-Century-Budget-1150,High-RE,2C,REMIND,RESCUE,R10EUROPE,11.997035
SCI-vetted,REMIND-MAgPIE 3.2.0-4.8.0,RESCUE-End-of-Century-Budget-1150,High-RE,2C,REMIND,RESCUE,R10INDIA+,97.31363
SCI-vetted,REMIND-MAgPIE 3.2.0-4.8.0,RESCUE-End-of-Century-Budget-1150,High-RE,2C,REMIND,RESCUE,R10LATIN_AM,15.884595
SCI-vetted,REMIND-MAgPIE 3.2.0-4.8.0,RESCUE-End-of-Century-Budget-1150,High-RE,2C,REMIND,RESCUE,R10MIDDLE_EAST,46.696485
SCI-vetted,REMIND-MAgPIE 3.2.0-4.8.0,RESCUE-End-of-Century-Budget-1150,High-RE,2C,REMIND,RESCUE,R10NORTH_AM,8.93799
SCI-vetted,REMIND-MAgPIE 3.2.0-4.8.0,RESCUE-End-of-Century-Budget-1150,High-RE,2C,REMIND,RESCUE,R10PAC_OECD,3.633605
SCI-vetted,REMIND-MAgPIE 3.2.0-4.8.0,RESCUE-End-of-Century-Budget-1150,High-RE,2C,REMIND,RESCUE,R10REF_ECON,13.478345
SCI-vetted,REMIND-MAgPIE 3.2.0-4.8.0,RESCUE-End-of-Century-Budget-1150,High-RE,2C,REMIND,RESCUE,R10REST_ASIA,55.445715
SCI-vetted,REMIND-MAgPIE 3.2.0-4.8.0,RESCUE-End-of-Century-Budget-1150-with-OAE,High-RE,2C,REMIND,RESCUE,Aggregated R10 regions,414.09453
SCI-vetted,REMIND-MAgPIE 3.2.0-4.8.0,RESCUE-End-of-Century-Budget-1150-with-OAE,High-RE,2C,REMIND,RESCUE,R10AFRICA,78.82282
SCI-vetted,REMIND-MAgPIE 3.2.0-4.8.0,RESCUE-End-of-Century-Budget-1150-with-OAE,High-RE,2C,REMIND,RESCUE,R10CHINA+,81.66761
SCI-vetted,REMIND-MAgPIE 3.2.0-4.8.0,RESCUE-End-of-Century-Budget-1150-with-OAE,High-RE,2C,REMIND,RESCUE,R10EUROPE,11.998435
SCI-vetted,REMIND-MAgPIE 3.2.0-4.8.0,RESCUE-End-of-Century-Budget-1150-with-OAE,High-RE,2C,REMIND,RESCUE,R10INDIA+,97.486315
SCI-vetted,REMIND-MAgPIE 3.2.0-4.8.0,RESCUE-End-of-Century-Budget-1150-with-OAE,High-RE,2C,REMIND,RESCUE,R10LATIN_AM,15.897785
SCI-vetted,REMIND-MAgPIE 3.2.0-4.8.0,RESCUE-End-of-Century-Budget-1150-with-OAE,High-RE,2C,REMIND,RESCUE,R10MIDDLE_EAST,46.70461
SCI-vetted,REMIND-MAgPIE 3.2.0-4.8.0,RESCUE-End-of-Century-Budget-1150-with-OAE,High-RE,2C,REMIND,RESCUE,R10NORTH_AM,8.93799
SCI-vetted,REMIND-MAgPIE 3.2.0-4.8.0,RESCUE-End-of-Century-Budget-1150-with-OAE,High-RE,2C,REMIND,RESCUE,R10PAC_OECD,3.633605
SCI-vetted,REMIND-MAgPIE 3.2.0-4.8.0,RESCUE-End-of-Century-Budget-1150-with-OAE,High-RE,2C,REMIND,RESCUE,R10REF_ECON,13.478345
SCI-vetted,REMIND-MAgPIE 3.2.0-4.8.0,RESCUE-End-of-Century-Budget-1150-with-OAE,High-RE,2C,REMIND,RESCUE,R10REST_ASIA,55.467015
SCI-vetted,REMIND-MAgPIE 3.2.0-4.8.0,RESCUE-End-of-Century-Budget-500,High-RE,1.5C,REMIND,RESCUE,Aggregated R10 regions,410.709315
SCI-vetted,REMIND-MAgPIE 3.2.0-4.8.0,RESCUE-End-of-Century-Budget-500,High-RE,1.5C,REMIND,RESCUE,R10AFRICA,78.659675
SCI-vetted,REMIND-MAgPIE 3.2.0-4.8.0,RESCUE-End-of-Century-Budget-500,High-RE,1.5C,REMIND,RESCUE,R10CHINA+,80.84708
SCI-vetted,REMIND-MAgPIE 3.2.0-4.8.0,RESCUE-End-of-Century-Budget-500,High-RE,1.5C,REMIND,RESCUE,R10EUROPE,11.930575
SCI-vetted,REMIND-MAgPIE 3.2.0-4.8.0,RESCUE-End-of-Century-Budget-500,High-RE,1.5C,REMIND,RESCUE,R10INDIA+,95.767725
SCI-vetted,REMIND-MAgPIE 3.2.0-4.8.0,RESCUE-End-of-Century-Budget-500,High-RE,1.5C,REMIND,RESCUE,R10LATIN_AM,15.876035
SCI-vetted,REMIND-MAgPIE 3.2.0-4.8.0,RESCUE-End-of-Century-Budget-500,High-RE,1.5C,REMIND,RESCUE,R10MIDDLE_EAST,46.55683
SCI-vetted,REMIND-MAgPIE 3.2.0-4.8.0,RESCUE-End-of-Century-Budget-500,High-RE,1.5C,REMIND,RESCUE,R10NORTH_AM,8.93624
SCI-vetted,REMIND-MAgPIE 3.2.0-4.8.0,RESCUE-End-of-Century-Budget-500,High-RE,1.5C,REMIND,RESCUE,R10PAC_OECD,3.626335
SCI-vetted,REMIND-MAgPIE 3.2.0-4.8.0,RESCUE-End-of-Century-Budget-500,High-RE,1.5C,REMIND,RESCUE,R10REF_ECON,13.451825
SCI-vetted,REMIND-MAgPIE 3.2.0-4.8.0,RESCUE-End-of-Century-Budget-500,High-RE,1.5C,REMIND,RESCUE,R10REST_ASIA,55.056995
SCI-vetted,REMIND-MAgPIE 3.2.0-4.8.0,RESCUE-End-of-Century-Budget-500-with-OAE,High-RE,1.5C,REMIND,RESCUE,Aggregated R10 regions,410.989995
SCI-vetted,REMIND-MAgPIE 3.2.0-4.8.0,RESCUE-End-of-Century-Budget-500-with-OAE,High-RE,1.5C,REMIND,RESCUE,R10AFRICA,78.659675
SCI-vetted,REMIND-MAgPIE 3.2.0-4.8.0,RESCUE-End-of-Century-Budget-500-with-OAE,High-RE,1.5C,REMIND,RESCUE,R10CHINA+,80.84859
SCI-vetted,REMIND-MAgPIE 3.2.0-4.8.0,RESCUE-End-of-Century-Budget-500-with-OAE,High-RE,1.5C,REMIND,RESCUE,R10EUROPE,11.935795
SCI-vetted,REMIND-MAgPIE 3.2.0-4.8.0,RESCUE-End-of-Century-Budget-500-with-OAE,High-RE,1.5C,REMIND,RESCUE,R10INDIA+,95.959835
SCI-vetted,REMIND-MAgPIE 3.2.0-4.8.0,RESCUE-End-of-Century-Budget-500-with-OAE,High-RE,1.5C,REMIND,RESCUE,R10LATIN_AM,15.869445
SCI-vetted,REMIND-MAgPIE 3.2.0-4.8.0,RESCUE-End-of-Century-Budget-500-with-OAE,High-RE,1.5C,REMIND,RESCUE,R10MIDDLE_EAST,46.58873
SCI-vetted,REMIND-MAgPIE 3.2.0-4.8.0,RESCUE-End-of-Century-Budget-500-with-OAE,High-RE,1.5C,REMIND,RESCUE,R10NORTH_AM,8.91179
SCI-vetted,REMIND-MAgPIE 3.2.0-4.8.0,RESCUE-End-of-Century-Budget-500-with-OAE,High-RE,1.5C,REMIND,RESCUE,R10PAC_OECD,3.626335
SCI-vetted,REMIND-MAgPIE 3.2.0-4.8.0,RESCUE-End-of-Century-Budget-500-with-OAE,High-RE,1.5C,REMIND,RESCUE,R10REF_ECON,13.451825
SCI-vetted,REMIND-MAgPIE 3.2.0-4.8.0,RESCUE-End-of-Century-Budget-500-with-OAE,High-RE,1.5C,REMIND,RESCUE,R10REST_ASIA,55.137975
SCI-vetted,REMIND-MAgPIE 3.2.0-4.8.0,RESCUE-Peak-Budget-1150,High-RE,2C,REMIND,RESCUE,Aggregated R10 regions,409.251245
SCI-vetted,REMIND-MAgPIE 3.2.0-4.8.0,RESCUE-Peak-Budget-1150,High-RE,2C,REMIND,RESCUE,R10AFRICA,78.826575
SCI-vetted,REMIND-MAgPIE 3.2.0-4.8.0,RESCUE-Peak-Budget-1150,High-RE,2C,REMIND,RESCUE,R10CHINA+,79.343565
SCI-vetted,REMIND-MAgPIE 3.2.0-4.8.0,RESCUE-Peak-Budget-1150,High-RE,2C,REMIND,RESCUE,R10EUROPE,11.90242
SCI-vetted,REMIND-MAgPIE 3.2.0-4.8.0,RESCUE-Peak-Budget-1150,High-RE,2C,REMIND,RESCUE,R10INDIA+,95.92536
SCI-vetted,REMIND-MAgPIE 3.2.0-4.8.0,RESCUE-Peak-Budget-1150,High-RE,2C,REMIND,RESCUE,R10LATIN_AM,15.822505
SCI-vetted,REMIND-MAgPIE 3.2.0-4.8.0,RESCUE-Peak-Budget-1150,High-RE,2C,REMIND,RESCUE,R10MIDDLE_EAST,46.51672
SCI-vetted,REMIND-MAgPIE 3.2.0-4.8.0,RESCUE-Peak-Budget-1150,High-RE,2C,REMIND,RESCUE,R10NORTH_AM,8.92236
SCI-vetted,REMIND-MAgPIE 3.2.0-4.8.0,RESCUE-Peak-Budget-1150,High-RE,2C,REMIND,RESCUE,R10PAC_OECD,3.615405
SCI-vetted,REMIND-MAgPIE 3.2.0-4.8.0,RESCUE-Peak-Budget-1150,High-RE,2C,REMIND,RESCUE,R10REF_ECON,13.36632
SCI-vetted,REMIND-MAgPIE 3.2.0-4.8.0,RESCUE-Peak-Budget-1150,High-RE,2C,REMIND,RESCUE,R10REST_ASIA,55.010015
SCI-vetted,REMIND-MAgPIE 3.2.0-4.8.0,RESCUE-Peak-Budget-1150-with-OAE,High-RE,2C,REMIND,RESCUE,Aggregated R10 regions,409.293365
SCI-vetted,REMIND-MAgPIE 3.2.0-4.8.0,RESCUE-Peak-Budget-1150-with-OAE,High-RE,2C,REMIND,RESCUE,R10AFRICA,78.826575
SCI-vetted,REMIND-MAgPIE 3.2.0-4.8.0,RESCUE-Peak-Budget-1150-with-OAE,High-RE,2C,REMIND,RESCUE,R10CHINA+,79.345555
SCI-vetted,REMIND-MAgPIE 3.2.0-4.8.0,RESCUE-Peak-Budget-1150-with-OAE,High-RE,2C,REMIND,RESCUE,R10EUROPE,11.90242
SCI-vetted,REMIND-MAgPIE 3.2.0-4.8.0,RESCUE-Peak-Budget-1150-with-OAE,High-RE,2C,REMIND,RESCUE,R10INDIA+,95.97699
SCI-vetted,REMIND-MAgPIE 3.2.0-4.8.0,RESCUE-Peak-Budget-1150-with-OAE,High-RE,2C,REMIND,RESCUE,R10LATIN_AM,15.822505
SCI-vetted,REMIND-MAgPIE 3.2.0-4.8.0,RESCUE-Peak-Budget-1150-with-OAE,High-RE,2C,REMIND,RESCUE,R10MIDDLE_EAST,46.50847
SCI-vetted,REMIND-MAgPIE 3.2.0-4.8.0,RESCUE-Peak-Budget-1150-with-OAE,High-RE,2C,REMIND,RESCUE,R10NORTH_AM,8.92236
SCI-vetted,REMIND-MAgPIE 3.2.0-4.8.0,RESCUE-Peak-Budget-1150-with-OAE,High-RE,2C,REMIND,RESCUE,R10PAC_OECD,3.615405
SCI-vetted,REMIND-MAgPIE 3.2.0-4.8.0,RESCUE-Peak-Budget-1150-with-OAE,High-RE,2C,REMIND,RESCUE,R10REF_ECON,13.36632
SCI-vetted,REMIND-MAgPIE 3.2.0-4.8.0,RESCUE-Peak-Budget-1150-with-OAE,High-RE,2C,REMIND,RESCUE,R10REST_ASIA,55.006765
SCI-vetted,REMIND-MAgPIE 3.3-4.8,NGFS Phase 5-Below 2°C,High-RE,2C,REMIND,NGFS Phase 5,Aggregated R10 regions,427.25563
SCI-vetted,REMIND-MAgPIE 3.3-4.8,NGFS Phase 5-Below 2°C,High-RE,2C,REMIND,NGFS Phase 5,R10AFRICA,78.904725
SCI-vetted,REMIND-MAgPIE 3.3-4.8,NGFS Phase 5-Below 2°C,High-RE,2C,REMIND,NGFS Phase 5,R10CHINA+,87.788065
SCI-vetted,REMIND-MAgPIE 3.3-4.8,NGFS Phase 5-Below 2°C,High-RE,2C,REMIND,NGFS Phase 5,R10EUROPE,17.50266
SCI-vetted,REMIND-MAgPIE 3.3-4.8,NGFS Phase 5-Below 2°C,High-RE,2C,REMIND,NGFS Phase 5,R10INDIA+,93.719515
SCI-vetted,REMIND-MAgPIE 3.3-4.8,NGFS Phase 5-Below 2°C,High-RE,2C,REMIND,NGFS Phase 5,R10LATIN_AM,16.462585
SCI-vetted,REMIND-MAgPIE 3.3-4.8,NGFS Phase 5-Below 2°C,High-RE,2C,REMIND,NGFS Phase 5,R10MIDDLE_EAST,49.796205
SCI-vetted,REMIND-MAgPIE 3.3-4.8,NGFS Phase 5-Below 2°C,High-RE,2C,REMIND,NGFS Phase 5,R10NORTH_AM,10.447035
SCI-vetted,REMIND-MAgPIE 3.3-4.8,NGFS Phase 5-Below 2°C,High-RE,2C,REMIND,NGFS Phase 5,R10PAC_OECD,3.79811
SCI-vetted,REMIND-MAgPIE 3.3-4.8,NGFS Phase 5-Below 2°C,High-RE,2C,REMIND,NGFS Phase 5,R10REF_ECON,13.95218
SCI-vetted,REMIND-MAgPIE 3.3-4.8,NGFS Phase 5-Below 2°C,High-RE,2C,REMIND,NGFS Phase 5,R10REST_ASIA,54.88455
SCI-vetted,REMIND-MAgPIE 3.3-4.8,NGFS Phase 5-Current Policies,High-RE,2C,REMIND,NGFS Phase 5,Aggregated R10 regions,450.271695
SCI-vetted,REMIND-MAgPIE 3.3-4.8,NGFS Phase 5-Current Policies,High-RE,2C,REMIND,NGFS Phase 5,R10AFRICA,79.244975
SCI-vetted,REMIND-MAgPIE 3.3-4.8,NGFS Phase 5-Current Policies,High-RE,2C,REMIND,NGFS Phase 5,R10CHINA+,93.65256
SCI-vetted,REMIND-MAgPIE 3.3-4.8,NGFS Phase 5-Current Policies,High-RE,2C,REMIND,NGFS Phase 5,R10EUROPE,19.452205
SCI-vetted,REMIND-MAgPIE 3.3-4.8,NGFS Phase 5-Current Policies,High-RE,2C,REMIND,NGFS Phase 5,R10INDIA+,104.08179
SCI-vetted,REMIND-MAgPIE 3.3-4.8,NGFS Phase 5-Current Policies,High-RE,2C,REMIND,NGFS Phase 5,R10LATIN_AM,15.87499
SCI-vetted,REMIND-MAgPIE 3.3-4.8,NGFS Phase 5-Current Policies,High-RE,2C,REMIND,NGFS Phase 5,R10MIDDLE_EAST,52.054875
SCI-vetted,REMIND-MAgPIE 3.3-4.8,NGFS Phase 5-Current Policies,High-RE,2C,REMIND,NGFS Phase 5,R10NORTH_AM,10.475965
SCI-vetted,REMIND-MAgPIE 3.3-4.8,NGFS Phase 5-Current Policies,High-RE,2C,REMIND,NGFS Phase 5,R10PAC_OECD,3.88329
SCI-vetted,REMIND-MAgPIE 3.3-4.8,NGFS Phase 5-Current Policies,High-RE,2C,REMIND,NGFS Phase 5,R10REF_ECON,14.5172
SCI-vetted,REMIND-MAgPIE 3.3-4.8,NGFS Phase 5-Current Policies,High-RE,2C,REMIND,NGFS Phase 5,R10REST_ASIA,57.033845
SCI-vetted,REMIND-MAgPIE 3.3-4.8,NGFS Phase 5-Delayed Transition,High-RE,2C,REMIND,NGFS Phase 5,Aggregated R10 regions,424.921765
SCI-vetted,REMIND-MAgPIE 3.3-4.8,NGFS Phase 5-Delayed Transition,High-RE,2C,REMIND,NGFS Phase 5,R10AFRICA,78.917735
SCI-vetted,REMIND-MAgPIE 3.3-4.8,NGFS Phase 5-Delayed Transition,High-RE,2C,REMIND,NGFS Phase 5,R10CHINA+,87.29762
SCI-vetted,REMIND-MAgPIE 3.3-4.8,NGFS Phase 5-Delayed Transition,High-RE,2C,REMIND,NGFS Phase 5,R10EUROPE,15.92446
SCI-vetted,REMIND-MAgPIE 3.3-4.8,NGFS Phase 5-Delayed Transition,High-RE,2C,REMIND,NGFS Phase 5,R10INDIA+,93.522775
SCI-vetted,REMIND-MAgPIE 3.3-4.8,NGFS Phase 5-Delayed Transition,High-RE,2C,REMIND,NGFS Phase 5,R10LATIN_AM,16.528315
SCI-vetted,REMIND-MAgPIE 3.3-4.8,NGFS Phase 5-Delayed Transition,High-RE,2C,REMIND,NGFS Phase 5,R10MIDDLE_EAST,50.07149
SCI-vetted,REMIND-MAgPIE 3.3-4.8,NGFS Phase 5-Delayed Transition,High-RE,2C,REMIND,NGFS Phase 5,R10NORTH_AM,9.817225
SCI-vetted,REMIND-MAgPIE 3.3-4.8,NGFS Phase 5-Delayed Transition,High-RE,2C,REMIND,NGFS Phase 5,R10PAC_OECD,3.78044
SCI-vetted,REMIND-MAgPIE 3.3-4.8,NGFS Phase 5-Delayed Transition,High-RE,2C,REMIND,NGFS Phase 5,R10REF_ECON,13.972695
SCI-vetted,REMIND-MAgPIE 3.3-4.8,NGFS Phase 5-Delayed Transition,High-RE,2C,REMIND,NGFS Phase 5,R10REST_ASIA,55.08901
SCI-vetted,REMIND-MAgPIE 3.3-4.8,NGFS Phase 5-Fragmented World,High-RE,2C,REMIND,NGFS Phase 5,Aggregated R10 regions,440.193125
SCI-vetted,REMIND-MAgPIE 3.3-4.8,NGFS Phase 5-Fragmented World,High-RE,2C,REMIND,NGFS Phase 5,R10AFRICA,79.486095
SCI-vetted,REMIND-MAgPIE 3.3-4.8,NGFS Phase 5-Fragmented World,High-RE,2C,REMIND,NGFS Phase 5,R10CHINA+,93.664515
SCI-vetted,REMIND-MAgPIE 3.3-4.8,NGFS Phase 5-Fragmented World,High-RE,2C,REMIND,NGFS Phase 5,R10EUROPE,17.89474
SCI-vetted,REMIND-MAgPIE 3.3-4.8,NGFS Phase 5-Fragmented World,High-RE,2C,REMIND,NGFS Phase 5,R10INDIA+,96.08855
SCI-vetted,REMIND-MAgPIE 3.3-4.8,NGFS Phase 5-Fragmented World,High-RE,2C,REMIND,NGFS Phase 5,R10LATIN_AM,16.73338
SCI-vetted,REMIND-MAgPIE 3.3-4.8,NGFS Phase 5-Fragmented World,High-RE,2C,REMIND,NGFS Phase 5,R10MIDDLE_EAST,51.59405
SCI-vetted,REMIND-MAgPIE 3.3-4.8,NGFS Phase 5-Fragmented World,High-RE,2C,REMIND,NGFS Phase 5,R10NORTH_AM,10.356625
SCI-vetted,REMIND-MAgPIE 3.3-4.8,NGFS Phase 5-Fragmented World,High-RE,2C,REMIND,NGFS Phase 5,R10PAC_OECD,3.846295
SCI-vetted,REMIND-MAgPIE 3.3-4.8,NGFS Phase 5-Fragmented World,High-RE,2C,REMIND,NGFS Phase 5,R10REF_ECON,14.185625
SCI-vetted,REMIND-MAgPIE 3.3-4.8,NGFS Phase 5-Fragmented World,High-RE,2C,REMIND,NGFS Phase 5,R10REST_ASIA,56.34325
SCI-vetted,REMIND-MAgPIE 3.3-4.8,NGFS Phase 5-Nationally Determined Contributions (NDCs),High-RE,2C,REMIND,NGFS Phase 5,Aggregated R10 regions,439.21914
SCI-vetted,REMIND-MAgPIE 3.3-4.8,NGFS Phase 5-Nationally Determined Contributions (NDCs),High-RE,2C,REMIND,NGFS Phase 5,R10AFRICA,78.87384
SCI-vetted,REMIND-MAgPIE 3.3-4.8,NGFS Phase 5-Nationally Determined Contributions (NDCs),High-RE,2C,REMIND,NGFS Phase 5,R10CHINA+,91.72005
SCI-vetted,REMIND-MAgPIE 3.3-4.8,NGFS Phase 5-Nationally Determined Contributions (NDCs),High-RE,2C,REMIND,NGFS Phase 5,R10EUROPE,18.857365
SCI-vetted,REMIND-MAgPIE 3.3-4.8,NGFS Phase 5-Nationally Determined Contributions (NDCs),High-RE,2C,REMIND,NGFS Phase 5,R10INDIA+,98.855105
SCI-vetted,REMIND-MAgPIE 3.3-4.8,NGFS Phase 5-Nationally Determined Contributions (NDCs),High-RE,2C,REMIND,NGFS Phase 5,R10LATIN_AM,15.649335
SCI-vetted,REMIND-MAgPIE 3.3-4.8,NGFS Phase 5-Nationally Determined Contributions (NDCs),High-RE,2C,REMIND,NGFS Phase 5,R10MIDDLE_EAST,51.31064
SCI-vetted,REMIND-MAgPIE 3.3-4.8,NGFS Phase 5-Nationally Determined Contributions (NDCs),High-RE,2C,REMIND,NGFS Phase 5,R10NORTH_AM,10.288045
SCI-vetted,REMIND-MAgPIE 3.3-4.8,NGFS Phase 5-Nationally Determined Contributions (NDCs),High-RE,2C,REMIND,NGFS Phase 5,R10PAC_OECD,3.87218
SCI-vetted,REMIND-MAgPIE 3.3-4.8,NGFS Phase 5-Nationally Determined Contributions (NDCs),High-RE,2C,REMIND,NGFS Phase 5,R10REF_ECON,14.361635
SCI-vetted,REMIND-MAgPIE 3.3-4.8,NGFS Phase 5-Nationally Determined Contributions (NDCs),High-RE,2C,REMIND,NGFS Phase 5,R10REST_ASIA,55.430945
SCI-vetted,REMIND-MAgPIE 3.3-4.8,NGFS Phase 5-Net-Zero 2050,High-RE,1.5C,REMIND,NGFS Phase 5,Aggregated R10 regions,412.991225
SCI-vetted,REMIND-MAgPIE 3.3-4.8,NGFS Phase 5-Net-Zero 2050,High-RE,1.5C,REMIND,NGFS Phase 5,R10AFRICA,78.522135
SCI-vetted,REMIND-MAgPIE 3.3-4.8,NGFS Phase 5-Net-Zero 2050,High-RE,1.5C,REMIND,NGFS Phase 5,R10CHINA+,83.97431
SCI-vetted,REMIND-MAgPIE 3.3-4.8,NGFS Phase 5-Net-Zero 2050,High-RE,1.5C,REMIND,NGFS Phase 5,R10EUROPE,15.693855
SCI-vetted,REMIND-MAgPIE 3.3-4.8,NGFS Phase 5-Net-Zero 2050,High-RE,1.5C,REMIND,NGFS Phase 5,R10INDIA+,88.522445
SCI-vetted,REMIND-MAgPIE 3.3-4.8,NGFS Phase 5-Net-Zero 2050,High-RE,1.5C,REMIND,NGFS Phase 5,R10LATIN_AM,16.270785
SCI-vetted,REMIND-MAgPIE 3.3-4.8,NGFS Phase 5-Net-Zero 2050,High-RE,1.5C,REMIND,NGFS Phase 5,R10MIDDLE_EAST,48.691835
SCI-vetted,REMIND-MAgPIE 3.3-4.8,NGFS Phase 5-Net-Zero 2050,High-RE,1.5C,REMIND,NGFS Phase 5,R10NORTH_AM,9.93086
SCI-vetted,REMIND-MAgPIE 3.3-4.8,NGFS Phase 5-Net-Zero 2050,High-RE,1.5C,REMIND,NGFS Phase 5,R10PAC_OECD,3.74688
SCI-vetted,REMIND-MAgPIE 3.3-4.8,NGFS Phase 5-Net-Zero 2050,High-RE,1.5C,REMIND,NGFS Phase 5,R10REF_ECON,13.722405
SCI-vetted,REMIND-MAgPIE 3.3-4.8,NGFS Phase 5-Net-Zero 2050,High-RE,1.5C,REMIND,NGFS Phase 5,R10REST_ASIA,53.915715
SCI-vetted,WITCH 5.0,ENGAGE-INDCi2030-1000,High-RE,2C,WITCH,ENGAGE,Aggregated R10 regions,431.96194
SCI-vetted,WITCH 5.0,ENGAGE-INDCi2030-1000,High-RE,2C,WITCH,ENGAGE,R10AFRICA,67.02888
SCI-vetted,WITCH 5.0,ENGAGE-INDCi2030-1000,High-RE,2C,WITCH,ENGAGE,R10CHINA+,91.385815
SCI-vetted,WITCH 5.0,ENGAGE-INDCi2030-1000,High-RE,2C,WITCH,ENGAGE,R10EUROPE,17.764005
SCI-vetted,WITCH 5.0,ENGAGE-INDCi2030-1000,High-RE,2C,WITCH,ENGAGE,R10INDIA+,89.224285
SCI-vetted,WITCH 5.0,ENGAGE-INDCi2030-1000,High-RE,2C,WITCH,ENGAGE,R10LATIN_AM,15.22148
SCI-vetted,WITCH 5.0,ENGAGE-INDCi2030-1000,High-RE,2C,WITCH,ENGAGE,R10MIDDLE_EAST,67.914375
SCI-vetted,WITCH 5.0,ENGAGE-INDCi2030-1000,High-RE,2C,WITCH,ENGAGE,R10NORTH_AM,10.604115
SCI-vetted,WITCH 5.0,ENGAGE-INDCi2030-1000,High-RE,2C,WITCH,ENGAGE,R10PAC_OECD,5.29184
SCI-vetted,WITCH 5.0,ENGAGE-INDCi2030-1000,High-RE,2C,WITCH,ENGAGE,R10REF_ECON,16.457595
SCI-vetted,WITCH 5.0,ENGAGE-INDCi2030-1000,High-RE,2C,WITCH,ENGAGE,R10REST_ASIA,51.06955
SCI-vetted,WITCH 5.0,ENGAGE-INDCi2030-1000-NDCp,High-RE,2C,WITCH,ENGAGE,Aggregated R10 regions,431.783065
SCI-vetted,WITCH 5.0,ENGAGE-INDCi2030-1000-NDCp,High-RE,2C,WITCH,ENGAGE,R10AFRICA,67.00999
SCI-vetted,WITCH 5.0,ENGAGE-INDCi2030-1000-NDCp,High-RE,2C,WITCH,ENGAGE,R10CHINA+,91.07095
SCI-vetted,WITCH 5.0,ENGAGE-INDCi2030-1000-NDCp,High-RE,2C,WITCH,ENGAGE,R10EUROPE,17.763475
SCI-vetted,WITCH 5.0,ENGAGE-INDCi2030-1000-NDCp,High-RE,2C,WITCH,ENGAGE,R10INDIA+,89.191635
SCI-vetted,WITCH 5.0,ENGAGE-INDCi2030-1000-NDCp,High-RE,2C,WITCH,ENGAGE,R10LATIN_AM,15.36813
SCI-vetted,WITCH 5.0,ENGAGE-INDCi2030-1000-NDCp,High-RE,2C,WITCH,ENGAGE,R10MIDDLE_EAST,67.913985
SCI-vetted,WITCH 5.0,ENGAGE-INDCi2030-1000-NDCp,High-RE,2C,WITCH,ENGAGE,R10NORTH_AM,10.545165
SCI-vetted,WITCH 5.0,ENGAGE-INDCi2030-1000-NDCp,High-RE,2C,WITCH,ENGAGE,R10PAC_OECD,5.348335
SCI-vetted,WITCH 5.0,ENGAGE-INDCi2030-1000-NDCp,High-RE,2C,WITCH,ENGAGE,R10REF_ECON,16.50501
SCI-vetted,WITCH 5.0,ENGAGE-INDCi2030-1000-NDCp,High-RE,2C,WITCH,ENGAGE,R10REST_ASIA,51.06639
SCI-vetted,WITCH 5.0,ENGAGE-INDCi2030-1000f-NDCp,High-RE,2C,WITCH,ENGAGE,Aggregated R10 regions,432.569395
SCI-vetted,WITCH 5.0,ENGAGE-INDCi2030-1000f-NDCp,High-RE,2C,WITCH,ENGAGE,R10AFRICA,67.036525
SCI-vetted,WITCH 5.0,ENGAGE-INDCi2030-1000f-NDCp,High-RE,2C,WITCH,ENGAGE,R10CHINA+,91.53947
SCI-vetted,WITCH 5.0,ENGAGE-INDCi2030-1000f-NDCp,High-RE,2C,WITCH,ENGAGE,R10EUROPE,17.793765
SCI-vetted,WITCH 5.0,ENGAGE-INDCi2030-1000f-NDCp,High-RE,2C,WITCH,ENGAGE,R10INDIA+,89.37243
SCI-vetted,WITCH 5.0,ENGAGE-INDCi2030-1000f-NDCp,High-RE,2C,WITCH,ENGAGE,R10LATIN_AM,15.360835
SCI-vetted,WITCH 5.0,ENGAGE-INDCi2030-1000f-NDCp,High-RE,2C,WITCH,ENGAGE,R10MIDDLE_EAST,67.89337
SCI-vetted,WITCH 5.0,ENGAGE-INDCi2030-1000f-NDCp,High-RE,2C,WITCH,ENGAGE,R10NORTH_AM,10.61421
SCI-vetted,WITCH 5.0,ENGAGE-INDCi2030-1000f-NDCp,High-RE,2C,WITCH,ENGAGE,R10PAC_OECD,5.272255
SCI-vetted,WITCH 5.0,ENGAGE-INDCi2030-1000f-NDCp,High-RE,2C,WITCH,ENGAGE,R10REF_ECON,16.517465
SCI-vetted,WITCH 5.0,ENGAGE-INDCi2030-1000f-NDCp,High-RE,2C,WITCH,ENGAGE,R10REST_ASIA,51.16907
SCI-vetted,WITCH 5.0,ENGAGE-INDCi2030-1200,High-RE,2C,WITCH,ENGAGE,Aggregated R10 regions,433.751695
SCI-vetted,WITCH 5.0,ENGAGE-INDCi2030-1200,High-RE,2C,WITCH,ENGAGE,R10AFRICA,67.09141
SCI-vetted,WITCH 5.0,ENGAGE-INDCi2030-1200,High-RE,2C,WITCH,ENGAGE,R10CHINA+,92.137065
SCI-vetted,WITCH 5.0,ENGAGE-INDCi2030-1200,High-RE,2C,WITCH,ENGAGE,R10EUROPE,17.818885
SCI-vetted,WITCH 5.0,ENGAGE-INDCi2030-1200,High-RE,2C,WITCH,ENGAGE,R10INDIA+,89.508365
SCI-vetted,WITCH 5.0,ENGAGE-INDCi2030-1200,High-RE,2C,WITCH,ENGAGE,R10LATIN_AM,15.34823
SCI-vetted,WITCH 5.0,ENGAGE-INDCi2030-1200,High-RE,2C,WITCH,ENGAGE,R10MIDDLE_EAST,67.99032
SCI-vetted,WITCH 5.0,ENGAGE-INDCi2030-1200,High-RE,2C,WITCH,ENGAGE,R10NORTH_AM,10.67659
SCI-vetted,WITCH 5.0,ENGAGE-INDCi2030-1200,High-RE,2C,WITCH,ENGAGE,R10PAC_OECD,5.356265
SCI-vetted,WITCH 5.0,ENGAGE-INDCi2030-1200,High-RE,2C,WITCH,ENGAGE,R10REF_ECON,16.576605
SCI-vetted,WITCH 5.0,ENGAGE-INDCi2030-1200,High-RE,2C,WITCH,ENGAGE,R10REST_ASIA,51.24796
SCI-vetted,WITCH 5.0,ENGAGE-INDCi2030-1200-NDCp,High-RE,2C,WITCH,ENGAGE,Aggregated R10 regions,433.6245
SCI-vetted,WITCH 5.0,ENGAGE-INDCi2030-1200-NDCp,High-RE,2C,WITCH,ENGAGE,R10AFRICA,67.082535
SCI-vetted,WITCH 5.0,ENGAGE-INDCi2030-1200-NDCp,High-RE,2C,WITCH,ENGAGE,R10CHINA+,91.94475
SCI-vetted,WITCH 5.0,ENGAGE-INDCi2030-1200-NDCp,High-RE,2C,WITCH,ENGAGE,R10EUROPE,17.814525
SCI-vetted,WITCH 5.0,ENGAGE-INDCi2030-1200-NDCp,High-RE,2C,WITCH,ENGAGE,R10INDIA+,89.592335
SCI-vetted,WITCH 5.0,ENGAGE-INDCi2030-1200-NDCp,High-RE,2C,WITCH,ENGAGE,R10LATIN_AM,15.42195
SCI-vetted,WITCH 5.0,ENGAGE-INDCi2030-1200-NDCp,High-RE,2C,WITCH,ENGAGE,R10MIDDLE_EAST,68.01239
SCI-vetted,WITCH 5.0,ENGAGE-INDCi2030-1200-NDCp,High-RE,2C,WITCH,ENGAGE,R10NORTH_AM,10.61421
SCI-vetted,WITCH 5.0,ENGAGE-INDCi2030-1200-NDCp,High-RE,2C,WITCH,ENGAGE,R10PAC_OECD,5.328935
SCI-vetted,WITCH 5.0,ENGAGE-INDCi2030-1200-NDCp,High-RE,2C,WITCH,ENGAGE,R10REF_ECON,16.56694
SCI-vetted,WITCH 5.0,ENGAGE-INDCi2030-1200-NDCp,High-RE,2C,WITCH,ENGAGE,R10REST_ASIA,51.24593
SCI-vetted,WITCH 5.0,ENGAGE-INDCi2030-1200f,High-RE,2C,WITCH,ENGAGE,Aggregated R10 regions,434.583875
SCI-vetted,WITCH 5.0,ENGAGE-INDCi2030-1200f,High-RE,2C,WITCH,ENGAGE,R10AFRICA,67.13581
SCI-vetted,WITCH 5.0,ENGAGE-INDCi2030-1200f,High-RE,2C,WITCH,ENGAGE,R10CHINA+,92.57713
SCI-vetted,WITCH 5.0,ENGAGE-INDCi2030-1200f,High-RE,2C,WITCH,ENGAGE,R10EUROPE,17.823535
SCI-vetted,WITCH 5.0,ENGAGE-INDCi2030-1200f,High-RE,2C,WITCH,ENGAGE,R10INDIA+,89.983225
SCI-vetted,WITCH 5.0,ENGAGE-INDCi2030-1200f,High-RE,2C,WITCH,ENGAGE,R10LATIN_AM,15.27013
SCI-vetted,WITCH 5.0,ENGAGE-INDCi2030-1200f,High-RE,2C,WITCH,ENGAGE,R10MIDDLE_EAST,68.03443
SCI-vetted,WITCH 5.0,ENGAGE-INDCi2030-1200f,High-RE,2C,WITCH,ENGAGE,R10NORTH_AM,10.604115
SCI-vetted,WITCH 5.0,ENGAGE-INDCi2030-1200f,High-RE,2C,WITCH,ENGAGE,R10PAC_OECD,5.2883
SCI-vetted,WITCH 5.0,ENGAGE-INDCi2030-1200f,High-RE,2C,WITCH,ENGAGE,R10REF_ECON,16.56296
SCI-vetted,WITCH 5.0,ENGAGE-INDCi2030-1200f,High-RE,2C,WITCH,ENGAGE,R10REST_ASIA,51.30424
SCI-vetted,WITCH 5.0,ENGAGE-INDCi2030-1200f-NDCp,High-RE,2C,WITCH,ENGAGE,Aggregated R10 regions,434.4562
SCI-vetted,WITCH 5.0,ENGAGE-INDCi2030-1200f-NDCp,High-RE,2C,WITCH,ENGAGE,R10AFRICA,67.11387
SCI-vetted,WITCH 5.0,ENGAGE-INDCi2030-1200f-NDCp,High-RE,2C,WITCH,ENGAGE,R10CHINA+,92.36805
SCI-vetted,WITCH 5.0,ENGAGE-INDCi2030-1200f-NDCp,High-RE,2C,WITCH,ENGAGE,R10EUROPE,17.830645
SCI-vetted,WITCH 5.0,ENGAGE-INDCi2030-1200f-NDCp,High-RE,2C,WITCH,ENGAGE,R10INDIA+,90.002025
SCI-vetted,WITCH 5.0,ENGAGE-INDCi2030-1200f-NDCp,High-RE,2C,WITCH,ENGAGE,R10LATIN_AM,15.371175
SCI-vetted,WITCH 5.0,ENGAGE-INDCi2030-1200f-NDCp,High-RE,2C,WITCH,ENGAGE,R10MIDDLE_EAST,68.07422
SCI-vetted,WITCH 5.0,ENGAGE-INDCi2030-1200f-NDCp,High-RE,2C,WITCH,ENGAGE,R10NORTH_AM,10.56055
SCI-vetted,WITCH 5.0,ENGAGE-INDCi2030-1200f-NDCp,High-RE,2C,WITCH,ENGAGE,R10PAC_OECD,5.27201
SCI-vetted,WITCH 5.0,ENGAGE-INDCi2030-1200f-NDCp,High-RE,2C,WITCH,ENGAGE,R10REF_ECON,16.569255
SCI-vetted,WITCH 5.0,ENGAGE-INDCi2030-1200f-NDCp,High-RE,2C,WITCH,ENGAGE,R10REST_ASIA,51.2944
SCI-vetted,WITCH 5.0,ENGAGE-INDCi2030-1400,High-RE,2C,WITCH,ENGAGE,Aggregated R10 regions,436.015585
SCI-vetted,WITCH 5.0,ENGAGE-INDCi2030-1400,High-RE,2C,WITCH,ENGAGE,R10AFRICA,67.15237
SCI-vetted,WITCH 5.0,ENGAGE-INDCi2030-1400,High-RE,2C,WITCH,ENGAGE,R10CHINA+,93.28785
SCI-vetted,WITCH 5.0,ENGAGE-INDCi2030-1400,High-RE,2C,WITCH,ENGAGE,R10EUROPE,17.88026
SCI-vetted,WITCH 5.0,ENGAGE-INDCi2030-1400,High-RE,2C,WITCH,ENGAGE,R10INDIA+,90.150895
SCI-vetted,WITCH 5.0,ENGAGE-INDCi2030-1400,High-RE,2C,WITCH,ENGAGE,R10LATIN_AM,15.32471
SCI-vetted,WITCH 5.0,ENGAGE-INDCi2030-1400,High-RE,2C,WITCH,ENGAGE,R10MIDDLE_EAST,68.20217
SCI-vetted,WITCH 5.0,ENGAGE-INDCi2030-1400,High-RE,2C,WITCH,ENGAGE,R10NORTH_AM,10.618825
SCI-vetted,WITCH 5.0,ENGAGE-INDCi2030-1400,High-RE,2C,WITCH,ENGAGE,R10PAC_OECD,5.328225
SCI-vetted,WITCH 5.0,ENGAGE-INDCi2030-1400,High-RE,2C,WITCH,ENGAGE,R10REF_ECON,16.61686
SCI-vetted,WITCH 5.0,ENGAGE-INDCi2030-1400,High-RE,2C,WITCH,ENGAGE,R10REST_ASIA,51.45342
SCI-vetted,WITCH 5.0,ENGAGE-INDCi2030-1400-NDCp,High-RE,2C,WITCH,ENGAGE,Aggregated R10 regions,435.85684
SCI-vetted,WITCH 5.0,ENGAGE-INDCi2030-1400-NDCp,High-RE,2C,WITCH,ENGAGE,R10AFRICA,67.13725
SCI-vetted,WITCH 5.0,ENGAGE-INDCi2030-1400-NDCp,High-RE,2C,WITCH,ENGAGE,R10CHINA+,92.996875
SCI-vetted,WITCH 5.0,ENGAGE-INDCi2030-1400-NDCp,High-RE,2C,WITCH,ENGAGE,R10EUROPE,17.88252
SCI-vetted,WITCH 5.0,ENGAGE-INDCi2030-1400-NDCp,High-RE,2C,WITCH,ENGAGE,R10INDIA+,90.194615
SCI-vetted,WITCH 5.0,ENGAGE-INDCi2030-1400-NDCp,High-RE,2C,WITCH,ENGAGE,R10LATIN_AM,15.43996
SCI-vetted,WITCH 5.0,ENGAGE-INDCi2030-1400-NDCp,High-RE,2C,WITCH,ENGAGE,R10MIDDLE_EAST,68.24808
SCI-vetted,WITCH 5.0,ENGAGE-INDCi2030-1400-NDCp,High-RE,2C,WITCH,ENGAGE,R10NORTH_AM,10.584225
SCI-vetted,WITCH 5.0,ENGAGE-INDCi2030-1400-NDCp,High-RE,2C,WITCH,ENGAGE,R10PAC_OECD,5.311775
SCI-vetted,WITCH 5.0,ENGAGE-INDCi2030-1400-NDCp,High-RE,2C,WITCH,ENGAGE,R10REF_ECON,16.62319
SCI-vetted,WITCH 5.0,ENGAGE-INDCi2030-1400-NDCp,High-RE,2C,WITCH,ENGAGE,R10REST_ASIA,51.43835
SCI-vetted,WITCH 5.0,ENGAGE-INDCi2030-1400f,High-RE,2C,WITCH,ENGAGE,Aggregated R10 regions,436.31155
SCI-vetted,WITCH 5.0,ENGAGE-INDCi2030-1400f,High-RE,2C,WITCH,ENGAGE,R10AFRICA,67.20493
SCI-vetted,WITCH 5.0,ENGAGE-INDCi2030-1400f,High-RE,2C,WITCH,ENGAGE,R10CHINA+,93.35678
SCI-vetted,WITCH 5.0,ENGAGE-INDCi2030-1400f,High-RE,2C,WITCH,ENGAGE,R10EUROPE,17.8868
SCI-vetted,WITCH 5.0,ENGAGE-INDCi2030-1400f,High-RE,2C,WITCH,ENGAGE,R10INDIA+,90.313955000000007
SCI-vetted,WITCH 5.0,ENGAGE-INDCi2030-1400f,High-RE,2C,WITCH,ENGAGE,R10LATIN_AM,15.31006
SCI-vetted,WITCH 5.0,ENGAGE-INDCi2030-1400f,High-RE,2C,WITCH,ENGAGE,R10MIDDLE_EAST,68.23827
SCI-vetted,WITCH 5.0,ENGAGE-INDCi2030-1400f,High-RE,2C,WITCH,ENGAGE,R10NORTH_AM,10.618825
SCI-vetted,WITCH 5.0,ENGAGE-INDCi2030-1400f,High-RE,2C,WITCH,ENGAGE,R10PAC_OECD,5.28821
SCI-vetted,WITCH 5.0,ENGAGE-INDCi2030-1400f,High-RE,2C,WITCH,ENGAGE,R10REF_ECON,16.6142
SCI-vetted,WITCH 5.0,ENGAGE-INDCi2030-1400f,High-RE,2C,WITCH,ENGAGE,R10REST_ASIA,51.47952
SCI-vetted,WITCH 5.0,ENGAGE-INDCi2030-1400f-NDCp,High-RE,2C,WITCH,ENGAGE,Aggregated R10 regions,436.671435
SCI-vetted,WITCH 5.0,ENGAGE-INDCi2030-1400f-NDCp,High-RE,2C,WITCH,ENGAGE,R10AFRICA,67.18487
SCI-vetted,WITCH 5.0,ENGAGE-INDCi2030-1400f-NDCp,High-RE,2C,WITCH,ENGAGE,R10CHINA+,93.235295
SCI-vetted,WITCH 5.0,ENGAGE-INDCi2030-1400f-NDCp,High-RE,2C,WITCH,ENGAGE,R10EUROPE,17.89592
SCI-vetted,WITCH 5.0,ENGAGE-INDCi2030-1400f-NDCp,High-RE,2C,WITCH,ENGAGE,R10INDIA+,90.652495
SCI-vetted,WITCH 5.0,ENGAGE-INDCi2030-1400f-NDCp,High-RE,2C,WITCH,ENGAGE,R10LATIN_AM,15.414145
SCI-vetted,WITCH 5.0,ENGAGE-INDCi2030-1400f-NDCp,High-RE,2C,WITCH,ENGAGE,R10MIDDLE_EAST,68.2812
SCI-vetted,WITCH 5.0,ENGAGE-INDCi2030-1400f-NDCp,High-RE,2C,WITCH,ENGAGE,R10NORTH_AM,10.559875
SCI-vetted,WITCH 5.0,ENGAGE-INDCi2030-1400f-NDCp,High-RE,2C,WITCH,ENGAGE,R10PAC_OECD,5.27192
SCI-vetted,WITCH 5.0,ENGAGE-INDCi2030-1400f-NDCp,High-RE,2C,WITCH,ENGAGE,R10REF_ECON,16.619445
SCI-vetted,WITCH 5.0,ENGAGE-INDCi2030-1400f-NDCp,High-RE,2C,WITCH,ENGAGE,R10REST_ASIA,51.55627
SCI-vetted,WITCH 5.0,ENGAGE-INDCi2030-1600,High-RE,2C,WITCH,ENGAGE,Aggregated R10 regions,439.053285
SCI-vetted,WITCH 5.0,ENGAGE-INDCi2030-1600,High-RE,2C,WITCH,ENGAGE,R10AFRICA,67.226045
SCI-vetted,WITCH 5.0,ENGAGE-INDCi2030-1600,High-RE,2C,WITCH,ENGAGE,R10CHINA+,94.631935
SCI-vetted,WITCH 5.0,ENGAGE-INDCi2030-1600,High-RE,2C,WITCH,ENGAGE,R10EUROPE,17.972505
SCI-vetted,WITCH 5.0,ENGAGE-INDCi2030-1600,High-RE,2C,WITCH,ENGAGE,R10INDIA+,90.965055
SCI-vetted,WITCH 5.0,ENGAGE-INDCi2030-1600,High-RE,2C,WITCH,ENGAGE,R10LATIN_AM,15.401755
SCI-vetted,WITCH 5.0,ENGAGE-INDCi2030-1600,High-RE,2C,WITCH,ENGAGE,R10MIDDLE_EAST,68.39561
SCI-vetted,WITCH 5.0,ENGAGE-INDCi2030-1600,High-RE,2C,WITCH,ENGAGE,R10NORTH_AM,10.704650000000001
SCI-vetted,WITCH 5.0,ENGAGE-INDCi2030-1600,High-RE,2C,WITCH,ENGAGE,R10PAC_OECD,5.345975
SCI-vetted,WITCH 5.0,ENGAGE-INDCi2030-1600,High-RE,2C,WITCH,ENGAGE,R10REF_ECON,16.671685
SCI-vetted,WITCH 5.0,ENGAGE-INDCi2030-1600,High-RE,2C,WITCH,ENGAGE,R10REST_ASIA,51.73807
SCI-vetted,WITCH 5.0,ENGAGE-INDCi2030-1600-NDCp,High-RE,2C,WITCH,ENGAGE,Aggregated R10 regions,439.16506
SCI-vetted,WITCH 5.0,ENGAGE-INDCi2030-1600-NDCp,High-RE,2C,WITCH,ENGAGE,R10AFRICA,67.22331
SCI-vetted,WITCH 5.0,ENGAGE-INDCi2030-1600-NDCp,High-RE,2C,WITCH,ENGAGE,R10CHINA+,94.461025
SCI-vetted,WITCH 5.0,ENGAGE-INDCi2030-1600-NDCp,High-RE,2C,WITCH,ENGAGE,R10EUROPE,17.971865
SCI-vetted,WITCH 5.0,ENGAGE-INDCi2030-1600-NDCp,High-RE,2C,WITCH,ENGAGE,R10INDIA+,91.242215
SCI-vetted,WITCH 5.0,ENGAGE-INDCi2030-1600-NDCp,High-RE,2C,WITCH,ENGAGE,R10LATIN_AM,15.446545
SCI-vetted,WITCH 5.0,ENGAGE-INDCi2030-1600-NDCp,High-RE,2C,WITCH,ENGAGE,R10MIDDLE_EAST,68.46224
SCI-vetted,WITCH 5.0,ENGAGE-INDCi2030-1600-NDCp,High-RE,2C,WITCH,ENGAGE,R10NORTH_AM,10.552475
SCI-vetted,WITCH 5.0,ENGAGE-INDCi2030-1600-NDCp,High-RE,2C,WITCH,ENGAGE,R10PAC_OECD,5.309915
SCI-vetted,WITCH 5.0,ENGAGE-INDCi2030-1600-NDCp,High-RE,2C,WITCH,ENGAGE,R10REF_ECON,16.69276
SCI-vetted,WITCH 5.0,ENGAGE-INDCi2030-1600-NDCp,High-RE,2C,WITCH,ENGAGE,R10REST_ASIA,51.80271
SCI-vetted,WITCH 5.0,ENGAGE-INDCi2030-1600f,High-RE,2C,WITCH,ENGAGE,Aggregated R10 regions,439.427465
SCI-vetted,WITCH 5.0,ENGAGE-INDCi2030-1600f,High-RE,2C,WITCH,ENGAGE,R10AFRICA,67.26802
SCI-vetted,WITCH 5.0,ENGAGE-INDCi2030-1600f,High-RE,2C,WITCH,ENGAGE,R10CHINA+,94.759065
SCI-vetted,WITCH 5.0,ENGAGE-INDCi2030-1600f,High-RE,2C,WITCH,ENGAGE,R10EUROPE,17.969135
SCI-vetted,WITCH 5.0,ENGAGE-INDCi2030-1600f,High-RE,2C,WITCH,ENGAGE,R10INDIA+,91.361495
SCI-vetted,WITCH 5.0,ENGAGE-INDCi2030-1600f,High-RE,2C,WITCH,ENGAGE,R10LATIN_AM,15.33962
SCI-vetted,WITCH 5.0,ENGAGE-INDCi2030-1600f,High-RE,2C,WITCH,ENGAGE,R10MIDDLE_EAST,68.44478
SCI-vetted,WITCH 5.0,ENGAGE-INDCi2030-1600f,High-RE,2C,WITCH,ENGAGE,R10NORTH_AM,10.559495
SCI-vetted,WITCH 5.0,ENGAGE-INDCi2030-1600f,High-RE,2C,WITCH,ENGAGE,R10PAC_OECD,5.27696
SCI-vetted,WITCH 5.0,ENGAGE-INDCi2030-1600f,High-RE,2C,WITCH,ENGAGE,R10REF_ECON,16.661105
SCI-vetted,WITCH 5.0,ENGAGE-INDCi2030-1600f,High-RE,2C,WITCH,ENGAGE,R10REST_ASIA,51.78779
SCI-vetted,WITCH 5.0,ENGAGE-INDCi2030-1600f-NDCp,High-RE,2C,WITCH,ENGAGE,Aggregated R10 regions,439.40395
SCI-vetted,WITCH 5.0,ENGAGE-INDCi2030-1600f-NDCp,High-RE,2C,WITCH,ENGAGE,R10AFRICA,67.280335
SCI-vetted,WITCH 5.0,ENGAGE-INDCi2030-1600f-NDCp,High-RE,2C,WITCH,ENGAGE,R10CHINA+,94.543625
SCI-vetted,WITCH 5.0,ENGAGE-INDCi2030-1600f-NDCp,High-RE,2C,WITCH,ENGAGE,R10EUROPE,17.967325
SCI-vetted,WITCH 5.0,ENGAGE-INDCi2030-1600f-NDCp,High-RE,2C,WITCH,ENGAGE,R10INDIA+,91.379135
SCI-vetted,WITCH 5.0,ENGAGE-INDCi2030-1600f-NDCp,High-RE,2C,WITCH,ENGAGE,R10LATIN_AM,15.436565
SCI-vetted,WITCH 5.0,ENGAGE-INDCi2030-1600f-NDCp,High-RE,2C,WITCH,ENGAGE,R10MIDDLE_EAST,68.50354
SCI-vetted,WITCH 5.0,ENGAGE-INDCi2030-1600f-NDCp,High-RE,2C,WITCH,ENGAGE,R10NORTH_AM,10.528025
SCI-vetted,WITCH 5.0,ENGAGE-INDCi2030-1600f-NDCp,High-RE,2C,WITCH,ENGAGE,R10PAC_OECD,5.25916
SCI-vetted,WITCH 5.0,ENGAGE-INDCi2030-1600f-NDCp,High-RE,2C,WITCH,ENGAGE,R10REF_ECON,16.69779
SCI-vetted,WITCH 5.0,ENGAGE-INDCi2030-1600f-NDCp,High-RE,2C,WITCH,ENGAGE,R10REST_ASIA,51.80845
SCI-vetted,WITCH 5.0,ENGAGE-INDCi2030-1800,High-RE,2C,WITCH,ENGAGE,Aggregated R10 regions,442.093405
SCI-vetted,WITCH 5.0,ENGAGE-INDCi2030-1800,High-RE,2C,WITCH,ENGAGE,R10AFRICA,67.337195
SCI-vetted,WITCH 5.0,ENGAGE-INDCi2030-1800,High-RE,2C,WITCH,ENGAGE,R10CHINA+,95.65724
SCI-vetted,WITCH 5.0,ENGAGE-INDCi2030-1800,High-RE,2C,WITCH,ENGAGE,R10EUROPE,18.029195
SCI-vetted,WITCH 5.0,ENGAGE-INDCi2030-1800,High-RE,2C,WITCH,ENGAGE,R10INDIA+,92.26141
SCI-vetted,WITCH 5.0,ENGAGE-INDCi2030-1800,High-RE,2C,WITCH,ENGAGE,R10LATIN_AM,15.39014
SCI-vetted,WITCH 5.0,ENGAGE-INDCi2030-1800,High-RE,2C,WITCH,ENGAGE,R10MIDDLE_EAST,68.711645
SCI-vetted,WITCH 5.0,ENGAGE-INDCi2030-1800,High-RE,2C,WITCH,ENGAGE,R10NORTH_AM,10.58147
SCI-vetted,WITCH 5.0,ENGAGE-INDCi2030-1800,High-RE,2C,WITCH,ENGAGE,R10PAC_OECD,5.28173
SCI-vetted,WITCH 5.0,ENGAGE-INDCi2030-1800,High-RE,2C,WITCH,ENGAGE,R10REF_ECON,16.773415
SCI-vetted,WITCH 5.0,ENGAGE-INDCi2030-1800,High-RE,2C,WITCH,ENGAGE,R10REST_ASIA,52.069965
SCI-vetted,WITCH 5.0,ENGAGE-INDCi2030-1800-NDCp,High-RE,2C,WITCH,ENGAGE,Aggregated R10 regions,442.17121
SCI-vetted,WITCH 5.0,ENGAGE-INDCi2030-1800-NDCp,High-RE,2C,WITCH,ENGAGE,R10AFRICA,67.310605
SCI-vetted,WITCH 5.0,ENGAGE-INDCi2030-1800-NDCp,High-RE,2C,WITCH,ENGAGE,R10CHINA+,95.421355
SCI-vetted,WITCH 5.0,ENGAGE-INDCi2030-1800-NDCp,High-RE,2C,WITCH,ENGAGE,R10EUROPE,18.032965
SCI-vetted,WITCH 5.0,ENGAGE-INDCi2030-1800-NDCp,High-RE,2C,WITCH,ENGAGE,R10INDIA+,92.55801
SCI-vetted,WITCH 5.0,ENGAGE-INDCi2030-1800-NDCp,High-RE,2C,WITCH,ENGAGE,R10LATIN_AM,15.4152
SCI-vetted,WITCH 5.0,ENGAGE-INDCi2030-1800-NDCp,High-RE,2C,WITCH,ENGAGE,R10MIDDLE_EAST,68.718435
SCI-vetted,WITCH 5.0,ENGAGE-INDCi2030-1800-NDCp,High-RE,2C,WITCH,ENGAGE,R10NORTH_AM,10.54873
SCI-vetted,WITCH 5.0,ENGAGE-INDCi2030-1800-NDCp,High-RE,2C,WITCH,ENGAGE,R10PAC_OECD,5.27101
SCI-vetted,WITCH 5.0,ENGAGE-INDCi2030-1800-NDCp,High-RE,2C,WITCH,ENGAGE,R10REF_ECON,16.776225
SCI-vetted,WITCH 5.0,ENGAGE-INDCi2030-1800-NDCp,High-RE,2C,WITCH,ENGAGE,R10REST_ASIA,52.118675
SCI-vetted,WITCH 5.0,ENGAGE-INDCi2030-1800f,High-RE,2C,WITCH,ENGAGE,Aggregated R10 regions,442.093405
SCI-vetted,WITCH 5.0,ENGAGE-INDCi2030-1800f,High-RE,2C,WITCH,ENGAGE,R10AFRICA,67.337195
SCI-vetted,WITCH 5.0,ENGAGE-INDCi2030-1800f,High-RE,2C,WITCH,ENGAGE,R10CHINA+,95.65724
SCI-vetted,WITCH 5.0,ENGAGE-INDCi2030-1800f,High-RE,2C,WITCH,ENGAGE,R10EUROPE,18.029195
SCI-vetted,WITCH 5.0,ENGAGE-INDCi2030-1800f,High-RE,2C,WITCH,ENGAGE,R10INDIA+,92.26141
SCI-vetted,WITCH 5.0,ENGAGE-INDCi2030-1800f,High-RE,2C,WITCH,ENGAGE,R10LATIN_AM,15.39014
SCI-vetted,WITCH 5.0,ENGAGE-INDCi2030-1800f,High-RE,2C,WITCH,ENGAGE,R10MIDDLE_EAST,68.711645
SCI-vetted,WITCH 5.0,ENGAGE-INDCi2030-1800f,High-RE,2C,WITCH,ENGAGE,R10NORTH_AM,10.58147
SCI-vetted,WITCH 5.0,ENGAGE-INDCi2030-1800f,High-RE,2C,WITCH,ENGAGE,R10PAC_OECD,5.28173
SCI-vetted,WITCH 5.0,ENGAGE-INDCi2030-1800f,High-RE,2C,WITCH,ENGAGE,R10REF_ECON,16.773415
SCI-vetted,WITCH 5.0,ENGAGE-INDCi2030-1800f,High-RE,2C,WITCH,ENGAGE,R10REST_ASIA,52.069965
SCI-vetted,WITCH 5.0,ENGAGE-INDCi2030-1800f-NDCp,High-RE,2C,WITCH,ENGAGE,Aggregated R10 regions,442.17121
SCI-vetted,WITCH 5.0,ENGAGE-INDCi2030-1800f-NDCp,High-RE,2C,WITCH,ENGAGE,R10AFRICA,67.310605
SCI-vetted,WITCH 5.0,ENGAGE-INDCi2030-1800f-NDCp,High-RE,2C,WITCH,ENGAGE,R10CHINA+,95.421355
SCI-vetted,WITCH 5.0,ENGAGE-INDCi2030-1800f-NDCp,High-RE,2C,WITCH,ENGAGE,R10EUROPE,18.032965
SCI-vetted,WITCH 5.0,ENGAGE-INDCi2030-1800f-NDCp,High-RE,2C,WITCH,ENGAGE,R10INDIA+,92.55801
SCI-vetted,WITCH 5.0,ENGAGE-INDCi2030-1800f-NDCp,High-RE,2C,WITCH,ENGAGE,R10LATIN_AM,15.4152
SCI-vetted,WITCH 5.0,ENGAGE-INDCi2030-1800f-NDCp,High-RE,2C,WITCH,ENGAGE,R10MIDDLE_EAST,68.718435
SCI-vetted,WITCH 5.0,ENGAGE-INDCi2030-1800f-NDCp,High-RE,2C,WITCH,ENGAGE,R10NORTH_AM,10.54873
SCI-vetted,WITCH 5.0,ENGAGE-INDCi2030-1800f-NDCp,High-RE,2C,WITCH,ENGAGE,R10PAC_OECD,5.27101
SCI-vetted,WITCH 5.0,ENGAGE-INDCi2030-1800f-NDCp,High-RE,2C,WITCH,ENGAGE,R10REF_ECON,16.776225
SCI-vetted,WITCH 5.0,ENGAGE-INDCi2030-1800f-NDCp,High-RE,2C,WITCH,ENGAGE,R10REST_ASIA,52.118675
SCI-vetted,WITCH 5.0,ENGAGE-INDCi2030-2000,High-RE,2C,WITCH,ENGAGE,Aggregated R10 regions,445.37009
SCI-vetted,WITCH 5.0,ENGAGE-INDCi2030-2000,High-RE,2C,WITCH,ENGAGE,R10AFRICA,67.43204
SCI-vetted,WITCH 5.0,ENGAGE-INDCi2030-2000,High-RE,2C,WITCH,ENGAGE,R10CHINA+,97.12367
SCI-vetted,WITCH 5.0,ENGAGE-INDCi2030-2000,High-RE,2C,WITCH,ENGAGE,R10EUROPE,18.12589
SCI-vetted,WITCH 5.0,ENGAGE-INDCi2030-2000,High-RE,2C,WITCH,ENGAGE,R10INDIA+,93.17033
SCI-vetted,WITCH 5.0,ENGAGE-INDCi2030-2000,High-RE,2C,WITCH,ENGAGE,R10LATIN_AM,15.41072
SCI-vetted,WITCH 5.0,ENGAGE-INDCi2030-2000,High-RE,2C,WITCH,ENGAGE,R10MIDDLE_EAST,68.963015
SCI-vetted,WITCH 5.0,ENGAGE-INDCi2030-2000,High-RE,2C,WITCH,ENGAGE,R10NORTH_AM,10.64669
SCI-vetted,WITCH 5.0,ENGAGE-INDCi2030-2000,High-RE,2C,WITCH,ENGAGE,R10PAC_OECD,5.30491
SCI-vetted,WITCH 5.0,ENGAGE-INDCi2030-2000,High-RE,2C,WITCH,ENGAGE,R10REF_ECON,16.858615
SCI-vetted,WITCH 5.0,ENGAGE-INDCi2030-2000,High-RE,2C,WITCH,ENGAGE,R10REST_ASIA,52.33421
SCI-vetted,WITCH 5.0,ENGAGE-INDCi2030-2000-NDCp,High-RE,2C,WITCH,ENGAGE,Aggregated R10 regions,445.104345
SCI-vetted,WITCH 5.0,ENGAGE-INDCi2030-2000-NDCp,High-RE,2C,WITCH,ENGAGE,R10AFRICA,67.4155
SCI-vetted,WITCH 5.0,ENGAGE-INDCi2030-2000-NDCp,High-RE,2C,WITCH,ENGAGE,R10CHINA+,96.768025
SCI-vetted,WITCH 5.0,ENGAGE-INDCi2030-2000-NDCp,High-RE,2C,WITCH,ENGAGE,R10EUROPE,18.1234
SCI-vetted,WITCH 5.0,ENGAGE-INDCi2030-2000-NDCp,High-RE,2C,WITCH,ENGAGE,R10INDIA+,93.28657
SCI-vetted,WITCH 5.0,ENGAGE-INDCi2030-2000-NDCp,High-RE,2C,WITCH,ENGAGE,R10LATIN_AM,15.402855
SCI-vetted,WITCH 5.0,ENGAGE-INDCi2030-2000-NDCp,High-RE,2C,WITCH,ENGAGE,R10MIDDLE_EAST,68.98372
SCI-vetted,WITCH 5.0,ENGAGE-INDCi2030-2000-NDCp,High-RE,2C,WITCH,ENGAGE,R10NORTH_AM,10.58774
SCI-vetted,WITCH 5.0,ENGAGE-INDCi2030-2000-NDCp,High-RE,2C,WITCH,ENGAGE,R10PAC_OECD,5.29431
SCI-vetted,WITCH 5.0,ENGAGE-INDCi2030-2000-NDCp,High-RE,2C,WITCH,ENGAGE,R10REF_ECON,16.860655
SCI-vetted,WITCH 5.0,ENGAGE-INDCi2030-2000-NDCp,High-RE,2C,WITCH,ENGAGE,R10REST_ASIA,52.38157
SCI-vetted,WITCH 5.0,ENGAGE-INDCi2030-2000f,High-RE,2C,WITCH,ENGAGE,Aggregated R10 regions,445.37009
SCI-vetted,WITCH 5.0,ENGAGE-INDCi2030-2000f,High-RE,2C,WITCH,ENGAGE,R10AFRICA,67.43204
SCI-vetted,WITCH 5.0,ENGAGE-INDCi2030-2000f,High-RE,2C,WITCH,ENGAGE,R10CHINA+,97.12367
SCI-vetted,WITCH 5.0,ENGAGE-INDCi2030-2000f,High-RE,2C,WITCH,ENGAGE,R10EUROPE,18.12589
SCI-vetted,WITCH 5.0,ENGAGE-INDCi2030-2000f,High-RE,2C,WITCH,ENGAGE,R10INDIA+,93.17033
SCI-vetted,WITCH 5.0,ENGAGE-INDCi2030-2000f,High-RE,2C,WITCH,ENGAGE,R10LATIN_AM,15.41072
SCI-vetted,WITCH 5.0,ENGAGE-INDCi2030-2000f,High-RE,2C,WITCH,ENGAGE,R10MIDDLE_EAST,68.963015
SCI-vetted,WITCH 5.0,ENGAGE-INDCi2030-2000f,High-RE,2C,WITCH,ENGAGE,R10NORTH_AM,10.64669
SCI-vetted,WITCH 5.0,ENGAGE-INDCi2030-2000f,High-RE,2C,WITCH,ENGAGE,R10PAC_OECD,5.30491
SCI-vetted,WITCH 5.0,ENGAGE-INDCi2030-2000f,High-RE,2C,WITCH,ENGAGE,R10REF_ECON,16.858615
SCI-vetted,WITCH 5.0,ENGAGE-INDCi2030-2000f,High-RE,2C,WITCH,ENGAGE,R10REST_ASIA,52.33421
SCI-vetted,WITCH 5.0,ENGAGE-INDCi2030-2000f-NDCp,High-RE,2C,WITCH,ENGAGE,Aggregated R10 regions,445.104345
SCI-vetted,WITCH 5.0,ENGAGE-INDCi2030-2000f-NDCp,High-RE,2C,WITCH,ENGAGE,R10AFRICA,67.4155
SCI-vetted,WITCH 5.0,ENGAGE-INDCi2030-2000f-NDCp,High-RE,2C,WITCH,ENGAGE,R10CHINA+,96.768025
SCI-vetted,WITCH 5.0,ENGAGE-INDCi2030-2000f-NDCp,High-RE,2C,WITCH,ENGAGE,R10EUROPE,18.1234
SCI-vetted,WITCH 5.0,ENGAGE-INDCi2030-2000f-NDCp,High-RE,2C,WITCH,ENGAGE,R10INDIA+,93.28657
SCI-vetted,WITCH 5.0,ENGAGE-INDCi2030-2000f-NDCp,High-RE,2C,WITCH,ENGAGE,R10LATIN_AM,15.402855
SCI-vetted,WITCH 5.0,ENGAGE-INDCi2030-2000f-NDCp,High-RE,2C,WITCH,ENGAGE,R10MIDDLE_EAST,68.98372
SCI-vetted,WITCH 5.0,ENGAGE-INDCi2030-2000f-NDCp,High-RE,2C,WITCH,ENGAGE,R10NORTH_AM,10.58774
SCI-vetted,WITCH 5.0,ENGAGE-INDCi2030-2000f-NDCp,High-RE,2C,WITCH,ENGAGE,R10PAC_OECD,5.29431
SCI-vetted,WITCH 5.0,ENGAGE-INDCi2030-2000f-NDCp,High-RE,2C,WITCH,ENGAGE,R10REF_ECON,16.860655
SCI-vetted,WITCH 5.0,ENGAGE-INDCi2030-2000f-NDCp,High-RE,2C,WITCH,ENGAGE,R10REST_ASIA,52.38157
SCI-vetted,WITCH 5.0,ENGAGE-INDCi2030-2500-NDCp,High-RE,2C,WITCH,ENGAGE,Aggregated R10 regions,452.11745
SCI-vetted,WITCH 5.0,ENGAGE-INDCi2030-2500-NDCp,High-RE,2C,WITCH,ENGAGE,R10AFRICA,67.525585
SCI-vetted,WITCH 5.0,ENGAGE-INDCi2030-2500-NDCp,High-RE,2C,WITCH,ENGAGE,R10CHINA+,99.32092
SCI-vetted,WITCH 5.0,ENGAGE-INDCi2030-2500-NDCp,High-RE,2C,WITCH,ENGAGE,R10EUROPE,18.280425
SCI-vetted,WITCH 5.0,ENGAGE-INDCi2030-2500-NDCp,High-RE,2C,WITCH,ENGAGE,R10INDIA+,96.073765
SCI-vetted,WITCH 5.0,ENGAGE-INDCi2030-2500-NDCp,High-RE,2C,WITCH,ENGAGE,R10LATIN_AM,15.28907
SCI-vetted,WITCH 5.0,ENGAGE-INDCi2030-2500-NDCp,High-RE,2C,WITCH,ENGAGE,R10MIDDLE_EAST,69.449085
SCI-vetted,WITCH 5.0,ENGAGE-INDCi2030-2500-NDCp,High-RE,2C,WITCH,ENGAGE,R10NORTH_AM,10.64128
SCI-vetted,WITCH 5.0,ENGAGE-INDCi2030-2500-NDCp,High-RE,2C,WITCH,ENGAGE,R10PAC_OECD,5.3501
SCI-vetted,WITCH 5.0,ENGAGE-INDCi2030-2500-NDCp,High-RE,2C,WITCH,ENGAGE,R10REF_ECON,17.02561
SCI-vetted,WITCH 5.0,ENGAGE-INDCi2030-2500-NDCp,High-RE,2C,WITCH,ENGAGE,R10REST_ASIA,53.16161
SCI-vetted,WITCH 5.0,ENGAGE-INDCi2030-2500f-NDCp,High-RE,2C,WITCH,ENGAGE,Aggregated R10 regions,452.11745
SCI-vetted,WITCH 5.0,ENGAGE-INDCi2030-2500f-NDCp,High-RE,2C,WITCH,ENGAGE,R10AFRICA,67.525585
SCI-vetted,WITCH 5.0,ENGAGE-INDCi2030-2500f-NDCp,High-RE,2C,WITCH,ENGAGE,R10CHINA+,99.32092
SCI-vetted,WITCH 5.0,ENGAGE-INDCi2030-2500f-NDCp,High-RE,2C,WITCH,ENGAGE,R10EUROPE,18.280425
SCI-vetted,WITCH 5.0,ENGAGE-INDCi2030-2500f-NDCp,High-RE,2C,WITCH,ENGAGE,R10INDIA+,96.073765
SCI-vetted,WITCH 5.0,ENGAGE-INDCi2030-2500f-NDCp,High-RE,2C,WITCH,ENGAGE,R10LATIN_AM,15.28907
SCI-vetted,WITCH 5.0,ENGAGE-INDCi2030-2500f-NDCp,High-RE,2C,WITCH,ENGAGE,R10MIDDLE_EAST,69.449085
SCI-vetted,WITCH 5.0,ENGAGE-INDCi2030-2500f-NDCp,High-RE,2C,WITCH,ENGAGE,R10NORTH_AM,10.64128
SCI-vetted,WITCH 5.0,ENGAGE-INDCi2030-2500f-NDCp,High-RE,2C,WITCH,ENGAGE,R10PAC_OECD,5.3501
SCI-vetted,WITCH 5.0,ENGAGE-INDCi2030-2500f-NDCp,High-RE,2C,WITCH,ENGAGE,R10REF_ECON,17.02561
SCI-vetted,WITCH 5.0,ENGAGE-INDCi2030-2500f-NDCp,High-RE,2C,WITCH,ENGAGE,R10REST_ASIA,53.16161
SCI-vetted,WITCH 5.0,ENGAGE-INDCi2100,High-RE,2C,WITCH,ENGAGE,Aggregated R10 regions,459.51812
SCI-vetted,WITCH 5.0,ENGAGE-INDCi2100,High-RE,2C,WITCH,ENGAGE,R10AFRICA,67.888655
SCI-vetted,WITCH 5.0,ENGAGE-INDCi2100,High-RE,2C,WITCH,ENGAGE,R10CHINA+,101.657435
SCI-vetted,WITCH 5.0,ENGAGE-INDCi2100,High-RE,2C,WITCH,ENGAGE,R10EUROPE,18.167545
SCI-vetted,WITCH 5.0,ENGAGE-INDCi2100,High-RE,2C,WITCH,ENGAGE,R10INDIA+,99.39487
SCI-vetted,WITCH 5.0,ENGAGE-INDCi2100,High-RE,2C,WITCH,ENGAGE,R10LATIN_AM,15.351555
SCI-vetted,WITCH 5.0,ENGAGE-INDCi2100,High-RE,2C,WITCH,ENGAGE,R10MIDDLE_EAST,69.69698
SCI-vetted,WITCH 5.0,ENGAGE-INDCi2100,High-RE,2C,WITCH,ENGAGE,R10NORTH_AM,10.699265
SCI-vetted,WITCH 5.0,ENGAGE-INDCi2100,High-RE,2C,WITCH,ENGAGE,R10PAC_OECD,5.34721
SCI-vetted,WITCH 5.0,ENGAGE-INDCi2100,High-RE,2C,WITCH,ENGAGE,R10REF_ECON,17.26512
SCI-vetted,WITCH 5.0,ENGAGE-INDCi2100,High-RE,2C,WITCH,ENGAGE,R10REST_ASIA,54.049485
SCI-vetted,WITCH 5.0,NAVIGATE Demand-NPi-ele,High-RE,2C,WITCH,NAVIGATE,Aggregated R10 regions,440.84872
SCI-vetted,WITCH 5.0,NAVIGATE Demand-NPi-ele,High-RE,2C,WITCH,NAVIGATE,R10AFRICA,68.333665
SCI-vetted,WITCH 5.0,NAVIGATE Demand-NPi-ele,High-RE,2C,WITCH,NAVIGATE,R10CHINA+,94.345715
SCI-vetted,WITCH 5.0,NAVIGATE Demand-NPi-ele,High-RE,2C,WITCH,NAVIGATE,R10EUROPE,17.395795
SCI-vetted,WITCH 5.0,NAVIGATE Demand-NPi-ele,High-RE,2C,WITCH,NAVIGATE,R10INDIA+,93.702
SCI-vetted,WITCH 5.0,NAVIGATE Demand-NPi-ele,High-RE,2C,WITCH,NAVIGATE,R10LATIN_AM,15.317505
SCI-vetted,WITCH 5.0,NAVIGATE Demand-NPi-ele,High-RE,2C,WITCH,NAVIGATE,R10MIDDLE_EAST,67.143865
SCI-vetted,WITCH 5.0,NAVIGATE Demand-NPi-ele,High-RE,2C,WITCH,NAVIGATE,R10NORTH_AM,10.539145
SCI-vetted,WITCH 5.0,NAVIGATE Demand-NPi-ele,High-RE,2C,WITCH,NAVIGATE,R10PAC_OECD,5.24274
SCI-vetted,WITCH 5.0,NAVIGATE Demand-NPi-ele,High-RE,2C,WITCH,NAVIGATE,R10REF_ECON,16.0639
SCI-vetted,WITCH 5.0,NAVIGATE Demand-NPi-ele,High-RE,2C,WITCH,NAVIGATE,R10REST_ASIA,52.76439
SCI-vetted,WITCH 5.0,NAVIGATE Demand-NPi-ref,High-RE,2C,WITCH,NAVIGATE,Aggregated R10 regions,445.94575
SCI-vetted,WITCH 5.0,NAVIGATE Demand-NPi-ref,High-RE,2C,WITCH,NAVIGATE,R10AFRICA,67.90891
SCI-vetted,WITCH 5.0,NAVIGATE Demand-NPi-ref,High-RE,2C,WITCH,NAVIGATE,R10CHINA+,97.323545
SCI-vetted,WITCH 5.0,NAVIGATE Demand-NPi-ref,High-RE,2C,WITCH,NAVIGATE,R10EUROPE,17.82394
SCI-vetted,WITCH 5.0,NAVIGATE Demand-NPi-ref,High-RE,2C,WITCH,NAVIGATE,R10INDIA+,94.779025
SCI-vetted,WITCH 5.0,NAVIGATE Demand-NPi-ref,High-RE,2C,WITCH,NAVIGATE,R10LATIN_AM,15.268605
SCI-vetted,WITCH 5.0,NAVIGATE Demand-NPi-ref,High-RE,2C,WITCH,NAVIGATE,R10MIDDLE_EAST,67.96694
SCI-vetted,WITCH 5.0,NAVIGATE Demand-NPi-ref,High-RE,2C,WITCH,NAVIGATE,R10NORTH_AM,10.7044
SCI-vetted,WITCH 5.0,NAVIGATE Demand-NPi-ref,High-RE,2C,WITCH,NAVIGATE,R10PAC_OECD,5.26457
SCI-vetted,WITCH 5.0,NAVIGATE Demand-NPi-ref,High-RE,2C,WITCH,NAVIGATE,R10REF_ECON,16.16631
SCI-vetted,WITCH 5.0,NAVIGATE Demand-NPi-ref,High-RE,2C,WITCH,NAVIGATE,R10REST_ASIA,52.739505
SCI-vetted,REMIND 2.1,LeastTotalCost-Base-brkLR15-SSP2-P50,High-RE,2C,REMIND,LeastTotalCost,Aggregated R10 regions,503.38078
SCI-vetted,REMIND 2.1,LeastTotalCost-Base-brkLR15-SSP2-P50,High-RE,2C,REMIND,LeastTotalCost,R10AFRICA,79.43079
SCI-vetted,REMIND 2.1,LeastTotalCost-Base-brkLR15-SSP2-P50,High-RE,2C,REMIND,LeastTotalCost,R10CHINA+,85.046305
SCI-vetted,REMIND 2.1,LeastTotalCost-Base-brkLR15-SSP2-P50,High-RE,2C,REMIND,LeastTotalCost,R10EUROPE,11.232865
SCI-vetted,REMIND 2.1,LeastTotalCost-Base-brkLR15-SSP2-P50,High-RE,2C,REMIND,LeastTotalCost,R10INDIA+,168.76587
SCI-vetted,REMIND 2.1,LeastTotalCost-Base-brkLR15-SSP2-P50,High-RE,2C,REMIND,LeastTotalCost,R10LATIN_AM,14.95092
SCI-vetted,REMIND 2.1,LeastTotalCost-Base-brkLR15-SSP2-P50,High-RE,2C,REMIND,LeastTotalCost,R10MIDDLE_EAST,46.922455
SCI-vetted,REMIND 2.1,LeastTotalCost-Base-brkLR15-SSP2-P50,High-RE,2C,REMIND,LeastTotalCost,R10NORTH_AM,8.32048
SCI-vetted,REMIND 2.1,LeastTotalCost-Base-brkLR15-SSP2-P50,High-RE,2C,REMIND,LeastTotalCost,R10PAC_OECD,3.692955
SCI-vetted,REMIND 2.1,LeastTotalCost-Base-brkLR15-SSP2-P50,High-RE,2C,REMIND,LeastTotalCost,R10REF_ECON,13.372975
SCI-vetted,REMIND 2.1,LeastTotalCost-Base-brkLR15-SSP2-P50,High-RE,2C,REMIND,LeastTotalCost,R10REST_ASIA,71.645165
SCI-vetted,REMIND 2.1,R2p1-SSP2-Baseline,High-RE,2C,REMIND,R2p1,Aggregated R10 regions,482.88204
SCI-vetted,REMIND 2.1,R2p1-SSP2-Baseline,High-RE,2C,REMIND,R2p1,R10AFRICA,79.25232
SCI-vetted,REMIND 2.1,R2p1-SSP2-Baseline,High-RE,2C,REMIND,R2p1,R10CHINA+,84.548325
SCI-vetted,REMIND 2.1,R2p1-SSP2-Baseline,High-RE,2C,REMIND,R2p1,R10EUROPE,11.160365
SCI-vetted,REMIND 2.1,R2p1-SSP2-Baseline,High-RE,2C,REMIND,R2p1,R10INDIA+,153.975585
SCI-vetted,REMIND 2.1,R2p1-SSP2-Baseline,High-RE,2C,REMIND,R2p1,R10LATIN_AM,14.751425
SCI-vetted,REMIND 2.1,R2p1-SSP2-Baseline,High-RE,2C,REMIND,R2p1,R10MIDDLE_EAST,47.004355
SCI-vetted,REMIND 2.1,R2p1-SSP2-Baseline,High-RE,2C,REMIND,R2p1,R10NORTH_AM,8.26623
SCI-vetted,REMIND 2.1,R2p1-SSP2-Baseline,High-RE,2C,REMIND,R2p1,R10PAC_OECD,3.687275
SCI-vetted,REMIND 2.1,R2p1-SSP2-Baseline,High-RE,2C,REMIND,R2p1,R10REF_ECON,13.370555
SCI-vetted,REMIND 2.1,R2p1-SSP2-Baseline,High-RE,2C,REMIND,R2p1,R10REST_ASIA,66.865605
SCI-vetted,REMIND-Buildings 2.0,BEG-Baseline,High-RE,2C,REMIND,BEG,Aggregated R10 regions,531.202955
SCI-vetted,REMIND-Buildings 2.0,BEG-Baseline,High-RE,2C,REMIND,BEG,R10AFRICA,79.849665
SCI-vetted,REMIND-Buildings 2.0,BEG-Baseline,High-RE,2C,REMIND,BEG,R10CHINA+,87.096135
SCI-vetted,REMIND-Buildings 2.0,BEG-Baseline,High-RE,2C,REMIND,BEG,R10EUROPE,11.392925
SCI-vetted,REMIND-Buildings 2.0,BEG-Baseline,High-RE,2C,REMIND,BEG,R10INDIA+,189.055975
SCI-vetted,REMIND-Buildings 2.0,BEG-Baseline,High-RE,2C,REMIND,BEG,R10LATIN_AM,15.10363
SCI-vetted,REMIND-Buildings 2.0,BEG-Baseline,High-RE,2C,REMIND,BEG,R10MIDDLE_EAST,47.09328
SCI-vetted,REMIND-Buildings 2.0,BEG-Baseline,High-RE,2C,REMIND,BEG,R10NORTH_AM,8.35836
SCI-vetted,REMIND-Buildings 2.0,BEG-Baseline,High-RE,2C,REMIND,BEG,R10PAC_OECD,3.721265
SCI-vetted,REMIND-Buildings 2.0,BEG-Baseline,High-RE,2C,REMIND,BEG,R10REF_ECON,13.403095
SCI-vetted,REMIND-Buildings 2.0,BEG-Baseline,High-RE,2C,REMIND,BEG,R10REST_ASIA,76.128625
