"Model","Scenario","Category","Ambition","total_cdr","total_re","Pathway_overlap","Pathway_excl","high_cdr_only","high_re_only","approach","vetting","ambition_method","threshold_label","top_frac"
"AIM/CGE 2.0","SSP1-19","C1","1.5C (High-Ambition)",0,NA,"Low (both)",NA,FALSE,NA,"A","none","ar6","top_33pct",0.333333333333333
"AIM/CGE 2.0","SSP1-26","C3","2C (Medium-Ambition)",0,NA,"Low (both)",NA,FALSE,NA,"A","none","ar6","top_33pct",0.333333333333333
"AIM/CGE 2.0","SSP1-34","C3","2C (Medium-Ambition)",0,NA,"Low (both)",NA,FALSE,NA,"A","none","ar6","top_33pct",0.333333333333333
"AIM/CGE 2.0","SSP1-45","C4","2C (Medium-Ambition)",0,NA,"Low (both)",NA,FALSE,NA,"A","none","ar6","top_33pct",0.333333333333333
"AIM/CGE 2.0","SSP1-Baseline","C4","2C (Medium-Ambition)",0,NA,"Low (both)",NA,FALSE,NA,"A","none","ar6","top_33pct",0.333333333333333
"AIM/CGE 2.0","SSP2-19","C1","1.5C (High-Ambition)",0,NA,"Low (both)",NA,FALSE,NA,"A","none","ar6","top_33pct",0.333333333333333
"AIM/CGE 2.0","SSP2-26","C3","2C (Medium-Ambition)",0,NA,"Low (both)",NA,FALSE,NA,"A","none","ar6","top_33pct",0.333333333333333
"AIM/CGE 2.0","SSP2-34","C3","2C (Medium-Ambition)",0,NA,"Low (both)",NA,FALSE,NA,"A","none","ar6","top_33pct",0.333333333333333
"AIM/CGE 2.0","SSP2-45","C4","2C (Medium-Ambition)",0,NA,"Low (both)",NA,FALSE,NA,"A","none","ar6","top_33pct",0.333333333333333
"AIM/CGE 2.0","SSP2-60","C4","2C (Medium-Ambition)",0,NA,"Low (both)",NA,FALSE,NA,"A","none","ar6","top_33pct",0.333333333333333
"AIM/CGE 2.0","SSP2-Baseline","C4","2C (Medium-Ambition)",0,NA,"Low (both)",NA,FALSE,NA,"A","none","ar6","top_33pct",0.333333333333333
"AIM/CGE 2.0","SSP3-34","C3","2C (Medium-Ambition)",0,NA,"Low (both)",NA,FALSE,NA,"A","none","ar6","top_33pct",0.333333333333333
"AIM/CGE 2.0","SSP3-45","C3","2C (Medium-Ambition)",0,NA,"Low (both)",NA,FALSE,NA,"A","none","ar6","top_33pct",0.333333333333333
"AIM/CGE 2.0","SSP3-60","C4","2C (Medium-Ambition)",0,NA,"Low (both)",NA,FALSE,NA,"A","none","ar6","top_33pct",0.333333333333333
"AIM/CGE 2.0","SSP3-Baseline","C4","2C (Medium-Ambition)",0,NA,"Low (both)",NA,FALSE,NA,"A","none","ar6","top_33pct",0.333333333333333
"AIM/CGE 2.0","SSP4-26","C3","2C (Medium-Ambition)",0,NA,"Low (both)",NA,FALSE,NA,"A","none","ar6","top_33pct",0.333333333333333
"AIM/CGE 2.0","SSP4-34","C3","2C (Medium-Ambition)",0,NA,"Low (both)",NA,FALSE,NA,"A","none","ar6","top_33pct",0.333333333333333
"AIM/CGE 2.0","SSP4-45","C4","2C (Medium-Ambition)",0,NA,"Low (both)",NA,FALSE,NA,"A","none","ar6","top_33pct",0.333333333333333
"AIM/CGE 2.0","SSP4-Baseline","C4","2C (Medium-Ambition)",0,NA,"Low (both)",NA,FALSE,NA,"A","none","ar6","top_33pct",0.333333333333333
"AIM/CGE 2.0","SSP5-26","C3","2C (Medium-Ambition)",0,NA,"Low (both)",NA,FALSE,NA,"A","none","ar6","top_33pct",0.333333333333333
"AIM/CGE 2.0","SSP5-34","C3","2C (Medium-Ambition)",0,NA,"Low (both)",NA,FALSE,NA,"A","none","ar6","top_33pct",0.333333333333333
"AIM/CGE 2.0","SSP5-45","C4","2C (Medium-Ambition)",0,NA,"Low (both)",NA,FALSE,NA,"A","none","ar6","top_33pct",0.333333333333333
"AIM/CGE 2.0","SSP5-60","C4","2C (Medium-Ambition)",0,NA,"Low (both)",NA,FALSE,NA,"A","none","ar6","top_33pct",0.333333333333333
"AIM/CGE 2.0","SSP5-Baseline","C4","2C (Medium-Ambition)",0,NA,"Low (both)",NA,FALSE,NA,"A","none","ar6","top_33pct",0.333333333333333
"AIM/CGE 2.1","CD-LINKS-INDC2030i_1600","C3","2C (Medium-Ambition)",0,NA,"Low (both)",NA,FALSE,NA,"A","none","ar6","top_33pct",0.333333333333333
"AIM/CGE 2.1","CD-LINKS-INDCi","C4","2C (Medium-Ambition)",0,NA,"Low (both)",NA,FALSE,NA,"A","none","ar6","top_33pct",0.333333333333333
"AIM/CGE 2.1","CD-LINKS-NDC2030i_1000","C4","2C (Medium-Ambition)",0,NA,"Low (both)",NA,FALSE,NA,"A","none","ar6","top_33pct",0.333333333333333
"AIM/CGE 2.1","CD-LINKS-NPi2020_1000","C3","2C (Medium-Ambition)",0,NA,"Low (both)",NA,FALSE,NA,"A","none","ar6","top_33pct",0.333333333333333
"AIM/CGE 2.1","CD-LINKS-NPi2020_1600","C3","2C (Medium-Ambition)",0,NA,"Low (both)",NA,FALSE,NA,"A","none","ar6","top_33pct",0.333333333333333
"AIM/CGE 2.1","CD-LINKS-NPi2020_400","C1","1.5C (High-Ambition)",0,NA,"Low (both)",NA,FALSE,NA,"A","none","ar6","top_33pct",0.333333333333333
"AIM/CGE 2.1","COMMIT-Bridge","C3","2C (Medium-Ambition)",0,NA,"Low (both)",NA,FALSE,NA,"A","none","ar6","top_33pct",0.333333333333333
"AIM/CGE V2.2","ENGAGE-Feasibility-1000/Cost-Effective","C3","2C (Medium-Ambition)",305655.2259,2804338.6856,"High-RE only","High-RE",FALSE,TRUE,"A","none","ar6","top_33pct",0.333333333333333
"AIM/CGE V2.2","ENGAGE-Feasibility-1000/Enablers & Institutional","C3","2C (Medium-Ambition)",202574.5237,2391191.705,"High-RE only","High-RE",FALSE,TRUE,"A","none","ar6","top_33pct",0.333333333333333
"AIM/CGE V2.2","ENGAGE-Feasibility-1000/Institutional","C3","2C (Medium-Ambition)",257345.3409,2915637.2769,"High-RE only","High-RE",FALSE,TRUE,"A","none","ar6","top_33pct",0.333333333333333
"AIM/CGE V2.2","ENGAGE-Feasibility-1000/Technology","C3","2C (Medium-Ambition)",193217.4237,3389935.366,"High-RE only","High-RE",FALSE,TRUE,"A","none","ar6","top_33pct",0.333333333333333
"AIM/CGE V2.2","ENGAGE-Feasibility-1000/Technology & Enablers & Institutional","C2","1.5C (High-Ambition)",104419.9692,2876115.9333,"High-RE only","High-RE",FALSE,TRUE,"A","none","ar6","top_33pct",0.333333333333333
"AIM/CGE V2.2","ENGAGE-Feasibility-1000/Technology & Institutional","C3","2C (Medium-Ambition)",125594.5322,3824299.616,"High-RE only","High-RE",FALSE,TRUE,"A","none","ar6","top_33pct",0.333333333333333
"AIM/CGE V2.2","ENGAGE-Feasibility-Maximum-Effort/Cost-Effective","C1","1.5C (High-Ambition)",339720.1469,2958169.4917,"High-RE only","High-RE",FALSE,TRUE,"A","none","ar6","top_33pct",0.333333333333333
"AIM/CGE V2.2","ENGAGE-Feasibility-Maximum-Effort/Enablers & Institutional","C3","2C (Medium-Ambition)",200139.0403,2408540.9477,"High-RE only","High-RE",FALSE,TRUE,"A","none","ar6","top_33pct",0.333333333333333
"AIM/CGE V2.2","ENGAGE-Feasibility-Maximum-Effort/Institutional","C2","1.5C (High-Ambition)",153405.0805,3260817.7052,"High-RE only","High-RE",FALSE,TRUE,"A","none","ar6","top_33pct",0.333333333333333
"AIM/CGE V2.2","ENGAGE-Feasibility-Maximum-Effort/Technology","C3","2C (Medium-Ambition)",227800.6283,3273241.3328,"High-RE only","High-RE",FALSE,TRUE,"A","none","ar6","top_33pct",0.333333333333333
"AIM/CGE V2.2","ENGAGE-INDCi2030-1000f","C3","2C (Medium-Ambition)",475713.9547,1887149.9563,"High-CMT only","High-CMT",TRUE,FALSE,"A","none","ar6","top_33pct",0.333333333333333
"AIM/CGE V2.2","ENGAGE-INDCi2030-1200","C4","2C (Medium-Ambition)",506735.7401,1817130.6943,"High-CMT only","High-CMT",TRUE,FALSE,"A","none","ar6","top_33pct",0.333333333333333
"AIM/CGE V2.2","ENGAGE-INDCi2030-1200f","C4","2C (Medium-Ambition)",592587.4066,1735293.2243,"High-CMT only","High-CMT",TRUE,FALSE,"A","none","ar6","top_33pct",0.333333333333333
"AIM/CGE V2.2","ENGAGE-INDCi2030-1400","C4","2C (Medium-Ambition)",652574.9155,1628170.807,"High-CMT only","High-CMT",TRUE,FALSE,"A","none","ar6","top_33pct",0.333333333333333
"AIM/CGE V2.2","ENGAGE-INDCi2030-1400f","C4","2C (Medium-Ambition)",658044.7038,1596562.8623,"High-CMT only","High-CMT",TRUE,FALSE,"A","none","ar6","top_33pct",0.333333333333333
"AIM/CGE V2.2","ENGAGE-INDCi2030-1600","C3","2C (Medium-Ambition)",645334.7052,1556058.7791,"High-CMT only","High-CMT",TRUE,FALSE,"A","none","ar6","top_33pct",0.333333333333333
"AIM/CGE V2.2","ENGAGE-INDCi2030-1600f","C3","2C (Medium-Ambition)",636360.7656,1540557.388,"High-CMT only","High-CMT",TRUE,FALSE,"A","none","ar6","top_33pct",0.333333333333333
"AIM/CGE V2.2","ENGAGE-INDCi2030-1800","C3","2C (Medium-Ambition)",618567.0054,1486736.4456,"High-CMT only","High-CMT",TRUE,FALSE,"A","none","ar6","top_33pct",0.333333333333333
"AIM/CGE V2.2","ENGAGE-INDCi2030-1800f","C3","2C (Medium-Ambition)",618567.0054,1486736.4456,"High-CMT only","High-CMT",TRUE,FALSE,"A","none","ar6","top_33pct",0.333333333333333
"AIM/CGE V2.2","ENGAGE-INDCi2030-800f","C3","2C (Medium-Ambition)",458822.7462,1950620.2386,"High-RE only","High-RE",FALSE,TRUE,"A","none","ar6","top_33pct",0.333333333333333
"AIM/CGE V2.2","ENGAGE-INDCi2030-900f","C3","2C (Medium-Ambition)",455822.4862,1928637.1643,"Low (both)",NA,FALSE,FALSE,"A","none","ar6","top_33pct",0.333333333333333
"AIM/CGE V2.2","ENGAGE-INDCi2100","C4","2C (Medium-Ambition)",422604.0961,1293248.647,"Low (both)",NA,FALSE,FALSE,"A","none","ar6","top_33pct",0.333333333333333
"AIM/CGE V2.2","ENGAGE-NPi2020-1000","C3","2C (Medium-Ambition)",650563.8775,1824135.2392,"High-CMT only","High-CMT",TRUE,FALSE,"A","none","ar6","top_33pct",0.333333333333333
"AIM/CGE V2.2","ENGAGE-NPi2020-1000f","C3","2C (Medium-Ambition)",709840.3755,1755606.9144,"High-CMT only","High-CMT",TRUE,FALSE,"A","none","ar6","top_33pct",0.333333333333333
"AIM/CGE V2.2","ENGAGE-NPi2020-1200","C3","2C (Medium-Ambition)",711376.8371,1705643.62,"High-CMT only","High-CMT",TRUE,FALSE,"A","none","ar6","top_33pct",0.333333333333333
"AIM/CGE V2.2","ENGAGE-NPi2020-1200f","C4","2C (Medium-Ambition)",708024.0359,1665230.0656,"High-CMT only","High-CMT",TRUE,FALSE,"A","none","ar6","top_33pct",0.333333333333333
"AIM/CGE V2.2","ENGAGE-NPi2020-1400","C4","2C (Medium-Ambition)",696488.9916,1622322.9743,"High-CMT only","High-CMT",TRUE,FALSE,"A","none","ar6","top_33pct",0.333333333333333
"AIM/CGE V2.2","ENGAGE-NPi2020-1400f","C4","2C (Medium-Ambition)",685647.3573,1611005.7705,"High-CMT only","High-CMT",TRUE,FALSE,"A","none","ar6","top_33pct",0.333333333333333
"AIM/CGE V2.2","ENGAGE-NPi2020-1600","C3","2C (Medium-Ambition)",670823.5008,1540805.1032,"High-CMT only","High-CMT",TRUE,FALSE,"A","none","ar6","top_33pct",0.333333333333333
"AIM/CGE V2.2","ENGAGE-NPi2020-1600f","C3","2C (Medium-Ambition)",671274.7675,1541651.689,"High-CMT only","High-CMT",TRUE,FALSE,"A","none","ar6","top_33pct",0.333333333333333
"AIM/CGE V2.2","ENGAGE-NPi2020-1800","C3","2C (Medium-Ambition)",637394.8699,1497546.3932,"High-CMT only","High-CMT",TRUE,FALSE,"A","none","ar6","top_33pct",0.333333333333333
"AIM/CGE V2.2","ENGAGE-NPi2020-1800f","C3","2C (Medium-Ambition)",637394.8699,1497546.3932,"High-CMT only","High-CMT",TRUE,FALSE,"A","none","ar6","top_33pct",0.333333333333333
"AIM/CGE V2.2","ENGAGE-NPi2020-300f","C1","1.5C (High-Ambition)",486762.6304,2183379.2478,"Low (both)",NA,FALSE,FALSE,"A","none","ar6","top_33pct",0.333333333333333
"AIM/CGE V2.2","ENGAGE-NPi2020-400f","C2","1.5C (High-Ambition)",483558.0288,2149040.9647,"Low (both)",NA,FALSE,FALSE,"A","none","ar6","top_33pct",0.333333333333333
"AIM/CGE V2.2","ENGAGE-NPi2020-500f","C2","1.5C (High-Ambition)",528827.4196,2081672.1921,"High-CMT only","High-CMT",TRUE,FALSE,"A","none","ar6","top_33pct",0.333333333333333
"AIM/CGE V2.2","ENGAGE-NPi2020-600","C1","1.5C (High-Ambition)",492906.5518,2069205.6401,"Low (both)",NA,FALSE,FALSE,"A","none","ar6","top_33pct",0.333333333333333
"AIM/CGE V2.2","ENGAGE-NPi2020-600f","C2","1.5C (High-Ambition)",582604.2678,2009006.2654,"High-CMT only","High-CMT",TRUE,FALSE,"A","none","ar6","top_33pct",0.333333333333333
"AIM/CGE V2.2","ENGAGE-NPi2020-700","C3","2C (Medium-Ambition)",488068.7663,2048387.646,"Both High",NA,FALSE,FALSE,"A","none","ar6","top_33pct",0.333333333333333
"AIM/CGE V2.2","ENGAGE-NPi2020-700f","C3","2C (Medium-Ambition)",637253.4841,1931847.5093,"High-CMT only","High-CMT",TRUE,FALSE,"A","none","ar6","top_33pct",0.333333333333333
"AIM/CGE V2.2","ENGAGE-NPi2020-800","C3","2C (Medium-Ambition)",507823.3504,2005620.4287,"Both High",NA,FALSE,FALSE,"A","none","ar6","top_33pct",0.333333333333333
"AIM/CGE V2.2","ENGAGE-NPi2020-800f","C3","2C (Medium-Ambition)",705989.5249,1842360.7828,"High-CMT only","High-CMT",TRUE,FALSE,"A","none","ar6","top_33pct",0.333333333333333
"AIM/CGE V2.2","ENGAGE-NPi2020-900","C3","2C (Medium-Ambition)",585453.6601,1913290.9329,"High-CMT only","High-CMT",TRUE,FALSE,"A","none","ar6","top_33pct",0.333333333333333
"AIM/CGE V2.2","ENGAGE-NPi2020-900f","C3","2C (Medium-Ambition)",711060.1855,1799634.1672,"High-CMT only","High-CMT",TRUE,FALSE,"A","none","ar6","top_33pct",0.333333333333333
"AIM/Hub-Global 2.0","SDI-1.5°C","C1","1.5C (High-Ambition)",0,NA,"Low (both)",NA,FALSE,NA,"A","none","ar6","top_33pct",0.333333333333333
"AIM/Hub-Global 2.0","SDI-2.5°C","C4","2C (Medium-Ambition)",0,NA,"Low (both)",NA,FALSE,NA,"A","none","ar6","top_33pct",0.333333333333333
"AIM/Hub-Global 2.0","SDI-2°C","C3","2C (Medium-Ambition)",0,NA,"Low (both)",NA,FALSE,NA,"A","none","ar6","top_33pct",0.333333333333333
"AIM/Hub-Global 2.0","SDI-well-below-2°C","C3","2C (Medium-Ambition)",0,NA,"Low (both)",NA,FALSE,NA,"A","none","ar6","top_33pct",0.333333333333333
"C-ROADS-5.005","Ratchet-1.5°C-allCDR","C2","1.5C (High-Ambition)",0,NA,"Low (both)",NA,FALSE,NA,"A","none","ar6","top_33pct",0.333333333333333
"C-ROADS-5.005","Ratchet-1.5°C-limCDR","C2","1.5C (High-Ambition)",0,NA,"Low (both)",NA,FALSE,NA,"A","none","ar6","top_33pct",0.333333333333333
"C-ROADS-5.005","Ratchet-1.5°C-limCDR-noOvershoot","C1","1.5C (High-Ambition)",0,NA,"Low (both)",NA,FALSE,NA,"A","none","ar6","top_33pct",0.333333333333333
"C-ROADS-5.005","Ratchet-1.5°C-noCDR","C1","1.5C (High-Ambition)",0,NA,"Low (both)",NA,FALSE,NA,"A","none","ar6","top_33pct",0.333333333333333
"C-ROADS-5.005","Ratchet-1.5°C-noCDR-noOvershoot","C1","1.5C (High-Ambition)",0,NA,"Low (both)",NA,FALSE,NA,"A","none","ar6","top_33pct",0.333333333333333
"CGEM-ESM 1.0","China-2060-SSP2-2°C","C3","2C (Medium-Ambition)",219206.401045251,NA,"Low (both)",NA,FALSE,NA,"A","none","ar6","top_33pct",0.333333333333333
"COFFEE 1.1","COMMIT-2°C-2020","C4","2C (Medium-Ambition)",487261.749689,1800608.63188949,"High-CMT only","High-CMT",TRUE,FALSE,"A","none","ar6","top_33pct",0.333333333333333
"COFFEE 1.1","COMMIT-2°C-2030","C4","2C (Medium-Ambition)",477451.5573045,1777772.45173701,"High-CMT only","High-CMT",TRUE,FALSE,"A","none","ar6","top_33pct",0.333333333333333
"COFFEE 1.1","COMMIT-Baseline","C4","2C (Medium-Ambition)",1327.0163475,1208863.18586111,"Low (both)",NA,FALSE,FALSE,"A","none","ar6","top_33pct",0.333333333333333
"COFFEE 1.1","COMMIT-Bridge","C3","2C (Medium-Ambition)",481733.5516775,1748085.10314151,"High-CMT only","High-CMT",TRUE,FALSE,"A","none","ar6","top_33pct",0.333333333333333
"COFFEE 1.1","COMMIT-Current-Policies","C4","2C (Medium-Ambition)",1112.340015,692217.262327375,"Low (both)",NA,FALSE,FALSE,"A","none","ar6","top_33pct",0.333333333333333
"COFFEE 1.1","COMMIT-GPP","C3","2C (Medium-Ambition)",150035.736049,1180724.7187111,"Low (both)",NA,FALSE,FALSE,"A","none","ar6","top_33pct",0.333333333333333
"COFFEE 1.1","COMMIT-NDCplus","C4","2C (Medium-Ambition)",1215.1490325,803312.04720296,"Low (both)",NA,FALSE,FALSE,"A","none","ar6","top_33pct",0.333333333333333
"COFFEE 1.1","ENGAGE-INDCi2030-1000","C4","2C (Medium-Ambition)",216224.401972417,1584284.63343031,"Low (both)",NA,FALSE,FALSE,"A","none","ar6","top_33pct",0.333333333333333
"COFFEE 1.1","ENGAGE-INDCi2030-1000-COV-NDCp","C4","2C (Medium-Ambition)",330741.989459,1484115.27726395,"Low (both)",NA,FALSE,FALSE,"A","none","ar6","top_33pct",0.333333333333333
"COFFEE 1.1","ENGAGE-INDCi2030-1000-NDCp","C4","2C (Medium-Ambition)",355786.079614,1672230.32563561,"Low (both)",NA,FALSE,FALSE,"A","none","ar6","top_33pct",0.333333333333333
"COFFEE 1.1","ENGAGE-INDCi2030-1000f","C3","2C (Medium-Ambition)",297504.948015242,1525754.39945961,"Low (both)",NA,FALSE,FALSE,"A","none","ar6","top_33pct",0.333333333333333
"COFFEE 1.1","ENGAGE-INDCi2030-1000f-COV-NDCp","C4","2C (Medium-Ambition)",387372.5552285,1437620.41514013,"Low (both)",NA,FALSE,FALSE,"A","none","ar6","top_33pct",0.333333333333333
"COFFEE 1.1","ENGAGE-INDCi2030-1000f-NDCp","C4","2C (Medium-Ambition)",425000.3404735,1578102.68653606,"Low (both)",NA,FALSE,FALSE,"A","none","ar6","top_33pct",0.333333333333333
"COFFEE 1.1","ENGAGE-INDCi2030-1200","C4","2C (Medium-Ambition)",326495.97232863,1436260.93044105,"Low (both)",NA,FALSE,FALSE,"A","none","ar6","top_33pct",0.333333333333333
"COFFEE 1.1","ENGAGE-INDCi2030-1200f","C3","2C (Medium-Ambition)",254424.610220584,1415919.73866737,"Low (both)",NA,FALSE,FALSE,"A","none","ar6","top_33pct",0.333333333333333
"COFFEE 1.1","ENGAGE-INDCi2030-1400","C3","2C (Medium-Ambition)",183243.985435471,1292644.37657292,"Low (both)",NA,FALSE,FALSE,"A","none","ar6","top_33pct",0.333333333333333
"COFFEE 1.1","ENGAGE-INDCi2030-1400f","C3","2C (Medium-Ambition)",211497.918807712,1344709.69575156,"Low (both)",NA,FALSE,FALSE,"A","none","ar6","top_33pct",0.333333333333333
"COFFEE 1.1","ENGAGE-INDCi2030-1600","C3","2C (Medium-Ambition)",152737.545831367,1206789.08324233,"Low (both)",NA,FALSE,FALSE,"A","none","ar6","top_33pct",0.333333333333333
"COFFEE 1.1","ENGAGE-INDCi2030-1600f","C3","2C (Medium-Ambition)",173736.097228695,1247018.57912879,"Low (both)",NA,FALSE,FALSE,"A","none","ar6","top_33pct",0.333333333333333
"COFFEE 1.1","ENGAGE-INDCi2030-1800","C3","2C (Medium-Ambition)",129674.061040199,1100261.27319852,"Low (both)",NA,FALSE,FALSE,"A","none","ar6","top_33pct",0.333333333333333
"COFFEE 1.1","ENGAGE-INDCi2030-1800f","C3","2C (Medium-Ambition)",147879.426853883,1169665.77614028,"Low (both)",NA,FALSE,FALSE,"A","none","ar6","top_33pct",0.333333333333333
"COFFEE 1.1","ENGAGE-INDCi2030-2000","C3","2C (Medium-Ambition)",111886.319920252,1045263.48363866,"Low (both)",NA,FALSE,FALSE,"A","none","ar6","top_33pct",0.333333333333333
"COFFEE 1.1","ENGAGE-INDCi2030-2000f","C3","2C (Medium-Ambition)",119656.784575222,1076971.06454071,"Low (both)",NA,FALSE,FALSE,"A","none","ar6","top_33pct",0.333333333333333
"COFFEE 1.1","ENGAGE-INDCi2030-2500","C4","2C (Medium-Ambition)",51659.5079449858,899635.909959535,"Low (both)",NA,FALSE,FALSE,"A","none","ar6","top_33pct",0.333333333333333
"COFFEE 1.1","ENGAGE-INDCi2030-2500f","C4","2C (Medium-Ambition)",51659.5079449858,899635.909959535,"Low (both)",NA,FALSE,FALSE,"A","none","ar6","top_33pct",0.333333333333333
"COFFEE 1.1","ENGAGE-INDCi2030-400f","C2","1.5C (High-Ambition)",367099.657287327,1905176.26229361,"Low (both)",NA,FALSE,FALSE,"A","none","ar6","top_33pct",0.333333333333333
"COFFEE 1.1","ENGAGE-INDCi2030-500","C3","2C (Medium-Ambition)",255159.469535452,2194875.07329353,"High-RE only","High-RE",FALSE,TRUE,"A","none","ar6","top_33pct",0.333333333333333
"COFFEE 1.1","ENGAGE-INDCi2030-500f","C2","1.5C (High-Ambition)",363902.770520244,1863242.51448063,"Low (both)",NA,FALSE,FALSE,"A","none","ar6","top_33pct",0.333333333333333
"COFFEE 1.1","ENGAGE-INDCi2030-600","C3","2C (Medium-Ambition)",249174.699627625,2064936.37129687,"High-RE only","High-RE",FALSE,TRUE,"A","none","ar6","top_33pct",0.333333333333333
"COFFEE 1.1","ENGAGE-INDCi2030-600-COV-NDCp","C3","2C (Medium-Ambition)",367854.281956,1878395.44623946,"Low (both)",NA,FALSE,FALSE,"A","none","ar6","top_33pct",0.333333333333333
"COFFEE 1.1","ENGAGE-INDCi2030-600-NDCp","C3","2C (Medium-Ambition)",385207.027421,2088063.74304085,"High-RE only","High-RE",FALSE,TRUE,"A","none","ar6","top_33pct",0.333333333333333
"COFFEE 1.1","ENGAGE-INDCi2030-600f","C4","2C (Medium-Ambition)",351506.690817607,1789482.95017703,"Low (both)",NA,FALSE,FALSE,"A","none","ar6","top_33pct",0.333333333333333
"COFFEE 1.1","ENGAGE-INDCi2030-600f-COV-NDCp","C4","2C (Medium-Ambition)",459852.225863,1697601.51688194,"Low (both)",NA,FALSE,FALSE,"A","none","ar6","top_33pct",0.333333333333333
"COFFEE 1.1","ENGAGE-INDCi2030-600f-NDCp","C4","2C (Medium-Ambition)",489544.1715545,1861956.89308923,"High-CMT only","High-CMT",TRUE,FALSE,"A","none","ar6","top_33pct",0.333333333333333
"COFFEE 1.1","ENGAGE-INDCi2030-700","C3","2C (Medium-Ambition)",259605.049097918,1933307.67627399,"High-RE only","High-RE",FALSE,TRUE,"A","none","ar6","top_33pct",0.333333333333333
"COFFEE 1.1","ENGAGE-INDCi2030-700f","C4","2C (Medium-Ambition)",337654.419169346,1720655.75969548,"Low (both)",NA,FALSE,FALSE,"A","none","ar6","top_33pct",0.333333333333333
"COFFEE 1.1","ENGAGE-INDCi2030-800","C3","2C (Medium-Ambition)",216224.401972417,1799492.90861296,"Low (both)",NA,FALSE,FALSE,"A","none","ar6","top_33pct",0.333333333333333
"COFFEE 1.1","ENGAGE-INDCi2030-800f","C4","2C (Medium-Ambition)",326332.902976968,1656449.05917737,"Low (both)",NA,FALSE,FALSE,"A","none","ar6","top_33pct",0.333333333333333
"COFFEE 1.1","ENGAGE-INDCi2030-900","C3","2C (Medium-Ambition)",373482.58403418,1658585.07973137,"Low (both)",NA,FALSE,FALSE,"A","none","ar6","top_33pct",0.333333333333333
"COFFEE 1.1","ENGAGE-INDCi2030-900f","C4","2C (Medium-Ambition)",314653.64156337,1596477.82441686,"Low (both)",NA,FALSE,FALSE,"A","none","ar6","top_33pct",0.333333333333333
"COFFEE 1.1","ENGAGE-INDCi2100","C4","2C (Medium-Ambition)",1188.8100725,767492.088694195,"Low (both)",NA,FALSE,FALSE,"A","none","ar6","top_33pct",0.333333333333333
"COFFEE 1.1","ENGAGE-INDCi2100-COV-NDCp","C4","2C (Medium-Ambition)",1186.7738325,785238.061809548,"Low (both)",NA,FALSE,FALSE,"A","none","ar6","top_33pct",0.333333333333333
"COFFEE 1.1","ENGAGE-INDCi2100-NDCp","C4","2C (Medium-Ambition)",1551.2548575,837712.6219247,"Low (both)",NA,FALSE,FALSE,"A","none","ar6","top_33pct",0.333333333333333
"COFFEE 1.1","ENGAGE-NPi2020-1000","C4","2C (Medium-Ambition)",220890.937354494,1608351.95824495,"Low (both)",NA,FALSE,FALSE,"A","none","ar6","top_33pct",0.333333333333333
"COFFEE 1.1","ENGAGE-NPi2020-1000-COV","C4","2C (Medium-Ambition)",325850.0761505,1422048.07161225,"Low (both)",NA,FALSE,FALSE,"A","none","ar6","top_33pct",0.333333333333333
"COFFEE 1.1","ENGAGE-NPi2020-1000f","C3","2C (Medium-Ambition)",319287.352614719,1553072.82208257,"Low (both)",NA,FALSE,FALSE,"A","none","ar6","top_33pct",0.333333333333333
"COFFEE 1.1","ENGAGE-NPi2020-1000f-COV","C3","2C (Medium-Ambition)",404626.5353425,1406886.51898745,"Low (both)",NA,FALSE,FALSE,"A","none","ar6","top_33pct",0.333333333333333
"COFFEE 1.1","ENGAGE-NPi2020-1200","C4","2C (Medium-Ambition)",202287.364207881,1488431.88170741,"Low (both)",NA,FALSE,FALSE,"A","none","ar6","top_33pct",0.333333333333333
"COFFEE 1.1","ENGAGE-NPi2020-1200f","C3","2C (Medium-Ambition)",274576.049742368,1454546.83843041,"Low (both)",NA,FALSE,FALSE,"A","none","ar6","top_33pct",0.333333333333333
"COFFEE 1.1","ENGAGE-NPi2020-1400","C3","2C (Medium-Ambition)",204319.352541648,1353849.88855989,"Low (both)",NA,FALSE,FALSE,"A","none","ar6","top_33pct",0.333333333333333
"COFFEE 1.1","ENGAGE-NPi2020-1400f","C3","2C (Medium-Ambition)",236361.225804196,1371093.70789084,"Low (both)",NA,FALSE,FALSE,"A","none","ar6","top_33pct",0.333333333333333
"COFFEE 1.1","ENGAGE-NPi2020-1600","C3","2C (Medium-Ambition)",173291.0360893,1253831.59967544,"Low (both)",NA,FALSE,FALSE,"A","none","ar6","top_33pct",0.333333333333333
"COFFEE 1.1","ENGAGE-NPi2020-1600f","C3","2C (Medium-Ambition)",183782.093106061,1277127.04392095,"Low (both)",NA,FALSE,FALSE,"A","none","ar6","top_33pct",0.333333333333333
"COFFEE 1.1","ENGAGE-NPi2020-1800","C3","2C (Medium-Ambition)",137426.876729243,1143644.59708873,"Low (both)",NA,FALSE,FALSE,"A","none","ar6","top_33pct",0.333333333333333
"COFFEE 1.1","ENGAGE-NPi2020-1800f","C3","2C (Medium-Ambition)",148497.870042758,1202021.31500084,"Low (both)",NA,FALSE,FALSE,"A","none","ar6","top_33pct",0.333333333333333
"COFFEE 1.1","ENGAGE-NPi2020-2000","C3","2C (Medium-Ambition)",113050.058433303,1077285.15470914,"Low (both)",NA,FALSE,FALSE,"A","none","ar6","top_33pct",0.333333333333333
"COFFEE 1.1","ENGAGE-NPi2020-2000f","C3","2C (Medium-Ambition)",117169.232327549,1100424.1924417,"Low (both)",NA,FALSE,FALSE,"A","none","ar6","top_33pct",0.333333333333333
"COFFEE 1.1","ENGAGE-NPi2020-2500","C4","2C (Medium-Ambition)",113050.058433303,903032.076671925,"Low (both)",NA,FALSE,FALSE,"A","none","ar6","top_33pct",0.333333333333333
"COFFEE 1.1","ENGAGE-NPi2020-2500f","C4","2C (Medium-Ambition)",46283.6288543366,903032.076752225,"Low (both)",NA,FALSE,FALSE,"A","none","ar6","top_33pct",0.333333333333333
"COFFEE 1.1","ENGAGE-NPi2020-400","C1","1.5C (High-Ambition)",274254.014896449,2183541.71990434,"Low (both)",NA,FALSE,FALSE,"A","none","ar6","top_33pct",0.333333333333333
"COFFEE 1.1","ENGAGE-NPi2020-400-lowBECCS","C3","2C (Medium-Ambition)",269395.049863,2367725.21856777,"High-RE only","High-RE",FALSE,TRUE,"A","none","ar6","top_33pct",0.333333333333333
"COFFEE 1.1","ENGAGE-NPi2020-400f","C2","1.5C (High-Ambition)",374560.968854716,1940874.3686385,"Low (both)",NA,FALSE,FALSE,"A","none","ar6","top_33pct",0.333333333333333
"COFFEE 1.1","ENGAGE-NPi2020-400f-lowBECCS","C3","2C (Medium-Ambition)",254899.2620965,2176311.90964825,"High-RE only","High-RE",FALSE,TRUE,"A","none","ar6","top_33pct",0.333333333333333
"COFFEE 1.1","ENGAGE-NPi2020-500","C3","2C (Medium-Ambition)",274322.735454574,2039609.78561823,"High-RE only","High-RE",FALSE,TRUE,"A","none","ar6","top_33pct",0.333333333333333
"COFFEE 1.1","ENGAGE-NPi2020-500f","C2","1.5C (High-Ambition)",373580.952243163,1882143.55495299,"Low (both)",NA,FALSE,FALSE,"A","none","ar6","top_33pct",0.333333333333333
"COFFEE 1.1","ENGAGE-NPi2020-600","C3","2C (Medium-Ambition)",277183.634562598,1938461.29330763,"High-RE only","High-RE",FALSE,TRUE,"A","none","ar6","top_33pct",0.333333333333333
"COFFEE 1.1","ENGAGE-NPi2020-600-COV","C3","2C (Medium-Ambition)",370504.2482835,1751767.50689664,"Low (both)",NA,FALSE,FALSE,"A","none","ar6","top_33pct",0.333333333333333
"COFFEE 1.1","ENGAGE-NPi2020-600f","C4","2C (Medium-Ambition)",361037.722652609,1800608.63188949,"Low (both)",NA,FALSE,FALSE,"A","none","ar6","top_33pct",0.333333333333333
"COFFEE 1.1","ENGAGE-NPi2020-600f-COV","C4","2C (Medium-Ambition)",458231.0723835,1645137.44134647,"Low (both)",NA,FALSE,FALSE,"A","none","ar6","top_33pct",0.333333333333333
"COFFEE 1.1","ENGAGE-NPi2020-700","C3","2C (Medium-Ambition)",259123.118975325,1857723.61009789,"Low (both)",NA,FALSE,FALSE,"A","none","ar6","top_33pct",0.333333333333333
"COFFEE 1.1","ENGAGE-NPi2020-700f","C4","2C (Medium-Ambition)",351537.652078417,1733242.11831706,"Low (both)",NA,FALSE,FALSE,"A","none","ar6","top_33pct",0.333333333333333
"COFFEE 1.1","ENGAGE-NPi2020-800","C3","2C (Medium-Ambition)",250478.773287041,1770301.24290814,"Low (both)",NA,FALSE,FALSE,"A","none","ar6","top_33pct",0.333333333333333
"COFFEE 1.1","ENGAGE-NPi2020-800f","C4","2C (Medium-Ambition)",337249.496180705,1679538.27233238,"Low (both)",NA,FALSE,FALSE,"A","none","ar6","top_33pct",0.333333333333333
"COFFEE 1.1","ENGAGE-NPi2020-900","C3","2C (Medium-Ambition)",241433.078720013,1681771.2453216,"Low (both)",NA,FALSE,FALSE,"A","none","ar6","top_33pct",0.333333333333333
"COFFEE 1.1","ENGAGE-NPi2020-900f","C4","2C (Medium-Ambition)",325717.930852669,1618786.0687926,"Low (both)",NA,FALSE,FALSE,"A","none","ar6","top_33pct",0.333333333333333
"COFFEE 1.1","ENGAGE-NPi2100","C4","2C (Medium-Ambition)",1112.340015,692217.262327375,"Low (both)",NA,FALSE,FALSE,"A","none","ar6","top_33pct",0.333333333333333
"COFFEE 1.1","ENGAGE-NPi2100-COV","C4","2C (Medium-Ambition)",1083.2995805,652326.357861175,"Low (both)",NA,FALSE,FALSE,"A","none","ar6","top_33pct",0.333333333333333
"COFFEE 1.5","ENGAGE-Feasibility-1000/Cost-Effective","C4","2C (Medium-Ambition)",183398.420038514,1190151.54349743,"Low (both)",NA,FALSE,FALSE,"A","none","ar6","top_33pct",0.333333333333333
"COFFEE 1.5","ENGAGE-Feasibility-1000/Technology","C3","2C (Medium-Ambition)",197208.596077195,1482733.42430711,"Low (both)",NA,FALSE,FALSE,"A","none","ar6","top_33pct",0.333333333333333
"COFFEE 1.5","NAVIGATE Demand-1.5°C-act_u","C3","2C (Medium-Ambition)",362972.5104065,1325097.00706417,"Low (both)",NA,FALSE,FALSE,"A","none","ar6","top_33pct",0.333333333333333
"COFFEE 1.5","NAVIGATE Demand-1.5°C-all_u","C3","2C (Medium-Ambition)",360775.96467,1276468.33632907,"Low (both)",NA,FALSE,FALSE,"A","none","ar6","top_33pct",0.333333333333333
"COFFEE 1.5","NAVIGATE Demand-1.5°C-ele_u","C3","2C (Medium-Ambition)",370523.000944,1505798.39937963,"Low (both)",NA,FALSE,FALSE,"A","none","ar6","top_33pct",0.333333333333333
"COFFEE 1.5","NAVIGATE Demand-1.5°C-ref","C3","2C (Medium-Ambition)",367606.261072,1479858.72843019,"Low (both)",NA,FALSE,FALSE,"A","none","ar6","top_33pct",0.333333333333333
"COFFEE 1.5","NAVIGATE Demand-1.5°C-tec_u","C3","2C (Medium-Ambition)",360299.6277385,1341928.24017756,"Low (both)",NA,FALSE,FALSE,"A","none","ar6","top_33pct",0.333333333333333
"COFFEE 1.5","NAVIGATE Demand-2.0°C-act_u","C4","2C (Medium-Ambition)",396516.531666,998330.9730953,"Low (both)",NA,FALSE,FALSE,"A","none","ar6","top_33pct",0.333333333333333
"COFFEE 1.5","NAVIGATE Demand-2.0°C-all_u","C4","2C (Medium-Ambition)",332692.65796,1013047.58375328,"Low (both)",NA,FALSE,FALSE,"A","none","ar6","top_33pct",0.333333333333333
"COFFEE 1.5","NAVIGATE Demand-2.0°C-ele_u","C4","2C (Medium-Ambition)",365946.712839,1212347.23664841,"Low (both)",NA,FALSE,FALSE,"A","none","ar6","top_33pct",0.333333333333333
"COFFEE 1.5","NAVIGATE Demand-2.0°C-ref","C4","2C (Medium-Ambition)",413122.8818445,1132011.45159557,"Low (both)",NA,FALSE,FALSE,"A","none","ar6","top_33pct",0.333333333333333
"COFFEE 1.5","NAVIGATE Demand-2.0°C-tec_u","C4","2C (Medium-Ambition)",379885.4652535,1002010.31910522,"Low (both)",NA,FALSE,FALSE,"A","none","ar6","top_33pct",0.333333333333333
"COFFEE 1.5","NAVIGATE Demand-NPi-act","C3","2C (Medium-Ambition)",118.292,738821.016220815,"Low (both)",NA,FALSE,FALSE,"A","none","ar6","top_33pct",0.333333333333333
"COFFEE 1.5","NAVIGATE Demand-NPi-all","C3","2C (Medium-Ambition)",61.68515,898393.542496162,"Low (both)",NA,FALSE,FALSE,"A","none","ar6","top_33pct",0.333333333333333
"COFFEE 1.5","NAVIGATE Demand-NPi-ele","C3","2C (Medium-Ambition)",531.9012,1001812.53220902,"Low (both)",NA,FALSE,FALSE,"A","none","ar6","top_33pct",0.333333333333333
"COFFEE 1.5","NAVIGATE Demand-NPi-ref","C4","2C (Medium-Ambition)",521.6362,769104.12484959,"Low (both)",NA,FALSE,FALSE,"A","none","ar6","top_33pct",0.333333333333333
"COFFEE 1.5","NAVIGATE Demand-NPi-tec","C3","2C (Medium-Ambition)",466.737225,793224.553579307,"Low (both)",NA,FALSE,FALSE,"A","none","ar6","top_33pct",0.333333333333333
"GCAM 4.2","SSP1-19","C1","1.5C (High-Ambition)",0,NA,"Low (both)",NA,FALSE,NA,"A","none","ar6","top_33pct",0.333333333333333
"GCAM 4.2","SSP1-26","C3","2C (Medium-Ambition)",0,NA,"Low (both)",NA,FALSE,NA,"A","none","ar6","top_33pct",0.333333333333333
"GCAM 4.2","SSP1-34","C3","2C (Medium-Ambition)",0,NA,"Low (both)",NA,FALSE,NA,"A","none","ar6","top_33pct",0.333333333333333
"GCAM 4.2","SSP1-45","C3","2C (Medium-Ambition)",0,NA,"Low (both)",NA,FALSE,NA,"A","none","ar6","top_33pct",0.333333333333333
"GCAM 4.2","SSP2-19","C2","1.5C (High-Ambition)",0,NA,"Low (both)",NA,FALSE,NA,"A","none","ar6","top_33pct",0.333333333333333
"GCAM 4.2","SSP2-26","C4","2C (Medium-Ambition)",0,NA,"Low (both)",NA,FALSE,NA,"A","none","ar6","top_33pct",0.333333333333333
"GCAM 4.2","SSP2-34","C3","2C (Medium-Ambition)",0,NA,"Low (both)",NA,FALSE,NA,"A","none","ar6","top_33pct",0.333333333333333
"GCAM 4.2","SSP2-45","C4","2C (Medium-Ambition)",0,NA,"Low (both)",NA,FALSE,NA,"A","none","ar6","top_33pct",0.333333333333333
"GCAM 4.2","SSP2-60","C4","2C (Medium-Ambition)",0,NA,"Low (both)",NA,FALSE,NA,"A","none","ar6","top_33pct",0.333333333333333
"GCAM 4.2","SSP4-26","C3","2C (Medium-Ambition)",0,NA,"Low (both)",NA,FALSE,NA,"A","none","ar6","top_33pct",0.333333333333333
"GCAM 4.2","SSP4-34","C3","2C (Medium-Ambition)",0,NA,"Low (both)",NA,FALSE,NA,"A","none","ar6","top_33pct",0.333333333333333
"GCAM 4.2","SSP4-45","C3","2C (Medium-Ambition)",0,NA,"Low (both)",NA,FALSE,NA,"A","none","ar6","top_33pct",0.333333333333333
"GCAM 4.2","SSP5-19","C2","1.5C (High-Ambition)",0,NA,"Low (both)",NA,FALSE,NA,"A","none","ar6","top_33pct",0.333333333333333
"GCAM 4.2","SSP5-26","C4","2C (Medium-Ambition)",0,NA,"Low (both)",NA,FALSE,NA,"A","none","ar6","top_33pct",0.333333333333333
"GCAM 4.2","SSP5-34","C3","2C (Medium-Ambition)",0,NA,"Low (both)",NA,FALSE,NA,"A","none","ar6","top_33pct",0.333333333333333
"GCAM 4.2","SSP5-45","C3","2C (Medium-Ambition)",0,NA,"Low (both)",NA,FALSE,NA,"A","none","ar6","top_33pct",0.333333333333333
"GCAM 4.2","SSP5-60","C4","2C (Medium-Ambition)",0,NA,"Low (both)",NA,FALSE,NA,"A","none","ar6","top_33pct",0.333333333333333
"GCAM 5.2","NGFS Phase 1-Immediate 2C°C with CDR","C4","2C (Medium-Ambition)",371321.392665554,1445618.95529138,"Low (both)",NA,FALSE,FALSE,"A","none","ar6","top_33pct",0.333333333333333
"GCAM 5.3","Deep-Mitigation-MAC_30_n0","C1","1.5C (High-Ambition)",932776.389727712,NA,"Low (both)",NA,NA,FALSE,"A","none","ar6","top_33pct",0.333333333333333
"GCAM 5.3","Deep-Mitigation-MAC_35_n0","C3","2C (Medium-Ambition)",927453.664617321,NA,"Low (both)",NA,NA,FALSE,"A","none","ar6","top_33pct",0.333333333333333
"GCAM 5.3","Deep-Mitigation-MAC_35_n8","C1","1.5C (High-Ambition)",707549.994266031,NA,"Low (both)",NA,NA,FALSE,"A","none","ar6","top_33pct",0.333333333333333
"GCAM 5.3","Deep-Mitigation-MAC_40_n0","C3","2C (Medium-Ambition)",920519.464495924,NA,"Low (both)",NA,NA,FALSE,"A","none","ar6","top_33pct",0.333333333333333
"GCAM 5.3","Deep-Mitigation-MAC_40_n8","C1","1.5C (High-Ambition)",707063.050879531,NA,"Low (both)",NA,NA,FALSE,"A","none","ar6","top_33pct",0.333333333333333
"GCAM 5.3","Deep-Mitigation-MAC_45_n0","C3","2C (Medium-Ambition)",908517.946261568,NA,"Low (both)",NA,NA,FALSE,"A","none","ar6","top_33pct",0.333333333333333
"GCAM 5.3","Deep-Mitigation-MAC_45_n8","C1","1.5C (High-Ambition)",703293.99796486,NA,"Low (both)",NA,NA,FALSE,"A","none","ar6","top_33pct",0.333333333333333
"GCAM 5.3","Deep-Mitigation-MAC_50_n0","C3","2C (Medium-Ambition)",896762.335194902,NA,"Low (both)",NA,NA,FALSE,"A","none","ar6","top_33pct",0.333333333333333
"GCAM 5.3","Deep-Mitigation-MAC_50_n8","C1","1.5C (High-Ambition)",704041.331809964,NA,"Low (both)",NA,NA,FALSE,"A","none","ar6","top_33pct",0.333333333333333
"GCAM 5.3","Deep-Mitigation-MAC_55_n0","C3","2C (Medium-Ambition)",879940.551248589,NA,"Low (both)",NA,NA,FALSE,"A","none","ar6","top_33pct",0.333333333333333
"GCAM 5.3","Deep-Mitigation-MAC_55_n8","C2","1.5C (High-Ambition)",703322.856839915,NA,"Low (both)",NA,NA,FALSE,"A","none","ar6","top_33pct",0.333333333333333
"GCAM 5.3","Deep-Mitigation-MAC_60_n0","C3","2C (Medium-Ambition)",863107.215749683,NA,"Low (both)",NA,NA,FALSE,"A","none","ar6","top_33pct",0.333333333333333
"GCAM 5.3","Deep-Mitigation-MAC_60_n8","C2","1.5C (High-Ambition)",704954.433188767,NA,"Low (both)",NA,NA,FALSE,"A","none","ar6","top_33pct",0.333333333333333
"GCAM 5.3","Deep-Mitigation-MAC_65_n0","C3","2C (Medium-Ambition)",847574.934957646,NA,"Low (both)",NA,NA,FALSE,"A","none","ar6","top_33pct",0.333333333333333
"GCAM 5.3","Deep-Mitigation-MAC_65_n8","C3","2C (Medium-Ambition)",716761.336386075,NA,"Low (both)",NA,NA,FALSE,"A","none","ar6","top_33pct",0.333333333333333
"GCAM 5.3","Deep-Mitigation-MAC_70_n0","C4","2C (Medium-Ambition)",835062.994918016,NA,"Low (both)",NA,NA,FALSE,"A","none","ar6","top_33pct",0.333333333333333
"GCAM 5.3","Deep-Mitigation-MAC_70_n8","C3","2C (Medium-Ambition)",726758.482269325,NA,"Low (both)",NA,NA,FALSE,"A","none","ar6","top_33pct",0.333333333333333
"GCAM 5.3","Deep-Mitigation-MAC_75_n0","C4","2C (Medium-Ambition)",825039.605696702,NA,"Low (both)",NA,NA,FALSE,"A","none","ar6","top_33pct",0.333333333333333
"GCAM 5.3","Deep-Mitigation-MAC_75_n8","C3","2C (Medium-Ambition)",734649.440255538,NA,"Low (both)",NA,NA,FALSE,"A","none","ar6","top_33pct",0.333333333333333
"GCAM 5.3","Deep-Mitigation-MAC_80_n0","C4","2C (Medium-Ambition)",815494.16015476,NA,"Low (both)",NA,NA,FALSE,"A","none","ar6","top_33pct",0.333333333333333
"GCAM 5.3","Deep-Mitigation-MAC_80_n8","C4","2C (Medium-Ambition)",743113.18155469,NA,"Low (both)",NA,NA,FALSE,"A","none","ar6","top_33pct",0.333333333333333
"GCAM 5.3","Deep-Mitigation-MAC_85_n0","C3","2C (Medium-Ambition)",806962.653981784,NA,"Low (both)",NA,NA,FALSE,"A","none","ar6","top_33pct",0.333333333333333
"GCAM 5.3","Deep-Mitigation-MAC_85_n8","C4","2C (Medium-Ambition)",751703.513753668,NA,"Low (both)",NA,NA,FALSE,"A","none","ar6","top_33pct",0.333333333333333
"GCAM 5.3","Deep-Mitigation-MAC_90_n0","C3","2C (Medium-Ambition)",799304.539726954,NA,"Low (both)",NA,NA,FALSE,"A","none","ar6","top_33pct",0.333333333333333
"GCAM 5.3","Deep-Mitigation-MAC_90_n8","C4","2C (Medium-Ambition)",759989.021690069,NA,"Low (both)",NA,NA,FALSE,"A","none","ar6","top_33pct",0.333333333333333
"GCAM 5.3","Deep-Mitigation-MAC_95_n0","C3","2C (Medium-Ambition)",792111.793252244,NA,"Low (both)",NA,NA,FALSE,"A","none","ar6","top_33pct",0.333333333333333
"GCAM 5.3","Deep-Mitigation-MAC_95_n8","C4","2C (Medium-Ambition)",769246.92878026,NA,"Low (both)",NA,NA,FALSE,"A","none","ar6","top_33pct",0.333333333333333
"GCAM 5.3","Deep-Mitigation-MAC_99_n0","C3","2C (Medium-Ambition)",784856.419374459,NA,"Low (both)",NA,NA,FALSE,"A","none","ar6","top_33pct",0.333333333333333
"GCAM 5.3","Deep-Mitigation-MAC_99_n8","C3","2C (Medium-Ambition)",780710.887600835,NA,"Low (both)",NA,NA,FALSE,"A","none","ar6","top_33pct",0.333333333333333
"GCAM 5.3","Deep-Mitigation-SSP2","C3","2C (Medium-Ambition)",456217.383641516,NA,"Low (both)",NA,FALSE,NA,"A","none","ar6","top_33pct",0.333333333333333
"GCAM 5.3","Deep-Mitigation-SSP3","C2","1.5C (High-Ambition)",473162.743219088,NA,"Low (both)",NA,FALSE,NA,"A","none","ar6","top_33pct",0.333333333333333
"GCAM 5.3","Deep-Mitigation-SSP4","C2","1.5C (High-Ambition)",533063.931015377,NA,"Low (both)",NA,NA,FALSE,"A","none","ar6","top_33pct",0.333333333333333
"GCAM 5.3","Deep-Mitigation-SSP5","C3","2C (Medium-Ambition)",992704.717286492,NA,"Low (both)",NA,NA,FALSE,"A","none","ar6","top_33pct",0.333333333333333
"GCAM 5.3","NGFS Phase 2-Below 2°C","C3","2C (Medium-Ambition)",377729.131036242,1622560.92572438,"Low (both)",NA,FALSE,FALSE,"A","none","ar6","top_33pct",0.333333333333333
"GCAM 5.3","NGFS Phase 2-Current Policies","C4","2C (Medium-Ambition)",0.041437020269,718223.047366125,"Low (both)",NA,FALSE,FALSE,"A","none","ar6","top_33pct",0.333333333333333
"GCAM 5.3","NGFS Phase 2-Delayed Transition","C4","2C (Medium-Ambition)",227937.419779798,1853062.89833771,"Low (both)",NA,FALSE,FALSE,"A","none","ar6","top_33pct",0.333333333333333
"GCAM 5.3","NGFS Phase 2-Divergent Net Zero Policies","C2","1.5C (High-Ambition)",354902.094630091,1891879.2335584,"Low (both)",NA,FALSE,FALSE,"A","none","ar6","top_33pct",0.333333333333333
"GCAM 5.3","NGFS Phase 2-Nationally Determined Contributions (NDCs)","C3","2C (Medium-Ambition)",344077.760593715,1134962.42340978,"Low (both)",NA,FALSE,FALSE,"A","none","ar6","top_33pct",0.333333333333333
"GCAM 5.3","NGFS Phase 2-Net-Zero 2050","C2","1.5C (High-Ambition)",319080.910542721,1778694.35706317,"Low (both)",NA,FALSE,FALSE,"A","none","ar6","top_33pct",0.333333333333333
"GCAM 6.0 NGFS","NGFS Phase 5-Below 2°C","C3","2C (Medium-Ambition)",184448.637380725,3090792.87190375,"High-RE only","High-RE",FALSE,TRUE,"A","none","ar6","top_33pct",0.333333333333333
"GCAM 6.0 NGFS","NGFS Phase 5-Current Policies","C4","2C (Medium-Ambition)",73674.8075277468,1554128.97052156,"Low (both)",NA,FALSE,FALSE,"A","none","ar6","top_33pct",0.333333333333333
"GCAM 6.0 NGFS","NGFS Phase 5-Delayed Transition","C3","2C (Medium-Ambition)",175585.401894375,3089545.37987872,"High-RE only","High-RE",FALSE,TRUE,"A","none","ar6","top_33pct",0.333333333333333
"GCAM 6.0 NGFS","NGFS Phase 5-Fragmented World","C3","2C (Medium-Ambition)",181546.49492857,2085327.9398637,"High-RE only","High-RE",FALSE,TRUE,"A","none","ar6","top_33pct",0.333333333333333
"GCAM 6.0 NGFS","NGFS Phase 5-Low Demand","C2","1.5C (High-Ambition)",145178.566646399,2660797.50445951,"Low (both)",NA,FALSE,FALSE,"A","none","ar6","top_33pct",0.333333333333333
"GCAM 6.0 NGFS","NGFS Phase 5-Nationally Determined Contributions (NDCs)","C4","2C (Medium-Ambition)",156137.55556443,1953398.97266,"High-RE only","High-RE",FALSE,TRUE,"A","none","ar6","top_33pct",0.333333333333333
"GCAM 6.0 NGFS","NGFS Phase 5-Net-Zero 2050","C2","1.5C (High-Ambition)",155012.807836231,3336739.4542124,"High-RE only","High-RE",FALSE,TRUE,"A","none","ar6","top_33pct",0.333333333333333
"GCAM 7.0","IAM-COMPACT-Current-Policies-Emissions-Intensity","C3","2C (Medium-Ambition)",1081018.60918283,865559.754031804,"High-CMT only","High-CMT",TRUE,FALSE,"A","none","ar6","top_33pct",0.333333333333333
"GCAM 7.0","IAM-COMPACT-NDC-Emissions-Intensity","C3","2C (Medium-Ambition)",1769242.57884163,932976.126900861,"High-CMT only","High-CMT",TRUE,FALSE,"A","none","ar6","top_33pct",0.333333333333333
"GCAM 7.0","IAM-COMPACT-NDC-Long-Term-Pledges","C4","2C (Medium-Ambition)",2563198.88942046,1021133.79171744,"High-CMT only","High-CMT",TRUE,FALSE,"A","none","ar6","top_33pct",0.333333333333333
"GCAM-PR 5.3","ParisReinforce-Current-Policies-PriceOnly","C4","2C (Medium-Ambition)",168670.595084098,1109315.89695481,"Low (both)",NA,FALSE,FALSE,"A","none","ar6","top_33pct",0.333333333333333
"GCAM-PR 5.3","ParisReinforce-NDC-PriceOnly","C4","2C (Medium-Ambition)",298545.459449045,1204284.09530473,"Low (both)",NA,FALSE,FALSE,"A","none","ar6","top_33pct",0.333333333333333
"GEM-E3 V2021","ENGAGE-INDCi2030-1000","C3","2C (Medium-Ambition)",432247.301751826,1412422.01908843,"Low (both)",NA,FALSE,FALSE,"A","none","ar6","top_33pct",0.333333333333333
"GEM-E3 V2021","ENGAGE-INDCi2030-1000-COV","C3","2C (Medium-Ambition)",403632.719205013,1321418.9397039,"Low (both)",NA,FALSE,FALSE,"A","none","ar6","top_33pct",0.333333333333333
"GEM-E3 V2021","ENGAGE-INDCi2030-1000-COV-NDCp","C3","2C (Medium-Ambition)",402079.800079551,1330941.94836733,"Low (both)",NA,FALSE,FALSE,"A","none","ar6","top_33pct",0.333333333333333
"GEM-E3 V2021","ENGAGE-INDCi2030-1000-NDCp","C3","2C (Medium-Ambition)",435500.020325052,1427433.80268693,"Low (both)",NA,FALSE,FALSE,"A","none","ar6","top_33pct",0.333333333333333
"GEM-E3 V2021","ENGAGE-INDCi2030-1000f","C4","2C (Medium-Ambition)",409062.620376391,1397916.88948974,"Low (both)",NA,FALSE,FALSE,"A","none","ar6","top_33pct",0.333333333333333
"GEM-E3 V2021","ENGAGE-INDCi2030-1000f-COV","C3","2C (Medium-Ambition)",382840.645018149,1308381.79913279,"Low (both)",NA,FALSE,FALSE,"A","none","ar6","top_33pct",0.333333333333333
"GEM-E3 V2021","ENGAGE-INDCi2030-1000f-COV-NDCp","C3","2C (Medium-Ambition)",384494.488715219,1319305.40906843,"Low (both)",NA,FALSE,FALSE,"A","none","ar6","top_33pct",0.333333333333333
"GEM-E3 V2021","ENGAGE-INDCi2030-1000f-NDCp","C4","2C (Medium-Ambition)",410859.950453784,1410059.43812634,"Low (both)",NA,FALSE,FALSE,"A","none","ar6","top_33pct",0.333333333333333
"GEM-E3 V2021","ENGAGE-INDCi2030-1400","C4","2C (Medium-Ambition)",394082.181393114,1285768.93508782,"Low (both)",NA,FALSE,FALSE,"A","none","ar6","top_33pct",0.333333333333333
"GEM-E3 V2021","ENGAGE-INDCi2030-1400f","C4","2C (Medium-Ambition)",394124.96305354,1285478.34234705,"Low (both)",NA,FALSE,FALSE,"A","none","ar6","top_33pct",0.333333333333333
"GEM-E3 V2021","ENGAGE-INDCi2030-1800","C3","2C (Medium-Ambition)",357812.533097327,1174012.38301449,"Low (both)",NA,FALSE,FALSE,"A","none","ar6","top_33pct",0.333333333333333
"GEM-E3 V2021","ENGAGE-INDCi2030-1800f","C3","2C (Medium-Ambition)",357812.533097327,1174012.38301449,"Low (both)",NA,FALSE,FALSE,"A","none","ar6","top_33pct",0.333333333333333
"GEM-E3 V2021","ENGAGE-INDCi2030-600f","C2","1.5C (High-Ambition)",394972.146137195,1535490.37016116,"Low (both)",NA,FALSE,FALSE,"A","none","ar6","top_33pct",0.333333333333333
"GEM-E3 V2021","ENGAGE-INDCi2030-600f-COV","C2","1.5C (High-Ambition)",364819.273379465,1440564.9709185,"Low (both)",NA,FALSE,FALSE,"A","none","ar6","top_33pct",0.333333333333333
"GEM-E3 V2021","ENGAGE-INDCi2030-600f-COV-NDCp","C2","1.5C (High-Ambition)",365230.73138373,1449466.54905337,"Low (both)",NA,FALSE,FALSE,"A","none","ar6","top_33pct",0.333333333333333
"GEM-E3 V2021","ENGAGE-INDCi2030-600f-NDCp","C2","1.5C (High-Ambition)",395245.26464619,1543463.30022535,"Low (both)",NA,FALSE,FALSE,"A","none","ar6","top_33pct",0.333333333333333
"GEM-E3 V2021","ENGAGE-INDCi2030-800","C3","2C (Medium-Ambition)",424643.204059843,1504786.97756537,"Low (both)",NA,FALSE,FALSE,"A","none","ar6","top_33pct",0.333333333333333
"GEM-E3 V2021","ENGAGE-INDCi2030-800f","C2","1.5C (High-Ambition)",399829.864916601,1480967.71738395,"Low (both)",NA,FALSE,FALSE,"A","none","ar6","top_33pct",0.333333333333333
"GEM-E3 V2021","ENGAGE-INDCi2100","C4","2C (Medium-Ambition)",159264.622615488,973448.277127402,"Low (both)",NA,FALSE,FALSE,"A","none","ar6","top_33pct",0.333333333333333
"GEM-E3 V2021","ENGAGE-INDCi2100-COV","C4","2C (Medium-Ambition)",121948.310515163,909070.754463548,"Low (both)",NA,FALSE,FALSE,"A","none","ar6","top_33pct",0.333333333333333
"GEM-E3 V2021","ENGAGE-INDCi2100-COV-NDCp","C4","2C (Medium-Ambition)",130286.242838234,972704.488709599,"Low (both)",NA,FALSE,FALSE,"A","none","ar6","top_33pct",0.333333333333333
"GEM-E3 V2021","ENGAGE-INDCi2100-NDCp","C4","2C (Medium-Ambition)",170642.97530002,1030310.80126607,"Low (both)",NA,FALSE,FALSE,"A","none","ar6","top_33pct",0.333333333333333
"GEM-E3 V2021","ENGAGE-NPi2020-1000","C3","2C (Medium-Ambition)",434998.609629707,1392824.45273089,"Low (both)",NA,FALSE,FALSE,"A","none","ar6","top_33pct",0.333333333333333
"GEM-E3 V2021","ENGAGE-NPi2020-1000-COV","C3","2C (Medium-Ambition)",392819.403659865,1294103.11260037,"Low (both)",NA,FALSE,FALSE,"A","none","ar6","top_33pct",0.333333333333333
"GEM-E3 V2021","ENGAGE-NPi2020-1000f","C4","2C (Medium-Ambition)",406177.635548249,1373786.78979453,"Low (both)",NA,FALSE,FALSE,"A","none","ar6","top_33pct",0.333333333333333
"GEM-E3 V2021","ENGAGE-NPi2020-1000f-COV","C3","2C (Medium-Ambition)",380325.151151716,1282738.27517117,"Low (both)",NA,FALSE,FALSE,"A","none","ar6","top_33pct",0.333333333333333
"GEM-E3 V2021","ENGAGE-NPi2020-1400","C3","2C (Medium-Ambition)",385953.802348838,1266859.83450525,"Low (both)",NA,FALSE,FALSE,"A","none","ar6","top_33pct",0.333333333333333
"GEM-E3 V2021","ENGAGE-NPi2020-1400f","C4","2C (Medium-Ambition)",386697.056116819,1268232.96959627,"Low (both)",NA,FALSE,FALSE,"A","none","ar6","top_33pct",0.333333333333333
"GEM-E3 V2021","ENGAGE-NPi2020-1800","C3","2C (Medium-Ambition)",357121.404239609,1152994.11708378,"Low (both)",NA,FALSE,FALSE,"A","none","ar6","top_33pct",0.333333333333333
"GEM-E3 V2021","ENGAGE-NPi2020-1800f","C3","2C (Medium-Ambition)",357121.404239609,1152994.11708378,"Low (both)",NA,FALSE,FALSE,"A","none","ar6","top_33pct",0.333333333333333
"GEM-E3 V2021","ENGAGE-NPi2020-400f","C2","1.5C (High-Ambition)",400612.509721493,1545758.30679398,"Low (both)",NA,FALSE,FALSE,"A","none","ar6","top_33pct",0.333333333333333
"GEM-E3 V2021","ENGAGE-NPi2020-500","C1","1.5C (High-Ambition)",395683.042949647,1561521.367688,"Low (both)",NA,FALSE,FALSE,"A","none","ar6","top_33pct",0.333333333333333
"GEM-E3 V2021","ENGAGE-NPi2020-500f","C2","1.5C (High-Ambition)",403654.981573094,1513906.82985649,"Low (both)",NA,FALSE,FALSE,"A","none","ar6","top_33pct",0.333333333333333
"GEM-E3 V2021","ENGAGE-NPi2020-600","C2","1.5C (High-Ambition)",435233.774949773,1524765.8285232,"Low (both)",NA,FALSE,FALSE,"A","none","ar6","top_33pct",0.333333333333333
"GEM-E3 V2021","ENGAGE-NPi2020-600-COV","C1","1.5C (High-Ambition)",383908.46607817,1445972.3387159,"Low (both)",NA,FALSE,FALSE,"A","none","ar6","top_33pct",0.333333333333333
"GEM-E3 V2021","ENGAGE-NPi2020-600f","C2","1.5C (High-Ambition)",406070.213257694,1479490.42172831,"Low (both)",NA,FALSE,FALSE,"A","none","ar6","top_33pct",0.333333333333333
"GEM-E3 V2021","ENGAGE-NPi2020-600f-COV","C2","1.5C (High-Ambition)",362613.932189569,1411550.0814039,"Low (both)",NA,FALSE,FALSE,"A","none","ar6","top_33pct",0.333333333333333
"GEM-E3 V2021","ENGAGE-NPi2020-800","C3","2C (Medium-Ambition)",434446.273204154,1451339.71558518,"Low (both)",NA,FALSE,FALSE,"A","none","ar6","top_33pct",0.333333333333333
"GEM-E3 V2021","ENGAGE-NPi2020-800f","C3","2C (Medium-Ambition)",405554.200016927,1432026.64188411,"Low (both)",NA,FALSE,FALSE,"A","none","ar6","top_33pct",0.333333333333333
"GEM-E3 V2021","ENGAGE-NPi2100","C4","2C (Medium-Ambition)",32549.9797972113,845410.919749515,"Low (both)",NA,FALSE,FALSE,"A","none","ar6","top_33pct",0.333333333333333
"GEM-E3 V2021","ENGAGE-NPi2100-COV","C4","2C (Medium-Ambition)",30081.6669182033,794078.099527156,"Low (both)",NA,FALSE,FALSE,"A","none","ar6","top_33pct",0.333333333333333
"IMAGE 3.0","COMMIT-2°C-2020","C3","2C (Medium-Ambition)",592651.503414055,283543.509470597,"High-CMT only","High-CMT",TRUE,FALSE,"A","none","ar6","top_33pct",0.333333333333333
"IMAGE 3.0","COMMIT-2°C-2030","C3","2C (Medium-Ambition)",586133.718372497,321624.853070124,"High-CMT only","High-CMT",TRUE,FALSE,"A","none","ar6","top_33pct",0.333333333333333
"IMAGE 3.0","COMMIT-Baseline","C4","2C (Medium-Ambition)",105250.466973737,206705.874523067,"Low (both)",NA,FALSE,FALSE,"A","none","ar6","top_33pct",0.333333333333333
"IMAGE 3.0","COMMIT-Bridge","C3","2C (Medium-Ambition)",610619.690131509,313890.183132927,"High-CMT only","High-CMT",TRUE,FALSE,"A","none","ar6","top_33pct",0.333333333333333
"IMAGE 3.0","COMMIT-Current-Policies","C4","2C (Medium-Ambition)",100029.702797417,191230.707288643,"Low (both)",NA,FALSE,FALSE,"A","none","ar6","top_33pct",0.333333333333333
"IMAGE 3.0","COMMIT-GPP","C3","2C (Medium-Ambition)",437686.531438619,242073.934705711,"Low (both)",NA,FALSE,FALSE,"A","none","ar6","top_33pct",0.333333333333333
"IMAGE 3.0","COMMIT-NDCplus","C4","2C (Medium-Ambition)",212200.70989267,227605.191678729,"Low (both)",NA,FALSE,FALSE,"A","none","ar6","top_33pct",0.333333333333333
"IMAGE 3.0","ENGAGE-INDCi2030-1000","C4","2C (Medium-Ambition)",876081.959184768,702090.022829114,"High-CMT only","High-CMT",TRUE,FALSE,"A","none","ar6","top_33pct",0.333333333333333
"IMAGE 3.0","ENGAGE-INDCi2030-1000f","C4","2C (Medium-Ambition)",848507.505758893,811580.511947732,"High-CMT only","High-CMT",TRUE,FALSE,"A","none","ar6","top_33pct",0.333333333333333
"IMAGE 3.0","ENGAGE-INDCi2030-1200","C4","2C (Medium-Ambition)",818814.213220905,671987.570312427,"High-CMT only","High-CMT",TRUE,FALSE,"A","none","ar6","top_33pct",0.333333333333333
"IMAGE 3.0","ENGAGE-INDCi2030-1200f","C4","2C (Medium-Ambition)",836264.934158684,682096.886468043,"High-CMT only","High-CMT",TRUE,FALSE,"A","none","ar6","top_33pct",0.333333333333333
"IMAGE 3.0","ENGAGE-INDCi2030-1400","C3","2C (Medium-Ambition)",803294.660026376,658867.523716752,"High-CMT only","High-CMT",TRUE,FALSE,"A","none","ar6","top_33pct",0.333333333333333
"IMAGE 3.0","ENGAGE-INDCi2030-1400f","C4","2C (Medium-Ambition)",809700.300279276,682950.450778101,"High-CMT only","High-CMT",TRUE,FALSE,"A","none","ar6","top_33pct",0.333333333333333
"IMAGE 3.0","ENGAGE-INDCi2030-3000","C4","2C (Medium-Ambition)",653692.409422285,633771.820827194,"High-CMT only","High-CMT",TRUE,FALSE,"A","none","ar6","top_33pct",0.333333333333333
"IMAGE 3.0","ENGAGE-INDCi2030-3000f","C4","2C (Medium-Ambition)",653692.409422285,633771.820827194,"High-CMT only","High-CMT",TRUE,FALSE,"A","none","ar6","top_33pct",0.333333333333333
"IMAGE 3.0","ENGAGE-INDCi2030-800f","C3","2C (Medium-Ambition)",887538.712028109,812767.785044349,"High-CMT only","High-CMT",TRUE,FALSE,"A","none","ar6","top_33pct",0.333333333333333
"IMAGE 3.0","ENGAGE-INDCi2100","C4","2C (Medium-Ambition)",472863.587221862,565048.573428677,"High-CMT only","High-CMT",TRUE,FALSE,"A","none","ar6","top_33pct",0.333333333333333
"IMAGE 3.0","ENGAGE-NPi2020-1000","C3","2C (Medium-Ambition)",842848.044547377,683474.301139702,"High-CMT only","High-CMT",TRUE,FALSE,"A","none","ar6","top_33pct",0.333333333333333
"IMAGE 3.0","ENGAGE-NPi2020-1000f","C3","2C (Medium-Ambition)",871721.225592955,686997.2425343,"High-CMT only","High-CMT",TRUE,FALSE,"A","none","ar6","top_33pct",0.333333333333333
"IMAGE 3.0","ENGAGE-NPi2020-1200","C4","2C (Medium-Ambition)",810140.605251675,669224.327706253,"High-CMT only","High-CMT",TRUE,FALSE,"A","none","ar6","top_33pct",0.333333333333333
"IMAGE 3.0","ENGAGE-NPi2020-1200f","C4","2C (Medium-Ambition)",870751.869707136,683140.702252543,"High-CMT only","High-CMT",TRUE,FALSE,"A","none","ar6","top_33pct",0.333333333333333
"IMAGE 3.0","ENGAGE-NPi2020-1400","C4","2C (Medium-Ambition)",798889.138114873,652779.438378513,"High-CMT only","High-CMT",TRUE,FALSE,"A","none","ar6","top_33pct",0.333333333333333
"IMAGE 3.0","ENGAGE-NPi2020-1400f","C4","2C (Medium-Ambition)",827021.237222786,667645.946700914,"High-CMT only","High-CMT",TRUE,FALSE,"A","none","ar6","top_33pct",0.333333333333333
"IMAGE 3.0","ENGAGE-NPi2020-3000","C4","2C (Medium-Ambition)",643076.280085541,634028.200372592,"High-CMT only","High-CMT",TRUE,FALSE,"A","none","ar6","top_33pct",0.333333333333333
"IMAGE 3.0","ENGAGE-NPi2020-3000f","C4","2C (Medium-Ambition)",643076.280085541,634028.200372592,"High-CMT only","High-CMT",TRUE,FALSE,"A","none","ar6","top_33pct",0.333333333333333
"IMAGE 3.0","ENGAGE-NPi2020-600f","C3","2C (Medium-Ambition)",879923.837918119,850814.23794064,"High-CMT only","High-CMT",TRUE,FALSE,"A","none","ar6","top_33pct",0.333333333333333
"IMAGE 3.0","ENGAGE-NPi2020-800","C3","2C (Medium-Ambition)",866895.105016495,763802.108236737,"High-CMT only","High-CMT",TRUE,FALSE,"A","none","ar6","top_33pct",0.333333333333333
"IMAGE 3.0","ENGAGE-NPi2020-800f","C3","2C (Medium-Ambition)",884745.11942352,711339.640855507,"High-CMT only","High-CMT",TRUE,FALSE,"A","none","ar6","top_33pct",0.333333333333333
"IMAGE 3.0","ENGAGE-NPi2100","C4","2C (Medium-Ambition)",284378.327722237,536517.112002437,"Low (both)",NA,FALSE,FALSE,"A","none","ar6","top_33pct",0.333333333333333
"IMAGE 3.0","ENGAGE-NoPolicy","C4","2C (Medium-Ambition)",185932.113938549,535125.948661702,"Low (both)",NA,FALSE,FALSE,"A","none","ar6","top_33pct",0.333333333333333
"IMAGE 3.0.1","ADVANCE-2020-1.5°C-2100","C2","1.5C (High-Ambition)",0,NA,"Low (both)",NA,FALSE,NA,"A","none","ar6","top_33pct",0.333333333333333
"IMAGE 3.0.1","ADVANCE-2020-medium-2°C","C4","2C (Medium-Ambition)",0,NA,"Low (both)",NA,FALSE,NA,"A","none","ar6","top_33pct",0.333333333333333
"IMAGE 3.0.1","ADVANCE-2020-well-below-2°C","C3","2C (Medium-Ambition)",0,NA,"Low (both)",NA,FALSE,NA,"A","none","ar6","top_33pct",0.333333333333333
"IMAGE 3.0.1","ADVANCE-2030-medium-2°C","C4","2C (Medium-Ambition)",0,NA,"Low (both)",NA,FALSE,NA,"A","none","ar6","top_33pct",0.333333333333333
"IMAGE 3.0.1","ADVANCE-2030-well-below-2°C","C3","2C (Medium-Ambition)",0,NA,"Low (both)",NA,FALSE,NA,"A","none","ar6","top_33pct",0.333333333333333
"IMAGE 3.0.1","ADVANCE-INDC","C4","2C (Medium-Ambition)",0,NA,"Low (both)",NA,FALSE,NA,"A","none","ar6","top_33pct",0.333333333333333
"IMAGE 3.0.1","ADVANCE-NoPolicy","C4","2C (Medium-Ambition)",0,NA,"Low (both)",NA,FALSE,NA,"A","none","ar6","top_33pct",0.333333333333333
"IMAGE 3.0.1","ADVANCE-Reference","C4","2C (Medium-Ambition)",0,NA,"Low (both)",NA,FALSE,NA,"A","none","ar6","top_33pct",0.333333333333333
"IMAGE 3.0.1","CD-LINKS-INDC2030i_1600","C4","2C (Medium-Ambition)",0,NA,"Low (both)",NA,FALSE,NA,"A","none","ar6","top_33pct",0.333333333333333
"IMAGE 3.0.1","CD-LINKS-INDCi","C4","2C (Medium-Ambition)",0,NA,"Low (both)",NA,FALSE,NA,"A","none","ar6","top_33pct",0.333333333333333
"IMAGE 3.0.1","CD-LINKS-NDC2030i_1000","C3","2C (Medium-Ambition)",0,NA,"Low (both)",NA,FALSE,NA,"A","none","ar6","top_33pct",0.333333333333333
"IMAGE 3.0.1","CD-LINKS-NPi","C4","2C (Medium-Ambition)",0,NA,"Low (both)",NA,FALSE,NA,"A","none","ar6","top_33pct",0.333333333333333
"IMAGE 3.0.1","CD-LINKS-NPi2020_1000","C3","2C (Medium-Ambition)",0,NA,"Low (both)",NA,FALSE,NA,"A","none","ar6","top_33pct",0.333333333333333
"IMAGE 3.0.1","CD-LINKS-NPi2020_1600","C4","2C (Medium-Ambition)",0,NA,"Low (both)",NA,FALSE,NA,"A","none","ar6","top_33pct",0.333333333333333
"IMAGE 3.0.1","CD-LINKS-NPi2020_400","C2","1.5C (High-Ambition)",0,NA,"Low (both)",NA,FALSE,NA,"A","none","ar6","top_33pct",0.333333333333333
"IMAGE 3.0.1","CD-LINKS-No-Policy","C4","2C (Medium-Ambition)",0,NA,"Low (both)",NA,FALSE,NA,"A","none","ar6","top_33pct",0.333333333333333
"IMAGE 3.0.1","SSP1-19","C1","1.5C (High-Ambition)",0,NA,"Low (both)",NA,FALSE,NA,"A","none","ar6","top_33pct",0.333333333333333
"IMAGE 3.0.1","SSP1-26","C3","2C (Medium-Ambition)",0,NA,"Low (both)",NA,FALSE,NA,"A","none","ar6","top_33pct",0.333333333333333
"IMAGE 3.0.1","SSP1-34","C3","2C (Medium-Ambition)",0,NA,"Low (both)",NA,FALSE,NA,"A","none","ar6","top_33pct",0.333333333333333
"IMAGE 3.0.1","SSP1-45","C4","2C (Medium-Ambition)",0,NA,"Low (both)",NA,FALSE,NA,"A","none","ar6","top_33pct",0.333333333333333
"IMAGE 3.0.1","SSP1-Baseline","C4","2C (Medium-Ambition)",0,NA,"Low (both)",NA,FALSE,NA,"A","none","ar6","top_33pct",0.333333333333333
"IMAGE 3.0.1","SSP2-26","C3","2C (Medium-Ambition)",0,NA,"Low (both)",NA,FALSE,NA,"A","none","ar6","top_33pct",0.333333333333333
"IMAGE 3.0.1","SSP2-34","C3","2C (Medium-Ambition)",0,NA,"Low (both)",NA,FALSE,NA,"A","none","ar6","top_33pct",0.333333333333333
"IMAGE 3.0.1","SSP2-45","C4","2C (Medium-Ambition)",0,NA,"Low (both)",NA,FALSE,NA,"A","none","ar6","top_33pct",0.333333333333333
"IMAGE 3.0.1","SSP2-60","C4","2C (Medium-Ambition)",0,NA,"Low (both)",NA,FALSE,NA,"A","none","ar6","top_33pct",0.333333333333333
"IMAGE 3.0.1","SSP2-Baseline","C4","2C (Medium-Ambition)",0,NA,"Low (both)",NA,FALSE,NA,"A","none","ar6","top_33pct",0.333333333333333
"IMAGE 3.0.1","SSP3-34","C3","2C (Medium-Ambition)",0,NA,"Low (both)",NA,FALSE,NA,"A","none","ar6","top_33pct",0.333333333333333
"IMAGE 3.0.1","SSP3-45","C4","2C (Medium-Ambition)",0,NA,"Low (both)",NA,FALSE,NA,"A","none","ar6","top_33pct",0.333333333333333
"IMAGE 3.0.1","SSP3-60","C4","2C (Medium-Ambition)",0,NA,"Low (both)",NA,FALSE,NA,"A","none","ar6","top_33pct",0.333333333333333
"IMAGE 3.0.1","SSP3-Baseline","C4","2C (Medium-Ambition)",0,NA,"Low (both)",NA,FALSE,NA,"A","none","ar6","top_33pct",0.333333333333333
"IMAGE 3.0.1","SSP4-26","C3","2C (Medium-Ambition)",0,NA,"Low (both)",NA,FALSE,NA,"A","none","ar6","top_33pct",0.333333333333333
"IMAGE 3.0.1","SSP4-34","C3","2C (Medium-Ambition)",0,NA,"Low (both)",NA,FALSE,NA,"A","none","ar6","top_33pct",0.333333333333333
"IMAGE 3.0.1","SSP4-45","C4","2C (Medium-Ambition)",0,NA,"Low (both)",NA,FALSE,NA,"A","none","ar6","top_33pct",0.333333333333333
"IMAGE 3.0.1","SSP4-60","C4","2C (Medium-Ambition)",0,NA,"Low (both)",NA,FALSE,NA,"A","none","ar6","top_33pct",0.333333333333333
"IMAGE 3.0.1","SSP4-Baseline","C4","2C (Medium-Ambition)",0,NA,"Low (both)",NA,FALSE,NA,"A","none","ar6","top_33pct",0.333333333333333
"IMAGE 3.0.1","SSP5-34","C3","2C (Medium-Ambition)",0,NA,"Low (both)",NA,FALSE,NA,"A","none","ar6","top_33pct",0.333333333333333
"IMAGE 3.0.1","SSP5-45","C4","2C (Medium-Ambition)",0,NA,"Low (both)",NA,FALSE,NA,"A","none","ar6","top_33pct",0.333333333333333
"IMAGE 3.0.1","SSP5-60","C4","2C (Medium-Ambition)",0,NA,"Low (both)",NA,FALSE,NA,"A","none","ar6","top_33pct",0.333333333333333
"IMAGE 3.0.1","SSP5-Baseline","C4","2C (Medium-Ambition)",0,NA,"Low (both)",NA,FALSE,NA,"A","none","ar6","top_33pct",0.333333333333333
"IMAGE 3.0.2","EMF33-medium-2°C-cost100","C3","2C (Medium-Ambition)",0,NA,"Low (both)",NA,FALSE,NA,"A","none","ar6","top_33pct",0.333333333333333
"IMAGE 3.0.2","EMF33-medium-2°C-full","C3","2C (Medium-Ambition)",0,NA,"Low (both)",NA,FALSE,NA,"A","none","ar6","top_33pct",0.333333333333333
"IMAGE 3.0.2","EMF33-medium-2°C-limbio","C3","2C (Medium-Ambition)",0,NA,"Low (both)",NA,FALSE,NA,"A","none","ar6","top_33pct",0.333333333333333
"IMAGE 3.0.2","EMF33-medium-2°C-nobeccs","C4","2C (Medium-Ambition)",0,NA,"Low (both)",NA,FALSE,NA,"A","none","ar6","top_33pct",0.333333333333333
"IMAGE 3.0.2","EMF33-medium-2°C-nofuel","C4","2C (Medium-Ambition)",0,NA,"Low (both)",NA,FALSE,NA,"A","none","ar6","top_33pct",0.333333333333333
"IMAGE 3.0.2","EMF33-medium-2°C-none","C4","2C (Medium-Ambition)",0,NA,"Low (both)",NA,FALSE,NA,"A","none","ar6","top_33pct",0.333333333333333
"IMAGE 3.0.2","EMF33-tax-hi-full","C4","2C (Medium-Ambition)",0,NA,"Low (both)",NA,FALSE,NA,"A","none","ar6","top_33pct",0.333333333333333
"IMAGE 3.0.2","EMF33-tax-hi-none","C3","2C (Medium-Ambition)",0,NA,"Low (both)",NA,FALSE,NA,"A","none","ar6","top_33pct",0.333333333333333
"IMAGE 3.0.2","EMF33-tax-lo-full","C3","2C (Medium-Ambition)",0,NA,"Low (both)",NA,FALSE,NA,"A","none","ar6","top_33pct",0.333333333333333
"IMAGE 3.0.2","EMF33-tax-lo-none","C3","2C (Medium-Ambition)",0,NA,"Low (both)",NA,FALSE,NA,"A","none","ar6","top_33pct",0.333333333333333
"IMAGE 3.0.2","EMF33-well-below-2°C-cost100","C3","2C (Medium-Ambition)",0,NA,"Low (both)",NA,FALSE,NA,"A","none","ar6","top_33pct",0.333333333333333
"IMAGE 3.0.2","EMF33-well-below-2°C-full","C3","2C (Medium-Ambition)",0,NA,"Low (both)",NA,FALSE,NA,"A","none","ar6","top_33pct",0.333333333333333
"IMAGE 3.0.2","EMF33-well-below-2°C-limbio","C3","2C (Medium-Ambition)",0,NA,"Low (both)",NA,FALSE,NA,"A","none","ar6","top_33pct",0.333333333333333
"IMAGE 3.0.2","EMF33-well-below-2°C-nobeccs","C3","2C (Medium-Ambition)",0,NA,"Low (both)",NA,FALSE,NA,"A","none","ar6","top_33pct",0.333333333333333
"IMAGE 3.0.2","EMF33-well-below-2°C-nofuel","C3","2C (Medium-Ambition)",0,NA,"Low (both)",NA,FALSE,NA,"A","none","ar6","top_33pct",0.333333333333333
"IMAGE 3.2","ENGAGE-Feasibility-1000/Cost-Effective","C3","2C (Medium-Ambition)",800277.047928581,1043205.48355344,"High-CMT only","High-CMT",TRUE,FALSE,"A","none","ar6","top_33pct",0.333333333333333
"IMAGE 3.2","ENGAGE-Feasibility-1000/Enablers & Institutional","C3","2C (Medium-Ambition)",519180.532413809,1266109.78465141,"High-CMT only","High-CMT",TRUE,FALSE,"A","none","ar6","top_33pct",0.333333333333333
"IMAGE 3.2","ENGAGE-Feasibility-1000/Institutional","C4","2C (Medium-Ambition)",761155.713390767,990309.613056863,"High-CMT only","High-CMT",TRUE,FALSE,"A","none","ar6","top_33pct",0.333333333333333
"IMAGE 3.2","ENGAGE-Feasibility-1000/Technology","C3","2C (Medium-Ambition)",671795.47308341,1502260.51647668,"High-CMT only","High-CMT",TRUE,FALSE,"A","none","ar6","top_33pct",0.333333333333333
"IMAGE 3.2","ENGAGE-Feasibility-1000/Technology & Enablers & Institutional","C3","2C (Medium-Ambition)",506338.917165436,1325937.00382229,"High-CMT only","High-CMT",TRUE,FALSE,"A","none","ar6","top_33pct",0.333333333333333
"IMAGE 3.2","ENGAGE-Feasibility-1000/Technology & Institutional","C3","2C (Medium-Ambition)",683454.598923968,1482832.03136974,"High-CMT only","High-CMT",TRUE,FALSE,"A","none","ar6","top_33pct",0.333333333333333
"IMAGE 3.2","ENGAGE-Feasibility-Maximum-Effort/Cost-Effective","C3","2C (Medium-Ambition)",857519.877975693,1188149.14119435,"High-CMT only","High-CMT",TRUE,FALSE,"A","none","ar6","top_33pct",0.333333333333333
"IMAGE 3.2","ENGAGE-Feasibility-Maximum-Effort/Enablers & Institutional","C3","2C (Medium-Ambition)",585633.353948538,1320287.53232026,"High-CMT only","High-CMT",TRUE,FALSE,"A","none","ar6","top_33pct",0.333333333333333
"IMAGE 3.2","ENGAGE-Feasibility-Maximum-Effort/Institutional","C3","2C (Medium-Ambition)",868596.70633812,1045394.941033,"High-CMT only","High-CMT",TRUE,FALSE,"A","none","ar6","top_33pct",0.333333333333333
"IMAGE 3.2","ENGAGE-Feasibility-Maximum-Effort/Technology","C3","2C (Medium-Ambition)",653335.999371375,1755985.63788611,"High-CMT only","High-CMT",TRUE,FALSE,"A","none","ar6","top_33pct",0.333333333333333
"IMAGE 3.2","ENGAGE-Feasibility-Maximum-Effort/Technology & Enablers & Institutional","C3","2C (Medium-Ambition)",541842.041130442,1443523.08908912,"High-CMT only","High-CMT",TRUE,FALSE,"A","none","ar6","top_33pct",0.333333333333333
"IMAGE 3.2","ENGAGE-Feasibility-Maximum-Effort/Technology & Institutional","C3","2C (Medium-Ambition)",692111.864970431,1659859.6734203,"High-CMT only","High-CMT",TRUE,FALSE,"A","none","ar6","top_33pct",0.333333333333333
"IMAGE 3.2","SSP2021-SSP1-SPA1-19-Default","C2","1.5C (High-Ambition)",945220.52226963,1588856.51319239,"High-CMT only","High-CMT",TRUE,FALSE,"A","none","ar6","top_33pct",0.333333333333333
"IMAGE 3.2","SSP2021-SSP1-SPA1-19-Default-LowBiomass","C1","1.5C (High-Ambition)",1146296.93466715,2051418.10832005,"High-CMT only","High-CMT",TRUE,FALSE,"A","none","ar6","top_33pct",0.333333333333333
"IMAGE 3.2","SSP2021-SSP1-SPA1-19-Lifestyle","C2","1.5C (High-Ambition)",957721.025438778,1514239.10725892,"High-CMT only","High-CMT",TRUE,FALSE,"A","none","ar6","top_33pct",0.333333333333333
"IMAGE 3.2","SSP2021-SSP1-SPA1-19-Lifestyle-Renewables","C2","1.5C (High-Ambition)",1406398.2288187,2093442.17829837,"High-CMT only","High-CMT",TRUE,FALSE,"A","none","ar6","top_33pct",0.333333333333333
"IMAGE 3.2","SSP2021-SSP1-SPA1-19-Lifestyle-Renewables-LowBiomass","C1","1.5C (High-Ambition)",1426426.10110244,2594281.92493291,"High-CMT only","High-CMT",TRUE,FALSE,"A","none","ar6","top_33pct",0.333333333333333
"IMAGE 3.2","SSP2021-SSP1-SPA1-19-Renewables","C2","1.5C (High-Ambition)",1049871.70154164,2635442.63858426,"High-CMT only","High-CMT",TRUE,FALSE,"A","none","ar6","top_33pct",0.333333333333333
"IMAGE 3.2","SSP2021-SSP1-SPA1-19-Renewables-LowBiomass","C1","1.5C (High-Ambition)",1252757.28115821,3142295.30906495,"Both High",NA,FALSE,FALSE,"A","none","ar6","top_33pct",0.333333333333333
"IMAGE 3.2","SSP2021-SSP1-SPA1-26-Default","C3","2C (Medium-Ambition)",700267.711472806,1482153.59831313,"High-CMT only","High-CMT",TRUE,FALSE,"A","none","ar6","top_33pct",0.333333333333333
"IMAGE 3.2","SSP2021-SSP1-SPA1-26-Lifestyle","C3","2C (Medium-Ambition)",682403.118995186,1358639.41885895,"High-CMT only","High-CMT",TRUE,FALSE,"A","none","ar6","top_33pct",0.333333333333333
"IMAGE 3.2","SSP2021-SSP1-SPA1-26-Lifestyle-Renewables","C3","2C (Medium-Ambition)",1018159.79604593,1792900.45793675,"High-CMT only","High-CMT",TRUE,FALSE,"A","none","ar6","top_33pct",0.333333333333333
"IMAGE 3.2","SSP2021-SSP1-SPA1-26-Renewables","C3","2C (Medium-Ambition)",728478.48626138,2600647.9559622,"Both High",NA,FALSE,FALSE,"A","none","ar6","top_33pct",0.333333333333333
"IMAGE 3.2","SSP2021-SSP1-SPA1-34-Default","C3","2C (Medium-Ambition)",344342.431489462,1524714.83168443,"Low (both)",NA,FALSE,FALSE,"A","none","ar6","top_33pct",0.333333333333333
"IMAGE 3.2","SSP2021-SSP1-SPA1-34-Lifestyle","C3","2C (Medium-Ambition)",486865.631230238,1317649.97868909,"High-CMT only","High-CMT",TRUE,FALSE,"A","none","ar6","top_33pct",0.333333333333333
"IMAGE 3.2","SSP2021-SSP1-SPA1-34-Lifestyle-Renewables","C3","2C (Medium-Ambition)",483321.219050652,2350496.07332979,"Both High",NA,FALSE,FALSE,"A","none","ar6","top_33pct",0.333333333333333
"IMAGE 3.2","SSP2021-SSP1-SPA1-34-Renewables","C3","2C (Medium-Ambition)",302546.924158593,2539069.7579947,"High-RE only","High-RE",FALSE,TRUE,"A","none","ar6","top_33pct",0.333333333333333
"IMAGE 3.2","SSP2021-SSP2-SPA0-26-Default","C3","2C (Medium-Ambition)",966850.008481895,862844.258967459,"High-CMT only","High-CMT",TRUE,FALSE,"A","none","ar6","top_33pct",0.333333333333333
"IMAGE 3.2","SSP2021-SSP2-SPA1-19-Default-LowBiomass","C1","1.5C (High-Ambition)",1677755.82455086,1153913.8510039,"High-CMT only","High-CMT",TRUE,FALSE,"A","none","ar6","top_33pct",0.333333333333333
"IMAGE 3.2","SSP2021-SSP2-SPA1-19-Lifestyle-Renewables-LowBiomass","C1","1.5C (High-Ambition)",1315759.59969637,2560873.988359,"High-CMT only","High-CMT",TRUE,FALSE,"A","none","ar6","top_33pct",0.333333333333333
"IMAGE 3.2","SSP2021-SSP2-SPA1-19-Renewables-LowBiomass","C1","1.5C (High-Ambition)",1520102.37198774,2794770.90541558,"Both High",NA,FALSE,FALSE,"A","none","ar6","top_33pct",0.333333333333333
"IMAGE 3.2","SSP2021-SSP2-SPA2-19-Default","C2","1.5C (High-Ambition)",1417157.08030829,1099454.02529209,"High-CMT only","High-CMT",TRUE,FALSE,"A","none","ar6","top_33pct",0.333333333333333
"IMAGE 3.2","SSP2021-SSP2-SPA2-19-Lifestyle","C1","1.5C (High-Ambition)",1224476.98780122,1008660.30526297,"High-CMT only","High-CMT",TRUE,FALSE,"A","none","ar6","top_33pct",0.333333333333333
"IMAGE 3.2","SSP2021-SSP2-SPA2-19-Lifestyle-Renewables","C2","1.5C (High-Ambition)",1282064.51223395,2551674.87706988,"High-CMT only","High-CMT",TRUE,FALSE,"A","none","ar6","top_33pct",0.333333333333333
"IMAGE 3.2","SSP2021-SSP2-SPA2-19-Renewables","C2","1.5C (High-Ambition)",1334168.49513672,2645840.87325305,"High-CMT only","High-CMT",TRUE,FALSE,"A","none","ar6","top_33pct",0.333333333333333
"IMAGE 3.2","SSP2021-SSP2-SPA2-26-Default","C3","2C (Medium-Ambition)",1118489.20518413,933531.783439759,"High-CMT only","High-CMT",TRUE,FALSE,"A","none","ar6","top_33pct",0.333333333333333
"IMAGE 3.2","SSP2021-SSP2-SPA2-26-Lifestyle","C3","2C (Medium-Ambition)",941965.447547248,797330.837959991,"High-CMT only","High-CMT",TRUE,FALSE,"A","none","ar6","top_33pct",0.333333333333333
"IMAGE 3.2","SSP2021-SSP2-SPA2-26-Lifestyle-Renewables","C3","2C (Medium-Ambition)",976121.540940465,1777164.95425487,"High-CMT only","High-CMT",TRUE,FALSE,"A","none","ar6","top_33pct",0.333333333333333
"IMAGE 3.2","SSP2021-SSP2-SPA2-26-Renewables","C3","2C (Medium-Ambition)",1174576.12734791,2074357.60617239,"Both High",NA,FALSE,FALSE,"A","none","ar6","top_33pct",0.333333333333333
"IMAGE 3.2","SSP2021-SSP2-SPA2-34-Default","C3","2C (Medium-Ambition)",672687.619525106,876946.126232003,"High-CMT only","High-CMT",TRUE,FALSE,"A","none","ar6","top_33pct",0.333333333333333
"IMAGE 3.2","SSP2021-SSP2-SPA2-34-Lifestyle","C3","2C (Medium-Ambition)",549981.026565024,767654.52946589,"High-CMT only","High-CMT",TRUE,FALSE,"A","none","ar6","top_33pct",0.333333333333333
"IMAGE 3.2","SSP2021-SSP2-SPA2-34-Lifestyle-Renewables","C3","2C (Medium-Ambition)",642254.014341902,1973323.81353873,"Both High",NA,FALSE,FALSE,"A","none","ar6","top_33pct",0.333333333333333
"IMAGE 3.2","SSP2021-SSP2-SPA2-34-Renewables","C3","2C (Medium-Ambition)",705641.955317788,1974767.80185279,"Both High",NA,FALSE,FALSE,"A","none","ar6","top_33pct",0.333333333333333
"IMAGE 3.2","SSP2021-SSP2-SPA2-45-Default","C4","2C (Medium-Ambition)",139515.606362025,821962.912696191,"Low (both)",NA,FALSE,FALSE,"A","none","ar6","top_33pct",0.333333333333333
"IMAGE 3.2","SSP2021-SSP2-SPA2-45-Lifestyle","C4","2C (Medium-Ambition)",333222.49472766,681934.114876183,"Low (both)",NA,FALSE,FALSE,"A","none","ar6","top_33pct",0.333333333333333
"IMAGE 3.2","SSP2021-SSP2-SPA2-45-Lifestyle-Renewables","C4","2C (Medium-Ambition)",324905.306402484,1467597.3805989,"Low (both)",NA,FALSE,FALSE,"A","none","ar6","top_33pct",0.333333333333333
"IMAGE 3.2","SSP2021-SSP2-SPA2-45-Renewables","C4","2C (Medium-Ambition)",209220.70532009,1778551.44589272,"Low (both)",NA,FALSE,FALSE,"A","none","ar6","top_33pct",0.333333333333333
"IMAGE 3.3","GEO7-Behavioural Focused Pathway","C2","1.5C (High-Ambition)",630533.357357845,NA,"Low (both)",NA,NA,FALSE,"A","none","ar6","top_33pct",0.333333333333333
"IMAGE 3.3","GEO7-Technology Focused Pathway","C2","1.5C (High-Ambition)",1011047.56923105,NA,"Low (both)",NA,NA,FALSE,"A","none","ar6","top_33pct",0.333333333333333
"IMAGE 3.3","NAVIGATE Demand-1.5°C-act_u","C3","2C (Medium-Ambition)",762036.383499808,1507949.42224563,"High-CMT only","High-CMT",TRUE,FALSE,"A","none","ar6","top_33pct",0.333333333333333
"IMAGE 3.3","NAVIGATE Demand-1.5°C-all_u","C3","2C (Medium-Ambition)",744256.579861408,1562038.79344799,"High-CMT only","High-CMT",TRUE,FALSE,"A","none","ar6","top_33pct",0.333333333333333
"IMAGE 3.3","NAVIGATE Demand-1.5°C-ele_u","C3","2C (Medium-Ambition)",772225.502630608,1958671.84924445,"Both High",NA,FALSE,FALSE,"A","none","ar6","top_33pct",0.333333333333333
"IMAGE 3.3","NAVIGATE Demand-1.5°C-ref","C3","2C (Medium-Ambition)",778724.006949016,1697100.32213757,"High-CMT only","High-CMT",TRUE,FALSE,"A","none","ar6","top_33pct",0.333333333333333
"IMAGE 3.3","NAVIGATE Demand-1.5°C-tec_u","C3","2C (Medium-Ambition)",759175.790569589,1664038.1407893,"High-CMT only","High-CMT",TRUE,FALSE,"A","none","ar6","top_33pct",0.333333333333333
"IMAGE 3.3","NAVIGATE Demand-2.0°C-act_u","C3","2C (Medium-Ambition)",556270.660680073,966172.232563842,"High-CMT only","High-CMT",TRUE,FALSE,"A","none","ar6","top_33pct",0.333333333333333
"IMAGE 3.3","NAVIGATE Demand-2.0°C-all_u","C3","2C (Medium-Ambition)",541607.353075173,1219491.73531989,"High-CMT only","High-CMT",TRUE,FALSE,"A","none","ar6","top_33pct",0.333333333333333
"IMAGE 3.3","NAVIGATE Demand-2.0°C-ele_u","C3","2C (Medium-Ambition)",584591.804761934,1554284.52330658,"High-CMT only","High-CMT",TRUE,FALSE,"A","none","ar6","top_33pct",0.333333333333333
"IMAGE 3.3","NAVIGATE Demand-2.0°C-ref","C3","2C (Medium-Ambition)",572177.94958529,1342490.21109318,"High-CMT only","High-CMT",TRUE,FALSE,"A","none","ar6","top_33pct",0.333333333333333
"IMAGE 3.3","NAVIGATE Demand-2.0°C-tec_u","C3","2C (Medium-Ambition)",563838.663853716,1359121.25656336,"High-CMT only","High-CMT",TRUE,FALSE,"A","none","ar6","top_33pct",0.333333333333333
"IMAGE 3.3","NAVIGATE Demand-NPi-act","C4","2C (Medium-Ambition)",36864.8174374457,776413.870335863,"Low (both)",NA,FALSE,FALSE,"A","none","ar6","top_33pct",0.333333333333333
"IMAGE 3.3","NAVIGATE Demand-NPi-all","C4","2C (Medium-Ambition)",39357.6720367445,1034269.67913706,"Low (both)",NA,FALSE,FALSE,"A","none","ar6","top_33pct",0.333333333333333
"IMAGE 3.3","NAVIGATE Demand-NPi-ele","C4","2C (Medium-Ambition)",58338.0105108168,1138476.52189317,"Low (both)",NA,FALSE,FALSE,"A","none","ar6","top_33pct",0.333333333333333
"IMAGE 3.3","NAVIGATE Demand-NPi-ref","C4","2C (Medium-Ambition)",45412.052542657,930675.367491381,"Low (both)",NA,FALSE,FALSE,"A","none","ar6","top_33pct",0.333333333333333
"IMAGE 3.3","NAVIGATE Demand-NPi-tec","C4","2C (Medium-Ambition)",33666.6130403252,1097496.00931934,"Low (both)",NA,FALSE,FALSE,"A","none","ar6","top_33pct",0.333333333333333
"IMAGE 3.3","SHAPE-SDP-EI-1.5°C","C2","1.5C (High-Ambition)",1499150.22624076,2031118.63940702,"High-CMT only","High-CMT",TRUE,FALSE,"A","none","ar6","top_33pct",0.333333333333333
"IMAGE 3.3","SHAPE-SDP-EI-1.5°C [with Climate Change Impacts]","C2","1.5C (High-Ambition)",1585481.19568532,1992621.0966507,"High-CMT only","High-CMT",TRUE,FALSE,"A","none","ar6","top_33pct",0.333333333333333
"IMAGE 3.3","SHAPE-SDP-MC-1.5°C","C2","1.5C (High-Ambition)",853206.346064899,2345292.54469992,"High-CMT only","High-CMT",TRUE,FALSE,"A","none","ar6","top_33pct",0.333333333333333
"IMAGE 3.3","SHAPE-SDP-MC-1.5°C [with Climate Change Impacts]","C2","1.5C (High-Ambition)",973009.201229846,2320205.09874191,"High-CMT only","High-CMT",TRUE,FALSE,"A","none","ar6","top_33pct",0.333333333333333
"IMAGE 3.3","SHAPE-SDP-RC-1.5°C","C1","1.5C (High-Ambition)",912815.509342187,1525312.4688221,"High-CMT only","High-CMT",TRUE,FALSE,"A","none","ar6","top_33pct",0.333333333333333
"IMAGE 3.3","SHAPE-SDP-RC-1.5°C [with Climate Change Impacts]","C1","1.5C (High-Ambition)",1132834.40677823,1432193.75580331,"High-CMT only","High-CMT",TRUE,FALSE,"A","none","ar6","top_33pct",0.333333333333333
"IMAGE 3.3","SHAPE-SSP1-1.5°C","C1","1.5C (High-Ambition)",1597158.41737734,1467015.97921265,"High-CMT only","High-CMT",TRUE,FALSE,"A","none","ar6","top_33pct",0.333333333333333
"IMAGE 3.3","SHAPE-SSP1-NPi","C4","2C (Medium-Ambition)",40096.0999621073,1401850.82501457,"Low (both)",NA,FALSE,FALSE,"A","none","ar6","top_33pct",0.333333333333333
"IMAGE 3.3","SHAPE-SSP2-1.5°C","C1","1.5C (High-Ambition)",2279153.28023599,1035800.98418197,"High-CMT only","High-CMT",TRUE,FALSE,"A","none","ar6","top_33pct",0.333333333333333
"IMAGE 3.3","SHAPE-SSP2-1.5°C [with Climate Change Impacts]","C1","1.5C (High-Ambition)",2343107.87451799,1097836.0809015,"High-CMT only","High-CMT",TRUE,FALSE,"A","none","ar6","top_33pct",0.333333333333333
"IMAGE 3.3","SHAPE-SSP2-NPi","C4","2C (Medium-Ambition)",39337.8931323794,877666.441167651,"Low (both)",NA,FALSE,FALSE,"A","none","ar6","top_33pct",0.333333333333333
"IMAGE 3.3","SHAPE-SSP2-NPi [with Climate Change Impacts]","C4","2C (Medium-Ambition)",46156.5588334397,879502.004890074,"Low (both)",NA,FALSE,FALSE,"A","none","ar6","top_33pct",0.333333333333333
"MERGE-ETL 6.0","DAC-2°C-66%","C4","2C (Medium-Ambition)",0,NA,"Low (both)",NA,FALSE,NA,"A","none","ar6","top_33pct",0.333333333333333
"MESSAGE-GLOBIOM 1.0","ADVANCE-2020-1.5°C-2100","C1","1.5C (High-Ambition)",0,NA,"Low (both)",NA,FALSE,NA,"A","none","ar6","top_33pct",0.333333333333333
"MESSAGE-GLOBIOM 1.0","ADVANCE-2020-medium-2°C","C4","2C (Medium-Ambition)",0,NA,"Low (both)",NA,FALSE,NA,"A","none","ar6","top_33pct",0.333333333333333
"MESSAGE-GLOBIOM 1.0","ADVANCE-2020-well-below-2°C","C3","2C (Medium-Ambition)",0,NA,"Low (both)",NA,FALSE,NA,"A","none","ar6","top_33pct",0.333333333333333
"MESSAGE-GLOBIOM 1.0","ADVANCE-2030-Price 1.5°C","C2","1.5C (High-Ambition)",0,NA,"Low (both)",NA,FALSE,NA,"A","none","ar6","top_33pct",0.333333333333333
"MESSAGE-GLOBIOM 1.0","ADVANCE-2030-medium-2°C","C4","2C (Medium-Ambition)",0,NA,"Low (both)",NA,FALSE,NA,"A","none","ar6","top_33pct",0.333333333333333
"MESSAGE-GLOBIOM 1.0","ADVANCE-2030-well-below-2°C","C3","2C (Medium-Ambition)",0,NA,"Low (both)",NA,FALSE,NA,"A","none","ar6","top_33pct",0.333333333333333
"MESSAGE-GLOBIOM 1.0","ADVANCE-INDC","C3","2C (Medium-Ambition)",0,NA,"Low (both)",NA,FALSE,NA,"A","none","ar6","top_33pct",0.333333333333333
"MESSAGE-GLOBIOM 1.0","ADVANCE-Reference","C4","2C (Medium-Ambition)",0,NA,"Low (both)",NA,FALSE,NA,"A","none","ar6","top_33pct",0.333333333333333
"MESSAGE-GLOBIOM 1.0","EMF33-1.5°C-cost100","C1","1.5C (High-Ambition)",0,NA,"Low (both)",NA,FALSE,NA,"A","none","ar6","top_33pct",0.333333333333333
"MESSAGE-GLOBIOM 1.0","EMF33-1.5°C-full","C1","1.5C (High-Ambition)",0,NA,"Low (both)",NA,FALSE,NA,"A","none","ar6","top_33pct",0.333333333333333
"MESSAGE-GLOBIOM 1.0","EMF33-medium-2°C-cost100","C4","2C (Medium-Ambition)",0,NA,"Low (both)",NA,FALSE,NA,"A","none","ar6","top_33pct",0.333333333333333
"MESSAGE-GLOBIOM 1.0","EMF33-medium-2°C-full","C4","2C (Medium-Ambition)",0,NA,"Low (both)",NA,FALSE,NA,"A","none","ar6","top_33pct",0.333333333333333
"MESSAGE-GLOBIOM 1.0","EMF33-medium-2°C-limbio","C4","2C (Medium-Ambition)",0,NA,"Low (both)",NA,FALSE,NA,"A","none","ar6","top_33pct",0.333333333333333
"MESSAGE-GLOBIOM 1.0","EMF33-medium-2°C-nobeccs","C3","2C (Medium-Ambition)",0,NA,"Low (both)",NA,FALSE,NA,"A","none","ar6","top_33pct",0.333333333333333
"MESSAGE-GLOBIOM 1.0","EMF33-medium-2°C-nofuel","C4","2C (Medium-Ambition)",0,NA,"Low (both)",NA,FALSE,NA,"A","none","ar6","top_33pct",0.333333333333333
"MESSAGE-GLOBIOM 1.0","EMF33-medium-2°C-none","C3","2C (Medium-Ambition)",0,NA,"Low (both)",NA,FALSE,NA,"A","none","ar6","top_33pct",0.333333333333333
"MESSAGE-GLOBIOM 1.0","EMF33-tax-hi-full","C3","2C (Medium-Ambition)",0,NA,"Low (both)",NA,FALSE,NA,"A","none","ar6","top_33pct",0.333333333333333
"MESSAGE-GLOBIOM 1.0","EMF33-tax-hi-none","C4","2C (Medium-Ambition)",0,NA,"Low (both)",NA,FALSE,NA,"A","none","ar6","top_33pct",0.333333333333333
"MESSAGE-GLOBIOM 1.0","EMF33-tax-lo-full","C3","2C (Medium-Ambition)",0,NA,"Low (both)",NA,FALSE,NA,"A","none","ar6","top_33pct",0.333333333333333
"MESSAGE-GLOBIOM 1.0","EMF33-tax-lo-none","C3","2C (Medium-Ambition)",0,NA,"Low (both)",NA,FALSE,NA,"A","none","ar6","top_33pct",0.333333333333333
"MESSAGE-GLOBIOM 1.0","EMF33-well-below-2°C-cost100","C2","1.5C (High-Ambition)",0,NA,"Low (both)",NA,FALSE,NA,"A","none","ar6","top_33pct",0.333333333333333
"MESSAGE-GLOBIOM 1.0","EMF33-well-below-2°C-full","C2","1.5C (High-Ambition)",0,NA,"Low (both)",NA,FALSE,NA,"A","none","ar6","top_33pct",0.333333333333333
"MESSAGE-GLOBIOM 1.0","EMF33-well-below-2°C-limbio","C2","1.5C (High-Ambition)",0,NA,"Low (both)",NA,FALSE,NA,"A","none","ar6","top_33pct",0.333333333333333
"MESSAGE-GLOBIOM 1.0","EMF33-well-below-2°C-nofuel","C2","1.5C (High-Ambition)",0,NA,"Low (both)",NA,FALSE,NA,"A","none","ar6","top_33pct",0.333333333333333
"MESSAGE-GLOBIOM 1.0","SSP1-19","C2","1.5C (High-Ambition)",0,NA,"Low (both)",NA,FALSE,NA,"A","none","ar6","top_33pct",0.333333333333333
"MESSAGE-GLOBIOM 1.0","SSP1-26","C4","2C (Medium-Ambition)",0,NA,"Low (both)",NA,FALSE,NA,"A","none","ar6","top_33pct",0.333333333333333
"MESSAGE-GLOBIOM 1.0","SSP1-34","C3","2C (Medium-Ambition)",0,NA,"Low (both)",NA,FALSE,NA,"A","none","ar6","top_33pct",0.333333333333333
"MESSAGE-GLOBIOM 1.0","SSP1-45","C4","2C (Medium-Ambition)",0,NA,"Low (both)",NA,FALSE,NA,"A","none","ar6","top_33pct",0.333333333333333
"MESSAGE-GLOBIOM 1.0","SSP1-Baseline","C4","2C (Medium-Ambition)",0,NA,"Low (both)",NA,FALSE,NA,"A","none","ar6","top_33pct",0.333333333333333
"MESSAGE-GLOBIOM 1.0","SSP2-19","C1","1.5C (High-Ambition)",0,NA,"Low (both)",NA,FALSE,NA,"A","none","ar6","top_33pct",0.333333333333333
"MESSAGE-GLOBIOM 1.0","SSP2-26","C3","2C (Medium-Ambition)",0,NA,"Low (both)",NA,FALSE,NA,"A","none","ar6","top_33pct",0.333333333333333
"MESSAGE-GLOBIOM 1.0","SSP2-34","C3","2C (Medium-Ambition)",0,NA,"Low (both)",NA,FALSE,NA,"A","none","ar6","top_33pct",0.333333333333333
"MESSAGE-GLOBIOM 1.0","SSP2-45","C4","2C (Medium-Ambition)",0,NA,"Low (both)",NA,FALSE,NA,"A","none","ar6","top_33pct",0.333333333333333
"MESSAGE-GLOBIOM 1.0","SSP2-60","C4","2C (Medium-Ambition)",0,NA,"Low (both)",NA,FALSE,NA,"A","none","ar6","top_33pct",0.333333333333333
"MESSAGE-GLOBIOM 1.0","SSP2-Baseline","C4","2C (Medium-Ambition)",0,NA,"Low (both)",NA,FALSE,NA,"A","none","ar6","top_33pct",0.333333333333333
"MESSAGE-GLOBIOM 1.0","SSP3-34","C4","2C (Medium-Ambition)",0,NA,"Low (both)",NA,FALSE,NA,"A","none","ar6","top_33pct",0.333333333333333
"MESSAGE-GLOBIOM 1.0","SSP3-45","C3","2C (Medium-Ambition)",0,NA,"Low (both)",NA,FALSE,NA,"A","none","ar6","top_33pct",0.333333333333333
"MESSAGE-GLOBIOM 1.0","SSP3-60","C4","2C (Medium-Ambition)",0,NA,"Low (both)",NA,FALSE,NA,"A","none","ar6","top_33pct",0.333333333333333
"MESSAGE-GLOBIOM 1.0","SSP3-Baseline","C4","2C (Medium-Ambition)",0,NA,"Low (both)",NA,FALSE,NA,"A","none","ar6","top_33pct",0.333333333333333
"MESSAGEix-GLOBIOM 1.0","CD-LINKS-INDC2030i_1600","C4","2C (Medium-Ambition)",0,NA,"Low (both)",NA,FALSE,NA,"A","none","ar6","top_33pct",0.333333333333333
"MESSAGEix-GLOBIOM 1.0","CD-LINKS-INDCi","C4","2C (Medium-Ambition)",0,NA,"Low (both)",NA,FALSE,NA,"A","none","ar6","top_33pct",0.333333333333333
"MESSAGEix-GLOBIOM 1.0","CD-LINKS-NDC2030i_1000","C2","1.5C (High-Ambition)",0,NA,"Low (both)",NA,FALSE,NA,"A","none","ar6","top_33pct",0.333333333333333
"MESSAGEix-GLOBIOM 1.0","CD-LINKS-NPi","C4","2C (Medium-Ambition)",0,NA,"Low (both)",NA,FALSE,NA,"A","none","ar6","top_33pct",0.333333333333333
"MESSAGEix-GLOBIOM 1.0","CD-LINKS-NPi2020_1000","C2","1.5C (High-Ambition)",0,NA,"Low (both)",NA,FALSE,NA,"A","none","ar6","top_33pct",0.333333333333333
"MESSAGEix-GLOBIOM 1.0","CD-LINKS-NPi2020_1600","C4","2C (Medium-Ambition)",0,NA,"Low (both)",NA,FALSE,NA,"A","none","ar6","top_33pct",0.333333333333333
"MESSAGEix-GLOBIOM 1.0","CD-LINKS-NPi2020_400","C1","1.5C (High-Ambition)",0,NA,"Low (both)",NA,FALSE,NA,"A","none","ar6","top_33pct",0.333333333333333
"MESSAGEix-GLOBIOM 1.0","CD-LINKS-No-Policy","C4","2C (Medium-Ambition)",0,NA,"Low (both)",NA,FALSE,NA,"A","none","ar6","top_33pct",0.333333333333333
"MESSAGEix-GLOBIOM 1.0","LowEnergyDemand (1.3/IPCC-AR6)","C1","1.5C (High-Ambition)",0,NA,"Low (both)",NA,FALSE,NA,"A","none","ar6","top_33pct",0.333333333333333
"MESSAGEix-GLOBIOM 1.1","ECEMF-DIAG-C400-lin","C1","1.5C (High-Ambition)",0,NA,"Low (both)",NA,FALSE,NA,"A","none","ar6","top_33pct",0.333333333333333
"MESSAGEix-GLOBIOM 1.1","ECEMF-DIAG-NPi","C4","2C (Medium-Ambition)",0,NA,"Low (both)",NA,FALSE,NA,"A","none","ar6","top_33pct",0.333333333333333
"MESSAGEix-GLOBIOM 1.1","ENGAGE-Feasibility-1000/Cost-Effective","C3","2C (Medium-Ambition)",668410.008188641,1875163.87684052,"High-CMT only","High-CMT",TRUE,FALSE,"A","none","ar6","top_33pct",0.333333333333333
"MESSAGEix-GLOBIOM 1.1","ENGAGE-Feasibility-1000/Enablers & Institutional","C2","1.5C (High-Ambition)",515490.135001898,798276.804790482,"High-CMT only","High-CMT",TRUE,FALSE,"A","none","ar6","top_33pct",0.333333333333333
"MESSAGEix-GLOBIOM 1.1","ENGAGE-Feasibility-1000/Institutional","C3","2C (Medium-Ambition)",537711.445769061,1937215.58634187,"Both High",NA,FALSE,FALSE,"A","none","ar6","top_33pct",0.333333333333333
"MESSAGEix-GLOBIOM 1.1","ENGAGE-Feasibility-1000/Technology","C3","2C (Medium-Ambition)",568531.04894597,2045170.28943639,"Both High",NA,FALSE,FALSE,"A","none","ar6","top_33pct",0.333333333333333
"MESSAGEix-GLOBIOM 1.1","ENGAGE-Feasibility-1000/Technology & Enablers & Institutional","C2","1.5C (High-Ambition)",515272.300545096,798776.329345567,"High-CMT only","High-CMT",TRUE,FALSE,"A","none","ar6","top_33pct",0.333333333333333
"MESSAGEix-GLOBIOM 1.1","ENGAGE-Feasibility-1000/Technology & Institutional","C3","2C (Medium-Ambition)",496862.911868205,2152716.72337748,"Both High",NA,FALSE,FALSE,"A","none","ar6","top_33pct",0.333333333333333
"MESSAGEix-GLOBIOM 1.1","ENGAGE-Feasibility-Maximum-Effort/Cost-Effective","C1","1.5C (High-Ambition)",654721.294044248,2093145.62516949,"High-CMT only","High-CMT",TRUE,FALSE,"A","none","ar6","top_33pct",0.333333333333333
"MESSAGEix-GLOBIOM 1.1","ENGAGE-Feasibility-Maximum-Effort/Enablers & Institutional","C2","1.5C (High-Ambition)",496158.802140218,887282.813085455,"Low (both)",NA,FALSE,FALSE,"A","none","ar6","top_33pct",0.333333333333333
"MESSAGEix-GLOBIOM 1.1","ENGAGE-Feasibility-Maximum-Effort/Enablers & Institutional [Optimistic]","C1","1.5C (High-Ambition)",570433.311333783,918248.733640359,"High-CMT only","High-CMT",TRUE,FALSE,"A","none","ar6","top_33pct",0.333333333333333
"MESSAGEix-GLOBIOM 1.1","ENGAGE-Feasibility-Maximum-Effort/Enablers & Institutional [Pessimistic]","C2","1.5C (High-Ambition)",456557.264710106,811794.475420179,"Low (both)",NA,FALSE,FALSE,"A","none","ar6","top_33pct",0.333333333333333
"MESSAGEix-GLOBIOM 1.1","ENGAGE-Feasibility-Maximum-Effort/Institutional","C2","1.5C (High-Ambition)",530235.569176241,1904345.63297191,"High-CMT only","High-CMT",TRUE,FALSE,"A","none","ar6","top_33pct",0.333333333333333
"MESSAGEix-GLOBIOM 1.1","ENGAGE-Feasibility-Maximum-Effort/Institutional [Optimistic]","C2","1.5C (High-Ambition)",542704.07504714,1926363.78724943,"High-CMT only","High-CMT",TRUE,FALSE,"A","none","ar6","top_33pct",0.333333333333333
"MESSAGEix-GLOBIOM 1.1","ENGAGE-Feasibility-Maximum-Effort/Institutional [Pessimistic]","C4","2C (Medium-Ambition)",571242.453538393,1660816.10367029,"High-CMT only","High-CMT",TRUE,FALSE,"A","none","ar6","top_33pct",0.333333333333333
"MESSAGEix-GLOBIOM 1.1","ENGAGE-Feasibility-Maximum-Effort/Technology","C1","1.5C (High-Ambition)",558618.730515152,2249836.28112596,"High-CMT only","High-CMT",TRUE,FALSE,"A","none","ar6","top_33pct",0.333333333333333
"MESSAGEix-GLOBIOM 1.1","ENGAGE-Feasibility-Maximum-Effort/Technology & Enablers & Institutional","C2","1.5C (High-Ambition)",492747.605389043,897129.35599005,"Low (both)",NA,FALSE,FALSE,"A","none","ar6","top_33pct",0.333333333333333
"MESSAGEix-GLOBIOM 1.1","ENGAGE-Feasibility-Maximum-Effort/Technology & Enablers & Institutional [Optimistic]","C2","1.5C (High-Ambition)",540555.253880629,951257.636669221,"High-CMT only","High-CMT",TRUE,FALSE,"A","none","ar6","top_33pct",0.333333333333333
"MESSAGEix-GLOBIOM 1.1","ENGAGE-Feasibility-Maximum-Effort/Technology & Enablers & Institutional [Pessimistic]","C2","1.5C (High-Ambition)",457477.253307836,815289.161704255,"Low (both)",NA,FALSE,FALSE,"A","none","ar6","top_33pct",0.333333333333333
"MESSAGEix-GLOBIOM 1.1","ENGAGE-Feasibility-Maximum-Effort/Technology & Institutional","C2","1.5C (High-Ambition)",509987.991179072,2025670.12747657,"Low (both)",NA,FALSE,FALSE,"A","none","ar6","top_33pct",0.333333333333333
"MESSAGEix-GLOBIOM 1.1","ENGAGE-Feasibility-Maximum-Effort/Technology & Institutional [Optimistic]","C3","2C (Medium-Ambition)",542947.340953806,2113112.14385235,"Both High",NA,FALSE,FALSE,"A","none","ar6","top_33pct",0.333333333333333
"MESSAGEix-GLOBIOM 1.1","ENGAGE-Feasibility-Maximum-Effort/Technology & Institutional [Pessimistic]","C4","2C (Medium-Ambition)",511087.291885275,1769433.8710807,"High-CMT only","High-CMT",TRUE,FALSE,"A","none","ar6","top_33pct",0.333333333333333
"MESSAGEix-GLOBIOM 1.1","ENGAGE-INDCi2030-1000","C3","2C (Medium-Ambition)",658624.114304728,2055652.78801601,"Both High",NA,FALSE,FALSE,"A","none","ar6","top_33pct",0.333333333333333
"MESSAGEix-GLOBIOM 1.1","ENGAGE-INDCi2030-1000-COV","C3","2C (Medium-Ambition)",648853.955393997,1974893.13686308,"Both High",NA,FALSE,FALSE,"A","none","ar6","top_33pct",0.333333333333333
"MESSAGEix-GLOBIOM 1.1","ENGAGE-INDCi2030-1000-COV-NDCp","C3","2C (Medium-Ambition)",652572.577273615,1986149.59563165,"Both High",NA,FALSE,FALSE,"A","none","ar6","top_33pct",0.333333333333333
"MESSAGEix-GLOBIOM 1.1","ENGAGE-INDCi2030-1000-NDCp","C3","2C (Medium-Ambition)",652071.844509115,2077603.34498018,"Both High",NA,FALSE,FALSE,"A","none","ar6","top_33pct",0.333333333333333
"MESSAGEix-GLOBIOM 1.1","ENGAGE-INDCi2030-1000f","C4","2C (Medium-Ambition)",506961.74857471,2096577.14159238,"Both High",NA,FALSE,FALSE,"A","none","ar6","top_33pct",0.333333333333333
"MESSAGEix-GLOBIOM 1.1","ENGAGE-INDCi2030-1000f-COV","C3","2C (Medium-Ambition)",509644.416290112,1975915.51973703,"Both High",NA,FALSE,FALSE,"A","none","ar6","top_33pct",0.333333333333333
"MESSAGEix-GLOBIOM 1.1","ENGAGE-INDCi2030-1000f-COV-NDCp","C3","2C (Medium-Ambition)",509001.859569598,1981690.56048193,"Both High",NA,FALSE,FALSE,"A","none","ar6","top_33pct",0.333333333333333
"MESSAGEix-GLOBIOM 1.1","ENGAGE-INDCi2030-1000f-NDCp","C4","2C (Medium-Ambition)",505737.077945851,2103657.15774842,"Both High",NA,FALSE,FALSE,"A","none","ar6","top_33pct",0.333333333333333
"MESSAGEix-GLOBIOM 1.1","ENGAGE-INDCi2030-1200","C4","2C (Medium-Ambition)",673374.239025994,1965181.29700764,"Both High",NA,FALSE,FALSE,"A","none","ar6","top_33pct",0.333333333333333
"MESSAGEix-GLOBIOM 1.1","ENGAGE-INDCi2030-1200-COV","C3","2C (Medium-Ambition)",669391.541808838,1830739.47515089,"High-CMT only","High-CMT",TRUE,FALSE,"A","none","ar6","top_33pct",0.333333333333333
"MESSAGEix-GLOBIOM 1.1","ENGAGE-INDCi2030-1200-COV-NDCp","C3","2C (Medium-Ambition)",656336.394890449,1841609.75519413,"High-CMT only","High-CMT",TRUE,FALSE,"A","none","ar6","top_33pct",0.333333333333333
"MESSAGEix-GLOBIOM 1.1","ENGAGE-INDCi2030-1200-NDCp","C4","2C (Medium-Ambition)",674243.291923499,1968924.83880789,"Both High",NA,FALSE,FALSE,"A","none","ar6","top_33pct",0.333333333333333
"MESSAGEix-GLOBIOM 1.1","ENGAGE-INDCi2030-1200f","C4","2C (Medium-Ambition)",530977.841662751,1981393.99350342,"Both High",NA,FALSE,FALSE,"A","none","ar6","top_33pct",0.333333333333333
"MESSAGEix-GLOBIOM 1.1","ENGAGE-INDCi2030-1200f-COV","C4","2C (Medium-Ambition)",546219.383701603,1839056.95100875,"High-CMT only","High-CMT",TRUE,FALSE,"A","none","ar6","top_33pct",0.333333333333333
"MESSAGEix-GLOBIOM 1.1","ENGAGE-INDCi2030-1200f-COV-NDCp","C4","2C (Medium-Ambition)",544198.648877632,1838731.09728065,"High-CMT only","High-CMT",TRUE,FALSE,"A","none","ar6","top_33pct",0.333333333333333
"MESSAGEix-GLOBIOM 1.1","ENGAGE-INDCi2030-1200f-NDCp","C4","2C (Medium-Ambition)",532056.723187348,1974230.61462306,"Both High",NA,FALSE,FALSE,"A","none","ar6","top_33pct",0.333333333333333
"MESSAGEix-GLOBIOM 1.1","ENGAGE-INDCi2030-1400","C4","2C (Medium-Ambition)",642275.07467209,1832485.42606596,"High-CMT only","High-CMT",TRUE,FALSE,"A","none","ar6","top_33pct",0.333333333333333
"MESSAGEix-GLOBIOM 1.1","ENGAGE-INDCi2030-1400-COV","C4","2C (Medium-Ambition)",659314.450825817,1707962.39453288,"High-CMT only","High-CMT",TRUE,FALSE,"A","none","ar6","top_33pct",0.333333333333333
"MESSAGEix-GLOBIOM 1.1","ENGAGE-INDCi2030-1400-COV-NDCp","C4","2C (Medium-Ambition)",657239.211204838,1714252.70124025,"High-CMT only","High-CMT",TRUE,FALSE,"A","none","ar6","top_33pct",0.333333333333333
"MESSAGEix-GLOBIOM 1.1","ENGAGE-INDCi2030-1400-NDCp","C4","2C (Medium-Ambition)",641580.579565309,1835383.19076464,"High-CMT only","High-CMT",TRUE,FALSE,"A","none","ar6","top_33pct",0.333333333333333
"MESSAGEix-GLOBIOM 1.1","ENGAGE-INDCi2030-1400f","C4","2C (Medium-Ambition)",550991.840044919,1846318.47098509,"High-CMT only","High-CMT",TRUE,FALSE,"A","none","ar6","top_33pct",0.333333333333333
"MESSAGEix-GLOBIOM 1.1","ENGAGE-INDCi2030-1400f-COV","C4","2C (Medium-Ambition)",566632.499822652,1727232.23319546,"High-CMT only","High-CMT",TRUE,FALSE,"A","none","ar6","top_33pct",0.333333333333333
"MESSAGEix-GLOBIOM 1.1","ENGAGE-INDCi2030-1400f-COV-NDCp","C4","2C (Medium-Ambition)",567861.950816219,1724889.87945022,"High-CMT only","High-CMT",TRUE,FALSE,"A","none","ar6","top_33pct",0.333333333333333
"MESSAGEix-GLOBIOM 1.1","ENGAGE-INDCi2030-1400f-NDCp","C4","2C (Medium-Ambition)",552255.921881416,1850912.53517554,"High-CMT only","High-CMT",TRUE,FALSE,"A","none","ar6","top_33pct",0.333333333333333
"MESSAGEix-GLOBIOM 1.1","ENGAGE-INDCi2030-1600","C3","2C (Medium-Ambition)",649894.378392789,1717907.19331962,"High-CMT only","High-CMT",TRUE,FALSE,"A","none","ar6","top_33pct",0.333333333333333
"MESSAGEix-GLOBIOM 1.1","ENGAGE-INDCi2030-1600-COV","C4","2C (Medium-Ambition)",629422.715851836,1633634.50707239,"High-CMT only","High-CMT",TRUE,FALSE,"A","none","ar6","top_33pct",0.333333333333333
"MESSAGEix-GLOBIOM 1.1","ENGAGE-INDCi2030-1600-COV-NDCp","C4","2C (Medium-Ambition)",625248.64623145,1640746.37588051,"High-CMT only","High-CMT",TRUE,FALSE,"A","none","ar6","top_33pct",0.333333333333333
"MESSAGEix-GLOBIOM 1.1","ENGAGE-INDCi2030-1600-NDCp","C3","2C (Medium-Ambition)",646138.29851376,1725130.78845652,"High-CMT only","High-CMT",TRUE,FALSE,"A","none","ar6","top_33pct",0.333333333333333
"MESSAGEix-GLOBIOM 1.1","ENGAGE-INDCi2030-1600f","C3","2C (Medium-Ambition)",575677.453496711,1751404.13603263,"High-CMT only","High-CMT",TRUE,FALSE,"A","none","ar6","top_33pct",0.333333333333333
"MESSAGEix-GLOBIOM 1.1","ENGAGE-INDCi2030-1600f-COV","C3","2C (Medium-Ambition)",569099.584263713,1647180.22238462,"High-CMT only","High-CMT",TRUE,FALSE,"A","none","ar6","top_33pct",0.333333333333333
"MESSAGEix-GLOBIOM 1.1","ENGAGE-INDCi2030-1600f-COV-NDCp","C3","2C (Medium-Ambition)",564055.747154552,1657014.16187204,"High-CMT only","High-CMT",TRUE,FALSE,"A","none","ar6","top_33pct",0.333333333333333
"MESSAGEix-GLOBIOM 1.1","ENGAGE-INDCi2030-1600f-NDCp","C3","2C (Medium-Ambition)",572454.525338976,1757721.34891664,"High-CMT only","High-CMT",TRUE,FALSE,"A","none","ar6","top_33pct",0.333333333333333
"MESSAGEix-GLOBIOM 1.1","ENGAGE-INDCi2030-1800","C3","2C (Medium-Ambition)",610633.971659584,1655264.95046771,"High-CMT only","High-CMT",TRUE,FALSE,"A","none","ar6","top_33pct",0.333333333333333
"MESSAGEix-GLOBIOM 1.1","ENGAGE-INDCi2030-1800-COV","C3","2C (Medium-Ambition)",619459.827054856,1575412.42387402,"High-CMT only","High-CMT",TRUE,FALSE,"A","none","ar6","top_33pct",0.333333333333333
"MESSAGEix-GLOBIOM 1.1","ENGAGE-INDCi2030-1800-COV-NDCp","C3","2C (Medium-Ambition)",621964.48137915,1579033.77587439,"High-CMT only","High-CMT",TRUE,FALSE,"A","none","ar6","top_33pct",0.333333333333333
"MESSAGEix-GLOBIOM 1.1","ENGAGE-INDCi2030-1800-NDCp","C3","2C (Medium-Ambition)",605010.448879346,1660170.81771664,"High-CMT only","High-CMT",TRUE,FALSE,"A","none","ar6","top_33pct",0.333333333333333
"MESSAGEix-GLOBIOM 1.1","ENGAGE-INDCi2030-1800f","C3","2C (Medium-Ambition)",571815.300371712,1673045.74463225,"High-CMT only","High-CMT",TRUE,FALSE,"A","none","ar6","top_33pct",0.333333333333333
"MESSAGEix-GLOBIOM 1.1","ENGAGE-INDCi2030-1800f-COV","C3","2C (Medium-Ambition)",566436.498910623,1587307.66182677,"High-CMT only","High-CMT",TRUE,FALSE,"A","none","ar6","top_33pct",0.333333333333333
"MESSAGEix-GLOBIOM 1.1","ENGAGE-INDCi2030-1800f-COV-NDCp","C3","2C (Medium-Ambition)",564304.597264308,1589739.55948165,"High-CMT only","High-CMT",TRUE,FALSE,"A","none","ar6","top_33pct",0.333333333333333
"MESSAGEix-GLOBIOM 1.1","ENGAGE-INDCi2030-1800f-NDCp","C3","2C (Medium-Ambition)",568385.460070782,1678521.99576313,"High-CMT only","High-CMT",TRUE,FALSE,"A","none","ar6","top_33pct",0.333333333333333
"MESSAGEix-GLOBIOM 1.1","ENGAGE-INDCi2030-2000","C3","2C (Medium-Ambition)",606625.47160425,1600020.93680798,"High-CMT only","High-CMT",TRUE,FALSE,"A","none","ar6","top_33pct",0.333333333333333
"MESSAGEix-GLOBIOM 1.1","ENGAGE-INDCi2030-2000-COV","C3","2C (Medium-Ambition)",564893.156951032,1527065.44400596,"High-CMT only","High-CMT",TRUE,FALSE,"A","none","ar6","top_33pct",0.333333333333333
"MESSAGEix-GLOBIOM 1.1","ENGAGE-INDCi2030-2000-COV-NDCp","C3","2C (Medium-Ambition)",561839.366662236,1533302.79146237,"High-CMT only","High-CMT",TRUE,FALSE,"A","none","ar6","top_33pct",0.333333333333333
"MESSAGEix-GLOBIOM 1.1","ENGAGE-INDCi2030-2000-NDCp","C3","2C (Medium-Ambition)",603021.050469886,1604321.4470646,"High-CMT only","High-CMT",TRUE,FALSE,"A","none","ar6","top_33pct",0.333333333333333
"MESSAGEix-GLOBIOM 1.1","ENGAGE-INDCi2030-2000f","C3","2C (Medium-Ambition)",556868.625098797,1614551.31116403,"High-CMT only","High-CMT",TRUE,FALSE,"A","none","ar6","top_33pct",0.333333333333333
"MESSAGEix-GLOBIOM 1.1","ENGAGE-INDCi2030-2000f-COV","C3","2C (Medium-Ambition)",545037.71977174,1530008.0022461,"High-CMT only","High-CMT",TRUE,FALSE,"A","none","ar6","top_33pct",0.333333333333333
"MESSAGEix-GLOBIOM 1.1","ENGAGE-INDCi2030-2000f-COV-NDCp","C3","2C (Medium-Ambition)",537488.432960584,1539982.21404742,"High-CMT only","High-CMT",TRUE,FALSE,"A","none","ar6","top_33pct",0.333333333333333
"MESSAGEix-GLOBIOM 1.1","ENGAGE-INDCi2030-2000f-NDCp","C3","2C (Medium-Ambition)",550696.684859125,1616629.21459219,"High-CMT only","High-CMT",TRUE,FALSE,"A","none","ar6","top_33pct",0.333333333333333
"MESSAGEix-GLOBIOM 1.1","ENGAGE-INDCi2030-2500","C3","2C (Medium-Ambition)",460416.657479908,1486302.04915445,"Low (both)",NA,FALSE,FALSE,"A","none","ar6","top_33pct",0.333333333333333
"MESSAGEix-GLOBIOM 1.1","ENGAGE-INDCi2030-2500-COV","C3","2C (Medium-Ambition)",431227.804648546,1411879.57237169,"Low (both)",NA,FALSE,FALSE,"A","none","ar6","top_33pct",0.333333333333333
"MESSAGEix-GLOBIOM 1.1","ENGAGE-INDCi2030-2500-COV-NDCp","C3","2C (Medium-Ambition)",430100.129140472,1416704.67546719,"Low (both)",NA,FALSE,FALSE,"A","none","ar6","top_33pct",0.333333333333333
"MESSAGEix-GLOBIOM 1.1","ENGAGE-INDCi2030-2500-NDCp","C3","2C (Medium-Ambition)",461697.755284918,1489695.15927783,"Low (both)",NA,FALSE,FALSE,"A","none","ar6","top_33pct",0.333333333333333
"MESSAGEix-GLOBIOM 1.1","ENGAGE-INDCi2030-2500f","C3","2C (Medium-Ambition)",451059.139111374,1489785.77841677,"Low (both)",NA,FALSE,FALSE,"A","none","ar6","top_33pct",0.333333333333333
"MESSAGEix-GLOBIOM 1.1","ENGAGE-INDCi2030-2500f-COV","C3","2C (Medium-Ambition)",427569.646841848,1411332.38504008,"Low (both)",NA,FALSE,FALSE,"A","none","ar6","top_33pct",0.333333333333333
"MESSAGEix-GLOBIOM 1.1","ENGAGE-INDCi2030-2500f-COV-NDCp","C3","2C (Medium-Ambition)",422444.169020825,1416804.52645897,"Low (both)",NA,FALSE,FALSE,"A","none","ar6","top_33pct",0.333333333333333
"MESSAGEix-GLOBIOM 1.1","ENGAGE-INDCi2030-2500f-NDCp","C3","2C (Medium-Ambition)",449071.164652955,1492549.21672797,"Low (both)",NA,FALSE,FALSE,"A","none","ar6","top_33pct",0.333333333333333
"MESSAGEix-GLOBIOM 1.1","ENGAGE-INDCi2030-3000","C4","2C (Medium-Ambition)",368794.551525424,1379862.25376856,"Low (both)",NA,FALSE,FALSE,"A","none","ar6","top_33pct",0.333333333333333
"MESSAGEix-GLOBIOM 1.1","ENGAGE-INDCi2030-3000-COV","C4","2C (Medium-Ambition)",340761.815050257,1289454.83964106,"Low (both)",NA,FALSE,FALSE,"A","none","ar6","top_33pct",0.333333333333333
"MESSAGEix-GLOBIOM 1.1","ENGAGE-INDCi2030-3000-COV-NDCp","C4","2C (Medium-Ambition)",339695.981460259,1293878.23779466,"Low (both)",NA,FALSE,FALSE,"A","none","ar6","top_33pct",0.333333333333333
"MESSAGEix-GLOBIOM 1.1","ENGAGE-INDCi2030-3000-NDCp","C4","2C (Medium-Ambition)",369780.038728044,1386741.98159119,"Low (both)",NA,FALSE,FALSE,"A","none","ar6","top_33pct",0.333333333333333
"MESSAGEix-GLOBIOM 1.1","ENGAGE-INDCi2030-3000f","C4","2C (Medium-Ambition)",366406.42229906,1372659.3909302,"Low (both)",NA,FALSE,FALSE,"A","none","ar6","top_33pct",0.333333333333333
"MESSAGEix-GLOBIOM 1.1","ENGAGE-INDCi2030-3000f-COV","C4","2C (Medium-Ambition)",341224.015238944,1284743.34258845,"Low (both)",NA,FALSE,FALSE,"A","none","ar6","top_33pct",0.333333333333333
"MESSAGEix-GLOBIOM 1.1","ENGAGE-INDCi2030-3000f-COV-NDCp","C4","2C (Medium-Ambition)",338544.467422631,1290777.26140361,"Low (both)",NA,FALSE,FALSE,"A","none","ar6","top_33pct",0.333333333333333
"MESSAGEix-GLOBIOM 1.1","ENGAGE-INDCi2030-3000f-NDCp","C4","2C (Medium-Ambition)",363885.821702702,1377818.17045002,"Low (both)",NA,FALSE,FALSE,"A","none","ar6","top_33pct",0.333333333333333
"MESSAGEix-GLOBIOM 1.1","ENGAGE-INDCi2030-600f-COV","C2","1.5C (High-Ambition)",425550.750492487,2027797.08607816,"Low (both)",NA,FALSE,FALSE,"A","none","ar6","top_33pct",0.333333333333333
"MESSAGEix-GLOBIOM 1.1","ENGAGE-INDCi2030-600f-COV-NDCp","C2","1.5C (High-Ambition)",429244.667644121,2052720.09600149,"Low (both)",NA,FALSE,FALSE,"A","none","ar6","top_33pct",0.333333333333333
"MESSAGEix-GLOBIOM 1.1","ENGAGE-INDCi2030-700f","C2","1.5C (High-Ambition)",447812.560767021,2158179.97287902,"Low (both)",NA,FALSE,FALSE,"A","none","ar6","top_33pct",0.333333333333333
"MESSAGEix-GLOBIOM 1.1","ENGAGE-INDCi2030-700f-COV","C2","1.5C (High-Ambition)",445103.406782726,2080440.36949656,"Low (both)",NA,FALSE,FALSE,"A","none","ar6","top_33pct",0.333333333333333
"MESSAGEix-GLOBIOM 1.1","ENGAGE-INDCi2030-700f-COV-NDCp","C2","1.5C (High-Ambition)",448449.887178662,2098913.10507316,"Low (both)",NA,FALSE,FALSE,"A","none","ar6","top_33pct",0.333333333333333
"MESSAGEix-GLOBIOM 1.1","ENGAGE-INDCi2030-700f-NDCp","C2","1.5C (High-Ambition)",448015.921744022,2176960.72123965,"Low (both)",NA,FALSE,FALSE,"A","none","ar6","top_33pct",0.333333333333333
"MESSAGEix-GLOBIOM 1.1","ENGAGE-INDCi2030-800f","C3","2C (Medium-Ambition)",465506.976925742,2185687.88329644,"High-RE only","High-RE",FALSE,TRUE,"A","none","ar6","top_33pct",0.333333333333333
"MESSAGEix-GLOBIOM 1.1","ENGAGE-INDCi2030-800f-COV","C3","2C (Medium-Ambition)",467569.482799808,2068547.43624701,"Both High",NA,FALSE,FALSE,"A","none","ar6","top_33pct",0.333333333333333
"MESSAGEix-GLOBIOM 1.1","ENGAGE-INDCi2030-800f-COV-NDCp","C3","2C (Medium-Ambition)",468187.94215663,2077773.48788731,"Both High",NA,FALSE,FALSE,"A","none","ar6","top_33pct",0.333333333333333
"MESSAGEix-GLOBIOM 1.1","ENGAGE-INDCi2030-800f-NDCp","C3","2C (Medium-Ambition)",466394.483389901,2197773.35366893,"Both High",NA,FALSE,FALSE,"A","none","ar6","top_33pct",0.333333333333333
"MESSAGEix-GLOBIOM 1.1","ENGAGE-INDCi2030-900f","C3","2C (Medium-Ambition)",491069.055282684,2135540.86880969,"Both High",NA,FALSE,FALSE,"A","none","ar6","top_33pct",0.333333333333333
"MESSAGEix-GLOBIOM 1.1","ENGAGE-INDCi2030-900f-COV","C3","2C (Medium-Ambition)",490915.000787964,2031341.39296379,"Both High",NA,FALSE,FALSE,"A","none","ar6","top_33pct",0.333333333333333
"MESSAGEix-GLOBIOM 1.1","ENGAGE-INDCi2030-900f-COV-NDCp","C3","2C (Medium-Ambition)",494478.996578732,2033714.04710445,"Both High",NA,FALSE,FALSE,"A","none","ar6","top_33pct",0.333333333333333
"MESSAGEix-GLOBIOM 1.1","ENGAGE-INDCi2030-900f-NDCp","C3","2C (Medium-Ambition)",488819.472822064,2149491.58208803,"Both High",NA,FALSE,FALSE,"A","none","ar6","top_33pct",0.333333333333333
"MESSAGEix-GLOBIOM 1.1","ENGAGE-INDCi2030-950-COV","C3","2C (Medium-Ambition)",638005.735580949,1984539.37313885,"Both High",NA,FALSE,FALSE,"A","none","ar6","top_33pct",0.333333333333333
"MESSAGEix-GLOBIOM 1.1","ENGAGE-INDCi2030-950-COV-NDCp","C3","2C (Medium-Ambition)",640914.295170516,2018759.63931305,"Both High",NA,FALSE,FALSE,"A","none","ar6","top_33pct",0.333333333333333
"MESSAGEix-GLOBIOM 1.1","ENGAGE-INDCi2030-950f-COV","C3","2C (Medium-Ambition)",502885.782345167,2004647.73228074,"Both High",NA,FALSE,FALSE,"A","none","ar6","top_33pct",0.333333333333333
"MESSAGEix-GLOBIOM 1.1","ENGAGE-INDCi2030-950f-COV-NDCp","C3","2C (Medium-Ambition)",503647.575168336,2001831.57242286,"Both High",NA,FALSE,FALSE,"A","none","ar6","top_33pct",0.333333333333333
"MESSAGEix-GLOBIOM 1.1","ENGAGE-INDCi2100","C4","2C (Medium-Ambition)",301202.720705908,1121810.17946842,"Low (both)",NA,FALSE,FALSE,"A","none","ar6","top_33pct",0.333333333333333
"MESSAGEix-GLOBIOM 1.1","ENGAGE-INDCi2100-COV","C4","2C (Medium-Ambition)",302865.856429583,1073599.83236822,"Low (both)",NA,FALSE,FALSE,"A","none","ar6","top_33pct",0.333333333333333
"MESSAGEix-GLOBIOM 1.1","ENGAGE-INDCi2100-COV-NDCp","C4","2C (Medium-Ambition)",308668.664596631,1113907.06434369,"Low (both)",NA,FALSE,FALSE,"A","none","ar6","top_33pct",0.333333333333333
"MESSAGEix-GLOBIOM 1.1","ENGAGE-INDCi2100-NDCp","C4","2C (Medium-Ambition)",314784.34212663,1161730.59808618,"Low (both)",NA,FALSE,FALSE,"A","none","ar6","top_33pct",0.333333333333333
"MESSAGEix-GLOBIOM 1.1","ENGAGE-NPi2020-1000","C3","2C (Medium-Ambition)",717431.803317826,1881474.42031587,"High-CMT only","High-CMT",TRUE,FALSE,"A","none","ar6","top_33pct",0.333333333333333
"MESSAGEix-GLOBIOM 1.1","ENGAGE-NPi2020-1000-COV","C3","2C (Medium-Ambition)",709078.685704669,1772394.25565393,"High-CMT only","High-CMT",TRUE,FALSE,"A","none","ar6","top_33pct",0.333333333333333
"MESSAGEix-GLOBIOM 1.1","ENGAGE-NPi2020-1000-DR10p","C3","2C (Medium-Ambition)",940007.138236967,2119812.48129374,"Both High",NA,FALSE,FALSE,"A","none","ar6","top_33pct",0.333333333333333
"MESSAGEix-GLOBIOM 1.1","ENGAGE-NPi2020-1000-DR1p","C3","2C (Medium-Ambition)",562133.549747875,1915421.91290163,"High-CMT only","High-CMT",TRUE,FALSE,"A","none","ar6","top_33pct",0.333333333333333
"MESSAGEix-GLOBIOM 1.1","ENGAGE-NPi2020-1000-DR2p","C3","2C (Medium-Ambition)",594904.917083486,1886484.44926345,"High-CMT only","High-CMT",TRUE,FALSE,"A","none","ar6","top_33pct",0.333333333333333
"MESSAGEix-GLOBIOM 1.1","ENGAGE-NPi2020-1000-DR3p","C3","2C (Medium-Ambition)",609793.443915226,1880001.19613441,"High-CMT only","High-CMT",TRUE,FALSE,"A","none","ar6","top_33pct",0.333333333333333
"MESSAGEix-GLOBIOM 1.1","ENGAGE-NPi2020-1000-DR4p","C3","2C (Medium-Ambition)",647134.174379386,1861261.02341179,"High-CMT only","High-CMT",TRUE,FALSE,"A","none","ar6","top_33pct",0.333333333333333
"MESSAGEix-GLOBIOM 1.1","ENGAGE-NPi2020-1000f","C3","2C (Medium-Ambition)",576831.772631801,1958876.35680284,"Both High",NA,FALSE,FALSE,"A","none","ar6","top_33pct",0.333333333333333
"MESSAGEix-GLOBIOM 1.1","ENGAGE-NPi2020-1000f-COV","C3","2C (Medium-Ambition)",578145.69284569,1816602.48185165,"High-CMT only","High-CMT",TRUE,FALSE,"A","none","ar6","top_33pct",0.333333333333333
"MESSAGEix-GLOBIOM 1.1","ENGAGE-NPi2020-1000f-DR10p","C4","2C (Medium-Ambition)",550404.219305265,2302768.44000017,"Both High",NA,FALSE,FALSE,"A","none","ar6","top_33pct",0.333333333333333
"MESSAGEix-GLOBIOM 1.1","ENGAGE-NPi2020-1000f-DR1p","C3","2C (Medium-Ambition)",565316.472997745,1903307.62843504,"High-CMT only","High-CMT",TRUE,FALSE,"A","none","ar6","top_33pct",0.333333333333333
"MESSAGEix-GLOBIOM 1.1","ENGAGE-NPi2020-1000f-DR2p","C3","2C (Medium-Ambition)",575452.021631427,1894077.95912989,"High-CMT only","High-CMT",TRUE,FALSE,"A","none","ar6","top_33pct",0.333333333333333
"MESSAGEix-GLOBIOM 1.1","ENGAGE-NPi2020-1000f-DR3p","C3","2C (Medium-Ambition)",556559.235958352,1926134.18247879,"High-CMT only","High-CMT",TRUE,FALSE,"A","none","ar6","top_33pct",0.333333333333333
"MESSAGEix-GLOBIOM 1.1","ENGAGE-NPi2020-1000f-DR4p","C3","2C (Medium-Ambition)",561015.20306809,1950429.97619472,"Both High",NA,FALSE,FALSE,"A","none","ar6","top_33pct",0.333333333333333
"MESSAGEix-GLOBIOM 1.1","ENGAGE-NPi2020-1200","C3","2C (Medium-Ambition)",710171.116480847,1809655.69073444,"High-CMT only","High-CMT",TRUE,FALSE,"A","none","ar6","top_33pct",0.333333333333333
"MESSAGEix-GLOBIOM 1.1","ENGAGE-NPi2020-1200-COV","C3","2C (Medium-Ambition)",691916.873011151,1710092.9421644,"High-CMT only","High-CMT",TRUE,FALSE,"A","none","ar6","top_33pct",0.333333333333333
"MESSAGEix-GLOBIOM 1.1","ENGAGE-NPi2020-1200f","C4","2C (Medium-Ambition)",579280.648544475,1862700.98196003,"High-CMT only","High-CMT",TRUE,FALSE,"A","none","ar6","top_33pct",0.333333333333333
"MESSAGEix-GLOBIOM 1.1","ENGAGE-NPi2020-1200f-COV","C4","2C (Medium-Ambition)",592392.757646027,1746067.32719376,"High-CMT only","High-CMT",TRUE,FALSE,"A","none","ar6","top_33pct",0.333333333333333
"MESSAGEix-GLOBIOM 1.1","ENGAGE-NPi2020-1400","C4","2C (Medium-Ambition)",684774.075914413,1749526.41500075,"High-CMT only","High-CMT",TRUE,FALSE,"A","none","ar6","top_33pct",0.333333333333333
"MESSAGEix-GLOBIOM 1.1","ENGAGE-NPi2020-1400-COV","C4","2C (Medium-Ambition)",662654.643622031,1666434.96528,"High-CMT only","High-CMT",TRUE,FALSE,"A","none","ar6","top_33pct",0.333333333333333
"MESSAGEix-GLOBIOM 1.1","ENGAGE-NPi2020-1400f","C4","2C (Medium-Ambition)",593006.443836526,1802095.42796123,"High-CMT only","High-CMT",TRUE,FALSE,"A","none","ar6","top_33pct",0.333333333333333
"MESSAGEix-GLOBIOM 1.1","ENGAGE-NPi2020-1400f-COV","C4","2C (Medium-Ambition)",576925.925295334,1707874.18099205,"High-CMT only","High-CMT",TRUE,FALSE,"A","none","ar6","top_33pct",0.333333333333333
"MESSAGEix-GLOBIOM 1.1","ENGAGE-NPi2020-1600","C4","2C (Medium-Ambition)",645005.24930539,1694083.02386238,"High-CMT only","High-CMT",TRUE,FALSE,"A","none","ar6","top_33pct",0.333333333333333
"MESSAGEix-GLOBIOM 1.1","ENGAGE-NPi2020-1600-COV","C4","2C (Medium-Ambition)",644194.139983714,1604783.6436272,"High-CMT only","High-CMT",TRUE,FALSE,"A","none","ar6","top_33pct",0.333333333333333
"MESSAGEix-GLOBIOM 1.1","ENGAGE-NPi2020-1600f","C3","2C (Medium-Ambition)",574791.690838066,1741094.74869176,"High-CMT only","High-CMT",TRUE,FALSE,"A","none","ar6","top_33pct",0.333333333333333
"MESSAGEix-GLOBIOM 1.1","ENGAGE-NPi2020-1600f-COV","C4","2C (Medium-Ambition)",591717.141965738,1639183.19604194,"High-CMT only","High-CMT",TRUE,FALSE,"A","none","ar6","top_33pct",0.333333333333333
"MESSAGEix-GLOBIOM 1.1","ENGAGE-NPi2020-1800","C3","2C (Medium-Ambition)",639749.127207278,1647156.05980253,"High-CMT only","High-CMT",TRUE,FALSE,"A","none","ar6","top_33pct",0.333333333333333
"MESSAGEix-GLOBIOM 1.1","ENGAGE-NPi2020-1800-COV","C3","2C (Medium-Ambition)",620956.497955221,1556422.37767338,"High-CMT only","High-CMT",TRUE,FALSE,"A","none","ar6","top_33pct",0.333333333333333
"MESSAGEix-GLOBIOM 1.1","ENGAGE-NPi2020-1800f","C3","2C (Medium-Ambition)",582211.927882145,1665736.3884271,"High-CMT only","High-CMT",TRUE,FALSE,"A","none","ar6","top_33pct",0.333333333333333
"MESSAGEix-GLOBIOM 1.1","ENGAGE-NPi2020-1800f-COV","C3","2C (Medium-Ambition)",564274.610592078,1579400.49915645,"High-CMT only","High-CMT",TRUE,FALSE,"A","none","ar6","top_33pct",0.333333333333333
"MESSAGEix-GLOBIOM 1.1","ENGAGE-NPi2020-2000","C3","2C (Medium-Ambition)",573323.164084874,1603351.03084703,"High-CMT only","High-CMT",TRUE,FALSE,"A","none","ar6","top_33pct",0.333333333333333
"MESSAGEix-GLOBIOM 1.1","ENGAGE-NPi2020-2000-COV","C3","2C (Medium-Ambition)",556435.404970064,1519130.41521406,"High-CMT only","High-CMT",TRUE,FALSE,"A","none","ar6","top_33pct",0.333333333333333
"MESSAGEix-GLOBIOM 1.1","ENGAGE-NPi2020-2000f","C3","2C (Medium-Ambition)",544077.387398208,1612052.10308503,"High-CMT only","High-CMT",TRUE,FALSE,"A","none","ar6","top_33pct",0.333333333333333
"MESSAGEix-GLOBIOM 1.1","ENGAGE-NPi2020-2000f-COV","C3","2C (Medium-Ambition)",539776.559149023,1522837.7997701,"High-CMT only","High-CMT",TRUE,FALSE,"A","none","ar6","top_33pct",0.333333333333333
"MESSAGEix-GLOBIOM 1.1","ENGAGE-NPi2020-200f","C2","1.5C (High-Ambition)",470802.738169501,2308791.03214025,"Low (both)",NA,FALSE,FALSE,"A","none","ar6","top_33pct",0.333333333333333
"MESSAGEix-GLOBIOM 1.1","ENGAGE-NPi2020-2500","C3","2C (Medium-Ambition)",443528.816865198,1481280.536609,"Low (both)",NA,FALSE,FALSE,"A","none","ar6","top_33pct",0.333333333333333
"MESSAGEix-GLOBIOM 1.1","ENGAGE-NPi2020-2500-COV","C3","2C (Medium-Ambition)",422121.687500715,1409303.61979654,"Low (both)",NA,FALSE,FALSE,"A","none","ar6","top_33pct",0.333333333333333
"MESSAGEix-GLOBIOM 1.1","ENGAGE-NPi2020-2500f","C3","2C (Medium-Ambition)",439337.936874901,1481737.74096662,"Low (both)",NA,FALSE,FALSE,"A","none","ar6","top_33pct",0.333333333333333
"MESSAGEix-GLOBIOM 1.1","ENGAGE-NPi2020-2500f-COV","C3","2C (Medium-Ambition)",421803.533325293,1402412.85590807,"Low (both)",NA,FALSE,FALSE,"A","none","ar6","top_33pct",0.333333333333333
"MESSAGEix-GLOBIOM 1.1","ENGAGE-NPi2020-3000","C4","2C (Medium-Ambition)",362134.217898596,1382948.39965644,"Low (both)",NA,FALSE,FALSE,"A","none","ar6","top_33pct",0.333333333333333
"MESSAGEix-GLOBIOM 1.1","ENGAGE-NPi2020-3000-COV","C4","2C (Medium-Ambition)",336413.971599543,1290432.1754898,"Low (both)",NA,FALSE,FALSE,"A","none","ar6","top_33pct",0.333333333333333
"MESSAGEix-GLOBIOM 1.1","ENGAGE-NPi2020-3000f","C4","2C (Medium-Ambition)",360706.521391797,1377663.36525261,"Low (both)",NA,FALSE,FALSE,"A","none","ar6","top_33pct",0.333333333333333
"MESSAGEix-GLOBIOM 1.1","ENGAGE-NPi2020-3000f-COV","C4","2C (Medium-Ambition)",336848.766753766,1289083.98321659,"Low (both)",NA,FALSE,FALSE,"A","none","ar6","top_33pct",0.333333333333333
"MESSAGEix-GLOBIOM 1.1","ENGAGE-NPi2020-300f","C2","1.5C (High-Ambition)",488995.038160597,2286504.44338494,"Low (both)",NA,FALSE,FALSE,"A","none","ar6","top_33pct",0.333333333333333
"MESSAGEix-GLOBIOM 1.1","ENGAGE-NPi2020-400f","C2","1.5C (High-Ambition)",508824.88866123,2223715.53438335,"Low (both)",NA,FALSE,FALSE,"A","none","ar6","top_33pct",0.333333333333333
"MESSAGEix-GLOBIOM 1.1","ENGAGE-NPi2020-450","C1","1.5C (High-Ambition)",683890.992287183,2126926.35933254,"High-CMT only","High-CMT",TRUE,FALSE,"A","none","ar6","top_33pct",0.333333333333333
"MESSAGEix-GLOBIOM 1.1","ENGAGE-NPi2020-450f","C2","1.5C (High-Ambition)",518215.293639489,2200947.74215703,"High-CMT only","High-CMT",TRUE,FALSE,"A","none","ar6","top_33pct",0.333333333333333
"MESSAGEix-GLOBIOM 1.1","ENGAGE-NPi2020-500","C1","1.5C (High-Ambition)",704753.204165856,2149179.0485941,"High-CMT only","High-CMT",TRUE,FALSE,"A","none","ar6","top_33pct",0.333333333333333
"MESSAGEix-GLOBIOM 1.1","ENGAGE-NPi2020-500f","C2","1.5C (High-Ambition)",527938.885612526,2180920.89762642,"High-CMT only","High-CMT",TRUE,FALSE,"A","none","ar6","top_33pct",0.333333333333333
"MESSAGEix-GLOBIOM 1.1","ENGAGE-NPi2020-600","C2","1.5C (High-Ambition)",719696.509804007,2134340.80954595,"High-CMT only","High-CMT",TRUE,FALSE,"A","none","ar6","top_33pct",0.333333333333333
"MESSAGEix-GLOBIOM 1.1","ENGAGE-NPi2020-600-COV","C1","1.5C (High-Ambition)",711818.725819736,2005681.64659212,"High-CMT only","High-CMT",TRUE,FALSE,"A","none","ar6","top_33pct",0.333333333333333
"MESSAGEix-GLOBIOM 1.1","ENGAGE-NPi2020-600-DR10p","C2","1.5C (High-Ambition)",963235.26714533,2309977.39996936,"High-CMT only","High-CMT",TRUE,FALSE,"A","none","ar6","top_33pct",0.333333333333333
"MESSAGEix-GLOBIOM 1.1","ENGAGE-NPi2020-600-DR1p","C1","1.5C (High-Ambition)",565430.037732421,2224889.16050012,"High-CMT only","High-CMT",TRUE,FALSE,"A","none","ar6","top_33pct",0.333333333333333
"MESSAGEix-GLOBIOM 1.1","ENGAGE-NPi2020-600-DR2p","C1","1.5C (High-Ambition)",584410.358494249,2169029.60919909,"High-CMT only","High-CMT",TRUE,FALSE,"A","none","ar6","top_33pct",0.333333333333333
"MESSAGEix-GLOBIOM 1.1","ENGAGE-NPi2020-600-DR3p","C1","1.5C (High-Ambition)",601413.726905301,2161765.61038078,"High-CMT only","High-CMT",TRUE,FALSE,"A","none","ar6","top_33pct",0.333333333333333
"MESSAGEix-GLOBIOM 1.1","ENGAGE-NPi2020-600-DR4p","C1","1.5C (High-Ambition)",629792.68405623,2139328.89210272,"High-CMT only","High-CMT",TRUE,FALSE,"A","none","ar6","top_33pct",0.333333333333333
"MESSAGEix-GLOBIOM 1.1","ENGAGE-NPi2020-600f","C2","1.5C (High-Ambition)",545749.586122924,2152212.99201787,"High-CMT only","High-CMT",TRUE,FALSE,"A","none","ar6","top_33pct",0.333333333333333
"MESSAGEix-GLOBIOM 1.1","ENGAGE-NPi2020-600f-COV","C2","1.5C (High-Ambition)",544526.852989465,2009434.993287,"High-CMT only","High-CMT",TRUE,FALSE,"A","none","ar6","top_33pct",0.333333333333333
"MESSAGEix-GLOBIOM 1.1","ENGAGE-NPi2020-600f-DR10p","C2","1.5C (High-Ambition)",512840.66878692,2408767.16797419,"High-CMT only","High-CMT",TRUE,FALSE,"A","none","ar6","top_33pct",0.333333333333333
"MESSAGEix-GLOBIOM 1.1","ENGAGE-NPi2020-600f-DR1p","C2","1.5C (High-Ambition)",550866.962494908,2216854.83468065,"High-CMT only","High-CMT",TRUE,FALSE,"A","none","ar6","top_33pct",0.333333333333333
"MESSAGEix-GLOBIOM 1.1","ENGAGE-NPi2020-600f-DR2p","C2","1.5C (High-Ambition)",548998.608743814,2193657.9420103,"High-CMT only","High-CMT",TRUE,FALSE,"A","none","ar6","top_33pct",0.333333333333333
"MESSAGEix-GLOBIOM 1.1","ENGAGE-NPi2020-600f-DR3p","C2","1.5C (High-Ambition)",547156.313447389,2175872.21953567,"High-CMT only","High-CMT",TRUE,FALSE,"A","none","ar6","top_33pct",0.333333333333333
"MESSAGEix-GLOBIOM 1.1","ENGAGE-NPi2020-600f-DR4p","C2","1.5C (High-Ambition)",546467.099296966,2168034.19796616,"High-CMT only","High-CMT",TRUE,FALSE,"A","none","ar6","top_33pct",0.333333333333333
"MESSAGEix-GLOBIOM 1.1","ENGAGE-NPi2020-700","C2","1.5C (High-Ambition)",733703.848741856,2039287.86705762,"High-CMT only","High-CMT",TRUE,FALSE,"A","none","ar6","top_33pct",0.333333333333333
"MESSAGEix-GLOBIOM 1.1","ENGAGE-NPi2020-700-COV","C2","1.5C (High-Ambition)",738842.61312203,1904242.6768427,"High-CMT only","High-CMT",TRUE,FALSE,"A","none","ar6","top_33pct",0.333333333333333
"MESSAGEix-GLOBIOM 1.1","ENGAGE-NPi2020-700f","C2","1.5C (High-Ambition)",550517.766367561,2091344.95317145,"High-CMT only","High-CMT",TRUE,FALSE,"A","none","ar6","top_33pct",0.333333333333333
"MESSAGEix-GLOBIOM 1.1","ENGAGE-NPi2020-700f-COV","C2","1.5C (High-Ambition)",548611.605123488,1979990.91699978,"High-CMT only","High-CMT",TRUE,FALSE,"A","none","ar6","top_33pct",0.333333333333333
"MESSAGEix-GLOBIOM 1.1","ENGAGE-NPi2020-800","C3","2C (Medium-Ambition)",722773.105155569,1978273.19463342,"Both High",NA,FALSE,FALSE,"A","none","ar6","top_33pct",0.333333333333333
"MESSAGEix-GLOBIOM 1.1","ENGAGE-NPi2020-800-COV","C3","2C (Medium-Ambition)",731278.709015228,1856465.48881298,"High-CMT only","High-CMT",TRUE,FALSE,"A","none","ar6","top_33pct",0.333333333333333
"MESSAGEix-GLOBIOM 1.1","ENGAGE-NPi2020-800f","C3","2C (Medium-Ambition)",552586.62762649,2050144.5317991,"Both High",NA,FALSE,FALSE,"A","none","ar6","top_33pct",0.333333333333333
"MESSAGEix-GLOBIOM 1.1","ENGAGE-NPi2020-800f-COV","C3","2C (Medium-Ambition)",557469.623647995,1926496.34612346,"High-CMT only","High-CMT",TRUE,FALSE,"A","none","ar6","top_33pct",0.333333333333333
"MESSAGEix-GLOBIOM 1.1","ENGAGE-NPi2020-900","C3","2C (Medium-Ambition)",720455.332344059,1935636.76791317,"Both High",NA,FALSE,FALSE,"A","none","ar6","top_33pct",0.333333333333333
"MESSAGEix-GLOBIOM 1.1","ENGAGE-NPi2020-900-COV","C3","2C (Medium-Ambition)",723421.530405898,1811945.20773828,"High-CMT only","High-CMT",TRUE,FALSE,"A","none","ar6","top_33pct",0.333333333333333
"MESSAGEix-GLOBIOM 1.1","ENGAGE-NPi2020-900f","C3","2C (Medium-Ambition)",564934.937412281,2004476.88452609,"Both High",NA,FALSE,FALSE,"A","none","ar6","top_33pct",0.333333333333333
"MESSAGEix-GLOBIOM 1.1","ENGAGE-NPi2020-900f-COV","C3","2C (Medium-Ambition)",574634.028615386,1864333.59832574,"High-CMT only","High-CMT",TRUE,FALSE,"A","none","ar6","top_33pct",0.333333333333333
"MESSAGEix-GLOBIOM 1.1","ENGAGE-NPi2100","C4","2C (Medium-Ambition)",214103.934742035,987353.207088478,"Low (both)",NA,FALSE,FALSE,"A","none","ar6","top_33pct",0.333333333333333
"MESSAGEix-GLOBIOM 1.1","ENGAGE-NPi2100-COV","C4","2C (Medium-Ambition)",213714.064933517,954361.074051932,"Low (both)",NA,FALSE,FALSE,"A","none","ar6","top_33pct",0.333333333333333
"MESSAGEix-GLOBIOM 1.1","ENGAGE-NoPolicy","C4","2C (Medium-Ambition)",202606.002528601,864355.101415217,"Low (both)",NA,FALSE,FALSE,"A","none","ar6","top_33pct",0.333333333333333
"MESSAGEix-GLOBIOM 1.1","GENIE DACCS DACl-MP-median-stor3-final_1000","C4","2C (Medium-Ambition)",0,NA,"Low (both)",NA,FALSE,NA,"A","none","ar6","top_33pct",0.333333333333333
"MESSAGEix-GLOBIOM 1.1","GENIE DACCS DACl-MP-median-stor3-final_500","C3","2C (Medium-Ambition)",0,NA,"Low (both)",NA,FALSE,NA,"A","none","ar6","top_33pct",0.333333333333333
"MESSAGEix-GLOBIOM 1.1","GENIE DACCS DACl-MP-median-stor3-final_700","C3","2C (Medium-Ambition)",0,NA,"Low (both)",NA,FALSE,NA,"A","none","ar6","top_33pct",0.333333333333333
"MESSAGEix-GLOBIOM 1.1","GENIE DACCS DACm-HP-median-stor3-final_1000","C3","2C (Medium-Ambition)",0,NA,"Low (both)",NA,FALSE,NA,"A","none","ar6","top_33pct",0.333333333333333
"MESSAGEix-GLOBIOM 1.1","GENIE DACCS DACm-HP-median-stor3-final_500","C1","1.5C (High-Ambition)",0,NA,"Low (both)",NA,FALSE,NA,"A","none","ar6","top_33pct",0.333333333333333
"MESSAGEix-GLOBIOM 1.1","GENIE DACCS DACm-HP-median-stor3-final_700","C3","2C (Medium-Ambition)",0,NA,"Low (both)",NA,FALSE,NA,"A","none","ar6","top_33pct",0.333333333333333
"MESSAGEix-GLOBIOM 1.1","GENIE DACCS DACm-HP-median-stor3-phs-govmSSP1-CO2total_1000","C3","2C (Medium-Ambition)",0,NA,"Low (both)",NA,FALSE,NA,"A","none","ar6","top_33pct",0.333333333333333
"MESSAGEix-GLOBIOM 1.1","GENIE DACCS DACm-HP-median-stor3-phs-govmSSP1-CO2total_700","C3","2C (Medium-Ambition)",0,NA,"Low (both)",NA,FALSE,NA,"A","none","ar6","top_33pct",0.333333333333333
"MESSAGEix-GLOBIOM 1.1","GENIE DACCS DACm-HP-median-stor3-phs-govmSSP2-CO2total_1000","C3","2C (Medium-Ambition)",0,NA,"Low (both)",NA,FALSE,NA,"A","none","ar6","top_33pct",0.333333333333333
"MESSAGEix-GLOBIOM 1.1","GENIE DACCS DACm-LP-median-stor3-final_1000","C3","2C (Medium-Ambition)",0,NA,"Low (both)",NA,FALSE,NA,"A","none","ar6","top_33pct",0.333333333333333
"MESSAGEix-GLOBIOM 1.1","GENIE DACCS DACm-LP-median-stor3-final_500","C3","2C (Medium-Ambition)",0,NA,"Low (both)",NA,FALSE,NA,"A","none","ar6","top_33pct",0.333333333333333
"MESSAGEix-GLOBIOM 1.1","GENIE DACCS DACm-LP-median-stor3-final_700","C4","2C (Medium-Ambition)",0,NA,"Low (both)",NA,FALSE,NA,"A","none","ar6","top_33pct",0.333333333333333
"MESSAGEix-GLOBIOM 1.1","GENIE DACCS DACm-LP-median-stor3-phs-govmSSP1-CO2total_1000","C4","2C (Medium-Ambition)",0,NA,"Low (both)",NA,FALSE,NA,"A","none","ar6","top_33pct",0.333333333333333
"MESSAGEix-GLOBIOM 1.1","GENIE DACCS DACm-LP-median-stor3-phs-govmSSP1-CO2total_700","C3","2C (Medium-Ambition)",0,NA,"Low (both)",NA,FALSE,NA,"A","none","ar6","top_33pct",0.333333333333333
"MESSAGEix-GLOBIOM 1.1","GENIE DACCS DACm-LP-median-stor3-phs-govmSSP2-CO2total_1000","C4","2C (Medium-Ambition)",0,NA,"Low (both)",NA,FALSE,NA,"A","none","ar6","top_33pct",0.333333333333333
"MESSAGEix-GLOBIOM 1.1","GENIE DACCS DACm-MP-median-stor3-final_1000","C4","2C (Medium-Ambition)",0,NA,"Low (both)",NA,FALSE,NA,"A","none","ar6","top_33pct",0.333333333333333
"MESSAGEix-GLOBIOM 1.1","GENIE DACCS DACm-MP-median-stor3-final_500","C3","2C (Medium-Ambition)",0,NA,"Low (both)",NA,FALSE,NA,"A","none","ar6","top_33pct",0.333333333333333
"MESSAGEix-GLOBIOM 1.1","GENIE DACCS DACm-MP-median-stor3-final_700","C3","2C (Medium-Ambition)",0,NA,"Low (both)",NA,FALSE,NA,"A","none","ar6","top_33pct",0.333333333333333
"MESSAGEix-GLOBIOM 1.1","GENIE DACCS DACm-MP-median-stor3-phs-govmSSP1-CO2total_1000","C4","2C (Medium-Ambition)",0,NA,"Low (both)",NA,FALSE,NA,"A","none","ar6","top_33pct",0.333333333333333
"MESSAGEix-GLOBIOM 1.1","GENIE DACCS DACm-MP-median-stor3-phs-govmSSP1-CO2total_700","C3","2C (Medium-Ambition)",0,NA,"Low (both)",NA,FALSE,NA,"A","none","ar6","top_33pct",0.333333333333333
"MESSAGEix-GLOBIOM 1.1","GENIE DACCS DACm-MP-median-stor3-phs-govmSSP2-CO2total_1000","C4","2C (Medium-Ambition)",0,NA,"Low (both)",NA,FALSE,NA,"A","none","ar6","top_33pct",0.333333333333333
"MESSAGEix-GLOBIOM 1.1","NGFS Phase 2-Below 2°C","C3","2C (Medium-Ambition)",715215.974747509,1776617.25863326,"High-CMT only","High-CMT",TRUE,FALSE,"A","none","ar6","top_33pct",0.333333333333333
"MESSAGEix-GLOBIOM 1.1","NGFS Phase 2-Current Policies","C4","2C (Medium-Ambition)",225343.753114421,936666.812240637,"Low (both)",NA,FALSE,FALSE,"A","none","ar6","top_33pct",0.333333333333333
"MESSAGEix-GLOBIOM 1.1","NGFS Phase 2-Delayed Transition","C3","2C (Medium-Ambition)",536996.074687417,2290616.55873624,"Both High",NA,FALSE,FALSE,"A","none","ar6","top_33pct",0.333333333333333
"MESSAGEix-GLOBIOM 1.1","NGFS Phase 2-Divergent Net Zero Policies","C1","1.5C (High-Ambition)",505198.745712988,1984426.28855401,"Low (both)",NA,FALSE,FALSE,"A","none","ar6","top_33pct",0.333333333333333
"MESSAGEix-GLOBIOM 1.1","NGFS Phase 2-Nationally Determined Contributions (NDCs)","C3","2C (Medium-Ambition)",485568.58030431,1376349.5941037,"High-CMT only","High-CMT",TRUE,FALSE,"A","none","ar6","top_33pct",0.333333333333333
"MESSAGEix-GLOBIOM 1.1","NGFS Phase 2-Net-Zero 2050","C1","1.5C (High-Ambition)",674680.934811216,2003506.4406905,"High-CMT only","High-CMT",TRUE,FALSE,"A","none","ar6","top_33pct",0.333333333333333
"MESSAGEix-GLOBIOM 1.1-BMT-R12","NAVIGATE Demand-1.5°C-all_u","C1","1.5C (High-Ambition)",0,NA,"Low (both)",NA,FALSE,NA,"A","none","ar6","top_33pct",0.333333333333333
"MESSAGEix-GLOBIOM 1.1-BMT-R12","NAVIGATE Demand-1.5°C-ref","C1","1.5C (High-Ambition)",0,NA,"Low (both)",NA,FALSE,NA,"A","none","ar6","top_33pct",0.333333333333333
"MESSAGEix-GLOBIOM 1.1-BMT-R12","NAVIGATE Demand-2.0°C-act_u","C3","2C (Medium-Ambition)",0,NA,"Low (both)",NA,FALSE,NA,"A","none","ar6","top_33pct",0.333333333333333
"MESSAGEix-GLOBIOM 1.1-BMT-R12","NAVIGATE Demand-2.0°C-all_u","C3","2C (Medium-Ambition)",0,NA,"Low (both)",NA,FALSE,NA,"A","none","ar6","top_33pct",0.333333333333333
"MESSAGEix-GLOBIOM 1.1-BMT-R12","NAVIGATE Demand-2.0°C-ele_u","C3","2C (Medium-Ambition)",0,NA,"Low (both)",NA,FALSE,NA,"A","none","ar6","top_33pct",0.333333333333333
"MESSAGEix-GLOBIOM 1.1-BMT-R12","NAVIGATE Demand-2.0°C-ref","C3","2C (Medium-Ambition)",0,NA,"Low (both)",NA,FALSE,NA,"A","none","ar6","top_33pct",0.333333333333333
"MESSAGEix-GLOBIOM 1.1-BMT-R12","NAVIGATE Demand-2.0°C-tec_u","C3","2C (Medium-Ambition)",0,NA,"Low (both)",NA,FALSE,NA,"A","none","ar6","top_33pct",0.333333333333333
"MESSAGEix-GLOBIOM 1.1-BMT-R12","NAVIGATE Demand-NPi-act","C4","2C (Medium-Ambition)",0,NA,"Low (both)",NA,FALSE,NA,"A","none","ar6","top_33pct",0.333333333333333
"MESSAGEix-GLOBIOM 1.1-BMT-R12","NAVIGATE Demand-NPi-all","C4","2C (Medium-Ambition)",0,NA,"Low (both)",NA,FALSE,NA,"A","none","ar6","top_33pct",0.333333333333333
"MESSAGEix-GLOBIOM 1.1-BMT-R12","NAVIGATE Demand-NPi-ele","C4","2C (Medium-Ambition)",0,NA,"Low (both)",NA,FALSE,NA,"A","none","ar6","top_33pct",0.333333333333333
"MESSAGEix-GLOBIOM 1.1-BMT-R12","NAVIGATE Demand-NPi-ref","C4","2C (Medium-Ambition)",0,NA,"Low (both)",NA,FALSE,NA,"A","none","ar6","top_33pct",0.333333333333333
"MESSAGEix-GLOBIOM 1.1-BMT-R12","NAVIGATE Demand-NPi-tec","C4","2C (Medium-Ambition)",0,NA,"Low (both)",NA,FALSE,NA,"A","none","ar6","top_33pct",0.333333333333333
"MESSAGEix-GLOBIOM 1.2","COVID-Shift-GreenPush","C4","2C (Medium-Ambition)",202852.07563508,NA,"Low (both)",NA,FALSE,NA,"A","none","ar6","top_33pct",0.333333333333333
"MESSAGEix-GLOBIOM 1.2","COVID-Shift-GreenPush_1000","C3","2C (Medium-Ambition)",721682.289330935,NA,"Low (both)",NA,NA,FALSE,"A","none","ar6","top_33pct",0.333333333333333
"MESSAGEix-GLOBIOM 1.2","COVID-Shift-GreenPush_550","C1","1.5C (High-Ambition)",749229.002283695,NA,"Low (both)",NA,NA,FALSE,"A","none","ar6","top_33pct",0.333333333333333
"MESSAGEix-GLOBIOM 1.2","COVID-Shift-GreenPush_max_GDP","C4","2C (Medium-Ambition)",202908.431453328,NA,"Low (both)",NA,FALSE,NA,"A","none","ar6","top_33pct",0.333333333333333
"MESSAGEix-GLOBIOM 1.2","COVID-Shift-GreenPush_min_GDP","C4","2C (Medium-Ambition)",202820.623083869,NA,"Low (both)",NA,FALSE,NA,"A","none","ar6","top_33pct",0.333333333333333
"MESSAGEix-GLOBIOM 1.2","COVID-Shift-NoPolicyNoCOVID","C4","2C (Medium-Ambition)",202959.844401904,NA,"Low (both)",NA,FALSE,NA,"A","none","ar6","top_33pct",0.333333333333333
"MESSAGEix-GLOBIOM 1.2","COVID-Shift-NoPolicyNoCOVID_1000","C3","2C (Medium-Ambition)",765132.179929687,NA,"Low (both)",NA,NA,FALSE,"A","none","ar6","top_33pct",0.333333333333333
"MESSAGEix-GLOBIOM 1.2","COVID-Shift-NoPolicyNoCOVID_550","C1","1.5C (High-Ambition)",752655.058974227,NA,"Low (both)",NA,NA,FALSE,"A","none","ar6","top_33pct",0.333333333333333
"MESSAGEix-GLOBIOM 1.2","COVID-Shift-Restore","C4","2C (Medium-Ambition)",202894.293784657,NA,"Low (both)",NA,FALSE,NA,"A","none","ar6","top_33pct",0.333333333333333
"MESSAGEix-GLOBIOM 1.2","COVID-Shift-Restore_1000","C3","2C (Medium-Ambition)",727318.720585758,NA,"Low (both)",NA,NA,FALSE,"A","none","ar6","top_33pct",0.333333333333333
"MESSAGEix-GLOBIOM 1.2","COVID-Shift-Restore_550","C1","1.5C (High-Ambition)",747018.4758507,NA,"Low (both)",NA,NA,FALSE,"A","none","ar6","top_33pct",0.333333333333333
"MESSAGEix-GLOBIOM 1.2","COVID-Shift-SelfReliance","C4","2C (Medium-Ambition)",202887.267513555,NA,"Low (both)",NA,FALSE,NA,"A","none","ar6","top_33pct",0.333333333333333
"MESSAGEix-GLOBIOM 1.2","COVID-Shift-SelfReliance_1000","C3","2C (Medium-Ambition)",744678.682120309,NA,"Low (both)",NA,NA,FALSE,"A","none","ar6","top_33pct",0.333333333333333
"MESSAGEix-GLOBIOM 1.2","COVID-Shift-SelfReliance_550","C1","1.5C (High-Ambition)",760491.884115105,NA,"Low (both)",NA,NA,FALSE,"A","none","ar6","top_33pct",0.333333333333333
"MESSAGEix-GLOBIOM 1.2","COVID-Shift-SelfReliance_max_GDP","C4","2C (Medium-Ambition)",203365.456613794,NA,"Low (both)",NA,FALSE,NA,"A","none","ar6","top_33pct",0.333333333333333
"MESSAGEix-GLOBIOM 1.2","COVID-Shift-SelfReliance_min_GDP","C4","2C (Medium-Ambition)",202876.120394863,NA,"Low (both)",NA,FALSE,NA,"A","none","ar6","top_33pct",0.333333333333333
"MESSAGEix-GLOBIOM 1.2","COVID-Shift-SmartUse","C4","2C (Medium-Ambition)",202897.199399005,NA,"Low (both)",NA,FALSE,NA,"A","none","ar6","top_33pct",0.333333333333333
"MESSAGEix-GLOBIOM 1.2","COVID-Shift-SmartUse_1000","C3","2C (Medium-Ambition)",735783.583073867,NA,"Low (both)",NA,NA,FALSE,"A","none","ar6","top_33pct",0.333333333333333
"MESSAGEix-GLOBIOM 1.2","COVID-Shift-SmartUse_550","C1","1.5C (High-Ambition)",754087.378021061,NA,"Low (both)",NA,NA,FALSE,"A","none","ar6","top_33pct",0.333333333333333
"MESSAGEix-GLOBIOM 2.0-M-R12-NGFS","NGFS Phase 5-Below 2°C","C3","2C (Medium-Ambition)",423488.201463648,2334785.6207637,"High-RE only","High-RE",FALSE,TRUE,"A","none","ar6","top_33pct",0.333333333333333
"MESSAGEix-GLOBIOM 2.0-M-R12-NGFS","NGFS Phase 5-Current Policies","C4","2C (Medium-Ambition)",252415.876831531,951108.066945368,"Low (both)",NA,FALSE,FALSE,"A","none","ar6","top_33pct",0.333333333333333
"MESSAGEix-GLOBIOM 2.0-M-R12-NGFS","NGFS Phase 5-Delayed Transition","C3","2C (Medium-Ambition)",414399.908830517,2295918.9718558,"High-RE only","High-RE",FALSE,TRUE,"A","none","ar6","top_33pct",0.333333333333333
"MESSAGEix-GLOBIOM 2.0-M-R12-NGFS","NGFS Phase 5-Fragmented World","C3","2C (Medium-Ambition)",368070.473685989,1692207.08869248,"Low (both)",NA,FALSE,FALSE,"A","none","ar6","top_33pct",0.333333333333333
"MESSAGEix-GLOBIOM 2.0-M-R12-NGFS","NGFS Phase 5-Low Demand","C2","1.5C (High-Ambition)",418980.134731315,1140434.79808875,"Low (both)",NA,FALSE,FALSE,"A","none","ar6","top_33pct",0.333333333333333
"MESSAGEix-GLOBIOM 2.0-M-R12-NGFS","NGFS Phase 5-Nationally Determined Contributions (NDCs)","C4","2C (Medium-Ambition)",420369.60136471,1826000.22981704,"Low (both)",NA,FALSE,FALSE,"A","none","ar6","top_33pct",0.333333333333333
"MESSAGEix-GLOBIOM 2.0-M-R12-NGFS","NGFS Phase 5-Net-Zero 2050","C2","1.5C (High-Ambition)",462202.175309756,2587162.14489646,"Low (both)",NA,FALSE,FALSE,"A","none","ar6","top_33pct",0.333333333333333
"MESSAGEix-GLOBIOM GEI 1.0","GEI-SSP2-int-lc-15","C3","2C (Medium-Ambition)",866917.292028165,1894414.59322248,"High-CMT only","High-CMT",TRUE,FALSE,"A","none","ar6","top_33pct",0.333333333333333
"MESSAGEix-GLOBIOM GEI 1.0","GEI-SSP2-int-lc-50","C3","2C (Medium-Ambition)",882571.854796712,2442782.64800399,"Both High",NA,FALSE,FALSE,"A","none","ar6","top_33pct",0.333333333333333
"MESSAGEix-GLOBIOM GEI 1.0","GEI-SSP2-int-mc-15","C3","2C (Medium-Ambition)",858129.095136135,1214126.00077036,"High-CMT only","High-CMT",TRUE,FALSE,"A","none","ar6","top_33pct",0.333333333333333
"MESSAGEix-GLOBIOM GEI 1.0","GEI-SSP2-int-mc-50","C2","1.5C (High-Ambition)",813417.947927111,1786794.83148421,"High-CMT only","High-CMT",TRUE,FALSE,"A","none","ar6","top_33pct",0.333333333333333
"MESSAGEix-GLOBIOM GEI 1.0","GEI-SSP2-noint-lc-15","C3","2C (Medium-Ambition)",869507.149205303,1901882.10326615,"High-CMT only","High-CMT",TRUE,FALSE,"A","none","ar6","top_33pct",0.333333333333333
"MESSAGEix-GLOBIOM GEI 1.0","GEI-SSP2-noint-lc-50","C3","2C (Medium-Ambition)",884115.662728503,2454885.56320004,"Both High",NA,FALSE,FALSE,"A","none","ar6","top_33pct",0.333333333333333
"MESSAGEix-GLOBIOM GEI 1.0","GEI-SSP2-noint-mc-15","C3","2C (Medium-Ambition)",861432.951011564,1244974.59173113,"High-CMT only","High-CMT",TRUE,FALSE,"A","none","ar6","top_33pct",0.333333333333333
"MESSAGEix-GLOBIOM GEI 1.0","GEI-SSP2-noint-mc-50","C2","1.5C (High-Ambition)",823558.749583854,1813919.44993557,"High-CMT only","High-CMT",TRUE,FALSE,"A","none","ar6","top_33pct",0.333333333333333
"MESSAGEix-GLOBIOM GEI 1.0","GEI-SSP2-openres-lc-100","C2","1.5C (High-Ambition)",640954.607624247,2613312.22946317,"High-CMT only","High-CMT",TRUE,FALSE,"A","none","ar6","top_33pct",0.333333333333333
"MESSAGEix-GLOBIOM GEI 1.0","GEI-SSP2-openres-lc-120","C2","1.5C (High-Ambition)",566196.344818669,2639556.48414742,"High-CMT only","High-CMT",TRUE,FALSE,"A","none","ar6","top_33pct",0.333333333333333
"MESSAGEix-GLOBIOM GEI 1.0","GEI-SSP2-openres-lc-15","C3","2C (Medium-Ambition)",852785.471171079,1865893.54341852,"High-CMT only","High-CMT",TRUE,FALSE,"A","none","ar6","top_33pct",0.333333333333333
"MESSAGEix-GLOBIOM GEI 1.0","GEI-SSP2-openres-lc-50","C3","2C (Medium-Ambition)",400290.468368699,2418629.24480999,"High-RE only","High-RE",FALSE,TRUE,"A","none","ar6","top_33pct",0.333333333333333
"MESSAGEix-GLOBIOM GEI 1.0","GEI-SSP2-openres-lc-80","C2","1.5C (High-Ambition)",706392.579328743,2568771.92442486,"High-CMT only","High-CMT",TRUE,FALSE,"A","none","ar6","top_33pct",0.333333333333333
"MESSAGEix-GLOBIOM GEI 1.0","GEI-SSP2-openres-lc-CB400","C2","1.5C (High-Ambition)",373581.793082609,2704533.97885197,"Low (both)",NA,FALSE,FALSE,"A","none","ar6","top_33pct",0.333333333333333
"MESSAGEix-GLOBIOM GEI 1.0","GEI-SSP2-openres-lc-CB450","C2","1.5C (High-Ambition)",395372.305843086,2703965.0837043,"Low (both)",NA,FALSE,FALSE,"A","none","ar6","top_33pct",0.333333333333333
"MESSAGEix-GLOBIOM GEI 1.0","GEI-SSP2-openres-lc-CB500","C2","1.5C (High-Ambition)",412214.029065035,2711784.63701408,"Low (both)",NA,FALSE,FALSE,"A","none","ar6","top_33pct",0.333333333333333
"MESSAGEix-GLOBIOM GEI 1.0","GEI-SSP2-openres-lc-CB550","C2","1.5C (High-Ambition)",434482.030051446,2707195.64193821,"Low (both)",NA,FALSE,FALSE,"A","none","ar6","top_33pct",0.333333333333333
"MESSAGEix-GLOBIOM GEI 1.0","GEI-SSP2-openres-lc-CB600","C2","1.5C (High-Ambition)",457146.466177778,2690629.98069839,"Low (both)",NA,FALSE,FALSE,"A","none","ar6","top_33pct",0.333333333333333
"MESSAGEix-GLOBIOM GEI 1.0","GEI-SSP2-openres-mc-15","C3","2C (Medium-Ambition)",845228.41673943,1248957.35175818,"High-CMT only","High-CMT",TRUE,FALSE,"A","none","ar6","top_33pct",0.333333333333333
"MESSAGEix-GLOBIOM GEI 1.0","GEI-SSP2-openres-mc-50","C2","1.5C (High-Ambition)",758795.702644592,1807009.42454793,"High-CMT only","High-CMT",TRUE,FALSE,"A","none","ar6","top_33pct",0.333333333333333
"POLES ADVANCE","ADVANCE-2020-1.5°C-2100","C1","1.5C (High-Ambition)",0,NA,"Low (both)",NA,FALSE,NA,"A","none","ar6","top_33pct",0.333333333333333
"POLES ADVANCE","ADVANCE-2020-medium-2°C","C3","2C (Medium-Ambition)",0,NA,"Low (both)",NA,FALSE,NA,"A","none","ar6","top_33pct",0.333333333333333
"POLES ADVANCE","ADVANCE-2020-well-below-2°C","C2","1.5C (High-Ambition)",0,NA,"Low (both)",NA,FALSE,NA,"A","none","ar6","top_33pct",0.333333333333333
"POLES ADVANCE","ADVANCE-2030-1.5°C-2100","C2","1.5C (High-Ambition)",0,NA,"Low (both)",NA,FALSE,NA,"A","none","ar6","top_33pct",0.333333333333333
"POLES ADVANCE","ADVANCE-2030-Price 1.5°C","C2","1.5C (High-Ambition)",0,NA,"Low (both)",NA,FALSE,NA,"A","none","ar6","top_33pct",0.333333333333333
"POLES ADVANCE","ADVANCE-2030-medium-2°C","C3","2C (Medium-Ambition)",0,NA,"Low (both)",NA,FALSE,NA,"A","none","ar6","top_33pct",0.333333333333333
"POLES ADVANCE","ADVANCE-2030-well-below-2°C","C2","1.5C (High-Ambition)",0,NA,"Low (both)",NA,FALSE,NA,"A","none","ar6","top_33pct",0.333333333333333
"POLES ADVANCE","ADVANCE-INDC","C3","2C (Medium-Ambition)",0,NA,"Low (both)",NA,FALSE,NA,"A","none","ar6","top_33pct",0.333333333333333
"POLES ADVANCE","ADVANCE-NoPolicy","C4","2C (Medium-Ambition)",0,NA,"Low (both)",NA,FALSE,NA,"A","none","ar6","top_33pct",0.333333333333333
"POLES ADVANCE","ADVANCE-Reference","C4","2C (Medium-Ambition)",0,NA,"Low (both)",NA,FALSE,NA,"A","none","ar6","top_33pct",0.333333333333333
"POLES EMF33","EMF33-Baseline","C4","2C (Medium-Ambition)",0,NA,"Low (both)",NA,FALSE,NA,"A","none","ar6","top_33pct",0.333333333333333
"POLES EMF33","EMF33-medium-2°C-cost100","C3","2C (Medium-Ambition)",0,NA,"Low (both)",NA,FALSE,NA,"A","none","ar6","top_33pct",0.333333333333333
"POLES EMF33","EMF33-medium-2°C-full","C3","2C (Medium-Ambition)",0,NA,"Low (both)",NA,FALSE,NA,"A","none","ar6","top_33pct",0.333333333333333
"POLES EMF33","EMF33-medium-2°C-limbio","C3","2C (Medium-Ambition)",0,NA,"Low (both)",NA,FALSE,NA,"A","none","ar6","top_33pct",0.333333333333333
"POLES EMF33","EMF33-medium-2°C-nobeccs","C3","2C (Medium-Ambition)",0,NA,"Low (both)",NA,FALSE,NA,"A","none","ar6","top_33pct",0.333333333333333
"POLES EMF33","EMF33-medium-2°C-nofuel","C3","2C (Medium-Ambition)",0,NA,"Low (both)",NA,FALSE,NA,"A","none","ar6","top_33pct",0.333333333333333
"POLES EMF33","EMF33-medium-2°C-none","C3","2C (Medium-Ambition)",0,NA,"Low (both)",NA,FALSE,NA,"A","none","ar6","top_33pct",0.333333333333333
"POLES EMF33","EMF33-tax-hi-full","C4","2C (Medium-Ambition)",0,NA,"Low (both)",NA,FALSE,NA,"A","none","ar6","top_33pct",0.333333333333333
"POLES EMF33","EMF33-tax-hi-none","C4","2C (Medium-Ambition)",0,NA,"Low (both)",NA,FALSE,NA,"A","none","ar6","top_33pct",0.333333333333333
"POLES EMF33","EMF33-tax-lo-full","C3","2C (Medium-Ambition)",0,NA,"Low (both)",NA,FALSE,NA,"A","none","ar6","top_33pct",0.333333333333333
"POLES EMF33","EMF33-tax-lo-none","C3","2C (Medium-Ambition)",0,NA,"Low (both)",NA,FALSE,NA,"A","none","ar6","top_33pct",0.333333333333333
"POLES EMF33","EMF33-well-below-2°C-cost100","C1","1.5C (High-Ambition)",0,NA,"Low (both)",NA,FALSE,NA,"A","none","ar6","top_33pct",0.333333333333333
"POLES EMF33","EMF33-well-below-2°C-full","C1","1.5C (High-Ambition)",0,NA,"Low (both)",NA,FALSE,NA,"A","none","ar6","top_33pct",0.333333333333333
"POLES EMF33","EMF33-well-below-2°C-nofuel","C1","1.5C (High-Ambition)",0,NA,"Low (both)",NA,FALSE,NA,"A","none","ar6","top_33pct",0.333333333333333
"POLES GECO2019","COMMIT-2°C-2020","C3","2C (Medium-Ambition)",0,NA,"Low (both)",NA,FALSE,NA,"A","none","ar6","top_33pct",0.333333333333333
"POLES GECO2019","COMMIT-2°C-2030","C3","2C (Medium-Ambition)",0,NA,"Low (both)",NA,FALSE,NA,"A","none","ar6","top_33pct",0.333333333333333
"POLES GECO2019","COMMIT-Baseline","C4","2C (Medium-Ambition)",0,NA,"Low (both)",NA,FALSE,NA,"A","none","ar6","top_33pct",0.333333333333333
"POLES GECO2019","COMMIT-Bridge","C2","1.5C (High-Ambition)",0,NA,"Low (both)",NA,FALSE,NA,"A","none","ar6","top_33pct",0.333333333333333
"POLES GECO2019","COMMIT-Bridge-No-Tax","C4","2C (Medium-Ambition)",0,NA,"Low (both)",NA,FALSE,NA,"A","none","ar6","top_33pct",0.333333333333333
"POLES GECO2019","COMMIT-Current-Policies","C4","2C (Medium-Ambition)",0,NA,"Low (both)",NA,FALSE,NA,"A","none","ar6","top_33pct",0.333333333333333
"POLES GECO2019","COMMIT-GPP","C3","2C (Medium-Ambition)",0,NA,"Low (both)",NA,FALSE,NA,"A","none","ar6","top_33pct",0.333333333333333
"POLES GECO2019","COMMIT-GPP-No-Tax","C4","2C (Medium-Ambition)",0,NA,"Low (both)",NA,FALSE,NA,"A","none","ar6","top_33pct",0.333333333333333
"POLES GECO2019","COMMIT-NDC-2050-Convergence","C4","2C (Medium-Ambition)",0,NA,"Low (both)",NA,FALSE,NA,"A","none","ar6","top_33pct",0.333333333333333
"POLES GECO2019","COMMIT-NDCplus","C4","2C (Medium-Ambition)",0,NA,"Low (both)",NA,FALSE,NA,"A","none","ar6","top_33pct",0.333333333333333
"POLES-JRC ENGAGE","ENGAGE-INDCi2030-1000","C4","2C (Medium-Ambition)",844234.403049385,1688023.07071173,"High-CMT only","High-CMT",TRUE,FALSE,"A","none","ar6","top_33pct",0.333333333333333
"POLES-JRC ENGAGE","ENGAGE-INDCi2030-1000-COV","C4","2C (Medium-Ambition)",764763.917642214,1505380.23867675,"High-CMT only","High-CMT",TRUE,FALSE,"A","none","ar6","top_33pct",0.333333333333333
"POLES-JRC ENGAGE","ENGAGE-INDCi2030-1000-COV-NDCp","C4","2C (Medium-Ambition)",758112.106817152,1507576.59573003,"High-CMT only","High-CMT",TRUE,FALSE,"A","none","ar6","top_33pct",0.333333333333333
"POLES-JRC ENGAGE","ENGAGE-INDCi2030-1000-NDCp","C4","2C (Medium-Ambition)",875433.611296745,1711798.66091112,"High-CMT only","High-CMT",TRUE,FALSE,"A","none","ar6","top_33pct",0.333333333333333
"POLES-JRC ENGAGE","ENGAGE-INDCi2030-1000f","C4","2C (Medium-Ambition)",767326.426864152,1645804.43388468,"High-CMT only","High-CMT",TRUE,FALSE,"A","none","ar6","top_33pct",0.333333333333333
"POLES-JRC ENGAGE","ENGAGE-INDCi2030-1000f-COV","C4","2C (Medium-Ambition)",741140.5754442,1507963.03845808,"High-CMT only","High-CMT",TRUE,FALSE,"A","none","ar6","top_33pct",0.333333333333333
"POLES-JRC ENGAGE","ENGAGE-INDCi2030-1000f-COV-NDCp","C4","2C (Medium-Ambition)",748918.174330138,1503516.81086292,"High-CMT only","High-CMT",TRUE,FALSE,"A","none","ar6","top_33pct",0.333333333333333
"POLES-JRC ENGAGE","ENGAGE-INDCi2030-1000f-NDCp","C4","2C (Medium-Ambition)",868492.742474645,1687684.97955225,"High-CMT only","High-CMT",TRUE,FALSE,"A","none","ar6","top_33pct",0.333333333333333
"POLES-JRC ENGAGE","ENGAGE-INDCi2030-1200","C4","2C (Medium-Ambition)",784400.670328846,1628716.9704315,"High-CMT only","High-CMT",TRUE,FALSE,"A","none","ar6","top_33pct",0.333333333333333
"POLES-JRC ENGAGE","ENGAGE-INDCi2030-1200f","C4","2C (Medium-Ambition)",801003.461921161,1626578.32257241,"High-CMT only","High-CMT",TRUE,FALSE,"A","none","ar6","top_33pct",0.333333333333333
"POLES-JRC ENGAGE","ENGAGE-INDCi2030-1400","C3","2C (Medium-Ambition)",882887.997459238,1641524.6503275,"High-CMT only","High-CMT",TRUE,FALSE,"A","none","ar6","top_33pct",0.333333333333333
"POLES-JRC ENGAGE","ENGAGE-INDCi2030-1400f","C3","2C (Medium-Ambition)",875167.414740389,1639097.78211194,"High-CMT only","High-CMT",TRUE,FALSE,"A","none","ar6","top_33pct",0.333333333333333
"POLES-JRC ENGAGE","ENGAGE-INDCi2030-1600","C3","2C (Medium-Ambition)",863895.702504461,1610708.43307298,"High-CMT only","High-CMT",TRUE,FALSE,"A","none","ar6","top_33pct",0.333333333333333
"POLES-JRC ENGAGE","ENGAGE-INDCi2030-1600f","C3","2C (Medium-Ambition)",863895.702504461,1610708.43307298,"High-CMT only","High-CMT",TRUE,FALSE,"A","none","ar6","top_33pct",0.333333333333333
"POLES-JRC ENGAGE","ENGAGE-INDCi2030-1800","C3","2C (Medium-Ambition)",922137.754920458,1582234.70761698,"High-CMT only","High-CMT",TRUE,FALSE,"A","none","ar6","top_33pct",0.333333333333333
"POLES-JRC ENGAGE","ENGAGE-INDCi2030-1800f","C3","2C (Medium-Ambition)",922137.754920458,1582234.70761698,"High-CMT only","High-CMT",TRUE,FALSE,"A","none","ar6","top_33pct",0.333333333333333
"POLES-JRC ENGAGE","ENGAGE-INDCi2030-2000","C3","2C (Medium-Ambition)",932832.589064991,1556251.08778393,"High-CMT only","High-CMT",TRUE,FALSE,"A","none","ar6","top_33pct",0.333333333333333
"POLES-JRC ENGAGE","ENGAGE-INDCi2030-2000f","C3","2C (Medium-Ambition)",932832.589064991,1556251.08778393,"High-CMT only","High-CMT",TRUE,FALSE,"A","none","ar6","top_33pct",0.333333333333333
"POLES-JRC ENGAGE","ENGAGE-INDCi2030-2500","C4","2C (Medium-Ambition)",779760.659486955,1422854.92722278,"High-CMT only","High-CMT",TRUE,FALSE,"A","none","ar6","top_33pct",0.333333333333333
"POLES-JRC ENGAGE","ENGAGE-INDCi2030-2500f","C4","2C (Medium-Ambition)",779760.659486955,1422854.92722278,"High-CMT only","High-CMT",TRUE,FALSE,"A","none","ar6","top_33pct",0.333333333333333
"POLES-JRC ENGAGE","ENGAGE-INDCi2030-3000","C4","2C (Medium-Ambition)",472826.223228202,1287193.58371991,"High-CMT only","High-CMT",TRUE,FALSE,"A","none","ar6","top_33pct",0.333333333333333
"POLES-JRC ENGAGE","ENGAGE-INDCi2030-3000f","C4","2C (Medium-Ambition)",472826.223228202,1287193.58371991,"High-CMT only","High-CMT",TRUE,FALSE,"A","none","ar6","top_33pct",0.333333333333333
"POLES-JRC ENGAGE","ENGAGE-INDCi2030-300f","C2","1.5C (High-Ambition)",1560853.36464833,1909799.1487838,"High-CMT only","High-CMT",TRUE,FALSE,"A","none","ar6","top_33pct",0.333333333333333
"POLES-JRC ENGAGE","ENGAGE-INDCi2030-400f","C2","1.5C (High-Ambition)",1401627.45364121,1853898.79823786,"High-CMT only","High-CMT",TRUE,FALSE,"A","none","ar6","top_33pct",0.333333333333333
"POLES-JRC ENGAGE","ENGAGE-INDCi2030-500f","C3","2C (Medium-Ambition)",1226105.38006958,1785874.26344072,"High-CMT only","High-CMT",TRUE,FALSE,"A","none","ar6","top_33pct",0.333333333333333
"POLES-JRC ENGAGE","ENGAGE-INDCi2030-600f","C3","2C (Medium-Ambition)",1078418.14568481,1732832.34359252,"High-CMT only","High-CMT",TRUE,FALSE,"A","none","ar6","top_33pct",0.333333333333333
"POLES-JRC ENGAGE","ENGAGE-INDCi2030-600f-COV","C3","2C (Medium-Ambition)",876790.289300927,1575517.31320896,"High-CMT only","High-CMT",TRUE,FALSE,"A","none","ar6","top_33pct",0.333333333333333
"POLES-JRC ENGAGE","ENGAGE-INDCi2030-600f-COV-NDCp","C3","2C (Medium-Ambition)",849984.209916411,1578836.43946912,"High-CMT only","High-CMT",TRUE,FALSE,"A","none","ar6","top_33pct",0.333333333333333
"POLES-JRC ENGAGE","ENGAGE-INDCi2030-600f-NDCp","C3","2C (Medium-Ambition)",1103166.25871548,1779232.30113087,"High-CMT only","High-CMT",TRUE,FALSE,"A","none","ar6","top_33pct",0.333333333333333
"POLES-JRC ENGAGE","ENGAGE-INDCi2030-700f","C3","2C (Medium-Ambition)",903774.134490473,1679942.61636102,"High-CMT only","High-CMT",TRUE,FALSE,"A","none","ar6","top_33pct",0.333333333333333
"POLES-JRC ENGAGE","ENGAGE-INDCi2030-800f","C4","2C (Medium-Ambition)",779776.025204753,1656702.75883412,"High-CMT only","High-CMT",TRUE,FALSE,"A","none","ar6","top_33pct",0.333333333333333
"POLES-JRC ENGAGE","ENGAGE-INDCi2030-900","C3","2C (Medium-Ambition)",1297869.67988539,1976495.03107655,"Both High",NA,FALSE,FALSE,"A","none","ar6","top_33pct",0.333333333333333
"POLES-JRC ENGAGE","ENGAGE-INDCi2030-900f","C4","2C (Medium-Ambition)",736226.273590272,1625939.68605929,"High-CMT only","High-CMT",TRUE,FALSE,"A","none","ar6","top_33pct",0.333333333333333
"POLES-JRC ENGAGE","ENGAGE-INDCi2100","C4","2C (Medium-Ambition)",512594.424462455,1313036.37287302,"High-CMT only","High-CMT",TRUE,FALSE,"A","none","ar6","top_33pct",0.333333333333333
"POLES-JRC ENGAGE","ENGAGE-INDCi2100-COV","C4","2C (Medium-Ambition)",506747.250256102,1209022.9944362,"High-CMT only","High-CMT",TRUE,FALSE,"A","none","ar6","top_33pct",0.333333333333333
"POLES-JRC ENGAGE","ENGAGE-INDCi2100-COV-NDCp","C4","2C (Medium-Ambition)",600404.352383313,1259654.96383082,"High-CMT only","High-CMT",TRUE,FALSE,"A","none","ar6","top_33pct",0.333333333333333
"POLES-JRC ENGAGE","ENGAGE-INDCi2100-NDCp","C4","2C (Medium-Ambition)",590205.451950537,1370859.96461485,"High-CMT only","High-CMT",TRUE,FALSE,"A","none","ar6","top_33pct",0.333333333333333
"POLES-JRC ENGAGE","ENGAGE-NPi2020-1000","C4","2C (Medium-Ambition)",876019.926688372,1690192.23894068,"High-CMT only","High-CMT",TRUE,FALSE,"A","none","ar6","top_33pct",0.333333333333333
"POLES-JRC ENGAGE","ENGAGE-NPi2020-1000-COV","C4","2C (Medium-Ambition)",863151.32479776,1544280.24282574,"High-CMT only","High-CMT",TRUE,FALSE,"A","none","ar6","top_33pct",0.333333333333333
"POLES-JRC ENGAGE","ENGAGE-NPi2020-1000f","C4","2C (Medium-Ambition)",860051.697422481,1656006.4899939,"High-CMT only","High-CMT",TRUE,FALSE,"A","none","ar6","top_33pct",0.333333333333333
"POLES-JRC ENGAGE","ENGAGE-NPi2020-1000f-COV","C4","2C (Medium-Ambition)",817345.436816958,1495435.99523031,"High-CMT only","High-CMT",TRUE,FALSE,"A","none","ar6","top_33pct",0.333333333333333
"POLES-JRC ENGAGE","ENGAGE-NPi2020-1200","C4","2C (Medium-Ambition)",929660.185974185,1675845.87197628,"High-CMT only","High-CMT",TRUE,FALSE,"A","none","ar6","top_33pct",0.333333333333333
"POLES-JRC ENGAGE","ENGAGE-NPi2020-1200f","C4","2C (Medium-Ambition)",876677.628022661,1622616.78378066,"High-CMT only","High-CMT",TRUE,FALSE,"A","none","ar6","top_33pct",0.333333333333333
"POLES-JRC ENGAGE","ENGAGE-NPi2020-1400","C3","2C (Medium-Ambition)",947385.233691637,1634729.54681125,"High-CMT only","High-CMT",TRUE,FALSE,"A","none","ar6","top_33pct",0.333333333333333
"POLES-JRC ENGAGE","ENGAGE-NPi2020-1400f","C3","2C (Medium-Ambition)",948357.713603659,1630185.44754353,"High-CMT only","High-CMT",TRUE,FALSE,"A","none","ar6","top_33pct",0.333333333333333
"POLES-JRC ENGAGE","ENGAGE-NPi2020-1600","C3","2C (Medium-Ambition)",941534.358090782,1594541.51734605,"High-CMT only","High-CMT",TRUE,FALSE,"A","none","ar6","top_33pct",0.333333333333333
"POLES-JRC ENGAGE","ENGAGE-NPi2020-1600f","C3","2C (Medium-Ambition)",943685.777991617,1595940.80834922,"High-CMT only","High-CMT",TRUE,FALSE,"A","none","ar6","top_33pct",0.333333333333333
"POLES-JRC ENGAGE","ENGAGE-NPi2020-1800","C3","2C (Medium-Ambition)",973395.498099727,1566497.71804055,"High-CMT only","High-CMT",TRUE,FALSE,"A","none","ar6","top_33pct",0.333333333333333
"POLES-JRC ENGAGE","ENGAGE-NPi2020-1800f","C3","2C (Medium-Ambition)",973395.498099727,1566497.71804055,"High-CMT only","High-CMT",TRUE,FALSE,"A","none","ar6","top_33pct",0.333333333333333
"POLES-JRC ENGAGE","ENGAGE-NPi2020-2000","C3","2C (Medium-Ambition)",982076.722726187,1524402.67749902,"High-CMT only","High-CMT",TRUE,FALSE,"A","none","ar6","top_33pct",0.333333333333333
"POLES-JRC ENGAGE","ENGAGE-NPi2020-2000f","C3","2C (Medium-Ambition)",982076.722726187,1524402.67749902,"High-CMT only","High-CMT",TRUE,FALSE,"A","none","ar6","top_33pct",0.333333333333333
"POLES-JRC ENGAGE","ENGAGE-NPi2020-2500","C4","2C (Medium-Ambition)",813547.679643137,1398887.74451714,"High-CMT only","High-CMT",TRUE,FALSE,"A","none","ar6","top_33pct",0.333333333333333
"POLES-JRC ENGAGE","ENGAGE-NPi2020-2500f","C4","2C (Medium-Ambition)",813547.679643137,1398887.74451714,"High-CMT only","High-CMT",TRUE,FALSE,"A","none","ar6","top_33pct",0.333333333333333
"POLES-JRC ENGAGE","ENGAGE-NPi2020-3000","C4","2C (Medium-Ambition)",439455.212269675,1275331.66313931,"Low (both)",NA,FALSE,FALSE,"A","none","ar6","top_33pct",0.333333333333333
"POLES-JRC ENGAGE","ENGAGE-NPi2020-3000f","C4","2C (Medium-Ambition)",439455.212269675,1275331.66313931,"Low (both)",NA,FALSE,FALSE,"A","none","ar6","top_33pct",0.333333333333333
"POLES-JRC ENGAGE","ENGAGE-NPi2020-300f","C2","1.5C (High-Ambition)",1110919.96512085,1826799.37723657,"High-CMT only","High-CMT",TRUE,FALSE,"A","none","ar6","top_33pct",0.333333333333333
"POLES-JRC ENGAGE","ENGAGE-NPi2020-400f","C2","1.5C (High-Ambition)",988104.516151281,1775133.26332381,"High-CMT only","High-CMT",TRUE,FALSE,"A","none","ar6","top_33pct",0.333333333333333
"POLES-JRC ENGAGE","ENGAGE-NPi2020-500","C3","2C (Medium-Ambition)",1137948.71653068,1924796.74191936,"High-CMT only","High-CMT",TRUE,FALSE,"A","none","ar6","top_33pct",0.333333333333333
"POLES-JRC ENGAGE","ENGAGE-NPi2020-500f","C3","2C (Medium-Ambition)",863487.512525064,1728814.05226591,"High-CMT only","High-CMT",TRUE,FALSE,"A","none","ar6","top_33pct",0.333333333333333
"POLES-JRC ENGAGE","ENGAGE-NPi2020-600","C3","2C (Medium-Ambition)",963729.073614746,1773039.96345403,"High-CMT only","High-CMT",TRUE,FALSE,"A","none","ar6","top_33pct",0.333333333333333
"POLES-JRC ENGAGE","ENGAGE-NPi2020-600f","C3","2C (Medium-Ambition)",830397.442401743,1723108.22391399,"High-CMT only","High-CMT",TRUE,FALSE,"A","none","ar6","top_33pct",0.333333333333333
"POLES-JRC ENGAGE","ENGAGE-NPi2020-600f-COV","C3","2C (Medium-Ambition)",712264.712699459,1553601.92227643,"High-CMT only","High-CMT",TRUE,FALSE,"A","none","ar6","top_33pct",0.333333333333333
"POLES-JRC ENGAGE","ENGAGE-NPi2020-700","C3","2C (Medium-Ambition)",898238.817946812,1758766.17652884,"High-CMT only","High-CMT",TRUE,FALSE,"A","none","ar6","top_33pct",0.333333333333333
"POLES-JRC ENGAGE","ENGAGE-NPi2020-700f","C3","2C (Medium-Ambition)",801739.419567446,1701158.1901758,"High-CMT only","High-CMT",TRUE,FALSE,"A","none","ar6","top_33pct",0.333333333333333
"POLES-JRC ENGAGE","ENGAGE-NPi2020-800","C3","2C (Medium-Ambition)",883486.371467945,1734808.74447789,"High-CMT only","High-CMT",TRUE,FALSE,"A","none","ar6","top_33pct",0.333333333333333
"POLES-JRC ENGAGE","ENGAGE-NPi2020-800f","C4","2C (Medium-Ambition)",794094.128883325,1692275.10979464,"High-CMT only","High-CMT",TRUE,FALSE,"A","none","ar6","top_33pct",0.333333333333333
"POLES-JRC ENGAGE","ENGAGE-NPi2020-900","C3","2C (Medium-Ambition)",869617.690750986,1693498.58504864,"High-CMT only","High-CMT",TRUE,FALSE,"A","none","ar6","top_33pct",0.333333333333333
"POLES-JRC ENGAGE","ENGAGE-NPi2020-900f","C4","2C (Medium-Ambition)",829027.381193568,1678849.2088392,"High-CMT only","High-CMT",TRUE,FALSE,"A","none","ar6","top_33pct",0.333333333333333
"POLES-JRC ENGAGE","ENGAGE-NPi2100","C4","2C (Medium-Ambition)",341824.195539118,1214793.68324136,"Low (both)",NA,FALSE,FALSE,"A","none","ar6","top_33pct",0.333333333333333
"POLES-JRC ENGAGE","ENGAGE-NPi2100-COV","C4","2C (Medium-Ambition)",341406.18650294,1109686.97949646,"Low (both)",NA,FALSE,FALSE,"A","none","ar6","top_33pct",0.333333333333333
"REMIND 1.7","CEMICS-1.5°C-CDR12","C1","1.5C (High-Ambition)",0,NA,"Low (both)",NA,FALSE,NA,"A","none","ar6","top_33pct",0.333333333333333
"REMIND 1.7","CEMICS-1.5°C-CDR20","C1","1.5C (High-Ambition)",0,NA,"Low (both)",NA,FALSE,NA,"A","none","ar6","top_33pct",0.333333333333333
"REMIND 1.7","CEMICS-1.5°C-CDR8","C1","1.5C (High-Ambition)",0,NA,"Low (both)",NA,FALSE,NA,"A","none","ar6","top_33pct",0.333333333333333
"REMIND 1.7","CEMICS-2.0°C-CDR12","C2","1.5C (High-Ambition)",0,NA,"Low (both)",NA,FALSE,NA,"A","none","ar6","top_33pct",0.333333333333333
"REMIND 1.7","CEMICS-2.0°C-CDR20","C2","1.5C (High-Ambition)",0,NA,"Low (both)",NA,FALSE,NA,"A","none","ar6","top_33pct",0.333333333333333
"REMIND 1.7","CEMICS-2.0°C-CDR8","C1","1.5C (High-Ambition)",0,NA,"Low (both)",NA,FALSE,NA,"A","none","ar6","top_33pct",0.333333333333333
"REMIND 2.1","CEMICS-GDPgrowth-1.5°C","C1","1.5C (High-Ambition)",332610.83935,4506587.78335,"High-RE only","High-RE",FALSE,TRUE,"A","none","ar6","top_33pct",0.333333333333333
"REMIND 2.1","CEMICS-GDPgrowth-2.0°C","C3","2C (Medium-Ambition)",198514.9873,3715806.74155,"High-RE only","High-RE",FALSE,TRUE,"A","none","ar6","top_33pct",0.333333333333333
"REMIND 2.1","CEMICS-HotellingConst-1.5°C","C1","1.5C (High-Ambition)",409071.60935,4910841.23325,"High-RE only","High-RE",FALSE,TRUE,"A","none","ar6","top_33pct",0.333333333333333
"REMIND 2.1","CEMICS-HotellingConst-2.0°C","C3","2C (Medium-Ambition)",235317.7104,3589722.9156,"High-RE only","High-RE",FALSE,TRUE,"A","none","ar6","top_33pct",0.333333333333333
"REMIND 2.1","CEMICS-Linear-1.5°C","C1","1.5C (High-Ambition)",397164.81035,4617534.95665,"High-RE only","High-RE",FALSE,TRUE,"A","none","ar6","top_33pct",0.333333333333333
"REMIND 2.1","CEMICS-Linear-2.0°C","C3","2C (Medium-Ambition)",224236.50375,3536554.2009,"High-RE only","High-RE",FALSE,TRUE,"A","none","ar6","top_33pct",0.333333333333333
"REMIND 2.1","CEMICS-NPI","C4","2C (Medium-Ambition)",30913.2201,2245884.7572,"High-RE only","High-RE",FALSE,TRUE,"A","none","ar6","top_33pct",0.333333333333333
"REMIND 2.1","CEMICS-Optimal-1.5°C","C1","1.5C (High-Ambition)",232684.78715,3501735.6327,"High-RE only","High-RE",FALSE,TRUE,"A","none","ar6","top_33pct",0.333333333333333
"REMIND 2.1","CEMICS-Optimal-2.0°C","C3","2C (Medium-Ambition)",189620.646,3715496.2665,"High-RE only","High-RE",FALSE,TRUE,"A","none","ar6","top_33pct",0.333333333333333
"REMIND 2.1","ECEMF-DIAG-C400-lin","C1","1.5C (High-Ambition)",0,NA,"Low (both)",NA,FALSE,NA,"A","none","ar6","top_33pct",0.333333333333333
"REMIND 2.1","ECEMF-DIAG-NPi","C4","2C (Medium-Ambition)",0,NA,"Low (both)",NA,FALSE,NA,"A","none","ar6","top_33pct",0.333333333333333
"REMIND 2.1","LeastTotalCost-CBA-brkLR15-SSP2-P50","C3","2C (Medium-Ambition)",178480.64795,3215693.6299,"High-RE only","High-RE",FALSE,TRUE,"A","none","ar6","top_33pct",0.333333333333333
"REMIND 2.1","LeastTotalCost-CBA-brkSR15-SSP2-P50","C3","2C (Medium-Ambition)",190269.19495,3035846.34885,"High-RE only","High-RE",FALSE,TRUE,"A","none","ar6","top_33pct",0.333333333333333
"REMIND 2.1","LeastTotalCost-CEA-brkLR15-SSP2-P50","C3","2C (Medium-Ambition)",149318.2529,3154694.5508,"High-RE only","High-RE",FALSE,TRUE,"A","none","ar6","top_33pct",0.333333333333333
"REMIND 2.1","LeastTotalCost-CEA-brkSR15-SSP2-P50","C3","2C (Medium-Ambition)",155055.97955,3208315.9321,"High-RE only","High-RE",FALSE,TRUE,"A","none","ar6","top_33pct",0.333333333333333
"REMIND 2.1","LeastTotalCost-LTC-brkLR15-SSP1-P50","C1","1.5C (High-Ambition)",112073.9589,2191335.24255,"Low (both)",NA,FALSE,FALSE,"A","none","ar6","top_33pct",0.333333333333333
"REMIND 2.1","LeastTotalCost-LTC-brkLR15-SSP2-P50","C3","2C (Medium-Ambition)",181515.2028,3222197.2279,"High-RE only","High-RE",FALSE,TRUE,"A","none","ar6","top_33pct",0.333333333333333
"REMIND 2.1","LeastTotalCost-LTC-brkLR15-SSP5-P50","C3","2C (Medium-Ambition)",543775.9697,3441933.48435,"Both High",NA,FALSE,FALSE,"A","none","ar6","top_33pct",0.333333333333333
"REMIND 2.1","LeastTotalCost-LTC-brkSR15-SSP1-P50","C2","1.5C (High-Ambition)",118625.43625,2018151.9341,"Low (both)",NA,FALSE,FALSE,"A","none","ar6","top_33pct",0.333333333333333
"REMIND 2.1","LeastTotalCost-LTC-brkSR15-SSP2-P50","C3","2C (Medium-Ambition)",168805.45185,3169170.3704,"High-RE only","High-RE",FALSE,TRUE,"A","none","ar6","top_33pct",0.333333333333333
"REMIND 2.1","LeastTotalCost-LTC-brkSR15-SSP5-P50","C3","2C (Medium-Ambition)",425845.21435,3358700.33545,"High-RE only","High-RE",FALSE,TRUE,"A","none","ar6","top_33pct",0.333333333333333
"REMIND 2.1","LeastTotalCost-NDC-brkLR15-SSP2-P50","C3","2C (Medium-Ambition)",173690.89265,2632248.2634,"High-RE only","High-RE",FALSE,TRUE,"A","none","ar6","top_33pct",0.333333333333333
"REMIND 2.1","LeastTotalCost-NDC-brkSR15-SSP2-P50","C3","2C (Medium-Ambition)",175745.03045,2640730.1625,"High-RE only","High-RE",FALSE,TRUE,"A","none","ar6","top_33pct",0.333333333333333
"REMIND 2.1","LeastTotalCost-NPi-brkLR15-SSP1-P50","C3","2C (Medium-Ambition)",765.68085,1273297.84355,"Low (both)",NA,FALSE,FALSE,"A","none","ar6","top_33pct",0.333333333333333
"REMIND 2.1","LeastTotalCost-NPi-brkLR15-SSP2-P50","C4","2C (Medium-Ambition)",8907.7722,1944990.2075,"High-RE only","High-RE",FALSE,TRUE,"A","none","ar6","top_33pct",0.333333333333333
"REMIND 2.1","LeastTotalCost-NPi-brkLR15-SSP5-P50","C4","2C (Medium-Ambition)",36252.99975,1313526.56945,"Low (both)",NA,FALSE,FALSE,"A","none","ar6","top_33pct",0.333333333333333
"REMIND 2.1","LeastTotalCost-NPi-brkSR15-SSP1-P50","C3","2C (Medium-Ambition)",827.6466,1291119.8785,"Low (both)",NA,FALSE,FALSE,"A","none","ar6","top_33pct",0.333333333333333
"REMIND 2.1","LeastTotalCost-NPi-brkSR15-SSP2-P50","C4","2C (Medium-Ambition)",9019.3711,1896612.94505,"Low (both)",NA,FALSE,FALSE,"A","none","ar6","top_33pct",0.333333333333333
"REMIND 2.1","LeastTotalCost-NPi-brkSR15-SSP5-P50","C4","2C (Medium-Ambition)",35899.50105,1279618.2037,"Low (both)",NA,FALSE,FALSE,"A","none","ar6","top_33pct",0.333333333333333
"REMIND 2.1","R2p1-SSP1-1100","C2","1.5C (High-Ambition)",94649.87015,2478423.16905,"Low (both)",NA,FALSE,FALSE,"A","none","ar6","top_33pct",0.333333333333333
"REMIND 2.1","R2p1-SSP1-1300","C2","1.5C (High-Ambition)",99110.1373,2290405.51545,"Low (both)",NA,FALSE,FALSE,"A","none","ar6","top_33pct",0.333333333333333
"REMIND 2.1","R2p1-SSP1-900","C1","1.5C (High-Ambition)",92155.3838,2695519.49935,"Low (both)",NA,FALSE,FALSE,"A","none","ar6","top_33pct",0.333333333333333
"REMIND 2.1","R2p1-SSP1-NDC","C3","2C (Medium-Ambition)",66631.3635,2016613.81545,"High-RE only","High-RE",FALSE,TRUE,"A","none","ar6","top_33pct",0.333333333333333
"REMIND 2.1","R2p1-SSP1-NPi","C3","2C (Medium-Ambition)",94.8535,1521475.75295,"Low (both)",NA,FALSE,FALSE,"A","none","ar6","top_33pct",0.333333333333333
"REMIND 2.1","R2p1-SSP2-1100","C3","2C (Medium-Ambition)",137726.98505,3759205.5424,"High-RE only","High-RE",FALSE,TRUE,"A","none","ar6","top_33pct",0.333333333333333
"REMIND 2.1","R2p1-SSP2-1300","C3","2C (Medium-Ambition)",139288.0834,3544145.93785,"High-RE only","High-RE",FALSE,TRUE,"A","none","ar6","top_33pct",0.333333333333333
"REMIND 2.1","R2p1-SSP2-900","C1","1.5C (High-Ambition)",183518.10515,3956658.91655,"High-RE only","High-RE",FALSE,TRUE,"A","none","ar6","top_33pct",0.333333333333333
"REMIND 2.1","R2p1-SSP2-NDC","C3","2C (Medium-Ambition)",171055.5994,3080034.2624,"High-RE only","High-RE",FALSE,TRUE,"A","none","ar6","top_33pct",0.333333333333333
"REMIND 2.1","R2p1-SSP2-NPi","C4","2C (Medium-Ambition)",1336.1571,2292005.33505,"High-RE only","High-RE",FALSE,TRUE,"A","none","ar6","top_33pct",0.333333333333333
"REMIND 2.1","R2p1-SSP5-1100","C2","1.5C (High-Ambition)",362498.7528,4113868.6484,"High-RE only","High-RE",FALSE,TRUE,"A","none","ar6","top_33pct",0.333333333333333
"REMIND 2.1","R2p1-SSP5-1300","C3","2C (Medium-Ambition)",344013.34755,4004876.7384,"High-RE only","High-RE",FALSE,TRUE,"A","none","ar6","top_33pct",0.333333333333333
"REMIND 2.1","R2p1-SSP5-900","C1","1.5C (High-Ambition)",722832.69175,4310529.6125,"Both High",NA,FALSE,FALSE,"A","none","ar6","top_33pct",0.333333333333333
"REMIND 2.1","R2p1-SSP5-NDC","C4","2C (Medium-Ambition)",481871.716,2764356.51225,"Both High",NA,FALSE,FALSE,"A","none","ar6","top_33pct",0.333333333333333
"REMIND 2.1","R2p1-SSP5-NPi","C4","2C (Medium-Ambition)",4366.94345,1632528.34015,"Low (both)",NA,FALSE,FALSE,"A","none","ar6","top_33pct",0.333333333333333
"REMIND 2.1","TechCost-SSP2-1100-bioH","C3","2C (Medium-Ambition)",149160.0046,3957348.46335,"High-RE only","High-RE",FALSE,TRUE,"A","none","ar6","top_33pct",0.333333333333333
"REMIND 2.1","TechCost-SSP2-1100-ccsH","C3","2C (Medium-Ambition)",259032.45475,3748868.4753,"High-RE only","High-RE",FALSE,TRUE,"A","none","ar6","top_33pct",0.333333333333333
"REMIND 2.1","TechCost-SSP2-1100-coalH","C3","2C (Medium-Ambition)",157208.36375,4046472.09445,"High-RE only","High-RE",FALSE,TRUE,"A","none","ar6","top_33pct",0.333333333333333
"REMIND 2.1","TechCost-SSP2-1100-elh2H","C3","2C (Medium-Ambition)",164056.07145,4183573.3316,"High-RE only","High-RE",FALSE,TRUE,"A","none","ar6","top_33pct",0.333333333333333
"REMIND 2.1","TechCost-SSP2-1100-gasH","C3","2C (Medium-Ambition)",161076.62025,4014388.80325,"High-RE only","High-RE",FALSE,TRUE,"A","none","ar6","top_33pct",0.333333333333333
"REMIND 2.1","TechCost-SSP2-1100-nucH","C3","2C (Medium-Ambition)",155216.30605,3698983.33165,"High-RE only","High-RE",FALSE,TRUE,"A","none","ar6","top_33pct",0.333333333333333
"REMIND 2.1","TechCost-SSP2-1100-oilH","C3","2C (Medium-Ambition)",155564.5842,3998088.9313,"High-RE only","High-RE",FALSE,TRUE,"A","none","ar6","top_33pct",0.333333333333333
"REMIND 2.1","TechCost-SSP2-1100-spvH","C3","2C (Medium-Ambition)",147672.2928,4349950.5743,"High-RE only","High-RE",FALSE,TRUE,"A","none","ar6","top_33pct",0.333333333333333
"REMIND 2.1","TechCost-SSP2-1100-windH","C3","2C (Medium-Ambition)",139922.5894,4611507.60265,"High-RE only","High-RE",FALSE,TRUE,"A","none","ar6","top_33pct",0.333333333333333
"REMIND 3.0","ENGAGE-Feasibility-1000/Cost-Effective","C3","2C (Medium-Ambition)",51588.2398742,3992170.56945975,"High-RE only","High-RE",FALSE,TRUE,"A","none","ar6","top_33pct",0.333333333333333
"REMIND 3.0","ENGAGE-Feasibility-1000/Enablers & Institutional","C3","2C (Medium-Ambition)",21227.29445185,2054324.9083624,"High-RE only","High-RE",FALSE,TRUE,"A","none","ar6","top_33pct",0.333333333333333
"REMIND 3.0","ENGAGE-Feasibility-1000/Institutional","C3","2C (Medium-Ambition)",34321.63098885,3980198.649973,"High-RE only","High-RE",FALSE,TRUE,"A","none","ar6","top_33pct",0.333333333333333
"REMIND 3.0","ENGAGE-Feasibility-1000/Technology","C3","2C (Medium-Ambition)",32972.674677,4156929.69768705,"High-RE only","High-RE",FALSE,TRUE,"A","none","ar6","top_33pct",0.333333333333333
"REMIND 3.0","ENGAGE-Feasibility-1000/Technology & Enablers & Institutional","C3","2C (Medium-Ambition)",19803.94944745,2165859.7216132,"High-RE only","High-RE",FALSE,TRUE,"A","none","ar6","top_33pct",0.333333333333333
"REMIND 3.0","ENGAGE-Feasibility-1000/Technology & Institutional","C3","2C (Medium-Ambition)",23061.03983755,4077126.83484895,"High-RE only","High-RE",FALSE,TRUE,"A","none","ar6","top_33pct",0.333333333333333
"REMIND 3.0","ENGAGE-Feasibility-Maximum-Effort/Cost-Effective","C1","1.5C (High-Ambition)",28205.7485686,4261815.9403137,"High-RE only","High-RE",FALSE,TRUE,"A","none","ar6","top_33pct",0.333333333333333
"REMIND 3.0","ENGAGE-Feasibility-Maximum-Effort/Enablers & Institutional","C1","1.5C (High-Ambition)",17581.7757044,2012518.37459095,"Low (both)",NA,FALSE,FALSE,"A","none","ar6","top_33pct",0.333333333333333
"REMIND 3.0","ENGAGE-Feasibility-Maximum-Effort/Enablers & Institutional [Optimistic]","C1","1.5C (High-Ambition)",19192.8403177,2073441.3192293,"Low (both)",NA,FALSE,FALSE,"A","none","ar6","top_33pct",0.333333333333333
"REMIND 3.0","ENGAGE-Feasibility-Maximum-Effort/Enablers & Institutional [Pessimistic]","C3","2C (Medium-Ambition)",21610.82170745,1969648.70213995,"High-RE only","High-RE",FALSE,TRUE,"A","none","ar6","top_33pct",0.333333333333333
"REMIND 3.0","ENGAGE-Feasibility-Maximum-Effort/Institutional","C3","2C (Medium-Ambition)",24547.6684274,3966883.91027095,"High-RE only","High-RE",FALSE,TRUE,"A","none","ar6","top_33pct",0.333333333333333
"REMIND 3.0","ENGAGE-Feasibility-Maximum-Effort/Institutional [Optimistic]","C3","2C (Medium-Ambition)",23462.58666565,3993678.98605625,"High-RE only","High-RE",FALSE,TRUE,"A","none","ar6","top_33pct",0.333333333333333
"REMIND 3.0","ENGAGE-Feasibility-Maximum-Effort/Institutional [Pessimistic]","C3","2C (Medium-Ambition)",22603.64075995,3983835.80467205,"High-RE only","High-RE",FALSE,TRUE,"A","none","ar6","top_33pct",0.333333333333333
"REMIND 3.0","ENGAGE-Feasibility-Maximum-Effort/Technology","C1","1.5C (High-Ambition)",22085.1166922,4406256.35506935,"High-RE only","High-RE",FALSE,TRUE,"A","none","ar6","top_33pct",0.333333333333333
"REMIND 3.0","ENGAGE-Feasibility-Maximum-Effort/Technology & Enablers & Institutional","C2","1.5C (High-Ambition)",15048.4875457,2204390.5884111,"Low (both)",NA,FALSE,FALSE,"A","none","ar6","top_33pct",0.333333333333333
"REMIND 3.0","ENGAGE-Feasibility-Maximum-Effort/Technology & Enablers & Institutional [Optimistic]","C1","1.5C (High-Ambition)",16234.55965775,2197017.47767935,"Low (both)",NA,FALSE,FALSE,"A","none","ar6","top_33pct",0.333333333333333
"REMIND 3.0","ENGAGE-Feasibility-Maximum-Effort/Technology & Enablers & Institutional [Pessimistic]","C3","2C (Medium-Ambition)",12993.77017115,2057754.55293045,"High-RE only","High-RE",FALSE,TRUE,"A","none","ar6","top_33pct",0.333333333333333
"REMIND 3.0","ENGAGE-Feasibility-Maximum-Effort/Technology & Institutional","C3","2C (Medium-Ambition)",18039.13965925,4170242.35033025,"High-RE only","High-RE",FALSE,TRUE,"A","none","ar6","top_33pct",0.333333333333333
"REMIND 3.0","ENGAGE-Feasibility-Maximum-Effort/Technology & Institutional [Optimistic]","C3","2C (Medium-Ambition)",16967.31375425,4152446.4340806,"High-RE only","High-RE",FALSE,TRUE,"A","none","ar6","top_33pct",0.333333333333333
"REMIND 3.0","ENGAGE-Feasibility-Maximum-Effort/Technology & Institutional [Pessimistic]","C3","2C (Medium-Ambition)",7533.56272135,4058484.5269602,"High-RE only","High-RE",FALSE,TRUE,"A","none","ar6","top_33pct",0.333333333333333
"REMIND 3.0","NAVIGATE Demand-1.5°C-act_u","C1","1.5C (High-Ambition)",923519.12622745,2759949.0261945,"High-CMT only","High-CMT",TRUE,FALSE,"A","none","ar6","top_33pct",0.333333333333333
"REMIND 3.0","NAVIGATE Demand-1.5°C-all_u","C1","1.5C (High-Ambition)",670689.67714215,2201562.27508765,"High-CMT only","High-CMT",TRUE,FALSE,"A","none","ar6","top_33pct",0.333333333333333
"REMIND 3.0","NAVIGATE Demand-1.5°C-ele_u","C1","1.5C (High-Ambition)",711417.4430887,2933947.4904765,"Both High",NA,FALSE,FALSE,"A","none","ar6","top_33pct",0.333333333333333
"REMIND 3.0","NAVIGATE Demand-1.5°C-ref","C1","1.5C (High-Ambition)",982770.8143446,3229958.74489325,"Both High",NA,FALSE,FALSE,"A","none","ar6","top_33pct",0.333333333333333
"REMIND 3.0","NAVIGATE Demand-1.5°C-tec_u","C1","1.5C (High-Ambition)",908532.6880438,2713943.07644685,"High-CMT only","High-CMT",TRUE,FALSE,"A","none","ar6","top_33pct",0.333333333333333
"REMIND 3.0","NAVIGATE Demand-2.0°C-act_u","C3","2C (Medium-Ambition)",537471.2100091,2568833.99309515,"Both High",NA,FALSE,FALSE,"A","none","ar6","top_33pct",0.333333333333333
"REMIND 3.0","NAVIGATE Demand-2.0°C-all_u","C3","2C (Medium-Ambition)",357998.9179504,2120410.0378795,"High-RE only","High-RE",FALSE,TRUE,"A","none","ar6","top_33pct",0.333333333333333
"REMIND 3.0","NAVIGATE Demand-2.0°C-ele_u","C3","2C (Medium-Ambition)",389535.9559031,2831991.32469335,"High-RE only","High-RE",FALSE,TRUE,"A","none","ar6","top_33pct",0.333333333333333
"REMIND 3.0","NAVIGATE Demand-2.0°C-ref","C3","2C (Medium-Ambition)",579167.61483675,3042790.46845805,"Both High",NA,FALSE,FALSE,"A","none","ar6","top_33pct",0.333333333333333
"REMIND 3.0","NAVIGATE Demand-2.0°C-tec_u","C3","2C (Medium-Ambition)",541595.00657905,2519463.2892285,"Both High",NA,FALSE,FALSE,"A","none","ar6","top_33pct",0.333333333333333
"REMIND 3.0","NAVIGATE Demand-NPi-act","C4","2C (Medium-Ambition)",85325.1173523,1956865.89781265,"High-RE only","High-RE",FALSE,TRUE,"A","none","ar6","top_33pct",0.333333333333333
"REMIND 3.0","NAVIGATE Demand-NPi-all","C3","2C (Medium-Ambition)",82117.28715205,1852638.58116535,"Low (both)",NA,FALSE,FALSE,"A","none","ar6","top_33pct",0.333333333333333
"REMIND 3.0","NAVIGATE Demand-NPi-ele","C3","2C (Medium-Ambition)",73755.3308959,2467886.45486775,"High-RE only","High-RE",FALSE,TRUE,"A","none","ar6","top_33pct",0.333333333333333
"REMIND 3.0","NAVIGATE Demand-NPi-ref","C4","2C (Medium-Ambition)",126033.04503015,2296423.90940395,"High-RE only","High-RE",FALSE,TRUE,"A","none","ar6","top_33pct",0.333333333333333
"REMIND 3.0","NAVIGATE Demand-NPi-tec","C4","2C (Medium-Ambition)",84054.7513064,1888488.5930791,"Low (both)",NA,FALSE,FALSE,"A","none","ar6","top_33pct",0.333333333333333
"REMIND 3.5","Rescuing-1.5°C-Highest-Possible-Ambition","C4","2C (Medium-Ambition)",920235.1889679,6241631.4926337,"Both High",NA,FALSE,FALSE,"A","none","ar6","top_33pct",0.333333333333333
"REMIND-Buildings 2.0","BEG-600","C2","1.5C (High-Ambition)",148287.5192,4154625.69655,"High-RE only","High-RE",FALSE,TRUE,"A","none","ar6","top_33pct",0.333333333333333
"REMIND-Buildings 2.0","BEG-600-Efficiency","C2","1.5C (High-Ambition)",140415.7673,3713858.9228,"High-RE only","High-RE",FALSE,TRUE,"A","none","ar6","top_33pct",0.333333333333333
"REMIND-MAgPIE 1.5","SSP1-19","C2","1.5C (High-Ambition)",0,NA,"Low (both)",NA,FALSE,NA,"A","none","ar6","top_33pct",0.333333333333333
"REMIND-MAgPIE 1.5","SSP1-26","C4","2C (Medium-Ambition)",0,NA,"Low (both)",NA,FALSE,NA,"A","none","ar6","top_33pct",0.333333333333333
"REMIND-MAgPIE 1.5","SSP1-34","C3","2C (Medium-Ambition)",0,NA,"Low (both)",NA,FALSE,NA,"A","none","ar6","top_33pct",0.333333333333333
"REMIND-MAgPIE 1.5","SSP1-45","C4","2C (Medium-Ambition)",0,NA,"Low (both)",NA,FALSE,NA,"A","none","ar6","top_33pct",0.333333333333333
"REMIND-MAgPIE 1.5","SSP2-19","C1","1.5C (High-Ambition)",0,NA,"Low (both)",NA,FALSE,NA,"A","none","ar6","top_33pct",0.333333333333333
"REMIND-MAgPIE 1.5","SSP2-26","C3","2C (Medium-Ambition)",0,NA,"Low (both)",NA,FALSE,NA,"A","none","ar6","top_33pct",0.333333333333333
"REMIND-MAgPIE 1.5","SSP2-34","C3","2C (Medium-Ambition)",0,NA,"Low (both)",NA,FALSE,NA,"A","none","ar6","top_33pct",0.333333333333333
"REMIND-MAgPIE 1.5","SSP2-45","C4","2C (Medium-Ambition)",0,NA,"Low (both)",NA,FALSE,NA,"A","none","ar6","top_33pct",0.333333333333333
"REMIND-MAgPIE 1.5","SSP2-60","C4","2C (Medium-Ambition)",0,NA,"Low (both)",NA,FALSE,NA,"A","none","ar6","top_33pct",0.333333333333333
"REMIND-MAgPIE 1.5","SSP5-19","C2","1.5C (High-Ambition)",0,NA,"Low (both)",NA,FALSE,NA,"A","none","ar6","top_33pct",0.333333333333333
"REMIND-MAgPIE 1.5","SSP5-26","C4","2C (Medium-Ambition)",0,NA,"Low (both)",NA,FALSE,NA,"A","none","ar6","top_33pct",0.333333333333333
"REMIND-MAgPIE 1.5","SSP5-34","C3","2C (Medium-Ambition)",0,NA,"Low (both)",NA,FALSE,NA,"A","none","ar6","top_33pct",0.333333333333333
"REMIND-MAgPIE 1.5","SSP5-45","C4","2C (Medium-Ambition)",0,NA,"Low (both)",NA,FALSE,NA,"A","none","ar6","top_33pct",0.333333333333333
"REMIND-MAgPIE 1.5","SSP5-60","C4","2C (Medium-Ambition)",0,NA,"Low (both)",NA,FALSE,NA,"A","none","ar6","top_33pct",0.333333333333333
"REMIND-MAgPIE 1.7-3.0","CD-LINKS-INDC2030i_1000","C2","1.5C (High-Ambition)",347923.49935,4117866.7538,"High-RE only","High-RE",FALSE,TRUE,"A","none","ar6","top_33pct",0.333333333333333
"REMIND-MAgPIE 1.7-3.0","CD-LINKS-INDC2030i_1600","C4","2C (Medium-Ambition)",411190.7973,4021641.0231,"High-RE only","High-RE",FALSE,TRUE,"A","none","ar6","top_33pct",0.333333333333333
"REMIND-MAgPIE 1.7-3.0","CD-LINKS-INDC2030i_400","C2","1.5C (High-Ambition)",414258.0881,4473398.0807,"High-RE only","High-RE",FALSE,TRUE,"A","none","ar6","top_33pct",0.333333333333333
"REMIND-MAgPIE 1.7-3.0","CD-LINKS-INDCi","C4","2C (Medium-Ambition)",178813.41885,3053412.4813,"High-RE only","High-RE",FALSE,TRUE,"A","none","ar6","top_33pct",0.333333333333333
"REMIND-MAgPIE 1.7-3.0","CD-LINKS-NDC2030i_1000","C3","2C (Medium-Ambition)",0,NA,"Low (both)",NA,FALSE,NA,"A","none","ar6","top_33pct",0.333333333333333
"REMIND-MAgPIE 1.7-3.0","CD-LINKS-NPi","C4","2C (Medium-Ambition)",17091.31915,2799267.7638,"High-RE only","High-RE",FALSE,TRUE,"A","none","ar6","top_33pct",0.333333333333333
"REMIND-MAgPIE 1.7-3.0","CD-LINKS-NPi2020_1000","C2","1.5C (High-Ambition)",349442.97525,4357545.6745,"High-RE only","High-RE",FALSE,TRUE,"A","none","ar6","top_33pct",0.333333333333333
"REMIND-MAgPIE 1.7-3.0","CD-LINKS-NPi2020_1600","C4","2C (Medium-Ambition)",423204.3037,3898987.9889,"High-RE only","High-RE",FALSE,TRUE,"A","none","ar6","top_33pct",0.333333333333333
"REMIND-MAgPIE 1.7-3.0","CD-LINKS-NPi2020_400","C1","1.5C (High-Ambition)",389362.29465,4020658.8722,"High-RE only","High-RE",FALSE,TRUE,"A","none","ar6","top_33pct",0.333333333333333
"REMIND-MAgPIE 1.7-3.0","CD-LINKS-No-Policy","C4","2C (Medium-Ambition)",1783.4374,2773994.73045,"High-RE only","High-RE",FALSE,TRUE,"A","none","ar6","top_33pct",0.333333333333333
"REMIND-MAgPIE 1.7-3.0","COMMIT-2°C-2020","C2","1.5C (High-Ambition)",374744.20175,4046357.45175,"High-RE only","High-RE",FALSE,TRUE,"A","none","ar6","top_33pct",0.333333333333333
"REMIND-MAgPIE 1.7-3.0","COMMIT-2°C-2030","C2","1.5C (High-Ambition)",372201.62075,3998001.56015,"High-RE only","High-RE",FALSE,TRUE,"A","none","ar6","top_33pct",0.333333333333333
"REMIND-MAgPIE 1.7-3.0","COMMIT-Baseline","C4","2C (Medium-Ambition)",1812.72515,2668248.0555,"High-RE only","High-RE",FALSE,TRUE,"A","none","ar6","top_33pct",0.333333333333333
"REMIND-MAgPIE 1.7-3.0","COMMIT-Bridge","C2","1.5C (High-Ambition)",458071.03995,3912653.6779,"High-RE only","High-RE",FALSE,TRUE,"A","none","ar6","top_33pct",0.333333333333333
"REMIND-MAgPIE 1.7-3.0","COMMIT-Current-Policies","C4","2C (Medium-Ambition)",33726.54985,2713307.73595,"High-RE only","High-RE",FALSE,TRUE,"A","none","ar6","top_33pct",0.333333333333333
"REMIND-MAgPIE 1.7-3.0","COMMIT-GPP","C3","2C (Medium-Ambition)",298394.55735,3196029.4457,"High-RE only","High-RE",FALSE,TRUE,"A","none","ar6","top_33pct",0.333333333333333
"REMIND-MAgPIE 1.7-3.0","COMMIT-NDCplus","C4","2C (Medium-Ambition)",173482.4962,2939314.8779,"High-RE only","High-RE",FALSE,TRUE,"A","none","ar6","top_33pct",0.333333333333333
"REMIND-MAgPIE 1.7-3.0","EMF33-1.5°C-cost100","C2","1.5C (High-Ambition)",0,NA,"Low (both)",NA,FALSE,NA,"A","none","ar6","top_33pct",0.333333333333333
"REMIND-MAgPIE 1.7-3.0","EMF33-1.5°C-full","C2","1.5C (High-Ambition)",0,NA,"Low (both)",NA,FALSE,NA,"A","none","ar6","top_33pct",0.333333333333333
"REMIND-MAgPIE 1.7-3.0","EMF33-1.5°C-nofuel","C1","1.5C (High-Ambition)",0,NA,"Low (both)",NA,FALSE,NA,"A","none","ar6","top_33pct",0.333333333333333
"REMIND-MAgPIE 1.7-3.0","EMF33-medium-2°C-cost100","C4","2C (Medium-Ambition)",0,NA,"Low (both)",NA,FALSE,NA,"A","none","ar6","top_33pct",0.333333333333333
"REMIND-MAgPIE 1.7-3.0","EMF33-medium-2°C-full","C3","2C (Medium-Ambition)",0,NA,"Low (both)",NA,FALSE,NA,"A","none","ar6","top_33pct",0.333333333333333
"REMIND-MAgPIE 1.7-3.0","EMF33-medium-2°C-limbio","C3","2C (Medium-Ambition)",0,NA,"Low (both)",NA,FALSE,NA,"A","none","ar6","top_33pct",0.333333333333333
"REMIND-MAgPIE 1.7-3.0","EMF33-medium-2°C-nobeccs","C4","2C (Medium-Ambition)",0,NA,"Low (both)",NA,FALSE,NA,"A","none","ar6","top_33pct",0.333333333333333
"REMIND-MAgPIE 1.7-3.0","EMF33-medium-2°C-nofuel","C4","2C (Medium-Ambition)",0,NA,"Low (both)",NA,FALSE,NA,"A","none","ar6","top_33pct",0.333333333333333
"REMIND-MAgPIE 1.7-3.0","EMF33-medium-2°C-none","C4","2C (Medium-Ambition)",0,NA,"Low (both)",NA,FALSE,NA,"A","none","ar6","top_33pct",0.333333333333333
"REMIND-MAgPIE 1.7-3.0","EMF33-tax-hi-full","C3","2C (Medium-Ambition)",0,NA,"Low (both)",NA,FALSE,NA,"A","none","ar6","top_33pct",0.333333333333333
"REMIND-MAgPIE 1.7-3.0","EMF33-tax-hi-none","C4","2C (Medium-Ambition)",0,NA,"Low (both)",NA,FALSE,NA,"A","none","ar6","top_33pct",0.333333333333333
"REMIND-MAgPIE 1.7-3.0","EMF33-tax-lo-full","C3","2C (Medium-Ambition)",0,NA,"Low (both)",NA,FALSE,NA,"A","none","ar6","top_33pct",0.333333333333333
"REMIND-MAgPIE 1.7-3.0","EMF33-tax-lo-none","C3","2C (Medium-Ambition)",0,NA,"Low (both)",NA,FALSE,NA,"A","none","ar6","top_33pct",0.333333333333333
"REMIND-MAgPIE 1.7-3.0","EMF33-well-below-2°C-cost100","C3","2C (Medium-Ambition)",0,NA,"Low (both)",NA,FALSE,NA,"A","none","ar6","top_33pct",0.333333333333333
"REMIND-MAgPIE 1.7-3.0","EMF33-well-below-2°C-full","C3","2C (Medium-Ambition)",0,NA,"Low (both)",NA,FALSE,NA,"A","none","ar6","top_33pct",0.333333333333333
"REMIND-MAgPIE 1.7-3.0","EMF33-well-below-2°C-limbio","C3","2C (Medium-Ambition)",0,NA,"Low (both)",NA,FALSE,NA,"A","none","ar6","top_33pct",0.333333333333333
"REMIND-MAgPIE 1.7-3.0","EMF33-well-below-2°C-nobeccs","C3","2C (Medium-Ambition)",0,NA,"Low (both)",NA,FALSE,NA,"A","none","ar6","top_33pct",0.333333333333333
"REMIND-MAgPIE 1.7-3.0","EMF33-well-below-2°C-nofuel","C3","2C (Medium-Ambition)",0,NA,"Low (both)",NA,FALSE,NA,"A","none","ar6","top_33pct",0.333333333333333
"REMIND-MAgPIE 1.7-3.0","EMF33-well-below-2°C-none","C3","2C (Medium-Ambition)",0,NA,"Low (both)",NA,FALSE,NA,"A","none","ar6","top_33pct",0.333333333333333
"REMIND-MAgPIE 1.7-3.0","PEP-1.5°C-Full-CDR-Cost-Effective","C1","1.5C (High-Ambition)",428976.51385,4164148.851,"High-RE only","High-RE",FALSE,TRUE,"A","none","ar6","top_33pct",0.333333333333333
"REMIND-MAgPIE 1.7-3.0","PEP-1.5°C-Full-CDR-Good-Practice","C2","1.5C (High-Ambition)",438670.57055,4319151.67935,"High-RE only","High-RE",FALSE,TRUE,"A","none","ar6","top_33pct",0.333333333333333
"REMIND-MAgPIE 1.7-3.0","PEP-1.5°C-Full-CDR-NDC","C2","1.5C (High-Ambition)",474436.051,4405532.8742,"High-RE only","High-RE",FALSE,TRUE,"A","none","ar6","top_33pct",0.333333333333333
"REMIND-MAgPIE 1.7-3.0","PEP-1.5°C-Full-CDR-NetZero","C2","1.5C (High-Ambition)",457963.3029,4206918.0055,"High-RE only","High-RE",FALSE,TRUE,"A","none","ar6","top_33pct",0.333333333333333
"REMIND-MAgPIE 1.7-3.0","PEP-1.5°C-Reduced-CDR-Cost-Effective","C1","1.5C (High-Ambition)",261094.3737,5041833.87775,"High-RE only","High-RE",FALSE,TRUE,"A","none","ar6","top_33pct",0.333333333333333
"REMIND-MAgPIE 1.7-3.0","PEP-2°C-Full-CDR-Cost-Effective","C2","1.5C (High-Ambition)",374744.20175,4046357.45175,"High-RE only","High-RE",FALSE,TRUE,"A","none","ar6","top_33pct",0.333333333333333
"REMIND-MAgPIE 1.7-3.0","PEP-2°C-Full-CDR-Good-Practice","C2","1.5C (High-Ambition)",378934.99725,3890105.2622,"High-RE only","High-RE",FALSE,TRUE,"A","none","ar6","top_33pct",0.333333333333333
"REMIND-MAgPIE 1.7-3.0","PEP-2°C-Full-CDR-NDC","C2","1.5C (High-Ambition)",372201.62075,3998001.56015,"High-RE only","High-RE",FALSE,TRUE,"A","none","ar6","top_33pct",0.333333333333333
"REMIND-MAgPIE 1.7-3.0","PEP-2°C-Full-CDR-NetZero","C2","1.5C (High-Ambition)",407013.7187,3862874.5537,"High-RE only","High-RE",FALSE,TRUE,"A","none","ar6","top_33pct",0.333333333333333
"REMIND-MAgPIE 1.7-3.0","PEP-2°C-Reduced-CDR-Cost-Effective","C1","1.5C (High-Ambition)",259219.615,4557615.72095,"High-RE only","High-RE",FALSE,TRUE,"A","none","ar6","top_33pct",0.333333333333333
"REMIND-MAgPIE 1.7-3.0","PEP-2°C-Reduced-CDR-Good-Practice","C2","1.5C (High-Ambition)",229449.3781,4575827.82655,"High-RE only","High-RE",FALSE,TRUE,"A","none","ar6","top_33pct",0.333333333333333
"REMIND-MAgPIE 1.7-3.0","PEP-2°C-Reduced-CDR-NDC","C2","1.5C (High-Ambition)",240876.7101,4706719.80375,"High-RE only","High-RE",FALSE,TRUE,"A","none","ar6","top_33pct",0.333333333333333
"REMIND-MAgPIE 1.7-3.0","PEP-2°C-Reduced-CDR-NetZero","C2","1.5C (High-Ambition)",246226.14605,4492568.42415,"High-RE only","High-RE",FALSE,TRUE,"A","none","ar6","top_33pct",0.333333333333333
"REMIND-MAgPIE 1.7-3.0","PEP-Good-Practice","C4","2C (Medium-Ambition)",295743.71065,2991434.80855,"High-RE only","High-RE",FALSE,TRUE,"A","none","ar6","top_33pct",0.333333333333333
"REMIND-MAgPIE 1.7-3.0","PEP-NDC","C4","2C (Medium-Ambition)",173482.4962,2939314.8779,"High-RE only","High-RE",FALSE,TRUE,"A","none","ar6","top_33pct",0.333333333333333
"REMIND-MAgPIE 1.7-3.0","PEP-NPi","C4","2C (Medium-Ambition)",33726.54985,2713307.73595,"High-RE only","High-RE",FALSE,TRUE,"A","none","ar6","top_33pct",0.333333333333333
"REMIND-MAgPIE 1.7-3.0","PEP-NetZero","C3","2C (Medium-Ambition)",349582.3202,3134777.8313,"High-RE only","High-RE",FALSE,TRUE,"A","none","ar6","top_33pct",0.333333333333333
"REMIND-MAgPIE 1.7-3.0","PEP-NoPolicy","C4","2C (Medium-Ambition)",1812.72515,2668248.0555,"High-RE only","High-RE",FALSE,TRUE,"A","none","ar6","top_33pct",0.333333333333333
"REMIND-MAgPIE 1.7-3.0","SMP-2°C-Lifestyle","C1","1.5C (High-Ambition)",0,NA,"Low (both)",NA,FALSE,NA,"A","none","ar6","top_33pct",0.333333333333333
"REMIND-MAgPIE 1.7-3.0","SMP-Reference-Default","C4","2C (Medium-Ambition)",0,NA,"Low (both)",NA,FALSE,NA,"A","none","ar6","top_33pct",0.333333333333333
"REMIND-MAgPIE 1.7-3.0","SMP-Reference-Sustainable","C4","2C (Medium-Ambition)",0,NA,"Low (both)",NA,FALSE,NA,"A","none","ar6","top_33pct",0.333333333333333
"REMIND-MAgPIE 2.0-4.1","Diff-1300Gt-hybrid-def","C3","2C (Medium-Ambition)",153553.90975,3498942.58575,"High-RE only","High-RE",FALSE,TRUE,"A","none","ar6","top_33pct",0.333333333333333
"REMIND-MAgPIE 2.0-4.1","Diff-1300Gt-no-transfer-def","C3","2C (Medium-Ambition)",154734.2441,3420091.6899,"High-RE only","High-RE",FALSE,TRUE,"A","none","ar6","top_33pct",0.333333333333333
"REMIND-MAgPIE 2.0-4.1","Diff-1300Gt-uniform-pricing-def","C3","2C (Medium-Ambition)",151135.54015,3510492.4621,"High-RE only","High-RE",FALSE,TRUE,"A","none","ar6","top_33pct",0.333333333333333
"REMIND-MAgPIE 2.1-4.2","CEMICS-SSP1-1.5°C-fullCDR","C1","1.5C (High-Ambition)",227649.0804,2676698.1991,"Low (both)",NA,FALSE,FALSE,"A","none","ar6","top_33pct",0.333333333333333
"REMIND-MAgPIE 2.1-4.2","CEMICS-SSP1-1.5°C-minCDR","C1","1.5C (High-Ambition)",105598.8573,3223243.08855,"High-RE only","High-RE",FALSE,TRUE,"A","none","ar6","top_33pct",0.333333333333333
"REMIND-MAgPIE 2.1-4.2","CEMICS-SSP1-Npi","C4","2C (Medium-Ambition)",6596.69175,1416082.1746,"Low (both)",NA,FALSE,FALSE,"A","none","ar6","top_33pct",0.333333333333333
"REMIND-MAgPIE 2.1-4.2","CEMICS-SSP2-1.5°C-fullCDR","C1","1.5C (High-Ambition)",363328.8587,3887437.54335,"High-RE only","High-RE",FALSE,TRUE,"A","none","ar6","top_33pct",0.333333333333333
"REMIND-MAgPIE 2.1-4.2","CEMICS-SSP2-1.5°C-minCDR","C1","1.5C (High-Ambition)",115381.2259,4861012.2273,"High-RE only","High-RE",FALSE,TRUE,"A","none","ar6","top_33pct",0.333333333333333
"REMIND-MAgPIE 2.1-4.2","CEMICS-SSP2-2.0°C-fullCDR","C3","2C (Medium-Ambition)",220167.2727,3654625.2525,"High-RE only","High-RE",FALSE,TRUE,"A","none","ar6","top_33pct",0.333333333333333
"REMIND-MAgPIE 2.1-4.2","CEMICS-SSP2-2.0°C-minCDR","C3","2C (Medium-Ambition)",128786.37425,4329730.7657,"High-RE only","High-RE",FALSE,TRUE,"A","none","ar6","top_33pct",0.333333333333333
"REMIND-MAgPIE 2.1-4.2","CEMICS-SSP2-Npi","C4","2C (Medium-Ambition)",13946.09355,2245729.3091,"High-RE only","High-RE",FALSE,TRUE,"A","none","ar6","top_33pct",0.333333333333333
"REMIND-MAgPIE 2.1-4.2","ENGAGE-INDCi2030-1000","C3","2C (Medium-Ambition)",80746.568,3891109.4969,"High-RE only","High-RE",FALSE,TRUE,"A","none","ar6","top_33pct",0.333333333333333
"REMIND-MAgPIE 2.1-4.2","ENGAGE-INDCi2030-1000-COV","C3","2C (Medium-Ambition)",68896.999,3210185.22455,"High-RE only","High-RE",FALSE,TRUE,"A","none","ar6","top_33pct",0.333333333333333
"REMIND-MAgPIE 2.1-4.2","ENGAGE-INDCi2030-1000-COV-NDCp","C3","2C (Medium-Ambition)",69748.7675,3212686.48955,"High-RE only","High-RE",FALSE,TRUE,"A","none","ar6","top_33pct",0.333333333333333
"REMIND-MAgPIE 2.1-4.2","ENGAGE-INDCi2030-1000-NDCp","C3","2C (Medium-Ambition)",98967.3961,3882676.5376,"High-RE only","High-RE",FALSE,TRUE,"A","none","ar6","top_33pct",0.333333333333333
"REMIND-MAgPIE 2.1-4.2","ENGAGE-INDCi2030-1000f","C3","2C (Medium-Ambition)",76796.72565,3911661.24045,"High-RE only","High-RE",FALSE,TRUE,"A","none","ar6","top_33pct",0.333333333333333
"REMIND-MAgPIE 2.1-4.2","ENGAGE-INDCi2030-1000f-COV","C3","2C (Medium-Ambition)",68719.91925,3225743.59885,"High-RE only","High-RE",FALSE,TRUE,"A","none","ar6","top_33pct",0.333333333333333
"REMIND-MAgPIE 2.1-4.2","ENGAGE-INDCi2030-1000f-COV-NDCp","C3","2C (Medium-Ambition)",69458.0232,3229648.85945,"High-RE only","High-RE",FALSE,TRUE,"A","none","ar6","top_33pct",0.333333333333333
"REMIND-MAgPIE 2.1-4.2","ENGAGE-INDCi2030-1000f-NDCp","C3","2C (Medium-Ambition)",78506.17235,3910301.23525,"High-RE only","High-RE",FALSE,TRUE,"A","none","ar6","top_33pct",0.333333333333333
"REMIND-MAgPIE 2.1-4.2","ENGAGE-INDCi2030-1200","C3","2C (Medium-Ambition)",69347.5861,3643706.815,"High-RE only","High-RE",FALSE,TRUE,"A","none","ar6","top_33pct",0.333333333333333
"REMIND-MAgPIE 2.1-4.2","ENGAGE-INDCi2030-1200f","C3","2C (Medium-Ambition)",69365.55545,3635069.8848,"High-RE only","High-RE",FALSE,TRUE,"A","none","ar6","top_33pct",0.333333333333333
"REMIND-MAgPIE 2.1-4.2","ENGAGE-INDCi2030-1400","C4","2C (Medium-Ambition)",67230.71685,3443101.6212,"High-RE only","High-RE",FALSE,TRUE,"A","none","ar6","top_33pct",0.333333333333333
"REMIND-MAgPIE 2.1-4.2","ENGAGE-INDCi2030-1400f","C4","2C (Medium-Ambition)",67230.71685,3443101.6212,"High-RE only","High-RE",FALSE,TRUE,"A","none","ar6","top_33pct",0.333333333333333
"REMIND-MAgPIE 2.1-4.2","ENGAGE-INDCi2030-1600","C3","2C (Medium-Ambition)",58776.51655,3308108.14965,"High-RE only","High-RE",FALSE,TRUE,"A","none","ar6","top_33pct",0.333333333333333
"REMIND-MAgPIE 2.1-4.2","ENGAGE-INDCi2030-1600f","C3","2C (Medium-Ambition)",58776.51655,3308108.14965,"High-RE only","High-RE",FALSE,TRUE,"A","none","ar6","top_33pct",0.333333333333333
"REMIND-MAgPIE 2.1-4.2","ENGAGE-INDCi2030-1800","C3","2C (Medium-Ambition)",60442.4934,3196045.52085,"High-RE only","High-RE",FALSE,TRUE,"A","none","ar6","top_33pct",0.333333333333333
"REMIND-MAgPIE 2.1-4.2","ENGAGE-INDCi2030-1800f","C3","2C (Medium-Ambition)",60442.4934,3196045.52085,"High-RE only","High-RE",FALSE,TRUE,"A","none","ar6","top_33pct",0.333333333333333
"REMIND-MAgPIE 2.1-4.2","ENGAGE-INDCi2030-2000","C3","2C (Medium-Ambition)",41314.69205,3128220.9079,"High-RE only","High-RE",FALSE,TRUE,"A","none","ar6","top_33pct",0.333333333333333
"REMIND-MAgPIE 2.1-4.2","ENGAGE-INDCi2030-2000f","C3","2C (Medium-Ambition)",40948.7361,3101944.93625,"High-RE only","High-RE",FALSE,TRUE,"A","none","ar6","top_33pct",0.333333333333333
"REMIND-MAgPIE 2.1-4.2","ENGAGE-INDCi2030-2500","C4","2C (Medium-Ambition)",21959.95505,2943615.04855,"High-RE only","High-RE",FALSE,TRUE,"A","none","ar6","top_33pct",0.333333333333333
"REMIND-MAgPIE 2.1-4.2","ENGAGE-INDCi2030-2500f","C4","2C (Medium-Ambition)",21876.61055,2943556.1241,"High-RE only","High-RE",FALSE,TRUE,"A","none","ar6","top_33pct",0.333333333333333
"REMIND-MAgPIE 2.1-4.2","ENGAGE-INDCi2030-3000","C4","2C (Medium-Ambition)",19271.34015,2793419.53945,"High-RE only","High-RE",FALSE,TRUE,"A","none","ar6","top_33pct",0.333333333333333
"REMIND-MAgPIE 2.1-4.2","ENGAGE-INDCi2030-3000f","C4","2C (Medium-Ambition)",19274.10915,2796155.00105,"High-RE only","High-RE",FALSE,TRUE,"A","none","ar6","top_33pct",0.333333333333333
"REMIND-MAgPIE 2.1-4.2","ENGAGE-INDCi2030-300f","C2","1.5C (High-Ambition)",135930.2712,5182761.06875,"High-RE only","High-RE",FALSE,TRUE,"A","none","ar6","top_33pct",0.333333333333333
"REMIND-MAgPIE 2.1-4.2","ENGAGE-INDCi2030-400f","C2","1.5C (High-Ambition)",142690.4613,4995201.4422,"High-RE only","High-RE",FALSE,TRUE,"A","none","ar6","top_33pct",0.333333333333333
"REMIND-MAgPIE 2.1-4.2","ENGAGE-INDCi2030-500f","C2","1.5C (High-Ambition)",143014.2959,4759294.25585,"High-RE only","High-RE",FALSE,TRUE,"A","none","ar6","top_33pct",0.333333333333333
"REMIND-MAgPIE 2.1-4.2","ENGAGE-INDCi2030-600-COV","C2","1.5C (High-Ambition)",49200.46605,3270959.9096,"High-RE only","High-RE",FALSE,TRUE,"A","none","ar6","top_33pct",0.333333333333333
"REMIND-MAgPIE 2.1-4.2","ENGAGE-INDCi2030-600-COV-NDCp","C2","1.5C (High-Ambition)",48774.2442,3276397.3707,"High-RE only","High-RE",FALSE,TRUE,"A","none","ar6","top_33pct",0.333333333333333
"REMIND-MAgPIE 2.1-4.2","ENGAGE-INDCi2030-600f","C2","1.5C (High-Ambition)",134157.30255,4546508.51535,"High-RE only","High-RE",FALSE,TRUE,"A","none","ar6","top_33pct",0.333333333333333
"REMIND-MAgPIE 2.1-4.2","ENGAGE-INDCi2030-600f-COV","C2","1.5C (High-Ambition)",54297.32275,3591838.40465,"High-RE only","High-RE",FALSE,TRUE,"A","none","ar6","top_33pct",0.333333333333333
"REMIND-MAgPIE 2.1-4.2","ENGAGE-INDCi2030-600f-COV-NDCp","C2","1.5C (High-Ambition)",55530.64445,3584711.99305,"High-RE only","High-RE",FALSE,TRUE,"A","none","ar6","top_33pct",0.333333333333333
"REMIND-MAgPIE 2.1-4.2","ENGAGE-INDCi2030-600f-NDCp","C2","1.5C (High-Ambition)",123469.267,4554049.62585,"High-RE only","High-RE",FALSE,TRUE,"A","none","ar6","top_33pct",0.333333333333333
"REMIND-MAgPIE 2.1-4.2","ENGAGE-INDCi2030-700","C3","2C (Medium-Ambition)",167250.51855,3892679.2101,"High-RE only","High-RE",FALSE,TRUE,"A","none","ar6","top_33pct",0.333333333333333
"REMIND-MAgPIE 2.1-4.2","ENGAGE-INDCi2030-700f","C3","2C (Medium-Ambition)",100095.49105,4361635.22315,"High-RE only","High-RE",FALSE,TRUE,"A","none","ar6","top_33pct",0.333333333333333
"REMIND-MAgPIE 2.1-4.2","ENGAGE-INDCi2030-800","C3","2C (Medium-Ambition)",160090.873,3878984.2462,"High-RE only","High-RE",FALSE,TRUE,"A","none","ar6","top_33pct",0.333333333333333
"REMIND-MAgPIE 2.1-4.2","ENGAGE-INDCi2030-800f","C3","2C (Medium-Ambition)",103305.78885,4213785.10875,"High-RE only","High-RE",FALSE,TRUE,"A","none","ar6","top_33pct",0.333333333333333
"REMIND-MAgPIE 2.1-4.2","ENGAGE-INDCi2030-900","C3","2C (Medium-Ambition)",108297.0018,3928474.4414,"High-RE only","High-RE",FALSE,TRUE,"A","none","ar6","top_33pct",0.333333333333333
"REMIND-MAgPIE 2.1-4.2","ENGAGE-INDCi2030-900f","C3","2C (Medium-Ambition)",100417.6107,4037286.5794,"High-RE only","High-RE",FALSE,TRUE,"A","none","ar6","top_33pct",0.333333333333333
"REMIND-MAgPIE 2.1-4.2","ENGAGE-INDCi2100","C3","2C (Medium-Ambition)",58946.3666,3122375.9405,"High-RE only","High-RE",FALSE,TRUE,"A","none","ar6","top_33pct",0.333333333333333
"REMIND-MAgPIE 2.1-4.2","ENGAGE-INDCi2100-COV","C3","2C (Medium-Ambition)",55549.619,2792794.9575,"High-RE only","High-RE",FALSE,TRUE,"A","none","ar6","top_33pct",0.333333333333333
"REMIND-MAgPIE 2.1-4.2","ENGAGE-INDCi2100-COV-NDCp","C3","2C (Medium-Ambition)",55434.21805,2791747.97885,"High-RE only","High-RE",FALSE,TRUE,"A","none","ar6","top_33pct",0.333333333333333
"REMIND-MAgPIE 2.1-4.2","ENGAGE-INDCi2100-NDCp","C3","2C (Medium-Ambition)",58080.8749,3128803.5946,"High-RE only","High-RE",FALSE,TRUE,"A","none","ar6","top_33pct",0.333333333333333
"REMIND-MAgPIE 2.1-4.2","ENGAGE-NPi2020-1000","C3","2C (Medium-Ambition)",67025.4068,3763467.70405,"High-RE only","High-RE",FALSE,TRUE,"A","none","ar6","top_33pct",0.333333333333333
"REMIND-MAgPIE 2.1-4.2","ENGAGE-NPi2020-1000-COV","C3","2C (Medium-Ambition)",68793.3351,3185223.1745,"High-RE only","High-RE",FALSE,TRUE,"A","none","ar6","top_33pct",0.333333333333333
"REMIND-MAgPIE 2.1-4.2","ENGAGE-NPi2020-1000f","C3","2C (Medium-Ambition)",65631.02855,3754210.00115,"High-RE only","High-RE",FALSE,TRUE,"A","none","ar6","top_33pct",0.333333333333333
"REMIND-MAgPIE 2.1-4.2","ENGAGE-NPi2020-1000f-COV","C3","2C (Medium-Ambition)",69520.9947,3185796.18445,"High-RE only","High-RE",FALSE,TRUE,"A","none","ar6","top_33pct",0.333333333333333
"REMIND-MAgPIE 2.1-4.2","ENGAGE-NPi2020-1200","C3","2C (Medium-Ambition)",69334.0041,3578929.91245,"High-RE only","High-RE",FALSE,TRUE,"A","none","ar6","top_33pct",0.333333333333333
"REMIND-MAgPIE 2.1-4.2","ENGAGE-NPi2020-1200f","C3","2C (Medium-Ambition)",70415.2906,3556471.9426,"High-RE only","High-RE",FALSE,TRUE,"A","none","ar6","top_33pct",0.333333333333333
"REMIND-MAgPIE 2.1-4.2","ENGAGE-NPi2020-1400","C4","2C (Medium-Ambition)",63091.9426,3406100.50545,"High-RE only","High-RE",FALSE,TRUE,"A","none","ar6","top_33pct",0.333333333333333
"REMIND-MAgPIE 2.1-4.2","ENGAGE-NPi2020-1400f","C4","2C (Medium-Ambition)",63091.9426,3406100.50545,"High-RE only","High-RE",FALSE,TRUE,"A","none","ar6","top_33pct",0.333333333333333
"REMIND-MAgPIE 2.1-4.2","ENGAGE-NPi2020-1600","C4","2C (Medium-Ambition)",61093.56595,3285562.0294,"High-RE only","High-RE",FALSE,TRUE,"A","none","ar6","top_33pct",0.333333333333333
"REMIND-MAgPIE 2.1-4.2","ENGAGE-NPi2020-1600f","C4","2C (Medium-Ambition)",61093.56595,3285562.0294,"High-RE only","High-RE",FALSE,TRUE,"A","none","ar6","top_33pct",0.333333333333333
"REMIND-MAgPIE 2.1-4.2","ENGAGE-NPi2020-1800","C3","2C (Medium-Ambition)",51773.53085,3211094.34275,"High-RE only","High-RE",FALSE,TRUE,"A","none","ar6","top_33pct",0.333333333333333
"REMIND-MAgPIE 2.1-4.2","ENGAGE-NPi2020-1800f","C3","2C (Medium-Ambition)",51921.26865,3187313.99535,"High-RE only","High-RE",FALSE,TRUE,"A","none","ar6","top_33pct",0.333333333333333
"REMIND-MAgPIE 2.1-4.2","ENGAGE-NPi2020-2000","C3","2C (Medium-Ambition)",41707.1543,3124358.03635,"High-RE only","High-RE",FALSE,TRUE,"A","none","ar6","top_33pct",0.333333333333333
"REMIND-MAgPIE 2.1-4.2","ENGAGE-NPi2020-2000f","C3","2C (Medium-Ambition)",42344.55695,3096375.6104,"High-RE only","High-RE",FALSE,TRUE,"A","none","ar6","top_33pct",0.333333333333333
"REMIND-MAgPIE 2.1-4.2","ENGAGE-NPi2020-200f","C1","1.5C (High-Ambition)",41749.71055,5149701.63425,"High-RE only","High-RE",FALSE,TRUE,"A","none","ar6","top_33pct",0.333333333333333
"REMIND-MAgPIE 2.1-4.2","ENGAGE-NPi2020-2500","C4","2C (Medium-Ambition)",23711.40475,2942538.14195,"High-RE only","High-RE",FALSE,TRUE,"A","none","ar6","top_33pct",0.333333333333333
"REMIND-MAgPIE 2.1-4.2","ENGAGE-NPi2020-2500f","C4","2C (Medium-Ambition)",23728.50865,2942429.72985,"High-RE only","High-RE",FALSE,TRUE,"A","none","ar6","top_33pct",0.333333333333333
"REMIND-MAgPIE 2.1-4.2","ENGAGE-NPi2020-3000","C4","2C (Medium-Ambition)",20066.06745,2788592.49495,"High-RE only","High-RE",FALSE,TRUE,"A","none","ar6","top_33pct",0.333333333333333
"REMIND-MAgPIE 2.1-4.2","ENGAGE-NPi2020-3000f","C4","2C (Medium-Ambition)",20066.06745,2792025.45235,"High-RE only","High-RE",FALSE,TRUE,"A","none","ar6","top_33pct",0.333333333333333
"REMIND-MAgPIE 2.1-4.2","ENGAGE-NPi2020-300f","C1","1.5C (High-Ambition)",42829.8003,4912243.90675,"High-RE only","High-RE",FALSE,TRUE,"A","none","ar6","top_33pct",0.333333333333333
"REMIND-MAgPIE 2.1-4.2","ENGAGE-NPi2020-400","C1","1.5C (High-Ambition)",38091.7369,4230309.2747,"High-RE only","High-RE",FALSE,TRUE,"A","none","ar6","top_33pct",0.333333333333333
"REMIND-MAgPIE 2.1-4.2","ENGAGE-NPi2020-400f","C1","1.5C (High-Ambition)",46440.6219,4721463.99795,"High-RE only","High-RE",FALSE,TRUE,"A","none","ar6","top_33pct",0.333333333333333
"REMIND-MAgPIE 2.1-4.2","ENGAGE-NPi2020-500","C1","1.5C (High-Ambition)",56760.8695,4144416.7934,"High-RE only","High-RE",FALSE,TRUE,"A","none","ar6","top_33pct",0.333333333333333
"REMIND-MAgPIE 2.1-4.2","ENGAGE-NPi2020-500f","C2","1.5C (High-Ambition)",45374.8198,4502891.6732,"High-RE only","High-RE",FALSE,TRUE,"A","none","ar6","top_33pct",0.333333333333333
"REMIND-MAgPIE 2.1-4.2","ENGAGE-NPi2020-600","C1","1.5C (High-Ambition)",65941.7051,4099810.5677,"High-RE only","High-RE",FALSE,TRUE,"A","none","ar6","top_33pct",0.333333333333333
"REMIND-MAgPIE 2.1-4.2","ENGAGE-NPi2020-600-COV","C1","1.5C (High-Ambition)",74385.04445,3335635.3544,"High-RE only","High-RE",FALSE,TRUE,"A","none","ar6","top_33pct",0.333333333333333
"REMIND-MAgPIE 2.1-4.2","ENGAGE-NPi2020-600f","C2","1.5C (High-Ambition)",47733.88965,4337471.0516,"High-RE only","High-RE",FALSE,TRUE,"A","none","ar6","top_33pct",0.333333333333333
"REMIND-MAgPIE 2.1-4.2","ENGAGE-NPi2020-600f-COV","C1","1.5C (High-Ambition)",63814.30965,3462890.8636,"High-RE only","High-RE",FALSE,TRUE,"A","none","ar6","top_33pct",0.333333333333333
"REMIND-MAgPIE 2.1-4.2","ENGAGE-NPi2020-700","C3","2C (Medium-Ambition)",65916.9245,4043209.69225,"High-RE only","High-RE",FALSE,TRUE,"A","none","ar6","top_33pct",0.333333333333333
"REMIND-MAgPIE 2.1-4.2","ENGAGE-NPi2020-700f","C3","2C (Medium-Ambition)",57870.28495,4161810.83735,"High-RE only","High-RE",FALSE,TRUE,"A","none","ar6","top_33pct",0.333333333333333
"REMIND-MAgPIE 2.1-4.2","ENGAGE-NPi2020-800","C3","2C (Medium-Ambition)",63047.8804,3985746.82425,"High-RE only","High-RE",FALSE,TRUE,"A","none","ar6","top_33pct",0.333333333333333
"REMIND-MAgPIE 2.1-4.2","ENGAGE-NPi2020-800f","C3","2C (Medium-Ambition)",61104.7663,4025886.15845,"High-RE only","High-RE",FALSE,TRUE,"A","none","ar6","top_33pct",0.333333333333333
"REMIND-MAgPIE 2.1-4.2","ENGAGE-NPi2020-900","C3","2C (Medium-Ambition)",63478.9237,3896829.923,"High-RE only","High-RE",FALSE,TRUE,"A","none","ar6","top_33pct",0.333333333333333
"REMIND-MAgPIE 2.1-4.2","ENGAGE-NPi2020-900f","C3","2C (Medium-Ambition)",63489.38635,3897583.0498,"High-RE only","High-RE",FALSE,TRUE,"A","none","ar6","top_33pct",0.333333333333333
"REMIND-MAgPIE 2.1-4.2","ENGAGE-NPi2100","C4","2C (Medium-Ambition)",5961.6242,2353505.9292,"High-RE only","High-RE",FALSE,TRUE,"A","none","ar6","top_33pct",0.333333333333333
"REMIND-MAgPIE 2.1-4.2","ENGAGE-NPi2100-COV","C4","2C (Medium-Ambition)",5961.6242,2091151.54155,"High-RE only","High-RE",FALSE,TRUE,"A","none","ar6","top_33pct",0.333333333333333
"REMIND-MAgPIE 2.1-4.2","ENGAGE-NoPolicy","C4","2C (Medium-Ambition)",5961.6242,2262176.39415,"High-RE only","High-RE",FALSE,TRUE,"A","none","ar6","top_33pct",0.333333333333333
"REMIND-MAgPIE 2.1-4.2","NGFS Phase 2-Below 2°C","C3","2C (Medium-Ambition)",191363.56995,2201660.13765,"High-RE only","High-RE",FALSE,TRUE,"A","none","ar6","top_33pct",0.333333333333333
"REMIND-MAgPIE 2.1-4.2","NGFS Phase 2-Below 2°C [IPD 95th]","C3","2C (Medium-Ambition)",55298.1721,2096024.13485,"High-RE only","High-RE",FALSE,TRUE,"A","none","ar6","top_33pct",0.333333333333333
"REMIND-MAgPIE 2.1-4.2","NGFS Phase 2-Below 2°C [IPD Median]","C3","2C (Medium-Ambition)",54672.3098,2136687.1352,"High-RE only","High-RE",FALSE,TRUE,"A","none","ar6","top_33pct",0.333333333333333
"REMIND-MAgPIE 2.1-4.2","NGFS Phase 2-Current Policies","C4","2C (Medium-Ambition)",6647.2754,1552100.76295,"Low (both)",NA,FALSE,FALSE,"A","none","ar6","top_33pct",0.333333333333333
"REMIND-MAgPIE 2.1-4.2","NGFS Phase 2-Delayed Transition","C3","2C (Medium-Ambition)",182463.6916,2516049.7144,"High-RE only","High-RE",FALSE,TRUE,"A","none","ar6","top_33pct",0.333333333333333
"REMIND-MAgPIE 2.1-4.2","NGFS Phase 2-Divergent Net Zero Policies","C1","1.5C (High-Ambition)",160888.7994,2407730.45715,"Low (both)",NA,FALSE,FALSE,"A","none","ar6","top_33pct",0.333333333333333
"REMIND-MAgPIE 2.1-4.2","NGFS Phase 2-Nationally Determined Contributions (NDCs)","C3","2C (Medium-Ambition)",131680.45455,1997293.80445,"High-RE only","High-RE",FALSE,TRUE,"A","none","ar6","top_33pct",0.333333333333333
"REMIND-MAgPIE 2.1-4.2","NGFS Phase 2-Net-Zero 2050","C1","1.5C (High-Ambition)",210928.98655,2329381.8709,"Low (both)",NA,FALSE,FALSE,"A","none","ar6","top_33pct",0.333333333333333
"REMIND-MAgPIE 2.1-4.2","NGFS Phase 2-Net-Zero 2050 [IPD 95th]","C1","1.5C (High-Ambition)",57253.35325,2231404.241,"Low (both)",NA,FALSE,FALSE,"A","none","ar6","top_33pct",0.333333333333333
"REMIND-MAgPIE 2.1-4.2","NGFS Phase 2-Net-Zero 2050 [IPD Median]","C1","1.5C (High-Ambition)",58127.37375,2279449.3256,"Low (both)",NA,FALSE,FALSE,"A","none","ar6","top_33pct",0.333333333333333
"REMIND-MAgPIE 2.1-4.2","SusDev-SDP-1000","C1","1.5C (High-Ambition)",149816.87955,2257649.67165,"Low (both)",NA,FALSE,FALSE,"A","none","ar6","top_33pct",0.333333333333333
"REMIND-MAgPIE 2.1-4.2","SusDev-SDP-NPi","C3","2C (Medium-Ambition)",5739.4198,1438777.87765,"Low (both)",NA,FALSE,FALSE,"A","none","ar6","top_33pct",0.333333333333333
"REMIND-MAgPIE 2.1-4.2","SusDev-SSP1-900","C1","1.5C (High-Ambition)",144684.43205,2726898.189,"Low (both)",NA,FALSE,FALSE,"A","none","ar6","top_33pct",0.333333333333333
"REMIND-MAgPIE 2.1-4.2","SusDev-SSP1-NDC","C3","2C (Medium-Ambition)",86212.6657,2030728.5437,"High-RE only","High-RE",FALSE,TRUE,"A","none","ar6","top_33pct",0.333333333333333
"REMIND-MAgPIE 2.1-4.2","SusDev-SSP1-NPi","C3","2C (Medium-Ambition)",5737.8915,1566809.842,"Low (both)",NA,FALSE,FALSE,"A","none","ar6","top_33pct",0.333333333333333
"REMIND-MAgPIE 2.1-4.2","SusDev-SSP2-900","C1","1.5C (High-Ambition)",193433.84625,3994265.7375,"High-RE only","High-RE",FALSE,TRUE,"A","none","ar6","top_33pct",0.333333333333333
"REMIND-MAgPIE 2.1-4.2","SusDev-SSP2-NDC","C3","2C (Medium-Ambition)",186669.6934,3107649.44165,"High-RE only","High-RE",FALSE,TRUE,"A","none","ar6","top_33pct",0.333333333333333
"REMIND-MAgPIE 2.1-4.2","SusDev-SSP2-NPi","C4","2C (Medium-Ambition)",9167.75685,2347706.9568,"High-RE only","High-RE",FALSE,TRUE,"A","none","ar6","top_33pct",0.333333333333333
"REMIND-MAgPIE 2.1-4.3","DeepElectrification-SSP2-Baseline","C4","2C (Medium-Ambition)",34499.76215,1801779.85165,"Low (both)",NA,FALSE,FALSE,"A","none","ar6","top_33pct",0.333333333333333
"REMIND-MAgPIE 2.1-4.3","DeepElectrification-SSP2-Default-1100","C2","1.5C (High-Ambition)",159731.6193,2527521.07935,"Low (both)",NA,FALSE,FALSE,"A","none","ar6","top_33pct",0.333333333333333
"REMIND-MAgPIE 2.1-4.3","DeepElectrification-SSP2-Default-1300","C3","2C (Medium-Ambition)",172998.1851,2476820.4596,"High-RE only","High-RE",FALSE,TRUE,"A","none","ar6","top_33pct",0.333333333333333
"REMIND-MAgPIE 2.1-4.3","DeepElectrification-SSP2-Default-900","C1","1.5C (High-Ambition)",164640.7454,2627437.18625,"Low (both)",NA,FALSE,FALSE,"A","none","ar6","top_33pct",0.333333333333333
"REMIND-MAgPIE 2.1-4.3","DeepElectrification-SSP2-HighRenewables-1100","C3","2C (Medium-Ambition)",104148.63475,4112955.8236,"High-RE only","High-RE",FALSE,TRUE,"A","none","ar6","top_33pct",0.333333333333333
"REMIND-MAgPIE 2.1-4.3","DeepElectrification-SSP2-HighRenewables-1300","C3","2C (Medium-Ambition)",133646.25975,3923671.97765,"High-RE only","High-RE",FALSE,TRUE,"A","none","ar6","top_33pct",0.333333333333333
"REMIND-MAgPIE 2.1-4.3","DeepElectrification-SSP2-HighRenewables-900","C1","1.5C (High-Ambition)",374306.80675,4335725.46135,"High-RE only","High-RE",FALSE,TRUE,"A","none","ar6","top_33pct",0.333333333333333
"REMIND-MAgPIE 2.1-4.3","DeepElectrification-SSP2-NPi","C4","2C (Medium-Ambition)",359253.23625,1846751.32765,"Low (both)",NA,FALSE,FALSE,"A","none","ar6","top_33pct",0.333333333333333
"REMIND-MAgPIE 3.2-4.6","SHAPE-SDP-EI-1.5°C","C1","1.5C (High-Ambition)",678090.68835,3189040.5392,"Both High",NA,FALSE,FALSE,"A","none","ar6","top_33pct",0.333333333333333
"REMIND-MAgPIE 3.2-4.6","SHAPE-SDP-EI-1.5°C [with Climate Change Impacts]","C1","1.5C (High-Ambition)",680931.3118,3189093.79755,"Both High",NA,FALSE,FALSE,"A","none","ar6","top_33pct",0.333333333333333
"REMIND-MAgPIE 3.2-4.6","SHAPE-SDP-MC-1.5°C","C1","1.5C (High-Ambition)",378448.6425,2011626.8194,"Low (both)",NA,FALSE,FALSE,"A","none","ar6","top_33pct",0.333333333333333
"REMIND-MAgPIE 3.2-4.6","SHAPE-SDP-MC-1.5°C [with Climate Change Impacts]","C1","1.5C (High-Ambition)",387840.1042,2004473.9234,"Low (both)",NA,FALSE,FALSE,"A","none","ar6","top_33pct",0.333333333333333
"REMIND-MAgPIE 3.2-4.6","SHAPE-SDP-RC-1.5°C","C1","1.5C (High-Ambition)",264402.4053,1954705.02735,"Low (both)",NA,FALSE,FALSE,"A","none","ar6","top_33pct",0.333333333333333
"REMIND-MAgPIE 3.2-4.6","SHAPE-SDP-RC-1.5°C [with Climate Change Impacts]","C1","1.5C (High-Ambition)",265412.04235,1954887.3165,"Low (both)",NA,FALSE,FALSE,"A","none","ar6","top_33pct",0.333333333333333
"REMIND-MAgPIE 3.2-4.6","SHAPE-SSP1-1.5°C","C1","1.5C (High-Ambition)",505239.7506,2385061.44525,"Low (both)",NA,FALSE,FALSE,"A","none","ar6","top_33pct",0.333333333333333
"REMIND-MAgPIE 3.2-4.6","SHAPE-SSP1-NPi","C3","2C (Medium-Ambition)",235347.6927,1864682.121,"Low (both)",NA,FALSE,FALSE,"A","none","ar6","top_33pct",0.333333333333333
"REMIND-MAgPIE 3.2-4.6","SHAPE-SSP2-1.5°C","C2","1.5C (High-Ambition)",730235.15895,3685143.7056,"Both High",NA,FALSE,FALSE,"A","none","ar6","top_33pct",0.333333333333333
"REMIND-MAgPIE 3.2-4.6","SHAPE-SSP2-1.5°C [with Climate Change Impacts]","C2","1.5C (High-Ambition)",730738.32575,3727990.7922,"Both High",NA,FALSE,FALSE,"A","none","ar6","top_33pct",0.333333333333333
"REMIND-MAgPIE 3.2-4.6","SHAPE-SSP2-NPi","C4","2C (Medium-Ambition)",303333.6215,3124627.49885,"High-RE only","High-RE",FALSE,TRUE,"A","none","ar6","top_33pct",0.333333333333333
"REMIND-MAgPIE 3.2-4.6","SHAPE-SSP2-NPi [with Climate Change Impacts]","C4","2C (Medium-Ambition)",301668.876,3111006.47945,"High-RE only","High-RE",FALSE,TRUE,"A","none","ar6","top_33pct",0.333333333333333
"REMIND-MAgPIE 3.2.0-4.8.0","RESCUE-End-of-Century-Budget-1150","C4","2C (Medium-Ambition)",144025.28798535,3984178.71776075,"High-RE only","High-RE",FALSE,TRUE,"A","none","ar6","top_33pct",0.333333333333333
"REMIND-MAgPIE 3.2.0-4.8.0","RESCUE-End-of-Century-Budget-1150-with-OAE","C4","2C (Medium-Ambition)",119695.68348485,4156912.1036843,"High-RE only","High-RE",FALSE,TRUE,"A","none","ar6","top_33pct",0.333333333333333
"REMIND-MAgPIE 3.2.0-4.8.0","RESCUE-End-of-Century-Budget-500","C2","1.5C (High-Ambition)",337407.7551985,3939775.9237146,"High-RE only","High-RE",FALSE,TRUE,"A","none","ar6","top_33pct",0.333333333333333
"REMIND-MAgPIE 3.2.0-4.8.0","RESCUE-End-of-Century-Budget-500-with-OAE","C2","1.5C (High-Ambition)",285000.6597766,4250458.8591347,"High-RE only","High-RE",FALSE,TRUE,"A","none","ar6","top_33pct",0.333333333333333
"REMIND-MAgPIE 3.2.0-4.8.0","RESCUE-Peak-Budget-1150","C3","2C (Medium-Ambition)",88711.5289226,4241488.12267855,"High-RE only","High-RE",FALSE,TRUE,"A","none","ar6","top_33pct",0.333333333333333
"REMIND-MAgPIE 3.2.0-4.8.0","RESCUE-Peak-Budget-1150-with-OAE","C3","2C (Medium-Ambition)",90018.74695205,4239161.18393145,"High-RE only","High-RE",FALSE,TRUE,"A","none","ar6","top_33pct",0.333333333333333
"REMIND-MAgPIE 3.2.0-4.8.0","RESCUE-Peak-Budget-500","C2","1.5C (High-Ambition)",137281.7983757,3914336.7216216,"High-RE only","High-RE",FALSE,TRUE,"A","none","ar6","top_33pct",0.333333333333333
"REMIND-MAgPIE 3.2.0-4.8.0","RESCUE-Peak-Budget-500-with-OAE","C3","2C (Medium-Ambition)",130560.8475318,3924521.43202415,"High-RE only","High-RE",FALSE,TRUE,"A","none","ar6","top_33pct",0.333333333333333
"REMIND-MAgPIE 3.3-4.8","NGFS Phase 5-Below 2°C","C3","2C (Medium-Ambition)",142386.8486208,3099997.84496065,"High-RE only","High-RE",FALSE,TRUE,"A","none","ar6","top_33pct",0.333333333333333
"REMIND-MAgPIE 3.3-4.8","NGFS Phase 5-Current Policies","C4","2C (Medium-Ambition)",25518.9924592,2402907.75715255,"High-RE only","High-RE",FALSE,TRUE,"A","none","ar6","top_33pct",0.333333333333333
"REMIND-MAgPIE 3.3-4.8","NGFS Phase 5-Delayed Transition","C3","2C (Medium-Ambition)",116874.69426265,3217436.56533475,"High-RE only","High-RE",FALSE,TRUE,"A","none","ar6","top_33pct",0.333333333333333
"REMIND-MAgPIE 3.3-4.8","NGFS Phase 5-Fragmented World","C3","2C (Medium-Ambition)",66029.20389785,2626709.22237665,"High-RE only","High-RE",FALSE,TRUE,"A","none","ar6","top_33pct",0.333333333333333
"REMIND-MAgPIE 3.3-4.8","NGFS Phase 5-Low Demand","C2","1.5C (High-Ambition)",96891.12694455,2075888.37284735,"Low (both)",NA,FALSE,FALSE,"A","none","ar6","top_33pct",0.333333333333333
"REMIND-MAgPIE 3.3-4.8","NGFS Phase 5-Nationally Determined Contributions (NDCs)","C3","2C (Medium-Ambition)",115525.37677825,2848022.9568161,"High-RE only","High-RE",FALSE,TRUE,"A","none","ar6","top_33pct",0.333333333333333
"REMIND-MAgPIE 3.3-4.8","NGFS Phase 5-Net-Zero 2050","C2","1.5C (High-Ambition)",143765.55833355,3378286.77547635,"High-RE only","High-RE",FALSE,TRUE,"A","none","ar6","top_33pct",0.333333333333333
"REMIND-Transport 2.1","Transport-1100-Conventional","C3","2C (Medium-Ambition)",66401.60655,4170174.6901,"High-RE only","High-RE",FALSE,TRUE,"A","none","ar6","top_33pct",0.333333333333333
"REMIND-Transport 2.1","Transport-1100-Conventional-LowDemand","C3","2C (Medium-Ambition)",67735.6703,4107316.50075,"High-RE only","High-RE",FALSE,TRUE,"A","none","ar6","top_33pct",0.333333333333333
"REMIND-Transport 2.1","Transport-1100-Conventional-SynFuel","C3","2C (Medium-Ambition)",86464.95895,5115154.40645,"High-RE only","High-RE",FALSE,TRUE,"A","none","ar6","top_33pct",0.333333333333333
"REMIND-Transport 2.1","Transport-1100-Electrification","C3","2C (Medium-Ambition)",70068.83915,4128002.6893,"High-RE only","High-RE",FALSE,TRUE,"A","none","ar6","top_33pct",0.333333333333333
"REMIND-Transport 2.1","Transport-1100-Electrification-LowDemand","C3","2C (Medium-Ambition)",71458.15785,4042990.2901,"High-RE only","High-RE",FALSE,TRUE,"A","none","ar6","top_33pct",0.333333333333333
"REMIND-Transport 2.1","Transport-1100-H2","C3","2C (Medium-Ambition)",66413.69885,4305152.4833,"High-RE only","High-RE",FALSE,TRUE,"A","none","ar6","top_33pct",0.333333333333333
"REMIND-Transport 2.1","Transport-NDC-Conventional","C4","2C (Medium-Ambition)",90406.81235,3028446.9885,"High-RE only","High-RE",FALSE,TRUE,"A","none","ar6","top_33pct",0.333333333333333
"REMIND-Transport 2.1","Transport-NPi-Conventional","C4","2C (Medium-Ambition)",428.2745,2038017.56665,"High-RE only","High-RE",FALSE,TRUE,"A","none","ar6","top_33pct",0.333333333333333
"TIAM-ECN 1.1","ENGAGE-INDCi2030-1000","C3","2C (Medium-Ambition)",556416.895530341,690923.935989028,"High-CMT only","High-CMT",TRUE,FALSE,"A","none","ar6","top_33pct",0.333333333333333
"TIAM-ECN 1.1","ENGAGE-INDCi2030-1000-COV","C3","2C (Medium-Ambition)",581387.992322646,709203.891892007,"High-CMT only","High-CMT",TRUE,FALSE,"A","none","ar6","top_33pct",0.333333333333333
"TIAM-ECN 1.1","ENGAGE-INDCi2030-1000-NDCp","C3","2C (Medium-Ambition)",556807.769559643,693575.358128332,"High-CMT only","High-CMT",TRUE,FALSE,"A","none","ar6","top_33pct",0.333333333333333
"TIAM-ECN 1.1","ENGAGE-INDCi2030-1000f","C3","2C (Medium-Ambition)",557097.031004365,691609.277594632,"High-CMT only","High-CMT",TRUE,FALSE,"A","none","ar6","top_33pct",0.333333333333333
"TIAM-ECN 1.1","ENGAGE-INDCi2030-1000f-COV","C3","2C (Medium-Ambition)",552047.376414727,685263.487098521,"High-CMT only","High-CMT",TRUE,FALSE,"A","none","ar6","top_33pct",0.333333333333333
"TIAM-ECN 1.1","ENGAGE-INDCi2030-1000f-NDCp","C3","2C (Medium-Ambition)",556379.739566192,705941.26827766,"High-CMT only","High-CMT",TRUE,FALSE,"A","none","ar6","top_33pct",0.333333333333333
"TIAM-ECN 1.1","ENGAGE-INDCi2030-1200","C3","2C (Medium-Ambition)",522676.052688374,672007.439980189,"High-CMT only","High-CMT",TRUE,FALSE,"A","none","ar6","top_33pct",0.333333333333333
"TIAM-ECN 1.1","ENGAGE-INDCi2030-1200f","C3","2C (Medium-Ambition)",537206.882520424,682626.911987166,"High-CMT only","High-CMT",TRUE,FALSE,"A","none","ar6","top_33pct",0.333333333333333
"TIAM-ECN 1.1","ENGAGE-INDCi2030-1400","C4","2C (Medium-Ambition)",473222.736226781,647878.474377193,"High-CMT only","High-CMT",TRUE,FALSE,"A","none","ar6","top_33pct",0.333333333333333
"TIAM-ECN 1.1","ENGAGE-INDCi2030-1400f","C4","2C (Medium-Ambition)",481616.468136574,655266.675511948,"High-CMT only","High-CMT",TRUE,FALSE,"A","none","ar6","top_33pct",0.333333333333333
"TIAM-ECN 1.1","ENGAGE-INDCi2030-1600","C4","2C (Medium-Ambition)",447807.127877589,640939.919523664,"Low (both)",NA,FALSE,FALSE,"A","none","ar6","top_33pct",0.333333333333333
"TIAM-ECN 1.1","ENGAGE-INDCi2030-1600f","C3","2C (Medium-Ambition)",450073.574466195,644875.997478831,"Low (both)",NA,FALSE,FALSE,"A","none","ar6","top_33pct",0.333333333333333
"TIAM-ECN 1.1","ENGAGE-INDCi2030-2000","C3","2C (Medium-Ambition)",369543.887195233,604080.419454955,"Low (both)",NA,FALSE,FALSE,"A","none","ar6","top_33pct",0.333333333333333
"TIAM-ECN 1.1","ENGAGE-INDCi2030-2000f","C3","2C (Medium-Ambition)",369543.866662719,606133.147127771,"Low (both)",NA,FALSE,FALSE,"A","none","ar6","top_33pct",0.333333333333333
"TIAM-ECN 1.1","ENGAGE-INDCi2030-2500","C3","2C (Medium-Ambition)",207063.068663247,564175.723200626,"Low (both)",NA,FALSE,FALSE,"A","none","ar6","top_33pct",0.333333333333333
"TIAM-ECN 1.1","ENGAGE-INDCi2030-2500f","C3","2C (Medium-Ambition)",207009.750105672,563098.180483293,"Low (both)",NA,FALSE,FALSE,"A","none","ar6","top_33pct",0.333333333333333
"TIAM-ECN 1.1","ENGAGE-INDCi2030-3000","C4","2C (Medium-Ambition)",58399.9079295208,489057.258589408,"Low (both)",NA,FALSE,FALSE,"A","none","ar6","top_33pct",0.333333333333333
"TIAM-ECN 1.1","ENGAGE-INDCi2030-3000f","C4","2C (Medium-Ambition)",58440.3891219339,489483.385,"Low (both)",NA,FALSE,FALSE,"A","none","ar6","top_33pct",0.333333333333333
"TIAM-ECN 1.1","ENGAGE-INDCi2030-900","C3","2C (Medium-Ambition)",576708.142904848,701897.086874387,"High-CMT only","High-CMT",TRUE,FALSE,"A","none","ar6","top_33pct",0.333333333333333
"TIAM-ECN 1.1","ENGAGE-INDCi2030-900f","C3","2C (Medium-Ambition)",578639.448241704,701114.48292391,"High-CMT only","High-CMT",TRUE,FALSE,"A","none","ar6","top_33pct",0.333333333333333
"TIAM-ECN 1.1","ENGAGE-INDCi2100","C4","2C (Medium-Ambition)",15020.6086176742,329059.890662639,"Low (both)",NA,FALSE,FALSE,"A","none","ar6","top_33pct",0.333333333333333
"TIAM-ECN 1.1","ENGAGE-INDCi2100-COV","C4","2C (Medium-Ambition)",14662.6780259437,326270.305,"Low (both)",NA,FALSE,FALSE,"A","none","ar6","top_33pct",0.333333333333333
"TIAM-ECN 1.1","ENGAGE-INDCi2100-NDCp","C4","2C (Medium-Ambition)",17701.3693693994,334146.447839702,"Low (both)",NA,FALSE,FALSE,"A","none","ar6","top_33pct",0.333333333333333
"TIAM-ECN 1.1","ENGAGE-NPi2020-1000","C3","2C (Medium-Ambition)",540002.915823995,691112.592569936,"High-CMT only","High-CMT",TRUE,FALSE,"A","none","ar6","top_33pct",0.333333333333333
"TIAM-ECN 1.1","ENGAGE-NPi2020-1000-COV","C3","2C (Medium-Ambition)",530058.15055634,680169.45956664,"High-CMT only","High-CMT",TRUE,FALSE,"A","none","ar6","top_33pct",0.333333333333333
"TIAM-ECN 1.1","ENGAGE-NPi2020-1000f","C3","2C (Medium-Ambition)",547716.548595891,687261.909700951,"High-CMT only","High-CMT",TRUE,FALSE,"A","none","ar6","top_33pct",0.333333333333333
"TIAM-ECN 1.1","ENGAGE-NPi2020-1000f-COV","C3","2C (Medium-Ambition)",543547.022634253,675367.726076554,"High-CMT only","High-CMT",TRUE,FALSE,"A","none","ar6","top_33pct",0.333333333333333
"TIAM-ECN 1.1","ENGAGE-NPi2020-1200","C3","2C (Medium-Ambition)",515348.628013483,664153.527146803,"High-CMT only","High-CMT",TRUE,FALSE,"A","none","ar6","top_33pct",0.333333333333333
"TIAM-ECN 1.1","ENGAGE-NPi2020-1200f","C3","2C (Medium-Ambition)",525085.448336667,671168.708015093,"High-CMT only","High-CMT",TRUE,FALSE,"A","none","ar6","top_33pct",0.333333333333333
"TIAM-ECN 1.1","ENGAGE-NPi2020-1400","C4","2C (Medium-Ambition)",461136.11058913,646703.763247482,"Low (both)",NA,FALSE,FALSE,"A","none","ar6","top_33pct",0.333333333333333
"TIAM-ECN 1.1","ENGAGE-NPi2020-1400f","C4","2C (Medium-Ambition)",472385.636870008,647691.435948122,"High-CMT only","High-CMT",TRUE,FALSE,"A","none","ar6","top_33pct",0.333333333333333
"TIAM-ECN 1.1","ENGAGE-NPi2020-1600","C4","2C (Medium-Ambition)",452172.258843537,620749.757194719,"Low (both)",NA,FALSE,FALSE,"A","none","ar6","top_33pct",0.333333333333333
"TIAM-ECN 1.1","ENGAGE-NPi2020-1600f","C3","2C (Medium-Ambition)",456970.395902741,621701.728163752,"Low (both)",NA,FALSE,FALSE,"A","none","ar6","top_33pct",0.333333333333333
"TIAM-ECN 1.1","ENGAGE-NPi2020-2000","C3","2C (Medium-Ambition)",365631.763604967,600642.93903774,"Low (both)",NA,FALSE,FALSE,"A","none","ar6","top_33pct",0.333333333333333
"TIAM-ECN 1.1","ENGAGE-NPi2020-2000f","C3","2C (Medium-Ambition)",367647.358648225,604934.943689303,"Low (both)",NA,FALSE,FALSE,"A","none","ar6","top_33pct",0.333333333333333
"TIAM-ECN 1.1","ENGAGE-NPi2020-2500","C3","2C (Medium-Ambition)",214006.497796581,547041.580276953,"Low (both)",NA,FALSE,FALSE,"A","none","ar6","top_33pct",0.333333333333333
"TIAM-ECN 1.1","ENGAGE-NPi2020-2500f","C3","2C (Medium-Ambition)",214008.218369216,545996.172754981,"Low (both)",NA,FALSE,FALSE,"A","none","ar6","top_33pct",0.333333333333333
"TIAM-ECN 1.1","ENGAGE-NPi2020-3000","C4","2C (Medium-Ambition)",45035.2280709856,473591.259166842,"Low (both)",NA,FALSE,FALSE,"A","none","ar6","top_33pct",0.333333333333333
"TIAM-ECN 1.1","ENGAGE-NPi2020-3000f","C4","2C (Medium-Ambition)",45037.7869570158,474317.474511004,"Low (both)",NA,FALSE,FALSE,"A","none","ar6","top_33pct",0.333333333333333
"TIAM-ECN 1.1","ENGAGE-NPi2020-800","C3","2C (Medium-Ambition)",575248.455684609,717322.94,"High-CMT only","High-CMT",TRUE,FALSE,"A","none","ar6","top_33pct",0.333333333333333
"TIAM-ECN 1.1","ENGAGE-NPi2020-800f","C3","2C (Medium-Ambition)",580457.503094233,709301.9,"High-CMT only","High-CMT",TRUE,FALSE,"A","none","ar6","top_33pct",0.333333333333333
"TIAM-ECN 1.1","ENGAGE-NPi2020-900","C3","2C (Medium-Ambition)",556648.956451054,698422.511455936,"High-CMT only","High-CMT",TRUE,FALSE,"A","none","ar6","top_33pct",0.333333333333333
"TIAM-ECN 1.1","ENGAGE-NPi2020-900f","C3","2C (Medium-Ambition)",552920.126190524,702002.814493307,"High-CMT only","High-CMT",TRUE,FALSE,"A","none","ar6","top_33pct",0.333333333333333
"TIAM-ECN 1.1","ENGAGE-NPi2100","C4","2C (Medium-Ambition)",205.52538175354,312427.097163971,"Low (both)",NA,FALSE,FALSE,"A","none","ar6","top_33pct",0.333333333333333
"TIAM-ECN 1.1","ENGAGE-NPi2100-COV","C4","2C (Medium-Ambition)",264.568835708227,311473.198271103,"Low (both)",NA,FALSE,FALSE,"A","none","ar6","top_33pct",0.333333333333333
"WITCH 4.6","DISCRATE-Reference-dr2p","C4","2C (Medium-Ambition)",143022.338860626,NA,"Low (both)",NA,FALSE,NA,"A","none","ar6","top_33pct",0.333333333333333
"WITCH 4.6","DISCRATE-Reference-dr3p","C4","2C (Medium-Ambition)",142943.101587376,NA,"Low (both)",NA,FALSE,NA,"A","none","ar6","top_33pct",0.333333333333333
"WITCH 4.6","DISCRATE-Reference-dr4p","C4","2C (Medium-Ambition)",142949.822723836,NA,"Low (both)",NA,FALSE,NA,"A","none","ar6","top_33pct",0.333333333333333
"WITCH 4.6","DISCRATE-Reference-dr5p","C4","2C (Medium-Ambition)",143150.923362753,NA,"Low (both)",NA,FALSE,NA,"A","none","ar6","top_33pct",0.333333333333333
"WITCH 5.0","COMMIT-2°C-2020","C3","2C (Medium-Ambition)",737077.099090358,1583039.91378799,"High-CMT only","High-CMT",TRUE,FALSE,"A","none","ar6","top_33pct",0.333333333333333
"WITCH 5.0","COMMIT-2°C-2030","C3","2C (Medium-Ambition)",595273.460678176,1653849.24287679,"High-CMT only","High-CMT",TRUE,FALSE,"A","none","ar6","top_33pct",0.333333333333333
"WITCH 5.0","COMMIT-Baseline","C4","2C (Medium-Ambition)",140805.039876654,1241626.08280612,"Low (both)",NA,FALSE,FALSE,"A","none","ar6","top_33pct",0.333333333333333
"WITCH 5.0","COMMIT-Bridge","C3","2C (Medium-Ambition)",509653.283838919,3496156.34665479,"Both High",NA,FALSE,FALSE,"A","none","ar6","top_33pct",0.333333333333333
"WITCH 5.0","COMMIT-Current-Policies","C4","2C (Medium-Ambition)",140533.68862788,1225081.28589893,"Low (both)",NA,FALSE,FALSE,"A","none","ar6","top_33pct",0.333333333333333
"WITCH 5.0","COMMIT-GPP","C3","2C (Medium-Ambition)",325062.292550324,1436175.37959737,"Low (both)",NA,FALSE,FALSE,"A","none","ar6","top_33pct",0.333333333333333
"WITCH 5.0","COMMIT-NDC-2050-Convergence","C3","2C (Medium-Ambition)",258015.820546097,1386344.36195064,"Low (both)",NA,FALSE,FALSE,"A","none","ar6","top_33pct",0.333333333333333
"WITCH 5.0","COMMIT-NDCplus","C4","2C (Medium-Ambition)",171756.759013664,1324896.47278266,"Low (both)",NA,FALSE,FALSE,"A","none","ar6","top_33pct",0.333333333333333
"WITCH 5.0","ECEMF-DIAG-C400-lin","C1","1.5C (High-Ambition)",0,NA,"Low (both)",NA,FALSE,NA,"A","none","ar6","top_33pct",0.333333333333333
"WITCH 5.0","ECEMF-DIAG-NPi","C4","2C (Medium-Ambition)",0,NA,"Low (both)",NA,FALSE,NA,"A","none","ar6","top_33pct",0.333333333333333
"WITCH 5.0","ENGAGE-Feasibility-1000/Cost-Effective","C3","2C (Medium-Ambition)",512482.507491909,2015035.12954548,"Both High",NA,FALSE,FALSE,"A","none","ar6","top_33pct",0.333333333333333
"WITCH 5.0","ENGAGE-Feasibility-1000/Enablers & Institutional","C3","2C (Medium-Ambition)",421444.858060751,1112840.23568719,"Low (both)",NA,FALSE,FALSE,"A","none","ar6","top_33pct",0.333333333333333
"WITCH 5.0","ENGAGE-Feasibility-1000/Institutional","C3","2C (Medium-Ambition)",478668.597007458,1939102.82793871,"Both High",NA,FALSE,FALSE,"A","none","ar6","top_33pct",0.333333333333333
"WITCH 5.0","ENGAGE-Feasibility-1000/Technology","C3","2C (Medium-Ambition)",276800.774893071,2099682.91341504,"High-RE only","High-RE",FALSE,TRUE,"A","none","ar6","top_33pct",0.333333333333333
"WITCH 5.0","ENGAGE-Feasibility-1000/Technology & Enablers & Institutional","C3","2C (Medium-Ambition)",269171.093805521,1470978.77871123,"Low (both)",NA,FALSE,FALSE,"A","none","ar6","top_33pct",0.333333333333333
"WITCH 5.0","ENGAGE-Feasibility-1000/Technology & Institutional","C3","2C (Medium-Ambition)",272512.989443723,2113825.04668446,"High-RE only","High-RE",FALSE,TRUE,"A","none","ar6","top_33pct",0.333333333333333
"WITCH 5.0","ENGAGE-Feasibility-Maximum-Effort/Cost-Effective","C1","1.5C (High-Ambition)",512830.368130859,2051640.23840977,"High-CMT only","High-CMT",TRUE,FALSE,"A","none","ar6","top_33pct",0.333333333333333
"WITCH 5.0","ENGAGE-Feasibility-Maximum-Effort/Enablers & Institutional","C3","2C (Medium-Ambition)",421640.683685827,1160546.29885062,"Low (both)",NA,FALSE,FALSE,"A","none","ar6","top_33pct",0.333333333333333
"WITCH 5.0","ENGAGE-Feasibility-Maximum-Effort/Enablers & Institutional [Optimistic]","C3","2C (Medium-Ambition)",465843.638496086,1175995.87339739,"Low (both)",NA,FALSE,FALSE,"A","none","ar6","top_33pct",0.333333333333333
"WITCH 5.0","ENGAGE-Feasibility-Maximum-Effort/Enablers & Institutional [Pessimistic]","C3","2C (Medium-Ambition)",398210.913948264,1151633.4465033,"Low (both)",NA,FALSE,FALSE,"A","none","ar6","top_33pct",0.333333333333333
"WITCH 5.0","ENGAGE-Feasibility-Maximum-Effort/Institutional","C3","2C (Medium-Ambition)",477440.05133528,1948495.63450204,"Both High",NA,FALSE,FALSE,"A","none","ar6","top_33pct",0.333333333333333
"WITCH 5.0","ENGAGE-Feasibility-Maximum-Effort/Institutional [Optimistic]","C3","2C (Medium-Ambition)",495863.885142487,2005636.99750148,"Both High",NA,FALSE,FALSE,"A","none","ar6","top_33pct",0.333333333333333
"WITCH 5.0","ENGAGE-Feasibility-Maximum-Effort/Institutional [Pessimistic]","C3","2C (Medium-Ambition)",452509.267699922,1897519.9225449,"Low (both)",NA,FALSE,FALSE,"A","none","ar6","top_33pct",0.333333333333333
"WITCH 5.0","ENGAGE-Feasibility-Maximum-Effort/Technology","C1","1.5C (High-Ambition)",280114.813393306,2193904.38771096,"Low (both)",NA,FALSE,FALSE,"A","none","ar6","top_33pct",0.333333333333333
"WITCH 5.0","ENGAGE-Feasibility-Maximum-Effort/Technology & Enablers & Institutional","C3","2C (Medium-Ambition)",269372.609253818,1399363.88498248,"Low (both)",NA,FALSE,FALSE,"A","none","ar6","top_33pct",0.333333333333333
"WITCH 5.0","ENGAGE-Feasibility-Maximum-Effort/Technology & Enablers & Institutional [Optimistic]","C3","2C (Medium-Ambition)",273367.003273628,1431067.79805519,"Low (both)",NA,FALSE,FALSE,"A","none","ar6","top_33pct",0.333333333333333
"WITCH 5.0","ENGAGE-Feasibility-Maximum-Effort/Technology & Enablers & Institutional [Pessimistic]","C3","2C (Medium-Ambition)",256151.78774289,1244642.3960388,"Low (both)",NA,FALSE,FALSE,"A","none","ar6","top_33pct",0.333333333333333
"WITCH 5.0","ENGAGE-Feasibility-Maximum-Effort/Technology & Institutional","C3","2C (Medium-Ambition)",272512.989443723,2113825.04668446,"High-RE only","High-RE",FALSE,TRUE,"A","none","ar6","top_33pct",0.333333333333333
"WITCH 5.0","ENGAGE-Feasibility-Maximum-Effort/Technology & Institutional [Optimistic]","C3","2C (Medium-Ambition)",275861.775843149,2089034.07574143,"High-RE only","High-RE",FALSE,TRUE,"A","none","ar6","top_33pct",0.333333333333333
"WITCH 5.0","ENGAGE-Feasibility-Maximum-Effort/Technology & Institutional [Pessimistic]","C4","2C (Medium-Ambition)",264778.685657144,1918387.48164432,"Low (both)",NA,FALSE,FALSE,"A","none","ar6","top_33pct",0.333333333333333
"WITCH 5.0","ENGAGE-INDCi2030-1000","C3","2C (Medium-Ambition)",592144.710582481,1931299.68908206,"High-CMT only","High-CMT",TRUE,FALSE,"A","none","ar6","top_33pct",0.333333333333333
"WITCH 5.0","ENGAGE-INDCi2030-1000-NDCp","C3","2C (Medium-Ambition)",579066.574757262,1938834.94732775,"Both High",NA,FALSE,FALSE,"A","none","ar6","top_33pct",0.333333333333333
"WITCH 5.0","ENGAGE-INDCi2030-1000f","C3","2C (Medium-Ambition)",600972.863886615,1946406.25275075,"Both High",NA,FALSE,FALSE,"A","none","ar6","top_33pct",0.333333333333333
"WITCH 5.0","ENGAGE-INDCi2030-1000f-NDCp","C3","2C (Medium-Ambition)",591972.744481883,1944223.91161705,"Both High",NA,FALSE,FALSE,"A","none","ar6","top_33pct",0.333333333333333
"WITCH 5.0","ENGAGE-INDCi2030-1200","C4","2C (Medium-Ambition)",489859.063078767,1913084.15498313,"High-CMT only","High-CMT",TRUE,FALSE,"A","none","ar6","top_33pct",0.333333333333333
"WITCH 5.0","ENGAGE-INDCi2030-1200-NDCp","C4","2C (Medium-Ambition)",449832.105867806,1908715.67350258,"Low (both)",NA,FALSE,FALSE,"A","none","ar6","top_33pct",0.333333333333333
"WITCH 5.0","ENGAGE-INDCi2030-1200f","C4","2C (Medium-Ambition)",509975.217118785,1904548.82493364,"High-CMT only","High-CMT",TRUE,FALSE,"A","none","ar6","top_33pct",0.333333333333333
"WITCH 5.0","ENGAGE-INDCi2030-1200f-NDCp","C4","2C (Medium-Ambition)",482689.141994471,1900051.85990459,"High-CMT only","High-CMT",TRUE,FALSE,"A","none","ar6","top_33pct",0.333333333333333
"WITCH 5.0","ENGAGE-INDCi2030-1400","C4","2C (Medium-Ambition)",394614.198337317,1879620.76953311,"Low (both)",NA,FALSE,FALSE,"A","none","ar6","top_33pct",0.333333333333333
"WITCH 5.0","ENGAGE-INDCi2030-1400-NDCp","C4","2C (Medium-Ambition)",378170.160238464,1874024.59052403,"Low (both)",NA,FALSE,FALSE,"A","none","ar6","top_33pct",0.333333333333333
"WITCH 5.0","ENGAGE-INDCi2030-1400f","C4","2C (Medium-Ambition)",414442.438279049,1864785.85753015,"Low (both)",NA,FALSE,FALSE,"A","none","ar6","top_33pct",0.333333333333333
"WITCH 5.0","ENGAGE-INDCi2030-1400f-NDCp","C4","2C (Medium-Ambition)",403867.109855301,1861467.23334104,"Low (both)",NA,FALSE,FALSE,"A","none","ar6","top_33pct",0.333333333333333
"WITCH 5.0","ENGAGE-INDCi2030-1600","C3","2C (Medium-Ambition)",346746.94337777,1842673.39608753,"Low (both)",NA,FALSE,FALSE,"A","none","ar6","top_33pct",0.333333333333333
"WITCH 5.0","ENGAGE-INDCi2030-1600-NDCp","C3","2C (Medium-Ambition)",343562.858760098,1843434.63696904,"Low (both)",NA,FALSE,FALSE,"A","none","ar6","top_33pct",0.333333333333333
"WITCH 5.0","ENGAGE-INDCi2030-1600f","C3","2C (Medium-Ambition)",349514.889964837,1837781.64548892,"Low (both)",NA,FALSE,FALSE,"A","none","ar6","top_33pct",0.333333333333333
"WITCH 5.0","ENGAGE-INDCi2030-1600f-NDCp","C3","2C (Medium-Ambition)",345794.910906942,1835053.86386429,"Low (both)",NA,FALSE,FALSE,"A","none","ar6","top_33pct",0.333333333333333
"WITCH 5.0","ENGAGE-INDCi2030-1800","C3","2C (Medium-Ambition)",333840.471727011,1810005.03641182,"Low (both)",NA,FALSE,FALSE,"A","none","ar6","top_33pct",0.333333333333333
"WITCH 5.0","ENGAGE-INDCi2030-1800-NDCp","C3","2C (Medium-Ambition)",332058.820130693,1808435.86766463,"Low (both)",NA,FALSE,FALSE,"A","none","ar6","top_33pct",0.333333333333333
"WITCH 5.0","ENGAGE-INDCi2030-1800f","C3","2C (Medium-Ambition)",333840.471727011,1810005.03641182,"Low (both)",NA,FALSE,FALSE,"A","none","ar6","top_33pct",0.333333333333333
"WITCH 5.0","ENGAGE-INDCi2030-1800f-NDCp","C3","2C (Medium-Ambition)",332058.820130693,1808435.86766463,"Low (both)",NA,FALSE,FALSE,"A","none","ar6","top_33pct",0.333333333333333
"WITCH 5.0","ENGAGE-INDCi2030-2000","C3","2C (Medium-Ambition)",318423.228909691,1784238.46250091,"Low (both)",NA,FALSE,FALSE,"A","none","ar6","top_33pct",0.333333333333333
"WITCH 5.0","ENGAGE-INDCi2030-2000-NDCp","C3","2C (Medium-Ambition)",316914.396371746,1783431.11985598,"Low (both)",NA,FALSE,FALSE,"A","none","ar6","top_33pct",0.333333333333333
"WITCH 5.0","ENGAGE-INDCi2030-2000f","C3","2C (Medium-Ambition)",318423.228909691,1784238.46250091,"Low (both)",NA,FALSE,FALSE,"A","none","ar6","top_33pct",0.333333333333333
"WITCH 5.0","ENGAGE-INDCi2030-2000f-NDCp","C3","2C (Medium-Ambition)",316914.396371746,1783431.11985598,"Low (both)",NA,FALSE,FALSE,"A","none","ar6","top_33pct",0.333333333333333
"WITCH 5.0","ENGAGE-INDCi2030-2500","C3","2C (Medium-Ambition)",229976.37482885,1741819.54160173,"Low (both)",NA,FALSE,FALSE,"A","none","ar6","top_33pct",0.333333333333333
"WITCH 5.0","ENGAGE-INDCi2030-2500-NDCp","C3","2C (Medium-Ambition)",228748.898370392,1742417.43999279,"Low (both)",NA,FALSE,FALSE,"A","none","ar6","top_33pct",0.333333333333333
"WITCH 5.0","ENGAGE-INDCi2030-2500f","C3","2C (Medium-Ambition)",229976.37482885,1741819.54160173,"Low (both)",NA,FALSE,FALSE,"A","none","ar6","top_33pct",0.333333333333333
"WITCH 5.0","ENGAGE-INDCi2030-2500f-NDCp","C3","2C (Medium-Ambition)",228748.898370392,1742417.43999279,"Low (both)",NA,FALSE,FALSE,"A","none","ar6","top_33pct",0.333333333333333
"WITCH 5.0","ENGAGE-INDCi2030-3000","C4","2C (Medium-Ambition)",175139.377763301,1689452.84771022,"Low (both)",NA,FALSE,FALSE,"A","none","ar6","top_33pct",0.333333333333333
"WITCH 5.0","ENGAGE-INDCi2030-3000-NDCp","C4","2C (Medium-Ambition)",174556.16833736,1689248.41383923,"Low (both)",NA,FALSE,FALSE,"A","none","ar6","top_33pct",0.333333333333333
"WITCH 5.0","ENGAGE-INDCi2030-3000f","C4","2C (Medium-Ambition)",175139.377763301,1689452.84771022,"Low (both)",NA,FALSE,FALSE,"A","none","ar6","top_33pct",0.333333333333333
"WITCH 5.0","ENGAGE-INDCi2030-3000f-NDCp","C4","2C (Medium-Ambition)",174556.16833736,1689248.41383923,"Low (both)",NA,FALSE,FALSE,"A","none","ar6","top_33pct",0.333333333333333
"WITCH 5.0","ENGAGE-INDCi2030-500f","C2","1.5C (High-Ambition)",707606.063622978,2076305.10182192,"High-CMT only","High-CMT",TRUE,FALSE,"A","none","ar6","top_33pct",0.333333333333333
"WITCH 5.0","ENGAGE-INDCi2030-600f","C3","2C (Medium-Ambition)",707773.361040912,2048330.90813123,"Both High",NA,FALSE,FALSE,"A","none","ar6","top_33pct",0.333333333333333
"WITCH 5.0","ENGAGE-INDCi2030-600f-NDCp","C3","2C (Medium-Ambition)",706077.835426384,2045542.04288765,"Both High",NA,FALSE,FALSE,"A","none","ar6","top_33pct",0.333333333333333
"WITCH 5.0","ENGAGE-INDCi2030-700f","C3","2C (Medium-Ambition)",705458.514559409,2021548.84902833,"Both High",NA,FALSE,FALSE,"A","none","ar6","top_33pct",0.333333333333333
"WITCH 5.0","ENGAGE-INDCi2030-700f-NDCp","C3","2C (Medium-Ambition)",701656.156925429,2017415.95625836,"Both High",NA,FALSE,FALSE,"A","none","ar6","top_33pct",0.333333333333333
"WITCH 5.0","ENGAGE-INDCi2030-800","C3","2C (Medium-Ambition)",691525.258137947,1958886.87004841,"Both High",NA,FALSE,FALSE,"A","none","ar6","top_33pct",0.333333333333333
"WITCH 5.0","ENGAGE-INDCi2030-800-NDCp","C3","2C (Medium-Ambition)",683636.291322109,1966667.62220997,"Both High",NA,FALSE,FALSE,"A","none","ar6","top_33pct",0.333333333333333
"WITCH 5.0","ENGAGE-INDCi2030-800f","C3","2C (Medium-Ambition)",695659.666834993,1995146.34189213,"Both High",NA,FALSE,FALSE,"A","none","ar6","top_33pct",0.333333333333333
"WITCH 5.0","ENGAGE-INDCi2030-800f-NDCp","C3","2C (Medium-Ambition)",674625.29790305,1989945.99206379,"Both High",NA,FALSE,FALSE,"A","none","ar6","top_33pct",0.333333333333333
"WITCH 5.0","ENGAGE-INDCi2030-900","C3","2C (Medium-Ambition)",682573.068600634,1955183.29518593,"Both High",NA,FALSE,FALSE,"A","none","ar6","top_33pct",0.333333333333333
"WITCH 5.0","ENGAGE-INDCi2030-900-NDCp","C3","2C (Medium-Ambition)",632249.446490112,1938629.33978451,"Both High",NA,FALSE,FALSE,"A","none","ar6","top_33pct",0.333333333333333
"WITCH 5.0","ENGAGE-INDCi2030-900f","C3","2C (Medium-Ambition)",653776.994659416,1969054.58998868,"Both High",NA,FALSE,FALSE,"A","none","ar6","top_33pct",0.333333333333333
"WITCH 5.0","ENGAGE-INDCi2030-900f-NDCp","C3","2C (Medium-Ambition)",640385.886849264,1967034.73924381,"Both High",NA,FALSE,FALSE,"A","none","ar6","top_33pct",0.333333333333333
"WITCH 5.0","ENGAGE-INDCi2100","C4","2C (Medium-Ambition)",156632.928592149,1972281.20006105,"High-RE only","High-RE",FALSE,TRUE,"A","none","ar6","top_33pct",0.333333333333333
"WITCH 5.0","ENGAGE-INDCi2100-NDCp","C4","2C (Medium-Ambition)",173149.524058615,1730238.4840513,"Low (both)",NA,FALSE,FALSE,"A","none","ar6","top_33pct",0.333333333333333
"WITCH 5.0","ENGAGE-NPi2020-1000","C3","2C (Medium-Ambition)",492448.172834595,1906558.31720824,"High-CMT only","High-CMT",TRUE,FALSE,"A","none","ar6","top_33pct",0.333333333333333
"WITCH 5.0","ENGAGE-NPi2020-1000f","C3","2C (Medium-Ambition)",529252.186721429,1901043.86356955,"High-CMT only","High-CMT",TRUE,FALSE,"A","none","ar6","top_33pct",0.333333333333333
"WITCH 5.0","ENGAGE-NPi2020-1200","C4","2C (Medium-Ambition)",411410.430186018,1872954.35400542,"Low (both)",NA,FALSE,FALSE,"A","none","ar6","top_33pct",0.333333333333333
"WITCH 5.0","ENGAGE-NPi2020-1200f","C4","2C (Medium-Ambition)",450021.90527517,1864170.37507473,"Low (both)",NA,FALSE,FALSE,"A","none","ar6","top_33pct",0.333333333333333
"WITCH 5.0","ENGAGE-NPi2020-1400","C4","2C (Medium-Ambition)",375877.556144478,1844570.49677559,"Low (both)",NA,FALSE,FALSE,"A","none","ar6","top_33pct",0.333333333333333
"WITCH 5.0","ENGAGE-NPi2020-1400f","C4","2C (Medium-Ambition)",376586.70892626,1833142.24889882,"Low (both)",NA,FALSE,FALSE,"A","none","ar6","top_33pct",0.333333333333333
"WITCH 5.0","ENGAGE-NPi2020-1600","C4","2C (Medium-Ambition)",355628.757928791,1815533.03523178,"Low (both)",NA,FALSE,FALSE,"A","none","ar6","top_33pct",0.333333333333333
"WITCH 5.0","ENGAGE-NPi2020-1600f","C4","2C (Medium-Ambition)",356722.525329859,1810922.34125713,"Low (both)",NA,FALSE,FALSE,"A","none","ar6","top_33pct",0.333333333333333
"WITCH 5.0","ENGAGE-NPi2020-1800","C3","2C (Medium-Ambition)",340800.48912434,1787232.14450681,"Low (both)",NA,FALSE,FALSE,"A","none","ar6","top_33pct",0.333333333333333
"WITCH 5.0","ENGAGE-NPi2020-1800f","C3","2C (Medium-Ambition)",340800.48912434,1787232.14450681,"Low (both)",NA,FALSE,FALSE,"A","none","ar6","top_33pct",0.333333333333333
"WITCH 5.0","ENGAGE-NPi2020-2000","C3","2C (Medium-Ambition)",318197.186686483,1767086.45081889,"Low (both)",NA,FALSE,FALSE,"A","none","ar6","top_33pct",0.333333333333333
"WITCH 5.0","ENGAGE-NPi2020-2000f","C3","2C (Medium-Ambition)",318197.186686483,1767086.45081889,"Low (both)",NA,FALSE,FALSE,"A","none","ar6","top_33pct",0.333333333333333
"WITCH 5.0","ENGAGE-NPi2020-2500","C3","2C (Medium-Ambition)",235819.757416544,1726900.05953364,"Low (both)",NA,FALSE,FALSE,"A","none","ar6","top_33pct",0.333333333333333
"WITCH 5.0","ENGAGE-NPi2020-2500f","C3","2C (Medium-Ambition)",235819.757416544,1726900.05953364,"Low (both)",NA,FALSE,FALSE,"A","none","ar6","top_33pct",0.333333333333333
"WITCH 5.0","ENGAGE-NPi2020-3000","C4","2C (Medium-Ambition)",177029.470418248,1674029.83177153,"Low (both)",NA,FALSE,FALSE,"A","none","ar6","top_33pct",0.333333333333333
"WITCH 5.0","ENGAGE-NPi2020-3000f","C4","2C (Medium-Ambition)",177029.470418248,1674029.83177153,"Low (both)",NA,FALSE,FALSE,"A","none","ar6","top_33pct",0.333333333333333
"WITCH 5.0","ENGAGE-NPi2020-400f","C1","1.5C (High-Ambition)",717862.40877399,2031406.82033139,"High-CMT only","High-CMT",TRUE,FALSE,"A","none","ar6","top_33pct",0.333333333333333
"WITCH 5.0","ENGAGE-NPi2020-450","C1","1.5C (High-Ambition)",681009.722417185,1956414.96578647,"High-CMT only","High-CMT",TRUE,FALSE,"A","none","ar6","top_33pct",0.333333333333333
"WITCH 5.0","ENGAGE-NPi2020-450f","C1","1.5C (High-Ambition)",716159.14606136,2018026.15607597,"High-CMT only","High-CMT",TRUE,FALSE,"A","none","ar6","top_33pct",0.333333333333333
"WITCH 5.0","ENGAGE-NPi2020-500","C1","1.5C (High-Ambition)",707033.714067189,1978333.39835872,"High-CMT only","High-CMT",TRUE,FALSE,"A","none","ar6","top_33pct",0.333333333333333
"WITCH 5.0","ENGAGE-NPi2020-500f","C1","1.5C (High-Ambition)",714279.20504947,2004682.77817375,"High-CMT only","High-CMT",TRUE,FALSE,"A","none","ar6","top_33pct",0.333333333333333
"WITCH 5.0","ENGAGE-NPi2020-600","C3","2C (Medium-Ambition)",694830.491166151,1971912.17345727,"Both High",NA,FALSE,FALSE,"A","none","ar6","top_33pct",0.333333333333333
"WITCH 5.0","ENGAGE-NPi2020-600f","C3","2C (Medium-Ambition)",688228.505787906,1981062.76031422,"Both High",NA,FALSE,FALSE,"A","none","ar6","top_33pct",0.333333333333333
"WITCH 5.0","ENGAGE-NPi2020-700","C3","2C (Medium-Ambition)",647916.967816068,1940738.16820625,"Both High",NA,FALSE,FALSE,"A","none","ar6","top_33pct",0.333333333333333
"WITCH 5.0","ENGAGE-NPi2020-700f","C3","2C (Medium-Ambition)",655418.722978796,1962167.78868463,"Both High",NA,FALSE,FALSE,"A","none","ar6","top_33pct",0.333333333333333
"WITCH 5.0","ENGAGE-NPi2020-800","C3","2C (Medium-Ambition)",584140.398707835,1932264.83409627,"High-CMT only","High-CMT",TRUE,FALSE,"A","none","ar6","top_33pct",0.333333333333333
"WITCH 5.0","ENGAGE-NPi2020-800f","C3","2C (Medium-Ambition)",613078.726040061,1939982.21003165,"Both High",NA,FALSE,FALSE,"A","none","ar6","top_33pct",0.333333333333333
"WITCH 5.0","ENGAGE-NPi2020-900","C3","2C (Medium-Ambition)",534285.598231889,1924244.04351939,"High-CMT only","High-CMT",TRUE,FALSE,"A","none","ar6","top_33pct",0.333333333333333
"WITCH 5.0","ENGAGE-NPi2020-900f","C3","2C (Medium-Ambition)",571882.808505072,1920382.40806719,"High-CMT only","High-CMT",TRUE,FALSE,"A","none","ar6","top_33pct",0.333333333333333
"WITCH 5.0","ENGAGE-NPi2100","C4","2C (Medium-Ambition)",140678.387068068,1618135.9868192,"Low (both)",NA,FALSE,FALSE,"A","none","ar6","top_33pct",0.333333333333333
"WITCH 5.0","ENGAGE-NoPolicy","C4","2C (Medium-Ambition)",140839.211374606,1647963.86379762,"Low (both)",NA,FALSE,FALSE,"A","none","ar6","top_33pct",0.333333333333333
"WITCH 5.0","NAVIGATE Demand-1.5°C-act_u","C3","2C (Medium-Ambition)",427954.987479175,1877821.4315589,"Low (both)",NA,FALSE,FALSE,"A","none","ar6","top_33pct",0.333333333333333
"WITCH 5.0","NAVIGATE Demand-1.5°C-all_u","C3","2C (Medium-Ambition)",415575.087561585,1742860.45203564,"Low (both)",NA,FALSE,FALSE,"A","none","ar6","top_33pct",0.333333333333333
"WITCH 5.0","NAVIGATE Demand-1.5°C-ele_u","C3","2C (Medium-Ambition)",418646.671190666,2409610.69122907,"High-RE only","High-RE",FALSE,TRUE,"A","none","ar6","top_33pct",0.333333333333333
"WITCH 5.0","NAVIGATE Demand-1.5°C-ref","C3","2C (Medium-Ambition)",430854.737880986,2243960.15547288,"High-RE only","High-RE",FALSE,TRUE,"A","none","ar6","top_33pct",0.333333333333333
"WITCH 5.0","NAVIGATE Demand-1.5°C-tec_u","C3","2C (Medium-Ambition)",426989.857218337,1653225.77286921,"Low (both)",NA,FALSE,FALSE,"A","none","ar6","top_33pct",0.333333333333333
"WITCH 5.0","NAVIGATE Demand-2.0°C-act_u","C3","2C (Medium-Ambition)",448386.012993415,1722211.19617129,"Low (both)",NA,FALSE,FALSE,"A","none","ar6","top_33pct",0.333333333333333
"WITCH 5.0","NAVIGATE Demand-2.0°C-all_u","C4","2C (Medium-Ambition)",421384.970839564,1599259.52832877,"Low (both)",NA,FALSE,FALSE,"A","none","ar6","top_33pct",0.333333333333333
"WITCH 5.0","NAVIGATE Demand-2.0°C-ele_u","C4","2C (Medium-Ambition)",420169.893334382,2213041.67523847,"High-RE only","High-RE",FALSE,TRUE,"A","none","ar6","top_33pct",0.333333333333333
"WITCH 5.0","NAVIGATE Demand-2.0°C-ref","C3","2C (Medium-Ambition)",453239.660280604,2057839.08577372,"High-RE only","High-RE",FALSE,TRUE,"A","none","ar6","top_33pct",0.333333333333333
"WITCH 5.0","NAVIGATE Demand-2.0°C-tec_u","C3","2C (Medium-Ambition)",446230.352061111,1560316.20914795,"Low (both)",NA,FALSE,FALSE,"A","none","ar6","top_33pct",0.333333333333333
"WITCH 5.0","NAVIGATE Demand-NPi-act","C4","2C (Medium-Ambition)",187989.61093882,1488276.67023959,"Low (both)",NA,FALSE,FALSE,"A","none","ar6","top_33pct",0.333333333333333
"WITCH 5.0","NAVIGATE Demand-NPi-all","C4","2C (Medium-Ambition)",180554.187206786,1387269.68492106,"Low (both)",NA,FALSE,FALSE,"A","none","ar6","top_33pct",0.333333333333333
"WITCH 5.0","NAVIGATE Demand-NPi-ele","C4","2C (Medium-Ambition)",176899.78559622,1875026.96206966,"Low (both)",NA,FALSE,FALSE,"A","none","ar6","top_33pct",0.333333333333333
"WITCH 5.0","NAVIGATE Demand-NPi-ref","C4","2C (Medium-Ambition)",184004.870071283,1768141.8610775,"Low (both)",NA,FALSE,FALSE,"A","none","ar6","top_33pct",0.333333333333333
"WITCH 5.0","NAVIGATE Demand-NPi-tec","C4","2C (Medium-Ambition)",188199.08537318,1414972.46381649,"Low (both)",NA,FALSE,FALSE,"A","none","ar6","top_33pct",0.333333333333333
"WITCH-GLOBIOM 3.1","SSP1-19","C1","1.5C (High-Ambition)",0,NA,"Low (both)",NA,FALSE,NA,"A","none","ar6","top_33pct",0.333333333333333
"WITCH-GLOBIOM 3.1","SSP1-26","C3","2C (Medium-Ambition)",0,NA,"Low (both)",NA,FALSE,NA,"A","none","ar6","top_33pct",0.333333333333333
"WITCH-GLOBIOM 3.1","SSP1-34","C3","2C (Medium-Ambition)",0,NA,"Low (both)",NA,FALSE,NA,"A","none","ar6","top_33pct",0.333333333333333
"WITCH-GLOBIOM 3.1","SSP1-45","C4","2C (Medium-Ambition)",0,NA,"Low (both)",NA,FALSE,NA,"A","none","ar6","top_33pct",0.333333333333333
"WITCH-GLOBIOM 3.1","SSP1-Baseline","C4","2C (Medium-Ambition)",0,NA,"Low (both)",NA,FALSE,NA,"A","none","ar6","top_33pct",0.333333333333333
"WITCH-GLOBIOM 3.1","SSP2-26","C3","2C (Medium-Ambition)",0,NA,"Low (both)",NA,FALSE,NA,"A","none","ar6","top_33pct",0.333333333333333
"WITCH-GLOBIOM 3.1","SSP2-34","C3","2C (Medium-Ambition)",0,NA,"Low (both)",NA,FALSE,NA,"A","none","ar6","top_33pct",0.333333333333333
"WITCH-GLOBIOM 3.1","SSP2-45","C4","2C (Medium-Ambition)",0,NA,"Low (both)",NA,FALSE,NA,"A","none","ar6","top_33pct",0.333333333333333
"WITCH-GLOBIOM 3.1","SSP2-60","C4","2C (Medium-Ambition)",0,NA,"Low (both)",NA,FALSE,NA,"A","none","ar6","top_33pct",0.333333333333333
"WITCH-GLOBIOM 3.1","SSP2-Baseline","C4","2C (Medium-Ambition)",0,NA,"Low (both)",NA,FALSE,NA,"A","none","ar6","top_33pct",0.333333333333333
"WITCH-GLOBIOM 3.1","SSP3-34","C3","2C (Medium-Ambition)",0,NA,"Low (both)",NA,FALSE,NA,"A","none","ar6","top_33pct",0.333333333333333
"WITCH-GLOBIOM 3.1","SSP3-45","C4","2C (Medium-Ambition)",0,NA,"Low (both)",NA,FALSE,NA,"A","none","ar6","top_33pct",0.333333333333333
"WITCH-GLOBIOM 3.1","SSP3-60","C4","2C (Medium-Ambition)",0,NA,"Low (both)",NA,FALSE,NA,"A","none","ar6","top_33pct",0.333333333333333
"WITCH-GLOBIOM 3.1","SSP3-Baseline","C4","2C (Medium-Ambition)",0,NA,"Low (both)",NA,FALSE,NA,"A","none","ar6","top_33pct",0.333333333333333
"WITCH-GLOBIOM 3.1","SSP4-19","C1","1.5C (High-Ambition)",0,NA,"Low (both)",NA,FALSE,NA,"A","none","ar6","top_33pct",0.333333333333333
"WITCH-GLOBIOM 3.1","SSP4-26","C3","2C (Medium-Ambition)",0,NA,"Low (both)",NA,FALSE,NA,"A","none","ar6","top_33pct",0.333333333333333
"WITCH-GLOBIOM 3.1","SSP4-34","C3","2C (Medium-Ambition)",0,NA,"Low (both)",NA,FALSE,NA,"A","none","ar6","top_33pct",0.333333333333333
"WITCH-GLOBIOM 3.1","SSP4-45","C4","2C (Medium-Ambition)",0,NA,"Low (both)",NA,FALSE,NA,"A","none","ar6","top_33pct",0.333333333333333
"WITCH-GLOBIOM 3.1","SSP4-Baseline","C4","2C (Medium-Ambition)",0,NA,"Low (both)",NA,FALSE,NA,"A","none","ar6","top_33pct",0.333333333333333
"WITCH-GLOBIOM 3.1","SSP5-34","C3","2C (Medium-Ambition)",0,NA,"Low (both)",NA,FALSE,NA,"A","none","ar6","top_33pct",0.333333333333333
"WITCH-GLOBIOM 3.1","SSP5-45","C4","2C (Medium-Ambition)",0,NA,"Low (both)",NA,FALSE,NA,"A","none","ar6","top_33pct",0.333333333333333
"WITCH-GLOBIOM 3.1","SSP5-60","C4","2C (Medium-Ambition)",0,NA,"Low (both)",NA,FALSE,NA,"A","none","ar6","top_33pct",0.333333333333333
"WITCH-GLOBIOM 3.1","SSP5-Baseline","C4","2C (Medium-Ambition)",0,NA,"Low (both)",NA,FALSE,NA,"A","none","ar6","top_33pct",0.333333333333333
"WITCH-GLOBIOM 4.2","ADVANCE-NoPolicy","C4","2C (Medium-Ambition)",0,NA,"Low (both)",NA,FALSE,NA,"A","none","ar6","top_33pct",0.333333333333333
"WITCH-GLOBIOM 4.4","CD-LINKS-INDC2030i_1600","C3","2C (Medium-Ambition)",0,NA,"Low (both)",NA,FALSE,NA,"A","none","ar6","top_33pct",0.333333333333333
"WITCH-GLOBIOM 4.4","CD-LINKS-INDCi","C4","2C (Medium-Ambition)",0,NA,"Low (both)",NA,FALSE,NA,"A","none","ar6","top_33pct",0.333333333333333
"WITCH-GLOBIOM 4.4","CD-LINKS-NDC2030i_1000","C2","1.5C (High-Ambition)",0,NA,"Low (both)",NA,FALSE,NA,"A","none","ar6","top_33pct",0.333333333333333
"WITCH-GLOBIOM 4.4","CD-LINKS-NPi","C4","2C (Medium-Ambition)",0,NA,"Low (both)",NA,FALSE,NA,"A","none","ar6","top_33pct",0.333333333333333
"WITCH-GLOBIOM 4.4","CD-LINKS-NPi2020_1000","C1","1.5C (High-Ambition)",0,NA,"Low (both)",NA,FALSE,NA,"A","none","ar6","top_33pct",0.333333333333333
"WITCH-GLOBIOM 4.4","CD-LINKS-NPi2020_1600","C3","2C (Medium-Ambition)",0,NA,"Low (both)",NA,FALSE,NA,"A","none","ar6","top_33pct",0.333333333333333
"WITCH-GLOBIOM 4.4","CD-LINKS-NPi2020_400","C1","1.5C (High-Ambition)",0,NA,"Low (both)",NA,FALSE,NA,"A","none","ar6","top_33pct",0.333333333333333
"WITCH-GLOBIOM 4.4","CD-LINKS-No-Policy","C4","2C (Medium-Ambition)",0,NA,"Low (both)",NA,FALSE,NA,"A","none","ar6","top_33pct",0.333333333333333
"AIM/CGE V2.2","ENGAGE-NPi2100","C4","2C (Medium-Ambition)",NA,474214.8058,"Low (both)",NA,NA,FALSE,"A","none","ar6","top_33pct",0.333333333333333
"GCAM 5.2","NGFS Phase 1-Current Policies","C4","2C (Medium-Ambition)",NA,780632.99083895,"Low (both)",NA,NA,FALSE,"A","none","ar6","top_33pct",0.333333333333333
"GCAM-PR 5.3","ParisReinforce-Baseline","C4","2C (Medium-Ambition)",NA,1025430.19690842,"Low (both)",NA,NA,FALSE,"A","none","ar6","top_33pct",0.333333333333333
"IMAGE 3.2","SSP2021-SSP1-Baseline","C4","2C (Medium-Ambition)",NA,1295685.59227033,"Low (both)",NA,NA,FALSE,"A","none","ar6","top_33pct",0.333333333333333
"IMAGE 3.2","SSP2021-SSP2-Baseline","C4","2C (Medium-Ambition)",NA,778303.448932345,"Low (both)",NA,NA,FALSE,"A","none","ar6","top_33pct",0.333333333333333
"IMAGE 3.2","SSP2021-SSP3-Baseline","C4","2C (Medium-Ambition)",NA,413122.27693896,"Low (both)",NA,NA,FALSE,"A","none","ar6","top_33pct",0.333333333333333
"IMAGE 3.2","SSP2021-SSP4-Baseline","C4","2C (Medium-Ambition)",NA,953985.897897261,"Low (both)",NA,NA,FALSE,"A","none","ar6","top_33pct",0.333333333333333
"IMAGE 3.2","SSP2021-SSP5-Baseline","C4","2C (Medium-Ambition)",NA,840529.566883043,"Low (both)",NA,NA,FALSE,"A","none","ar6","top_33pct",0.333333333333333
"POLES-JRC ENGAGE","ENGAGE-Feasibility-1000/Cost-Effective","C3","2C (Medium-Ambition)",NA,2650812.15555147,"Low (both)",NA,FALSE,NA,"A","none","ar6","top_33pct",0.333333333333333
"POLES-JRC ENGAGE","ENGAGE-Feasibility-1000/Institutional","C3","2C (Medium-Ambition)",NA,2481422.49376109,"Low (both)",NA,FALSE,NA,"A","none","ar6","top_33pct",0.333333333333333
"POLES-JRC ENGAGE","ENGAGE-Feasibility-1000/Technology","C3","2C (Medium-Ambition)",NA,2678294.41913699,"Low (both)",NA,FALSE,NA,"A","none","ar6","top_33pct",0.333333333333333
"POLES-JRC ENGAGE","ENGAGE-Feasibility-1000/Technology & Enablers & Institutional","C4","2C (Medium-Ambition)",NA,2205102.52568636,"Low (both)",NA,FALSE,NA,"A","none","ar6","top_33pct",0.333333333333333
"POLES-JRC ENGAGE","ENGAGE-Feasibility-1000/Technology & Institutional","C3","2C (Medium-Ambition)",NA,2571619.72492503,"Low (both)",NA,FALSE,NA,"A","none","ar6","top_33pct",0.333333333333333
"POLES-JRC ENGAGE","ENGAGE-Feasibility-Maximum-Effort/Cost-Effective","C3","2C (Medium-Ambition)",NA,3135608.36390373,"Low (both)",NA,FALSE,NA,"A","none","ar6","top_33pct",0.333333333333333
"POLES-JRC ENGAGE","ENGAGE-Feasibility-Maximum-Effort/Institutional","C4","2C (Medium-Ambition)",NA,2493981.91322819,"Low (both)",NA,FALSE,NA,"A","none","ar6","top_33pct",0.333333333333333
"POLES-JRC ENGAGE","ENGAGE-Feasibility-Maximum-Effort/Institutional [Optimistic]","C3","2C (Medium-Ambition)",NA,2559139.04920018,"Low (both)",NA,FALSE,NA,"A","none","ar6","top_33pct",0.333333333333333
"POLES-JRC ENGAGE","ENGAGE-Feasibility-Maximum-Effort/Technology","C1","1.5C (High-Ambition)",NA,2896258.89051102,"Low (both)",NA,FALSE,NA,"A","none","ar6","top_33pct",0.333333333333333
"REMIND 2.1","LeastTotalCost-Base-brkLR15-SSP1-P50","C4","2C (Medium-Ambition)",NA,1127405.0023,"Low (both)",NA,NA,FALSE,"A","none","ar6","top_33pct",0.333333333333333
"REMIND 2.1","LeastTotalCost-Base-brkLR15-SSP2-P50","C4","2C (Medium-Ambition)",NA,1804066.36125,"Low (both)",NA,NA,FALSE,"A","none","ar6","top_33pct",0.333333333333333
"REMIND 2.1","LeastTotalCost-Base-brkLR15-SSP5-P50","C4","2C (Medium-Ambition)",NA,1104218.9035,"Low (both)",NA,NA,FALSE,"A","none","ar6","top_33pct",0.333333333333333
"REMIND 2.1","LeastTotalCost-Base-brkSR15-SSP1-P50","C4","2C (Medium-Ambition)",NA,1137348.33575,"Low (both)",NA,NA,FALSE,"A","none","ar6","top_33pct",0.333333333333333
"REMIND 2.1","LeastTotalCost-Base-brkSR15-SSP2-P50","C4","2C (Medium-Ambition)",NA,1730195.7391,"Low (both)",NA,NA,FALSE,"A","none","ar6","top_33pct",0.333333333333333
"REMIND 2.1","LeastTotalCost-Base-brkSR15-SSP5-P50","C4","2C (Medium-Ambition)",NA,1026725.41515,"Low (both)",NA,NA,FALSE,"A","none","ar6","top_33pct",0.333333333333333
"REMIND 2.1","R2p1-SSP1-Baseline","C4","2C (Medium-Ambition)",NA,1401060.5588,"Low (both)",NA,NA,FALSE,"A","none","ar6","top_33pct",0.333333333333333
"REMIND 2.1","R2p1-SSP2-Baseline","C4","2C (Medium-Ambition)",NA,2179235.47675,"Low (both)",NA,FALSE,NA,"A","none","ar6","top_33pct",0.333333333333333
"REMIND 2.1","R2p1-SSP5-Baseline","C4","2C (Medium-Ambition)",NA,1405322.30975,"Low (both)",NA,NA,FALSE,"A","none","ar6","top_33pct",0.333333333333333
"REMIND-Buildings 2.0","BEG-Baseline","C4","2C (Medium-Ambition)",NA,1890047.7282,"Low (both)",NA,NA,FALSE,"A","none","ar6","top_33pct",0.333333333333333
"REMIND-Buildings 2.0","BEG-Efficiency","C4","2C (Medium-Ambition)",NA,1554698.9767,"Low (both)",NA,NA,FALSE,"A","none","ar6","top_33pct",0.333333333333333
"REMIND-MAgPIE 2.0-4.1","Diff-NoPolicy-Baseline","C4","2C (Medium-Ambition)",NA,2161290.48285,"Low (both)",NA,FALSE,NA,"A","none","ar6","top_33pct",0.333333333333333
"REMIND-MAgPIE 2.1-4.2","NGFS Phase 2-Current Policies [IPD 95th]","C4","2C (Medium-Ambition)",NA,1455137.1037,"Low (both)",NA,NA,FALSE,"A","none","ar6","top_33pct",0.333333333333333
"REMIND-MAgPIE 2.1-4.2","NGFS Phase 2-Current Policies [IPD Median]","C4","2C (Medium-Ambition)",NA,1485446.57135,"Low (both)",NA,NA,FALSE,"A","none","ar6","top_33pct",0.333333333333333
